epoch,group,category,n,mean,std,rms90
0,energy_bin,"1-50 GeV",22369,7.443052,7.453001,5.771172
1,energy_bin,"1-50 GeV",22369,7.629955,7.671144,5.923559
2,energy_bin,"1-50 GeV",22369,0.951661,0.413861,0.277599
3,energy_bin,"1-50 GeV",22369,1.105038,0.428628,0.237428
4,energy_bin,"1-50 GeV",22369,1.218059,0.359478,0.237157
5,energy_bin,"1-50 GeV",22369,1.164645,0.26825,0.168312
6,energy_bin,"1-50 GeV",22369,1.320379,0.680344,0.419743
7,energy_bin,"1-50 GeV",22369,1.257116,0.912837,0.582774
8,energy_bin,"1-50 GeV",22369,1.431998,1.090418,0.560872
9,energy_bin,"1-50 GeV",22369,1.252753,0.788075,0.215871
10,energy_bin,"1-50 GeV",22369,1.349346,0.946773,0.423107
11,energy_bin,"1-50 GeV",22369,1.202369,0.780978,0.251061
12,energy_bin,"1-50 GeV",22369,1.441597,1.060859,0.494374
13,energy_bin,"1-50 GeV",22369,1.213953,0.674582,0.3069
14,energy_bin,"1-50 GeV",22369,1.130032,0.633614,0.227016
15,energy_bin,"1-50 GeV",22369,1.289584,0.802657,0.322843
16,energy_bin,"1-50 GeV",22369,1.362222,0.914989,0.412019
17,energy_bin,"1-50 GeV",22369,1.196266,0.710849,0.182262
18,energy_bin,"1-50 GeV",22369,1.117383,0.688817,0.212396
19,energy_bin,"1-50 GeV",22369,1.389705,1.022628,0.40907
20,energy_bin,"1-50 GeV",22369,1.162435,0.807538,0.207938
21,energy_bin,"1-50 GeV",22369,1.233935,0.825753,0.24299
22,energy_bin,"1-50 GeV",22369,1.260256,0.885559,0.286731
23,energy_bin,"1-50 GeV",22369,1.250888,0.97781,0.327484
24,energy_bin,"1-50 GeV",22369,1.323223,0.9717,0.352104
25,energy_bin,"1-50 GeV",22369,1.22582,0.90919,0.232212
26,energy_bin,"1-50 GeV",22369,1.215183,0.877679,0.249492
27,energy_bin,"1-50 GeV",22369,1.19819,0.88434,0.216126
28,energy_bin,"1-50 GeV",22369,1.25131,0.929062,0.265111
29,energy_bin,"1-50 GeV",22369,1.262211,0.953815,0.289612
30,energy_bin,"1-50 GeV",22369,1.091273,0.688307,0.208546
31,energy_bin,"1-50 GeV",22369,1.318936,0.81625,0.220641
32,energy_bin,"1-50 GeV",22369,1.166926,0.632855,0.186485
33,energy_bin,"1-50 GeV",22369,1.013375,0.692766,0.215215
34,energy_bin,"1-50 GeV",22369,1.217262,0.867322,0.254516
35,energy_bin,"1-50 GeV",22369,1.274423,0.831324,0.2691
36,energy_bin,"1-50 GeV",22369,1.226978,0.973788,0.247808
37,energy_bin,"1-50 GeV",22369,1.241035,0.846932,0.317812
38,energy_bin,"1-50 GeV",22369,1.176816,0.425984,0.247861
39,energy_bin,"1-50 GeV",22369,1.194387,0.410942,0.242724
40,energy_bin,"1-50 GeV",22369,1.26974,0.606172,0.388475
41,energy_bin,"1-50 GeV",22369,1.380523,0.819874,0.423288
42,energy_bin,"1-50 GeV",22369,1.424139,0.76783,0.526751
43,energy_bin,"1-50 GeV",22369,1.380365,0.704646,0.394658
44,energy_bin,"1-50 GeV",22369,1.130453,0.505024,0.309239
45,energy_bin,"1-50 GeV",22369,1.766848,1.610444,0.668417
46,energy_bin,"1-50 GeV",22369,1.715345,1.383601,0.681348
47,energy_bin,"1-50 GeV",22369,1.506978,1.166714,0.497752
48,energy_bin,"1-50 GeV",22369,1.743599,2.004355,0.491469
49,energy_bin,"1-50 GeV",22369,1.383643,0.716153,0.420286
50,energy_bin,"1-50 GeV",22369,1.613298,1.594464,0.512555
51,energy_bin,"1-50 GeV",22369,1.725203,1.953788,0.595715
52,energy_bin,"1-50 GeV",22369,1.695357,1.805806,0.586182
53,energy_bin,"1-50 GeV",22369,2.010116,2.927837,0.70416
54,energy_bin,"1-50 GeV",22369,2.061858,3.197194,0.652343
55,energy_bin,"1-50 GeV",22369,2.033598,2.801262,0.717403
56,energy_bin,"1-50 GeV",22369,1.907356,2.481214,0.659089
57,energy_bin,"1-50 GeV",22369,1.909566,2.892413,0.460259
58,energy_bin,"1-50 GeV",22369,2.052442,3.0163,0.661502
59,energy_bin,"1-50 GeV",22369,1.523339,1.40794,0.463019
60,energy_bin,"1-50 GeV",22369,1.709796,2.242889,0.476597
61,energy_bin,"1-50 GeV",22369,2.199657,3.023168,0.842436
62,energy_bin,"1-50 GeV",22369,1.733463,2.509185,0.399285
63,energy_bin,"1-50 GeV",22369,1.251722,1.019387,0.247841
64,energy_bin,"1-50 GeV",22369,1.734457,2.209358,0.367353
65,energy_bin,"1-50 GeV",22369,1.992052,2.21379,0.70654
66,energy_bin,"1-50 GeV",22369,1.174942,0.925875,0.213508
67,energy_bin,"1-50 GeV",22369,1.68095,2.179306,0.382246
68,energy_bin,"1-50 GeV",22369,1.478487,1.557775,0.463989
69,energy_bin,"1-50 GeV",22369,1.654664,2.033823,0.352525
70,energy_bin,"1-50 GeV",22369,1.352561,0.949801,0.33249
71,energy_bin,"1-50 GeV",22369,1.607054,1.736283,0.45038
72,energy_bin,"1-50 GeV",22369,1.456828,1.102877,0.481813
73,energy_bin,"1-50 GeV",22369,1.40835,1.543399,0.373484
74,energy_bin,"1-50 GeV",22369,1.337959,1.53679,0.350962
75,energy_bin,"1-50 GeV",22369,1.288371,0.922856,0.291997
76,energy_bin,"1-50 GeV",22369,1.456662,1.403541,0.418191
77,energy_bin,"1-50 GeV",22369,1.594029,1.972833,0.441819
78,energy_bin,"1-50 GeV",22369,1.273692,0.958746,0.315246
79,energy_bin,"1-50 GeV",22369,1.335563,1.566032,0.260539
80,energy_bin,"1-50 GeV",22369,1.304962,1.375248,0.300174
81,energy_bin,"1-50 GeV",22369,1.251401,1.244869,0.245116
82,energy_bin,"1-50 GeV",22369,1.258694,0.955732,0.267661
83,energy_bin,"1-50 GeV",22369,1.41993,1.192678,0.428001
84,energy_bin,"1-50 GeV",22369,1.460628,1.621958,0.373358
85,energy_bin,"1-50 GeV",22369,1.400714,1.358774,0.370578
86,energy_bin,"1-50 GeV",22369,1.442367,1.737634,0.361632
87,energy_bin,"1-50 GeV",22369,1.401012,1.353821,0.381825
88,energy_bin,"1-50 GeV",22369,1.326686,1.394155,0.297084
89,energy_bin,"1-50 GeV",22369,1.144193,0.882163,0.26702
90,energy_bin,"1-50 GeV",22369,1.4242,1.516097,0.351937
91,energy_bin,"1-50 GeV",22369,1.314543,1.379671,0.301557
92,energy_bin,"1-50 GeV",22369,1.381381,1.459654,0.331774
93,energy_bin,"1-50 GeV",22369,1.443562,1.423624,0.401483
94,energy_bin,"1-50 GeV",22369,1.477962,1.909171,0.343264
95,energy_bin,"1-50 GeV",22369,1.595492,2.402278,0.369281
96,energy_bin,"1-50 GeV",22369,1.350079,1.138537,0.356783
97,energy_bin,"1-50 GeV",22369,1.377459,1.357552,0.338426
98,energy_bin,"1-50 GeV",22369,1.334591,0.962423,0.335647
99,energy_bin,"1-50 GeV",22369,1.35088,1.049845,0.358553
100,energy_bin,"1-50 GeV",22369,1.536384,1.526024,0.475658
101,energy_bin,"1-50 GeV",22369,1.397622,1.105617,0.423786
102,energy_bin,"1-50 GeV",22369,1.214567,1.117282,0.232503
103,energy_bin,"1-50 GeV",22369,1.464407,1.209865,0.47336
104,energy_bin,"1-50 GeV",22369,1.33366,1.273468,0.322153
105,energy_bin,"1-50 GeV",22369,1.460874,1.558676,0.411675
106,energy_bin,"1-50 GeV",22369,1.464689,1.389163,0.413469
107,energy_bin,"1-50 GeV",22369,1.432941,1.148554,0.408352
108,energy_bin,"1-50 GeV",22369,1.316281,1.038983,0.349558
109,energy_bin,"1-50 GeV",22369,1.306413,1.211932,0.318416
110,energy_bin,"1-50 GeV",22369,1.326789,1.083136,0.326487
111,energy_bin,"1-50 GeV",22369,1.312942,1.327092,0.301669
112,energy_bin,"1-50 GeV",22369,1.581392,1.731687,0.504508
113,energy_bin,"1-50 GeV",22369,1.476503,1.469581,0.444568
114,energy_bin,"1-50 GeV",22369,1.554674,1.917695,0.403444
115,energy_bin,"1-50 GeV",22369,1.309497,1.327094,0.290427
116,energy_bin,"1-50 GeV",22369,1.487027,1.3713,0.499973
117,energy_bin,"1-50 GeV",22369,1.347339,1.587697,0.311479
118,energy_bin,"1-50 GeV",22369,1.418841,1.482512,0.394186
119,energy_bin,"1-50 GeV",22369,1.279125,1.054779,0.307064
120,energy_bin,"1-50 GeV",22369,1.35217,1.481725,0.344599
121,energy_bin,"1-50 GeV",22369,1.378461,1.370567,0.378419
122,energy_bin,"1-50 GeV",22369,1.363566,1.358976,0.369186
123,energy_bin,"1-50 GeV",22369,1.352194,1.366195,0.327336
124,energy_bin,"1-50 GeV",22369,1.358074,1.4181,0.338636
125,energy_bin,"1-50 GeV",22369,1.385353,1.357075,0.384411
126,energy_bin,"1-50 GeV",22369,1.368399,1.428317,0.370319
127,energy_bin,"1-50 GeV",22369,1.383227,1.31123,0.372066
128,energy_bin,"1-50 GeV",22369,1.459312,1.515777,0.433688
129,energy_bin,"1-50 GeV",22369,1.297548,1.333989,0.322088
130,energy_bin,"1-50 GeV",22369,1.309674,1.374685,0.319187
131,energy_bin,"1-50 GeV",22369,1.377636,1.302664,0.382415
132,energy_bin,"1-50 GeV",22369,1.357075,1.475276,0.339921
133,energy_bin,"1-50 GeV",22369,1.403686,1.327868,0.408179
134,energy_bin,"1-50 GeV",22369,1.335201,1.376733,0.332917
135,energy_bin,"1-50 GeV",22369,1.382267,1.264226,0.393122
136,energy_bin,"1-50 GeV",22369,1.331999,1.349871,0.341561
137,energy_bin,"1-50 GeV",22369,1.363329,1.553871,0.341212
138,energy_bin,"1-50 GeV",22369,1.40731,1.448901,0.396337
139,energy_bin,"1-50 GeV",22369,1.499013,1.381722,0.403626
140,energy_bin,"1-50 GeV",22369,1.348975,1.364853,0.362783
141,energy_bin,"1-50 GeV",22369,1.329181,1.279911,0.327982
142,energy_bin,"1-50 GeV",22369,1.375707,1.187473,0.395929
143,energy_bin,"1-50 GeV",22369,1.324759,1.236091,0.348945
144,energy_bin,"1-50 GeV",22369,1.334187,1.095215,0.368305
145,energy_bin,"1-50 GeV",22369,1.258579,1.362202,0.303915
146,energy_bin,"1-50 GeV",22369,1.287339,1.210902,0.310365
147,energy_bin,"1-50 GeV",22369,1.441005,1.366664,0.456865
148,energy_bin,"1-50 GeV",22369,1.306588,1.295104,0.335273
149,energy_bin,"1-50 GeV",22369,1.280215,1.392565,0.305169
150,energy_bin,"1-50 GeV",22369,1.338763,1.306121,0.369743
151,energy_bin,"1-50 GeV",22369,1.461511,1.477654,0.441064
152,energy_bin,"1-50 GeV",22369,1.217977,1.339439,0.244954
153,energy_bin,"1-50 GeV",22369,1.49159,1.763288,0.461771
154,energy_bin,"1-50 GeV",22369,1.351229,1.529034,0.342321
155,energy_bin,"1-50 GeV",22369,1.259333,1.445989,0.274205
156,energy_bin,"1-50 GeV",22369,1.170826,1.520777,0.212833
157,energy_bin,"1-50 GeV",22369,1.364769,1.395589,0.338181
158,energy_bin,"1-50 GeV",22369,1.281027,1.518392,0.30612
159,energy_bin,"1-50 GeV",22369,1.318593,1.555474,0.32065
160,energy_bin,"1-50 GeV",22369,1.500833,1.861155,0.460493
161,energy_bin,"1-50 GeV",22369,1.345319,1.483838,0.340347
162,energy_bin,"1-50 GeV",22369,1.371204,1.686582,0.356806
163,energy_bin,"1-50 GeV",22369,1.356674,1.56082,0.346579
164,energy_bin,"1-50 GeV",22369,1.340958,1.414055,0.357369
165,energy_bin,"1-50 GeV",22369,1.3699,1.443678,0.358788
166,energy_bin,"1-50 GeV",22369,1.28914,1.476609,0.300428
167,energy_bin,"1-50 GeV",22369,1.372528,1.294732,0.369991
168,energy_bin,"1-50 GeV",22369,1.368606,1.607326,0.355313
169,energy_bin,"1-50 GeV",22369,1.454905,1.518366,0.453669
170,energy_bin,"1-50 GeV",22369,1.386477,1.575751,0.379648
171,energy_bin,"1-50 GeV",22369,1.360077,1.521695,0.354558
172,energy_bin,"1-50 GeV",22369,1.360252,1.611612,0.344296
173,energy_bin,"1-50 GeV",22369,1.357371,1.629676,0.342218
174,energy_bin,"1-50 GeV",22369,1.35484,1.5328,0.366067
175,energy_bin,"1-50 GeV",22369,1.331139,1.549943,0.32613
176,energy_bin,"1-50 GeV",22369,1.41477,1.688072,0.400233
177,energy_bin,"1-50 GeV",22369,1.429147,1.667917,0.414646
178,energy_bin,"1-50 GeV",22369,1.392515,1.665347,0.38627
179,energy_bin,"1-50 GeV",22369,1.359943,1.556924,0.36128
180,energy_bin,"1-50 GeV",22369,1.40055,1.671223,0.3847
181,energy_bin,"1-50 GeV",22369,1.389882,1.659096,0.376378
182,energy_bin,"1-50 GeV",22369,1.369041,1.552177,0.367896
183,energy_bin,"1-50 GeV",22369,1.385608,1.639158,0.371764
184,energy_bin,"1-50 GeV",22369,1.328113,1.603302,0.32722
185,energy_bin,"1-50 GeV",22369,1.368136,1.622621,0.369986
186,energy_bin,"1-50 GeV",22369,1.38549,1.554022,0.372473
187,energy_bin,"1-50 GeV",22369,1.262403,1.59566,0.28857
188,energy_bin,"1-50 GeV",22369,1.343548,1.463379,0.350014
189,energy_bin,"1-50 GeV",22369,1.299425,1.547176,0.315211
190,energy_bin,"1-50 GeV",22369,1.320187,1.457722,0.326747
191,energy_bin,"1-50 GeV",22369,1.371291,1.559016,0.374018
192,energy_bin,"1-50 GeV",22369,1.370411,1.547949,0.374155
193,energy_bin,"1-50 GeV",22369,1.334184,1.531103,0.331383
194,energy_bin,"1-50 GeV",22369,1.29395,1.609283,0.324821
195,energy_bin,"1-50 GeV",22369,1.344152,1.437364,0.348865
196,energy_bin,"1-50 GeV",22369,1.402279,1.599039,0.40492
197,energy_bin,"1-50 GeV",22369,1.392724,1.396858,0.442058
198,energy_bin,"1-50 GeV",22369,1.31387,1.564486,0.341658
199,energy_bin,"1-50 GeV",22369,1.349129,1.44803,0.361122
200,energy_bin,"1-50 GeV",22369,1.350834,1.426291,0.343389
201,energy_bin,"1-50 GeV",22369,1.271712,1.567188,0.276155
202,energy_bin,"1-50 GeV",22369,1.348646,1.733927,0.329816
203,energy_bin,"1-50 GeV",22369,1.305525,1.62818,0.303882
204,energy_bin,"1-50 GeV",22369,1.390796,1.585522,0.380082
205,energy_bin,"1-50 GeV",22369,1.477937,1.411101,0.454523
206,energy_bin,"1-50 GeV",22369,1.327247,1.642063,0.321197
207,energy_bin,"1-50 GeV",22369,1.357896,1.430431,0.337054
208,energy_bin,"1-50 GeV",22369,1.402504,1.297093,0.386924
209,energy_bin,"1-50 GeV",22369,1.414384,1.464965,0.400697
210,energy_bin,"1-50 GeV",22369,1.390932,1.499914,0.376125
211,energy_bin,"1-50 GeV",22369,1.406789,1.327511,0.414685
212,energy_bin,"1-50 GeV",22369,1.43377,1.513203,0.432447
213,energy_bin,"1-50 GeV",22369,1.35845,1.572568,0.344096
214,energy_bin,"1-50 GeV",22369,1.366208,1.480971,0.360567
215,energy_bin,"1-50 GeV",22369,1.330345,1.506226,0.334543
216,energy_bin,"1-50 GeV",22369,1.345294,1.691675,0.3301
217,energy_bin,"1-50 GeV",22369,1.360678,1.626733,0.350674
218,energy_bin,"1-50 GeV",22369,1.375562,1.496507,0.383054
219,energy_bin,"1-50 GeV",22369,1.290512,1.544062,0.311684
220,energy_bin,"1-50 GeV",22369,1.4132,1.725744,0.395994
221,energy_bin,"1-50 GeV",22369,1.409141,1.601578,0.403289
222,energy_bin,"1-50 GeV",22369,1.374048,1.572691,0.366805
223,energy_bin,"1-50 GeV",22369,1.323662,1.535942,0.321041
224,energy_bin,"1-50 GeV",22369,1.385288,1.608241,0.365145
225,energy_bin,"1-50 GeV",22369,1.580067,2.065938,0.519942
226,energy_bin,"1-50 GeV",22369,1.36345,1.482433,0.365231
227,energy_bin,"1-50 GeV",22369,1.415525,1.594187,0.390843
228,energy_bin,"1-50 GeV",22369,1.39157,1.520531,0.379423
229,energy_bin,"1-50 GeV",22369,1.382814,1.495536,0.370228
230,energy_bin,"1-50 GeV",22369,1.359467,1.464901,0.341692
231,energy_bin,"1-50 GeV",22369,1.19038,1.261913,0.318628
232,energy_bin,"1-50 GeV",22369,1.381188,1.471397,0.377866
233,energy_bin,"1-50 GeV",22369,1.371106,1.382923,0.382352
234,energy_bin,"1-50 GeV",22369,1.377001,1.393257,0.368433
235,energy_bin,"1-50 GeV",22369,1.366843,1.47868,0.363809
236,energy_bin,"1-50 GeV",22369,1.348512,1.382273,0.351974
237,energy_bin,"1-50 GeV",22369,1.185506,1.876861,0.261974
238,energy_bin,"1-50 GeV",22369,1.326752,1.610466,0.330016
239,energy_bin,"1-50 GeV",22369,1.409642,1.780259,0.388704
240,energy_bin,"1-50 GeV",22369,1.381297,1.793648,0.361419
241,energy_bin,"1-50 GeV",22369,1.283817,1.596088,0.296976
242,energy_bin,"1-50 GeV",22369,1.424905,1.603542,0.373765
243,energy_bin,"1-50 GeV",22369,1.409884,1.49625,0.409456
244,energy_bin,"1-50 GeV",22369,1.359592,1.267571,0.360572
245,energy_bin,"1-50 GeV",22369,1.460777,1.575216,0.430486
246,energy_bin,"1-50 GeV",22369,1.413601,1.36502,0.408452
247,energy_bin,"1-50 GeV",22369,1.342317,1.565646,0.358066
248,energy_bin,"1-50 GeV",22369,1.498868,1.686473,0.460356
249,energy_bin,"1-50 GeV",22369,1.298466,1.385556,0.32387
250,energy_bin,"1-50 GeV",22369,1.327164,1.577232,0.329645
251,energy_bin,"1-50 GeV",22369,1.504743,1.496271,0.471564
252,energy_bin,"1-50 GeV",22369,1.531128,1.664644,0.491335
253,energy_bin,"1-50 GeV",22369,1.406929,1.408955,0.393805
254,energy_bin,"1-50 GeV",22369,1.349634,1.533187,0.345426
255,energy_bin,"1-50 GeV",22369,1.330322,1.379624,0.343535
256,energy_bin,"1-50 GeV",22369,1.432451,1.651533,0.418378
257,energy_bin,"1-50 GeV",22369,1.399405,1.611375,0.387824
258,energy_bin,"1-50 GeV",22369,1.31727,1.609926,0.31735
259,energy_bin,"1-50 GeV",22369,1.413667,1.729712,0.400371
260,energy_bin,"1-50 GeV",22369,1.317251,1.488049,0.339508
261,energy_bin,"1-50 GeV",22369,1.387753,1.584045,0.396024
262,energy_bin,"1-50 GeV",22369,1.299111,1.609776,0.304036
263,energy_bin,"1-50 GeV",22369,1.460917,1.656184,0.417437
264,energy_bin,"1-50 GeV",22369,1.364743,1.684636,0.366652
265,energy_bin,"1-50 GeV",22369,1.39851,1.574967,0.388043
266,energy_bin,"1-50 GeV",22369,1.424624,1.605992,0.408777
267,energy_bin,"1-50 GeV",22369,1.388917,1.473121,0.369281
268,energy_bin,"1-50 GeV",22369,1.369574,1.480409,0.368513
269,energy_bin,"1-50 GeV",22369,1.388712,1.726472,0.38407
270,energy_bin,"1-50 GeV",22369,1.42559,1.55629,0.410816
271,energy_bin,"1-50 GeV",22369,1.444057,1.518477,0.42808
272,energy_bin,"1-50 GeV",22369,1.358657,1.310121,0.348655
273,energy_bin,"1-50 GeV",22369,1.321233,1.410512,0.308883
274,energy_bin,"1-50 GeV",22369,1.419991,1.602933,0.394135
275,energy_bin,"1-50 GeV",22369,1.372551,1.478711,0.369146
276,energy_bin,"1-50 GeV",22369,1.319751,1.262831,0.334867
277,energy_bin,"1-50 GeV",22369,1.337365,1.400825,0.337622
278,energy_bin,"1-50 GeV",22369,1.410556,1.552841,0.374815
279,energy_bin,"1-50 GeV",22369,1.398433,1.535336,0.381746
280,energy_bin,"1-50 GeV",22369,1.410696,1.591284,0.392731
281,energy_bin,"1-50 GeV",22369,1.415549,1.641552,0.383906
282,energy_bin,"1-50 GeV",22369,1.366715,1.455731,0.35233
283,energy_bin,"1-50 GeV",22369,1.35168,1.33572,0.350095
284,energy_bin,"1-50 GeV",22369,1.363085,1.461302,0.357078
285,energy_bin,"1-50 GeV",22369,1.378291,1.452996,0.369631
286,energy_bin,"1-50 GeV",22369,1.44174,1.782976,0.411519
287,energy_bin,"1-50 GeV",22369,1.37634,1.485384,0.363785
288,energy_bin,"1-50 GeV",22369,1.407319,1.590444,0.398408
289,energy_bin,"1-50 GeV",22369,1.294185,1.956646,0.304604
290,energy_bin,"1-50 GeV",22369,1.417328,1.675157,0.380074
291,energy_bin,"1-50 GeV",22369,1.240647,1.643295,0.376898
292,energy_bin,"1-50 GeV",22369,1.398777,1.616742,0.382533
293,energy_bin,"1-50 GeV",22369,1.375674,1.630167,0.368923
294,energy_bin,"1-50 GeV",22369,1.373894,1.578214,0.361444
295,energy_bin,"1-50 GeV",22369,1.395672,1.950182,0.363279
296,energy_bin,"1-50 GeV",22369,1.367406,1.867906,0.364336
297,energy_bin,"1-50 GeV",22369,1.405193,1.747864,0.374077
298,energy_bin,"1-50 GeV",22369,1.429901,1.735556,0.405029
299,energy_bin,"1-50 GeV",22369,1.377163,1.851326,0.365778
300,energy_bin,"1-50 GeV",22369,1.350756,1.646426,0.332992
301,energy_bin,"1-50 GeV",22369,1.368657,1.715883,0.352058
302,energy_bin,"1-50 GeV",22369,1.470744,1.738163,0.428799
303,energy_bin,"1-50 GeV",22369,1.444038,1.652278,0.440095
304,energy_bin,"1-50 GeV",22369,1.390456,1.649139,0.363858
305,energy_bin,"1-50 GeV",22369,1.310852,1.564365,0.330543
306,energy_bin,"1-50 GeV",22369,1.462591,1.790559,0.418092
307,energy_bin,"1-50 GeV",22369,1.36127,1.680363,0.359299
308,energy_bin,"1-50 GeV",22369,1.42734,1.693707,0.394984
309,energy_bin,"1-50 GeV",22369,1.417165,1.872634,0.376713
310,energy_bin,"1-50 GeV",22369,1.368399,1.578978,0.365847
311,energy_bin,"1-50 GeV",22369,1.478632,1.844631,0.438805
312,energy_bin,"1-50 GeV",22369,1.406434,1.685503,0.384894
313,energy_bin,"1-50 GeV",22369,1.410711,1.780684,0.391667
314,energy_bin,"1-50 GeV",22369,1.370026,1.467113,0.351117
315,energy_bin,"1-50 GeV",22369,1.409526,1.534142,0.393358
316,energy_bin,"1-50 GeV",22369,1.336013,1.300471,0.338686
317,energy_bin,"1-50 GeV",22369,1.384075,1.506108,0.374248
318,energy_bin,"1-50 GeV",22369,1.413769,1.749241,0.395484
319,energy_bin,"1-50 GeV",22369,1.469104,1.70672,0.423307
320,energy_bin,"1-50 GeV",22369,1.444743,1.779751,0.416471
321,energy_bin,"1-50 GeV",22369,1.447694,1.774286,0.416569
322,energy_bin,"1-50 GeV",22369,1.415095,1.882739,0.364964
323,energy_bin,"1-50 GeV",22369,1.382572,1.662854,0.378384
324,energy_bin,"1-50 GeV",22369,1.333736,1.754653,0.335415
325,energy_bin,"1-50 GeV",22369,1.414218,1.751864,0.392199
326,energy_bin,"1-50 GeV",22369,1.401868,1.711413,0.370155
327,energy_bin,"1-50 GeV",22369,1.427538,1.87719,0.388369
328,energy_bin,"1-50 GeV",22369,1.390313,1.655083,0.381775
329,energy_bin,"1-50 GeV",22369,1.403415,1.665308,0.392436
330,energy_bin,"1-50 GeV",22369,1.441741,1.79853,0.398271
331,energy_bin,"1-50 GeV",22369,1.4557,2.001015,0.412569
332,energy_bin,"1-50 GeV",22369,1.378221,1.906171,0.360637
333,energy_bin,"1-50 GeV",22369,1.412774,1.8789,0.398168
334,energy_bin,"1-50 GeV",22369,1.428778,1.820383,0.3941
335,energy_bin,"1-50 GeV",22369,1.415081,1.884605,0.386851
336,energy_bin,"1-50 GeV",22369,1.414322,1.897173,0.379746
337,energy_bin,"1-50 GeV",22369,1.397969,1.856972,0.380058
338,energy_bin,"1-50 GeV",22369,1.460571,1.851591,0.425625
339,energy_bin,"1-50 GeV",22369,1.456528,1.964095,0.416012
340,energy_bin,"1-50 GeV",22369,1.433481,1.857958,0.407778
341,energy_bin,"1-50 GeV",22369,1.426102,1.77199,0.390771
342,energy_bin,"1-50 GeV",22369,1.387244,1.62654,0.358324
343,energy_bin,"1-50 GeV",22369,1.491671,1.842269,0.435196
344,energy_bin,"1-50 GeV",22369,1.445199,1.82013,0.39152
345,energy_bin,"1-50 GeV",22369,1.439402,1.814557,0.405932
346,energy_bin,"1-50 GeV",22369,1.49191,1.704143,0.443157
347,energy_bin,"1-50 GeV",22369,1.39438,1.79568,0.364377
348,energy_bin,"1-50 GeV",22369,1.424695,1.830973,0.386569
349,energy_bin,"1-50 GeV",22369,1.390282,1.628703,0.375981
350,energy_bin,"1-50 GeV",22369,1.419823,1.777417,0.395455
351,energy_bin,"1-50 GeV",22369,1.401656,1.781717,0.388591
352,energy_bin,"1-50 GeV",22369,1.43175,1.805706,0.39957
353,energy_bin,"1-50 GeV",22369,1.452918,1.853075,0.406137
354,energy_bin,"1-50 GeV",22369,1.456555,1.832855,0.421401
355,energy_bin,"1-50 GeV",22369,1.433214,1.756134,0.398979
356,energy_bin,"1-50 GeV",22369,1.453075,1.692753,0.425187
357,energy_bin,"1-50 GeV",22369,1.404242,1.731242,0.379586
358,energy_bin,"1-50 GeV",22369,1.448861,1.935819,0.406013
359,energy_bin,"1-50 GeV",22369,1.431247,1.61228,0.389281
360,energy_bin,"1-50 GeV",22369,1.423721,1.602893,0.388956
361,energy_bin,"1-50 GeV",22369,1.375833,1.577706,0.363202
362,energy_bin,"1-50 GeV",22369,1.428104,1.664966,0.399311
363,energy_bin,"1-50 GeV",22369,1.4025,1.662293,0.398857
364,energy_bin,"1-50 GeV",22369,1.509181,1.818925,0.462759
365,energy_bin,"1-50 GeV",22369,1.392726,1.703973,0.383532
366,energy_bin,"1-50 GeV",22369,1.42777,1.779145,0.399684
367,energy_bin,"1-50 GeV",22369,1.412253,1.663246,0.38744
368,energy_bin,"1-50 GeV",22369,1.425913,1.90724,0.382917
369,energy_bin,"1-50 GeV",22369,1.421994,2.080579,0.380073
370,energy_bin,"1-50 GeV",22369,1.362463,1.722098,0.338404
371,energy_bin,"1-50 GeV",22369,1.378385,1.825177,0.374649
372,energy_bin,"1-50 GeV",22369,1.454173,1.971438,0.3979
373,energy_bin,"1-50 GeV",22369,1.460636,1.807196,0.429695
374,energy_bin,"1-50 GeV",22369,1.365156,2.009519,0.331787
375,energy_bin,"1-50 GeV",22369,1.401487,1.729347,0.381583
376,energy_bin,"1-50 GeV",22369,1.405393,1.75776,0.392287
377,energy_bin,"1-50 GeV",22369,1.419707,2.061411,0.365397
378,energy_bin,"1-50 GeV",22369,1.475937,2.091552,0.430561
379,energy_bin,"1-50 GeV",22369,1.449643,1.922769,0.408629
380,energy_bin,"1-50 GeV",22369,1.439523,1.780263,0.397987
381,energy_bin,"1-50 GeV",22369,1.28341,1.753248,0.331087
382,energy_bin,"1-50 GeV",22369,1.40387,1.853818,0.375621
383,energy_bin,"1-50 GeV",22369,1.435526,1.786265,0.419687
384,energy_bin,"1-50 GeV",22369,1.48691,1.855296,0.444836
385,energy_bin,"1-50 GeV",22369,1.437567,1.803598,0.406604
386,energy_bin,"1-50 GeV",22369,1.400285,1.809462,0.373548
387,energy_bin,"1-50 GeV",22369,1.392544,1.712078,0.375492
388,energy_bin,"1-50 GeV",22369,1.39031,1.882913,0.359945
389,energy_bin,"1-50 GeV",22369,1.484977,1.841258,0.424671
390,energy_bin,"1-50 GeV",22369,1.439337,2.076531,0.386959
391,energy_bin,"1-50 GeV",22369,1.400558,2.008605,0.358942
392,energy_bin,"1-50 GeV",22369,1.493214,1.852983,0.444044
393,energy_bin,"1-50 GeV",22369,1.413285,1.779092,0.386719
394,energy_bin,"1-50 GeV",22369,1.446692,1.939269,0.423419
395,energy_bin,"1-50 GeV",22369,1.409289,1.838946,0.384598
396,energy_bin,"1-50 GeV",22369,1.507914,2.035905,0.443019
397,energy_bin,"1-50 GeV",22369,1.519413,2.012621,0.45374
398,energy_bin,"1-50 GeV",22369,1.443735,1.909607,0.390673
399,energy_bin,"1-50 GeV",22369,1.40746,1.82769,0.378487
400,energy_bin,"1-50 GeV",22369,1.465546,1.892521,0.411564
401,energy_bin,"1-50 GeV",22369,1.464017,1.797079,0.41644
402,energy_bin,"1-50 GeV",22369,1.451848,1.804956,0.401663
403,energy_bin,"1-50 GeV",22369,1.475389,1.873226,0.414529
404,energy_bin,"1-50 GeV",22369,1.4841,1.746442,0.42921
405,energy_bin,"1-50 GeV",22369,1.498037,1.89024,0.430549
406,energy_bin,"1-50 GeV",22369,1.45763,1.883934,0.420992
407,energy_bin,"1-50 GeV",22369,1.442361,1.925101,0.385908
408,energy_bin,"1-50 GeV",22369,1.416876,1.880866,0.377877
409,energy_bin,"1-50 GeV",22369,1.409936,1.76476,0.362618
410,energy_bin,"1-50 GeV",22369,1.507799,1.908115,0.451586
411,energy_bin,"1-50 GeV",22369,1.549199,1.763233,0.474666
412,energy_bin,"1-50 GeV",22369,1.434784,1.818231,0.389539
413,energy_bin,"1-50 GeV",22369,1.421,1.844697,0.378611
414,energy_bin,"1-50 GeV",22369,1.526034,1.899072,0.454013
415,energy_bin,"1-50 GeV",22369,1.408909,1.669403,0.374024
416,energy_bin,"1-50 GeV",22369,1.524748,2.065009,0.454128
417,energy_bin,"1-50 GeV",22369,1.445302,1.766003,0.402038
418,energy_bin,"1-50 GeV",22369,1.43357,1.713475,0.397212
419,energy_bin,"1-50 GeV",22369,1.503327,2.090083,0.431819
420,energy_bin,"1-50 GeV",22369,1.456377,1.78965,0.400499
421,energy_bin,"1-50 GeV",22369,1.435277,1.781076,0.38192
422,energy_bin,"1-50 GeV",22369,1.611699,1.906337,0.523843
423,energy_bin,"1-50 GeV",22369,1.47037,1.727516,0.420379
424,energy_bin,"1-50 GeV",22369,1.460649,1.863301,0.406908
425,energy_bin,"1-50 GeV",22369,1.435784,1.7069,0.404095
426,energy_bin,"1-50 GeV",22369,1.435975,1.766871,0.396179
427,energy_bin,"1-50 GeV",22369,1.500078,1.941939,0.434662
428,energy_bin,"1-50 GeV",22369,1.482421,1.943939,0.439075
429,energy_bin,"1-50 GeV",22369,1.451399,1.737723,0.414002
430,energy_bin,"1-50 GeV",22369,1.456611,1.818181,0.410833
431,energy_bin,"1-50 GeV",22369,1.491252,1.931878,0.425829
432,energy_bin,"1-50 GeV",22369,1.419324,1.757052,0.386651
433,energy_bin,"1-50 GeV",22369,1.542457,1.710942,0.4577
434,energy_bin,"1-50 GeV",22369,1.437133,1.770862,0.383652
435,energy_bin,"1-50 GeV",22369,1.463072,1.747295,0.426821
436,energy_bin,"1-50 GeV",22369,1.448235,1.916731,0.414539
437,energy_bin,"1-50 GeV",22369,1.477527,1.785281,0.40923
438,energy_bin,"1-50 GeV",22369,1.478684,1.840586,0.418348
439,energy_bin,"1-50 GeV",22369,1.443909,1.903552,0.390935
440,energy_bin,"1-50 GeV",22369,1.410151,1.750417,0.381483
441,energy_bin,"1-50 GeV",22369,1.450216,1.789334,0.389205
442,energy_bin,"1-50 GeV",22369,1.488076,1.768039,0.42534
443,energy_bin,"1-50 GeV",22369,1.46734,1.838295,0.413303
444,energy_bin,"1-50 GeV",22369,1.464201,1.71329,0.418117
445,energy_bin,"1-50 GeV",22369,1.578906,1.915717,0.492637
446,energy_bin,"1-50 GeV",22369,1.463543,1.853898,0.425714
447,energy_bin,"1-50 GeV",22369,1.490695,1.766073,0.428526
448,energy_bin,"1-50 GeV",22369,1.454289,1.825786,0.407142
449,energy_bin,"1-50 GeV",22369,1.37731,1.663546,0.33856
450,energy_bin,"1-50 GeV",22369,1.489497,1.773511,0.426785
451,energy_bin,"1-50 GeV",22369,1.489658,1.857369,0.42129
452,energy_bin,"1-50 GeV",22369,1.480125,1.713679,0.417243
453,energy_bin,"1-50 GeV",22369,1.503527,1.820275,0.443534
454,energy_bin,"1-50 GeV",22369,1.388793,1.657378,0.351857
455,energy_bin,"1-50 GeV",22369,1.503695,1.866397,0.443408
456,energy_bin,"1-50 GeV",22369,1.065046,1.664905,0.309604
457,energy_bin,"1-50 GeV",22369,1.482873,1.852326,0.416291
458,energy_bin,"1-50 GeV",22369,1.459949,1.706215,0.417127
459,energy_bin,"1-50 GeV",22369,1.434132,1.798697,0.410665
460,energy_bin,"1-50 GeV",22369,1.510013,1.895014,0.448671
461,energy_bin,"1-50 GeV",22369,1.449611,1.576042,0.400818
462,energy_bin,"1-50 GeV",22369,1.484327,1.71506,0.434142
463,energy_bin,"1-50 GeV",22369,1.476083,1.682825,0.415211
464,energy_bin,"1-50 GeV",22369,1.462581,1.654181,0.417128
465,energy_bin,"1-50 GeV",22369,1.430476,1.728872,0.398357
466,energy_bin,"1-50 GeV",22369,1.454954,1.810765,0.409555
467,energy_bin,"1-50 GeV",22369,1.424338,1.643515,0.372165
468,energy_bin,"1-50 GeV",22369,1.513554,1.845707,0.449702
469,energy_bin,"1-50 GeV",22369,1.509884,1.789934,0.453092
470,energy_bin,"1-50 GeV",22369,1.485021,1.748853,0.425422
471,energy_bin,"1-50 GeV",22369,1.522715,1.823907,0.453557
472,energy_bin,"1-50 GeV",22369,1.545451,1.906037,0.46681
473,energy_bin,"1-50 GeV",22369,1.518237,1.951838,0.453149
474,energy_bin,"1-50 GeV",22369,1.444949,1.746229,0.404698
475,energy_bin,"1-50 GeV",22369,1.45346,1.66313,0.405623
476,energy_bin,"1-50 GeV",22369,1.449304,1.712432,0.402526
477,energy_bin,"1-50 GeV",22369,1.483962,1.806988,0.437637
478,energy_bin,"1-50 GeV",22369,1.458245,1.691502,0.413769
479,energy_bin,"1-50 GeV",22369,1.469036,1.760092,0.414671
480,energy_bin,"1-50 GeV",22369,1.462744,1.636561,0.410889
481,energy_bin,"1-50 GeV",22369,1.442249,1.674171,0.407382
482,energy_bin,"1-50 GeV",22369,1.475753,1.805183,0.428086
483,energy_bin,"1-50 GeV",22369,1.480271,1.793926,0.436874
484,energy_bin,"1-50 GeV",22369,1.488829,1.854912,0.44699
485,energy_bin,"1-50 GeV",22369,1.47762,1.636453,0.430659
486,energy_bin,"1-50 GeV",22369,1.434924,1.762825,0.391039
487,energy_bin,"1-50 GeV",22369,1.481273,1.739416,0.412703
488,energy_bin,"1-50 GeV",22369,1.475024,1.697654,0.418723
489,energy_bin,"1-50 GeV",22369,1.521829,1.804327,0.449567
490,energy_bin,"1-50 GeV",22369,1.564937,1.848333,0.48372
491,energy_bin,"1-50 GeV",22369,1.499536,1.766483,0.444273
492,energy_bin,"1-50 GeV",22369,1.458639,1.748277,0.412078
493,energy_bin,"1-50 GeV",22369,1.504641,1.718747,0.44606
494,energy_bin,"1-50 GeV",22369,1.491764,1.723215,0.439222
495,energy_bin,"1-50 GeV",22369,1.471111,1.762704,0.425171
496,energy_bin,"1-50 GeV",22369,1.487545,1.774483,0.439759
497,energy_bin,"1-50 GeV",22369,1.506837,1.809399,0.439487
498,energy_bin,"1-50 GeV",22369,1.459468,1.741496,0.413888
499,energy_bin,"1-50 GeV",22369,1.458935,1.771941,0.417629
0,energy_bin,"50-150 GeV",21867,5.146999,4.69868,3.997104
1,energy_bin,"50-150 GeV",21867,5.204464,4.768149,4.049457
2,energy_bin,"50-150 GeV",21867,0.810177,0.312598,0.292935
3,energy_bin,"50-150 GeV",21867,0.780028,0.310154,0.298436
4,energy_bin,"50-150 GeV",21867,0.830047,0.254114,0.198512
5,energy_bin,"50-150 GeV",21867,0.878764,0.250309,0.236192
6,energy_bin,"50-150 GeV",21867,0.8545,0.251248,0.238204
7,energy_bin,"50-150 GeV",21867,0.820444,0.234525,0.150236
8,energy_bin,"50-150 GeV",21867,0.775718,0.216723,0.164808
9,energy_bin,"50-150 GeV",21867,0.908742,0.260753,0.248702
10,energy_bin,"50-150 GeV",21867,0.853082,0.290871,0.254849
11,energy_bin,"50-150 GeV",21867,0.831087,0.266666,0.247667
12,energy_bin,"50-150 GeV",21867,0.792658,0.215397,0.158132
13,energy_bin,"50-150 GeV",21867,0.85242,0.200894,0.126098
14,energy_bin,"50-150 GeV",21867,0.709278,0.194848,0.14749
15,energy_bin,"50-150 GeV",21867,0.849252,0.225925,0.16877
16,energy_bin,"50-150 GeV",21867,0.827635,0.215738,0.160633
17,energy_bin,"50-150 GeV",21867,0.822968,0.235401,0.179576
18,energy_bin,"50-150 GeV",21867,0.72465,0.219361,0.174663
19,energy_bin,"50-150 GeV",21867,0.914267,0.139306,0.066835
20,energy_bin,"50-150 GeV",21867,0.768379,0.275474,0.245758
21,energy_bin,"50-150 GeV",21867,0.803563,0.252876,0.203975
22,energy_bin,"50-150 GeV",21867,0.754709,0.223518,0.170613
23,energy_bin,"50-150 GeV",21867,0.709008,0.209224,0.162193
24,energy_bin,"50-150 GeV",21867,0.787565,0.226436,0.173201
25,energy_bin,"50-150 GeV",21867,0.784114,0.23859,0.18633
26,energy_bin,"50-150 GeV",21867,0.764872,0.244808,0.19588
27,energy_bin,"50-150 GeV",21867,0.771472,0.254548,0.204659
28,energy_bin,"50-150 GeV",21867,0.778221,0.240274,0.189342
29,energy_bin,"50-150 GeV",21867,0.750598,0.231827,0.182367
30,energy_bin,"50-150 GeV",21867,0.760105,0.262678,0.241398
31,energy_bin,"50-150 GeV",21867,0.848027,0.281907,0.231294
32,energy_bin,"50-150 GeV",21867,0.805301,0.295289,0.260938
33,energy_bin,"50-150 GeV",21867,0.678383,0.175682,0.128386
34,energy_bin,"50-150 GeV",21867,0.809971,0.233498,0.180875
35,energy_bin,"50-150 GeV",21867,0.841014,0.240821,0.193522
36,energy_bin,"50-150 GeV",21867,0.818156,0.266342,0.236046
37,energy_bin,"50-150 GeV",21867,0.824861,0.210084,0.146285
38,energy_bin,"50-150 GeV",21867,0.926494,0.222876,0.172656
39,energy_bin,"50-150 GeV",21867,0.935607,0.22062,0.154598
40,energy_bin,"50-150 GeV",21867,1.123332,0.30123,0.197219
41,energy_bin,"50-150 GeV",21867,0.849757,0.204453,0.161982
42,energy_bin,"50-150 GeV",21867,0.86787,0.231376,0.149518
43,energy_bin,"50-150 GeV",21867,0.843688,0.256501,0.216361
44,energy_bin,"50-150 GeV",21867,0.833298,0.287584,0.212311
45,energy_bin,"50-150 GeV",21867,0.873539,0.291674,0.225786
46,energy_bin,"50-150 GeV",21867,0.865973,0.310102,0.216229
47,energy_bin,"50-150 GeV",21867,0.859284,0.222735,0.179952
48,energy_bin,"50-150 GeV",21867,0.858227,0.262381,0.217408
49,energy_bin,"50-150 GeV",21867,0.899762,0.258703,0.180977
50,energy_bin,"50-150 GeV",21867,0.836352,0.242962,0.206133
51,energy_bin,"50-150 GeV",21867,0.866546,0.21621,0.18239
52,energy_bin,"50-150 GeV",21867,0.874704,0.218998,0.175399
53,energy_bin,"50-150 GeV",21867,0.870378,0.223226,0.189721
54,energy_bin,"50-150 GeV",21867,0.846582,0.235349,0.194673
55,energy_bin,"50-150 GeV",21867,0.837339,0.237384,0.21311
56,energy_bin,"50-150 GeV",21867,0.857813,0.2222,0.192402
57,energy_bin,"50-150 GeV",21867,0.848551,0.244141,0.192089
58,energy_bin,"50-150 GeV",21867,0.840429,0.251816,0.225232
59,energy_bin,"50-150 GeV",21867,0.868105,0.225282,0.186924
60,energy_bin,"50-150 GeV",21867,0.851344,0.218849,0.186143
61,energy_bin,"50-150 GeV",21867,0.829478,0.267143,0.237134
62,energy_bin,"50-150 GeV",21867,0.841886,0.253956,0.228846
63,energy_bin,"50-150 GeV",21867,0.840481,0.227173,0.192438
64,energy_bin,"50-150 GeV",21867,0.854154,0.247846,0.213203
65,energy_bin,"50-150 GeV",21867,0.866878,0.216468,0.166738
66,energy_bin,"50-150 GeV",21867,0.867961,0.230254,0.182183
67,energy_bin,"50-150 GeV",21867,0.867043,0.20629,0.167806
68,energy_bin,"50-150 GeV",21867,0.938649,0.211104,0.143549
69,energy_bin,"50-150 GeV",21867,0.919685,0.224552,0.165388
70,energy_bin,"50-150 GeV",21867,0.931791,0.203829,0.14901
71,energy_bin,"50-150 GeV",21867,0.924329,0.200391,0.142753
72,energy_bin,"50-150 GeV",21867,0.900183,0.192676,0.135432
73,energy_bin,"50-150 GeV",21867,0.983235,0.252555,0.161812
74,energy_bin,"50-150 GeV",21867,1.032899,0.288498,0.162517
75,energy_bin,"50-150 GeV",21867,0.955776,0.229695,0.147166
76,energy_bin,"50-150 GeV",21867,0.924979,0.208545,0.139566
77,energy_bin,"50-150 GeV",21867,0.926412,0.202414,0.141993
78,energy_bin,"50-150 GeV",21867,0.970564,0.181951,0.103509
79,energy_bin,"50-150 GeV",21867,0.906397,0.206442,0.161996
80,energy_bin,"50-150 GeV",21867,0.908426,0.199245,0.147262
81,energy_bin,"50-150 GeV",21867,0.91863,0.194424,0.127987
82,energy_bin,"50-150 GeV",21867,0.931948,0.2132,0.147019
83,energy_bin,"50-150 GeV",21867,0.934609,0.240405,0.144793
84,energy_bin,"50-150 GeV",21867,0.914491,0.199263,0.140265
85,energy_bin,"50-150 GeV",21867,0.911323,0.20094,0.139798
86,energy_bin,"50-150 GeV",21867,0.921504,0.224593,0.167818
87,energy_bin,"50-150 GeV",21867,0.907124,0.213272,0.147047
88,energy_bin,"50-150 GeV",21867,0.905637,0.20983,0.147965
89,energy_bin,"50-150 GeV",21867,0.920202,0.193052,0.118061
90,energy_bin,"50-150 GeV",21867,0.916978,0.220828,0.147204
91,energy_bin,"50-150 GeV",21867,0.910996,0.233469,0.169495
92,energy_bin,"50-150 GeV",21867,0.916365,0.218524,0.159046
93,energy_bin,"50-150 GeV",21867,0.938268,0.230133,0.153584
94,energy_bin,"50-150 GeV",21867,0.913668,0.208818,0.161463
95,energy_bin,"50-150 GeV",21867,1.459028,1.42515,0.309723
96,energy_bin,"50-150 GeV",21867,0.93114,0.248981,0.165405
97,energy_bin,"50-150 GeV",21867,0.926248,0.232093,0.166351
98,energy_bin,"50-150 GeV",21867,0.954261,0.266019,0.173765
99,energy_bin,"50-150 GeV",21867,0.945386,0.257903,0.172506
100,energy_bin,"50-150 GeV",21867,0.926106,0.244333,0.167346
101,energy_bin,"50-150 GeV",21867,0.964837,0.263692,0.172362
102,energy_bin,"50-150 GeV",21867,0.915201,0.22971,0.166751
103,energy_bin,"50-150 GeV",21867,0.925234,0.242646,0.137328
104,energy_bin,"50-150 GeV",21867,0.908249,0.199994,0.137114
105,energy_bin,"50-150 GeV",21867,0.92395,0.214195,0.159084
106,energy_bin,"50-150 GeV",21867,0.928528,0.21399,0.139623
107,energy_bin,"50-150 GeV",21867,0.930166,0.2408,0.159526
108,energy_bin,"50-150 GeV",21867,0.933814,0.237155,0.156445
109,energy_bin,"50-150 GeV",21867,0.907233,0.215076,0.149734
110,energy_bin,"50-150 GeV",21867,0.94694,0.203067,0.146729
111,energy_bin,"50-150 GeV",21867,0.925271,0.20433,0.149069
112,energy_bin,"50-150 GeV",21867,0.931719,0.212928,0.160512
113,energy_bin,"50-150 GeV",21867,0.94349,0.223822,0.169088
114,energy_bin,"50-150 GeV",21867,0.893376,0.201603,0.155978
115,energy_bin,"50-150 GeV",21867,0.927708,0.210699,0.155337
116,energy_bin,"50-150 GeV",21867,0.93232,0.262901,0.156281
117,energy_bin,"50-150 GeV",21867,0.929881,0.221184,0.164155
118,energy_bin,"50-150 GeV",21867,0.93263,0.224754,0.161263
119,energy_bin,"50-150 GeV",21867,0.913783,0.202695,0.135701
120,energy_bin,"50-150 GeV",21867,0.922654,0.215182,0.164783
121,energy_bin,"50-150 GeV",21867,0.922192,0.214088,0.14981
122,energy_bin,"50-150 GeV",21867,0.929911,0.221337,0.163823
123,energy_bin,"50-150 GeV",21867,0.940784,0.223815,0.155917
124,energy_bin,"50-150 GeV",21867,0.924039,0.213925,0.153021
125,energy_bin,"50-150 GeV",21867,0.923543,0.222082,0.146998
126,energy_bin,"50-150 GeV",21867,0.933215,0.225875,0.16087
127,energy_bin,"50-150 GeV",21867,0.932045,0.217745,0.153926
128,energy_bin,"50-150 GeV",21867,0.931596,0.223661,0.163051
129,energy_bin,"50-150 GeV",21867,0.910189,0.201118,0.135655
130,energy_bin,"50-150 GeV",21867,0.914182,0.203757,0.141564
131,energy_bin,"50-150 GeV",21867,0.930126,0.231503,0.142816
132,energy_bin,"50-150 GeV",21867,0.912149,0.216884,0.160182
133,energy_bin,"50-150 GeV",21867,0.926038,0.23064,0.149354
134,energy_bin,"50-150 GeV",21867,0.923747,0.219892,0.158853
135,energy_bin,"50-150 GeV",21867,0.932349,0.242502,0.148618
136,energy_bin,"50-150 GeV",21867,0.922088,0.213477,0.148549
137,energy_bin,"50-150 GeV",21867,0.919152,0.221173,0.165786
138,energy_bin,"50-150 GeV",21867,0.931412,0.222192,0.154451
139,energy_bin,"50-150 GeV",21867,0.981445,0.226359,0.155802
140,energy_bin,"50-150 GeV",21867,0.925242,0.225712,0.149643
141,energy_bin,"50-150 GeV",21867,0.942612,0.221579,0.147897
142,energy_bin,"50-150 GeV",21867,0.960975,0.232437,0.144514
143,energy_bin,"50-150 GeV",21867,0.943858,0.257263,0.158662
144,energy_bin,"50-150 GeV",21867,0.954652,0.263343,0.16103
145,energy_bin,"50-150 GeV",21867,0.90706,0.202977,0.142997
146,energy_bin,"50-150 GeV",21867,0.918778,0.237406,0.171468
147,energy_bin,"50-150 GeV",21867,0.949387,0.257381,0.162592
148,energy_bin,"50-150 GeV",21867,0.935216,0.239855,0.157119
149,energy_bin,"50-150 GeV",21867,0.939831,0.241048,0.167213
150,energy_bin,"50-150 GeV",21867,0.983356,0.281893,0.160377
151,energy_bin,"50-150 GeV",21867,0.947105,0.270748,0.162228
152,energy_bin,"50-150 GeV",21867,0.952407,0.256548,0.1878
153,energy_bin,"50-150 GeV",21867,0.961562,0.273877,0.161543
154,energy_bin,"50-150 GeV",21867,0.938626,0.242888,0.149227
155,energy_bin,"50-150 GeV",21867,0.956804,0.231194,0.165478
156,energy_bin,"50-150 GeV",21867,0.926208,0.212483,0.161504
157,energy_bin,"50-150 GeV",21867,0.969242,0.243412,0.159131
158,energy_bin,"50-150 GeV",21867,0.953272,0.242431,0.167818
159,energy_bin,"50-150 GeV",21867,0.9819,0.224177,0.126805
160,energy_bin,"50-150 GeV",21867,0.964214,0.268491,0.161566
161,energy_bin,"50-150 GeV",21867,0.946859,0.235191,0.157286
162,energy_bin,"50-150 GeV",21867,0.949345,0.257527,0.179222
163,energy_bin,"50-150 GeV",21867,0.952641,0.25958,0.17571
164,energy_bin,"50-150 GeV",21867,0.945452,0.245191,0.14924
165,energy_bin,"50-150 GeV",21867,0.942219,0.231134,0.155631
166,energy_bin,"50-150 GeV",21867,0.930261,0.230236,0.157498
167,energy_bin,"50-150 GeV",21867,0.960961,0.247398,0.15885
168,energy_bin,"50-150 GeV",21867,0.933013,0.249854,0.168919
169,energy_bin,"50-150 GeV",21867,0.944917,0.260446,0.145961
170,energy_bin,"50-150 GeV",21867,0.953868,0.255566,0.161225
171,energy_bin,"50-150 GeV",21867,0.949874,0.250388,0.162779
172,energy_bin,"50-150 GeV",21867,0.930952,0.238929,0.167054
173,energy_bin,"50-150 GeV",21867,0.946078,0.252974,0.166021
174,energy_bin,"50-150 GeV",21867,0.950805,0.26239,0.16015
175,energy_bin,"50-150 GeV",21867,0.93387,0.240977,0.170112
176,energy_bin,"50-150 GeV",21867,0.951933,0.26869,0.174399
177,energy_bin,"50-150 GeV",21867,0.952434,0.26718,0.169995
178,energy_bin,"50-150 GeV",21867,0.945523,0.255317,0.159442
179,energy_bin,"50-150 GeV",21867,0.945668,0.247072,0.163314
180,energy_bin,"50-150 GeV",21867,0.947447,0.256826,0.160987
181,energy_bin,"50-150 GeV",21867,0.943924,0.251482,0.161779
182,energy_bin,"50-150 GeV",21867,0.953292,0.248764,0.156476
183,energy_bin,"50-150 GeV",21867,0.945641,0.245502,0.164601
184,energy_bin,"50-150 GeV",21867,0.911064,0.223141,0.163217
185,energy_bin,"50-150 GeV",21867,0.948263,0.247514,0.162544
186,energy_bin,"50-150 GeV",21867,0.948443,0.243957,0.15929
187,energy_bin,"50-150 GeV",21867,0.945384,0.219772,0.157616
188,energy_bin,"50-150 GeV",21867,0.950233,0.241156,0.160613
189,energy_bin,"50-150 GeV",21867,0.950076,0.229062,0.155141
190,energy_bin,"50-150 GeV",21867,0.949429,0.225869,0.152506
191,energy_bin,"50-150 GeV",21867,0.937581,0.237336,0.158326
192,energy_bin,"50-150 GeV",21867,0.937501,0.224168,0.146059
193,energy_bin,"50-150 GeV",21867,0.955741,0.223636,0.148574
194,energy_bin,"50-150 GeV",21867,0.917136,0.209822,0.149268
195,energy_bin,"50-150 GeV",21867,0.927057,0.231474,0.149473
196,energy_bin,"50-150 GeV",21867,0.960601,0.260101,0.156069
197,energy_bin,"50-150 GeV",21867,0.964266,0.281072,0.168906
198,energy_bin,"50-150 GeV",21867,0.961555,0.257319,0.165607
199,energy_bin,"50-150 GeV",21867,0.95547,0.260861,0.170206
200,energy_bin,"50-150 GeV",21867,0.94262,0.238098,0.159228
201,energy_bin,"50-150 GeV",21867,0.922692,0.219322,0.150385
202,energy_bin,"50-150 GeV",21867,0.923397,0.215875,0.14117
203,energy_bin,"50-150 GeV",21867,0.910776,0.210606,0.140156
204,energy_bin,"50-150 GeV",21867,0.927324,0.232326,0.149408
205,energy_bin,"50-150 GeV",21867,0.945651,0.265324,0.159551
206,energy_bin,"50-150 GeV",21867,0.932308,0.207301,0.143885
207,energy_bin,"50-150 GeV",21867,0.938356,0.22881,0.15661
208,energy_bin,"50-150 GeV",21867,0.961275,0.254474,0.159762
209,energy_bin,"50-150 GeV",21867,0.950831,0.256891,0.166363
210,energy_bin,"50-150 GeV",21867,0.956751,0.263628,0.167462
211,energy_bin,"50-150 GeV",21867,0.955905,0.248931,0.151948
212,energy_bin,"50-150 GeV",21867,0.947779,0.263359,0.166752
213,energy_bin,"50-150 GeV",21867,0.931383,0.240848,0.16155
214,energy_bin,"50-150 GeV",21867,0.94051,0.255891,0.161742
215,energy_bin,"50-150 GeV",21867,0.929438,0.239267,0.154467
216,energy_bin,"50-150 GeV",21867,0.91069,0.223508,0.170114
217,energy_bin,"50-150 GeV",21867,0.951218,0.254748,0.16314
218,energy_bin,"50-150 GeV",21867,0.951364,0.271104,0.169133
219,energy_bin,"50-150 GeV",21867,0.929409,0.20059,0.140745
220,energy_bin,"50-150 GeV",21867,0.965302,0.272972,0.168375
221,energy_bin,"50-150 GeV",21867,0.951694,0.269434,0.172029
222,energy_bin,"50-150 GeV",21867,0.955064,0.249859,0.159825
223,energy_bin,"50-150 GeV",21867,0.939468,0.24079,0.161688
224,energy_bin,"50-150 GeV",21867,0.956043,0.260516,0.165179
225,energy_bin,"50-150 GeV",21867,0.99888,0.284442,0.170195
226,energy_bin,"50-150 GeV",21867,0.941329,0.253183,0.163046
227,energy_bin,"50-150 GeV",21867,0.939811,0.264165,0.172262
228,energy_bin,"50-150 GeV",21867,0.948497,0.257936,0.168253
229,energy_bin,"50-150 GeV",21867,0.958421,0.258374,0.166195
230,energy_bin,"50-150 GeV",21867,0.940465,0.241754,0.1589
231,energy_bin,"50-150 GeV",21867,0.981074,0.219283,0.134682
232,energy_bin,"50-150 GeV",21867,0.950379,0.260451,0.169901
233,energy_bin,"50-150 GeV",21867,0.944063,0.254032,0.165306
234,energy_bin,"50-150 GeV",21867,0.949788,0.258466,0.165651
235,energy_bin,"50-150 GeV",21867,0.942598,0.248546,0.16085
236,energy_bin,"50-150 GeV",21867,0.9355,0.244546,0.162171
237,energy_bin,"50-150 GeV",21867,0.887728,0.199003,0.134911
238,energy_bin,"50-150 GeV",21867,0.929423,0.2281,0.156541
239,energy_bin,"50-150 GeV",21867,0.948582,0.260723,0.164101
240,energy_bin,"50-150 GeV",21867,0.952775,0.252179,0.163807
241,energy_bin,"50-150 GeV",21867,0.926314,0.234931,0.164657
242,energy_bin,"50-150 GeV",21867,0.946038,0.233665,0.155605
243,energy_bin,"50-150 GeV",21867,0.950093,0.244728,0.156754
244,energy_bin,"50-150 GeV",21867,0.912394,0.226853,0.165537
245,energy_bin,"50-150 GeV",21867,0.943293,0.262126,0.161645
246,energy_bin,"50-150 GeV",21867,0.947973,0.263867,0.165239
247,energy_bin,"50-150 GeV",21867,0.956419,0.259476,0.161728
248,energy_bin,"50-150 GeV",21867,0.960365,0.26502,0.166234
249,energy_bin,"50-150 GeV",21867,0.932585,0.224569,0.153548
250,energy_bin,"50-150 GeV",21867,0.923873,0.235432,0.148283
251,energy_bin,"50-150 GeV",21867,0.950118,0.269343,0.166816
252,energy_bin,"50-150 GeV",21867,0.981476,0.278296,0.161115
253,energy_bin,"50-150 GeV",21867,0.951954,0.25224,0.15937
254,energy_bin,"50-150 GeV",21867,0.936671,0.245792,0.162081
255,energy_bin,"50-150 GeV",21867,0.949756,0.258583,0.166012
256,energy_bin,"50-150 GeV",21867,0.962259,0.262866,0.161238
257,energy_bin,"50-150 GeV",21867,0.95617,0.265691,0.173705
258,energy_bin,"50-150 GeV",21867,0.9461,0.260683,0.193
259,energy_bin,"50-150 GeV",21867,0.962423,0.298484,0.185015
260,energy_bin,"50-150 GeV",21867,0.953124,0.254486,0.164682
261,energy_bin,"50-150 GeV",21867,0.974325,0.27235,0.164761
262,energy_bin,"50-150 GeV",21867,0.936924,0.219462,0.145834
263,energy_bin,"50-150 GeV",21867,0.970255,0.2536,0.160244
264,energy_bin,"50-150 GeV",21867,0.961934,0.262462,0.17438
265,energy_bin,"50-150 GeV",21867,0.972163,0.255849,0.163579
266,energy_bin,"50-150 GeV",21867,0.972388,0.26868,0.166915
267,energy_bin,"50-150 GeV",21867,0.95649,0.250955,0.169898
268,energy_bin,"50-150 GeV",21867,0.970712,0.258991,0.16135
269,energy_bin,"50-150 GeV",21867,0.971401,0.237986,0.150983
270,energy_bin,"50-150 GeV",21867,0.969302,0.266135,0.169722
271,energy_bin,"50-150 GeV",21867,0.971242,0.268348,0.168113
272,energy_bin,"50-150 GeV",21867,0.937437,0.242331,0.163463
273,energy_bin,"50-150 GeV",21867,0.907221,0.205977,0.133776
274,energy_bin,"50-150 GeV",21867,0.973556,0.269451,0.168628
275,energy_bin,"50-150 GeV",21867,0.975796,0.257042,0.163947
276,energy_bin,"50-150 GeV",21867,0.956929,0.249256,0.166533
277,energy_bin,"50-150 GeV",21867,0.95232,0.239198,0.161701
278,energy_bin,"50-150 GeV",21867,0.991881,0.268242,0.173533
279,energy_bin,"50-150 GeV",21867,0.977383,0.249042,0.157447
280,energy_bin,"50-150 GeV",21867,0.972216,0.260229,0.164881
281,energy_bin,"50-150 GeV",21867,0.965321,0.252288,0.164098
282,energy_bin,"50-150 GeV",21867,0.942248,0.24458,0.169243
283,energy_bin,"50-150 GeV",21867,0.953548,0.247048,0.17116
284,energy_bin,"50-150 GeV",21867,0.952006,0.242356,0.16556
285,energy_bin,"50-150 GeV",21867,0.961643,0.263369,0.179147
286,energy_bin,"50-150 GeV",21867,0.979054,0.269627,0.161426
287,energy_bin,"50-150 GeV",21867,0.947993,0.25259,0.180032
288,energy_bin,"50-150 GeV",21867,0.960283,0.255161,0.16911
289,energy_bin,"50-150 GeV",21867,0.937653,0.2027,0.134081
290,energy_bin,"50-150 GeV",21867,0.967213,0.254304,0.153652
291,energy_bin,"50-150 GeV",21867,0.957531,0.257831,0.150673
292,energy_bin,"50-150 GeV",21867,0.959252,0.254943,0.168697
293,energy_bin,"50-150 GeV",21867,0.96928,0.255515,0.166696
294,energy_bin,"50-150 GeV",21867,0.962789,0.257575,0.171955
295,energy_bin,"50-150 GeV",21867,0.963235,0.262145,0.16957
296,energy_bin,"50-150 GeV",21867,0.957614,0.251486,0.174169
297,energy_bin,"50-150 GeV",21867,0.979894,0.255208,0.174667
298,energy_bin,"50-150 GeV",21867,0.97456,0.252213,0.159669
299,energy_bin,"50-150 GeV",21867,0.94925,0.249123,0.176291
300,energy_bin,"50-150 GeV",21867,0.9414,0.247437,0.173084
301,energy_bin,"50-150 GeV",21867,0.939428,0.247834,0.165918
302,energy_bin,"50-150 GeV",21867,0.969625,0.277784,0.175811
303,energy_bin,"50-150 GeV",21867,0.992472,0.287719,0.182208
304,energy_bin,"50-150 GeV",21867,0.944394,0.263667,0.181995
305,energy_bin,"50-150 GeV",21867,0.940117,0.248934,0.167073
306,energy_bin,"50-150 GeV",21867,0.959463,0.271229,0.179037
307,energy_bin,"50-150 GeV",21867,0.931292,0.263823,0.190304
308,energy_bin,"50-150 GeV",21867,0.976528,0.260696,0.163701
309,energy_bin,"50-150 GeV",21867,0.964204,0.270603,0.181876
310,energy_bin,"50-150 GeV",21867,0.956566,0.247859,0.169304
311,energy_bin,"50-150 GeV",21867,0.973943,0.284436,0.178645
312,energy_bin,"50-150 GeV",21867,0.951973,0.282397,0.188551
313,energy_bin,"50-150 GeV",21867,0.947702,0.255099,0.166611
314,energy_bin,"50-150 GeV",21867,0.97765,0.23933,0.159091
315,energy_bin,"50-150 GeV",21867,0.952934,0.256877,0.172793
316,energy_bin,"50-150 GeV",21867,0.929782,0.242321,0.178967
317,energy_bin,"50-150 GeV",21867,0.954434,0.256014,0.17062
318,energy_bin,"50-150 GeV",21867,0.965985,0.27003,0.181514
319,energy_bin,"50-150 GeV",21867,0.967169,0.280623,0.186677
320,energy_bin,"50-150 GeV",21867,0.96482,0.252653,0.167681
321,energy_bin,"50-150 GeV",21867,0.974661,0.268256,0.171967
322,energy_bin,"50-150 GeV",21867,0.951668,0.24785,0.169587
323,energy_bin,"50-150 GeV",21867,0.96001,0.258597,0.166848
324,energy_bin,"50-150 GeV",21867,0.94308,0.249561,0.177737
325,energy_bin,"50-150 GeV",21867,0.971227,0.254364,0.166582
326,energy_bin,"50-150 GeV",21867,0.967836,0.250159,0.165069
327,energy_bin,"50-150 GeV",21867,0.963451,0.253376,0.166176
328,energy_bin,"50-150 GeV",21867,0.962556,0.251267,0.163048
329,energy_bin,"50-150 GeV",21867,0.971668,0.256832,0.161543
330,energy_bin,"50-150 GeV",21867,0.963967,0.261717,0.169786
331,energy_bin,"50-150 GeV",21867,0.971987,0.268908,0.170479
332,energy_bin,"50-150 GeV",21867,0.971569,0.250197,0.15999
333,energy_bin,"50-150 GeV",21867,0.977253,0.253846,0.163758
334,energy_bin,"50-150 GeV",21867,0.964873,0.253437,0.156437
335,energy_bin,"50-150 GeV",21867,0.970824,0.260905,0.166007
336,energy_bin,"50-150 GeV",21867,0.962966,0.268083,0.180207
337,energy_bin,"50-150 GeV",21867,0.957947,0.247895,0.162202
338,energy_bin,"50-150 GeV",21867,0.97786,0.267778,0.167039
339,energy_bin,"50-150 GeV",21867,0.969799,0.261527,0.164661
340,energy_bin,"50-150 GeV",21867,0.96832,0.263253,0.165359
341,energy_bin,"50-150 GeV",21867,0.946247,0.254741,0.172624
342,energy_bin,"50-150 GeV",21867,0.938414,0.236191,0.157997
343,energy_bin,"50-150 GeV",21867,0.979771,0.277285,0.177472
344,energy_bin,"50-150 GeV",21867,0.963877,0.267166,0.182779
345,energy_bin,"50-150 GeV",21867,0.96226,0.261924,0.172791
346,energy_bin,"50-150 GeV",21867,0.972286,0.261797,0.165955
347,energy_bin,"50-150 GeV",21867,0.958781,0.245749,0.163846
348,energy_bin,"50-150 GeV",21867,0.968579,0.260186,0.171027
349,energy_bin,"50-150 GeV",21867,0.958672,0.249268,0.157357
350,energy_bin,"50-150 GeV",21867,0.963855,0.251295,0.15677
351,energy_bin,"50-150 GeV",21867,0.971037,0.249346,0.156908
352,energy_bin,"50-150 GeV",21867,0.958396,0.256499,0.16472
353,energy_bin,"50-150 GeV",21867,0.970708,0.257751,0.164568
354,energy_bin,"50-150 GeV",21867,0.963558,0.262254,0.170209
355,energy_bin,"50-150 GeV",21867,0.971305,0.264288,0.177683
356,energy_bin,"50-150 GeV",21867,0.970308,0.261896,0.163585
357,energy_bin,"50-150 GeV",21867,0.956097,0.257939,0.176217
358,energy_bin,"50-150 GeV",21867,0.964372,0.26035,0.178234
359,energy_bin,"50-150 GeV",21867,0.968073,0.26397,0.165956
360,energy_bin,"50-150 GeV",21867,0.955033,0.251341,0.171283
361,energy_bin,"50-150 GeV",21867,0.973886,0.261325,0.173819
362,energy_bin,"50-150 GeV",21867,0.968264,0.264809,0.172929
363,energy_bin,"50-150 GeV",21867,0.982016,0.258022,0.157829
364,energy_bin,"50-150 GeV",21867,0.973887,0.275798,0.172731
365,energy_bin,"50-150 GeV",21867,0.960416,0.254623,0.159381
366,energy_bin,"50-150 GeV",21867,0.966131,0.260984,0.171254
367,energy_bin,"50-150 GeV",21867,0.973454,0.250272,0.163263
368,energy_bin,"50-150 GeV",21867,0.958987,0.23788,0.158346
369,energy_bin,"50-150 GeV",21867,0.972619,0.239919,0.154543
370,energy_bin,"50-150 GeV",21867,0.941124,0.229893,0.149213
371,energy_bin,"50-150 GeV",21867,0.964306,0.23175,0.149601
372,energy_bin,"50-150 GeV",21867,0.957503,0.24762,0.171717
373,energy_bin,"50-150 GeV",21867,0.964142,0.242656,0.148019
374,energy_bin,"50-150 GeV",21867,0.949327,0.247502,0.170564
375,energy_bin,"50-150 GeV",21867,0.975113,0.250586,0.16198
376,energy_bin,"50-150 GeV",21867,0.98494,0.256223,0.16061
377,energy_bin,"50-150 GeV",21867,0.950226,0.24517,0.167705
378,energy_bin,"50-150 GeV",21867,0.96546,0.258153,0.164052
379,energy_bin,"50-150 GeV",21867,0.986638,0.24662,0.148788
380,energy_bin,"50-150 GeV",21867,0.964638,0.245196,0.152257
381,energy_bin,"50-150 GeV",21867,0.898363,0.211087,0.12774
382,energy_bin,"50-150 GeV",21867,0.969553,0.235721,0.151013
383,energy_bin,"50-150 GeV",21867,0.970817,0.232331,0.143166
384,energy_bin,"50-150 GeV",21867,0.985905,0.246223,0.144302
385,energy_bin,"50-150 GeV",21867,0.973994,0.250482,0.152369
386,energy_bin,"50-150 GeV",21867,0.98295,0.231212,0.141869
387,energy_bin,"50-150 GeV",21867,0.946378,0.23016,0.145191
388,energy_bin,"50-150 GeV",21867,0.974302,0.234951,0.151302
389,energy_bin,"50-150 GeV",21867,0.993638,0.253292,0.144854
390,energy_bin,"50-150 GeV",21867,0.962868,0.246108,0.161185
391,energy_bin,"50-150 GeV",21867,0.972427,0.245133,0.153293
392,energy_bin,"50-150 GeV",21867,0.982641,0.246774,0.144563
393,energy_bin,"50-150 GeV",21867,0.983619,0.233258,0.136753
394,energy_bin,"50-150 GeV",21867,0.974072,0.241954,0.145892
395,energy_bin,"50-150 GeV",21867,0.958589,0.233132,0.147426
396,energy_bin,"50-150 GeV",21867,0.966693,0.260189,0.170918
397,energy_bin,"50-150 GeV",21867,0.976581,0.262957,0.171249
398,energy_bin,"50-150 GeV",21867,0.969393,0.257471,0.16253
399,energy_bin,"50-150 GeV",21867,0.982215,0.246523,0.153166
400,energy_bin,"50-150 GeV",21867,0.957275,0.260262,0.174615
401,energy_bin,"50-150 GeV",21867,0.962761,0.252557,0.162634
402,energy_bin,"50-150 GeV",21867,0.948313,0.257875,0.179083
403,energy_bin,"50-150 GeV",21867,0.975066,0.240345,0.149597
404,energy_bin,"50-150 GeV",21867,0.973369,0.26384,0.169959
405,energy_bin,"50-150 GeV",21867,0.970555,0.261009,0.173543
406,energy_bin,"50-150 GeV",21867,0.961513,0.253195,0.159292
407,energy_bin,"50-150 GeV",21867,0.943709,0.25241,0.17717
408,energy_bin,"50-150 GeV",21867,0.951019,0.253766,0.173296
409,energy_bin,"50-150 GeV",21867,0.950449,0.245119,0.16545
410,energy_bin,"50-150 GeV",21867,0.960928,0.260609,0.169281
411,energy_bin,"50-150 GeV",21867,0.972692,0.280007,0.179159
412,energy_bin,"50-150 GeV",21867,0.949136,0.256863,0.176032
413,energy_bin,"50-150 GeV",21867,0.954882,0.249453,0.172933
414,energy_bin,"50-150 GeV",21867,0.967467,0.267719,0.176402
415,energy_bin,"50-150 GeV",21867,0.945223,0.259183,0.180008
416,energy_bin,"50-150 GeV",21867,0.960743,0.266485,0.176705
417,energy_bin,"50-150 GeV",21867,0.955981,0.251907,0.165529
418,energy_bin,"50-150 GeV",21867,0.960275,0.254207,0.169197
419,energy_bin,"50-150 GeV",21867,0.934644,0.258814,0.17959
420,energy_bin,"50-150 GeV",21867,0.920301,0.254237,0.178005
421,energy_bin,"50-150 GeV",21867,0.94217,0.244728,0.161985
422,energy_bin,"50-150 GeV",21867,0.974734,0.284721,0.176969
423,energy_bin,"50-150 GeV",21867,0.952434,0.252927,0.166056
424,energy_bin,"50-150 GeV",21867,0.958954,0.254232,0.171372
425,energy_bin,"50-150 GeV",21867,0.965727,0.253867,0.170074
426,energy_bin,"50-150 GeV",21867,0.963392,0.252779,0.171057
427,energy_bin,"50-150 GeV",21867,0.947527,0.264102,0.180714
428,energy_bin,"50-150 GeV",21867,0.957613,0.262307,0.169035
429,energy_bin,"50-150 GeV",21867,0.960139,0.251041,0.165894
430,energy_bin,"50-150 GeV",21867,0.960294,0.252721,0.164387
431,energy_bin,"50-150 GeV",21867,0.978194,0.262255,0.167279
432,energy_bin,"50-150 GeV",21867,0.962432,0.24996,0.164457
433,energy_bin,"50-150 GeV",21867,1.000193,0.2599,0.174916
434,energy_bin,"50-150 GeV",21867,0.956482,0.255654,0.173729
435,energy_bin,"50-150 GeV",21867,0.952983,0.265353,0.177849
436,energy_bin,"50-150 GeV",21867,0.945583,0.278451,0.190828
437,energy_bin,"50-150 GeV",21867,0.946751,0.26479,0.175328
438,energy_bin,"50-150 GeV",21867,0.963364,0.270099,0.178544
439,energy_bin,"50-150 GeV",21867,0.950549,0.26986,0.1834
440,energy_bin,"50-150 GeV",21867,0.926079,0.231453,0.160382
441,energy_bin,"50-150 GeV",21867,0.944553,0.262196,0.18428
442,energy_bin,"50-150 GeV",21867,0.966125,0.262254,0.174954
443,energy_bin,"50-150 GeV",21867,0.933587,0.269356,0.187016
444,energy_bin,"50-150 GeV",21867,0.965679,0.270706,0.180025
445,energy_bin,"50-150 GeV",21867,0.941797,0.26881,0.17714
446,energy_bin,"50-150 GeV",21867,0.983398,0.260022,0.166423
447,energy_bin,"50-150 GeV",21867,0.959636,0.251289,0.165582
448,energy_bin,"50-150 GeV",21867,0.961451,0.258757,0.171332
449,energy_bin,"50-150 GeV",21867,0.926207,0.241043,0.173526
450,energy_bin,"50-150 GeV",21867,0.948284,0.257813,0.176475
451,energy_bin,"50-150 GeV",21867,0.968269,0.26965,0.180925
452,energy_bin,"50-150 GeV",21867,0.955089,0.26665,0.181894
453,energy_bin,"50-150 GeV",21867,0.946147,0.267407,0.182557
454,energy_bin,"50-150 GeV",21867,0.929599,0.242598,0.172091
455,energy_bin,"50-150 GeV",21867,0.937897,0.265139,0.183933
456,energy_bin,"50-150 GeV",21867,0.713713,0.281766,0.177805
457,energy_bin,"50-150 GeV",21867,0.937964,0.255235,0.174558
458,energy_bin,"50-150 GeV",21867,0.942778,0.255548,0.17917
459,energy_bin,"50-150 GeV",21867,0.945569,0.266872,0.183621
460,energy_bin,"50-150 GeV",21867,0.956047,0.264409,0.179149
461,energy_bin,"50-150 GeV",21867,0.956229,0.268449,0.181848
462,energy_bin,"50-150 GeV",21867,0.956994,0.262778,0.174579
463,energy_bin,"50-150 GeV",21867,0.962375,0.271512,0.181652
464,energy_bin,"50-150 GeV",21867,0.947758,0.259248,0.173315
465,energy_bin,"50-150 GeV",21867,0.960058,0.258351,0.175719
466,energy_bin,"50-150 GeV",21867,0.96429,0.263542,0.175067
467,energy_bin,"50-150 GeV",21867,0.947075,0.265869,0.189446
468,energy_bin,"50-150 GeV",21867,0.950143,0.262174,0.179549
469,energy_bin,"50-150 GeV",21867,0.958767,0.269214,0.183099
470,energy_bin,"50-150 GeV",21867,0.966484,0.2635,0.170067
471,energy_bin,"50-150 GeV",21867,0.9572,0.268889,0.180339
472,energy_bin,"50-150 GeV",21867,0.951743,0.267021,0.178505
473,energy_bin,"50-150 GeV",21867,0.919327,0.257519,0.182698
474,energy_bin,"50-150 GeV",21867,0.960314,0.26036,0.169229
475,energy_bin,"50-150 GeV",21867,0.936874,0.254782,0.17905
476,energy_bin,"50-150 GeV",21867,0.930171,0.252091,0.178151
477,energy_bin,"50-150 GeV",21867,0.950519,0.261984,0.173971
478,energy_bin,"50-150 GeV",21867,0.96185,0.264766,0.173235
479,energy_bin,"50-150 GeV",21867,0.959047,0.25615,0.171967
480,energy_bin,"50-150 GeV",21867,0.951489,0.262464,0.180874
481,energy_bin,"50-150 GeV",21867,0.962884,0.259148,0.171254
482,energy_bin,"50-150 GeV",21867,0.95508,0.269498,0.183201
483,energy_bin,"50-150 GeV",21867,0.965075,0.260751,0.162204
484,energy_bin,"50-150 GeV",21867,0.9423,0.273913,0.188038
485,energy_bin,"50-150 GeV",21867,0.941342,0.254799,0.16835
486,energy_bin,"50-150 GeV",21867,0.950718,0.248355,0.167285
487,energy_bin,"50-150 GeV",21867,0.942593,0.261014,0.170219
488,energy_bin,"50-150 GeV",21867,0.943553,0.262289,0.183314
489,energy_bin,"50-150 GeV",21867,0.956113,0.267996,0.181893
490,energy_bin,"50-150 GeV",21867,0.957043,0.279097,0.184756
491,energy_bin,"50-150 GeV",21867,0.958788,0.261025,0.171805
492,energy_bin,"50-150 GeV",21867,0.950825,0.258488,0.175234
493,energy_bin,"50-150 GeV",21867,0.959986,0.272073,0.183408
494,energy_bin,"50-150 GeV",21867,0.950559,0.267244,0.183364
495,energy_bin,"50-150 GeV",21867,0.94175,0.260298,0.17569
496,energy_bin,"50-150 GeV",21867,0.967803,0.26492,0.170122
497,energy_bin,"50-150 GeV",21867,0.943531,0.266628,0.182113
498,energy_bin,"50-150 GeV",21867,0.947403,0.263852,0.182527
499,energy_bin,"50-150 GeV",21867,0.951848,0.260278,0.17625
0,energy_bin,">150 GeV",70,4.336708,4.06738,3.5834
1,energy_bin,">150 GeV",70,4.467581,4.178775,3.683735
2,energy_bin,">150 GeV",70,0.89029,0.20536,0.191442
3,energy_bin,">150 GeV",70,0.803823,0.249895,0.232949
4,energy_bin,">150 GeV",70,0.85243,0.129327,0.101537
5,energy_bin,">150 GeV",70,0.893269,0.168512,0.139121
6,energy_bin,">150 GeV",70,0.879523,0.154258,0.125057
7,energy_bin,">150 GeV",70,0.769718,0.169517,0.141637
8,energy_bin,">150 GeV",70,0.774727,0.15692,0.143479
9,energy_bin,">150 GeV",70,0.971038,0.086183,0.07283
10,energy_bin,">150 GeV",70,0.888063,0.215828,0.196245
11,energy_bin,">150 GeV",70,0.861084,0.198022,0.156566
12,energy_bin,">150 GeV",70,0.80225,0.153282,0.08353
13,energy_bin,">150 GeV",70,0.877676,0.1147,0.052019
14,energy_bin,">150 GeV",70,0.707199,0.166091,0.145125
15,energy_bin,">150 GeV",70,0.793213,0.212236,0.164306
16,energy_bin,">150 GeV",70,0.740634,0.24753,0.240111
17,energy_bin,">150 GeV",70,0.811859,0.199573,0.165991
18,energy_bin,">150 GeV",70,0.731227,0.156499,0.112316
19,energy_bin,">150 GeV",70,0.870211,0.052213,0.03647
20,energy_bin,">150 GeV",70,0.74617,0.254632,0.225049
21,energy_bin,">150 GeV",70,0.792638,0.219972,0.194873
22,energy_bin,">150 GeV",70,0.711397,0.227308,0.188171
23,energy_bin,">150 GeV",70,0.687882,0.178996,0.150913
24,energy_bin,">150 GeV",70,0.733601,0.225513,0.184745
25,energy_bin,">150 GeV",70,0.782399,0.183732,0.156891
26,energy_bin,">150 GeV",70,0.766989,0.191739,0.165463
27,energy_bin,">150 GeV",70,0.736674,0.254518,0.215826
28,energy_bin,">150 GeV",70,0.752906,0.216528,0.176334
29,energy_bin,">150 GeV",70,0.727943,0.199164,0.166138
30,energy_bin,">150 GeV",70,0.790807,0.202844,0.161069
31,energy_bin,">150 GeV",70,0.809559,0.24666,0.228151
32,energy_bin,">150 GeV",70,0.790039,0.238049,0.204396
33,energy_bin,">150 GeV",70,0.659044,0.163563,0.138747
34,energy_bin,">150 GeV",70,0.775847,0.248791,0.207624
35,energy_bin,">150 GeV",70,0.738781,0.296946,0.275473
36,energy_bin,">150 GeV",70,0.852102,0.145851,0.106995
37,energy_bin,">150 GeV",70,0.709844,0.228014,0.179251
38,energy_bin,">150 GeV",70,0.781499,0.155541,0.13936
39,energy_bin,">150 GeV",70,0.815117,0.208367,0.185322
40,energy_bin,">150 GeV",70,1.15785,0.286128,0.196938
41,energy_bin,">150 GeV",70,0.817834,0.186191,0.1674
42,energy_bin,">150 GeV",70,0.800336,0.203329,0.165786
43,energy_bin,">150 GeV",70,0.80178,0.198708,0.170517
44,energy_bin,">150 GeV",70,0.800783,0.21165,0.186985
45,energy_bin,">150 GeV",70,0.829421,0.224933,0.185004
46,energy_bin,">150 GeV",70,0.79268,0.223023,0.187659
47,energy_bin,">150 GeV",70,0.781894,0.229656,0.190711
48,energy_bin,">150 GeV",70,0.877796,0.113869,0.084141
49,energy_bin,">150 GeV",70,0.791147,0.235721,0.206823
50,energy_bin,">150 GeV",70,0.81649,0.174053,0.1462
51,energy_bin,">150 GeV",70,0.839001,0.183097,0.153564
52,energy_bin,">150 GeV",70,0.824927,0.203462,0.176754
53,energy_bin,">150 GeV",70,0.858151,0.167332,0.132574
54,energy_bin,">150 GeV",70,0.905448,0.100436,0.087828
55,energy_bin,">150 GeV",70,0.769771,0.230699,0.202802
56,energy_bin,">150 GeV",70,0.787375,0.225835,0.208293
57,energy_bin,">150 GeV",70,0.933402,0.098202,0.074719
58,energy_bin,">150 GeV",70,0.77019,0.250493,0.221693
59,energy_bin,">150 GeV",70,0.812007,0.209555,0.181213
60,energy_bin,">150 GeV",70,0.813074,0.183062,0.158846
61,energy_bin,">150 GeV",70,0.757623,0.256388,0.22599
62,energy_bin,">150 GeV",70,0.840249,0.175992,0.138459
63,energy_bin,">150 GeV",70,0.813151,0.183958,0.142048
64,energy_bin,">150 GeV",70,0.82203,0.177852,0.144425
65,energy_bin,">150 GeV",70,0.827508,0.160694,0.123038
66,energy_bin,">150 GeV",70,0.840285,0.144576,0.113118
67,energy_bin,">150 GeV",70,0.836437,0.135769,0.101408
68,energy_bin,">150 GeV",70,0.794068,0.20312,0.171227
69,energy_bin,">150 GeV",70,0.881965,0.166619,0.13155
70,energy_bin,">150 GeV",70,0.828465,0.213765,0.181126
71,energy_bin,">150 GeV",70,0.877124,0.163858,0.121177
72,energy_bin,">150 GeV",70,0.849023,0.168481,0.14395
73,energy_bin,">150 GeV",70,0.844349,0.177708,0.169174
74,energy_bin,">150 GeV",70,0.894405,0.091565,0.075255
75,energy_bin,">150 GeV",70,0.858616,0.171544,0.140539
76,energy_bin,">150 GeV",70,0.840954,0.167872,0.125262
77,energy_bin,">150 GeV",70,0.859217,0.145579,0.119906
78,energy_bin,">150 GeV",70,0.873533,0.14435,0.097022
79,energy_bin,">150 GeV",70,0.95198,0.087793,0.05958
80,energy_bin,">150 GeV",70,0.873953,0.140916,0.123772
81,energy_bin,">150 GeV",70,0.889862,0.101538,0.083767
82,energy_bin,">150 GeV",70,0.864618,0.143757,0.119245
83,energy_bin,">150 GeV",70,0.799389,0.196424,0.16713
84,energy_bin,">150 GeV",70,0.859951,0.124429,0.102494
85,energy_bin,">150 GeV",70,0.855178,0.145184,0.122941
86,energy_bin,">150 GeV",70,0.847685,0.178227,0.161524
87,energy_bin,">150 GeV",70,0.858115,0.156917,0.128941
88,energy_bin,">150 GeV",70,0.861359,0.130353,0.112683
89,energy_bin,">150 GeV",70,1.017952,0.201954,0.160588
90,energy_bin,">150 GeV",70,0.846805,0.164015,0.128605
91,energy_bin,">150 GeV",70,0.834608,0.171406,0.14178
92,energy_bin,">150 GeV",70,0.86293,0.138878,0.117365
93,energy_bin,">150 GeV",70,0.919724,0.092732,0.072158
94,energy_bin,">150 GeV",70,0.895666,0.101325,0.081271
95,energy_bin,">150 GeV",70,2.631274,2.311413,1.857802
96,energy_bin,">150 GeV",70,0.842161,0.165302,0.127188
97,energy_bin,">150 GeV",70,0.861322,0.149915,0.117508
98,energy_bin,">150 GeV",70,0.80402,0.210869,0.177397
99,energy_bin,">150 GeV",70,0.832432,0.179522,0.148894
100,energy_bin,">150 GeV",70,0.863749,0.122377,0.10386
101,energy_bin,">150 GeV",70,0.867812,0.147504,0.119836
102,energy_bin,">150 GeV",70,0.86721,0.119111,0.101984
103,energy_bin,">150 GeV",70,0.831206,0.160217,0.119485
104,energy_bin,">150 GeV",70,0.863924,0.122473,0.097809
105,energy_bin,">150 GeV",70,0.864429,0.124341,0.109359
106,energy_bin,">150 GeV",70,0.884782,0.14112,0.11506
107,energy_bin,">150 GeV",70,0.851627,0.162846,0.131501
108,energy_bin,">150 GeV",70,0.832982,0.181067,0.144659
109,energy_bin,">150 GeV",70,0.849112,0.17318,0.132865
110,energy_bin,">150 GeV",70,0.920546,0.096701,0.067282
111,energy_bin,">150 GeV",70,0.98797,0.0901,0.055862
112,energy_bin,">150 GeV",70,0.915062,0.088068,0.07705
113,energy_bin,">150 GeV",70,0.884648,0.12541,0.103808
114,energy_bin,">150 GeV",70,0.866724,0.104476,0.087568
115,energy_bin,">150 GeV",70,0.860581,0.138298,0.123229
116,energy_bin,">150 GeV",70,0.826935,0.146681,0.121328
117,energy_bin,">150 GeV",70,0.855069,0.138671,0.124372
118,energy_bin,">150 GeV",70,0.905304,0.093462,0.07547
119,energy_bin,">150 GeV",70,0.884604,0.104584,0.083032
120,energy_bin,">150 GeV",70,0.859686,0.132028,0.100616
121,energy_bin,">150 GeV",70,0.808825,0.193131,0.168677
122,energy_bin,">150 GeV",70,0.862778,0.149086,0.116351
123,energy_bin,">150 GeV",70,0.87452,0.114437,0.097868
124,energy_bin,">150 GeV",70,0.877592,0.121516,0.101272
125,energy_bin,">150 GeV",70,0.84214,0.170172,0.126583
126,energy_bin,">150 GeV",70,0.860694,0.135767,0.112045
127,energy_bin,">150 GeV",70,0.857064,0.161722,0.132166
128,energy_bin,">150 GeV",70,0.848502,0.158807,0.126281
129,energy_bin,">150 GeV",70,0.865744,0.118448,0.09909
130,energy_bin,">150 GeV",70,0.887412,0.110235,0.092936
131,energy_bin,">150 GeV",70,0.852011,0.149256,0.118749
132,energy_bin,">150 GeV",70,0.871464,0.131784,0.102617
133,energy_bin,">150 GeV",70,0.832965,0.168133,0.13549
134,energy_bin,">150 GeV",70,0.85062,0.160746,0.132357
135,energy_bin,">150 GeV",70,0.798547,0.224308,0.181097
136,energy_bin,">150 GeV",70,0.878137,0.120909,0.09706
137,energy_bin,">150 GeV",70,0.851455,0.154754,0.122974
138,energy_bin,">150 GeV",70,0.873334,0.122838,0.106171
139,energy_bin,">150 GeV",70,0.945082,0.10274,0.075678
140,energy_bin,">150 GeV",70,0.838511,0.161168,0.126924
141,energy_bin,">150 GeV",70,0.847993,0.147371,0.11847
142,energy_bin,">150 GeV",70,0.868236,0.138639,0.110909
143,energy_bin,">150 GeV",70,0.830934,0.158683,0.137788
144,energy_bin,">150 GeV",70,0.820749,0.173934,0.147441
145,energy_bin,">150 GeV",70,0.891797,0.070996,0.05801
146,energy_bin,">150 GeV",70,0.858764,0.135732,0.126813
147,energy_bin,">150 GeV",70,0.84068,0.16946,0.131953
148,energy_bin,">150 GeV",70,0.841271,0.144063,0.118746
149,energy_bin,">150 GeV",70,0.822681,0.186775,0.149931
150,energy_bin,">150 GeV",70,0.846705,0.141558,0.107866
151,energy_bin,">150 GeV",70,0.844962,0.136917,0.099611
152,energy_bin,">150 GeV",70,0.867363,0.150066,0.127997
153,energy_bin,">150 GeV",70,0.878803,0.103108,0.086617
154,energy_bin,">150 GeV",70,0.884146,0.097349,0.078865
155,energy_bin,">150 GeV",70,0.842606,0.179609,0.156296
156,energy_bin,">150 GeV",70,0.946395,0.100468,0.074369
157,energy_bin,">150 GeV",70,0.858265,0.134605,0.114345
158,energy_bin,">150 GeV",70,0.854678,0.143293,0.125655
159,energy_bin,">150 GeV",70,0.889249,0.096163,0.07864
160,energy_bin,">150 GeV",70,0.887407,0.097507,0.082993
161,energy_bin,">150 GeV",70,0.932337,0.05695,0.040068
162,energy_bin,">150 GeV",70,0.844714,0.158964,0.130271
163,energy_bin,">150 GeV",70,0.865956,0.121384,0.102973
164,energy_bin,">150 GeV",70,0.859803,0.123159,0.104536
165,energy_bin,">150 GeV",70,0.900568,0.088723,0.069792
166,energy_bin,">150 GeV",70,0.863004,0.136733,0.104732
167,energy_bin,">150 GeV",70,0.876631,0.119207,0.095125
168,energy_bin,">150 GeV",70,0.861621,0.140236,0.115696
169,energy_bin,">150 GeV",70,0.877226,0.094167,0.07357
170,energy_bin,">150 GeV",70,0.89078,0.103313,0.080278
171,energy_bin,">150 GeV",70,0.842974,0.167516,0.136281
172,energy_bin,">150 GeV",70,0.858154,0.138266,0.110837
173,energy_bin,">150 GeV",70,0.859812,0.138951,0.109203
174,energy_bin,">150 GeV",70,0.872492,0.111074,0.085413
175,energy_bin,">150 GeV",70,0.83604,0.165568,0.155764
176,energy_bin,">150 GeV",70,0.832931,0.169934,0.135318
177,energy_bin,">150 GeV",70,0.821653,0.189208,0.162154
178,energy_bin,">150 GeV",70,0.853264,0.138458,0.113223
179,energy_bin,">150 GeV",70,0.853298,0.146871,0.114262
180,energy_bin,">150 GeV",70,0.840647,0.159094,0.121989
181,energy_bin,">150 GeV",70,0.854594,0.142735,0.11102
182,energy_bin,">150 GeV",70,0.867585,0.130954,0.104677
183,energy_bin,">150 GeV",70,0.869258,0.126895,0.09835
184,energy_bin,">150 GeV",70,0.856993,0.135433,0.111274
185,energy_bin,">150 GeV",70,0.862562,0.137393,0.113982
186,energy_bin,">150 GeV",70,0.861545,0.130478,0.109604
187,energy_bin,">150 GeV",70,0.895261,0.114987,0.087933
188,energy_bin,">150 GeV",70,0.883701,0.129457,0.099097
189,energy_bin,">150 GeV",70,0.892645,0.125717,0.103961
190,energy_bin,">150 GeV",70,0.853549,0.16325,0.13126
191,energy_bin,">150 GeV",70,0.852067,0.150561,0.118525
192,energy_bin,">150 GeV",70,0.828904,0.161001,0.144615
193,energy_bin,">150 GeV",70,0.860336,0.156451,0.128979
194,energy_bin,">150 GeV",70,0.883925,0.098929,0.073652
195,energy_bin,">150 GeV",70,0.872844,0.10206,0.085061
196,energy_bin,">150 GeV",70,0.868278,0.136086,0.103165
197,energy_bin,">150 GeV",70,0.855711,0.137584,0.105699
198,energy_bin,">150 GeV",70,0.846988,0.169529,0.13718
199,energy_bin,">150 GeV",70,0.85429,0.140388,0.120461
200,energy_bin,">150 GeV",70,0.911674,0.093535,0.083102
201,energy_bin,">150 GeV",70,0.850425,0.141748,0.106646
202,energy_bin,">150 GeV",70,0.901995,0.086689,0.073343
203,energy_bin,">150 GeV",70,0.862908,0.127594,0.108836
204,energy_bin,">150 GeV",70,0.844628,0.140396,0.11383
205,energy_bin,">150 GeV",70,0.835858,0.161776,0.124845
206,energy_bin,">150 GeV",70,0.907158,0.088112,0.075293
207,energy_bin,">150 GeV",70,0.873956,0.118,0.093409
208,energy_bin,">150 GeV",70,0.842009,0.178608,0.16449
209,energy_bin,">150 GeV",70,0.844891,0.181729,0.145297
210,energy_bin,">150 GeV",70,0.851363,0.172514,0.135811
211,energy_bin,">150 GeV",70,0.902072,0.088028,0.065465
212,energy_bin,">150 GeV",70,0.843925,0.165229,0.1314
213,energy_bin,">150 GeV",70,0.85211,0.142968,0.105025
214,energy_bin,">150 GeV",70,0.876518,0.125355,0.107012
215,energy_bin,">150 GeV",70,0.855862,0.130784,0.104598
216,energy_bin,">150 GeV",70,0.85606,0.148877,0.113117
217,energy_bin,">150 GeV",70,0.835628,0.185261,0.151187
218,energy_bin,">150 GeV",70,0.858151,0.141854,0.106882
219,energy_bin,">150 GeV",70,0.995165,0.115958,0.075336
220,energy_bin,">150 GeV",70,0.831516,0.176449,0.145042
221,energy_bin,">150 GeV",70,0.823314,0.188218,0.163603
222,energy_bin,">150 GeV",70,0.895961,0.102921,0.079693
223,energy_bin,">150 GeV",70,0.860876,0.141948,0.106159
224,energy_bin,">150 GeV",70,0.839109,0.165761,0.139818
225,energy_bin,">150 GeV",70,0.915764,0.087728,0.06535
226,energy_bin,">150 GeV",70,0.850731,0.144943,0.124632
227,energy_bin,">150 GeV",70,0.845634,0.156466,0.130377
228,energy_bin,">150 GeV",70,0.854211,0.152558,0.120193
229,energy_bin,">150 GeV",70,0.834432,0.16729,0.128381
230,energy_bin,">150 GeV",70,0.892494,0.104349,0.082229
231,energy_bin,">150 GeV",70,0.920801,0.194342,0.128032
232,energy_bin,">150 GeV",70,0.831238,0.171261,0.145216
233,energy_bin,">150 GeV",70,0.843883,0.149491,0.122974
234,energy_bin,">150 GeV",70,0.853546,0.152658,0.118155
235,energy_bin,">150 GeV",70,0.85068,0.142234,0.116495
236,energy_bin,">150 GeV",70,0.845369,0.150923,0.134935
237,energy_bin,">150 GeV",70,0.965653,0.134634,0.089443
238,energy_bin,">150 GeV",70,0.899849,0.098952,0.085398
239,energy_bin,">150 GeV",70,0.809308,0.189378,0.157334
240,energy_bin,">150 GeV",70,0.819061,0.168236,0.13842
241,energy_bin,">150 GeV",70,0.861421,0.127958,0.097978
242,energy_bin,">150 GeV",70,0.860899,0.14988,0.13916
243,energy_bin,">150 GeV",70,0.887579,0.08901,0.073393
244,energy_bin,">150 GeV",70,0.850691,0.125457,0.104329
245,energy_bin,">150 GeV",70,0.828694,0.18143,0.14422
246,energy_bin,">150 GeV",70,0.860531,0.132461,0.103847
247,energy_bin,">150 GeV",70,0.842037,0.169961,0.139348
248,energy_bin,">150 GeV",70,0.872521,0.128179,0.096933
249,energy_bin,">150 GeV",70,0.845536,0.145946,0.14171
250,energy_bin,">150 GeV",70,0.80998,0.18049,0.151842
251,energy_bin,">150 GeV",70,0.822334,0.175546,0.150336
252,energy_bin,">150 GeV",70,0.852935,0.166136,0.1268
253,energy_bin,">150 GeV",70,0.800839,0.21106,0.179744
254,energy_bin,">150 GeV",70,0.840419,0.152186,0.124191
255,energy_bin,">150 GeV",70,0.829886,0.166754,0.131567
256,energy_bin,">150 GeV",70,0.843917,0.150683,0.119452
257,energy_bin,">150 GeV",70,0.865785,0.12845,0.102902
258,energy_bin,">150 GeV",70,0.83206,0.20997,0.153287
259,energy_bin,">150 GeV",70,0.811182,0.195517,0.153894
260,energy_bin,">150 GeV",70,0.853318,0.133686,0.109303
261,energy_bin,">150 GeV",70,0.862343,0.133504,0.10861
262,energy_bin,">150 GeV",70,0.94741,0.091452,0.057394
263,energy_bin,">150 GeV",70,0.852322,0.128517,0.111037
264,energy_bin,">150 GeV",70,0.863658,0.143745,0.10882
265,energy_bin,">150 GeV",70,0.861723,0.137974,0.109651
266,energy_bin,">150 GeV",70,0.826122,0.178186,0.145724
267,energy_bin,">150 GeV",70,0.859335,0.152696,0.119935
268,energy_bin,">150 GeV",70,0.850413,0.141552,0.112101
269,energy_bin,">150 GeV",70,0.922851,0.078958,0.059521
270,energy_bin,">150 GeV",70,0.858625,0.144866,0.10888
271,energy_bin,">150 GeV",70,0.823505,0.175216,0.146191
272,energy_bin,">150 GeV",70,0.847959,0.149232,0.120913
273,energy_bin,">150 GeV",70,0.910214,0.079792,0.06032
274,energy_bin,">150 GeV",70,0.824857,0.202501,0.143306
275,energy_bin,">150 GeV",70,0.866418,0.136878,0.111328
276,energy_bin,">150 GeV",70,0.846295,0.155389,0.129869
277,energy_bin,">150 GeV",70,0.868604,0.125141,0.102359
278,energy_bin,">150 GeV",70,0.807629,0.211806,0.178924
279,energy_bin,">150 GeV",70,0.848286,0.147905,0.125622
280,energy_bin,">150 GeV",70,0.83715,0.172596,0.144089
281,energy_bin,">150 GeV",70,0.850749,0.147163,0.119541
282,energy_bin,">150 GeV",70,0.856228,0.131433,0.108559
283,energy_bin,">150 GeV",70,0.852899,0.151424,0.127019
284,energy_bin,">150 GeV",70,0.861225,0.13663,0.108905
285,energy_bin,">150 GeV",70,0.821611,0.202871,0.167342
286,energy_bin,">150 GeV",70,0.860301,0.114104,0.094118
287,energy_bin,">150 GeV",70,0.852903,0.15514,0.124096
288,energy_bin,">150 GeV",70,0.838498,0.160569,0.134712
289,energy_bin,">150 GeV",70,1.021157,0.165803,0.094955
290,energy_bin,">150 GeV",70,0.804745,0.2024,0.148494
291,energy_bin,">150 GeV",70,0.980047,0.194094,0.127074
292,energy_bin,">150 GeV",70,0.84832,0.164724,0.119423
293,energy_bin,">150 GeV",70,0.842328,0.159677,0.129195
294,energy_bin,">150 GeV",70,0.85361,0.163172,0.125212
295,energy_bin,">150 GeV",70,0.891484,0.092721,0.080012
296,energy_bin,">150 GeV",70,0.86036,0.166338,0.136607
297,energy_bin,">150 GeV",70,0.831769,0.186309,0.157775
298,energy_bin,">150 GeV",70,0.831704,0.17626,0.148606
299,energy_bin,">150 GeV",70,0.859923,0.144486,0.111471
300,energy_bin,">150 GeV",70,0.852899,0.138877,0.114202
301,energy_bin,">150 GeV",70,0.853668,0.140892,0.110681
302,energy_bin,">150 GeV",70,0.859209,0.155007,0.117729
303,energy_bin,">150 GeV",70,0.84696,0.176375,0.146336
304,energy_bin,">150 GeV",70,0.864126,0.134474,0.109666
305,energy_bin,">150 GeV",70,0.866978,0.114648,0.092137
306,energy_bin,">150 GeV",70,0.867154,0.129137,0.111033
307,energy_bin,">150 GeV",70,0.841621,0.166615,0.128404
308,energy_bin,">150 GeV",70,0.893301,0.104933,0.081882
309,energy_bin,">150 GeV",70,0.838834,0.175179,0.127113
310,energy_bin,">150 GeV",70,0.831775,0.165443,0.139033
311,energy_bin,">150 GeV",70,0.852052,0.157963,0.125949
312,energy_bin,">150 GeV",70,0.830229,0.177065,0.145283
313,energy_bin,">150 GeV",70,0.875837,0.133128,0.093919
314,energy_bin,">150 GeV",70,0.908906,0.082806,0.069841
315,energy_bin,">150 GeV",70,0.870387,0.128747,0.106276
316,energy_bin,">150 GeV",70,0.841175,0.178788,0.134264
317,energy_bin,">150 GeV",70,0.89418,0.094581,0.08202
318,energy_bin,">150 GeV",70,0.832111,0.183965,0.144166
319,energy_bin,">150 GeV",70,0.844844,0.160822,0.125339
320,energy_bin,">150 GeV",70,0.877698,0.128732,0.104011
321,energy_bin,">150 GeV",70,0.861379,0.136712,0.110614
322,energy_bin,">150 GeV",70,0.864644,0.13437,0.106625
323,energy_bin,">150 GeV",70,0.865947,0.122615,0.100121
324,energy_bin,">150 GeV",70,0.874927,0.123513,0.096798
325,energy_bin,">150 GeV",70,0.829371,0.175619,0.147389
326,energy_bin,">150 GeV",70,0.856918,0.146618,0.119131
327,energy_bin,">150 GeV",70,0.850165,0.161795,0.132925
328,energy_bin,">150 GeV",70,0.853064,0.151257,0.126354
329,energy_bin,">150 GeV",70,0.846071,0.163431,0.127883
330,energy_bin,">150 GeV",70,0.870567,0.121103,0.099152
331,energy_bin,">150 GeV",70,0.843979,0.152937,0.120303
332,energy_bin,">150 GeV",70,0.910929,0.089384,0.075185
333,energy_bin,">150 GeV",70,0.84713,0.157567,0.130727
334,energy_bin,">150 GeV",70,0.891285,0.09221,0.073895
335,energy_bin,">150 GeV",70,0.85568,0.150217,0.140658
336,energy_bin,">150 GeV",70,0.856817,0.157006,0.124819
337,energy_bin,">150 GeV",70,0.855542,0.14408,0.1137
338,energy_bin,">150 GeV",70,0.821101,0.196295,0.154316
339,energy_bin,">150 GeV",70,0.840961,0.161816,0.135037
340,energy_bin,">150 GeV",70,0.82907,0.180566,0.152526
341,energy_bin,">150 GeV",70,0.871833,0.111646,0.090856
342,energy_bin,">150 GeV",70,0.898595,0.091585,0.077487
343,energy_bin,">150 GeV",70,0.833401,0.168683,0.136713
344,energy_bin,">150 GeV",70,0.834255,0.173071,0.142432
345,energy_bin,">150 GeV",70,0.837169,0.168148,0.143125
346,energy_bin,">150 GeV",70,0.8658,0.127508,0.104848
347,energy_bin,">150 GeV",70,0.855524,0.139635,0.118642
348,energy_bin,">150 GeV",70,0.843909,0.16543,0.139246
349,energy_bin,">150 GeV",70,0.854653,0.14545,0.120477
350,energy_bin,">150 GeV",70,0.826973,0.16849,0.143673
351,energy_bin,">150 GeV",70,0.835123,0.166927,0.142419
352,energy_bin,">150 GeV",70,0.837035,0.163104,0.143259
353,energy_bin,">150 GeV",70,0.845192,0.166762,0.140365
354,energy_bin,">150 GeV",70,0.831903,0.165583,0.141321
355,energy_bin,">150 GeV",70,0.834654,0.181743,0.146332
356,energy_bin,">150 GeV",70,0.836768,0.164963,0.140907
357,energy_bin,">150 GeV",70,0.843533,0.18056,0.13665
358,energy_bin,">150 GeV",70,0.845991,0.1714,0.146014
359,energy_bin,">150 GeV",70,0.847287,0.148006,0.123664
360,energy_bin,">150 GeV",70,0.850876,0.146633,0.118455
361,energy_bin,">150 GeV",70,0.858646,0.164228,0.127994
362,energy_bin,">150 GeV",70,0.840292,0.164422,0.138335
363,energy_bin,">150 GeV",70,0.832401,0.179057,0.167755
364,energy_bin,">150 GeV",70,0.838432,0.159942,0.134987
365,energy_bin,">150 GeV",70,0.836887,0.165685,0.149775
366,energy_bin,">150 GeV",70,0.85622,0.150696,0.125659
367,energy_bin,">150 GeV",70,0.854916,0.154151,0.129419
368,energy_bin,">150 GeV",70,0.869266,0.131641,0.109879
369,energy_bin,">150 GeV",70,0.866823,0.13574,0.116737
370,energy_bin,">150 GeV",70,0.870029,0.11283,0.093872
371,energy_bin,">150 GeV",70,0.840061,0.165401,0.136692
372,energy_bin,">150 GeV",70,0.858966,0.148707,0.125895
373,energy_bin,">150 GeV",70,0.860938,0.12864,0.112687
374,energy_bin,">150 GeV",70,0.85672,0.142025,0.113282
375,energy_bin,">150 GeV",70,0.853232,0.14275,0.12005
376,energy_bin,">150 GeV",70,0.841189,0.158409,0.134724
377,energy_bin,">150 GeV",70,0.83252,0.185834,0.132671
378,energy_bin,">150 GeV",70,0.832223,0.16955,0.137974
379,energy_bin,">150 GeV",70,0.85579,0.150166,0.127798
380,energy_bin,">150 GeV",70,0.824135,0.178717,0.126303
381,energy_bin,">150 GeV",70,0.90491,0.106198,0.047382
382,energy_bin,">150 GeV",70,0.857234,0.142486,0.118307
383,energy_bin,">150 GeV",70,0.845204,0.14696,0.12073
384,energy_bin,">150 GeV",70,0.856018,0.149123,0.129918
385,energy_bin,">150 GeV",70,0.859352,0.135884,0.113328
386,energy_bin,">150 GeV",70,0.862193,0.142687,0.125208
387,energy_bin,">150 GeV",70,0.836754,0.138662,0.117599
388,energy_bin,">150 GeV",70,0.863173,0.144236,0.120479
389,energy_bin,">150 GeV",70,0.882427,0.09249,0.074281
390,energy_bin,">150 GeV",70,0.827124,0.188881,0.166583
391,energy_bin,">150 GeV",70,0.86712,0.135408,0.116077
392,energy_bin,">150 GeV",70,0.848074,0.137088,0.118678
393,energy_bin,">150 GeV",70,0.838881,0.16134,0.137975
394,energy_bin,">150 GeV",70,0.846914,0.154139,0.147068
395,energy_bin,">150 GeV",70,0.853367,0.14284,0.123556
396,energy_bin,">150 GeV",70,0.811579,0.208016,0.177233
397,energy_bin,">150 GeV",70,0.833222,0.182182,0.172427
398,energy_bin,">150 GeV",70,0.833832,0.163166,0.143474
399,energy_bin,">150 GeV",70,0.961963,0.056155,0.03987
400,energy_bin,">150 GeV",70,0.858752,0.142615,0.121187
401,energy_bin,">150 GeV",70,0.834127,0.167603,0.144415
402,energy_bin,">150 GeV",70,0.847994,0.158158,0.131627
403,energy_bin,">150 GeV",70,0.925046,0.10772,0.077622
404,energy_bin,">150 GeV",70,0.846018,0.165889,0.139741
405,energy_bin,">150 GeV",70,0.826309,0.187298,0.164298
406,energy_bin,">150 GeV",70,0.837297,0.157286,0.131983
407,energy_bin,">150 GeV",70,0.84272,0.154938,0.127217
408,energy_bin,">150 GeV",70,0.858824,0.145643,0.126259
409,energy_bin,">150 GeV",70,0.91256,0.086531,0.068857
410,energy_bin,">150 GeV",70,0.838975,0.16453,0.13851
411,energy_bin,">150 GeV",70,0.833387,0.186655,0.143536
412,energy_bin,">150 GeV",70,0.847506,0.155263,0.131027
413,energy_bin,">150 GeV",70,0.834158,0.176203,0.146598
414,energy_bin,">150 GeV",70,0.828178,0.187122,0.154651
415,energy_bin,">150 GeV",70,0.838198,0.165417,0.143065
416,energy_bin,">150 GeV",70,0.837662,0.180445,0.155393
417,energy_bin,">150 GeV",70,0.87145,0.128646,0.105381
418,energy_bin,">150 GeV",70,0.856434,0.147897,0.117275
419,energy_bin,">150 GeV",70,0.831975,0.165233,0.142568
420,energy_bin,">150 GeV",70,0.844046,0.142034,0.119168
421,energy_bin,">150 GeV",70,0.890315,0.110439,0.080072
422,energy_bin,">150 GeV",70,0.845416,0.162728,0.134228
423,energy_bin,">150 GeV",70,0.855037,0.136105,0.114777
424,energy_bin,">150 GeV",70,0.857729,0.149894,0.124609
425,energy_bin,">150 GeV",70,0.84109,0.173757,0.150521
426,energy_bin,">150 GeV",70,0.844154,0.159196,0.138282
427,energy_bin,">150 GeV",70,0.832414,0.167897,0.147246
428,energy_bin,">150 GeV",70,0.832302,0.166662,0.134943
429,energy_bin,">150 GeV",70,0.839676,0.159801,0.127295
430,energy_bin,">150 GeV",70,0.871548,0.120869,0.096749
431,energy_bin,">150 GeV",70,0.849531,0.157745,0.141199
432,energy_bin,">150 GeV",70,0.84122,0.156444,0.147858
433,energy_bin,">150 GeV",70,0.862323,0.158832,0.139296
434,energy_bin,">150 GeV",70,0.850589,0.159979,0.126793
435,energy_bin,">150 GeV",70,0.84865,0.154967,0.117593
436,energy_bin,">150 GeV",70,0.847196,0.158599,0.132347
437,energy_bin,">150 GeV",70,0.838104,0.171704,0.142059
438,energy_bin,">150 GeV",70,0.839469,0.169542,0.144032
439,energy_bin,">150 GeV",70,0.895494,0.105893,0.088255
440,energy_bin,">150 GeV",70,0.919226,0.087975,0.06798
441,energy_bin,">150 GeV",70,0.841835,0.159999,0.133364
442,energy_bin,">150 GeV",70,0.832445,0.174735,0.153011
443,energy_bin,">150 GeV",70,0.840512,0.167594,0.138409
444,energy_bin,">150 GeV",70,0.831001,0.20853,0.139142
445,energy_bin,">150 GeV",70,0.827571,0.165264,0.141759
446,energy_bin,">150 GeV",70,0.835302,0.186619,0.160416
447,energy_bin,">150 GeV",70,0.85589,0.133742,0.108397
448,energy_bin,">150 GeV",70,0.839467,0.17422,0.158905
449,energy_bin,">150 GeV",70,0.837831,0.161937,0.137084
450,energy_bin,">150 GeV",70,0.844993,0.15484,0.136586
451,energy_bin,">150 GeV",70,0.839463,0.174411,0.150029
452,energy_bin,">150 GeV",70,0.843791,0.158201,0.126511
453,energy_bin,">150 GeV",70,0.822509,0.182949,0.14963
454,energy_bin,">150 GeV",70,0.866995,0.119883,0.102994
455,energy_bin,">150 GeV",70,0.853345,0.147819,0.126755
456,energy_bin,">150 GeV",70,0.599795,0.171638,0.142426
457,energy_bin,">150 GeV",70,0.87731,0.118973,0.100995
458,energy_bin,">150 GeV",70,0.830307,0.165809,0.142125
459,energy_bin,">150 GeV",70,0.822982,0.183151,0.161981
460,energy_bin,">150 GeV",70,0.839663,0.171308,0.141795
461,energy_bin,">150 GeV",70,0.83766,0.159874,0.135364
462,energy_bin,">150 GeV",70,0.842369,0.154156,0.117843
463,energy_bin,">150 GeV",70,0.819238,0.184623,0.152519
464,energy_bin,">150 GeV",70,0.84966,0.137897,0.119892
465,energy_bin,">150 GeV",70,0.851873,0.153045,0.144035
466,energy_bin,">150 GeV",70,0.839313,0.171022,0.146602
467,energy_bin,">150 GeV",70,0.843577,0.169898,0.149906
468,energy_bin,">150 GeV",70,0.861829,0.149636,0.117159
469,energy_bin,">150 GeV",70,0.867341,0.156814,0.120628
470,energy_bin,">150 GeV",70,0.823615,0.185983,0.176056
471,energy_bin,">150 GeV",70,0.826735,0.180616,0.141043
472,energy_bin,">150 GeV",70,0.831242,0.182199,0.137695
473,energy_bin,">150 GeV",70,0.825408,0.174604,0.146855
474,energy_bin,">150 GeV",70,0.841222,0.164558,0.136511
475,energy_bin,">150 GeV",70,0.832542,0.176821,0.155166
476,energy_bin,">150 GeV",70,0.856047,0.153801,0.12416
477,energy_bin,">150 GeV",70,0.853498,0.144643,0.118622
478,energy_bin,">150 GeV",70,0.840018,0.162098,0.138096
479,energy_bin,">150 GeV",70,0.847466,0.161402,0.136037
480,energy_bin,">150 GeV",70,0.845369,0.157388,0.130675
481,energy_bin,">150 GeV",70,0.848795,0.154159,0.128258
482,energy_bin,">150 GeV",70,0.828689,0.18278,0.163868
483,energy_bin,">150 GeV",70,0.839472,0.165863,0.145374
484,energy_bin,">150 GeV",70,0.834753,0.16909,0.134332
485,energy_bin,">150 GeV",70,0.847838,0.133428,0.122219
486,energy_bin,">150 GeV",70,0.894155,0.10127,0.081439
487,energy_bin,">150 GeV",70,0.841791,0.142194,0.113935
488,energy_bin,">150 GeV",70,0.859231,0.152583,0.120675
489,energy_bin,">150 GeV",70,0.857307,0.149695,0.118159
490,energy_bin,">150 GeV",70,0.831047,0.186507,0.138119
491,energy_bin,">150 GeV",70,0.826533,0.172825,0.152863
492,energy_bin,">150 GeV",70,0.845041,0.145028,0.123042
493,energy_bin,">150 GeV",70,0.841273,0.169305,0.150439
494,energy_bin,">150 GeV",70,0.822847,0.180236,0.154556
495,energy_bin,">150 GeV",70,0.846316,0.14685,0.128062
496,energy_bin,">150 GeV",70,0.834096,0.17201,0.14164
497,energy_bin,">150 GeV",70,0.861077,0.139494,0.113685
498,energy_bin,">150 GeV",70,0.857438,0.151718,0.125797
499,energy_bin,">150 GeV",70,0.831948,0.175689,0.151111
0,particle,"Neutron",11095,7.921176,3.890651,2.974081
1,particle,"Neutron",11095,8.041997,3.996007,3.048987
2,particle,"Neutron",11095,0.922794,0.216729,0.141755
3,particle,"Neutron",11095,0.92911,0.168323,0.100364
4,particle,"Neutron",11095,0.98093,0.153705,0.094929
5,particle,"Neutron",11095,1.022763,0.155303,0.094374
6,particle,"Neutron",11095,0.951524,0.149694,0.090605
7,particle,"Neutron",11095,0.781477,0.147843,0.105557
8,particle,"Neutron",11095,0.855161,0.121271,0.076738
9,particle,"Neutron",11095,1.020732,0.145783,0.094836
10,particle,"Neutron",11095,0.961766,0.143403,0.0992
11,particle,"Neutron",11095,0.9795,0.134437,0.083567
12,particle,"Neutron",11095,0.884496,0.1236,0.080879
13,particle,"Neutron",11095,0.897963,0.127117,0.085091
14,particle,"Neutron",11095,0.816897,0.113632,0.073691
15,particle,"Neutron",11095,0.922674,0.12567,0.079306
16,particle,"Neutron",11095,0.90232,0.122866,0.077246
17,particle,"Neutron",11095,0.94088,0.126269,0.078404
18,particle,"Neutron",11095,0.84536,0.11525,0.073043
19,particle,"Neutron",11095,0.887643,0.118273,0.073546
20,particle,"Neutron",11095,0.930798,0.124605,0.078467
21,particle,"Neutron",11095,0.931138,0.123191,0.078113
22,particle,"Neutron",11095,0.881202,0.116211,0.073584
23,particle,"Neutron",11095,0.818314,0.114642,0.07529
24,particle,"Neutron",11095,0.895811,0.120949,0.077101
25,particle,"Neutron",11095,0.909832,0.119094,0.075628
26,particle,"Neutron",11095,0.89731,0.118426,0.075487
27,particle,"Neutron",11095,0.908616,0.119043,0.075802
28,particle,"Neutron",11095,0.903239,0.119304,0.075454
29,particle,"Neutron",11095,0.878143,0.117073,0.074866
30,particle,"Neutron",11095,0.892809,0.123487,0.080977
31,particle,"Neutron",11095,1.031561,0.139311,0.088148
32,particle,"Neutron",11095,0.989793,0.133016,0.084447
33,particle,"Neutron",11095,0.73861,0.103092,0.066357
34,particle,"Neutron",11095,0.913399,0.121689,0.080048
35,particle,"Neutron",11095,0.951348,0.130693,0.08473
36,particle,"Neutron",11095,0.940378,0.126133,0.079564
37,particle,"Neutron",11095,0.877589,0.11874,0.075545
38,particle,"Neutron",11095,0.917298,0.150904,0.101454
39,particle,"Neutron",11095,0.952478,0.134454,0.081691
40,particle,"Neutron",11095,0.924418,0.176505,0.124419
41,particle,"Neutron",11095,0.953721,0.129221,0.079098
42,particle,"Neutron",11095,0.920741,0.124626,0.077505
43,particle,"Neutron",11095,0.96411,0.133289,0.08055
44,particle,"Neutron",11095,0.853533,0.129634,0.088349
45,particle,"Neutron",11095,0.984367,0.134589,0.080979
46,particle,"Neutron",11095,0.963442,0.13252,0.080923
47,particle,"Neutron",11095,0.938786,0.123084,0.075918
48,particle,"Neutron",11095,0.991452,0.130682,0.082563
49,particle,"Neutron",11095,0.960605,0.126291,0.078689
50,particle,"Neutron",11095,0.957662,0.125995,0.079079
51,particle,"Neutron",11095,0.960531,0.12557,0.079228
52,particle,"Neutron",11095,0.963157,0.126685,0.080308
53,particle,"Neutron",11095,0.959737,0.125484,0.079954
54,particle,"Neutron",11095,0.9556,0.125072,0.077416
55,particle,"Neutron",11095,0.958939,0.125683,0.076882
56,particle,"Neutron",11095,0.957633,0.122672,0.076705
57,particle,"Neutron",11095,0.950534,0.125325,0.078209
58,particle,"Neutron",11095,0.966763,0.124818,0.077448
59,particle,"Neutron",11095,0.950893,0.122752,0.077256
60,particle,"Neutron",11095,0.939433,0.121977,0.076943
61,particle,"Neutron",11095,0.966968,0.127177,0.078762
62,particle,"Neutron",11095,0.957862,0.12552,0.077734
63,particle,"Neutron",11095,0.908005,0.125456,0.076532
64,particle,"Neutron",11095,0.961418,0.128922,0.07843
65,particle,"Neutron",11095,0.996155,0.158036,0.102432
66,particle,"Neutron",11095,0.949809,0.128511,0.079778
67,particle,"Neutron",11095,0.950574,0.135131,0.083305
68,particle,"Neutron",11095,0.895018,0.124442,0.080335
69,particle,"Neutron",11095,1.00435,0.129427,0.079867
70,particle,"Neutron",11095,0.967837,0.131226,0.084133
71,particle,"Neutron",11095,0.970338,0.128958,0.078496
72,particle,"Neutron",11095,0.956408,0.128711,0.079964
73,particle,"Neutron",11095,0.951223,0.126294,0.078967
74,particle,"Neutron",11095,0.957493,0.125848,0.075251
75,particle,"Neutron",11095,0.971506,0.127731,0.077032
76,particle,"Neutron",11095,0.943752,0.127392,0.078584
77,particle,"Neutron",11095,0.948235,0.125124,0.075843
78,particle,"Neutron",11095,0.915084,0.123221,0.077286
79,particle,"Neutron",11095,0.965219,0.131173,0.076739
80,particle,"Neutron",11095,0.959475,0.122675,0.077228
81,particle,"Neutron",11095,0.954395,0.13684,0.076206
82,particle,"Neutron",11095,0.959749,0.126643,0.077024
83,particle,"Neutron",11095,0.95261,0.137342,0.077069
84,particle,"Neutron",11095,0.943608,0.122373,0.074467
85,particle,"Neutron",11095,0.943866,0.124903,0.075045
86,particle,"Neutron",11095,0.959376,0.13022,0.076196
87,particle,"Neutron",11095,0.946161,0.125605,0.076847
88,particle,"Neutron",11095,0.954359,0.125381,0.074964
89,particle,"Neutron",11095,0.87076,0.122021,0.076088
90,particle,"Neutron",11095,0.959786,0.13185,0.075819
91,particle,"Neutron",11095,0.950223,0.12213,0.07415
92,particle,"Neutron",11095,0.953147,0.128273,0.076396
93,particle,"Neutron",11095,0.962546,0.133813,0.076085
94,particle,"Neutron",11095,0.952218,0.125051,0.075823
95,particle,"Neutron",11095,0.936121,0.133543,0.076617
96,particle,"Neutron",11095,0.948473,0.12525,0.075529
97,particle,"Neutron",11095,0.961088,0.124116,0.075568
98,particle,"Neutron",11095,0.952834,0.122045,0.074653
99,particle,"Neutron",11095,0.959084,0.12643,0.075611
100,particle,"Neutron",11095,0.955197,0.12407,0.075359
101,particle,"Neutron",11095,0.960861,0.128426,0.080429
102,particle,"Neutron",11095,0.951977,0.121813,0.076562
103,particle,"Neutron",11095,0.95,0.136407,0.073514
104,particle,"Neutron",11095,0.935148,0.121243,0.073663
105,particle,"Neutron",11095,0.945629,0.119902,0.075653
106,particle,"Neutron",11095,0.969722,0.130157,0.079582
107,particle,"Neutron",11095,0.98848,0.125938,0.077785
108,particle,"Neutron",11095,0.947045,0.124463,0.073667
109,particle,"Neutron",11095,0.946636,0.118277,0.074332
110,particle,"Neutron",11095,0.969015,0.125529,0.075896
111,particle,"Neutron",11095,0.953671,0.128627,0.077292
112,particle,"Neutron",11095,0.958473,0.13539,0.077988
113,particle,"Neutron",11095,0.961623,0.131138,0.07595
114,particle,"Neutron",11095,0.924301,0.119124,0.073478
115,particle,"Neutron",11095,0.964001,0.127525,0.072863
116,particle,"Neutron",11095,0.93543,0.121525,0.073346
117,particle,"Neutron",11095,0.949879,0.118627,0.076555
118,particle,"Neutron",11095,0.965133,0.120986,0.076704
119,particle,"Neutron",11095,0.941752,0.116539,0.07362
120,particle,"Neutron",11095,0.945721,0.120696,0.07426
121,particle,"Neutron",11095,0.947472,0.121619,0.077077
122,particle,"Neutron",11095,0.950942,0.119599,0.075585
123,particle,"Neutron",11095,0.967514,0.123405,0.074258
124,particle,"Neutron",11095,0.95296,0.117621,0.074297
125,particle,"Neutron",11095,0.958899,0.121993,0.073983
126,particle,"Neutron",11095,0.947543,0.115888,0.073568
127,particle,"Neutron",11095,0.967385,0.120247,0.074777
128,particle,"Neutron",11095,0.963043,0.119093,0.073711
129,particle,"Neutron",11095,0.93668,0.115787,0.074389
130,particle,"Neutron",11095,0.958513,0.121213,0.073998
131,particle,"Neutron",11095,0.960375,0.118609,0.074162
132,particle,"Neutron",11095,0.955576,0.116919,0.073659
133,particle,"Neutron",11095,0.954491,0.120413,0.073921
134,particle,"Neutron",11095,0.956234,0.120816,0.07323
135,particle,"Neutron",11095,0.954171,0.117745,0.073758
136,particle,"Neutron",11095,0.954293,0.122077,0.073841
137,particle,"Neutron",11095,0.960804,0.11663,0.073426
138,particle,"Neutron",11095,0.95763,0.121694,0.07334
139,particle,"Neutron",11095,1.039051,0.133551,0.08018
140,particle,"Neutron",11095,0.952032,0.119168,0.073298
141,particle,"Neutron",11095,0.969774,0.119182,0.07545
142,particle,"Neutron",11095,0.961988,0.119385,0.074427
143,particle,"Neutron",11095,0.947645,0.116246,0.073005
144,particle,"Neutron",11095,0.95073,0.117446,0.073255
145,particle,"Neutron",11095,0.929293,0.115667,0.073456
146,particle,"Neutron",11095,0.945245,0.119602,0.074043
147,particle,"Neutron",11095,0.964952,0.116987,0.073026
148,particle,"Neutron",11095,0.9539,0.118584,0.07462
149,particle,"Neutron",11095,0.948936,0.118665,0.074252
150,particle,"Neutron",11095,0.938446,0.11683,0.072893
151,particle,"Neutron",11095,0.947147,0.127259,0.072144
152,particle,"Neutron",11095,0.979857,0.123182,0.07583
153,particle,"Neutron",11095,0.942635,0.119573,0.072382
154,particle,"Neutron",11095,0.948948,0.114497,0.071202
155,particle,"Neutron",11095,0.970185,0.122633,0.076897
156,particle,"Neutron",11095,0.951838,0.118007,0.075112
157,particle,"Neutron",11095,0.975783,0.12157,0.074852
158,particle,"Neutron",11095,0.955103,0.118823,0.074209
159,particle,"Neutron",11095,0.959313,0.11749,0.074011
160,particle,"Neutron",11095,0.944623,0.11835,0.074432
161,particle,"Neutron",11095,0.949782,0.115794,0.071807
162,particle,"Neutron",11095,0.95824,0.123209,0.072178
163,particle,"Neutron",11095,0.961218,0.121291,0.073085
164,particle,"Neutron",11095,0.945106,0.120977,0.071354
165,particle,"Neutron",11095,0.959419,0.119531,0.073661
166,particle,"Neutron",11095,0.951482,0.115073,0.072
167,particle,"Neutron",11095,0.966055,0.119008,0.072772
168,particle,"Neutron",11095,0.958354,0.121481,0.073606
169,particle,"Neutron",11095,0.949522,0.117765,0.072528
170,particle,"Neutron",11095,0.963979,0.120722,0.074694
171,particle,"Neutron",11095,0.959595,0.116637,0.072405
172,particle,"Neutron",11095,0.95589,0.117809,0.073164
173,particle,"Neutron",11095,0.96501,0.122062,0.072484
174,particle,"Neutron",11095,0.950889,0.115288,0.072244
175,particle,"Neutron",11095,0.966667,0.119297,0.072497
176,particle,"Neutron",11095,0.959888,0.119024,0.072478
177,particle,"Neutron",11095,0.963369,0.120469,0.07292
178,particle,"Neutron",11095,0.951982,0.116685,0.07242
179,particle,"Neutron",11095,0.95875,0.119387,0.073531
180,particle,"Neutron",11095,0.958403,0.115181,0.071743
181,particle,"Neutron",11095,0.957032,0.118993,0.073335
182,particle,"Neutron",11095,0.95718,0.117712,0.072297
183,particle,"Neutron",11095,0.9635,0.117828,0.072979
184,particle,"Neutron",11095,0.956413,0.117735,0.072445
185,particle,"Neutron",11095,0.961105,0.118569,0.073641
186,particle,"Neutron",11095,0.963225,0.121895,0.073184
187,particle,"Neutron",11095,0.958422,0.119518,0.076362
188,particle,"Neutron",11095,0.972282,0.119275,0.074397
189,particle,"Neutron",11095,0.967261,0.117652,0.074494
190,particle,"Neutron",11095,0.95549,0.115815,0.073455
191,particle,"Neutron",11095,0.956777,0.117762,0.073713
192,particle,"Neutron",11095,0.9527,0.114313,0.072147
193,particle,"Neutron",11095,0.977365,0.120543,0.076514
194,particle,"Neutron",11095,0.932076,0.113366,0.07274
195,particle,"Neutron",11095,0.954552,0.116191,0.071952
196,particle,"Neutron",11095,0.958048,0.116437,0.071708
197,particle,"Neutron",11095,0.934852,0.115754,0.073139
198,particle,"Neutron",11095,0.953727,0.121126,0.075086
199,particle,"Neutron",11095,0.949666,0.115966,0.073094
200,particle,"Neutron",11095,0.964542,0.120955,0.074127
201,particle,"Neutron",11095,0.956177,0.116205,0.072851
202,particle,"Neutron",11095,0.953775,0.119089,0.074317
203,particle,"Neutron",11095,0.95792,0.116207,0.072537
204,particle,"Neutron",11095,0.947332,0.112616,0.070958
205,particle,"Neutron",11095,0.966122,0.120583,0.072623
206,particle,"Neutron",11095,0.958946,0.120092,0.074212
207,particle,"Neutron",11095,0.971089,0.118672,0.072847
208,particle,"Neutron",11095,0.970448,0.117394,0.074033
209,particle,"Neutron",11095,0.965005,0.117928,0.074356
210,particle,"Neutron",11095,0.965857,0.120874,0.073715
211,particle,"Neutron",11095,0.947503,0.114367,0.07333
212,particle,"Neutron",11095,0.95254,0.115353,0.072221
213,particle,"Neutron",11095,0.957107,0.114357,0.072182
214,particle,"Neutron",11095,0.959561,0.114791,0.071462
215,particle,"Neutron",11095,0.957521,0.115646,0.071869
216,particle,"Neutron",11095,0.948789,0.113453,0.071765
217,particle,"Neutron",11095,0.962209,0.114421,0.073062
218,particle,"Neutron",11095,0.95964,0.136689,0.073413
219,particle,"Neutron",11095,0.943746,0.119457,0.072685
220,particle,"Neutron",11095,0.965298,0.11482,0.072553
221,particle,"Neutron",11095,0.958172,0.127087,0.072363
222,particle,"Neutron",11095,0.966537,0.143684,0.072502
223,particle,"Neutron",11095,0.962428,0.116388,0.07302
224,particle,"Neutron",11095,0.963119,0.144991,0.072291
225,particle,"Neutron",11095,0.959468,0.151666,0.083611
226,particle,"Neutron",11095,0.951219,0.13905,0.072907
227,particle,"Neutron",11095,0.960268,0.150871,0.071993
228,particle,"Neutron",11095,0.967321,0.144703,0.072454
229,particle,"Neutron",11095,0.960043,0.125723,0.071639
230,particle,"Neutron",11095,0.963813,0.155262,0.071916
231,particle,"Neutron",11095,0.894322,0.160964,0.091723
232,particle,"Neutron",11095,0.959458,0.144337,0.072352
233,particle,"Neutron",11095,0.954738,0.13753,0.072954
234,particle,"Neutron",11095,0.959506,0.141078,0.071904
235,particle,"Neutron",11095,0.956508,0.138272,0.072475
236,particle,"Neutron",11095,0.955492,0.142385,0.072212
237,particle,"Neutron",11095,0.884761,0.154086,0.071784
238,particle,"Neutron",11095,0.954129,0.145162,0.07238
239,particle,"Neutron",11095,0.962042,0.137145,0.07208
240,particle,"Neutron",11095,0.96011,0.130478,0.072043
241,particle,"Neutron",11095,0.957164,0.145276,0.071895
242,particle,"Neutron",11095,0.982412,0.137915,0.073063
243,particle,"Neutron",11095,0.952793,0.128711,0.07143
244,particle,"Neutron",11095,0.943545,0.131516,0.070839
245,particle,"Neutron",11095,0.972184,0.147586,0.072239
246,particle,"Neutron",11095,0.95301,0.125639,0.071822
247,particle,"Neutron",11095,0.960684,0.137205,0.073045
248,particle,"Neutron",11095,0.978278,0.156905,0.072371
249,particle,"Neutron",11095,0.942339,0.12755,0.071042
250,particle,"Neutron",11095,0.949326,0.129574,0.072148
251,particle,"Neutron",11095,0.96671,0.135856,0.073538
252,particle,"Neutron",11095,0.96708,0.123044,0.072893
253,particle,"Neutron",11095,0.960815,0.125714,0.072949
254,particle,"Neutron",11095,0.952719,0.134971,0.071765
255,particle,"Neutron",11095,0.953526,0.124621,0.073563
256,particle,"Neutron",11095,0.959485,0.130434,0.071786
257,particle,"Neutron",11095,0.961069,0.119447,0.072169
258,particle,"Neutron",11095,0.989958,0.126379,0.080062
259,particle,"Neutron",11095,0.950398,0.130332,0.073791
260,particle,"Neutron",11095,0.94791,0.118259,0.07254
261,particle,"Neutron",11095,0.951021,0.128625,0.072428
262,particle,"Neutron",11095,0.951862,0.129595,0.072161
263,particle,"Neutron",11095,0.975366,0.149463,0.075914
264,particle,"Neutron",11095,0.953057,0.136252,0.072217
265,particle,"Neutron",11095,0.9636,0.136559,0.072386
266,particle,"Neutron",11095,0.953881,0.125163,0.071236
267,particle,"Neutron",11095,0.959511,0.129826,0.072317
268,particle,"Neutron",11095,0.957263,0.143793,0.072323
269,particle,"Neutron",11095,0.9587,0.13321,0.074667
270,particle,"Neutron",11095,0.961362,0.135743,0.073922
271,particle,"Neutron",11095,0.962505,0.144883,0.071679
272,particle,"Neutron",11095,0.953418,0.116929,0.07157
273,particle,"Neutron",11095,0.925182,0.129711,0.06943
274,particle,"Neutron",11095,0.960876,0.145315,0.071923
275,particle,"Neutron",11095,0.958701,0.141031,0.072282
276,particle,"Neutron",11095,0.950174,0.143046,0.072425
277,particle,"Neutron",11095,0.957099,0.138335,0.072365
278,particle,"Neutron",11095,0.986177,0.134722,0.075233
279,particle,"Neutron",11095,0.971741,0.136237,0.072333
280,particle,"Neutron",11095,0.960806,0.149915,0.072123
281,particle,"Neutron",11095,0.962513,0.145965,0.071968
282,particle,"Neutron",11095,0.951992,0.134405,0.07245
283,particle,"Neutron",11095,0.962651,0.143775,0.072335
284,particle,"Neutron",11095,0.962158,0.136894,0.072127
285,particle,"Neutron",11095,0.961677,0.145724,0.072765
286,particle,"Neutron",11095,0.958174,0.114622,0.072244
287,particle,"Neutron",11095,0.960034,0.144575,0.073008
288,particle,"Neutron",11095,0.957317,0.142394,0.071968
289,particle,"Neutron",11095,0.926616,0.122049,0.072606
290,particle,"Neutron",11095,0.950419,0.114806,0.071833
291,particle,"Neutron",11095,0.87262,0.166955,0.089864
292,particle,"Neutron",11095,0.957854,0.138979,0.072496
293,particle,"Neutron",11095,0.961387,0.143717,0.072065
294,particle,"Neutron",11095,0.966531,0.140751,0.072027
295,particle,"Neutron",11095,0.958249,0.131195,0.072648
296,particle,"Neutron",11095,0.962976,0.126575,0.07415
297,particle,"Neutron",11095,0.978975,0.122133,0.073143
298,particle,"Neutron",11095,0.962263,0.122754,0.071667
299,particle,"Neutron",11095,0.956174,0.116226,0.072767
300,particle,"Neutron",11095,0.958698,0.119633,0.071477
301,particle,"Neutron",11095,0.956327,0.121413,0.071464
302,particle,"Neutron",11095,0.969717,0.123068,0.071749
303,particle,"Neutron",11095,0.967203,0.11862,0.073223
304,particle,"Neutron",11095,0.960501,0.118259,0.073402
305,particle,"Neutron",11095,0.933687,0.120636,0.071902
306,particle,"Neutron",11095,0.964282,0.133215,0.072301
307,particle,"Neutron",11095,0.960426,0.121845,0.07312
308,particle,"Neutron",11095,0.967978,0.117502,0.071798
309,particle,"Neutron",11095,0.96398,0.118866,0.072959
310,particle,"Neutron",11095,0.95449,0.1145,0.072405
311,particle,"Neutron",11095,0.965178,0.122389,0.071333
312,particle,"Neutron",11095,0.954634,0.125392,0.072015
313,particle,"Neutron",11095,0.959036,0.118164,0.072686
314,particle,"Neutron",11095,0.975739,0.120866,0.073781
315,particle,"Neutron",11095,0.955076,0.121064,0.072352
316,particle,"Neutron",11095,0.95319,0.124316,0.074375
317,particle,"Neutron",11095,0.956076,0.114705,0.072286
318,particle,"Neutron",11095,0.957421,0.12962,0.073069
319,particle,"Neutron",11095,0.962087,0.127408,0.072594
320,particle,"Neutron",11095,0.961052,0.120264,0.074022
321,particle,"Neutron",11095,0.959879,0.117549,0.072431
322,particle,"Neutron",11095,0.957903,0.12023,0.071438
323,particle,"Neutron",11095,0.949797,0.117852,0.07255
324,particle,"Neutron",11095,0.954784,0.116903,0.073664
325,particle,"Neutron",11095,0.968348,0.11848,0.072801
326,particle,"Neutron",11095,0.965676,0.114918,0.072982
327,particle,"Neutron",11095,0.95683,0.117057,0.07258
328,particle,"Neutron",11095,0.955231,0.116035,0.072148
329,particle,"Neutron",11095,0.960487,0.115348,0.072373
330,particle,"Neutron",11095,0.9586,0.120049,0.072286
331,particle,"Neutron",11095,0.956471,0.117876,0.07127
332,particle,"Neutron",11095,0.96226,0.119284,0.073039
333,particle,"Neutron",11095,0.956554,0.125197,0.072772
334,particle,"Neutron",11095,0.954801,0.122619,0.072813
335,particle,"Neutron",11095,0.960547,0.117534,0.072068
336,particle,"Neutron",11095,0.95977,0.124828,0.072925
337,particle,"Neutron",11095,0.955846,0.122965,0.071858
338,particle,"Neutron",11095,0.960894,0.114839,0.071701
339,particle,"Neutron",11095,0.958055,0.1277,0.072587
340,particle,"Neutron",11095,0.960567,0.125858,0.071989
341,particle,"Neutron",11095,0.949773,0.120771,0.072092
342,particle,"Neutron",11095,0.952367,0.118494,0.072302
343,particle,"Neutron",11095,0.962582,0.125163,0.072512
344,particle,"Neutron",11095,0.966244,0.127123,0.071734
345,particle,"Neutron",11095,0.957522,0.119852,0.072225
346,particle,"Neutron",11095,0.955649,0.119208,0.071015
347,particle,"Neutron",11095,0.958625,0.122263,0.072221
348,particle,"Neutron",11095,0.961677,0.121602,0.071533
349,particle,"Neutron",11095,0.952002,0.130379,0.071267
350,particle,"Neutron",11095,0.959241,0.127491,0.071669
351,particle,"Neutron",11095,0.96117,0.120521,0.071236
352,particle,"Neutron",11095,0.953845,0.121912,0.07151
353,particle,"Neutron",11095,0.965294,0.135799,0.07188
354,particle,"Neutron",11095,0.956995,0.115948,0.07209
355,particle,"Neutron",11095,0.963634,0.127692,0.071977
356,particle,"Neutron",11095,0.956526,0.127703,0.072612
357,particle,"Neutron",11095,0.961957,0.128809,0.071542
358,particle,"Neutron",11095,0.966243,0.118865,0.072662
359,particle,"Neutron",11095,0.962612,0.124893,0.071409
360,particle,"Neutron",11095,0.959353,0.12606,0.071619
361,particle,"Neutron",11095,0.964062,0.12255,0.073301
362,particle,"Neutron",11095,0.956882,0.124987,0.07324
363,particle,"Neutron",11095,0.951095,0.121814,0.072144
364,particle,"Neutron",11095,0.956863,0.117677,0.072457
365,particle,"Neutron",11095,0.949542,0.116933,0.072258
366,particle,"Neutron",11095,0.956853,0.119228,0.072907
367,particle,"Neutron",11095,0.967693,0.132165,0.072267
368,particle,"Neutron",11095,0.956562,0.117,0.071801
369,particle,"Neutron",11095,0.958546,0.123752,0.073037
370,particle,"Neutron",11095,0.948008,0.141466,0.072354
371,particle,"Neutron",11095,0.951252,0.130436,0.072944
372,particle,"Neutron",11095,0.968629,0.135883,0.07296
373,particle,"Neutron",11095,0.951427,0.118212,0.072417
374,particle,"Neutron",11095,0.959947,0.119697,0.072503
375,particle,"Neutron",11095,0.961119,0.118375,0.072262
376,particle,"Neutron",11095,0.964176,0.124235,0.073068
377,particle,"Neutron",11095,0.954399,0.115811,0.071781
378,particle,"Neutron",11095,0.948099,0.128282,0.072131
379,particle,"Neutron",11095,0.960146,0.137885,0.073569
380,particle,"Neutron",11095,0.956071,0.126199,0.071453
381,particle,"Neutron",11095,0.89141,0.131856,0.071085
382,particle,"Neutron",11095,0.95652,0.127828,0.072628
383,particle,"Neutron",11095,0.953045,0.12309,0.072866
384,particle,"Neutron",11095,0.955642,0.140473,0.071874
385,particle,"Neutron",11095,0.957543,0.14078,0.070989
386,particle,"Neutron",11095,0.967869,0.131272,0.071755
387,particle,"Neutron",11095,0.938241,0.137379,0.071473
388,particle,"Neutron",11095,0.958042,0.13366,0.073061
389,particle,"Neutron",11095,0.961438,0.126847,0.074399
390,particle,"Neutron",11095,0.96023,0.135895,0.072321
391,particle,"Neutron",11095,0.961878,0.124387,0.071837
392,particle,"Neutron",11095,0.962536,0.131595,0.073254
393,particle,"Neutron",11095,0.959326,0.12562,0.07248
394,particle,"Neutron",11095,0.948694,0.122721,0.071882
395,particle,"Neutron",11095,0.957395,0.1333,0.07203
396,particle,"Neutron",11095,0.959543,0.127266,0.0718
397,particle,"Neutron",11095,0.96802,0.13858,0.071351
398,particle,"Neutron",11095,0.964825,0.121034,0.071841
399,particle,"Neutron",11095,0.963796,0.118851,0.073395
400,particle,"Neutron",11095,0.96111,0.132781,0.072893
401,particle,"Neutron",11095,0.959683,0.12773,0.071852
402,particle,"Neutron",11095,0.963223,0.120456,0.07095
403,particle,"Neutron",11095,0.976312,0.13165,0.070902
404,particle,"Neutron",11095,0.966084,0.12008,0.071505
405,particle,"Neutron",11095,0.967987,0.133425,0.072448
406,particle,"Neutron",11095,0.950568,0.112371,0.071259
407,particle,"Neutron",11095,0.957838,0.12082,0.072563
408,particle,"Neutron",11095,0.964497,0.116333,0.071809
409,particle,"Neutron",11095,0.961828,0.125972,0.07189
410,particle,"Neutron",11095,0.958249,0.1294,0.072153
411,particle,"Neutron",11095,0.959163,0.129195,0.072346
412,particle,"Neutron",11095,0.959249,0.125037,0.072966
413,particle,"Neutron",11095,0.965485,0.132273,0.071812
414,particle,"Neutron",11095,0.962917,0.125796,0.072542
415,particle,"Neutron",11095,0.957453,0.133757,0.07145
416,particle,"Neutron",11095,0.962342,0.126701,0.072132
417,particle,"Neutron",11095,0.960894,0.124517,0.072065
418,particle,"Neutron",11095,0.960992,0.12373,0.072387
419,particle,"Neutron",11095,0.950243,0.122721,0.072315
420,particle,"Neutron",11095,0.950667,0.127601,0.072213
421,particle,"Neutron",11095,0.955645,0.122838,0.071586
422,particle,"Neutron",11095,0.960751,0.131004,0.07308
423,particle,"Neutron",11095,0.954861,0.125416,0.072026
424,particle,"Neutron",11095,0.96258,0.129902,0.071786
425,particle,"Neutron",11095,0.961406,0.132878,0.072417
426,particle,"Neutron",11095,0.969142,0.128484,0.071357
427,particle,"Neutron",11095,0.962345,0.123962,0.071833
428,particle,"Neutron",11095,0.946801,0.118513,0.072132
429,particle,"Neutron",11095,0.955226,0.115021,0.071223
430,particle,"Neutron",11095,0.957089,0.115851,0.071846
431,particle,"Neutron",11095,0.963458,0.122308,0.072722
432,particle,"Neutron",11095,0.955583,0.123914,0.072605
433,particle,"Neutron",11095,1.006412,0.131594,0.075689
434,particle,"Neutron",11095,0.961348,0.121047,0.071557
435,particle,"Neutron",11095,0.949432,0.116039,0.072619
436,particle,"Neutron",11095,0.957291,0.113029,0.071325
437,particle,"Neutron",11095,0.959714,0.116109,0.071227
438,particle,"Neutron",11095,0.959422,0.120387,0.072165
439,particle,"Neutron",11095,0.96201,0.115696,0.073003
440,particle,"Neutron",11095,0.936385,0.125494,0.074318
441,particle,"Neutron",11095,0.969579,0.119945,0.071998
442,particle,"Neutron",11095,0.965846,0.116298,0.072021
443,particle,"Neutron",11095,0.955456,0.118783,0.071901
444,particle,"Neutron",11095,0.963445,0.126245,0.071741
445,particle,"Neutron",11095,0.946801,0.117988,0.072047
446,particle,"Neutron",11095,0.965895,0.118146,0.073145
447,particle,"Neutron",11095,0.958654,0.123915,0.07142
448,particle,"Neutron",11095,0.967148,0.118824,0.073014
449,particle,"Neutron",11095,0.954654,0.117273,0.070922
450,particle,"Neutron",11095,0.959215,0.116548,0.071841
451,particle,"Neutron",11095,0.964138,0.118132,0.072768
452,particle,"Neutron",11095,0.967479,0.116308,0.071654
453,particle,"Neutron",11095,0.957418,0.120881,0.072324
454,particle,"Neutron",11095,0.961677,0.115427,0.072084
455,particle,"Neutron",11095,0.953718,0.117876,0.071939
456,particle,"Neutron",11095,0.652859,0.160963,0.124881
457,particle,"Neutron",11095,0.96608,0.115404,0.07331
458,particle,"Neutron",11095,0.95532,0.124659,0.071574
459,particle,"Neutron",11095,0.963763,0.118128,0.07307
460,particle,"Neutron",11095,0.964113,0.117183,0.073199
461,particle,"Neutron",11095,0.960621,0.11772,0.071625
462,particle,"Neutron",11095,0.955781,0.113097,0.071829
463,particle,"Neutron",11095,0.971785,0.118701,0.072382
464,particle,"Neutron",11095,0.955242,0.116054,0.072176
465,particle,"Neutron",11095,0.964265,0.117899,0.072513
466,particle,"Neutron",11095,0.958372,0.117243,0.07211
467,particle,"Neutron",11095,0.971494,0.11935,0.071253
468,particle,"Neutron",11095,0.964866,0.117964,0.073282
469,particle,"Neutron",11095,0.969386,0.122755,0.073188
470,particle,"Neutron",11095,0.964369,0.119712,0.07201
471,particle,"Neutron",11095,0.961397,0.114877,0.070958
472,particle,"Neutron",11095,0.9557,0.116461,0.072163
473,particle,"Neutron",11095,0.957817,0.115916,0.071455
474,particle,"Neutron",11095,0.964221,0.114945,0.072084
475,particle,"Neutron",11095,0.957795,0.121828,0.071646
476,particle,"Neutron",11095,0.960782,0.115209,0.071949
477,particle,"Neutron",11095,0.954138,0.120619,0.071162
478,particle,"Neutron",11095,0.959853,0.119922,0.071545
479,particle,"Neutron",11095,0.966858,0.117694,0.071439
480,particle,"Neutron",11095,0.965096,0.115272,0.072104
481,particle,"Neutron",11095,0.959651,0.119009,0.072045
482,particle,"Neutron",11095,0.965548,0.119611,0.071274
483,particle,"Neutron",11095,0.953766,0.12461,0.071676
484,particle,"Neutron",11095,0.96368,0.115792,0.071928
485,particle,"Neutron",11095,0.958003,0.1165,0.072325
486,particle,"Neutron",11095,0.959373,0.121293,0.072044
487,particle,"Neutron",11095,0.953847,0.123313,0.073149
488,particle,"Neutron",11095,0.959328,0.122475,0.072557
489,particle,"Neutron",11095,0.962681,0.116564,0.071155
490,particle,"Neutron",11095,0.964564,0.119013,0.071882
491,particle,"Neutron",11095,0.96223,0.126623,0.071868
492,particle,"Neutron",11095,0.956734,0.124307,0.071881
493,particle,"Neutron",11095,0.964687,0.116232,0.072924
494,particle,"Neutron",11095,0.958757,0.118638,0.072717
495,particle,"Neutron",11095,0.955725,0.119753,0.071615
496,particle,"Neutron",11095,0.964021,0.11635,0.071598
497,particle,"Neutron",11095,0.957878,0.115482,0.071348
498,particle,"Neutron",11095,0.961806,0.115005,0.071738
499,particle,"Neutron",11095,0.955784,0.124449,0.072253
0,particle,"K0",11257,8.641914,4.601304,3.393068
1,particle,"K0",11257,8.795974,4.748943,3.512169
2,particle,"K0",11257,0.954138,0.204703,0.139287
3,particle,"K0",11257,0.976346,0.155563,0.096624
4,particle,"K0",11257,1.036387,0.189387,0.111827
5,particle,"K0",11257,1.080525,0.176967,0.106057
6,particle,"K0",11257,1.003176,0.147581,0.088616
7,particle,"K0",11257,0.823218,0.138719,0.094697
8,particle,"K0",11257,0.903621,0.14609,0.085033
9,particle,"K0",11257,1.076404,0.172767,0.100156
10,particle,"K0",11257,1.013961,0.154679,0.092426
11,particle,"K0",11257,1.034743,0.176909,0.090658
12,particle,"K0",11257,0.934553,0.151831,0.091954
13,particle,"K0",11257,0.944205,0.150016,0.087445
14,particle,"K0",11257,0.862519,0.143643,0.085005
15,particle,"K0",11257,0.974597,0.140396,0.081503
16,particle,"K0",11257,0.952606,0.141018,0.082035
17,particle,"K0",11257,0.995232,0.164064,0.085674
18,particle,"K0",11257,0.891342,0.139243,0.081069
19,particle,"K0",11257,0.937515,0.156567,0.080349
20,particle,"K0",11257,0.981937,0.152819,0.08634
21,particle,"K0",11257,0.983524,0.148296,0.08141
22,particle,"K0",11257,0.931228,0.1503,0.083345
23,particle,"K0",11257,0.865034,0.136,0.083148
24,particle,"K0",11257,0.945737,0.13701,0.07937
25,particle,"K0",11257,0.960902,0.143439,0.079772
26,particle,"K0",11257,0.947699,0.142371,0.080054
27,particle,"K0",11257,0.959527,0.143759,0.079368
28,particle,"K0",11257,0.954072,0.140638,0.079273
29,particle,"K0",11257,0.927513,0.142923,0.082095
30,particle,"K0",11257,0.94423,0.147144,0.083679
31,particle,"K0",11257,1.08903,0.169791,0.097458
32,particle,"K0",11257,1.044787,0.161738,0.09263
33,particle,"K0",11257,0.77908,0.110399,0.065212
34,particle,"K0",11257,0.965409,0.150746,0.081554
35,particle,"K0",11257,1.003752,0.147102,0.086034
36,particle,"K0",11257,0.99542,0.14679,0.083878
37,particle,"K0",11257,0.928692,0.132576,0.076999
38,particle,"K0",11257,0.964074,0.17125,0.110388
39,particle,"K0",11257,1.009215,0.154562,0.086203
40,particle,"K0",11257,0.977419,0.179533,0.120276
41,particle,"K0",11257,1.005157,0.16808,0.086177
42,particle,"K0",11257,0.97299,0.153525,0.079493
43,particle,"K0",11257,1.019276,0.152506,0.084923
44,particle,"K0",11257,0.901517,0.143719,0.081911
45,particle,"K0",11257,1.03854,0.156734,0.085673
46,particle,"K0",11257,1.016234,0.165417,0.087771
47,particle,"K0",11257,0.993752,0.144851,0.079922
48,particle,"K0",11257,1.048134,0.16994,0.092802
49,particle,"K0",11257,1.015702,0.155316,0.082033
50,particle,"K0",11257,1.010349,0.15503,0.084332
51,particle,"K0",11257,1.013135,0.155009,0.082026
52,particle,"K0",11257,1.016033,0.1489,0.082314
53,particle,"K0",11257,1.012901,0.145637,0.080308
54,particle,"K0",11257,1.007169,0.153678,0.082933
55,particle,"K0",11257,1.011906,0.153068,0.082663
56,particle,"K0",11257,1.011411,0.149821,0.081211
57,particle,"K0",11257,1.004443,0.157915,0.087559
58,particle,"K0",11257,1.019841,0.15129,0.082434
59,particle,"K0",11257,1.004594,0.147495,0.079204
60,particle,"K0",11257,0.991539,0.142838,0.07829
61,particle,"K0",11257,1.02412,0.16219,0.088409
62,particle,"K0",11257,1.01195,0.150422,0.080232
63,particle,"K0",11257,0.960168,0.150873,0.080389
64,particle,"K0",11257,1.01374,0.161232,0.084558
65,particle,"K0",11257,1.054515,0.201705,0.124574
66,particle,"K0",11257,1.000927,0.153188,0.086267
67,particle,"K0",11257,1.001605,0.167035,0.097164
68,particle,"K0",11257,0.946337,0.13533,0.076857
69,particle,"K0",11257,1.061687,0.170625,0.087398
70,particle,"K0",11257,1.022496,0.144477,0.08355
71,particle,"K0",11257,1.024785,0.161539,0.081157
72,particle,"K0",11257,1.006702,0.149536,0.081418
73,particle,"K0",11257,1.003263,0.154278,0.080385
74,particle,"K0",11257,1.00996,0.177376,0.081315
75,particle,"K0",11257,1.028027,0.163788,0.08186
76,particle,"K0",11257,0.994984,0.139546,0.079018
77,particle,"K0",11257,1.001058,0.145185,0.079504
78,particle,"K0",11257,0.968257,0.140882,0.078485
79,particle,"K0",11257,1.020565,0.157652,0.081258
80,particle,"K0",11257,1.013311,0.144329,0.078221
81,particle,"K0",11257,1.007114,0.155288,0.077448
82,particle,"K0",11257,1.014358,0.149905,0.077616
83,particle,"K0",11257,1.003976,0.159021,0.080399
84,particle,"K0",11257,0.99653,0.146597,0.078209
85,particle,"K0",11257,0.994374,0.148124,0.077821
86,particle,"K0",11257,1.01239,0.146428,0.077086
87,particle,"K0",11257,0.998284,0.141175,0.07524
88,particle,"K0",11257,1.006713,0.148456,0.077315
89,particle,"K0",11257,0.916853,0.140216,0.073149
90,particle,"K0",11257,1.011677,0.147733,0.077924
91,particle,"K0",11257,1.002417,0.149417,0.077051
92,particle,"K0",11257,1.004586,0.140758,0.076898
93,particle,"K0",11257,1.014411,0.145651,0.07789
94,particle,"K0",11257,1.005351,0.150647,0.076669
95,particle,"K0",11257,0.992461,0.14671,0.081383
96,particle,"K0",11257,0.999566,0.143776,0.077288
97,particle,"K0",11257,1.014419,0.148422,0.07782
98,particle,"K0",11257,1.004008,0.148801,0.078653
99,particle,"K0",11257,1.011272,0.148384,0.078008
100,particle,"K0",11257,1.008706,0.150785,0.080097
101,particle,"K0",11257,1.011516,0.146939,0.079661
102,particle,"K0",11257,1.003034,0.153309,0.07992
103,particle,"K0",11257,0.999465,0.173199,0.080257
104,particle,"K0",11257,0.987335,0.147971,0.076123
105,particle,"K0",11257,0.998806,0.142666,0.07516
106,particle,"K0",11257,1.0205,0.146818,0.079472
107,particle,"K0",11257,1.041671,0.16528,0.08835
108,particle,"K0",11257,1.000011,0.153209,0.077295
109,particle,"K0",11257,1.001297,0.147792,0.075348
110,particle,"K0",11257,1.024209,0.152929,0.077195
111,particle,"K0",11257,1.005756,0.152865,0.076886
112,particle,"K0",11257,1.008972,0.140889,0.076556
113,particle,"K0",11257,1.012953,0.146862,0.077064
114,particle,"K0",11257,0.972572,0.143314,0.075765
115,particle,"K0",11257,1.019126,0.154431,0.078786
116,particle,"K0",11257,0.984805,0.144174,0.076382
117,particle,"K0",11257,1.001333,0.141783,0.075675
118,particle,"K0",11257,1.017399,0.145216,0.077573
119,particle,"K0",11257,0.993782,0.141549,0.074445
120,particle,"K0",11257,0.996333,0.136551,0.074796
121,particle,"K0",11257,0.997274,0.137658,0.076152
122,particle,"K0",11257,1.004535,0.138138,0.074883
123,particle,"K0",11257,1.021223,0.145308,0.078678
124,particle,"K0",11257,1.004992,0.140454,0.076492
125,particle,"K0",11257,1.010714,0.141335,0.076144
126,particle,"K0",11257,0.999643,0.140053,0.074885
127,particle,"K0",11257,1.021202,0.14224,0.076433
128,particle,"K0",11257,1.015929,0.147595,0.07721
129,particle,"K0",11257,0.986316,0.140461,0.076901
130,particle,"K0",11257,1.010849,0.144261,0.076357
131,particle,"K0",11257,1.013126,0.14142,0.076265
132,particle,"K0",11257,1.008332,0.144354,0.076872
133,particle,"K0",11257,1.005925,0.14257,0.07808
134,particle,"K0",11257,1.009354,0.14313,0.075438
135,particle,"K0",11257,1.007231,0.143645,0.075899
136,particle,"K0",11257,1.006484,0.14222,0.075588
137,particle,"K0",11257,1.014305,0.145073,0.075919
138,particle,"K0",11257,1.011095,0.145122,0.076084
139,particle,"K0",11257,1.096075,0.162987,0.085061
140,particle,"K0",11257,1.004176,0.142876,0.075898
141,particle,"K0",11257,1.022185,0.142348,0.078318
142,particle,"K0",11257,1.015318,0.145638,0.075767
143,particle,"K0",11257,1.001001,0.139884,0.075203
144,particle,"K0",11257,1.003257,0.145211,0.077066
145,particle,"K0",11257,0.977366,0.140132,0.07762
146,particle,"K0",11257,0.999294,0.138806,0.074007
147,particle,"K0",11257,1.019294,0.144576,0.076206
148,particle,"K0",11257,1.004043,0.139939,0.076344
149,particle,"K0",11257,1.002185,0.136339,0.074482
150,particle,"K0",11257,0.9915,0.139334,0.073513
151,particle,"K0",11257,1.000333,0.148826,0.077412
152,particle,"K0",11257,1.034936,0.14626,0.076568
153,particle,"K0",11257,0.995098,0.138422,0.074721
154,particle,"K0",11257,1.00246,0.15043,0.075398
155,particle,"K0",11257,1.023337,0.13575,0.076299
156,particle,"K0",11257,1.003465,0.142118,0.076045
157,particle,"K0",11257,1.02716,0.145302,0.079787
158,particle,"K0",11257,1.008541,0.143509,0.07549
159,particle,"K0",11257,1.011491,0.140544,0.07605
160,particle,"K0",11257,0.995627,0.137752,0.074216
161,particle,"K0",11257,1.001739,0.145739,0.077193
162,particle,"K0",11257,1.012476,0.141055,0.076038
163,particle,"K0",11257,1.015548,0.143194,0.07641
164,particle,"K0",11257,0.99754,0.142474,0.074473
165,particle,"K0",11257,1.011287,0.140212,0.075499
166,particle,"K0",11257,1.00477,0.142538,0.075371
167,particle,"K0",11257,1.020481,0.143354,0.075807
168,particle,"K0",11257,1.010992,0.139554,0.075224
169,particle,"K0",11257,0.997869,0.146505,0.080549
170,particle,"K0",11257,1.015042,0.140133,0.075732
171,particle,"K0",11257,1.01213,0.139834,0.075229
172,particle,"K0",11257,1.009237,0.139181,0.075167
173,particle,"K0",11257,1.018324,0.140897,0.075624
174,particle,"K0",11257,1.002085,0.140729,0.075266
175,particle,"K0",11257,1.01891,0.144595,0.077311
176,particle,"K0",11257,1.012996,0.138732,0.074787
177,particle,"K0",11257,1.015765,0.137394,0.075261
178,particle,"K0",11257,1.00453,0.138549,0.074225
179,particle,"K0",11257,1.01146,0.139579,0.074988
180,particle,"K0",11257,1.012093,0.140118,0.075541
181,particle,"K0",11257,1.009339,0.13765,0.074913
182,particle,"K0",11257,1.009753,0.13987,0.074994
183,particle,"K0",11257,1.016572,0.140067,0.074711
184,particle,"K0",11257,1.008626,0.141089,0.075472
185,particle,"K0",11257,1.013838,0.137646,0.074802
186,particle,"K0",11257,1.015668,0.140383,0.075595
187,particle,"K0",11257,1.011549,0.141111,0.07428
188,particle,"K0",11257,1.026151,0.138458,0.075747
189,particle,"K0",11257,1.02037,0.139046,0.075511
190,particle,"K0",11257,1.012193,0.137119,0.074828
191,particle,"K0",11257,1.008833,0.136207,0.075118
192,particle,"K0",11257,1.004477,0.141933,0.076842
193,particle,"K0",11257,1.030254,0.13696,0.076366
194,particle,"K0",11257,0.982849,0.1365,0.073286
195,particle,"K0",11257,1.006134,0.140289,0.07629
196,particle,"K0",11257,1.011163,0.141099,0.074961
197,particle,"K0",11257,0.9846,0.130868,0.073438
198,particle,"K0",11257,1.006567,0.146862,0.075944
199,particle,"K0",11257,0.999967,0.137072,0.075254
200,particle,"K0",11257,1.01613,0.13953,0.07737
201,particle,"K0",11257,1.00725,0.141361,0.077445
202,particle,"K0",11257,1.004114,0.133782,0.075232
203,particle,"K0",11257,1.007771,0.148318,0.078934
204,particle,"K0",11257,1.000017,0.13688,0.07407
205,particle,"K0",11257,1.018166,0.141246,0.076229
206,particle,"K0",11257,1.009309,0.135304,0.074913
207,particle,"K0",11257,1.023922,0.14092,0.076813
208,particle,"K0",11257,1.022061,0.140262,0.076952
209,particle,"K0",11257,1.016098,0.141524,0.076838
210,particle,"K0",11257,1.019121,0.138621,0.075384
211,particle,"K0",11257,0.998578,0.139226,0.075031
212,particle,"K0",11257,1.004763,0.137688,0.074043
213,particle,"K0",11257,1.007829,0.140815,0.07697
214,particle,"K0",11257,1.013769,0.141993,0.075412
215,particle,"K0",11257,1.008675,0.142097,0.076559
216,particle,"K0",11257,1.00059,0.140122,0.074788
217,particle,"K0",11257,1.015117,0.137314,0.074558
218,particle,"K0",11257,1.009891,0.140167,0.077428
219,particle,"K0",11257,0.993555,0.133802,0.074001
220,particle,"K0",11257,1.017606,0.14074,0.075731
221,particle,"K0",11257,1.009337,0.136932,0.07546
222,particle,"K0",11257,1.018873,0.14165,0.074967
223,particle,"K0",11257,1.014427,0.139381,0.074828
224,particle,"K0",11257,1.015006,0.139215,0.075533
225,particle,"K0",11257,1.009782,0.140765,0.078694
226,particle,"K0",11257,1.000912,0.136346,0.074675
227,particle,"K0",11257,1.00988,0.140815,0.075917
228,particle,"K0",11257,1.017907,0.141753,0.075993
229,particle,"K0",11257,1.011725,0.142433,0.076959
230,particle,"K0",11257,1.015062,0.140183,0.07513
231,particle,"K0",11257,0.943104,0.14424,0.085776
232,particle,"K0",11257,1.010054,0.138175,0.074601
233,particle,"K0",11257,1.004252,0.136553,0.074603
234,particle,"K0",11257,1.0107,0.13964,0.074709
235,particle,"K0",11257,1.007735,0.137105,0.07423
236,particle,"K0",11257,1.006012,0.137095,0.074173
237,particle,"K0",11257,0.929405,0.131842,0.070673
238,particle,"K0",11257,1.006419,0.139064,0.073741
239,particle,"K0",11257,1.012359,0.144614,0.076094
240,particle,"K0",11257,1.009853,0.143659,0.077564
241,particle,"K0",11257,1.007921,0.146685,0.075502
242,particle,"K0",11257,1.034119,0.143687,0.07701
243,particle,"K0",11257,1.003834,0.135958,0.074081
244,particle,"K0",11257,0.993139,0.14302,0.077353
245,particle,"K0",11257,1.024309,0.145118,0.078373
246,particle,"K0",11257,1.00362,0.137917,0.075668
247,particle,"K0",11257,1.011108,0.141531,0.075265
248,particle,"K0",11257,1.029312,0.147,0.078048
249,particle,"K0",11257,0.993758,0.136311,0.072833
250,particle,"K0",11257,0.999064,0.143573,0.077339
251,particle,"K0",11257,1.015205,0.138434,0.077254
252,particle,"K0",11257,1.019665,0.140082,0.075765
253,particle,"K0",11257,1.012193,0.135713,0.075065
254,particle,"K0",11257,1.004325,0.138084,0.074503
255,particle,"K0",11257,1.002525,0.137663,0.075851
256,particle,"K0",11257,1.010185,0.142391,0.076018
257,particle,"K0",11257,1.012481,0.137076,0.074381
258,particle,"K0",11257,1.037246,0.140754,0.081356
259,particle,"K0",11257,0.999674,0.135144,0.076798
260,particle,"K0",11257,0.998123,0.13236,0.07318
261,particle,"K0",11257,1.000758,0.133458,0.073851
262,particle,"K0",11257,1.002188,0.139816,0.078596
263,particle,"K0",11257,1.024423,0.141857,0.082226
264,particle,"K0",11257,1.003612,0.136114,0.07456
265,particle,"K0",11257,1.01415,0.136695,0.074904
266,particle,"K0",11257,1.005344,0.139411,0.075331
267,particle,"K0",11257,1.010658,0.136505,0.074178
268,particle,"K0",11257,1.006556,0.135739,0.07465
269,particle,"K0",11257,1.007395,0.133192,0.075312
270,particle,"K0",11257,1.011235,0.135336,0.07586
271,particle,"K0",11257,1.012839,0.140574,0.07626
272,particle,"K0",11257,1.006508,0.138379,0.074404
273,particle,"K0",11257,0.974407,0.140624,0.072547
274,particle,"K0",11257,1.011229,0.138476,0.074558
275,particle,"K0",11257,1.009107,0.135761,0.074254
276,particle,"K0",11257,1.000249,0.132984,0.073138
277,particle,"K0",11257,1.007318,0.137548,0.074234
278,particle,"K0",11257,1.037444,0.139607,0.07733
279,particle,"K0",11257,1.022878,0.142195,0.076671
280,particle,"K0",11257,1.009934,0.138636,0.075292
281,particle,"K0",11257,1.012771,0.137705,0.075282
282,particle,"K0",11257,1.00203,0.132825,0.074115
283,particle,"K0",11257,1.013457,0.137922,0.074572
284,particle,"K0",11257,1.011998,0.13849,0.07511
285,particle,"K0",11257,1.011789,0.136144,0.07425
286,particle,"K0",11257,1.011617,0.139498,0.07651
287,particle,"K0",11257,1.010662,0.136043,0.073791
288,particle,"K0",11257,1.007746,0.138335,0.074982
289,particle,"K0",11257,0.974538,0.129979,0.074344
290,particle,"K0",11257,1.003718,0.152475,0.080334
291,particle,"K0",11257,0.917237,0.134338,0.085456
292,particle,"K0",11257,1.007536,0.13561,0.074425
293,particle,"K0",11257,1.011871,0.137232,0.074199
294,particle,"K0",11257,1.017598,0.13958,0.074319
295,particle,"K0",11257,1.007328,0.137929,0.075544
296,particle,"K0",11257,1.015135,0.135562,0.074038
297,particle,"K0",11257,1.031468,0.139299,0.075654
298,particle,"K0",11257,1.014574,0.143388,0.075463
299,particle,"K0",11257,1.007234,0.134986,0.073336
300,particle,"K0",11257,1.009015,0.147506,0.075845
301,particle,"K0",11257,1.007552,0.142204,0.076493
302,particle,"K0",11257,1.021593,0.145725,0.076695
303,particle,"K0",11257,1.01957,0.137532,0.074462
304,particle,"K0",11257,1.011184,0.137233,0.075012
305,particle,"K0",11257,0.98396,0.130827,0.07214
306,particle,"K0",11257,1.014464,0.141328,0.075944
307,particle,"K0",11257,1.010691,0.137853,0.075477
308,particle,"K0",11257,1.019579,0.140507,0.075685
309,particle,"K0",11257,1.014897,0.13597,0.074698
310,particle,"K0",11257,1.007174,0.134935,0.073828
311,particle,"K0",11257,1.017354,0.139705,0.075569
312,particle,"K0",11257,1.005102,0.139176,0.074359
313,particle,"K0",11257,1.009949,0.137694,0.07471
314,particle,"K0",11257,1.027927,0.136154,0.075529
315,particle,"K0",11257,1.005847,0.135466,0.073732
316,particle,"K0",11257,1.004486,0.128977,0.072637
317,particle,"K0",11257,1.006255,0.13912,0.074735
318,particle,"K0",11257,1.008289,0.134985,0.07412
319,particle,"K0",11257,1.013547,0.134603,0.074761
320,particle,"K0",11257,1.011086,0.133486,0.074488
321,particle,"K0",11257,1.010583,0.137009,0.074427
322,particle,"K0",11257,1.009194,0.141515,0.074543
323,particle,"K0",11257,1.000793,0.133745,0.073284
324,particle,"K0",11257,1.005731,0.131223,0.073187
325,particle,"K0",11257,1.021114,0.137424,0.074794
326,particle,"K0",11257,1.017626,0.138741,0.075346
327,particle,"K0",11257,1.007688,0.136535,0.0746
328,particle,"K0",11257,1.004528,0.136874,0.074767
329,particle,"K0",11257,1.012042,0.13561,0.074095
330,particle,"K0",11257,1.008608,0.136234,0.074676
331,particle,"K0",11257,1.007453,0.139662,0.075512
332,particle,"K0",11257,1.012652,0.137034,0.075549
333,particle,"K0",11257,1.007502,0.133808,0.073988
334,particle,"K0",11257,1.002999,0.136623,0.077862
335,particle,"K0",11257,1.011614,0.138866,0.074677
336,particle,"K0",11257,1.010316,0.135907,0.074153
337,particle,"K0",11257,1.006203,0.136175,0.074487
338,particle,"K0",11257,1.013682,0.140249,0.076071
339,particle,"K0",11257,1.0081,0.136499,0.07475
340,particle,"K0",11257,1.01092,0.140112,0.07563
341,particle,"K0",11257,0.99928,0.133596,0.07464
342,particle,"K0",11257,1.001961,0.13612,0.075712
343,particle,"K0",11257,1.013017,0.135885,0.074277
344,particle,"K0",11257,1.017028,0.1407,0.075474
345,particle,"K0",11257,1.00854,0.135828,0.074253
346,particle,"K0",11257,1.008207,0.135997,0.074336
347,particle,"K0",11257,1.009297,0.137987,0.074018
348,particle,"K0",11257,1.011873,0.13874,0.074672
349,particle,"K0",11257,1.002004,0.136225,0.074129
350,particle,"K0",11257,1.009991,0.142295,0.077371
351,particle,"K0",11257,1.012039,0.139792,0.075214
352,particle,"K0",11257,1.003311,0.137536,0.074572
353,particle,"K0",11257,1.016271,0.138116,0.074203
354,particle,"K0",11257,1.007389,0.136935,0.074865
355,particle,"K0",11257,1.014888,0.136525,0.074137
356,particle,"K0",11257,1.005708,0.137886,0.075408
357,particle,"K0",11257,1.012986,0.138101,0.074262
358,particle,"K0",11257,1.016695,0.13832,0.075993
359,particle,"K0",11257,1.014033,0.140255,0.07605
360,particle,"K0",11257,1.010447,0.139235,0.075835
361,particle,"K0",11257,1.014566,0.134828,0.073861
362,particle,"K0",11257,1.005695,0.1355,0.074434
363,particle,"K0",11257,1.002784,0.134368,0.073882
364,particle,"K0",11257,1.007605,0.135764,0.075587
365,particle,"K0",11257,0.998474,0.135526,0.07406
366,particle,"K0",11257,1.007932,0.13359,0.07351
367,particle,"K0",11257,1.017876,0.142331,0.075923
368,particle,"K0",11257,1.007385,0.13686,0.074667
369,particle,"K0",11257,1.009921,0.133919,0.073337
370,particle,"K0",11257,0.998268,0.13869,0.078166
371,particle,"K0",11257,1.001811,0.132938,0.073468
372,particle,"K0",11257,1.019173,0.137359,0.075403
373,particle,"K0",11257,1.000611,0.138537,0.076382
374,particle,"K0",11257,1.009581,0.136718,0.075594
375,particle,"K0",11257,1.012372,0.13954,0.074502
376,particle,"K0",11257,1.015355,0.133042,0.073855
377,particle,"K0",11257,1.005164,0.136047,0.073921
378,particle,"K0",11257,0.998016,0.130578,0.074172
379,particle,"K0",11257,1.010357,0.130762,0.073745
380,particle,"K0",11257,1.006315,0.139001,0.075094
381,particle,"K0",11257,0.934135,0.144807,0.078656
382,particle,"K0",11257,1.007322,0.131078,0.073387
383,particle,"K0",11257,1.002426,0.134001,0.073899
384,particle,"K0",11257,1.006432,0.136709,0.07414
385,particle,"K0",11257,1.007678,0.141203,0.074781
386,particle,"K0",11257,1.017766,0.13953,0.075348
387,particle,"K0",11257,0.98589,0.133306,0.073952
388,particle,"K0",11257,1.009164,0.132873,0.072711
389,particle,"K0",11257,1.009709,0.135745,0.076882
390,particle,"K0",11257,1.011263,0.136767,0.074531
391,particle,"K0",11257,1.013347,0.13844,0.073921
392,particle,"K0",11257,1.010609,0.137789,0.077276
393,particle,"K0",11257,1.01002,0.137559,0.074064
394,particle,"K0",11257,0.998965,0.134771,0.07408
395,particle,"K0",11257,1.005996,0.136011,0.075169
396,particle,"K0",11257,1.010715,0.133913,0.073447
397,particle,"K0",11257,1.019195,0.140302,0.075912
398,particle,"K0",11257,1.016824,0.140193,0.076926
399,particle,"K0",11257,1.01499,0.133543,0.075337
400,particle,"K0",11257,1.01109,0.134592,0.074342
401,particle,"K0",11257,1.010772,0.13592,0.073841
402,particle,"K0",11257,1.014197,0.139635,0.074494
403,particle,"K0",11257,1.028907,0.151232,0.076464
404,particle,"K0",11257,1.017593,0.141764,0.075142
405,particle,"K0",11257,1.019463,0.138589,0.074384
406,particle,"K0",11257,1.002924,0.137232,0.074304
407,particle,"K0",11257,1.008258,0.134928,0.073798
408,particle,"K0",11257,1.016643,0.136087,0.073967
409,particle,"K0",11257,1.011926,0.138525,0.074532
410,particle,"K0",11257,1.008743,0.13681,0.075384
411,particle,"K0",11257,1.01041,0.134165,0.07392
412,particle,"K0",11257,1.008002,0.137972,0.075305
413,particle,"K0",11257,1.016408,0.137344,0.07461
414,particle,"K0",11257,1.013615,0.138849,0.075399
415,particle,"K0",11257,1.007884,0.13778,0.074711
416,particle,"K0",11257,1.012977,0.136152,0.074986
417,particle,"K0",11257,1.011513,0.137017,0.074295
418,particle,"K0",11257,1.011635,0.136054,0.073965
419,particle,"K0",11257,0.998912,0.13416,0.074201
420,particle,"K0",11257,0.99977,0.137668,0.077323
421,particle,"K0",11257,1.005393,0.138212,0.075181
422,particle,"K0",11257,1.009468,0.135132,0.076122
423,particle,"K0",11257,1.00381,0.137384,0.075335
424,particle,"K0",11257,1.013392,0.136775,0.074074
425,particle,"K0",11257,1.011829,0.137978,0.074458
426,particle,"K0",11257,1.020679,0.138819,0.074769
427,particle,"K0",11257,1.012735,0.13705,0.074607
428,particle,"K0",11257,0.996643,0.132342,0.073436
429,particle,"K0",11257,1.006408,0.138242,0.073714
430,particle,"K0",11257,1.008021,0.136427,0.073681
431,particle,"K0",11257,1.013785,0.134959,0.074339
432,particle,"K0",11257,1.005465,0.133404,0.074049
433,particle,"K0",11257,1.060202,0.142242,0.077639
434,particle,"K0",11257,1.012768,0.137246,0.074384
435,particle,"K0",11257,1.000201,0.133552,0.073272
436,particle,"K0",11257,1.008775,0.137919,0.073886
437,particle,"K0",11257,1.010149,0.141381,0.075369
438,particle,"K0",11257,1.009587,0.137882,0.074422
439,particle,"K0",11257,1.012991,0.134027,0.073496
440,particle,"K0",11257,0.984477,0.127927,0.073845
441,particle,"K0",11257,1.020595,0.142928,0.076287
442,particle,"K0",11257,1.017424,0.139066,0.075746
443,particle,"K0",11257,1.007043,0.134114,0.072981
444,particle,"K0",11257,1.015359,0.136809,0.073823
445,particle,"K0",11257,0.995909,0.135655,0.076273
446,particle,"K0",11257,1.016691,0.135725,0.074637
447,particle,"K0",11257,1.00911,0.137688,0.074668
448,particle,"K0",11257,1.018203,0.138646,0.075418
449,particle,"K0",11257,1.006229,0.135487,0.073649
450,particle,"K0",11257,1.009646,0.1403,0.074976
451,particle,"K0",11257,1.01469,0.138644,0.075192
452,particle,"K0",11257,1.019299,0.139279,0.075239
453,particle,"K0",11257,1.008038,0.135495,0.075155
454,particle,"K0",11257,1.013018,0.13906,0.074116
455,particle,"K0",11257,1.004894,0.139779,0.073464
456,particle,"K0",11257,0.6798,0.165701,0.12961
457,particle,"K0",11257,1.016456,0.138877,0.076031
458,particle,"K0",11257,1.005707,0.136528,0.073833
459,particle,"K0",11257,1.01288,0.136978,0.075727
460,particle,"K0",11257,1.014514,0.135142,0.074368
461,particle,"K0",11257,1.011245,0.13688,0.074291
462,particle,"K0",11257,1.006782,0.136296,0.075025
463,particle,"K0",11257,1.022235,0.140554,0.077374
464,particle,"K0",11257,1.005645,0.13466,0.074322
465,particle,"K0",11257,1.015638,0.135681,0.073718
466,particle,"K0",11257,1.009256,0.134971,0.073682
467,particle,"K0",11257,1.023732,0.140363,0.074874
468,particle,"K0",11257,1.015574,0.135314,0.07429
469,particle,"K0",11257,1.02096,0.134809,0.074007
470,particle,"K0",11257,1.015798,0.137003,0.074276
471,particle,"K0",11257,1.012429,0.139107,0.074947
472,particle,"K0",11257,1.005755,0.134522,0.074502
473,particle,"K0",11257,1.00821,0.140981,0.075199
474,particle,"K0",11257,1.014822,0.140241,0.075283
475,particle,"K0",11257,1.008126,0.137722,0.074489
476,particle,"K0",11257,1.011742,0.136373,0.074178
477,particle,"K0",11257,1.003435,0.138298,0.075168
478,particle,"K0",11257,1.011341,0.134543,0.073137
479,particle,"K0",11257,1.018359,0.140318,0.075643
480,particle,"K0",11257,1.016433,0.136038,0.074342
481,particle,"K0",11257,1.010013,0.134885,0.074195
482,particle,"K0",11257,1.016773,0.139145,0.074538
483,particle,"K0",11257,1.003509,0.136665,0.073868
484,particle,"K0",11257,1.014572,0.136199,0.074253
485,particle,"K0",11257,1.006224,0.141909,0.079665
486,particle,"K0",11257,1.00985,0.134313,0.073902
487,particle,"K0",11257,1.000708,0.140656,0.079461
488,particle,"K0",11257,1.010114,0.134445,0.073767
489,particle,"K0",11257,1.01411,0.136792,0.074302
490,particle,"K0",11257,1.014123,0.138161,0.07631
491,particle,"K0",11257,1.012173,0.137327,0.074984
492,particle,"K0",11257,1.006148,0.135284,0.074589
493,particle,"K0",11257,1.015671,0.135021,0.074673
494,particle,"K0",11257,1.009009,0.133919,0.074043
495,particle,"K0",11257,1.006017,0.134114,0.073744
496,particle,"K0",11257,1.015062,0.138421,0.074638
497,particle,"K0",11257,1.007934,0.136194,0.074063
498,particle,"K0",11257,1.012931,0.136689,0.073738
499,particle,"K0",11257,1.004764,0.136449,0.074839
0,particle,"Photon",6167,15.100154,5.558079,3.728658
1,particle,"Photon",6167,15.485024,5.773482,3.921306
2,particle,"Photon",6167,0.892296,0.136577,0.100752
3,particle,"Photon",6167,0.998953,0.079125,0.051814
4,particle,"Photon",6167,1.083446,0.200039,0.113693
5,particle,"Photon",6167,1.116224,0.15533,0.08937
6,particle,"Photon",6167,1.029509,0.088716,0.054475
7,particle,"Photon",6167,0.837375,0.103027,0.061478
8,particle,"Photon",6167,0.945443,0.12909,0.059771
9,particle,"Photon",6167,1.053741,0.085182,0.049312
10,particle,"Photon",6167,1.046614,0.095888,0.05323
11,particle,"Photon",6167,1.05013,0.216502,0.044816
12,particle,"Photon",6167,0.981192,0.086852,0.056565
13,particle,"Photon",6167,0.899155,0.069347,0.040768
14,particle,"Photon",6167,0.889955,0.101328,0.060188
15,particle,"Photon",6167,0.988748,0.073714,0.045695
16,particle,"Photon",6167,0.972562,0.083687,0.050666
17,particle,"Photon",6167,1.017047,0.092386,0.042333
18,particle,"Photon",6167,0.891207,0.068377,0.041002
19,particle,"Photon",6167,0.958971,0.110373,0.043204
20,particle,"Photon",6167,0.994192,0.079455,0.050619
21,particle,"Photon",6167,0.978323,0.06771,0.038686
22,particle,"Photon",6167,0.947904,0.085986,0.051803
23,particle,"Photon",6167,0.909839,0.091539,0.058997
24,particle,"Photon",6167,0.951302,0.074395,0.047034
25,particle,"Photon",6167,0.956413,0.076224,0.043866
26,particle,"Photon",6167,0.95965,0.074592,0.044341
27,particle,"Photon",6167,0.962738,0.075376,0.041467
28,particle,"Photon",6167,0.963323,0.076176,0.044292
29,particle,"Photon",6167,0.946608,0.081561,0.049867
30,particle,"Photon",6167,0.933615,0.074835,0.038759
31,particle,"Photon",6167,1.083792,0.124216,0.080232
32,particle,"Photon",6167,1.065379,0.117275,0.061758
33,particle,"Photon",6167,0.800652,0.071555,0.042738
34,particle,"Photon",6167,0.961071,0.11142,0.041471
35,particle,"Photon",6167,0.99906,0.081249,0.043683
36,particle,"Photon",6167,1.025806,0.083295,0.054098
37,particle,"Photon",6167,0.946242,0.066083,0.041817
38,particle,"Photon",6167,1.047373,0.15448,0.079276
39,particle,"Photon",6167,1.03049,0.092212,0.056628
40,particle,"Photon",6167,1.064719,0.163151,0.085372
41,particle,"Photon",6167,0.981846,0.077473,0.040907
42,particle,"Photon",6167,0.991907,0.117445,0.042927
43,particle,"Photon",6167,1.017093,0.07475,0.04495
44,particle,"Photon",6167,0.919572,0.085407,0.057315
45,particle,"Photon",6167,1.034517,0.075038,0.044869
46,particle,"Photon",6167,1.014535,0.145191,0.059144
47,particle,"Photon",6167,1.00724,0.079003,0.042164
48,particle,"Photon",6167,1.04353,0.099115,0.05951
49,particle,"Photon",6167,1.014076,0.083874,0.040365
50,particle,"Photon",6167,0.998925,0.074265,0.04702
51,particle,"Photon",6167,0.994843,0.073461,0.038044
52,particle,"Photon",6167,0.996449,0.068241,0.037247
53,particle,"Photon",6167,1.006908,0.07229,0.038306
54,particle,"Photon",6167,0.98859,0.085171,0.042858
55,particle,"Photon",6167,0.999593,0.079576,0.04158
56,particle,"Photon",6167,1.011768,0.084017,0.043634
57,particle,"Photon",6167,1.019202,0.123696,0.05951
58,particle,"Photon",6167,1.011894,0.076483,0.043023
59,particle,"Photon",6167,1.000057,0.076,0.037334
60,particle,"Photon",6167,0.987287,0.068934,0.038492
61,particle,"Photon",6167,1.059875,0.125674,0.05886
62,particle,"Photon",6167,1.00205,0.069226,0.037135
63,particle,"Photon",6167,0.982809,0.067266,0.038525
64,particle,"Photon",6167,1.005607,0.081696,0.046083
65,particle,"Photon",6167,1.080111,0.116571,0.073039
66,particle,"Photon",6167,0.977716,0.067739,0.041045
67,particle,"Photon",6167,0.986853,0.089885,0.060092
68,particle,"Photon",6167,0.971446,0.074171,0.046914
69,particle,"Photon",6167,1.057697,0.101616,0.04923
70,particle,"Photon",6167,1.06417,0.085231,0.044155
71,particle,"Photon",6167,1.029207,0.084605,0.040291
72,particle,"Photon",6167,0.984854,0.069235,0.042086
73,particle,"Photon",6167,0.991292,0.073889,0.040018
74,particle,"Photon",6167,1.008846,0.120787,0.039667
75,particle,"Photon",6167,1.044799,0.09559,0.052508
76,particle,"Photon",6167,1.000813,0.066369,0.040553
77,particle,"Photon",6167,1.027843,0.074916,0.043288
78,particle,"Photon",6167,1.008012,0.066789,0.039377
79,particle,"Photon",6167,1.024221,0.081018,0.045732
80,particle,"Photon",6167,1.024403,0.073584,0.038765
81,particle,"Photon",6167,1.005014,0.077654,0.040824
82,particle,"Photon",6167,1.014605,0.072203,0.040716
83,particle,"Photon",6167,0.979685,0.070635,0.038677
84,particle,"Photon",6167,0.996205,0.069975,0.040858
85,particle,"Photon",6167,0.991314,0.064822,0.038235
86,particle,"Photon",6167,0.999539,0.067536,0.037694
87,particle,"Photon",6167,1.003409,0.067206,0.036868
88,particle,"Photon",6167,0.991567,0.073426,0.039584
89,particle,"Photon",6167,0.957593,0.077228,0.049142
90,particle,"Photon",6167,1.002939,0.064862,0.036863
91,particle,"Photon",6167,0.999443,0.074435,0.03781
92,particle,"Photon",6167,1.003488,0.062113,0.036399
93,particle,"Photon",6167,1.004939,0.068893,0.038618
94,particle,"Photon",6167,0.999771,0.064213,0.035936
95,particle,"Photon",6167,1.032114,0.093064,0.054033
96,particle,"Photon",6167,0.993171,0.06456,0.037519
97,particle,"Photon",6167,1.003461,0.067003,0.037526
98,particle,"Photon",6167,1.003213,0.079554,0.044501
99,particle,"Photon",6167,1.001078,0.066972,0.037703
100,particle,"Photon",6167,1.019277,0.083968,0.048537
101,particle,"Photon",6167,1.00308,0.06045,0.036476
102,particle,"Photon",6167,0.98677,0.066789,0.038308
103,particle,"Photon",6167,0.98311,0.076526,0.043121
104,particle,"Photon",6167,1.001221,0.072415,0.038672
105,particle,"Photon",6167,0.991754,0.067483,0.036852
106,particle,"Photon",6167,1.003897,0.062464,0.036914
107,particle,"Photon",6167,1.025551,0.081952,0.047705
108,particle,"Photon",6167,0.991736,0.066042,0.039394
109,particle,"Photon",6167,1.005324,0.078964,0.037018
110,particle,"Photon",6167,1.023045,0.076627,0.038865
111,particle,"Photon",6167,0.99062,0.061408,0.035778
112,particle,"Photon",6167,0.985323,0.063562,0.035001
113,particle,"Photon",6167,1.006352,0.06622,0.036782
114,particle,"Photon",6167,0.958696,0.069694,0.037428
115,particle,"Photon",6167,1.00807,0.075799,0.041805
116,particle,"Photon",6167,0.966483,0.062147,0.037759
117,particle,"Photon",6167,0.991491,0.066381,0.034595
118,particle,"Photon",6167,1.011197,0.064492,0.037969
119,particle,"Photon",6167,0.986066,0.069211,0.035911
120,particle,"Photon",6167,0.985005,0.061333,0.035032
121,particle,"Photon",6167,0.982454,0.064441,0.038774
122,particle,"Photon",6167,0.998822,0.061204,0.034819
123,particle,"Photon",6167,1.008888,0.076387,0.044291
124,particle,"Photon",6167,0.998839,0.06575,0.037389
125,particle,"Photon",6167,0.995244,0.067588,0.038377
126,particle,"Photon",6167,0.993765,0.069799,0.036741
127,particle,"Photon",6167,1.001345,0.068069,0.037657
128,particle,"Photon",6167,0.996961,0.0734,0.037401
129,particle,"Photon",6167,0.987525,0.069644,0.040014
130,particle,"Photon",6167,0.99635,0.063157,0.035393
131,particle,"Photon",6167,1.000842,0.065097,0.036596
132,particle,"Photon",6167,0.997245,0.070374,0.036564
133,particle,"Photon",6167,0.986564,0.067398,0.041247
134,particle,"Photon",6167,0.997332,0.067714,0.037032
135,particle,"Photon",6167,1.000861,0.067223,0.038054
136,particle,"Photon",6167,0.992876,0.062817,0.035344
137,particle,"Photon",6167,0.999313,0.070537,0.036312
138,particle,"Photon",6167,1.000128,0.071706,0.038084
139,particle,"Photon",6167,1.093693,0.139215,0.049287
140,particle,"Photon",6167,0.991555,0.064182,0.037206
141,particle,"Photon",6167,1.009351,0.075168,0.042573
142,particle,"Photon",6167,1.003218,0.067183,0.036881
143,particle,"Photon",6167,0.987535,0.071581,0.040245
144,particle,"Photon",6167,0.98702,0.076007,0.039533
145,particle,"Photon",6167,0.971178,0.064362,0.039683
146,particle,"Photon",6167,0.987905,0.065511,0.036379
147,particle,"Photon",6167,1.003132,0.078401,0.03969
148,particle,"Photon",6167,0.972665,0.063829,0.036474
149,particle,"Photon",6167,0.99426,0.064466,0.03618
150,particle,"Photon",6167,0.998571,0.068642,0.035014
151,particle,"Photon",6167,0.983778,0.076242,0.044232
152,particle,"Photon",6167,1.015993,0.065964,0.036258
153,particle,"Photon",6167,0.984873,0.066506,0.037981
154,particle,"Photon",6167,0.991667,0.082469,0.036028
155,particle,"Photon",6167,1.011243,0.062718,0.034813
156,particle,"Photon",6167,1.008539,0.070007,0.037362
157,particle,"Photon",6167,1.008069,0.069247,0.040914
158,particle,"Photon",6167,1.001747,0.067241,0.035922
159,particle,"Photon",6167,0.991803,0.069337,0.035804
160,particle,"Photon",6167,0.987836,0.061829,0.035511
161,particle,"Photon",6167,0.995679,0.067934,0.036995
162,particle,"Photon",6167,1.011001,0.06896,0.036232
163,particle,"Photon",6167,0.999749,0.080091,0.037425
164,particle,"Photon",6167,0.998447,0.069848,0.037102
165,particle,"Photon",6167,0.992308,0.06954,0.036313
166,particle,"Photon",6167,0.991831,0.073092,0.037883
167,particle,"Photon",6167,0.996441,0.068749,0.035579
168,particle,"Photon",6167,0.995823,0.064921,0.035448
169,particle,"Photon",6167,0.968185,0.080121,0.047971
170,particle,"Photon",6167,0.991209,0.061988,0.034886
171,particle,"Photon",6167,0.987807,0.065888,0.034891
172,particle,"Photon",6167,0.998525,0.071563,0.037696
173,particle,"Photon",6167,0.995833,0.06865,0.035298
174,particle,"Photon",6167,0.98348,0.064783,0.034893
175,particle,"Photon",6167,0.997367,0.070809,0.036079
176,particle,"Photon",6167,0.998895,0.067715,0.035177
177,particle,"Photon",6167,0.996068,0.066199,0.035061
178,particle,"Photon",6167,0.994205,0.067808,0.035452
179,particle,"Photon",6167,0.995969,0.065601,0.034752
180,particle,"Photon",6167,1.004042,0.080801,0.040502
181,particle,"Photon",6167,0.997341,0.068463,0.036214
182,particle,"Photon",6167,0.99468,0.066556,0.035377
183,particle,"Photon",6167,0.999879,0.066978,0.034167
184,particle,"Photon",6167,0.985529,0.070844,0.037167
185,particle,"Photon",6167,1.000362,0.064222,0.034395
186,particle,"Photon",6167,0.999215,0.066045,0.034873
187,particle,"Photon",6167,1.003026,0.062748,0.034185
188,particle,"Photon",6167,0.999268,0.067266,0.035713
189,particle,"Photon",6167,1.002164,0.065833,0.035041
190,particle,"Photon",6167,1.020547,0.072155,0.036916
191,particle,"Photon",6167,0.991264,0.063056,0.036199
192,particle,"Photon",6167,0.993184,0.074651,0.041264
193,particle,"Photon",6167,1.003958,0.063478,0.035356
194,particle,"Photon",6167,0.98269,0.063068,0.034407
195,particle,"Photon",6167,0.980959,0.069168,0.039454
196,particle,"Photon",6167,0.993526,0.069917,0.035554
197,particle,"Photon",6167,0.980572,0.062365,0.033781
198,particle,"Photon",6167,0.984611,0.058962,0.032449
199,particle,"Photon",6167,0.977078,0.063592,0.033689
200,particle,"Photon",6167,0.993654,0.063999,0.036493
201,particle,"Photon",6167,0.999881,0.072835,0.039556
202,particle,"Photon",6167,0.987645,0.064533,0.035943
203,particle,"Photon",6167,0.98164,0.064579,0.036229
204,particle,"Photon",6167,0.982972,0.074654,0.035693
205,particle,"Photon",6167,0.999759,0.065798,0.03561
206,particle,"Photon",6167,0.99016,0.062398,0.033929
207,particle,"Photon",6167,0.996484,0.07221,0.038488
208,particle,"Photon",6167,1.012961,0.067197,0.036418
209,particle,"Photon",6167,1.001218,0.066008,0.03423
210,particle,"Photon",6167,0.996283,0.064275,0.034695
211,particle,"Photon",6167,0.998956,0.066277,0.033738
212,particle,"Photon",6167,0.9939,0.065355,0.033575
213,particle,"Photon",6167,0.993855,0.068336,0.036423
214,particle,"Photon",6167,0.99896,0.067751,0.034091
215,particle,"Photon",6167,0.986117,0.06732,0.036849
216,particle,"Photon",6167,0.998387,0.06797,0.036517
217,particle,"Photon",6167,0.999292,0.069796,0.034889
218,particle,"Photon",6167,0.995631,0.066457,0.036269
219,particle,"Photon",6167,0.986366,0.065904,0.037402
220,particle,"Photon",6167,0.999783,0.06493,0.034864
221,particle,"Photon",6167,0.994888,0.069997,0.035496
222,particle,"Photon",6167,1.005893,0.066627,0.033888
223,particle,"Photon",6167,0.993603,0.062643,0.03346
224,particle,"Photon",6167,1.001725,0.070029,0.036201
225,particle,"Photon",6167,1.035179,0.088372,0.044691
226,particle,"Photon",6167,0.988194,0.064053,0.034423
227,particle,"Photon",6167,0.99384,0.068638,0.035816
228,particle,"Photon",6167,0.994024,0.067654,0.034775
229,particle,"Photon",6167,0.995573,0.078468,0.039719
230,particle,"Photon",6167,0.996444,0.064613,0.033333
231,particle,"Photon",6167,0.990022,0.120459,0.089185
232,particle,"Photon",6167,0.992072,0.06474,0.033537
233,particle,"Photon",6167,0.98684,0.060735,0.03318
234,particle,"Photon",6167,0.995314,0.065949,0.034271
235,particle,"Photon",6167,0.990294,0.067928,0.035282
236,particle,"Photon",6167,0.989675,0.06411,0.034065
237,particle,"Photon",6167,0.943161,0.06204,0.037378
238,particle,"Photon",6167,1.01916,0.068338,0.036741
239,particle,"Photon",6167,0.984714,0.064764,0.03398
240,particle,"Photon",6167,0.991741,0.068075,0.038244
241,particle,"Photon",6167,0.987536,0.064682,0.032561
242,particle,"Photon",6167,1.005698,0.069113,0.036342
243,particle,"Photon",6167,0.985024,0.069446,0.0365
244,particle,"Photon",6167,0.982734,0.07488,0.036704
245,particle,"Photon",6167,1.006202,0.075555,0.038875
246,particle,"Photon",6167,0.990331,0.073642,0.037727
247,particle,"Photon",6167,0.977592,0.062869,0.033833
248,particle,"Photon",6167,1.000886,0.06917,0.034869
249,particle,"Photon",6167,0.98247,0.064206,0.03251
250,particle,"Photon",6167,0.990793,0.071823,0.039957
251,particle,"Photon",6167,0.989463,0.070616,0.037499
252,particle,"Photon",6167,1.00904,0.07057,0.036817
253,particle,"Photon",6167,1.000988,0.062718,0.033402
254,particle,"Photon",6167,1.000319,0.06764,0.034759
255,particle,"Photon",6167,0.988295,0.065914,0.037248
256,particle,"Photon",6167,0.983744,0.06754,0.03619
257,particle,"Photon",6167,0.999733,0.07063,0.035381
258,particle,"Photon",6167,0.986361,0.064264,0.03674
259,particle,"Photon",6167,0.990038,0.072222,0.037888
260,particle,"Photon",6167,0.985062,0.065311,0.033589
261,particle,"Photon",6167,0.990024,0.063129,0.033458
262,particle,"Photon",6167,0.980339,0.06926,0.036296
263,particle,"Photon",6167,1.007508,0.08122,0.04628
264,particle,"Photon",6167,1.007224,0.06714,0.034746
265,particle,"Photon",6167,0.999701,0.06916,0.034989
266,particle,"Photon",6167,0.994321,0.069685,0.035077
267,particle,"Photon",6167,0.996238,0.066402,0.032902
268,particle,"Photon",6167,0.991775,0.065126,0.034295
269,particle,"Photon",6167,0.998979,0.061857,0.033574
270,particle,"Photon",6167,1.003344,0.064057,0.03593
271,particle,"Photon",6167,0.993532,0.070131,0.0356
272,particle,"Photon",6167,1.016061,0.113465,0.050646
273,particle,"Photon",6167,0.974337,0.087971,0.039945
274,particle,"Photon",6167,0.987265,0.070021,0.034928
275,particle,"Photon",6167,0.991523,0.066864,0.033141
276,particle,"Photon",6167,0.991554,0.062006,0.032539
277,particle,"Photon",6167,0.995133,0.062064,0.032878
278,particle,"Photon",6167,1.010699,0.075778,0.039726
279,particle,"Photon",6167,1.000648,0.074983,0.036051
280,particle,"Photon",6167,0.99525,0.062767,0.033272
281,particle,"Photon",6167,0.995582,0.069458,0.035194
282,particle,"Photon",6167,0.993064,0.064857,0.035288
283,particle,"Photon",6167,0.997964,0.06531,0.033074
284,particle,"Photon",6167,0.991057,0.062985,0.033656
285,particle,"Photon",6167,0.995386,0.063958,0.033266
286,particle,"Photon",6167,1.041345,0.118606,0.066438
287,particle,"Photon",6167,0.998965,0.061801,0.032218
288,particle,"Photon",6167,0.99093,0.06755,0.033752
289,particle,"Photon",6167,0.975612,0.068711,0.039011
290,particle,"Photon",6167,1.051017,0.159793,0.079984
291,particle,"Photon",6167,0.877897,0.136971,0.107739
292,particle,"Photon",6167,0.992112,0.063695,0.033889
293,particle,"Photon",6167,0.99418,0.064124,0.033191
294,particle,"Photon",6167,0.995158,0.063483,0.033258
295,particle,"Photon",6167,0.993407,0.067783,0.035097
296,particle,"Photon",6167,0.99956,0.061367,0.032868
297,particle,"Photon",6167,1.008927,0.070947,0.035418
298,particle,"Photon",6167,1.00004,0.071489,0.034868
299,particle,"Photon",6167,0.990305,0.061876,0.032607
300,particle,"Photon",6167,0.990072,0.065901,0.032731
301,particle,"Photon",6167,0.996519,0.06817,0.035229
302,particle,"Photon",6167,1.002941,0.071379,0.033686
303,particle,"Photon",6167,1.008897,0.06381,0.03327
304,particle,"Photon",6167,1.004262,0.064927,0.036206
305,particle,"Photon",6167,0.984418,0.06504,0.035881
306,particle,"Photon",6167,0.993483,0.065911,0.034004
307,particle,"Photon",6167,0.991506,0.06006,0.032006
308,particle,"Photon",6167,1.000111,0.068547,0.03369
309,particle,"Photon",6167,0.991743,0.065051,0.034282
310,particle,"Photon",6167,0.993427,0.067044,0.034338
311,particle,"Photon",6167,1.004075,0.070633,0.03476
312,particle,"Photon",6167,0.984569,0.064126,0.032504
313,particle,"Photon",6167,0.99523,0.06434,0.035251
314,particle,"Photon",6167,1.004073,0.066901,0.034841
315,particle,"Photon",6167,0.989512,0.063851,0.034512
316,particle,"Photon",6167,0.994484,0.060938,0.03301
317,particle,"Photon",6167,0.992536,0.064645,0.033722
318,particle,"Photon",6167,0.994198,0.063952,0.033618
319,particle,"Photon",6167,0.997858,0.065579,0.034061
320,particle,"Photon",6167,0.994474,0.06441,0.033226
321,particle,"Photon",6167,1.000237,0.06161,0.032643
322,particle,"Photon",6167,0.992051,0.063716,0.032456
323,particle,"Photon",6167,0.99528,0.066977,0.033664
324,particle,"Photon",6167,0.995824,0.060513,0.033075
325,particle,"Photon",6167,1.001974,0.06786,0.034327
326,particle,"Photon",6167,0.999884,0.069099,0.03559
327,particle,"Photon",6167,0.998716,0.063224,0.032922
328,particle,"Photon",6167,0.98723,0.061396,0.033764
329,particle,"Photon",6167,0.99104,0.066138,0.033301
330,particle,"Photon",6167,0.990663,0.06677,0.034288
331,particle,"Photon",6167,0.991211,0.069325,0.035466
332,particle,"Photon",6167,0.992794,0.064009,0.033752
333,particle,"Photon",6167,0.993076,0.066206,0.034355
334,particle,"Photon",6167,0.982996,0.071715,0.040395
335,particle,"Photon",6167,0.993871,0.066501,0.035179
336,particle,"Photon",6167,0.998671,0.061552,0.032385
337,particle,"Photon",6167,0.993591,0.064651,0.033476
338,particle,"Photon",6167,1.007241,0.094264,0.046192
339,particle,"Photon",6167,0.994779,0.067501,0.034813
340,particle,"Photon",6167,0.989688,0.07041,0.036707
341,particle,"Photon",6167,0.98802,0.065377,0.035335
342,particle,"Photon",6167,0.988057,0.067976,0.03777
343,particle,"Photon",6167,0.996378,0.064136,0.033301
344,particle,"Photon",6167,0.996681,0.064081,0.03295
345,particle,"Photon",6167,0.991953,0.068809,0.034377
346,particle,"Photon",6167,0.998144,0.076279,0.036764
347,particle,"Photon",6167,0.9934,0.063788,0.032949
348,particle,"Photon",6167,0.990052,0.065071,0.03357
349,particle,"Photon",6167,0.984674,0.067285,0.033976
350,particle,"Photon",6167,0.991618,0.077967,0.037652
351,particle,"Photon",6167,0.989752,0.072785,0.036789
352,particle,"Photon",6167,0.985332,0.065719,0.034567
353,particle,"Photon",6167,0.99714,0.066576,0.033288
354,particle,"Photon",6167,0.992948,0.06507,0.034702
355,particle,"Photon",6167,1.000024,0.065306,0.033128
356,particle,"Photon",6167,0.989246,0.06628,0.035351
357,particle,"Photon",6167,0.995383,0.064979,0.033013
358,particle,"Photon",6167,0.995623,0.064137,0.03397
359,particle,"Photon",6167,0.99421,0.068713,0.034377
360,particle,"Photon",6167,1.003985,0.066357,0.034293
361,particle,"Photon",6167,0.999334,0.062726,0.032352
362,particle,"Photon",6167,0.989064,0.061182,0.033142
363,particle,"Photon",6167,0.99405,0.065693,0.034558
364,particle,"Photon",6167,0.993937,0.064372,0.034849
365,particle,"Photon",6167,0.978871,0.065494,0.037741
366,particle,"Photon",6167,0.998873,0.061193,0.032433
367,particle,"Photon",6167,0.999142,0.06806,0.034432
368,particle,"Photon",6167,0.996404,0.06931,0.034273
369,particle,"Photon",6167,0.997876,0.063061,0.032846
370,particle,"Photon",6167,0.989579,0.074297,0.039223
371,particle,"Photon",6167,0.994165,0.060893,0.032325
372,particle,"Photon",6167,0.998245,0.063481,0.032587
373,particle,"Photon",6167,0.988715,0.067048,0.036899
374,particle,"Photon",6167,0.990045,0.063795,0.034371
375,particle,"Photon",6167,0.992228,0.064456,0.03304
376,particle,"Photon",6167,1.002891,0.064272,0.034131
377,particle,"Photon",6167,0.98888,0.062753,0.032485
378,particle,"Photon",6167,0.99134,0.065591,0.034712
379,particle,"Photon",6167,0.993322,0.063619,0.033442
380,particle,"Photon",6167,0.98397,0.067297,0.034678
381,particle,"Photon",6167,0.929722,0.075172,0.045072
382,particle,"Photon",6167,1.001595,0.06436,0.033717
383,particle,"Photon",6167,0.988009,0.063652,0.034234
384,particle,"Photon",6167,1.001161,0.072395,0.033485
385,particle,"Photon",6167,0.991871,0.069813,0.034594
386,particle,"Photon",6167,0.991544,0.064921,0.032779
387,particle,"Photon",6167,0.968643,0.063668,0.034762
388,particle,"Photon",6167,0.995912,0.062215,0.03236
389,particle,"Photon",6167,0.998052,0.069192,0.03956
390,particle,"Photon",6167,0.996143,0.065532,0.03319
391,particle,"Photon",6167,0.993165,0.062854,0.03221
392,particle,"Photon",6167,0.98307,0.070447,0.038098
393,particle,"Photon",6167,0.995935,0.066406,0.033877
394,particle,"Photon",6167,0.997302,0.063559,0.033068
395,particle,"Photon",6167,0.979818,0.064894,0.034092
396,particle,"Photon",6167,0.99738,0.066869,0.032596
397,particle,"Photon",6167,0.99707,0.066621,0.033257
398,particle,"Photon",6167,0.99994,0.080545,0.040496
399,particle,"Photon",6167,1.007182,0.07339,0.036458
400,particle,"Photon",6167,0.994854,0.062819,0.03363
401,particle,"Photon",6167,0.995544,0.068071,0.034285
402,particle,"Photon",6167,0.992644,0.066529,0.032993
403,particle,"Photon",6167,1.006764,0.073839,0.03474
404,particle,"Photon",6167,0.999722,0.066293,0.032978
405,particle,"Photon",6167,1.002127,0.068561,0.033454
406,particle,"Photon",6167,0.996278,0.080922,0.039336
407,particle,"Photon",6167,0.992235,0.063509,0.033036
408,particle,"Photon",6167,0.999214,0.065305,0.032983
409,particle,"Photon",6167,0.991109,0.067235,0.034293
410,particle,"Photon",6167,0.989568,0.068256,0.035161
411,particle,"Photon",6167,0.994601,0.071131,0.035467
412,particle,"Photon",6167,0.985875,0.065658,0.036076
413,particle,"Photon",6167,0.999209,0.065046,0.033282
414,particle,"Photon",6167,0.995593,0.069134,0.035021
415,particle,"Photon",6167,0.995726,0.068147,0.03406
416,particle,"Photon",6167,0.996496,0.069455,0.034148
417,particle,"Photon",6167,0.993986,0.064723,0.03305
418,particle,"Photon",6167,0.993675,0.064595,0.032953
419,particle,"Photon",6167,0.980691,0.065695,0.035959
420,particle,"Photon",6167,0.98508,0.07353,0.037939
421,particle,"Photon",6167,0.984986,0.069217,0.035629
422,particle,"Photon",6167,0.994517,0.067824,0.036843
423,particle,"Photon",6167,0.98341,0.065395,0.034289
424,particle,"Photon",6167,0.997068,0.064827,0.032761
425,particle,"Photon",6167,0.996591,0.06487,0.033368
426,particle,"Photon",6167,0.999231,0.069475,0.033307
427,particle,"Photon",6167,0.992509,0.065181,0.033494
428,particle,"Photon",6167,0.980775,0.067388,0.035734
429,particle,"Photon",6167,0.994381,0.067722,0.03306
430,particle,"Photon",6167,1.00172,0.065244,0.034056
431,particle,"Photon",6167,0.995515,0.06702,0.033464
432,particle,"Photon",6167,0.997867,0.062873,0.032398
433,particle,"Photon",6167,1.027145,0.067916,0.035729
434,particle,"Photon",6167,1.004742,0.064587,0.033704
435,particle,"Photon",6167,0.990416,0.062142,0.032143
436,particle,"Photon",6167,0.989165,0.06643,0.03365
437,particle,"Photon",6167,0.990969,0.076376,0.0342
438,particle,"Photon",6167,0.990038,0.063853,0.032822
439,particle,"Photon",6167,0.995731,0.063732,0.032955
440,particle,"Photon",6167,0.992599,0.06333,0.037018
441,particle,"Photon",6167,0.99675,0.066249,0.033723
442,particle,"Photon",6167,0.994448,0.069366,0.03507
443,particle,"Photon",6167,0.996123,0.063282,0.033119
444,particle,"Photon",6167,1.005557,0.068031,0.032893
445,particle,"Photon",6167,0.980299,0.072225,0.037726
446,particle,"Photon",6167,0.997272,0.065571,0.033808
447,particle,"Photon",6167,0.990196,0.068146,0.033656
448,particle,"Photon",6167,0.995413,0.067351,0.034622
449,particle,"Photon",6167,0.993506,0.066357,0.034231
450,particle,"Photon",6167,0.990046,0.067071,0.033378
451,particle,"Photon",6167,0.994133,0.06489,0.033123
452,particle,"Photon",6167,0.996643,0.068297,0.033093
453,particle,"Photon",6167,0.986694,0.067409,0.035424
454,particle,"Photon",6167,0.993971,0.065987,0.033631
455,particle,"Photon",6167,0.993413,0.06343,0.032697
456,particle,"Photon",6167,0.783242,0.196057,0.166728
457,particle,"Photon",6167,0.983965,0.067487,0.035128
458,particle,"Photon",6167,0.992989,0.065188,0.032737
459,particle,"Photon",6167,0.987923,0.066687,0.034905
460,particle,"Photon",6167,0.995536,0.063184,0.033473
461,particle,"Photon",6167,0.995771,0.065549,0.034669
462,particle,"Photon",6167,0.986104,0.071634,0.03666
463,particle,"Photon",6167,0.996696,0.074429,0.037427
464,particle,"Photon",6167,0.992301,0.067398,0.034925
465,particle,"Photon",6167,0.995819,0.065669,0.032581
466,particle,"Photon",6167,0.994251,0.065489,0.032829
467,particle,"Photon",6167,0.99731,0.066314,0.032944
468,particle,"Photon",6167,0.991522,0.064034,0.032847
469,particle,"Photon",6167,0.999295,0.064541,0.033018
470,particle,"Photon",6167,0.996971,0.066495,0.033176
471,particle,"Photon",6167,0.993581,0.068009,0.034141
472,particle,"Photon",6167,0.989673,0.064462,0.033013
473,particle,"Photon",6167,0.984386,0.068475,0.035962
474,particle,"Photon",6167,0.990554,0.066991,0.033921
475,particle,"Photon",6167,0.990687,0.065442,0.033043
476,particle,"Photon",6167,0.997501,0.065018,0.032292
477,particle,"Photon",6167,0.983169,0.064882,0.03414
478,particle,"Photon",6167,0.992163,0.067691,0.03304
479,particle,"Photon",6167,0.998693,0.066754,0.033969
480,particle,"Photon",6167,0.995594,0.06577,0.033307
481,particle,"Photon",6167,0.993733,0.064704,0.03284
482,particle,"Photon",6167,0.994203,0.065157,0.03274
483,particle,"Photon",6167,0.989624,0.063903,0.033722
484,particle,"Photon",6167,0.990848,0.064464,0.033614
485,particle,"Photon",6167,0.986372,0.073976,0.041565
486,particle,"Photon",6167,0.988121,0.068746,0.033251
487,particle,"Photon",6167,0.980729,0.070654,0.039955
488,particle,"Photon",6167,0.996309,0.063911,0.032782
489,particle,"Photon",6167,0.997451,0.066028,0.032794
490,particle,"Photon",6167,0.987146,0.068787,0.036341
491,particle,"Photon",6167,0.995566,0.066655,0.034442
492,particle,"Photon",6167,0.989863,0.065903,0.033984
493,particle,"Photon",6167,0.99771,0.065015,0.033452
494,particle,"Photon",6167,0.992494,0.063645,0.032809
495,particle,"Photon",6167,0.988241,0.066783,0.033795
496,particle,"Photon",6167,0.995433,0.064469,0.03325
497,particle,"Photon",6167,0.991671,0.062708,0.033139
498,particle,"Photon",6167,0.995144,0.063391,0.032525
499,particle,"Photon",6167,0.989561,0.065003,0.034832
0,particle,"Pion",13008,0.070044,0.650693,0.012737
1,particle,"Pion",13008,0.06979,0.660855,0.012721
2,particle,"Pion",13008,0.801752,0.572904,0.421991
3,particle,"Pion",13008,0.909742,0.666842,0.477577
4,particle,"Pion",13008,1.025169,0.573253,0.456529
5,particle,"Pion",13008,0.952301,0.44905,0.351294
6,particle,"Pion",13008,1.261629,0.889531,0.661417
7,particle,"Pion",13008,1.44898,1.050432,0.723347
8,particle,"Pion",13008,1.476209,1.370646,0.81012
9,particle,"Pion",13008,1.122061,1.024694,0.409324
10,particle,"Pion",13008,1.285817,1.23813,0.787526
11,particle,"Pion",13008,0.995457,0.991842,0.431989
12,particle,"Pion",13008,1.474625,1.360491,0.78444
13,particle,"Pion",13008,1.246518,0.852588,0.475606
14,particle,"Pion",13008,1.047369,0.844114,0.440092
15,particle,"Pion",13008,1.281751,1.01805,0.533195
16,particle,"Pion",13008,1.393002,1.146234,0.642626
17,particle,"Pion",13008,1.062232,0.938539,0.383301
18,particle,"Pion",13008,0.999128,0.917345,0.427497
19,particle,"Pion",13008,1.539586,1.153336,0.497116
20,particle,"Pion",13008,0.952905,1.077854,0.421976
21,particle,"Pion",13008,1.114796,1.087328,0.483396
22,particle,"Pion",13008,1.167752,1.15054,0.540775
23,particle,"Pion",13008,1.198105,1.237504,0.580353
24,particle,"Pion",13008,1.286456,1.23177,0.604894
25,particle,"Pion",13008,1.115361,1.174419,0.46403
26,particle,"Pion",13008,1.086873,1.147586,0.490493
27,particle,"Pion",13008,1.056321,1.157575,0.454858
28,particle,"Pion",13008,1.150093,1.204375,0.509972
29,particle,"Pion",13008,1.170188,1.230608,0.546967
30,particle,"Pion",13008,0.911093,0.929797,0.410782
31,particle,"Pion",13008,1.106052,1.104396,0.478979
32,particle,"Pion",13008,0.896239,0.881366,0.387537
33,particle,"Pion",13008,0.97405,0.88551,0.382623
34,particle,"Pion",13008,1.125966,1.128679,0.466465
35,particle,"Pion",13008,1.189024,1.078112,0.492591
36,particle,"Pion",13008,1.068871,1.266504,0.479259
37,particle,"Pion",13008,1.240249,1.057723,0.507589
38,particle,"Pion",13008,1.193772,0.511054,0.370914
39,particle,"Pion",13008,1.184483,0.512633,0.394174
40,particle,"Pion",13008,1.522831,0.478983,0.344616
41,particle,"Pion",13008,1.315235,0.981751,0.642915
42,particle,"Pion",13008,1.477029,0.920752,0.751975
43,particle,"Pion",13008,1.276306,0.888987,0.653372
44,particle,"Pion",13008,1.145057,0.691047,0.540228
45,particle,"Pion",13008,1.759614,1.688317,0.988652
46,particle,"Pion",13008,1.769938,1.515991,1.02315
47,particle,"Pion",13008,1.494131,1.218201,0.749414
48,particle,"Pion",13008,1.681214,2.128841,0.859914
49,particle,"Pion",13008,1.406528,0.876144,0.671839
50,particle,"Pion",13008,1.557641,1.609654,0.81294
51,particle,"Pion",13008,1.742828,1.970845,0.887286
52,particle,"Pion",13008,1.721297,1.786595,0.875727
53,particle,"Pion",13008,2.094785,2.873268,1.080477
54,particle,"Pion",13008,2.124551,3.230421,1.071151
55,particle,"Pion",13008,2.09828,2.820464,1.130663
56,particle,"Pion",13008,1.969373,2.46663,1.014356
57,particle,"Pion",13008,1.920225,2.992063,0.822347
58,particle,"Pion",13008,2.102664,3.027467,1.095701
59,particle,"Pion",13008,1.527683,1.457016,0.735747
60,particle,"Pion",13008,1.704882,2.142743,0.775811
61,particle,"Pion",13008,2.294213,3.057276,1.342823
62,particle,"Pion",13008,1.674213,2.504695,0.718866
63,particle,"Pion",13008,1.161444,1.070089,0.44078
64,particle,"Pion",13008,1.732341,2.313437,0.670012
65,particle,"Pion",13008,2.05061,2.330376,1.137905
66,particle,"Pion",13008,1.051491,1.070793,0.38528
67,particle,"Pion",13008,1.694986,2.20817,0.644261
68,particle,"Pion",13008,1.6563,1.566801,0.61754
69,particle,"Pion",13008,1.650617,2.121314,0.62886
70,particle,"Pion",13008,1.366457,1.151718,0.515199
71,particle,"Pion",13008,1.741737,2.033254,0.721948
72,particle,"Pion",13008,1.553132,1.341578,0.725827
73,particle,"Pion",13008,1.58688,1.787219,0.561659
74,particle,"Pion",13008,1.56596,1.901191,0.500606
75,particle,"Pion",13008,1.327602,1.180619,0.477815
76,particle,"Pion",13008,1.579868,1.651577,0.658224
77,particle,"Pion",13008,1.74146,2.244359,0.722072
78,particle,"Pion",13008,1.432759,1.149028,0.424222
79,particle,"Pion",13008,1.299256,1.849477,0.449797
80,particle,"Pion",13008,1.310569,1.780581,0.510676
81,particle,"Pion",13008,1.243087,1.542044,0.404818
82,particle,"Pion",13008,1.277659,1.214868,0.46035
83,particle,"Pion",13008,1.547288,1.469247,0.655096
84,particle,"Pion",13008,1.558919,1.928813,0.602733
85,particle,"Pion",13008,1.491391,1.694271,0.598903
86,particle,"Pion",13008,1.528633,2.138572,0.615613
87,particle,"Pion",13008,1.463229,1.676799,0.620204
88,particle,"Pion",13008,1.346769,1.735122,0.519639
89,particle,"Pion",13008,1.244969,1.09764,0.385175
90,particle,"Pion",13008,1.490039,1.864084,0.602859
91,particle,"Pion",13008,1.356269,1.764331,0.546658
92,particle,"Pion",13008,1.431249,1.759561,0.57046
93,particle,"Pion",13008,1.539326,1.736505,0.639262
94,particle,"Pion",13008,1.548294,2.23737,0.603741
95,particle,"Pion",13008,2.353773,2.677861,1.128541
96,particle,"Pion",13008,1.434227,1.420774,0.581112
97,particle,"Pion",13008,1.441287,1.699148,0.582429
98,particle,"Pion",13008,1.440254,1.191966,0.54219
99,particle,"Pion",13008,1.437937,1.318434,0.584289
100,particle,"Pion",13008,1.695625,1.892943,0.771285
101,particle,"Pion",13008,1.528189,1.360742,0.626967
102,particle,"Pion",13008,1.215785,1.446815,0.424134
103,particle,"Pion",13008,1.609359,1.494786,0.704754
104,particle,"Pion",13008,1.383453,1.576495,0.519213
105,particle,"Pion",13008,1.575494,1.915452,0.648575
106,particle,"Pion",13008,1.563887,1.7068,0.664945
107,particle,"Pion",13008,1.490155,1.473402,0.657038
108,particle,"Pion",13008,1.395785,1.325521,0.5425
109,particle,"Pion",13008,1.332106,1.564492,0.520918
110,particle,"Pion",13008,1.381974,1.385513,0.507399
111,particle,"Pion",13008,1.355211,1.650256,0.481024
112,particle,"Pion",13008,1.748889,2.046688,0.781562
113,particle,"Pion",13008,1.612363,1.833103,0.67949
114,particle,"Pion",13008,1.70149,2.242555,0.699464
115,particle,"Pion",13008,1.342473,1.712596,0.485372
116,particle,"Pion",13008,1.682508,1.69281,0.746775
117,particle,"Pion",13008,1.425424,2.005431,0.535628
118,particle,"Pion",13008,1.502618,1.876646,0.626194
119,particle,"Pion",13008,1.32124,1.357958,0.493424
120,particle,"Pion",13008,1.428871,1.877307,0.548839
121,particle,"Pion",13008,1.479287,1.74864,0.598282
122,particle,"Pion",13008,1.450684,1.741314,0.581011
123,particle,"Pion",13008,1.410548,1.747047,0.531794
124,particle,"Pion",13008,1.426802,1.806007,0.544223
125,particle,"Pion",13008,1.46091,1.734362,0.608143
126,particle,"Pion",13008,1.473619,1.821945,0.582443
127,particle,"Pion",13008,1.453868,1.672439,0.598472
128,particle,"Pion",13008,1.574018,1.91174,0.675481
129,particle,"Pion",13008,1.349017,1.715954,0.513144
130,particle,"Pion",13008,1.332139,1.775215,0.511459
131,particle,"Pion",13008,1.454365,1.66972,0.605441
132,particle,"Pion",13008,1.397889,1.86991,0.563514
133,particle,"Pion",13008,1.502623,1.686932,0.632675
134,particle,"Pion",13008,1.385734,1.752965,0.547663
135,particle,"Pion",13008,1.475267,1.612936,0.623936
136,particle,"Pion",13008,1.381748,1.726585,0.549627
137,particle,"Pion",13008,1.409644,1.970653,0.574458
138,particle,"Pion",13008,1.495695,1.832147,0.622676
139,particle,"Pion",13008,1.538497,1.750285,0.650255
140,particle,"Pion",13008,1.419596,1.749199,0.57609
141,particle,"Pion",13008,1.384777,1.649719,0.530017
142,particle,"Pion",13008,1.503135,1.503039,0.58521
143,particle,"Pion",13008,1.431994,1.589994,0.567981
144,particle,"Pion",13008,1.466859,1.399901,0.568809
145,particle,"Pion",13008,1.315595,1.76699,0.482208
146,particle,"Pion",13008,1.349332,1.573824,0.532358
147,particle,"Pion",13008,1.582818,1.747182,0.680195
148,particle,"Pion",13008,1.383929,1.671691,0.53489
149,particle,"Pion",13008,1.345597,1.804674,0.504739
150,particle,"Pion",13008,1.512085,1.658652,0.554689
151,particle,"Pion",13008,1.615847,1.818911,0.66305
152,particle,"Pion",13008,1.221828,1.749068,0.464205
153,particle,"Pion",13008,1.693953,2.167361,0.703897
154,particle,"Pion",13008,1.443044,1.943251,0.552655
155,particle,"Pion",13008,1.298798,1.880104,0.466279
156,particle,"Pion",13008,1.152528,1.977248,0.371497
157,particle,"Pion",13008,1.477531,1.790958,0.545787
158,particle,"Pion",13008,1.358103,1.962195,0.504167
159,particle,"Pion",13008,1.457264,1.994313,0.489435
160,particle,"Pion",13008,1.704883,2.295198,0.697071
161,particle,"Pion",13008,1.437933,1.871706,0.543116
162,particle,"Pion",13008,1.471658,2.155081,0.589037
163,particle,"Pion",13008,1.458111,2.002528,0.56901
164,particle,"Pion",13008,1.438287,1.796049,0.552939
165,particle,"Pion",13008,1.466232,1.836115,0.575249
166,particle,"Pion",13008,1.34282,1.908674,0.502578
167,particle,"Pion",13008,1.494156,1.654342,0.581846
168,particle,"Pion",13008,1.451106,2.050711,0.584908
169,particle,"Pion",13008,1.624408,1.91135,0.663548
170,particle,"Pion",13008,1.501632,2.006159,0.593245
171,particle,"Pion",13008,1.469618,1.945782,0.566477
172,particle,"Pion",13008,1.432107,2.060791,0.563356
173,particle,"Pion",13008,1.439716,2.087336,0.57026
174,particle,"Pion",13008,1.475036,1.968954,0.580337
175,particle,"Pion",13008,1.37484,1.977965,0.545356
176,particle,"Pion",13008,1.536752,2.134509,0.633502
177,particle,"Pion",13008,1.563618,2.118283,0.650313
178,particle,"Pion",13008,1.518532,2.123327,0.611131
179,particle,"Pion",13008,1.456585,1.994093,0.579794
180,particle,"Pion",13008,1.515696,2.128279,0.614086
181,particle,"Pion",13008,1.492368,2.107144,0.599217
182,particle,"Pion",13008,1.482449,1.980171,0.579124
183,particle,"Pion",13008,1.477564,2.084869,0.592854
184,particle,"Pion",13008,1.354786,2.031242,0.546334
185,particle,"Pion",13008,1.461742,2.073806,0.58366
186,particle,"Pion",13008,1.479947,1.96671,0.587709
187,particle,"Pion",13008,1.307723,2.060163,0.478519
188,particle,"Pion",13008,1.419385,1.884796,0.555996
189,particle,"Pion",13008,1.353417,1.998515,0.50051
190,particle,"Pion",13008,1.401661,1.879288,0.518814
191,particle,"Pion",13008,1.462802,1.992544,0.579507
192,particle,"Pion",13008,1.462488,1.972237,0.564596
193,particle,"Pion",13008,1.406149,1.969298,0.525843
194,particle,"Pion",13008,1.352526,2.059825,0.502844
195,particle,"Pion",13008,1.414214,1.839416,0.552946
196,particle,"Pion",13008,1.552633,2.039119,0.621712
197,particle,"Pion",13008,1.592452,1.772916,0.638208
198,particle,"Pion",13008,1.431379,2.016555,0.542526
199,particle,"Pion",13008,1.477627,1.848143,0.566933
200,particle,"Pion",13008,1.429784,1.837171,0.555118
201,particle,"Pion",13008,1.298892,2.030506,0.476516
202,particle,"Pion",13008,1.39887,2.189313,0.523673
203,particle,"Pion",13008,1.338733,2.102733,0.506569
204,particle,"Pion",13008,1.493126,2.004758,0.590105
205,particle,"Pion",13008,1.618508,1.762085,0.696127
206,particle,"Pion",13008,1.374597,2.081044,0.497235
207,particle,"Pion",13008,1.41201,1.817254,0.543498
208,particle,"Pion",13008,1.519593,1.620211,0.61256
209,particle,"Pion",13008,1.529939,1.834525,0.629885
210,particle,"Pion",13008,1.50342,1.887804,0.602178
211,particle,"Pion",13008,1.5536,1.664788,0.61555
212,particle,"Pion",13008,1.569969,1.891142,0.655412
213,particle,"Pion",13008,1.434053,2.001929,0.566266
214,particle,"Pion",13008,1.450367,1.888139,0.582145
215,particle,"Pion",13008,1.38639,1.919441,0.545527
216,particle,"Pion",13008,1.369134,2.107919,0.534956
217,particle,"Pion",13008,1.457014,2.076815,0.569904
218,particle,"Pion",13008,1.491894,1.90761,0.603688
219,particle,"Pion",13008,1.342789,1.962637,0.473447
220,particle,"Pion",13008,1.554004,2.197515,0.623068
221,particle,"Pion",13008,1.547601,2.038053,0.625902
222,particle,"Pion",13008,1.473552,2.005848,0.577319
223,particle,"Pion",13008,1.37153,1.945752,0.525412
224,particle,"Pion",13008,1.488249,2.029281,0.590009
225,particle,"Pion",13008,1.8133,2.504877,0.755005
226,particle,"Pion",13008,1.465103,1.867347,0.583656
227,particle,"Pion",13008,1.516877,1.984747,0.620124
228,particle,"Pion",13008,1.494058,1.923286,0.604408
229,particle,"Pion",13008,1.518108,1.901946,0.586516
230,particle,"Pion",13008,1.424096,1.827231,0.55642
231,particle,"Pion",13008,1.342897,1.602188,0.424822
232,particle,"Pion",13008,1.493202,1.851272,0.605112
233,particle,"Pion",13008,1.477798,1.727077,0.59785
234,particle,"Pion",13008,1.477558,1.735038,0.599491
235,particle,"Pion",13008,1.464077,1.867892,0.584338
236,particle,"Pion",13008,1.41975,1.722265,0.56999
237,particle,"Pion",13008,1.241429,2.413542,0.40061
238,particle,"Pion",13008,1.357843,2.028356,0.519256
239,particle,"Pion",13008,1.52844,2.257289,0.608161
240,particle,"Pion",13008,1.498172,2.290185,0.564822
241,particle,"Pion",13008,1.315669,2.045818,0.48434
242,particle,"Pion",13008,1.491161,1.994242,0.595143
243,particle,"Pion",13008,1.535652,1.865857,0.611646
244,particle,"Pion",13008,1.418877,1.530495,0.583926
245,particle,"Pion",13008,1.57875,1.988384,0.661179
246,particle,"Pion",13008,1.552233,1.699728,0.634416
247,particle,"Pion",13008,1.454631,1.997627,0.565684
248,particle,"Pion",13008,1.64495,2.103414,0.693793
249,particle,"Pion",13008,1.369018,1.756107,0.507886
250,particle,"Pion",13008,1.395724,2.019899,0.535107
251,particle,"Pion",13008,1.659762,1.833543,0.71362
252,particle,"Pion",13008,1.746269,2.062836,0.714474
253,particle,"Pion",13008,1.528724,1.752256,0.611408
254,particle,"Pion",13008,1.434228,1.944368,0.562492
255,particle,"Pion",13008,1.442508,1.751631,0.545914
256,particle,"Pion",13008,1.589793,2.083664,0.624953
257,particle,"Pion",13008,1.531908,2.047397,0.61125
258,particle,"Pion",13008,1.363916,2.078449,0.551695
259,particle,"Pion",13008,1.583029,2.175276,0.645783
260,particle,"Pion",13008,1.434972,1.897633,0.538217
261,particle,"Pion",13008,1.559846,1.990044,0.590146
262,particle,"Pion",13008,1.365464,2.0542,0.478862
263,particle,"Pion",13008,1.615871,2.086056,0.62948
264,particle,"Pion",13008,1.498641,2.147755,0.567888
265,particle,"Pion",13008,1.551386,1.98849,0.594901
266,particle,"Pion",13008,1.608044,2.022027,0.613986
267,particle,"Pion",13008,1.508412,1.815051,0.590165
268,particle,"Pion",13008,1.511522,1.858897,0.564044
269,particle,"Pion",13008,1.542054,2.196072,0.571993
270,particle,"Pion",13008,1.583597,1.949301,0.62395
271,particle,"Pion",13008,1.620813,1.889721,0.631918
272,particle,"Pion",13008,1.441963,1.632522,0.559259
273,particle,"Pion",13008,1.389842,1.743974,0.496393
274,particle,"Pion",13008,1.590368,2.002119,0.601129
275,particle,"Pion",13008,1.526232,1.856645,0.562808
276,particle,"Pion",13008,1.419363,1.546771,0.53446
277,particle,"Pion",13008,1.42352,1.733988,0.532644
278,particle,"Pion",13008,1.564078,1.957481,0.600359
279,particle,"Pion",13008,1.54303,1.934844,0.57316
280,particle,"Pion",13008,1.572151,1.982641,0.610014
281,particle,"Pion",13008,1.559704,2.051549,0.593165
282,particle,"Pion",13008,1.451971,1.777245,0.560373
283,particle,"Pion",13008,1.437448,1.642105,0.551645
284,particle,"Pion",13008,1.456343,1.80694,0.559139
285,particle,"Pion",13008,1.499023,1.798411,0.588838
286,particle,"Pion",13008,1.61667,2.265753,0.613297
287,particle,"Pion",13008,1.462061,1.811147,0.583673
288,particle,"Pion",13008,1.551564,1.996084,0.59926
289,particle,"Pion",13008,1.385552,2.481861,0.450248
290,particle,"Pion",13008,1.577385,2.12088,0.56133
291,particle,"Pion",13008,1.491549,2.089491,0.483353
292,particle,"Pion",13008,1.52829,2.009913,0.592095
293,particle,"Pion",13008,1.510853,2.056679,0.568667
294,particle,"Pion",13008,1.486848,1.98089,0.577556
295,particle,"Pion",13008,1.528572,2.463254,0.579965
296,particle,"Pion",13008,1.479009,2.389504,0.569827
297,particle,"Pion",13008,1.541576,2.218959,0.588842
298,particle,"Pion",13008,1.605537,2.189531,0.592231
299,particle,"Pion",13008,1.488225,2.342446,0.577655
300,particle,"Pion",13008,1.435409,2.081777,0.54361
301,particle,"Pion",13008,1.456771,2.182104,0.557587
302,particle,"Pion",13008,1.623665,2.168884,0.65053
303,particle,"Pion",13008,1.640698,2.088278,0.634324
304,particle,"Pion",13008,1.495348,2.082221,0.597878
305,particle,"Pion",13008,1.419988,1.987582,0.529452
306,particle,"Pion",13008,1.616473,2.244274,0.646042
307,particle,"Pion",13008,1.420452,2.087293,0.58914
308,particle,"Pion",13008,1.580493,2.120581,0.599002
309,particle,"Pion",13008,1.562749,2.35291,0.606113
310,particle,"Pion",13008,1.498751,2.000921,0.563345
311,particle,"Pion",13008,1.661114,2.321874,0.666276
312,particle,"Pion",13008,1.539655,2.110709,0.624621
313,particle,"Pion",13008,1.519466,2.224721,0.609415
314,particle,"Pion",13008,1.487615,1.847323,0.534789
315,particle,"Pion",13008,1.540821,1.892521,0.60767
316,particle,"Pion",13008,1.396679,1.602655,0.555618
317,particle,"Pion",13008,1.503385,1.868179,0.574928
318,particle,"Pion",13008,1.576591,2.211264,0.605657
319,particle,"Pion",13008,1.646727,2.119232,0.65779
320,particle,"Pion",13008,1.60745,2.226515,0.631252
321,particle,"Pion",13008,1.620751,2.203414,0.627232
322,particle,"Pion",13008,1.54418,2.360891,0.58205
323,particle,"Pion",13008,1.517838,2.077208,0.586979
324,particle,"Pion",13008,1.411381,2.199919,0.537503
325,particle,"Pion",13008,1.560314,2.211677,0.585903
326,particle,"Pion",13008,1.535731,2.15752,0.575957
327,particle,"Pion",13008,1.581964,2.361467,0.593986
328,particle,"Pion",13008,1.540262,2.078561,0.578599
329,particle,"Pion",13008,1.556282,2.085718,0.589698
330,particle,"Pion",13008,1.599749,2.233134,0.616116
331,particle,"Pion",13008,1.638949,2.519097,0.621338
332,particle,"Pion",13008,1.515402,2.417663,0.544251
333,particle,"Pion",13008,1.591563,2.379473,0.577564
334,particle,"Pion",13008,1.595453,2.285931,0.591802
335,particle,"Pion",13008,1.571572,2.376972,0.592317
336,particle,"Pion",13008,1.552341,2.37951,0.593509
337,particle,"Pion",13008,1.529377,2.337331,0.577684
338,particle,"Pion",13008,1.653211,2.334534,0.622473
339,particle,"Pion",13008,1.640912,2.471627,0.619153
340,particle,"Pion",13008,1.60581,2.346324,0.615791
341,particle,"Pion",13008,1.55266,2.175633,0.609722
342,particle,"Pion",13008,1.480409,1.999095,0.55343
343,particle,"Pion",13008,1.689925,2.265407,0.659428
344,particle,"Pion",13008,1.59089,2.251337,0.626206
345,particle,"Pion",13008,1.597711,2.266998,0.619492
346,particle,"Pion",13008,1.689554,2.092543,0.65466
347,particle,"Pion",13008,1.520916,2.25582,0.566972
348,particle,"Pion",13008,1.581351,2.288639,0.596721
349,particle,"Pion",13008,1.537091,2.030898,0.576477
350,particle,"Pion",13008,1.580284,2.245836,0.586067
351,particle,"Pion",13008,1.563794,2.258618,0.569261
352,particle,"Pion",13008,1.59335,2.256099,0.614964
353,particle,"Pion",13008,1.620522,2.319297,0.625193
354,particle,"Pion",13008,1.629312,2.288718,0.635418
355,particle,"Pion",13008,1.590679,2.195356,0.611951
356,particle,"Pion",13008,1.636814,2.091873,0.626516
357,particle,"Pion",13008,1.524742,2.158187,0.589765
358,particle,"Pion",13008,1.609763,2.445923,0.618861
359,particle,"Pion",13008,1.58525,1.97951,0.607252
360,particle,"Pion",13008,1.545675,1.961902,0.593413
361,particle,"Pion",13008,1.516631,1.967655,0.5616
362,particle,"Pion",13008,1.599468,2.061531,0.605565
363,particle,"Pion",13008,1.591956,2.071685,0.586336
364,particle,"Pion",13008,1.722456,2.243955,0.684572
365,particle,"Pion",13008,1.556004,2.132596,0.582052
366,particle,"Pion",13008,1.583995,2.207767,0.620585
367,particle,"Pion",13008,1.557187,2.071973,0.584482
368,particle,"Pion",13008,1.564278,2.374354,0.582223
369,particle,"Pion",13008,1.57519,2.608926,0.57359
370,particle,"Pion",13008,1.466597,2.133323,0.545008
371,particle,"Pion",13008,1.533036,2.303687,0.557475
372,particle,"Pion",13008,1.582456,2.454973,0.616494
373,particle,"Pion",13008,1.642905,2.239753,0.610334
374,particle,"Pion",13008,1.457448,2.523992,0.547221
375,particle,"Pion",13008,1.567693,2.170593,0.577997
376,particle,"Pion",13008,1.576411,2.201415,0.580094
377,particle,"Pion",13008,1.536287,2.535361,0.590087
378,particle,"Pion",13008,1.656876,2.587945,0.645012
379,particle,"Pion",13008,1.644095,2.392336,0.602591
380,particle,"Pion",13008,1.600434,2.172374,0.596791
381,particle,"Pion",13008,1.397173,2.196241,0.478386
382,particle,"Pion",13008,1.556748,2.331135,0.572966
383,particle,"Pion",13008,1.614512,2.222348,0.594045
384,particle,"Pion",13008,1.705558,2.299916,0.627463
385,particle,"Pion",13008,1.61462,2.25089,0.595157
386,particle,"Pion",13008,1.557752,2.271588,0.545528
387,particle,"Pion",13008,1.536847,2.103616,0.557201
388,particle,"Pion",13008,1.535486,2.355438,0.544352
389,particle,"Pion",13008,1.706285,2.264094,0.615722
390,particle,"Pion",13008,1.588044,2.598086,0.601321
391,particle,"Pion",13008,1.540961,2.518011,0.55591
392,particle,"Pion",13008,1.710749,2.298824,0.633706
393,particle,"Pion",13008,1.597661,2.232293,0.555755
394,particle,"Pion",13008,1.643654,2.430867,0.599707
395,particle,"Pion",13008,1.557368,2.309677,0.575736
396,particle,"Pion",13008,1.698617,2.521951,0.673684
397,particle,"Pion",13008,1.723415,2.50968,0.6779
398,particle,"Pion",13008,1.611302,2.410447,0.597771
399,particle,"Pion",13008,1.566381,2.313008,0.566233
400,particle,"Pion",13008,1.613135,2.335745,0.635346
401,particle,"Pion",13008,1.631586,2.237394,0.627882
402,particle,"Pion",13008,1.579494,2.225613,0.639551
403,particle,"Pion",13008,1.63025,2.332158,0.608365
404,particle,"Pion",13008,1.664141,2.147024,0.643509
405,particle,"Pion",13008,1.68144,2.34587,0.650958
406,particle,"Pion",13008,1.644395,2.371351,0.616684
407,particle,"Pion",13008,1.560022,2.369887,0.611092
408,particle,"Pion",13008,1.530142,2.343702,0.604086
409,particle,"Pion",13008,1.526338,2.192579,0.574019
410,particle,"Pion",13008,1.703054,2.369822,0.670922
411,particle,"Pion",13008,1.777954,2.134815,0.719802
412,particle,"Pion",13008,1.570648,2.262955,0.609386
413,particle,"Pion",13008,1.545615,2.304838,0.592275
414,particle,"Pion",13008,1.730355,2.345748,0.684723
415,particle,"Pion",13008,1.526947,2.067598,0.607966
416,particle,"Pion",13008,1.712541,2.564343,0.69717
417,particle,"Pion",13008,1.585179,2.174669,0.616623
418,particle,"Pion",13008,1.583985,2.123018,0.607996
419,particle,"Pion",13008,1.654174,2.567606,0.68067
420,particle,"Pion",13008,1.556124,2.179336,0.650538
421,particle,"Pion",13008,1.557016,2.187565,0.596672
422,particle,"Pion",13008,1.856821,2.275065,0.769878
423,particle,"Pion",13008,1.638353,2.118516,0.636682
424,particle,"Pion",13008,1.616684,2.323301,0.625718
425,particle,"Pion",13008,1.600185,2.124742,0.605699
426,particle,"Pion",13008,1.576838,2.201205,0.610533
427,particle,"Pion",13008,1.644334,2.371578,0.676865
428,particle,"Pion",13008,1.68151,2.424166,0.652575
429,particle,"Pion",13008,1.623594,2.165813,0.618169
430,particle,"Pion",13008,1.612169,2.246189,0.617482
431,particle,"Pion",13008,1.692578,2.399036,0.636641
432,particle,"Pion",13008,1.576538,2.180206,0.590275
433,particle,"Pion",13008,1.725183,2.113656,0.690243
434,particle,"Pion",13008,1.573814,2.18345,0.611335
435,particle,"Pion",13008,1.630289,2.146776,0.652143
436,particle,"Pion",13008,1.584705,2.385907,0.664858
437,particle,"Pion",13008,1.625612,2.199198,0.649928
438,particle,"Pion",13008,1.663984,2.280172,0.64894
439,particle,"Pion",13008,1.565874,2.337161,0.624959
440,particle,"Pion",13008,1.504889,2.115462,0.58445
441,particle,"Pion",13008,1.556103,2.202817,0.630805
442,particle,"Pion",13008,1.667002,2.18382,0.648279
443,particle,"Pion",13008,1.571209,2.201473,0.666641
444,particle,"Pion",13008,1.633901,2.131211,0.637433
445,particle,"Pion",13008,1.776291,2.294628,0.741209
446,particle,"Pion",13008,1.668041,2.331962,0.61831
447,particle,"Pion",13008,1.663962,2.162,0.648533
448,particle,"Pion",13008,1.613763,2.292755,0.631541
449,particle,"Pion",13008,1.440455,2.024726,0.564667
450,particle,"Pion",13008,1.634415,2.152065,0.666747
451,particle,"Pion",13008,1.676104,2.301837,0.660054
452,particle,"Pion",13008,1.62441,2.093463,0.651011
453,particle,"Pion",13008,1.67715,2.243746,0.69283
454,particle,"Pion",13008,1.44264,2.003068,0.562427
455,particle,"Pion",13008,1.647214,2.28075,0.6938
456,particle,"Pion",13008,1.273922,2.129325,0.496289
457,particle,"Pion",13008,1.606623,2.284383,0.66905
458,particle,"Pion",13008,1.602448,2.095339,0.646276
459,particle,"Pion",13008,1.572141,2.256456,0.653811
460,particle,"Pion",13008,1.68201,2.335114,0.686441
461,particle,"Pion",13008,1.600166,1.920299,0.636269
462,particle,"Pion",13008,1.66822,2.111048,0.644371
463,particle,"Pion",13008,1.638217,2.078558,0.660823
464,particle,"Pion",13008,1.609471,2.021953,0.640081
465,particle,"Pion",13008,1.576359,2.166326,0.608335
466,particle,"Pion",13008,1.632792,2.26618,0.626234
467,particle,"Pion",13008,1.522754,2.011556,0.617576
468,particle,"Pion",13008,1.676146,2.257063,0.693954
469,particle,"Pion",13008,1.671835,2.187758,0.699692
470,particle,"Pion",13008,1.670326,2.15878,0.656598
471,particle,"Pion",13008,1.707407,2.231901,0.696493
472,particle,"Pion",13008,1.730009,2.296855,0.709756
473,particle,"Pion",13008,1.628934,2.359988,0.71605
474,particle,"Pion",13008,1.604869,2.183458,0.624702
475,particle,"Pion",13008,1.575747,2.028584,0.650884
476,particle,"Pion",13008,1.55654,2.101814,0.662468
477,particle,"Pion",13008,1.658187,2.224974,0.662386
478,particle,"Pion",13008,1.629422,2.090802,0.634099
479,particle,"Pion",13008,1.628263,2.195236,0.631582
480,particle,"Pion",13008,1.602043,2.003812,0.64876
481,particle,"Pion",13008,1.614321,2.087017,0.623758
482,particle,"Pion",13008,1.632913,2.236594,0.674401
483,particle,"Pion",13008,1.687568,2.237307,0.640585
484,particle,"Pion",13008,1.634248,2.2762,0.712375
485,particle,"Pion",13008,1.628933,2.001871,0.662077
486,particle,"Pion",13008,1.582555,2.211901,0.608248
487,particle,"Pion",13008,1.648996,2.137467,0.649745
488,particle,"Pion",13008,1.610013,2.038458,0.674235
489,particle,"Pion",13008,1.694779,2.187213,0.697365
490,particle,"Pion",13008,1.777419,2.253651,0.742704
491,particle,"Pion",13008,1.686055,2.190716,0.667421
492,particle,"Pion",13008,1.621151,2.169915,0.639711
493,particle,"Pion",13008,1.681916,2.103085,0.693498
494,particle,"Pion",13008,1.664996,2.117467,0.688757
495,particle,"Pion",13008,1.622809,2.178793,0.669984
496,particle,"Pion",13008,1.67778,2.200007,0.660202
497,particle,"Pion",13008,1.661399,2.192429,0.69759
498,particle,"Pion",13008,1.601675,2.153954,0.658779
499,particle,"Pion",13008,1.629436,2.211088,0.641588
0,particle,"Electron",782,0.098503,1.055794,0.017536
1,particle,"Electron",782,0.101268,1.131956,0.017737
2,particle,"Electron",782,0.798752,0.575866,0.471602
3,particle,"Electron",782,0.919024,0.628467,0.510397
4,particle,"Electron",782,0.997159,0.528532,0.429584
5,particle,"Electron",782,0.950385,0.465327,0.369393
6,particle,"Electron",782,1.348212,1.031664,0.798436
7,particle,"Electron",782,1.827073,1.09928,1.015341
8,particle,"Electron",782,1.722667,1.168024,1.033413
9,particle,"Electron",782,1.085676,0.963896,0.446212
10,particle,"Electron",782,1.530763,1.55847,1.186414
11,particle,"Electron",782,1.074626,1.090156,0.557775
12,particle,"Electron",782,1.718929,1.373194,1.068797
13,particle,"Electron",782,1.321179,0.834651,0.620794
14,particle,"Electron",782,1.101702,0.803363,0.511303
15,particle,"Electron",782,1.423287,0.983231,0.623773
16,particle,"Electron",782,1.645799,1.169331,0.798304
17,particle,"Electron",782,1.086866,0.811595,0.40387
18,particle,"Electron",782,1.040477,0.835746,0.497827
19,particle,"Electron",782,1.625585,1.021012,0.586227
20,particle,"Electron",782,0.932281,0.931015,0.435044
21,particle,"Electron",782,1.186798,1.014604,0.576003
22,particle,"Electron",782,1.359372,1.20892,0.701709
23,particle,"Electron",782,1.408371,1.407383,0.73938
24,particle,"Electron",782,1.529775,1.375222,0.781008
25,particle,"Electron",782,1.215809,1.150699,0.55402
26,particle,"Electron",782,1.181504,1.118604,0.605875
27,particle,"Electron",782,1.121459,1.082508,0.546428
28,particle,"Electron",782,1.28072,1.156345,0.643727
29,particle,"Electron",782,1.351997,1.281855,0.724535
30,particle,"Electron",782,0.871846,0.747431,0.428834
31,particle,"Electron",782,1.174728,0.922606,0.551709
32,particle,"Electron",782,0.879696,0.668119,0.387876
33,particle,"Electron",782,1.025617,0.717579,0.394864
34,particle,"Electron",782,1.204089,0.877578,0.527504
35,particle,"Electron",782,1.294916,0.94094,0.551709
36,particle,"Electron",782,1.017781,1.024257,0.466074
37,particle,"Electron",782,1.352493,0.921596,0.610071
38,particle,"Electron",782,1.245505,0.543459,0.338703
39,particle,"Electron",782,1.194361,0.492849,0.390159
40,particle,"Electron",782,1.599903,0.783656,0.34118
41,particle,"Electron",782,1.512549,1.153858,0.911721
42,particle,"Electron",782,1.749466,1.058873,0.923164
43,particle,"Electron",782,1.468255,1.021315,0.847125
44,particle,"Electron",782,1.169234,0.724448,0.598433
45,particle,"Electron",782,2.467698,2.519983,1.424649
46,particle,"Electron",782,2.577999,2.379679,1.589759
47,particle,"Electron",782,1.886586,1.629045,0.971743
48,particle,"Electron",782,2.408314,3.245672,1.733898
49,particle,"Electron",782,1.613519,0.952511,0.784777
50,particle,"Electron",782,2.367528,2.705628,1.363347
51,particle,"Electron",782,2.615621,3.007502,1.534157
52,particle,"Electron",782,2.712053,3.088381,1.505499
53,particle,"Electron",782,3.552532,4.95706,2.18325
54,particle,"Electron",782,3.88515,5.793876,2.800855
55,particle,"Electron",782,3.584037,4.622042,2.448172
56,particle,"Electron",782,3.367367,4.256581,2.02623
57,particle,"Electron",782,3.246731,4.965663,2.391109
58,particle,"Electron",782,3.542165,5.02997,2.210975
59,particle,"Electron",782,2.259926,2.419057,1.165441
60,particle,"Electron",782,2.991204,4.195038,1.74624
61,particle,"Electron",782,3.972233,5.231953,2.846405
62,particle,"Electron",782,2.528442,3.716728,1.489451
63,particle,"Electron",782,1.524205,1.730298,0.640863
64,particle,"Electron",782,2.846314,3.863619,1.912453
65,particle,"Electron",782,3.736293,4.47769,2.797365
66,particle,"Electron",782,1.394294,1.955741,0.472619
67,particle,"Electron",782,2.952058,4.22225,1.642094
68,particle,"Electron",782,2.817214,3.087212,1.375097
69,particle,"Electron",782,2.738632,3.822367,1.520654
70,particle,"Electron",782,1.622491,1.409734,0.651914
71,particle,"Electron",782,2.324416,2.886331,0.997555
72,particle,"Electron",782,1.825783,1.515191,0.909471
73,particle,"Electron",782,2.018514,2.232377,0.873034
74,particle,"Electron",782,1.577107,0.840867,0.596724
75,particle,"Electron",782,1.455742,0.875649,0.560035
76,particle,"Electron",782,2.321374,2.400209,1.112073
77,particle,"Electron",782,2.793319,3.482263,1.421775
78,particle,"Electron",782,1.578363,1.086549,0.538207
79,particle,"Electron",782,1.809593,2.522644,0.691099
80,particle,"Electron",782,1.512354,1.262163,0.664411
81,particle,"Electron",782,1.595402,1.810376,0.633472
82,particle,"Electron",782,1.443046,1.07039,0.534874
83,particle,"Electron",782,1.957974,1.561314,0.883558
84,particle,"Electron",782,2.207388,2.610317,0.96872
85,particle,"Electron",782,1.780271,1.638539,0.765307
86,particle,"Electron",782,2.170035,2.425758,1.04109
87,particle,"Electron",782,2.095449,1.987748,1.064917
88,particle,"Electron",782,1.643689,1.790277,0.705678
89,particle,"Electron",782,1.238849,0.716633,0.381114
90,particle,"Electron",782,2.168004,2.258867,1.1532
91,particle,"Electron",782,1.520601,1.498824,0.641643
92,particle,"Electron",782,2.003685,2.471634,0.878915
93,particle,"Electron",782,2.242392,2.092552,1.10378
94,particle,"Electron",782,2.449324,3.309503,1.278055
95,particle,"Electron",782,4.18546,5.474399,2.57179
96,particle,"Electron",782,1.791693,1.418291,0.80944
97,particle,"Electron",782,1.85034,1.83254,0.859994
98,particle,"Electron",782,1.592547,0.855482,0.647576
99,particle,"Electron",782,1.727419,1.12766,0.772319
100,particle,"Electron",782,2.333598,2.074967,1.219506
101,particle,"Electron",782,2.147834,1.473009,1.029247
102,particle,"Electron",782,1.237648,1.005783,0.43419
103,particle,"Electron",782,2.249397,1.687696,1.203442
104,particle,"Electron",782,1.850949,1.940061,0.818126
105,particle,"Electron",782,2.440596,2.435968,1.316884
106,particle,"Electron",782,2.086383,2.118748,1.042434
107,particle,"Electron",782,1.83176,1.299659,0.932398
108,particle,"Electron",782,1.549423,0.844101,0.660124
109,particle,"Electron",782,1.553605,1.18468,0.736996
110,particle,"Electron",782,1.459928,0.916707,0.594484
111,particle,"Electron",782,1.643335,2.000154,0.696427
112,particle,"Electron",782,2.6897,3.014493,1.526597
113,particle,"Electron",782,2.200745,1.896073,1.20733
114,particle,"Electron",782,2.853589,3.554082,1.802352
115,particle,"Electron",782,1.413282,1.004031,0.53932
116,particle,"Electron",782,2.24361,1.817329,1.125462
117,particle,"Electron",782,1.945409,2.031442,0.986826
118,particle,"Electron",782,2.004448,1.750606,0.979623
119,particle,"Electron",782,1.398782,0.828497,0.562053
120,particle,"Electron",782,1.956374,1.754175,0.979952
121,particle,"Electron",782,1.782945,1.370472,0.840245
122,particle,"Electron",782,1.668962,1.142946,0.766994
123,particle,"Electron",782,1.650702,1.188657,0.690877
124,particle,"Electron",782,1.691169,1.424291,0.716246
125,particle,"Electron",782,1.804575,1.339568,0.840165
126,particle,"Electron",782,1.702385,1.174177,0.755322
127,particle,"Electron",782,1.831042,1.419509,0.881099
128,particle,"Electron",782,2.151546,1.803645,1.135196
129,particle,"Electron",782,1.50368,1.034219,0.64334
130,particle,"Electron",782,1.56091,1.162543,0.692928
131,particle,"Electron",782,1.753027,1.147721,0.835868
132,particle,"Electron",782,1.801753,1.651159,0.885118
133,particle,"Electron",782,1.84003,1.269651,0.862389
134,particle,"Electron",782,1.666376,1.328385,0.749773
135,particle,"Electron",782,1.777203,1.096907,0.82135
136,particle,"Electron",782,1.648816,1.25966,0.738257
137,particle,"Electron",782,1.83956,1.699751,0.896363
138,particle,"Electron",782,1.904441,1.443511,0.890185
139,particle,"Electron",782,2.080869,1.635752,1.122705
140,particle,"Electron",782,1.653316,1.100494,0.760607
141,particle,"Electron",782,1.701112,1.04313,0.728811
142,particle,"Electron",782,1.67622,0.989129,0.694448
143,particle,"Electron",782,1.717424,1.123119,0.784772
144,particle,"Electron",782,1.671641,0.862685,0.692055
145,particle,"Electron",782,1.2858,0.73381,0.470599
146,particle,"Electron",782,1.42949,0.953591,0.586757
147,particle,"Electron",782,1.890452,1.229235,0.904399
148,particle,"Electron",782,1.498472,0.84384,0.622219
149,particle,"Electron",782,1.538614,0.898696,0.65375
150,particle,"Electron",782,1.71838,0.877359,0.651579
151,particle,"Electron",782,2.479034,2.086293,1.195299
152,particle,"Electron",782,1.173639,0.696717,0.449525
153,particle,"Electron",782,2.531126,2.427196,1.225565
154,particle,"Electron",782,1.906313,1.465691,0.835097
155,particle,"Electron",782,1.418823,0.814406,0.536593
156,particle,"Electron",782,1.04762,0.691952,0.335637
157,particle,"Electron",782,1.614481,0.917062,0.580556
158,particle,"Electron",782,1.596588,1.181991,0.609738
159,particle,"Electron",782,1.646816,1.008815,0.555627
160,particle,"Electron",782,2.689861,2.485512,1.314139
161,particle,"Electron",782,1.913903,1.714276,0.79152
162,particle,"Electron",782,1.835172,1.49025,0.788813
163,particle,"Electron",782,1.794415,1.339835,0.745907
164,particle,"Electron",782,1.917633,1.356799,0.842234
165,particle,"Electron",782,1.861961,1.449518,0.819798
166,particle,"Electron",782,1.483865,0.973043,0.571055
167,particle,"Electron",782,1.743715,0.973188,0.71602
168,particle,"Electron",782,1.812776,1.459544,0.808946
169,particle,"Electron",782,2.133044,1.515334,0.994521
170,particle,"Electron",782,1.911254,1.443034,0.839008
171,particle,"Electron",782,1.77758,1.217628,0.758766
172,particle,"Electron",782,1.776905,1.473301,0.780907
173,particle,"Electron",782,1.849612,1.440234,0.816084
174,particle,"Electron",782,1.740377,1.036687,0.735995
175,particle,"Electron",782,1.775514,1.527614,0.783574
176,particle,"Electron",782,2.142506,1.798771,1.034729
177,particle,"Electron",782,1.998387,1.584788,0.914678
178,particle,"Electron",782,1.888569,1.343533,0.86054
179,particle,"Electron",782,1.726092,1.108686,0.731998
180,particle,"Electron",782,1.940345,1.516023,0.853367
181,particle,"Electron",782,2.053224,1.587946,0.962626
182,particle,"Electron",782,1.815595,1.201782,0.774881
183,particle,"Electron",782,1.959444,1.547522,0.899544
184,particle,"Electron",782,1.732605,1.688535,0.777099
185,particle,"Electron",782,1.803749,1.262103,0.81136
186,particle,"Electron",782,1.988111,1.553864,0.883713
187,particle,"Electron",782,1.381136,0.884093,0.513618
188,particle,"Electron",782,1.623486,1.078374,0.696404
189,particle,"Electron",782,1.583276,0.975005,0.672241
190,particle,"Electron",782,1.507431,0.833355,0.562495
191,particle,"Electron",782,1.808102,1.28517,0.772204
192,particle,"Electron",782,1.929632,1.408724,0.867312
193,particle,"Electron",782,1.520987,0.939039,0.589251
194,particle,"Electron",782,1.567732,1.152058,0.633403
195,particle,"Electron",782,1.840165,1.374729,0.84979
196,particle,"Electron",782,1.840387,1.223585,0.758515
197,particle,"Electron",782,1.729908,1.049549,0.686992
198,particle,"Electron",782,1.532466,0.860356,0.58722
199,particle,"Electron",782,1.798286,1.279862,0.701373
200,particle,"Electron",782,1.697974,1.268728,0.677673
201,particle,"Electron",782,1.313699,0.837222,0.508487
202,particle,"Electron",782,1.95803,1.950127,0.893646
203,particle,"Electron",782,1.30518,0.889379,0.468973
204,particle,"Electron",782,2.046036,1.806886,0.934231
205,particle,"Electron",782,2.246349,1.790781,1.118714
206,particle,"Electron",782,1.753065,1.671836,0.729094
207,particle,"Electron",782,1.687551,1.32096,0.671022
208,particle,"Electron",782,1.932736,1.511838,0.809361
209,particle,"Electron",782,2.049858,1.726454,0.912132
210,particle,"Electron",782,1.932774,1.662266,0.820566
211,particle,"Electron",782,1.824862,1.226887,0.73769
212,particle,"Electron",782,2.091149,1.686762,0.949962
213,particle,"Electron",782,1.662806,1.389817,0.705246
214,particle,"Electron",782,1.729224,1.197726,0.70718
215,particle,"Electron",782,1.607616,1.182198,0.652915
216,particle,"Electron",782,1.977401,2.154251,0.93096
217,particle,"Electron",782,1.683251,1.166966,0.685548
218,particle,"Electron",782,1.750496,1.13262,0.728888
219,particle,"Electron",782,1.456797,1.098817,0.536283
220,particle,"Electron",782,1.953716,1.40801,0.807276
221,particle,"Electron",782,1.889269,1.351279,0.803824
222,particle,"Electron",782,1.739319,1.139838,0.69883
223,particle,"Electron",782,1.760804,1.511403,0.717598
224,particle,"Electron",782,1.989003,1.635876,0.810613
225,particle,"Electron",782,3.175289,3.17133,1.692729
226,particle,"Electron",782,1.820191,1.367583,0.76255
227,particle,"Electron",782,2.154735,1.941461,0.965175
228,particle,"Electron",782,1.782848,1.305646,0.751073
229,particle,"Electron",782,1.687959,1.04449,0.651343
230,particle,"Electron",782,1.809614,1.600048,0.726768
231,particle,"Electron",782,1.415467,0.697236,0.436445
232,particle,"Electron",782,1.83746,1.389039,0.768312
233,particle,"Electron",782,1.790951,1.394267,0.758679
234,particle,"Electron",782,1.886466,1.510619,0.771513
235,particle,"Electron",782,1.721388,1.264677,0.668647
236,particle,"Electron",782,1.789371,1.553431,0.697922
237,particle,"Electron",782,1.184853,0.721987,0.395883
238,particle,"Electron",782,1.782162,1.632473,0.731069
239,particle,"Electron",782,2.033049,1.673612,0.876616
240,particle,"Electron",782,1.772301,1.33163,0.704216
241,particle,"Electron",782,1.337211,0.773951,0.499177
242,particle,"Electron",782,2.152418,2.070622,0.960714
243,particle,"Electron",782,2.045963,1.59671,0.889907
244,particle,"Electron",782,1.883234,1.753583,0.854104
245,particle,"Electron",782,2.052715,1.667214,0.964711
246,particle,"Electron",782,1.922383,1.503018,0.798096
247,particle,"Electron",782,1.646915,1.032783,0.640773
248,particle,"Electron",782,2.328103,1.898934,1.114519
249,particle,"Electron",782,1.490026,0.919156,0.564461
250,particle,"Electron",782,1.531486,0.855002,0.606079
251,particle,"Electron",782,2.340604,1.958405,1.166938
252,particle,"Electron",782,2.302447,1.75033,1.044725
253,particle,"Electron",782,2.001828,1.575138,0.872778
254,particle,"Electron",782,1.702005,1.35235,0.705495
255,particle,"Electron",782,1.569047,0.970055,0.622497
256,particle,"Electron",782,2.080739,1.572383,0.871248
257,particle,"Electron",782,1.762933,1.376945,0.744296
258,particle,"Electron",782,1.419377,0.937695,0.594391
259,particle,"Electron",782,2.07409,1.614554,0.957055
260,particle,"Electron",782,1.464887,0.8088,0.55258
261,particle,"Electron",782,1.835385,1.36089,0.695046
262,particle,"Electron",782,1.420008,0.821222,0.490656
263,particle,"Electron",782,1.993675,1.482043,0.819247
264,particle,"Electron",782,1.66912,0.945874,0.618986
265,particle,"Electron",782,1.67981,1.043128,0.600308
266,particle,"Electron",782,1.926802,1.273875,0.762979
267,particle,"Electron",782,1.794572,1.545993,0.706803
268,particle,"Electron",782,1.713351,1.018327,0.632398
269,particle,"Electron",782,1.634017,1.032491,0.580027
270,particle,"Electron",782,1.933409,1.394815,0.783076
271,particle,"Electron",782,1.95186,1.363646,0.792921
272,particle,"Electron",782,1.660739,1.245074,0.660161
273,particle,"Electron",782,1.533705,1.275689,0.5656
274,particle,"Electron",782,1.978705,1.413196,0.793093
275,particle,"Electron",782,1.719238,1.032088,0.622849
276,particle,"Electron",782,1.659901,1.229553,0.591647
277,particle,"Electron",782,1.607979,1.159524,0.5703
278,particle,"Electron",782,1.783555,1.180321,0.712113
279,particle,"Electron",782,1.78447,1.120017,0.683174
280,particle,"Electron",782,1.855088,1.427511,0.719017
281,particle,"Electron",782,1.961677,1.604115,0.780097
282,particle,"Electron",782,1.919011,1.771761,0.771604
283,particle,"Electron",782,1.736877,1.396628,0.681406
284,particle,"Electron",782,1.709405,1.383678,0.662798
285,particle,"Electron",782,1.817092,1.455116,0.701991
286,particle,"Electron",782,1.90872,1.3145,0.768682
287,particle,"Electron",782,1.901093,1.736904,0.801071
288,particle,"Electron",782,1.898368,1.314014,0.72581
289,particle,"Electron",782,1.401969,1.083365,0.430282
290,particle,"Electron",782,1.807878,1.060933,0.685651
291,particle,"Electron",782,1.662131,0.858825,0.550339
292,particle,"Electron",782,1.949025,1.598695,0.786207
293,particle,"Electron",782,1.750391,1.159677,0.656145
294,particle,"Electron",782,1.659781,1.062137,0.633343
295,particle,"Electron",782,2.001416,1.775317,0.848958
296,particle,"Electron",782,1.582047,1.046747,0.625703
297,particle,"Electron",782,1.701258,1.174993,0.636941
298,particle,"Electron",782,1.901664,1.375603,0.774097
299,particle,"Electron",782,1.752719,1.544113,0.716922
300,particle,"Electron",782,1.662803,1.324793,0.670205
301,particle,"Electron",782,1.704315,1.27482,0.654534
302,particle,"Electron",782,2.268856,1.844734,1.046823
303,particle,"Electron",782,1.944957,1.2011,0.771916
304,particle,"Electron",782,1.749784,1.413054,0.700778
305,particle,"Electron",782,1.476835,0.868188,0.524982
306,particle,"Electron",782,2.140608,1.826546,0.943508
307,particle,"Electron",782,1.874189,1.743972,0.840765
308,particle,"Electron",782,1.933651,1.536512,0.725359
309,particle,"Electron",782,1.909637,1.673674,0.720199
310,particle,"Electron",782,1.667891,1.033248,0.645982
311,particle,"Electron",782,2.134476,1.68198,0.883944
312,particle,"Electron",782,1.930111,1.586786,0.794015
313,particle,"Electron",782,1.940764,1.732315,0.835179
314,particle,"Electron",782,1.626802,1.042795,0.566244
315,particle,"Electron",782,1.961085,1.721037,0.794439
316,particle,"Electron",782,1.583753,1.288568,0.603096
317,particle,"Electron",782,1.766583,1.387238,0.675155
318,particle,"Electron",782,1.834657,1.259463,0.740565
319,particle,"Electron",782,2.10314,1.726474,0.925913
320,particle,"Electron",782,1.928319,1.537081,0.836543
321,particle,"Electron",782,2.076544,1.774338,0.842309
322,particle,"Electron",782,1.932791,1.801529,0.802149
323,particle,"Electron",782,1.829419,1.556124,0.706498
324,particle,"Electron",782,1.463903,1.101627,0.544702
325,particle,"Electron",782,1.824453,1.314057,0.723074
326,particle,"Electron",782,1.88057,1.433658,0.720364
327,particle,"Electron",782,1.989374,1.640877,0.81443
328,particle,"Electron",782,1.780078,1.294996,0.66285
329,particle,"Electron",782,1.845503,1.289375,0.716644
330,particle,"Electron",782,2.12047,1.851764,0.890152
331,particle,"Electron",782,2.058313,1.636098,0.837435
332,particle,"Electron",782,1.727192,1.195482,0.631556
333,particle,"Electron",782,1.871435,1.253543,0.71986
334,particle,"Electron",782,1.946811,1.469357,0.764666
335,particle,"Electron",782,1.866125,1.359345,0.725819
336,particle,"Electron",782,1.922707,1.687058,0.779977
337,particle,"Electron",782,1.845515,1.576763,0.69041
338,particle,"Electron",782,1.959996,1.400505,0.788507
339,particle,"Electron",782,2.105509,1.793844,0.889059
340,particle,"Electron",782,1.841965,1.244722,0.715043
341,particle,"Electron",782,2.137757,2.195697,0.918496
342,particle,"Electron",782,1.792973,1.78714,0.70561
343,particle,"Electron",782,2.331125,2.17571,1.007416
344,particle,"Electron",782,1.986378,1.882997,0.820498
345,particle,"Electron",782,1.9858,1.669705,0.820629
346,particle,"Electron",782,2.216181,1.863632,0.984767
347,particle,"Electron",782,1.817302,1.467697,0.705002
348,particle,"Electron",782,1.943057,1.619793,0.751909
349,particle,"Electron",782,1.783081,1.427286,0.661656
350,particle,"Electron",782,1.845067,1.241624,0.715446
351,particle,"Electron",782,1.729801,1.014845,0.6567
352,particle,"Electron",782,1.936836,1.61278,0.761015
353,particle,"Electron",782,1.986159,1.648897,0.806013
354,particle,"Electron",782,2.016791,1.67995,0.828625
355,particle,"Electron",782,1.977104,1.583386,0.801041
356,particle,"Electron",782,2.086871,1.68643,0.879236
357,particle,"Electron",782,1.854553,1.603909,0.753938
358,particle,"Electron",782,1.927195,1.493043,0.805514
359,particle,"Electron",782,1.954375,1.655912,0.729347
360,particle,"Electron",782,2.036397,1.832358,0.840902
361,particle,"Electron",782,1.67963,1.28426,0.604092
362,particle,"Electron",782,1.957858,1.561026,0.769012
363,particle,"Electron",782,1.796927,1.194925,0.662978
364,particle,"Electron",782,2.252274,1.916387,0.995596
365,particle,"Electron",782,1.734087,1.269035,0.699082
366,particle,"Electron",782,1.854793,1.572604,0.736117
367,particle,"Electron",782,1.821243,1.31743,0.686639
368,particle,"Electron",782,1.995699,1.835547,0.86634
369,particle,"Electron",782,1.980564,1.824657,0.794507
370,particle,"Electron",782,1.61538,1.412812,0.609135
371,particle,"Electron",782,1.66745,1.191205,0.604713
372,particle,"Electron",782,2.122931,2.051856,0.97772
373,particle,"Electron",782,2.125029,1.667909,0.904651
374,particle,"Electron",782,1.727595,1.679502,0.694316
375,particle,"Electron",782,1.736411,1.322767,0.637564
376,particle,"Electron",782,1.755542,1.299189,0.678511
377,particle,"Electron",782,1.917905,2.113005,0.822466
378,particle,"Electron",782,2.211186,2.146581,1.004682
379,particle,"Electron",782,2.045878,1.778217,0.819309
380,particle,"Electron",782,1.975687,1.957403,0.794674
381,particle,"Electron",782,1.418688,0.912579,0.52967
382,particle,"Electron",782,1.78816,1.410142,0.721825
383,particle,"Electron",782,2.000858,1.593254,0.843991
384,particle,"Electron",782,2.214668,1.786196,0.982047
385,particle,"Electron",782,1.879204,1.414938,0.723876
386,particle,"Electron",782,1.715052,1.205268,0.612435
387,particle,"Electron",782,1.837382,1.661989,0.72391
388,particle,"Electron",782,1.77858,1.532487,0.629966
389,particle,"Electron",782,2.141309,1.866167,0.884858
390,particle,"Electron",782,1.870048,1.714704,0.769496
391,particle,"Electron",782,1.823574,1.642285,0.666287
392,particle,"Electron",782,2.086808,1.690761,0.85381
393,particle,"Electron",782,1.821836,1.204865,0.683774
394,particle,"Electron",782,1.945768,1.523769,0.762459
395,particle,"Electron",782,1.778106,1.473458,0.695636
396,particle,"Electron",782,2.221127,2.195898,0.993508
397,particle,"Electron",782,2.227106,1.989948,0.977458
398,particle,"Electron",782,1.846232,1.426409,0.719369
399,particle,"Electron",782,1.617571,1.072802,0.589858
400,particle,"Electron",782,2.120214,2.137811,0.91348
401,particle,"Electron",782,2.041525,1.747596,0.876103
402,particle,"Electron",782,2.001194,2.032623,0.86168
403,particle,"Electron",782,2.038026,1.766358,0.871904
404,particle,"Electron",782,2.186998,1.954441,0.964637
405,particle,"Electron",782,2.181166,2.011132,0.988692
406,particle,"Electron",782,2.006236,1.601647,0.828282
407,particle,"Electron",782,2.093318,2.335116,0.934442
408,particle,"Electron",782,1.802719,1.712911,0.740503
409,particle,"Electron",782,1.822944,1.646439,0.760764
410,particle,"Electron",782,2.23311,2.013301,1.023747
411,particle,"Electron",782,2.474627,2.299663,1.200202
412,particle,"Electron",782,1.935703,1.781,0.824248
413,particle,"Electron",782,1.876067,1.780544,0.778201
414,particle,"Electron",782,2.271197,2.070894,1.017948
415,particle,"Electron",782,1.744411,1.566712,0.725034
416,particle,"Electron",782,2.28011,2.233609,1.104779
417,particle,"Electron",782,2.038206,2.024561,0.878748
418,particle,"Electron",782,1.918757,1.667711,0.82904
419,particle,"Electron",782,2.338492,2.620563,1.12475
420,particle,"Electron",782,2.097192,2.284737,1.028545
421,particle,"Electron",782,2.046818,2.049045,0.881407
422,particle,"Electron",782,2.797494,2.798952,1.396355
423,particle,"Electron",782,2.077122,1.958855,0.919176
424,particle,"Electron",782,1.999185,1.810967,0.820709
425,particle,"Electron",782,1.896768,1.582642,0.761095
426,particle,"Electron",782,1.894612,1.69123,0.768192
427,particle,"Electron",782,2.290988,2.475333,1.137361
428,particle,"Electron",782,2.155241,1.941188,0.957302
429,particle,"Electron",782,2.033069,1.739691,0.92186
430,particle,"Electron",782,2.051779,1.862745,0.899431
431,particle,"Electron",782,2.191939,1.912124,0.943852
432,particle,"Electron",782,1.900609,1.701239,0.796915
433,particle,"Electron",782,2.121538,1.779191,1.011924
434,particle,"Electron",782,1.911659,1.876856,0.805344
435,particle,"Electron",782,2.084022,1.987404,0.884802
436,particle,"Electron",782,1.94368,1.910374,0.823171
437,particle,"Electron",782,2.243043,2.140962,1.088523
438,particle,"Electron",782,2.112799,1.966083,0.957066
439,particle,"Electron",782,1.977787,2.211378,0.846295
440,particle,"Electron",782,2.028332,2.257033,0.973615
441,particle,"Electron",782,2.04232,2.096766,0.932518
442,particle,"Electron",782,2.093794,1.897507,0.947526
443,particle,"Electron",782,2.144777,2.760337,0.941613
444,particle,"Electron",782,2.075736,1.74106,0.907401
445,particle,"Electron",782,2.749665,2.831875,1.435433
446,particle,"Electron",782,1.914899,1.40125,0.759514
447,particle,"Electron",782,2.260352,2.089161,1.018146
448,particle,"Electron",782,1.874497,1.517314,0.79218
449,particle,"Electron",782,1.73939,1.91245,0.722784
450,particle,"Electron",782,2.221841,2.289136,1.017662
451,particle,"Electron",782,2.13343,1.896144,0.952674
452,particle,"Electron",782,2.260141,2.262319,1.070448
453,particle,"Electron",782,2.200688,2.148282,1.0273
454,particle,"Electron",782,1.867456,2.159389,0.814704
455,particle,"Electron",782,2.26341,2.318247,1.013378
456,particle,"Electron",782,1.530495,1.40678,0.691944
457,particle,"Electron",782,2.044074,2.077516,0.941917
458,particle,"Electron",782,2.117804,2.154918,0.967475
459,particle,"Electron",782,1.782355,1.556911,0.774274
460,particle,"Electron",782,2.221347,2.201874,1.01121
461,particle,"Electron",782,2.095887,1.924661,0.936079
462,particle,"Electron",782,2.176864,2.03913,0.967808
463,particle,"Electron",782,1.980624,1.822722,0.842971
464,particle,"Electron",782,2.097714,2.023095,0.908152
465,particle,"Electron",782,1.787881,1.503311,0.703931
466,particle,"Electron",782,2.037792,1.720671,0.886897
467,particle,"Electron",782,1.832276,1.729609,0.796455
468,particle,"Electron",782,2.28148,2.300792,1.099866
469,particle,"Electron",782,2.221649,2.19642,1.059346
470,particle,"Electron",782,2.059358,1.887191,0.837952
471,particle,"Electron",782,2.315711,2.209412,1.109558
472,particle,"Electron",782,2.502227,2.755464,1.176013
473,particle,"Electron",782,2.231879,2.676808,1.080283
474,particle,"Electron",782,1.853307,1.532909,0.725767
475,particle,"Electron",782,1.965616,2.018044,0.847837
476,particle,"Electron",782,1.880389,1.949778,0.9092
477,particle,"Electron",782,2.135712,2.003702,0.959925
478,particle,"Electron",782,2.090365,1.803598,0.90016
479,particle,"Electron",782,2.024291,1.782577,0.871617
480,particle,"Electron",782,1.977912,1.850166,0.897939
481,particle,"Electron",782,1.844705,1.498517,0.762679
482,particle,"Electron",782,1.955799,1.825264,0.859352
483,particle,"Electron",782,2.078694,1.648559,0.879942
484,particle,"Electron",782,1.927677,1.856913,0.856306
485,particle,"Electron",782,1.995416,1.851278,0.851186
486,particle,"Electron",782,1.877475,1.588628,0.800986
487,particle,"Electron",782,2.060228,1.97615,0.904519
488,particle,"Electron",782,2.060031,2.350225,0.862786
489,particle,"Electron",782,2.384547,2.450495,1.133482
490,particle,"Electron",782,2.385572,2.278481,1.115723
491,particle,"Electron",782,2.097683,1.839873,0.956214
492,particle,"Electron",782,1.934464,1.681923,0.830904
493,particle,"Electron",782,2.148467,1.993004,0.977222
494,particle,"Electron",782,2.076276,1.932627,0.967508
495,particle,"Electron",782,1.941769,1.79164,0.842836
496,particle,"Electron",782,2.06655,1.823314,0.865674
497,particle,"Electron",782,2.231444,2.373552,1.036801
498,particle,"Electron",782,1.911796,1.780137,0.804958
499,particle,"Electron",782,1.932194,1.709003,0.825563
0,particle,"Muon",1998,0.055529,0.958212,0.012787
1,particle,"Muon",1998,0.055495,0.969054,0.012611
2,particle,"Muon",1998,0.766411,0.425777,0.257041
3,particle,"Muon",1998,0.911407,0.556165,0.374262
4,particle,"Muon",1998,1.058003,0.512534,0.401104
5,particle,"Muon",1998,0.904818,0.26573,0.190997
6,particle,"Muon",1998,1.311401,0.900263,0.532457
7,particle,"Muon",1998,1.370276,0.93145,0.590051
8,particle,"Muon",1998,1.507148,1.155357,0.65901
9,particle,"Muon",1998,1.290664,0.876094,0.370448
10,particle,"Muon",1998,1.220948,0.807027,0.446094
11,particle,"Muon",1998,1.176657,1.019429,0.462613
12,particle,"Muon",1998,1.364976,0.914294,0.505162
13,particle,"Muon",1998,1.237959,0.672911,0.271826
14,particle,"Muon",1998,1.046996,0.752852,0.363454
15,particle,"Muon",1998,1.192534,0.97958,0.439469
16,particle,"Muon",1998,1.242985,1.038832,0.572852
17,particle,"Muon",1998,1.117389,0.848707,0.389163
18,particle,"Muon",1998,1.088042,0.795267,0.380528
19,particle,"Muon",1998,1.765949,1.284372,0.755388
20,particle,"Muon",1998,1.11222,0.906223,0.422633
21,particle,"Muon",1998,1.18387,0.941902,0.437269
22,particle,"Muon",1998,1.194724,0.973799,0.476994
23,particle,"Muon",1998,1.211557,1.092936,0.512263
24,particle,"Muon",1998,1.246977,1.090175,0.53874
25,particle,"Muon",1998,1.17823,1.027144,0.441377
26,particle,"Muon",1998,1.180985,0.980112,0.462276
27,particle,"Muon",1998,1.145248,0.98921,0.439132
28,particle,"Muon",1998,1.200291,1.041115,0.486772
29,particle,"Muon",1998,1.20102,1.056284,0.505167
30,particle,"Muon",1998,1.132805,0.737729,0.389017
31,particle,"Muon",1998,1.207138,0.966095,0.493766
32,particle,"Muon",1998,1.056554,0.738583,0.381024
33,particle,"Muon",1998,1.088506,0.7813,0.430373
34,particle,"Muon",1998,1.241608,0.934246,0.44691
35,particle,"Muon",1998,1.229454,1.00702,0.513627
36,particle,"Muon",1998,1.36804,1.029592,0.492665
37,particle,"Muon",1998,1.317205,1.025601,0.559397
38,particle,"Muon",1998,1.325799,0.616319,0.419682
39,particle,"Muon",1998,1.306173,0.693969,0.49516
40,particle,"Muon",1998,2.084698,0.882117,0.505475
41,particle,"Muon",1998,1.641138,1.270406,0.825635
42,particle,"Muon",1998,1.51476,1.082222,0.652998
43,particle,"Muon",1998,1.597068,1.191465,0.791799
44,particle,"Muon",1998,1.235303,0.560872,0.435321
45,particle,"Muon",1998,2.438886,2.957384,1.199599
46,particle,"Muon",1998,1.972515,2.265596,0.881929
47,particle,"Muon",1998,1.917601,2.280108,0.84123
48,particle,"Muon",1998,2.425576,3.518324,0.925648
49,particle,"Muon",1998,1.391709,1.118521,0.54835
50,particle,"Muon",1998,2.083607,3.114518,0.760782
51,particle,"Muon",1998,2.346142,3.718974,0.923295
52,particle,"Muon",1998,2.167155,3.460226,0.808348
53,particle,"Muon",1998,2.888825,5.532344,1.033509
54,particle,"Muon",1998,2.997274,5.578336,1.097856
55,particle,"Muon",1998,2.78467,5.164432,1.062305
56,particle,"Muon",1998,2.492567,4.628577,0.890534
57,particle,"Muon",1998,2.84408,4.971539,0.949056
58,particle,"Muon",1998,2.890965,5.603459,1.115792
59,particle,"Muon",1998,1.727735,2.587697,0.542353
60,particle,"Muon",1998,2.368289,4.365494,0.713685
61,particle,"Muon",1998,2.830649,5.472987,1.128316
62,particle,"Muon",1998,2.648722,4.940671,0.875251
63,particle,"Muon",1998,1.598346,1.90811,0.519895
64,particle,"Muon",1998,2.249396,3.775353,0.669751
65,particle,"Muon",1998,2.20013,3.374779,0.800737
66,particle,"Muon",1998,1.360794,1.135322,0.354396
67,particle,"Muon",1998,2.180198,3.738364,0.452928
68,particle,"Muon",1998,1.667963,2.392006,0.394192
69,particle,"Muon",1998,1.98083,3.390589,0.403422
70,particle,"Muon",1998,1.419579,1.061963,0.454242
71,particle,"Muon",1998,1.552204,1.833166,0.38946
72,particle,"Muon",1998,1.343676,1.110782,0.391446
73,particle,"Muon",1998,1.443361,1.842812,0.351996
74,particle,"Muon",1998,1.383573,1.4678,0.382113
75,particle,"Muon",1998,1.291109,0.736847,0.330572
76,particle,"Muon",1998,1.331975,1.304462,0.3097
77,particle,"Muon",1998,1.507054,2.271283,0.287847
78,particle,"Muon",1998,1.319709,0.858495,0.35142
79,particle,"Muon",1998,1.468735,1.787393,0.309825
80,particle,"Muon",1998,1.260569,0.671704,0.331644
81,particle,"Muon",1998,1.303014,0.946563,0.315165
82,particle,"Muon",1998,1.263666,0.759948,0.325532
83,particle,"Muon",1998,1.344863,0.932883,0.37063
84,particle,"Muon",1998,1.449754,1.553364,0.360079
85,particle,"Muon",1998,1.376788,1.031893,0.367467
86,particle,"Muon",1998,1.346243,1.35046,0.338226
87,particle,"Muon",1998,1.322181,0.928567,0.357345
88,particle,"Muon",1998,1.352518,1.171328,0.343261
89,particle,"Muon",1998,1.370432,0.692923,0.321716
90,particle,"Muon",1998,1.336519,1.134462,0.340779
91,particle,"Muon",1998,1.283548,0.840666,0.327867
92,particle,"Muon",1998,1.372995,1.250243,0.345311
93,particle,"Muon",1998,1.402023,1.125773,0.375088
94,particle,"Muon",1998,1.501897,1.943223,0.32207
95,particle,"Muon",1998,2.985914,3.854726,1.280541
96,particle,"Muon",1998,1.333357,0.934031,0.361436
97,particle,"Muon",1998,1.33268,0.934674,0.35616
98,particle,"Muon",1998,1.370326,1.054536,0.399972
99,particle,"Muon",1998,1.349739,0.922911,0.373847
100,particle,"Muon",1998,1.281752,0.905783,0.32061
101,particle,"Muon",1998,1.317351,0.812959,0.347685
102,particle,"Muon",1998,1.262455,0.698989,0.334601
103,particle,"Muon",1998,1.252493,0.672324,0.315179
104,particle,"Muon",1998,1.325479,0.829843,0.341827
105,particle,"Muon",1998,1.346671,0.788327,0.351495
106,particle,"Muon",1998,1.360776,0.980122,0.343926
107,particle,"Muon",1998,1.312058,0.745862,0.359999
108,particle,"Muon",1998,1.338727,0.808179,0.364146
109,particle,"Muon",1998,1.304719,0.669453,0.358281
110,particle,"Muon",1998,1.373631,0.753303,0.372837
111,particle,"Muon",1998,1.375189,0.815401,0.362296
112,particle,"Muon",1998,1.44772,1.3678,0.376432
113,particle,"Muon",1998,1.376656,0.79659,0.382443
114,particle,"Muon",1998,1.448805,1.58177,0.341554
115,particle,"Muon",1998,1.345341,0.802338,0.359043
116,particle,"Muon",1998,1.323575,0.765758,0.362182
117,particle,"Muon",1998,1.274346,0.736959,0.330924
118,particle,"Muon",1998,1.344705,0.815936,0.359452
119,particle,"Muon",1998,1.332142,0.720948,0.372997
120,particle,"Muon",1998,1.293645,0.73283,0.355245
121,particle,"Muon",1998,1.313658,0.714502,0.375225
122,particle,"Muon",1998,1.353267,0.813122,0.394505
123,particle,"Muon",1998,1.397137,0.893794,0.401082
124,particle,"Muon",1998,1.361286,0.877268,0.403837
125,particle,"Muon",1998,1.3394,0.793905,0.383496
126,particle,"Muon",1998,1.343309,0.911409,0.384903
127,particle,"Muon",1998,1.319586,0.731666,0.368727
128,particle,"Muon",1998,1.326067,0.788083,0.391118
129,particle,"Muon",1998,1.342038,0.790268,0.382529
130,particle,"Muon",1998,1.322929,0.744319,0.381327
131,particle,"Muon",1998,1.349046,0.817816,0.388982
132,particle,"Muon",1998,1.336389,0.974004,0.401605
133,particle,"Muon",1998,1.364344,0.881106,0.405434
134,particle,"Muon",1998,1.339982,0.946941,0.397804
135,particle,"Muon",1998,1.345481,0.879336,0.392046
136,particle,"Muon",1998,1.360411,0.840913,0.39527
137,particle,"Muon",1998,1.321881,1.006981,0.389797
138,particle,"Muon",1998,1.396776,0.989811,0.418599
139,particle,"Muon",1998,1.407037,0.912536,0.399152
140,particle,"Muon",1998,1.365058,0.88295,0.401389
141,particle,"Muon",1998,1.287243,0.726377,0.358204
142,particle,"Muon",1998,1.349918,0.845829,0.387705
143,particle,"Muon",1998,1.246351,0.633658,0.325884
144,particle,"Muon",1998,1.232666,0.733238,0.331771
145,particle,"Muon",1998,1.317006,0.720829,0.337502
146,particle,"Muon",1998,1.226465,0.642616,0.313516
147,particle,"Muon",1998,1.311867,0.733464,0.373582
148,particle,"Muon",1998,1.341165,0.804441,0.378825
149,particle,"Muon",1998,1.300938,0.745901,0.356645
150,particle,"Muon",1998,1.384731,0.876393,0.389649
151,particle,"Muon",1998,1.336343,0.856738,0.379447
152,particle,"Muon",1998,1.268886,0.790821,0.357793
153,particle,"Muon",1998,1.354716,1.032417,0.378277
154,particle,"Muon",1998,1.31355,0.941006,0.382686
155,particle,"Muon",1998,1.31553,0.734277,0.374354
156,particle,"Muon",1998,1.313566,0.815046,0.36466
157,particle,"Muon",1998,1.349743,0.87502,0.378688
158,particle,"Muon",1998,1.261213,0.699393,0.344085
159,particle,"Muon",1998,1.321763,0.803339,0.349905
160,particle,"Muon",1998,1.331081,1.001008,0.34902
161,particle,"Muon",1998,1.356086,0.859792,0.356682
162,particle,"Muon",1998,1.326581,0.994576,0.361915
163,particle,"Muon",1998,1.306072,0.847896,0.366701
164,particle,"Muon",1998,1.326728,0.862379,0.378753
165,particle,"Muon",1998,1.318665,0.833327,0.361507
166,particle,"Muon",1998,1.316032,0.847846,0.368705
167,particle,"Muon",1998,1.315365,0.834765,0.39938
168,particle,"Muon",1998,1.316326,1.033153,0.378199
169,particle,"Muon",1998,1.368114,0.899975,0.403947
170,particle,"Muon",1998,1.338327,0.950026,0.401723
171,particle,"Muon",1998,1.309536,0.940459,0.392554
172,particle,"Muon",1998,1.353241,0.960001,0.395603
173,particle,"Muon",1998,1.315069,0.928174,0.376941
174,particle,"Muon",1998,1.359701,0.899414,0.389725
175,particle,"Muon",1998,1.321123,0.975048,0.386519
176,particle,"Muon",1998,1.323482,1.007785,0.386086
177,particle,"Muon",1998,1.34474,1.016625,0.399237
178,particle,"Muon",1998,1.328929,1.04148,0.43256
179,particle,"Muon",1998,1.350628,1.011347,0.40286
180,particle,"Muon",1998,1.329177,1.014944,0.405878
181,particle,"Muon",1998,1.323049,1.012994,0.384652
182,particle,"Muon",1998,1.355366,0.996833,0.398008
183,particle,"Muon",1998,1.343151,1.014762,0.429559
184,particle,"Muon",1998,1.337155,1.131696,0.402089
185,particle,"Muon",1998,1.367022,1.044111,0.424315
186,particle,"Muon",1998,1.354079,1.016267,0.403088
187,particle,"Muon",1998,1.340822,0.947393,0.392162
188,particle,"Muon",1998,1.332338,0.872629,0.403057
189,particle,"Muon",1998,1.333735,0.875089,0.411754
190,particle,"Muon",1998,1.328026,0.890584,0.385001
191,particle,"Muon",1998,1.356709,0.968981,0.432512
192,particle,"Muon",1998,1.341182,0.891091,0.411848
193,particle,"Muon",1998,1.347527,0.982542,0.42328
194,particle,"Muon",1998,1.390348,1.035786,0.464839
195,particle,"Muon",1998,1.301564,0.798063,0.376583
196,particle,"Muon",1998,1.331721,0.976172,0.405641
197,particle,"Muon",1998,1.366628,0.848407,0.422446
198,particle,"Muon",1998,1.338806,0.90561,0.390492
199,particle,"Muon",1998,1.345047,0.816576,0.393797
200,particle,"Muon",1998,1.351348,0.691074,0.371363
201,particle,"Muon",1998,1.325311,0.927428,0.385382
202,particle,"Muon",1998,1.361699,1.082207,0.426904
203,particle,"Muon",1998,1.361363,1.032349,0.451087
204,particle,"Muon",1998,1.299818,0.866095,0.409942
205,particle,"Muon",1998,1.322573,0.87632,0.422878
206,particle,"Muon",1998,1.392257,1.060088,0.442862
207,particle,"Muon",1998,1.413553,1.04865,0.465381
208,particle,"Muon",1998,1.329232,0.988007,0.410289
209,particle,"Muon",1998,1.335081,1.019625,0.424773
210,particle,"Muon",1998,1.349252,1.036667,0.444281
211,particle,"Muon",1998,1.444415,0.990043,0.466232
212,particle,"Muon",1998,1.397374,1.090765,0.444135
213,particle,"Muon",1998,1.385198,1.099495,0.445594
214,particle,"Muon",1998,1.377593,1.07668,0.456431
215,particle,"Muon",1998,1.397982,1.132688,0.455954
216,particle,"Muon",1998,1.384109,1.283062,0.478688
217,particle,"Muon",1998,1.382923,1.147104,0.46214
218,particle,"Muon",1998,1.353369,1.063992,0.427057
219,particle,"Muon",1998,1.460258,1.145105,0.463565
220,particle,"Muon",1998,1.354805,1.087848,0.426309
221,particle,"Muon",1998,1.328407,1.032914,0.409767
222,particle,"Muon",1998,1.381635,1.091586,0.428207
223,particle,"Muon",1998,1.387052,1.112451,0.463476
224,particle,"Muon",1998,1.376314,1.095947,0.439645
225,particle,"Muon",1998,1.394893,1.030337,0.431188
226,particle,"Muon",1998,1.375172,1.157036,0.455404
227,particle,"Muon",1998,1.355331,1.19186,0.45983
228,particle,"Muon",1998,1.391584,1.173319,0.449038
229,particle,"Muon",1998,1.352648,1.080413,0.399713
230,particle,"Muon",1998,1.418612,1.242367,0.499016
231,particle,"Muon",1998,1.465085,0.653874,0.40144
232,particle,"Muon",1998,1.373208,1.151365,0.450881
233,particle,"Muon",1998,1.385099,1.184193,0.462992
234,particle,"Muon",1998,1.38946,1.185232,0.464667
235,particle,"Muon",1998,1.398133,1.164825,0.477365
236,particle,"Muon",1998,1.394257,1.186629,0.450988
237,particle,"Muon",1998,1.416138,1.160658,0.456626
238,particle,"Muon",1998,1.406216,1.239795,0.494712
239,particle,"Muon",1998,1.360801,1.121106,0.449901
240,particle,"Muon",1998,1.391906,1.135867,0.445759
241,particle,"Muon",1998,1.411248,1.216518,0.500591
242,particle,"Muon",1998,1.401226,1.172132,0.464368
243,particle,"Muon",1998,1.429154,1.122905,0.455993
244,particle,"Muon",1998,1.395132,1.334328,0.468056
245,particle,"Muon",1998,1.351005,1.056387,0.440184
246,particle,"Muon",1998,1.370868,1.093498,0.449502
247,particle,"Muon",1998,1.362133,1.111902,0.472352
248,particle,"Muon",1998,1.381311,1.17287,0.475887
249,particle,"Muon",1998,1.413939,1.142951,0.472335
250,particle,"Muon",1998,1.354185,1.173909,0.422152
251,particle,"Muon",1998,1.410796,1.188589,0.453698
252,particle,"Muon",1998,1.414511,1.205009,0.452052
253,particle,"Muon",1998,1.334772,1.142316,0.439225
254,particle,"Muon",1998,1.351684,1.133471,0.444349
255,particle,"Muon",1998,1.318935,1.107493,0.429978
256,particle,"Muon",1998,1.378337,1.035399,0.421707
257,particle,"Muon",1998,1.372741,1.095235,0.447414
258,particle,"Muon",1998,1.311245,1.097209,0.409136
259,particle,"Muon",1998,1.305706,1.262362,0.422755
260,particle,"Muon",1998,1.366253,1.138302,0.43223
261,particle,"Muon",1998,1.382309,1.18731,0.463827
262,particle,"Muon",1998,1.428857,1.222224,0.459531
263,particle,"Muon",1998,1.407503,1.15124,0.42534
264,particle,"Muon",1998,1.372352,1.218886,0.438677
265,particle,"Muon",1998,1.420112,1.240229,0.455772
266,particle,"Muon",1998,1.368294,1.157341,0.407446
267,particle,"Muon",1998,1.428991,1.407607,0.45873
268,particle,"Muon",1998,1.428563,1.256777,0.479366
269,particle,"Muon",1998,1.450086,1.176201,0.417437
270,particle,"Muon",1998,1.400234,1.218863,0.444154
271,particle,"Muon",1998,1.392603,1.255071,0.436267
272,particle,"Muon",1998,1.362645,1.255556,0.473623
273,particle,"Muon",1998,1.470627,1.401375,0.462172
274,particle,"Muon",1998,1.373644,1.278079,0.429482
275,particle,"Muon",1998,1.398473,1.226194,0.441567
276,particle,"Muon",1998,1.416135,1.343556,0.475631
277,particle,"Muon",1998,1.467697,1.424139,0.513376
278,particle,"Muon",1998,1.355059,1.227913,0.412856
279,particle,"Muon",1998,1.392106,1.197973,0.44545
280,particle,"Muon",1998,1.405218,1.32822,0.459755
281,particle,"Muon",1998,1.39756,1.263606,0.47238
282,particle,"Muon",1998,1.443165,1.431232,0.499948
283,particle,"Muon",1998,1.425563,1.360288,0.48788
284,particle,"Muon",1998,1.456616,1.432408,0.480957
285,particle,"Muon",1998,1.401449,1.357655,0.45786
286,particle,"Muon",1998,1.380903,1.137439,0.440984
287,particle,"Muon",1998,1.443401,1.527779,0.499726
288,particle,"Muon",1998,1.399101,1.261807,0.464271
289,particle,"Muon",1998,1.571137,1.475769,0.518492
290,particle,"Muon",1998,1.329438,1.235737,0.382214
291,particle,"Muon",1998,1.319957,0.76193,0.382299
292,particle,"Muon",1998,1.418641,1.376965,0.488825
293,particle,"Muon",1998,1.410419,1.289546,0.471618
294,particle,"Muon",1998,1.447744,1.432309,0.506623
295,particle,"Muon",1998,1.401725,1.327961,0.45069
296,particle,"Muon",1998,1.42017,1.292071,0.47758
297,particle,"Muon",1998,1.422479,1.291532,0.458883
298,particle,"Muon",1998,1.361328,1.218838,0.437904
299,particle,"Muon",1998,1.422017,1.365592,0.47018
300,particle,"Muon",1998,1.396097,1.320851,0.469209
301,particle,"Muon",1998,1.420867,1.269431,0.480998
302,particle,"Muon",1998,1.413889,1.28198,0.470088
303,particle,"Muon",1998,1.387214,1.160519,0.440527
304,particle,"Muon",1998,1.383253,1.331276,0.45999
305,particle,"Muon",1998,1.406171,1.251028,0.470842
306,particle,"Muon",1998,1.408142,1.278429,0.468291
307,particle,"Muon",1998,1.393724,1.58698,0.486528
308,particle,"Muon",1998,1.446651,1.329053,0.481263
309,particle,"Muon",1998,1.395136,1.463125,0.475203
310,particle,"Muon",1998,1.367774,1.230144,0.445386
311,particle,"Muon",1998,1.403539,1.272687,0.469638
312,particle,"Muon",1998,1.412425,1.392576,0.476013
313,particle,"Muon",1998,1.457615,1.488067,0.517572
314,particle,"Muon",1998,1.440162,1.232053,0.467574
315,particle,"Muon",1998,1.417357,1.359774,0.494275
316,particle,"Muon",1998,1.428739,1.407156,0.501858
317,particle,"Muon",1998,1.452461,1.422173,0.511953
318,particle,"Muon",1998,1.381663,1.315203,0.466844
319,particle,"Muon",1998,1.386154,1.407864,0.457931
320,particle,"Muon",1998,1.443083,1.432566,0.463408
321,particle,"Muon",1998,1.430041,1.446779,0.488079
322,particle,"Muon",1998,1.412402,1.449316,0.474551
323,particle,"Muon",1998,1.434204,1.377706,0.473424
324,particle,"Muon",1998,1.481158,1.684574,0.515266
325,particle,"Muon",1998,1.397133,1.343137,0.451679
326,particle,"Muon",1998,1.401664,1.284186,0.447522
327,particle,"Muon",1998,1.405952,1.37864,0.449951
328,particle,"Muon",1998,1.394986,1.341395,0.453953
329,particle,"Muon",1998,1.428024,1.397136,0.464911
330,particle,"Muon",1998,1.414024,1.463638,0.478956
331,particle,"Muon",1998,1.442963,1.444725,0.461357
332,particle,"Muon",1998,1.440834,1.422861,0.472312
333,particle,"Muon",1998,1.395237,1.31268,0.437786
334,particle,"Muon",1998,1.451877,1.389309,0.47559
335,particle,"Muon",1998,1.435567,1.457038,0.491645
336,particle,"Muon",1998,1.440706,1.5228,0.483778
337,particle,"Muon",1998,1.443157,1.421065,0.488009
338,particle,"Muon",1998,1.397781,1.335418,0.455991
339,particle,"Muon",1998,1.373473,1.318932,0.431401
340,particle,"Muon",1998,1.416461,1.418195,0.463344
341,particle,"Muon",1998,1.454641,1.521538,0.471607
342,particle,"Muon",1998,1.510527,1.569724,0.55099
343,particle,"Muon",1998,1.410617,1.453839,0.453677
344,particle,"Muon",1998,1.452173,1.624772,0.488622
345,particle,"Muon",1998,1.436517,1.461942,0.47134
346,particle,"Muon",1998,1.440161,1.426482,0.457024
347,particle,"Muon",1998,1.44599,1.452397,0.477971
348,particle,"Muon",1998,1.428377,1.494423,0.470692
349,particle,"Muon",1998,1.411784,1.39285,0.451492
350,particle,"Muon",1998,1.386373,1.325089,0.4473
351,particle,"Muon",1998,1.397779,1.330735,0.455821
352,particle,"Muon",1998,1.426331,1.464145,0.472044
353,particle,"Muon",1998,1.429088,1.446202,0.460797
354,particle,"Muon",1998,1.431007,1.460335,0.486564
355,particle,"Muon",1998,1.420565,1.416306,0.466979
356,particle,"Muon",1998,1.413227,1.429223,0.458201
357,particle,"Muon",1998,1.44169,1.519912,0.495152
358,particle,"Muon",1998,1.404455,1.420788,0.471187
359,particle,"Muon",1998,1.436377,1.542131,0.490629
360,particle,"Muon",1998,1.443256,1.529861,0.503033
361,particle,"Muon",1998,1.40733,1.436389,0.479198
362,particle,"Muon",1998,1.403632,1.473422,0.476809
363,particle,"Muon",1998,1.412328,1.439603,0.442573
364,particle,"Muon",1998,1.431297,1.470824,0.467528
365,particle,"Muon",1998,1.405085,1.458374,0.468203
366,particle,"Muon",1998,1.475415,1.615805,0.520158
367,particle,"Muon",1998,1.452622,1.488984,0.481563
368,particle,"Muon",1998,1.462611,1.578274,0.477616
369,particle,"Muon",1998,1.472813,1.586905,0.486894
370,particle,"Muon",1998,1.461449,1.68797,0.489576
371,particle,"Muon",1998,1.38726,1.415333,0.430017
372,particle,"Muon",1998,1.455045,1.578149,0.468723
373,particle,"Muon",1998,1.435304,1.504158,0.461716
374,particle,"Muon",1998,1.465113,1.682441,0.488533
375,particle,"Muon",1998,1.403783,1.393034,0.455935
376,particle,"Muon",1998,1.423639,1.47301,0.460605
377,particle,"Muon",1998,1.556345,1.980557,0.544482
378,particle,"Muon",1998,1.520373,1.726227,0.50864
379,particle,"Muon",1998,1.463824,1.502178,0.476086
380,particle,"Muon",1998,1.495008,1.70541,0.509168
381,particle,"Muon",1998,1.499255,1.582483,0.491481
382,particle,"Muon",1998,1.445861,1.446714,0.465763
383,particle,"Muon",1998,1.443233,1.4293,0.46203
384,particle,"Muon",1998,1.43008,1.387998,0.445311
385,particle,"Muon",1998,1.481724,1.499145,0.472068
386,particle,"Muon",1998,1.483748,1.480243,0.47351
387,particle,"Muon",1998,1.498845,1.619025,0.525071
388,particle,"Muon",1998,1.487058,1.552098,0.509466
389,particle,"Muon",1998,1.476776,1.534485,0.473274
390,particle,"Muon",1998,1.506889,1.727657,0.499448
391,particle,"Muon",1998,1.491775,1.634075,0.503369
392,particle,"Muon",1998,1.474792,1.451675,0.469941
393,particle,"Muon",1998,1.411754,1.400419,0.433621
394,particle,"Muon",1998,1.450693,1.464474,0.454613
395,particle,"Muon",1998,1.456036,1.440759,0.457122
396,particle,"Muon",1998,1.461904,1.601541,0.484711
397,particle,"Muon",1998,1.441909,1.465785,0.462434
398,particle,"Muon",1998,1.41724,1.427199,0.464109
399,particle,"Muon",1998,1.531566,1.38575,0.475062
400,particle,"Muon",1998,1.478983,1.609572,0.508168
401,particle,"Muon",1998,1.439375,1.436174,0.470422
402,particle,"Muon",1998,1.470458,1.624855,0.49339
403,particle,"Muon",1998,1.485665,1.526697,0.505177
404,particle,"Muon",1998,1.425092,1.489216,0.472996
405,particle,"Muon",1998,1.410713,1.469228,0.462408
406,particle,"Muon",1998,1.377558,1.31679,0.441106
407,particle,"Muon",1998,1.469003,1.667481,0.499458
408,particle,"Muon",1998,1.466789,1.695222,0.518471
409,particle,"Muon",1998,1.467928,1.60241,0.507466
410,particle,"Muon",1998,1.40722,1.435069,0.451178
411,particle,"Muon",1998,1.387128,1.466629,0.469735
412,particle,"Muon",1998,1.449456,1.554804,0.487559
413,particle,"Muon",1998,1.420702,1.523559,0.466721
414,particle,"Muon",1998,1.417961,1.506924,0.468729
415,particle,"Muon",1998,1.456206,1.608344,0.50559
416,particle,"Muon",1998,1.446854,1.578659,0.464287
417,particle,"Muon",1998,1.454341,1.545478,0.489943
418,particle,"Muon",1998,1.423651,1.525428,0.485377
419,particle,"Muon",1998,1.473572,1.729885,0.485753
420,particle,"Muon",1998,1.503515,1.742983,0.519572
421,particle,"Muon",1998,1.463063,1.627797,0.51602
422,particle,"Muon",1998,1.466468,1.588847,0.499481
423,particle,"Muon",1998,1.443699,1.539574,0.485859
424,particle,"Muon",1998,1.438842,1.505917,0.472285
425,particle,"Muon",1998,1.398349,1.430767,0.454927
426,particle,"Muon",1998,1.427066,1.498597,0.46654
427,particle,"Muon",1998,1.479242,1.732665,0.514158
428,particle,"Muon",1998,1.416251,1.423583,0.459989
429,particle,"Muon",1998,1.378003,1.332429,0.447013
430,particle,"Muon",1998,1.464027,1.601636,0.498454
431,particle,"Muon",1998,1.420042,1.510334,0.454946
432,particle,"Muon",1998,1.394753,1.5193,0.452594
433,particle,"Muon",1998,1.451998,1.454745,0.47726
434,particle,"Muon",1998,1.448276,1.640015,0.498733
435,particle,"Muon",1998,1.446425,1.542924,0.51
436,particle,"Muon",1998,1.462913,1.668151,0.512789
437,particle,"Muon",1998,1.393196,1.494132,0.435868
438,particle,"Muon",1998,1.396676,1.491405,0.445145
439,particle,"Muon",1998,1.509552,1.79071,0.542617
440,particle,"Muon",1998,1.554314,1.762651,0.545838
441,particle,"Muon",1998,1.463024,1.649711,0.508455
442,particle,"Muon",1998,1.42615,1.490023,0.464906
443,particle,"Muon",1998,1.552791,1.855297,0.570964
444,particle,"Muon",1998,1.367285,1.383953,0.481859
445,particle,"Muon",1998,1.479056,1.638998,0.486087
446,particle,"Muon",1998,1.399052,1.364606,0.452127
447,particle,"Muon",1998,1.439854,1.511308,0.458077
448,particle,"Muon",1998,1.414908,1.457791,0.484009
449,particle,"Muon",1998,1.491327,1.797142,0.511551
450,particle,"Muon",1998,1.503693,1.668423,0.50226
451,particle,"Muon",1998,1.418688,1.533736,0.463651
452,particle,"Muon",1998,1.402654,1.482175,0.469959
453,particle,"Muon",1998,1.395801,1.500894,0.458955
454,particle,"Muon",1998,1.514865,1.77705,0.559207
455,particle,"Muon",1998,1.496554,1.695144,0.509332
456,particle,"Muon",1998,0.991141,0.390516,0.254874
457,particle,"Muon",1998,1.510281,1.68182,0.535892
458,particle,"Muon",1998,1.395536,1.445042,0.448785
459,particle,"Muon",1998,1.393691,1.522229,0.461989
460,particle,"Muon",1998,1.436678,1.582649,0.482252
461,particle,"Muon",1998,1.381476,1.50357,0.461459
462,particle,"Muon",1998,1.385785,1.375774,0.452965
463,particle,"Muon",1998,1.415144,1.491632,0.464853
464,particle,"Muon",1998,1.445257,1.512756,0.489015
465,particle,"Muon",1998,1.440103,1.431195,0.479837
466,particle,"Muon",1998,1.368282,1.357356,0.431979
467,particle,"Muon",1998,1.470209,1.751033,0.515129
468,particle,"Muon",1998,1.429287,1.621693,0.483072
469,particle,"Muon",1998,1.454877,1.614972,0.513685
470,particle,"Muon",1998,1.396985,1.478409,0.453906
471,particle,"Muon",1998,1.421785,1.567113,0.482747
472,particle,"Muon",1998,1.477762,1.646854,0.518554
473,particle,"Muon",1998,1.57284,1.919358,0.581718
474,particle,"Muon",1998,1.414454,1.453718,0.4638
475,particle,"Muon",1998,1.471447,1.637634,0.500538
476,particle,"Muon",1998,1.452915,1.693165,0.481224
477,particle,"Muon",1998,1.429678,1.55966,0.473515
478,particle,"Muon",1998,1.366397,1.432179,0.458697
479,particle,"Muon",1998,1.391477,1.386868,0.452775
480,particle,"Muon",1998,1.457304,1.593972,0.507767
481,particle,"Muon",1998,1.396974,1.409794,0.452856
482,particle,"Muon",1998,1.449175,1.608634,0.499888
483,particle,"Muon",1998,1.359814,1.35655,0.430104
484,particle,"Muon",1998,1.491403,1.891357,0.539126
485,particle,"Muon",1998,1.456441,1.570369,0.491124
486,particle,"Muon",1998,1.39724,1.376426,0.449857
487,particle,"Muon",1998,1.426251,1.545476,0.473016
488,particle,"Muon",1998,1.489812,1.748512,0.505094
489,particle,"Muon",1998,1.427719,1.591,0.46707
490,particle,"Muon",1998,1.40243,1.593972,0.47604
491,particle,"Muon",1998,1.394618,1.420003,0.449394
492,particle,"Muon",1998,1.418716,1.526284,0.465714
493,particle,"Muon",1998,1.432449,1.57286,0.492947
494,particle,"Muon",1998,1.409437,1.552095,0.456679
495,particle,"Muon",1998,1.456832,1.613022,0.497582
496,particle,"Muon",1998,1.399562,1.443454,0.453647
497,particle,"Muon",1998,1.478707,1.724282,0.542946
498,particle,"Muon",1998,1.443951,1.608232,0.507324
499,particle,"Muon",1998,1.393726,1.420209,0.459727
