epoch,group,category,n,mean,std,rms90
0,energy_bin,"1-50 GeV",22369,7.443052,7.453001,5.771172
1,energy_bin,"1-50 GeV",22369,7.629955,7.671144,5.923559
2,energy_bin,"1-50 GeV",22369,0.951661,0.413861,0.277599
3,energy_bin,"1-50 GeV",22369,1.105038,0.428628,0.237428
4,energy_bin,"1-50 GeV",22369,1.218059,0.359478,0.237157
5,energy_bin,"1-50 GeV",22369,1.164645,0.26825,0.168312
6,energy_bin,"1-50 GeV",22369,1.320379,0.680344,0.419743
7,energy_bin,"1-50 GeV",22369,1.257116,0.912837,0.582774
8,energy_bin,"1-50 GeV",22369,1.431998,1.090418,0.560872
9,energy_bin,"1-50 GeV",22369,1.252753,0.788075,0.215871
10,energy_bin,"1-50 GeV",22369,1.349346,0.946773,0.423107
11,energy_bin,"1-50 GeV",22369,1.202369,0.780978,0.251061
12,energy_bin,"1-50 GeV",22369,1.441597,1.060859,0.494374
13,energy_bin,"1-50 GeV",22369,1.213953,0.674582,0.3069
14,energy_bin,"1-50 GeV",22369,1.130032,0.633614,0.227016
15,energy_bin,"1-50 GeV",22369,1.289584,0.802657,0.322843
16,energy_bin,"1-50 GeV",22369,1.362222,0.914989,0.412019
17,energy_bin,"1-50 GeV",22369,1.196266,0.710849,0.182262
18,energy_bin,"1-50 GeV",22369,1.117383,0.688817,0.212396
19,energy_bin,"1-50 GeV",22369,1.389705,1.022628,0.40907
20,energy_bin,"1-50 GeV",22369,1.162435,0.807538,0.207938
21,energy_bin,"1-50 GeV",22369,1.233935,0.825753,0.24299
22,energy_bin,"1-50 GeV",22369,1.260256,0.885559,0.286731
23,energy_bin,"1-50 GeV",22369,1.250888,0.97781,0.327484
24,energy_bin,"1-50 GeV",22369,1.323223,0.9717,0.352104
25,energy_bin,"1-50 GeV",22369,1.22582,0.90919,0.232212
26,energy_bin,"1-50 GeV",22369,1.215183,0.877679,0.249492
27,energy_bin,"1-50 GeV",22369,1.19819,0.88434,0.216126
28,energy_bin,"1-50 GeV",22369,1.25131,0.929062,0.265111
29,energy_bin,"1-50 GeV",22369,1.262211,0.953815,0.289612
30,energy_bin,"1-50 GeV",22369,1.091273,0.688307,0.208546
31,energy_bin,"1-50 GeV",22369,1.318936,0.81625,0.220641
32,energy_bin,"1-50 GeV",22369,1.166926,0.632855,0.186485
33,energy_bin,"1-50 GeV",22369,1.013375,0.692766,0.215215
34,energy_bin,"1-50 GeV",22369,1.217262,0.867322,0.254516
35,energy_bin,"1-50 GeV",22369,1.274423,0.831324,0.2691
36,energy_bin,"1-50 GeV",22369,1.226978,0.973788,0.247808
37,energy_bin,"1-50 GeV",22369,1.241035,0.846932,0.317812
38,energy_bin,"1-50 GeV",22369,1.176816,0.425984,0.247861
39,energy_bin,"1-50 GeV",22369,1.194387,0.410942,0.242724
40,energy_bin,"1-50 GeV",22369,1.26974,0.606172,0.388475
41,energy_bin,"1-50 GeV",22369,1.380523,0.819874,0.423288
42,energy_bin,"1-50 GeV",22369,1.424139,0.76783,0.526751
43,energy_bin,"1-50 GeV",22369,1.380365,0.704646,0.394658
44,energy_bin,"1-50 GeV",22369,1.130453,0.505024,0.309239
45,energy_bin,"1-50 GeV",22369,1.766848,1.610444,0.668417
46,energy_bin,"1-50 GeV",22369,1.715345,1.383601,0.681348
47,energy_bin,"1-50 GeV",22369,1.506978,1.166714,0.497752
48,energy_bin,"1-50 GeV",22369,1.743599,2.004355,0.491469
49,energy_bin,"1-50 GeV",22369,1.383643,0.716153,0.420286
50,energy_bin,"1-50 GeV",22369,1.613298,1.594464,0.512555
51,energy_bin,"1-50 GeV",22369,1.725203,1.953788,0.595715
52,energy_bin,"1-50 GeV",22369,1.695357,1.805806,0.586182
53,energy_bin,"1-50 GeV",22369,2.010116,2.927837,0.70416
54,energy_bin,"1-50 GeV",22369,2.061858,3.197194,0.652343
55,energy_bin,"1-50 GeV",22369,2.033598,2.801262,0.717403
56,energy_bin,"1-50 GeV",22369,1.907356,2.481214,0.659089
57,energy_bin,"1-50 GeV",22369,1.909566,2.892413,0.460259
58,energy_bin,"1-50 GeV",22369,2.052442,3.0163,0.661502
59,energy_bin,"1-50 GeV",22369,1.523339,1.40794,0.463019
60,energy_bin,"1-50 GeV",22369,1.709796,2.242889,0.476597
61,energy_bin,"1-50 GeV",22369,2.199657,3.023168,0.842436
62,energy_bin,"1-50 GeV",22369,1.733463,2.509185,0.399285
63,energy_bin,"1-50 GeV",22369,1.251722,1.019387,0.247841
64,energy_bin,"1-50 GeV",22369,1.734457,2.209358,0.367353
65,energy_bin,"1-50 GeV",22369,1.992052,2.21379,0.70654
66,energy_bin,"1-50 GeV",22369,1.174942,0.925875,0.213508
67,energy_bin,"1-50 GeV",22369,1.68095,2.179306,0.382246
68,energy_bin,"1-50 GeV",22369,1.478487,1.557775,0.463989
69,energy_bin,"1-50 GeV",22369,1.654664,2.033823,0.352525
70,energy_bin,"1-50 GeV",22369,1.352561,0.949801,0.33249
71,energy_bin,"1-50 GeV",22369,1.607054,1.736283,0.45038
72,energy_bin,"1-50 GeV",22369,1.456828,1.102877,0.481813
73,energy_bin,"1-50 GeV",22369,1.40835,1.543399,0.373484
74,energy_bin,"1-50 GeV",22369,1.337959,1.53679,0.350962
75,energy_bin,"1-50 GeV",22369,1.288371,0.922856,0.291997
76,energy_bin,"1-50 GeV",22369,1.456662,1.403541,0.418191
77,energy_bin,"1-50 GeV",22369,1.594029,1.972833,0.441819
78,energy_bin,"1-50 GeV",22369,1.273692,0.958746,0.315246
79,energy_bin,"1-50 GeV",22369,1.335563,1.566032,0.260539
80,energy_bin,"1-50 GeV",22369,1.304962,1.375248,0.300174
81,energy_bin,"1-50 GeV",22369,1.251401,1.244869,0.245116
82,energy_bin,"1-50 GeV",22369,1.258694,0.955732,0.267661
83,energy_bin,"1-50 GeV",22369,1.41993,1.192678,0.428001
84,energy_bin,"1-50 GeV",22369,1.460628,1.621958,0.373358
85,energy_bin,"1-50 GeV",22369,1.400714,1.358774,0.370578
86,energy_bin,"1-50 GeV",22369,1.442367,1.737634,0.361632
87,energy_bin,"1-50 GeV",22369,1.401012,1.353821,0.381825
88,energy_bin,"1-50 GeV",22369,1.326686,1.394155,0.297084
89,energy_bin,"1-50 GeV",22369,1.144193,0.882163,0.26702
90,energy_bin,"1-50 GeV",22369,1.4242,1.516097,0.351937
91,energy_bin,"1-50 GeV",22369,1.314543,1.379671,0.301557
92,energy_bin,"1-50 GeV",22369,1.381381,1.459654,0.331774
93,energy_bin,"1-50 GeV",22369,1.443562,1.423624,0.401483
94,energy_bin,"1-50 GeV",22369,1.477962,1.909171,0.343264
95,energy_bin,"1-50 GeV",22369,1.595492,2.402278,0.369281
96,energy_bin,"1-50 GeV",22369,1.350079,1.138537,0.356783
97,energy_bin,"1-50 GeV",22369,1.377459,1.357552,0.338426
98,energy_bin,"1-50 GeV",22369,1.334591,0.962423,0.335647
99,energy_bin,"1-50 GeV",22369,1.35088,1.049845,0.358553
100,energy_bin,"1-50 GeV",22369,1.536384,1.526024,0.475658
101,energy_bin,"1-50 GeV",22369,1.397622,1.105617,0.423786
102,energy_bin,"1-50 GeV",22369,1.214567,1.117282,0.232503
103,energy_bin,"1-50 GeV",22369,1.464407,1.209865,0.47336
104,energy_bin,"1-50 GeV",22369,1.33366,1.273468,0.322153
105,energy_bin,"1-50 GeV",22369,1.460874,1.558676,0.411675
106,energy_bin,"1-50 GeV",22369,1.464689,1.389163,0.413469
107,energy_bin,"1-50 GeV",22369,1.432941,1.148554,0.408352
108,energy_bin,"1-50 GeV",22369,1.316281,1.038983,0.349558
109,energy_bin,"1-50 GeV",22369,1.306413,1.211932,0.318416
110,energy_bin,"1-50 GeV",22369,1.326789,1.083136,0.326487
111,energy_bin,"1-50 GeV",22369,1.312942,1.327092,0.301669
112,energy_bin,"1-50 GeV",22369,1.581392,1.731687,0.504508
113,energy_bin,"1-50 GeV",22369,1.476503,1.469581,0.444568
114,energy_bin,"1-50 GeV",22369,1.554674,1.917695,0.403444
115,energy_bin,"1-50 GeV",22369,1.309497,1.327094,0.290427
116,energy_bin,"1-50 GeV",22369,1.487027,1.3713,0.499973
117,energy_bin,"1-50 GeV",22369,1.347339,1.587697,0.311479
118,energy_bin,"1-50 GeV",22369,1.418841,1.482512,0.394186
119,energy_bin,"1-50 GeV",22369,1.279125,1.054779,0.307064
120,energy_bin,"1-50 GeV",22369,1.35217,1.481725,0.344599
121,energy_bin,"1-50 GeV",22369,1.378461,1.370567,0.378419
122,energy_bin,"1-50 GeV",22369,1.363566,1.358976,0.369186
123,energy_bin,"1-50 GeV",22369,1.352194,1.366195,0.327336
124,energy_bin,"1-50 GeV",22369,1.358074,1.4181,0.338636
125,energy_bin,"1-50 GeV",22369,1.385353,1.357075,0.384411
126,energy_bin,"1-50 GeV",22369,1.368399,1.428317,0.370319
127,energy_bin,"1-50 GeV",22369,1.383227,1.31123,0.372066
128,energy_bin,"1-50 GeV",22369,1.459312,1.515777,0.433688
129,energy_bin,"1-50 GeV",22369,1.297548,1.333989,0.322088
130,energy_bin,"1-50 GeV",22369,1.309674,1.374685,0.319187
131,energy_bin,"1-50 GeV",22369,1.377636,1.302664,0.382415
132,energy_bin,"1-50 GeV",22369,1.357075,1.475276,0.339921
133,energy_bin,"1-50 GeV",22369,1.403686,1.327868,0.408179
134,energy_bin,"1-50 GeV",22369,1.335201,1.376733,0.332917
135,energy_bin,"1-50 GeV",22369,1.382267,1.264226,0.393122
136,energy_bin,"1-50 GeV",22369,1.331999,1.349871,0.341561
137,energy_bin,"1-50 GeV",22369,1.363329,1.553871,0.341212
138,energy_bin,"1-50 GeV",22369,1.40731,1.448901,0.396337
139,energy_bin,"1-50 GeV",22369,1.499013,1.381722,0.403626
140,energy_bin,"1-50 GeV",22369,1.348975,1.364853,0.362783
141,energy_bin,"1-50 GeV",22369,1.329181,1.279911,0.327982
142,energy_bin,"1-50 GeV",22369,1.375707,1.187473,0.395929
143,energy_bin,"1-50 GeV",22369,1.324759,1.236091,0.348945
144,energy_bin,"1-50 GeV",22369,1.334187,1.095215,0.368305
145,energy_bin,"1-50 GeV",22369,1.258579,1.362202,0.303915
146,energy_bin,"1-50 GeV",22369,1.287339,1.210902,0.310365
147,energy_bin,"1-50 GeV",22369,1.441005,1.366664,0.456865
148,energy_bin,"1-50 GeV",22369,1.306588,1.295104,0.335273
149,energy_bin,"1-50 GeV",22369,1.280215,1.392565,0.305169
150,energy_bin,"1-50 GeV",22369,1.338763,1.306121,0.369743
151,energy_bin,"1-50 GeV",22369,1.461511,1.477654,0.441064
152,energy_bin,"1-50 GeV",22369,1.217977,1.339439,0.244954
153,energy_bin,"1-50 GeV",22369,1.49159,1.763288,0.461771
154,energy_bin,"1-50 GeV",22369,1.351229,1.529034,0.342321
155,energy_bin,"1-50 GeV",22369,1.259333,1.445989,0.274205
156,energy_bin,"1-50 GeV",22369,1.170826,1.520777,0.212833
157,energy_bin,"1-50 GeV",22369,1.364769,1.395589,0.338181
158,energy_bin,"1-50 GeV",22369,1.281027,1.518392,0.30612
159,energy_bin,"1-50 GeV",22369,1.318593,1.555474,0.32065
160,energy_bin,"1-50 GeV",22369,1.500833,1.861155,0.460493
161,energy_bin,"1-50 GeV",22369,1.345319,1.483838,0.340347
162,energy_bin,"1-50 GeV",22369,1.371204,1.686582,0.356806
163,energy_bin,"1-50 GeV",22369,1.356674,1.56082,0.346579
164,energy_bin,"1-50 GeV",22369,1.340958,1.414055,0.357369
165,energy_bin,"1-50 GeV",22369,1.3699,1.443678,0.358788
166,energy_bin,"1-50 GeV",22369,1.28914,1.476609,0.300428
167,energy_bin,"1-50 GeV",22369,1.372528,1.294732,0.369991
168,energy_bin,"1-50 GeV",22369,1.368606,1.607326,0.355313
169,energy_bin,"1-50 GeV",22369,1.454905,1.518366,0.453669
170,energy_bin,"1-50 GeV",22369,1.386477,1.575751,0.379648
171,energy_bin,"1-50 GeV",22369,1.360077,1.521695,0.354558
172,energy_bin,"1-50 GeV",22369,1.360252,1.611612,0.344296
173,energy_bin,"1-50 GeV",22369,1.357371,1.629676,0.342218
174,energy_bin,"1-50 GeV",22369,1.35484,1.5328,0.366067
175,energy_bin,"1-50 GeV",22369,1.331139,1.549943,0.32613
176,energy_bin,"1-50 GeV",22369,1.41477,1.688072,0.400233
177,energy_bin,"1-50 GeV",22369,1.429147,1.667917,0.414646
178,energy_bin,"1-50 GeV",22369,1.392515,1.665347,0.38627
179,energy_bin,"1-50 GeV",22369,1.359943,1.556924,0.36128
180,energy_bin,"1-50 GeV",22369,1.40055,1.671223,0.3847
181,energy_bin,"1-50 GeV",22369,1.389882,1.659096,0.376378
182,energy_bin,"1-50 GeV",22369,1.369041,1.552177,0.367896
183,energy_bin,"1-50 GeV",22369,1.385608,1.639158,0.371764
184,energy_bin,"1-50 GeV",22369,1.328113,1.603302,0.32722
185,energy_bin,"1-50 GeV",22369,1.368136,1.622621,0.369986
186,energy_bin,"1-50 GeV",22369,1.38549,1.554022,0.372473
187,energy_bin,"1-50 GeV",22369,1.262403,1.59566,0.28857
188,energy_bin,"1-50 GeV",22369,1.343548,1.463379,0.350014
189,energy_bin,"1-50 GeV",22369,1.299425,1.547176,0.315211
190,energy_bin,"1-50 GeV",22369,1.320187,1.457722,0.326747
191,energy_bin,"1-50 GeV",22369,1.371291,1.559016,0.374018
192,energy_bin,"1-50 GeV",22369,1.370411,1.547949,0.374155
193,energy_bin,"1-50 GeV",22369,1.334184,1.531103,0.331383
194,energy_bin,"1-50 GeV",22369,1.29395,1.609283,0.324821
195,energy_bin,"1-50 GeV",22369,1.344152,1.437364,0.348865
196,energy_bin,"1-50 GeV",22369,1.402279,1.599039,0.40492
197,energy_bin,"1-50 GeV",22369,1.392724,1.396858,0.442058
198,energy_bin,"1-50 GeV",22369,1.31387,1.564486,0.341658
199,energy_bin,"1-50 GeV",22369,1.349129,1.44803,0.361122
200,energy_bin,"1-50 GeV",22369,1.350834,1.426291,0.343389
201,energy_bin,"1-50 GeV",22369,1.271712,1.567188,0.276155
202,energy_bin,"1-50 GeV",22369,1.348646,1.733927,0.329816
203,energy_bin,"1-50 GeV",22369,1.305525,1.62818,0.303882
204,energy_bin,"1-50 GeV",22369,1.390796,1.585522,0.380082
205,energy_bin,"1-50 GeV",22369,1.477937,1.411101,0.454523
206,energy_bin,"1-50 GeV",22369,1.327247,1.642063,0.321197
207,energy_bin,"1-50 GeV",22369,1.357896,1.430431,0.337054
208,energy_bin,"1-50 GeV",22369,1.402504,1.297093,0.386924
0,energy_bin,"50-150 GeV",21867,5.146999,4.69868,3.997104
1,energy_bin,"50-150 GeV",21867,5.204464,4.768149,4.049457
2,energy_bin,"50-150 GeV",21867,0.810177,0.312598,0.292935
3,energy_bin,"50-150 GeV",21867,0.780028,0.310154,0.298436
4,energy_bin,"50-150 GeV",21867,0.830047,0.254114,0.198512
5,energy_bin,"50-150 GeV",21867,0.878764,0.250309,0.236192
6,energy_bin,"50-150 GeV",21867,0.8545,0.251248,0.238204
7,energy_bin,"50-150 GeV",21867,0.820444,0.234525,0.150236
8,energy_bin,"50-150 GeV",21867,0.775718,0.216723,0.164808
9,energy_bin,"50-150 GeV",21867,0.908742,0.260753,0.248702
10,energy_bin,"50-150 GeV",21867,0.853082,0.290871,0.254849
11,energy_bin,"50-150 GeV",21867,0.831087,0.266666,0.247667
12,energy_bin,"50-150 GeV",21867,0.792658,0.215397,0.158132
13,energy_bin,"50-150 GeV",21867,0.85242,0.200894,0.126098
14,energy_bin,"50-150 GeV",21867,0.709278,0.194848,0.14749
15,energy_bin,"50-150 GeV",21867,0.849252,0.225925,0.16877
16,energy_bin,"50-150 GeV",21867,0.827635,0.215738,0.160633
17,energy_bin,"50-150 GeV",21867,0.822968,0.235401,0.179576
18,energy_bin,"50-150 GeV",21867,0.72465,0.219361,0.174663
19,energy_bin,"50-150 GeV",21867,0.914267,0.139306,0.066835
20,energy_bin,"50-150 GeV",21867,0.768379,0.275474,0.245758
21,energy_bin,"50-150 GeV",21867,0.803563,0.252876,0.203975
22,energy_bin,"50-150 GeV",21867,0.754709,0.223518,0.170613
23,energy_bin,"50-150 GeV",21867,0.709008,0.209224,0.162193
24,energy_bin,"50-150 GeV",21867,0.787565,0.226436,0.173201
25,energy_bin,"50-150 GeV",21867,0.784114,0.23859,0.18633
26,energy_bin,"50-150 GeV",21867,0.764872,0.244808,0.19588
27,energy_bin,"50-150 GeV",21867,0.771472,0.254548,0.204659
28,energy_bin,"50-150 GeV",21867,0.778221,0.240274,0.189342
29,energy_bin,"50-150 GeV",21867,0.750598,0.231827,0.182367
30,energy_bin,"50-150 GeV",21867,0.760105,0.262678,0.241398
31,energy_bin,"50-150 GeV",21867,0.848027,0.281907,0.231294
32,energy_bin,"50-150 GeV",21867,0.805301,0.295289,0.260938
33,energy_bin,"50-150 GeV",21867,0.678383,0.175682,0.128386
34,energy_bin,"50-150 GeV",21867,0.809971,0.233498,0.180875
35,energy_bin,"50-150 GeV",21867,0.841014,0.240821,0.193522
36,energy_bin,"50-150 GeV",21867,0.818156,0.266342,0.236046
37,energy_bin,"50-150 GeV",21867,0.824861,0.210084,0.146285
38,energy_bin,"50-150 GeV",21867,0.926494,0.222876,0.172656
39,energy_bin,"50-150 GeV",21867,0.935607,0.22062,0.154598
40,energy_bin,"50-150 GeV",21867,1.123332,0.30123,0.197219
41,energy_bin,"50-150 GeV",21867,0.849757,0.204453,0.161982
42,energy_bin,"50-150 GeV",21867,0.86787,0.231376,0.149518
43,energy_bin,"50-150 GeV",21867,0.843688,0.256501,0.216361
44,energy_bin,"50-150 GeV",21867,0.833298,0.287584,0.212311
45,energy_bin,"50-150 GeV",21867,0.873539,0.291674,0.225786
46,energy_bin,"50-150 GeV",21867,0.865973,0.310102,0.216229
47,energy_bin,"50-150 GeV",21867,0.859284,0.222735,0.179952
48,energy_bin,"50-150 GeV",21867,0.858227,0.262381,0.217408
49,energy_bin,"50-150 GeV",21867,0.899762,0.258703,0.180977
50,energy_bin,"50-150 GeV",21867,0.836352,0.242962,0.206133
51,energy_bin,"50-150 GeV",21867,0.866546,0.21621,0.18239
52,energy_bin,"50-150 GeV",21867,0.874704,0.218998,0.175399
53,energy_bin,"50-150 GeV",21867,0.870378,0.223226,0.189721
54,energy_bin,"50-150 GeV",21867,0.846582,0.235349,0.194673
55,energy_bin,"50-150 GeV",21867,0.837339,0.237384,0.21311
56,energy_bin,"50-150 GeV",21867,0.857813,0.2222,0.192402
57,energy_bin,"50-150 GeV",21867,0.848551,0.244141,0.192089
58,energy_bin,"50-150 GeV",21867,0.840429,0.251816,0.225232
59,energy_bin,"50-150 GeV",21867,0.868105,0.225282,0.186924
60,energy_bin,"50-150 GeV",21867,0.851344,0.218849,0.186143
61,energy_bin,"50-150 GeV",21867,0.829478,0.267143,0.237134
62,energy_bin,"50-150 GeV",21867,0.841886,0.253956,0.228846
63,energy_bin,"50-150 GeV",21867,0.840481,0.227173,0.192438
64,energy_bin,"50-150 GeV",21867,0.854154,0.247846,0.213203
65,energy_bin,"50-150 GeV",21867,0.866878,0.216468,0.166738
66,energy_bin,"50-150 GeV",21867,0.867961,0.230254,0.182183
67,energy_bin,"50-150 GeV",21867,0.867043,0.20629,0.167806
68,energy_bin,"50-150 GeV",21867,0.938649,0.211104,0.143549
69,energy_bin,"50-150 GeV",21867,0.919685,0.224552,0.165388
70,energy_bin,"50-150 GeV",21867,0.931791,0.203829,0.14901
71,energy_bin,"50-150 GeV",21867,0.924329,0.200391,0.142753
72,energy_bin,"50-150 GeV",21867,0.900183,0.192676,0.135432
73,energy_bin,"50-150 GeV",21867,0.983235,0.252555,0.161812
74,energy_bin,"50-150 GeV",21867,1.032899,0.288498,0.162517
75,energy_bin,"50-150 GeV",21867,0.955776,0.229695,0.147166
76,energy_bin,"50-150 GeV",21867,0.924979,0.208545,0.139566
77,energy_bin,"50-150 GeV",21867,0.926412,0.202414,0.141993
78,energy_bin,"50-150 GeV",21867,0.970564,0.181951,0.103509
79,energy_bin,"50-150 GeV",21867,0.906397,0.206442,0.161996
80,energy_bin,"50-150 GeV",21867,0.908426,0.199245,0.147262
81,energy_bin,"50-150 GeV",21867,0.91863,0.194424,0.127987
82,energy_bin,"50-150 GeV",21867,0.931948,0.2132,0.147019
83,energy_bin,"50-150 GeV",21867,0.934609,0.240405,0.144793
84,energy_bin,"50-150 GeV",21867,0.914491,0.199263,0.140265
85,energy_bin,"50-150 GeV",21867,0.911323,0.20094,0.139798
86,energy_bin,"50-150 GeV",21867,0.921504,0.224593,0.167818
87,energy_bin,"50-150 GeV",21867,0.907124,0.213272,0.147047
88,energy_bin,"50-150 GeV",21867,0.905637,0.20983,0.147965
89,energy_bin,"50-150 GeV",21867,0.920202,0.193052,0.118061
90,energy_bin,"50-150 GeV",21867,0.916978,0.220828,0.147204
91,energy_bin,"50-150 GeV",21867,0.910996,0.233469,0.169495
92,energy_bin,"50-150 GeV",21867,0.916365,0.218524,0.159046
93,energy_bin,"50-150 GeV",21867,0.938268,0.230133,0.153584
94,energy_bin,"50-150 GeV",21867,0.913668,0.208818,0.161463
95,energy_bin,"50-150 GeV",21867,1.459028,1.42515,0.309723
96,energy_bin,"50-150 GeV",21867,0.93114,0.248981,0.165405
97,energy_bin,"50-150 GeV",21867,0.926248,0.232093,0.166351
98,energy_bin,"50-150 GeV",21867,0.954261,0.266019,0.173765
99,energy_bin,"50-150 GeV",21867,0.945386,0.257903,0.172506
100,energy_bin,"50-150 GeV",21867,0.926106,0.244333,0.167346
101,energy_bin,"50-150 GeV",21867,0.964837,0.263692,0.172362
102,energy_bin,"50-150 GeV",21867,0.915201,0.22971,0.166751
103,energy_bin,"50-150 GeV",21867,0.925234,0.242646,0.137328
104,energy_bin,"50-150 GeV",21867,0.908249,0.199994,0.137114
105,energy_bin,"50-150 GeV",21867,0.92395,0.214195,0.159084
106,energy_bin,"50-150 GeV",21867,0.928528,0.21399,0.139623
107,energy_bin,"50-150 GeV",21867,0.930166,0.2408,0.159526
108,energy_bin,"50-150 GeV",21867,0.933814,0.237155,0.156445
109,energy_bin,"50-150 GeV",21867,0.907233,0.215076,0.149734
110,energy_bin,"50-150 GeV",21867,0.94694,0.203067,0.146729
111,energy_bin,"50-150 GeV",21867,0.925271,0.20433,0.149069
112,energy_bin,"50-150 GeV",21867,0.931719,0.212928,0.160512
113,energy_bin,"50-150 GeV",21867,0.94349,0.223822,0.169088
114,energy_bin,"50-150 GeV",21867,0.893376,0.201603,0.155978
115,energy_bin,"50-150 GeV",21867,0.927708,0.210699,0.155337
116,energy_bin,"50-150 GeV",21867,0.93232,0.262901,0.156281
117,energy_bin,"50-150 GeV",21867,0.929881,0.221184,0.164155
118,energy_bin,"50-150 GeV",21867,0.93263,0.224754,0.161263
119,energy_bin,"50-150 GeV",21867,0.913783,0.202695,0.135701
120,energy_bin,"50-150 GeV",21867,0.922654,0.215182,0.164783
121,energy_bin,"50-150 GeV",21867,0.922192,0.214088,0.14981
122,energy_bin,"50-150 GeV",21867,0.929911,0.221337,0.163823
123,energy_bin,"50-150 GeV",21867,0.940784,0.223815,0.155917
124,energy_bin,"50-150 GeV",21867,0.924039,0.213925,0.153021
125,energy_bin,"50-150 GeV",21867,0.923543,0.222082,0.146998
126,energy_bin,"50-150 GeV",21867,0.933215,0.225875,0.16087
127,energy_bin,"50-150 GeV",21867,0.932045,0.217745,0.153926
128,energy_bin,"50-150 GeV",21867,0.931596,0.223661,0.163051
129,energy_bin,"50-150 GeV",21867,0.910189,0.201118,0.135655
130,energy_bin,"50-150 GeV",21867,0.914182,0.203757,0.141564
131,energy_bin,"50-150 GeV",21867,0.930126,0.231503,0.142816
132,energy_bin,"50-150 GeV",21867,0.912149,0.216884,0.160182
133,energy_bin,"50-150 GeV",21867,0.926038,0.23064,0.149354
134,energy_bin,"50-150 GeV",21867,0.923747,0.219892,0.158853
135,energy_bin,"50-150 GeV",21867,0.932349,0.242502,0.148618
136,energy_bin,"50-150 GeV",21867,0.922088,0.213477,0.148549
137,energy_bin,"50-150 GeV",21867,0.919152,0.221173,0.165786
138,energy_bin,"50-150 GeV",21867,0.931412,0.222192,0.154451
139,energy_bin,"50-150 GeV",21867,0.981445,0.226359,0.155802
140,energy_bin,"50-150 GeV",21867,0.925242,0.225712,0.149643
141,energy_bin,"50-150 GeV",21867,0.942612,0.221579,0.147897
142,energy_bin,"50-150 GeV",21867,0.960975,0.232437,0.144514
143,energy_bin,"50-150 GeV",21867,0.943858,0.257263,0.158662
144,energy_bin,"50-150 GeV",21867,0.954652,0.263343,0.16103
145,energy_bin,"50-150 GeV",21867,0.90706,0.202977,0.142997
146,energy_bin,"50-150 GeV",21867,0.918778,0.237406,0.171468
147,energy_bin,"50-150 GeV",21867,0.949387,0.257381,0.162592
148,energy_bin,"50-150 GeV",21867,0.935216,0.239855,0.157119
149,energy_bin,"50-150 GeV",21867,0.939831,0.241048,0.167213
150,energy_bin,"50-150 GeV",21867,0.983356,0.281893,0.160377
151,energy_bin,"50-150 GeV",21867,0.947105,0.270748,0.162228
152,energy_bin,"50-150 GeV",21867,0.952407,0.256548,0.1878
153,energy_bin,"50-150 GeV",21867,0.961562,0.273877,0.161543
154,energy_bin,"50-150 GeV",21867,0.938626,0.242888,0.149227
155,energy_bin,"50-150 GeV",21867,0.956804,0.231194,0.165478
156,energy_bin,"50-150 GeV",21867,0.926208,0.212483,0.161504
157,energy_bin,"50-150 GeV",21867,0.969242,0.243412,0.159131
158,energy_bin,"50-150 GeV",21867,0.953272,0.242431,0.167818
159,energy_bin,"50-150 GeV",21867,0.9819,0.224177,0.126805
160,energy_bin,"50-150 GeV",21867,0.964214,0.268491,0.161566
161,energy_bin,"50-150 GeV",21867,0.946859,0.235191,0.157286
162,energy_bin,"50-150 GeV",21867,0.949345,0.257527,0.179222
163,energy_bin,"50-150 GeV",21867,0.952641,0.25958,0.17571
164,energy_bin,"50-150 GeV",21867,0.945452,0.245191,0.14924
165,energy_bin,"50-150 GeV",21867,0.942219,0.231134,0.155631
166,energy_bin,"50-150 GeV",21867,0.930261,0.230236,0.157498
167,energy_bin,"50-150 GeV",21867,0.960961,0.247398,0.15885
168,energy_bin,"50-150 GeV",21867,0.933013,0.249854,0.168919
169,energy_bin,"50-150 GeV",21867,0.944917,0.260446,0.145961
170,energy_bin,"50-150 GeV",21867,0.953868,0.255566,0.161225
171,energy_bin,"50-150 GeV",21867,0.949874,0.250388,0.162779
172,energy_bin,"50-150 GeV",21867,0.930952,0.238929,0.167054
173,energy_bin,"50-150 GeV",21867,0.946078,0.252974,0.166021
174,energy_bin,"50-150 GeV",21867,0.950805,0.26239,0.16015
175,energy_bin,"50-150 GeV",21867,0.93387,0.240977,0.170112
176,energy_bin,"50-150 GeV",21867,0.951933,0.26869,0.174399
177,energy_bin,"50-150 GeV",21867,0.952434,0.26718,0.169995
178,energy_bin,"50-150 GeV",21867,0.945523,0.255317,0.159442
179,energy_bin,"50-150 GeV",21867,0.945668,0.247072,0.163314
180,energy_bin,"50-150 GeV",21867,0.947447,0.256826,0.160987
181,energy_bin,"50-150 GeV",21867,0.943924,0.251482,0.161779
182,energy_bin,"50-150 GeV",21867,0.953292,0.248764,0.156476
183,energy_bin,"50-150 GeV",21867,0.945641,0.245502,0.164601
184,energy_bin,"50-150 GeV",21867,0.911064,0.223141,0.163217
185,energy_bin,"50-150 GeV",21867,0.948263,0.247514,0.162544
186,energy_bin,"50-150 GeV",21867,0.948443,0.243957,0.15929
187,energy_bin,"50-150 GeV",21867,0.945384,0.219772,0.157616
188,energy_bin,"50-150 GeV",21867,0.950233,0.241156,0.160613
189,energy_bin,"50-150 GeV",21867,0.950076,0.229062,0.155141
190,energy_bin,"50-150 GeV",21867,0.949429,0.225869,0.152506
191,energy_bin,"50-150 GeV",21867,0.937581,0.237336,0.158326
192,energy_bin,"50-150 GeV",21867,0.937501,0.224168,0.146059
193,energy_bin,"50-150 GeV",21867,0.955741,0.223636,0.148574
194,energy_bin,"50-150 GeV",21867,0.917136,0.209822,0.149268
195,energy_bin,"50-150 GeV",21867,0.927057,0.231474,0.149473
196,energy_bin,"50-150 GeV",21867,0.960601,0.260101,0.156069
197,energy_bin,"50-150 GeV",21867,0.964266,0.281072,0.168906
198,energy_bin,"50-150 GeV",21867,0.961555,0.257319,0.165607
199,energy_bin,"50-150 GeV",21867,0.95547,0.260861,0.170206
200,energy_bin,"50-150 GeV",21867,0.94262,0.238098,0.159228
201,energy_bin,"50-150 GeV",21867,0.922692,0.219322,0.150385
202,energy_bin,"50-150 GeV",21867,0.923397,0.215875,0.14117
203,energy_bin,"50-150 GeV",21867,0.910776,0.210606,0.140156
204,energy_bin,"50-150 GeV",21867,0.927324,0.232326,0.149408
205,energy_bin,"50-150 GeV",21867,0.945651,0.265324,0.159551
206,energy_bin,"50-150 GeV",21867,0.932308,0.207301,0.143885
207,energy_bin,"50-150 GeV",21867,0.938356,0.22881,0.15661
208,energy_bin,"50-150 GeV",21867,0.961275,0.254474,0.159762
0,energy_bin,">150 GeV",70,4.336708,4.06738,3.5834
1,energy_bin,">150 GeV",70,4.467581,4.178775,3.683735
2,energy_bin,">150 GeV",70,0.89029,0.20536,0.191442
3,energy_bin,">150 GeV",70,0.803823,0.249895,0.232949
4,energy_bin,">150 GeV",70,0.85243,0.129327,0.101537
5,energy_bin,">150 GeV",70,0.893269,0.168512,0.139121
6,energy_bin,">150 GeV",70,0.879523,0.154258,0.125057
7,energy_bin,">150 GeV",70,0.769718,0.169517,0.141637
8,energy_bin,">150 GeV",70,0.774727,0.15692,0.143479
9,energy_bin,">150 GeV",70,0.971038,0.086183,0.07283
10,energy_bin,">150 GeV",70,0.888063,0.215828,0.196245
11,energy_bin,">150 GeV",70,0.861084,0.198022,0.156566
12,energy_bin,">150 GeV",70,0.80225,0.153282,0.08353
13,energy_bin,">150 GeV",70,0.877676,0.1147,0.052019
14,energy_bin,">150 GeV",70,0.707199,0.166091,0.145125
15,energy_bin,">150 GeV",70,0.793213,0.212236,0.164306
16,energy_bin,">150 GeV",70,0.740634,0.24753,0.240111
17,energy_bin,">150 GeV",70,0.811859,0.199573,0.165991
18,energy_bin,">150 GeV",70,0.731227,0.156499,0.112316
19,energy_bin,">150 GeV",70,0.870211,0.052213,0.03647
20,energy_bin,">150 GeV",70,0.74617,0.254632,0.225049
21,energy_bin,">150 GeV",70,0.792638,0.219972,0.194873
22,energy_bin,">150 GeV",70,0.711397,0.227308,0.188171
23,energy_bin,">150 GeV",70,0.687882,0.178996,0.150913
24,energy_bin,">150 GeV",70,0.733601,0.225513,0.184745
25,energy_bin,">150 GeV",70,0.782399,0.183732,0.156891
26,energy_bin,">150 GeV",70,0.766989,0.191739,0.165463
27,energy_bin,">150 GeV",70,0.736674,0.254518,0.215826
28,energy_bin,">150 GeV",70,0.752906,0.216528,0.176334
29,energy_bin,">150 GeV",70,0.727943,0.199164,0.166138
30,energy_bin,">150 GeV",70,0.790807,0.202844,0.161069
31,energy_bin,">150 GeV",70,0.809559,0.24666,0.228151
32,energy_bin,">150 GeV",70,0.790039,0.238049,0.204396
33,energy_bin,">150 GeV",70,0.659044,0.163563,0.138747
34,energy_bin,">150 GeV",70,0.775847,0.248791,0.207624
35,energy_bin,">150 GeV",70,0.738781,0.296946,0.275473
36,energy_bin,">150 GeV",70,0.852102,0.145851,0.106995
37,energy_bin,">150 GeV",70,0.709844,0.228014,0.179251
38,energy_bin,">150 GeV",70,0.781499,0.155541,0.13936
39,energy_bin,">150 GeV",70,0.815117,0.208367,0.185322
40,energy_bin,">150 GeV",70,1.15785,0.286128,0.196938
41,energy_bin,">150 GeV",70,0.817834,0.186191,0.1674
42,energy_bin,">150 GeV",70,0.800336,0.203329,0.165786
43,energy_bin,">150 GeV",70,0.80178,0.198708,0.170517
44,energy_bin,">150 GeV",70,0.800783,0.21165,0.186985
45,energy_bin,">150 GeV",70,0.829421,0.224933,0.185004
46,energy_bin,">150 GeV",70,0.79268,0.223023,0.187659
47,energy_bin,">150 GeV",70,0.781894,0.229656,0.190711
48,energy_bin,">150 GeV",70,0.877796,0.113869,0.084141
49,energy_bin,">150 GeV",70,0.791147,0.235721,0.206823
50,energy_bin,">150 GeV",70,0.81649,0.174053,0.1462
51,energy_bin,">150 GeV",70,0.839001,0.183097,0.153564
52,energy_bin,">150 GeV",70,0.824927,0.203462,0.176754
53,energy_bin,">150 GeV",70,0.858151,0.167332,0.132574
54,energy_bin,">150 GeV",70,0.905448,0.100436,0.087828
55,energy_bin,">150 GeV",70,0.769771,0.230699,0.202802
56,energy_bin,">150 GeV",70,0.787375,0.225835,0.208293
57,energy_bin,">150 GeV",70,0.933402,0.098202,0.074719
58,energy_bin,">150 GeV",70,0.77019,0.250493,0.221693
59,energy_bin,">150 GeV",70,0.812007,0.209555,0.181213
60,energy_bin,">150 GeV",70,0.813074,0.183062,0.158846
61,energy_bin,">150 GeV",70,0.757623,0.256388,0.22599
62,energy_bin,">150 GeV",70,0.840249,0.175992,0.138459
63,energy_bin,">150 GeV",70,0.813151,0.183958,0.142048
64,energy_bin,">150 GeV",70,0.82203,0.177852,0.144425
65,energy_bin,">150 GeV",70,0.827508,0.160694,0.123038
66,energy_bin,">150 GeV",70,0.840285,0.144576,0.113118
67,energy_bin,">150 GeV",70,0.836437,0.135769,0.101408
68,energy_bin,">150 GeV",70,0.794068,0.20312,0.171227
69,energy_bin,">150 GeV",70,0.881965,0.166619,0.13155
70,energy_bin,">150 GeV",70,0.828465,0.213765,0.181126
71,energy_bin,">150 GeV",70,0.877124,0.163858,0.121177
72,energy_bin,">150 GeV",70,0.849023,0.168481,0.14395
73,energy_bin,">150 GeV",70,0.844349,0.177708,0.169174
74,energy_bin,">150 GeV",70,0.894405,0.091565,0.075255
75,energy_bin,">150 GeV",70,0.858616,0.171544,0.140539
76,energy_bin,">150 GeV",70,0.840954,0.167872,0.125262
77,energy_bin,">150 GeV",70,0.859217,0.145579,0.119906
78,energy_bin,">150 GeV",70,0.873533,0.14435,0.097022
79,energy_bin,">150 GeV",70,0.95198,0.087793,0.05958
80,energy_bin,">150 GeV",70,0.873953,0.140916,0.123772
81,energy_bin,">150 GeV",70,0.889862,0.101538,0.083767
82,energy_bin,">150 GeV",70,0.864618,0.143757,0.119245
83,energy_bin,">150 GeV",70,0.799389,0.196424,0.16713
84,energy_bin,">150 GeV",70,0.859951,0.124429,0.102494
85,energy_bin,">150 GeV",70,0.855178,0.145184,0.122941
86,energy_bin,">150 GeV",70,0.847685,0.178227,0.161524
87,energy_bin,">150 GeV",70,0.858115,0.156917,0.128941
88,energy_bin,">150 GeV",70,0.861359,0.130353,0.112683
89,energy_bin,">150 GeV",70,1.017952,0.201954,0.160588
90,energy_bin,">150 GeV",70,0.846805,0.164015,0.128605
91,energy_bin,">150 GeV",70,0.834608,0.171406,0.14178
92,energy_bin,">150 GeV",70,0.86293,0.138878,0.117365
93,energy_bin,">150 GeV",70,0.919724,0.092732,0.072158
94,energy_bin,">150 GeV",70,0.895666,0.101325,0.081271
95,energy_bin,">150 GeV",70,2.631274,2.311413,1.857802
96,energy_bin,">150 GeV",70,0.842161,0.165302,0.127188
97,energy_bin,">150 GeV",70,0.861322,0.149915,0.117508
98,energy_bin,">150 GeV",70,0.80402,0.210869,0.177397
99,energy_bin,">150 GeV",70,0.832432,0.179522,0.148894
100,energy_bin,">150 GeV",70,0.863749,0.122377,0.10386
101,energy_bin,">150 GeV",70,0.867812,0.147504,0.119836
102,energy_bin,">150 GeV",70,0.86721,0.119111,0.101984
103,energy_bin,">150 GeV",70,0.831206,0.160217,0.119485
104,energy_bin,">150 GeV",70,0.863924,0.122473,0.097809
105,energy_bin,">150 GeV",70,0.864429,0.124341,0.109359
106,energy_bin,">150 GeV",70,0.884782,0.14112,0.11506
107,energy_bin,">150 GeV",70,0.851627,0.162846,0.131501
108,energy_bin,">150 GeV",70,0.832982,0.181067,0.144659
109,energy_bin,">150 GeV",70,0.849112,0.17318,0.132865
110,energy_bin,">150 GeV",70,0.920546,0.096701,0.067282
111,energy_bin,">150 GeV",70,0.98797,0.0901,0.055862
112,energy_bin,">150 GeV",70,0.915062,0.088068,0.07705
113,energy_bin,">150 GeV",70,0.884648,0.12541,0.103808
114,energy_bin,">150 GeV",70,0.866724,0.104476,0.087568
115,energy_bin,">150 GeV",70,0.860581,0.138298,0.123229
116,energy_bin,">150 GeV",70,0.826935,0.146681,0.121328
117,energy_bin,">150 GeV",70,0.855069,0.138671,0.124372
118,energy_bin,">150 GeV",70,0.905304,0.093462,0.07547
119,energy_bin,">150 GeV",70,0.884604,0.104584,0.083032
120,energy_bin,">150 GeV",70,0.859686,0.132028,0.100616
121,energy_bin,">150 GeV",70,0.808825,0.193131,0.168677
122,energy_bin,">150 GeV",70,0.862778,0.149086,0.116351
123,energy_bin,">150 GeV",70,0.87452,0.114437,0.097868
124,energy_bin,">150 GeV",70,0.877592,0.121516,0.101272
125,energy_bin,">150 GeV",70,0.84214,0.170172,0.126583
126,energy_bin,">150 GeV",70,0.860694,0.135767,0.112045
127,energy_bin,">150 GeV",70,0.857064,0.161722,0.132166
128,energy_bin,">150 GeV",70,0.848502,0.158807,0.126281
129,energy_bin,">150 GeV",70,0.865744,0.118448,0.09909
130,energy_bin,">150 GeV",70,0.887412,0.110235,0.092936
131,energy_bin,">150 GeV",70,0.852011,0.149256,0.118749
132,energy_bin,">150 GeV",70,0.871464,0.131784,0.102617
133,energy_bin,">150 GeV",70,0.832965,0.168133,0.13549
134,energy_bin,">150 GeV",70,0.85062,0.160746,0.132357
135,energy_bin,">150 GeV",70,0.798547,0.224308,0.181097
136,energy_bin,">150 GeV",70,0.878137,0.120909,0.09706
137,energy_bin,">150 GeV",70,0.851455,0.154754,0.122974
138,energy_bin,">150 GeV",70,0.873334,0.122838,0.106171
139,energy_bin,">150 GeV",70,0.945082,0.10274,0.075678
140,energy_bin,">150 GeV",70,0.838511,0.161168,0.126924
141,energy_bin,">150 GeV",70,0.847993,0.147371,0.11847
142,energy_bin,">150 GeV",70,0.868236,0.138639,0.110909
143,energy_bin,">150 GeV",70,0.830934,0.158683,0.137788
144,energy_bin,">150 GeV",70,0.820749,0.173934,0.147441
145,energy_bin,">150 GeV",70,0.891797,0.070996,0.05801
146,energy_bin,">150 GeV",70,0.858764,0.135732,0.126813
147,energy_bin,">150 GeV",70,0.84068,0.16946,0.131953
148,energy_bin,">150 GeV",70,0.841271,0.144063,0.118746
149,energy_bin,">150 GeV",70,0.822681,0.186775,0.149931
150,energy_bin,">150 GeV",70,0.846705,0.141558,0.107866
151,energy_bin,">150 GeV",70,0.844962,0.136917,0.099611
152,energy_bin,">150 GeV",70,0.867363,0.150066,0.127997
153,energy_bin,">150 GeV",70,0.878803,0.103108,0.086617
154,energy_bin,">150 GeV",70,0.884146,0.097349,0.078865
155,energy_bin,">150 GeV",70,0.842606,0.179609,0.156296
156,energy_bin,">150 GeV",70,0.946395,0.100468,0.074369
157,energy_bin,">150 GeV",70,0.858265,0.134605,0.114345
158,energy_bin,">150 GeV",70,0.854678,0.143293,0.125655
159,energy_bin,">150 GeV",70,0.889249,0.096163,0.07864
160,energy_bin,">150 GeV",70,0.887407,0.097507,0.082993
161,energy_bin,">150 GeV",70,0.932337,0.05695,0.040068
162,energy_bin,">150 GeV",70,0.844714,0.158964,0.130271
163,energy_bin,">150 GeV",70,0.865956,0.121384,0.102973
164,energy_bin,">150 GeV",70,0.859803,0.123159,0.104536
165,energy_bin,">150 GeV",70,0.900568,0.088723,0.069792
166,energy_bin,">150 GeV",70,0.863004,0.136733,0.104732
167,energy_bin,">150 GeV",70,0.876631,0.119207,0.095125
168,energy_bin,">150 GeV",70,0.861621,0.140236,0.115696
169,energy_bin,">150 GeV",70,0.877226,0.094167,0.07357
170,energy_bin,">150 GeV",70,0.89078,0.103313,0.080278
171,energy_bin,">150 GeV",70,0.842974,0.167516,0.136281
172,energy_bin,">150 GeV",70,0.858154,0.138266,0.110837
173,energy_bin,">150 GeV",70,0.859812,0.138951,0.109203
174,energy_bin,">150 GeV",70,0.872492,0.111074,0.085413
175,energy_bin,">150 GeV",70,0.83604,0.165568,0.155764
176,energy_bin,">150 GeV",70,0.832931,0.169934,0.135318
177,energy_bin,">150 GeV",70,0.821653,0.189208,0.162154
178,energy_bin,">150 GeV",70,0.853264,0.138458,0.113223
179,energy_bin,">150 GeV",70,0.853298,0.146871,0.114262
180,energy_bin,">150 GeV",70,0.840647,0.159094,0.121989
181,energy_bin,">150 GeV",70,0.854594,0.142735,0.11102
182,energy_bin,">150 GeV",70,0.867585,0.130954,0.104677
183,energy_bin,">150 GeV",70,0.869258,0.126895,0.09835
184,energy_bin,">150 GeV",70,0.856993,0.135433,0.111274
185,energy_bin,">150 GeV",70,0.862562,0.137393,0.113982
186,energy_bin,">150 GeV",70,0.861545,0.130478,0.109604
187,energy_bin,">150 GeV",70,0.895261,0.114987,0.087933
188,energy_bin,">150 GeV",70,0.883701,0.129457,0.099097
189,energy_bin,">150 GeV",70,0.892645,0.125717,0.103961
190,energy_bin,">150 GeV",70,0.853549,0.16325,0.13126
191,energy_bin,">150 GeV",70,0.852067,0.150561,0.118525
192,energy_bin,">150 GeV",70,0.828904,0.161001,0.144615
193,energy_bin,">150 GeV",70,0.860336,0.156451,0.128979
194,energy_bin,">150 GeV",70,0.883925,0.098929,0.073652
195,energy_bin,">150 GeV",70,0.872844,0.10206,0.085061
196,energy_bin,">150 GeV",70,0.868278,0.136086,0.103165
197,energy_bin,">150 GeV",70,0.855711,0.137584,0.105699
198,energy_bin,">150 GeV",70,0.846988,0.169529,0.13718
199,energy_bin,">150 GeV",70,0.85429,0.140388,0.120461
200,energy_bin,">150 GeV",70,0.911674,0.093535,0.083102
201,energy_bin,">150 GeV",70,0.850425,0.141748,0.106646
202,energy_bin,">150 GeV",70,0.901995,0.086689,0.073343
203,energy_bin,">150 GeV",70,0.862908,0.127594,0.108836
204,energy_bin,">150 GeV",70,0.844628,0.140396,0.11383
205,energy_bin,">150 GeV",70,0.835858,0.161776,0.124845
206,energy_bin,">150 GeV",70,0.907158,0.088112,0.075293
207,energy_bin,">150 GeV",70,0.873956,0.118,0.093409
208,energy_bin,">150 GeV",70,0.842009,0.178608,0.16449
0,particle,"Neutron",11095,7.921176,3.890651,2.974081
1,particle,"Neutron",11095,8.041997,3.996007,3.048987
2,particle,"Neutron",11095,0.922794,0.216729,0.141755
3,particle,"Neutron",11095,0.92911,0.168323,0.100364
4,particle,"Neutron",11095,0.98093,0.153705,0.094929
5,particle,"Neutron",11095,1.022763,0.155303,0.094374
6,particle,"Neutron",11095,0.951524,0.149694,0.090605
7,particle,"Neutron",11095,0.781477,0.147843,0.105557
8,particle,"Neutron",11095,0.855161,0.121271,0.076738
9,particle,"Neutron",11095,1.020732,0.145783,0.094836
10,particle,"Neutron",11095,0.961766,0.143403,0.0992
11,particle,"Neutron",11095,0.9795,0.134437,0.083567
12,particle,"Neutron",11095,0.884496,0.1236,0.080879
13,particle,"Neutron",11095,0.897963,0.127117,0.085091
14,particle,"Neutron",11095,0.816897,0.113632,0.073691
15,particle,"Neutron",11095,0.922674,0.12567,0.079306
16,particle,"Neutron",11095,0.90232,0.122866,0.077246
17,particle,"Neutron",11095,0.94088,0.126269,0.078404
18,particle,"Neutron",11095,0.84536,0.11525,0.073043
19,particle,"Neutron",11095,0.887643,0.118273,0.073546
20,particle,"Neutron",11095,0.930798,0.124605,0.078467
21,particle,"Neutron",11095,0.931138,0.123191,0.078113
22,particle,"Neutron",11095,0.881202,0.116211,0.073584
23,particle,"Neutron",11095,0.818314,0.114642,0.07529
24,particle,"Neutron",11095,0.895811,0.120949,0.077101
25,particle,"Neutron",11095,0.909832,0.119094,0.075628
26,particle,"Neutron",11095,0.89731,0.118426,0.075487
27,particle,"Neutron",11095,0.908616,0.119043,0.075802
28,particle,"Neutron",11095,0.903239,0.119304,0.075454
29,particle,"Neutron",11095,0.878143,0.117073,0.074866
30,particle,"Neutron",11095,0.892809,0.123487,0.080977
31,particle,"Neutron",11095,1.031561,0.139311,0.088148
32,particle,"Neutron",11095,0.989793,0.133016,0.084447
33,particle,"Neutron",11095,0.73861,0.103092,0.066357
34,particle,"Neutron",11095,0.913399,0.121689,0.080048
35,particle,"Neutron",11095,0.951348,0.130693,0.08473
36,particle,"Neutron",11095,0.940378,0.126133,0.079564
37,particle,"Neutron",11095,0.877589,0.11874,0.075545
38,particle,"Neutron",11095,0.917298,0.150904,0.101454
39,particle,"Neutron",11095,0.952478,0.134454,0.081691
40,particle,"Neutron",11095,0.924418,0.176505,0.124419
41,particle,"Neutron",11095,0.953721,0.129221,0.079098
42,particle,"Neutron",11095,0.920741,0.124626,0.077505
43,particle,"Neutron",11095,0.96411,0.133289,0.08055
44,particle,"Neutron",11095,0.853533,0.129634,0.088349
45,particle,"Neutron",11095,0.984367,0.134589,0.080979
46,particle,"Neutron",11095,0.963442,0.13252,0.080923
47,particle,"Neutron",11095,0.938786,0.123084,0.075918
48,particle,"Neutron",11095,0.991452,0.130682,0.082563
49,particle,"Neutron",11095,0.960605,0.126291,0.078689
50,particle,"Neutron",11095,0.957662,0.125995,0.079079
51,particle,"Neutron",11095,0.960531,0.12557,0.079228
52,particle,"Neutron",11095,0.963157,0.126685,0.080308
53,particle,"Neutron",11095,0.959737,0.125484,0.079954
54,particle,"Neutron",11095,0.9556,0.125072,0.077416
55,particle,"Neutron",11095,0.958939,0.125683,0.076882
56,particle,"Neutron",11095,0.957633,0.122672,0.076705
57,particle,"Neutron",11095,0.950534,0.125325,0.078209
58,particle,"Neutron",11095,0.966763,0.124818,0.077448
59,particle,"Neutron",11095,0.950893,0.122752,0.077256
60,particle,"Neutron",11095,0.939433,0.121977,0.076943
61,particle,"Neutron",11095,0.966968,0.127177,0.078762
62,particle,"Neutron",11095,0.957862,0.12552,0.077734
63,particle,"Neutron",11095,0.908005,0.125456,0.076532
64,particle,"Neutron",11095,0.961418,0.128922,0.07843
65,particle,"Neutron",11095,0.996155,0.158036,0.102432
66,particle,"Neutron",11095,0.949809,0.128511,0.079778
67,particle,"Neutron",11095,0.950574,0.135131,0.083305
68,particle,"Neutron",11095,0.895018,0.124442,0.080335
69,particle,"Neutron",11095,1.00435,0.129427,0.079867
70,particle,"Neutron",11095,0.967837,0.131226,0.084133
71,particle,"Neutron",11095,0.970338,0.128958,0.078496
72,particle,"Neutron",11095,0.956408,0.128711,0.079964
73,particle,"Neutron",11095,0.951223,0.126294,0.078967
74,particle,"Neutron",11095,0.957493,0.125848,0.075251
75,particle,"Neutron",11095,0.971506,0.127731,0.077032
76,particle,"Neutron",11095,0.943752,0.127392,0.078584
77,particle,"Neutron",11095,0.948235,0.125124,0.075843
78,particle,"Neutron",11095,0.915084,0.123221,0.077286
79,particle,"Neutron",11095,0.965219,0.131173,0.076739
80,particle,"Neutron",11095,0.959475,0.122675,0.077228
81,particle,"Neutron",11095,0.954395,0.13684,0.076206
82,particle,"Neutron",11095,0.959749,0.126643,0.077024
83,particle,"Neutron",11095,0.95261,0.137342,0.077069
84,particle,"Neutron",11095,0.943608,0.122373,0.074467
85,particle,"Neutron",11095,0.943866,0.124903,0.075045
86,particle,"Neutron",11095,0.959376,0.13022,0.076196
87,particle,"Neutron",11095,0.946161,0.125605,0.076847
88,particle,"Neutron",11095,0.954359,0.125381,0.074964
89,particle,"Neutron",11095,0.87076,0.122021,0.076088
90,particle,"Neutron",11095,0.959786,0.13185,0.075819
91,particle,"Neutron",11095,0.950223,0.12213,0.07415
92,particle,"Neutron",11095,0.953147,0.128273,0.076396
93,particle,"Neutron",11095,0.962546,0.133813,0.076085
94,particle,"Neutron",11095,0.952218,0.125051,0.075823
95,particle,"Neutron",11095,0.936121,0.133543,0.076617
96,particle,"Neutron",11095,0.948473,0.12525,0.075529
97,particle,"Neutron",11095,0.961088,0.124116,0.075568
98,particle,"Neutron",11095,0.952834,0.122045,0.074653
99,particle,"Neutron",11095,0.959084,0.12643,0.075611
100,particle,"Neutron",11095,0.955197,0.12407,0.075359
101,particle,"Neutron",11095,0.960861,0.128426,0.080429
102,particle,"Neutron",11095,0.951977,0.121813,0.076562
103,particle,"Neutron",11095,0.95,0.136407,0.073514
104,particle,"Neutron",11095,0.935148,0.121243,0.073663
105,particle,"Neutron",11095,0.945629,0.119902,0.075653
106,particle,"Neutron",11095,0.969722,0.130157,0.079582
107,particle,"Neutron",11095,0.98848,0.125938,0.077785
108,particle,"Neutron",11095,0.947045,0.124463,0.073667
109,particle,"Neutron",11095,0.946636,0.118277,0.074332
110,particle,"Neutron",11095,0.969015,0.125529,0.075896
111,particle,"Neutron",11095,0.953671,0.128627,0.077292
112,particle,"Neutron",11095,0.958473,0.13539,0.077988
113,particle,"Neutron",11095,0.961623,0.131138,0.07595
114,particle,"Neutron",11095,0.924301,0.119124,0.073478
115,particle,"Neutron",11095,0.964001,0.127525,0.072863
116,particle,"Neutron",11095,0.93543,0.121525,0.073346
117,particle,"Neutron",11095,0.949879,0.118627,0.076555
118,particle,"Neutron",11095,0.965133,0.120986,0.076704
119,particle,"Neutron",11095,0.941752,0.116539,0.07362
120,particle,"Neutron",11095,0.945721,0.120696,0.07426
121,particle,"Neutron",11095,0.947472,0.121619,0.077077
122,particle,"Neutron",11095,0.950942,0.119599,0.075585
123,particle,"Neutron",11095,0.967514,0.123405,0.074258
124,particle,"Neutron",11095,0.95296,0.117621,0.074297
125,particle,"Neutron",11095,0.958899,0.121993,0.073983
126,particle,"Neutron",11095,0.947543,0.115888,0.073568
127,particle,"Neutron",11095,0.967385,0.120247,0.074777
128,particle,"Neutron",11095,0.963043,0.119093,0.073711
129,particle,"Neutron",11095,0.93668,0.115787,0.074389
130,particle,"Neutron",11095,0.958513,0.121213,0.073998
131,particle,"Neutron",11095,0.960375,0.118609,0.074162
132,particle,"Neutron",11095,0.955576,0.116919,0.073659
133,particle,"Neutron",11095,0.954491,0.120413,0.073921
134,particle,"Neutron",11095,0.956234,0.120816,0.07323
135,particle,"Neutron",11095,0.954171,0.117745,0.073758
136,particle,"Neutron",11095,0.954293,0.122077,0.073841
137,particle,"Neutron",11095,0.960804,0.11663,0.073426
138,particle,"Neutron",11095,0.95763,0.121694,0.07334
139,particle,"Neutron",11095,1.039051,0.133551,0.08018
140,particle,"Neutron",11095,0.952032,0.119168,0.073298
141,particle,"Neutron",11095,0.969774,0.119182,0.07545
142,particle,"Neutron",11095,0.961988,0.119385,0.074427
143,particle,"Neutron",11095,0.947645,0.116246,0.073005
144,particle,"Neutron",11095,0.95073,0.117446,0.073255
145,particle,"Neutron",11095,0.929293,0.115667,0.073456
146,particle,"Neutron",11095,0.945245,0.119602,0.074043
147,particle,"Neutron",11095,0.964952,0.116987,0.073026
148,particle,"Neutron",11095,0.9539,0.118584,0.07462
149,particle,"Neutron",11095,0.948936,0.118665,0.074252
150,particle,"Neutron",11095,0.938446,0.11683,0.072893
151,particle,"Neutron",11095,0.947147,0.127259,0.072144
152,particle,"Neutron",11095,0.979857,0.123182,0.07583
153,particle,"Neutron",11095,0.942635,0.119573,0.072382
154,particle,"Neutron",11095,0.948948,0.114497,0.071202
155,particle,"Neutron",11095,0.970185,0.122633,0.076897
156,particle,"Neutron",11095,0.951838,0.118007,0.075112
157,particle,"Neutron",11095,0.975783,0.12157,0.074852
158,particle,"Neutron",11095,0.955103,0.118823,0.074209
159,particle,"Neutron",11095,0.959313,0.11749,0.074011
160,particle,"Neutron",11095,0.944623,0.11835,0.074432
161,particle,"Neutron",11095,0.949782,0.115794,0.071807
162,particle,"Neutron",11095,0.95824,0.123209,0.072178
163,particle,"Neutron",11095,0.961218,0.121291,0.073085
164,particle,"Neutron",11095,0.945106,0.120977,0.071354
165,particle,"Neutron",11095,0.959419,0.119531,0.073661
166,particle,"Neutron",11095,0.951482,0.115073,0.072
167,particle,"Neutron",11095,0.966055,0.119008,0.072772
168,particle,"Neutron",11095,0.958354,0.121481,0.073606
169,particle,"Neutron",11095,0.949522,0.117765,0.072528
170,particle,"Neutron",11095,0.963979,0.120722,0.074694
171,particle,"Neutron",11095,0.959595,0.116637,0.072405
172,particle,"Neutron",11095,0.95589,0.117809,0.073164
173,particle,"Neutron",11095,0.96501,0.122062,0.072484
174,particle,"Neutron",11095,0.950889,0.115288,0.072244
175,particle,"Neutron",11095,0.966667,0.119297,0.072497
176,particle,"Neutron",11095,0.959888,0.119024,0.072478
177,particle,"Neutron",11095,0.963369,0.120469,0.07292
178,particle,"Neutron",11095,0.951982,0.116685,0.07242
179,particle,"Neutron",11095,0.95875,0.119387,0.073531
180,particle,"Neutron",11095,0.958403,0.115181,0.071743
181,particle,"Neutron",11095,0.957032,0.118993,0.073335
182,particle,"Neutron",11095,0.95718,0.117712,0.072297
183,particle,"Neutron",11095,0.9635,0.117828,0.072979
184,particle,"Neutron",11095,0.956413,0.117735,0.072445
185,particle,"Neutron",11095,0.961105,0.118569,0.073641
186,particle,"Neutron",11095,0.963225,0.121895,0.073184
187,particle,"Neutron",11095,0.958422,0.119518,0.076362
188,particle,"Neutron",11095,0.972282,0.119275,0.074397
189,particle,"Neutron",11095,0.967261,0.117652,0.074494
190,particle,"Neutron",11095,0.95549,0.115815,0.073455
191,particle,"Neutron",11095,0.956777,0.117762,0.073713
192,particle,"Neutron",11095,0.9527,0.114313,0.072147
193,particle,"Neutron",11095,0.977365,0.120543,0.076514
194,particle,"Neutron",11095,0.932076,0.113366,0.07274
195,particle,"Neutron",11095,0.954552,0.116191,0.071952
196,particle,"Neutron",11095,0.958048,0.116437,0.071708
197,particle,"Neutron",11095,0.934852,0.115754,0.073139
198,particle,"Neutron",11095,0.953727,0.121126,0.075086
199,particle,"Neutron",11095,0.949666,0.115966,0.073094
200,particle,"Neutron",11095,0.964542,0.120955,0.074127
201,particle,"Neutron",11095,0.956177,0.116205,0.072851
202,particle,"Neutron",11095,0.953775,0.119089,0.074317
203,particle,"Neutron",11095,0.95792,0.116207,0.072537
204,particle,"Neutron",11095,0.947332,0.112616,0.070958
205,particle,"Neutron",11095,0.966122,0.120583,0.072623
206,particle,"Neutron",11095,0.958946,0.120092,0.074212
207,particle,"Neutron",11095,0.971089,0.118672,0.072847
208,particle,"Neutron",11095,0.970448,0.117394,0.074033
0,particle,"K0",11257,8.641914,4.601304,3.393068
1,particle,"K0",11257,8.795974,4.748943,3.512169
2,particle,"K0",11257,0.954138,0.204703,0.139287
3,particle,"K0",11257,0.976346,0.155563,0.096624
4,particle,"K0",11257,1.036387,0.189387,0.111827
5,particle,"K0",11257,1.080525,0.176967,0.106057
6,particle,"K0",11257,1.003176,0.147581,0.088616
7,particle,"K0",11257,0.823218,0.138719,0.094697
8,particle,"K0",11257,0.903621,0.14609,0.085033
9,particle,"K0",11257,1.076404,0.172767,0.100156
10,particle,"K0",11257,1.013961,0.154679,0.092426
11,particle,"K0",11257,1.034743,0.176909,0.090658
12,particle,"K0",11257,0.934553,0.151831,0.091954
13,particle,"K0",11257,0.944205,0.150016,0.087445
14,particle,"K0",11257,0.862519,0.143643,0.085005
15,particle,"K0",11257,0.974597,0.140396,0.081503
16,particle,"K0",11257,0.952606,0.141018,0.082035
17,particle,"K0",11257,0.995232,0.164064,0.085674
18,particle,"K0",11257,0.891342,0.139243,0.081069
19,particle,"K0",11257,0.937515,0.156567,0.080349
20,particle,"K0",11257,0.981937,0.152819,0.08634
21,particle,"K0",11257,0.983524,0.148296,0.08141
22,particle,"K0",11257,0.931228,0.1503,0.083345
23,particle,"K0",11257,0.865034,0.136,0.083148
24,particle,"K0",11257,0.945737,0.13701,0.07937
25,particle,"K0",11257,0.960902,0.143439,0.079772
26,particle,"K0",11257,0.947699,0.142371,0.080054
27,particle,"K0",11257,0.959527,0.143759,0.079368
28,particle,"K0",11257,0.954072,0.140638,0.079273
29,particle,"K0",11257,0.927513,0.142923,0.082095
30,particle,"K0",11257,0.94423,0.147144,0.083679
31,particle,"K0",11257,1.08903,0.169791,0.097458
32,particle,"K0",11257,1.044787,0.161738,0.09263
33,particle,"K0",11257,0.77908,0.110399,0.065212
34,particle,"K0",11257,0.965409,0.150746,0.081554
35,particle,"K0",11257,1.003752,0.147102,0.086034
36,particle,"K0",11257,0.99542,0.14679,0.083878
37,particle,"K0",11257,0.928692,0.132576,0.076999
38,particle,"K0",11257,0.964074,0.17125,0.110388
39,particle,"K0",11257,1.009215,0.154562,0.086203
40,particle,"K0",11257,0.977419,0.179533,0.120276
41,particle,"K0",11257,1.005157,0.16808,0.086177
42,particle,"K0",11257,0.97299,0.153525,0.079493
43,particle,"K0",11257,1.019276,0.152506,0.084923
44,particle,"K0",11257,0.901517,0.143719,0.081911
45,particle,"K0",11257,1.03854,0.156734,0.085673
46,particle,"K0",11257,1.016234,0.165417,0.087771
47,particle,"K0",11257,0.993752,0.144851,0.079922
48,particle,"K0",11257,1.048134,0.16994,0.092802
49,particle,"K0",11257,1.015702,0.155316,0.082033
50,particle,"K0",11257,1.010349,0.15503,0.084332
51,particle,"K0",11257,1.013135,0.155009,0.082026
52,particle,"K0",11257,1.016033,0.1489,0.082314
53,particle,"K0",11257,1.012901,0.145637,0.080308
54,particle,"K0",11257,1.007169,0.153678,0.082933
55,particle,"K0",11257,1.011906,0.153068,0.082663
56,particle,"K0",11257,1.011411,0.149821,0.081211
57,particle,"K0",11257,1.004443,0.157915,0.087559
58,particle,"K0",11257,1.019841,0.15129,0.082434
59,particle,"K0",11257,1.004594,0.147495,0.079204
60,particle,"K0",11257,0.991539,0.142838,0.07829
61,particle,"K0",11257,1.02412,0.16219,0.088409
62,particle,"K0",11257,1.01195,0.150422,0.080232
63,particle,"K0",11257,0.960168,0.150873,0.080389
64,particle,"K0",11257,1.01374,0.161232,0.084558
65,particle,"K0",11257,1.054515,0.201705,0.124574
66,particle,"K0",11257,1.000927,0.153188,0.086267
67,particle,"K0",11257,1.001605,0.167035,0.097164
68,particle,"K0",11257,0.946337,0.13533,0.076857
69,particle,"K0",11257,1.061687,0.170625,0.087398
70,particle,"K0",11257,1.022496,0.144477,0.08355
71,particle,"K0",11257,1.024785,0.161539,0.081157
72,particle,"K0",11257,1.006702,0.149536,0.081418
73,particle,"K0",11257,1.003263,0.154278,0.080385
74,particle,"K0",11257,1.00996,0.177376,0.081315
75,particle,"K0",11257,1.028027,0.163788,0.08186
76,particle,"K0",11257,0.994984,0.139546,0.079018
77,particle,"K0",11257,1.001058,0.145185,0.079504
78,particle,"K0",11257,0.968257,0.140882,0.078485
79,particle,"K0",11257,1.020565,0.157652,0.081258
80,particle,"K0",11257,1.013311,0.144329,0.078221
81,particle,"K0",11257,1.007114,0.155288,0.077448
82,particle,"K0",11257,1.014358,0.149905,0.077616
83,particle,"K0",11257,1.003976,0.159021,0.080399
84,particle,"K0",11257,0.99653,0.146597,0.078209
85,particle,"K0",11257,0.994374,0.148124,0.077821
86,particle,"K0",11257,1.01239,0.146428,0.077086
87,particle,"K0",11257,0.998284,0.141175,0.07524
88,particle,"K0",11257,1.006713,0.148456,0.077315
89,particle,"K0",11257,0.916853,0.140216,0.073149
90,particle,"K0",11257,1.011677,0.147733,0.077924
91,particle,"K0",11257,1.002417,0.149417,0.077051
92,particle,"K0",11257,1.004586,0.140758,0.076898
93,particle,"K0",11257,1.014411,0.145651,0.07789
94,particle,"K0",11257,1.005351,0.150647,0.076669
95,particle,"K0",11257,0.992461,0.14671,0.081383
96,particle,"K0",11257,0.999566,0.143776,0.077288
97,particle,"K0",11257,1.014419,0.148422,0.07782
98,particle,"K0",11257,1.004008,0.148801,0.078653
99,particle,"K0",11257,1.011272,0.148384,0.078008
100,particle,"K0",11257,1.008706,0.150785,0.080097
101,particle,"K0",11257,1.011516,0.146939,0.079661
102,particle,"K0",11257,1.003034,0.153309,0.07992
103,particle,"K0",11257,0.999465,0.173199,0.080257
104,particle,"K0",11257,0.987335,0.147971,0.076123
105,particle,"K0",11257,0.998806,0.142666,0.07516
106,particle,"K0",11257,1.0205,0.146818,0.079472
107,particle,"K0",11257,1.041671,0.16528,0.08835
108,particle,"K0",11257,1.000011,0.153209,0.077295
109,particle,"K0",11257,1.001297,0.147792,0.075348
110,particle,"K0",11257,1.024209,0.152929,0.077195
111,particle,"K0",11257,1.005756,0.152865,0.076886
112,particle,"K0",11257,1.008972,0.140889,0.076556
113,particle,"K0",11257,1.012953,0.146862,0.077064
114,particle,"K0",11257,0.972572,0.143314,0.075765
115,particle,"K0",11257,1.019126,0.154431,0.078786
116,particle,"K0",11257,0.984805,0.144174,0.076382
117,particle,"K0",11257,1.001333,0.141783,0.075675
118,particle,"K0",11257,1.017399,0.145216,0.077573
119,particle,"K0",11257,0.993782,0.141549,0.074445
120,particle,"K0",11257,0.996333,0.136551,0.074796
121,particle,"K0",11257,0.997274,0.137658,0.076152
122,particle,"K0",11257,1.004535,0.138138,0.074883
123,particle,"K0",11257,1.021223,0.145308,0.078678
124,particle,"K0",11257,1.004992,0.140454,0.076492
125,particle,"K0",11257,1.010714,0.141335,0.076144
126,particle,"K0",11257,0.999643,0.140053,0.074885
127,particle,"K0",11257,1.021202,0.14224,0.076433
128,particle,"K0",11257,1.015929,0.147595,0.07721
129,particle,"K0",11257,0.986316,0.140461,0.076901
130,particle,"K0",11257,1.010849,0.144261,0.076357
131,particle,"K0",11257,1.013126,0.14142,0.076265
132,particle,"K0",11257,1.008332,0.144354,0.076872
133,particle,"K0",11257,1.005925,0.14257,0.07808
134,particle,"K0",11257,1.009354,0.14313,0.075438
135,particle,"K0",11257,1.007231,0.143645,0.075899
136,particle,"K0",11257,1.006484,0.14222,0.075588
137,particle,"K0",11257,1.014305,0.145073,0.075919
138,particle,"K0",11257,1.011095,0.145122,0.076084
139,particle,"K0",11257,1.096075,0.162987,0.085061
140,particle,"K0",11257,1.004176,0.142876,0.075898
141,particle,"K0",11257,1.022185,0.142348,0.078318
142,particle,"K0",11257,1.015318,0.145638,0.075767
143,particle,"K0",11257,1.001001,0.139884,0.075203
144,particle,"K0",11257,1.003257,0.145211,0.077066
145,particle,"K0",11257,0.977366,0.140132,0.07762
146,particle,"K0",11257,0.999294,0.138806,0.074007
147,particle,"K0",11257,1.019294,0.144576,0.076206
148,particle,"K0",11257,1.004043,0.139939,0.076344
149,particle,"K0",11257,1.002185,0.136339,0.074482
150,particle,"K0",11257,0.9915,0.139334,0.073513
151,particle,"K0",11257,1.000333,0.148826,0.077412
152,particle,"K0",11257,1.034936,0.14626,0.076568
153,particle,"K0",11257,0.995098,0.138422,0.074721
154,particle,"K0",11257,1.00246,0.15043,0.075398
155,particle,"K0",11257,1.023337,0.13575,0.076299
156,particle,"K0",11257,1.003465,0.142118,0.076045
157,particle,"K0",11257,1.02716,0.145302,0.079787
158,particle,"K0",11257,1.008541,0.143509,0.07549
159,particle,"K0",11257,1.011491,0.140544,0.07605
160,particle,"K0",11257,0.995627,0.137752,0.074216
161,particle,"K0",11257,1.001739,0.145739,0.077193
162,particle,"K0",11257,1.012476,0.141055,0.076038
163,particle,"K0",11257,1.015548,0.143194,0.07641
164,particle,"K0",11257,0.99754,0.142474,0.074473
165,particle,"K0",11257,1.011287,0.140212,0.075499
166,particle,"K0",11257,1.00477,0.142538,0.075371
167,particle,"K0",11257,1.020481,0.143354,0.075807
168,particle,"K0",11257,1.010992,0.139554,0.075224
169,particle,"K0",11257,0.997869,0.146505,0.080549
170,particle,"K0",11257,1.015042,0.140133,0.075732
171,particle,"K0",11257,1.01213,0.139834,0.075229
172,particle,"K0",11257,1.009237,0.139181,0.075167
173,particle,"K0",11257,1.018324,0.140897,0.075624
174,particle,"K0",11257,1.002085,0.140729,0.075266
175,particle,"K0",11257,1.01891,0.144595,0.077311
176,particle,"K0",11257,1.012996,0.138732,0.074787
177,particle,"K0",11257,1.015765,0.137394,0.075261
178,particle,"K0",11257,1.00453,0.138549,0.074225
179,particle,"K0",11257,1.01146,0.139579,0.074988
180,particle,"K0",11257,1.012093,0.140118,0.075541
181,particle,"K0",11257,1.009339,0.13765,0.074913
182,particle,"K0",11257,1.009753,0.13987,0.074994
183,particle,"K0",11257,1.016572,0.140067,0.074711
184,particle,"K0",11257,1.008626,0.141089,0.075472
185,particle,"K0",11257,1.013838,0.137646,0.074802
186,particle,"K0",11257,1.015668,0.140383,0.075595
187,particle,"K0",11257,1.011549,0.141111,0.07428
188,particle,"K0",11257,1.026151,0.138458,0.075747
189,particle,"K0",11257,1.02037,0.139046,0.075511
190,particle,"K0",11257,1.012193,0.137119,0.074828
191,particle,"K0",11257,1.008833,0.136207,0.075118
192,particle,"K0",11257,1.004477,0.141933,0.076842
193,particle,"K0",11257,1.030254,0.13696,0.076366
194,particle,"K0",11257,0.982849,0.1365,0.073286
195,particle,"K0",11257,1.006134,0.140289,0.07629
196,particle,"K0",11257,1.011163,0.141099,0.074961
197,particle,"K0",11257,0.9846,0.130868,0.073438
198,particle,"K0",11257,1.006567,0.146862,0.075944
199,particle,"K0",11257,0.999967,0.137072,0.075254
200,particle,"K0",11257,1.01613,0.13953,0.07737
201,particle,"K0",11257,1.00725,0.141361,0.077445
202,particle,"K0",11257,1.004114,0.133782,0.075232
203,particle,"K0",11257,1.007771,0.148318,0.078934
204,particle,"K0",11257,1.000017,0.13688,0.07407
205,particle,"K0",11257,1.018166,0.141246,0.076229
206,particle,"K0",11257,1.009309,0.135304,0.074913
207,particle,"K0",11257,1.023922,0.14092,0.076813
208,particle,"K0",11257,1.022061,0.140262,0.076952
0,particle,"Photon",6167,15.100154,5.558079,3.728658
1,particle,"Photon",6167,15.485024,5.773482,3.921306
2,particle,"Photon",6167,0.892296,0.136577,0.100752
3,particle,"Photon",6167,0.998953,0.079125,0.051814
4,particle,"Photon",6167,1.083446,0.200039,0.113693
5,particle,"Photon",6167,1.116224,0.15533,0.08937
6,particle,"Photon",6167,1.029509,0.088716,0.054475
7,particle,"Photon",6167,0.837375,0.103027,0.061478
8,particle,"Photon",6167,0.945443,0.12909,0.059771
9,particle,"Photon",6167,1.053741,0.085182,0.049312
10,particle,"Photon",6167,1.046614,0.095888,0.05323
11,particle,"Photon",6167,1.05013,0.216502,0.044816
12,particle,"Photon",6167,0.981192,0.086852,0.056565
13,particle,"Photon",6167,0.899155,0.069347,0.040768
14,particle,"Photon",6167,0.889955,0.101328,0.060188
15,particle,"Photon",6167,0.988748,0.073714,0.045695
16,particle,"Photon",6167,0.972562,0.083687,0.050666
17,particle,"Photon",6167,1.017047,0.092386,0.042333
18,particle,"Photon",6167,0.891207,0.068377,0.041002
19,particle,"Photon",6167,0.958971,0.110373,0.043204
20,particle,"Photon",6167,0.994192,0.079455,0.050619
21,particle,"Photon",6167,0.978323,0.06771,0.038686
22,particle,"Photon",6167,0.947904,0.085986,0.051803
23,particle,"Photon",6167,0.909839,0.091539,0.058997
24,particle,"Photon",6167,0.951302,0.074395,0.047034
25,particle,"Photon",6167,0.956413,0.076224,0.043866
26,particle,"Photon",6167,0.95965,0.074592,0.044341
27,particle,"Photon",6167,0.962738,0.075376,0.041467
28,particle,"Photon",6167,0.963323,0.076176,0.044292
29,particle,"Photon",6167,0.946608,0.081561,0.049867
30,particle,"Photon",6167,0.933615,0.074835,0.038759
31,particle,"Photon",6167,1.083792,0.124216,0.080232
32,particle,"Photon",6167,1.065379,0.117275,0.061758
33,particle,"Photon",6167,0.800652,0.071555,0.042738
34,particle,"Photon",6167,0.961071,0.11142,0.041471
35,particle,"Photon",6167,0.99906,0.081249,0.043683
36,particle,"Photon",6167,1.025806,0.083295,0.054098
37,particle,"Photon",6167,0.946242,0.066083,0.041817
38,particle,"Photon",6167,1.047373,0.15448,0.079276
39,particle,"Photon",6167,1.03049,0.092212,0.056628
40,particle,"Photon",6167,1.064719,0.163151,0.085372
41,particle,"Photon",6167,0.981846,0.077473,0.040907
42,particle,"Photon",6167,0.991907,0.117445,0.042927
43,particle,"Photon",6167,1.017093,0.07475,0.04495
44,particle,"Photon",6167,0.919572,0.085407,0.057315
45,particle,"Photon",6167,1.034517,0.075038,0.044869
46,particle,"Photon",6167,1.014535,0.145191,0.059144
47,particle,"Photon",6167,1.00724,0.079003,0.042164
48,particle,"Photon",6167,1.04353,0.099115,0.05951
49,particle,"Photon",6167,1.014076,0.083874,0.040365
50,particle,"Photon",6167,0.998925,0.074265,0.04702
51,particle,"Photon",6167,0.994843,0.073461,0.038044
52,particle,"Photon",6167,0.996449,0.068241,0.037247
53,particle,"Photon",6167,1.006908,0.07229,0.038306
54,particle,"Photon",6167,0.98859,0.085171,0.042858
55,particle,"Photon",6167,0.999593,0.079576,0.04158
56,particle,"Photon",6167,1.011768,0.084017,0.043634
57,particle,"Photon",6167,1.019202,0.123696,0.05951
58,particle,"Photon",6167,1.011894,0.076483,0.043023
59,particle,"Photon",6167,1.000057,0.076,0.037334
60,particle,"Photon",6167,0.987287,0.068934,0.038492
61,particle,"Photon",6167,1.059875,0.125674,0.05886
62,particle,"Photon",6167,1.00205,0.069226,0.037135
63,particle,"Photon",6167,0.982809,0.067266,0.038525
64,particle,"Photon",6167,1.005607,0.081696,0.046083
65,particle,"Photon",6167,1.080111,0.116571,0.073039
66,particle,"Photon",6167,0.977716,0.067739,0.041045
67,particle,"Photon",6167,0.986853,0.089885,0.060092
68,particle,"Photon",6167,0.971446,0.074171,0.046914
69,particle,"Photon",6167,1.057697,0.101616,0.04923
70,particle,"Photon",6167,1.06417,0.085231,0.044155
71,particle,"Photon",6167,1.029207,0.084605,0.040291
72,particle,"Photon",6167,0.984854,0.069235,0.042086
73,particle,"Photon",6167,0.991292,0.073889,0.040018
74,particle,"Photon",6167,1.008846,0.120787,0.039667
75,particle,"Photon",6167,1.044799,0.09559,0.052508
76,particle,"Photon",6167,1.000813,0.066369,0.040553
77,particle,"Photon",6167,1.027843,0.074916,0.043288
78,particle,"Photon",6167,1.008012,0.066789,0.039377
79,particle,"Photon",6167,1.024221,0.081018,0.045732
80,particle,"Photon",6167,1.024403,0.073584,0.038765
81,particle,"Photon",6167,1.005014,0.077654,0.040824
82,particle,"Photon",6167,1.014605,0.072203,0.040716
83,particle,"Photon",6167,0.979685,0.070635,0.038677
84,particle,"Photon",6167,0.996205,0.069975,0.040858
85,particle,"Photon",6167,0.991314,0.064822,0.038235
86,particle,"Photon",6167,0.999539,0.067536,0.037694
87,particle,"Photon",6167,1.003409,0.067206,0.036868
88,particle,"Photon",6167,0.991567,0.073426,0.039584
89,particle,"Photon",6167,0.957593,0.077228,0.049142
90,particle,"Photon",6167,1.002939,0.064862,0.036863
91,particle,"Photon",6167,0.999443,0.074435,0.03781
92,particle,"Photon",6167,1.003488,0.062113,0.036399
93,particle,"Photon",6167,1.004939,0.068893,0.038618
94,particle,"Photon",6167,0.999771,0.064213,0.035936
95,particle,"Photon",6167,1.032114,0.093064,0.054033
96,particle,"Photon",6167,0.993171,0.06456,0.037519
97,particle,"Photon",6167,1.003461,0.067003,0.037526
98,particle,"Photon",6167,1.003213,0.079554,0.044501
99,particle,"Photon",6167,1.001078,0.066972,0.037703
100,particle,"Photon",6167,1.019277,0.083968,0.048537
101,particle,"Photon",6167,1.00308,0.06045,0.036476
102,particle,"Photon",6167,0.98677,0.066789,0.038308
103,particle,"Photon",6167,0.98311,0.076526,0.043121
104,particle,"Photon",6167,1.001221,0.072415,0.038672
105,particle,"Photon",6167,0.991754,0.067483,0.036852
106,particle,"Photon",6167,1.003897,0.062464,0.036914
107,particle,"Photon",6167,1.025551,0.081952,0.047705
108,particle,"Photon",6167,0.991736,0.066042,0.039394
109,particle,"Photon",6167,1.005324,0.078964,0.037018
110,particle,"Photon",6167,1.023045,0.076627,0.038865
111,particle,"Photon",6167,0.99062,0.061408,0.035778
112,particle,"Photon",6167,0.985323,0.063562,0.035001
113,particle,"Photon",6167,1.006352,0.06622,0.036782
114,particle,"Photon",6167,0.958696,0.069694,0.037428
115,particle,"Photon",6167,1.00807,0.075799,0.041805
116,particle,"Photon",6167,0.966483,0.062147,0.037759
117,particle,"Photon",6167,0.991491,0.066381,0.034595
118,particle,"Photon",6167,1.011197,0.064492,0.037969
119,particle,"Photon",6167,0.986066,0.069211,0.035911
120,particle,"Photon",6167,0.985005,0.061333,0.035032
121,particle,"Photon",6167,0.982454,0.064441,0.038774
122,particle,"Photon",6167,0.998822,0.061204,0.034819
123,particle,"Photon",6167,1.008888,0.076387,0.044291
124,particle,"Photon",6167,0.998839,0.06575,0.037389
125,particle,"Photon",6167,0.995244,0.067588,0.038377
126,particle,"Photon",6167,0.993765,0.069799,0.036741
127,particle,"Photon",6167,1.001345,0.068069,0.037657
128,particle,"Photon",6167,0.996961,0.0734,0.037401
129,particle,"Photon",6167,0.987525,0.069644,0.040014
130,particle,"Photon",6167,0.99635,0.063157,0.035393
131,particle,"Photon",6167,1.000842,0.065097,0.036596
132,particle,"Photon",6167,0.997245,0.070374,0.036564
133,particle,"Photon",6167,0.986564,0.067398,0.041247
134,particle,"Photon",6167,0.997332,0.067714,0.037032
135,particle,"Photon",6167,1.000861,0.067223,0.038054
136,particle,"Photon",6167,0.992876,0.062817,0.035344
137,particle,"Photon",6167,0.999313,0.070537,0.036312
138,particle,"Photon",6167,1.000128,0.071706,0.038084
139,particle,"Photon",6167,1.093693,0.139215,0.049287
140,particle,"Photon",6167,0.991555,0.064182,0.037206
141,particle,"Photon",6167,1.009351,0.075168,0.042573
142,particle,"Photon",6167,1.003218,0.067183,0.036881
143,particle,"Photon",6167,0.987535,0.071581,0.040245
144,particle,"Photon",6167,0.98702,0.076007,0.039533
145,particle,"Photon",6167,0.971178,0.064362,0.039683
146,particle,"Photon",6167,0.987905,0.065511,0.036379
147,particle,"Photon",6167,1.003132,0.078401,0.03969
148,particle,"Photon",6167,0.972665,0.063829,0.036474
149,particle,"Photon",6167,0.99426,0.064466,0.03618
150,particle,"Photon",6167,0.998571,0.068642,0.035014
151,particle,"Photon",6167,0.983778,0.076242,0.044232
152,particle,"Photon",6167,1.015993,0.065964,0.036258
153,particle,"Photon",6167,0.984873,0.066506,0.037981
154,particle,"Photon",6167,0.991667,0.082469,0.036028
155,particle,"Photon",6167,1.011243,0.062718,0.034813
156,particle,"Photon",6167,1.008539,0.070007,0.037362
157,particle,"Photon",6167,1.008069,0.069247,0.040914
158,particle,"Photon",6167,1.001747,0.067241,0.035922
159,particle,"Photon",6167,0.991803,0.069337,0.035804
160,particle,"Photon",6167,0.987836,0.061829,0.035511
161,particle,"Photon",6167,0.995679,0.067934,0.036995
162,particle,"Photon",6167,1.011001,0.06896,0.036232
163,particle,"Photon",6167,0.999749,0.080091,0.037425
164,particle,"Photon",6167,0.998447,0.069848,0.037102
165,particle,"Photon",6167,0.992308,0.06954,0.036313
166,particle,"Photon",6167,0.991831,0.073092,0.037883
167,particle,"Photon",6167,0.996441,0.068749,0.035579
168,particle,"Photon",6167,0.995823,0.064921,0.035448
169,particle,"Photon",6167,0.968185,0.080121,0.047971
170,particle,"Photon",6167,0.991209,0.061988,0.034886
171,particle,"Photon",6167,0.987807,0.065888,0.034891
172,particle,"Photon",6167,0.998525,0.071563,0.037696
173,particle,"Photon",6167,0.995833,0.06865,0.035298
174,particle,"Photon",6167,0.98348,0.064783,0.034893
175,particle,"Photon",6167,0.997367,0.070809,0.036079
176,particle,"Photon",6167,0.998895,0.067715,0.035177
177,particle,"Photon",6167,0.996068,0.066199,0.035061
178,particle,"Photon",6167,0.994205,0.067808,0.035452
179,particle,"Photon",6167,0.995969,0.065601,0.034752
180,particle,"Photon",6167,1.004042,0.080801,0.040502
181,particle,"Photon",6167,0.997341,0.068463,0.036214
182,particle,"Photon",6167,0.99468,0.066556,0.035377
183,particle,"Photon",6167,0.999879,0.066978,0.034167
184,particle,"Photon",6167,0.985529,0.070844,0.037167
185,particle,"Photon",6167,1.000362,0.064222,0.034395
186,particle,"Photon",6167,0.999215,0.066045,0.034873
187,particle,"Photon",6167,1.003026,0.062748,0.034185
188,particle,"Photon",6167,0.999268,0.067266,0.035713
189,particle,"Photon",6167,1.002164,0.065833,0.035041
190,particle,"Photon",6167,1.020547,0.072155,0.036916
191,particle,"Photon",6167,0.991264,0.063056,0.036199
192,particle,"Photon",6167,0.993184,0.074651,0.041264
193,particle,"Photon",6167,1.003958,0.063478,0.035356
194,particle,"Photon",6167,0.98269,0.063068,0.034407
195,particle,"Photon",6167,0.980959,0.069168,0.039454
196,particle,"Photon",6167,0.993526,0.069917,0.035554
197,particle,"Photon",6167,0.980572,0.062365,0.033781
198,particle,"Photon",6167,0.984611,0.058962,0.032449
199,particle,"Photon",6167,0.977078,0.063592,0.033689
200,particle,"Photon",6167,0.993654,0.063999,0.036493
201,particle,"Photon",6167,0.999881,0.072835,0.039556
202,particle,"Photon",6167,0.987645,0.064533,0.035943
203,particle,"Photon",6167,0.98164,0.064579,0.036229
204,particle,"Photon",6167,0.982972,0.074654,0.035693
205,particle,"Photon",6167,0.999759,0.065798,0.03561
206,particle,"Photon",6167,0.99016,0.062398,0.033929
207,particle,"Photon",6167,0.996484,0.07221,0.038488
208,particle,"Photon",6167,1.012961,0.067197,0.036418
0,particle,"Pion",13008,0.070044,0.650693,0.012737
1,particle,"Pion",13008,0.06979,0.660855,0.012721
2,particle,"Pion",13008,0.801752,0.572904,0.421991
3,particle,"Pion",13008,0.909742,0.666842,0.477577
4,particle,"Pion",13008,1.025169,0.573253,0.456529
5,particle,"Pion",13008,0.952301,0.44905,0.351294
6,particle,"Pion",13008,1.261629,0.889531,0.661417
7,particle,"Pion",13008,1.44898,1.050432,0.723347
8,particle,"Pion",13008,1.476209,1.370646,0.81012
9,particle,"Pion",13008,1.122061,1.024694,0.409324
10,particle,"Pion",13008,1.285817,1.23813,0.787526
11,particle,"Pion",13008,0.995457,0.991842,0.431989
12,particle,"Pion",13008,1.474625,1.360491,0.78444
13,particle,"Pion",13008,1.246518,0.852588,0.475606
14,particle,"Pion",13008,1.047369,0.844114,0.440092
15,particle,"Pion",13008,1.281751,1.01805,0.533195
16,particle,"Pion",13008,1.393002,1.146234,0.642626
17,particle,"Pion",13008,1.062232,0.938539,0.383301
18,particle,"Pion",13008,0.999128,0.917345,0.427497
19,particle,"Pion",13008,1.539586,1.153336,0.497116
20,particle,"Pion",13008,0.952905,1.077854,0.421976
21,particle,"Pion",13008,1.114796,1.087328,0.483396
22,particle,"Pion",13008,1.167752,1.15054,0.540775
23,particle,"Pion",13008,1.198105,1.237504,0.580353
24,particle,"Pion",13008,1.286456,1.23177,0.604894
25,particle,"Pion",13008,1.115361,1.174419,0.46403
26,particle,"Pion",13008,1.086873,1.147586,0.490493
27,particle,"Pion",13008,1.056321,1.157575,0.454858
28,particle,"Pion",13008,1.150093,1.204375,0.509972
29,particle,"Pion",13008,1.170188,1.230608,0.546967
30,particle,"Pion",13008,0.911093,0.929797,0.410782
31,particle,"Pion",13008,1.106052,1.104396,0.478979
32,particle,"Pion",13008,0.896239,0.881366,0.387537
33,particle,"Pion",13008,0.97405,0.88551,0.382623
34,particle,"Pion",13008,1.125966,1.128679,0.466465
35,particle,"Pion",13008,1.189024,1.078112,0.492591
36,particle,"Pion",13008,1.068871,1.266504,0.479259
37,particle,"Pion",13008,1.240249,1.057723,0.507589
38,particle,"Pion",13008,1.193772,0.511054,0.370914
39,particle,"Pion",13008,1.184483,0.512633,0.394174
40,particle,"Pion",13008,1.522831,0.478983,0.344616
41,particle,"Pion",13008,1.315235,0.981751,0.642915
42,particle,"Pion",13008,1.477029,0.920752,0.751975
43,particle,"Pion",13008,1.276306,0.888987,0.653372
44,particle,"Pion",13008,1.145057,0.691047,0.540228
45,particle,"Pion",13008,1.759614,1.688317,0.988652
46,particle,"Pion",13008,1.769938,1.515991,1.02315
47,particle,"Pion",13008,1.494131,1.218201,0.749414
48,particle,"Pion",13008,1.681214,2.128841,0.859914
49,particle,"Pion",13008,1.406528,0.876144,0.671839
50,particle,"Pion",13008,1.557641,1.609654,0.81294
51,particle,"Pion",13008,1.742828,1.970845,0.887286
52,particle,"Pion",13008,1.721297,1.786595,0.875727
53,particle,"Pion",13008,2.094785,2.873268,1.080477
54,particle,"Pion",13008,2.124551,3.230421,1.071151
55,particle,"Pion",13008,2.09828,2.820464,1.130663
56,particle,"Pion",13008,1.969373,2.46663,1.014356
57,particle,"Pion",13008,1.920225,2.992063,0.822347
58,particle,"Pion",13008,2.102664,3.027467,1.095701
59,particle,"Pion",13008,1.527683,1.457016,0.735747
60,particle,"Pion",13008,1.704882,2.142743,0.775811
61,particle,"Pion",13008,2.294213,3.057276,1.342823
62,particle,"Pion",13008,1.674213,2.504695,0.718866
63,particle,"Pion",13008,1.161444,1.070089,0.44078
64,particle,"Pion",13008,1.732341,2.313437,0.670012
65,particle,"Pion",13008,2.05061,2.330376,1.137905
66,particle,"Pion",13008,1.051491,1.070793,0.38528
67,particle,"Pion",13008,1.694986,2.20817,0.644261
68,particle,"Pion",13008,1.6563,1.566801,0.61754
69,particle,"Pion",13008,1.650617,2.121314,0.62886
70,particle,"Pion",13008,1.366457,1.151718,0.515199
71,particle,"Pion",13008,1.741737,2.033254,0.721948
72,particle,"Pion",13008,1.553132,1.341578,0.725827
73,particle,"Pion",13008,1.58688,1.787219,0.561659
74,particle,"Pion",13008,1.56596,1.901191,0.500606
75,particle,"Pion",13008,1.327602,1.180619,0.477815
76,particle,"Pion",13008,1.579868,1.651577,0.658224
77,particle,"Pion",13008,1.74146,2.244359,0.722072
78,particle,"Pion",13008,1.432759,1.149028,0.424222
79,particle,"Pion",13008,1.299256,1.849477,0.449797
80,particle,"Pion",13008,1.310569,1.780581,0.510676
81,particle,"Pion",13008,1.243087,1.542044,0.404818
82,particle,"Pion",13008,1.277659,1.214868,0.46035
83,particle,"Pion",13008,1.547288,1.469247,0.655096
84,particle,"Pion",13008,1.558919,1.928813,0.602733
85,particle,"Pion",13008,1.491391,1.694271,0.598903
86,particle,"Pion",13008,1.528633,2.138572,0.615613
87,particle,"Pion",13008,1.463229,1.676799,0.620204
88,particle,"Pion",13008,1.346769,1.735122,0.519639
89,particle,"Pion",13008,1.244969,1.09764,0.385175
90,particle,"Pion",13008,1.490039,1.864084,0.602859
91,particle,"Pion",13008,1.356269,1.764331,0.546658
92,particle,"Pion",13008,1.431249,1.759561,0.57046
93,particle,"Pion",13008,1.539326,1.736505,0.639262
94,particle,"Pion",13008,1.548294,2.23737,0.603741
95,particle,"Pion",13008,2.353773,2.677861,1.128541
96,particle,"Pion",13008,1.434227,1.420774,0.581112
97,particle,"Pion",13008,1.441287,1.699148,0.582429
98,particle,"Pion",13008,1.440254,1.191966,0.54219
99,particle,"Pion",13008,1.437937,1.318434,0.584289
100,particle,"Pion",13008,1.695625,1.892943,0.771285
101,particle,"Pion",13008,1.528189,1.360742,0.626967
102,particle,"Pion",13008,1.215785,1.446815,0.424134
103,particle,"Pion",13008,1.609359,1.494786,0.704754
104,particle,"Pion",13008,1.383453,1.576495,0.519213
105,particle,"Pion",13008,1.575494,1.915452,0.648575
106,particle,"Pion",13008,1.563887,1.7068,0.664945
107,particle,"Pion",13008,1.490155,1.473402,0.657038
108,particle,"Pion",13008,1.395785,1.325521,0.5425
109,particle,"Pion",13008,1.332106,1.564492,0.520918
110,particle,"Pion",13008,1.381974,1.385513,0.507399
111,particle,"Pion",13008,1.355211,1.650256,0.481024
112,particle,"Pion",13008,1.748889,2.046688,0.781562
113,particle,"Pion",13008,1.612363,1.833103,0.67949
114,particle,"Pion",13008,1.70149,2.242555,0.699464
115,particle,"Pion",13008,1.342473,1.712596,0.485372
116,particle,"Pion",13008,1.682508,1.69281,0.746775
117,particle,"Pion",13008,1.425424,2.005431,0.535628
118,particle,"Pion",13008,1.502618,1.876646,0.626194
119,particle,"Pion",13008,1.32124,1.357958,0.493424
120,particle,"Pion",13008,1.428871,1.877307,0.548839
121,particle,"Pion",13008,1.479287,1.74864,0.598282
122,particle,"Pion",13008,1.450684,1.741314,0.581011
123,particle,"Pion",13008,1.410548,1.747047,0.531794
124,particle,"Pion",13008,1.426802,1.806007,0.544223
125,particle,"Pion",13008,1.46091,1.734362,0.608143
126,particle,"Pion",13008,1.473619,1.821945,0.582443
127,particle,"Pion",13008,1.453868,1.672439,0.598472
128,particle,"Pion",13008,1.574018,1.91174,0.675481
129,particle,"Pion",13008,1.349017,1.715954,0.513144
130,particle,"Pion",13008,1.332139,1.775215,0.511459
131,particle,"Pion",13008,1.454365,1.66972,0.605441
132,particle,"Pion",13008,1.397889,1.86991,0.563514
133,particle,"Pion",13008,1.502623,1.686932,0.632675
134,particle,"Pion",13008,1.385734,1.752965,0.547663
135,particle,"Pion",13008,1.475267,1.612936,0.623936
136,particle,"Pion",13008,1.381748,1.726585,0.549627
137,particle,"Pion",13008,1.409644,1.970653,0.574458
138,particle,"Pion",13008,1.495695,1.832147,0.622676
139,particle,"Pion",13008,1.538497,1.750285,0.650255
140,particle,"Pion",13008,1.419596,1.749199,0.57609
141,particle,"Pion",13008,1.384777,1.649719,0.530017
142,particle,"Pion",13008,1.503135,1.503039,0.58521
143,particle,"Pion",13008,1.431994,1.589994,0.567981
144,particle,"Pion",13008,1.466859,1.399901,0.568809
145,particle,"Pion",13008,1.315595,1.76699,0.482208
146,particle,"Pion",13008,1.349332,1.573824,0.532358
147,particle,"Pion",13008,1.582818,1.747182,0.680195
148,particle,"Pion",13008,1.383929,1.671691,0.53489
149,particle,"Pion",13008,1.345597,1.804674,0.504739
150,particle,"Pion",13008,1.512085,1.658652,0.554689
151,particle,"Pion",13008,1.615847,1.818911,0.66305
152,particle,"Pion",13008,1.221828,1.749068,0.464205
153,particle,"Pion",13008,1.693953,2.167361,0.703897
154,particle,"Pion",13008,1.443044,1.943251,0.552655
155,particle,"Pion",13008,1.298798,1.880104,0.466279
156,particle,"Pion",13008,1.152528,1.977248,0.371497
157,particle,"Pion",13008,1.477531,1.790958,0.545787
158,particle,"Pion",13008,1.358103,1.962195,0.504167
159,particle,"Pion",13008,1.457264,1.994313,0.489435
160,particle,"Pion",13008,1.704883,2.295198,0.697071
161,particle,"Pion",13008,1.437933,1.871706,0.543116
162,particle,"Pion",13008,1.471658,2.155081,0.589037
163,particle,"Pion",13008,1.458111,2.002528,0.56901
164,particle,"Pion",13008,1.438287,1.796049,0.552939
165,particle,"Pion",13008,1.466232,1.836115,0.575249
166,particle,"Pion",13008,1.34282,1.908674,0.502578
167,particle,"Pion",13008,1.494156,1.654342,0.581846
168,particle,"Pion",13008,1.451106,2.050711,0.584908
169,particle,"Pion",13008,1.624408,1.91135,0.663548
170,particle,"Pion",13008,1.501632,2.006159,0.593245
171,particle,"Pion",13008,1.469618,1.945782,0.566477
172,particle,"Pion",13008,1.432107,2.060791,0.563356
173,particle,"Pion",13008,1.439716,2.087336,0.57026
174,particle,"Pion",13008,1.475036,1.968954,0.580337
175,particle,"Pion",13008,1.37484,1.977965,0.545356
176,particle,"Pion",13008,1.536752,2.134509,0.633502
177,particle,"Pion",13008,1.563618,2.118283,0.650313
178,particle,"Pion",13008,1.518532,2.123327,0.611131
179,particle,"Pion",13008,1.456585,1.994093,0.579794
180,particle,"Pion",13008,1.515696,2.128279,0.614086
181,particle,"Pion",13008,1.492368,2.107144,0.599217
182,particle,"Pion",13008,1.482449,1.980171,0.579124
183,particle,"Pion",13008,1.477564,2.084869,0.592854
184,particle,"Pion",13008,1.354786,2.031242,0.546334
185,particle,"Pion",13008,1.461742,2.073806,0.58366
186,particle,"Pion",13008,1.479947,1.96671,0.587709
187,particle,"Pion",13008,1.307723,2.060163,0.478519
188,particle,"Pion",13008,1.419385,1.884796,0.555996
189,particle,"Pion",13008,1.353417,1.998515,0.50051
190,particle,"Pion",13008,1.401661,1.879288,0.518814
191,particle,"Pion",13008,1.462802,1.992544,0.579507
192,particle,"Pion",13008,1.462488,1.972237,0.564596
193,particle,"Pion",13008,1.406149,1.969298,0.525843
194,particle,"Pion",13008,1.352526,2.059825,0.502844
195,particle,"Pion",13008,1.414214,1.839416,0.552946
196,particle,"Pion",13008,1.552633,2.039119,0.621712
197,particle,"Pion",13008,1.592452,1.772916,0.638208
198,particle,"Pion",13008,1.431379,2.016555,0.542526
199,particle,"Pion",13008,1.477627,1.848143,0.566933
200,particle,"Pion",13008,1.429784,1.837171,0.555118
201,particle,"Pion",13008,1.298892,2.030506,0.476516
202,particle,"Pion",13008,1.39887,2.189313,0.523673
203,particle,"Pion",13008,1.338733,2.102733,0.506569
204,particle,"Pion",13008,1.493126,2.004758,0.590105
205,particle,"Pion",13008,1.618508,1.762085,0.696127
206,particle,"Pion",13008,1.374597,2.081044,0.497235
207,particle,"Pion",13008,1.41201,1.817254,0.543498
208,particle,"Pion",13008,1.519593,1.620211,0.61256
0,particle,"Electron",782,0.098503,1.055794,0.017536
1,particle,"Electron",782,0.101268,1.131956,0.017737
2,particle,"Electron",782,0.798752,0.575866,0.471602
3,particle,"Electron",782,0.919024,0.628467,0.510397
4,particle,"Electron",782,0.997159,0.528532,0.429584
5,particle,"Electron",782,0.950385,0.465327,0.369393
6,particle,"Electron",782,1.348212,1.031664,0.798436
7,particle,"Electron",782,1.827073,1.09928,1.015341
8,particle,"Electron",782,1.722667,1.168024,1.033413
9,particle,"Electron",782,1.085676,0.963896,0.446212
10,particle,"Electron",782,1.530763,1.55847,1.186414
11,particle,"Electron",782,1.074626,1.090156,0.557775
12,particle,"Electron",782,1.718929,1.373194,1.068797
13,particle,"Electron",782,1.321179,0.834651,0.620794
14,particle,"Electron",782,1.101702,0.803363,0.511303
15,particle,"Electron",782,1.423287,0.983231,0.623773
16,particle,"Electron",782,1.645799,1.169331,0.798304
17,particle,"Electron",782,1.086866,0.811595,0.40387
18,particle,"Electron",782,1.040477,0.835746,0.497827
19,particle,"Electron",782,1.625585,1.021012,0.586227
20,particle,"Electron",782,0.932281,0.931015,0.435044
21,particle,"Electron",782,1.186798,1.014604,0.576003
22,particle,"Electron",782,1.359372,1.20892,0.701709
23,particle,"Electron",782,1.408371,1.407383,0.73938
24,particle,"Electron",782,1.529775,1.375222,0.781008
25,particle,"Electron",782,1.215809,1.150699,0.55402
26,particle,"Electron",782,1.181504,1.118604,0.605875
27,particle,"Electron",782,1.121459,1.082508,0.546428
28,particle,"Electron",782,1.28072,1.156345,0.643727
29,particle,"Electron",782,1.351997,1.281855,0.724535
30,particle,"Electron",782,0.871846,0.747431,0.428834
31,particle,"Electron",782,1.174728,0.922606,0.551709
32,particle,"Electron",782,0.879696,0.668119,0.387876
33,particle,"Electron",782,1.025617,0.717579,0.394864
34,particle,"Electron",782,1.204089,0.877578,0.527504
35,particle,"Electron",782,1.294916,0.94094,0.551709
36,particle,"Electron",782,1.017781,1.024257,0.466074
37,particle,"Electron",782,1.352493,0.921596,0.610071
38,particle,"Electron",782,1.245505,0.543459,0.338703
39,particle,"Electron",782,1.194361,0.492849,0.390159
40,particle,"Electron",782,1.599903,0.783656,0.34118
41,particle,"Electron",782,1.512549,1.153858,0.911721
42,particle,"Electron",782,1.749466,1.058873,0.923164
43,particle,"Electron",782,1.468255,1.021315,0.847125
44,particle,"Electron",782,1.169234,0.724448,0.598433
45,particle,"Electron",782,2.467698,2.519983,1.424649
46,particle,"Electron",782,2.577999,2.379679,1.589759
47,particle,"Electron",782,1.886586,1.629045,0.971743
48,particle,"Electron",782,2.408314,3.245672,1.733898
49,particle,"Electron",782,1.613519,0.952511,0.784777
50,particle,"Electron",782,2.367528,2.705628,1.363347
51,particle,"Electron",782,2.615621,3.007502,1.534157
52,particle,"Electron",782,2.712053,3.088381,1.505499
53,particle,"Electron",782,3.552532,4.95706,2.18325
54,particle,"Electron",782,3.88515,5.793876,2.800855
55,particle,"Electron",782,3.584037,4.622042,2.448172
56,particle,"Electron",782,3.367367,4.256581,2.02623
57,particle,"Electron",782,3.246731,4.965663,2.391109
58,particle,"Electron",782,3.542165,5.02997,2.210975
59,particle,"Electron",782,2.259926,2.419057,1.165441
60,particle,"Electron",782,2.991204,4.195038,1.74624
61,particle,"Electron",782,3.972233,5.231953,2.846405
62,particle,"Electron",782,2.528442,3.716728,1.489451
63,particle,"Electron",782,1.524205,1.730298,0.640863
64,particle,"Electron",782,2.846314,3.863619,1.912453
65,particle,"Electron",782,3.736293,4.47769,2.797365
66,particle,"Electron",782,1.394294,1.955741,0.472619
67,particle,"Electron",782,2.952058,4.22225,1.642094
68,particle,"Electron",782,2.817214,3.087212,1.375097
69,particle,"Electron",782,2.738632,3.822367,1.520654
70,particle,"Electron",782,1.622491,1.409734,0.651914
71,particle,"Electron",782,2.324416,2.886331,0.997555
72,particle,"Electron",782,1.825783,1.515191,0.909471
73,particle,"Electron",782,2.018514,2.232377,0.873034
74,particle,"Electron",782,1.577107,0.840867,0.596724
75,particle,"Electron",782,1.455742,0.875649,0.560035
76,particle,"Electron",782,2.321374,2.400209,1.112073
77,particle,"Electron",782,2.793319,3.482263,1.421775
78,particle,"Electron",782,1.578363,1.086549,0.538207
79,particle,"Electron",782,1.809593,2.522644,0.691099
80,particle,"Electron",782,1.512354,1.262163,0.664411
81,particle,"Electron",782,1.595402,1.810376,0.633472
82,particle,"Electron",782,1.443046,1.07039,0.534874
83,particle,"Electron",782,1.957974,1.561314,0.883558
84,particle,"Electron",782,2.207388,2.610317,0.96872
85,particle,"Electron",782,1.780271,1.638539,0.765307
86,particle,"Electron",782,2.170035,2.425758,1.04109
87,particle,"Electron",782,2.095449,1.987748,1.064917
88,particle,"Electron",782,1.643689,1.790277,0.705678
89,particle,"Electron",782,1.238849,0.716633,0.381114
90,particle,"Electron",782,2.168004,2.258867,1.1532
91,particle,"Electron",782,1.520601,1.498824,0.641643
92,particle,"Electron",782,2.003685,2.471634,0.878915
93,particle,"Electron",782,2.242392,2.092552,1.10378
94,particle,"Electron",782,2.449324,3.309503,1.278055
95,particle,"Electron",782,4.18546,5.474399,2.57179
96,particle,"Electron",782,1.791693,1.418291,0.80944
97,particle,"Electron",782,1.85034,1.83254,0.859994
98,particle,"Electron",782,1.592547,0.855482,0.647576
99,particle,"Electron",782,1.727419,1.12766,0.772319
100,particle,"Electron",782,2.333598,2.074967,1.219506
101,particle,"Electron",782,2.147834,1.473009,1.029247
102,particle,"Electron",782,1.237648,1.005783,0.43419
103,particle,"Electron",782,2.249397,1.687696,1.203442
104,particle,"Electron",782,1.850949,1.940061,0.818126
105,particle,"Electron",782,2.440596,2.435968,1.316884
106,particle,"Electron",782,2.086383,2.118748,1.042434
107,particle,"Electron",782,1.83176,1.299659,0.932398
108,particle,"Electron",782,1.549423,0.844101,0.660124
109,particle,"Electron",782,1.553605,1.18468,0.736996
110,particle,"Electron",782,1.459928,0.916707,0.594484
111,particle,"Electron",782,1.643335,2.000154,0.696427
112,particle,"Electron",782,2.6897,3.014493,1.526597
113,particle,"Electron",782,2.200745,1.896073,1.20733
114,particle,"Electron",782,2.853589,3.554082,1.802352
115,particle,"Electron",782,1.413282,1.004031,0.53932
116,particle,"Electron",782,2.24361,1.817329,1.125462
117,particle,"Electron",782,1.945409,2.031442,0.986826
118,particle,"Electron",782,2.004448,1.750606,0.979623
119,particle,"Electron",782,1.398782,0.828497,0.562053
120,particle,"Electron",782,1.956374,1.754175,0.979952
121,particle,"Electron",782,1.782945,1.370472,0.840245
122,particle,"Electron",782,1.668962,1.142946,0.766994
123,particle,"Electron",782,1.650702,1.188657,0.690877
124,particle,"Electron",782,1.691169,1.424291,0.716246
125,particle,"Electron",782,1.804575,1.339568,0.840165
126,particle,"Electron",782,1.702385,1.174177,0.755322
127,particle,"Electron",782,1.831042,1.419509,0.881099
128,particle,"Electron",782,2.151546,1.803645,1.135196
129,particle,"Electron",782,1.50368,1.034219,0.64334
130,particle,"Electron",782,1.56091,1.162543,0.692928
131,particle,"Electron",782,1.753027,1.147721,0.835868
132,particle,"Electron",782,1.801753,1.651159,0.885118
133,particle,"Electron",782,1.84003,1.269651,0.862389
134,particle,"Electron",782,1.666376,1.328385,0.749773
135,particle,"Electron",782,1.777203,1.096907,0.82135
136,particle,"Electron",782,1.648816,1.25966,0.738257
137,particle,"Electron",782,1.83956,1.699751,0.896363
138,particle,"Electron",782,1.904441,1.443511,0.890185
139,particle,"Electron",782,2.080869,1.635752,1.122705
140,particle,"Electron",782,1.653316,1.100494,0.760607
141,particle,"Electron",782,1.701112,1.04313,0.728811
142,particle,"Electron",782,1.67622,0.989129,0.694448
143,particle,"Electron",782,1.717424,1.123119,0.784772
144,particle,"Electron",782,1.671641,0.862685,0.692055
145,particle,"Electron",782,1.2858,0.73381,0.470599
146,particle,"Electron",782,1.42949,0.953591,0.586757
147,particle,"Electron",782,1.890452,1.229235,0.904399
148,particle,"Electron",782,1.498472,0.84384,0.622219
149,particle,"Electron",782,1.538614,0.898696,0.65375
150,particle,"Electron",782,1.71838,0.877359,0.651579
151,particle,"Electron",782,2.479034,2.086293,1.195299
152,particle,"Electron",782,1.173639,0.696717,0.449525
153,particle,"Electron",782,2.531126,2.427196,1.225565
154,particle,"Electron",782,1.906313,1.465691,0.835097
155,particle,"Electron",782,1.418823,0.814406,0.536593
156,particle,"Electron",782,1.04762,0.691952,0.335637
157,particle,"Electron",782,1.614481,0.917062,0.580556
158,particle,"Electron",782,1.596588,1.181991,0.609738
159,particle,"Electron",782,1.646816,1.008815,0.555627
160,particle,"Electron",782,2.689861,2.485512,1.314139
161,particle,"Electron",782,1.913903,1.714276,0.79152
162,particle,"Electron",782,1.835172,1.49025,0.788813
163,particle,"Electron",782,1.794415,1.339835,0.745907
164,particle,"Electron",782,1.917633,1.356799,0.842234
165,particle,"Electron",782,1.861961,1.449518,0.819798
166,particle,"Electron",782,1.483865,0.973043,0.571055
167,particle,"Electron",782,1.743715,0.973188,0.71602
168,particle,"Electron",782,1.812776,1.459544,0.808946
169,particle,"Electron",782,2.133044,1.515334,0.994521
170,particle,"Electron",782,1.911254,1.443034,0.839008
171,particle,"Electron",782,1.77758,1.217628,0.758766
172,particle,"Electron",782,1.776905,1.473301,0.780907
173,particle,"Electron",782,1.849612,1.440234,0.816084
174,particle,"Electron",782,1.740377,1.036687,0.735995
175,particle,"Electron",782,1.775514,1.527614,0.783574
176,particle,"Electron",782,2.142506,1.798771,1.034729
177,particle,"Electron",782,1.998387,1.584788,0.914678
178,particle,"Electron",782,1.888569,1.343533,0.86054
179,particle,"Electron",782,1.726092,1.108686,0.731998
180,particle,"Electron",782,1.940345,1.516023,0.853367
181,particle,"Electron",782,2.053224,1.587946,0.962626
182,particle,"Electron",782,1.815595,1.201782,0.774881
183,particle,"Electron",782,1.959444,1.547522,0.899544
184,particle,"Electron",782,1.732605,1.688535,0.777099
185,particle,"Electron",782,1.803749,1.262103,0.81136
186,particle,"Electron",782,1.988111,1.553864,0.883713
187,particle,"Electron",782,1.381136,0.884093,0.513618
188,particle,"Electron",782,1.623486,1.078374,0.696404
189,particle,"Electron",782,1.583276,0.975005,0.672241
190,particle,"Electron",782,1.507431,0.833355,0.562495
191,particle,"Electron",782,1.808102,1.28517,0.772204
192,particle,"Electron",782,1.929632,1.408724,0.867312
193,particle,"Electron",782,1.520987,0.939039,0.589251
194,particle,"Electron",782,1.567732,1.152058,0.633403
195,particle,"Electron",782,1.840165,1.374729,0.84979
196,particle,"Electron",782,1.840387,1.223585,0.758515
197,particle,"Electron",782,1.729908,1.049549,0.686992
198,particle,"Electron",782,1.532466,0.860356,0.58722
199,particle,"Electron",782,1.798286,1.279862,0.701373
200,particle,"Electron",782,1.697974,1.268728,0.677673
201,particle,"Electron",782,1.313699,0.837222,0.508487
202,particle,"Electron",782,1.95803,1.950127,0.893646
203,particle,"Electron",782,1.30518,0.889379,0.468973
204,particle,"Electron",782,2.046036,1.806886,0.934231
205,particle,"Electron",782,2.246349,1.790781,1.118714
206,particle,"Electron",782,1.753065,1.671836,0.729094
207,particle,"Electron",782,1.687551,1.32096,0.671022
208,particle,"Electron",782,1.932736,1.511838,0.809361
0,particle,"Muon",1998,0.055529,0.958212,0.012787
1,particle,"Muon",1998,0.055495,0.969054,0.012611
2,particle,"Muon",1998,0.766411,0.425777,0.257041
3,particle,"Muon",1998,0.911407,0.556165,0.374262
4,particle,"Muon",1998,1.058003,0.512534,0.401104
5,particle,"Muon",1998,0.904818,0.26573,0.190997
6,particle,"Muon",1998,1.311401,0.900263,0.532457
7,particle,"Muon",1998,1.370276,0.93145,0.590051
8,particle,"Muon",1998,1.507148,1.155357,0.65901
9,particle,"Muon",1998,1.290664,0.876094,0.370448
10,particle,"Muon",1998,1.220948,0.807027,0.446094
11,particle,"Muon",1998,1.176657,1.019429,0.462613
12,particle,"Muon",1998,1.364976,0.914294,0.505162
13,particle,"Muon",1998,1.237959,0.672911,0.271826
14,particle,"Muon",1998,1.046996,0.752852,0.363454
15,particle,"Muon",1998,1.192534,0.97958,0.439469
16,particle,"Muon",1998,1.242985,1.038832,0.572852
17,particle,"Muon",1998,1.117389,0.848707,0.389163
18,particle,"Muon",1998,1.088042,0.795267,0.380528
19,particle,"Muon",1998,1.765949,1.284372,0.755388
20,particle,"Muon",1998,1.11222,0.906223,0.422633
21,particle,"Muon",1998,1.18387,0.941902,0.437269
22,particle,"Muon",1998,1.194724,0.973799,0.476994
23,particle,"Muon",1998,1.211557,1.092936,0.512263
24,particle,"Muon",1998,1.246977,1.090175,0.53874
25,particle,"Muon",1998,1.17823,1.027144,0.441377
26,particle,"Muon",1998,1.180985,0.980112,0.462276
27,particle,"Muon",1998,1.145248,0.98921,0.439132
28,particle,"Muon",1998,1.200291,1.041115,0.486772
29,particle,"Muon",1998,1.20102,1.056284,0.505167
30,particle,"Muon",1998,1.132805,0.737729,0.389017
31,particle,"Muon",1998,1.207138,0.966095,0.493766
32,particle,"Muon",1998,1.056554,0.738583,0.381024
33,particle,"Muon",1998,1.088506,0.7813,0.430373
34,particle,"Muon",1998,1.241608,0.934246,0.44691
35,particle,"Muon",1998,1.229454,1.00702,0.513627
36,particle,"Muon",1998,1.36804,1.029592,0.492665
37,particle,"Muon",1998,1.317205,1.025601,0.559397
38,particle,"Muon",1998,1.325799,0.616319,0.419682
39,particle,"Muon",1998,1.306173,0.693969,0.49516
40,particle,"Muon",1998,2.084698,0.882117,0.505475
41,particle,"Muon",1998,1.641138,1.270406,0.825635
42,particle,"Muon",1998,1.51476,1.082222,0.652998
43,particle,"Muon",1998,1.597068,1.191465,0.791799
44,particle,"Muon",1998,1.235303,0.560872,0.435321
45,particle,"Muon",1998,2.438886,2.957384,1.199599
46,particle,"Muon",1998,1.972515,2.265596,0.881929
47,particle,"Muon",1998,1.917601,2.280108,0.84123
48,particle,"Muon",1998,2.425576,3.518324,0.925648
49,particle,"Muon",1998,1.391709,1.118521,0.54835
50,particle,"Muon",1998,2.083607,3.114518,0.760782
51,particle,"Muon",1998,2.346142,3.718974,0.923295
52,particle,"Muon",1998,2.167155,3.460226,0.808348
53,particle,"Muon",1998,2.888825,5.532344,1.033509
54,particle,"Muon",1998,2.997274,5.578336,1.097856
55,particle,"Muon",1998,2.78467,5.164432,1.062305
56,particle,"Muon",1998,2.492567,4.628577,0.890534
57,particle,"Muon",1998,2.84408,4.971539,0.949056
58,particle,"Muon",1998,2.890965,5.603459,1.115792
59,particle,"Muon",1998,1.727735,2.587697,0.542353
60,particle,"Muon",1998,2.368289,4.365494,0.713685
61,particle,"Muon",1998,2.830649,5.472987,1.128316
62,particle,"Muon",1998,2.648722,4.940671,0.875251
63,particle,"Muon",1998,1.598346,1.90811,0.519895
64,particle,"Muon",1998,2.249396,3.775353,0.669751
65,particle,"Muon",1998,2.20013,3.374779,0.800737
66,particle,"Muon",1998,1.360794,1.135322,0.354396
67,particle,"Muon",1998,2.180198,3.738364,0.452928
68,particle,"Muon",1998,1.667963,2.392006,0.394192
69,particle,"Muon",1998,1.98083,3.390589,0.403422
70,particle,"Muon",1998,1.419579,1.061963,0.454242
71,particle,"Muon",1998,1.552204,1.833166,0.38946
72,particle,"Muon",1998,1.343676,1.110782,0.391446
73,particle,"Muon",1998,1.443361,1.842812,0.351996
74,particle,"Muon",1998,1.383573,1.4678,0.382113
75,particle,"Muon",1998,1.291109,0.736847,0.330572
76,particle,"Muon",1998,1.331975,1.304462,0.3097
77,particle,"Muon",1998,1.507054,2.271283,0.287847
78,particle,"Muon",1998,1.319709,0.858495,0.35142
79,particle,"Muon",1998,1.468735,1.787393,0.309825
80,particle,"Muon",1998,1.260569,0.671704,0.331644
81,particle,"Muon",1998,1.303014,0.946563,0.315165
82,particle,"Muon",1998,1.263666,0.759948,0.325532
83,particle,"Muon",1998,1.344863,0.932883,0.37063
84,particle,"Muon",1998,1.449754,1.553364,0.360079
85,particle,"Muon",1998,1.376788,1.031893,0.367467
86,particle,"Muon",1998,1.346243,1.35046,0.338226
87,particle,"Muon",1998,1.322181,0.928567,0.357345
88,particle,"Muon",1998,1.352518,1.171328,0.343261
89,particle,"Muon",1998,1.370432,0.692923,0.321716
90,particle,"Muon",1998,1.336519,1.134462,0.340779
91,particle,"Muon",1998,1.283548,0.840666,0.327867
92,particle,"Muon",1998,1.372995,1.250243,0.345311
93,particle,"Muon",1998,1.402023,1.125773,0.375088
94,particle,"Muon",1998,1.501897,1.943223,0.32207
95,particle,"Muon",1998,2.985914,3.854726,1.280541
96,particle,"Muon",1998,1.333357,0.934031,0.361436
97,particle,"Muon",1998,1.33268,0.934674,0.35616
98,particle,"Muon",1998,1.370326,1.054536,0.399972
99,particle,"Muon",1998,1.349739,0.922911,0.373847
100,particle,"Muon",1998,1.281752,0.905783,0.32061
101,particle,"Muon",1998,1.317351,0.812959,0.347685
102,particle,"Muon",1998,1.262455,0.698989,0.334601
103,particle,"Muon",1998,1.252493,0.672324,0.315179
104,particle,"Muon",1998,1.325479,0.829843,0.341827
105,particle,"Muon",1998,1.346671,0.788327,0.351495
106,particle,"Muon",1998,1.360776,0.980122,0.343926
107,particle,"Muon",1998,1.312058,0.745862,0.359999
108,particle,"Muon",1998,1.338727,0.808179,0.364146
109,particle,"Muon",1998,1.304719,0.669453,0.358281
110,particle,"Muon",1998,1.373631,0.753303,0.372837
111,particle,"Muon",1998,1.375189,0.815401,0.362296
112,particle,"Muon",1998,1.44772,1.3678,0.376432
113,particle,"Muon",1998,1.376656,0.79659,0.382443
114,particle,"Muon",1998,1.448805,1.58177,0.341554
115,particle,"Muon",1998,1.345341,0.802338,0.359043
116,particle,"Muon",1998,1.323575,0.765758,0.362182
117,particle,"Muon",1998,1.274346,0.736959,0.330924
118,particle,"Muon",1998,1.344705,0.815936,0.359452
119,particle,"Muon",1998,1.332142,0.720948,0.372997
120,particle,"Muon",1998,1.293645,0.73283,0.355245
121,particle,"Muon",1998,1.313658,0.714502,0.375225
122,particle,"Muon",1998,1.353267,0.813122,0.394505
123,particle,"Muon",1998,1.397137,0.893794,0.401082
124,particle,"Muon",1998,1.361286,0.877268,0.403837
125,particle,"Muon",1998,1.3394,0.793905,0.383496
126,particle,"Muon",1998,1.343309,0.911409,0.384903
127,particle,"Muon",1998,1.319586,0.731666,0.368727
128,particle,"Muon",1998,1.326067,0.788083,0.391118
129,particle,"Muon",1998,1.342038,0.790268,0.382529
130,particle,"Muon",1998,1.322929,0.744319,0.381327
131,particle,"Muon",1998,1.349046,0.817816,0.388982
132,particle,"Muon",1998,1.336389,0.974004,0.401605
133,particle,"Muon",1998,1.364344,0.881106,0.405434
134,particle,"Muon",1998,1.339982,0.946941,0.397804
135,particle,"Muon",1998,1.345481,0.879336,0.392046
136,particle,"Muon",1998,1.360411,0.840913,0.39527
137,particle,"Muon",1998,1.321881,1.006981,0.389797
138,particle,"Muon",1998,1.396776,0.989811,0.418599
139,particle,"Muon",1998,1.407037,0.912536,0.399152
140,particle,"Muon",1998,1.365058,0.88295,0.401389
141,particle,"Muon",1998,1.287243,0.726377,0.358204
142,particle,"Muon",1998,1.349918,0.845829,0.387705
143,particle,"Muon",1998,1.246351,0.633658,0.325884
144,particle,"Muon",1998,1.232666,0.733238,0.331771
145,particle,"Muon",1998,1.317006,0.720829,0.337502
146,particle,"Muon",1998,1.226465,0.642616,0.313516
147,particle,"Muon",1998,1.311867,0.733464,0.373582
148,particle,"Muon",1998,1.341165,0.804441,0.378825
149,particle,"Muon",1998,1.300938,0.745901,0.356645
150,particle,"Muon",1998,1.384731,0.876393,0.389649
151,particle,"Muon",1998,1.336343,0.856738,0.379447
152,particle,"Muon",1998,1.268886,0.790821,0.357793
153,particle,"Muon",1998,1.354716,1.032417,0.378277
154,particle,"Muon",1998,1.31355,0.941006,0.382686
155,particle,"Muon",1998,1.31553,0.734277,0.374354
156,particle,"Muon",1998,1.313566,0.815046,0.36466
157,particle,"Muon",1998,1.349743,0.87502,0.378688
158,particle,"Muon",1998,1.261213,0.699393,0.344085
159,particle,"Muon",1998,1.321763,0.803339,0.349905
160,particle,"Muon",1998,1.331081,1.001008,0.34902
161,particle,"Muon",1998,1.356086,0.859792,0.356682
162,particle,"Muon",1998,1.326581,0.994576,0.361915
163,particle,"Muon",1998,1.306072,0.847896,0.366701
164,particle,"Muon",1998,1.326728,0.862379,0.378753
165,particle,"Muon",1998,1.318665,0.833327,0.361507
166,particle,"Muon",1998,1.316032,0.847846,0.368705
167,particle,"Muon",1998,1.315365,0.834765,0.39938
168,particle,"Muon",1998,1.316326,1.033153,0.378199
169,particle,"Muon",1998,1.368114,0.899975,0.403947
170,particle,"Muon",1998,1.338327,0.950026,0.401723
171,particle,"Muon",1998,1.309536,0.940459,0.392554
172,particle,"Muon",1998,1.353241,0.960001,0.395603
173,particle,"Muon",1998,1.315069,0.928174,0.376941
174,particle,"Muon",1998,1.359701,0.899414,0.389725
175,particle,"Muon",1998,1.321123,0.975048,0.386519
176,particle,"Muon",1998,1.323482,1.007785,0.386086
177,particle,"Muon",1998,1.34474,1.016625,0.399237
178,particle,"Muon",1998,1.328929,1.04148,0.43256
179,particle,"Muon",1998,1.350628,1.011347,0.40286
180,particle,"Muon",1998,1.329177,1.014944,0.405878
181,particle,"Muon",1998,1.323049,1.012994,0.384652
182,particle,"Muon",1998,1.355366,0.996833,0.398008
183,particle,"Muon",1998,1.343151,1.014762,0.429559
184,particle,"Muon",1998,1.337155,1.131696,0.402089
185,particle,"Muon",1998,1.367022,1.044111,0.424315
186,particle,"Muon",1998,1.354079,1.016267,0.403088
187,particle,"Muon",1998,1.340822,0.947393,0.392162
188,particle,"Muon",1998,1.332338,0.872629,0.403057
189,particle,"Muon",1998,1.333735,0.875089,0.411754
190,particle,"Muon",1998,1.328026,0.890584,0.385001
191,particle,"Muon",1998,1.356709,0.968981,0.432512
192,particle,"Muon",1998,1.341182,0.891091,0.411848
193,particle,"Muon",1998,1.347527,0.982542,0.42328
194,particle,"Muon",1998,1.390348,1.035786,0.464839
195,particle,"Muon",1998,1.301564,0.798063,0.376583
196,particle,"Muon",1998,1.331721,0.976172,0.405641
197,particle,"Muon",1998,1.366628,0.848407,0.422446
198,particle,"Muon",1998,1.338806,0.90561,0.390492
199,particle,"Muon",1998,1.345047,0.816576,0.393797
200,particle,"Muon",1998,1.351348,0.691074,0.371363
201,particle,"Muon",1998,1.325311,0.927428,0.385382
202,particle,"Muon",1998,1.361699,1.082207,0.426904
203,particle,"Muon",1998,1.361363,1.032349,0.451087
204,particle,"Muon",1998,1.299818,0.866095,0.409942
205,particle,"Muon",1998,1.322573,0.87632,0.422878
206,particle,"Muon",1998,1.392257,1.060088,0.442862
207,particle,"Muon",1998,1.413553,1.04865,0.465381
208,particle,"Muon",1998,1.329232,0.988007,0.410289
