epoch,group,category,n,mean,std,rms90
0,energy_bin,"1-50 GeV",40292,9.386933,9.829432,7.114607
1,energy_bin,"1-50 GeV",40292,9.268626,9.511315,7.107059
2,energy_bin,"1-50 GeV",40292,1.02131,0.337064,0.18397
3,energy_bin,"1-50 GeV",40292,0.978499,0.397908,0.180909
4,energy_bin,"1-50 GeV",40292,0.988973,0.507223,0.212111
5,energy_bin,"1-50 GeV",40292,1.000768,0.646592,0.150056
6,energy_bin,"1-50 GeV",40292,0.950924,0.309846,0.158001
7,energy_bin,"1-50 GeV",40292,0.922893,0.371057,0.168536
8,energy_bin,"1-50 GeV",40292,1.031585,0.4062,0.203414
9,energy_bin,"1-50 GeV",40292,0.983783,0.406286,0.173167
10,energy_bin,"1-50 GeV",40292,1.089985,0.66899,0.215014
11,energy_bin,"1-50 GeV",40292,1.062368,0.511128,0.187914
12,energy_bin,"1-50 GeV",40292,1.013305,0.429246,0.167722
13,energy_bin,"1-50 GeV",40292,0.962496,0.311589,0.155228
14,energy_bin,"1-50 GeV",40292,0.970371,0.528134,0.168624
15,energy_bin,"1-50 GeV",40292,1.018615,0.528208,0.167068
16,energy_bin,"1-50 GeV",40292,1.079868,0.417236,0.168674
17,energy_bin,"1-50 GeV",40292,1.009232,0.349906,0.157488
18,energy_bin,"1-50 GeV",40292,0.96943,0.356995,0.163869
19,energy_bin,"1-50 GeV",40292,0.99423,0.424211,0.168224
20,energy_bin,"1-50 GeV",40292,0.98391,0.383948,0.156852
21,energy_bin,"1-50 GeV",40292,0.978893,0.38025,0.152794
22,energy_bin,"1-50 GeV",40292,0.970496,0.341241,0.149642
23,energy_bin,"1-50 GeV",40292,0.979004,0.3487,0.146013
24,energy_bin,"1-50 GeV",40292,0.964526,0.395103,0.15331
25,energy_bin,"1-50 GeV",40292,0.976852,0.41882,0.149392
26,energy_bin,"1-50 GeV",40292,0.985793,0.401841,0.153296
27,energy_bin,"1-50 GeV",40292,0.975875,0.387149,0.147295
28,energy_bin,"1-50 GeV",40292,0.973253,0.380912,0.152422
29,energy_bin,"1-50 GeV",40292,0.982423,0.385127,0.148306
30,energy_bin,"1-50 GeV",40292,0.991051,0.415018,0.198954
31,energy_bin,"1-50 GeV",40292,1.016499,0.395474,0.181026
32,energy_bin,"1-50 GeV",40292,1.032707,0.471008,0.182314
33,energy_bin,"1-50 GeV",40292,0.920997,0.355699,0.202892
34,energy_bin,"1-50 GeV",40292,0.921513,0.613509,0.182297
35,energy_bin,"1-50 GeV",40292,0.99444,0.429649,0.175025
36,energy_bin,"1-50 GeV",40292,0.911886,0.360408,0.205891
37,energy_bin,"1-50 GeV",40292,0.954605,0.393423,0.182008
38,energy_bin,"1-50 GeV",40292,0.927659,0.333276,0.174827
39,energy_bin,"1-50 GeV",40292,0.984326,0.342314,0.18938
40,energy_bin,"1-50 GeV",40292,0.933256,0.403865,0.186579
41,energy_bin,"1-50 GeV",40292,1.04581,0.510671,0.253173
42,energy_bin,"1-50 GeV",40292,1.00577,0.3831,0.198701
43,energy_bin,"1-50 GeV",40292,0.921022,0.360721,0.168603
44,energy_bin,"1-50 GeV",40292,0.95053,0.398273,0.195846
45,energy_bin,"1-50 GeV",40292,0.962866,0.399756,0.198696
46,energy_bin,"1-50 GeV",40292,0.888064,0.339588,0.184467
47,energy_bin,"1-50 GeV",40292,0.984572,0.364235,0.191869
48,energy_bin,"1-50 GeV",40292,0.873756,0.372237,0.186175
49,energy_bin,"1-50 GeV",40292,0.982435,0.367307,0.179341
50,energy_bin,"1-50 GeV",40292,0.967077,0.362179,0.172448
51,energy_bin,"1-50 GeV",40292,1.02332,0.470375,0.189568
52,energy_bin,"1-50 GeV",40292,0.992775,0.398128,0.179553
53,energy_bin,"1-50 GeV",40292,0.986214,0.370063,0.175411
54,energy_bin,"1-50 GeV",40292,0.98881,0.394752,0.170955
55,energy_bin,"1-50 GeV",40292,1.002782,0.350385,0.177928
56,energy_bin,"1-50 GeV",40292,0.999079,0.360694,0.173286
57,energy_bin,"1-50 GeV",40292,0.973949,0.366761,0.167314
58,energy_bin,"1-50 GeV",40292,0.976607,0.344064,0.171118
59,energy_bin,"1-50 GeV",40292,0.996649,0.353695,0.173655
60,energy_bin,"1-50 GeV",40292,1.002211,0.358837,0.174711
61,energy_bin,"1-50 GeV",40292,0.974404,0.336174,0.171552
62,energy_bin,"1-50 GeV",40292,0.995496,0.369695,0.171689
63,energy_bin,"1-50 GeV",40292,1.004234,0.465063,0.208599
64,energy_bin,"1-50 GeV",40292,0.917371,0.440735,0.232112
65,energy_bin,"1-50 GeV",40292,1.112573,0.910531,0.225746
66,energy_bin,"1-50 GeV",40292,0.939712,0.510501,0.222453
67,energy_bin,"1-50 GeV",40292,1.099945,1.130735,0.250187
68,energy_bin,"1-50 GeV",40292,0.930586,0.486548,0.241938
69,energy_bin,"1-50 GeV",40292,1.090938,0.570532,0.273317
70,energy_bin,"1-50 GeV",40292,0.959563,0.656428,0.274328
71,energy_bin,"1-50 GeV",40292,0.921093,0.455794,0.231587
72,energy_bin,"1-50 GeV",40292,1.063521,0.703596,0.283008
73,energy_bin,"1-50 GeV",40292,0.94668,1.161946,0.21406
74,energy_bin,"1-50 GeV",40292,1.04787,0.897744,0.234108
75,energy_bin,"1-50 GeV",40292,1.005434,1.077963,0.228698
76,energy_bin,"1-50 GeV",40292,1.044336,0.83108,0.224968
77,energy_bin,"1-50 GeV",40292,0.988743,0.569922,0.221286
78,energy_bin,"1-50 GeV",40292,1.080798,0.861095,0.245449
79,energy_bin,"1-50 GeV",40292,1.219573,2.038645,0.297062
80,energy_bin,"1-50 GeV",40292,1.1293,0.933039,0.249514
81,energy_bin,"1-50 GeV",40292,1.017087,0.513906,0.217747
82,energy_bin,"1-50 GeV",40292,1.044926,0.888962,0.263736
83,energy_bin,"1-50 GeV",40292,0.919134,0.423613,0.210183
84,energy_bin,"1-50 GeV",40292,0.987327,0.550308,0.22147
85,energy_bin,"1-50 GeV",40292,0.974293,0.435054,0.215702
86,energy_bin,"1-50 GeV",40292,0.983165,0.463751,0.215388
87,energy_bin,"1-50 GeV",40292,0.96192,0.466461,0.211127
88,energy_bin,"1-50 GeV",40292,0.999753,0.552361,0.203827
89,energy_bin,"1-50 GeV",40292,0.964812,0.44807,0.20548
90,energy_bin,"1-50 GeV",40292,0.998956,0.574705,0.202654
91,energy_bin,"1-50 GeV",40292,1.014762,0.518813,0.204517
92,energy_bin,"1-50 GeV",40292,0.992744,0.493335,0.20755
93,energy_bin,"1-50 GeV",40292,0.974988,0.44876,0.200499
94,energy_bin,"1-50 GeV",40292,0.959031,0.513876,0.193201
95,energy_bin,"1-50 GeV",40292,0.944705,0.522718,0.196972
96,energy_bin,"1-50 GeV",40292,0.989174,0.594548,0.196236
97,energy_bin,"1-50 GeV",40292,0.960716,0.427468,0.198814
98,energy_bin,"1-50 GeV",40292,0.940866,0.427481,0.193005
99,energy_bin,"1-50 GeV",40292,0.956276,0.436613,0.194861
100,energy_bin,"1-50 GeV",40292,0.958817,0.994748,0.260034
101,energy_bin,"1-50 GeV",40292,1.059324,0.717874,0.257196
102,energy_bin,"1-50 GeV",40292,1.019555,0.864042,0.247197
103,energy_bin,"1-50 GeV",40292,0.971011,0.697296,0.24566
104,energy_bin,"1-50 GeV",40292,1.171592,4.148304,0.248912
105,energy_bin,"1-50 GeV",40292,1.069234,0.628959,0.233458
106,energy_bin,"1-50 GeV",40292,0.822299,0.506877,0.245842
107,energy_bin,"1-50 GeV",40292,1.037599,0.630417,0.269786
108,energy_bin,"1-50 GeV",40292,0.928741,0.515671,0.235296
109,energy_bin,"1-50 GeV",40292,0.918476,1.44177,0.297134
110,energy_bin,"1-50 GeV",40292,1.120124,1.469405,0.268406
111,energy_bin,"1-50 GeV",40292,1.134719,1.63963,0.273745
112,energy_bin,"1-50 GeV",40292,1.027297,0.628335,0.278942
113,energy_bin,"1-50 GeV",40292,0.982002,0.804184,0.233739
114,energy_bin,"1-50 GeV",40292,1.062785,1.09952,0.233902
115,energy_bin,"1-50 GeV",40292,1.222512,2.164373,0.288379
116,energy_bin,"1-50 GeV",40292,1.180209,2.158386,0.264665
117,energy_bin,"1-50 GeV",40292,0.983321,0.675133,0.230093
118,energy_bin,"1-50 GeV",40292,1.075549,0.982963,0.258774
119,energy_bin,"1-50 GeV",40292,1.017584,0.479448,0.253746
120,energy_bin,"1-50 GeV",40292,0.959641,0.452204,0.235685
121,energy_bin,"1-50 GeV",40292,0.965636,0.394151,0.22053
122,energy_bin,"1-50 GeV",40292,0.967538,0.432469,0.20063
123,energy_bin,"1-50 GeV",40292,0.952434,0.36929,0.202395
124,energy_bin,"1-50 GeV",40292,0.970279,0.420713,0.21225
125,energy_bin,"1-50 GeV",40292,0.992802,0.395023,0.200562
126,energy_bin,"1-50 GeV",40292,0.997016,0.35263,0.203389
127,energy_bin,"1-50 GeV",40292,1.06488,0.574158,0.217688
128,energy_bin,"1-50 GeV",40292,1.005877,0.380821,0.199137
129,energy_bin,"1-50 GeV",40292,1.024371,0.41584,0.217461
130,energy_bin,"1-50 GeV",40292,0.986396,0.364915,0.196361
131,energy_bin,"1-50 GeV",40292,0.984921,0.365864,0.191908
132,energy_bin,"1-50 GeV",40292,1.002091,0.398857,0.189022
133,energy_bin,"1-50 GeV",40292,0.996129,0.363293,0.187401
134,energy_bin,"1-50 GeV",40292,1.002516,0.381758,0.194914
135,energy_bin,"1-50 GeV",40292,1.001365,0.36285,0.187397
136,energy_bin,"1-50 GeV",40292,1.020874,0.41777,0.200656
137,energy_bin,"1-50 GeV",40292,1.026884,0.380918,0.196137
138,energy_bin,"1-50 GeV",40292,0.999663,0.363151,0.187661
139,energy_bin,"1-50 GeV",40292,0.997903,0.370216,0.187221
140,energy_bin,"1-50 GeV",40292,0.969701,0.394218,0.18653
141,energy_bin,"1-50 GeV",40292,1.068531,0.558705,0.247882
142,energy_bin,"1-50 GeV",40292,0.983633,0.563249,0.23114
143,energy_bin,"1-50 GeV",40292,0.968324,0.480671,0.234683
144,energy_bin,"1-50 GeV",40292,0.925468,0.609499,0.207216
145,energy_bin,"1-50 GeV",40292,0.930219,0.60771,0.238689
146,energy_bin,"1-50 GeV",40292,1.020695,0.7077,0.234362
147,energy_bin,"1-50 GeV",40292,1.014626,0.730117,0.237318
148,energy_bin,"1-50 GeV",40292,1.047107,0.562431,0.255252
149,energy_bin,"1-50 GeV",40292,0.89966,0.535669,0.275797
150,energy_bin,"1-50 GeV",40292,1.044342,0.482709,0.244586
151,energy_bin,"1-50 GeV",40292,1.011231,0.490934,0.242905
152,energy_bin,"1-50 GeV",40292,0.990003,0.437586,0.238046
153,energy_bin,"1-50 GeV",40292,1.06378,0.497694,0.289477
154,energy_bin,"1-50 GeV",40292,1.06147,0.519469,0.249885
155,energy_bin,"1-50 GeV",40292,1.035566,0.508741,0.244225
156,energy_bin,"1-50 GeV",40292,1.032836,0.521648,0.233548
157,energy_bin,"1-50 GeV",40292,1.025278,0.655581,0.235213
158,energy_bin,"1-50 GeV",40292,1.034811,0.565134,0.236873
159,energy_bin,"1-50 GeV",40292,1.01949,0.469447,0.218648
160,energy_bin,"1-50 GeV",40292,1.025601,0.541151,0.22285
161,energy_bin,"1-50 GeV",40292,0.954372,0.47684,0.277383
162,energy_bin,"1-50 GeV",40292,0.989256,0.448424,0.22413
163,energy_bin,"1-50 GeV",40292,0.988418,0.437403,0.226038
164,energy_bin,"1-50 GeV",40292,1.027198,0.485525,0.226764
165,energy_bin,"1-50 GeV",40292,1.038334,0.507974,0.225918
166,energy_bin,"1-50 GeV",40292,1.035859,0.482885,0.228263
167,energy_bin,"1-50 GeV",40292,1.0215,0.454268,0.227426
168,energy_bin,"1-50 GeV",40292,1.007332,0.430105,0.217135
169,energy_bin,"1-50 GeV",40292,0.967578,0.421978,0.213678
170,energy_bin,"1-50 GeV",40292,1.007648,0.441968,0.222761
171,energy_bin,"1-50 GeV",40292,0.942061,0.459917,0.24049
172,energy_bin,"1-50 GeV",40292,1.0198,0.447623,0.231684
173,energy_bin,"1-50 GeV",40292,0.971782,0.398961,0.228612
174,energy_bin,"1-50 GeV",40292,1.012685,0.415492,0.226679
175,energy_bin,"1-50 GeV",40292,0.966854,0.417658,0.228292
176,energy_bin,"1-50 GeV",40292,0.948668,0.397089,0.231111
177,energy_bin,"1-50 GeV",40292,0.9365,0.383897,0.223756
178,energy_bin,"1-50 GeV",40292,0.99375,0.417787,0.220246
179,energy_bin,"1-50 GeV",40292,0.995921,0.420753,0.217175
180,energy_bin,"1-50 GeV",40292,0.998261,0.409427,0.216297
181,energy_bin,"1-50 GeV",40292,0.968118,0.401253,0.211418
182,energy_bin,"1-50 GeV",40292,0.987035,0.403215,0.214553
183,energy_bin,"1-50 GeV",40292,0.967095,0.394472,0.221244
184,energy_bin,"1-50 GeV",40292,0.978476,0.393364,0.209956
185,energy_bin,"1-50 GeV",40292,0.987588,0.394053,0.213087
186,energy_bin,"1-50 GeV",40292,1.007777,0.408277,0.214063
187,energy_bin,"1-50 GeV",40292,0.956095,0.438661,0.255825
188,energy_bin,"1-50 GeV",40292,1.064568,0.53517,0.266639
189,energy_bin,"1-50 GeV",40292,1.006257,0.504072,0.227546
190,energy_bin,"1-50 GeV",40292,0.994739,0.467864,0.224917
191,energy_bin,"1-50 GeV",40292,0.996461,0.505419,0.233465
192,energy_bin,"1-50 GeV",40292,0.949474,0.403918,0.244791
193,energy_bin,"1-50 GeV",40292,0.999603,0.402153,0.2176
194,energy_bin,"1-50 GeV",40292,1.02391,0.484573,0.223624
195,energy_bin,"1-50 GeV",40292,1.069547,0.79416,0.240174
196,energy_bin,"1-50 GeV",40292,0.963026,0.428945,0.227807
197,energy_bin,"1-50 GeV",40292,1.002652,0.669445,0.23061
198,energy_bin,"1-50 GeV",40292,1.005616,0.465145,0.227417
199,energy_bin,"1-50 GeV",40292,0.988905,0.580672,0.247043
200,energy_bin,"1-50 GeV",40292,1.02124,0.502082,0.224348
201,energy_bin,"1-50 GeV",40292,0.982846,0.48531,0.213056
202,energy_bin,"1-50 GeV",40292,1.083861,0.736206,0.230008
203,energy_bin,"1-50 GeV",40292,1.01834,0.503554,0.234169
204,energy_bin,"1-50 GeV",40292,1.047025,0.853596,0.228019
205,energy_bin,"1-50 GeV",40292,1.027027,0.660355,0.242429
206,energy_bin,"1-50 GeV",40292,0.901244,0.482269,0.308668
207,energy_bin,"1-50 GeV",40292,0.955091,0.467846,0.232694
208,energy_bin,"1-50 GeV",40292,0.982472,0.531729,0.266523
209,energy_bin,"1-50 GeV",40292,0.922525,0.40263,0.237644
210,energy_bin,"1-50 GeV",40292,0.991694,0.548596,0.234301
211,energy_bin,"1-50 GeV",40292,1.01257,0.521205,0.219948
212,energy_bin,"1-50 GeV",40292,0.93888,0.41758,0.209657
213,energy_bin,"1-50 GeV",40292,0.954871,0.484748,0.231885
214,energy_bin,"1-50 GeV",40292,0.965139,0.419463,0.211393
215,energy_bin,"1-50 GeV",40292,0.97584,0.429582,0.214886
216,energy_bin,"1-50 GeV",40292,0.975258,0.631482,0.221825
217,energy_bin,"1-50 GeV",40292,0.972746,0.58107,0.226891
218,energy_bin,"1-50 GeV",40292,0.993461,0.419787,0.206896
219,energy_bin,"1-50 GeV",40292,0.954976,0.401132,0.208986
220,energy_bin,"1-50 GeV",40292,0.958294,0.43252,0.211792
221,energy_bin,"1-50 GeV",40292,0.970445,0.420308,0.21988
222,energy_bin,"1-50 GeV",40292,1.012067,0.4232,0.204539
223,energy_bin,"1-50 GeV",40292,0.944064,0.380685,0.212076
224,energy_bin,"1-50 GeV",40292,0.977744,0.407472,0.204417
225,energy_bin,"1-50 GeV",40292,0.972543,0.463803,0.206507
226,energy_bin,"1-50 GeV",40292,0.95976,0.38871,0.199945
227,energy_bin,"1-50 GeV",40292,0.926851,0.51166,0.20929
228,energy_bin,"1-50 GeV",40292,0.983448,0.491281,0.198098
229,energy_bin,"1-50 GeV",40292,0.96528,0.515059,0.203223
230,energy_bin,"1-50 GeV",40292,0.965095,0.468293,0.201929
231,energy_bin,"1-50 GeV",40292,0.93784,0.44949,0.20517
232,energy_bin,"1-50 GeV",40292,0.926615,0.402937,0.200357
233,energy_bin,"1-50 GeV",40292,0.948066,0.4255,0.197566
234,energy_bin,"1-50 GeV",40292,0.961635,0.431811,0.193694
235,energy_bin,"1-50 GeV",40292,0.96945,0.407786,0.194639
236,energy_bin,"1-50 GeV",40292,0.96823,0.383933,0.191421
237,energy_bin,"1-50 GeV",40292,0.925991,0.398848,0.195051
238,energy_bin,"1-50 GeV",40292,0.946645,0.443896,0.192629
239,energy_bin,"1-50 GeV",40292,0.971134,0.557346,0.20943
240,energy_bin,"1-50 GeV",40292,1.014918,0.52584,0.203837
241,energy_bin,"1-50 GeV",40292,0.961905,0.563448,0.212218
242,energy_bin,"1-50 GeV",40292,0.958523,0.586737,0.20965
243,energy_bin,"1-50 GeV",40292,1.007356,0.435239,0.204911
244,energy_bin,"1-50 GeV",40292,1.032562,0.605972,0.197932
245,energy_bin,"1-50 GeV",40292,0.95412,0.427034,0.195012
246,energy_bin,"1-50 GeV",40292,0.950255,0.495504,0.217346
247,energy_bin,"1-50 GeV",40292,0.969135,0.438988,0.199748
248,energy_bin,"1-50 GeV",40292,0.946551,0.42649,0.212016
249,energy_bin,"1-50 GeV",40292,0.990072,0.619061,0.210056
250,energy_bin,"1-50 GeV",40292,0.99883,0.978658,0.240178
251,energy_bin,"1-50 GeV",40292,0.896413,0.508726,0.230518
252,energy_bin,"1-50 GeV",40292,0.870527,0.409326,0.201296
253,energy_bin,"1-50 GeV",40292,0.979471,0.529409,0.216597
254,energy_bin,"1-50 GeV",40292,0.928489,0.405171,0.201288
255,energy_bin,"1-50 GeV",40292,0.883479,0.374915,0.208227
256,energy_bin,"1-50 GeV",40292,0.977065,0.44393,0.20466
257,energy_bin,"1-50 GeV",40292,0.993639,0.455571,0.208133
258,energy_bin,"1-50 GeV",40292,0.966635,0.383047,0.208156
259,energy_bin,"1-50 GeV",40292,1.017473,0.494258,0.214507
260,energy_bin,"1-50 GeV",40292,0.963922,0.435072,0.207726
261,energy_bin,"1-50 GeV",40292,0.986631,0.412465,0.199412
262,energy_bin,"1-50 GeV",40292,0.993695,0.502791,0.196466
263,energy_bin,"1-50 GeV",40292,0.967299,0.597622,0.207899
264,energy_bin,"1-50 GeV",40292,0.917006,0.503856,0.215977
265,energy_bin,"1-50 GeV",40292,1.00315,0.497555,0.210825
266,energy_bin,"1-50 GeV",40292,1.018035,0.4627,0.19898
267,energy_bin,"1-50 GeV",40292,0.941816,0.416079,0.214606
268,energy_bin,"1-50 GeV",40292,1.010658,0.417138,0.201655
269,energy_bin,"1-50 GeV",40292,0.968821,0.445039,0.201464
270,energy_bin,"1-50 GeV",40292,0.943163,0.419784,0.196341
271,energy_bin,"1-50 GeV",40292,0.971908,0.382452,0.191564
272,energy_bin,"1-50 GeV",40292,0.966067,0.37689,0.188997
273,energy_bin,"1-50 GeV",40292,0.97128,0.380166,0.194716
274,energy_bin,"1-50 GeV",40292,0.965575,0.407527,0.194993
275,energy_bin,"1-50 GeV",40292,0.961792,0.367529,0.192538
276,energy_bin,"1-50 GeV",40292,0.950731,0.391987,0.202246
277,energy_bin,"1-50 GeV",40292,0.961515,0.398639,0.201547
278,energy_bin,"1-50 GeV",40292,0.965641,0.3775,0.192499
279,energy_bin,"1-50 GeV",40292,0.991551,0.394955,0.190788
280,energy_bin,"1-50 GeV",40292,0.938941,0.394191,0.19666
281,energy_bin,"1-50 GeV",40292,0.976763,0.378293,0.182278
282,energy_bin,"1-50 GeV",40292,0.958325,0.371896,0.188627
283,energy_bin,"1-50 GeV",40292,0.983654,0.390037,0.186836
284,energy_bin,"1-50 GeV",40292,0.975863,0.391214,0.185471
285,energy_bin,"1-50 GeV",40292,0.988684,0.383201,0.189996
286,energy_bin,"1-50 GeV",40292,0.980744,0.38814,0.185787
287,energy_bin,"1-50 GeV",40292,0.998204,0.404418,0.184646
288,energy_bin,"1-50 GeV",40292,0.944166,0.37439,0.194293
289,energy_bin,"1-50 GeV",40292,0.993626,0.399056,0.185798
290,energy_bin,"1-50 GeV",40292,0.982076,0.421202,0.19103
291,energy_bin,"1-50 GeV",40292,1.00149,0.398542,0.193291
292,energy_bin,"1-50 GeV",40292,0.989023,0.40198,0.184303
293,energy_bin,"1-50 GeV",40292,0.998704,0.395314,0.186432
294,energy_bin,"1-50 GeV",40292,0.966555,0.410572,0.191614
295,energy_bin,"1-50 GeV",40292,0.956978,0.389267,0.190893
296,energy_bin,"1-50 GeV",40292,1.063523,0.691828,0.202046
297,energy_bin,"1-50 GeV",40292,0.944439,0.401168,0.199743
298,energy_bin,"1-50 GeV",40292,1.005928,0.4189,0.195663
299,energy_bin,"1-50 GeV",40292,0.967055,0.362704,0.208161
300,energy_bin,"1-50 GeV",40292,0.956493,0.369204,0.19712
301,energy_bin,"1-50 GeV",40292,1.013931,0.399873,0.211951
302,energy_bin,"1-50 GeV",40292,0.977295,0.450315,0.211949
303,energy_bin,"1-50 GeV",40292,0.940742,0.404457,0.203019
304,energy_bin,"1-50 GeV",40292,0.988059,0.427847,0.201823
305,energy_bin,"1-50 GeV",40292,0.943371,0.373492,0.198578
306,energy_bin,"1-50 GeV",40292,1.010636,0.411502,0.214248
307,energy_bin,"1-50 GeV",40292,1.018967,0.418676,0.19702
308,energy_bin,"1-50 GeV",40292,0.951709,0.482988,0.23576
309,energy_bin,"1-50 GeV",40292,1.013222,0.471099,0.195304
310,energy_bin,"1-50 GeV",40292,0.987678,0.380853,0.198649
311,energy_bin,"1-50 GeV",40292,0.98209,0.464975,0.204897
312,energy_bin,"1-50 GeV",40292,0.980617,0.59966,0.189957
313,energy_bin,"1-50 GeV",40292,0.924409,0.357647,0.207989
314,energy_bin,"1-50 GeV",40292,0.964668,0.398764,0.207446
315,energy_bin,"1-50 GeV",40292,1.014064,0.471971,0.189993
316,energy_bin,"1-50 GeV",40292,0.96237,0.410015,0.187045
317,energy_bin,"1-50 GeV",40292,0.975749,0.402977,0.191991
318,energy_bin,"1-50 GeV",40292,0.984199,0.366657,0.193581
319,energy_bin,"1-50 GeV",40292,0.977174,0.370698,0.194222
320,energy_bin,"1-50 GeV",40292,1.005252,0.451726,0.20052
321,energy_bin,"1-50 GeV",40292,0.973842,0.400113,0.201039
322,energy_bin,"1-50 GeV",40292,0.983004,0.793292,0.196648
323,energy_bin,"1-50 GeV",40292,0.987294,0.368055,0.193782
324,energy_bin,"1-50 GeV",40292,0.966349,0.376238,0.188798
325,energy_bin,"1-50 GeV",40292,0.909896,0.396175,0.188965
326,energy_bin,"1-50 GeV",40292,1.007865,0.48302,0.202472
327,energy_bin,"1-50 GeV",40292,1.018685,0.461004,0.190196
328,energy_bin,"1-50 GeV",40292,0.947618,0.448286,0.185762
329,energy_bin,"1-50 GeV",40292,0.960807,0.45401,0.187375
330,energy_bin,"1-50 GeV",40292,0.971765,0.741096,0.19938
331,energy_bin,"1-50 GeV",40292,0.964623,0.625919,0.234481
332,energy_bin,"1-50 GeV",40292,0.903891,0.463344,0.193832
333,energy_bin,"1-50 GeV",40292,0.955319,0.514659,0.187616
334,energy_bin,"1-50 GeV",40292,0.930405,0.593553,0.182811
335,energy_bin,"1-50 GeV",40292,0.943316,0.634158,0.192492
336,energy_bin,"1-50 GeV",40292,0.975028,0.639844,0.186361
337,energy_bin,"1-50 GeV",40292,0.956946,0.665034,0.179444
338,energy_bin,"1-50 GeV",40292,0.939809,0.608562,0.183887
339,energy_bin,"1-50 GeV",40292,0.965878,0.393773,0.179988
340,energy_bin,"1-50 GeV",40292,0.938809,0.521166,0.184772
341,energy_bin,"1-50 GeV",40292,0.970441,0.474616,0.187942
342,energy_bin,"1-50 GeV",40292,0.964156,0.689043,0.216159
343,energy_bin,"1-50 GeV",40292,0.941851,0.789058,0.176346
344,energy_bin,"1-50 GeV",40292,0.943008,0.637549,0.185206
345,energy_bin,"1-50 GeV",40292,0.948976,0.554825,0.178852
346,energy_bin,"1-50 GeV",40292,0.956185,0.75099,0.183634
347,energy_bin,"1-50 GeV",40292,0.959887,0.62022,0.18578
348,energy_bin,"1-50 GeV",40292,0.95155,0.556709,0.198332
349,energy_bin,"1-50 GeV",40292,0.919553,0.585326,0.191846
350,energy_bin,"1-50 GeV",40292,0.941742,0.50332,0.185609
351,energy_bin,"1-50 GeV",40292,0.959597,0.61977,0.187894
352,energy_bin,"1-50 GeV",40292,0.960561,0.592014,0.179842
353,energy_bin,"1-50 GeV",40292,0.940617,0.693473,0.189718
354,energy_bin,"1-50 GeV",40292,0.952866,0.814263,0.181485
355,energy_bin,"1-50 GeV",40292,0.919721,0.683587,0.217053
356,energy_bin,"1-50 GeV",40292,0.989752,0.617549,0.240114
357,energy_bin,"1-50 GeV",40292,0.935463,0.347108,0.187392
358,energy_bin,"1-50 GeV",40292,0.960726,0.548123,0.193526
359,energy_bin,"1-50 GeV",40292,0.91422,0.422823,0.189906
360,energy_bin,"1-50 GeV",40292,0.942108,0.444059,0.196177
361,energy_bin,"1-50 GeV",40292,0.918897,0.458072,0.187606
362,energy_bin,"1-50 GeV",40292,0.958415,0.435275,0.187145
363,energy_bin,"1-50 GeV",40292,0.961315,0.485621,0.212042
364,energy_bin,"1-50 GeV",40292,0.958778,0.434171,0.18852
365,energy_bin,"1-50 GeV",40292,0.966522,0.438792,0.184607
366,energy_bin,"1-50 GeV",40292,0.968016,0.577333,0.192014
367,energy_bin,"1-50 GeV",40292,0.949953,0.391234,0.196048
368,energy_bin,"1-50 GeV",40292,0.935506,0.433129,0.179678
369,energy_bin,"1-50 GeV",40292,0.96445,0.419214,0.18158
370,energy_bin,"1-50 GeV",40292,0.898788,0.36489,0.184843
371,energy_bin,"1-50 GeV",40292,1.001297,0.412541,0.190347
372,energy_bin,"1-50 GeV",40292,0.961063,0.396102,0.180371
373,energy_bin,"1-50 GeV",40292,0.977302,0.404859,0.187599
374,energy_bin,"1-50 GeV",40292,0.97031,0.476968,0.185293
375,energy_bin,"1-50 GeV",40292,0.960065,0.400942,0.192171
376,energy_bin,"1-50 GeV",40292,0.944391,0.39308,0.185933
377,energy_bin,"1-50 GeV",40292,0.932545,0.728608,0.187782
378,energy_bin,"1-50 GeV",40292,0.982414,0.508543,0.188109
379,energy_bin,"1-50 GeV",40292,0.953012,0.384436,0.185506
380,energy_bin,"1-50 GeV",40292,0.959704,0.418703,0.188684
381,energy_bin,"1-50 GeV",40292,0.935643,0.371024,0.182536
382,energy_bin,"1-50 GeV",40292,0.961743,0.396746,0.189966
383,energy_bin,"1-50 GeV",40292,0.930302,0.413457,0.1901
384,energy_bin,"1-50 GeV",40292,0.961486,0.41207,0.187536
385,energy_bin,"1-50 GeV",40292,0.911736,0.384952,0.188971
386,energy_bin,"1-50 GeV",40292,0.949593,0.374925,0.188068
387,energy_bin,"1-50 GeV",40292,0.929072,0.379478,0.190396
388,energy_bin,"1-50 GeV",40292,0.947708,0.426894,0.193311
389,energy_bin,"1-50 GeV",40292,0.926248,0.384723,0.184478
390,energy_bin,"1-50 GeV",40292,0.928823,0.375585,0.186263
391,energy_bin,"1-50 GeV",40292,0.962812,0.442225,0.179813
392,energy_bin,"1-50 GeV",40292,0.988725,0.367273,0.193691
393,energy_bin,"1-50 GeV",40292,0.980734,0.375843,0.18391
394,energy_bin,"1-50 GeV",40292,0.974287,0.395622,0.182409
395,energy_bin,"1-50 GeV",40292,0.897287,0.376499,0.181903
396,energy_bin,"1-50 GeV",40292,0.905999,0.391839,0.185108
397,energy_bin,"1-50 GeV",40292,0.89683,0.3813,0.191794
398,energy_bin,"1-50 GeV",40292,0.943425,0.388294,0.184517
399,energy_bin,"1-50 GeV",40292,0.873149,0.388389,0.196564
400,energy_bin,"1-50 GeV",40292,0.963632,0.402104,0.186844
401,energy_bin,"1-50 GeV",40292,0.965324,0.422218,0.18544
402,energy_bin,"1-50 GeV",40292,0.921715,0.398597,0.181664
403,energy_bin,"1-50 GeV",40292,0.972377,0.461127,0.184917
404,energy_bin,"1-50 GeV",40292,0.958988,0.427671,0.177905
405,energy_bin,"1-50 GeV",40292,0.969814,0.431973,0.190393
406,energy_bin,"1-50 GeV",40292,0.946738,0.422149,0.182986
407,energy_bin,"1-50 GeV",40292,0.905694,0.415436,0.186237
408,energy_bin,"1-50 GeV",40292,0.967294,0.433982,0.185296
409,energy_bin,"1-50 GeV",40292,0.978119,0.400598,0.18343
410,energy_bin,"1-50 GeV",40292,0.950559,0.392985,0.181397
411,energy_bin,"1-50 GeV",40292,0.948176,0.495078,0.181087
412,energy_bin,"1-50 GeV",40292,0.954064,0.404471,0.178737
413,energy_bin,"1-50 GeV",40292,0.938361,0.425255,0.188032
414,energy_bin,"1-50 GeV",40292,0.905399,0.401045,0.192687
415,energy_bin,"1-50 GeV",40292,0.909907,0.401999,0.181318
416,energy_bin,"1-50 GeV",40292,0.908949,0.503454,0.185083
417,energy_bin,"1-50 GeV",40292,0.950309,0.432196,0.180045
418,energy_bin,"1-50 GeV",40292,0.961709,0.482668,0.187369
419,energy_bin,"1-50 GeV",40292,0.982409,0.392663,0.180973
420,energy_bin,"1-50 GeV",40292,0.981137,0.400794,0.181471
421,energy_bin,"1-50 GeV",40292,0.982699,0.416908,0.183862
422,energy_bin,"1-50 GeV",40292,0.836582,0.47526,0.237029
423,energy_bin,"1-50 GeV",40292,0.962706,0.433509,0.180542
424,energy_bin,"1-50 GeV",40292,0.919964,0.425996,0.185145
425,energy_bin,"1-50 GeV",40292,0.964956,0.416325,0.181056
426,energy_bin,"1-50 GeV",40292,0.978366,0.451628,0.180867
427,energy_bin,"1-50 GeV",40292,0.96801,0.390533,0.178732
428,energy_bin,"1-50 GeV",40292,0.948312,0.480929,0.181342
429,energy_bin,"1-50 GeV",40292,0.938247,0.646018,0.179013
430,energy_bin,"1-50 GeV",40292,0.969828,0.437514,0.177562
431,energy_bin,"1-50 GeV",40292,0.961287,0.472663,0.181284
432,energy_bin,"1-50 GeV",40292,0.977263,0.396856,0.181209
433,energy_bin,"1-50 GeV",40292,0.974029,0.434296,0.190794
434,energy_bin,"1-50 GeV",40292,0.937059,0.409878,0.191212
435,energy_bin,"1-50 GeV",40292,0.951792,0.408304,0.187595
436,energy_bin,"1-50 GeV",40292,0.978736,0.399778,0.179019
437,energy_bin,"1-50 GeV",40292,0.958502,0.436514,0.177168
438,energy_bin,"1-50 GeV",40292,0.923828,0.38963,0.182317
439,energy_bin,"1-50 GeV",40292,1.018117,0.448628,0.20575
440,energy_bin,"1-50 GeV",40292,0.973729,0.39171,0.18652
441,energy_bin,"1-50 GeV",40292,0.937857,0.354021,0.183879
442,energy_bin,"1-50 GeV",40292,0.961461,0.449348,0.18231
443,energy_bin,"1-50 GeV",40292,0.960051,0.42945,0.177481
444,energy_bin,"1-50 GeV",40292,0.93552,0.402539,0.17916
445,energy_bin,"1-50 GeV",40292,0.95188,0.464145,0.175522
446,energy_bin,"1-50 GeV",40292,0.999651,0.420549,0.179086
447,energy_bin,"1-50 GeV",40292,0.962001,0.436351,0.184272
448,energy_bin,"1-50 GeV",40292,0.930911,0.378272,0.172419
449,energy_bin,"1-50 GeV",40292,0.98485,0.407077,0.176712
450,energy_bin,"1-50 GeV",40292,0.902282,0.395651,0.18061
451,energy_bin,"1-50 GeV",40292,0.891586,0.391219,0.187231
452,energy_bin,"1-50 GeV",40292,0.95335,0.496797,0.171961
453,energy_bin,"1-50 GeV",40292,0.990296,0.397156,0.174902
454,energy_bin,"1-50 GeV",40292,0.926685,0.396491,0.173569
455,energy_bin,"1-50 GeV",40292,0.934724,0.375747,0.170748
456,energy_bin,"1-50 GeV",40292,0.947638,0.354347,0.175229
457,energy_bin,"1-50 GeV",40292,0.938555,0.485345,0.180488
458,energy_bin,"1-50 GeV",40292,0.93139,0.34665,0.171967
459,energy_bin,"1-50 GeV",40292,0.891663,0.374675,0.181794
460,energy_bin,"1-50 GeV",40292,0.937274,0.434745,0.186815
461,energy_bin,"1-50 GeV",40292,0.959775,0.389862,0.177873
462,energy_bin,"1-50 GeV",40292,0.950054,0.369084,0.174303
463,energy_bin,"1-50 GeV",40292,0.96713,0.350716,0.173606
464,energy_bin,"1-50 GeV",40292,0.909805,0.336328,0.176496
465,energy_bin,"1-50 GeV",40292,0.96343,0.366251,0.175178
466,energy_bin,"1-50 GeV",40292,0.93298,0.373536,0.177302
467,energy_bin,"1-50 GeV",40292,0.864449,0.389687,0.198064
468,energy_bin,"1-50 GeV",40292,0.943503,0.370467,0.176821
469,energy_bin,"1-50 GeV",40292,0.939905,0.385932,0.176897
470,energy_bin,"1-50 GeV",40292,0.936849,0.339037,0.17431
471,energy_bin,"1-50 GeV",40292,0.966368,0.367182,0.176635
472,energy_bin,"1-50 GeV",40292,0.917422,0.356845,0.178623
473,energy_bin,"1-50 GeV",40292,0.940226,0.371341,0.173639
474,energy_bin,"1-50 GeV",40292,0.953973,0.409551,0.185158
475,energy_bin,"1-50 GeV",40292,0.915599,0.343902,0.178146
476,energy_bin,"1-50 GeV",40292,0.939328,0.362235,0.181473
477,energy_bin,"1-50 GeV",40292,0.906239,0.349471,0.177601
478,energy_bin,"1-50 GeV",40292,0.979099,0.350292,0.17633
479,energy_bin,"1-50 GeV",40292,0.902829,0.374432,0.182194
480,energy_bin,"1-50 GeV",40292,0.937616,0.410337,0.175313
481,energy_bin,"1-50 GeV",40292,0.986098,0.370741,0.176228
482,energy_bin,"1-50 GeV",40292,0.970481,0.363829,0.172768
483,energy_bin,"1-50 GeV",40292,0.931584,0.370056,0.175427
484,energy_bin,"1-50 GeV",40292,0.96239,0.387975,0.17439
485,energy_bin,"1-50 GeV",40292,0.916516,0.350687,0.17699
486,energy_bin,"1-50 GeV",40292,0.955376,0.359974,0.173514
487,energy_bin,"1-50 GeV",40292,0.902515,0.369054,0.177969
488,energy_bin,"1-50 GeV",40292,0.931266,0.38248,0.180366
489,energy_bin,"1-50 GeV",40292,0.942013,0.365209,0.176
490,energy_bin,"1-50 GeV",40292,0.947231,0.388384,0.174577
491,energy_bin,"1-50 GeV",40292,0.973902,0.396248,0.175921
492,energy_bin,"1-50 GeV",40292,0.956005,0.378237,0.174029
493,energy_bin,"1-50 GeV",40292,0.960363,0.369616,0.178321
494,energy_bin,"1-50 GeV",40292,0.982596,0.382397,0.175361
495,energy_bin,"1-50 GeV",40292,0.979088,0.373666,0.172853
496,energy_bin,"1-50 GeV",40292,0.968955,0.362324,0.17321
497,energy_bin,"1-50 GeV",40292,0.981274,0.359723,0.173838
498,energy_bin,"1-50 GeV",40292,0.968562,0.37598,0.17893
499,energy_bin,"1-50 GeV",40292,0.956142,0.360186,0.176657
0,energy_bin,"50-150 GeV",23832,4.729567,4.571928,3.854575
1,energy_bin,"50-150 GeV",23832,4.881258,4.742445,4.009448
2,energy_bin,"50-150 GeV",23832,0.945929,0.135235,0.064419
3,energy_bin,"50-150 GeV",23832,0.9634,0.132643,0.066787
4,energy_bin,"50-150 GeV",23832,1.001414,0.151001,0.084978
5,energy_bin,"50-150 GeV",23832,0.965426,0.147428,0.087643
6,energy_bin,"50-150 GeV",23832,0.919833,0.1341,0.069321
7,energy_bin,"50-150 GeV",23832,0.868887,0.127346,0.067818
8,energy_bin,"50-150 GeV",23832,0.967132,0.152573,0.096657
9,energy_bin,"50-150 GeV",23832,0.931042,0.155955,0.095279
10,energy_bin,"50-150 GeV",23832,1.002106,0.168059,0.114267
11,energy_bin,"50-150 GeV",23832,0.992814,0.14372,0.081386
12,energy_bin,"50-150 GeV",23832,0.975715,0.140458,0.073508
13,energy_bin,"50-150 GeV",23832,0.936193,0.129786,0.065647
14,energy_bin,"50-150 GeV",23832,0.897363,0.135071,0.074457
15,energy_bin,"50-150 GeV",23832,0.945276,0.138174,0.073088
16,energy_bin,"50-150 GeV",23832,1.016065,0.141065,0.071718
17,energy_bin,"50-150 GeV",23832,0.971665,0.135642,0.068297
18,energy_bin,"50-150 GeV",23832,0.953195,0.128769,0.062162
19,energy_bin,"50-150 GeV",23832,0.967365,0.132449,0.066825
20,energy_bin,"50-150 GeV",23832,0.953743,0.133424,0.067804
21,energy_bin,"50-150 GeV",23832,0.935309,0.127621,0.06497
22,energy_bin,"50-150 GeV",23832,0.937644,0.12551,0.061939
23,energy_bin,"50-150 GeV",23832,0.945555,0.128989,0.066328
24,energy_bin,"50-150 GeV",23832,0.928549,0.123276,0.060709
25,energy_bin,"50-150 GeV",23832,0.935896,0.123631,0.060059
26,energy_bin,"50-150 GeV",23832,0.93609,0.124528,0.061058
27,energy_bin,"50-150 GeV",23832,0.943707,0.122846,0.056095
28,energy_bin,"50-150 GeV",23832,0.930907,0.124029,0.060328
29,energy_bin,"50-150 GeV",23832,0.951377,0.125023,0.057776
30,energy_bin,"50-150 GeV",23832,0.917214,0.145375,0.084755
31,energy_bin,"50-150 GeV",23832,0.931754,0.143869,0.084891
32,energy_bin,"50-150 GeV",23832,0.973348,0.155021,0.089739
33,energy_bin,"50-150 GeV",23832,0.852092,0.160136,0.106852
34,energy_bin,"50-150 GeV",23832,0.890214,0.187621,0.133943
35,energy_bin,"50-150 GeV",23832,0.931943,0.14467,0.084403
36,energy_bin,"50-150 GeV",23832,0.807949,0.130194,0.073994
37,energy_bin,"50-150 GeV",23832,0.883472,0.140514,0.083246
38,energy_bin,"50-150 GeV",23832,0.832797,0.142291,0.087941
39,energy_bin,"50-150 GeV",23832,0.991968,0.187777,0.118138
40,energy_bin,"50-150 GeV",23832,0.796612,0.133333,0.080746
41,energy_bin,"50-150 GeV",23832,0.869732,0.223888,0.123419
42,energy_bin,"50-150 GeV",23832,0.931203,0.168899,0.104429
43,energy_bin,"50-150 GeV",23832,0.808258,0.14713,0.094231
44,energy_bin,"50-150 GeV",23832,0.861346,0.153728,0.096016
45,energy_bin,"50-150 GeV",23832,0.919653,0.139337,0.075565
46,energy_bin,"50-150 GeV",23832,0.819194,0.152,0.094118
47,energy_bin,"50-150 GeV",23832,0.900193,0.148923,0.0848
48,energy_bin,"50-150 GeV",23832,0.803577,0.172088,0.119303
49,energy_bin,"50-150 GeV",23832,0.898017,0.135661,0.073192
50,energy_bin,"50-150 GeV",23832,0.919015,0.1406,0.076368
51,energy_bin,"50-150 GeV",23832,0.950547,0.135956,0.072961
52,energy_bin,"50-150 GeV",23832,0.95906,0.136188,0.069552
53,energy_bin,"50-150 GeV",23832,0.90823,0.13655,0.07378
54,energy_bin,"50-150 GeV",23832,0.899833,0.132416,0.072412
55,energy_bin,"50-150 GeV",23832,0.908915,0.136844,0.079025
56,energy_bin,"50-150 GeV",23832,0.925084,0.136531,0.072153
57,energy_bin,"50-150 GeV",23832,0.90321,0.128032,0.06463
58,energy_bin,"50-150 GeV",23832,0.916537,0.131727,0.067134
59,energy_bin,"50-150 GeV",23832,0.928376,0.130206,0.064676
60,energy_bin,"50-150 GeV",23832,0.902053,0.129402,0.066794
61,energy_bin,"50-150 GeV",23832,0.912287,0.135352,0.071358
62,energy_bin,"50-150 GeV",23832,0.960049,0.136849,0.069717
63,energy_bin,"50-150 GeV",23832,0.916666,0.164779,0.101131
64,energy_bin,"50-150 GeV",23832,0.819688,0.131181,0.075085
65,energy_bin,"50-150 GeV",23832,0.945048,0.161661,0.094485
66,energy_bin,"50-150 GeV",23832,0.834887,0.151835,0.091894
67,energy_bin,"50-150 GeV",23832,0.935993,0.235549,0.159256
68,energy_bin,"50-150 GeV",23832,0.795652,0.150203,0.100407
69,energy_bin,"50-150 GeV",23832,0.895698,0.172239,0.116134
70,energy_bin,"50-150 GeV",23832,0.824903,0.299134,0.150226
71,energy_bin,"50-150 GeV",23832,0.769501,0.169576,0.116042
72,energy_bin,"50-150 GeV",23832,0.822645,0.18098,0.120152
73,energy_bin,"50-150 GeV",23832,0.703363,0.201771,0.15062
74,energy_bin,"50-150 GeV",23832,0.864328,0.172469,0.112496
75,energy_bin,"50-150 GeV",23832,0.83892,0.159744,0.103269
76,energy_bin,"50-150 GeV",23832,0.891179,0.16939,0.099698
77,energy_bin,"50-150 GeV",23832,0.836344,0.157148,0.095306
78,energy_bin,"50-150 GeV",23832,0.859773,0.167241,0.101088
79,energy_bin,"50-150 GeV",23832,0.880851,0.226699,0.146849
80,energy_bin,"50-150 GeV",23832,0.967143,0.203635,0.118665
81,energy_bin,"50-150 GeV",23832,0.887062,0.178284,0.111376
82,energy_bin,"50-150 GeV",23832,0.907701,0.243272,0.173556
83,energy_bin,"50-150 GeV",23832,0.814559,0.154603,0.096052
84,energy_bin,"50-150 GeV",23832,0.927442,0.176285,0.108932
85,energy_bin,"50-150 GeV",23832,0.881754,0.146899,0.083918
86,energy_bin,"50-150 GeV",23832,0.907782,0.15317,0.087877
87,energy_bin,"50-150 GeV",23832,0.876439,0.150543,0.090789
88,energy_bin,"50-150 GeV",23832,0.900369,0.142134,0.079158
89,energy_bin,"50-150 GeV",23832,0.908654,0.151675,0.086277
90,energy_bin,"50-150 GeV",23832,0.912351,0.147503,0.080688
91,energy_bin,"50-150 GeV",23832,0.952059,0.164255,0.09522
92,energy_bin,"50-150 GeV",23832,0.910244,0.142888,0.076359
93,energy_bin,"50-150 GeV",23832,0.913696,0.141465,0.073294
94,energy_bin,"50-150 GeV",23832,0.863835,0.136552,0.072541
95,energy_bin,"50-150 GeV",23832,0.875582,0.14475,0.085137
96,energy_bin,"50-150 GeV",23832,0.902864,0.135661,0.069885
97,energy_bin,"50-150 GeV",23832,0.887504,0.135565,0.069714
98,energy_bin,"50-150 GeV",23832,0.878535,0.134129,0.068799
99,energy_bin,"50-150 GeV",23832,0.880432,0.138173,0.075852
100,energy_bin,"50-150 GeV",23832,0.740124,0.155847,0.112564
101,energy_bin,"50-150 GeV",23832,0.920621,0.224917,0.141433
102,energy_bin,"50-150 GeV",23832,0.851366,0.169424,0.119974
103,energy_bin,"50-150 GeV",23832,0.838667,0.191795,0.10983
104,energy_bin,"50-150 GeV",23832,0.918302,0.17845,0.122041
105,energy_bin,"50-150 GeV",23832,0.890157,0.154775,0.095385
106,energy_bin,"50-150 GeV",23832,0.708328,0.156616,0.112015
107,energy_bin,"50-150 GeV",23832,0.926184,0.182886,0.115924
108,energy_bin,"50-150 GeV",23832,0.81332,0.17459,0.115843
109,energy_bin,"50-150 GeV",23832,0.681076,0.231242,0.184479
110,energy_bin,"50-150 GeV",23832,0.910002,0.17314,0.108762
111,energy_bin,"50-150 GeV",23832,0.934795,0.204554,0.136479
112,energy_bin,"50-150 GeV",23832,0.957218,0.224562,0.163213
113,energy_bin,"50-150 GeV",23832,0.848678,0.171741,0.114912
114,energy_bin,"50-150 GeV",23832,0.938775,0.162249,0.098725
115,energy_bin,"50-150 GeV",23832,0.846075,0.189337,0.12954
116,energy_bin,"50-150 GeV",23832,0.955223,0.195656,0.118614
117,energy_bin,"50-150 GeV",23832,0.871186,0.182245,0.11846
118,energy_bin,"50-150 GeV",23832,0.844041,0.225291,0.168496
119,energy_bin,"50-150 GeV",23832,0.953379,0.227261,0.131128
120,energy_bin,"50-150 GeV",23832,0.77058,0.182916,0.12943
121,energy_bin,"50-150 GeV",23832,0.858279,0.149853,0.089537
122,energy_bin,"50-150 GeV",23832,0.904271,0.162325,0.098484
123,energy_bin,"50-150 GeV",23832,0.875611,0.155044,0.093797
124,energy_bin,"50-150 GeV",23832,0.888789,0.171145,0.100503
125,energy_bin,"50-150 GeV",23832,0.91772,0.154949,0.087773
126,energy_bin,"50-150 GeV",23832,0.939554,0.162632,0.096958
127,energy_bin,"50-150 GeV",23832,0.927977,0.176969,0.1122
128,energy_bin,"50-150 GeV",23832,0.92733,0.152429,0.08774
129,energy_bin,"50-150 GeV",23832,0.871989,0.15203,0.090927
130,energy_bin,"50-150 GeV",23832,0.867579,0.156753,0.097619
131,energy_bin,"50-150 GeV",23832,0.869523,0.143925,0.08185
132,energy_bin,"50-150 GeV",23832,0.924006,0.168207,0.085295
133,energy_bin,"50-150 GeV",23832,0.928608,0.151146,0.083689
134,energy_bin,"50-150 GeV",23832,0.895974,0.149255,0.083117
135,energy_bin,"50-150 GeV",23832,0.919359,0.150845,0.084919
136,energy_bin,"50-150 GeV",23832,0.899486,0.149746,0.087193
137,energy_bin,"50-150 GeV",23832,0.930548,0.155257,0.088939
138,energy_bin,"50-150 GeV",23832,0.921916,0.146131,0.080588
139,energy_bin,"50-150 GeV",23832,0.925816,0.147974,0.080042
140,energy_bin,"50-150 GeV",23832,0.873861,0.145563,0.085304
141,energy_bin,"50-150 GeV",23832,0.954468,0.214816,0.138714
142,energy_bin,"50-150 GeV",23832,0.818466,0.155378,0.09876
143,energy_bin,"50-150 GeV",23832,0.841936,0.164984,0.108498
144,energy_bin,"50-150 GeV",23832,0.847372,0.183455,0.120927
145,energy_bin,"50-150 GeV",23832,0.811001,0.1755,0.124284
146,energy_bin,"50-150 GeV",23832,0.930324,0.210678,0.139733
147,energy_bin,"50-150 GeV",23832,0.884113,0.179748,0.119573
148,energy_bin,"50-150 GeV",23832,0.862088,0.197286,0.142051
149,energy_bin,"50-150 GeV",23832,0.725275,0.24239,0.202733
150,energy_bin,"50-150 GeV",23832,0.909293,0.190009,0.118571
151,energy_bin,"50-150 GeV",23832,0.860112,0.185984,0.12682
152,energy_bin,"50-150 GeV",23832,0.782734,0.157782,0.109684
153,energy_bin,"50-150 GeV",23832,0.942173,0.246151,0.173743
154,energy_bin,"50-150 GeV",23832,0.916968,0.189737,0.125661
155,energy_bin,"50-150 GeV",23832,0.942021,0.191812,0.123984
156,energy_bin,"50-150 GeV",23832,0.849711,0.183722,0.12807
157,energy_bin,"50-150 GeV",23832,0.869083,0.175435,0.115312
158,energy_bin,"50-150 GeV",23832,0.915371,0.185514,0.117874
159,energy_bin,"50-150 GeV",23832,0.933857,0.181449,0.112732
160,energy_bin,"50-150 GeV",23832,0.885475,0.179342,0.113705
161,energy_bin,"50-150 GeV",23832,0.724848,0.297208,0.263087
162,energy_bin,"50-150 GeV",23832,0.881378,0.165981,0.1056
163,energy_bin,"50-150 GeV",23832,0.84966,0.172985,0.114588
164,energy_bin,"50-150 GeV",23832,0.846697,0.185086,0.129146
165,energy_bin,"50-150 GeV",23832,0.882687,0.199521,0.144881
166,energy_bin,"50-150 GeV",23832,0.892643,0.174505,0.117913
167,energy_bin,"50-150 GeV",23832,0.860591,0.165265,0.108309
168,energy_bin,"50-150 GeV",23832,0.822327,0.187968,0.138709
169,energy_bin,"50-150 GeV",23832,0.770486,0.179553,0.138099
170,energy_bin,"50-150 GeV",23832,0.807532,0.198919,0.156019
171,energy_bin,"50-150 GeV",23832,0.62974,0.213515,0.178605
172,energy_bin,"50-150 GeV",23832,0.858152,0.181737,0.12733
173,energy_bin,"50-150 GeV",23832,0.741791,0.215458,0.177372
174,energy_bin,"50-150 GeV",23832,0.820945,0.177457,0.127359
175,energy_bin,"50-150 GeV",23832,0.847646,0.16752,0.111595
176,energy_bin,"50-150 GeV",23832,0.789116,0.217805,0.179339
177,energy_bin,"50-150 GeV",23832,0.769545,0.213653,0.173922
178,energy_bin,"50-150 GeV",23832,0.858768,0.163106,0.10583
179,energy_bin,"50-150 GeV",23832,0.86341,0.171245,0.118695
180,energy_bin,"50-150 GeV",23832,0.88432,0.162364,0.105452
181,energy_bin,"50-150 GeV",23832,0.82511,0.174215,0.124989
182,energy_bin,"50-150 GeV",23832,0.854063,0.168949,0.116672
183,energy_bin,"50-150 GeV",23832,0.775068,0.191609,0.144822
184,energy_bin,"50-150 GeV",23832,0.849982,0.175845,0.125119
185,energy_bin,"50-150 GeV",23832,0.831326,0.186332,0.138573
186,energy_bin,"50-150 GeV",23832,0.83645,0.177266,0.125929
187,energy_bin,"50-150 GeV",23832,0.817564,0.194688,0.140517
188,energy_bin,"50-150 GeV",23832,0.877822,0.267926,0.192515
189,energy_bin,"50-150 GeV",23832,0.821508,0.173542,0.118418
190,energy_bin,"50-150 GeV",23832,0.848882,0.192883,0.14404
191,energy_bin,"50-150 GeV",23832,0.873026,0.163793,0.105127
192,energy_bin,"50-150 GeV",23832,0.762242,0.238996,0.203561
193,energy_bin,"50-150 GeV",23832,0.826935,0.171211,0.120877
194,energy_bin,"50-150 GeV",23832,0.861529,0.161131,0.104267
195,energy_bin,"50-150 GeV",23832,0.936045,0.187638,0.119208
196,energy_bin,"50-150 GeV",23832,0.719746,0.191583,0.150596
197,energy_bin,"50-150 GeV",23832,0.809074,0.177895,0.122494
198,energy_bin,"50-150 GeV",23832,0.86042,0.181599,0.13004
199,energy_bin,"50-150 GeV",23832,0.795792,0.183307,0.125435
200,energy_bin,"50-150 GeV",23832,0.941339,0.175683,0.111301
201,energy_bin,"50-150 GeV",23832,0.879852,0.176339,0.1102
202,energy_bin,"50-150 GeV",23832,0.939369,0.174054,0.103359
203,energy_bin,"50-150 GeV",23832,0.838456,0.17972,0.118758
204,energy_bin,"50-150 GeV",23832,0.905567,0.183396,0.119054
205,energy_bin,"50-150 GeV",23832,0.909392,0.178236,0.110675
206,energy_bin,"50-150 GeV",23832,0.659997,0.272054,0.204842
207,energy_bin,"50-150 GeV",23832,0.795744,0.235076,0.150009
208,energy_bin,"50-150 GeV",23832,0.81518,0.214496,0.141978
209,energy_bin,"50-150 GeV",23832,0.792771,0.208528,0.130528
210,energy_bin,"50-150 GeV",23832,0.830985,0.193906,0.109715
211,energy_bin,"50-150 GeV",23832,0.850472,0.184505,0.113061
212,energy_bin,"50-150 GeV",23832,0.775012,0.179538,0.115699
213,energy_bin,"50-150 GeV",23832,0.801485,0.173784,0.113741
214,energy_bin,"50-150 GeV",23832,0.847036,0.165539,0.111791
215,energy_bin,"50-150 GeV",23832,0.806858,0.196921,0.128865
216,energy_bin,"50-150 GeV",23832,0.820821,0.188261,0.135008
217,energy_bin,"50-150 GeV",23832,0.783117,0.200373,0.14144
218,energy_bin,"50-150 GeV",23832,0.877797,0.165394,0.096038
219,energy_bin,"50-150 GeV",23832,0.798041,0.211113,0.139807
220,energy_bin,"50-150 GeV",23832,0.814756,0.185193,0.114676
221,energy_bin,"50-150 GeV",23832,0.851913,0.186256,0.128954
222,energy_bin,"50-150 GeV",23832,0.910561,0.15939,0.098643
223,energy_bin,"50-150 GeV",23832,0.825788,0.183789,0.131082
224,energy_bin,"50-150 GeV",23832,0.876655,0.167675,0.108122
225,energy_bin,"50-150 GeV",23832,0.857599,0.1645,0.110985
226,energy_bin,"50-150 GeV",23832,0.873594,0.16083,0.105201
227,energy_bin,"50-150 GeV",23832,0.781711,0.186519,0.133543
228,energy_bin,"50-150 GeV",23832,0.888067,0.154839,0.098498
229,energy_bin,"50-150 GeV",23832,0.865164,0.163767,0.112684
230,energy_bin,"50-150 GeV",23832,0.841666,0.161335,0.109789
231,energy_bin,"50-150 GeV",23832,0.806193,0.163002,0.112328
232,energy_bin,"50-150 GeV",23832,0.818132,0.168659,0.110166
233,energy_bin,"50-150 GeV",23832,0.83276,0.165785,0.10189
234,energy_bin,"50-150 GeV",23832,0.873371,0.154932,0.098109
235,energy_bin,"50-150 GeV",23832,0.872012,0.158407,0.102799
236,energy_bin,"50-150 GeV",23832,0.86416,0.15235,0.098187
237,energy_bin,"50-150 GeV",23832,0.817245,0.157191,0.103091
238,energy_bin,"50-150 GeV",23832,0.838959,0.160975,0.095955
239,energy_bin,"50-150 GeV",23832,0.918878,0.167809,0.105702
240,energy_bin,"50-150 GeV",23832,0.866703,0.15342,0.096367
241,energy_bin,"50-150 GeV",23832,0.858754,0.166594,0.108762
242,energy_bin,"50-150 GeV",23832,0.874672,0.161668,0.109465
243,energy_bin,"50-150 GeV",23832,0.907521,0.15452,0.08749
244,energy_bin,"50-150 GeV",23832,0.928921,0.161754,0.092263
245,energy_bin,"50-150 GeV",23832,0.835896,0.157692,0.105369
246,energy_bin,"50-150 GeV",23832,0.82083,0.181233,0.135183
247,energy_bin,"50-150 GeV",23832,0.89577,0.149283,0.086119
248,energy_bin,"50-150 GeV",23832,0.81856,0.145415,0.091352
249,energy_bin,"50-150 GeV",23832,0.910725,0.156444,0.09522
250,energy_bin,"50-150 GeV",23832,0.776578,0.159585,0.11302
251,energy_bin,"50-150 GeV",23832,0.688828,0.175343,0.135544
252,energy_bin,"50-150 GeV",23832,0.691531,0.196027,0.15888
253,energy_bin,"50-150 GeV",23832,0.881091,0.157686,0.100064
254,energy_bin,"50-150 GeV",23832,0.859751,0.169071,0.103379
255,energy_bin,"50-150 GeV",23832,0.706694,0.196755,0.160006
256,energy_bin,"50-150 GeV",23832,0.841713,0.172366,0.119611
257,energy_bin,"50-150 GeV",23832,0.872278,0.157408,0.102888
258,energy_bin,"50-150 GeV",23832,0.885062,0.190534,0.138185
259,energy_bin,"50-150 GeV",23832,0.871171,0.168429,0.113073
260,energy_bin,"50-150 GeV",23832,0.839502,0.162643,0.111365
261,energy_bin,"50-150 GeV",23832,0.888585,0.15085,0.092807
262,energy_bin,"50-150 GeV",23832,0.896664,0.149519,0.089286
263,energy_bin,"50-150 GeV",23832,0.809125,0.158105,0.110437
264,energy_bin,"50-150 GeV",23832,0.79624,0.175623,0.133837
265,energy_bin,"50-150 GeV",23832,0.893747,0.154048,0.093438
266,energy_bin,"50-150 GeV",23832,0.94297,0.156876,0.09227
267,energy_bin,"50-150 GeV",23832,0.835607,0.143936,0.087624
268,energy_bin,"50-150 GeV",23832,0.922737,0.160872,0.099604
269,energy_bin,"50-150 GeV",23832,0.894338,0.164797,0.105001
270,energy_bin,"50-150 GeV",23832,0.842812,0.148516,0.091777
271,energy_bin,"50-150 GeV",23832,0.877989,0.149633,0.090547
272,energy_bin,"50-150 GeV",23832,0.864708,0.150999,0.09048
273,energy_bin,"50-150 GeV",23832,0.86827,0.149983,0.09309
274,energy_bin,"50-150 GeV",23832,0.844878,0.158105,0.105115
275,energy_bin,"50-150 GeV",23832,0.839371,0.154513,0.099346
276,energy_bin,"50-150 GeV",23832,0.791839,0.151111,0.100525
277,energy_bin,"50-150 GeV",23832,0.850803,0.151336,0.101233
278,energy_bin,"50-150 GeV",23832,0.850194,0.144948,0.087357
279,energy_bin,"50-150 GeV",23832,0.878204,0.143052,0.083301
280,energy_bin,"50-150 GeV",23832,0.848079,0.14723,0.094571
281,energy_bin,"50-150 GeV",23832,0.903137,0.164698,0.09594
282,energy_bin,"50-150 GeV",23832,0.878531,0.14441,0.083528
283,energy_bin,"50-150 GeV",23832,0.905549,0.150466,0.086833
284,energy_bin,"50-150 GeV",23832,0.899587,0.149106,0.086261
285,energy_bin,"50-150 GeV",23832,0.936632,0.15174,0.085974
286,energy_bin,"50-150 GeV",23832,0.906926,0.151874,0.086928
287,energy_bin,"50-150 GeV",23832,0.920064,0.149508,0.083748
288,energy_bin,"50-150 GeV",23832,0.822817,0.143591,0.087058
289,energy_bin,"50-150 GeV",23832,0.91163,0.147,0.083397
290,energy_bin,"50-150 GeV",23832,0.890684,0.15097,0.088564
291,energy_bin,"50-150 GeV",23832,0.91833,0.1471,0.082524
292,energy_bin,"50-150 GeV",23832,0.917921,0.148276,0.08353
293,energy_bin,"50-150 GeV",23832,0.92662,0.150504,0.086139
294,energy_bin,"50-150 GeV",23832,0.840053,0.146004,0.088727
295,energy_bin,"50-150 GeV",23832,0.873351,0.147297,0.088571
296,energy_bin,"50-150 GeV",23832,0.921535,0.145003,0.081829
297,energy_bin,"50-150 GeV",23832,0.858876,0.150026,0.091934
298,energy_bin,"50-150 GeV",23832,0.934533,0.153365,0.087832
299,energy_bin,"50-150 GeV",23832,0.829837,0.147067,0.09168
300,energy_bin,"50-150 GeV",23832,0.829388,0.160786,0.107358
301,energy_bin,"50-150 GeV",23832,0.918894,0.154602,0.093578
302,energy_bin,"50-150 GeV",23832,0.839108,0.142111,0.084736
303,energy_bin,"50-150 GeV",23832,0.824372,0.138954,0.084024
304,energy_bin,"50-150 GeV",23832,0.891348,0.152458,0.091461
305,energy_bin,"50-150 GeV",23832,0.876683,0.157998,0.095815
306,energy_bin,"50-150 GeV",23832,0.880864,0.147492,0.088311
307,energy_bin,"50-150 GeV",23832,0.920723,0.156497,0.096623
308,energy_bin,"50-150 GeV",23832,0.781961,0.150152,0.098862
309,energy_bin,"50-150 GeV",23832,0.932934,0.155217,0.090752
310,energy_bin,"50-150 GeV",23832,0.896967,0.149524,0.087818
311,energy_bin,"50-150 GeV",23832,0.8775,0.147584,0.088868
312,energy_bin,"50-150 GeV",23832,0.917827,0.149526,0.086035
313,energy_bin,"50-150 GeV",23832,0.814294,0.149743,0.099939
314,energy_bin,"50-150 GeV",23832,0.867655,0.147338,0.089968
315,energy_bin,"50-150 GeV",23832,0.943434,0.151984,0.085205
316,energy_bin,"50-150 GeV",23832,0.885688,0.142767,0.082358
317,energy_bin,"50-150 GeV",23832,0.900396,0.154431,0.092443
318,energy_bin,"50-150 GeV",23832,0.930081,0.155467,0.094078
319,energy_bin,"50-150 GeV",23832,0.895263,0.14922,0.088807
320,energy_bin,"50-150 GeV",23832,0.897553,0.152095,0.089387
321,energy_bin,"50-150 GeV",23832,0.887704,0.149657,0.090825
322,energy_bin,"50-150 GeV",23832,0.854071,0.149998,0.092315
323,energy_bin,"50-150 GeV",23832,0.908652,0.149557,0.086187
324,energy_bin,"50-150 GeV",23832,0.859215,0.146234,0.088567
325,energy_bin,"50-150 GeV",23832,0.756332,0.144593,0.091466
326,energy_bin,"50-150 GeV",23832,0.864826,0.151964,0.090091
327,energy_bin,"50-150 GeV",23832,0.92655,0.151401,0.085837
328,energy_bin,"50-150 GeV",23832,0.823863,0.141835,0.085821
329,energy_bin,"50-150 GeV",23832,0.822069,0.139567,0.083217
330,energy_bin,"50-150 GeV",23832,0.799242,0.141418,0.088319
331,energy_bin,"50-150 GeV",23832,0.709313,0.141519,0.09612
332,energy_bin,"50-150 GeV",23832,0.768484,0.143942,0.093892
333,energy_bin,"50-150 GeV",23832,0.821866,0.137014,0.081624
334,energy_bin,"50-150 GeV",23832,0.81808,0.144036,0.089868
335,energy_bin,"50-150 GeV",23832,0.819376,0.138894,0.082645
336,energy_bin,"50-150 GeV",23832,0.834629,0.138864,0.083516
337,energy_bin,"50-150 GeV",23832,0.860931,0.142329,0.081975
338,energy_bin,"50-150 GeV",23832,0.840843,0.150555,0.092532
339,energy_bin,"50-150 GeV",23832,0.856325,0.142731,0.084645
340,energy_bin,"50-150 GeV",23832,0.817084,0.140055,0.084622
341,energy_bin,"50-150 GeV",23832,0.907479,0.150208,0.083987
342,energy_bin,"50-150 GeV",23832,0.777277,0.138836,0.087116
343,energy_bin,"50-150 GeV",23832,0.833873,0.139564,0.081915
344,energy_bin,"50-150 GeV",23832,0.814717,0.138887,0.082412
345,energy_bin,"50-150 GeV",23832,0.863705,0.141,0.081057
346,energy_bin,"50-150 GeV",23832,0.838818,0.139926,0.08099
347,energy_bin,"50-150 GeV",23832,0.868875,0.146103,0.084538
348,energy_bin,"50-150 GeV",23832,0.793786,0.137477,0.083598
349,energy_bin,"50-150 GeV",23832,0.762709,0.142328,0.092286
350,energy_bin,"50-150 GeV",23832,0.870776,0.144957,0.083218
351,energy_bin,"50-150 GeV",23832,0.893054,0.148133,0.083163
352,energy_bin,"50-150 GeV",23832,0.864847,0.142732,0.081783
353,energy_bin,"50-150 GeV",23832,0.818342,0.142642,0.085394
354,energy_bin,"50-150 GeV",23832,0.829766,0.136968,0.079317
355,energy_bin,"50-150 GeV",23832,0.713417,0.133733,0.086922
356,energy_bin,"50-150 GeV",23832,0.768392,0.136535,0.084456
357,energy_bin,"50-150 GeV",23832,0.821767,0.139193,0.081793
358,energy_bin,"50-150 GeV",23832,0.85285,0.142798,0.084287
359,energy_bin,"50-150 GeV",23832,0.766771,0.129595,0.077856
360,energy_bin,"50-150 GeV",23832,0.79986,0.133212,0.079585
361,energy_bin,"50-150 GeV",23832,0.772262,0.131518,0.080671
362,energy_bin,"50-150 GeV",23832,0.870749,0.142991,0.082141
363,energy_bin,"50-150 GeV",23832,0.7871,0.138581,0.086121
364,energy_bin,"50-150 GeV",23832,0.847202,0.152093,0.094928
365,energy_bin,"50-150 GeV",23832,0.883582,0.146782,0.087352
366,energy_bin,"50-150 GeV",23832,0.834005,0.147891,0.090367
367,energy_bin,"50-150 GeV",23832,0.866625,0.152823,0.088085
368,energy_bin,"50-150 GeV",23832,0.840283,0.145989,0.085829
369,energy_bin,"50-150 GeV",23832,0.880207,0.149831,0.089463
370,energy_bin,"50-150 GeV",23832,0.782495,0.143861,0.092157
371,energy_bin,"50-150 GeV",23832,0.946031,0.156523,0.088944
372,energy_bin,"50-150 GeV",23832,0.866114,0.141141,0.080919
373,energy_bin,"50-150 GeV",23832,0.907643,0.150524,0.086368
374,energy_bin,"50-150 GeV",23832,0.906086,0.149405,0.086155
375,energy_bin,"50-150 GeV",23832,0.881098,0.14781,0.091485
376,energy_bin,"50-150 GeV",23832,0.876905,0.144881,0.079843
377,energy_bin,"50-150 GeV",23832,0.807602,0.143048,0.088851
378,energy_bin,"50-150 GeV",23832,0.90917,0.14791,0.081987
379,energy_bin,"50-150 GeV",23832,0.870994,0.145413,0.083517
380,energy_bin,"50-150 GeV",23832,0.882845,0.143917,0.081203
381,energy_bin,"50-150 GeV",23832,0.883833,0.144943,0.082476
382,energy_bin,"50-150 GeV",23832,0.866495,0.145014,0.083327
383,energy_bin,"50-150 GeV",23832,0.85198,0.139659,0.080809
384,energy_bin,"50-150 GeV",23832,0.913554,0.146748,0.086587
385,energy_bin,"50-150 GeV",23832,0.84637,0.139762,0.081142
386,energy_bin,"50-150 GeV",23832,0.881823,0.141254,0.079303
387,energy_bin,"50-150 GeV",23832,0.843142,0.138099,0.081956
388,energy_bin,"50-150 GeV",23832,0.837762,0.144347,0.086637
389,energy_bin,"50-150 GeV",23832,0.819498,0.137488,0.079817
390,energy_bin,"50-150 GeV",23832,0.833519,0.139861,0.080737
391,energy_bin,"50-150 GeV",23832,0.864889,0.142734,0.082435
392,energy_bin,"50-150 GeV",23832,0.924684,0.147731,0.082965
393,energy_bin,"50-150 GeV",23832,0.921465,0.14598,0.080843
394,energy_bin,"50-150 GeV",23832,0.899942,0.144725,0.080772
395,energy_bin,"50-150 GeV",23832,0.797301,0.136918,0.081627
396,energy_bin,"50-150 GeV",23832,0.816816,0.14468,0.087924
397,energy_bin,"50-150 GeV",23832,0.760553,0.146254,0.097737
398,energy_bin,"50-150 GeV",23832,0.883815,0.142459,0.080103
399,energy_bin,"50-150 GeV",23832,0.75832,0.143712,0.09186
400,energy_bin,"50-150 GeV",23832,0.92068,0.142803,0.076948
401,energy_bin,"50-150 GeV",23832,0.915133,0.144787,0.080201
402,energy_bin,"50-150 GeV",23832,0.853903,0.140518,0.079092
403,energy_bin,"50-150 GeV",23832,0.879675,0.144347,0.081437
404,energy_bin,"50-150 GeV",23832,0.891327,0.143624,0.079102
405,energy_bin,"50-150 GeV",23832,0.916903,0.145542,0.083373
406,energy_bin,"50-150 GeV",23832,0.892707,0.141296,0.07792
407,energy_bin,"50-150 GeV",23832,0.806985,0.136835,0.080415
408,energy_bin,"50-150 GeV",23832,0.906223,0.141975,0.077762
409,energy_bin,"50-150 GeV",23832,0.92238,0.142557,0.076166
410,energy_bin,"50-150 GeV",23832,0.888743,0.141788,0.076864
411,energy_bin,"50-150 GeV",23832,0.848687,0.144096,0.082988
412,energy_bin,"50-150 GeV",23832,0.878247,0.141397,0.077939
413,energy_bin,"50-150 GeV",23832,0.841407,0.144941,0.089581
414,energy_bin,"50-150 GeV",23832,0.772922,0.149412,0.097472
415,energy_bin,"50-150 GeV",23832,0.805648,0.136437,0.079253
416,energy_bin,"50-150 GeV",23832,0.774854,0.1402,0.088733
417,energy_bin,"50-150 GeV",23832,0.877154,0.141181,0.078149
418,energy_bin,"50-150 GeV",23832,0.898825,0.140382,0.078451
419,energy_bin,"50-150 GeV",23832,0.916681,0.143539,0.076526
420,energy_bin,"50-150 GeV",23832,0.924635,0.143718,0.077811
421,energy_bin,"50-150 GeV",23832,0.918827,0.141994,0.076594
422,energy_bin,"50-150 GeV",23832,0.727772,0.188367,0.155807
423,energy_bin,"50-150 GeV",23832,0.888832,0.140323,0.076244
424,energy_bin,"50-150 GeV",23832,0.815581,0.139708,0.082393
425,energy_bin,"50-150 GeV",23832,0.871235,0.144066,0.081579
426,energy_bin,"50-150 GeV",23832,0.918863,0.142976,0.076015
427,energy_bin,"50-150 GeV",23832,0.913295,0.143314,0.076396
428,energy_bin,"50-150 GeV",23832,0.860427,0.137655,0.07631
429,energy_bin,"50-150 GeV",23832,0.834331,0.137953,0.07899
430,energy_bin,"50-150 GeV",23832,0.892687,0.150534,0.086293
431,energy_bin,"50-150 GeV",23832,0.837335,0.139452,0.081481
432,energy_bin,"50-150 GeV",23832,0.897755,0.140274,0.075822
433,energy_bin,"50-150 GeV",23832,0.88193,0.143481,0.083219
434,energy_bin,"50-150 GeV",23832,0.830919,0.154119,0.093707
435,energy_bin,"50-150 GeV",23832,0.819164,0.147874,0.092588
436,energy_bin,"50-150 GeV",23832,0.887743,0.141719,0.079524
437,energy_bin,"50-150 GeV",23832,0.866927,0.144381,0.083863
438,energy_bin,"50-150 GeV",23832,0.806293,0.165184,0.107261
439,energy_bin,"50-150 GeV",23832,0.872231,0.152848,0.090939
440,energy_bin,"50-150 GeV",23832,0.845406,0.146132,0.085184
441,energy_bin,"50-150 GeV",23832,0.819969,0.144602,0.084628
442,energy_bin,"50-150 GeV",23832,0.860819,0.140016,0.08092
443,energy_bin,"50-150 GeV",23832,0.873355,0.152778,0.0905
444,energy_bin,"50-150 GeV",23832,0.826036,0.137946,0.079632
445,energy_bin,"50-150 GeV",23832,0.861409,0.141,0.08172
446,energy_bin,"50-150 GeV",23832,0.910675,0.138622,0.074342
447,energy_bin,"50-150 GeV",23832,0.870087,0.135163,0.076777
448,energy_bin,"50-150 GeV",23832,0.82498,0.130306,0.072535
449,energy_bin,"50-150 GeV",23832,0.876539,0.137255,0.073237
450,energy_bin,"50-150 GeV",23832,0.783962,0.125811,0.071864
451,energy_bin,"50-150 GeV",23832,0.787585,0.152525,0.099741
452,energy_bin,"50-150 GeV",23832,0.871011,0.135549,0.073497
453,energy_bin,"50-150 GeV",23832,0.919811,0.137832,0.070786
454,energy_bin,"50-150 GeV",23832,0.843588,0.134983,0.076112
455,energy_bin,"50-150 GeV",23832,0.853774,0.130183,0.068459
456,energy_bin,"50-150 GeV",23832,0.865217,0.132009,0.070993
457,energy_bin,"50-150 GeV",23832,0.83773,0.130782,0.072579
458,energy_bin,"50-150 GeV",23832,0.850969,0.136375,0.075618
459,energy_bin,"50-150 GeV",23832,0.789811,0.134099,0.079578
460,energy_bin,"50-150 GeV",23832,0.832606,0.138895,0.081196
461,energy_bin,"50-150 GeV",23832,0.894904,0.132063,0.069092
462,energy_bin,"50-150 GeV",23832,0.873477,0.139995,0.079412
463,energy_bin,"50-150 GeV",23832,0.911981,0.136319,0.069322
464,energy_bin,"50-150 GeV",23832,0.841498,0.133089,0.072809
465,energy_bin,"50-150 GeV",23832,0.906736,0.132924,0.067525
466,energy_bin,"50-150 GeV",23832,0.869679,0.133663,0.071662
467,energy_bin,"50-150 GeV",23832,0.779223,0.17207,0.114592
468,energy_bin,"50-150 GeV",23832,0.887144,0.131945,0.069669
469,energy_bin,"50-150 GeV",23832,0.885335,0.135105,0.074256
470,energy_bin,"50-150 GeV",23832,0.865786,0.132894,0.070787
471,energy_bin,"50-150 GeV",23832,0.914464,0.13243,0.067194
472,energy_bin,"50-150 GeV",23832,0.847244,0.132111,0.07108
473,energy_bin,"50-150 GeV",23832,0.867685,0.139647,0.077427
474,energy_bin,"50-150 GeV",23832,0.905094,0.150132,0.083531
475,energy_bin,"50-150 GeV",23832,0.861869,0.156684,0.093779
476,energy_bin,"50-150 GeV",23832,0.846414,0.132002,0.071821
477,energy_bin,"50-150 GeV",23832,0.854521,0.175785,0.108896
478,energy_bin,"50-150 GeV",23832,0.916805,0.134695,0.068291
479,energy_bin,"50-150 GeV",23832,0.843591,0.140377,0.079507
480,energy_bin,"50-150 GeV",23832,0.867789,0.136381,0.074542
481,energy_bin,"50-150 GeV",23832,0.924613,0.133322,0.065941
482,energy_bin,"50-150 GeV",23832,0.903652,0.133016,0.066279
483,energy_bin,"50-150 GeV",23832,0.858846,0.142581,0.081
484,energy_bin,"50-150 GeV",23832,0.908844,0.139438,0.072465
485,energy_bin,"50-150 GeV",23832,0.862858,0.149053,0.085201
486,energy_bin,"50-150 GeV",23832,0.900237,0.138145,0.072579
487,energy_bin,"50-150 GeV",23832,0.813806,0.138666,0.081431
488,energy_bin,"50-150 GeV",23832,0.827547,0.136651,0.077616
489,energy_bin,"50-150 GeV",23832,0.878461,0.133263,0.071145
490,energy_bin,"50-150 GeV",23832,0.865411,0.138904,0.076889
491,energy_bin,"50-150 GeV",23832,0.906885,0.132492,0.06626
492,energy_bin,"50-150 GeV",23832,0.894244,0.133781,0.069465
493,energy_bin,"50-150 GeV",23832,0.895862,0.134458,0.072703
494,energy_bin,"50-150 GeV",23832,0.933033,0.137495,0.070282
495,energy_bin,"50-150 GeV",23832,0.929244,0.138621,0.070243
496,energy_bin,"50-150 GeV",23832,0.912361,0.134131,0.067769
497,energy_bin,"50-150 GeV",23832,0.930664,0.137563,0.069536
498,energy_bin,"50-150 GeV",23832,0.899507,0.134137,0.070559
499,energy_bin,"50-150 GeV",23832,0.890323,0.130978,0.066401
0,energy_bin,">150 GeV",68,4.078222,4.216551,3.641522
1,energy_bin,">150 GeV",68,4.214376,4.420077,3.769755
2,energy_bin,">150 GeV",68,0.899203,0.085402,0.052347
3,energy_bin,">150 GeV",68,0.931093,0.095125,0.067874
4,energy_bin,">150 GeV",68,0.948454,0.11909,0.09673
5,energy_bin,">150 GeV",68,0.92208,0.094789,0.070477
6,energy_bin,">150 GeV",68,0.879156,0.095758,0.068322
7,energy_bin,">150 GeV",68,0.853122,0.09571,0.06595
8,energy_bin,">150 GeV",68,0.915843,0.116558,0.091448
9,energy_bin,">150 GeV",68,0.85039,0.150344,0.126143
10,energy_bin,">150 GeV",68,0.969803,0.135934,0.118932
11,energy_bin,">150 GeV",68,0.932477,0.124992,0.102733
12,energy_bin,">150 GeV",68,0.925137,0.117141,0.091345
13,energy_bin,">150 GeV",68,0.891087,0.101103,0.072748
14,energy_bin,">150 GeV",68,0.867354,0.104257,0.079287
15,energy_bin,">150 GeV",68,0.897671,0.094809,0.066774
16,energy_bin,">150 GeV",68,0.977598,0.091211,0.072259
17,energy_bin,">150 GeV",68,0.936605,0.093143,0.069278
18,energy_bin,">150 GeV",68,0.923898,0.1013,0.069754
19,energy_bin,">150 GeV",68,0.918296,0.104551,0.083651
20,energy_bin,">150 GeV",68,0.915544,0.086335,0.050581
21,energy_bin,">150 GeV",68,0.899062,0.090592,0.070827
22,energy_bin,">150 GeV",68,0.901976,0.087243,0.062682
23,energy_bin,">150 GeV",68,0.908652,0.088249,0.065289
24,energy_bin,">150 GeV",68,0.892305,0.086274,0.063544
25,energy_bin,">150 GeV",68,0.900624,0.086546,0.066325
26,energy_bin,">150 GeV",68,0.892964,0.086994,0.066252
27,energy_bin,">150 GeV",68,0.915514,0.082819,0.054185
28,energy_bin,">150 GeV",68,0.906083,0.086167,0.05411
29,energy_bin,">150 GeV",68,0.91867,0.08415,0.05234
30,energy_bin,">150 GeV",68,0.871899,0.099539,0.074918
31,energy_bin,">150 GeV",68,0.907609,0.118362,0.091854
32,energy_bin,">150 GeV",68,0.911669,0.111567,0.087031
33,energy_bin,">150 GeV",68,0.799567,0.092428,0.070975
34,energy_bin,">150 GeV",68,0.876959,0.148328,0.124309
35,energy_bin,">150 GeV",68,0.860722,0.104244,0.078012
36,energy_bin,">150 GeV",68,0.775001,0.091529,0.075695
37,energy_bin,">150 GeV",68,0.844271,0.103645,0.085001
38,energy_bin,">150 GeV",68,0.735645,0.103142,0.081931
39,energy_bin,">150 GeV",68,0.915397,0.108177,0.075776
40,energy_bin,">150 GeV",68,0.714952,0.107215,0.08902
41,energy_bin,">150 GeV",68,0.783956,0.102608,0.080513
42,energy_bin,">150 GeV",68,0.868357,0.09595,0.071059
43,energy_bin,">150 GeV",68,0.753854,0.133922,0.113044
44,energy_bin,">150 GeV",68,0.794071,0.116921,0.085935
45,energy_bin,">150 GeV",68,0.865789,0.092116,0.066289
46,energy_bin,">150 GeV",68,0.770107,0.105967,0.084941
47,energy_bin,">150 GeV",68,0.840357,0.089671,0.068425
48,energy_bin,">150 GeV",68,0.776453,0.12707,0.103702
49,energy_bin,">150 GeV",68,0.832468,0.105247,0.085021
50,energy_bin,">150 GeV",68,0.843933,0.09095,0.063919
51,energy_bin,">150 GeV",68,0.903497,0.096069,0.069015
52,energy_bin,">150 GeV",68,0.906517,0.087542,0.063598
53,energy_bin,">150 GeV",68,0.844398,0.097737,0.066903
54,energy_bin,">150 GeV",68,0.831995,0.100723,0.079951
55,energy_bin,">150 GeV",68,0.846514,0.106381,0.082142
56,energy_bin,">150 GeV",68,0.869329,0.083005,0.058522
57,energy_bin,">150 GeV",68,0.850898,0.08626,0.059774
58,energy_bin,">150 GeV",68,0.870811,0.084982,0.061092
59,energy_bin,">150 GeV",68,0.89598,0.085125,0.058679
60,energy_bin,">150 GeV",68,0.849441,0.091193,0.067676
61,energy_bin,">150 GeV",68,0.855329,0.089932,0.066064
62,energy_bin,">150 GeV",68,0.906398,0.081361,0.054474
63,energy_bin,">150 GeV",68,0.859229,0.099454,0.070481
64,energy_bin,">150 GeV",68,0.787385,0.097251,0.063343
65,energy_bin,">150 GeV",68,0.888378,0.117021,0.087594
66,energy_bin,">150 GeV",68,0.777573,0.149876,0.112429
67,energy_bin,">150 GeV",68,0.831496,0.112093,0.084735
68,energy_bin,">150 GeV",68,0.75135,0.139222,0.100904
69,energy_bin,">150 GeV",68,0.80809,0.147053,0.122844
70,energy_bin,">150 GeV",68,0.735557,0.229268,0.145782
71,energy_bin,">150 GeV",68,0.681056,0.188741,0.148262
72,energy_bin,">150 GeV",68,0.74902,0.172078,0.142908
73,energy_bin,">150 GeV",68,0.622979,0.210258,0.187584
74,energy_bin,">150 GeV",68,0.780461,0.149414,0.120528
75,energy_bin,">150 GeV",68,0.781368,0.105897,0.078819
76,energy_bin,">150 GeV",68,0.813082,0.115881,0.092624
77,energy_bin,">150 GeV",68,0.775533,0.104997,0.083311
78,energy_bin,">150 GeV",68,0.757537,0.096022,0.076208
79,energy_bin,">150 GeV",68,0.803428,0.110416,0.085869
80,energy_bin,">150 GeV",68,0.876035,0.124564,0.093595
81,energy_bin,">150 GeV",68,0.815988,0.094125,0.071089
82,energy_bin,">150 GeV",68,0.869549,0.219631,0.175299
83,energy_bin,">150 GeV",68,0.777958,0.088928,0.066927
84,energy_bin,">150 GeV",68,0.859354,0.092058,0.069168
85,energy_bin,">150 GeV",68,0.838884,0.08678,0.05381
86,energy_bin,">150 GeV",68,0.864993,0.089807,0.059083
87,energy_bin,">150 GeV",68,0.838288,0.096805,0.073699
88,energy_bin,">150 GeV",68,0.847489,0.09371,0.070178
89,energy_bin,">150 GeV",68,0.842874,0.102875,0.078706
90,energy_bin,">150 GeV",68,0.862081,0.097211,0.064929
91,energy_bin,">150 GeV",68,0.889901,0.081355,0.055905
92,energy_bin,">150 GeV",68,0.874305,0.085936,0.052535
93,energy_bin,">150 GeV",68,0.874893,0.076802,0.054375
94,energy_bin,">150 GeV",68,0.828792,0.076954,0.055449
95,energy_bin,">150 GeV",68,0.831963,0.089087,0.069284
96,energy_bin,">150 GeV",68,0.874044,0.076474,0.052772
97,energy_bin,">150 GeV",68,0.855097,0.07347,0.049147
98,energy_bin,">150 GeV",68,0.853439,0.075139,0.053228
99,energy_bin,">150 GeV",68,0.850348,0.079971,0.057626
100,energy_bin,">150 GeV",68,0.677132,0.158339,0.132097
101,energy_bin,">150 GeV",68,0.78723,0.097326,0.074811
102,energy_bin,">150 GeV",68,0.820657,0.12682,0.103796
103,energy_bin,">150 GeV",68,0.74277,0.179968,0.130648
104,energy_bin,">150 GeV",68,0.847946,0.145967,0.118364
105,energy_bin,">150 GeV",68,0.820216,0.121397,0.097855
106,energy_bin,">150 GeV",68,0.706139,0.1268,0.104403
107,energy_bin,">150 GeV",68,0.858958,0.167319,0.109419
108,energy_bin,">150 GeV",68,0.748758,0.119684,0.098469
109,energy_bin,">150 GeV",68,0.664557,0.186059,0.154654
110,energy_bin,">150 GeV",68,0.872044,0.132087,0.10268
111,energy_bin,">150 GeV",68,0.848731,0.154486,0.110877
112,energy_bin,">150 GeV",68,0.926701,0.192453,0.167247
113,energy_bin,">150 GeV",68,0.806559,0.137687,0.121698
114,energy_bin,">150 GeV",68,0.883735,0.132013,0.098711
115,energy_bin,">150 GeV",68,0.762299,0.151539,0.108726
116,energy_bin,">150 GeV",68,0.863236,0.1211,0.092164
117,energy_bin,">150 GeV",68,0.770574,0.126279,0.095298
118,energy_bin,">150 GeV",68,0.724923,0.139691,0.111502
119,energy_bin,">150 GeV",68,0.861468,0.217083,0.124955
120,energy_bin,">150 GeV",68,0.69542,0.160735,0.123885
121,energy_bin,">150 GeV",68,0.802926,0.100972,0.069297
122,energy_bin,">150 GeV",68,0.826253,0.093,0.06682
123,energy_bin,">150 GeV",68,0.820242,0.096778,0.074654
124,energy_bin,">150 GeV",68,0.84308,0.112657,0.084148
125,energy_bin,">150 GeV",68,0.851403,0.106931,0.073806
126,energy_bin,">150 GeV",68,0.85981,0.098833,0.0647
127,energy_bin,">150 GeV",68,0.839789,0.133474,0.096439
128,energy_bin,">150 GeV",68,0.861596,0.092691,0.065474
129,energy_bin,">150 GeV",68,0.829793,0.111182,0.076261
130,energy_bin,">150 GeV",68,0.81452,0.101633,0.074021
131,energy_bin,">150 GeV",68,0.820205,0.095847,0.064584
132,energy_bin,">150 GeV",68,0.859773,0.105132,0.075835
133,energy_bin,">150 GeV",68,0.872396,0.101627,0.072431
134,energy_bin,">150 GeV",68,0.830431,0.101664,0.079016
135,energy_bin,">150 GeV",68,0.852194,0.101992,0.070898
136,energy_bin,">150 GeV",68,0.823045,0.106459,0.072469
137,energy_bin,">150 GeV",68,0.850596,0.099151,0.066619
138,energy_bin,">150 GeV",68,0.862219,0.101015,0.069348
139,energy_bin,">150 GeV",68,0.861526,0.097514,0.064695
140,energy_bin,">150 GeV",68,0.822587,0.11686,0.089332
141,energy_bin,">150 GeV",68,0.866159,0.18472,0.12409
142,energy_bin,">150 GeV",68,0.7876,0.103823,0.072099
143,energy_bin,">150 GeV",68,0.780552,0.133421,0.099983
144,energy_bin,">150 GeV",68,0.783125,0.114295,0.088687
145,energy_bin,">150 GeV",68,0.826086,0.124033,0.098877
146,energy_bin,">150 GeV",68,0.856639,0.142238,0.102689
147,energy_bin,">150 GeV",68,0.839014,0.149565,0.106302
148,energy_bin,">150 GeV",68,0.7737,0.190291,0.150124
149,energy_bin,">150 GeV",68,0.689282,0.23939,0.21689
150,energy_bin,">150 GeV",68,0.811412,0.114428,0.083334
151,energy_bin,">150 GeV",68,0.772232,0.10174,0.083491
152,energy_bin,">150 GeV",68,0.747525,0.132252,0.104154
153,energy_bin,">150 GeV",68,0.854743,0.213196,0.175278
154,energy_bin,">150 GeV",68,0.851378,0.167069,0.130734
155,energy_bin,">150 GeV",68,0.8904,0.149872,0.112517
156,energy_bin,">150 GeV",68,0.803131,0.170727,0.146664
157,energy_bin,">150 GeV",68,0.803419,0.150813,0.126382
158,energy_bin,">150 GeV",68,0.850422,0.165097,0.133594
159,energy_bin,">150 GeV",68,0.871408,0.147229,0.108385
160,energy_bin,">150 GeV",68,0.835162,0.125713,0.082527
161,energy_bin,">150 GeV",68,0.698011,0.266921,0.242239
162,energy_bin,">150 GeV",68,0.817243,0.130826,0.103428
163,energy_bin,">150 GeV",68,0.779406,0.148071,0.118623
164,energy_bin,">150 GeV",68,0.764644,0.199372,0.181877
165,energy_bin,">150 GeV",68,0.807103,0.19102,0.155064
166,energy_bin,">150 GeV",68,0.832995,0.153706,0.132637
167,energy_bin,">150 GeV",68,0.801123,0.1435,0.104161
168,energy_bin,">150 GeV",68,0.725097,0.187641,0.166972
169,energy_bin,">150 GeV",68,0.678313,0.195109,0.171685
170,energy_bin,">150 GeV",68,0.737298,0.215134,0.18954
171,energy_bin,">150 GeV",68,0.560693,0.241219,0.219571
172,energy_bin,">150 GeV",68,0.804423,0.165107,0.142463
173,energy_bin,">150 GeV",68,0.664169,0.230736,0.215228
174,energy_bin,">150 GeV",68,0.743927,0.166788,0.147455
175,energy_bin,">150 GeV",68,0.806651,0.135068,0.112529
176,energy_bin,">150 GeV",68,0.720422,0.225879,0.205102
177,energy_bin,">150 GeV",68,0.705826,0.219923,0.197666
178,energy_bin,">150 GeV",68,0.801238,0.13299,0.11239
179,energy_bin,">150 GeV",68,0.807438,0.155437,0.127475
180,energy_bin,">150 GeV",68,0.841161,0.136455,0.111362
181,energy_bin,">150 GeV",68,0.763827,0.171603,0.150636
182,energy_bin,">150 GeV",68,0.803396,0.156432,0.133174
183,energy_bin,">150 GeV",68,0.695943,0.187222,0.161914
184,energy_bin,">150 GeV",68,0.792578,0.177073,0.150658
185,energy_bin,">150 GeV",68,0.766172,0.185565,0.161178
186,energy_bin,">150 GeV",68,0.761402,0.171115,0.143203
187,energy_bin,">150 GeV",68,0.793287,0.171194,0.137678
188,energy_bin,">150 GeV",68,0.808591,0.246341,0.209609
189,energy_bin,">150 GeV",68,0.741222,0.119603,0.090974
190,energy_bin,">150 GeV",68,0.782635,0.189679,0.158733
191,energy_bin,">150 GeV",68,0.808319,0.123903,0.090032
192,energy_bin,">150 GeV",68,0.708573,0.253622,0.23183
193,energy_bin,">150 GeV",68,0.76363,0.178371,0.132646
194,energy_bin,">150 GeV",68,0.800172,0.133818,0.103029
195,energy_bin,">150 GeV",68,0.850748,0.110758,0.076958
196,energy_bin,">150 GeV",68,0.670998,0.173479,0.14953
197,energy_bin,">150 GeV",68,0.738138,0.138752,0.102341
198,energy_bin,">150 GeV",68,0.803601,0.161998,0.129529
199,energy_bin,">150 GeV",68,0.754119,0.129055,0.10117
200,energy_bin,">150 GeV",68,0.882731,0.125204,0.092654
201,energy_bin,">150 GeV",68,0.828494,0.127141,0.100389
202,energy_bin,">150 GeV",68,0.869637,0.123811,0.097759
203,energy_bin,">150 GeV",68,0.756674,0.156421,0.105493
204,energy_bin,">150 GeV",68,0.8343,0.139001,0.110886
205,energy_bin,">150 GeV",68,0.865822,0.122259,0.087195
206,energy_bin,">150 GeV",68,0.622117,0.255328,0.220444
207,energy_bin,">150 GeV",68,0.773612,0.204456,0.141613
208,energy_bin,">150 GeV",68,0.752504,0.256676,0.190978
209,energy_bin,">150 GeV",68,0.734369,0.242209,0.142888
210,energy_bin,">150 GeV",68,0.766576,0.19965,0.116125
211,energy_bin,">150 GeV",68,0.816978,0.148368,0.10311
212,energy_bin,">150 GeV",68,0.713722,0.19675,0.142318
213,energy_bin,">150 GeV",68,0.763693,0.149734,0.102657
214,energy_bin,">150 GeV",68,0.810523,0.134416,0.11052
215,energy_bin,">150 GeV",68,0.763467,0.177906,0.125928
216,energy_bin,">150 GeV",68,0.774627,0.144714,0.123468
217,energy_bin,">150 GeV",68,0.726549,0.165104,0.132218
218,energy_bin,">150 GeV",68,0.792683,0.227604,0.112247
219,energy_bin,">150 GeV",68,0.710116,0.256124,0.173343
220,energy_bin,">150 GeV",68,0.745153,0.201362,0.132937
221,energy_bin,">150 GeV",68,0.812553,0.150736,0.121695
222,energy_bin,">150 GeV",68,0.834736,0.144219,0.114634
223,energy_bin,">150 GeV",68,0.783543,0.153438,0.127785
224,energy_bin,">150 GeV",68,0.836739,0.13693,0.105925
225,energy_bin,">150 GeV",68,0.823752,0.135525,0.111255
226,energy_bin,">150 GeV",68,0.83016,0.134291,0.106504
227,energy_bin,">150 GeV",68,0.71337,0.186555,0.159184
228,energy_bin,">150 GeV",68,0.827962,0.119696,0.090119
229,energy_bin,">150 GeV",68,0.805744,0.138009,0.11354
230,energy_bin,">150 GeV",68,0.802061,0.12997,0.107587
231,energy_bin,">150 GeV",68,0.72831,0.179159,0.142196
232,energy_bin,">150 GeV",68,0.752511,0.186789,0.134935
233,energy_bin,">150 GeV",68,0.77157,0.172265,0.123082
234,energy_bin,">150 GeV",68,0.812547,0.131775,0.106114
235,energy_bin,">150 GeV",68,0.832786,0.141437,0.111437
236,energy_bin,">150 GeV",68,0.814525,0.128966,0.104009
237,energy_bin,">150 GeV",68,0.771957,0.13921,0.114009
238,energy_bin,">150 GeV",68,0.790594,0.123412,0.089303
239,energy_bin,">150 GeV",68,0.842873,0.117529,0.089206
240,energy_bin,">150 GeV",68,0.814462,0.137455,0.093677
241,energy_bin,">150 GeV",68,0.816143,0.132329,0.103904
242,energy_bin,">150 GeV",68,0.838081,0.139425,0.113907
243,energy_bin,">150 GeV",68,0.859415,0.146052,0.070522
244,energy_bin,">150 GeV",68,0.881194,0.147725,0.0913
245,energy_bin,">150 GeV",68,0.770406,0.165901,0.133794
246,energy_bin,">150 GeV",68,0.774417,0.175322,0.140939
247,energy_bin,">150 GeV",68,0.831816,0.117554,0.083432
248,energy_bin,">150 GeV",68,0.755058,0.126059,0.104349
249,energy_bin,">150 GeV",68,0.857171,0.126289,0.098609
250,energy_bin,">150 GeV",68,0.728178,0.140131,0.116918
251,energy_bin,">150 GeV",68,0.621511,0.191096,0.162289
252,energy_bin,">150 GeV",68,0.644157,0.222627,0.201099
253,energy_bin,">150 GeV",68,0.81633,0.121946,0.097932
254,energy_bin,">150 GeV",68,0.791193,0.127623,0.093021
255,energy_bin,">150 GeV",68,0.65995,0.213479,0.189763
256,energy_bin,">150 GeV",68,0.783215,0.155538,0.125202
257,energy_bin,">150 GeV",68,0.82516,0.145686,0.114013
258,energy_bin,">150 GeV",68,0.839606,0.189304,0.152718
259,energy_bin,">150 GeV",68,0.806935,0.154928,0.112332
260,energy_bin,">150 GeV",68,0.800828,0.150049,0.118384
261,energy_bin,">150 GeV",68,0.845505,0.13063,0.103122
262,energy_bin,">150 GeV",68,0.827068,0.110445,0.07929
263,energy_bin,">150 GeV",68,0.760851,0.142393,0.119201
264,energy_bin,">150 GeV",68,0.766894,0.164619,0.142359
265,energy_bin,">150 GeV",68,0.832211,0.12886,0.10354
266,energy_bin,">150 GeV",68,0.875798,0.12324,0.092916
267,energy_bin,">150 GeV",68,0.793231,0.127672,0.096548
268,energy_bin,">150 GeV",68,0.859854,0.134745,0.101084
269,energy_bin,">150 GeV",68,0.84619,0.148161,0.116968
270,energy_bin,">150 GeV",68,0.790114,0.125428,0.099123
271,energy_bin,">150 GeV",68,0.833434,0.123868,0.090565
272,energy_bin,">150 GeV",68,0.819498,0.122163,0.093281
273,energy_bin,">150 GeV",68,0.817685,0.120409,0.090281
274,energy_bin,">150 GeV",68,0.798855,0.137057,0.100802
275,energy_bin,">150 GeV",68,0.795339,0.136928,0.103505
276,energy_bin,">150 GeV",68,0.747405,0.148947,0.10866
277,energy_bin,">150 GeV",68,0.806256,0.128876,0.101324
278,energy_bin,">150 GeV",68,0.790236,0.127191,0.096673
279,energy_bin,">150 GeV",68,0.826512,0.118017,0.083389
280,energy_bin,">150 GeV",68,0.810069,0.121544,0.093094
281,energy_bin,">150 GeV",68,0.834729,0.110517,0.083724
282,energy_bin,">150 GeV",68,0.824997,0.111378,0.084956
283,energy_bin,">150 GeV",68,0.83716,0.110324,0.081275
284,energy_bin,">150 GeV",68,0.843229,0.112912,0.084029
285,energy_bin,">150 GeV",68,0.888847,0.114331,0.085645
286,energy_bin,">150 GeV",68,0.843666,0.101372,0.070383
287,energy_bin,">150 GeV",68,0.85675,0.10571,0.076202
288,energy_bin,">150 GeV",68,0.769186,0.11935,0.091606
289,energy_bin,">150 GeV",68,0.846969,0.1039,0.072318
290,energy_bin,">150 GeV",68,0.829593,0.112416,0.083699
291,energy_bin,">150 GeV",68,0.864042,0.109664,0.080498
292,energy_bin,">150 GeV",68,0.852924,0.106315,0.076856
293,energy_bin,">150 GeV",68,0.860477,0.108991,0.080198
294,energy_bin,">150 GeV",68,0.782381,0.122255,0.095292
295,energy_bin,">150 GeV",68,0.83849,0.10986,0.080752
296,energy_bin,">150 GeV",68,0.859544,0.097831,0.070293
297,energy_bin,">150 GeV",68,0.797446,0.113483,0.090144
298,energy_bin,">150 GeV",68,0.865628,0.111158,0.078721
299,energy_bin,">150 GeV",68,0.791641,0.139207,0.112449
300,energy_bin,">150 GeV",68,0.776807,0.145351,0.123701
301,energy_bin,">150 GeV",68,0.888328,0.123445,0.100475
302,energy_bin,">150 GeV",68,0.807576,0.11157,0.090366
303,energy_bin,">150 GeV",68,0.805086,0.106544,0.086066
304,energy_bin,">150 GeV",68,0.844735,0.104978,0.084574
305,energy_bin,">150 GeV",68,0.826171,0.113797,0.083368
306,energy_bin,">150 GeV",68,0.838037,0.119542,0.093682
307,energy_bin,">150 GeV",68,0.865389,0.126602,0.104521
308,energy_bin,">150 GeV",68,0.739547,0.125597,0.096334
309,energy_bin,">150 GeV",68,0.875004,0.090508,0.06861
310,energy_bin,">150 GeV",68,0.839758,0.108047,0.079128
311,energy_bin,">150 GeV",68,0.814884,0.115643,0.090176
312,energy_bin,">150 GeV",68,0.864739,0.101762,0.073972
313,energy_bin,">150 GeV",68,0.764135,0.128685,0.106595
314,energy_bin,">150 GeV",68,0.834382,0.101123,0.076673
315,energy_bin,">150 GeV",68,0.891879,0.111646,0.085588
316,energy_bin,">150 GeV",68,0.839661,0.091499,0.06362
317,energy_bin,">150 GeV",68,0.841119,0.106483,0.079677
318,energy_bin,">150 GeV",68,0.880688,0.116154,0.095326
319,energy_bin,">150 GeV",68,0.845954,0.099535,0.077052
320,energy_bin,">150 GeV",68,0.878559,0.105608,0.080184
321,energy_bin,">150 GeV",68,0.853038,0.115333,0.08882
322,energy_bin,">150 GeV",68,0.820754,0.094159,0.06821
323,energy_bin,">150 GeV",68,0.869226,0.095564,0.066695
324,energy_bin,">150 GeV",68,0.819042,0.100754,0.072486
325,energy_bin,">150 GeV",68,0.723638,0.125139,0.088683
326,energy_bin,">150 GeV",68,0.814409,0.099162,0.081656
327,energy_bin,">150 GeV",68,0.874865,0.109872,0.075839
328,energy_bin,">150 GeV",68,0.791026,0.09674,0.074834
329,energy_bin,">150 GeV",68,0.794163,0.094619,0.072743
330,energy_bin,">150 GeV",68,0.771082,0.094825,0.068807
331,energy_bin,">150 GeV",68,0.681753,0.121018,0.091839
332,energy_bin,">150 GeV",68,0.729599,0.14724,0.10896
333,energy_bin,">150 GeV",68,0.796916,0.095386,0.076098
334,energy_bin,">150 GeV",68,0.782563,0.116961,0.095617
335,energy_bin,">150 GeV",68,0.783651,0.117858,0.095401
336,energy_bin,">150 GeV",68,0.799613,0.09681,0.074411
337,energy_bin,">150 GeV",68,0.827009,0.100138,0.076699
338,energy_bin,">150 GeV",68,0.807632,0.101482,0.074727
339,energy_bin,">150 GeV",68,0.830257,0.106293,0.082247
340,energy_bin,">150 GeV",68,0.799436,0.096894,0.077344
341,energy_bin,">150 GeV",68,0.854828,0.118758,0.083755
342,energy_bin,">150 GeV",68,0.765751,0.104779,0.086219
343,energy_bin,">150 GeV",68,0.809574,0.111133,0.08887
344,energy_bin,">150 GeV",68,0.795267,0.107998,0.081346
345,energy_bin,">150 GeV",68,0.847466,0.100243,0.076705
346,energy_bin,">150 GeV",68,0.815771,0.099905,0.076197
347,energy_bin,">150 GeV",68,0.839885,0.117517,0.090553
348,energy_bin,">150 GeV",68,0.7845,0.110713,0.08987
349,energy_bin,">150 GeV",68,0.747574,0.112874,0.091449
350,energy_bin,">150 GeV",68,0.836641,0.128893,0.093579
351,energy_bin,">150 GeV",68,0.858682,0.109102,0.084003
352,energy_bin,">150 GeV",68,0.839763,0.109065,0.08118
353,energy_bin,">150 GeV",68,0.800202,0.131652,0.097203
354,energy_bin,">150 GeV",68,0.812056,0.098569,0.078722
355,energy_bin,">150 GeV",68,0.70478,0.114046,0.093323
356,energy_bin,">150 GeV",68,0.753881,0.135589,0.102047
357,energy_bin,">150 GeV",68,0.800336,0.111653,0.086179
358,energy_bin,">150 GeV",68,0.812555,0.121892,0.087369
359,energy_bin,">150 GeV",68,0.758577,0.080958,0.061847
360,energy_bin,">150 GeV",68,0.781182,0.097523,0.075156
361,energy_bin,">150 GeV",68,0.757934,0.099427,0.080243
362,energy_bin,">150 GeV",68,0.841147,0.093594,0.074079
363,energy_bin,">150 GeV",68,0.780856,0.101102,0.082401
364,energy_bin,">150 GeV",68,0.813168,0.099261,0.077034
365,energy_bin,">150 GeV",68,0.856782,0.108845,0.082893
366,energy_bin,">150 GeV",68,0.793007,0.108777,0.073454
367,energy_bin,">150 GeV",68,0.824862,0.111576,0.075535
368,energy_bin,">150 GeV",68,0.813806,0.095216,0.071584
369,energy_bin,">150 GeV",68,0.836591,0.101961,0.073362
370,energy_bin,">150 GeV",68,0.749246,0.114234,0.094482
371,energy_bin,">150 GeV",68,0.885887,0.09747,0.068701
372,energy_bin,">150 GeV",68,0.830165,0.09483,0.069054
373,energy_bin,">150 GeV",68,0.851786,0.099809,0.069034
374,energy_bin,">150 GeV",68,0.863202,0.10809,0.078064
375,energy_bin,">150 GeV",68,0.869022,0.093861,0.070519
376,energy_bin,">150 GeV",68,0.825114,0.14802,0.064196
377,energy_bin,">150 GeV",68,0.778941,0.116695,0.092647
378,energy_bin,">150 GeV",68,0.861982,0.115621,0.073891
379,energy_bin,">150 GeV",68,0.824255,0.104794,0.073625
380,energy_bin,">150 GeV",68,0.857637,0.100788,0.078884
381,energy_bin,">150 GeV",68,0.844594,0.112792,0.069345
382,energy_bin,">150 GeV",68,0.821778,0.093515,0.070055
383,energy_bin,">150 GeV",68,0.822666,0.098778,0.076275
384,energy_bin,">150 GeV",68,0.878604,0.103446,0.079755
385,energy_bin,">150 GeV",68,0.819434,0.099159,0.075683
386,energy_bin,">150 GeV",68,0.846334,0.097932,0.072469
387,energy_bin,">150 GeV",68,0.815557,0.098652,0.077411
388,energy_bin,">150 GeV",68,0.798717,0.108649,0.080936
389,energy_bin,">150 GeV",68,0.787104,0.094418,0.072661
390,energy_bin,">150 GeV",68,0.809606,0.095828,0.075172
391,energy_bin,">150 GeV",68,0.827728,0.104711,0.086126
392,energy_bin,">150 GeV",68,0.881035,0.09623,0.067055
393,energy_bin,">150 GeV",68,0.882104,0.107494,0.080293
394,energy_bin,">150 GeV",68,0.85955,0.118213,0.079107
395,energy_bin,">150 GeV",68,0.767378,0.104082,0.08604
396,energy_bin,">150 GeV",68,0.77098,0.099792,0.075561
397,energy_bin,">150 GeV",68,0.733706,0.124932,0.1049
398,energy_bin,">150 GeV",68,0.845457,0.094001,0.069846
399,energy_bin,">150 GeV",68,0.722602,0.107169,0.087022
400,energy_bin,">150 GeV",68,0.87332,0.097183,0.072485
401,energy_bin,">150 GeV",68,0.878319,0.096628,0.07114
402,energy_bin,">150 GeV",68,0.821369,0.095432,0.071703
403,energy_bin,">150 GeV",68,0.841599,0.09577,0.071652
404,energy_bin,">150 GeV",68,0.848596,0.087067,0.064164
405,energy_bin,">150 GeV",68,0.881086,0.098524,0.074962
406,energy_bin,">150 GeV",68,0.85416,0.092044,0.067585
407,energy_bin,">150 GeV",68,0.762195,0.094283,0.072575
408,energy_bin,">150 GeV",68,0.874432,0.090487,0.065636
409,energy_bin,">150 GeV",68,0.87755,0.091449,0.066698
410,energy_bin,">150 GeV",68,0.849415,0.090454,0.068631
411,energy_bin,">150 GeV",68,0.807521,0.098619,0.074854
412,energy_bin,">150 GeV",68,0.834819,0.083965,0.064453
413,energy_bin,">150 GeV",68,0.810768,0.104894,0.085294
414,energy_bin,">150 GeV",68,0.752168,0.110699,0.089411
415,energy_bin,">150 GeV",68,0.773284,0.09702,0.077859
416,energy_bin,">150 GeV",68,0.736188,0.106741,0.08951
417,energy_bin,">150 GeV",68,0.835326,0.087778,0.064065
418,energy_bin,">150 GeV",68,0.867198,0.095225,0.071421
419,energy_bin,">150 GeV",68,0.87391,0.095653,0.071591
420,energy_bin,">150 GeV",68,0.883546,0.092942,0.067084
421,energy_bin,">150 GeV",68,0.878359,0.094859,0.072214
422,energy_bin,">150 GeV",68,0.715605,0.157674,0.141768
423,energy_bin,">150 GeV",68,0.845618,0.091325,0.068593
424,energy_bin,">150 GeV",68,0.784538,0.096634,0.075124
425,energy_bin,">150 GeV",68,0.8208,0.095696,0.073499
426,energy_bin,">150 GeV",68,0.880572,0.09318,0.066222
427,energy_bin,">150 GeV",68,0.870575,0.090421,0.065413
428,energy_bin,">150 GeV",68,0.834675,0.092466,0.068272
429,energy_bin,">150 GeV",68,0.810542,0.091148,0.067279
430,energy_bin,">150 GeV",68,0.852077,0.094448,0.071356
431,energy_bin,">150 GeV",68,0.798342,0.10011,0.077453
432,energy_bin,">150 GeV",68,0.856572,0.086624,0.062371
433,energy_bin,">150 GeV",68,0.839545,0.090997,0.067716
434,energy_bin,">150 GeV",68,0.795165,0.109771,0.087351
435,energy_bin,">150 GeV",68,0.792846,0.110821,0.090413
436,energy_bin,">150 GeV",68,0.857328,0.10229,0.075797
437,energy_bin,">150 GeV",68,0.834325,0.108235,0.085431
438,energy_bin,">150 GeV",68,0.771185,0.121727,0.100878
439,energy_bin,">150 GeV",68,0.820784,0.10552,0.08078
440,energy_bin,">150 GeV",68,0.812409,0.10158,0.079549
441,energy_bin,">150 GeV",68,0.80074,0.105933,0.077977
442,energy_bin,">150 GeV",68,0.833496,0.100798,0.07333
443,energy_bin,">150 GeV",68,0.833001,0.101322,0.072407
444,energy_bin,">150 GeV",68,0.796403,0.102115,0.081308
445,energy_bin,">150 GeV",68,0.833492,0.099809,0.07373
446,energy_bin,">150 GeV",68,0.871883,0.092117,0.062002
447,energy_bin,">150 GeV",68,0.84323,0.097444,0.072148
448,energy_bin,">150 GeV",68,0.791172,0.091327,0.06555
449,energy_bin,">150 GeV",68,0.838987,0.087522,0.053448
450,energy_bin,">150 GeV",68,0.756593,0.095785,0.074555
451,energy_bin,">150 GeV",68,0.769881,0.108161,0.079718
452,energy_bin,">150 GeV",68,0.82746,0.093816,0.063127
453,energy_bin,">150 GeV",68,0.869973,0.088642,0.057868
454,energy_bin,">150 GeV",68,0.819212,0.084609,0.056979
455,energy_bin,">150 GeV",68,0.824679,0.08231,0.051148
456,energy_bin,">150 GeV",68,0.834095,0.080348,0.053332
457,energy_bin,">150 GeV",68,0.798554,0.09089,0.062105
458,energy_bin,">150 GeV",68,0.799595,0.085276,0.05845
459,energy_bin,">150 GeV",68,0.751294,0.095831,0.073217
460,energy_bin,">150 GeV",68,0.787498,0.101324,0.076152
461,energy_bin,">150 GeV",68,0.850173,0.08485,0.058287
462,energy_bin,">150 GeV",68,0.826774,0.098387,0.071345
463,energy_bin,">150 GeV",68,0.87285,0.077651,0.046687
464,energy_bin,">150 GeV",68,0.808306,0.08635,0.058314
465,energy_bin,">150 GeV",68,0.859614,0.087313,0.060842
466,energy_bin,">150 GeV",68,0.833817,0.088362,0.058235
467,energy_bin,">150 GeV",68,0.734355,0.112141,0.086186
468,energy_bin,">150 GeV",68,0.838161,0.098924,0.071123
469,energy_bin,">150 GeV",68,0.844293,0.100788,0.071474
470,energy_bin,">150 GeV",68,0.841921,0.087574,0.058027
471,energy_bin,">150 GeV",68,0.871997,0.081547,0.053106
472,energy_bin,">150 GeV",68,0.813205,0.090008,0.060396
473,energy_bin,">150 GeV",68,0.830858,0.091856,0.059905
474,energy_bin,">150 GeV",68,0.843817,0.098626,0.065048
475,energy_bin,">150 GeV",68,0.824165,0.10206,0.073929
476,energy_bin,">150 GeV",68,0.830947,0.101111,0.071236
477,energy_bin,">150 GeV",68,0.798339,0.102266,0.069234
478,energy_bin,">150 GeV",68,0.879337,0.093483,0.063713
479,energy_bin,">150 GeV",68,0.812149,0.098362,0.066095
480,energy_bin,">150 GeV",68,0.826503,0.095205,0.062055
481,energy_bin,">150 GeV",68,0.89036,0.083774,0.049593
482,energy_bin,">150 GeV",68,0.863268,0.084963,0.049392
483,energy_bin,">150 GeV",68,0.837469,0.107801,0.07614
484,energy_bin,">150 GeV",68,0.853183,0.098861,0.066437
485,energy_bin,">150 GeV",68,0.828455,0.099962,0.068207
486,energy_bin,">150 GeV",68,0.859919,0.09435,0.060946
487,energy_bin,">150 GeV",68,0.784374,0.106261,0.078073
488,energy_bin,">150 GeV",68,0.799745,0.101274,0.074065
489,energy_bin,">150 GeV",68,0.854496,0.094283,0.061129
490,energy_bin,">150 GeV",68,0.815951,0.101356,0.070805
491,energy_bin,">150 GeV",68,0.870535,0.091212,0.061232
492,energy_bin,">150 GeV",68,0.857705,0.090802,0.058195
493,energy_bin,">150 GeV",68,0.861534,0.090227,0.059391
494,energy_bin,">150 GeV",68,0.872787,0.098937,0.068895
495,energy_bin,">150 GeV",68,0.88096,0.086807,0.057917
496,energy_bin,">150 GeV",68,0.877212,0.09132,0.057808
497,energy_bin,">150 GeV",68,0.888603,0.086086,0.052051
498,energy_bin,">150 GeV",68,0.869683,0.096257,0.066253
499,energy_bin,">150 GeV",68,0.857297,0.093105,0.061405
0,particle,"Neutron",13032,7.165269,4.129334,3.1244
1,particle,"Neutron",13032,7.35141,4.283722,3.293386
2,particle,"Neutron",13032,0.879484,0.288351,0.128844
3,particle,"Neutron",13032,0.921769,0.328103,0.133749
4,particle,"Neutron",13032,0.940484,0.559661,0.157355
5,particle,"Neutron",13032,0.891144,0.440689,0.130373
6,particle,"Neutron",13032,0.865013,0.288945,0.126616
7,particle,"Neutron",13032,0.855868,0.320933,0.124914
8,particle,"Neutron",13032,0.966703,0.356272,0.143364
9,particle,"Neutron",13032,0.898702,0.461973,0.134323
10,particle,"Neutron",13032,1.052469,0.827174,0.173527
11,particle,"Neutron",13032,0.979404,0.455882,0.145548
12,particle,"Neutron",13032,0.91721,0.391376,0.143059
13,particle,"Neutron",13032,0.85976,0.279819,0.125163
14,particle,"Neutron",13032,0.849018,0.320874,0.130681
15,particle,"Neutron",13032,0.892298,0.429193,0.13067
16,particle,"Neutron",13032,0.955239,0.337685,0.139991
17,particle,"Neutron",13032,0.918006,0.3006,0.136728
18,particle,"Neutron",13032,0.887008,0.277392,0.126754
19,particle,"Neutron",13032,0.906023,0.299365,0.131271
20,particle,"Neutron",13032,0.865429,0.350045,0.125265
21,particle,"Neutron",13032,0.883719,0.277227,0.125603
22,particle,"Neutron",13032,0.888995,0.282262,0.124309
23,particle,"Neutron",13032,0.902263,0.312544,0.127579
24,particle,"Neutron",13032,0.880199,0.287503,0.122591
25,particle,"Neutron",13032,0.885424,0.305928,0.125926
26,particle,"Neutron",13032,0.885458,0.296705,0.124416
27,particle,"Neutron",13032,0.888597,0.322429,0.12309
28,particle,"Neutron",13032,0.885929,0.313109,0.122664
29,particle,"Neutron",13032,0.897011,0.329285,0.124318
30,particle,"Neutron",13032,0.905879,0.318636,0.135745
31,particle,"Neutron",13032,0.910703,0.350264,0.1456
32,particle,"Neutron",13032,0.885255,0.320191,0.141269
33,particle,"Neutron",13032,0.73804,0.249864,0.123036
34,particle,"Neutron",13032,0.745394,0.356153,0.115187
35,particle,"Neutron",13032,0.883962,0.465609,0.14044
36,particle,"Neutron",13032,0.772018,0.281323,0.120835
37,particle,"Neutron",13032,0.826184,0.360596,0.129676
38,particle,"Neutron",13032,0.809245,0.289528,0.130922
39,particle,"Neutron",13032,0.915347,0.328804,0.163771
40,particle,"Neutron",13032,0.768003,0.314525,0.119143
41,particle,"Neutron",13032,0.793678,0.392219,0.164415
42,particle,"Neutron",13032,0.83261,0.311797,0.134509
43,particle,"Neutron",13032,0.78019,0.296993,0.122699
44,particle,"Neutron",13032,0.784632,0.294889,0.133581
45,particle,"Neutron",13032,0.900526,0.397474,0.144033
46,particle,"Neutron",13032,0.765026,0.28571,0.124746
47,particle,"Neutron",13032,0.813772,0.276355,0.129067
48,particle,"Neutron",13032,0.700481,0.283333,0.118852
49,particle,"Neutron",13032,0.843509,0.31522,0.127597
50,particle,"Neutron",13032,0.856279,0.34704,0.134455
51,particle,"Neutron",13032,0.914712,0.418912,0.138546
52,particle,"Neutron",13032,0.897842,0.421271,0.136003
53,particle,"Neutron",13032,0.871242,0.333115,0.136941
54,particle,"Neutron",13032,0.869471,0.417266,0.129789
55,particle,"Neutron",13032,0.898687,0.305217,0.137633
56,particle,"Neutron",13032,0.862403,0.319007,0.132431
57,particle,"Neutron",13032,0.853951,0.344441,0.129318
58,particle,"Neutron",13032,0.86577,0.326549,0.129189
59,particle,"Neutron",13032,0.883638,0.327006,0.133435
60,particle,"Neutron",13032,0.879253,0.348767,0.132845
61,particle,"Neutron",13032,0.857218,0.296359,0.131971
62,particle,"Neutron",13032,0.890331,0.353698,0.131661
63,particle,"Neutron",13032,0.838239,0.342576,0.149738
64,particle,"Neutron",13032,0.825043,0.39632,0.146059
65,particle,"Neutron",13032,0.944675,0.975705,0.170535
66,particle,"Neutron",13032,0.826123,0.288236,0.142999
67,particle,"Neutron",13032,0.841026,0.401498,0.162291
68,particle,"Neutron",13032,0.798692,0.407526,0.1425
69,particle,"Neutron",13032,0.948752,0.510947,0.186973
70,particle,"Neutron",13032,0.762625,0.416641,0.223191
71,particle,"Neutron",13032,0.767559,0.340251,0.133656
72,particle,"Neutron",13032,0.812192,0.310331,0.158424
73,particle,"Neutron",13032,0.770343,0.553612,0.143786
74,particle,"Neutron",13032,0.860386,0.340434,0.147721
75,particle,"Neutron",13032,0.815396,0.62539,0.143377
76,particle,"Neutron",13032,0.852615,0.311313,0.14853
77,particle,"Neutron",13032,0.782257,0.294431,0.139307
78,particle,"Neutron",13032,0.817009,0.325989,0.149554
79,particle,"Neutron",13032,0.881524,0.417973,0.171493
80,particle,"Neutron",13032,0.86983,0.38409,0.169488
81,particle,"Neutron",13032,0.776154,0.29871,0.131446
82,particle,"Neutron",13032,0.962877,0.490278,0.193434
83,particle,"Neutron",13032,0.734175,0.285419,0.13682
84,particle,"Neutron",13032,0.811357,0.342093,0.146496
85,particle,"Neutron",13032,0.84834,0.334428,0.166246
86,particle,"Neutron",13032,0.865876,0.35683,0.166659
87,particle,"Neutron",13032,0.837311,0.361194,0.15365
88,particle,"Neutron",13032,0.869377,0.376497,0.157452
89,particle,"Neutron",13032,0.862043,0.349909,0.156033
90,particle,"Neutron",13032,0.872705,0.384388,0.15476
91,particle,"Neutron",13032,0.890895,0.368405,0.157769
92,particle,"Neutron",13032,0.87324,0.35438,0.157999
93,particle,"Neutron",13032,0.860091,0.337987,0.149928
94,particle,"Neutron",13032,0.807142,0.345911,0.13733
95,particle,"Neutron",13032,0.840953,0.373117,0.144784
96,particle,"Neutron",13032,0.857393,0.364325,0.145609
97,particle,"Neutron",13032,0.837097,0.32775,0.140944
98,particle,"Neutron",13032,0.833744,0.363195,0.143446
99,particle,"Neutron",13032,0.839542,0.347913,0.142861
100,particle,"Neutron",13032,0.750891,0.356786,0.141069
101,particle,"Neutron",13032,0.805284,0.411821,0.152458
102,particle,"Neutron",13032,0.869668,0.365621,0.167623
103,particle,"Neutron",13032,0.777811,0.410844,0.138667
104,particle,"Neutron",13032,0.956678,1.008919,0.189835
105,particle,"Neutron",13032,0.852475,0.314066,0.152258
106,particle,"Neutron",13032,0.649749,0.346844,0.129783
107,particle,"Neutron",13032,0.873411,0.411694,0.183794
108,particle,"Neutron",13032,0.775235,0.319149,0.152722
109,particle,"Neutron",13032,0.578402,0.470467,0.173097
110,particle,"Neutron",13032,0.873025,0.346234,0.177197
111,particle,"Neutron",13032,0.90197,0.3355,0.202694
112,particle,"Neutron",13032,0.964544,0.377945,0.21144
113,particle,"Neutron",13032,0.815253,0.282084,0.157103
114,particle,"Neutron",13032,0.923431,0.341138,0.172766
115,particle,"Neutron",13032,0.766601,0.288416,0.156532
116,particle,"Neutron",13032,0.884613,0.394458,0.189298
117,particle,"Neutron",13032,0.809473,0.313618,0.158748
118,particle,"Neutron",13032,0.71768,0.284617,0.157721
119,particle,"Neutron",13032,0.9529,0.373481,0.215782
120,particle,"Neutron",13032,0.733615,0.289438,0.194298
121,particle,"Neutron",13032,0.815276,0.278031,0.157587
122,particle,"Neutron",13032,0.831498,0.317487,0.156075
123,particle,"Neutron",13032,0.818311,0.286226,0.16372
124,particle,"Neutron",13032,0.818297,0.293595,0.151791
125,particle,"Neutron",13032,0.826532,0.281473,0.149132
126,particle,"Neutron",13032,0.865588,0.285609,0.162606
127,particle,"Neutron",13032,0.884145,0.302685,0.162317
128,particle,"Neutron",13032,0.863992,0.308319,0.159791
129,particle,"Neutron",13032,0.836836,0.2909,0.164754
130,particle,"Neutron",13032,0.809963,0.266161,0.150442
131,particle,"Neutron",13032,0.816109,0.271075,0.14506
132,particle,"Neutron",13032,0.861384,0.286889,0.151028
133,particle,"Neutron",13032,0.856738,0.297496,0.151498
134,particle,"Neutron",13032,0.819514,0.28363,0.148215
135,particle,"Neutron",13032,0.845397,0.294868,0.148325
136,particle,"Neutron",13032,0.838512,0.284113,0.152929
137,particle,"Neutron",13032,0.854111,0.289691,0.150674
138,particle,"Neutron",13032,0.859925,0.299273,0.148536
139,particle,"Neutron",13032,0.858107,0.324491,0.1509
140,particle,"Neutron",13032,0.837483,0.31487,0.148034
141,particle,"Neutron",13032,0.949813,0.351682,0.209384
142,particle,"Neutron",13032,0.739225,0.276035,0.144667
143,particle,"Neutron",13032,0.842229,0.331441,0.17611
144,particle,"Neutron",13032,0.738037,0.285521,0.134896
145,particle,"Neutron",13032,0.761415,0.303697,0.158582
146,particle,"Neutron",13032,0.857947,0.348296,0.172698
147,particle,"Neutron",13032,0.845203,0.325555,0.169717
148,particle,"Neutron",13032,0.894861,0.400832,0.179776
149,particle,"Neutron",13032,0.820487,0.313873,0.149379
150,particle,"Neutron",13032,0.844121,0.39804,0.164378
151,particle,"Neutron",13032,0.788195,0.40598,0.159116
152,particle,"Neutron",13032,0.802476,0.334056,0.156802
153,particle,"Neutron",13032,1.011622,0.442672,0.234309
154,particle,"Neutron",13032,0.897008,0.481229,0.178453
155,particle,"Neutron",13032,0.905987,0.545154,0.180291
156,particle,"Neutron",13032,0.861029,0.451399,0.165534
157,particle,"Neutron",13032,0.843316,0.332321,0.15741
158,particle,"Neutron",13032,0.884103,0.354401,0.16901
159,particle,"Neutron",13032,0.869835,0.306579,0.161647
160,particle,"Neutron",13032,0.854646,0.44614,0.154704
161,particle,"Neutron",13032,0.878891,0.501397,0.177668
162,particle,"Neutron",13032,0.842929,0.349589,0.170537
163,particle,"Neutron",13032,0.790399,0.29902,0.162618
164,particle,"Neutron",13032,0.849725,0.360563,0.169757
165,particle,"Neutron",13032,0.876102,0.344004,0.18609
166,particle,"Neutron",13032,0.886277,0.383447,0.17889
167,particle,"Neutron",13032,0.837248,0.307441,0.177365
168,particle,"Neutron",13032,0.84158,0.333337,0.172277
169,particle,"Neutron",13032,0.800898,0.343971,0.158701
170,particle,"Neutron",13032,0.858652,0.350425,0.172579
171,particle,"Neutron",13032,0.740729,0.316532,0.161891
172,particle,"Neutron",13032,0.864492,0.338656,0.177746
173,particle,"Neutron",13032,0.822659,0.306216,0.16813
174,particle,"Neutron",13032,0.836705,0.332913,0.168017
175,particle,"Neutron",13032,0.835519,0.360577,0.182278
176,particle,"Neutron",13032,0.857187,0.357811,0.170965
177,particle,"Neutron",13032,0.839154,0.32609,0.171541
178,particle,"Neutron",13032,0.828935,0.323206,0.171173
179,particle,"Neutron",13032,0.876188,0.379468,0.175241
180,particle,"Neutron",13032,0.875533,0.364579,0.176046
181,particle,"Neutron",13032,0.841395,0.376461,0.165089
182,particle,"Neutron",13032,0.86249,0.333939,0.167733
183,particle,"Neutron",13032,0.814746,0.306811,0.170788
184,particle,"Neutron",13032,0.863443,0.3641,0.161022
185,particle,"Neutron",13032,0.860162,0.336544,0.168163
186,particle,"Neutron",13032,0.852744,0.33096,0.160459
187,particle,"Neutron",13032,0.836551,0.332927,0.188147
188,particle,"Neutron",13032,0.952086,0.429982,0.231035
189,particle,"Neutron",13032,0.773197,0.289941,0.168793
190,particle,"Neutron",13032,0.892444,0.364562,0.169918
191,particle,"Neutron",13032,0.824755,0.361458,0.171153
192,particle,"Neutron",13032,0.869594,0.322832,0.171821
193,particle,"Neutron",13032,0.836401,0.350144,0.166287
194,particle,"Neutron",13032,0.837174,0.350509,0.169982
195,particle,"Neutron",13032,0.818631,0.337488,0.149944
196,particle,"Neutron",13032,0.749261,0.284443,0.170126
197,particle,"Neutron",13032,0.757305,0.30074,0.16897
198,particle,"Neutron",13032,0.861501,0.366533,0.162832
199,particle,"Neutron",13032,0.742649,0.336423,0.162698
200,particle,"Neutron",13032,0.88514,0.344656,0.176133
201,particle,"Neutron",13032,0.826187,0.297016,0.161152
202,particle,"Neutron",13032,0.88136,0.407385,0.173056
203,particle,"Neutron",13032,0.785583,0.348981,0.167948
204,particle,"Neutron",13032,0.870469,0.396813,0.176585
205,particle,"Neutron",13032,0.867032,0.342414,0.171837
206,particle,"Neutron",13032,0.783799,0.33511,0.157197
207,particle,"Neutron",13032,0.872205,0.501365,0.16349
208,particle,"Neutron",13032,0.8655,0.377538,0.166207
209,particle,"Neutron",13032,0.838243,0.333181,0.152128
210,particle,"Neutron",13032,0.833723,0.596343,0.157033
211,particle,"Neutron",13032,0.870881,0.609933,0.158465
212,particle,"Neutron",13032,0.782658,0.355263,0.137804
213,particle,"Neutron",13032,0.828155,0.323248,0.154505
214,particle,"Neutron",13032,0.840797,0.448234,0.153168
215,particle,"Neutron",13032,0.843782,0.373682,0.150379
216,particle,"Neutron",13032,0.864423,0.933653,0.15432
217,particle,"Neutron",13032,0.83277,0.794155,0.152763
218,particle,"Neutron",13032,0.85003,0.32907,0.154853
219,particle,"Neutron",13032,0.829969,0.310401,0.14537
220,particle,"Neutron",13032,0.830576,0.325982,0.151155
221,particle,"Neutron",13032,0.876242,0.345013,0.154223
222,particle,"Neutron",13032,0.872219,0.362285,0.153525
223,particle,"Neutron",13032,0.853076,0.302104,0.147042
224,particle,"Neutron",13032,0.872259,0.314908,0.148393
225,particle,"Neutron",13032,0.871245,0.363984,0.147954
226,particle,"Neutron",13032,0.869759,0.355142,0.147999
227,particle,"Neutron",13032,0.827994,0.681244,0.144133
228,particle,"Neutron",13032,0.875793,0.62248,0.1481
229,particle,"Neutron",13032,0.883323,0.696322,0.147792
230,particle,"Neutron",13032,0.861437,0.574975,0.144788
231,particle,"Neutron",13032,0.8254,0.560322,0.141207
232,particle,"Neutron",13032,0.832854,0.38211,0.139744
233,particle,"Neutron",13032,0.835512,0.309062,0.140184
234,particle,"Neutron",13032,0.86298,0.498474,0.142144
235,particle,"Neutron",13032,0.872895,0.355593,0.144277
236,particle,"Neutron",13032,0.86018,0.330993,0.142811
237,particle,"Neutron",13032,0.819804,0.334537,0.137919
238,particle,"Neutron",13032,0.836643,0.458211,0.141501
239,particle,"Neutron",13032,0.868417,0.694014,0.158236
240,particle,"Neutron",13032,0.868144,0.55935,0.147446
241,particle,"Neutron",13032,0.853302,0.638048,0.151671
242,particle,"Neutron",13032,0.878432,0.693255,0.150116
243,particle,"Neutron",13032,0.867004,0.334387,0.155025
244,particle,"Neutron",13032,0.882702,0.448691,0.150274
245,particle,"Neutron",13032,0.824892,0.470612,0.145191
246,particle,"Neutron",13032,0.860606,0.542387,0.147603
247,particle,"Neutron",13032,0.848721,0.41654,0.143802
248,particle,"Neutron",13032,0.805449,0.36517,0.138519
249,particle,"Neutron",13032,0.867618,0.422374,0.154125
250,particle,"Neutron",13032,0.804307,0.295618,0.148705
251,particle,"Neutron",13032,0.722006,0.249703,0.147267
252,particle,"Neutron",13032,0.734306,0.414302,0.148529
253,particle,"Neutron",13032,0.850944,0.599586,0.152206
254,particle,"Neutron",13032,0.788436,0.426552,0.140815
255,particle,"Neutron",13032,0.734426,0.278316,0.142495
256,particle,"Neutron",13032,0.842714,0.351528,0.150261
257,particle,"Neutron",13032,0.840017,0.318859,0.149688
258,particle,"Neutron",13032,0.866426,0.342619,0.159501
259,particle,"Neutron",13032,0.870788,0.35239,0.148429
260,particle,"Neutron",13032,0.825121,0.296908,0.144577
261,particle,"Neutron",13032,0.857448,0.337457,0.152849
262,particle,"Neutron",13032,0.859882,0.615501,0.144281
263,particle,"Neutron",13032,0.83094,0.840712,0.144131
264,particle,"Neutron",13032,0.817733,0.676121,0.140758
265,particle,"Neutron",13032,0.839073,0.511689,0.14423
266,particle,"Neutron",13032,0.881839,0.509744,0.152352
267,particle,"Neutron",13032,0.782137,0.353649,0.1463
268,particle,"Neutron",13032,0.866483,0.411214,0.149309
269,particle,"Neutron",13032,0.834328,0.465843,0.153809
270,particle,"Neutron",13032,0.803151,0.440195,0.145002
271,particle,"Neutron",13032,0.833862,0.346547,0.148228
272,particle,"Neutron",13032,0.822873,0.352733,0.147567
273,particle,"Neutron",13032,0.835922,0.333742,0.145297
274,particle,"Neutron",13032,0.841332,0.440598,0.14568
275,particle,"Neutron",13032,0.825142,0.331752,0.145958
276,particle,"Neutron",13032,0.787039,0.362937,0.139804
277,particle,"Neutron",13032,0.860357,0.39299,0.144604
278,particle,"Neutron",13032,0.821752,0.322071,0.144059
279,particle,"Neutron",13032,0.846245,0.323449,0.14126
280,particle,"Neutron",13032,0.848981,0.415238,0.142638
281,particle,"Neutron",13032,0.831308,0.401399,0.140336
282,particle,"Neutron",13032,0.81752,0.306123,0.139839
283,particle,"Neutron",13032,0.848208,0.404663,0.139262
284,particle,"Neutron",13032,0.860531,0.451764,0.144834
285,particle,"Neutron",13032,0.851417,0.33397,0.143343
286,particle,"Neutron",13032,0.851508,0.416628,0.142738
287,particle,"Neutron",13032,0.861659,0.414969,0.141984
288,particle,"Neutron",13032,0.790489,0.338237,0.14095
289,particle,"Neutron",13032,0.84767,0.359522,0.140796
290,particle,"Neutron",13032,0.823338,0.432502,0.136926
291,particle,"Neutron",13032,0.862508,0.351666,0.148721
292,particle,"Neutron",13032,0.869971,0.43455,0.142243
293,particle,"Neutron",13032,0.859478,0.361187,0.141325
294,particle,"Neutron",13032,0.817671,0.477103,0.141084
295,particle,"Neutron",13032,0.81426,0.399904,0.141809
296,particle,"Neutron",13032,0.890803,0.587686,0.151953
297,particle,"Neutron",13032,0.80516,0.45925,0.148065
298,particle,"Neutron",13032,0.871981,0.435345,0.145382
299,particle,"Neutron",13032,0.80775,0.280315,0.14811
300,particle,"Neutron",13032,0.800287,0.331384,0.149942
301,particle,"Neutron",13032,0.865529,0.337912,0.156203
302,particle,"Neutron",13032,0.804544,0.346517,0.146354
303,particle,"Neutron",13032,0.802395,0.342111,0.140273
304,particle,"Neutron",13032,0.831781,0.361223,0.150876
305,particle,"Neutron",13032,0.822061,0.353001,0.147378
306,particle,"Neutron",13032,0.867414,0.326025,0.167628
307,particle,"Neutron",13032,0.892443,0.440181,0.159914
308,particle,"Neutron",13032,0.801236,0.350437,0.184623
309,particle,"Neutron",13032,0.869814,0.443083,0.150519
310,particle,"Neutron",13032,0.846428,0.34212,0.150187
311,particle,"Neutron",13032,0.847085,0.51772,0.159455
312,particle,"Neutron",13032,0.849674,0.289573,0.144847
313,particle,"Neutron",13032,0.790154,0.255388,0.144727
314,particle,"Neutron",13032,0.837653,0.379801,0.148394
315,particle,"Neutron",13032,0.88677,0.381665,0.148873
316,particle,"Neutron",13032,0.843852,0.480338,0.140552
317,particle,"Neutron",13032,0.841288,0.428208,0.144877
318,particle,"Neutron",13032,0.879233,0.301547,0.149788
319,particle,"Neutron",13032,0.835363,0.288688,0.142145
320,particle,"Neutron",13032,0.841173,0.305869,0.155416
321,particle,"Neutron",13032,0.855399,0.367086,0.157152
322,particle,"Neutron",13032,0.804526,0.373255,0.145841
323,particle,"Neutron",13032,0.849669,0.295527,0.1488
324,particle,"Neutron",13032,0.821766,0.292111,0.143505
325,particle,"Neutron",13032,0.719317,0.283026,0.139863
326,particle,"Neutron",13032,0.812125,0.315806,0.142064
327,particle,"Neutron",13032,0.880312,0.560126,0.145619
328,particle,"Neutron",13032,0.791044,0.522897,0.134516
329,particle,"Neutron",13032,0.796246,0.483398,0.137835
330,particle,"Neutron",13032,0.802523,1.041074,0.157063
331,particle,"Neutron",13032,0.740015,0.739885,0.205563
332,particle,"Neutron",13032,0.76616,0.609486,0.133072
333,particle,"Neutron",13032,0.816555,0.707588,0.143259
334,particle,"Neutron",13032,0.814834,0.896158,0.135266
335,particle,"Neutron",13032,0.813898,0.959057,0.141584
336,particle,"Neutron",13032,0.818526,0.951037,0.138254
337,particle,"Neutron",13032,0.82817,1.037372,0.134632
338,particle,"Neutron",13032,0.772384,0.895075,0.132685
339,particle,"Neutron",13032,0.825279,0.384522,0.139053
340,particle,"Neutron",13032,0.794328,0.717737,0.141348
341,particle,"Neutron",13032,0.846915,0.631792,0.140606
342,particle,"Neutron",13032,0.79426,1.008413,0.175211
343,particle,"Neutron",13032,0.801241,1.276057,0.13442
344,particle,"Neutron",13032,0.79192,0.964241,0.135641
345,particle,"Neutron",13032,0.822935,0.810727,0.137095
346,particle,"Neutron",13032,0.801133,1.19485,0.136786
347,particle,"Neutron",13032,0.831921,0.940783,0.138612
348,particle,"Neutron",13032,0.79942,0.767442,0.154537
349,particle,"Neutron",13032,0.750376,0.840361,0.139292
350,particle,"Neutron",13032,0.821277,0.705409,0.137242
351,particle,"Neutron",13032,0.842649,0.944865,0.140289
352,particle,"Neutron",13032,0.827536,0.892539,0.136402
353,particle,"Neutron",13032,0.808354,1.083124,0.139722
354,particle,"Neutron",13032,0.816959,1.31947,0.139716
355,particle,"Neutron",13032,0.725608,0.986852,0.159155
356,particle,"Neutron",13032,0.815011,0.655955,0.221962
357,particle,"Neutron",13032,0.789465,0.274874,0.139303
358,particle,"Neutron",13032,0.849726,0.785817,0.140838
359,particle,"Neutron",13032,0.752252,0.439966,0.13353
360,particle,"Neutron",13032,0.803577,0.465895,0.147656
361,particle,"Neutron",13032,0.767496,0.537582,0.137294
362,particle,"Neutron",13032,0.816606,0.472949,0.136912
363,particle,"Neutron",13032,0.778217,0.50205,0.163712
364,particle,"Neutron",13032,0.77548,0.410739,0.140628
365,particle,"Neutron",13032,0.830442,0.393591,0.144075
366,particle,"Neutron",13032,0.783796,0.631184,0.139915
367,particle,"Neutron",13032,0.828101,0.328925,0.149616
368,particle,"Neutron",13032,0.780456,0.302083,0.133203
369,particle,"Neutron",13032,0.815638,0.319713,0.136272
370,particle,"Neutron",13032,0.740235,0.254021,0.13884
371,particle,"Neutron",13032,0.8784,0.354603,0.152626
372,particle,"Neutron",13032,0.813319,0.284752,0.139567
373,particle,"Neutron",13032,0.836993,0.306027,0.1431
374,particle,"Neutron",13032,0.848328,0.307624,0.142227
375,particle,"Neutron",13032,0.845547,0.335271,0.147634
376,particle,"Neutron",13032,0.816407,0.2963,0.13594
377,particle,"Neutron",13032,0.77089,0.312778,0.134951
378,particle,"Neutron",13032,0.855685,0.348007,0.143118
379,particle,"Neutron",13032,0.817057,0.284062,0.136168
380,particle,"Neutron",13032,0.820656,0.2965,0.143617
381,particle,"Neutron",13032,0.797895,0.308707,0.139296
382,particle,"Neutron",13032,0.792721,0.282447,0.130219
383,particle,"Neutron",13032,0.787203,0.276064,0.135052
384,particle,"Neutron",13032,0.873399,0.348757,0.151352
385,particle,"Neutron",13032,0.784208,0.26045,0.140512
386,particle,"Neutron",13032,0.821434,0.280684,0.140409
387,particle,"Neutron",13032,0.814497,0.263293,0.136403
388,particle,"Neutron",13032,0.77985,0.265719,0.134437
389,particle,"Neutron",13032,0.757379,0.241465,0.130786
390,particle,"Neutron",13032,0.762502,0.28223,0.129767
391,particle,"Neutron",13032,0.811839,0.316378,0.134007
392,particle,"Neutron",13032,0.883326,0.330241,0.156153
393,particle,"Neutron",13032,0.869871,0.344998,0.145158
394,particle,"Neutron",13032,0.834489,0.303722,0.140625
395,particle,"Neutron",13032,0.751496,0.235761,0.128404
396,particle,"Neutron",13032,0.755561,0.343174,0.136301
397,particle,"Neutron",13032,0.750434,0.245841,0.136214
398,particle,"Neutron",13032,0.833662,0.382734,0.139453
399,particle,"Neutron",13032,0.705541,0.301382,0.137457
400,particle,"Neutron",13032,0.865567,0.45978,0.145569
401,particle,"Neutron",13032,0.858966,0.458922,0.143453
402,particle,"Neutron",13032,0.782046,0.386293,0.13191
403,particle,"Neutron",13032,0.819726,0.467532,0.133192
404,particle,"Neutron",13032,0.825754,0.466903,0.13905
405,particle,"Neutron",13032,0.876746,0.494597,0.145118
406,particle,"Neutron",13032,0.843737,0.501827,0.138176
407,particle,"Neutron",13032,0.75763,0.420152,0.134129
408,particle,"Neutron",13032,0.868258,0.523471,0.143073
409,particle,"Neutron",13032,0.866746,0.446858,0.143841
410,particle,"Neutron",13032,0.819971,0.417296,0.134281
411,particle,"Neutron",13032,0.796867,0.569156,0.131418
412,particle,"Neutron",13032,0.824594,0.395241,0.136159
413,particle,"Neutron",13032,0.809177,0.332199,0.136043
414,particle,"Neutron",13032,0.750701,0.348991,0.139051
415,particle,"Neutron",13032,0.757591,0.353359,0.128643
416,particle,"Neutron",13032,0.760825,0.381749,0.135243
417,particle,"Neutron",13032,0.820331,0.480521,0.137112
418,particle,"Neutron",13032,0.860757,0.427041,0.139136
419,particle,"Neutron",13032,0.862179,0.383083,0.142464
420,particle,"Neutron",13032,0.879569,0.370784,0.142873
421,particle,"Neutron",13032,0.873386,0.43907,0.141912
422,particle,"Neutron",13032,0.79456,0.349984,0.134348
423,particle,"Neutron",13032,0.841753,0.469578,0.137821
424,particle,"Neutron",13032,0.773693,0.433178,0.133798
425,particle,"Neutron",13032,0.820763,0.295987,0.136031
426,particle,"Neutron",13032,0.864036,0.432353,0.139721
427,particle,"Neutron",13032,0.850642,0.362736,0.139474
428,particle,"Neutron",13032,0.819036,0.299142,0.138451
429,particle,"Neutron",13032,0.789872,0.350676,0.132192
430,particle,"Neutron",13032,0.818253,0.330568,0.133025
431,particle,"Neutron",13032,0.815442,0.394533,0.137971
432,particle,"Neutron",13032,0.851084,0.385474,0.138066
433,particle,"Neutron",13032,0.842125,0.33063,0.141662
434,particle,"Neutron",13032,0.788334,0.31712,0.138768
435,particle,"Neutron",13032,0.786879,0.362361,0.141465
436,particle,"Neutron",13032,0.850977,0.344267,0.1391
437,particle,"Neutron",13032,0.832706,0.325768,0.138953
438,particle,"Neutron",13032,0.73844,0.30252,0.13348
439,particle,"Neutron",13032,0.830812,0.314299,0.149268
440,particle,"Neutron",13032,0.804085,0.295348,0.138927
441,particle,"Neutron",13032,0.78174,0.283298,0.132644
442,particle,"Neutron",13032,0.827151,0.341575,0.134575
443,particle,"Neutron",13032,0.799857,0.304598,0.13074
444,particle,"Neutron",13032,0.779929,0.280709,0.130422
445,particle,"Neutron",13032,0.829999,0.399629,0.132844
446,particle,"Neutron",13032,0.870787,0.372123,0.14024
447,particle,"Neutron",13032,0.853586,0.374796,0.138814
448,particle,"Neutron",13032,0.781451,0.322663,0.126911
449,particle,"Neutron",13032,0.83283,0.349008,0.136134
450,particle,"Neutron",13032,0.763777,0.333827,0.129244
451,particle,"Neutron",13032,0.73581,0.27075,0.136577
452,particle,"Neutron",13032,0.822607,0.43846,0.130968
453,particle,"Neutron",13032,0.862361,0.303211,0.138521
454,particle,"Neutron",13032,0.783534,0.324834,0.131002
455,particle,"Neutron",13032,0.813953,0.346111,0.134599
456,particle,"Neutron",13032,0.843341,0.369932,0.142806
457,particle,"Neutron",13032,0.813113,0.355927,0.132967
458,particle,"Neutron",13032,0.809832,0.307485,0.138409
459,particle,"Neutron",13032,0.757709,0.295544,0.135749
460,particle,"Neutron",13032,0.809446,0.300042,0.142713
461,particle,"Neutron",13032,0.86709,0.371831,0.140002
462,particle,"Neutron",13032,0.820982,0.32836,0.136976
463,particle,"Neutron",13032,0.854751,0.340762,0.137664
464,particle,"Neutron",13032,0.796819,0.287721,0.13182
465,particle,"Neutron",13032,0.86527,0.357648,0.137283
466,particle,"Neutron",13032,0.824128,0.354259,0.132254
467,particle,"Neutron",13032,0.698121,0.322884,0.131381
468,particle,"Neutron",13032,0.850409,0.358011,0.134203
469,particle,"Neutron",13032,0.845967,0.349392,0.135043
470,particle,"Neutron",13032,0.821458,0.318633,0.134204
471,particle,"Neutron",13032,0.870977,0.364992,0.136581
472,particle,"Neutron",13032,0.80646,0.307865,0.135929
473,particle,"Neutron",13032,0.801329,0.339816,0.129688
474,particle,"Neutron",13032,0.838047,0.391538,0.136571
475,particle,"Neutron",13032,0.785193,0.283611,0.134209
476,particle,"Neutron",13032,0.812896,0.32134,0.135695
477,particle,"Neutron",13032,0.760634,0.293226,0.131083
478,particle,"Neutron",13032,0.877476,0.32883,0.138532
479,particle,"Neutron",13032,0.78785,0.326164,0.133867
480,particle,"Neutron",13032,0.813905,0.350454,0.134441
481,particle,"Neutron",13032,0.882382,0.347796,0.139104
482,particle,"Neutron",13032,0.848993,0.326388,0.138594
483,particle,"Neutron",13032,0.793936,0.294833,0.133446
484,particle,"Neutron",13032,0.843024,0.344831,0.135345
485,particle,"Neutron",13032,0.798251,0.293497,0.133798
486,particle,"Neutron",13032,0.837327,0.318976,0.136638
487,particle,"Neutron",13032,0.76554,0.287215,0.136924
488,particle,"Neutron",13032,0.772382,0.304282,0.132983
489,particle,"Neutron",13032,0.836553,0.335165,0.138266
490,particle,"Neutron",13032,0.809534,0.316957,0.136728
491,particle,"Neutron",13032,0.869052,0.348072,0.135962
492,particle,"Neutron",13032,0.846867,0.311526,0.135164
493,particle,"Neutron",13032,0.864907,0.342872,0.138518
494,particle,"Neutron",13032,0.880613,0.356367,0.140547
495,particle,"Neutron",13032,0.863468,0.35848,0.137445
496,particle,"Neutron",13032,0.864511,0.327606,0.138934
497,particle,"Neutron",13032,0.875689,0.352527,0.139962
498,particle,"Neutron",13032,0.867311,0.344698,0.140124
499,particle,"Neutron",13032,0.850819,0.328933,0.138036
0,particle,"K0",11955,8.322976,4.764489,3.545922
1,particle,"K0",11955,8.558909,4.906427,3.763665
2,particle,"K0",11955,0.982743,0.224073,0.105571
3,particle,"K0",11955,1.028236,0.222891,0.103742
4,particle,"K0",11955,1.029613,0.381737,0.124672
5,particle,"K0",11955,0.984348,0.433123,0.105992
6,particle,"K0",11955,0.964098,0.22331,0.10533
7,particle,"K0",11955,0.952117,0.264887,0.108122
8,particle,"K0",11955,1.074537,0.284048,0.122992
9,particle,"K0",11955,1.003245,0.237328,0.110944
10,particle,"K0",11955,1.148652,0.584287,0.142363
11,particle,"K0",11955,1.08886,0.301147,0.125934
12,particle,"K0",11955,1.022397,0.296125,0.111311
13,particle,"K0",11955,0.962794,0.222427,0.101849
14,particle,"K0",11955,0.940842,0.397564,0.110476
15,particle,"K0",11955,0.994272,0.32979,0.109557
16,particle,"K0",11955,1.064729,0.243877,0.117452
17,particle,"K0",11955,1.018861,0.23529,0.113202
18,particle,"K0",11955,0.991942,0.217006,0.104442
19,particle,"K0",11955,1.009146,0.230602,0.104742
20,particle,"K0",11955,0.960013,0.254363,0.10315
21,particle,"K0",11955,0.988427,0.211121,0.103488
22,particle,"K0",11955,0.990033,0.212169,0.104112
23,particle,"K0",11955,1.005349,0.216353,0.103792
24,particle,"K0",11955,0.981731,0.212456,0.101276
25,particle,"K0",11955,0.986295,0.217422,0.102299
26,particle,"K0",11955,0.985594,0.211765,0.102152
27,particle,"K0",11955,0.987996,0.221526,0.098733
28,particle,"K0",11955,0.98503,0.210327,0.099637
29,particle,"K0",11955,0.999177,0.22443,0.100783
30,particle,"K0",11955,1.011607,0.297174,0.120521
31,particle,"K0",11955,1.009879,0.278915,0.118578
32,particle,"K0",11955,0.988959,0.255653,0.124478
33,particle,"K0",11955,0.821226,0.195872,0.109475
34,particle,"K0",11955,0.824676,0.194019,0.099853
35,particle,"K0",11955,0.976023,0.269921,0.114387
36,particle,"K0",11955,0.850523,0.207514,0.106031
37,particle,"K0",11955,0.915347,0.255916,0.113386
38,particle,"K0",11955,0.902308,0.231133,0.117945
39,particle,"K0",11955,1.021461,0.298653,0.143574
40,particle,"K0",11955,0.842354,0.206555,0.107009
41,particle,"K0",11955,0.86855,0.281067,0.149215
42,particle,"K0",11955,0.924455,0.229322,0.116917
43,particle,"K0",11955,0.86652,0.216563,0.099854
44,particle,"K0",11955,0.873639,0.218195,0.122092
45,particle,"K0",11955,0.990959,0.284554,0.118869
46,particle,"K0",11955,0.85418,0.198673,0.107616
47,particle,"K0",11955,0.905733,0.213331,0.106903
48,particle,"K0",11955,0.774193,0.213566,0.109564
49,particle,"K0",11955,0.937322,0.216647,0.106581
50,particle,"K0",11955,0.950703,0.220783,0.112516
51,particle,"K0",11955,1.012044,0.277105,0.115092
52,particle,"K0",11955,0.991973,0.315758,0.108467
53,particle,"K0",11955,0.967046,0.231468,0.115731
54,particle,"K0",11955,0.957254,0.253647,0.106595
55,particle,"K0",11955,0.998926,0.23536,0.116195
56,particle,"K0",11955,0.95747,0.252242,0.108241
57,particle,"K0",11955,0.949416,0.244059,0.106442
58,particle,"K0",11955,0.960815,0.229101,0.107024
59,particle,"K0",11955,0.983526,0.23149,0.108979
60,particle,"K0",11955,0.975921,0.23832,0.116501
61,particle,"K0",11955,0.951927,0.226458,0.111199
62,particle,"K0",11955,0.990387,0.242101,0.108376
63,particle,"K0",11955,0.931673,0.255444,0.130574
64,particle,"K0",11955,0.909034,0.275343,0.131672
65,particle,"K0",11955,1.036241,0.998122,0.144885
66,particle,"K0",11955,0.915637,0.251366,0.123533
67,particle,"K0",11955,0.93968,0.590636,0.144423
68,particle,"K0",11955,0.889869,0.327585,0.120906
69,particle,"K0",11955,1.050363,0.487267,0.160286
70,particle,"K0",11955,0.846884,0.358759,0.171799
71,particle,"K0",11955,0.847607,0.228609,0.116218
72,particle,"K0",11955,0.907496,0.259798,0.140832
73,particle,"K0",11955,0.847339,0.525534,0.113316
74,particle,"K0",11955,0.955562,0.330103,0.124547
75,particle,"K0",11955,0.887498,0.330465,0.127278
76,particle,"K0",11955,0.948937,0.275577,0.123323
77,particle,"K0",11955,0.871079,0.244418,0.121256
78,particle,"K0",11955,0.903443,0.285254,0.128912
79,particle,"K0",11955,0.983824,0.345448,0.147257
80,particle,"K0",11955,0.978168,0.260341,0.128433
81,particle,"K0",11955,0.861468,0.238433,0.110693
82,particle,"K0",11955,1.076211,0.323989,0.153785
83,particle,"K0",11955,0.8274,0.22968,0.122796
84,particle,"K0",11955,0.90692,0.265497,0.121228
85,particle,"K0",11955,0.950419,0.285775,0.130497
86,particle,"K0",11955,0.971018,0.30827,0.133646
87,particle,"K0",11955,0.934018,0.285034,0.127639
88,particle,"K0",11955,0.971582,0.32172,0.128756
89,particle,"K0",11955,0.963486,0.279488,0.125848
90,particle,"K0",11955,0.973706,0.285203,0.12493
91,particle,"K0",11955,0.996804,0.315042,0.13021
92,particle,"K0",11955,0.97858,0.289923,0.128784
93,particle,"K0",11955,0.962923,0.275372,0.121432
94,particle,"K0",11955,0.902577,0.277477,0.11382
95,particle,"K0",11955,0.939122,0.267056,0.116844
96,particle,"K0",11955,0.959451,0.287346,0.117649
97,particle,"K0",11955,0.940112,0.275956,0.117557
98,particle,"K0",11955,0.932723,0.287545,0.116557
99,particle,"K0",11955,0.939981,0.289109,0.117309
100,particle,"K0",11955,0.831896,0.323423,0.119065
101,particle,"K0",11955,0.896776,0.341991,0.12203
102,particle,"K0",11955,0.974628,0.304268,0.137921
103,particle,"K0",11955,0.860733,0.251312,0.119114
104,particle,"K0",11955,1.052413,0.367222,0.164038
105,particle,"K0",11955,0.952417,0.235483,0.126991
106,particle,"K0",11955,0.716183,0.258761,0.122947
107,particle,"K0",11955,0.975222,0.322668,0.151261
108,particle,"K0",11955,0.868639,0.278996,0.13089
109,particle,"K0",11955,0.643583,0.338954,0.171794
110,particle,"K0",11955,0.973839,0.297046,0.160024
111,particle,"K0",11955,1.016012,0.29098,0.176761
112,particle,"K0",11955,1.083883,0.308547,0.174344
113,particle,"K0",11955,0.921221,0.239771,0.136983
114,particle,"K0",11955,1.03025,0.267454,0.142415
115,particle,"K0",11955,0.862562,0.259704,0.146977
116,particle,"K0",11955,0.98697,0.296324,0.161116
117,particle,"K0",11955,0.897699,0.240835,0.14201
118,particle,"K0",11955,0.797645,0.237772,0.150624
119,particle,"K0",11955,1.058886,0.320868,0.183923
120,particle,"K0",11955,0.821306,0.273402,0.187092
121,particle,"K0",11955,0.907666,0.243246,0.139289
122,particle,"K0",11955,0.927756,0.261472,0.133507
123,particle,"K0",11955,0.915936,0.233539,0.139736
124,particle,"K0",11955,0.916079,0.250686,0.131901
125,particle,"K0",11955,0.922113,0.219881,0.122929
126,particle,"K0",11955,0.968882,0.239233,0.134415
127,particle,"K0",11955,0.98976,0.247054,0.139204
128,particle,"K0",11955,0.962647,0.247613,0.133689
129,particle,"K0",11955,0.936729,0.265507,0.147597
130,particle,"K0",11955,0.908142,0.228701,0.130742
131,particle,"K0",11955,0.912842,0.222611,0.124091
132,particle,"K0",11955,0.965566,0.235825,0.125442
133,particle,"K0",11955,0.955439,0.22752,0.123041
134,particle,"K0",11955,0.918223,0.223346,0.121785
135,particle,"K0",11955,0.944413,0.222559,0.121591
136,particle,"K0",11955,0.939925,0.229596,0.124456
137,particle,"K0",11955,0.956041,0.2282,0.125748
138,particle,"K0",11955,0.961412,0.227616,0.121765
139,particle,"K0",11955,0.9576,0.225206,0.122544
140,particle,"K0",11955,0.932766,0.221257,0.123745
141,particle,"K0",11955,1.066795,0.308466,0.17941
142,particle,"K0",11955,0.829222,0.231481,0.128931
143,particle,"K0",11955,0.95048,0.254986,0.149604
144,particle,"K0",11955,0.823925,0.214266,0.120743
145,particle,"K0",11955,0.857573,0.258049,0.14167
146,particle,"K0",11955,0.958175,0.276823,0.149698
147,particle,"K0",11955,0.949505,0.284556,0.144067
148,particle,"K0",11955,0.995475,0.339347,0.15931
149,particle,"K0",11955,0.916156,0.245431,0.129587
150,particle,"K0",11955,0.940599,0.324561,0.142899
151,particle,"K0",11955,0.873481,0.325373,0.14582
152,particle,"K0",11955,0.893845,0.2712,0.141355
153,particle,"K0",11955,1.125982,0.410909,0.200051
154,particle,"K0",11955,0.997033,0.331229,0.15443
155,particle,"K0",11955,1.006724,0.302218,0.154363
156,particle,"K0",11955,0.953792,0.298964,0.144498
157,particle,"K0",11955,0.939805,0.266939,0.138056
158,particle,"K0",11955,0.986143,0.268704,0.144162
159,particle,"K0",11955,0.973429,0.250064,0.135394
160,particle,"K0",11955,0.948253,0.274011,0.131695
161,particle,"K0",11955,0.974544,0.287936,0.155526
162,particle,"K0",11955,0.939211,0.26744,0.141643
163,particle,"K0",11955,0.881867,0.23771,0.142576
164,particle,"K0",11955,0.942653,0.287262,0.147088
165,particle,"K0",11955,0.973905,0.269062,0.155969
166,particle,"K0",11955,0.978623,0.278392,0.154176
167,particle,"K0",11955,0.928537,0.252854,0.153742
168,particle,"K0",11955,0.930133,0.264538,0.152087
169,particle,"K0",11955,0.886679,0.247462,0.140442
170,particle,"K0",11955,0.950001,0.272462,0.151147
171,particle,"K0",11955,0.823323,0.261516,0.150293
172,particle,"K0",11955,0.958511,0.282161,0.153156
173,particle,"K0",11955,0.918502,0.268451,0.148653
174,particle,"K0",11955,0.932323,0.251786,0.145729
175,particle,"K0",11955,0.929813,0.278386,0.158852
176,particle,"K0",11955,0.952456,0.260254,0.145126
177,particle,"K0",11955,0.935262,0.259298,0.146711
178,particle,"K0",11955,0.922263,0.252979,0.147171
179,particle,"K0",11955,0.971264,0.279763,0.151738
180,particle,"K0",11955,0.970236,0.282321,0.151017
181,particle,"K0",11955,0.930798,0.2578,0.144261
182,particle,"K0",11955,0.95657,0.255393,0.145111
183,particle,"K0",11955,0.903226,0.25634,0.155937
184,particle,"K0",11955,0.956792,0.25358,0.139108
185,particle,"K0",11955,0.953663,0.261,0.146582
186,particle,"K0",11955,0.944647,0.251741,0.139489
187,particle,"K0",11955,0.922584,0.281294,0.172055
188,particle,"K0",11955,1.057938,0.332916,0.203953
189,particle,"K0",11955,0.859145,0.247198,0.157466
190,particle,"K0",11955,0.989537,0.274105,0.141924
191,particle,"K0",11955,0.915747,0.271526,0.14943
192,particle,"K0",11955,0.962217,0.268441,0.147034
193,particle,"K0",11955,0.931794,0.255962,0.150256
194,particle,"K0",11955,0.93103,0.271625,0.146812
195,particle,"K0",11955,0.910692,0.246841,0.129759
196,particle,"K0",11955,0.841913,0.245043,0.158214
197,particle,"K0",11955,0.843387,0.247908,0.155505
198,particle,"K0",11955,0.958443,0.248375,0.141282
199,particle,"K0",11955,0.835083,0.25841,0.15091
200,particle,"K0",11955,0.986278,0.26315,0.148555
201,particle,"K0",11955,0.922924,0.255682,0.141912
202,particle,"K0",11955,0.976812,0.272892,0.149333
203,particle,"K0",11955,0.871404,0.253764,0.148284
204,particle,"K0",11955,0.96087,0.275787,0.152532
205,particle,"K0",11955,0.969008,0.253626,0.146331
206,particle,"K0",11955,0.8742,0.29708,0.141144
207,particle,"K0",11955,0.967716,0.320437,0.14248
208,particle,"K0",11955,0.965245,0.256201,0.141761
209,particle,"K0",11955,0.931236,0.247246,0.132469
210,particle,"K0",11955,0.924166,0.259889,0.134387
211,particle,"K0",11955,0.967039,0.263566,0.137557
212,particle,"K0",11955,0.873395,0.234827,0.121529
213,particle,"K0",11955,0.924827,0.257424,0.1362
214,particle,"K0",11955,0.937815,0.242729,0.128941
215,particle,"K0",11955,0.93641,0.261265,0.130867
216,particle,"K0",11955,0.95264,0.26514,0.13455
217,particle,"K0",11955,0.92546,0.253479,0.137408
218,particle,"K0",11955,0.950244,0.255629,0.133083
219,particle,"K0",11955,0.926261,0.247088,0.125845
220,particle,"K0",11955,0.925717,0.249329,0.13137
221,particle,"K0",11955,0.972717,0.251772,0.127205
222,particle,"K0",11955,0.971641,0.247167,0.127104
223,particle,"K0",11955,0.948906,0.235291,0.123831
224,particle,"K0",11955,0.970602,0.241847,0.125617
225,particle,"K0",11955,0.966687,0.2777,0.126583
226,particle,"K0",11955,0.966084,0.290677,0.125566
227,particle,"K0",11955,0.915661,0.261333,0.125946
228,particle,"K0",11955,0.96977,0.25592,0.12501
229,particle,"K0",11955,0.977929,0.252439,0.123071
230,particle,"K0",11955,0.954417,0.251297,0.124431
231,particle,"K0",11955,0.915852,0.246661,0.123816
232,particle,"K0",11955,0.924402,0.267737,0.120158
233,particle,"K0",11955,0.930752,0.236341,0.121428
234,particle,"K0",11955,0.95784,0.245654,0.120595
235,particle,"K0",11955,0.969193,0.257023,0.12207
236,particle,"K0",11955,0.955793,0.249339,0.119913
237,particle,"K0",11955,0.911507,0.228029,0.117686
238,particle,"K0",11955,0.931863,0.241267,0.121575
239,particle,"K0",11955,0.964342,0.419817,0.132475
240,particle,"K0",11955,0.958071,0.264965,0.128146
241,particle,"K0",11955,0.943448,0.239734,0.12944
242,particle,"K0",11955,0.965915,0.270487,0.129092
243,particle,"K0",11955,0.973655,0.268812,0.134077
244,particle,"K0",11955,0.981272,0.25821,0.128489
245,particle,"K0",11955,0.915783,0.24907,0.126924
246,particle,"K0",11955,0.954027,0.273937,0.125954
247,particle,"K0",11955,0.942835,0.272293,0.120741
248,particle,"K0",11955,0.896542,0.258735,0.122971
249,particle,"K0",11955,0.962449,0.25106,0.128197
250,particle,"K0",11955,0.894339,0.242237,0.13726
251,particle,"K0",11955,0.806269,0.227329,0.140362
252,particle,"K0",11955,0.822138,0.213778,0.124913
253,particle,"K0",11955,0.93561,0.272429,0.131434
254,particle,"K0",11955,0.872644,0.222637,0.125501
255,particle,"K0",11955,0.823853,0.215786,0.126739
256,particle,"K0",11955,0.942727,0.246943,0.132632
257,particle,"K0",11955,0.940642,0.252959,0.129735
258,particle,"K0",11955,0.970095,0.264898,0.134237
259,particle,"K0",11955,0.966177,0.25997,0.132064
260,particle,"K0",11955,0.920104,0.223899,0.12522
261,particle,"K0",11955,0.957224,0.288611,0.130448
262,particle,"K0",11955,0.953713,0.238596,0.126333
263,particle,"K0",11955,0.916112,0.235359,0.124316
264,particle,"K0",11955,0.909078,0.224343,0.123625
265,particle,"K0",11955,0.934113,0.246106,0.125348
266,particle,"K0",11955,0.982249,0.265883,0.130286
267,particle,"K0",11955,0.879168,0.23034,0.127693
268,particle,"K0",11955,0.974376,0.244976,0.130702
269,particle,"K0",11955,0.931395,0.248549,0.13171
270,particle,"K0",11955,0.896859,0.230227,0.126681
271,particle,"K0",11955,0.933428,0.250965,0.129357
272,particle,"K0",11955,0.916942,0.238718,0.126853
273,particle,"K0",11955,0.932464,0.238348,0.125863
274,particle,"K0",11955,0.934029,0.237141,0.123665
275,particle,"K0",11955,0.920947,0.230514,0.124498
276,particle,"K0",11955,0.876043,0.223622,0.121779
277,particle,"K0",11955,0.959477,0.249404,0.126277
278,particle,"K0",11955,0.915456,0.230369,0.124114
279,particle,"K0",11955,0.942976,0.231292,0.121726
280,particle,"K0",11955,0.943543,0.229468,0.123544
281,particle,"K0",11955,0.924819,0.228395,0.121339
282,particle,"K0",11955,0.912083,0.221183,0.119833
283,particle,"K0",11955,0.940422,0.227899,0.119092
284,particle,"K0",11955,0.956598,0.233717,0.122692
285,particle,"K0",11955,0.951586,0.221581,0.120423
286,particle,"K0",11955,0.945081,0.22887,0.124011
287,particle,"K0",11955,0.954535,0.227772,0.120062
288,particle,"K0",11955,0.878947,0.226713,0.122882
289,particle,"K0",11955,0.942914,0.232955,0.11858
290,particle,"K0",11955,0.912935,0.223362,0.116525
291,particle,"K0",11955,0.962305,0.232194,0.124819
292,particle,"K0",11955,0.963718,0.238926,0.119589
293,particle,"K0",11955,0.955114,0.23443,0.120457
294,particle,"K0",11955,0.906148,0.226869,0.123722
295,particle,"K0",11955,0.909839,0.221864,0.121741
296,particle,"K0",11955,0.985306,0.279337,0.133433
297,particle,"K0",11955,0.897132,0.228908,0.130404
298,particle,"K0",11955,0.970345,0.245088,0.12325
299,particle,"K0",11955,0.90708,0.234783,0.131935
300,particle,"K0",11955,0.893684,0.229802,0.129034
301,particle,"K0",11955,0.970793,0.249763,0.134994
302,particle,"K0",11955,0.898476,0.244842,0.131365
303,particle,"K0",11955,0.892899,0.225613,0.120007
304,particle,"K0",11955,0.927482,0.254052,0.130075
305,particle,"K0",11955,0.91821,0.237821,0.126711
306,particle,"K0",11955,0.973561,0.298366,0.139772
307,particle,"K0",11955,0.994672,0.271763,0.132315
308,particle,"K0",11955,0.900372,0.380493,0.168103
309,particle,"K0",11955,0.97066,0.258593,0.12899
310,particle,"K0",11955,0.94645,0.260454,0.131292
311,particle,"K0",11955,0.942861,0.263894,0.139926
312,particle,"K0",11955,0.956203,0.239999,0.125295
313,particle,"K0",11955,0.888544,0.234229,0.129595
314,particle,"K0",11955,0.938816,0.245396,0.129391
315,particle,"K0",11955,0.992231,0.244728,0.122463
316,particle,"K0",11955,0.936056,0.250024,0.118996
317,particle,"K0",11955,0.939566,0.226039,0.122359
318,particle,"K0",11955,0.985447,0.232831,0.124238
319,particle,"K0",11955,0.938747,0.227877,0.119511
320,particle,"K0",11955,0.939055,0.233967,0.1324
321,particle,"K0",11955,0.951242,0.258426,0.135567
322,particle,"K0",11955,0.898163,0.250815,0.131619
323,particle,"K0",11955,0.949744,0.234493,0.128582
324,particle,"K0",11955,0.918164,0.227197,0.127145
325,particle,"K0",11955,0.799055,0.214099,0.131704
326,particle,"K0",11955,0.901632,0.223378,0.127242
327,particle,"K0",11955,0.977574,0.25807,0.126969
328,particle,"K0",11955,0.882663,0.221116,0.120946
329,particle,"K0",11955,0.888302,0.232086,0.124453
330,particle,"K0",11955,0.893062,0.26845,0.14482
331,particle,"K0",11955,0.827551,0.373076,0.154349
332,particle,"K0",11955,0.850867,0.212734,0.119379
333,particle,"K0",11955,0.909854,0.244979,0.129249
334,particle,"K0",11955,0.906165,0.22582,0.120133
335,particle,"K0",11955,0.902588,0.283255,0.124841
336,particle,"K0",11955,0.908321,0.228929,0.120789
337,particle,"K0",11955,0.916038,0.226515,0.119113
338,particle,"K0",11955,0.856486,0.224956,0.117669
339,particle,"K0",11955,0.922266,0.22764,0.119754
340,particle,"K0",11955,0.883328,0.242225,0.12531
341,particle,"K0",11955,0.94361,0.233199,0.121716
342,particle,"K0",11955,0.88554,0.337995,0.155145
343,particle,"K0",11955,0.884547,0.214542,0.116867
344,particle,"K0",11955,0.881255,0.226234,0.12055
345,particle,"K0",11955,0.916304,0.227686,0.119048
346,particle,"K0",11955,0.88578,0.237578,0.121786
347,particle,"K0",11955,0.926303,0.232629,0.120001
348,particle,"K0",11955,0.889457,0.296578,0.137716
349,particle,"K0",11955,0.831769,0.237027,0.129199
350,particle,"K0",11955,0.914879,0.223595,0.118561
351,particle,"K0",11955,0.935124,0.23376,0.119942
352,particle,"K0",11955,0.919304,0.225495,0.119512
353,particle,"K0",11955,0.898458,0.239309,0.1235
354,particle,"K0",11955,0.901119,0.238286,0.12368
355,particle,"K0",11955,0.811872,0.331268,0.143474
356,particle,"K0",11955,0.918756,0.448157,0.167471
357,particle,"K0",11955,0.886571,0.233465,0.12312
358,particle,"K0",11955,0.939289,0.252097,0.123743
359,particle,"K0",11955,0.842311,0.245583,0.121065
360,particle,"K0",11955,0.900539,0.277109,0.129767
361,particle,"K0",11955,0.852705,0.224193,0.123869
362,particle,"K0",11955,0.9086,0.227171,0.119273
363,particle,"K0",11955,0.873075,0.305677,0.152667
364,particle,"K0",11955,0.866835,0.221605,0.126111
365,particle,"K0",11955,0.930156,0.222806,0.12504
366,particle,"K0",11955,0.871366,0.237996,0.125333
367,particle,"K0",11955,0.924955,0.270553,0.129575
368,particle,"K0",11955,0.870626,0.216674,0.117008
369,particle,"K0",11955,0.908352,0.222118,0.119292
370,particle,"K0",11955,0.825448,0.227412,0.129555
371,particle,"K0",11955,0.978717,0.247595,0.130866
372,particle,"K0",11955,0.90799,0.227664,0.118615
373,particle,"K0",11955,0.935702,0.220786,0.121641
374,particle,"K0",11955,0.948886,0.23173,0.121057
375,particle,"K0",11955,0.942995,0.246692,0.12639
376,particle,"K0",11955,0.913096,0.255879,0.117244
377,particle,"K0",11955,0.854922,0.220677,0.121603
378,particle,"K0",11955,0.951168,0.236337,0.119856
379,particle,"K0",11955,0.910135,0.223884,0.118717
380,particle,"K0",11955,0.916142,0.223234,0.122982
381,particle,"K0",11955,0.888916,0.216673,0.118464
382,particle,"K0",11955,0.885932,0.210118,0.113704
383,particle,"K0",11955,0.877579,0.211228,0.115744
384,particle,"K0",11955,0.971431,0.248822,0.12693
385,particle,"K0",11955,0.876742,0.211045,0.118649
386,particle,"K0",11955,0.918383,0.218202,0.121674
387,particle,"K0",11955,0.911334,0.214788,0.119321
388,particle,"K0",11955,0.871296,0.209477,0.120141
389,particle,"K0",11955,0.84819,0.203451,0.115552
390,particle,"K0",11955,0.851085,0.208051,0.114179
391,particle,"K0",11955,0.906213,0.2152,0.115555
392,particle,"K0",11955,0.986266,0.245097,0.129645
393,particle,"K0",11955,0.971425,0.235928,0.123352
394,particle,"K0",11955,0.93103,0.229938,0.118892
395,particle,"K0",11955,0.838692,0.204738,0.116971
396,particle,"K0",11955,0.84328,0.208734,0.122708
397,particle,"K0",11955,0.836982,0.21498,0.126777
398,particle,"K0",11955,0.92774,0.222136,0.117676
399,particle,"K0",11955,0.787168,0.214822,0.130919
400,particle,"K0",11955,0.962061,0.240932,0.120557
401,particle,"K0",11955,0.958975,0.238692,0.119915
402,particle,"K0",11955,0.875432,0.208571,0.114674
403,particle,"K0",11955,0.913036,0.214997,0.117089
404,particle,"K0",11955,0.92247,0.218899,0.117964
405,particle,"K0",11955,0.979236,0.239153,0.122116
406,particle,"K0",11955,0.940712,0.217553,0.116404
407,particle,"K0",11955,0.849699,0.207036,0.120529
408,particle,"K0",11955,0.965672,0.244124,0.119654
409,particle,"K0",11955,0.966126,0.241144,0.12114
410,particle,"K0",11955,0.91455,0.218971,0.114508
411,particle,"K0",11955,0.884478,0.209039,0.117367
412,particle,"K0",11955,0.91908,0.21352,0.116353
413,particle,"K0",11955,0.903218,0.208583,0.116115
414,particle,"K0",11955,0.836469,0.223918,0.13141
415,particle,"K0",11955,0.845378,0.20432,0.116554
416,particle,"K0",11955,0.847751,0.211575,0.125123
417,particle,"K0",11955,0.913574,0.21368,0.116936
418,particle,"K0",11955,0.957421,0.236812,0.11891
419,particle,"K0",11955,0.962119,0.232035,0.118262
420,particle,"K0",11955,0.981507,0.251025,0.117978
421,particle,"K0",11955,0.974397,0.239378,0.120665
422,particle,"K0",11955,0.887861,0.212372,0.116689
423,particle,"K0",11955,0.939526,0.218128,0.117553
424,particle,"K0",11955,0.863311,0.208072,0.12059
425,particle,"K0",11955,0.915472,0.214913,0.117741
426,particle,"K0",11955,0.96441,0.313534,0.118071
427,particle,"K0",11955,0.948393,0.223488,0.11599
428,particle,"K0",11955,0.915712,0.216216,0.118833
429,particle,"K0",11955,0.879869,0.211756,0.114115
430,particle,"K0",11955,0.909663,0.217887,0.116246
431,particle,"K0",11955,0.904319,0.221797,0.124128
432,particle,"K0",11955,0.949291,0.228045,0.117755
433,particle,"K0",11955,0.943555,0.226873,0.122566
434,particle,"K0",11955,0.876864,0.226192,0.126065
435,particle,"K0",11955,0.875607,0.234833,0.136733
436,particle,"K0",11955,0.946286,0.240168,0.118864
437,particle,"K0",11955,0.926364,0.271109,0.121894
438,particle,"K0",11955,0.820877,0.235721,0.12729
439,particle,"K0",11955,0.929674,0.234921,0.135793
440,particle,"K0",11955,0.898343,0.242747,0.129491
441,particle,"K0",11955,0.866515,0.224916,0.122739
442,particle,"K0",11955,0.917553,0.229666,0.116897
443,particle,"K0",11955,0.884167,0.219125,0.114536
444,particle,"K0",11955,0.868052,0.225483,0.116375
445,particle,"K0",11955,0.914869,0.263315,0.113331
446,particle,"K0",11955,0.96503,0.25901,0.118275
447,particle,"K0",11955,0.947346,0.242116,0.116884
448,particle,"K0",11955,0.869328,0.225604,0.111761
449,particle,"K0",11955,0.923437,0.247652,0.115995
450,particle,"K0",11955,0.8487,0.231944,0.118142
451,particle,"K0",11955,0.822212,0.219966,0.127832
452,particle,"K0",11955,0.915093,0.227079,0.113161
453,particle,"K0",11955,0.96296,0.232786,0.11562
454,particle,"K0",11955,0.871596,0.231241,0.111561
455,particle,"K0",11955,0.904371,0.237319,0.1137
456,particle,"K0",11955,0.939632,0.239184,0.120284
457,particle,"K0",11955,0.900979,0.232469,0.115042
458,particle,"K0",11955,0.901427,0.226084,0.121241
459,particle,"K0",11955,0.844557,0.224292,0.122354
460,particle,"K0",11955,0.902671,0.240802,0.125157
461,particle,"K0",11955,0.96166,0.261463,0.117218
462,particle,"K0",11955,0.915223,0.249731,0.116152
463,particle,"K0",11955,0.949249,0.250744,0.113994
464,particle,"K0",11955,0.887383,0.218698,0.113816
465,particle,"K0",11955,0.963487,0.229572,0.114629
466,particle,"K0",11955,0.914006,0.238649,0.113569
467,particle,"K0",11955,0.779229,0.205401,0.123375
468,particle,"K0",11955,0.948069,0.237938,0.112477
469,particle,"K0",11955,0.941673,0.242634,0.110562
470,particle,"K0",11955,0.914799,0.230292,0.114838
471,particle,"K0",11955,0.969235,0.247588,0.111245
472,particle,"K0",11955,0.901476,0.22274,0.113487
473,particle,"K0",11955,0.890139,0.221756,0.112247
474,particle,"K0",11955,0.933789,0.231148,0.115379
475,particle,"K0",11955,0.874103,0.222962,0.117223
476,particle,"K0",11955,0.90356,0.236635,0.120743
477,particle,"K0",11955,0.848667,0.210726,0.117805
478,particle,"K0",11955,0.974013,0.229367,0.115706
479,particle,"K0",11955,0.877086,0.21832,0.117141
480,particle,"K0",11955,0.905207,0.244546,0.115754
481,particle,"K0",11955,0.981361,0.240017,0.115338
482,particle,"K0",11955,0.943799,0.226148,0.112037
483,particle,"K0",11955,0.883374,0.216542,0.116899
484,particle,"K0",11955,0.938408,0.226557,0.113024
485,particle,"K0",11955,0.889583,0.222549,0.116928
486,particle,"K0",11955,0.931167,0.218695,0.113934
487,particle,"K0",11955,0.853165,0.221095,0.125128
488,particle,"K0",11955,0.861863,0.213713,0.117922
489,particle,"K0",11955,0.930246,0.228222,0.114948
490,particle,"K0",11955,0.902019,0.224072,0.119494
491,particle,"K0",11955,0.966001,0.237406,0.114759
492,particle,"K0",11955,0.943536,0.240839,0.110747
493,particle,"K0",11955,0.963406,0.232981,0.113426
494,particle,"K0",11955,0.980334,0.238579,0.112577
495,particle,"K0",11955,0.959947,0.233655,0.11312
496,particle,"K0",11955,0.962825,0.23454,0.114496
497,particle,"K0",11955,0.972839,0.235257,0.114342
498,particle,"K0",11955,0.963464,0.229171,0.114545
499,particle,"K0",11955,0.946521,0.230781,0.113636
0,particle,"Photon",19748,31.125894,38.448863,11.615206
1,particle,"Photon",19748,29.931635,36.749106,10.711192
2,particle,"Photon",19748,2.183575,22.337024,0.373937
3,particle,"Photon",19748,3.419582,90.507711,0.348222
4,particle,"Photon",19748,2.990728,68.737805,0.33472
5,particle,"Photon",19748,2.912982,62.337379,0.296119
6,particle,"Photon",19748,1.818621,16.105698,0.380633
7,particle,"Photon",19748,2.181275,42.854792,0.378084
8,particle,"Photon",19748,2.311786,23.618612,0.398571
9,particle,"Photon",19748,3.015063,95.085921,0.394653
10,particle,"Photon",19748,2.517068,49.387345,0.384943
11,particle,"Photon",19748,3.801924,111.784069,0.374115
12,particle,"Photon",19748,3.698879,106.801245,0.386578
13,particle,"Photon",19748,2.853991,72.827639,0.347303
14,particle,"Photon",19748,1.917502,12.42305,0.401113
15,particle,"Photon",19748,2.162936,20.889886,0.38497
16,particle,"Photon",19748,2.011652,11.950767,0.358188
17,particle,"Photon",19748,2.233915,32.8725,0.351494
18,particle,"Photon",19748,2.063866,25.834486,0.35907
19,particle,"Photon",19748,2.417927,21.020772,0.367914
20,particle,"Photon",19748,2.084186,39.659073,0.344798
21,particle,"Photon",19748,1.885546,9.550521,0.348675
22,particle,"Photon",19748,2.225886,55.374924,0.341027
23,particle,"Photon",19748,2.04547,41.505139,0.315804
24,particle,"Photon",19748,2.150941,35.516685,0.353777
25,particle,"Photon",19748,2.062489,17.360284,0.337684
26,particle,"Photon",19748,2.007556,14.493858,0.350318
27,particle,"Photon",19748,2.016832,24.816089,0.328274
28,particle,"Photon",19748,2.323417,70.672712,0.342847
29,particle,"Photon",19748,2.094168,38.528277,0.33059
30,particle,"Photon",19748,1.906597,11.673165,0.344902
31,particle,"Photon",19748,2.365637,40.688399,0.352467
32,particle,"Photon",19748,3.226439,57.702517,0.420516
33,particle,"Photon",19748,1.771404,8.770787,0.411886
34,particle,"Photon",19748,1.577134,4.597969,0.374198
35,particle,"Photon",19748,2.480835,28.531341,0.351924
36,particle,"Photon",19748,1.696781,3.737492,0.427655
37,particle,"Photon",19748,1.989717,11.766835,0.370301
38,particle,"Photon",19748,1.607064,5.207794,0.334639
39,particle,"Photon",19748,1.730514,8.844036,0.353882
40,particle,"Photon",19748,1.733415,3.195966,0.44769
41,particle,"Photon",19748,1.935021,5.88422,0.53977
42,particle,"Photon",19748,1.825893,5.514921,0.41337
43,particle,"Photon",19748,1.893707,10.920276,0.358651
44,particle,"Photon",19748,1.712776,4.524667,0.436273
45,particle,"Photon",19748,1.82442,8.819012,0.398554
46,particle,"Photon",19748,1.651817,4.768794,0.393627
47,particle,"Photon",19748,1.793002,4.182304,0.405113
48,particle,"Photon",19748,1.774077,7.446989,0.412393
49,particle,"Photon",19748,2.091668,12.749433,0.423026
50,particle,"Photon",19748,1.73431,4.477125,0.386261
51,particle,"Photon",19748,1.912603,7.820499,0.408208
52,particle,"Photon",19748,1.805185,4.800973,0.402599
53,particle,"Photon",19748,1.739659,4.408206,0.388711
54,particle,"Photon",19748,1.919832,11.843964,0.411984
55,particle,"Photon",19748,1.778297,3.972434,0.402866
56,particle,"Photon",19748,1.747872,4.224803,0.389709
57,particle,"Photon",19748,1.71842,4.519326,0.378003
58,particle,"Photon",19748,1.780316,5.353679,0.39282
59,particle,"Photon",19748,1.840745,5.654415,0.405121
60,particle,"Photon",19748,1.812374,5.116513,0.410942
61,particle,"Photon",19748,1.800564,6.467491,0.395357
62,particle,"Photon",19748,1.857744,5.782569,0.40094
63,particle,"Photon",19748,1.992483,14.842611,0.448389
64,particle,"Photon",19748,1.981759,12.999652,0.432248
65,particle,"Photon",19748,2.403508,25.32109,0.513653
66,particle,"Photon",19748,1.857361,5.616282,0.442901
67,particle,"Photon",19748,1.874761,3.966496,0.467093
68,particle,"Photon",19748,1.918817,7.782234,0.46415
69,particle,"Photon",19748,2.705253,22.574089,0.535489
70,particle,"Photon",19748,2.2484,9.495734,0.575104
71,particle,"Photon",19748,1.728256,12.87004,0.405607
72,particle,"Photon",19748,1.844101,2.988291,0.518458
73,particle,"Photon",19748,1.879308,18.855401,0.337131
74,particle,"Photon",19748,1.762738,4.891337,0.38944
75,particle,"Photon",19748,1.804509,3.423005,0.462399
76,particle,"Photon",19748,1.683863,2.583912,0.400412
77,particle,"Photon",19748,1.724972,2.791794,0.439375
78,particle,"Photon",19748,1.681228,4.133085,0.426771
79,particle,"Photon",19748,1.995351,8.566408,0.436354
80,particle,"Photon",19748,1.721417,4.592625,0.356588
81,particle,"Photon",19748,1.807027,5.314506,0.420843
82,particle,"Photon",19748,1.735995,4.762356,0.369884
83,particle,"Photon",19748,1.698019,4.110167,0.423288
84,particle,"Photon",19748,1.837938,6.007772,0.416718
85,particle,"Photon",19748,1.774459,5.297728,0.413689
86,particle,"Photon",19748,1.782679,5.498301,0.406319
87,particle,"Photon",19748,1.803646,5.896169,0.40928
88,particle,"Photon",19748,1.776133,5.522954,0.38732
89,particle,"Photon",19748,1.749263,4.904022,0.38595
90,particle,"Photon",19748,1.845257,6.790362,0.409822
91,particle,"Photon",19748,1.808693,5.280852,0.391677
92,particle,"Photon",19748,1.745033,4.996124,0.402732
93,particle,"Photon",19748,1.746431,5.031885,0.400633
94,particle,"Photon",19748,1.775109,6.713072,0.383544
95,particle,"Photon",19748,1.767707,5.75266,0.369283
96,particle,"Photon",19748,1.887779,8.305153,0.39919
97,particle,"Photon",19748,1.738802,5.137423,0.395439
98,particle,"Photon",19748,1.704952,5.267008,0.384591
99,particle,"Photon",19748,1.749386,5.180939,0.38123
100,particle,"Photon",19748,1.953856,7.598009,0.472037
101,particle,"Photon",19748,1.835848,6.716959,0.402759
102,particle,"Photon",19748,1.76242,3.931892,0.425899
103,particle,"Photon",19748,1.807126,4.168224,0.455318
104,particle,"Photon",19748,2.145494,8.771142,0.447293
105,particle,"Photon",19748,1.840996,4.258398,0.430764
106,particle,"Photon",19748,1.635923,3.664547,0.413313
107,particle,"Photon",19748,1.885058,3.448789,0.475593
108,particle,"Photon",19748,1.681094,3.215432,0.403706
109,particle,"Photon",19748,1.704316,4.069232,0.467642
110,particle,"Photon",19748,1.940771,4.068338,0.484867
111,particle,"Photon",19748,1.929757,5.463981,0.445447
112,particle,"Photon",19748,1.875735,5.303335,0.419964
113,particle,"Photon",19748,1.802159,4.69347,0.456197
114,particle,"Photon",19748,1.799613,5.488973,0.383806
115,particle,"Photon",19748,2.008577,5.086796,0.533148
116,particle,"Photon",19748,1.832256,5.918702,0.424287
117,particle,"Photon",19748,1.73828,4.090675,0.423455
118,particle,"Photon",19748,1.702629,4.469445,0.410956
119,particle,"Photon",19748,1.757849,4.48595,0.396605
120,particle,"Photon",19748,1.768302,4.661561,0.448178
121,particle,"Photon",19748,1.735497,4.010225,0.423584
122,particle,"Photon",19748,1.721537,4.299838,0.392724
123,particle,"Photon",19748,1.679433,4.669148,0.381691
124,particle,"Photon",19748,1.715541,3.55324,0.411332
125,particle,"Photon",19748,1.65796,3.465016,0.378673
126,particle,"Photon",19748,1.706365,4.017381,0.395308
127,particle,"Photon",19748,1.782035,5.23833,0.416032
128,particle,"Photon",19748,1.665882,3.583365,0.364223
129,particle,"Photon",19748,1.722811,3.390334,0.390215
130,particle,"Photon",19748,1.641298,3.58861,0.395277
131,particle,"Photon",19748,1.621962,3.062779,0.370414
132,particle,"Photon",19748,1.668937,3.267172,0.369974
133,particle,"Photon",19748,1.623979,2.790931,0.359748
134,particle,"Photon",19748,1.638557,2.990841,0.372026
135,particle,"Photon",19748,1.622882,3.214272,0.366471
136,particle,"Photon",19748,1.633137,3.853912,0.371674
137,particle,"Photon",19748,1.642988,3.18915,0.368739
138,particle,"Photon",19748,1.66488,3.231527,0.37159
139,particle,"Photon",19748,1.621401,2.837312,0.366633
140,particle,"Photon",19748,1.637334,2.85286,0.36455
141,particle,"Photon",19748,1.898238,5.262211,0.418983
142,particle,"Photon",19748,1.719959,3.689113,0.429811
143,particle,"Photon",19748,1.70991,3.243241,0.404711
144,particle,"Photon",19748,1.662556,3.368646,0.405666
145,particle,"Photon",19748,1.744285,3.509233,0.444886
146,particle,"Photon",19748,1.873318,5.14381,0.444331
147,particle,"Photon",19748,1.729389,3.055541,0.419431
148,particle,"Photon",19748,1.782384,3.390622,0.402412
149,particle,"Photon",19748,1.651082,2.703309,0.412486
150,particle,"Photon",19748,1.805806,4.090882,0.460399
151,particle,"Photon",19748,1.807885,3.964301,0.441465
152,particle,"Photon",19748,1.800782,3.602389,0.429036
153,particle,"Photon",19748,1.853588,4.775091,0.439667
154,particle,"Photon",19748,1.856244,3.532038,0.445867
155,particle,"Photon",19748,1.822236,3.700675,0.416277
156,particle,"Photon",19748,1.763995,2.664612,0.415368
157,particle,"Photon",19748,1.88181,3.5816,0.441387
158,particle,"Photon",19748,1.817591,3.730145,0.439888
159,particle,"Photon",19748,1.776245,3.493182,0.416469
160,particle,"Photon",19748,1.808839,3.521763,0.416222
161,particle,"Photon",19748,1.88008,4.25539,0.445848
162,particle,"Photon",19748,1.749231,3.799454,0.42016
163,particle,"Photon",19748,1.7758,3.573548,0.454466
164,particle,"Photon",19748,1.899124,4.460308,0.477925
165,particle,"Photon",19748,1.840096,4.606848,0.452148
166,particle,"Photon",19748,2.014219,5.887314,0.53142
167,particle,"Photon",19748,1.952458,6.047846,0.524397
168,particle,"Photon",19748,1.916088,5.197138,0.484151
169,particle,"Photon",19748,1.860869,4.827504,0.47917
170,particle,"Photon",19748,1.935034,6.350964,0.494994
171,particle,"Photon",19748,2.046939,12.555878,0.522681
172,particle,"Photon",19748,1.950751,4.171411,0.516915
173,particle,"Photon",19748,1.934044,5.586678,0.503464
174,particle,"Photon",19748,1.989406,5.663748,0.512484
175,particle,"Photon",19748,1.966215,6.284621,0.511384
176,particle,"Photon",19748,1.911127,4.17713,0.491102
177,particle,"Photon",19748,1.849476,4.428312,0.463903
178,particle,"Photon",19748,1.937189,5.205075,0.501702
179,particle,"Photon",19748,1.913573,5.140503,0.46038
180,particle,"Photon",19748,1.908391,4.855946,0.465779
181,particle,"Photon",19748,1.889382,4.478693,0.467796
182,particle,"Photon",19748,1.895317,4.621842,0.468865
183,particle,"Photon",19748,1.906855,4.862575,0.48472
184,particle,"Photon",19748,1.923119,4.507286,0.469232
185,particle,"Photon",19748,1.908296,4.737177,0.465581
186,particle,"Photon",19748,1.976338,6.170247,0.492739
187,particle,"Photon",19748,1.964099,4.650869,0.501955
188,particle,"Photon",19748,2.050237,7.031168,0.50486
189,particle,"Photon",19748,1.931251,3.879806,0.550136
190,particle,"Photon",19748,1.918464,7.535809,0.455645
191,particle,"Photon",19748,1.89605,4.516999,0.507739
192,particle,"Photon",19748,1.989572,5.267223,0.506897
193,particle,"Photon",19748,1.810104,3.568229,0.439264
194,particle,"Photon",19748,1.84089,4.299806,0.462878
195,particle,"Photon",19748,1.84676,4.187302,0.45688
196,particle,"Photon",19748,1.861868,5.782261,0.491214
197,particle,"Photon",19748,1.787438,5.066317,0.454583
198,particle,"Photon",19748,1.803007,3.352178,0.430868
199,particle,"Photon",19748,1.842173,3.473662,0.513455
200,particle,"Photon",19748,1.87439,4.951783,0.487348
201,particle,"Photon",19748,1.799603,3.818623,0.457298
202,particle,"Photon",19748,1.832727,4.612782,0.440121
203,particle,"Photon",19748,1.868086,6.154874,0.463003
204,particle,"Photon",19748,2.107844,14.856686,0.482753
205,particle,"Photon",19748,1.898343,6.449759,0.449835
206,particle,"Photon",19748,2.01218,5.014736,0.554924
207,particle,"Photon",19748,1.840985,7.029966,0.441726
208,particle,"Photon",19748,1.805707,3.380053,0.463424
209,particle,"Photon",19748,1.763344,3.418875,0.433021
210,particle,"Photon",19748,1.86636,4.169922,0.485567
211,particle,"Photon",19748,1.866986,4.154715,0.475138
212,particle,"Photon",19748,1.760682,5.094952,0.434839
213,particle,"Photon",19748,1.778055,3.992276,0.425552
214,particle,"Photon",19748,1.791547,3.907255,0.445036
215,particle,"Photon",19748,1.768309,3.356839,0.438931
216,particle,"Photon",19748,1.775111,3.608359,0.429525
217,particle,"Photon",19748,1.751556,3.132823,0.437165
218,particle,"Photon",19748,1.779327,4.611033,0.433727
219,particle,"Photon",19748,1.767676,3.938675,0.41903
220,particle,"Photon",19748,1.77667,4.746779,0.438953
221,particle,"Photon",19748,1.767056,3.646632,0.434191
222,particle,"Photon",19748,1.788381,4.930803,0.424499
223,particle,"Photon",19748,1.746607,3.651916,0.423374
224,particle,"Photon",19748,1.758119,3.625133,0.416053
225,particle,"Photon",19748,1.756895,3.489292,0.416116
226,particle,"Photon",19748,1.729008,3.48103,0.395207
227,particle,"Photon",19748,1.746415,4.549908,0.404754
228,particle,"Photon",19748,1.759523,4.519575,0.409508
229,particle,"Photon",19748,1.742696,3.329804,0.411615
230,particle,"Photon",19748,1.771045,4.349657,0.413843
231,particle,"Photon",19748,1.733497,3.844657,0.409662
232,particle,"Photon",19748,1.705928,3.541712,0.388792
233,particle,"Photon",19748,1.742772,5.446573,0.408188
234,particle,"Photon",19748,1.724136,3.484604,0.404612
235,particle,"Photon",19748,1.781202,4.396229,0.413271
236,particle,"Photon",19748,1.767259,4.195034,0.407866
237,particle,"Photon",19748,1.708083,3.868483,0.403327
238,particle,"Photon",19748,1.742308,3.882932,0.416705
239,particle,"Photon",19748,1.842198,6.054926,0.437688
240,particle,"Photon",19748,1.867589,4.559438,0.444848
241,particle,"Photon",19748,1.808967,3.828252,0.452423
242,particle,"Photon",19748,1.782337,3.840261,0.428095
243,particle,"Photon",19748,1.811136,4.377899,0.458644
244,particle,"Photon",19748,1.817672,4.460016,0.413913
245,particle,"Photon",19748,1.7245,3.174286,0.427553
246,particle,"Photon",19748,1.773686,3.796787,0.411502
247,particle,"Photon",19748,1.738129,4.248571,0.420446
248,particle,"Photon",19748,1.690473,2.702278,0.437998
249,particle,"Photon",19748,1.837359,5.113487,0.440433
250,particle,"Photon",19748,1.702203,2.863313,0.43171
251,particle,"Photon",19748,1.709139,3.357749,0.460726
252,particle,"Photon",19748,1.585744,4.06873,0.409071
253,particle,"Photon",19748,1.770051,4.870586,0.427106
254,particle,"Photon",19748,1.685034,3.726656,0.42478
255,particle,"Photon",19748,1.715946,3.4859,0.461162
256,particle,"Photon",19748,1.751387,3.283998,0.439376
257,particle,"Photon",19748,1.717773,2.978436,0.4133
258,particle,"Photon",19748,1.792919,3.756971,0.427255
259,particle,"Photon",19748,1.849487,4.467874,0.420652
260,particle,"Photon",19748,1.733562,3.032195,0.413148
261,particle,"Photon",19748,1.727409,3.414743,0.397929
262,particle,"Photon",19748,1.75968,3.630496,0.427288
263,particle,"Photon",19748,1.692493,3.205857,0.392543
264,particle,"Photon",19748,1.730821,3.257435,0.416262
265,particle,"Photon",19748,1.8764,4.565367,0.46045
266,particle,"Photon",19748,1.806801,4.369873,0.415927
267,particle,"Photon",19748,1.701173,3.04159,0.447169
268,particle,"Photon",19748,1.773508,3.649523,0.431813
269,particle,"Photon",19748,1.745887,3.437551,0.430338
270,particle,"Photon",19748,1.65588,2.728004,0.416396
271,particle,"Photon",19748,1.711372,3.116681,0.421735
272,particle,"Photon",19748,1.749656,3.869821,0.432689
273,particle,"Photon",19748,1.77468,3.534106,0.441366
274,particle,"Photon",19748,1.752228,3.598936,0.431797
275,particle,"Photon",19748,1.717817,3.501806,0.420303
276,particle,"Photon",19748,1.694093,3.092378,0.437485
277,particle,"Photon",19748,1.71698,3.072985,0.407519
278,particle,"Photon",19748,1.669123,3.006051,0.412652
279,particle,"Photon",19748,1.702804,3.069898,0.408479
280,particle,"Photon",19748,1.670823,3.055181,0.405221
281,particle,"Photon",19748,1.698393,3.085186,0.41477
282,particle,"Photon",19748,1.655889,2.842305,0.411828
283,particle,"Photon",19748,1.728436,3.504977,0.419696
284,particle,"Photon",19748,1.717665,3.264339,0.412606
285,particle,"Photon",19748,1.667756,2.899028,0.402862
286,particle,"Photon",19748,1.688173,3.021298,0.412456
287,particle,"Photon",19748,1.732067,3.516434,0.413559
288,particle,"Photon",19748,1.657315,3.131482,0.427434
289,particle,"Photon",19748,1.680532,2.96881,0.39749
290,particle,"Photon",19748,1.702585,3.283658,0.417926
291,particle,"Photon",19748,1.687651,3.09033,0.40146
292,particle,"Photon",19748,1.728863,3.285254,0.408251
293,particle,"Photon",19748,1.693942,3.268238,0.396602
294,particle,"Photon",19748,1.707303,3.043605,0.428569
295,particle,"Photon",19748,1.660825,2.697687,0.409139
296,particle,"Photon",19748,1.754322,3.706466,0.421027
297,particle,"Photon",19748,1.766535,4.945508,0.444156
298,particle,"Photon",19748,1.827021,5.395507,0.429036
299,particle,"Photon",19748,1.721578,4.020984,0.426708
300,particle,"Photon",19748,1.726415,3.410771,0.426125
301,particle,"Photon",19748,1.849551,5.015888,0.46506
302,particle,"Photon",19748,1.795441,6.240803,0.436222
303,particle,"Photon",19748,1.711672,3.628822,0.430413
304,particle,"Photon",19748,1.721582,3.792702,0.412384
305,particle,"Photon",19748,1.842421,6.698135,0.423943
306,particle,"Photon",19748,1.874385,5.62214,0.440215
307,particle,"Photon",19748,1.776457,4.669915,0.413173
308,particle,"Photon",19748,1.910842,6.266977,0.440633
309,particle,"Photon",19748,1.89612,9.266412,0.413675
310,particle,"Photon",19748,1.787984,5.643154,0.413367
311,particle,"Photon",19748,1.715357,4.060062,0.416172
312,particle,"Photon",19748,1.704652,3.127202,0.388256
313,particle,"Photon",19748,1.692474,3.964984,0.395744
314,particle,"Photon",19748,1.707414,3.398466,0.409583
315,particle,"Photon",19748,1.697657,3.292197,0.382215
316,particle,"Photon",19748,1.668056,3.897779,0.388796
317,particle,"Photon",19748,1.804101,8.215236,0.418195
318,particle,"Photon",19748,1.723337,3.496171,0.400219
319,particle,"Photon",19748,1.771341,4.493644,0.442791
320,particle,"Photon",19748,1.694399,4.526286,0.391124
321,particle,"Photon",19748,1.771904,3.646589,0.437129
322,particle,"Photon",19748,1.744693,3.147011,0.441416
323,particle,"Photon",19748,1.747931,3.91396,0.42481
324,particle,"Photon",19748,1.735444,5.797708,0.421904
325,particle,"Photon",19748,1.582063,2.831277,0.392372
326,particle,"Photon",19748,1.669999,3.334054,0.394778
327,particle,"Photon",19748,1.735326,3.259997,0.391479
328,particle,"Photon",19748,1.652424,3.191956,0.386045
329,particle,"Photon",19748,1.683702,3.425202,0.431163
330,particle,"Photon",19748,1.712217,3.801855,0.423366
331,particle,"Photon",19748,1.761982,4.351419,0.465532
332,particle,"Photon",19748,1.61784,2.534297,0.398193
333,particle,"Photon",19748,1.718987,3.970923,0.421082
334,particle,"Photon",19748,1.661293,3.632084,0.399748
335,particle,"Photon",19748,1.672883,3.750628,0.406857
336,particle,"Photon",19748,1.673872,2.979045,0.406226
337,particle,"Photon",19748,1.673279,3.378157,0.397457
338,particle,"Photon",19748,1.616565,2.923223,0.396404
339,particle,"Photon",19748,1.650979,2.785038,0.393153
340,particle,"Photon",19748,1.648223,3.050684,0.401461
341,particle,"Photon",19748,1.691345,3.299436,0.398368
342,particle,"Photon",19748,1.735917,4.444933,0.43904
343,particle,"Photon",19748,1.630577,3.293678,0.38398
344,particle,"Photon",19748,1.676043,3.553007,0.401542
345,particle,"Photon",19748,1.64486,2.908578,0.384434
346,particle,"Photon",19748,1.67401,3.733233,0.39621
347,particle,"Photon",19748,1.67581,3.21883,0.398458
348,particle,"Photon",19748,1.684805,3.833951,0.409641
349,particle,"Photon",19748,1.643502,3.11427,0.412314
350,particle,"Photon",19748,1.662784,3.49844,0.396325
351,particle,"Photon",19748,1.679899,2.844245,0.39625
352,particle,"Photon",19748,1.664112,3.109445,0.395821
353,particle,"Photon",19748,1.64399,3.492656,0.395683
354,particle,"Photon",19748,1.635782,3.025088,0.384154
355,particle,"Photon",19748,1.655516,4.236355,0.43831
356,particle,"Photon",19748,1.794596,5.326764,0.470898
357,particle,"Photon",19748,1.648859,3.277171,0.400694
358,particle,"Photon",19748,1.672921,3.069298,0.405328
359,particle,"Photon",19748,1.613367,3.655804,0.410071
360,particle,"Photon",19748,1.688919,5.304974,0.406349
361,particle,"Photon",19748,1.60382,3.258341,0.404525
362,particle,"Photon",19748,1.680273,3.41644,0.408743
363,particle,"Photon",19748,1.672729,3.506557,0.437906
364,particle,"Photon",19748,1.641608,3.068004,0.416219
365,particle,"Photon",19748,1.705732,3.903856,0.40792
366,particle,"Photon",19748,1.674694,2.997096,0.437739
367,particle,"Photon",19748,1.706036,4.387377,0.398228
368,particle,"Photon",19748,1.564463,2.900006,0.382395
369,particle,"Photon",19748,1.688001,3.117132,0.412808
370,particle,"Photon",19748,1.55908,2.570456,0.386895
371,particle,"Photon",19748,1.69486,2.93791,0.39191
372,particle,"Photon",19748,1.625799,3.123439,0.377067
373,particle,"Photon",19748,1.673856,2.873946,0.405086
374,particle,"Photon",19748,1.673981,3.063116,0.396473
375,particle,"Photon",19748,1.689912,3.028838,0.395211
376,particle,"Photon",19748,1.642526,2.863081,0.397076
377,particle,"Photon",19748,1.653313,3.22938,0.397413
378,particle,"Photon",19748,1.731692,3.287466,0.400259
379,particle,"Photon",19748,1.646208,2.949448,0.39644
380,particle,"Photon",19748,1.684812,2.737759,0.414409
381,particle,"Photon",19748,1.645414,3.027511,0.401744
382,particle,"Photon",19748,1.747213,3.718849,0.427479
383,particle,"Photon",19748,1.667266,2.866076,0.414691
384,particle,"Photon",19748,1.64364,2.900298,0.379339
385,particle,"Photon",19748,1.643559,2.910419,0.419436
386,particle,"Photon",19748,1.697325,2.96777,0.421319
387,particle,"Photon",19748,1.711574,3.023303,0.437318
388,particle,"Photon",19748,1.69283,2.829157,0.434985
389,particle,"Photon",19748,1.705033,3.440071,0.438748
390,particle,"Photon",19748,1.657599,2.909116,0.423014
391,particle,"Photon",19748,1.680895,4.288806,0.396323
392,particle,"Photon",19748,1.677666,2.813234,0.404757
393,particle,"Photon",19748,1.699113,3.375429,0.383121
394,particle,"Photon",19748,1.701172,3.194951,0.409247
395,particle,"Photon",19748,1.635926,2.922374,0.401962
396,particle,"Photon",19748,1.623503,2.790901,0.397565
397,particle,"Photon",19748,1.670194,5.257148,0.425835
398,particle,"Photon",19748,1.66476,2.913366,0.38466
399,particle,"Photon",19748,1.621634,2.901727,0.41025
400,particle,"Photon",19748,1.666038,2.88597,0.393074
401,particle,"Photon",19748,1.704362,3.738993,0.404498
402,particle,"Photon",19748,1.634177,3.620925,0.396151
403,particle,"Photon",19748,1.69836,3.293856,0.419133
404,particle,"Photon",19748,1.633513,3.555023,0.384629
405,particle,"Photon",19748,1.700982,3.817884,0.392968
406,particle,"Photon",19748,1.65805,3.445583,0.396986
407,particle,"Photon",19748,1.61352,3.057573,0.409655
408,particle,"Photon",19748,1.659517,3.110439,0.399458
409,particle,"Photon",19748,1.656604,3.07409,0.389554
410,particle,"Photon",19748,1.669393,3.553468,0.398805
411,particle,"Photon",19748,1.702113,5.031709,0.409585
412,particle,"Photon",19748,1.647118,3.043423,0.405743
413,particle,"Photon",19748,1.652933,2.808234,0.406936
414,particle,"Photon",19748,1.627043,3.116883,0.408234
415,particle,"Photon",19748,1.638872,3.27115,0.407485
416,particle,"Photon",19748,1.638718,3.766416,0.395949
417,particle,"Photon",19748,1.6516,3.828291,0.397208
418,particle,"Photon",19748,1.68351,3.056846,0.392392
419,particle,"Photon",19748,1.688915,3.74316,0.394383
420,particle,"Photon",19748,1.693636,3.670936,0.388754
421,particle,"Photon",19748,1.689771,3.272377,0.396061
422,particle,"Photon",19748,1.581738,2.491703,0.398574
423,particle,"Photon",19748,1.6602,3.450828,0.394108
424,particle,"Photon",19748,1.62083,3.164976,0.403124
425,particle,"Photon",19748,1.697915,4.291593,0.405322
426,particle,"Photon",19748,1.669997,3.086014,0.382636
427,particle,"Photon",19748,1.642323,3.017349,0.382694
428,particle,"Photon",19748,1.661354,3.119334,0.398854
429,particle,"Photon",19748,1.623097,3.240765,0.396784
430,particle,"Photon",19748,1.689673,5.048807,0.396658
431,particle,"Photon",19748,1.662538,3.323605,0.40925
432,particle,"Photon",19748,1.720025,4.386588,0.395156
433,particle,"Photon",19748,1.696632,3.248314,0.413771
434,particle,"Photon",19748,1.672501,3.677149,0.411182
435,particle,"Photon",19748,1.665272,3.452548,0.416336
436,particle,"Photon",19748,1.678699,3.799602,0.379729
437,particle,"Photon",19748,1.644726,4.342934,0.377672
438,particle,"Photon",19748,1.629572,3.795456,0.401889
439,particle,"Photon",19748,1.69874,3.17615,0.424394
440,particle,"Photon",19748,1.653462,3.099971,0.39943
441,particle,"Photon",19748,1.576011,2.532598,0.37845
442,particle,"Photon",19748,1.6522,3.627061,0.380279
443,particle,"Photon",19748,1.673493,3.879671,0.391528
444,particle,"Photon",19748,1.625776,3.500223,0.397061
445,particle,"Photon",19748,1.879107,8.551078,0.392187
446,particle,"Photon",19748,1.655672,3.323514,0.370153
447,particle,"Photon",19748,1.657674,3.783131,0.371734
448,particle,"Photon",19748,1.597623,3.874944,0.367699
449,particle,"Photon",19748,1.638135,3.907385,0.37652
450,particle,"Photon",19748,1.558345,3.091558,0.366845
451,particle,"Photon",19748,1.574627,2.846061,0.39668
452,particle,"Photon",19748,1.884828,12.79573,0.382082
453,particle,"Photon",19748,1.648148,3.54533,0.36961
454,particle,"Photon",19748,1.555753,4.048452,0.368751
455,particle,"Photon",19748,1.555924,3.118337,0.365328
456,particle,"Photon",19748,1.567555,2.855565,0.359334
457,particle,"Photon",19748,1.715641,5.808631,0.380084
458,particle,"Photon",19748,1.541735,3.030924,0.361152
459,particle,"Photon",19748,1.584974,3.72929,0.361174
460,particle,"Photon",19748,1.664876,4.088597,0.38067
461,particle,"Photon",19748,1.645889,4.179112,0.363787
462,particle,"Photon",19748,1.642183,4.442898,0.382217
463,particle,"Photon",19748,1.620993,3.150807,0.368789
464,particle,"Photon",19748,1.54542,2.894056,0.368554
465,particle,"Photon",19748,1.582322,2.708056,0.364513
466,particle,"Photon",19748,1.619399,3.496195,0.386151
467,particle,"Photon",19748,1.580521,3.346548,0.404787
468,particle,"Photon",19748,1.647111,4.191987,0.370743
469,particle,"Photon",19748,1.684651,4.692215,0.373814
470,particle,"Photon",19748,1.587226,2.96408,0.37503
471,particle,"Photon",19748,1.647144,4.16654,0.366478
472,particle,"Photon",19748,1.597934,3.987859,0.368382
473,particle,"Photon",19748,1.590646,2.861441,0.375532
474,particle,"Photon",19748,1.73075,6.727497,0.38995
475,particle,"Photon",19748,1.596017,3.717195,0.380974
476,particle,"Photon",19748,1.581814,2.639019,0.375719
477,particle,"Photon",19748,1.604739,3.662712,0.399634
478,particle,"Photon",19748,1.639188,3.101223,0.367997
479,particle,"Photon",19748,1.611587,3.473664,0.394867
480,particle,"Photon",19748,1.657806,5.562861,0.375765
481,particle,"Photon",19748,1.647413,3.740327,0.365595
482,particle,"Photon",19748,1.627138,3.753908,0.374455
483,particle,"Photon",19748,1.564763,2.537099,0.376727
484,particle,"Photon",19748,1.677952,4.509992,0.365514
485,particle,"Photon",19748,1.631451,4.107721,0.380608
486,particle,"Photon",19748,1.642199,3.888427,0.367898
487,particle,"Photon",19748,1.551675,3.084888,0.371566
488,particle,"Photon",19748,1.536337,2.581814,0.36727
489,particle,"Photon",19748,1.629537,4.45228,0.374718
490,particle,"Photon",19748,1.666542,5.114313,0.371277
491,particle,"Photon",19748,1.646377,3.217395,0.373221
492,particle,"Photon",19748,1.758819,8.975822,0.386338
493,particle,"Photon",19748,1.6626,4.293355,0.369511
494,particle,"Photon",19748,1.760672,7.616945,0.377608
495,particle,"Photon",19748,1.67341,4.822659,0.365231
496,particle,"Photon",19748,1.64101,3.919062,0.361891
497,particle,"Photon",19748,1.689682,5.381799,0.370864
498,particle,"Photon",19748,1.646072,3.878148,0.369529
499,particle,"Photon",19748,1.624011,3.638628,0.368639
0,particle,"Pion",21287,3.908467,8.715323,3.692354
1,particle,"Pion",21287,3.810967,8.504342,3.62435
2,particle,"Pion",21287,1.067061,0.473688,0.150175
3,particle,"Pion",21287,0.954583,0.467805,0.126688
4,particle,"Pion",21287,1.005479,0.582057,0.191182
5,particle,"Pion",21287,1.069662,0.938715,0.12884
6,particle,"Pion",21287,0.962778,0.330763,0.117359
7,particle,"Pion",21287,0.90115,0.414748,0.123136
8,particle,"Pion",21287,0.988957,0.462739,0.143424
9,particle,"Pion",21287,0.986002,0.428308,0.154082
10,particle,"Pion",21287,1.017669,0.460167,0.15567
11,particle,"Pion",21287,1.034646,0.550258,0.14287
12,particle,"Pion",21287,1.035979,0.465491,0.135911
13,particle,"Pion",21287,0.995134,0.328715,0.122533
14,particle,"Pion",21287,0.984827,0.517058,0.130507
15,particle,"Pion",21287,1.055798,0.641212,0.137525
16,particle,"Pion",21287,1.124013,0.478055,0.137545
17,particle,"Pion",21287,1.029629,0.36285,0.119319
18,particle,"Pion",21287,0.974207,0.358462,0.11761
19,particle,"Pion",21287,0.994019,0.482106,0.120051
20,particle,"Pion",21287,1.027538,0.372134,0.115932
21,particle,"Pion",21287,0.986614,0.402895,0.113309
22,particle,"Pion",21287,0.979199,0.368867,0.10704
23,particle,"Pion",21287,0.990647,0.387141,0.109617
24,particle,"Pion",21287,0.95971,0.380518,0.103451
25,particle,"Pion",21287,0.980137,0.413637,0.103529
26,particle,"Pion",21287,0.988675,0.418514,0.106909
27,particle,"Pion",21287,0.986592,0.417292,0.101359
28,particle,"Pion",21287,0.971047,0.389516,0.106231
29,particle,"Pion",21287,0.990823,0.416749,0.10287
30,particle,"Pion",21287,0.944929,0.459365,0.146282
31,particle,"Pion",21287,1.021657,0.485323,0.157177
32,particle,"Pion",21287,1.074591,0.595453,0.146832
33,particle,"Pion",21287,0.986338,0.394297,0.167695
34,particle,"Pion",21287,1.015892,0.473283,0.165877
35,particle,"Pion",21287,1.022961,0.484027,0.15005
36,particle,"Pion",21287,0.913192,0.421613,0.161241
37,particle,"Pion",21287,0.979661,0.454339,0.155695
38,particle,"Pion",21287,0.913633,0.3689,0.162189
39,particle,"Pion",21287,1.04497,0.413153,0.182745
40,particle,"Pion",21287,0.951743,0.547679,0.158756
41,particle,"Pion",21287,1.131687,0.634498,0.214188
42,particle,"Pion",21287,1.065657,0.483814,0.168658
43,particle,"Pion",21287,0.929404,0.472606,0.168792
44,particle,"Pion",21287,0.996598,0.567978,0.164649
45,particle,"Pion",21287,0.94176,0.390696,0.152739
46,particle,"Pion",21287,0.907821,0.40982,0.166498
47,particle,"Pion",21287,1.054542,0.459124,0.173758
48,particle,"Pion",21287,0.956144,0.496952,0.166127
49,particle,"Pion",21287,1.014727,0.448905,0.152515
50,particle,"Pion",21287,1.01838,0.488963,0.149151
51,particle,"Pion",21287,1.041937,0.613525,0.157053
52,particle,"Pion",21287,1.0243,0.468358,0.145853
53,particle,"Pion",21287,1.022571,0.516349,0.14743
54,particle,"Pion",21287,1.018129,0.457736,0.147601
55,particle,"Pion",21287,0.995348,0.546376,0.148125
56,particle,"Pion",21287,1.057505,0.483218,0.147567
57,particle,"Pion",21287,1.01361,0.467275,0.138613
58,particle,"Pion",21287,1.011636,0.416634,0.138456
59,particle,"Pion",21287,1.029214,0.564361,0.139924
60,particle,"Pion",21287,1.015148,0.495434,0.141971
61,particle,"Pion",21287,1.013493,0.428002,0.137709
62,particle,"Pion",21287,1.038865,0.436811,0.137094
63,particle,"Pion",21287,1.08624,0.602271,0.185813
64,particle,"Pion",21287,0.907185,0.511157,0.17922
65,particle,"Pion",21287,1.136889,0.736324,0.194103
66,particle,"Pion",21287,0.943117,1.620391,0.192533
67,particle,"Pion",21287,1.206216,1.452667,0.263599
68,particle,"Pion",21287,0.918363,0.645843,0.212309
69,particle,"Pion",21287,1.014901,0.579938,0.215829
70,particle,"Pion",21287,0.993197,0.895704,0.240148
71,particle,"Pion",21287,0.915404,0.718318,0.222176
72,particle,"Pion",21287,1.113313,1.034786,0.274145
73,particle,"Pion",21287,0.903062,1.007068,0.2489
74,particle,"Pion",21287,1.087064,1.591855,0.235966
75,particle,"Pion",21287,1.046773,1.870813,0.196448
76,particle,"Pion",21287,1.111143,1.380598,0.2313
77,particle,"Pion",21287,1.041546,0.786204,0.199222
78,particle,"Pion",21287,1.193201,1.17839,0.254886
79,particle,"Pion",21287,1.343744,2.76609,0.31561
80,particle,"Pion",21287,1.297281,1.50404,0.25592
81,particle,"Pion",21287,1.16906,0.816454,0.209496
82,particle,"Pion",21287,1.023046,0.937392,0.27225
83,particle,"Pion",21287,0.999873,0.628541,0.186857
84,particle,"Pion",21287,1.089092,0.513839,0.208128
85,particle,"Pion",21287,0.983755,0.494637,0.175791
86,particle,"Pion",21287,1.005672,0.503083,0.182177
87,particle,"Pion",21287,0.981677,0.569741,0.176995
88,particle,"Pion",21287,1.028435,0.575506,0.172602
89,particle,"Pion",21287,0.984406,0.464734,0.172663
90,particle,"Pion",21287,1.023491,0.492707,0.166533
91,particle,"Pion",21287,1.063831,0.496142,0.184675
92,particle,"Pion",21287,1.015093,0.530848,0.173571
93,particle,"Pion",21287,1.006177,0.470998,0.169398
94,particle,"Pion",21287,1.000317,0.496667,0.161239
95,particle,"Pion",21287,0.945164,0.454862,0.167698
96,particle,"Pion",21287,1.009562,0.491745,0.161567
97,particle,"Pion",21287,0.983888,0.452059,0.162904
98,particle,"Pion",21287,0.961474,0.435293,0.158628
99,particle,"Pion",21287,0.975679,0.47303,0.160766
100,particle,"Pion",21287,0.949868,1.19259,0.231061
101,particle,"Pion",21287,1.174832,0.637886,0.266876
102,particle,"Pion",21287,0.991882,0.789501,0.236307
103,particle,"Pion",21287,1.041447,0.87382,0.251261
104,particle,"Pion",21287,1.070762,0.696298,0.222906
105,particle,"Pion",21287,1.126208,0.95708,0.224471
106,particle,"Pion",21287,0.853593,0.787239,0.223883
107,particle,"Pion",21287,1.091052,0.898421,0.233779
108,particle,"Pion",21287,0.964249,0.675417,0.223088
109,particle,"Pion",21287,1.050022,1.542071,0.301937
110,particle,"Pion",21287,1.193951,2.813319,0.23699
111,particle,"Pion",21287,1.232991,3.529869,0.241505
112,particle,"Pion",21287,0.982871,0.733547,0.209793
113,particle,"Pion",21287,0.982322,0.813603,0.20404
114,particle,"Pion",21287,1.078706,1.326123,0.194005
115,particle,"Pion",21287,1.473806,3.555184,0.278307
116,particle,"Pion",21287,1.359883,3.831762,0.251222
117,particle,"Pion",21287,1.038298,0.8213,0.21866
118,particle,"Pion",21287,1.247713,1.203357,0.244272
119,particle,"Pion",21287,1.021808,0.714574,0.216652
120,particle,"Pion",21287,1.0212,0.694002,0.20392
121,particle,"Pion",21287,1.001381,0.550714,0.183321
122,particle,"Pion",21287,1.012214,0.455682,0.173229
123,particle,"Pion",21287,0.983194,0.445754,0.174696
124,particle,"Pion",21287,1.008255,0.486593,0.190412
125,particle,"Pion",21287,1.067803,0.486301,0.177103
126,particle,"Pion",21287,1.048528,0.436788,0.181126
127,particle,"Pion",21287,1.092705,0.709532,0.207382
128,particle,"Pion",21287,1.054544,0.456911,0.171842
129,particle,"Pion",21287,1.048565,0.522837,0.184247
130,particle,"Pion",21287,1.028019,0.427701,0.17828
131,particle,"Pion",21287,1.026687,0.462376,0.170915
132,particle,"Pion",21287,1.044471,0.442753,0.16188
133,particle,"Pion",21287,1.046366,0.537213,0.161471
134,particle,"Pion",21287,1.06364,0.577453,0.165826
135,particle,"Pion",21287,1.060369,0.428783,0.160838
136,particle,"Pion",21287,1.071583,0.466071,0.185408
137,particle,"Pion",21287,1.087199,0.442941,0.172291
138,particle,"Pion",21287,1.033855,0.410077,0.158023
139,particle,"Pion",21287,1.045589,0.429985,0.160121
140,particle,"Pion",21287,0.988015,0.451656,0.15982
141,particle,"Pion",21287,1.056912,0.78171,0.214736
142,particle,"Pion",21287,1.075189,0.753706,0.207448
143,particle,"Pion",21287,0.955559,0.630912,0.200498
144,particle,"Pion",21287,1.020291,0.726962,0.199754
145,particle,"Pion",21287,0.962864,0.801223,0.215549
146,particle,"Pion",21287,1.07401,0.677798,0.231049
147,particle,"Pion",21287,1.058586,1.248643,0.225828
148,particle,"Pion",21287,1.033021,0.874615,0.252751
149,particle,"Pion",21287,0.806701,0.797593,0.269836
150,particle,"Pion",21287,1.110101,0.594308,0.228877
151,particle,"Pion",21287,1.096114,0.639454,0.22325
152,particle,"Pion",21287,0.976543,0.63951,0.232203
153,particle,"Pion",21287,0.978425,0.557326,0.24667
154,particle,"Pion",21287,1.091748,0.68727,0.243599
155,particle,"Pion",21287,1.063006,0.548013,0.232816
156,particle,"Pion",21287,1.017317,0.647835,0.240108
157,particle,"Pion",21287,1.037464,0.692484,0.220313
158,particle,"Pion",21287,1.04328,0.5753,0.22903
159,particle,"Pion",21287,1.078385,0.698313,0.209354
160,particle,"Pion",21287,1.0636,0.676779,0.21656
161,particle,"Pion",21287,0.796174,0.635893,0.304457
162,particle,"Pion",21287,1.024496,0.55317,0.209502
163,particle,"Pion",21287,1.044115,0.586597,0.216879
164,particle,"Pion",21287,1.032048,0.652706,0.235315
165,particle,"Pion",21287,1.063055,0.769366,0.233978
166,particle,"Pion",21287,1.054417,0.656933,0.21361
167,particle,"Pion",21287,1.067747,0.68324,0.210562
168,particle,"Pion",21287,1.001955,0.640273,0.227345
169,particle,"Pion",21287,0.94957,0.586581,0.233071
170,particle,"Pion",21287,0.981453,0.656274,0.247164
171,particle,"Pion",21287,0.84491,0.718076,0.276097
172,particle,"Pion",21287,1.035449,0.702658,0.222529
173,particle,"Pion",21287,0.921607,0.942519,0.259425
174,particle,"Pion",21287,1.016076,0.622514,0.238943
175,particle,"Pion",21287,0.968249,0.535198,0.187954
176,particle,"Pion",21287,0.871034,0.562151,0.222697
177,particle,"Pion",21287,0.866166,0.552753,0.227999
178,particle,"Pion",21287,1.021954,0.575927,0.196677
179,particle,"Pion",21287,0.988908,0.558198,0.196364
180,particle,"Pion",21287,1.011291,0.547996,0.186834
181,particle,"Pion",21287,0.950334,0.538365,0.199783
182,particle,"Pion",21287,0.981055,0.55671,0.199836
183,particle,"Pion",21287,0.933124,0.57732,0.223443
184,particle,"Pion",21287,0.952162,0.525084,0.196539
185,particle,"Pion",21287,0.963272,0.566678,0.215828
186,particle,"Pion",21287,0.992692,0.577371,0.217026
187,particle,"Pion",21287,0.90545,0.538248,0.201054
188,particle,"Pion",21287,0.996286,0.633174,0.24942
189,particle,"Pion",21287,1.077845,0.711602,0.210374
190,particle,"Pion",21287,0.958826,0.689198,0.201869
191,particle,"Pion",21287,1.05605,0.689833,0.202059
192,particle,"Pion",21287,0.836946,0.545577,0.235829
193,particle,"Pion",21287,0.994753,0.546455,0.208642
194,particle,"Pion",21287,1.062171,0.646854,0.203903
195,particle,"Pion",21287,1.205434,0.898127,0.230266
196,particle,"Pion",21287,0.933643,0.625344,0.242778
197,particle,"Pion",21287,1.077173,0.66351,0.214358
198,particle,"Pion",21287,1.011489,0.659283,0.225212
199,particle,"Pion",21287,1.058032,0.772954,0.232499
200,particle,"Pion",21287,1.074497,0.684036,0.203589
201,particle,"Pion",21287,1.031826,0.625699,0.197857
202,particle,"Pion",21287,1.168943,0.819928,0.226856
203,particle,"Pion",21287,1.091078,0.620348,0.233982
204,particle,"Pion",21287,1.091067,0.796693,0.215245
205,particle,"Pion",21287,1.094679,0.887506,0.234914
206,particle,"Pion",21287,0.758685,0.650713,0.310752
207,particle,"Pion",21287,0.882701,0.564576,0.252444
208,particle,"Pion",21287,0.967759,0.769769,0.270793
209,particle,"Pion",21287,0.87734,0.568436,0.244602
210,particle,"Pion",21287,0.998921,0.620366,0.235139
211,particle,"Pion",21287,1.015223,0.616525,0.228849
212,particle,"Pion",21287,0.940077,0.600809,0.22718
213,particle,"Pion",21287,0.935843,0.718688,0.213908
214,particle,"Pion",21287,0.970342,0.51628,0.209936
215,particle,"Pion",21287,0.944502,0.556368,0.240706
216,particle,"Pion",21287,0.92989,0.51864,0.223041
217,particle,"Pion",21287,0.927167,0.540959,0.242728
218,particle,"Pion",21287,1.010413,0.54796,0.194958
219,particle,"Pion",21287,0.917167,0.586298,0.23045
220,particle,"Pion",21287,0.932397,0.582127,0.215276
221,particle,"Pion",21287,0.947469,0.614386,0.207101
222,particle,"Pion",21287,1.069012,0.627442,0.198179
223,particle,"Pion",21287,0.902118,0.506625,0.200198
224,particle,"Pion",21287,0.973821,0.584076,0.189297
225,particle,"Pion",21287,0.953889,0.654262,0.193181
226,particle,"Pion",21287,0.952323,0.485419,0.180233
227,particle,"Pion",21287,0.882272,0.504423,0.216386
228,particle,"Pion",21287,1.003628,0.521737,0.188213
229,particle,"Pion",21287,0.946915,0.516434,0.186826
230,particle,"Pion",21287,0.949824,0.567529,0.187349
231,particle,"Pion",21287,0.907176,0.461683,0.193105
232,particle,"Pion",21287,0.897014,0.488339,0.187763
233,particle,"Pion",21287,0.935361,0.61044,0.189201
234,particle,"Pion",21287,0.966244,0.521451,0.17754
235,particle,"Pion",21287,0.965445,0.559027,0.176048
236,particle,"Pion",21287,0.973003,0.521579,0.17963
237,particle,"Pion",21287,0.912746,0.561214,0.180483
238,particle,"Pion",21287,0.958451,0.66642,0.193955
239,particle,"Pion",21287,1.001036,0.493273,0.188643
240,particle,"Pion",21287,1.028805,0.617508,0.201383
241,particle,"Pion",21287,0.958226,0.559556,0.189124
242,particle,"Pion",21287,0.92998,0.530614,0.173489
243,particle,"Pion",21287,1.049167,0.622954,0.182685
244,particle,"Pion",21287,1.075477,0.665367,0.184806
245,particle,"Pion",21287,0.944219,0.449519,0.178201
246,particle,"Pion",21287,0.880789,0.550176,0.195363
247,particle,"Pion",21287,0.986027,0.515974,0.167659
248,particle,"Pion",21287,0.9395,0.555726,0.183604
249,particle,"Pion",21287,0.995384,0.623298,0.176305
250,particle,"Pion",21287,0.987691,1.155371,0.236685
251,particle,"Pion",21287,0.849573,0.65612,0.236289
252,particle,"Pion",21287,0.820978,0.532834,0.230806
253,particle,"Pion",21287,0.997196,0.610957,0.187184
254,particle,"Pion",21287,0.979501,0.527905,0.183729
255,particle,"Pion",21287,0.816969,0.51207,0.211969
256,particle,"Pion",21287,0.949102,0.663793,0.186438
257,particle,"Pion",21287,1.009551,0.61297,0.188773
258,particle,"Pion",21287,0.949781,0.502899,0.192424
259,particle,"Pion",21287,1.011434,0.69718,0.202937
260,particle,"Pion",21287,0.948457,0.635013,0.188327
261,particle,"Pion",21287,0.988821,0.507426,0.1733
262,particle,"Pion",21287,1.025204,0.553911,0.1798
263,particle,"Pion",21287,0.939674,0.573606,0.204822
264,particle,"Pion",21287,0.867449,0.509415,0.202185
265,particle,"Pion",21287,1.04641,0.636224,0.186993
266,particle,"Pion",21287,1.073696,0.578143,0.176608
267,particle,"Pion",21287,0.989105,0.631835,0.185683
268,particle,"Pion",21287,1.044272,0.553743,0.181871
269,particle,"Pion",21287,1.008237,0.579109,0.178663
270,particle,"Pion",21287,0.960201,0.526334,0.166581
271,particle,"Pion",21287,0.997555,0.5002,0.166476
272,particle,"Pion",21287,1.001306,0.495928,0.167743
273,particle,"Pion",21287,0.991287,0.518557,0.173007
274,particle,"Pion",21287,0.972188,0.543645,0.186086
275,particle,"Pion",21287,0.972038,0.509174,0.182816
276,particle,"Pion",21287,0.957814,0.552906,0.190929
277,particle,"Pion",21287,0.944426,0.542046,0.174167
278,particle,"Pion",21287,0.991177,0.528269,0.170623
279,particle,"Pion",21287,1.021526,0.58894,0.169548
280,particle,"Pion",21287,0.930412,0.531806,0.163657
281,particle,"Pion",21287,1.043199,0.473944,0.166785
282,particle,"Pion",21287,1.006547,0.507483,0.162943
283,particle,"Pion",21287,1.028889,0.481208,0.165183
284,particle,"Pion",21287,1.001901,0.472695,0.161623
285,particle,"Pion",21287,1.055893,0.511506,0.166363
286,particle,"Pion",21287,1.032467,0.474083,0.164693
287,particle,"Pion",21287,1.05747,0.537064,0.165514
288,particle,"Pion",21287,0.98088,0.547763,0.172473
289,particle,"Pion",21287,1.057294,0.546201,0.166687
290,particle,"Pion",21287,1.048428,0.555227,0.17308
291,particle,"Pion",21287,1.052948,0.567326,0.170572
292,particle,"Pion",21287,1.030628,0.508714,0.163753
293,particle,"Pion",21287,1.060897,0.527719,0.168804
294,particle,"Pion",21287,0.987841,0.500083,0.172512
295,particle,"Pion",21287,0.995776,0.482339,0.167223
296,particle,"Pion",21287,1.130938,0.633367,0.193509
297,particle,"Pion",21287,0.981289,0.471662,0.165143
298,particle,"Pion",21287,1.061945,0.563324,0.173667
299,particle,"Pion",21287,0.975996,0.524434,0.180648
300,particle,"Pion",21287,0.977642,0.49662,0.18664
301,particle,"Pion",21287,1.050874,0.535769,0.18326
302,particle,"Pion",21287,1.00826,0.59744,0.182322
303,particle,"Pion",21287,0.96683,0.559356,0.177777
304,particle,"Pion",21287,1.045048,0.550365,0.175691
305,particle,"Pion",21287,0.970797,0.434027,0.175744
306,particle,"Pion",21287,1.036669,0.580675,0.182772
307,particle,"Pion",21287,1.05215,0.518072,0.179588
308,particle,"Pion",21287,0.914909,0.517899,0.179476
309,particle,"Pion",21287,1.062165,0.495527,0.170959
310,particle,"Pion",21287,1.024039,0.480017,0.16973
311,particle,"Pion",21287,1.002295,0.494991,0.170564
312,particle,"Pion",21287,1.013626,0.515793,0.165181
313,particle,"Pion",21287,0.924475,0.494641,0.18154
314,particle,"Pion",21287,0.97032,0.472894,0.173556
315,particle,"Pion",21287,1.048533,0.551429,0.16375
316,particle,"Pion",21287,0.997824,0.454062,0.164938
317,particle,"Pion",21287,1.016542,0.458605,0.170174
318,particle,"Pion",21287,1.002464,0.491161,0.162985
319,particle,"Pion",21287,1.022488,0.471208,0.171754
320,particle,"Pion",21287,1.068714,0.725313,0.178368
321,particle,"Pion",21287,0.996327,0.578072,0.168333
322,particle,"Pion",21287,1.025248,0.584181,0.172854
323,particle,"Pion",21287,1.029801,0.528071,0.166855
324,particle,"Pion",21287,0.991457,0.555153,0.160788
325,particle,"Pion",21287,0.956549,0.682935,0.162847
326,particle,"Pion",21287,1.078248,0.724089,0.194534
327,particle,"Pion",21287,1.057422,0.564828,0.165157
328,particle,"Pion",21287,0.972411,0.500288,0.163848
329,particle,"Pion",21287,0.991209,0.541188,0.164513
330,particle,"Pion",21287,0.978257,0.554464,0.168002
331,particle,"Pion",21287,0.946971,0.600685,0.189586
332,particle,"Pion",21287,0.8942,0.558451,0.163431
333,particle,"Pion",21287,0.956031,0.466664,0.158205
334,particle,"Pion",21287,0.926075,0.510748,0.154534
335,particle,"Pion",21287,0.935372,0.469202,0.152005
336,particle,"Pion",21287,0.99762,0.514932,0.172809
337,particle,"Pion",21287,0.980613,0.465437,0.151698
338,particle,"Pion",21287,0.999996,0.527684,0.15145
339,particle,"Pion",21287,0.987072,0.490943,0.158126
340,particle,"Pion",21287,0.951724,0.456196,0.152043
341,particle,"Pion",21287,1.005983,0.483482,0.157519
342,particle,"Pion",21287,0.937325,0.566353,0.153619
343,particle,"Pion",21287,0.973108,0.484488,0.153525
344,particle,"Pion",21287,0.956303,0.548161,0.153942
345,particle,"Pion",21287,0.972193,0.471318,0.148257
346,particle,"Pion",21287,0.985498,0.484006,0.148849
347,particle,"Pion",21287,0.978063,0.555908,0.153316
348,particle,"Pion",21287,0.930736,0.441007,0.150306
349,particle,"Pion",21287,0.921142,0.502969,0.15844
350,particle,"Pion",21287,0.964826,0.505772,0.151489
351,particle,"Pion",21287,0.986699,0.518817,0.152914
352,particle,"Pion",21287,0.981261,0.457576,0.149251
353,particle,"Pion",21287,0.939575,0.535906,0.150885
354,particle,"Pion",21287,0.966592,0.479765,0.150293
355,particle,"Pion",21287,0.896362,0.573266,0.153596
356,particle,"Pion",21287,0.914369,0.516216,0.151626
357,particle,"Pion",21287,0.945182,0.492175,0.149418
358,particle,"Pion",21287,0.946235,0.521196,0.154602
359,particle,"Pion",21287,0.919291,0.473134,0.1558
360,particle,"Pion",21287,0.92458,0.475416,0.151414
361,particle,"Pion",21287,0.916712,0.65116,0.157776
362,particle,"Pion",21287,1.000786,0.585428,0.158908
363,particle,"Pion",21287,0.970977,0.651164,0.159025
364,particle,"Pion",21287,1.03823,0.716642,0.160076
365,particle,"Pion",21287,1.014783,0.73345,0.159627
366,particle,"Pion",21287,1.034366,0.776302,0.16658
367,particle,"Pion",21287,0.966246,0.470134,0.161468
368,particle,"Pion",21287,1.008835,0.869533,0.158326
369,particle,"Pion",21287,1.03059,0.708508,0.159484
370,particle,"Pion",21287,0.940748,0.757261,0.153495
371,particle,"Pion",21287,1.061668,0.769177,0.163358
372,particle,"Pion",21287,1.010262,0.759071,0.152369
373,particle,"Pion",21287,1.035334,0.671075,0.159393
374,particle,"Pion",21287,1.002748,0.559588,0.157111
375,particle,"Pion",21287,0.974265,0.600863,0.158124
376,particle,"Pion",21287,0.981736,0.569623,0.156324
377,particle,"Pion",21287,0.94613,0.538001,0.164724
378,particle,"Pion",21287,1.000741,0.508368,0.153465
379,particle,"Pion",21287,0.991331,0.593311,0.157284
380,particle,"Pion",21287,1.001658,0.620514,0.151858
381,particle,"Pion",21287,1.008338,0.620664,0.151161
382,particle,"Pion",21287,1.022756,0.624122,0.159842
383,particle,"Pion",21287,0.964302,0.593357,0.152624
384,particle,"Pion",21287,0.983275,0.594078,0.152023
385,particle,"Pion",21287,0.943003,0.563251,0.151973
386,particle,"Pion",21287,0.985975,0.602236,0.149287
387,particle,"Pion",21287,0.935043,0.653505,0.148235
388,particle,"Pion",21287,0.997268,0.71749,0.164625
389,particle,"Pion",21287,0.963698,0.602615,0.148976
390,particle,"Pion",21287,0.977662,0.54506,0.152114
391,particle,"Pion",21287,1.004021,0.661301,0.153756
392,particle,"Pion",21287,1.009089,0.485935,0.157511
393,particle,"Pion",21287,1.014501,0.586948,0.149112
394,particle,"Pion",21287,1.021956,0.568442,0.148978
395,particle,"Pion",21287,0.907657,0.532962,0.139319
396,particle,"Pion",21287,0.929373,0.518882,0.141177
397,particle,"Pion",21287,0.873151,0.520781,0.155819
398,particle,"Pion",21287,0.950349,0.442496,0.140899
399,particle,"Pion",21287,0.880965,0.467599,0.140976
400,particle,"Pion",21287,0.978814,0.411311,0.145519
401,particle,"Pion",21287,0.984701,0.481951,0.144189
402,particle,"Pion",21287,0.953035,0.490425,0.140833
403,particle,"Pion",21287,1.004618,0.531229,0.149898
404,particle,"Pion",21287,0.997554,0.51275,0.142637
405,particle,"Pion",21287,0.969423,0.500206,0.145174
406,particle,"Pion",21287,0.956307,0.42338,0.142467
407,particle,"Pion",21287,0.919382,0.509213,0.139806
408,particle,"Pion",21287,0.970287,0.488986,0.142865
409,particle,"Pion",21287,0.99962,0.442771,0.144797
410,particle,"Pion",21287,0.976785,0.428578,0.141399
411,particle,"Pion",21287,0.973542,0.47615,0.148935
412,particle,"Pion",21287,0.978554,0.503703,0.140863
413,particle,"Pion",21287,0.930352,0.516402,0.154838
414,particle,"Pion",21287,0.894862,0.463194,0.163405
415,particle,"Pion",21287,0.924295,0.525489,0.139827
416,particle,"Pion",21287,0.887544,0.524454,0.150391
417,particle,"Pion",21287,0.97991,0.535585,0.142235
418,particle,"Pion",21287,0.956775,0.473942,0.14497
419,particle,"Pion",21287,1.008534,0.518847,0.142732
420,particle,"Pion",21287,0.997114,0.459238,0.144773
421,particle,"Pion",21287,0.991462,0.471138,0.143536
422,particle,"Pion",21287,0.715876,0.480281,0.178864
423,particle,"Pion",21287,0.979731,0.56937,0.141485
424,particle,"Pion",21287,0.926653,0.573079,0.143513
425,particle,"Pion",21287,0.987067,0.486538,0.150304
426,particle,"Pion",21287,0.998117,0.497385,0.142503
427,particle,"Pion",21287,1.000153,0.47407,0.143488
428,particle,"Pion",21287,0.951026,0.493646,0.139714
429,particle,"Pion",21287,0.95759,0.552262,0.14938
430,particle,"Pion",21287,1.027602,0.58046,0.148682
431,particle,"Pion",21287,0.971706,0.603855,0.15218
432,particle,"Pion",21287,0.99655,0.497787,0.142032
433,particle,"Pion",21287,0.987178,0.623984,0.151404
434,particle,"Pion",21287,0.967539,0.670615,0.166294
435,particle,"Pion",21287,0.97507,0.612712,0.154092
436,particle,"Pion",21287,1.010827,0.598558,0.148601
437,particle,"Pion",21287,0.987203,0.654926,0.151479
438,particle,"Pion",21287,1.002013,1.073267,0.160578
439,particle,"Pion",21287,1.062306,0.704146,0.173371
440,particle,"Pion",21287,1.007139,0.585792,0.152294
441,particle,"Pion",21287,0.968439,0.485454,0.156251
442,particle,"Pion",21287,0.986579,0.73936,0.156352
443,particle,"Pion",21287,1.024131,0.658964,0.147902
444,particle,"Pion",21287,0.965549,0.602853,0.147007
445,particle,"Pion",21287,0.96024,0.504923,0.14573
446,particle,"Pion",21287,1.031442,0.549783,0.148156
447,particle,"Pion",21287,0.961257,0.678517,0.150207
448,particle,"Pion",21287,0.96375,0.59052,0.14361
449,particle,"Pion",21287,1.018426,0.549893,0.145612
450,particle,"Pion",21287,0.902823,0.508284,0.14303
451,particle,"Pion",21287,0.90697,0.553055,0.150709
452,particle,"Pion",21287,0.965255,0.50328,0.134915
453,particle,"Pion",21287,1.016433,0.49825,0.142675
454,particle,"Pion",21287,0.961981,0.478717,0.141572
455,particle,"Pion",21287,0.950005,0.479043,0.132602
456,particle,"Pion",21287,0.941652,0.412564,0.140629
457,particle,"Pion",21287,0.920883,0.448016,0.144931
458,particle,"Pion",21287,0.945064,0.453148,0.136833
459,particle,"Pion",21287,0.893376,0.496311,0.148291
460,particle,"Pion",21287,0.913855,0.416232,0.146305
461,particle,"Pion",21287,0.949369,0.417035,0.133664
462,particle,"Pion",21287,0.965869,0.376692,0.139315
463,particle,"Pion",21287,0.992567,0.373195,0.138213
464,particle,"Pion",21287,0.916243,0.384434,0.139999
465,particle,"Pion",21287,0.97205,0.417786,0.137662
466,particle,"Pion",21287,0.938933,0.390481,0.13771
467,particle,"Pion",21287,0.897443,0.420555,0.176624
468,particle,"Pion",21287,0.931716,0.362483,0.133779
469,particle,"Pion",21287,0.932193,0.358883,0.135974
470,particle,"Pion",21287,0.95369,0.393623,0.139
471,particle,"Pion",21287,0.975031,0.412709,0.136752
472,particle,"Pion",21287,0.912629,0.387832,0.134323
473,particle,"Pion",21287,0.975605,0.468021,0.137184
474,particle,"Pion",21287,0.966194,0.384355,0.149532
475,particle,"Pion",21287,0.94915,0.380983,0.1503
476,particle,"Pion",21287,0.940581,0.40739,0.137984
477,particle,"Pion",21287,0.951893,0.37829,0.154437
478,particle,"Pion",21287,0.986127,0.39698,0.13647
479,particle,"Pion",21287,0.906872,0.378992,0.138635
480,particle,"Pion",21287,0.955172,0.424396,0.134609
481,particle,"Pion",21287,0.993067,0.393001,0.134231
482,particle,"Pion",21287,0.992548,0.392683,0.134038
483,particle,"Pion",21287,0.960098,0.463399,0.133986
484,particle,"Pion",21287,0.985767,0.415407,0.136449
485,particle,"Pion",21287,0.938338,0.442157,0.142488
486,particle,"Pion",21287,0.980152,0.41468,0.133837
487,particle,"Pion",21287,0.916152,0.464091,0.131595
488,particle,"Pion",21287,0.958568,0.461944,0.142347
489,particle,"Pion",21287,0.946778,0.411541,0.134947
490,particle,"Pion",21287,0.96592,0.405924,0.137255
491,particle,"Pion",21287,0.975084,0.441926,0.131742
492,particle,"Pion",21287,0.967528,0.435493,0.134742
493,particle,"Pion",21287,0.94828,0.389268,0.137391
494,particle,"Pion",21287,0.9922,0.404651,0.135041
495,particle,"Pion",21287,1.008495,0.402661,0.134548
496,particle,"Pion",21287,0.982832,0.409685,0.134161
497,particle,"Pion",21287,1.001576,0.395786,0.136516
498,particle,"Pion",21287,0.966244,0.433821,0.139315
499,particle,"Pion",21287,0.957483,0.391493,0.13252
0,particle,"Electron",6154,14.602898,20.771165,13.085533
1,particle,"Electron",6154,14.01062,20.114955,12.493225
2,particle,"Electron",6154,1.396072,3.131529,0.27382
3,particle,"Electron",6154,1.404874,6.305081,0.280753
4,particle,"Electron",6154,1.449062,7.219162,0.275393
5,particle,"Electron",6154,1.44897,6.402625,0.222089
6,particle,"Electron",6154,1.216015,1.407195,0.294835
7,particle,"Electron",6154,1.287045,5.938198,0.273011
8,particle,"Electron",6154,1.328025,1.905834,0.322475
9,particle,"Electron",6154,1.354499,3.370814,0.290277
10,particle,"Electron",6154,1.34343,2.384294,0.315726
11,particle,"Electron",6154,1.654288,10.332212,0.295907
12,particle,"Electron",6154,1.739841,20.20377,0.282039
13,particle,"Electron",6154,1.350718,5.107181,0.253458
14,particle,"Electron",6154,1.351168,3.962175,0.289804
15,particle,"Electron",6154,1.474497,7.289559,0.27928
16,particle,"Electron",6154,1.460724,4.659007,0.270039
17,particle,"Electron",6154,1.331539,3.226391,0.259159
18,particle,"Electron",6154,1.287957,2.915168,0.267632
19,particle,"Electron",6154,1.423607,4.416075,0.292998
20,particle,"Electron",6154,1.31957,3.512698,0.247793
21,particle,"Electron",6154,1.28571,2.578404,0.263661
22,particle,"Electron",6154,1.234606,1.973583,0.251532
23,particle,"Electron",6154,1.220346,2.125646,0.243835
24,particle,"Electron",6154,1.243155,1.806172,0.262604
25,particle,"Electron",6154,1.274745,2.108644,0.25236
26,particle,"Electron",6154,1.280843,1.973256,0.261053
27,particle,"Electron",6154,1.2857,3.082905,0.250858
28,particle,"Electron",6154,1.271546,3.391585,0.258968
29,particle,"Electron",6154,1.268258,2.890332,0.251637
30,particle,"Electron",6154,1.2464,1.976752,0.281004
31,particle,"Electron",6154,1.364838,3.502475,0.292748
32,particle,"Electron",6154,1.651143,7.446124,0.304064
33,particle,"Electron",6154,1.309433,1.589683,0.304421
34,particle,"Electron",6154,1.311151,2.05238,0.262044
35,particle,"Electron",6154,1.375944,2.377157,0.267525
36,particle,"Electron",6154,1.268522,1.263693,0.338338
37,particle,"Electron",6154,1.339986,2.242391,0.30212
38,particle,"Electron",6154,1.246583,2.402908,0.275499
39,particle,"Electron",6154,1.302022,2.144777,0.279018
40,particle,"Electron",6154,1.293359,1.946266,0.330477
41,particle,"Electron",6154,1.566038,2.804258,0.44097
42,particle,"Electron",6154,1.433285,2.578897,0.318349
43,particle,"Electron",6154,1.278031,2.954547,0.314968
44,particle,"Electron",6154,1.401669,3.723825,0.355128
45,particle,"Electron",6154,1.30337,2.753882,0.306728
46,particle,"Electron",6154,1.269985,2.325707,0.320683
47,particle,"Electron",6154,1.403101,2.367407,0.320783
48,particle,"Electron",6154,1.307695,2.530012,0.326233
49,particle,"Electron",6154,1.46697,3.445927,0.327686
50,particle,"Electron",6154,1.371951,3.851841,0.290277
51,particle,"Electron",6154,1.419151,2.441132,0.318845
52,particle,"Electron",6154,1.353187,2.276218,0.310782
53,particle,"Electron",6154,1.346148,2.81362,0.309337
54,particle,"Electron",6154,1.387483,3.070041,0.314296
55,particle,"Electron",6154,1.332837,2.160376,0.318133
56,particle,"Electron",6154,1.37301,2.737754,0.298826
57,particle,"Electron",6154,1.326197,2.492034,0.293959
58,particle,"Electron",6154,1.34525,2.827789,0.309702
59,particle,"Electron",6154,1.359061,2.619565,0.302921
60,particle,"Electron",6154,1.351926,2.560997,0.313364
61,particle,"Electron",6154,1.356042,3.187401,0.296135
62,particle,"Electron",6154,1.398875,3.001926,0.294975
63,particle,"Electron",6154,1.500459,3.32034,0.349809
64,particle,"Electron",6154,1.317337,3.994903,0.379639
65,particle,"Electron",6154,1.647944,4.475176,0.417703
66,particle,"Electron",6154,1.487084,6.992315,0.383679
67,particle,"Electron",6154,1.622041,2.520781,0.427156
68,particle,"Electron",6154,1.387442,3.013884,0.437287
69,particle,"Electron",6154,1.555007,2.892514,0.463206
70,particle,"Electron",6154,1.54263,3.67684,0.473095
71,particle,"Electron",6154,1.344217,3.21475,0.382979
72,particle,"Electron",6154,1.547157,3.923964,0.456627
73,particle,"Electron",6154,1.439086,9.334696,0.376748
74,particle,"Electron",6154,1.484406,4.528529,0.383976
75,particle,"Electron",6154,1.529747,5.040317,0.411142
76,particle,"Electron",6154,1.536411,4.721097,0.370711
77,particle,"Electron",6154,1.462099,2.980449,0.382045
78,particle,"Electron",6154,1.541671,3.981721,0.363171
79,particle,"Electron",6154,1.909633,6.528543,0.477786
80,particle,"Electron",6154,1.793761,5.913958,0.364383
81,particle,"Electron",6154,1.546207,4.434326,0.344281
82,particle,"Electron",6154,1.46661,3.699126,0.385077
83,particle,"Electron",6154,1.317513,2.70614,0.356357
84,particle,"Electron",6154,1.451878,3.398399,0.317804
85,particle,"Electron",6154,1.388915,3.271033,0.35043
86,particle,"Electron",6154,1.332943,2.384444,0.342603
87,particle,"Electron",6154,1.331469,3.127818,0.373843
88,particle,"Electron",6154,1.34192,2.143377,0.337081
89,particle,"Electron",6154,1.367491,3.907352,0.328391
90,particle,"Electron",6154,1.410055,3.333222,0.328634
91,particle,"Electron",6154,1.41711,3.885151,0.324835
92,particle,"Electron",6154,1.354177,2.30678,0.332573
93,particle,"Electron",6154,1.35946,3.195759,0.327267
94,particle,"Electron",6154,1.386595,3.749412,0.314163
95,particle,"Electron",6154,1.367828,4.685852,0.321188
96,particle,"Electron",6154,1.435974,4.607014,0.321205
97,particle,"Electron",6154,1.353812,3.516042,0.327756
98,particle,"Electron",6154,1.322698,3.683879,0.310148
99,particle,"Electron",6154,1.36418,4.096613,0.314083
100,particle,"Electron",6154,1.443228,3.401114,0.43177
101,particle,"Electron",6154,1.605799,5.54364,0.361438
102,particle,"Electron",6154,1.452994,3.63324,0.42229
103,particle,"Electron",6154,1.415813,3.185493,0.421231
104,particle,"Electron",6154,1.68515,8.651913,0.399604
105,particle,"Electron",6154,1.552772,2.980244,0.398523
106,particle,"Electron",6154,1.229691,2.291496,0.370638
107,particle,"Electron",6154,1.524047,3.113269,0.434498
108,particle,"Electron",6154,1.305663,1.787936,0.40542
109,particle,"Electron",6154,1.543458,4.801434,0.468691
110,particle,"Electron",6154,1.892926,7.366927,0.472102
111,particle,"Electron",6154,1.906915,7.667992,0.467033
112,particle,"Electron",6154,1.50091,4.556163,0.436123
113,particle,"Electron",6154,1.464826,3.424882,0.416109
114,particle,"Electron",6154,1.648241,6.202188,0.379853
115,particle,"Electron",6154,2.133191,8.50465,0.49965
116,particle,"Electron",6154,1.984956,8.040374,0.402216
117,particle,"Electron",6154,1.523448,4.148974,0.371058
118,particle,"Electron",6154,1.729393,5.053365,0.399143
119,particle,"Electron",6154,1.360089,2.344715,0.376495
120,particle,"Electron",6154,1.385213,2.892644,0.383423
121,particle,"Electron",6154,1.346592,2.781804,0.364465
122,particle,"Electron",6154,1.37904,3.319128,0.326527
123,particle,"Electron",6154,1.323478,2.719596,0.329065
124,particle,"Electron",6154,1.357009,2.70757,0.330629
125,particle,"Electron",6154,1.358639,2.799899,0.319395
126,particle,"Electron",6154,1.360902,3.290775,0.316392
127,particle,"Electron",6154,1.490781,4.003479,0.363121
128,particle,"Electron",6154,1.378241,3.036439,0.312736
129,particle,"Electron",6154,1.398156,3.016933,0.348985
130,particle,"Electron",6154,1.365181,3.08856,0.320984
131,particle,"Electron",6154,1.333726,2.818263,0.312581
132,particle,"Electron",6154,1.371489,3.381389,0.2963
133,particle,"Electron",6154,1.360715,3.270495,0.302367
134,particle,"Electron",6154,1.380971,3.25043,0.306681
135,particle,"Electron",6154,1.35936,3.148659,0.295822
136,particle,"Electron",6154,1.382784,2.913053,0.306142
137,particle,"Electron",6154,1.390936,3.112824,0.3065
138,particle,"Electron",6154,1.36265,3.159241,0.30523
139,particle,"Electron",6154,1.343523,3.389614,0.29957
140,particle,"Electron",6154,1.309912,2.75018,0.318278
141,particle,"Electron",6154,1.569162,5.967826,0.386764
142,particle,"Electron",6154,1.447539,2.827591,0.377702
143,particle,"Electron",6154,1.317383,2.310083,0.37165
144,particle,"Electron",6154,1.374181,2.977434,0.352199
145,particle,"Electron",6154,1.368891,2.766926,0.438409
146,particle,"Electron",6154,1.53613,4.93888,0.402547
147,particle,"Electron",6154,1.484885,4.600622,0.405492
148,particle,"Electron",6154,1.343478,2.319378,0.407062
149,particle,"Electron",6154,1.194268,2.02567,0.430706
150,particle,"Electron",6154,1.45292,2.267306,0.3657
151,particle,"Electron",6154,1.53432,6.484375,0.354298
152,particle,"Electron",6154,1.396936,3.065867,0.389305
153,particle,"Electron",6154,1.3701,2.693174,0.379029
154,particle,"Electron",6154,1.617055,4.264797,0.388862
155,particle,"Electron",6154,1.491887,4.187443,0.382506
156,particle,"Electron",6154,1.448976,2.351579,0.396279
157,particle,"Electron",6154,1.552373,4.065361,0.410328
158,particle,"Electron",6154,1.558552,3.861759,0.398451
159,particle,"Electron",6154,1.489408,3.796143,0.371314
160,particle,"Electron",6154,1.523147,3.863171,0.376256
161,particle,"Electron",6154,1.310528,3.191244,0.489879
162,particle,"Electron",6154,1.446862,3.432118,0.348828
163,particle,"Electron",6154,1.457706,3.219129,0.374044
164,particle,"Electron",6154,1.549993,3.976958,0.407746
165,particle,"Electron",6154,1.588689,5.166359,0.402221
166,particle,"Electron",6154,1.591715,4.632091,0.416873
167,particle,"Electron",6154,1.570426,4.2114,0.432007
168,particle,"Electron",6154,1.524451,4.065854,0.410908
169,particle,"Electron",6154,1.499866,4.171616,0.425287
170,particle,"Electron",6154,1.528092,4.200454,0.446689
171,particle,"Electron",6154,1.541683,4.932467,0.491417
172,particle,"Electron",6154,1.527492,3.72783,0.438763
173,particle,"Electron",6154,1.425167,4.198671,0.465661
174,particle,"Electron",6154,1.510674,3.496057,0.453616
175,particle,"Electron",6154,1.465275,3.925603,0.417611
176,particle,"Electron",6154,1.376359,3.53613,0.454603
177,particle,"Electron",6154,1.335131,3.040432,0.442856
178,particle,"Electron",6154,1.482974,3.411415,0.403074
179,particle,"Electron",6154,1.425151,3.047976,0.395771
180,particle,"Electron",6154,1.447872,3.568625,0.378498
181,particle,"Electron",6154,1.434545,3.818806,0.394652
182,particle,"Electron",6154,1.406536,2.97657,0.397748
183,particle,"Electron",6154,1.407217,3.131541,0.427208
184,particle,"Electron",6154,1.424595,2.948593,0.392127
185,particle,"Electron",6154,1.439766,3.618605,0.398294
186,particle,"Electron",6154,1.512085,3.702764,0.405215
187,particle,"Electron",6154,1.440719,3.448908,0.43746
188,particle,"Electron",6154,1.54956,6.362674,0.468072
189,particle,"Electron",6154,1.565394,3.441265,0.444481
190,particle,"Electron",6154,1.516513,6.176647,0.429246
191,particle,"Electron",6154,1.543578,4.990026,0.443089
192,particle,"Electron",6154,1.366642,3.525063,0.486406
193,particle,"Electron",6154,1.388206,2.833503,0.401797
194,particle,"Electron",6154,1.51094,3.359897,0.4051
195,particle,"Electron",6154,1.649982,5.758768,0.371856
196,particle,"Electron",6154,1.465707,4.156063,0.436963
197,particle,"Electron",6154,1.501887,3.228538,0.385786
198,particle,"Electron",6154,1.413453,2.488741,0.395755
199,particle,"Electron",6154,1.500444,2.84026,0.43629
200,particle,"Electron",6154,1.597279,4.563802,0.410601
201,particle,"Electron",6154,1.555249,5.067123,0.41184
202,particle,"Electron",6154,1.622495,4.141847,0.413284
203,particle,"Electron",6154,1.555297,3.827769,0.435611
204,particle,"Electron",6154,1.722697,6.363116,0.45299
205,particle,"Electron",6154,1.604671,5.185374,0.437384
206,particle,"Electron",6154,1.332152,3.750042,0.607278
207,particle,"Electron",6154,1.317388,2.958748,0.43129
208,particle,"Electron",6154,1.366284,3.014997,0.474162
209,particle,"Electron",6154,1.26228,2.549827,0.43179
210,particle,"Electron",6154,1.463242,2.976685,0.440748
211,particle,"Electron",6154,1.416492,2.963061,0.410038
212,particle,"Electron",6154,1.331259,2.48776,0.396013
213,particle,"Electron",6154,1.340655,3.10838,0.432303
214,particle,"Electron",6154,1.35772,2.77163,0.392302
215,particle,"Electron",6154,1.334322,2.975878,0.405581
216,particle,"Electron",6154,1.323408,2.669696,0.412917
217,particle,"Electron",6154,1.313236,3.218106,0.439024
218,particle,"Electron",6154,1.370028,2.491616,0.351892
219,particle,"Electron",6154,1.269634,2.012735,0.382223
220,particle,"Electron",6154,1.293443,2.102452,0.380782
221,particle,"Electron",6154,1.327823,3.767819,0.413302
222,particle,"Electron",6154,1.435387,4.107562,0.353193
223,particle,"Electron",6154,1.277715,2.900486,0.378981
224,particle,"Electron",6154,1.334291,2.759935,0.367738
225,particle,"Electron",6154,1.313019,2.341252,0.357214
226,particle,"Electron",6154,1.289188,2.533935,0.35
227,particle,"Electron",6154,1.278639,3.185173,0.375738
228,particle,"Electron",6154,1.396941,3.970308,0.361384
229,particle,"Electron",6154,1.33966,3.653735,0.35734
230,particle,"Electron",6154,1.313985,3.065561,0.365418
231,particle,"Electron",6154,1.31904,3.658405,0.380924
232,particle,"Electron",6154,1.273271,3.216834,0.351343
233,particle,"Electron",6154,1.281187,2.521715,0.354047
234,particle,"Electron",6154,1.33675,3.400043,0.352796
235,particle,"Electron",6154,1.334927,3.038721,0.354094
236,particle,"Electron",6154,1.342707,3.254989,0.345666
237,particle,"Electron",6154,1.272843,3.057526,0.353805
238,particle,"Electron",6154,1.331034,3.072077,0.344579
239,particle,"Electron",6154,1.38622,2.965968,0.364343
240,particle,"Electron",6154,1.447734,3.268867,0.396499
241,particle,"Electron",6154,1.336257,2.566897,0.421281
242,particle,"Electron",6154,1.323996,2.640268,0.385318
243,particle,"Electron",6154,1.453434,3.298124,0.376039
244,particle,"Electron",6154,1.456588,2.601289,0.347157
245,particle,"Electron",6154,1.347378,3.063317,0.351414
246,particle,"Electron",6154,1.277251,2.209833,0.372968
247,particle,"Electron",6154,1.350918,2.864895,0.341468
248,particle,"Electron",6154,1.306032,3.003073,0.373858
249,particle,"Electron",6154,1.437801,3.807742,0.365727
250,particle,"Electron",6154,1.355801,2.861755,0.417693
251,particle,"Electron",6154,1.26492,2.305052,0.425288
252,particle,"Electron",6154,1.207146,2.022619,0.377606
253,particle,"Electron",6154,1.322868,1.904004,0.370658
254,particle,"Electron",6154,1.316176,2.285748,0.380232
255,particle,"Electron",6154,1.298328,2.850871,0.419716
256,particle,"Electron",6154,1.306154,1.619385,0.381118
257,particle,"Electron",6154,1.33542,1.609824,0.354816
258,particle,"Electron",6154,1.370952,4.170021,0.377765
259,particle,"Electron",6154,1.384146,2.618905,0.37372
260,particle,"Electron",6154,1.318832,1.870554,0.366184
261,particle,"Electron",6154,1.346294,1.986597,0.323396
262,particle,"Electron",6154,1.36565,2.346588,0.352318
263,particle,"Electron",6154,1.302893,2.122611,0.367105
264,particle,"Electron",6154,1.25787,2.038435,0.38854
265,particle,"Electron",6154,1.448777,2.735118,0.384
266,particle,"Electron",6154,1.429608,2.653616,0.339409
267,particle,"Electron",6154,1.349216,2.449466,0.373164
268,particle,"Electron",6154,1.390066,2.128225,0.341655
269,particle,"Electron",6154,1.387979,3.149928,0.35116
270,particle,"Electron",6154,1.28994,1.883122,0.3462
271,particle,"Electron",6154,1.339177,2.004199,0.331445
272,particle,"Electron",6154,1.337873,1.872199,0.344569
273,particle,"Electron",6154,1.341537,2.039591,0.349858
274,particle,"Electron",6154,1.353366,3.152121,0.366985
275,particle,"Electron",6154,1.327525,2.406543,0.340185
276,particle,"Electron",6154,1.359299,3.126181,0.379096
277,particle,"Electron",6154,1.280454,1.854783,0.349909
278,particle,"Electron",6154,1.316333,2.117302,0.345365
279,particle,"Electron",6154,1.352334,2.043091,0.344563
280,particle,"Electron",6154,1.288159,2.270816,0.340722
281,particle,"Electron",6154,1.427448,4.475182,0.315393
282,particle,"Electron",6154,1.327412,1.971944,0.317934
283,particle,"Electron",6154,1.360771,2.283447,0.317946
284,particle,"Electron",6154,1.348862,2.640823,0.3325
285,particle,"Electron",6154,1.363418,1.849247,0.313532
286,particle,"Electron",6154,1.364106,2.528243,0.309558
287,particle,"Electron",6154,1.379043,2.42303,0.314457
288,particle,"Electron",6154,1.325132,2.236823,0.337484
289,particle,"Electron",6154,1.363991,2.071448,0.302435
290,particle,"Electron",6154,1.366935,1.993869,0.329511
291,particle,"Electron",6154,1.353727,1.843544,0.316211
292,particle,"Electron",6154,1.353387,2.332096,0.319338
293,particle,"Electron",6154,1.367471,2.134206,0.30647
294,particle,"Electron",6154,1.376668,3.24342,0.344603
295,particle,"Electron",6154,1.306585,1.902884,0.32925
296,particle,"Electron",6154,1.50583,3.556341,0.350509
297,particle,"Electron",6154,1.420983,4.458342,0.361301
298,particle,"Electron",6154,1.399318,2.331291,0.348712
299,particle,"Electron",6154,1.338071,2.085918,0.388254
300,particle,"Electron",6154,1.384199,3.065766,0.365443
301,particle,"Electron",6154,1.44432,2.680687,0.382733
302,particle,"Electron",6154,1.415703,2.950279,0.364752
303,particle,"Electron",6154,1.344337,2.570457,0.363097
304,particle,"Electron",6154,1.429404,3.081257,0.346386
305,particle,"Electron",6154,1.428758,4.121563,0.341244
306,particle,"Electron",6154,1.406121,2.452463,0.356602
307,particle,"Electron",6154,1.407348,3.102483,0.355705
308,particle,"Electron",6154,1.377148,3.217264,0.389874
309,particle,"Electron",6154,1.487221,4.010732,0.335174
310,particle,"Electron",6154,1.432401,4.022034,0.35329
311,particle,"Electron",6154,1.36098,3.246689,0.340751
312,particle,"Electron",6154,1.356354,2.864798,0.302151
313,particle,"Electron",6154,1.306335,3.683039,0.354035
314,particle,"Electron",6154,1.331192,4.468341,0.35125
315,particle,"Electron",6154,1.397844,4.510452,0.314145
316,particle,"Electron",6154,1.36058,4.437598,0.311341
317,particle,"Electron",6154,1.405787,3.320632,0.339824
318,particle,"Electron",6154,1.353864,3.426757,0.323134
319,particle,"Electron",6154,1.379701,3.241909,0.352194
320,particle,"Electron",6154,1.397577,3.264421,0.332028
321,particle,"Electron",6154,1.39814,3.678128,0.343064
322,particle,"Electron",6154,1.424413,3.865941,0.347929
323,particle,"Electron",6154,1.389,2.876441,0.328411
324,particle,"Electron",6154,1.357374,2.543394,0.334208
325,particle,"Electron",6154,1.277269,2.496492,0.337471
326,particle,"Electron",6154,1.330077,2.189583,0.348047
327,particle,"Electron",6154,1.39693,2.553447,0.306607
328,particle,"Electron",6154,1.327617,2.268826,0.316286
329,particle,"Electron",6154,1.332788,2.012265,0.3428
330,particle,"Electron",6154,1.317693,2.547805,0.33128
331,particle,"Electron",6154,1.356009,3.652605,0.381414
332,particle,"Electron",6154,1.226912,1.834411,0.343158
333,particle,"Electron",6154,1.292455,2.083672,0.327821
334,particle,"Electron",6154,1.260942,1.847425,0.328163
335,particle,"Electron",6154,1.274023,1.864056,0.329318
336,particle,"Electron",6154,1.353954,2.517552,0.343059
337,particle,"Electron",6154,1.314723,2.119476,0.314198
338,particle,"Electron",6154,1.321826,2.286913,0.310697
339,particle,"Electron",6154,1.305987,1.814893,0.320058
340,particle,"Electron",6154,1.288164,2.203418,0.319204
341,particle,"Electron",6154,1.298388,1.939619,0.315325
342,particle,"Electron",6154,1.307782,2.421468,0.344246
343,particle,"Electron",6154,1.275802,1.844088,0.309598
344,particle,"Electron",6154,1.277956,1.942139,0.336462
345,particle,"Electron",6154,1.281313,1.957726,0.310707
346,particle,"Electron",6154,1.298985,2.101209,0.312727
347,particle,"Electron",6154,1.277599,1.719901,0.324894
348,particle,"Electron",6154,1.273592,2.07317,0.325076
349,particle,"Electron",6154,1.273259,2.075686,0.344173
350,particle,"Electron",6154,1.27833,1.992114,0.330783
351,particle,"Electron",6154,1.292047,1.710952,0.322766
352,particle,"Electron",6154,1.28457,1.886156,0.311164
353,particle,"Electron",6154,1.264182,2.009131,0.334554
354,particle,"Electron",6154,1.293667,2.428037,0.319106
355,particle,"Electron",6154,1.256398,2.297098,0.375406
356,particle,"Electron",6154,1.307001,2.754733,0.369178
357,particle,"Electron",6154,1.260263,1.78922,0.330785
358,particle,"Electron",6154,1.291716,2.357545,0.325561
359,particle,"Electron",6154,1.250407,1.946808,0.341447
360,particle,"Electron",6154,1.279347,2.182576,0.330496
361,particle,"Electron",6154,1.25456,2.20516,0.334033
362,particle,"Electron",6154,1.340412,2.493452,0.330631
363,particle,"Electron",6154,1.297786,2.140335,0.356195
364,particle,"Electron",6154,1.35769,2.245384,0.331647
365,particle,"Electron",6154,1.361789,2.68754,0.323537
366,particle,"Electron",6154,1.472526,8.389921,0.350437
367,particle,"Electron",6154,1.30537,2.206745,0.325985
368,particle,"Electron",6154,1.302563,2.411402,0.315719
369,particle,"Electron",6154,1.354122,2.48178,0.32504
370,particle,"Electron",6154,1.265878,2.799248,0.318432
371,particle,"Electron",6154,1.390431,2.420541,0.31542
372,particle,"Electron",6154,1.326865,2.082074,0.306993
373,particle,"Electron",6154,1.382281,2.692907,0.322231
374,particle,"Electron",6154,1.325076,2.258706,0.312416
375,particle,"Electron",6154,1.316109,2.272391,0.337428
376,particle,"Electron",6154,1.355478,5.066091,0.309539
377,particle,"Electron",6154,1.268223,2.130162,0.318867
378,particle,"Electron",6154,1.391475,4.312573,0.325579
379,particle,"Electron",6154,1.32155,2.115179,0.308089
380,particle,"Electron",6154,1.351598,2.077289,0.334325
381,particle,"Electron",6154,1.325353,2.2012,0.306961
382,particle,"Electron",6154,1.396391,2.581176,0.338743
383,particle,"Electron",6154,1.315243,2.307694,0.329454
384,particle,"Electron",6154,1.304489,2.518924,0.315556
385,particle,"Electron",6154,1.288246,2.488869,0.34451
386,particle,"Electron",6154,1.333614,2.31982,0.337489
387,particle,"Electron",6154,1.310656,2.659175,0.344325
388,particle,"Electron",6154,1.358436,2.68059,0.366138
389,particle,"Electron",6154,1.330388,2.554714,0.354375
390,particle,"Electron",6154,1.30823,2.075379,0.320867
391,particle,"Electron",6154,1.359808,3.346683,0.320754
392,particle,"Electron",6154,1.356282,2.857852,0.327743
393,particle,"Electron",6154,1.36305,3.306678,0.30015
394,particle,"Electron",6154,1.376187,3.223344,0.317092
395,particle,"Electron",6154,1.295569,3.38616,0.337212
396,particle,"Electron",6154,1.300471,2.363043,0.326338
397,particle,"Electron",6154,1.267651,3.13268,0.362097
398,particle,"Electron",6154,1.297834,2.509339,0.322791
399,particle,"Electron",6154,1.265117,2.280654,0.356886
400,particle,"Electron",6154,1.342604,3.076043,0.311161
401,particle,"Electron",6154,1.357904,3.141556,0.330342
402,particle,"Electron",6154,1.302145,2.646742,0.313689
403,particle,"Electron",6154,1.374004,2.937365,0.326578
404,particle,"Electron",6154,1.33291,2.8324,0.302715
405,particle,"Electron",6154,1.337915,2.871768,0.325453
406,particle,"Electron",6154,1.312686,3.401112,0.30837
407,particle,"Electron",6154,1.278132,2.375251,0.331311
408,particle,"Electron",6154,1.316832,3.1785,0.304987
409,particle,"Electron",6154,1.349696,3.107355,0.30888
410,particle,"Electron",6154,1.34596,2.914191,0.312522
411,particle,"Electron",6154,1.350754,3.907026,0.323597
412,particle,"Electron",6154,1.351658,3.403294,0.320107
413,particle,"Electron",6154,1.302642,2.81133,0.344014
414,particle,"Electron",6154,1.278369,4.116825,0.348955
415,particle,"Electron",6154,1.289996,2.619343,0.336593
416,particle,"Electron",6154,1.280943,3.151589,0.333464
417,particle,"Electron",6154,1.334234,3.072752,0.312002
418,particle,"Electron",6154,1.352367,3.567713,0.318168
419,particle,"Electron",6154,1.373596,3.689883,0.316418
420,particle,"Electron",6154,1.374175,4.177918,0.298686
421,particle,"Electron",6154,1.368271,3.148282,0.310618
422,particle,"Electron",6154,1.137225,2.835123,0.39375
423,particle,"Electron",6154,1.340821,3.248714,0.318634
424,particle,"Electron",6154,1.285129,2.619669,0.33326
425,particle,"Electron",6154,1.3702,4.326216,0.321807
426,particle,"Electron",6154,1.36666,3.532427,0.304497
427,particle,"Electron",6154,1.358105,3.689438,0.30414
428,particle,"Electron",6154,1.316213,2.739252,0.317241
429,particle,"Electron",6154,1.287989,3.303525,0.337538
430,particle,"Electron",6154,1.379879,3.686799,0.295424
431,particle,"Electron",6154,1.342685,3.726435,0.332481
432,particle,"Electron",6154,1.354273,3.101057,0.325352
433,particle,"Electron",6154,1.375892,2.977046,0.341656
434,particle,"Electron",6154,1.299565,3.561524,0.35048
435,particle,"Electron",6154,1.332863,3.843181,0.339253
436,particle,"Electron",6154,1.339007,3.247211,0.308083
437,particle,"Electron",6154,1.348067,4.741299,0.3078
438,particle,"Electron",6154,1.314733,4.071355,0.325588
439,particle,"Electron",6154,1.386363,2.511365,0.366932
440,particle,"Electron",6154,1.347807,2.918927,0.314465
441,particle,"Electron",6154,1.275285,2.722297,0.323453
442,particle,"Electron",6154,1.324085,4.131011,0.326364
443,particle,"Electron",6154,1.350785,3.586701,0.293661
444,particle,"Electron",6154,1.314333,4.800303,0.324046
445,particle,"Electron",6154,1.375579,3.874408,0.302421
446,particle,"Electron",6154,1.34903,4.855672,0.304075
447,particle,"Electron",6154,1.342903,5.624722,0.29559
448,particle,"Electron",6154,1.289694,3.931327,0.290798
449,particle,"Electron",6154,1.337168,3.361103,0.285056
450,particle,"Electron",6154,1.242844,3.952454,0.294704
451,particle,"Electron",6154,1.247256,2.610755,0.321836
452,particle,"Electron",6154,1.394159,4.942198,0.290399
453,particle,"Electron",6154,1.368325,4.060533,0.278114
454,particle,"Electron",6154,1.28433,3.417743,0.282714
455,particle,"Electron",6154,1.307505,4.612538,0.283164
456,particle,"Electron",6154,1.270685,3.636555,0.280154
457,particle,"Electron",6154,1.349893,5.371118,0.299295
458,particle,"Electron",6154,1.299596,4.332675,0.275797
459,particle,"Electron",6154,1.264126,3.987432,0.303606
460,particle,"Electron",6154,1.326032,5.407541,0.311981
461,particle,"Electron",6154,1.353668,4.818985,0.277195
462,particle,"Electron",6154,1.339914,4.388497,0.297037
463,particle,"Electron",6154,1.348658,3.924817,0.2716
464,particle,"Electron",6154,1.271266,4.452024,0.286692
465,particle,"Electron",6154,1.339095,3.999631,0.277102
466,particle,"Electron",6154,1.32109,4.326736,0.286523
467,particle,"Electron",6154,1.263062,2.916987,0.339977
468,particle,"Electron",6154,1.335858,4.827554,0.278942
469,particle,"Electron",6154,1.338939,4.814789,0.292925
470,particle,"Electron",6154,1.303385,3.841763,0.279761
471,particle,"Electron",6154,1.33139,3.688341,0.277174
472,particle,"Electron",6154,1.293276,3.978812,0.284154
473,particle,"Electron",6154,1.325229,3.107085,0.282135
474,particle,"Electron",6154,1.405741,6.292712,0.307444
475,particle,"Electron",6154,1.293032,2.986574,0.288216
476,particle,"Electron",6154,1.284556,3.155339,0.297027
477,particle,"Electron",6154,1.328146,3.944835,0.313572
478,particle,"Electron",6154,1.325924,3.0204,0.282766
479,particle,"Electron",6154,1.303725,3.950397,0.300817
480,particle,"Electron",6154,1.360986,4.585907,0.277892
481,particle,"Electron",6154,1.345399,3.446412,0.275387
482,particle,"Electron",6154,1.351375,3.82559,0.276319
483,particle,"Electron",6154,1.301246,3.10804,0.287651
484,particle,"Electron",6154,1.38205,4.104985,0.275414
485,particle,"Electron",6154,1.318819,4.582937,0.296931
486,particle,"Electron",6154,1.347116,3.725669,0.276918
487,particle,"Electron",6154,1.271769,3.46338,0.288631
488,particle,"Electron",6154,1.313999,3.316744,0.303185
489,particle,"Electron",6154,1.302832,3.270255,0.283152
490,particle,"Electron",6154,1.348409,4.05415,0.285324
491,particle,"Electron",6154,1.342785,3.806217,0.287851
492,particle,"Electron",6154,1.388994,5.717489,0.30134
493,particle,"Electron",6154,1.346309,4.498775,0.295685
494,particle,"Electron",6154,1.415104,5.574408,0.280946
495,particle,"Electron",6154,1.408306,5.045495,0.277134
496,particle,"Electron",6154,1.343443,4.263821,0.284223
497,particle,"Electron",6154,1.360454,3.824815,0.279051
498,particle,"Electron",6154,1.318538,3.541865,0.294678
499,particle,"Electron",6154,1.329099,3.789648,0.285535
0,particle,"Muon",2222,1.76611,7.491102,0.043499
1,particle,"Muon",2222,1.694301,7.192391,0.047211
2,particle,"Muon",2222,1.09456,0.442979,0.086805
3,particle,"Muon",2222,0.987374,0.897797,0.058332
4,particle,"Muon",2222,1.050969,0.830285,0.090873
5,particle,"Muon",2222,1.121845,1.711396,0.081529
6,particle,"Muon",2222,1.023027,0.498597,0.089853
7,particle,"Muon",2222,0.921876,0.53951,0.085128
8,particle,"Muon",2222,0.969302,1.069184,0.074506
9,particle,"Muon",2222,0.969185,1.762037,0.108827
10,particle,"Muon",2222,1.045245,0.884066,0.079067
11,particle,"Muon",2222,1.081117,1.124798,0.073155
12,particle,"Muon",2222,1.113086,2.56083,0.08802
13,particle,"Muon",2222,1.025511,0.71255,0.08568
14,particle,"Muon",2222,0.994957,0.375019,0.094656
15,particle,"Muon",2222,1.04123,1.255981,0.081888
16,particle,"Muon",2222,1.091808,0.844061,0.072465
17,particle,"Muon",2222,1.044091,0.983934,0.078777
18,particle,"Muon",2222,1.02287,0.932642,0.063318
19,particle,"Muon",2222,1.033038,1.072391,0.082982
20,particle,"Muon",2222,1.074828,0.813471,0.070235
21,particle,"Muon",2222,0.979228,0.686173,0.056246
22,particle,"Muon",2222,0.992818,0.601326,0.057901
23,particle,"Muon",2222,0.9788,0.592997,0.068988
24,particle,"Muon",2222,0.961432,0.721315,0.060712
25,particle,"Muon",2222,1.000681,0.740365,0.064793
26,particle,"Muon",2222,1.001505,0.770826,0.066676
27,particle,"Muon",2222,0.996906,0.701595,0.058974
28,particle,"Muon",2222,0.960971,0.601807,0.055806
29,particle,"Muon",2222,1.002314,0.690498,0.058854
30,particle,"Muon",2222,1.006939,0.502678,0.171238
31,particle,"Muon",2222,0.992272,0.981035,0.081971
32,particle,"Muon",2222,1.037789,0.910499,0.095478
33,particle,"Muon",2222,0.979464,0.458574,0.128923
34,particle,"Muon",2222,1.039103,0.604699,0.09652
35,particle,"Muon",2222,1.003693,1.222895,0.108712
36,particle,"Muon",2222,0.805787,0.697768,0.076628
37,particle,"Muon",2222,0.987302,0.766491,0.114947
38,particle,"Muon",2222,0.968998,0.436855,0.121307
39,particle,"Muon",2222,1.076201,0.536923,0.168234
40,particle,"Muon",2222,0.913767,0.641386,0.075185
41,particle,"Muon",2222,1.04745,0.827013,0.141613
42,particle,"Muon",2222,1.190755,0.998655,0.150019
43,particle,"Muon",2222,0.961088,0.905218,0.125994
44,particle,"Muon",2222,0.97167,0.622515,0.118373
45,particle,"Muon",2222,1.007026,0.712626,0.107571
46,particle,"Muon",2222,0.87466,0.60786,0.128126
47,particle,"Muon",2222,1.048387,0.65836,0.127962
48,particle,"Muon",2222,0.984802,0.934612,0.111728
49,particle,"Muon",2222,1.03804,0.746478,0.120886
50,particle,"Muon",2222,1.036708,0.712985,0.100422
51,particle,"Muon",2222,1.045251,1.502323,0.082601
52,particle,"Muon",2222,1.079043,0.851114,0.097501
53,particle,"Muon",2222,0.987479,0.66699,0.103847
54,particle,"Muon",2222,1.027274,1.534378,0.098454
55,particle,"Muon",2222,1.013877,0.59361,0.11237
56,particle,"Muon",2222,1.042327,0.646012,0.101718
57,particle,"Muon",2222,0.984102,0.635778,0.089037
58,particle,"Muon",2222,1.012323,0.615279,0.098326
59,particle,"Muon",2222,1.00902,0.680057,0.090395
60,particle,"Muon",2222,0.986169,0.642115,0.09508
61,particle,"Muon",2222,0.99683,0.606203,0.092603
62,particle,"Muon",2222,1.038423,0.635739,0.095691
63,particle,"Muon",2222,1.071946,0.806845,0.178966
64,particle,"Muon",2222,0.877618,2.908784,0.156808
65,particle,"Muon",2222,1.108027,1.281971,0.132967
66,particle,"Muon",2222,0.867061,0.751325,0.149523
67,particle,"Muon",2222,1.135442,1.024109,0.246732
68,particle,"Muon",2222,0.819951,1.057479,0.142773
69,particle,"Muon",2222,1.005922,1.3675,0.162769
70,particle,"Muon",2222,0.912168,0.865078,0.157149
71,particle,"Muon",2222,0.822456,0.858816,0.141867
72,particle,"Muon",2222,0.891252,0.894603,0.164035
73,particle,"Muon",2222,0.805716,1.657319,0.208727
74,particle,"Muon",2222,0.889481,0.748351,0.187707
75,particle,"Muon",2222,0.952648,1.20585,0.160762
76,particle,"Muon",2222,1.027992,0.900673,0.190668
77,particle,"Muon",2222,0.984922,0.752894,0.137365
78,particle,"Muon",2222,1.044835,0.976407,0.176901
79,particle,"Muon",2222,1.139587,2.033774,0.342013
80,particle,"Muon",2222,1.127432,1.384482,0.357868
81,particle,"Muon",2222,1.112564,1.114632,0.142241
82,particle,"Muon",2222,1.007272,5.838859,0.132975
83,particle,"Muon",2222,0.93874,0.908914,0.139551
84,particle,"Muon",2222,1.071745,0.839752,0.221612
85,particle,"Muon",2222,0.981553,0.804873,0.163253
86,particle,"Muon",2222,1.056544,0.972804,0.179934
87,particle,"Muon",2222,1.023399,1.224452,0.14149
88,particle,"Muon",2222,1.053951,1.10211,0.146841
89,particle,"Muon",2222,0.953507,0.811057,0.146681
90,particle,"Muon",2222,0.939001,1.070184,0.126937
91,particle,"Muon",2222,1.004071,0.809305,0.144629
92,particle,"Muon",2222,1.055561,1.150736,0.137902
93,particle,"Muon",2222,1.027562,0.929274,0.130903
94,particle,"Muon",2222,0.965505,0.966991,0.117614
95,particle,"Muon",2222,0.944759,0.840655,0.122912
96,particle,"Muon",2222,0.996437,0.889175,0.109225
97,particle,"Muon",2222,0.991244,0.845041,0.113432
98,particle,"Muon",2222,0.978895,0.91285,0.111913
99,particle,"Muon",2222,0.962394,0.869318,0.111333
100,particle,"Muon",2222,0.754224,1.715298,0.118156
101,particle,"Muon",2222,1.220922,2.016337,0.227034
102,particle,"Muon",2222,1.046925,2.145352,0.130774
103,particle,"Muon",2222,1.056066,0.931588,0.261333
104,particle,"Muon",2222,1.033364,1.18012,0.17957
105,particle,"Muon",2222,1.068813,1.175927,0.171966
106,particle,"Muon",2222,0.821452,0.843302,0.207142
107,particle,"Muon",2222,1.010452,1.362272,0.231932
108,particle,"Muon",2222,0.885593,0.762313,0.141534
109,particle,"Muon",2222,0.93915,1.050101,0.237191
110,particle,"Muon",2222,1.156396,3.441492,0.204015
111,particle,"Muon",2222,1.121642,1.574612,0.160521
112,particle,"Muon",2222,0.895113,0.913253,0.129993
113,particle,"Muon",2222,1.046665,0.943609,0.187342
114,particle,"Muon",2222,1.002178,1.091159,0.143453
115,particle,"Muon",2222,1.345342,4.613422,0.286493
116,particle,"Muon",2222,1.38737,3.214255,0.309515
117,particle,"Muon",2222,0.938162,0.675173,0.156033
118,particle,"Muon",2222,1.205613,1.037636,0.231805
119,particle,"Muon",2222,0.966087,0.888303,0.145941
120,particle,"Muon",2222,1.019549,0.973685,0.169704
121,particle,"Muon",2222,1.000555,0.825333,0.145388
122,particle,"Muon",2222,1.076924,0.74257,0.161327
123,particle,"Muon",2222,1.01099,0.737117,0.1331
124,particle,"Muon",2222,1.071109,0.776881,0.158926
125,particle,"Muon",2222,1.112367,0.639853,0.13809
126,particle,"Muon",2222,1.067964,0.629915,0.144468
127,particle,"Muon",2222,1.099841,0.780199,0.223859
128,particle,"Muon",2222,1.079192,0.727057,0.138238
129,particle,"Muon",2222,1.018739,0.663022,0.134399
130,particle,"Muon",2222,1.023686,0.662004,0.164959
131,particle,"Muon",2222,1.059835,0.618034,0.143832
132,particle,"Muon",2222,1.011855,0.61089,0.140933
133,particle,"Muon",2222,1.08024,0.688371,0.144947
134,particle,"Muon",2222,1.118291,0.711496,0.146597
135,particle,"Muon",2222,1.072359,0.642859,0.150353
136,particle,"Muon",2222,1.082318,0.722601,0.166048
137,particle,"Muon",2222,1.133806,0.685567,0.153868
138,particle,"Muon",2222,1.058099,0.647264,0.143844
139,particle,"Muon",2222,1.077512,0.585719,0.134403
140,particle,"Muon",2222,0.94802,0.64494,0.126022
141,particle,"Muon",2222,1.09198,1.930838,0.180778
142,particle,"Muon",2222,1.08718,1.18506,0.163283
143,particle,"Muon",2222,0.963159,0.672968,0.145328
144,particle,"Muon",2222,0.946041,0.96518,0.166116
145,particle,"Muon",2222,0.934125,0.691498,0.169696
146,particle,"Muon",2222,1.093435,1.644529,0.236462
147,particle,"Muon",2222,0.963602,0.826945,0.196711
148,particle,"Muon",2222,1.072306,0.768566,0.251345
149,particle,"Muon",2222,0.636919,0.824671,0.200134
150,particle,"Muon",2222,1.244533,0.827641,0.327829
151,particle,"Muon",2222,1.113769,0.861324,0.245424
152,particle,"Muon",2222,0.906816,0.843968,0.173022
153,particle,"Muon",2222,0.952575,0.581533,0.204336
154,particle,"Muon",2222,0.974435,0.897103,0.200053
155,particle,"Muon",2222,1.022199,0.753517,0.223188
156,particle,"Muon",2222,1.022688,0.841693,0.210481
157,particle,"Muon",2222,1.069097,0.789659,0.267713
158,particle,"Muon",2222,1.048703,0.727442,0.254465
159,particle,"Muon",2222,0.978409,0.635555,0.196468
160,particle,"Muon",2222,0.931431,0.776023,0.219543
161,particle,"Muon",2222,0.799971,1.264167,0.216179
162,particle,"Muon",2222,1.014454,0.857643,0.224201
163,particle,"Muon",2222,1.085168,0.80165,0.247899
164,particle,"Muon",2222,1.012601,1.142566,0.200586
165,particle,"Muon",2222,1.021847,0.88024,0.174505
166,particle,"Muon",2222,1.062555,1.043699,0.157027
167,particle,"Muon",2222,1.040264,0.8847,0.150204
168,particle,"Muon",2222,0.991294,0.856779,0.176029
169,particle,"Muon",2222,0.89926,0.945538,0.195293
170,particle,"Muon",2222,0.925392,0.961624,0.18812
171,particle,"Muon",2222,0.709319,1.07826,0.259264
172,particle,"Muon",2222,0.975482,0.90866,0.160608
173,particle,"Muon",2222,0.814973,0.915312,0.186923
174,particle,"Muon",2222,0.953554,1.050537,0.182603
175,particle,"Muon",2222,0.966273,0.7825,0.131896
176,particle,"Muon",2222,0.867063,0.988908,0.156914
177,particle,"Muon",2222,0.850903,0.866188,0.161534
178,particle,"Muon",2222,1.023785,0.915838,0.141031
179,particle,"Muon",2222,0.994069,0.870922,0.144061
180,particle,"Muon",2222,1.0366,0.954764,0.140433
181,particle,"Muon",2222,0.948243,0.986491,0.153637
182,particle,"Muon",2222,0.978419,0.827352,0.13811
183,particle,"Muon",2222,0.906828,0.879108,0.165457
184,particle,"Muon",2222,0.982397,1.137344,0.156484
185,particle,"Muon",2222,0.972815,0.875783,0.164406
186,particle,"Muon",2222,1.007339,1.150855,0.179818
187,particle,"Muon",2222,0.908223,0.767348,0.14747
188,particle,"Muon",2222,0.917481,0.942283,0.163962
189,particle,"Muon",2222,1.000652,0.821586,0.15502
190,particle,"Muon",2222,0.866795,0.904438,0.178441
191,particle,"Muon",2222,1.005341,1.170955,0.144245
192,particle,"Muon",2222,0.786176,0.812482,0.188335
193,particle,"Muon",2222,0.953538,0.875778,0.160461
194,particle,"Muon",2222,0.97327,0.889194,0.145041
195,particle,"Muon",2222,1.155954,1.019016,0.213404
196,particle,"Muon",2222,0.810614,0.897654,0.217644
197,particle,"Muon",2222,0.939701,0.926148,0.188978
198,particle,"Muon",2222,0.915417,1.229417,0.170037
199,particle,"Muon",2222,1.061133,1.109023,0.218478
200,particle,"Muon",2222,1.073789,0.898985,0.204328
201,particle,"Muon",2222,1.053148,0.672473,0.193762
202,particle,"Muon",2222,1.146144,1.015281,0.166668
203,particle,"Muon",2222,1.125117,1.228238,0.200872
204,particle,"Muon",2222,1.0423,1.420439,0.152407
205,particle,"Muon",2222,1.060029,1.619024,0.171632
206,particle,"Muon",2222,0.799028,0.773617,0.18171
207,particle,"Muon",2222,0.871539,1.350793,0.172039
208,particle,"Muon",2222,0.838307,1.117289,0.16818
209,particle,"Muon",2222,0.871408,0.754984,0.208114
210,particle,"Muon",2222,0.906111,1.274014,0.202164
211,particle,"Muon",2222,0.969427,0.856346,0.162794
212,particle,"Muon",2222,0.874611,0.664321,0.149073
213,particle,"Muon",2222,0.873125,0.770943,0.151409
214,particle,"Muon",2222,0.953713,0.876656,0.165059
215,particle,"Muon",2222,0.919381,0.902353,0.187709
216,particle,"Muon",2222,0.926146,0.919763,0.178237
217,particle,"Muon",2222,0.897823,0.928725,0.187223
218,particle,"Muon",2222,1.021967,0.868467,0.172271
219,particle,"Muon",2222,0.912032,0.872411,0.159668
220,particle,"Muon",2222,0.909194,0.717908,0.149862
221,particle,"Muon",2222,0.930597,0.760344,0.142574
222,particle,"Muon",2222,1.02692,0.822316,0.147786
223,particle,"Muon",2222,0.881466,0.76277,0.150434
224,particle,"Muon",2222,0.92192,0.808996,0.142236
225,particle,"Muon",2222,0.915814,1.011349,0.132337
226,particle,"Muon",2222,0.919265,0.824985,0.141821
227,particle,"Muon",2222,0.843951,0.886787,0.127741
228,particle,"Muon",2222,1.005463,0.898938,0.140916
229,particle,"Muon",2222,0.888169,0.725294,0.127346
230,particle,"Muon",2222,0.896375,0.868824,0.128625
231,particle,"Muon",2222,0.866957,0.631664,0.131668
232,particle,"Muon",2222,0.885465,0.685186,0.133958
233,particle,"Muon",2222,0.905172,0.631955,0.13851
234,particle,"Muon",2222,0.931585,0.630264,0.138009
235,particle,"Muon",2222,0.941292,0.860629,0.14105
236,particle,"Muon",2222,0.933035,0.666762,0.13151
237,particle,"Muon",2222,0.889627,0.611759,0.132178
238,particle,"Muon",2222,0.913099,0.619671,0.150857
239,particle,"Muon",2222,1.010889,1.092814,0.162303
240,particle,"Muon",2222,0.956373,1.053689,0.135635
241,particle,"Muon",2222,0.959919,1.118105,0.14331
242,particle,"Muon",2222,0.931265,0.929701,0.125932
243,particle,"Muon",2222,1.043295,1.60515,0.142169
244,particle,"Muon",2222,1.022199,0.892503,0.154013
245,particle,"Muon",2222,0.969069,1.015734,0.160111
246,particle,"Muon",2222,0.908278,0.992195,0.143584
247,particle,"Muon",2222,1.045194,1.302263,0.132291
248,particle,"Muon",2222,0.928525,0.882386,0.129692
249,particle,"Muon",2222,1.088895,1.802456,0.140783
250,particle,"Muon",2222,0.898383,1.130875,0.142367
251,particle,"Muon",2222,0.807187,0.613848,0.149115
252,particle,"Muon",2222,0.780775,0.789757,0.173651
253,particle,"Muon",2222,0.998752,1.269959,0.145196
254,particle,"Muon",2222,1.005426,0.896392,0.186542
255,particle,"Muon",2222,0.800002,0.618501,0.160645
256,particle,"Muon",2222,0.967929,0.592639,0.146407
257,particle,"Muon",2222,0.965567,0.762211,0.127362
258,particle,"Muon",2222,0.936572,0.613824,0.150994
259,particle,"Muon",2222,1.005622,1.000245,0.134613
260,particle,"Muon",2222,0.93752,0.542132,0.117587
261,particle,"Muon",2222,1.001505,0.618157,0.120419
262,particle,"Muon",2222,1.013699,0.743272,0.121402
263,particle,"Muon",2222,0.896028,0.599506,0.113547
264,particle,"Muon",2222,0.835685,0.616007,0.121102
265,particle,"Muon",2222,1.002817,0.595547,0.119504
266,particle,"Muon",2222,1.060654,0.86769,0.131952
267,particle,"Muon",2222,0.933827,0.56503,0.119028
268,particle,"Muon",2222,1.028606,0.559363,0.134982
269,particle,"Muon",2222,1.009509,0.706259,0.137439
270,particle,"Muon",2222,0.978385,0.553637,0.132917
271,particle,"Muon",2222,1.017365,0.726769,0.132893
272,particle,"Muon",2222,1.053987,1.017765,0.152301
273,particle,"Muon",2222,0.992197,0.851495,0.133701
274,particle,"Muon",2222,0.956788,0.982838,0.140356
275,particle,"Muon",2222,0.971204,0.635386,0.139275
276,particle,"Muon",2222,0.916884,0.591356,0.129526
277,particle,"Muon",2222,0.901893,0.886211,0.106575
278,particle,"Muon",2222,0.954806,0.472879,0.127088
279,particle,"Muon",2222,0.996019,0.739407,0.125568
280,particle,"Muon",2222,0.902561,0.6554,0.119126
281,particle,"Muon",2222,1.068854,0.664197,0.165519
282,particle,"Muon",2222,0.978451,0.590523,0.127997
283,particle,"Muon",2222,1.022672,0.673588,0.138086
284,particle,"Muon",2222,0.99817,0.553812,0.134686
285,particle,"Muon",2222,1.053926,0.570604,0.139582
286,particle,"Muon",2222,1.026074,0.564958,0.143338
287,particle,"Muon",2222,1.051346,0.820685,0.135935
288,particle,"Muon",2222,0.92876,0.551029,0.129412
289,particle,"Muon",2222,1.047616,0.759708,0.135194
290,particle,"Muon",2222,1.03447,0.681112,0.139266
291,particle,"Muon",2222,1.031741,0.689222,0.127192
292,particle,"Muon",2222,1.02522,0.589427,0.135513
293,particle,"Muon",2222,1.046798,0.579408,0.136696
294,particle,"Muon",2222,0.959466,0.542462,0.130024
295,particle,"Muon",2222,1.00475,0.729593,0.126824
296,particle,"Muon",2222,1.086223,0.808489,0.118507
297,particle,"Muon",2222,0.977681,0.627391,0.122542
298,particle,"Muon",2222,1.029119,0.727644,0.118853
299,particle,"Muon",2222,0.907369,0.518655,0.109716
300,particle,"Muon",2222,0.914431,0.645475,0.119277
301,particle,"Muon",2222,0.987039,0.555349,0.114193
302,particle,"Muon",2222,0.991383,0.992709,0.115515
303,particle,"Muon",2222,0.903579,0.863721,0.099661
304,particle,"Muon",2222,1.043071,0.774041,0.123251
305,particle,"Muon",2222,0.979173,0.570809,0.153786
306,particle,"Muon",2222,0.976013,0.632254,0.133266
307,particle,"Muon",2222,0.998894,0.684954,0.143506
308,particle,"Muon",2222,0.871537,0.658029,0.114688
309,particle,"Muon",2222,1.068794,0.75634,0.134603
310,particle,"Muon",2222,0.996808,0.566458,0.12441
311,particle,"Muon",2222,1.008428,0.647528,0.128636
312,particle,"Muon",2222,1.001901,0.620465,0.126337
313,particle,"Muon",2222,0.886838,0.524465,0.119617
314,particle,"Muon",2222,0.936243,0.5228,0.118212
315,particle,"Muon",2222,0.995847,0.51603,0.132388
316,particle,"Muon",2222,0.984726,0.645888,0.139763
317,particle,"Muon",2222,0.983898,0.680112,0.146974
318,particle,"Muon",2222,0.974753,0.527304,0.150936
319,particle,"Muon",2222,0.997426,0.715785,0.143897
320,particle,"Muon",2222,1.034216,0.678645,0.185745
321,particle,"Muon",2222,0.950327,0.911305,0.126791
322,particle,"Muon",2222,0.96338,0.844302,0.135522
323,particle,"Muon",2222,1.015708,0.573346,0.136021
324,particle,"Muon",2222,0.948502,0.512609,0.13515
325,particle,"Muon",2222,0.862924,0.564042,0.166203
326,particle,"Muon",2222,1.010884,0.607688,0.158974
327,particle,"Muon",2222,1.020152,0.680311,0.155615
328,particle,"Muon",2222,0.896142,0.53406,0.143025
329,particle,"Muon",2222,0.905253,0.515405,0.138567
330,particle,"Muon",2222,0.906772,0.538463,0.154947
331,particle,"Muon",2222,0.838025,0.86385,0.181401
332,particle,"Muon",2222,0.834584,0.604863,0.153276
333,particle,"Muon",2222,0.918094,0.470845,0.147647
334,particle,"Muon",2222,0.838803,0.456706,0.15624
335,particle,"Muon",2222,0.865566,0.68798,0.147112
336,particle,"Muon",2222,0.920128,0.533186,0.13874
337,particle,"Muon",2222,0.904123,0.483035,0.151738
338,particle,"Muon",2222,0.931405,0.557701,0.157284
339,particle,"Muon",2222,0.919056,0.491545,0.151054
340,particle,"Muon",2222,0.898811,0.569678,0.150418
341,particle,"Muon",2222,0.989945,0.570964,0.156786
342,particle,"Muon",2222,0.886349,0.74508,0.151871
343,particle,"Muon",2222,0.908593,0.600988,0.164625
344,particle,"Muon",2222,0.906692,0.508913,0.166188
345,particle,"Muon",2222,0.932744,0.543153,0.134074
346,particle,"Muon",2222,0.951741,0.616436,0.153251
347,particle,"Muon",2222,0.939234,0.583638,0.160283
348,particle,"Muon",2222,0.896088,0.837145,0.149616
349,particle,"Muon",2222,0.829432,0.533821,0.15429
350,particle,"Muon",2222,0.947846,0.614973,0.153832
351,particle,"Muon",2222,0.966514,0.619713,0.152949
352,particle,"Muon",2222,0.937003,0.5294,0.158829
353,particle,"Muon",2222,0.866348,0.535325,0.169831
354,particle,"Muon",2222,0.906142,0.684543,0.147087
355,particle,"Muon",2222,0.846238,0.600105,0.174982
356,particle,"Muon",2222,0.884744,0.983252,0.158275
357,particle,"Muon",2222,0.908605,0.527829,0.152159
358,particle,"Muon",2222,0.882905,0.601241,0.139074
359,particle,"Muon",2222,0.872897,0.777372,0.145615
360,particle,"Muon",2222,0.867191,0.695172,0.141688
361,particle,"Muon",2222,0.898396,0.563359,0.136245
362,particle,"Muon",2222,0.97564,0.603213,0.135751
363,particle,"Muon",2222,0.956242,0.882872,0.132351
364,particle,"Muon",2222,1.002973,0.740264,0.134215
365,particle,"Muon",2222,0.960693,0.652437,0.127858
366,particle,"Muon",2222,0.994034,1.498024,0.13427
367,particle,"Muon",2222,0.971682,0.589259,0.152369
368,particle,"Muon",2222,0.960276,0.655011,0.137349
369,particle,"Muon",2222,0.983725,0.60459,0.141187
370,particle,"Muon",2222,0.882852,0.502741,0.132916
371,particle,"Muon",2222,1.096572,1.203596,0.151689
372,particle,"Muon",2222,0.985959,0.998325,0.131157
373,particle,"Muon",2222,1.012909,0.673583,0.141374
374,particle,"Muon",2222,0.96622,0.625878,0.132193
375,particle,"Muon",2222,0.952319,0.962904,0.119907
376,particle,"Muon",2222,0.933565,0.689291,0.142459
377,particle,"Muon",2222,0.86277,0.623653,0.129954
378,particle,"Muon",2222,0.974281,0.708198,0.153347
379,particle,"Muon",2222,0.942956,0.591174,0.14438
380,particle,"Muon",2222,0.982809,0.654834,0.124838
381,particle,"Muon",2222,1.002326,1.117341,0.123904
382,particle,"Muon",2222,0.993122,0.570737,0.148643
383,particle,"Muon",2222,0.93688,0.55097,0.130184
384,particle,"Muon",2222,0.975858,0.613445,0.12066
385,particle,"Muon",2222,0.915396,0.55025,0.113521
386,particle,"Muon",2222,0.977141,0.575168,0.126568
387,particle,"Muon",2222,0.881774,0.531305,0.119678
388,particle,"Muon",2222,0.921685,0.620022,0.150029
389,particle,"Muon",2222,0.93061,0.5529,0.134632
390,particle,"Muon",2222,0.964198,0.515882,0.134641
391,particle,"Muon",2222,0.969605,0.613222,0.152341
392,particle,"Muon",2222,1.023269,0.649665,0.131129
393,particle,"Muon",2222,1.003247,0.680383,0.141295
394,particle,"Muon",2222,1.008613,0.634854,0.141569
395,particle,"Muon",2222,0.878481,0.541915,0.131666
396,particle,"Muon",2222,0.901111,0.484078,0.128526
397,particle,"Muon",2222,0.822564,0.526142,0.132064
398,particle,"Muon",2222,0.959789,0.851123,0.124085
399,particle,"Muon",2222,0.883958,0.535273,0.12143
400,particle,"Muon",2222,0.995012,0.544329,0.124386
401,particle,"Muon",2222,0.989537,0.751497,0.131176
402,particle,"Muon",2222,0.945591,0.486988,0.131522
403,particle,"Muon",2222,0.997296,0.671735,0.152063
404,particle,"Muon",2222,0.995942,0.532194,0.14369
405,particle,"Muon",2222,0.967541,0.679152,0.1289
406,particle,"Muon",2222,0.948356,0.563077,0.13407
407,particle,"Muon",2222,0.889571,0.461052,0.129534
408,particle,"Muon",2222,0.979161,0.701872,0.131306
409,particle,"Muon",2222,1.002646,0.518168,0.125793
410,particle,"Muon",2222,0.995327,0.56775,0.128716
411,particle,"Muon",2222,0.986611,0.705858,0.158808
412,particle,"Muon",2222,0.98198,0.636192,0.141864
413,particle,"Muon",2222,0.91403,0.71385,0.129945
414,particle,"Muon",2222,0.882364,0.548528,0.15312
415,particle,"Muon",2222,0.925859,0.717641,0.140595
416,particle,"Muon",2222,0.855663,0.645469,0.137623
417,particle,"Muon",2222,0.984933,0.750808,0.138963
418,particle,"Muon",2222,0.968711,0.807158,0.122625
419,particle,"Muon",2222,0.99937,0.686267,0.141235
420,particle,"Muon",2222,0.991337,0.637585,0.148302
421,particle,"Muon",2222,1.008431,0.638421,0.127768
422,particle,"Muon",2222,0.662365,0.828757,0.101745
423,particle,"Muon",2222,0.980373,0.614119,0.136418
424,particle,"Muon",2222,0.918417,0.599694,0.132485
425,particle,"Muon",2222,0.984172,0.765635,0.16064
426,particle,"Muon",2222,1.013687,0.760047,0.13484
427,particle,"Muon",2222,1.010213,0.644022,0.145672
428,particle,"Muon",2222,0.953665,0.59501,0.128813
429,particle,"Muon",2222,0.949538,0.668305,0.137171
430,particle,"Muon",2222,1.007738,0.800435,0.140864
431,particle,"Muon",2222,0.966465,0.964596,0.148391
432,particle,"Muon",2222,1.006441,0.751674,0.137258
433,particle,"Muon",2222,0.94789,0.706898,0.128717
434,particle,"Muon",2222,0.951898,0.697244,0.165647
435,particle,"Muon",2222,0.91137,0.628212,0.132535
436,particle,"Muon",2222,0.973556,1.080869,0.133101
437,particle,"Muon",2222,0.953391,0.537083,0.146141
438,particle,"Muon",2222,0.958986,0.528527,0.164851
439,particle,"Muon",2222,1.002114,0.704969,0.140027
440,particle,"Muon",2222,0.975254,0.554149,0.136419
441,particle,"Muon",2222,0.950568,0.665216,0.127875
442,particle,"Muon",2222,0.944474,0.538074,0.123212
443,particle,"Muon",2222,0.996243,0.606973,0.132596
444,particle,"Muon",2222,0.952903,0.746285,0.128417
445,particle,"Muon",2222,1.007428,2.134066,0.122403
446,particle,"Muon",2222,1.008372,0.746549,0.131324
447,particle,"Muon",2222,0.946712,0.865309,0.116101
448,particle,"Muon",2222,0.945029,0.719215,0.118646
449,particle,"Muon",2222,1.031169,0.705499,0.138532
450,particle,"Muon",2222,0.882653,0.745286,0.111075
451,particle,"Muon",2222,0.915862,0.666252,0.148561
452,particle,"Muon",2222,0.968096,0.724543,0.114262
453,particle,"Muon",2222,1.018579,0.615065,0.120183
454,particle,"Muon",2222,0.970435,0.764033,0.112743
455,particle,"Muon",2222,0.972834,0.679874,0.113238
456,particle,"Muon",2222,0.972681,0.641792,0.11769
457,particle,"Muon",2222,0.979211,1.001015,0.119194
458,particle,"Muon",2222,0.972413,0.564718,0.12668
459,particle,"Muon",2222,0.892348,0.704747,0.119559
460,particle,"Muon",2222,0.934024,0.691132,0.128676
461,particle,"Muon",2222,0.973056,0.636198,0.109173
462,particle,"Muon",2222,0.990152,0.65941,0.126444
463,particle,"Muon",2222,1.040252,0.863218,0.108792
464,particle,"Muon",2222,0.929826,0.697853,0.114841
465,particle,"Muon",2222,0.983553,0.597966,0.108363
466,particle,"Muon",2222,0.95468,0.605831,0.108745
467,particle,"Muon",2222,0.894408,0.606558,0.170886
468,particle,"Muon",2222,0.959094,0.624083,0.106847
469,particle,"Muon",2222,0.950188,0.696905,0.108364
470,particle,"Muon",2222,0.963644,0.587986,0.105707
471,particle,"Muon",2222,0.995404,0.692643,0.10413
472,particle,"Muon",2222,0.937708,0.678648,0.111633
473,particle,"Muon",2222,0.992344,0.638432,0.10854
474,particle,"Muon",2222,1.018733,0.814842,0.134869
475,particle,"Muon",2222,1.004189,0.699828,0.132764
476,particle,"Muon",2222,0.961626,0.682391,0.100923
477,particle,"Muon",2222,1.012457,0.62592,0.170653
478,particle,"Muon",2222,0.993749,0.651223,0.098527
479,particle,"Muon",2222,0.944903,0.722359,0.130612
480,particle,"Muon",2222,0.993808,0.854333,0.107916
481,particle,"Muon",2222,1.015516,0.674479,0.103637
482,particle,"Muon",2222,1.022118,0.67041,0.107043
483,particle,"Muon",2222,1.001539,0.873953,0.118991
484,particle,"Muon",2222,1.020007,0.727293,0.11428
485,particle,"Muon",2222,0.981627,0.75362,0.133425
486,particle,"Muon",2222,1.008591,0.70529,0.104321
487,particle,"Muon",2222,0.933267,0.867563,0.113818
488,particle,"Muon",2222,0.963943,0.722275,0.101433
489,particle,"Muon",2222,0.964542,0.73359,0.100475
490,particle,"Muon",2222,0.997994,0.654333,0.111043
491,particle,"Muon",2222,0.989339,0.629032,0.099255
492,particle,"Muon",2222,1.003632,0.855667,0.111377
493,particle,"Muon",2222,0.967818,0.709469,0.102302
494,particle,"Muon",2222,1.023656,0.649052,0.112637
495,particle,"Muon",2222,1.045397,0.773628,0.106119
496,particle,"Muon",2222,1.00515,0.705351,0.101816
497,particle,"Muon",2222,1.037658,0.759664,0.108313
498,particle,"Muon",2222,0.968351,0.637013,0.094953
499,particle,"Muon",2222,0.977347,0.622087,0.098159
