cuda:0
thetaphi at main: True
Loading dataset...
Using ILCStreamingDataset (shuffle_buffer=256, files_per_chunk=4, seed=1001)
ILCStreamingDataset: path=/data/suehara/gravnet_ilc/data/ntau_10to100GeV_10/train, files=3200, events~=799986, shuffle_buffer=256, files_per_chunk=4
Using ILCStreamingDataset (shuffle_buffer=256, files_per_chunk=4, seed=1001)
ILCStreamingDataset: path=/data/suehara/gravnet_ilc/data/ntau_10to100GeV_10/validation, files=400, events~=100000, shuffle_buffer=256, files_per_chunk=4
Training dataset size:  799986
Validating dataset size:  100000
Batch size:  64
Loading GravnetModel
Hello
restart period :  30
DDP scheduler setup: local_batch_size=32, local_epoch_size=399994, world_size=2
[rank 0] epoch=0 train_batch=500/12500 loss=1.149530
[rank 0] epoch=0 train_batch=1000/12500 loss=1.093599
[rank 0] epoch=0 train_batch=1500/12500 loss=1.076057
[rank 0] epoch=0 train_batch=2000/12500 loss=1.067152
[rank 0] epoch=0 train_batch=2500/12500 loss=1.058808
[rank 0] epoch=0 train_batch=3000/12500 loss=1.057560
[rank 0] epoch=0 train_batch=3500/12500 loss=1.056301
[rank 0] epoch=0 train_batch=4000/12500 loss=1.051930
[rank 0] epoch=0 train_batch=4500/12500 loss=1.046786
[rank 0] epoch=0 train_batch=5000/12500 loss=1.050768
[rank 0] epoch=0 train_batch=5500/12500 loss=1.048271
[rank 0] epoch=0 train_batch=6000/12500 loss=1.052176
[rank 0] epoch=0 train_batch=6500/12500 loss=1.045764
[rank 0] epoch=0 train_batch=7000/12500 loss=1.044381
[rank 0] epoch=0 train_batch=7500/12500 loss=1.041893
[rank 0] epoch=0 train_batch=8000/12500 loss=1.041981
[rank 0] epoch=0 train_batch=8500/12500 loss=1.046454
[rank 0] epoch=0 train_batch=9000/12500 loss=1.042585
[rank 0] epoch=0 train_batch=9500/12500 loss=1.046552
[rank 0] epoch=0 train_batch=10000/12500 loss=1.052507
[rank 0] epoch=0 train_batch=10500/12500 loss=1.044630
[rank 0] epoch=0 train_batch=11000/12500 loss=1.042578
[rank 0] epoch=0 train_batch=11500/12500 loss=1.043528
[rank 0] epoch=0 train_batch=12000/12500 loss=1.040373
[rank 0] epoch=0 train_batch=12500/12500 loss=1.041262
[rank 0] epoch=0 train_batch=13000/12500 loss=1.040180
[rank 0] epoch=0 train_batch=13500/12500 loss=1.042085
[rank 0] epoch=0 train_batch=14000/12500 loss=1.040976
[rank 0] epoch=0 train_batch=14500/12500 loss=1.038549
[rank 0] epoch=0 train_batch=15000/12500 loss=1.040610
[rank 0] epoch=0 train_batch=15500/12500 loss=1.038715
[rank 0] epoch=0 train_batch=16000/12500 loss=1.046952
[rank 0] epoch=0 train_batch=16500/12500 loss=1.037701
[rank 0] epoch=0 train_batch=17000/12500 loss=1.042773
[rank 0] epoch=0 train_batch=17500/12500 loss=1.045050
[rank 0] epoch=0 train_batch=18000/12500 loss=1.043433
[rank 0] epoch=0 train_batch=18500/12500 loss=1.045014
[rank 0] epoch=0 train_batch=19000/12500 loss=1.041870
[rank 0] epoch=0 train_batch=19500/12500 loss=1.043614
[rank 0] epoch=0 train_batch=20000/12500 loss=1.045066
[rank 0] epoch=0 train_batch=20500/12500 loss=1.048380
[rank 0] epoch=0 train_batch=21000/12500 loss=1.049706
[rank 0] epoch=0 train_batch=21500/12500 loss=1.046651
[rank 0] epoch=0 train_batch=22000/12500 loss=1.046944
[rank 0] epoch=0 train_batch=22500/12500 loss=1.049324
[rank 0] epoch=0 train_batch=23000/12500 loss=1.046854
[rank 0] epoch=0 train_batch=23500/12500 loss=1.041094
[rank 0] epoch=0 train_batch=24000/12500 loss=1.043487
[rank 0] epoch=0 train_batch=24500/12500 loss=1.043664
[rank 0] epoch=0 train_batch=25000/12500 loss=1.044554
Training epoch 0
[1.36487175e-01 9.13901789e-04 8.02285060e-01 1.47216548e-03
 5.25350809e-01 2.83993381e-07 2.16183751e-01 2.48060343e-03
 5.57168593e-01 4.07642670e-08 2.48672425e-02 8.36600398e-03
 3.01500815e-01 1.25093310e-02 1.86202861e-02 9.19507941e-03
 2.68092698e-01 1.31635281e-02 3.50341016e-01 9.91376076e-03
 1.82767494e-02 3.84122329e-03 1.93469790e-01 4.37446152e-08
 7.59670485e-02 4.89404358e-03 1.17525085e-01 3.19042835e-08
 6.92832642e-03 3.12702016e-03 8.63452853e-02 4.16072691e-03
 5.76932318e-03 3.24567763e-03 8.55767373e-02 4.40077815e-03
 1.17445516e-01 2.48056483e-03 5.33985464e-03 1.23160958e-03
 5.24708562e-02 2.07550300e-08 2.11537896e-02 1.26777088e-03
 4.11060345e-02 9.44149810e-09 2.12635953e-03 7.59920185e-04
 2.85743367e-02 1.13984849e-03 1.79200543e-03 8.73342894e-04
 2.93291332e-02 1.27300121e-03 4.34412623e-02 6.08633472e-04
 1.85392661e-03 7.72252858e-04 7.11723514e-03 1.30101813e-09
 9.35169172e-03 5.22939807e-04 2.50831241e-02 4.81661543e-10
 1.11230168e-03 3.55189481e-04 1.54952312e-02 5.32966960e-04
 9.62864609e-04 4.29885877e-04 1.65406571e-02 6.18747181e-04
 2.77994610e-02 2.42756995e-04 1.10140908e-03 5.77659851e-04
 7.41983372e-02 1.88156916e-03 2.63048683e-03 1.16785981e-03
 4.27262608e-02 1.86067808e-03 2.55904299e-03 1.10772245e-03
 4.31538378e-02 1.68914877e-03 2.47039743e-03 1.07054487e-03
 3.99449837e-02 1.59983922e-03 2.57800918e-03 1.57994499e-03
 3.14816340e-02 2.28499196e-03 3.08511862e-02 4.12092551e-03
 3.18673881e-02 8.28382799e-03]
train  L_V                   = +0.0577 (0.9%)
 train    L_V_attractive      = +0.0299 (0.5%)
 train      L_V_attractive_charged      = +0.0159 (0.2%)
 train      L_V_attractive_neutral      = +0.0139 (0.2%)
 train    L_V_repulsive       = +0.0279 (0.4%)
 train      L_V_repulsive_charged       = +0.0145 (0.2%)
 train      L_V_repulsive_neutral       = +0.0134 (0.2%)
 train    L_charged_cluster   = +0.0000 (0.0%)
 train  L_beta              = +2.5548 (39.1%)
 train    L_beta_noise        = +0.0000 (0.0%)
 train    L_beta_sig          = +1.5574 (23.8%)
 train    L_beta_suppress     = +0.0000 (0.0%)
 train    L_beta_track        = +0.9974 (15.3%)
 train      L_beta_norms_term   = -0.0012 (-0.0%)
 train      L_beta_logbeta_term = +1.5586 (23.8%)
 train  L_E   = +3.9264 (60.0%)
 train    L_E_charge = +0.0000 (0.0%)
 train    L_E_cond = +1.4417 (22.0%)
 train    L_E_cluster = +2.4847 (38.0%)
 train    L_E_w_photon   = +0.0000 (0.0%)
 train    L_E_w_charged_hadron   = +0.0000 (0.0%)
 train    L_E_w_neutral_hadron   = +0.0000 (0.0%)
 train    L_E_w_muon     = +0.0000 (0.0%)
 train    L_E_w_electron = +0.0000 (0.0%)
learning rate :  [0.00019945246344205893]
train loss :  1.0577490329742432
[rank 0] epoch=0 valid_batch=500/1563
[rank 0] epoch=0 valid_batch=1000/1563
[rank 0] epoch=0 valid_batch=1500/1563
[rank 0] epoch=0 valid_batch=2000/1563
[rank 0] epoch=0 valid_batch=2500/1563
[rank 0] epoch=0 valid_batch=3000/1563
test   L_V                   = +0.0435 (0.6%)
    L_V_attractive      = +0.0232 (0.3%)
      L_V_attractive_charged      = +0.0122 (0.2%)
      L_V_attractive_neutral      = +0.0110 (0.1%)
    L_V_repulsive       = +0.0203 (0.3%)
      L_V_repulsive_charged       = +0.0092 (0.1%)
      L_V_repulsive_neutral       = +0.0110 (0.1%)
    L_charged_cluster   = +0.0000 (0.0%)
  L_beta              = +3.4868 (44.9%)
    L_beta_noise        = +0.0000 (0.0%)
    L_beta_sig          = +2.4868 (32.0%)
    L_beta_suppress     = +0.0000 (0.0%)
    L_beta_track        = +1.0000 (12.9%)
      L_beta_norms_term   = -0.0000 (-0.0%)
      L_beta_logbeta_term = +2.4868 (32.0%)
  L_E   = +4.2403 (54.6%)
    L_E_charge = +0.0000 (0.0%)
    L_E_cond = +1.4331 (18.4%)
    L_E_cluster = +2.8072 (36.1%)
    L_E_w_photon   = +0.0000 (0.0%)
    L_E_w_charged_hadron   = +0.0000 (0.0%)
    L_E_w_neutral_hadron   = +0.0000 (0.0%)
    L_E_w_muon     = +0.0000 (0.0%)
    L_E_w_electron = +0.0000 (0.0%)
Returning 8.7705078125
[rank 0] epoch=1 train_batch=500/12500 loss=1.046341
[rank 0] epoch=1 train_batch=1000/12500 loss=1.039821
[rank 0] epoch=1 train_batch=1500/12500 loss=1.041610
[rank 0] epoch=1 train_batch=2000/12500 loss=1.042600
[rank 0] epoch=1 train_batch=2500/12500 loss=1.038314
[rank 0] epoch=1 train_batch=3000/12500 loss=1.042018
[rank 0] epoch=1 train_batch=3500/12500 loss=1.038771
[rank 0] epoch=1 train_batch=4000/12500 loss=1.041064
[rank 0] epoch=1 train_batch=4500/12500 loss=1.040217
[rank 0] epoch=1 train_batch=5000/12500 loss=1.037017
[rank 0] epoch=1 train_batch=5500/12500 loss=1.059686
[rank 0] epoch=1 train_batch=6000/12500 loss=1.045491
[rank 0] epoch=1 train_batch=6500/12500 loss=1.038649
[rank 0] epoch=1 train_batch=7000/12500 loss=1.037006
[rank 0] epoch=1 train_batch=7500/12500 loss=1.039449
[rank 0] epoch=1 train_batch=8000/12500 loss=1.043561
[rank 0] epoch=1 train_batch=8500/12500 loss=1.040115
[rank 0] epoch=1 train_batch=9000/12500 loss=1.037760
[rank 0] epoch=1 train_batch=9500/12500 loss=1.036073
[rank 0] epoch=1 train_batch=10000/12500 loss=1.040146
[rank 0] epoch=1 train_batch=10500/12500 loss=1.033518
[rank 0] epoch=1 train_batch=11000/12500 loss=1.036567
[rank 0] epoch=1 train_batch=11500/12500 loss=1.040244
[rank 0] epoch=1 train_batch=12000/12500 loss=1.034958
[rank 0] epoch=1 train_batch=12500/12500 loss=1.035657
[rank 0] epoch=1 train_batch=13000/12500 loss=1.036467
[rank 0] epoch=1 train_batch=13500/12500 loss=1.035029
[rank 0] epoch=1 train_batch=14000/12500 loss=1.034092
[rank 0] epoch=1 train_batch=14500/12500 loss=1.036950
[rank 0] epoch=1 train_batch=15000/12500 loss=1.034484
[rank 0] epoch=1 train_batch=15500/12500 loss=1.038644
[rank 0] epoch=1 train_batch=16000/12500 loss=1.035451
[rank 0] epoch=1 train_batch=16500/12500 loss=1.039225
[rank 0] epoch=1 train_batch=17000/12500 loss=1.034568
[rank 0] epoch=1 train_batch=17500/12500 loss=1.035831
[rank 0] epoch=1 train_batch=18000/12500 loss=1.037086
[rank 0] epoch=1 train_batch=18500/12500 loss=1.036559
[rank 0] epoch=1 train_batch=19000/12500 loss=1.037667
[rank 0] epoch=1 train_batch=19500/12500 loss=1.036697
[rank 0] epoch=1 train_batch=20000/12500 loss=1.034401
[rank 0] epoch=1 train_batch=20500/12500 loss=1.040639
[rank 0] epoch=1 train_batch=21000/12500 loss=1.035467
[rank 0] epoch=1 train_batch=21500/12500 loss=1.035938
[rank 0] epoch=1 train_batch=22000/12500 loss=1.033309
[rank 0] epoch=1 train_batch=22500/12500 loss=1.040144
[rank 0] epoch=1 train_batch=23000/12500 loss=1.033304
[rank 0] epoch=1 train_batch=23500/12500 loss=1.037436
[rank 0] epoch=1 train_batch=24000/12500 loss=1.036059
[rank 0] epoch=1 train_batch=24500/12500 loss=1.033783
[rank 0] epoch=1 train_batch=25000/12500 loss=1.036769
Training epoch 1
[9.55289047e-02 1.18883807e-03 6.39123411e-01 1.83440839e-03
 3.06143963e-01 1.21427757e-07 1.88524498e-01 3.09517669e-03
 3.37645233e-01 2.81844869e-08 1.93138266e-02 7.48877864e-03
 2.13081463e-01 1.06223325e-02 1.54431099e-02 8.43371445e-03
 1.92108366e-01 1.13351102e-02 2.74542183e-01 1.07442980e-02
 1.66314867e-02 3.42245910e-03 1.75912700e-01 4.51438046e-08
 6.64391867e-02 3.73364359e-03 7.57334001e-02 4.65519661e-08
 5.25244715e-03 2.74583413e-03 5.16048078e-02 3.19879732e-03
 4.23355060e-03 2.74780201e-03 5.06033905e-02 3.28391079e-03
 6.59724843e-02 2.14107771e-03 3.72723372e-03 5.31754515e-04
 3.56117535e-02 3.00515121e-08 1.30694135e-02 6.16479171e-04
 1.20560141e-02 1.71108805e-08 8.51297784e-04 3.93715341e-04
 8.83191308e-03 5.22009211e-04 7.19658738e-04 4.38299575e-04
 8.87221127e-03 5.43293778e-04 1.02725321e-02 3.22849031e-04
 6.98731603e-04 3.61570032e-04 1.88695193e-03 1.34712169e-09
 4.17369323e-03 2.64011279e-04 7.09371680e-03 1.44911903e-10
 4.22093355e-04 1.98614737e-04 3.86152664e-03 2.17343409e-04
 3.44533365e-04 2.30140787e-04 4.37841183e-03 2.47372445e-04
 8.27173739e-03 1.14967686e-04 4.71391434e-04 1.90886605e-04
 2.56754321e-02 4.42947246e-04 9.52983843e-04 4.06055837e-04
 1.24520278e-02 5.19862755e-04 9.29175176e-04 4.12325138e-04
 1.40554569e-02 5.04726669e-04 9.13915367e-04 5.06276077e-04
 1.23220221e-02 6.16089444e-04 9.43497788e-04 6.36916746e-04
 1.17773543e-02 6.60946810e-04 1.05649375e-02 6.40688546e-04
 8.87266186e-03 1.36764939e-09]
train  L_V                   = +0.0384 (0.4%)
 train    L_V_attractive      = +0.0212 (0.2%)
 train      L_V_attractive_charged      = +0.0116 (0.1%)
 train      L_V_attractive_neutral      = +0.0096 (0.1%)
 train    L_V_repulsive       = +0.0172 (0.2%)
 train      L_V_repulsive_charged       = +0.0075 (0.1%)
 train      L_V_repulsive_neutral       = +0.0098 (0.1%)
 train    L_charged_cluster   = +0.0000 (0.0%)
 train  L_beta              = +4.2175 (48.8%)
 train    L_beta_noise        = +0.0000 (0.0%)
 train    L_beta_sig          = +3.2175 (37.2%)
 train    L_beta_suppress     = +0.0000 (0.0%)
 train    L_beta_track        = +1.0000 (11.6%)
 train      L_beta_norms_term   = -0.0000 (-0.0%)
 train      L_beta_logbeta_term = +3.2175 (37.2%)
 train  L_E   = +4.3862 (50.8%)
 train    L_E_charge = +0.0000 (0.0%)
 train    L_E_cond = +1.4216 (16.5%)
 train    L_E_cluster = +2.9646 (34.3%)
 train    L_E_w_photon   = +0.0000 (0.0%)
 train    L_E_w_charged_hadron   = +0.0000 (0.0%)
 train    L_E_w_neutral_hadron   = +0.0000 (0.0%)
 train    L_E_w_muon     = +0.0000 (0.0%)
 train    L_E_w_electron = +0.0000 (0.0%)
learning rate :  [0.00019945246344205893, 0.0001978158526933439]
train loss :  1.03844153881073
[rank 0] epoch=1 valid_batch=500/1563
[rank 0] epoch=1 valid_batch=1000/1563
[rank 0] epoch=1 valid_batch=1500/1563
[rank 0] epoch=1 valid_batch=2000/1563
[rank 0] epoch=1 valid_batch=2500/1563
[rank 0] epoch=1 valid_batch=3000/1563
test   L_V                   = +0.0345 (0.4%)
    L_V_attractive      = +0.0185 (0.2%)
      L_V_attractive_charged      = +0.0100 (0.1%)
      L_V_attractive_neutral      = +0.0084 (0.1%)
    L_V_repulsive       = +0.0160 (0.2%)
      L_V_repulsive_charged       = +0.0067 (0.1%)
      L_V_repulsive_neutral       = +0.0093 (0.1%)
    L_charged_cluster   = +0.0000 (0.0%)
  L_beta              = +4.5281 (50.7%)
    L_beta_noise        = +0.0000 (0.0%)
    L_beta_sig          = +3.5281 (39.5%)
    L_beta_suppress     = +0.0000 (0.0%)
    L_beta_track        = +1.0000 (11.2%)
      L_beta_norms_term   = -0.0000 (-0.0%)
      L_beta_logbeta_term = +3.5281 (39.5%)
  L_E   = +4.3717 (48.9%)
    L_E_charge = +0.0000 (0.0%)
    L_E_cond = +1.4164 (15.9%)
    L_E_cluster = +2.9553 (33.1%)
    L_E_w_photon   = +0.0000 (0.0%)
    L_E_w_charged_hadron   = +0.0000 (0.0%)
    L_E_w_neutral_hadron   = +0.0000 (0.0%)
    L_E_w_muon     = +0.0000 (0.0%)
    L_E_w_electron = +0.0000 (0.0%)
Returning 9.934341430664062
[rank 0] epoch=2 train_batch=500/12500 loss=1.035581
[rank 0] epoch=2 train_batch=1000/12500 loss=1.033757
[rank 0] epoch=2 train_batch=1500/12500 loss=1.034134
[rank 0] epoch=2 train_batch=2000/12500 loss=1.035620
[rank 0] epoch=2 train_batch=2500/12500 loss=1.036384
[rank 0] epoch=2 train_batch=3000/12500 loss=1.039001
[rank 0] epoch=2 train_batch=3500/12500 loss=1.035148
[rank 0] epoch=2 train_batch=4000/12500 loss=1.033145
[rank 0] epoch=2 train_batch=4500/12500 loss=1.032320
[rank 0] epoch=2 train_batch=5000/12500 loss=1.036691
[rank 0] epoch=2 train_batch=5500/12500 loss=1.031208
[rank 0] epoch=2 train_batch=6000/12500 loss=1.036999
[rank 0] epoch=2 train_batch=6500/12500 loss=1.034877
[rank 0] epoch=2 train_batch=7000/12500 loss=1.033027
[rank 0] epoch=2 train_batch=7500/12500 loss=1.034096
[rank 0] epoch=2 train_batch=8000/12500 loss=1.035254
[rank 0] epoch=2 train_batch=8500/12500 loss=1.036282
[rank 0] epoch=2 train_batch=9000/12500 loss=1.036314
[rank 0] epoch=2 train_batch=9500/12500 loss=1.038383
[rank 0] epoch=2 train_batch=10000/12500 loss=1.033561
[rank 0] epoch=2 train_batch=10500/12500 loss=1.033105
[rank 0] epoch=2 train_batch=11000/12500 loss=1.032153
[rank 0] epoch=2 train_batch=11500/12500 loss=1.032401
[rank 0] epoch=2 train_batch=12000/12500 loss=1.033459
[rank 0] epoch=2 train_batch=12500/12500 loss=1.038829
[rank 0] epoch=2 train_batch=13000/12500 loss=1.033085
[rank 0] epoch=2 train_batch=13500/12500 loss=1.037826
[rank 0] epoch=2 train_batch=14000/12500 loss=1.032952
[rank 0] epoch=2 train_batch=14500/12500 loss=1.030684
[rank 0] epoch=2 train_batch=15000/12500 loss=1.031220
[rank 0] epoch=2 train_batch=15500/12500 loss=1.032923
[rank 0] epoch=2 train_batch=16000/12500 loss=1.032232
[rank 0] epoch=2 train_batch=16500/12500 loss=1.034886
[rank 0] epoch=2 train_batch=17000/12500 loss=1.033973
[rank 0] epoch=2 train_batch=17500/12500 loss=1.032731
[rank 0] epoch=2 train_batch=18000/12500 loss=1.032127
[rank 0] epoch=2 train_batch=18500/12500 loss=1.035641
[rank 0] epoch=2 train_batch=19000/12500 loss=1.035117
[rank 0] epoch=2 train_batch=19500/12500 loss=1.042790
[rank 0] epoch=2 train_batch=20000/12500 loss=1.034492
[rank 0] epoch=2 train_batch=20500/12500 loss=1.031666
[rank 0] epoch=2 train_batch=21000/12500 loss=1.037071
[rank 0] epoch=2 train_batch=21500/12500 loss=1.034405
[rank 0] epoch=2 train_batch=22000/12500 loss=1.032711
[rank 0] epoch=2 train_batch=22500/12500 loss=1.031014
[rank 0] epoch=2 train_batch=23000/12500 loss=1.031847
[rank 0] epoch=2 train_batch=23500/12500 loss=1.032958
[rank 0] epoch=2 train_batch=24000/12500 loss=1.034192
[rank 0] epoch=2 train_batch=24500/12500 loss=1.036611
[rank 0] epoch=2 train_batch=25000/12500 loss=1.031154
Training epoch 2
[5.02351508e-02 1.31672448e-03 4.43748002e-01 1.83604551e-03
 1.03397677e-01 2.87214134e-08 1.79154748e-01 3.36738765e-03
 2.38045518e-01 2.18962312e-08 1.49604133e-02 6.09581920e-03
 1.57668151e-01 8.43373995e-03 1.22481679e-02 6.78892198e-03
 1.37439061e-01 8.75282757e-03 1.94913452e-01 7.97384042e-03
 1.25422227e-02 3.10982680e-03 1.08503106e-01 3.94192830e-08
 5.25144260e-02 2.95448231e-03 5.02409493e-02 4.13207723e-08
 4.48241334e-03 2.74624855e-03 4.37099379e-02 3.05226698e-03
 4.08265032e-03 2.81266730e-03 4.51855573e-02 3.18688627e-03
 5.70258081e-02 1.93487183e-03 3.28015016e-03 2.66911259e-04
 2.75213619e-02 3.64509427e-08 8.36413428e-03 2.70053968e-04
 7.35687059e-03 1.56253661e-08 6.26483313e-04 3.32509200e-04
 6.31277044e-03 4.23785846e-04 5.76389090e-04 3.21828879e-04
 6.69100177e-03 4.06012894e-04 6.83789919e-03 2.46141772e-04
 5.02322177e-04 2.27192561e-04 1.17938687e-03 1.31440062e-09
 2.49421017e-03 1.45844554e-04 4.18192428e-03 8.13008350e-11
 3.08048158e-04 1.58705786e-04 2.61561391e-03 1.60739799e-04
 2.84723575e-04 1.84717950e-04 3.43144309e-03 1.94771753e-04
 7.34072371e-03 1.09166701e-04 3.86909941e-04 1.35833198e-04
 1.38989459e-02 2.11203767e-04 6.50067273e-04 3.46435676e-04
 8.05404004e-03 3.66411493e-04 6.71698897e-04 3.34138738e-04
 9.41086363e-03 3.30122297e-04 7.23142344e-04 4.36188725e-04
 8.77936879e-03 4.45490182e-04 8.16680893e-04 5.73628024e-04
 9.06303968e-03 5.28090444e-04 8.92977158e-03 5.26163385e-04
 7.92264007e-03 3.01211016e-10]
train  L_V                   = +0.0342 (0.4%)
 train    L_V_attractive      = +0.0187 (0.2%)
 train      L_V_attractive_charged      = +0.0103 (0.1%)
 train      L_V_attractive_neutral      = +0.0084 (0.1%)
 train    L_V_repulsive       = +0.0155 (0.2%)
 train      L_V_repulsive_charged       = +0.0066 (0.1%)
 train      L_V_repulsive_neutral       = +0.0089 (0.1%)
 train    L_charged_cluster   = +0.0000 (0.0%)
 train  L_beta              = +4.7132 (52.3%)
 train    L_beta_noise        = +0.0000 (0.0%)
 train    L_beta_sig          = +3.7132 (41.2%)
 train    L_beta_suppress     = +0.0000 (0.0%)
 train    L_beta_track        = +1.0000 (11.1%)
 train      L_beta_norms_term   = -0.0000 (-0.0%)
 train      L_beta_logbeta_term = +3.7132 (41.2%)
 train  L_E   = +4.2664 (47.3%)
 train    L_E_charge = +0.0000 (0.0%)
 train    L_E_cond = +1.4197 (15.8%)
 train    L_E_cluster = +2.8467 (31.6%)
 train    L_E_w_photon   = +0.0000 (0.0%)
 train    L_E_w_charged_hadron   = +0.0000 (0.0%)
 train    L_E_w_neutral_hadron   = +0.0000 (0.0%)
 train    L_E_w_muon     = +0.0000 (0.0%)
 train    L_E_w_electron = +0.0000 (0.0%)
learning rate :  [0.00019945246344205893, 0.0001978158526933439, 0.00019510809880370062]
train loss :  1.034238338470459
[rank 0] epoch=2 valid_batch=500/1563
[rank 0] epoch=2 valid_batch=1000/1563
[rank 0] epoch=2 valid_batch=1500/1563
[rank 0] epoch=2 valid_batch=2000/1563
[rank 0] epoch=2 valid_batch=2500/1563
[rank 0] epoch=2 valid_batch=3000/1563
test   L_V                   = +0.0325 (0.4%)
    L_V_attractive      = +0.0174 (0.2%)
      L_V_attractive_charged      = +0.0097 (0.1%)
      L_V_attractive_neutral      = +0.0077 (0.1%)
    L_V_repulsive       = +0.0151 (0.2%)
      L_V_repulsive_charged       = +0.0063 (0.1%)
      L_V_repulsive_neutral       = +0.0088 (0.1%)
    L_charged_cluster   = +0.0000 (0.0%)
  L_beta              = +4.8088 (52.6%)
    L_beta_noise        = +0.0000 (0.0%)
    L_beta_sig          = +3.8088 (41.7%)
    L_beta_suppress     = +0.0000 (0.0%)
    L_beta_track        = +1.0000 (10.9%)
      L_beta_norms_term   = -0.0000 (-0.0%)
      L_beta_logbeta_term = +3.8088 (41.7%)
  L_E   = +4.3023 (47.1%)
    L_E_charge = +0.0000 (0.0%)
    L_E_cond = +1.4245 (15.6%)
    L_E_cluster = +2.8778 (31.5%)
    L_E_w_photon   = +0.0000 (0.0%)
    L_E_w_charged_hadron   = +0.0000 (0.0%)
    L_E_w_neutral_hadron   = +0.0000 (0.0%)
    L_E_w_muon     = +0.0000 (0.0%)
    L_E_w_electron = +0.0000 (0.0%)
Returning 10.14356803894043
[rank 0] epoch=3 train_batch=500/12500 loss=1.031342
[rank 0] epoch=3 train_batch=1000/12500 loss=1.031620
[rank 0] epoch=3 train_batch=1500/12500 loss=1.032206
[rank 0] epoch=3 train_batch=2000/12500 loss=1.031290
[rank 0] epoch=3 train_batch=2500/12500 loss=1.032330
[rank 0] epoch=3 train_batch=3000/12500 loss=1.033174
[rank 0] epoch=3 train_batch=3500/12500 loss=1.031363
[rank 0] epoch=3 train_batch=4000/12500 loss=1.031180
[rank 0] epoch=3 train_batch=4500/12500 loss=1.033619
[rank 0] epoch=3 train_batch=5000/12500 loss=1.032591
[rank 0] epoch=3 train_batch=5500/12500 loss=1.033386
[rank 0] epoch=3 train_batch=6000/12500 loss=1.033714
[rank 0] epoch=3 train_batch=6500/12500 loss=1.033679
[rank 0] epoch=3 train_batch=7000/12500 loss=1.034639
[rank 0] epoch=3 train_batch=7500/12500 loss=1.035634
[rank 0] epoch=3 train_batch=8000/12500 loss=1.033273
[rank 0] epoch=3 train_batch=8500/12500 loss=1.030717
[rank 0] epoch=3 train_batch=9000/12500 loss=1.033224
[rank 0] epoch=3 train_batch=9500/12500 loss=1.032318
[rank 0] epoch=3 train_batch=10000/12500 loss=1.036387
[rank 0] epoch=3 train_batch=10500/12500 loss=1.030234
[rank 0] epoch=3 train_batch=11000/12500 loss=1.032268
[rank 0] epoch=3 train_batch=11500/12500 loss=1.038866
[rank 0] epoch=3 train_batch=12000/12500 loss=1.035623
[rank 0] epoch=3 train_batch=12500/12500 loss=1.032802
[rank 0] epoch=3 train_batch=13000/12500 loss=1.030475
[rank 0] epoch=3 train_batch=13500/12500 loss=1.033199
[rank 0] epoch=3 train_batch=14000/12500 loss=1.031535
[rank 0] epoch=3 train_batch=14500/12500 loss=1.032916
[rank 0] epoch=3 train_batch=15000/12500 loss=1.031406
[rank 0] epoch=3 train_batch=15500/12500 loss=1.028381
[rank 0] epoch=3 train_batch=16000/12500 loss=1.032065
[rank 0] epoch=3 train_batch=16500/12500 loss=1.030767
[rank 0] epoch=3 train_batch=17000/12500 loss=1.031980
[rank 0] epoch=3 train_batch=17500/12500 loss=1.031719
[rank 0] epoch=3 train_batch=18000/12500 loss=1.032661
[rank 0] epoch=3 train_batch=18500/12500 loss=1.030949
[rank 0] epoch=3 train_batch=19000/12500 loss=1.029501
[rank 0] epoch=3 train_batch=19500/12500 loss=1.031984
[rank 0] epoch=3 train_batch=20000/12500 loss=1.032338
[rank 0] epoch=3 train_batch=20500/12500 loss=1.031375
[rank 0] epoch=3 train_batch=21000/12500 loss=1.031384
[rank 0] epoch=3 train_batch=21500/12500 loss=1.031143
[rank 0] epoch=3 train_batch=22000/12500 loss=1.032262
[rank 0] epoch=3 train_batch=22500/12500 loss=1.031062
[rank 0] epoch=3 train_batch=23000/12500 loss=1.039933
[rank 0] epoch=3 train_batch=23500/12500 loss=1.032513
[rank 0] epoch=3 train_batch=24000/12500 loss=1.035349
[rank 0] epoch=3 train_batch=24500/12500 loss=1.032616
[rank 0] epoch=3 train_batch=25000/12500 loss=1.033108
Training epoch 3
[6.18349996e-02 1.38081434e-03 3.85628894e-01 1.77646865e-03
 1.00220959e-01 3.37931359e-08 1.32739209e-01 3.35037917e-03
 1.66692319e-01 1.64145583e-08 1.55246712e-02 6.89127248e-03
 1.68198246e-01 9.22051305e-03 1.39914621e-02 7.83173737e-03
 1.44534243e-01 9.65834888e-03 2.13552298e-01 8.26472456e-03
 1.36314369e-02 2.81917231e-03 1.07100763e-01 3.32807763e-08
 4.95157011e-02 2.81080226e-03 4.92920490e-02 4.13078448e-08
 5.11900507e-03 3.49108459e-03 5.00424181e-02 3.66426316e-03
 4.95483884e-03 3.36764342e-03 5.04558491e-02 3.64282154e-03
 6.29287053e-02 2.28562047e-03 3.63470851e-03 2.01009744e-04
 2.77769588e-02 4.80788121e-08 6.90335755e-03 1.75002970e-04
 6.35193621e-03 1.87970002e-08 6.46737445e-04 3.94566123e-04
 5.99371484e-03 4.51520323e-04 6.15614693e-04 3.28583401e-04
 6.44754516e-03 4.05271734e-04 6.77020855e-03 2.56873055e-04
 5.16642240e-04 2.20904400e-04 1.08985864e-03 1.35431615e-09
 2.30381854e-03 1.29807317e-04 3.86907216e-03 6.96100258e-11
 3.20637667e-04 1.84209857e-04 2.60203293e-03 1.74059492e-04
 3.34013039e-04 2.12821730e-04 3.84162359e-03 2.19286909e-04
 7.65187304e-03 1.25051638e-04 4.09638325e-04 1.48479773e-04
 1.17668363e-02 1.98737847e-04 6.40288520e-04 3.43204256e-04
 6.64504356e-03 3.05942360e-04 6.41817381e-04 3.38939004e-04
 8.09481742e-03 2.90293455e-04 6.99973515e-04 4.44001857e-04
 7.60134563e-03 3.99830002e-04 7.87688832e-04 5.52695729e-04
 8.09230544e-03 4.79348276e-04 8.17044666e-03 4.63771395e-04
 7.25321167e-03 1.79378440e-10]
train  L_V                   = +0.0327 (0.4%)
 train    L_V_attractive      = +0.0178 (0.2%)
 train      L_V_attractive_charged      = +0.0100 (0.1%)
 train      L_V_attractive_neutral      = +0.0078 (0.1%)
 train    L_V_repulsive       = +0.0149 (0.2%)
 train      L_V_repulsive_charged       = +0.0063 (0.1%)
 train      L_V_repulsive_neutral       = +0.0086 (0.1%)
 train    L_charged_cluster   = +0.0000 (0.0%)
 train  L_beta              = +4.7886 (52.7%)
 train    L_beta_noise        = +0.0000 (0.0%)
 train    L_beta_sig          = +3.7887 (41.7%)
 train    L_beta_suppress     = +0.0000 (0.0%)
 train    L_beta_track        = +1.0000 (11.0%)
 train      L_beta_norms_term   = -0.0000 (-0.0%)
 train      L_beta_logbeta_term = +3.7887 (41.7%)
 train  L_E   = +4.2572 (46.9%)
 train    L_E_charge = +0.0000 (0.0%)
 train    L_E_cond = +1.4248 (15.7%)
 train    L_E_cluster = +2.8324 (31.2%)
 train    L_E_w_photon   = +0.0000 (0.0%)
 train    L_E_w_charged_hadron   = +0.0000 (0.0%)
 train    L_E_w_neutral_hadron   = +0.0000 (0.0%)
 train    L_E_w_muon     = +0.0000 (0.0%)
 train    L_E_w_electron = +0.0000 (0.0%)
learning rate :  [0.00019945246344205893, 0.0001978158526933439, 0.00019510809880370062, 0.00019135886849137794]
train loss :  1.0326651334762573
[rank 0] epoch=3 valid_batch=500/1563
[rank 0] epoch=3 valid_batch=1000/1563
[rank 0] epoch=3 valid_batch=1500/1563
[rank 0] epoch=3 valid_batch=2000/1563
[rank 0] epoch=3 valid_batch=2500/1563
[rank 0] epoch=3 valid_batch=3000/1563
test   L_V                   = +0.0317 (0.3%)
    L_V_attractive      = +0.0171 (0.2%)
      L_V_attractive_charged      = +0.0096 (0.1%)
      L_V_attractive_neutral      = +0.0075 (0.1%)
    L_V_repulsive       = +0.0146 (0.2%)
      L_V_repulsive_charged       = +0.0062 (0.1%)
      L_V_repulsive_neutral       = +0.0085 (0.1%)
    L_charged_cluster   = +0.0000 (0.0%)
  L_beta              = +4.7937 (52.5%)
    L_beta_noise        = +0.0000 (0.0%)
    L_beta_sig          = +3.7937 (41.6%)
    L_beta_suppress     = +0.0000 (0.0%)
    L_beta_track        = +1.0000 (11.0%)
      L_beta_norms_term   = -0.0000 (-0.0%)
      L_beta_logbeta_term = +3.7937 (41.6%)
  L_E   = +4.2975 (47.1%)
    L_E_charge = +0.0000 (0.0%)
    L_E_cond = +1.4255 (15.6%)
    L_E_cluster = +2.8720 (31.5%)
    L_E_w_photon   = +0.0000 (0.0%)
    L_E_w_charged_hadron   = +0.0000 (0.0%)
    L_E_w_neutral_hadron   = +0.0000 (0.0%)
    L_E_w_muon     = +0.0000 (0.0%)
    L_E_w_electron = +0.0000 (0.0%)
Returning 10.122922897338867
[rank 0] epoch=4 train_batch=500/12500 loss=1.030841
[rank 0] epoch=4 train_batch=1000/12500 loss=1.034024
[rank 0] epoch=4 train_batch=1500/12500 loss=1.031361
[rank 0] epoch=4 train_batch=2000/12500 loss=1.032526
[rank 0] epoch=4 train_batch=2500/12500 loss=1.030007
[rank 0] epoch=4 train_batch=3000/12500 loss=1.031699
[rank 0] epoch=4 train_batch=3500/12500 loss=1.029819
[rank 0] epoch=4 train_batch=4000/12500 loss=1.031660
[rank 0] epoch=4 train_batch=4500/12500 loss=1.030543
[rank 0] epoch=4 train_batch=5000/12500 loss=1.030657
[rank 0] epoch=4 train_batch=5500/12500 loss=1.033339
[rank 0] epoch=4 train_batch=6000/12500 loss=1.031781
[rank 0] epoch=4 train_batch=6500/12500 loss=1.030030
[rank 0] epoch=4 train_batch=7000/12500 loss=1.030251
[rank 0] epoch=4 train_batch=7500/12500 loss=1.027799
[rank 0] epoch=4 train_batch=8000/12500 loss=1.029979
[rank 0] epoch=4 train_batch=8500/12500 loss=1.031903
[rank 0] epoch=4 train_batch=9000/12500 loss=1.031805
[rank 0] epoch=4 train_batch=9500/12500 loss=1.032190
[rank 0] epoch=4 train_batch=10000/12500 loss=1.032014
[rank 0] epoch=4 train_batch=10500/12500 loss=1.031040
[rank 0] epoch=4 train_batch=11000/12500 loss=1.030518
[rank 0] epoch=4 train_batch=11500/12500 loss=1.032213
[rank 0] epoch=4 train_batch=12000/12500 loss=1.033209
[rank 0] epoch=4 train_batch=12500/12500 loss=1.034846
[rank 0] epoch=4 train_batch=13000/12500 loss=1.031620
[rank 0] epoch=4 train_batch=13500/12500 loss=1.031713
[rank 0] epoch=4 train_batch=14000/12500 loss=1.036252
[rank 0] epoch=4 train_batch=14500/12500 loss=1.032875
[rank 0] epoch=4 train_batch=15000/12500 loss=1.032358
[rank 0] epoch=4 train_batch=15500/12500 loss=1.031065
[rank 0] epoch=4 train_batch=16000/12500 loss=1.032377
[rank 0] epoch=4 train_batch=16500/12500 loss=1.030456
[rank 0] epoch=4 train_batch=17000/12500 loss=1.030452
[rank 0] epoch=4 train_batch=17500/12500 loss=1.034350
[rank 0] epoch=4 train_batch=18000/12500 loss=1.032781
[rank 0] epoch=4 train_batch=18500/12500 loss=1.036529
[rank 0] epoch=4 train_batch=19000/12500 loss=1.030452
[rank 0] epoch=4 train_batch=19500/12500 loss=1.031840
[rank 0] epoch=4 train_batch=20000/12500 loss=1.030855
[rank 0] epoch=4 train_batch=20500/12500 loss=1.034632
[rank 0] epoch=4 train_batch=21000/12500 loss=1.032900
[rank 0] epoch=4 train_batch=21500/12500 loss=1.031342
[rank 0] epoch=4 train_batch=22000/12500 loss=1.032170
[rank 0] epoch=4 train_batch=22500/12500 loss=1.030225
[rank 0] epoch=4 train_batch=23000/12500 loss=1.030448
[rank 0] epoch=4 train_batch=23500/12500 loss=1.030876
[rank 0] epoch=4 train_batch=24000/12500 loss=1.035129
[rank 0] epoch=4 train_batch=24500/12500 loss=1.032474
[rank 0] epoch=4 train_batch=25000/12500 loss=1.031750
Training epoch 4
[7.38023953e-02 1.77524136e-03 4.11948702e-01 1.96182196e-03
 9.68289757e-02 3.84363356e-08 1.35623995e-01 3.72242346e-03
 1.57861611e-01 1.29886393e-08 1.51345665e-02 7.29393393e-03
 1.58582460e-01 9.16731203e-03 1.52566237e-02 9.92836622e-03
 1.47385994e-01 1.08179954e-02 2.35458083e-01 9.78479756e-03
 1.46487152e-02 2.98442598e-03 1.20595380e-01 3.49043777e-08
 5.20990742e-02 2.91677985e-03 4.72732974e-02 3.76758932e-08
 5.35940853e-03 3.54882534e-03 4.83636611e-02 3.74730075e-03
 5.42462714e-03 3.80917266e-03 5.19147375e-02 3.92171536e-03
 7.08498302e-02 2.82388273e-03 4.08398195e-03 1.83115278e-04
 2.88563981e-02 4.82523851e-08 6.51649402e-03 1.47481652e-04
 6.52215962e-03 1.37772597e-08 7.37157709e-04 4.17999280e-04
 6.09810268e-03 4.52380833e-04 6.82455404e-04 3.47132411e-04
 6.50743253e-03 4.24247989e-04 7.30548626e-03 2.74991631e-04
 5.61424365e-04 2.11638191e-04 1.13129438e-03 1.33659446e-09
 2.12093604e-03 1.19401167e-04 3.54783065e-03 6.57086660e-11
 3.44523360e-04 2.12148057e-04 2.68204467e-03 1.90935790e-04
 3.91791447e-04 2.46338141e-04 4.35450703e-03 2.51696217e-04
 8.31171281e-03 1.40737016e-04 4.38619273e-04 1.58046222e-04
 9.80556027e-03 1.82719748e-04 6.29921493e-04 3.56331979e-04
 6.06206024e-03 2.87236639e-04 6.32016216e-04 3.46752946e-04
 6.71807567e-03 2.70037356e-04 6.82937328e-04 4.46016940e-04
 6.88548607e-03 3.71888137e-04 7.72664034e-04 5.43010981e-04
 7.46497986e-03 4.50825820e-04 7.77822936e-03 4.28714590e-04
 7.07754427e-03 1.67750743e-10]
train  L_V                   = +0.0317 (0.4%)
 train    L_V_attractive      = +0.0172 (0.2%)
 train      L_V_attractive_charged      = +0.0098 (0.1%)
 train      L_V_attractive_neutral      = +0.0074 (0.1%)
 train    L_V_repulsive       = +0.0145 (0.2%)
 train      L_V_repulsive_charged       = +0.0061 (0.1%)
 train      L_V_repulsive_neutral       = +0.0084 (0.1%)
 train    L_charged_cluster   = +0.0000 (0.0%)
 train  L_beta              = +4.7822 (52.9%)
 train    L_beta_noise        = +0.0000 (0.0%)
 train    L_beta_sig          = +3.7822 (41.9%)
 train    L_beta_suppress     = +0.0000 (0.0%)
 train    L_beta_track        = +1.0000 (11.1%)
 train      L_beta_norms_term   = -0.0000 (-0.0%)
 train      L_beta_logbeta_term = +3.7822 (41.9%)
 train  L_E   = +4.2236 (46.7%)
 train    L_E_charge = +0.0000 (0.0%)
 train    L_E_cond = +1.4257 (15.8%)
 train    L_E_cluster = +2.7978 (31.0%)
 train    L_E_w_photon   = +0.0000 (0.0%)
 train    L_E_w_charged_hadron   = +0.0000 (0.0%)
 train    L_E_w_neutral_hadron   = +0.0000 (0.0%)
 train    L_E_w_muon     = +0.0000 (0.0%)
 train    L_E_w_electron = +0.0000 (0.0%)
learning rate :  [0.00019945246344205893, 0.0001978158526933439, 0.00019510809880370062, 0.00019135886849137794, 0.00018660923910825467]
train loss :  1.0317103862762451
[rank 0] epoch=4 valid_batch=500/1563
[rank 0] epoch=4 valid_batch=1000/1563
[rank 0] epoch=4 valid_batch=1500/1563
[rank 0] epoch=4 valid_batch=2000/1563
[rank 0] epoch=4 valid_batch=2500/1563
[rank 0] epoch=4 valid_batch=3000/1563
test   L_V                   = +0.0317 (0.3%)
    L_V_attractive      = +0.0174 (0.2%)
      L_V_attractive_charged      = +0.0098 (0.1%)
      L_V_attractive_neutral      = +0.0075 (0.1%)
    L_V_repulsive       = +0.0143 (0.2%)
      L_V_repulsive_charged       = +0.0060 (0.1%)
      L_V_repulsive_neutral       = +0.0083 (0.1%)
    L_charged_cluster   = +0.0000 (0.0%)
  L_beta              = +4.7513 (52.4%)
    L_beta_noise        = +0.0000 (0.0%)
    L_beta_sig          = +3.7513 (41.4%)
    L_beta_suppress     = +0.0000 (0.0%)
    L_beta_track        = +1.0000 (11.0%)
      L_beta_norms_term   = -0.0000 (-0.0%)
      L_beta_logbeta_term = +3.7513 (41.4%)
  L_E   = +4.2820 (47.2%)
    L_E_charge = +0.0000 (0.0%)
    L_E_cond = +1.4297 (15.8%)
    L_E_cluster = +2.8522 (31.5%)
    L_E_w_photon   = +0.0000 (0.0%)
    L_E_w_charged_hadron   = +0.0000 (0.0%)
    L_E_w_neutral_hadron   = +0.0000 (0.0%)
    L_E_w_muon     = +0.0000 (0.0%)
    L_E_w_electron = +0.0000 (0.0%)
Returning 10.064922332763672
[rank 0] epoch=5 train_batch=500/12500 loss=1.032129
[rank 0] epoch=5 train_batch=1000/12500 loss=1.031358
[rank 0] epoch=5 train_batch=1500/12500 loss=1.029339
[rank 0] epoch=5 train_batch=2000/12500 loss=1.029982
[rank 0] epoch=5 train_batch=2500/12500 loss=1.029016
[rank 0] epoch=5 train_batch=3000/12500 loss=1.032376
[rank 0] epoch=5 train_batch=3500/12500 loss=1.029531
[rank 0] epoch=5 train_batch=4000/12500 loss=1.033208
[rank 0] epoch=5 train_batch=4500/12500 loss=1.030141
[rank 0] epoch=5 train_batch=5000/12500 loss=1.031173
[rank 0] epoch=5 train_batch=5500/12500 loss=1.028736
[rank 0] epoch=5 train_batch=6000/12500 loss=1.031590
[rank 0] epoch=5 train_batch=6500/12500 loss=1.033917
[rank 0] epoch=5 train_batch=7000/12500 loss=1.032163
[rank 0] epoch=5 train_batch=7500/12500 loss=1.028270
[rank 0] epoch=5 train_batch=8000/12500 loss=1.029710
[rank 0] epoch=5 train_batch=8500/12500 loss=1.032428
[rank 0] epoch=5 train_batch=9000/12500 loss=1.032046
[rank 0] epoch=5 train_batch=9500/12500 loss=1.031659
[rank 0] epoch=5 train_batch=10000/12500 loss=1.027110
[rank 0] epoch=5 train_batch=10500/12500 loss=1.029385
[rank 0] epoch=5 train_batch=11000/12500 loss=1.030884
[rank 0] epoch=5 train_batch=11500/12500 loss=1.031118
[rank 0] epoch=5 train_batch=12000/12500 loss=1.028038
[rank 0] epoch=5 train_batch=12500/12500 loss=1.027765
[rank 0] epoch=5 train_batch=13000/12500 loss=1.033367
[rank 0] epoch=5 train_batch=13500/12500 loss=1.029896
[rank 0] epoch=5 train_batch=14000/12500 loss=1.028725
[rank 0] epoch=5 train_batch=14500/12500 loss=1.030989
[rank 0] epoch=5 train_batch=15000/12500 loss=1.029316
[rank 0] epoch=5 train_batch=15500/12500 loss=1.029405
[rank 0] epoch=5 train_batch=16000/12500 loss=1.028819
[rank 0] epoch=5 train_batch=16500/12500 loss=1.032681
[rank 0] epoch=5 train_batch=17000/12500 loss=1.032409
[rank 0] epoch=5 train_batch=17500/12500 loss=1.035586
[rank 0] epoch=5 train_batch=18000/12500 loss=1.031001
[rank 0] epoch=5 train_batch=18500/12500 loss=1.029181
[rank 0] epoch=5 train_batch=19000/12500 loss=1.028718
[rank 0] epoch=5 train_batch=19500/12500 loss=1.032359
[rank 0] epoch=5 train_batch=20000/12500 loss=1.030103
[rank 0] epoch=5 train_batch=20500/12500 loss=1.031014
[rank 0] epoch=5 train_batch=21000/12500 loss=1.030112
[rank 0] epoch=5 train_batch=21500/12500 loss=1.029535
[rank 0] epoch=5 train_batch=22000/12500 loss=1.033192
[rank 0] epoch=5 train_batch=22500/12500 loss=1.030657
[rank 0] epoch=5 train_batch=23000/12500 loss=1.031818
[rank 0] epoch=5 train_batch=23500/12500 loss=1.031323
[rank 0] epoch=5 train_batch=24000/12500 loss=1.029939
[rank 0] epoch=5 train_batch=24500/12500 loss=1.029756
[rank 0] epoch=5 train_batch=25000/12500 loss=1.030333
Training epoch 5
[5.94231555e-02 3.11421252e-03 3.23087991e-01 2.45318182e-03
 6.78332397e-02 2.37600706e-08 1.29582120e-01 4.41845685e-03
 1.18810947e-01 1.10701143e-08 1.39035516e-02 7.25988698e-03
 1.41326265e-01 8.92100439e-03 1.46831167e-02 9.86132511e-03
 1.36386973e-01 1.04337858e-02 2.27369927e-01 8.78875319e-03
 1.44266114e-02 3.17402595e-03 1.13732537e-01 3.01306505e-08
 5.04948362e-02 3.14330949e-03 4.53174736e-02 3.44323652e-08
 5.31467517e-03 3.71701193e-03 4.40685604e-02 3.58014021e-03
 5.32891378e-03 3.94830343e-03 4.81247778e-02 3.86906134e-03
 6.90500842e-02 2.74454921e-03 3.91118322e-03 1.96988046e-04
 2.70272099e-02 4.41334983e-08 6.18530027e-03 1.63793167e-04
 6.92156815e-03 1.14572122e-08 8.15240787e-04 4.56410521e-04
 6.04927374e-03 4.61742730e-04 7.49329699e-04 3.86064898e-04
 6.61521996e-03 4.47797937e-04 8.14069482e-03 3.02636570e-04
 6.00476043e-04 2.14189146e-04 1.18101556e-03 1.19179686e-09
 2.29285480e-03 1.20752328e-04 3.56188247e-03 6.86772432e-11
 3.87537121e-04 2.60391748e-04 3.01377018e-03 2.25176374e-04
 4.79338037e-04 2.98360647e-04 5.13350157e-03 3.04035264e-04
 9.67879255e-03 1.70039107e-04 4.99673974e-04 1.78134255e-04
 9.59704305e-03 1.84983203e-04 6.33224057e-04 3.71523117e-04
 5.84873521e-03 2.73680392e-04 6.08959330e-04 3.52544955e-04
 6.00678944e-03 2.56328200e-04 6.63591037e-04 4.40076492e-04
 6.30545430e-03 3.45028376e-04 7.52410876e-04 5.37852740e-04
 6.91078802e-03 4.28506244e-04 7.48305406e-03 4.04696013e-04
 7.06934643e-03 1.74474480e-10]
train  L_V                   = +0.0306 (0.3%)
 train    L_V_attractive      = +0.0166 (0.2%)
 train      L_V_attractive_charged      = +0.0093 (0.1%)
 train      L_V_attractive_neutral      = +0.0073 (0.1%)
 train    L_V_repulsive       = +0.0140 (0.2%)
 train      L_V_repulsive_charged       = +0.0059 (0.1%)
 train      L_V_repulsive_neutral       = +0.0081 (0.1%)
 train    L_charged_cluster   = +0.0000 (0.0%)
 train  L_beta              = +4.7720 (53.1%)
 train    L_beta_noise        = +0.0000 (0.0%)
 train    L_beta_sig          = +3.7720 (42.0%)
 train    L_beta_suppress     = +0.0000 (0.0%)
 train    L_beta_track        = +1.0000 (11.1%)
 train      L_beta_norms_term   = -0.0000 (-0.0%)
 train      L_beta_logbeta_term = +3.7720 (42.0%)
 train  L_E   = +4.1810 (46.5%)
 train    L_E_charge = +0.0000 (0.0%)
 train    L_E_cond = +1.4294 (15.9%)
 train    L_E_cluster = +2.7516 (30.6%)
 train    L_E_w_photon   = +0.0000 (0.0%)
 train    L_E_w_charged_hadron   = +0.0000 (0.0%)
 train    L_E_w_neutral_hadron   = +0.0000 (0.0%)
 train    L_E_w_muon     = +0.0000 (0.0%)
 train    L_E_w_electron = +0.0000 (0.0%)
learning rate :  [0.00019945246344205893, 0.0001978158526933439, 0.00019510809880370062, 0.00019135886849137794, 0.00018660923910825467, 0.000180911248587776]
train loss :  1.0305711030960083
[rank 0] epoch=5 valid_batch=500/1563
[rank 0] epoch=5 valid_batch=1000/1563
[rank 0] epoch=5 valid_batch=1500/1563
[rank 0] epoch=5 valid_batch=2000/1563
[rank 0] epoch=5 valid_batch=2500/1563
[rank 0] epoch=5 valid_batch=3000/1563
test   L_V                   = +0.0310 (0.3%)
    L_V_attractive      = +0.0170 (0.2%)
      L_V_attractive_charged      = +0.0096 (0.1%)
      L_V_attractive_neutral      = +0.0074 (0.1%)
    L_V_repulsive       = +0.0140 (0.2%)
      L_V_repulsive_charged       = +0.0059 (0.1%)
      L_V_repulsive_neutral       = +0.0081 (0.1%)
    L_charged_cluster   = +0.0000 (0.0%)
  L_beta              = +4.7751 (53.0%)
    L_beta_noise        = +0.0000 (0.0%)
    L_beta_sig          = +3.7751 (41.9%)
    L_beta_suppress     = +0.0000 (0.0%)
    L_beta_track        = +1.0000 (11.1%)
      L_beta_norms_term   = -0.0000 (-0.0%)
      L_beta_logbeta_term = +3.7751 (41.9%)
  L_E   = +4.2079 (46.7%)
    L_E_charge = +0.0000 (0.0%)
    L_E_cond = +1.4385 (16.0%)
    L_E_cluster = +2.7694 (30.7%)
    L_E_w_photon   = +0.0000 (0.0%)
    L_E_w_charged_hadron   = +0.0000 (0.0%)
    L_E_w_neutral_hadron   = +0.0000 (0.0%)
    L_E_w_muon     = +0.0000 (0.0%)
    L_E_w_electron = +0.0000 (0.0%)
Returning 10.013992309570312
[rank 0] epoch=6 train_batch=500/12500 loss=1.030326
[rank 0] epoch=6 train_batch=1000/12500 loss=1.031139
[rank 0] epoch=6 train_batch=1500/12500 loss=1.026951
[rank 0] epoch=6 train_batch=2000/12500 loss=1.030829
[rank 0] epoch=6 train_batch=2500/12500 loss=1.026842
[rank 0] epoch=6 train_batch=3000/12500 loss=1.031075
[rank 0] epoch=6 train_batch=3500/12500 loss=1.029874
[rank 0] epoch=6 train_batch=4000/12500 loss=1.030530
[rank 0] epoch=6 train_batch=4500/12500 loss=1.029810
[rank 0] epoch=6 train_batch=5000/12500 loss=1.033986
[rank 0] epoch=6 train_batch=5500/12500 loss=1.029325
[rank 0] epoch=6 train_batch=6000/12500 loss=1.031886
[rank 0] epoch=6 train_batch=6500/12500 loss=1.030341
[rank 0] epoch=6 train_batch=7000/12500 loss=1.032407
[rank 0] epoch=6 train_batch=7500/12500 loss=1.032124
[rank 0] epoch=6 train_batch=8000/12500 loss=1.030837
[rank 0] epoch=6 train_batch=8500/12500 loss=1.030931
[rank 0] epoch=6 train_batch=9000/12500 loss=1.031790
[rank 0] epoch=6 train_batch=9500/12500 loss=1.028537
[rank 0] epoch=6 train_batch=10000/12500 loss=1.030886
[rank 0] epoch=6 train_batch=10500/12500 loss=1.030402
[rank 0] epoch=6 train_batch=11000/12500 loss=1.032433
[rank 0] epoch=6 train_batch=11500/12500 loss=1.030328
[rank 0] epoch=6 train_batch=12000/12500 loss=1.032867
[rank 0] epoch=6 train_batch=12500/12500 loss=1.031860
[rank 0] epoch=6 train_batch=13000/12500 loss=1.033062
[rank 0] epoch=6 train_batch=13500/12500 loss=1.028721
[rank 0] epoch=6 train_batch=14000/12500 loss=1.028229
[rank 0] epoch=6 train_batch=14500/12500 loss=1.029309
[rank 0] epoch=6 train_batch=15000/12500 loss=1.033284
[rank 0] epoch=6 train_batch=15500/12500 loss=1.032382
[rank 0] epoch=6 train_batch=16000/12500 loss=1.030786
[rank 0] epoch=6 train_batch=16500/12500 loss=1.032027
[rank 0] epoch=6 train_batch=17000/12500 loss=1.031983
[rank 0] epoch=6 train_batch=17500/12500 loss=1.029527
[rank 0] epoch=6 train_batch=18000/12500 loss=1.032592
[rank 0] epoch=6 train_batch=18500/12500 loss=1.031034
[rank 0] epoch=6 train_batch=19000/12500 loss=1.029338
[rank 0] epoch=6 train_batch=19500/12500 loss=1.031445
[rank 0] epoch=6 train_batch=20000/12500 loss=1.032315
[rank 0] epoch=6 train_batch=20500/12500 loss=1.029839
[rank 0] epoch=6 train_batch=21000/12500 loss=1.035453
[rank 0] epoch=6 train_batch=21500/12500 loss=1.031495
[rank 0] epoch=6 train_batch=22000/12500 loss=1.030781
[rank 0] epoch=6 train_batch=22500/12500 loss=1.029664
[rank 0] epoch=6 train_batch=23000/12500 loss=1.032428
[rank 0] epoch=6 train_batch=23500/12500 loss=1.028286
[rank 0] epoch=6 train_batch=24000/12500 loss=1.030899
[rank 0] epoch=6 train_batch=24500/12500 loss=1.030695
[rank 0] epoch=6 train_batch=25000/12500 loss=1.030128
Training epoch 6
[8.46475568e-02 5.46539033e-03 3.89488148e-01 2.91543274e-03
 6.64066834e-02 2.47558698e-08 1.25978746e-01 5.20773618e-03
 1.40548336e-01 1.32765615e-08 2.07954730e-02 1.26911997e-02
 1.94493105e-01 1.39253542e-02 2.27552458e-02 1.53642259e-02
 1.98579011e-01 1.58697636e-02 3.35963495e-01 1.31895104e-02
 2.03695336e-02 5.20658037e-03 1.53058904e-01 3.93939435e-08
 7.43439670e-02 5.04049194e-03 6.68041907e-02 5.82120671e-08
 8.15596607e-03 5.74873441e-03 6.75154839e-02 5.28427614e-03
 7.69506617e-03 5.51110745e-03 6.60623333e-02 5.27662057e-03
 8.88796357e-02 3.36443628e-03 4.91984962e-03 2.10149750e-04
 3.24799647e-02 8.54003285e-08 9.10346569e-03 1.62362146e-04
 8.40012565e-03 2.19548530e-08 1.09667496e-03 4.89206277e-04
 7.67732155e-03 4.53659527e-04 8.53456944e-04 4.55473629e-04
 7.06783306e-03 4.85706620e-04 9.19485887e-03 3.29275855e-04
 6.64901873e-04 2.31918318e-04 1.24724895e-03 1.40013484e-09
 2.86349779e-03 1.32020916e-04 4.23730599e-03 8.58788935e-11
 4.94036831e-04 3.20079255e-04 3.57888217e-03 2.67808874e-04
 5.94291420e-04 3.61341628e-04 6.05847771e-03 3.65258735e-04
 1.08112857e-02 1.84457185e-04 5.88306231e-04 2.01062317e-04
 1.01049392e-02 2.09543432e-04 7.07259046e-04 4.15589261e-04
 6.29941599e-03 2.95802519e-04 6.37481303e-04 3.67538084e-04
 6.05234044e-03 2.55034784e-04 6.88965171e-04 4.53316520e-04
 6.22144676e-03 3.38141129e-04 7.79761454e-04 5.66476485e-04
 6.86243673e-03 4.39108666e-04 7.66222092e-03 4.20169587e-04
 7.46738325e-03 2.17429155e-10]
train  L_V                   = +0.0308 (0.3%)
 train    L_V_attractive      = +0.0167 (0.2%)
 train      L_V_attractive_charged      = +0.0094 (0.1%)
 train      L_V_attractive_neutral      = +0.0074 (0.1%)
 train    L_V_repulsive       = +0.0141 (0.2%)
 train      L_V_repulsive_charged       = +0.0059 (0.1%)
 train      L_V_repulsive_neutral       = +0.0081 (0.1%)
 train    L_charged_cluster   = +0.0000 (0.0%)
 train  L_beta              = +4.7825 (53.6%)
 train    L_beta_noise        = +0.0000 (0.0%)
 train    L_beta_sig          = +3.7825 (42.4%)
 train    L_beta_suppress     = +0.0000 (0.0%)
 train    L_beta_track        = +1.0000 (11.2%)
 train      L_beta_norms_term   = -0.0000 (-0.0%)
 train      L_beta_logbeta_term = +3.7825 (42.4%)
 train  L_E   = +4.1120 (46.1%)
 train    L_E_charge = +0.0000 (0.0%)
 train    L_E_cond = +1.4378 (16.1%)
 train    L_E_cluster = +2.6742 (30.0%)
 train    L_E_w_photon   = +0.0000 (0.0%)
 train    L_E_w_charged_hadron   = +0.0000 (0.0%)
 train    L_E_w_neutral_hadron   = +0.0000 (0.0%)
 train    L_E_w_muon     = +0.0000 (0.0%)
 train    L_E_w_electron = +0.0000 (0.0%)
learning rate :  [0.00019945246344205893, 0.0001978158526933439, 0.00019510809880370062, 0.00019135886849137794, 0.00018660923910825467, 0.000180911248587776, 0.00017432732530646558]
train loss :  1.0307883024215698
[rank 0] epoch=6 valid_batch=500/1563
[rank 0] epoch=6 valid_batch=1000/1563
[rank 0] epoch=6 valid_batch=1500/1563
[rank 0] epoch=6 valid_batch=2000/1563
[rank 0] epoch=6 valid_batch=2500/1563
[rank 0] epoch=6 valid_batch=3000/1563
test   L_V                   = +0.0314 (0.4%)
    L_V_attractive      = +0.0160 (0.2%)
      L_V_attractive_charged      = +0.0091 (0.1%)
      L_V_attractive_neutral      = +0.0069 (0.1%)
    L_V_repulsive       = +0.0154 (0.2%)
      L_V_repulsive_charged       = +0.0064 (0.1%)
      L_V_repulsive_neutral       = +0.0091 (0.1%)
    L_charged_cluster   = +0.0000 (0.0%)
  L_beta              = +4.7814 (54.1%)
    L_beta_noise        = +0.0000 (0.0%)
    L_beta_sig          = +3.7814 (42.8%)
    L_beta_suppress     = +0.0000 (0.0%)
    L_beta_track        = +1.0000 (11.3%)
      L_beta_norms_term   = -0.0000 (-0.0%)
      L_beta_logbeta_term = +3.7814 (42.8%)
  L_E   = +4.0211 (45.5%)
    L_E_charge = +0.0000 (0.0%)
    L_E_cond = +1.4458 (16.4%)
    L_E_cluster = +2.5753 (29.2%)
    L_E_w_photon   = +0.0000 (0.0%)
    L_E_w_charged_hadron   = +0.0000 (0.0%)
    L_E_w_neutral_hadron   = +0.0000 (0.0%)
    L_E_w_muon     = +0.0000 (0.0%)
    L_E_w_electron = +0.0000 (0.0%)
Returning 9.83388900756836
[rank 0] epoch=7 train_batch=500/12500 loss=1.033252
[rank 0] epoch=7 train_batch=1000/12500 loss=1.029653
[rank 0] epoch=7 train_batch=1500/12500 loss=1.029186
[rank 0] epoch=7 train_batch=2000/12500 loss=1.030140
[rank 0] epoch=7 train_batch=2500/12500 loss=1.031379
[rank 0] epoch=7 train_batch=3000/12500 loss=1.031823
[rank 0] epoch=7 train_batch=3500/12500 loss=1.030321
[rank 0] epoch=7 train_batch=4000/12500 loss=1.030897
[rank 0] epoch=7 train_batch=4500/12500 loss=1.028606
[rank 0] epoch=7 train_batch=5000/12500 loss=1.032278
[rank 0] epoch=7 train_batch=5500/12500 loss=1.029037
[rank 0] epoch=7 train_batch=6000/12500 loss=1.030885
[rank 0] epoch=7 train_batch=6500/12500 loss=1.028919
[rank 0] epoch=7 train_batch=7000/12500 loss=1.031027
[rank 0] epoch=7 train_batch=7500/12500 loss=1.028480
[rank 0] epoch=7 train_batch=8000/12500 loss=1.031146
[rank 0] epoch=7 train_batch=8500/12500 loss=1.030410
[rank 0] epoch=7 train_batch=9000/12500 loss=1.034789
[rank 0] epoch=7 train_batch=9500/12500 loss=1.030386
[rank 0] epoch=7 train_batch=10000/12500 loss=1.032578
[rank 0] epoch=7 train_batch=10500/12500 loss=1.033167
[rank 0] epoch=7 train_batch=11000/12500 loss=1.032556
[rank 0] epoch=7 train_batch=11500/12500 loss=1.029557
[rank 0] epoch=7 train_batch=12000/12500 loss=1.030216
[rank 0] epoch=7 train_batch=12500/12500 loss=1.031980
[rank 0] epoch=7 train_batch=13000/12500 loss=1.030797
[rank 0] epoch=7 train_batch=13500/12500 loss=1.030934
[rank 0] epoch=7 train_batch=14000/12500 loss=1.031362
[rank 0] epoch=7 train_batch=14500/12500 loss=1.029342
[rank 0] epoch=7 train_batch=15000/12500 loss=1.030595
[rank 0] epoch=7 train_batch=15500/12500 loss=1.028010
[rank 0] epoch=7 train_batch=16000/12500 loss=1.030980
[rank 0] epoch=7 train_batch=16500/12500 loss=1.032731
[rank 0] epoch=7 train_batch=17000/12500 loss=1.029179
[rank 0] epoch=7 train_batch=17500/12500 loss=1.030413
[rank 0] epoch=7 train_batch=18000/12500 loss=1.031673
[rank 0] epoch=7 train_batch=18500/12500 loss=1.030081
[rank 0] epoch=7 train_batch=19000/12500 loss=1.028412
[rank 0] epoch=7 train_batch=19500/12500 loss=1.033068
[rank 0] epoch=7 train_batch=20000/12500 loss=1.029659
[rank 0] epoch=7 train_batch=20500/12500 loss=1.035106
[rank 0] epoch=7 train_batch=21000/12500 loss=1.029295
[rank 0] epoch=7 train_batch=21500/12500 loss=1.031182
[rank 0] epoch=7 train_batch=22000/12500 loss=1.029543
[rank 0] epoch=7 train_batch=22500/12500 loss=1.029621
[rank 0] epoch=7 train_batch=23000/12500 loss=1.031114
[rank 0] epoch=7 train_batch=23500/12500 loss=1.028827
[rank 0] epoch=7 train_batch=24000/12500 loss=1.031077
[rank 0] epoch=7 train_batch=24500/12500 loss=1.029996
[rank 0] epoch=7 train_batch=25000/12500 loss=1.028727
Training epoch 7
[1.05527802e-01 5.41873489e-03 4.18448709e-01 3.59947090e-03
 5.49660599e-02 2.15135095e-08 1.51404522e-01 6.89623264e-03
 1.52348749e-01 1.66998358e-08 2.67512221e-02 1.80492928e-02
 2.40055266e-01 1.83193999e-02 3.14776996e-02 2.22442881e-02
 2.60533659e-01 2.23036147e-02 4.90907631e-01 1.94584866e-02
 2.90956067e-02 9.21248895e-03 1.93656064e-01 5.16598091e-08
 1.23816031e-01 8.54032597e-03 8.46631331e-02 9.71010499e-08
 1.08796081e-02 7.88490246e-03 8.33658624e-02 6.95534249e-03
 1.03720311e-02 7.70361578e-03 8.59955798e-02 7.07084788e-03
 1.11483999e-01 4.02124293e-03 5.90633559e-03 2.30295062e-04
 3.57530516e-02 1.29945416e-07 9.36687214e-03 1.62460184e-04
 9.15133142e-03 2.45359946e-08 1.22342729e-03 5.48715463e-04
 8.24689621e-03 4.75827749e-04 9.37014916e-04 4.90901533e-04
 7.20470948e-03 5.07006050e-04 9.25520229e-03 3.40867429e-04
 6.77473711e-04 2.39878356e-04 1.19394571e-03 1.44138357e-09
 2.98728340e-03 1.30687668e-04 4.20287822e-03 8.73869273e-11
 5.21756866e-04 3.43348148e-04 3.65262692e-03 2.76746649e-04
 6.38708044e-04 3.88663295e-04 6.24042923e-03 3.87628156e-04
 1.08455630e-02 1.85545757e-04 6.42645754e-04 2.30551174e-04
 1.14704439e-02 2.58022244e-04 7.95337415e-04 4.55499342e-04
 6.64234444e-03 3.11474584e-04 6.62901959e-04 3.83491422e-04
 6.01192102e-03 2.53711456e-04 6.99840512e-04 4.63569606e-04
 6.02587273e-03 3.31706113e-04 7.77617158e-04 5.66599833e-04
 6.61424365e-03 4.25880450e-04 7.50779730e-03 4.00325124e-04
 7.41852869e-03 1.73750900e-10]
train  L_V                   = +0.0307 (0.3%)
 train    L_V_attractive      = +0.0167 (0.2%)
 train      L_V_attractive_charged      = +0.0093 (0.1%)
 train      L_V_attractive_neutral      = +0.0073 (0.1%)
 train    L_V_repulsive       = +0.0140 (0.2%)
 train      L_V_repulsive_charged       = +0.0059 (0.1%)
 train      L_V_repulsive_neutral       = +0.0081 (0.1%)
 train    L_charged_cluster   = +0.0000 (0.0%)
 train  L_beta              = +4.8210 (53.6%)
 train    L_beta_noise        = +0.0000 (0.0%)
 train    L_beta_sig          = +3.8210 (42.5%)
 train    L_beta_suppress     = +0.0000 (0.0%)
 train    L_beta_track        = +1.0000 (11.1%)
 train      L_beta_norms_term   = -0.0000 (-0.0%)
 train      L_beta_logbeta_term = +3.8210 (42.5%)
 train  L_E   = +4.1374 (46.0%)
 train    L_E_charge = +0.0000 (0.0%)
 train    L_E_cond = +1.4417 (16.0%)
 train    L_E_cluster = +2.6957 (30.0%)
 train    L_E_w_photon   = +0.0000 (0.0%)
 train    L_E_w_charged_hadron   = +0.0000 (0.0%)
 train    L_E_w_neutral_hadron   = +0.0000 (0.0%)
 train    L_E_w_muon     = +0.0000 (0.0%)
 train    L_E_w_electron = +0.0000 (0.0%)
learning rate :  [0.00019945246344205893, 0.0001978158526933439, 0.00019510809880370062, 0.00019135886849137794, 0.00018660923910825467, 0.000180911248587776, 0.00017432732530646558, 0.00016692960410556788]
train loss :  1.0306519269943237
[rank 0] epoch=7 valid_batch=500/1563
[rank 0] epoch=7 valid_batch=1000/1563
[rank 0] epoch=7 valid_batch=1500/1563
[rank 0] epoch=7 valid_batch=2000/1563
[rank 0] epoch=7 valid_batch=2500/1563
[rank 0] epoch=7 valid_batch=3000/1563
test   L_V                   = +0.0303 (0.3%)
    L_V_attractive      = +0.0161 (0.2%)
      L_V_attractive_charged      = +0.0093 (0.1%)
      L_V_attractive_neutral      = +0.0068 (0.1%)
    L_V_repulsive       = +0.0142 (0.2%)
      L_V_repulsive_charged       = +0.0059 (0.1%)
      L_V_repulsive_neutral       = +0.0083 (0.1%)
    L_charged_cluster   = +0.0000 (0.0%)
  L_beta              = +4.8686 (53.7%)
    L_beta_noise        = +0.0000 (0.0%)
    L_beta_sig          = +3.8686 (42.6%)
    L_beta_suppress     = +0.0000 (0.0%)
    L_beta_track        = +1.0000 (11.0%)
      L_beta_norms_term   = -0.0000 (-0.0%)
      L_beta_logbeta_term = +3.8686 (42.6%)
  L_E   = +4.1730 (46.0%)
    L_E_charge = +0.0000 (0.0%)
    L_E_cond = +1.4455 (15.9%)
    L_E_cluster = +2.7275 (30.1%)
    L_E_w_photon   = +0.0000 (0.0%)
    L_E_w_charged_hadron   = +0.0000 (0.0%)
    L_E_w_neutral_hadron   = +0.0000 (0.0%)
    L_E_w_muon     = +0.0000 (0.0%)
    L_E_w_electron = +0.0000 (0.0%)
Returning 10.071905136108398
[rank 0] epoch=8 train_batch=500/12500 loss=1.802698
[rank 0] epoch=8 train_batch=1000/12500 loss=1.800381
[rank 0] epoch=8 train_batch=1500/12500 loss=1.810125
[rank 0] epoch=8 train_batch=2000/12500 loss=1.848543
[rank 0] epoch=8 train_batch=2500/12500 loss=1.735382
[rank 0] epoch=8 train_batch=3000/12500 loss=1.761974
[rank 0] epoch=8 train_batch=3500/12500 loss=1.793707
[rank 0] epoch=8 train_batch=4000/12500 loss=1.750172
[rank 0] epoch=8 train_batch=4500/12500 loss=1.748286
[rank 0] epoch=8 train_batch=5000/12500 loss=1.764082
[rank 0] epoch=8 train_batch=5500/12500 loss=1.745644
[rank 0] epoch=8 train_batch=6000/12500 loss=1.690884
[rank 0] epoch=8 train_batch=6500/12500 loss=1.740920
[rank 0] epoch=8 train_batch=7000/12500 loss=1.692512
[rank 0] epoch=8 train_batch=7500/12500 loss=1.777663
[rank 0] epoch=8 train_batch=8000/12500 loss=1.696363
[rank 0] epoch=8 train_batch=8500/12500 loss=1.754027
[rank 0] epoch=8 train_batch=9000/12500 loss=1.702684
[rank 0] epoch=8 train_batch=9500/12500 loss=1.869338
[rank 0] epoch=8 train_batch=10000/12500 loss=1.667485
[rank 0] epoch=8 train_batch=10500/12500 loss=1.670699
[rank 0] epoch=8 train_batch=11000/12500 loss=1.679683
[rank 0] epoch=8 train_batch=11500/12500 loss=1.745961
[rank 0] epoch=8 train_batch=12000/12500 loss=1.656447
[rank 0] epoch=8 train_batch=12500/12500 loss=1.630998
[rank 0] epoch=8 train_batch=13000/12500 loss=1.699226
[rank 0] epoch=8 train_batch=13500/12500 loss=1.793649
[rank 0] epoch=8 train_batch=14000/12500 loss=1.706056
[rank 0] epoch=8 train_batch=14500/12500 loss=1.714695
[rank 0] epoch=8 train_batch=15000/12500 loss=1.737227
[rank 0] epoch=8 train_batch=15500/12500 loss=1.670322
[rank 0] epoch=8 train_batch=16000/12500 loss=1.650520
[rank 0] epoch=8 train_batch=16500/12500 loss=1.719194
[rank 0] epoch=8 train_batch=17000/12500 loss=1.621579
[rank 0] epoch=8 train_batch=17500/12500 loss=1.729258
[rank 0] epoch=8 train_batch=18000/12500 loss=1.683072
[rank 0] epoch=8 train_batch=18500/12500 loss=1.677089
[rank 0] epoch=8 train_batch=19000/12500 loss=1.683303
[rank 0] epoch=8 train_batch=19500/12500 loss=1.786195
[rank 0] epoch=8 train_batch=20000/12500 loss=1.735639
[rank 0] epoch=8 train_batch=20500/12500 loss=1.748284
[rank 0] epoch=8 train_batch=21000/12500 loss=1.700309
[rank 0] epoch=8 train_batch=21500/12500 loss=1.748701
[rank 0] epoch=8 train_batch=22000/12500 loss=1.740846
[rank 0] epoch=8 train_batch=22500/12500 loss=1.693966
[rank 0] epoch=8 train_batch=23000/12500 loss=1.667198
[rank 0] epoch=8 train_batch=23500/12500 loss=1.677400
[rank 0] epoch=8 train_batch=24000/12500 loss=1.758186
[rank 0] epoch=8 train_batch=24500/12500 loss=1.746691
[rank 0] epoch=8 train_batch=25000/12500 loss=1.788091
Training epoch 8
[2.99972700e+00 4.19429053e-02 9.18456202e+00 3.83570023e-02
 1.81905251e+00 5.94846594e-07 1.74755705e+00 6.48738518e-02
 2.18593533e+00 1.79523789e-07 5.66756461e-01 4.25999522e-01
 4.61316440e+00 3.51838625e-01 6.14783817e-01 4.64856888e-01
 4.81281061e+00 4.36446567e-01 9.50575042e+00 3.68347792e-01
 5.43014217e-01 1.31347531e-01 4.96647898e+00 9.11965856e-07
 1.43622696e+00 1.20099430e-01 9.44666961e-01 6.26150785e-07
 1.17121549e-01 9.11253422e-02 8.68741943e-01 7.63067513e-02
 1.19186459e-01 8.88257585e-02 9.53489155e-01 8.17480908e-02
 1.37650953e+00 5.13615993e-02 7.06996613e-02 5.86337572e-03
 4.02693841e-01 6.49289321e-07 1.98494371e-01 5.02560338e-03
 4.25402747e-01 5.48350441e-08 6.30187983e-02 1.19520731e-02
 3.54513747e-01 1.04473382e-02 2.85981783e-02 1.33853258e-02
 1.87096243e-01 1.34461331e-02 2.59260759e-01 8.66955210e-03
 1.75756826e-02 4.99860609e-03 3.20948583e-02 5.89995345e-09
 3.72556553e-02 2.61590450e-03 8.82674519e-02 1.85986598e-09
 1.44234943e-02 7.90604820e-03 9.66126844e-02 6.30918159e-03
 1.67402467e-02 9.93238337e-03 1.60204450e-01 1.04601963e-02
 2.84669745e-01 7.11550345e-03 1.80828363e-02 6.04061047e-03
 2.60921542e-01 5.75440249e-03 2.48519145e-02 1.31651714e-02
 2.04837822e-01 9.32097678e-03 2.29404393e-02 9.75046453e-03
 1.80493039e-01 6.99494123e-03 2.78611746e-02 1.17313236e-02
 2.05427379e-01 8.63085586e-03 3.14558475e-02 2.83172369e-02
 2.58765971e-01 1.96860971e-02 3.99984160e-01 2.66989451e-02
 3.80943298e-01 1.12369144e-02]
train  L_V                   = +0.4327 (7.9%)
 train    L_V_attractive      = +0.1325 (2.4%)
 train      L_V_attractive_charged      = +0.1179 (2.2%)
 train      L_V_attractive_neutral      = +0.0146 (0.3%)
 train    L_V_repulsive       = +0.3002 (5.5%)
 train      L_V_repulsive_charged       = +0.1347 (2.5%)
 train      L_V_repulsive_neutral       = +0.1655 (3.0%)
 train    L_charged_cluster   = +0.0000 (0.0%)
 train  L_beta              = +0.2926 (5.4%)
 train    L_beta_noise        = +0.0000 (0.0%)
 train    L_beta_sig          = -0.2972 (-5.5%)
 train    L_beta_suppress     = +0.0000 (0.0%)
 train    L_beta_track        = +0.5897 (10.8%)
 train      L_beta_norms_term   = -0.4089 (-7.5%)
 train      L_beta_logbeta_term = +0.1117 (2.0%)
 train  L_E   = +4.7266 (86.7%)
 train    L_E_charge = +0.0000 (0.0%)
 train    L_E_cond = +1.4560 (26.7%)
 train    L_E_cluster = +3.2706 (60.0%)
 train    L_E_w_photon   = +0.0000 (0.0%)
 train    L_E_w_charged_hadron   = +0.0000 (0.0%)
 train    L_E_w_neutral_hadron   = +0.0000 (0.0%)
 train    L_E_w_muon     = +0.0000 (0.0%)
 train    L_E_w_electron = +0.0000 (0.0%)
learning rate :  [0.00019945246344205893, 0.0001978158526933439, 0.00019510809880370062, 0.00019135886849137794, 0.00018660923910825467, 0.000180911248587776, 0.00017432732530646558, 0.00016692960410556788, 0.0001587991359666327]
train loss :  1.7252531051635742
[rank 0] epoch=8 valid_batch=500/1563
[rank 0] epoch=8 valid_batch=1000/1563
[rank 0] epoch=8 valid_batch=1500/1563
[rank 0] epoch=8 valid_batch=2000/1563
[rank 0] epoch=8 valid_batch=2500/1563
[rank 0] epoch=8 valid_batch=3000/1563
test   L_V                   = +0.4187 (7.6%)
    L_V_attractive      = +0.1165 (2.1%)
      L_V_attractive_charged      = +0.1047 (1.9%)
      L_V_attractive_neutral      = +0.0118 (0.2%)
    L_V_repulsive       = +0.3022 (5.4%)
      L_V_repulsive_charged       = +0.1351 (2.4%)
      L_V_repulsive_neutral       = +0.1670 (3.0%)
    L_charged_cluster   = +0.0000 (0.0%)
  L_beta              = +0.2800 (5.1%)
    L_beta_noise        = +0.0000 (0.0%)
    L_beta_sig          = -0.3053 (-5.5%)
    L_beta_suppress     = +0.0000 (0.0%)
    L_beta_track        = +0.5854 (10.6%)
      L_beta_norms_term   = -0.4195 (-7.6%)
      L_beta_logbeta_term = +0.1142 (2.1%)
  L_E   = +4.8456 (87.4%)
    L_E_charge = +0.0000 (0.0%)
    L_E_cond = +1.4618 (26.4%)
    L_E_cluster = +3.3838 (61.0%)
    L_E_w_photon   = +0.0000 (0.0%)
    L_E_w_charged_hadron   = +0.0000 (0.0%)
    L_E_w_neutral_hadron   = +0.0000 (0.0%)
    L_E_w_muon     = +0.0000 (0.0%)
    L_E_w_electron = +0.0000 (0.0%)
Returning 6.544344902038574
[rank 0] epoch=9 train_batch=500/12500 loss=1.750549
[rank 0] epoch=9 train_batch=1000/12500 loss=1.724969
[rank 0] epoch=9 train_batch=1500/12500 loss=1.725838
[rank 0] epoch=9 train_batch=2000/12500 loss=1.639918
[rank 0] epoch=9 train_batch=2500/12500 loss=1.627859
[rank 0] epoch=9 train_batch=3000/12500 loss=1.639528
[rank 0] epoch=9 train_batch=3500/12500 loss=1.591576
[rank 0] epoch=9 train_batch=4000/12500 loss=1.679055
[rank 0] epoch=9 train_batch=4500/12500 loss=1.651141
[rank 0] epoch=9 train_batch=5000/12500 loss=1.566236
[rank 0] epoch=9 train_batch=5500/12500 loss=1.559949
[rank 0] epoch=9 train_batch=6000/12500 loss=1.615238
[rank 0] epoch=9 train_batch=6500/12500 loss=1.791292
[rank 0] epoch=9 train_batch=7000/12500 loss=1.611781
[rank 0] epoch=9 train_batch=7500/12500 loss=1.678596
[rank 0] epoch=9 train_batch=8000/12500 loss=1.685453
[rank 0] epoch=9 train_batch=8500/12500 loss=1.694963
[rank 0] epoch=9 train_batch=9000/12500 loss=1.737564
[rank 0] epoch=9 train_batch=9500/12500 loss=1.785387
[rank 0] epoch=9 train_batch=10000/12500 loss=1.692456
[rank 0] epoch=9 train_batch=10500/12500 loss=1.727840
[rank 0] epoch=9 train_batch=11000/12500 loss=1.655624
[rank 0] epoch=9 train_batch=11500/12500 loss=1.682200
[rank 0] epoch=9 train_batch=12000/12500 loss=1.729041
[rank 0] epoch=9 train_batch=12500/12500 loss=1.723757
[rank 0] epoch=9 train_batch=13000/12500 loss=1.664519
[rank 0] epoch=9 train_batch=13500/12500 loss=1.665504
[rank 0] epoch=9 train_batch=14000/12500 loss=1.672249
[rank 0] epoch=9 train_batch=14500/12500 loss=1.659870
[rank 0] epoch=9 train_batch=15000/12500 loss=1.637834
[rank 0] epoch=9 train_batch=15500/12500 loss=1.662657
[rank 0] epoch=9 train_batch=16000/12500 loss=1.731076
[rank 0] epoch=9 train_batch=16500/12500 loss=1.724866
[rank 0] epoch=9 train_batch=17000/12500 loss=1.641560
[rank 0] epoch=9 train_batch=17500/12500 loss=1.667343
[rank 0] epoch=9 train_batch=18000/12500 loss=1.668578
[rank 0] epoch=9 train_batch=18500/12500 loss=1.648152
[rank 0] epoch=9 train_batch=19000/12500 loss=1.606270
[rank 0] epoch=9 train_batch=19500/12500 loss=1.720501
[rank 0] epoch=9 train_batch=20000/12500 loss=1.647799
[rank 0] epoch=9 train_batch=20500/12500 loss=1.688477
[rank 0] epoch=9 train_batch=21000/12500 loss=1.697297
[rank 0] epoch=9 train_batch=21500/12500 loss=1.614255
[rank 0] epoch=9 train_batch=22000/12500 loss=1.728516
[rank 0] epoch=9 train_batch=22500/12500 loss=1.639019
[rank 0] epoch=9 train_batch=23000/12500 loss=1.634869
[rank 0] epoch=9 train_batch=23500/12500 loss=1.716313
[rank 0] epoch=9 train_batch=24000/12500 loss=1.696455
[rank 0] epoch=9 train_batch=24500/12500 loss=1.732053
[rank 0] epoch=9 train_batch=25000/12500 loss=1.598605
Training epoch 9
[4.72413094e+00 4.63125879e-02 1.13401968e+01 4.37646556e-02
 2.62354399e+00 1.03912168e-06 2.08784661e+00 7.30594408e-02
 2.56744173e+00 2.97441534e-07 7.02522813e-01 5.35119909e-01
 5.39668860e+00 4.07333156e-01 7.32554724e-01 5.82347402e-01
 5.73662005e+00 5.33008716e-01 1.20343932e+01 4.52460643e-01
 6.80672215e-01 1.90511798e-01 5.99080914e+00 9.46192684e-07
 2.20723785e+00 1.84402659e-01 1.38310245e+00 1.18570761e-06
 1.68180880e-01 1.20077292e-01 1.22247987e+00 1.05891054e-01
 1.69910845e-01 1.27593252e-01 1.30346711e+00 1.15270547e-01
 2.09117505e+00 8.89057131e-02 1.05381543e-01 8.04295305e-03
 5.51360052e-01 1.13134142e-06 3.10429900e-01 6.37785032e-03
 6.23535105e-01 6.76620284e-08 9.51646718e-02 1.93017548e-02
 5.49628969e-01 1.63529347e-02 5.02696168e-02 1.99657499e-02
 2.69001632e-01 2.00094610e-02 3.12646076e-01 9.12873659e-03
 2.13103328e-02 5.36156385e-03 4.36285568e-02 7.36483250e-09
 4.23423948e-02 2.53937875e-03 9.14689667e-02 2.14455632e-09
 1.45946761e-02 8.77764650e-03 1.01607124e-01 7.05064004e-03
 1.89093232e-02 1.07350432e-02 1.77283056e-01 1.11880868e-02
 2.90170349e-01 6.45835819e-03 1.83524809e-02 6.76447194e-03
 3.06527259e-01 7.22324672e-03 2.78313151e-02 1.58837285e-02
 2.15312209e-01 1.16796650e-02 2.08319779e-02 9.41621518e-03
 1.79773976e-01 6.43973249e-03 2.45640520e-02 9.57416844e-03
 1.74383184e-01 6.66831352e-03 2.87103272e-02 2.48104137e-02
 2.12780164e-01 1.67029400e-02 3.52991273e-01 2.26383960e-02
 3.39237186e-01 9.76230539e-03]
train  L_V                   = +0.4199 (7.5%)
 train    L_V_attractive      = +0.1325 (2.4%)
 train      L_V_attractive_charged      = +0.1187 (2.1%)
 train      L_V_attractive_neutral      = +0.0137 (0.2%)
 train    L_V_repulsive       = +0.2875 (5.1%)
 train      L_V_repulsive_charged       = +0.1280 (2.3%)
 train      L_V_repulsive_neutral       = +0.1594 (2.8%)
 train    L_charged_cluster   = +0.0000 (0.0%)
 train  L_beta              = +0.2562 (4.6%)
 train    L_beta_noise        = +0.0000 (0.0%)
 train    L_beta_sig          = -0.3288 (-5.8%)
 train    L_beta_suppress     = +0.0000 (0.0%)
 train    L_beta_track        = +0.5850 (10.4%)
 train      L_beta_norms_term   = -0.4325 (-7.7%)
 train      L_beta_logbeta_term = +0.1037 (1.8%)
 train  L_E   = +4.9530 (88.0%)
 train    L_E_charge = +0.0000 (0.0%)
 train    L_E_cond = +1.4599 (25.9%)
 train    L_E_cluster = +3.4931 (62.1%)
 train    L_E_w_photon   = +0.0000 (0.0%)
 train    L_E_w_charged_hadron   = +0.0000 (0.0%)
 train    L_E_w_neutral_hadron   = +0.0000 (0.0%)
 train    L_E_w_muon     = +0.0000 (0.0%)
 train    L_E_w_electron = +0.0000 (0.0%)
learning rate :  [0.00019945246344205893, 0.0001978158526933439, 0.00019510809880370062, 0.00019135886849137794, 0.00018660923910825467, 0.000180911248587776, 0.00017432732530646558, 0.00016692960410556788, 0.0001587991359666327, 0.000150025]
train loss :  1.6761316061019897
[rank 0] epoch=9 valid_batch=500/1563
[rank 0] epoch=9 valid_batch=1000/1563
[rank 0] epoch=9 valid_batch=1500/1563
[rank 0] epoch=9 valid_batch=2000/1563
[rank 0] epoch=9 valid_batch=2500/1563
[rank 0] epoch=9 valid_batch=3000/1563
test   L_V                   = +0.4834 (8.3%)
    L_V_attractive      = +0.2073 (3.6%)
      L_V_attractive_charged      = +0.1816 (3.1%)
      L_V_attractive_neutral      = +0.0256 (0.4%)
    L_V_repulsive       = +0.2761 (4.8%)
      L_V_repulsive_charged       = +0.1216 (2.1%)
      L_V_repulsive_neutral       = +0.1545 (2.7%)
    L_charged_cluster   = +0.0000 (0.0%)
  L_beta              = +0.2596 (4.5%)
    L_beta_noise        = +0.0000 (0.0%)
    L_beta_sig          = -0.3248 (-5.6%)
    L_beta_suppress     = +0.0000 (0.0%)
    L_beta_track        = +0.5843 (10.1%)
      L_beta_norms_term   = -0.4320 (-7.5%)
      L_beta_logbeta_term = +0.1073 (1.9%)
  L_E   = +5.0480 (87.2%)
    L_E_charge = +0.0000 (0.0%)
    L_E_cond = +1.4618 (25.2%)
    L_E_cluster = +3.5862 (61.9%)
    L_E_w_photon   = +0.0000 (0.0%)
    L_E_w_charged_hadron   = +0.0000 (0.0%)
    L_E_w_neutral_hadron   = +0.0000 (0.0%)
    L_E_w_muon     = +0.0000 (0.0%)
    L_E_w_electron = +0.0000 (0.0%)
Returning 6.790996551513672
[rank 0] epoch=10 train_batch=500/12500 loss=1.575731
[rank 0] epoch=10 train_batch=1000/12500 loss=1.614025
[rank 0] epoch=10 train_batch=1500/12500 loss=1.684505
[rank 0] epoch=10 train_batch=2000/12500 loss=1.737830
[rank 0] epoch=10 train_batch=2500/12500 loss=1.660060
[rank 0] epoch=10 train_batch=3000/12500 loss=1.681040
[rank 0] epoch=10 train_batch=3500/12500 loss=1.833304
[rank 0] epoch=10 train_batch=4000/12500 loss=1.708101
[rank 0] epoch=10 train_batch=4500/12500 loss=1.698939
[rank 0] epoch=10 train_batch=5000/12500 loss=1.720867
[rank 0] epoch=10 train_batch=5500/12500 loss=1.651247
[rank 0] epoch=10 train_batch=6000/12500 loss=1.598238
[rank 0] epoch=10 train_batch=6500/12500 loss=1.702562
[rank 0] epoch=10 train_batch=7000/12500 loss=1.616223
[rank 0] epoch=10 train_batch=7500/12500 loss=1.713230
[rank 0] epoch=10 train_batch=8000/12500 loss=1.664414
[rank 0] epoch=10 train_batch=8500/12500 loss=1.680302
[rank 0] epoch=10 train_batch=9000/12500 loss=1.696110
[rank 0] epoch=10 train_batch=9500/12500 loss=1.690287
[rank 0] epoch=10 train_batch=10000/12500 loss=1.691604
[rank 0] epoch=10 train_batch=10500/12500 loss=1.589345
[rank 0] epoch=10 train_batch=11000/12500 loss=1.680891
[rank 0] epoch=10 train_batch=11500/12500 loss=1.588371
[rank 0] epoch=10 train_batch=12000/12500 loss=1.708614
[rank 0] epoch=10 train_batch=12500/12500 loss=1.667832
[rank 0] epoch=10 train_batch=13000/12500 loss=1.646600
[rank 0] epoch=10 train_batch=13500/12500 loss=1.654399
[rank 0] epoch=10 train_batch=14000/12500 loss=1.687412
[rank 0] epoch=10 train_batch=14500/12500 loss=1.625555
[rank 0] epoch=10 train_batch=15000/12500 loss=1.634751
[rank 0] epoch=10 train_batch=15500/12500 loss=1.644450
[rank 0] epoch=10 train_batch=16000/12500 loss=1.660897
[rank 0] epoch=10 train_batch=16500/12500 loss=1.571923
[rank 0] epoch=10 train_batch=17000/12500 loss=1.641517
[rank 0] epoch=10 train_batch=17500/12500 loss=1.786136
[rank 0] epoch=10 train_batch=18000/12500 loss=1.565778
[rank 0] epoch=10 train_batch=18500/12500 loss=1.624314
[rank 0] epoch=10 train_batch=19000/12500 loss=1.636505
[rank 0] epoch=10 train_batch=19500/12500 loss=1.749349
[rank 0] epoch=10 train_batch=20000/12500 loss=1.683194
[rank 0] epoch=10 train_batch=20500/12500 loss=1.685187
[rank 0] epoch=10 train_batch=21000/12500 loss=1.701913
[rank 0] epoch=10 train_batch=21500/12500 loss=1.630609
[rank 0] epoch=10 train_batch=22000/12500 loss=1.655559
[rank 0] epoch=10 train_batch=22500/12500 loss=1.626007
[rank 0] epoch=10 train_batch=23000/12500 loss=1.626114
[rank 0] epoch=10 train_batch=23500/12500 loss=1.589591
[rank 0] epoch=10 train_batch=24000/12500 loss=1.783783
[rank 0] epoch=10 train_batch=24500/12500 loss=1.663486
[rank 0] epoch=10 train_batch=25000/12500 loss=1.669160
Training epoch 10
[4.91083912e+00 7.04831474e-02 1.15206164e+01 6.11822942e-02
 1.93592923e+00 1.03592692e-06 2.66703420e+00 1.07147383e-01
 2.80059297e+00 3.71918610e-07 6.70551784e-01 5.61188677e-01
 5.00551150e+00 4.06144861e-01 7.48640205e-01 5.88039460e-01
 5.41228638e+00 5.10166792e-01 1.18230990e+01 4.35558482e-01
 6.12961491e-01 1.92675786e-01 5.05405774e+00 1.30074181e-06
 2.01442910e+00 1.93785456e-01 1.36963605e+00 1.52969333e-06
 1.90575285e-01 1.41680653e-01 1.36631617e+00 1.20851348e-01
 2.00360601e-01 1.57907368e-01 1.49745295e+00 1.37547008e-01
 2.51883284e+00 1.06444706e-01 1.26760231e-01 1.00243292e-02
 6.16680934e-01 1.29309444e-06 3.53087484e-01 8.17403614e-03
 7.72110727e-01 6.22387794e-08 1.15748558e-01 2.61985631e-02
 6.68994501e-01 2.00812625e-02 5.91011753e-02 2.45351735e-02
 3.08115087e-01 2.45557264e-02 3.74600885e-01 9.71788876e-03
 2.47922700e-02 5.18466686e-03 5.78012030e-02 9.29627152e-09
 4.62932563e-02 2.55900423e-03 9.62155600e-02 2.47159608e-09
 1.52442391e-02 9.50780818e-03 1.07252580e-01 7.57537360e-03
 2.07330209e-02 1.15549343e-02 1.90826793e-01 1.18572657e-02
 2.78238321e-01 6.05288946e-03 1.82863689e-02 6.17628315e-03
 2.63858723e-01 5.62278285e-03 2.42289303e-02 1.38599959e-02
 1.84618445e-01 9.23286279e-03 1.84402197e-02 8.59230969e-03
 1.61937007e-01 5.67837002e-03 2.29477437e-02 9.13359437e-03
 1.59871165e-01 6.16405238e-03 2.73746414e-02 2.30953606e-02
 1.94210169e-01 1.54227981e-02 3.34340680e-01 2.13325993e-02
 3.33375928e-01 9.36708612e-03]
train  L_V                   = +0.4148 (7.3%)
 train    L_V_attractive      = +0.1340 (2.4%)
 train      L_V_attractive_charged      = +0.1211 (2.1%)
 train      L_V_attractive_neutral      = +0.0129 (0.2%)
 train    L_V_repulsive       = +0.2809 (4.9%)
 train      L_V_repulsive_charged       = +0.1238 (2.2%)
 train      L_V_repulsive_neutral       = +0.1571 (2.8%)
 train    L_charged_cluster   = +0.0000 (0.0%)
 train  L_beta              = +0.2426 (4.3%)
 train    L_beta_noise        = +0.0000 (0.0%)
 train    L_beta_sig          = -0.3406 (-6.0%)
 train    L_beta_suppress     = +0.0000 (0.0%)
 train    L_beta_track        = +0.5833 (10.3%)
 train      L_beta_norms_term   = -0.4419 (-7.8%)
 train      L_beta_logbeta_term = +0.1013 (1.8%)
 train  L_E   = +5.0279 (88.4%)
 train    L_E_charge = +0.0000 (0.0%)
 train    L_E_cond = +1.4627 (25.7%)
 train    L_E_cluster = +3.5652 (62.7%)
 train    L_E_w_photon   = +0.0000 (0.0%)
 train    L_E_w_charged_hadron   = +0.0000 (0.0%)
 train    L_E_w_neutral_hadron   = +0.0000 (0.0%)
 train    L_E_w_muon     = +0.0000 (0.0%)
 train    L_E_w_electron = +0.0000 (0.0%)
learning rate :  [0.00019945246344205893, 0.0001978158526933439, 0.00019510809880370062, 0.00019135886849137794, 0.00018660923910825467, 0.000180911248587776, 0.00017432732530646558, 0.00016692960410556788, 0.0001587991359666327, 0.000150025, 0.00014070332747542625]
train loss :  1.6574231386184692
[rank 0] epoch=10 valid_batch=500/1563
[rank 0] epoch=10 valid_batch=1000/1563
[rank 0] epoch=10 valid_batch=1500/1563
[rank 0] epoch=10 valid_batch=2000/1563
[rank 0] epoch=10 valid_batch=2500/1563
[rank 0] epoch=10 valid_batch=3000/1563
test   L_V                   = +34.9120 (86.8%)
    L_V_attractive      = +34.5920 (86.0%)
      L_V_attractive_charged      = +16.6494 (41.4%)
      L_V_attractive_neutral      = +17.9426 (44.6%)
    L_V_repulsive       = +0.3200 (0.8%)
      L_V_repulsive_charged       = +0.1478 (0.4%)
      L_V_repulsive_neutral       = +0.1722 (0.4%)
    L_charged_cluster   = +0.0000 (0.0%)
  L_beta              = +0.2361 (0.6%)
    L_beta_noise        = +0.0000 (0.0%)
    L_beta_sig          = -0.3459 (-0.9%)
    L_beta_suppress     = +0.0000 (0.0%)
    L_beta_track        = +0.5821 (1.4%)
      L_beta_norms_term   = -0.4519 (-1.1%)
      L_beta_logbeta_term = +0.1060 (0.3%)
  L_E   = +5.0597 (12.6%)
    L_E_charge = +0.0000 (0.0%)
    L_E_cond = +1.4651 (3.6%)
    L_E_cluster = +3.5946 (8.9%)
    L_E_w_photon   = +0.0000 (0.0%)
    L_E_w_charged_hadron   = +0.0000 (0.0%)
    L_E_w_neutral_hadron   = +0.0000 (0.0%)
    L_E_w_muon     = +0.0000 (0.0%)
    L_E_w_electron = +0.0000 (0.0%)
Returning 41.20781326293945
[rank 0] epoch=11 train_batch=500/12500 loss=1.628888
[rank 0] epoch=11 train_batch=1000/12500 loss=1.622125
[rank 0] epoch=11 train_batch=1500/12500 loss=1.712711
[rank 0] epoch=11 train_batch=2000/12500 loss=1.679220
[rank 0] epoch=11 train_batch=2500/12500 loss=1.703335
[rank 0] epoch=11 train_batch=3000/12500 loss=1.652083
[rank 0] epoch=11 train_batch=3500/12500 loss=1.668364
[rank 0] epoch=11 train_batch=4000/12500 loss=1.638708
[rank 0] epoch=11 train_batch=4500/12500 loss=1.693194
[rank 0] epoch=11 train_batch=5000/12500 loss=1.715621
[rank 0] epoch=11 train_batch=5500/12500 loss=1.668584
[rank 0] epoch=11 train_batch=6000/12500 loss=1.514661
[rank 0] epoch=11 train_batch=6500/12500 loss=1.603226
[rank 0] epoch=11 train_batch=7000/12500 loss=1.636686
[rank 0] epoch=11 train_batch=7500/12500 loss=1.734764
[rank 0] epoch=11 train_batch=8000/12500 loss=1.624265
[rank 0] epoch=11 train_batch=8500/12500 loss=1.629960
[rank 0] epoch=11 train_batch=9000/12500 loss=1.637327
[rank 0] epoch=11 train_batch=9500/12500 loss=1.642647
[rank 0] epoch=11 train_batch=10000/12500 loss=1.592136
[rank 0] epoch=11 train_batch=10500/12500 loss=1.643157
[rank 0] epoch=11 train_batch=11000/12500 loss=1.618072
[rank 0] epoch=11 train_batch=11500/12500 loss=1.624492
[rank 0] epoch=11 train_batch=12000/12500 loss=1.616894
[rank 0] epoch=11 train_batch=12500/12500 loss=1.736607
[rank 0] epoch=11 train_batch=13000/12500 loss=1.725258
[rank 0] epoch=11 train_batch=13500/12500 loss=1.677049
[rank 0] epoch=11 train_batch=14000/12500 loss=1.612482
[rank 0] epoch=11 train_batch=14500/12500 loss=1.683712
[rank 0] epoch=11 train_batch=15000/12500 loss=1.576468
[rank 0] epoch=11 train_batch=15500/12500 loss=1.722661
[rank 0] epoch=11 train_batch=16000/12500 loss=1.600170
[rank 0] epoch=11 train_batch=16500/12500 loss=1.691963
[rank 0] epoch=11 train_batch=17000/12500 loss=1.640841
[rank 0] epoch=11 train_batch=17500/12500 loss=1.624352
[rank 0] epoch=11 train_batch=18000/12500 loss=1.671828
[rank 0] epoch=11 train_batch=18500/12500 loss=1.621170
[rank 0] epoch=11 train_batch=19000/12500 loss=1.697548
[rank 0] epoch=11 train_batch=19500/12500 loss=1.667761
[rank 0] epoch=11 train_batch=20000/12500 loss=1.686908
[rank 0] epoch=11 train_batch=20500/12500 loss=1.638716
[rank 0] epoch=11 train_batch=21000/12500 loss=1.676272
[rank 0] epoch=11 train_batch=21500/12500 loss=1.575550
[rank 0] epoch=11 train_batch=22000/12500 loss=1.641207
[rank 0] epoch=11 train_batch=22500/12500 loss=1.669829
[rank 0] epoch=11 train_batch=23000/12500 loss=1.648109
[rank 0] epoch=11 train_batch=23500/12500 loss=1.686050
[rank 0] epoch=11 train_batch=24000/12500 loss=1.709863
[rank 0] epoch=11 train_batch=24500/12500 loss=1.715603
[rank 0] epoch=11 train_batch=25000/12500 loss=1.675340
Training epoch 11
[5.31886808e+00 8.79536716e-02 1.20173803e+01 7.18027788e-02
 2.47708922e+00 1.13515277e-06 3.16075504e+00 1.24435642e-01
 2.88651161e+00 4.12264542e-07 7.45368102e-01 7.39815365e-01
 5.39269258e+00 4.74068553e-01 8.33780420e-01 6.60931733e-01
 5.89024708e+00 5.62601340e-01 1.29081738e+01 5.12779431e-01
 7.30952173e-01 2.38949264e-01 5.83321578e+00 1.21510806e-06
 2.54314129e+00 2.42683734e-01 2.00229591e+00 2.03414316e-06
 2.56381177e-01 1.74055274e-01 1.70267256e+00 1.45667706e-01
 2.38380583e-01 1.83836184e-01 1.73469732e+00 1.58166442e-01
 2.77938926e+00 1.12379350e-01 1.32744734e-01 1.15532181e-02
 6.21530155e-01 1.48438178e-06 4.76502374e-01 8.69931488e-03
 8.02262537e-01 7.23172430e-08 1.24717215e-01 2.96836809e-02
 7.40026653e-01 2.30341952e-02 6.80744640e-02 2.52380881e-02
 3.30607452e-01 2.57407832e-02 4.02945687e-01 1.03252821e-02
 2.69773727e-02 5.79536417e-03 6.75238719e-02 1.07107386e-08
 4.95878219e-02 2.61133519e-03 9.31847567e-02 2.60563172e-09
 1.50992056e-02 9.74648338e-03 1.07935536e-01 7.69582255e-03
 2.21330837e-02 1.22045944e-02 1.97383933e-01 1.23611529e-02
 2.77459109e-01 5.76697711e-03 1.87084392e-02 6.69319972e-03
 2.66862163e-01 6.15881746e-03 2.51326282e-02 1.41378855e-02
 1.83341434e-01 9.38605807e-03 1.80949012e-02 8.60081215e-03
 1.58581061e-01 5.47891815e-03 2.22875674e-02 8.96924419e-03
 1.52808540e-01 5.91603040e-03 2.61994132e-02 2.16060685e-02
 1.84510663e-01 1.44035562e-02 3.19701768e-01 2.01248915e-02
 3.28561517e-01 8.90955556e-03]
train  L_V                   = +0.4078 (7.2%)
 train    L_V_attractive      = +0.1310 (2.3%)
 train      L_V_attractive_charged      = +0.1181 (2.1%)
 train      L_V_attractive_neutral      = +0.0128 (0.2%)
 train    L_V_repulsive       = +0.2768 (4.9%)
 train      L_V_repulsive_charged       = +0.1229 (2.2%)
 train      L_V_repulsive_neutral       = +0.1539 (2.7%)
 train    L_charged_cluster   = +0.0000 (0.0%)
 train  L_beta              = +0.2405 (4.2%)
 train    L_beta_noise        = +0.0000 (0.0%)
 train    L_beta_sig          = -0.3427 (-6.0%)
 train    L_beta_suppress     = +0.0000 (0.0%)
 train    L_beta_track        = +0.5832 (10.3%)
 train      L_beta_norms_term   = -0.4428 (-7.8%)
 train      L_beta_logbeta_term = +0.1002 (1.8%)
 train  L_E   = +5.0293 (88.6%)
 train    L_E_charge = +0.0000 (0.0%)
 train    L_E_cond = +1.4633 (25.8%)
 train    L_E_cluster = +3.5660 (62.8%)
 train    L_E_w_photon   = +0.0000 (0.0%)
 train    L_E_w_charged_hadron   = +0.0000 (0.0%)
 train    L_E_w_neutral_hadron   = +0.0000 (0.0%)
 train    L_E_w_muon     = +0.0000 (0.0%)
 train    L_E_w_electron = +0.0000 (0.0%)
learning rate :  [0.00019945246344205893, 0.0001978158526933439, 0.00019510809880370062, 0.00019135886849137794, 0.00018660923910825467, 0.000180911248587776, 0.00017432732530646558, 0.00016692960410556788, 0.0001587991359666327, 0.000150025, 0.00014070332747542625, 0.000130936248587776]
train loss :  1.6483097076416016
[rank 0] epoch=11 valid_batch=500/1563
[rank 0] epoch=11 valid_batch=1000/1563
[rank 0] epoch=11 valid_batch=1500/1563
[rank 0] epoch=11 valid_batch=2000/1563
[rank 0] epoch=11 valid_batch=2500/1563
[rank 0] epoch=11 valid_batch=3000/1563
test   L_V                   = +0.4296 (7.6%)
    L_V_attractive      = +0.1586 (2.8%)
      L_V_attractive_charged      = +0.1375 (2.4%)
      L_V_attractive_neutral      = +0.0211 (0.4%)
    L_V_repulsive       = +0.2710 (4.8%)
      L_V_repulsive_charged       = +0.1197 (2.1%)
      L_V_repulsive_neutral       = +0.1513 (2.7%)
    L_charged_cluster   = +0.0000 (0.0%)
  L_beta              = +0.2533 (4.5%)
    L_beta_noise        = +0.0000 (0.0%)
    L_beta_sig          = -0.3295 (-5.8%)
    L_beta_suppress     = +0.0000 (0.0%)
    L_beta_track        = +0.5828 (10.3%)
      L_beta_norms_term   = -0.4352 (-7.7%)
      L_beta_logbeta_term = +0.1057 (1.9%)
  L_E   = +5.0029 (88.0%)
    L_E_charge = +0.0000 (0.0%)
    L_E_cond = +1.4655 (25.8%)
    L_E_cluster = +3.5374 (62.2%)
    L_E_w_photon   = +0.0000 (0.0%)
    L_E_w_charged_hadron   = +0.0000 (0.0%)
    L_E_w_neutral_hadron   = +0.0000 (0.0%)
    L_E_w_muon     = +0.0000 (0.0%)
    L_E_w_electron = +0.0000 (0.0%)
Returning 6.685918807983398
[rank 0] epoch=12 train_batch=500/12500 loss=1.610918
[rank 0] epoch=12 train_batch=1000/12500 loss=1.749254
[rank 0] epoch=12 train_batch=1500/12500 loss=1.535691
[rank 0] epoch=12 train_batch=2000/12500 loss=1.605109
[rank 0] epoch=12 train_batch=2500/12500 loss=1.672336
[rank 0] epoch=12 train_batch=3000/12500 loss=1.600464
[rank 0] epoch=12 train_batch=3500/12500 loss=1.686594
[rank 0] epoch=12 train_batch=4000/12500 loss=1.669994
[rank 0] epoch=12 train_batch=4500/12500 loss=1.605347
[rank 0] epoch=12 train_batch=5000/12500 loss=1.713740
[rank 0] epoch=12 train_batch=5500/12500 loss=1.684898
[rank 0] epoch=12 train_batch=6000/12500 loss=1.608516
[rank 0] epoch=12 train_batch=6500/12500 loss=1.649969
[rank 0] epoch=12 train_batch=7000/12500 loss=1.664195
[rank 0] epoch=12 train_batch=7500/12500 loss=1.673408
[rank 0] epoch=12 train_batch=8000/12500 loss=1.671433
[rank 0] epoch=12 train_batch=8500/12500 loss=1.625090
[rank 0] epoch=12 train_batch=9000/12500 loss=1.721685
[rank 0] epoch=12 train_batch=9500/12500 loss=1.544495
[rank 0] epoch=12 train_batch=10000/12500 loss=1.595713
[rank 0] epoch=12 train_batch=10500/12500 loss=1.656797
[rank 0] epoch=12 train_batch=11000/12500 loss=1.542573
[rank 0] epoch=12 train_batch=11500/12500 loss=1.583734
[rank 0] epoch=12 train_batch=12000/12500 loss=1.623756
[rank 0] epoch=12 train_batch=12500/12500 loss=1.627761
[rank 0] epoch=12 train_batch=13000/12500 loss=1.611389
[rank 0] epoch=12 train_batch=13500/12500 loss=1.638138
[rank 0] epoch=12 train_batch=14000/12500 loss=1.628339
[rank 0] epoch=12 train_batch=14500/12500 loss=1.726779
[rank 0] epoch=12 train_batch=15000/12500 loss=1.570992
[rank 0] epoch=12 train_batch=15500/12500 loss=1.627717
[rank 0] epoch=12 train_batch=16000/12500 loss=1.628752
[rank 0] epoch=12 train_batch=16500/12500 loss=1.684489
[rank 0] epoch=12 train_batch=17000/12500 loss=1.644393
[rank 0] epoch=12 train_batch=17500/12500 loss=1.589579
[rank 0] epoch=12 train_batch=18000/12500 loss=1.653005
[rank 0] epoch=12 train_batch=18500/12500 loss=1.675670
[rank 0] epoch=12 train_batch=19000/12500 loss=1.627082
[rank 0] epoch=12 train_batch=19500/12500 loss=1.578472
[rank 0] epoch=12 train_batch=20000/12500 loss=1.705776
[rank 0] epoch=12 train_batch=20500/12500 loss=1.648254
[rank 0] epoch=12 train_batch=21000/12500 loss=1.555245
[rank 0] epoch=12 train_batch=21500/12500 loss=1.641088
[rank 0] epoch=12 train_batch=22000/12500 loss=1.597018
[rank 0] epoch=12 train_batch=22500/12500 loss=1.573516
[rank 0] epoch=12 train_batch=23000/12500 loss=1.550614
[rank 0] epoch=12 train_batch=23500/12500 loss=1.681833
[rank 0] epoch=12 train_batch=24000/12500 loss=1.569256
[rank 0] epoch=12 train_batch=24500/12500 loss=1.536830
[rank 0] epoch=12 train_batch=25000/12500 loss=1.715181
Training epoch 12
[4.61161958e+00 7.88493559e-02 1.02072235e+01 7.06411277e-02
 2.03566579e+00 9.97429350e-07 3.02227388e+00 1.22978051e-01
 2.77548276e+00 4.30742771e-07 7.09765655e-01 6.23374496e-01
 5.17256253e+00 4.30694363e-01 8.00636268e-01 6.12431748e-01
 5.64268013e+00 5.33917232e-01 1.27231814e+01 5.05483989e-01
 6.74752775e-01 2.36190110e-01 5.21492309e+00 1.14163459e-06
 2.37140174e+00 2.40613738e-01 1.78924099e+00 1.71839848e-06
 2.51679672e-01 1.77753131e-01 1.73304306e+00 1.52902844e-01
 2.64423287e-01 2.09135331e-01 1.92010042e+00 1.77471917e-01
 3.28980766e+00 1.27417253e-01 1.48257613e-01 1.27809230e-02
 6.81650456e-01 1.68354337e-06 4.99471265e-01 9.61174557e-03
 9.02425993e-01 8.06189372e-08 1.36349213e-01 3.24338190e-02
 7.96605109e-01 2.55294446e-02 7.46176121e-02 2.85092634e-02
 3.53087105e-01 2.86108641e-02 4.48815777e-01 1.10187916e-02
 2.94443982e-02 6.04987614e-03 7.74916121e-02 1.22122707e-08
 5.46875753e-02 2.68461700e-03 9.48286947e-02 2.88272338e-09
 1.53264630e-02 1.00612289e-02 1.09834007e-01 7.81548383e-03
 2.29215202e-02 1.24850993e-02 1.97780125e-01 1.25734334e-02
 2.63440060e-01 5.42556851e-03 1.88142283e-02 6.57868374e-03
 2.56172335e-01 6.53611502e-03 2.65245306e-02 1.54034266e-02
 1.86394289e-01 1.01443707e-02 1.85697987e-02 8.90081430e-03
 1.47718022e-01 5.52093535e-03 2.20261517e-02 9.04966038e-03
 1.45517796e-01 5.83005290e-03 2.60391622e-02 2.09075569e-02
 1.78096309e-01 1.38445825e-02 3.08139753e-01 1.94554737e-02
 3.18751253e-01 8.61743033e-03]
train  L_V                   = +0.4016 (7.2%)
 train    L_V_attractive      = +0.1294 (2.3%)
 train      L_V_attractive_charged      = +0.1165 (2.1%)
 train      L_V_attractive_neutral      = +0.0129 (0.2%)
 train    L_V_repulsive       = +0.2722 (4.8%)
 train      L_V_repulsive_charged       = +0.1209 (2.2%)
 train      L_V_repulsive_neutral       = +0.1513 (2.7%)
 train    L_charged_cluster   = +0.0000 (0.0%)
 train  L_beta              = +0.2347 (4.2%)
 train    L_beta_noise        = +0.0000 (0.0%)
 train    L_beta_sig          = -0.3486 (-6.2%)
 train    L_beta_suppress     = +0.0000 (0.0%)
 train    L_beta_track        = +0.5833 (10.4%)
 train      L_beta_norms_term   = -0.4475 (-8.0%)
 train      L_beta_logbeta_term = +0.0988 (1.8%)
 train  L_E   = +4.9786 (88.7%)
 train    L_E_charge = +0.0000 (0.0%)
 train    L_E_cond = +1.4629 (26.1%)
 train    L_E_cluster = +3.5157 (62.6%)
 train    L_E_w_photon   = +0.0000 (0.0%)
 train    L_E_w_charged_hadron   = +0.0000 (0.0%)
 train    L_E_w_neutral_hadron   = +0.0000 (0.0%)
 train    L_E_w_muon     = +0.0000 (0.0%)
 train    L_E_w_electron = +0.0000 (0.0%)
learning rate :  [0.00019945246344205893, 0.0001978158526933439, 0.00019510809880370062, 0.00019135886849137794, 0.00018660923910825467, 0.000180911248587776, 0.00017432732530646558, 0.00016692960410556788, 0.0001587991359666327, 0.000150025, 0.00014070332747542625, 0.000130936248587776, 0.00012083077349723503]
train loss :  1.6363139152526855
[rank 0] epoch=12 valid_batch=500/1563
[rank 0] epoch=12 valid_batch=1000/1563
[rank 0] epoch=12 valid_batch=1500/1563
[rank 0] epoch=12 valid_batch=2000/1563
[rank 0] epoch=12 valid_batch=2500/1563
[rank 0] epoch=12 valid_batch=3000/1563
test   L_V                   = +0.4008 (7.2%)
    L_V_attractive      = +0.1268 (2.3%)
      L_V_attractive_charged      = +0.1138 (2.0%)
      L_V_attractive_neutral      = +0.0130 (0.2%)
    L_V_repulsive       = +0.2740 (4.9%)
      L_V_repulsive_charged       = +0.1227 (2.2%)
      L_V_repulsive_neutral       = +0.1513 (2.7%)
    L_charged_cluster   = +0.0000 (0.0%)
  L_beta              = +0.2308 (4.1%)
    L_beta_noise        = +0.0000 (0.0%)
    L_beta_sig          = -0.3521 (-6.3%)
    L_beta_suppress     = +0.0000 (0.0%)
    L_beta_track        = +0.5828 (10.4%)
      L_beta_norms_term   = -0.4523 (-8.1%)
      L_beta_logbeta_term = +0.1003 (1.8%)
  L_E   = +4.9665 (88.7%)
    L_E_charge = +0.0000 (0.0%)
    L_E_cond = +1.4645 (26.2%)
    L_E_cluster = +3.5020 (62.6%)
    L_E_w_photon   = +0.0000 (0.0%)
    L_E_w_charged_hadron   = +0.0000 (0.0%)
    L_E_w_neutral_hadron   = +0.0000 (0.0%)
    L_E_w_muon     = +0.0000 (0.0%)
    L_E_w_electron = +0.0000 (0.0%)
Returning 6.5980610847473145
[rank 0] epoch=13 train_batch=500/12500 loss=1.667933
[rank 0] epoch=13 train_batch=1000/12500 loss=1.600906
[rank 0] epoch=13 train_batch=1500/12500 loss=1.660344
[rank 0] epoch=13 train_batch=2000/12500 loss=1.631241
[rank 0] epoch=13 train_batch=2500/12500 loss=1.558425
[rank 0] epoch=13 train_batch=3000/12500 loss=1.704592
[rank 0] epoch=13 train_batch=3500/12500 loss=1.653567
[rank 0] epoch=13 train_batch=4000/12500 loss=1.514478
[rank 0] epoch=13 train_batch=4500/12500 loss=1.626394
[rank 0] epoch=13 train_batch=5000/12500 loss=1.596902
[rank 0] epoch=13 train_batch=5500/12500 loss=1.686334
[rank 0] epoch=13 train_batch=6000/12500 loss=1.623652
[rank 0] epoch=13 train_batch=6500/12500 loss=1.624194
[rank 0] epoch=13 train_batch=7000/12500 loss=1.589378
[rank 0] epoch=13 train_batch=7500/12500 loss=1.606568
[rank 0] epoch=13 train_batch=8000/12500 loss=1.634433
[rank 0] epoch=13 train_batch=8500/12500 loss=1.675717
[rank 0] epoch=13 train_batch=9000/12500 loss=1.630127
[rank 0] epoch=13 train_batch=9500/12500 loss=1.661438
[rank 0] epoch=13 train_batch=10000/12500 loss=1.665998
[rank 0] epoch=13 train_batch=10500/12500 loss=1.594499
[rank 0] epoch=13 train_batch=11000/12500 loss=1.710609
[rank 0] epoch=13 train_batch=11500/12500 loss=1.572577
[rank 0] epoch=13 train_batch=12000/12500 loss=1.575618
[rank 0] epoch=13 train_batch=12500/12500 loss=1.594112
[rank 0] epoch=13 train_batch=13000/12500 loss=1.617364
[rank 0] epoch=13 train_batch=13500/12500 loss=1.709510
[rank 0] epoch=13 train_batch=14000/12500 loss=1.656020
[rank 0] epoch=13 train_batch=14500/12500 loss=1.645386
[rank 0] epoch=13 train_batch=15000/12500 loss=1.622334
[rank 0] epoch=13 train_batch=15500/12500 loss=1.558902
[rank 0] epoch=13 train_batch=16000/12500 loss=1.655235
[rank 0] epoch=13 train_batch=16500/12500 loss=1.594431
[rank 0] epoch=13 train_batch=17000/12500 loss=1.665767
[rank 0] epoch=13 train_batch=17500/12500 loss=1.696677
[rank 0] epoch=13 train_batch=18000/12500 loss=1.649948
[rank 0] epoch=13 train_batch=18500/12500 loss=1.605239
[rank 0] epoch=13 train_batch=19000/12500 loss=1.716641
[rank 0] epoch=13 train_batch=19500/12500 loss=1.595139
[rank 0] epoch=13 train_batch=20000/12500 loss=1.571981
[rank 0] epoch=13 train_batch=20500/12500 loss=1.563424
[rank 0] epoch=13 train_batch=21000/12500 loss=1.704907
[rank 0] epoch=13 train_batch=21500/12500 loss=1.640372
[rank 0] epoch=13 train_batch=22000/12500 loss=1.607877
[rank 0] epoch=13 train_batch=22500/12500 loss=1.565076
[rank 0] epoch=13 train_batch=23000/12500 loss=1.658271
[rank 0] epoch=13 train_batch=23500/12500 loss=1.591012
[rank 0] epoch=13 train_batch=24000/12500 loss=1.575997
[rank 0] epoch=13 train_batch=24500/12500 loss=1.652789
[rank 0] epoch=13 train_batch=25000/12500 loss=1.590950
Training epoch 13
[4.44625468e+00 6.27926774e-02 9.57120129e+00 6.25373103e-02
 1.83426739e+00 8.93167764e-07 2.76588140e+00 1.10096228e-01
 2.46841452e+00 4.08150975e-07 7.51147777e-01 6.05196224e-01
 5.69357356e+00 4.37855333e-01 8.33708542e-01 6.20429735e-01
 5.84429009e+00 5.50768724e-01 1.32978247e+01 4.94626937e-01
 6.40599766e-01 2.58603116e-01 4.93182092e+00 1.37199607e-06
 2.47566008e+00 2.55313194e-01 1.63123286e+00 1.81165397e-06
 2.35786899e-01 1.69615751e-01 1.63629568e+00 1.47815446e-01
 2.61460059e-01 2.05146601e-01 1.85875505e+00 1.75157005e-01
 3.25089579e+00 1.28762537e-01 1.47759762e-01 1.11599919e-02
 6.73331052e-01 1.61198142e-06 4.43461272e-01 8.52702916e-03
 9.40069570e-01 6.83490720e-08 1.30914121e-01 3.56367624e-02
 8.09780444e-01 2.67524447e-02 7.62180892e-02 2.81205018e-02
 3.46873154e-01 2.82966708e-02 4.66633478e-01 1.17917992e-02
 3.12152339e-02 6.50840143e-03 8.71605520e-02 1.41624862e-08
 6.48411678e-02 2.98684647e-03 1.04743040e-01 3.34815224e-09
 1.65916145e-02 1.06775080e-02 1.17522555e-01 8.20290938e-03
 2.45164658e-02 1.34744466e-02 2.10096725e-01 1.34380436e-02
 2.76315946e-01 5.54030122e-03 1.95013768e-02 6.77392056e-03
 2.61733986e-01 6.17966828e-03 2.51373114e-02 1.45859652e-02
 1.82002026e-01 9.25229119e-03 1.79767154e-02 8.82744511e-03
 1.45839174e-01 5.39086785e-03 2.20562640e-02 9.11252509e-03
 1.43997681e-01 5.77333476e-03 2.55887384e-02 2.01001739e-02
 1.74332027e-01 1.32954025e-02 2.97929492e-01 1.87749390e-02
 3.24174963e-01 8.37270156e-03]
train  L_V                   = +0.3997 (7.2%)
 train    L_V_attractive      = +0.1300 (2.3%)
 train      L_V_attractive_charged      = +0.1173 (2.1%)
 train      L_V_attractive_neutral      = +0.0127 (0.2%)
 train    L_V_repulsive       = +0.2697 (4.8%)
 train      L_V_repulsive_charged       = +0.1179 (2.1%)
 train      L_V_repulsive_neutral       = +0.1518 (2.7%)
 train    L_charged_cluster   = +0.0000 (0.0%)
 train  L_beta              = +0.2275 (4.1%)
 train    L_beta_noise        = +0.0000 (0.0%)
 train    L_beta_sig          = -0.3550 (-6.4%)
 train    L_beta_suppress     = +0.0000 (0.0%)
 train    L_beta_track        = +0.5825 (10.4%)
 train      L_beta_norms_term   = -0.4528 (-8.1%)
 train      L_beta_logbeta_term = +0.0978 (1.8%)
 train  L_E   = +4.9578 (88.8%)
 train    L_E_charge = +0.0000 (0.0%)
 train    L_E_cond = +1.4644 (26.2%)
 train    L_E_cluster = +3.4934 (62.6%)
 train    L_E_w_photon   = +0.0000 (0.0%)
 train    L_E_w_charged_hadron   = +0.0000 (0.0%)
 train    L_E_w_neutral_hadron   = +0.0000 (0.0%)
 train    L_E_w_muon     = +0.0000 (0.0%)
 train    L_E_w_electron = +0.0000 (0.0%)
learning rate :  [0.00019945246344205893, 0.0001978158526933439, 0.00019510809880370062, 0.00019135886849137794, 0.00018660923910825467, 0.000180911248587776, 0.00017432732530646558, 0.00016692960410556788, 0.0001587991359666327, 0.000150025, 0.00014070332747542625, 0.000130936248587776, 0.00012083077349723503, 0.00011049761990360197]
train loss :  1.6271848678588867
[rank 0] epoch=13 valid_batch=500/1563
[rank 0] epoch=13 valid_batch=1000/1563
[rank 0] epoch=13 valid_batch=1500/1563
[rank 0] epoch=13 valid_batch=2000/1563
[rank 0] epoch=13 valid_batch=2500/1563
[rank 0] epoch=13 valid_batch=3000/1563
test   L_V                   = +11.4292 (68.8%)
    L_V_attractive      = +11.1808 (67.3%)
      L_V_attractive_charged      = +6.9495 (41.8%)
      L_V_attractive_neutral      = +4.2313 (25.5%)
    L_V_repulsive       = +0.2484 (1.5%)
      L_V_repulsive_charged       = +0.1086 (0.7%)
      L_V_repulsive_neutral       = +0.1399 (0.8%)
    L_charged_cluster   = +0.0000 (0.0%)
  L_beta              = +0.2511 (1.5%)
    L_beta_noise        = +0.0000 (0.0%)
    L_beta_sig          = -0.3331 (-2.0%)
    L_beta_suppress     = +0.0000 (0.0%)
    L_beta_track        = +0.5842 (3.5%)
      L_beta_norms_term   = -0.4410 (-2.7%)
      L_beta_logbeta_term = +0.1079 (0.6%)
  L_E   = +4.9348 (29.7%)
    L_E_charge = +0.0000 (0.0%)
    L_E_cond = +1.4641 (8.8%)
    L_E_cluster = +3.4706 (20.9%)
    L_E_w_photon   = +0.0000 (0.0%)
    L_E_w_charged_hadron   = +0.0000 (0.0%)
    L_E_w_neutral_hadron   = +0.0000 (0.0%)
    L_E_w_muon     = +0.0000 (0.0%)
    L_E_w_electron = +0.0000 (0.0%)
Returning 17.61502456665039
[rank 0] epoch=14 train_batch=500/12500 loss=1.581786
[rank 0] epoch=14 train_batch=1000/12500 loss=1.725029
[rank 0] epoch=14 train_batch=1500/12500 loss=1.647001
[rank 0] epoch=14 train_batch=2000/12500 loss=1.619360
[rank 0] epoch=14 train_batch=2500/12500 loss=1.601713
[rank 0] epoch=14 train_batch=3000/12500 loss=1.653858
[rank 0] epoch=14 train_batch=3500/12500 loss=1.571796
[rank 0] epoch=14 train_batch=4000/12500 loss=1.615212
[rank 0] epoch=14 train_batch=4500/12500 loss=1.723613
[rank 0] epoch=14 train_batch=5000/12500 loss=1.534782
[rank 0] epoch=14 train_batch=5500/12500 loss=1.624094
[rank 0] epoch=14 train_batch=6000/12500 loss=1.689649
[rank 0] epoch=14 train_batch=6500/12500 loss=1.636014
[rank 0] epoch=14 train_batch=7000/12500 loss=1.555593
[rank 0] epoch=14 train_batch=7500/12500 loss=1.608330
[rank 0] epoch=14 train_batch=8000/12500 loss=1.627238
[rank 0] epoch=14 train_batch=8500/12500 loss=1.681070
[rank 0] epoch=14 train_batch=9000/12500 loss=1.681409
[rank 0] epoch=14 train_batch=9500/12500 loss=1.670793
[rank 0] epoch=14 train_batch=10000/12500 loss=1.607206
[rank 0] epoch=14 train_batch=10500/12500 loss=1.595423
[rank 0] epoch=14 train_batch=11000/12500 loss=1.680542
[rank 0] epoch=14 train_batch=11500/12500 loss=1.702880
[rank 0] epoch=14 train_batch=12000/12500 loss=1.627809
[rank 0] epoch=14 train_batch=12500/12500 loss=1.593872
[rank 0] epoch=14 train_batch=13000/12500 loss=1.586396
[rank 0] epoch=14 train_batch=13500/12500 loss=1.577902
[rank 0] epoch=14 train_batch=14000/12500 loss=1.573706
[rank 0] epoch=14 train_batch=14500/12500 loss=1.672155
[rank 0] epoch=14 train_batch=15000/12500 loss=1.565729
[rank 0] epoch=14 train_batch=15500/12500 loss=1.607006
[rank 0] epoch=14 train_batch=16000/12500 loss=1.589386
[rank 0] epoch=14 train_batch=16500/12500 loss=1.605799
[rank 0] epoch=14 train_batch=17000/12500 loss=1.649679
[rank 0] epoch=14 train_batch=17500/12500 loss=1.612227
[rank 0] epoch=14 train_batch=18000/12500 loss=1.600402
[rank 0] epoch=14 train_batch=18500/12500 loss=1.559759
[rank 0] epoch=14 train_batch=19000/12500 loss=1.588041
[rank 0] epoch=14 train_batch=19500/12500 loss=1.639987
[rank 0] epoch=14 train_batch=20000/12500 loss=1.624047
[rank 0] epoch=14 train_batch=20500/12500 loss=1.600875
[rank 0] epoch=14 train_batch=21000/12500 loss=1.688446
[rank 0] epoch=14 train_batch=21500/12500 loss=1.574899
[rank 0] epoch=14 train_batch=22000/12500 loss=1.649451
[rank 0] epoch=14 train_batch=22500/12500 loss=1.626230
[rank 0] epoch=14 train_batch=23000/12500 loss=1.616272
[rank 0] epoch=14 train_batch=23500/12500 loss=1.629202
[rank 0] epoch=14 train_batch=24000/12500 loss=1.598819
[rank 0] epoch=14 train_batch=24500/12500 loss=1.566850
[rank 0] epoch=14 train_batch=25000/12500 loss=1.597657
Training epoch 14
[4.05899886e+00 7.97992225e-02 9.53045628e+00 7.04966810e-02
 3.37068527e+00 1.82599125e-06 3.15318771e+00 1.20849639e-01
 2.40099572e+00 4.87061730e-07 6.73022313e-01 5.11357499e-01
 5.07543016e+00 3.49225267e-01 6.99788598e-01 5.28065032e-01
 4.84892873e+00 4.54618127e-01 1.13976737e+01 4.52729068e-01
 5.77257505e-01 2.46816782e-01 4.23410824e+00 9.66073149e-07
 2.53629743e+00 2.57595962e-01 1.60790621e+00 2.00444497e-06
 2.47215143e-01 1.73592892e-01 1.74351743e+00 1.58248498e-01
 2.81795141e-01 2.20715605e-01 1.92767634e+00 1.82900818e-01
 3.58002322e+00 1.51264523e-01 1.61845012e-01 1.41875331e-02
 7.14122339e-01 1.73617330e-06 4.27374828e-01 9.91613379e-03
 1.01656210e+00 5.60594501e-08 1.43207620e-01 5.29030086e-02
 8.98033597e-01 3.33702917e-02 9.70334909e-02 3.31193565e-02
 4.00661238e-01 3.33699636e-02 4.95300778e-01 1.19018625e-02
 3.32218583e-02 6.72098333e-03 9.66583570e-02 1.56924874e-08
 7.11889613e-02 3.20083339e-03 1.10035575e-01 3.73759019e-09
 1.74814571e-02 1.11365507e-02 1.24087674e-01 8.50086937e-03
 2.57638444e-02 1.41619981e-02 2.18764080e-01 1.40106196e-02
 2.83692456e-01 5.87592153e-03 1.94837327e-02 6.61916558e-03
 2.62214350e-01 6.04613728e-03 2.42419716e-02 1.42035575e-02
 1.75204964e-01 8.96024465e-03 1.73861053e-02 8.97201425e-03
 1.41567047e-01 5.38080728e-03 2.20394223e-02 9.25412822e-03
 1.41708597e-01 5.77884834e-03 2.53735862e-02 1.98541552e-02
 1.71090860e-01 1.30598247e-02 2.92774590e-01 1.84162448e-02
 3.25860125e-01 8.24159220e-03]
train  L_V                   = +0.3926 (7.1%)
 train    L_V_attractive      = +0.1284 (2.3%)
 train      L_V_attractive_charged      = +0.1158 (2.1%)
 train      L_V_attractive_neutral      = +0.0126 (0.2%)
 train    L_V_repulsive       = +0.2642 (4.8%)
 train      L_V_repulsive_charged       = +0.1140 (2.1%)
 train      L_V_repulsive_neutral       = +0.1503 (2.7%)
 train    L_charged_cluster   = +0.0000 (0.0%)
 train  L_beta              = +0.2212 (4.0%)
 train    L_beta_noise        = +0.0000 (0.0%)
 train    L_beta_sig          = -0.3621 (-6.5%)
 train    L_beta_suppress     = +0.0000 (0.0%)
 train    L_beta_track        = +0.5832 (10.5%)
 train      L_beta_norms_term   = -0.4581 (-8.3%)
 train      L_beta_logbeta_term = +0.0960 (1.7%)
 train  L_E   = +4.9202 (88.9%)
 train    L_E_charge = +0.0000 (0.0%)
 train    L_E_cond = +1.4647 (26.5%)
 train    L_E_cluster = +3.4555 (62.4%)
 train    L_E_w_photon   = +0.0000 (0.0%)
 train    L_E_w_charged_hadron   = +0.0000 (0.0%)
 train    L_E_w_neutral_hadron   = +0.0000 (0.0%)
 train    L_E_w_muon     = +0.0000 (0.0%)
 train    L_E_w_electron = +0.0000 (0.0%)
learning rate :  [0.00019945246344205893, 0.0001978158526933439, 0.00019510809880370062, 0.00019135886849137794, 0.00018660923910825467, 0.000180911248587776, 0.00017432732530646558, 0.00016692960410556788, 0.0001587991359666327, 0.000150025, 0.00014070332747542625, 0.000130936248587776, 0.00012083077349723503, 0.00011049761990360197, 0.00010005]
train loss :  1.6137973070144653
[rank 0] epoch=14 valid_batch=500/1563
[rank 0] epoch=14 valid_batch=1000/1563
[rank 0] epoch=14 valid_batch=1500/1563
[rank 0] epoch=14 valid_batch=2000/1563
[rank 0] epoch=14 valid_batch=2500/1563
[rank 0] epoch=14 valid_batch=3000/1563
test   L_V                   = +0.3752 (6.8%)
    L_V_attractive      = +0.1287 (2.3%)
      L_V_attractive_charged      = +0.1141 (2.1%)
      L_V_attractive_neutral      = +0.0146 (0.3%)
    L_V_repulsive       = +0.2465 (4.4%)
      L_V_repulsive_charged       = +0.1060 (1.9%)
      L_V_repulsive_neutral       = +0.1405 (2.5%)
    L_charged_cluster   = +0.0000 (0.0%)
  L_beta              = +0.2184 (3.9%)
    L_beta_noise        = +0.0000 (0.0%)
    L_beta_sig          = -0.3639 (-6.6%)
    L_beta_suppress     = +0.0000 (0.0%)
    L_beta_track        = +0.5823 (10.5%)
      L_beta_norms_term   = -0.4598 (-8.3%)
      L_beta_logbeta_term = +0.0959 (1.7%)
  L_E   = +4.9459 (89.3%)
    L_E_charge = +0.0000 (0.0%)
    L_E_cond = +1.4661 (26.5%)
    L_E_cluster = +3.4798 (62.8%)
    L_E_w_photon   = +0.0000 (0.0%)
    L_E_w_charged_hadron   = +0.0000 (0.0%)
    L_E_w_neutral_hadron   = +0.0000 (0.0%)
    L_E_w_muon     = +0.0000 (0.0%)
    L_E_w_electron = +0.0000 (0.0%)
Returning 6.5395402908325195
[rank 0] epoch=15 train_batch=500/12500 loss=1.542300
[rank 0] epoch=15 train_batch=1000/12500 loss=1.552078
[rank 0] epoch=15 train_batch=1500/12500 loss=1.640277
[rank 0] epoch=15 train_batch=2000/12500 loss=1.581291
[rank 0] epoch=15 train_batch=2500/12500 loss=1.593850
[rank 0] epoch=15 train_batch=3000/12500 loss=1.542230
[rank 0] epoch=15 train_batch=3500/12500 loss=1.565086
[rank 0] epoch=15 train_batch=4000/12500 loss=1.631361
[rank 0] epoch=15 train_batch=4500/12500 loss=1.627851
[rank 0] epoch=15 train_batch=5000/12500 loss=1.562261
[rank 0] epoch=15 train_batch=5500/12500 loss=1.591983
[rank 0] epoch=15 train_batch=6000/12500 loss=1.560024
[rank 0] epoch=15 train_batch=6500/12500 loss=1.571572
[rank 0] epoch=15 train_batch=7000/12500 loss=1.606301
[rank 0] epoch=15 train_batch=7500/12500 loss=1.580510
[rank 0] epoch=15 train_batch=8000/12500 loss=1.586972
[rank 0] epoch=15 train_batch=8500/12500 loss=1.636443
[rank 0] epoch=15 train_batch=9000/12500 loss=1.652832
[rank 0] epoch=15 train_batch=9500/12500 loss=1.666384
[rank 0] epoch=15 train_batch=10000/12500 loss=1.619377
[rank 0] epoch=15 train_batch=10500/12500 loss=1.672245
[rank 0] epoch=15 train_batch=11000/12500 loss=1.596759
[rank 0] epoch=15 train_batch=11500/12500 loss=1.632227
[rank 0] epoch=15 train_batch=12000/12500 loss=1.561412
[rank 0] epoch=15 train_batch=12500/12500 loss=1.598012
[rank 0] epoch=15 train_batch=13000/12500 loss=1.560166
[rank 0] epoch=15 train_batch=13500/12500 loss=1.571247
[rank 0] epoch=15 train_batch=14000/12500 loss=1.571075
[rank 0] epoch=15 train_batch=14500/12500 loss=1.619478
[rank 0] epoch=15 train_batch=15000/12500 loss=1.586574
[rank 0] epoch=15 train_batch=15500/12500 loss=1.631534
[rank 0] epoch=15 train_batch=16000/12500 loss=1.556409
[rank 0] epoch=15 train_batch=16500/12500 loss=1.578787
[rank 0] epoch=15 train_batch=17000/12500 loss=1.647818
[rank 0] epoch=15 train_batch=17500/12500 loss=1.526398
[rank 0] epoch=15 train_batch=18000/12500 loss=1.609712
[rank 0] epoch=15 train_batch=18500/12500 loss=1.549687
[rank 0] epoch=15 train_batch=19000/12500 loss=1.590846
[rank 0] epoch=15 train_batch=19500/12500 loss=1.608542
[rank 0] epoch=15 train_batch=20000/12500 loss=1.629902
[rank 0] epoch=15 train_batch=20500/12500 loss=1.593217
[rank 0] epoch=15 train_batch=21000/12500 loss=1.669993
[rank 0] epoch=15 train_batch=21500/12500 loss=1.599855
[rank 0] epoch=15 train_batch=22000/12500 loss=1.567080
[rank 0] epoch=15 train_batch=22500/12500 loss=1.572895
[rank 0] epoch=15 train_batch=23000/12500 loss=1.561323
[rank 0] epoch=15 train_batch=23500/12500 loss=1.546217
[rank 0] epoch=15 train_batch=24000/12500 loss=1.518401
[rank 0] epoch=15 train_batch=24500/12500 loss=1.647103
[rank 0] epoch=15 train_batch=25000/12500 loss=1.620156
Training epoch 15
[3.09498556e+00 1.06006045e-01 9.99719295e+00 7.41730436e-02
 4.36225326e+00 1.70689052e-06 3.45636549e+00 1.31408742e-01
 2.50063369e+00 5.72878685e-07 5.91040164e-01 4.06989020e-01
 4.58495290e+00 3.14921694e-01 6.59249888e-01 4.57612601e-01
 4.31644823e+00 4.03654893e-01 1.06753299e+01 3.71006892e-01
 5.02942690e-01 2.31732635e-01 3.95232948e+00 8.17264837e-07
 2.52818852e+00 2.55802810e-01 1.47239988e+00 2.35049247e-06
 2.18156670e-01 1.53589362e-01 1.54076796e+00 1.42508487e-01
 2.50360113e-01 1.88833176e-01 1.67885275e+00 1.60232840e-01
 3.22500052e+00 1.51090084e-01 1.52799915e-01 1.84768723e-02
 6.27350496e-01 2.22640806e-06 5.03460378e-01 1.26990217e-02
 1.33962220e+00 7.29918904e-08 1.95063598e-01 5.40123953e-02
 1.16297161e+00 3.57694869e-02 1.11828978e-01 3.61235649e-02
 4.51272901e-01 3.61760717e-02 5.46513212e-01 1.08668116e-02
 3.57725872e-02 7.15119725e-03 1.07846939e-01 1.68852030e-08
 8.47474861e-02 3.70246162e-03 1.26916483e-01 4.48088193e-09
 1.97849568e-02 1.18707924e-02 1.38919914e-01 9.12992463e-03
 2.73750365e-02 1.48297161e-02 2.34439154e-01 1.44903189e-02
 2.82498988e-01 5.65755201e-03 1.98453365e-02 6.61334124e-03
 2.36924543e-01 5.73822375e-03 2.37084084e-02 1.36850449e-02
 1.65070998e-01 8.48342154e-03 1.67007978e-02 8.84328386e-03
 1.38154873e-01 5.21333323e-03 2.10214267e-02 9.04169177e-03
 1.36682589e-01 5.55803508e-03 2.45869859e-02 1.88631576e-02
 1.64139309e-01 1.24006695e-02 2.79238447e-01 1.73717764e-02
 3.22857580e-01 7.71718098e-03]
train  L_V                   = +0.3870 (7.0%)
 train    L_V_attractive      = +0.1283 (2.3%)
 train      L_V_attractive_charged      = +0.1163 (2.1%)
 train      L_V_attractive_neutral      = +0.0119 (0.2%)
 train    L_V_repulsive       = +0.2587 (4.7%)
 train      L_V_repulsive_charged       = +0.1107 (2.0%)
 train      L_V_repulsive_neutral       = +0.1480 (2.7%)
 train    L_charged_cluster   = +0.0000 (0.0%)
 train  L_beta              = +0.2085 (3.8%)
 train    L_beta_noise        = +0.0000 (0.0%)
 train    L_beta_sig          = -0.3730 (-6.8%)
 train    L_beta_suppress     = +0.0000 (0.0%)
 train    L_beta_track        = +0.5814 (10.6%)
 train      L_beta_norms_term   = -0.4668 (-8.5%)
 train      L_beta_logbeta_term = +0.0938 (1.7%)
 train  L_E   = +4.9124 (89.2%)
 train    L_E_charge = +0.0000 (0.0%)
 train    L_E_cond = +1.4658 (26.6%)
 train    L_E_cluster = +3.4467 (62.6%)
 train    L_E_w_photon   = +0.0000 (0.0%)
 train    L_E_w_charged_hadron   = +0.0000 (0.0%)
 train    L_E_w_neutral_hadron   = +0.0000 (0.0%)
 train    L_E_w_muon     = +0.0000 (0.0%)
 train    L_E_w_electron = +0.0000 (0.0%)
learning rate :  [0.00019945246344205893, 0.0001978158526933439, 0.00019510809880370062, 0.00019135886849137794, 0.00018660923910825467, 0.000180911248587776, 0.00017432732530646558, 0.00016692960410556788, 0.0001587991359666327, 0.000150025, 0.00014070332747542625, 0.000130936248587776, 0.00012083077349723503, 0.00011049761990360197, 0.00010005, 8.960238009639805e-05]
train loss :  1.595458745956421
[rank 0] epoch=15 valid_batch=500/1563
[rank 0] epoch=15 valid_batch=1000/1563
[rank 0] epoch=15 valid_batch=1500/1563
[rank 0] epoch=15 valid_batch=2000/1563
[rank 0] epoch=15 valid_batch=2500/1563
[rank 0] epoch=15 valid_batch=3000/1563
test   L_V                   = +0.4008 (7.2%)
    L_V_attractive      = +0.1559 (2.8%)
      L_V_attractive_charged      = +0.1340 (2.4%)
      L_V_attractive_neutral      = +0.0218 (0.4%)
    L_V_repulsive       = +0.2449 (4.4%)
      L_V_repulsive_charged       = +0.1052 (1.9%)
      L_V_repulsive_neutral       = +0.1397 (2.5%)
    L_charged_cluster   = +0.0000 (0.0%)
  L_beta              = +0.2014 (3.6%)
    L_beta_noise        = +0.0000 (0.0%)
    L_beta_sig          = -0.3789 (-6.8%)
    L_beta_suppress     = +0.0000 (0.0%)
    L_beta_track        = +0.5803 (10.5%)
      L_beta_norms_term   = -0.4685 (-8.4%)
      L_beta_logbeta_term = +0.0897 (1.6%)
  L_E   = +4.9443 (89.1%)
    L_E_charge = +0.0000 (0.0%)
    L_E_cond = +1.4677 (26.5%)
    L_E_cluster = +3.4767 (62.7%)
    L_E_w_photon   = +0.0000 (0.0%)
    L_E_w_charged_hadron   = +0.0000 (0.0%)
    L_E_w_neutral_hadron   = +0.0000 (0.0%)
    L_E_w_muon     = +0.0000 (0.0%)
    L_E_w_electron = +0.0000 (0.0%)
Returning 6.546479225158691
[rank 0] epoch=16 train_batch=500/12500 loss=3.881439
[rank 0] epoch=16 train_batch=1000/12500 loss=3.862255
[rank 0] epoch=16 train_batch=1500/12500 loss=3.979779
[rank 0] epoch=16 train_batch=2000/12500 loss=3.823562
[rank 0] epoch=16 train_batch=2500/12500 loss=3.756230
[rank 0] epoch=16 train_batch=3000/12500 loss=3.757639
[rank 0] epoch=16 train_batch=3500/12500 loss=3.636761
[rank 0] epoch=16 train_batch=4000/12500 loss=3.873266
[rank 0] epoch=16 train_batch=4500/12500 loss=3.826164
[rank 0] epoch=16 train_batch=5000/12500 loss=3.734743
[rank 0] epoch=16 train_batch=5500/12500 loss=3.566740
[rank 0] epoch=16 train_batch=6000/12500 loss=3.866261
[rank 0] epoch=16 train_batch=6500/12500 loss=3.762765
[rank 0] epoch=16 train_batch=7000/12500 loss=3.854681
[rank 0] epoch=16 train_batch=7500/12500 loss=3.689982
[rank 0] epoch=16 train_batch=8000/12500 loss=3.699872
[rank 0] epoch=16 train_batch=8500/12500 loss=3.681821
[rank 0] epoch=16 train_batch=9000/12500 loss=3.853855
[rank 0] epoch=16 train_batch=9500/12500 loss=3.590705
[rank 0] epoch=16 train_batch=10000/12500 loss=3.712229
[rank 0] epoch=16 train_batch=10500/12500 loss=3.713637
[rank 0] epoch=16 train_batch=11000/12500 loss=3.825943
[rank 0] epoch=16 train_batch=11500/12500 loss=3.882380
[rank 0] epoch=16 train_batch=12000/12500 loss=3.904528
[rank 0] epoch=16 train_batch=12500/12500 loss=3.837711
[rank 0] epoch=16 train_batch=13000/12500 loss=3.784947
[rank 0] epoch=16 train_batch=13500/12500 loss=3.729216
[rank 0] epoch=16 train_batch=14000/12500 loss=3.735146
[rank 0] epoch=16 train_batch=14500/12500 loss=3.469182
[rank 0] epoch=16 train_batch=15000/12500 loss=3.591026
[rank 0] epoch=16 train_batch=15500/12500 loss=3.535972
[rank 0] epoch=16 train_batch=16000/12500 loss=3.417974
[rank 0] epoch=16 train_batch=16500/12500 loss=3.383170
[rank 0] epoch=16 train_batch=17000/12500 loss=3.482475
[rank 0] epoch=16 train_batch=17500/12500 loss=3.351809
[rank 0] epoch=16 train_batch=18000/12500 loss=3.575504
[rank 0] epoch=16 train_batch=18500/12500 loss=3.456388
[rank 0] epoch=16 train_batch=19000/12500 loss=3.434855
[rank 0] epoch=16 train_batch=19500/12500 loss=3.605112
[rank 0] epoch=16 train_batch=20000/12500 loss=3.364715
[rank 0] epoch=16 train_batch=20500/12500 loss=3.291468
[rank 0] epoch=16 train_batch=21000/12500 loss=3.272154
[rank 0] epoch=16 train_batch=21500/12500 loss=3.245827
[rank 0] epoch=16 train_batch=22000/12500 loss=3.280386
[rank 0] epoch=16 train_batch=22500/12500 loss=3.324813
[rank 0] epoch=16 train_batch=23000/12500 loss=3.334269
[rank 0] epoch=16 train_batch=23500/12500 loss=3.201990
[rank 0] epoch=16 train_batch=24000/12500 loss=3.171389
[rank 0] epoch=16 train_batch=24500/12500 loss=3.251376
[rank 0] epoch=16 train_batch=25000/12500 loss=3.147222
Training epoch 16
[6.47775217e+00 2.61987648e-01 1.90834391e+01 1.64809574e-01
 8.53973297e+00 4.17016529e-06 7.29545743e+00 2.76414548e-01
 4.61425257e+00 1.05541249e-06 1.11509125e+00 7.45847689e-01
 8.50914166e+00 5.85292809e-01 1.24264778e+00 8.95473130e-01
 7.92524359e+00 7.71424430e-01 1.98834201e+01 7.50084595e-01
 9.65118429e-01 4.79233975e-01 6.87387536e+00 1.57677061e-06
 4.85847440e+00 5.16313494e-01 3.03532720e+00 4.72925237e-06
 4.78147442e-01 3.11472509e-01 3.40287557e+00 2.95412711e-01
 5.38944253e-01 4.10897601e-01 3.60013567e+00 3.45525632e-01
 7.26227049e+00 3.38042430e-01 3.31970667e-01 3.56650396e-02
 1.42095910e+00 3.95744445e-06 1.04476719e+00 2.25085501e-02
 2.79849923e+00 1.19992843e-07 3.53741110e-01 1.16389569e-01
 2.20550547e+00 7.44740578e-02 2.09948316e-01 7.83392979e-02
 9.54262225e-01 7.75289872e-02 1.23653238e+00 3.05209731e-02
 9.72984355e-02 2.88650410e-02 2.71791768e-01 3.48872924e-08
 2.83479697e-01 1.00101709e-02 3.43641218e-01 1.22445373e-08
 5.83047689e-02 3.49357870e-02 4.11089281e-01 2.75787974e-02
 9.12027013e-02 5.21297173e-02 7.28080481e-01 4.91435945e-02
 8.78338063e-01 2.28813704e-02 8.66625218e-02 2.69926943e-02
 1.22467135e+00 3.24082414e-02 2.04313153e-01 1.04433979e-01
 1.13502916e+00 7.45965081e-02 1.85293371e-01 5.30471318e-02
 8.76628810e-01 3.17380126e-02 2.08101670e-01 1.15247973e-01
 1.38269718e+00 7.64888918e-02 5.42636632e-01 6.17547392e-01
 4.57482823e+00 4.97311501e-01 1.57559456e+01 1.63587916e+00
 3.38824622e+01 5.12534297e+00]
train  L_V                   = +0.5432 (20.7%)
 train    L_V_attractive      = +0.1934 (7.4%)
 train      L_V_attractive_charged      = +0.1823 (7.0%)
 train      L_V_attractive_neutral      = +0.0112 (0.4%)
 train    L_V_repulsive       = +0.3498 (13.3%)
 train      L_V_repulsive_charged       = +0.1518 (5.8%)
 train      L_V_repulsive_neutral       = +0.1980 (7.6%)
 train    L_charged_cluster   = +0.0000 (0.0%)
 train  L_beta              = +0.2592 (9.9%)
 train    L_beta_noise        = +0.0000 (0.0%)
 train    L_beta_sig          = -0.3267 (-12.5%)
 train    L_beta_suppress     = +0.0000 (0.0%)
 train    L_beta_track        = +0.5859 (22.4%)
 train      L_beta_norms_term   = -0.4338 (-16.6%)
 train      L_beta_logbeta_term = +0.1072 (4.1%)
 train  L_E   = +1.8182 (69.4%)
 train    L_E_charge = +0.0000 (0.0%)
 train    L_E_cond = +1.0901 (41.6%)
 train    L_E_cluster = +0.7281 (27.8%)
 train    L_E_w_photon   = +0.0000 (0.0%)
 train    L_E_w_charged_hadron   = +0.0000 (0.0%)
 train    L_E_w_neutral_hadron   = +0.0000 (0.0%)
 train    L_E_w_muon     = +0.0000 (0.0%)
 train    L_E_w_electron = +0.0000 (0.0%)
learning rate :  [0.00019945246344205893, 0.0001978158526933439, 0.00019510809880370062, 0.00019135886849137794, 0.00018660923910825467, 0.000180911248587776, 0.00017432732530646558, 0.00016692960410556788, 0.0001587991359666327, 0.000150025, 0.00014070332747542625, 0.000130936248587776, 0.00012083077349723503, 0.00011049761990360197, 0.00010005, 8.960238009639805e-05, 7.926922650276498e-05]
train loss :  3.6206040382385254
[rank 0] epoch=16 valid_batch=500/1563
[rank 0] epoch=16 valid_batch=1000/1563
[rank 0] epoch=16 valid_batch=1500/1563
[rank 0] epoch=16 valid_batch=2000/1563
[rank 0] epoch=16 valid_batch=2500/1563
[rank 0] epoch=16 valid_batch=3000/1563
test   L_V                   = +70.5955 (97.7%)
    L_V_attractive      = +70.2644 (97.3%)
      L_V_attractive_charged      = +38.7807 (53.7%)
      L_V_attractive_neutral      = +31.4836 (43.6%)
    L_V_repulsive       = +0.3311 (0.5%)
      L_V_repulsive_charged       = +0.1426 (0.2%)
      L_V_repulsive_neutral       = +0.1885 (0.3%)
    L_charged_cluster   = +0.0000 (0.0%)
  L_beta              = +0.2304 (0.3%)
    L_beta_noise        = +0.0000 (0.0%)
    L_beta_sig          = -0.3533 (-0.5%)
    L_beta_suppress     = +0.0000 (0.0%)
    L_beta_track        = +0.5838 (0.8%)
      L_beta_norms_term   = -0.4511 (-0.6%)
      L_beta_logbeta_term = +0.0977 (0.1%)
  L_E   = +1.4195 (2.0%)
    L_E_charge = +0.0000 (0.0%)
    L_E_cond = +0.7650 (1.1%)
    L_E_cluster = +0.6544 (0.9%)
    L_E_w_photon   = +0.0000 (0.0%)
    L_E_w_charged_hadron   = +0.0000 (0.0%)
    L_E_w_neutral_hadron   = +0.0000 (0.0%)
    L_E_w_muon     = +0.0000 (0.0%)
    L_E_w_electron = +0.0000 (0.0%)
Returning 73.24539184570312
[rank 0] epoch=17 train_batch=500/12500 loss=3.119020
[rank 0] epoch=17 train_batch=1000/12500 loss=3.042391
[rank 0] epoch=17 train_batch=1500/12500 loss=3.110719
[rank 0] epoch=17 train_batch=2000/12500 loss=3.114029
[rank 0] epoch=17 train_batch=2500/12500 loss=3.025964
[rank 0] epoch=17 train_batch=3000/12500 loss=2.974184
[rank 0] epoch=17 train_batch=3500/12500 loss=2.988781
[rank 0] epoch=17 train_batch=4000/12500 loss=3.015190
[rank 0] epoch=17 train_batch=4500/12500 loss=2.950535
[rank 0] epoch=17 train_batch=5000/12500 loss=2.984869
[rank 0] epoch=17 train_batch=5500/12500 loss=2.992688
[rank 0] epoch=17 train_batch=6000/12500 loss=2.862576
[rank 0] epoch=17 train_batch=6500/12500 loss=2.898893
[rank 0] epoch=17 train_batch=7000/12500 loss=3.147135
[rank 0] epoch=17 train_batch=7500/12500 loss=3.072264
[rank 0] epoch=17 train_batch=8000/12500 loss=2.902943
[rank 0] epoch=17 train_batch=8500/12500 loss=2.994209
[rank 0] epoch=17 train_batch=9000/12500 loss=2.955883
[rank 0] epoch=17 train_batch=9500/12500 loss=2.974771
[rank 0] epoch=17 train_batch=10000/12500 loss=2.886843
[rank 0] epoch=17 train_batch=10500/12500 loss=2.985264
[rank 0] epoch=17 train_batch=11000/12500 loss=2.927276
[rank 0] epoch=17 train_batch=11500/12500 loss=2.967906
[rank 0] epoch=17 train_batch=12000/12500 loss=2.950185
[rank 0] epoch=17 train_batch=12500/12500 loss=2.920487
[rank 0] epoch=17 train_batch=13000/12500 loss=2.937323
[rank 0] epoch=17 train_batch=13500/12500 loss=3.039709
[rank 0] epoch=17 train_batch=14000/12500 loss=2.879084
[rank 0] epoch=17 train_batch=14500/12500 loss=2.886213
[rank 0] epoch=17 train_batch=15000/12500 loss=2.918006
[rank 0] epoch=17 train_batch=15500/12500 loss=3.087566
[rank 0] epoch=17 train_batch=16000/12500 loss=3.084945
[rank 0] epoch=17 train_batch=16500/12500 loss=2.980409
[rank 0] epoch=17 train_batch=17000/12500 loss=2.963677
[rank 0] epoch=17 train_batch=17500/12500 loss=3.022127
[rank 0] epoch=17 train_batch=18000/12500 loss=2.704682
[rank 0] epoch=17 train_batch=18500/12500 loss=2.740766
[rank 0] epoch=17 train_batch=19000/12500 loss=2.818862
[rank 0] epoch=17 train_batch=19500/12500 loss=2.811511
[rank 0] epoch=17 train_batch=20000/12500 loss=3.092266
[rank 0] epoch=17 train_batch=20500/12500 loss=2.855690
[rank 0] epoch=17 train_batch=21000/12500 loss=2.847282
[rank 0] epoch=17 train_batch=21500/12500 loss=3.022329
[rank 0] epoch=17 train_batch=22000/12500 loss=2.826335
[rank 0] epoch=17 train_batch=22500/12500 loss=2.914401
[rank 0] epoch=17 train_batch=23000/12500 loss=2.761835
[rank 0] epoch=17 train_batch=23500/12500 loss=3.023693
[rank 0] epoch=17 train_batch=24000/12500 loss=2.890082
[rank 0] epoch=17 train_batch=24500/12500 loss=3.021399
[rank 0] epoch=17 train_batch=25000/12500 loss=3.100904
Training epoch 17
[4.30369211e+00 1.56705451e-01 1.07972515e+01 1.74141933e-01
 3.24876573e+00 2.21961063e-06 6.49197022e+00 2.63883928e-01
 3.25777108e+00 8.09038543e-07 1.02520490e+00 5.75559657e-01
 8.08770526e+00 4.69344162e-01 1.10782990e+00 7.09334897e-01
 7.30950470e+00 6.56487286e-01 1.70392208e+01 5.76304479e-01
 7.97152909e-01 4.15600685e-01 5.50485830e+00 1.02116099e-06
 3.91138766e+00 4.65615490e-01 2.65672592e+00 3.32229527e-06
 3.67839841e-01 2.33593460e-01 2.44033702e+00 2.22422077e-01
 3.97022384e-01 2.99835664e-01 2.61181038e+00 2.52656982e-01
 5.19107574e+00 2.43044606e-01 2.34933353e-01 2.57073522e-02
 9.90468631e-01 3.12229167e-06 8.09273389e-01 1.60661175e-02
 1.73113227e+00 1.00419923e-07 2.57054098e-01 8.09161234e-02
 1.61530356e+00 5.20774793e-02 1.52027889e-01 5.82565393e-02
 6.87503928e-01 5.79332246e-02 9.94456932e-01 2.68595126e-02
 9.31181273e-02 2.81322586e-02 2.14383298e-01 2.75955388e-08
 2.97186883e-01 8.77573813e-03 3.11265897e-01 1.18948564e-08
 5.55649108e-02 3.00804460e-02 3.65255814e-01 2.46113977e-02
 8.82077909e-02 4.52236018e-02 6.16711975e-01 4.13206293e-02
 7.30210468e-01 1.88251938e-02 9.70292460e-02 3.43424197e-02
 1.06793996e+00 2.98905648e-02 3.14041665e-01 9.31887695e-02
 1.25898604e+00 8.10271586e-02 4.10272843e-01 9.83849926e-02
 1.44384021e+00 6.91251220e-02 6.19607470e-01 2.27233916e-01
 2.13879822e+00 1.93879505e-01 1.26886127e+00 6.33606123e-01
 4.67387654e+00 5.08477908e-01 1.61435792e+01 1.92564947e+00
 3.58555908e+01 5.95343448e+00]
train  L_V                   = +0.4010 (20.5%)
 train    L_V_attractive      = +0.1293 (6.6%)
 train      L_V_attractive_charged      = +0.1171 (6.0%)
 train      L_V_attractive_neutral      = +0.0123 (0.6%)
 train    L_V_repulsive       = +0.2717 (13.9%)
 train      L_V_repulsive_charged       = +0.1186 (6.1%)
 train      L_V_repulsive_neutral       = +0.1530 (7.8%)
 train    L_charged_cluster   = +0.0000 (0.0%)
 train  L_beta              = +0.2254 (11.5%)
 train    L_beta_noise        = +0.0000 (0.0%)
 train    L_beta_sig          = -0.3579 (-18.3%)
 train    L_beta_suppress     = +0.0000 (0.0%)
 train    L_beta_track        = +0.5832 (29.8%)
 train      L_beta_norms_term   = -0.4540 (-23.2%)
 train      L_beta_logbeta_term = +0.0961 (4.9%)
 train  L_E   = +1.3281 (68.0%)
 train    L_E_charge = +0.0000 (0.0%)
 train    L_E_cond = +0.7066 (36.2%)
 train    L_E_cluster = +0.6215 (31.8%)
 train    L_E_w_photon   = +0.0000 (0.0%)
 train    L_E_w_charged_hadron   = +0.0000 (0.0%)
 train    L_E_w_neutral_hadron   = +0.0000 (0.0%)
 train    L_E_w_muon     = +0.0000 (0.0%)
 train    L_E_w_electron = +0.0000 (0.0%)
learning rate :  [0.00019945246344205893, 0.0001978158526933439, 0.00019510809880370062, 0.00019135886849137794, 0.00018660923910825467, 0.000180911248587776, 0.00017432732530646558, 0.00016692960410556788, 0.0001587991359666327, 0.000150025, 0.00014070332747542625, 0.000130936248587776, 0.00012083077349723503, 0.00011049761990360197, 0.00010005, 8.960238009639805e-05, 7.926922650276498e-05, 6.916375141222402e-05]
train loss :  2.9544951915740967
[rank 0] epoch=17 valid_batch=500/1563
[rank 0] epoch=17 valid_batch=1000/1563
[rank 0] epoch=17 valid_batch=1500/1563
[rank 0] epoch=17 valid_batch=2000/1563
[rank 0] epoch=17 valid_batch=2500/1563
[rank 0] epoch=17 valid_batch=3000/1563
test   L_V                   = +3.9629 (73.4%)
    L_V_attractive      = +3.6873 (68.3%)
      L_V_attractive_charged      = +2.5723 (47.7%)
      L_V_attractive_neutral      = +1.1150 (20.7%)
    L_V_repulsive       = +0.2756 (5.1%)
      L_V_repulsive_charged       = +0.1212 (2.2%)
      L_V_repulsive_neutral       = +0.1544 (2.9%)
    L_charged_cluster   = +0.0000 (0.0%)
  L_beta              = +0.2227 (4.1%)
    L_beta_noise        = +0.0000 (0.0%)
    L_beta_sig          = -0.3584 (-6.6%)
    L_beta_suppress     = +0.0000 (0.0%)
    L_beta_track        = +0.5812 (10.8%)
      L_beta_norms_term   = -0.4571 (-8.5%)
      L_beta_logbeta_term = +0.0987 (1.8%)
  L_E   = +1.2127 (22.5%)
    L_E_charge = +0.0000 (0.0%)
    L_E_cond = +0.6157 (11.4%)
    L_E_cluster = +0.5970 (11.1%)
    L_E_w_photon   = +0.0000 (0.0%)
    L_E_w_charged_hadron   = +0.0000 (0.0%)
    L_E_w_neutral_hadron   = +0.0000 (0.0%)
    L_E_w_muon     = +0.0000 (0.0%)
    L_E_w_electron = +0.0000 (0.0%)
Returning 6.398316860198975
[rank 0] epoch=18 train_batch=500/12500 loss=2.931932
[rank 0] epoch=18 train_batch=1000/12500 loss=3.013539
[rank 0] epoch=18 train_batch=1500/12500 loss=2.998049
[rank 0] epoch=18 train_batch=2000/12500 loss=2.773266
[rank 0] epoch=18 train_batch=2500/12500 loss=2.830335
[rank 0] epoch=18 train_batch=3000/12500 loss=2.935996
[rank 0] epoch=18 train_batch=3500/12500 loss=2.839411
[rank 0] epoch=18 train_batch=4000/12500 loss=2.851582
[rank 0] epoch=18 train_batch=4500/12500 loss=2.824730
[rank 0] epoch=18 train_batch=5000/12500 loss=2.847017
[rank 0] epoch=18 train_batch=5500/12500 loss=2.847264
[rank 0] epoch=18 train_batch=6000/12500 loss=2.856999
[rank 0] epoch=18 train_batch=6500/12500 loss=2.863636
[rank 0] epoch=18 train_batch=7000/12500 loss=2.842502
[rank 0] epoch=18 train_batch=7500/12500 loss=2.782201
[rank 0] epoch=18 train_batch=8000/12500 loss=2.811354
[rank 0] epoch=18 train_batch=8500/12500 loss=2.970871
[rank 0] epoch=18 train_batch=9000/12500 loss=2.885830
[rank 0] epoch=18 train_batch=9500/12500 loss=2.682851
[rank 0] epoch=18 train_batch=10000/12500 loss=2.932870
[rank 0] epoch=18 train_batch=10500/12500 loss=2.918399
[rank 0] epoch=18 train_batch=11000/12500 loss=2.849189
[rank 0] epoch=18 train_batch=11500/12500 loss=2.983129
[rank 0] epoch=18 train_batch=12000/12500 loss=2.837212
[rank 0] epoch=18 train_batch=12500/12500 loss=2.878406
[rank 0] epoch=18 train_batch=13000/12500 loss=2.700531
[rank 0] epoch=18 train_batch=13500/12500 loss=2.867636
[rank 0] epoch=18 train_batch=14000/12500 loss=2.813349
[rank 0] epoch=18 train_batch=14500/12500 loss=2.753549
[rank 0] epoch=18 train_batch=15000/12500 loss=2.896363
[rank 0] epoch=18 train_batch=15500/12500 loss=2.800784
[rank 0] epoch=18 train_batch=16000/12500 loss=2.663839
[rank 0] epoch=18 train_batch=16500/12500 loss=2.706122
[rank 0] epoch=18 train_batch=17000/12500 loss=2.795825
[rank 0] epoch=18 train_batch=17500/12500 loss=2.918218
[rank 0] epoch=18 train_batch=18000/12500 loss=2.802065
[rank 0] epoch=18 train_batch=18500/12500 loss=2.810092
[rank 0] epoch=18 train_batch=19000/12500 loss=2.612358
[rank 0] epoch=18 train_batch=19500/12500 loss=2.826250
[rank 0] epoch=18 train_batch=20000/12500 loss=2.709026
[rank 0] epoch=18 train_batch=20500/12500 loss=2.759631
[rank 0] epoch=18 train_batch=21000/12500 loss=2.801087
[rank 0] epoch=18 train_batch=21500/12500 loss=2.824560
[rank 0] epoch=18 train_batch=22000/12500 loss=2.939604
[rank 0] epoch=18 train_batch=22500/12500 loss=2.890547
[rank 0] epoch=18 train_batch=23000/12500 loss=2.846013
[rank 0] epoch=18 train_batch=23500/12500 loss=2.729917
[rank 0] epoch=18 train_batch=24000/12500 loss=2.777981
[rank 0] epoch=18 train_batch=24500/12500 loss=2.724519
[rank 0] epoch=18 train_batch=25000/12500 loss=2.819456
Training epoch 18
[4.40334898e+00 1.83133573e-01 1.10864255e+01 2.01477628e-01
 3.10431351e+00 1.84189676e-06 7.41290432e+00 3.00995603e-01
 3.48744543e+00 9.23927678e-07 1.42671971e+00 5.97556727e-01
 1.20053757e+01 4.90215547e-01 1.23960980e+00 7.60683572e-01
 7.96370773e+00 7.01894646e-01 1.88628665e+01 6.68332981e-01
 9.10530425e-01 4.31737018e-01 6.12680432e+00 1.10152184e-06
 4.10810668e+00 4.86185928e-01 2.81050679e+00 3.44683165e-06
 3.80510074e-01 2.43507144e-01 2.55933387e+00 2.34350665e-01
 4.13883220e-01 3.09017956e-01 2.77504581e+00 2.68094519e-01
 5.22821728e+00 2.31393699e-01 2.42861854e-01 2.43905442e-02
 1.02832947e+00 3.19787944e-06 8.38633713e-01 1.68986670e-02
 1.64415819e+00 8.92240152e-08 2.38452555e-01 9.23999349e-02
 1.54612339e+00 5.93352366e-02 1.58849110e-01 5.50755876e-02
 6.68591760e-01 5.49002334e-02 9.51789522e-01 2.42361886e-02
 7.89521699e-02 2.79541249e-02 2.24345699e-01 3.04209292e-08
 2.37330102e-01 7.78802816e-03 2.71417163e-01 1.07430026e-08
 4.66328313e-02 2.50333204e-02 3.14240380e-01 2.06695056e-02
 7.53059820e-02 3.87235109e-02 5.32559299e-01 3.50585148e-02
 6.20022483e-01 1.54657079e-02 8.21412749e-02 3.98369127e-02
 9.98880021e-01 2.95066563e-02 3.00508459e-01 7.52676407e-02
 1.14564629e+00 6.88079511e-02 3.11274572e-01 1.04709370e-01
 1.28533127e+00 7.34581724e-02 6.00236561e-01 2.53239247e-01
 2.11249073e+00 2.24955525e-01 1.57378643e+00 7.94372884e-01
 5.40803961e+00 6.23438334e-01 1.97466669e+01 2.64261069e+00
 4.02871894e+01 7.11083987e+00]
train  L_V                   = +0.3959 (21.6%)
 train    L_V_attractive      = +0.1280 (7.0%)
 train      L_V_attractive_charged      = +0.1151 (6.3%)
 train      L_V_attractive_neutral      = +0.0129 (0.7%)
 train    L_V_repulsive       = +0.2679 (14.6%)
 train      L_V_repulsive_charged       = +0.1175 (6.4%)
 train      L_V_repulsive_neutral       = +0.1504 (8.2%)
 train    L_charged_cluster   = +0.0000 (0.0%)
 train  L_beta              = +0.2207 (12.0%)
 train    L_beta_noise        = +0.0000 (0.0%)
 train    L_beta_sig          = -0.3610 (-19.7%)
 train    L_beta_suppress     = +0.0000 (0.0%)
 train    L_beta_track        = +0.5816 (31.7%)
 train      L_beta_norms_term   = -0.4564 (-24.9%)
 train      L_beta_logbeta_term = +0.0954 (5.2%)
 train  L_E   = +1.2167 (66.4%)
 train    L_E_charge = +0.0000 (0.0%)
 train    L_E_cond = +0.6714 (36.6%)
 train    L_E_cluster = +0.5453 (29.7%)
 train    L_E_w_photon   = +0.0000 (0.0%)
 train    L_E_w_charged_hadron   = +0.0000 (0.0%)
 train    L_E_w_neutral_hadron   = +0.0000 (0.0%)
 train    L_E_w_muon     = +0.0000 (0.0%)
 train    L_E_w_electron = +0.0000 (0.0%)
learning rate :  [0.00019945246344205893, 0.0001978158526933439, 0.00019510809880370062, 0.00019135886849137794, 0.00018660923910825467, 0.000180911248587776, 0.00017432732530646558, 0.00016692960410556788, 0.0001587991359666327, 0.000150025, 0.00014070332747542625, 0.000130936248587776, 0.00012083077349723503, 0.00011049761990360197, 0.00010005, 8.960238009639805e-05, 7.926922650276498e-05, 6.916375141222402e-05, 5.939667252457379e-05]
train loss :  2.833319664001465
[rank 0] epoch=18 valid_batch=500/1563
[rank 0] epoch=18 valid_batch=1000/1563
[rank 0] epoch=18 valid_batch=1500/1563
[rank 0] epoch=18 valid_batch=2000/1563
[rank 0] epoch=18 valid_batch=2500/1563
[rank 0] epoch=18 valid_batch=3000/1563
test   L_V                   = +5.0146 (78.4%)
    L_V_attractive      = +4.7433 (74.2%)
      L_V_attractive_charged      = +2.7811 (43.5%)
      L_V_attractive_neutral      = +1.9622 (30.7%)
    L_V_repulsive       = +0.2713 (4.2%)
      L_V_repulsive_charged       = +0.1190 (1.9%)
      L_V_repulsive_neutral       = +0.1523 (2.4%)
    L_charged_cluster   = +0.0000 (0.0%)
  L_beta              = +0.2130 (3.3%)
    L_beta_noise        = +0.0000 (0.0%)
    L_beta_sig          = -0.3681 (-5.8%)
    L_beta_suppress     = +0.0000 (0.0%)
    L_beta_track        = +0.5811 (9.1%)
      L_beta_norms_term   = -0.4648 (-7.3%)
      L_beta_logbeta_term = +0.0967 (1.5%)
  L_E   = +1.1674 (18.3%)
    L_E_charge = +0.0000 (0.0%)
    L_E_cond = +0.6072 (9.5%)
    L_E_cluster = +0.5602 (8.8%)
    L_E_w_photon   = +0.0000 (0.0%)
    L_E_w_charged_hadron   = +0.0000 (0.0%)
    L_E_w_neutral_hadron   = +0.0000 (0.0%)
    L_E_w_muon     = +0.0000 (0.0%)
    L_E_w_electron = +0.0000 (0.0%)
Returning 7.395066261291504
[rank 0] epoch=19 train_batch=500/12500 loss=2.842589
[rank 0] epoch=19 train_batch=1000/12500 loss=2.842061
[rank 0] epoch=19 train_batch=1500/12500 loss=2.680421
[rank 0] epoch=19 train_batch=2000/12500 loss=2.793464
[rank 0] epoch=19 train_batch=2500/12500 loss=2.853228
[rank 0] epoch=19 train_batch=3000/12500 loss=2.803360
[rank 0] epoch=19 train_batch=3500/12500 loss=2.834305
[rank 0] epoch=19 train_batch=4000/12500 loss=3.005424
[rank 0] epoch=19 train_batch=4500/12500 loss=2.899656
[rank 0] epoch=19 train_batch=5000/12500 loss=3.073216
[rank 0] epoch=19 train_batch=5500/12500 loss=2.638031
[rank 0] epoch=19 train_batch=6000/12500 loss=2.770310
[rank 0] epoch=19 train_batch=6500/12500 loss=3.018749
[rank 0] epoch=19 train_batch=7000/12500 loss=2.797396
[rank 0] epoch=19 train_batch=7500/12500 loss=2.761333
[rank 0] epoch=19 train_batch=8000/12500 loss=2.993954
[rank 0] epoch=19 train_batch=8500/12500 loss=2.765615
[rank 0] epoch=19 train_batch=9000/12500 loss=2.715145
[rank 0] epoch=19 train_batch=9500/12500 loss=2.846548
[rank 0] epoch=19 train_batch=10000/12500 loss=2.719168
[rank 0] epoch=19 train_batch=10500/12500 loss=2.719237
[rank 0] epoch=19 train_batch=11000/12500 loss=2.637927
[rank 0] epoch=19 train_batch=11500/12500 loss=2.836351
[rank 0] epoch=19 train_batch=12000/12500 loss=2.808903
[rank 0] epoch=19 train_batch=12500/12500 loss=2.750126
[rank 0] epoch=19 train_batch=13000/12500 loss=3.014476
[rank 0] epoch=19 train_batch=13500/12500 loss=2.811229
[rank 0] epoch=19 train_batch=14000/12500 loss=2.794527
[rank 0] epoch=19 train_batch=14500/12500 loss=2.808855
[rank 0] epoch=19 train_batch=15000/12500 loss=2.907151
[rank 0] epoch=19 train_batch=15500/12500 loss=2.840856
[rank 0] epoch=19 train_batch=16000/12500 loss=2.781321
[rank 0] epoch=19 train_batch=16500/12500 loss=2.876713
[rank 0] epoch=19 train_batch=17000/12500 loss=2.880935
[rank 0] epoch=19 train_batch=17500/12500 loss=2.692022
[rank 0] epoch=19 train_batch=18000/12500 loss=2.763831
[rank 0] epoch=19 train_batch=18500/12500 loss=2.755451
[rank 0] epoch=19 train_batch=19000/12500 loss=2.851091
[rank 0] epoch=19 train_batch=19500/12500 loss=2.708863
[rank 0] epoch=19 train_batch=20000/12500 loss=2.973060
[rank 0] epoch=19 train_batch=20500/12500 loss=2.724857
[rank 0] epoch=19 train_batch=21000/12500 loss=2.774748
[rank 0] epoch=19 train_batch=21500/12500 loss=2.903025
[rank 0] epoch=19 train_batch=22000/12500 loss=2.691893
[rank 0] epoch=19 train_batch=22500/12500 loss=2.866919
[rank 0] epoch=19 train_batch=23000/12500 loss=2.647264
[rank 0] epoch=19 train_batch=23500/12500 loss=2.832759
[rank 0] epoch=19 train_batch=24000/12500 loss=2.674342
[rank 0] epoch=19 train_batch=24500/12500 loss=2.827084
[rank 0] epoch=19 train_batch=25000/12500 loss=2.847259
Training epoch 19
[4.95923437e+00 1.94868733e-01 1.24882845e+01 2.22211278e-01
 2.73739298e+00 1.60129011e-06 8.50306274e+00 3.38474524e-01
 3.93137258e+00 1.03325161e-06 1.55281076e+00 7.55582026e-01
 1.26064379e+01 6.10981435e-01 1.52715631e+00 1.00142522e+00
 9.48316860e+00 8.83883300e-01 2.16457602e+01 7.90855359e-01
 1.06592123e+00 4.40075994e-01 7.54477176e+00 1.28799214e-06
 4.36072722e+00 4.85326893e-01 2.91159935e+00 3.47666866e-06
 3.99124715e-01 2.51722849e-01 2.74903490e+00 2.49414035e-01
 4.48845611e-01 3.28204539e-01 2.97929278e+00 2.86273600e-01
 5.80184792e+00 2.58667534e-01 2.54540493e-01 2.88441868e-02
 1.10618943e+00 3.54133732e-06 1.05350399e+00 2.38868308e-02
 1.75206270e+00 9.65545580e-08 2.62788504e-01 8.88517683e-02
 1.73162352e+00 5.66783300e-02 1.61884195e-01 6.06092533e-02
 6.98286155e-01 5.99526669e-02 9.78104962e-01 2.42728098e-02
 7.73834778e-02 2.56071320e-02 2.30403181e-01 3.54528232e-08
 2.23252796e-01 7.86252798e-03 2.62287217e-01 1.05121295e-08
 4.34762986e-02 2.31442624e-02 3.02505168e-01 1.87481276e-02
 6.72091617e-02 3.59527580e-02 4.96618424e-01 3.27767952e-02
 5.75612039e-01 1.46164541e-02 7.30872375e-02 3.50180536e-02
 9.83233602e-01 2.59511597e-02 2.84179171e-01 7.06341532e-02
 1.06039642e+00 6.70370814e-02 2.85200705e-01 1.11478953e-01
 1.16202396e+00 7.90978249e-02 5.38811335e-01 2.40454880e-01
 1.90987600e+00 2.16065297e-01 1.66517626e+00 7.65826208e-01
 5.21663534e+00 5.94094858e-01 1.89640304e+01 2.64576790e+00
 3.99390276e+01 7.16409141e+00]
train  L_V                   = +0.3943 (22.0%)
 train    L_V_attractive      = +0.1277 (7.1%)
 train      L_V_attractive_charged      = +0.1147 (6.4%)
 train      L_V_attractive_neutral      = +0.0130 (0.7%)
 train    L_V_repulsive       = +0.2666 (14.9%)
 train      L_V_repulsive_charged       = +0.1173 (6.5%)
 train      L_V_repulsive_neutral       = +0.1493 (8.3%)
 train    L_charged_cluster   = +0.0000 (0.0%)
 train  L_beta              = +0.2156 (12.0%)
 train    L_beta_noise        = +0.0000 (0.0%)
 train    L_beta_sig          = -0.3657 (-20.4%)
 train    L_beta_suppress     = +0.0000 (0.0%)
 train    L_beta_track        = +0.5813 (32.4%)
 train      L_beta_norms_term   = -0.4605 (-25.7%)
 train      L_beta_logbeta_term = +0.0948 (5.3%)
 train  L_E   = +1.1828 (66.0%)
 train    L_E_charge = +0.0000 (0.0%)
 train    L_E_cond = +0.6568 (36.6%)
 train    L_E_cluster = +0.5260 (29.3%)
 train    L_E_w_photon   = +0.0000 (0.0%)
 train    L_E_w_charged_hadron   = +0.0000 (0.0%)
 train    L_E_w_neutral_hadron   = +0.0000 (0.0%)
 train    L_E_w_muon     = +0.0000 (0.0%)
 train    L_E_w_electron = +0.0000 (0.0%)
learning rate :  [0.00019945246344205893, 0.0001978158526933439, 0.00019510809880370062, 0.00019135886849137794, 0.00018660923910825467, 0.000180911248587776, 0.00017432732530646558, 0.00016692960410556788, 0.0001587991359666327, 0.000150025, 0.00014070332747542625, 0.000130936248587776, 0.00012083077349723503, 0.00011049761990360197, 0.00010005, 8.960238009639805e-05, 7.926922650276498e-05, 6.916375141222402e-05, 5.939667252457379e-05, 5.0075000000000025e-05]
train loss :  2.7926666736602783
[rank 0] epoch=19 valid_batch=500/1563
[rank 0] epoch=19 valid_batch=1000/1563
[rank 0] epoch=19 valid_batch=1500/1563
[rank 0] epoch=19 valid_batch=2000/1563
[rank 0] epoch=19 valid_batch=2500/1563
[rank 0] epoch=19 valid_batch=3000/1563
test   L_V                   = +6.9105 (83.9%)
    L_V_attractive      = +6.6484 (80.7%)
      L_V_attractive_charged      = +4.1842 (50.8%)
      L_V_attractive_neutral      = +2.4642 (29.9%)
    L_V_repulsive       = +0.2621 (3.2%)
      L_V_repulsive_charged       = +0.1147 (1.4%)
      L_V_repulsive_neutral       = +0.1473 (1.8%)
    L_charged_cluster   = +0.0000 (0.0%)
  L_beta              = +0.2028 (2.5%)
    L_beta_noise        = +0.0000 (0.0%)
    L_beta_sig          = -0.3780 (-4.6%)
    L_beta_suppress     = +0.0000 (0.0%)
    L_beta_track        = +0.5808 (7.1%)
      L_beta_norms_term   = -0.4671 (-5.7%)
      L_beta_logbeta_term = +0.0892 (1.1%)
  L_E   = +1.1204 (13.6%)
    L_E_charge = +0.0000 (0.0%)
    L_E_cond = +0.6000 (7.3%)
    L_E_cluster = +0.5204 (6.3%)
    L_E_w_photon   = +0.0000 (0.0%)
    L_E_w_charged_hadron   = +0.0000 (0.0%)
    L_E_w_neutral_hadron   = +0.0000 (0.0%)
    L_E_w_muon     = +0.0000 (0.0%)
    L_E_w_electron = +0.0000 (0.0%)
Returning 9.2337007522583
[rank 0] epoch=20 train_batch=500/12500 loss=2.854436
[rank 0] epoch=20 train_batch=1000/12500 loss=2.934329
[rank 0] epoch=20 train_batch=1500/12500 loss=2.770583
[rank 0] epoch=20 train_batch=2000/12500 loss=2.842673
[rank 0] epoch=20 train_batch=2500/12500 loss=2.700047
[rank 0] epoch=20 train_batch=3000/12500 loss=2.686019
[rank 0] epoch=20 train_batch=3500/12500 loss=2.734659
[rank 0] epoch=20 train_batch=4000/12500 loss=2.768940
[rank 0] epoch=20 train_batch=4500/12500 loss=2.882837
[rank 0] epoch=20 train_batch=5000/12500 loss=2.847172
[rank 0] epoch=20 train_batch=5500/12500 loss=2.727449
[rank 0] epoch=20 train_batch=6000/12500 loss=2.824914
[rank 0] epoch=20 train_batch=6500/12500 loss=2.771529
[rank 0] epoch=20 train_batch=7000/12500 loss=2.630623
[rank 0] epoch=20 train_batch=7500/12500 loss=2.720090
[rank 0] epoch=20 train_batch=8000/12500 loss=2.664033
[rank 0] epoch=20 train_batch=8500/12500 loss=2.727315
[rank 0] epoch=20 train_batch=9000/12500 loss=2.798439
[rank 0] epoch=20 train_batch=9500/12500 loss=2.710182
[rank 0] epoch=20 train_batch=10000/12500 loss=2.828567
[rank 0] epoch=20 train_batch=10500/12500 loss=2.703162
[rank 0] epoch=20 train_batch=11000/12500 loss=2.795249
[rank 0] epoch=20 train_batch=11500/12500 loss=2.752719
[rank 0] epoch=20 train_batch=12000/12500 loss=2.767704
[rank 0] epoch=20 train_batch=12500/12500 loss=2.863810
[rank 0] epoch=20 train_batch=13000/12500 loss=2.835173
[rank 0] epoch=20 train_batch=13500/12500 loss=2.601345
[rank 0] epoch=20 train_batch=14000/12500 loss=2.718204
[rank 0] epoch=20 train_batch=14500/12500 loss=2.710109
[rank 0] epoch=20 train_batch=15000/12500 loss=2.788485
[rank 0] epoch=20 train_batch=15500/12500 loss=3.020547
[rank 0] epoch=20 train_batch=16000/12500 loss=3.001704
[rank 0] epoch=20 train_batch=16500/12500 loss=2.602942
[rank 0] epoch=20 train_batch=17000/12500 loss=2.826259
[rank 0] epoch=20 train_batch=17500/12500 loss=2.670751
[rank 0] epoch=20 train_batch=18000/12500 loss=2.939921
[rank 0] epoch=20 train_batch=18500/12500 loss=2.656255
[rank 0] epoch=20 train_batch=19000/12500 loss=2.755224
[rank 0] epoch=20 train_batch=19500/12500 loss=2.816774
[rank 0] epoch=20 train_batch=20000/12500 loss=2.856737
[rank 0] epoch=20 train_batch=20500/12500 loss=2.624387
[rank 0] epoch=20 train_batch=21000/12500 loss=2.727519
[rank 0] epoch=20 train_batch=21500/12500 loss=2.769888
[rank 0] epoch=20 train_batch=22000/12500 loss=2.713711
[rank 0] epoch=20 train_batch=22500/12500 loss=2.715575
[rank 0] epoch=20 train_batch=23000/12500 loss=2.703633
[rank 0] epoch=20 train_batch=23500/12500 loss=2.589418
[rank 0] epoch=20 train_batch=24000/12500 loss=2.649042
[rank 0] epoch=20 train_batch=24500/12500 loss=2.651781
[rank 0] epoch=20 train_batch=25000/12500 loss=2.784307
Training epoch 20
[4.39880097e+00 1.95247696e-01 1.15884187e+01 2.22992094e-01
 2.50629460e+00 1.39284135e-06 8.90400930e+00 3.54647336e-01
 3.79872775e+00 1.12243761e-06 1.56785579e+00 6.45884579e-01
 1.28504526e+01 5.48434460e-01 1.39833608e+00 8.36860878e-01
 8.56534428e+00 7.60762754e-01 1.95257381e+01 7.38175144e-01
 1.00177923e+00 4.75081767e-01 6.64543403e+00 9.29120792e-07
 4.45308951e+00 5.23189540e-01 3.13419086e+00 3.30114158e-06
 4.17553067e-01 2.61401928e-01 2.84580981e+00 2.58192228e-01
 4.63999659e-01 3.46722224e-01 3.09767165e+00 3.00723865e-01
 6.08361507e+00 2.70533089e-01 2.70030228e-01 2.74072281e-02
 1.16638151e+00 3.47090419e-06 8.56409072e-01 2.23273197e-02
 1.68264809e+00 7.97117332e-08 2.41729295e-01 9.26322052e-02
 1.59612774e+00 5.69814059e-02 1.52562942e-01 6.03375269e-02
 6.90954161e-01 6.01007363e-02 1.01787055e+00 2.44341478e-02
 7.68236174e-02 2.51846931e-02 2.40055665e-01 3.89633269e-08
 2.26964849e-01 8.70728923e-03 2.74977298e-01 1.07639185e-08
 4.45034542e-02 2.31055298e-02 3.09194992e-01 1.83927229e-02
 6.49153081e-02 3.51046079e-02 4.80976751e-01 3.14481197e-02
 5.49309758e-01 1.36519383e-02 6.94734384e-02 3.39242685e-02
 9.17423277e-01 2.49867897e-02 2.58585320e-01 6.78899496e-02
 9.84102467e-01 6.39212345e-02 2.81833309e-01 1.12109091e-01
 1.10317855e+00 7.68845092e-02 5.68678732e-01 2.30870338e-01
 1.88023274e+00 2.03173808e-01 1.78550981e+00 7.23822593e-01
 5.02163375e+00 5.51589122e-01 1.79944777e+01 2.52536518e+00
 3.93044219e+01 7.09185244e+00]
train  L_V                   = +0.3913 (22.2%)
 train    L_V_attractive      = +0.1273 (7.2%)
 train      L_V_attractive_charged      = +0.1142 (6.5%)
 train      L_V_attractive_neutral      = +0.0132 (0.7%)
 train    L_V_repulsive       = +0.2640 (15.0%)
 train      L_V_repulsive_charged       = +0.1163 (6.6%)
 train      L_V_repulsive_neutral       = +0.1477 (8.4%)
 train    L_charged_cluster   = +0.0000 (0.0%)
 train  L_beta              = +0.2109 (12.0%)
 train    L_beta_noise        = +0.0000 (0.0%)
 train    L_beta_sig          = -0.3700 (-21.0%)
 train    L_beta_suppress     = +0.0000 (0.0%)
 train    L_beta_track        = +0.5809 (32.9%)
 train      L_beta_norms_term   = -0.4639 (-26.3%)
 train      L_beta_logbeta_term = +0.0939 (5.3%)
 train  L_E   = +1.1609 (65.8%)
 train    L_E_charge = +0.0000 (0.0%)
 train    L_E_cond = +0.6473 (36.7%)
 train    L_E_cluster = +0.5136 (29.1%)
 train    L_E_w_photon   = +0.0000 (0.0%)
 train    L_E_w_charged_hadron   = +0.0000 (0.0%)
 train    L_E_w_neutral_hadron   = +0.0000 (0.0%)
 train    L_E_w_muon     = +0.0000 (0.0%)
 train    L_E_w_electron = +0.0000 (0.0%)
learning rate :  [0.00019945246344205893, 0.0001978158526933439, 0.00019510809880370062, 0.00019135886849137794, 0.00018660923910825467, 0.000180911248587776, 0.00017432732530646558, 0.00016692960410556788, 0.0001587991359666327, 0.000150025, 0.00014070332747542625, 0.000130936248587776, 0.00012083077349723503, 0.00011049761990360197, 0.00010005, 8.960238009639805e-05, 7.926922650276498e-05, 6.916375141222402e-05, 5.939667252457379e-05, 5.0075000000000025e-05, 4.130086403336732e-05]
train loss :  2.7631239891052246
[rank 0] epoch=20 valid_batch=500/1563
[rank 0] epoch=20 valid_batch=1000/1563
[rank 0] epoch=20 valid_batch=1500/1563
[rank 0] epoch=20 valid_batch=2000/1563
[rank 0] epoch=20 valid_batch=2500/1563
[rank 0] epoch=20 valid_batch=3000/1563
test   L_V                   = +1.9063 (57.7%)
    L_V_attractive      = +1.6239 (49.2%)
      L_V_attractive_charged      = +1.6106 (48.8%)
      L_V_attractive_neutral      = +0.0132 (0.4%)
    L_V_repulsive       = +0.2824 (8.6%)
      L_V_repulsive_charged       = +0.1246 (3.8%)
      L_V_repulsive_neutral       = +0.1578 (4.8%)
    L_charged_cluster   = +0.0000 (0.0%)
  L_beta              = +0.2046 (6.2%)
    L_beta_noise        = +0.0000 (0.0%)
    L_beta_sig          = -0.3756 (-11.4%)
    L_beta_suppress     = +0.0000 (0.0%)
    L_beta_track        = +0.5802 (17.6%)
      L_beta_norms_term   = -0.4687 (-14.2%)
      L_beta_logbeta_term = +0.0931 (2.8%)
  L_E   = +1.1916 (36.1%)
    L_E_charge = +0.0000 (0.0%)
    L_E_cond = +0.6900 (20.9%)
    L_E_cluster = +0.5016 (15.2%)
    L_E_w_photon   = +0.0000 (0.0%)
    L_E_w_charged_hadron   = +0.0000 (0.0%)
    L_E_w_neutral_hadron   = +0.0000 (0.0%)
    L_E_w_muon     = +0.0000 (0.0%)
    L_E_w_electron = +0.0000 (0.0%)
Returning 4.302450656890869
[rank 0] epoch=21 train_batch=500/12500 loss=2.664014
[rank 0] epoch=21 train_batch=1000/12500 loss=2.874634
[rank 0] epoch=21 train_batch=1500/12500 loss=2.850151
[rank 0] epoch=21 train_batch=2000/12500 loss=2.834947
[rank 0] epoch=21 train_batch=2500/12500 loss=2.667120
[rank 0] epoch=21 train_batch=3000/12500 loss=2.881915
[rank 0] epoch=21 train_batch=3500/12500 loss=2.809744
[rank 0] epoch=21 train_batch=4000/12500 loss=2.622144
[rank 0] epoch=21 train_batch=4500/12500 loss=2.988844
[rank 0] epoch=21 train_batch=5000/12500 loss=2.718317
[rank 0] epoch=21 train_batch=5500/12500 loss=2.774817
[rank 0] epoch=21 train_batch=6000/12500 loss=2.866245
[rank 0] epoch=21 train_batch=6500/12500 loss=2.647217
[rank 0] epoch=21 train_batch=7000/12500 loss=2.751330
[rank 0] epoch=21 train_batch=7500/12500 loss=2.691268
[rank 0] epoch=21 train_batch=8000/12500 loss=2.832042
[rank 0] epoch=21 train_batch=8500/12500 loss=2.766400
[rank 0] epoch=21 train_batch=9000/12500 loss=2.698313
[rank 0] epoch=21 train_batch=9500/12500 loss=2.728667
[rank 0] epoch=21 train_batch=10000/12500 loss=2.774638
[rank 0] epoch=21 train_batch=10500/12500 loss=2.628309
[rank 0] epoch=21 train_batch=11000/12500 loss=2.777724
[rank 0] epoch=21 train_batch=11500/12500 loss=2.701368
[rank 0] epoch=21 train_batch=12000/12500 loss=2.772811
[rank 0] epoch=21 train_batch=12500/12500 loss=2.760836
[rank 0] epoch=21 train_batch=13000/12500 loss=2.833612
[rank 0] epoch=21 train_batch=13500/12500 loss=2.746083
[rank 0] epoch=21 train_batch=14000/12500 loss=2.750227
[rank 0] epoch=21 train_batch=14500/12500 loss=2.746426
[rank 0] epoch=21 train_batch=15000/12500 loss=2.733001
[rank 0] epoch=21 train_batch=15500/12500 loss=2.643756
[rank 0] epoch=21 train_batch=16000/12500 loss=2.834653
[rank 0] epoch=21 train_batch=16500/12500 loss=2.689858
[rank 0] epoch=21 train_batch=17000/12500 loss=2.900383
[rank 0] epoch=21 train_batch=17500/12500 loss=2.801589
[rank 0] epoch=21 train_batch=18000/12500 loss=2.674927
[rank 0] epoch=21 train_batch=18500/12500 loss=2.904094
[rank 0] epoch=21 train_batch=19000/12500 loss=2.812522
[rank 0] epoch=21 train_batch=19500/12500 loss=2.562189
[rank 0] epoch=21 train_batch=20000/12500 loss=2.733811
[rank 0] epoch=21 train_batch=20500/12500 loss=2.715050
[rank 0] epoch=21 train_batch=21000/12500 loss=2.807150
[rank 0] epoch=21 train_batch=21500/12500 loss=2.857037
[rank 0] epoch=21 train_batch=22000/12500 loss=2.640834
[rank 0] epoch=21 train_batch=22500/12500 loss=2.741544
[rank 0] epoch=21 train_batch=23000/12500 loss=2.697586
[rank 0] epoch=21 train_batch=23500/12500 loss=2.645308
[rank 0] epoch=21 train_batch=24000/12500 loss=2.854543
[rank 0] epoch=21 train_batch=24500/12500 loss=2.731040
[rank 0] epoch=21 train_batch=25000/12500 loss=2.691556
Training epoch 21
[3.79327617e+00 1.77346045e-01 9.85838395e+00 1.86960800e-01
 2.28497050e+00 1.03585183e-06 7.20733690e+00 3.03581898e-01
 3.51276425e+00 1.04049542e-06 1.43197004e+00 5.73006845e-01
 1.17827813e+01 4.72678200e-01 1.22663079e+00 7.19956917e-01
 7.44784803e+00 6.54859466e-01 1.72409524e+01 6.47434871e-01
 8.77714424e-01 4.12560916e-01 5.40970972e+00 7.92243525e-07
 4.04238375e+00 4.36659749e-01 2.97248289e+00 3.17845880e-06
 3.95479637e-01 2.46417064e-01 2.63754558e+00 2.41430172e-01
 4.34005635e-01 3.22258237e-01 2.89374839e+00 2.79673222e-01
 5.63531938e+00 2.44650904e-01 2.50886294e-01 2.82389340e-02
 1.07098772e+00 3.50904239e-06 9.72636561e-01 2.32692164e-02
 1.71788905e+00 8.13702386e-08 2.47428063e-01 8.28927966e-02
 1.67520863e+00 5.41383899e-02 1.52168067e-01 5.96982938e-02
 7.07819475e-01 6.00481954e-02 1.03237834e+00 2.56492708e-02
 7.93388913e-02 2.59574503e-02 2.50327126e-01 4.05895146e-08
 2.45068841e-01 9.44278683e-03 2.94481171e-01 1.11317061e-08
 4.56470822e-02 2.34036590e-02 3.21792101e-01 1.87434787e-02
 6.61186539e-02 3.60254546e-02 4.90509046e-01 3.23019627e-02
 5.52645305e-01 1.41993420e-02 6.73773932e-02 3.31095369e-02
 9.02249625e-01 2.46904381e-02 2.58740733e-01 6.94210317e-02
 9.68571627e-01 6.67838315e-02 2.91701792e-01 1.20316595e-01
 1.10490690e+00 7.90574166e-02 5.85041554e-01 2.27773207e-01
 1.91750508e+00 1.95821794e-01 1.89242305e+00 7.04652855e-01
 4.95612916e+00 5.28119216e-01 1.73209147e+01 2.40393277e+00
 3.88020124e+01 6.97277814e+00]
train  L_V                   = +0.3862 (22.2%)
 train    L_V_attractive      = +0.1259 (7.3%)
 train      L_V_attractive_charged      = +0.1133 (6.5%)
 train      L_V_attractive_neutral      = +0.0127 (0.7%)
 train    L_V_repulsive       = +0.2602 (15.0%)
 train      L_V_repulsive_charged       = +0.1143 (6.6%)
 train      L_V_repulsive_neutral       = +0.1460 (8.4%)
 train    L_charged_cluster   = +0.0000 (0.0%)
 train  L_beta              = +0.2029 (11.7%)
 train    L_beta_noise        = +0.0000 (0.0%)
 train    L_beta_sig          = -0.3777 (-21.8%)
 train    L_beta_suppress     = +0.0000 (0.0%)
 train    L_beta_track        = +0.5806 (33.4%)
 train      L_beta_norms_term   = -0.4702 (-27.1%)
 train      L_beta_logbeta_term = +0.0925 (5.3%)
 train  L_E   = +1.1473 (66.1%)
 train    L_E_charge = +0.0000 (0.0%)
 train    L_E_cond = +0.6397 (36.8%)
 train    L_E_cluster = +0.5076 (29.2%)
 train    L_E_w_photon   = +0.0000 (0.0%)
 train    L_E_w_charged_hadron   = +0.0000 (0.0%)
 train    L_E_w_neutral_hadron   = +0.0000 (0.0%)
 train    L_E_w_muon     = +0.0000 (0.0%)
 train    L_E_w_electron = +0.0000 (0.0%)
learning rate :  [0.00019945246344205893, 0.0001978158526933439, 0.00019510809880370062, 0.00019135886849137794, 0.00018660923910825467, 0.000180911248587776, 0.00017432732530646558, 0.00016692960410556788, 0.0001587991359666327, 0.000150025, 0.00014070332747542625, 0.000130936248587776, 0.00012083077349723503, 0.00011049761990360197, 0.00010005, 8.960238009639805e-05, 7.926922650276498e-05, 6.916375141222402e-05, 5.939667252457379e-05, 5.0075000000000025e-05, 4.130086403336732e-05, 3.3170395894432155e-05]
train loss :  2.736384391784668
[rank 0] epoch=21 valid_batch=500/1563
[rank 0] epoch=21 valid_batch=1000/1563
[rank 0] epoch=21 valid_batch=1500/1563
[rank 0] epoch=21 valid_batch=2000/1563
[rank 0] epoch=21 valid_batch=2500/1563
[rank 0] epoch=21 valid_batch=3000/1563
test   L_V                   = +0.3704 (21.7%)
    L_V_attractive      = +0.1224 (7.2%)
      L_V_attractive_charged      = +0.1097 (6.4%)
      L_V_attractive_neutral      = +0.0127 (0.7%)
    L_V_repulsive       = +0.2479 (14.5%)
      L_V_repulsive_charged       = +0.1087 (6.4%)
      L_V_repulsive_neutral       = +0.1392 (8.2%)
    L_charged_cluster   = +0.0000 (0.0%)
  L_beta              = +0.2012 (11.8%)
    L_beta_noise        = +0.0000 (0.0%)
    L_beta_sig          = -0.3791 (-22.2%)
    L_beta_suppress     = +0.0000 (0.0%)
    L_beta_track        = +0.5803 (34.0%)
      L_beta_norms_term   = -0.4709 (-27.6%)
      L_beta_logbeta_term = +0.0919 (5.4%)
  L_E   = +1.1344 (66.5%)
    L_E_charge = +0.0000 (0.0%)
    L_E_cond = +0.6401 (37.5%)
    L_E_cluster = +0.4943 (29.0%)
    L_E_w_photon   = +0.0000 (0.0%)
    L_E_w_charged_hadron   = +0.0000 (0.0%)
    L_E_w_neutral_hadron   = +0.0000 (0.0%)
    L_E_w_muon     = +0.0000 (0.0%)
    L_E_w_electron = +0.0000 (0.0%)
Returning 2.7060227394104004
[rank 0] epoch=22 train_batch=500/12500 loss=2.714469
[rank 0] epoch=22 train_batch=1000/12500 loss=2.800242
[rank 0] epoch=22 train_batch=1500/12500 loss=2.678689
[rank 0] epoch=22 train_batch=2000/12500 loss=2.773722
[rank 0] epoch=22 train_batch=2500/12500 loss=2.838680
[rank 0] epoch=22 train_batch=3000/12500 loss=2.782228
[rank 0] epoch=22 train_batch=3500/12500 loss=2.540572
[rank 0] epoch=22 train_batch=4000/12500 loss=2.673530
[rank 0] epoch=22 train_batch=4500/12500 loss=2.826969
[rank 0] epoch=22 train_batch=5000/12500 loss=2.820273
[rank 0] epoch=22 train_batch=5500/12500 loss=2.654769
[rank 0] epoch=22 train_batch=6000/12500 loss=2.673964
[rank 0] epoch=22 train_batch=6500/12500 loss=2.626843
[rank 0] epoch=22 train_batch=7000/12500 loss=2.746249
[rank 0] epoch=22 train_batch=7500/12500 loss=2.676921
[rank 0] epoch=22 train_batch=8000/12500 loss=2.817747
[rank 0] epoch=22 train_batch=8500/12500 loss=2.633357
[rank 0] epoch=22 train_batch=9000/12500 loss=2.818544
[rank 0] epoch=22 train_batch=9500/12500 loss=2.720300
[rank 0] epoch=22 train_batch=10000/12500 loss=2.732594
[rank 0] epoch=22 train_batch=10500/12500 loss=2.811055
[rank 0] epoch=22 train_batch=11000/12500 loss=2.656713
[rank 0] epoch=22 train_batch=11500/12500 loss=2.729676
[rank 0] epoch=22 train_batch=12000/12500 loss=2.719936
[rank 0] epoch=22 train_batch=12500/12500 loss=2.766541
[rank 0] epoch=22 train_batch=13000/12500 loss=2.704659
[rank 0] epoch=22 train_batch=13500/12500 loss=2.635023
[rank 0] epoch=22 train_batch=14000/12500 loss=2.652856
[rank 0] epoch=22 train_batch=14500/12500 loss=2.753890
[rank 0] epoch=22 train_batch=15000/12500 loss=2.678136
[rank 0] epoch=22 train_batch=15500/12500 loss=2.670477
[rank 0] epoch=22 train_batch=16000/12500 loss=2.713313
[rank 0] epoch=22 train_batch=16500/12500 loss=2.800511
[rank 0] epoch=22 train_batch=17000/12500 loss=2.640423
[rank 0] epoch=22 train_batch=17500/12500 loss=2.753034
[rank 0] epoch=22 train_batch=18000/12500 loss=2.790601
[rank 0] epoch=22 train_batch=18500/12500 loss=2.734128
[rank 0] epoch=22 train_batch=19000/12500 loss=2.664989
[rank 0] epoch=22 train_batch=19500/12500 loss=2.884663
[rank 0] epoch=22 train_batch=20000/12500 loss=2.924818
[rank 0] epoch=22 train_batch=20500/12500 loss=2.656526
[rank 0] epoch=22 train_batch=21000/12500 loss=2.556676
[rank 0] epoch=22 train_batch=21500/12500 loss=2.752233
[rank 0] epoch=22 train_batch=22000/12500 loss=2.810544
[rank 0] epoch=22 train_batch=22500/12500 loss=2.810930
[rank 0] epoch=22 train_batch=23000/12500 loss=2.659852
[rank 0] epoch=22 train_batch=23500/12500 loss=2.719597
[rank 0] epoch=22 train_batch=24000/12500 loss=2.678661
[rank 0] epoch=22 train_batch=24500/12500 loss=2.678750
[rank 0] epoch=22 train_batch=25000/12500 loss=2.795602
Training epoch 22
[3.71018746e+00 1.67787922e-01 9.39158836e+00 1.84768278e-01
 2.29535619e+00 1.11236748e-06 7.15515365e+00 2.96135373e-01
 3.24329601e+00 9.57242138e-07 1.37644585e+00 5.12958795e-01
 1.13362673e+01 4.16804834e-01 1.11448454e+00 6.20587485e-01
 6.69327864e+00 5.72819032e-01 1.54050062e+01 5.90550100e-01
 8.09150886e-01 3.77786422e-01 4.63373694e+00 7.02225458e-07
 3.56833845e+00 3.95257014e-01 2.53109545e+00 2.80698006e-06
 3.45647097e-01 2.21975513e-01 2.37724164e+00 2.21447880e-01
 4.02210413e-01 2.89515344e-01 2.68664323e+00 2.59219568e-01
 5.10355349e+00 2.25927048e-01 2.28285796e-01 2.61451400e-02
 9.38476471e-01 3.22080184e-06 9.06639178e-01 2.05072862e-02
 1.63382433e+00 7.15304879e-08 2.32016599e-01 7.85416595e-02
 1.57548654e+00 5.28053636e-02 1.44704163e-01 5.92127910e-02
 7.09521184e-01 6.04487049e-02 1.08047148e+00 2.65957772e-02
 8.22536897e-02 2.70513746e-02 2.63307173e-01 4.28680282e-08
 2.67890631e-01 1.01057775e-02 3.18336395e-01 1.18359325e-08
 4.78948796e-02 2.43017650e-02 3.39847337e-01 1.96175533e-02
 6.84206568e-02 3.81148915e-02 5.06247615e-01 3.37450150e-02
 5.64904237e-01 1.53812987e-02 6.68726107e-02 3.44891244e-02
 9.15100793e-01 2.56867803e-02 2.63940740e-01 7.14727630e-02
 9.86328133e-01 6.78636655e-02 2.95028801e-01 1.25988364e-01
 1.12336027e+00 8.16557892e-02 6.24382900e-01 2.32569588e-01
 1.99336957e+00 1.94858393e-01 1.95590657e+00 6.90102423e-01
 4.90838625e+00 5.11997168e-01 1.67760428e+01 2.30724825e+00
 3.84447903e+01 6.90762609e+00]
train  L_V                   = +0.3826 (22.3%)
 train    L_V_attractive      = +0.1248 (7.3%)
 train      L_V_attractive_charged      = +0.1121 (6.5%)
 train      L_V_attractive_neutral      = +0.0127 (0.7%)
 train    L_V_repulsive       = +0.2578 (15.0%)
 train      L_V_repulsive_charged       = +0.1131 (6.6%)
 train      L_V_repulsive_neutral       = +0.1447 (8.4%)
 train    L_charged_cluster   = +0.0000 (0.0%)
 train  L_beta              = +0.1986 (11.6%)
 train    L_beta_noise        = +0.0000 (0.0%)
 train    L_beta_sig          = -0.3819 (-22.2%)
 train    L_beta_suppress     = +0.0000 (0.0%)
 train    L_beta_track        = +0.5805 (33.8%)
 train      L_beta_norms_term   = -0.4737 (-27.6%)
 train      L_beta_logbeta_term = +0.0918 (5.3%)
 train  L_E   = +1.1365 (66.2%)
 train    L_E_charge = +0.0000 (0.0%)
 train    L_E_cond = +0.6339 (36.9%)
 train    L_E_cluster = +0.5026 (29.3%)
 train    L_E_w_photon   = +0.0000 (0.0%)
 train    L_E_w_charged_hadron   = +0.0000 (0.0%)
 train    L_E_w_neutral_hadron   = +0.0000 (0.0%)
 train    L_E_w_muon     = +0.0000 (0.0%)
 train    L_E_w_electron = +0.0000 (0.0%)
learning rate :  [0.00019945246344205893, 0.0001978158526933439, 0.00019510809880370062, 0.00019135886849137794, 0.00018660923910825467, 0.000180911248587776, 0.00017432732530646558, 0.00016692960410556788, 0.0001587991359666327, 0.000150025, 0.00014070332747542625, 0.000130936248587776, 0.00012083077349723503, 0.00011049761990360197, 0.00010005, 8.960238009639805e-05, 7.926922650276498e-05, 6.916375141222402e-05, 5.939667252457379e-05, 5.0075000000000025e-05, 4.130086403336732e-05, 3.3170395894432155e-05, 2.5772674693534433e-05]
train loss :  2.7177069187164307
[rank 0] epoch=22 valid_batch=500/1563
[rank 0] epoch=22 valid_batch=1000/1563
[rank 0] epoch=22 valid_batch=1500/1563
[rank 0] epoch=22 valid_batch=2000/1563
[rank 0] epoch=22 valid_batch=2500/1563
[rank 0] epoch=22 valid_batch=3000/1563
test   L_V                   = +21.7430 (94.4%)
    L_V_attractive      = +21.4820 (93.3%)
      L_V_attractive_charged      = +11.5243 (50.0%)
      L_V_attractive_neutral      = +9.9577 (43.2%)
    L_V_repulsive       = +0.2609 (1.1%)
      L_V_repulsive_charged       = +0.1144 (0.5%)
      L_V_repulsive_neutral       = +0.1465 (0.6%)
    L_charged_cluster   = +0.0000 (0.0%)
  L_beta              = +0.1910 (0.8%)
    L_beta_noise        = +0.0000 (0.0%)
    L_beta_sig          = -0.3888 (-1.7%)
    L_beta_suppress     = +0.0000 (0.0%)
    L_beta_track        = +0.5798 (2.5%)
      L_beta_norms_term   = -0.4800 (-2.1%)
      L_beta_logbeta_term = +0.0912 (0.4%)
  L_E   = +1.1000 (4.8%)
    L_E_charge = +0.0000 (0.0%)
    L_E_cond = +0.6073 (2.6%)
    L_E_cluster = +0.4927 (2.1%)
    L_E_w_photon   = +0.0000 (0.0%)
    L_E_w_charged_hadron   = +0.0000 (0.0%)
    L_E_w_neutral_hadron   = +0.0000 (0.0%)
    L_E_w_muon     = +0.0000 (0.0%)
    L_E_w_electron = +0.0000 (0.0%)
Returning 24.033971786499023
[rank 0] epoch=23 train_batch=500/12500 loss=2.755476
[rank 0] epoch=23 train_batch=1000/12500 loss=2.822044
[rank 0] epoch=23 train_batch=1500/12500 loss=2.679412
[rank 0] epoch=23 train_batch=2000/12500 loss=2.658095
[rank 0] epoch=23 train_batch=2500/12500 loss=2.716918
[rank 0] epoch=23 train_batch=3000/12500 loss=2.784415
[rank 0] epoch=23 train_batch=3500/12500 loss=2.772011
[rank 0] epoch=23 train_batch=4000/12500 loss=2.621883
[rank 0] epoch=23 train_batch=4500/12500 loss=2.670781
[rank 0] epoch=23 train_batch=5000/12500 loss=2.740167
[rank 0] epoch=23 train_batch=5500/12500 loss=2.675209
[rank 0] epoch=23 train_batch=6000/12500 loss=2.655378
[rank 0] epoch=23 train_batch=6500/12500 loss=2.614557
[rank 0] epoch=23 train_batch=7000/12500 loss=2.772224
[rank 0] epoch=23 train_batch=7500/12500 loss=2.557983
[rank 0] epoch=23 train_batch=8000/12500 loss=2.815292
[rank 0] epoch=23 train_batch=8500/12500 loss=2.755729
[rank 0] epoch=23 train_batch=9000/12500 loss=2.807033
[rank 0] epoch=23 train_batch=9500/12500 loss=2.680194
[rank 0] epoch=23 train_batch=10000/12500 loss=2.691734
[rank 0] epoch=23 train_batch=10500/12500 loss=2.691895
[rank 0] epoch=23 train_batch=11000/12500 loss=2.828024
[rank 0] epoch=23 train_batch=11500/12500 loss=2.563149
[rank 0] epoch=23 train_batch=12000/12500 loss=2.602819
[rank 0] epoch=23 train_batch=12500/12500 loss=2.670563
[rank 0] epoch=23 train_batch=13000/12500 loss=2.762243
[rank 0] epoch=23 train_batch=13500/12500 loss=2.789460
[rank 0] epoch=23 train_batch=14000/12500 loss=2.587037
[rank 0] epoch=23 train_batch=14500/12500 loss=2.577565
[rank 0] epoch=23 train_batch=15000/12500 loss=2.589797
[rank 0] epoch=23 train_batch=15500/12500 loss=2.870144
[rank 0] epoch=23 train_batch=16000/12500 loss=2.675005
[rank 0] epoch=23 train_batch=16500/12500 loss=2.624734
[rank 0] epoch=23 train_batch=17000/12500 loss=2.744268
[rank 0] epoch=23 train_batch=17500/12500 loss=2.632778
[rank 0] epoch=23 train_batch=18000/12500 loss=2.821981
[rank 0] epoch=23 train_batch=18500/12500 loss=2.575554
[rank 0] epoch=23 train_batch=19000/12500 loss=2.543152
[rank 0] epoch=23 train_batch=19500/12500 loss=2.710661
[rank 0] epoch=23 train_batch=20000/12500 loss=2.625098
[rank 0] epoch=23 train_batch=20500/12500 loss=2.778307
[rank 0] epoch=23 train_batch=21000/12500 loss=2.663836
[rank 0] epoch=23 train_batch=21500/12500 loss=2.679463
[rank 0] epoch=23 train_batch=22000/12500 loss=2.682863
[rank 0] epoch=23 train_batch=22500/12500 loss=2.763434
[rank 0] epoch=23 train_batch=23000/12500 loss=2.585498
[rank 0] epoch=23 train_batch=23500/12500 loss=2.692631
[rank 0] epoch=23 train_batch=24000/12500 loss=2.708671
[rank 0] epoch=23 train_batch=24500/12500 loss=2.888558
[rank 0] epoch=23 train_batch=25000/12500 loss=2.652770
Training epoch 23
[3.49723516e+00 1.55055897e-01 8.86932379e+00 1.73661991e-01
 2.36290818e+00 1.03688853e-06 6.66966175e+00 2.79429418e-01
 3.23991269e+00 9.42013097e-07 1.34497858e+00 4.84509688e-01
 1.11068816e+01 4.03536921e-01 1.07331759e+00 5.75909860e-01
 6.37334020e+00 5.39783809e-01 1.46813822e+01 5.82913666e-01
 7.87655543e-01 3.73031644e-01 4.13126192e+00 6.38984877e-07
 3.49923992e+00 3.91803279e-01 2.53316624e+00 2.81173507e-06
 3.42486789e-01 2.13602144e-01 2.33195970e+00 2.14913702e-01
 3.91422967e-01 2.81693767e-01 2.58731929e+00 2.49582203e-01
 5.00651904e+00 2.25729121e-01 2.24371824e-01 2.56341548e-02
 9.22665138e-01 3.18851437e-06 9.38458409e-01 2.03537144e-02
 1.59449028e+00 7.19364578e-08 2.29591915e-01 7.77661441e-02
 1.59126513e+00 5.38587130e-02 1.47302535e-01 5.87952376e-02
 7.25740282e-01 6.09303155e-02 1.10427738e+00 2.71250246e-02
 8.55594199e-02 2.78467843e-02 2.73345919e-01 4.44207400e-08
 2.90466366e-01 1.05505139e-02 3.37622594e-01 1.23668824e-08
 4.98754821e-02 2.51641106e-02 3.54365736e-01 2.04848493e-02
 7.11430306e-02 4.02297895e-02 5.21650999e-01 3.54591598e-02
 5.78610836e-01 1.67997292e-02 6.74429481e-02 3.47266306e-02
 9.33765709e-01 2.58153245e-02 2.70483052e-01 7.48304701e-02
 1.00898614e+00 7.01559576e-02 3.12389920e-01 1.28285286e-01
 1.13904009e+00 8.21431651e-02 6.77840315e-01 2.41049813e-01
 2.11087909e+00 1.96901105e-01 2.02224995e+00 6.75436982e-01
 4.89078211e+00 4.98956833e-01 1.61363834e+01 2.19309124e+00
 3.79024174e+01 6.80487643e+00]
train  L_V                   = +0.3803 (22.3%)
 train    L_V_attractive      = +0.1243 (7.3%)
 train      L_V_attractive_charged      = +0.1116 (6.5%)
 train      L_V_attractive_neutral      = +0.0127 (0.7%)
 train    L_V_repulsive       = +0.2560 (15.0%)
 train      L_V_repulsive_charged       = +0.1123 (6.6%)
 train      L_V_repulsive_neutral       = +0.1437 (8.4%)
 train    L_charged_cluster   = +0.0000 (0.0%)
 train  L_beta              = +0.1951 (11.4%)
 train    L_beta_noise        = +0.0000 (0.0%)
 train    L_beta_sig          = -0.3853 (-22.6%)
 train    L_beta_suppress     = +0.0000 (0.0%)
 train    L_beta_track        = +0.5804 (34.0%)
 train      L_beta_norms_term   = -0.4766 (-28.0%)
 train      L_beta_logbeta_term = +0.0914 (5.4%)
 train  L_E   = +1.1299 (66.3%)
 train    L_E_charge = +0.0000 (0.0%)
 train    L_E_cond = +0.6313 (37.0%)
 train    L_E_cluster = +0.4986 (29.2%)
 train    L_E_w_photon   = +0.0000 (0.0%)
 train    L_E_w_charged_hadron   = +0.0000 (0.0%)
 train    L_E_w_neutral_hadron   = +0.0000 (0.0%)
 train    L_E_w_muon     = +0.0000 (0.0%)
 train    L_E_w_electron = +0.0000 (0.0%)
learning rate :  [0.00019945246344205893, 0.0001978158526933439, 0.00019510809880370062, 0.00019135886849137794, 0.00018660923910825467, 0.000180911248587776, 0.00017432732530646558, 0.00016692960410556788, 0.0001587991359666327, 0.000150025, 0.00014070332747542625, 0.000130936248587776, 0.00012083077349723503, 0.00011049761990360197, 0.00010005, 8.960238009639805e-05, 7.926922650276498e-05, 6.916375141222402e-05, 5.939667252457379e-05, 5.0075000000000025e-05, 4.130086403336732e-05, 3.3170395894432155e-05, 2.5772674693534433e-05, 1.9188751412224014e-05]
train loss :  2.7052693367004395
[rank 0] epoch=23 valid_batch=500/1563
[rank 0] epoch=23 valid_batch=1000/1563
[rank 0] epoch=23 valid_batch=1500/1563
[rank 0] epoch=23 valid_batch=2000/1563
[rank 0] epoch=23 valid_batch=2500/1563
[rank 0] epoch=23 valid_batch=3000/1563
test   L_V                   = +12.8736 (89.0%)
    L_V_attractive      = +12.6288 (87.3%)
      L_V_attractive_charged      = +6.0210 (41.6%)
      L_V_attractive_neutral      = +6.6078 (45.7%)
    L_V_repulsive       = +0.2448 (1.7%)
      L_V_repulsive_charged       = +0.1068 (0.7%)
      L_V_repulsive_neutral       = +0.1380 (1.0%)
    L_charged_cluster   = +0.0000 (0.0%)
  L_beta              = +0.1933 (1.3%)
    L_beta_noise        = +0.0000 (0.0%)
    L_beta_sig          = -0.3871 (-2.7%)
    L_beta_suppress     = +0.0000 (0.0%)
    L_beta_track        = +0.5804 (4.0%)
      L_beta_norms_term   = -0.4791 (-3.3%)
      L_beta_logbeta_term = +0.0920 (0.6%)
  L_E   = +1.3967 (9.7%)
    L_E_charge = +0.0000 (0.0%)
    L_E_cond = +0.9015 (6.2%)
    L_E_cluster = +0.4952 (3.4%)
    L_E_w_photon   = +0.0000 (0.0%)
    L_E_w_charged_hadron   = +0.0000 (0.0%)
    L_E_w_neutral_hadron   = +0.0000 (0.0%)
    L_E_w_muon     = +0.0000 (0.0%)
    L_E_w_electron = +0.0000 (0.0%)
Returning 15.463598251342773
[rank 0] epoch=24 train_batch=500/12500 loss=2.651602
[rank 0] epoch=24 train_batch=1000/12500 loss=2.591318
[rank 0] epoch=24 train_batch=1500/12500 loss=2.674007
[rank 0] epoch=24 train_batch=2000/12500 loss=2.667246
[rank 0] epoch=24 train_batch=2500/12500 loss=2.653679
[rank 0] epoch=24 train_batch=3000/12500 loss=2.710582
[rank 0] epoch=24 train_batch=3500/12500 loss=2.870717
[rank 0] epoch=24 train_batch=4000/12500 loss=2.603316
[rank 0] epoch=24 train_batch=4500/12500 loss=2.778432
[rank 0] epoch=24 train_batch=5000/12500 loss=2.698205
[rank 0] epoch=24 train_batch=5500/12500 loss=2.752439
[rank 0] epoch=24 train_batch=6000/12500 loss=2.686987
[rank 0] epoch=24 train_batch=6500/12500 loss=2.533477
[rank 0] epoch=24 train_batch=7000/12500 loss=2.699376
[rank 0] epoch=24 train_batch=7500/12500 loss=2.585658
[rank 0] epoch=24 train_batch=8000/12500 loss=2.650884
[rank 0] epoch=24 train_batch=8500/12500 loss=2.738239
[rank 0] epoch=24 train_batch=9000/12500 loss=2.579176
[rank 0] epoch=24 train_batch=9500/12500 loss=2.848105
[rank 0] epoch=24 train_batch=10000/12500 loss=2.816690
[rank 0] epoch=24 train_batch=10500/12500 loss=2.693172
[rank 0] epoch=24 train_batch=11000/12500 loss=2.680202
[rank 0] epoch=24 train_batch=11500/12500 loss=2.700942
[rank 0] epoch=24 train_batch=12000/12500 loss=2.770466
[rank 0] epoch=24 train_batch=12500/12500 loss=2.713886
[rank 0] epoch=24 train_batch=13000/12500 loss=2.635681
[rank 0] epoch=24 train_batch=13500/12500 loss=2.835468
[rank 0] epoch=24 train_batch=14000/12500 loss=2.803681
[rank 0] epoch=24 train_batch=14500/12500 loss=2.783217
[rank 0] epoch=24 train_batch=15000/12500 loss=2.699840
[rank 0] epoch=24 train_batch=15500/12500 loss=2.692088
[rank 0] epoch=24 train_batch=16000/12500 loss=2.556158
[rank 0] epoch=24 train_batch=16500/12500 loss=2.689854
[rank 0] epoch=24 train_batch=17000/12500 loss=2.554160
[rank 0] epoch=24 train_batch=17500/12500 loss=2.622461
[rank 0] epoch=24 train_batch=18000/12500 loss=2.889410
[rank 0] epoch=24 train_batch=18500/12500 loss=2.639115
[rank 0] epoch=24 train_batch=19000/12500 loss=2.730564
[rank 0] epoch=24 train_batch=19500/12500 loss=2.740876
[rank 0] epoch=24 train_batch=20000/12500 loss=2.534897
[rank 0] epoch=24 train_batch=20500/12500 loss=2.760760
[rank 0] epoch=24 train_batch=21000/12500 loss=2.639469
[rank 0] epoch=24 train_batch=21500/12500 loss=2.656225
[rank 0] epoch=24 train_batch=22000/12500 loss=2.541417
[rank 0] epoch=24 train_batch=22500/12500 loss=2.796189
[rank 0] epoch=24 train_batch=23000/12500 loss=2.719512
[rank 0] epoch=24 train_batch=23500/12500 loss=2.609688
[rank 0] epoch=24 train_batch=24000/12500 loss=2.558399
[rank 0] epoch=24 train_batch=24500/12500 loss=2.575212
[rank 0] epoch=24 train_batch=25000/12500 loss=2.599992
Training epoch 24
[3.67928807e+00 1.67644686e-01 9.34429371e+00 1.88970166e-01
 2.88323984e+00 1.28273818e-06 7.58691329e+00 3.06969475e-01
 3.48862493e+00 1.00461270e-06 1.39678560e+00 4.87467449e-01
 1.14592666e+01 4.08678136e-01 1.08257571e+00 5.80373684e-01
 6.58268158e+00 5.42106032e-01 1.49235928e+01 6.15355466e-01
 8.22707096e-01 3.82167963e-01 4.34247885e+00 6.56953477e-07
 3.70073614e+00 4.04032045e-01 2.59076776e+00 2.94565701e-06
 3.51969902e-01 2.18216042e-01 2.45815868e+00 2.22232712e-01
 4.03842918e-01 2.88337174e-01 2.68918746e+00 2.56755368e-01
 5.11474296e+00 2.21135134e-01 2.28944811e-01 2.59552852e-02
 9.43237151e-01 3.18406235e-06 9.24238375e-01 1.99486708e-02
 1.56383073e+00 6.90879830e-08 2.24852415e-01 8.43115599e-02
 1.56682420e+00 5.79622233e-02 1.56578244e-01 6.06987310e-02
 7.57487825e-01 6.37744856e-02 1.17910227e+00 2.83543325e-02
 9.06423191e-02 2.95044768e-02 2.90738091e-01 4.56509755e-08
 3.11526338e-01 1.12340468e-02 3.61972638e-01 1.29547588e-08
 5.29579306e-02 2.65982540e-02 3.75195448e-01 2.18162933e-02
 7.52385552e-02 4.29689519e-02 5.40847017e-01 3.76186129e-02
 5.98269464e-01 1.81085093e-02 6.94693021e-02 3.73978525e-02
 9.35561288e-01 2.76288228e-02 2.78172162e-01 8.05833436e-02
 1.03889759e+00 7.21597105e-02 3.24322485e-01 1.28491471e-01
 1.16599996e+00 8.14681716e-02 7.35111983e-01 2.46963332e-01
 2.23631080e+00 1.95380798e-01 2.07764375e+00 6.66361134e-01
 4.89061117e+00 4.90562123e-01 1.58650767e+01 2.12313654e+00
 3.76570578e+01 6.73331480e+00]
train  L_V                   = +0.3784 (22.3%)
 train    L_V_attractive      = +0.1240 (7.3%)
 train      L_V_attractive_charged      = +0.1113 (6.6%)
 train      L_V_attractive_neutral      = +0.0127 (0.7%)
 train    L_V_repulsive       = +0.2544 (15.0%)
 train      L_V_repulsive_charged       = +0.1116 (6.6%)
 train      L_V_repulsive_neutral       = +0.1428 (8.4%)
 train    L_charged_cluster   = +0.0000 (0.0%)
 train  L_beta              = +0.1926 (11.4%)
 train    L_beta_noise        = +0.0000 (0.0%)
 train    L_beta_sig          = -0.3876 (-22.9%)
 train    L_beta_suppress     = +0.0000 (0.0%)
 train    L_beta_track        = +0.5802 (34.3%)
 train      L_beta_norms_term   = -0.4787 (-28.3%)
 train      L_beta_logbeta_term = +0.0911 (5.4%)
 train  L_E   = +1.1223 (66.3%)
 train    L_E_charge = +0.0000 (0.0%)
 train    L_E_cond = +0.6263 (37.0%)
 train    L_E_cluster = +0.4960 (29.3%)
 train    L_E_w_photon   = +0.0000 (0.0%)
 train    L_E_w_charged_hadron   = +0.0000 (0.0%)
 train    L_E_w_neutral_hadron   = +0.0000 (0.0%)
 train    L_E_w_muon     = +0.0000 (0.0%)
 train    L_E_w_electron = +0.0000 (0.0%)
learning rate :  [0.00019945246344205893, 0.0001978158526933439, 0.00019510809880370062, 0.00019135886849137794, 0.00018660923910825467, 0.000180911248587776, 0.00017432732530646558, 0.00016692960410556788, 0.0001587991359666327, 0.000150025, 0.00014070332747542625, 0.000130936248587776, 0.00012083077349723503, 0.00011049761990360197, 0.00010005, 8.960238009639805e-05, 7.926922650276498e-05, 6.916375141222402e-05, 5.939667252457379e-05, 5.0075000000000025e-05, 4.130086403336732e-05, 3.3170395894432155e-05, 2.5772674693534433e-05, 1.9188751412224014e-05, 1.3490760891745352e-05]
train loss :  2.693274974822998
[rank 0] epoch=24 valid_batch=500/1563
[rank 0] epoch=24 valid_batch=1000/1563
[rank 0] epoch=24 valid_batch=1500/1563
[rank 0] epoch=24 valid_batch=2000/1563
[rank 0] epoch=24 valid_batch=2500/1563
[rank 0] epoch=24 valid_batch=3000/1563
test   L_V                   = +30.8666 (96.2%)
    L_V_attractive      = +30.6113 (95.4%)
      L_V_attractive_charged      = +3.5950 (11.2%)
      L_V_attractive_neutral      = +27.0163 (84.2%)
    L_V_repulsive       = +0.2554 (0.8%)
      L_V_repulsive_charged       = +0.1123 (0.4%)
      L_V_repulsive_neutral       = +0.1431 (0.4%)
    L_charged_cluster   = +0.0000 (0.0%)
  L_beta              = +0.1867 (0.6%)
    L_beta_noise        = +0.0000 (0.0%)
    L_beta_sig          = -0.3930 (-1.2%)
    L_beta_suppress     = +0.0000 (0.0%)
    L_beta_track        = +0.5796 (1.8%)
      L_beta_norms_term   = -0.4839 (-1.5%)
      L_beta_logbeta_term = +0.0909 (0.3%)
  L_E   = +1.0196 (3.2%)
    L_E_charge = +0.0000 (0.0%)
    L_E_cond = +0.5313 (1.7%)
    L_E_cluster = +0.4883 (1.5%)
    L_E_w_photon   = +0.0000 (0.0%)
    L_E_w_charged_hadron   = +0.0000 (0.0%)
    L_E_w_neutral_hadron   = +0.0000 (0.0%)
    L_E_w_muon     = +0.0000 (0.0%)
    L_E_w_electron = +0.0000 (0.0%)
Returning 33.07285690307617
[rank 0] epoch=25 train_batch=500/12500 loss=2.622381
[rank 0] epoch=25 train_batch=1000/12500 loss=2.671545
[rank 0] epoch=25 train_batch=1500/12500 loss=2.669241
[rank 0] epoch=25 train_batch=2000/12500 loss=2.667926
[rank 0] epoch=25 train_batch=2500/12500 loss=2.652509
[rank 0] epoch=25 train_batch=3000/12500 loss=2.756798
[rank 0] epoch=25 train_batch=3500/12500 loss=2.759057
[rank 0] epoch=25 train_batch=4000/12500 loss=2.562813
[rank 0] epoch=25 train_batch=4500/12500 loss=2.870948
[rank 0] epoch=25 train_batch=5000/12500 loss=2.684112
[rank 0] epoch=25 train_batch=5500/12500 loss=2.694587
[rank 0] epoch=25 train_batch=6000/12500 loss=2.628080
[rank 0] epoch=25 train_batch=6500/12500 loss=2.613749
[rank 0] epoch=25 train_batch=7000/12500 loss=2.837417
[rank 0] epoch=25 train_batch=7500/12500 loss=2.885820
[rank 0] epoch=25 train_batch=8000/12500 loss=2.618783
[rank 0] epoch=25 train_batch=8500/12500 loss=2.540308
[rank 0] epoch=25 train_batch=9000/12500 loss=2.651303
[rank 0] epoch=25 train_batch=9500/12500 loss=2.758336
[rank 0] epoch=25 train_batch=10000/12500 loss=2.845006
[rank 0] epoch=25 train_batch=10500/12500 loss=2.592207
[rank 0] epoch=25 train_batch=11000/12500 loss=2.746842
[rank 0] epoch=25 train_batch=11500/12500 loss=2.775778
[rank 0] epoch=25 train_batch=12000/12500 loss=2.623295
[rank 0] epoch=25 train_batch=12500/12500 loss=2.643038
[rank 0] epoch=25 train_batch=13000/12500 loss=2.880324
[rank 0] epoch=25 train_batch=13500/12500 loss=2.788858
[rank 0] epoch=25 train_batch=14000/12500 loss=2.581693
[rank 0] epoch=25 train_batch=14500/12500 loss=2.840988
[rank 0] epoch=25 train_batch=15000/12500 loss=2.665346
[rank 0] epoch=25 train_batch=15500/12500 loss=2.834777
[rank 0] epoch=25 train_batch=16000/12500 loss=2.786366
[rank 0] epoch=25 train_batch=16500/12500 loss=2.604727
[rank 0] epoch=25 train_batch=17000/12500 loss=2.603615
[rank 0] epoch=25 train_batch=17500/12500 loss=2.576734
[rank 0] epoch=25 train_batch=18000/12500 loss=2.541861
[rank 0] epoch=25 train_batch=18500/12500 loss=2.659334
[rank 0] epoch=25 train_batch=19000/12500 loss=2.588327
[rank 0] epoch=25 train_batch=19500/12500 loss=2.614159
[rank 0] epoch=25 train_batch=20000/12500 loss=2.570458
[rank 0] epoch=25 train_batch=20500/12500 loss=2.587218
[rank 0] epoch=25 train_batch=21000/12500 loss=2.616473
[rank 0] epoch=25 train_batch=21500/12500 loss=2.826779
[rank 0] epoch=25 train_batch=22000/12500 loss=2.717021
[rank 0] epoch=25 train_batch=22500/12500 loss=2.674315
[rank 0] epoch=25 train_batch=23000/12500 loss=2.626060
[rank 0] epoch=25 train_batch=23500/12500 loss=2.745295
[rank 0] epoch=25 train_batch=24000/12500 loss=2.839865
[rank 0] epoch=25 train_batch=24500/12500 loss=2.671135
[rank 0] epoch=25 train_batch=25000/12500 loss=2.605702
Training epoch 25
[3.41344328e+00 1.70805637e-01 9.08491978e+00 1.92158670e-01
 2.50170737e+00 1.26690694e-06 7.81254434e+00 3.17225795e-01
 3.57759787e+00 1.06442700e-06 1.39462748e+00 4.49379381e-01
 1.13876232e+01 3.91191461e-01 1.05278355e+00 5.53658196e-01
 6.30557994e+00 5.19337156e-01 1.43339646e+01 6.20636655e-01
 8.14318726e-01 4.00028242e-01 3.93067394e+00 6.45886758e-07
 3.69106071e+00 4.26111974e-01 2.60221767e+00 3.10926147e-06
 3.50046570e-01 2.16388749e-01 2.43882743e+00 2.20104572e-01
 3.89782525e-01 2.77938473e-01 2.59444142e+00 2.47948546e-01
 4.90269679e+00 2.14748491e-01 2.19541758e-01 2.64226123e-02
 8.94628791e-01 3.30679031e-06 9.76861711e-01 2.00798985e-02
 1.56474592e+00 7.17000992e-08 2.29124205e-01 8.67245499e-02
 1.60803548e+00 5.86753083e-02 1.63915832e-01 6.27041573e-02
 7.95458197e-01 6.65581160e-02 1.23191898e+00 2.87575727e-02
 9.60131144e-02 3.13728413e-02 3.01986635e-01 4.64052822e-08
 3.37173368e-01 1.17520393e-02 3.89188541e-01 1.35491174e-08
 5.61668541e-02 2.79789555e-02 3.94706478e-01 2.31101339e-02
 8.05484484e-02 4.58486116e-02 5.63171548e-01 3.96805996e-02
 6.20363229e-01 1.94431102e-02 7.37835937e-02 4.05096653e-02
 9.56392439e-01 2.97098041e-02 2.89903044e-01 8.58118232e-02
 1.07549669e+00 7.47999669e-02 3.37366142e-01 1.28711786e-01
 1.18545209e+00 8.17673339e-02 7.77203967e-01 2.51288649e-01
 2.32635230e+00 1.95979863e-01 2.11636516e+00 6.60306579e-01
 4.88882197e+00 4.84390431e-01 1.55256547e+01 2.05537352e+00
 3.72796320e+01 6.64103061e+00]
train  L_V                   = +0.3770 (22.4%)
 train    L_V_attractive      = +0.1236 (7.3%)
 train      L_V_attractive_charged      = +0.1112 (6.6%)
 train      L_V_attractive_neutral      = +0.0124 (0.7%)
 train    L_V_repulsive       = +0.2534 (15.1%)
 train      L_V_repulsive_charged       = +0.1109 (6.6%)
 train      L_V_repulsive_neutral       = +0.1424 (8.5%)
 train    L_charged_cluster   = +0.0000 (0.0%)
 train  L_beta              = +0.1895 (11.3%)
 train    L_beta_noise        = +0.0000 (0.0%)
 train    L_beta_sig          = -0.3906 (-23.2%)
 train    L_beta_suppress     = +0.0000 (0.0%)
 train    L_beta_track        = +0.5801 (34.5%)
 train      L_beta_norms_term   = -0.4813 (-28.6%)
 train      L_beta_logbeta_term = +0.0907 (5.4%)
 train  L_E   = +1.1172 (66.4%)
 train    L_E_charge = +0.0000 (0.0%)
 train    L_E_cond = +0.6242 (37.1%)
 train    L_E_cluster = +0.4929 (29.3%)
 train    L_E_w_photon   = +0.0000 (0.0%)
 train    L_E_w_charged_hadron   = +0.0000 (0.0%)
 train    L_E_w_neutral_hadron   = +0.0000 (0.0%)
 train    L_E_w_muon     = +0.0000 (0.0%)
 train    L_E_w_electron = +0.0000 (0.0%)
learning rate :  [0.00019945246344205893, 0.0001978158526933439, 0.00019510809880370062, 0.00019135886849137794, 0.00018660923910825467, 0.000180911248587776, 0.00017432732530646558, 0.00016692960410556788, 0.0001587991359666327, 0.000150025, 0.00014070332747542625, 0.000130936248587776, 0.00012083077349723503, 0.00011049761990360197, 0.00010005, 8.960238009639805e-05, 7.926922650276498e-05, 6.916375141222402e-05, 5.939667252457379e-05, 5.0075000000000025e-05, 4.130086403336732e-05, 3.3170395894432155e-05, 2.5772674693534433e-05, 1.9188751412224014e-05, 1.3490760891745352e-05, 8.741131508622033e-06]
train loss :  2.6836133003234863
[rank 0] epoch=25 valid_batch=500/1563
[rank 0] epoch=25 valid_batch=1000/1563
[rank 0] epoch=25 valid_batch=1500/1563
[rank 0] epoch=25 valid_batch=2000/1563
[rank 0] epoch=25 valid_batch=2500/1563
[rank 0] epoch=25 valid_batch=3000/1563
test   L_V                   = +31.5462 (96.3%)
    L_V_attractive      = +31.3012 (95.5%)
      L_V_attractive_charged      = +5.9711 (18.2%)
      L_V_attractive_neutral      = +25.3301 (77.3%)
    L_V_repulsive       = +0.2450 (0.7%)
      L_V_repulsive_charged       = +0.1073 (0.3%)
      L_V_repulsive_neutral       = +0.1377 (0.4%)
    L_charged_cluster   = +0.0000 (0.0%)
  L_beta              = +0.1905 (0.6%)
    L_beta_noise        = +0.0000 (0.0%)
    L_beta_sig          = -0.3891 (-1.2%)
    L_beta_suppress     = +0.0000 (0.0%)
    L_beta_track        = +0.5797 (1.8%)
      L_beta_norms_term   = -0.4810 (-1.5%)
      L_beta_logbeta_term = +0.0918 (0.3%)
  L_E   = +1.0282 (3.1%)
    L_E_charge = +0.0000 (0.0%)
    L_E_cond = +0.5427 (1.7%)
    L_E_cluster = +0.4855 (1.5%)
    L_E_w_photon   = +0.0000 (0.0%)
    L_E_w_charged_hadron   = +0.0000 (0.0%)
    L_E_w_neutral_hadron   = +0.0000 (0.0%)
    L_E_w_muon     = +0.0000 (0.0%)
    L_E_w_electron = +0.0000 (0.0%)
Returning 33.76496505737305
[rank 0] epoch=26 train_batch=500/12500 loss=2.691470
[rank 0] epoch=26 train_batch=1000/12500 loss=2.655901
[rank 0] epoch=26 train_batch=1500/12500 loss=2.683053
[rank 0] epoch=26 train_batch=2000/12500 loss=2.558590
[rank 0] epoch=26 train_batch=2500/12500 loss=2.650071
[rank 0] epoch=26 train_batch=3000/12500 loss=2.562057
[rank 0] epoch=26 train_batch=3500/12500 loss=2.650826
[rank 0] epoch=26 train_batch=4000/12500 loss=2.702691
[rank 0] epoch=26 train_batch=4500/12500 loss=2.605281
[rank 0] epoch=26 train_batch=5000/12500 loss=2.642243
[rank 0] epoch=26 train_batch=5500/12500 loss=2.643169
[rank 0] epoch=26 train_batch=6000/12500 loss=2.674912
[rank 0] epoch=26 train_batch=6500/12500 loss=2.578646
[rank 0] epoch=26 train_batch=7000/12500 loss=2.700878
[rank 0] epoch=26 train_batch=7500/12500 loss=2.543093
[rank 0] epoch=26 train_batch=8000/12500 loss=2.765444
[rank 0] epoch=26 train_batch=8500/12500 loss=2.762274
[rank 0] epoch=26 train_batch=9000/12500 loss=2.685524
[rank 0] epoch=26 train_batch=9500/12500 loss=2.707913
[rank 0] epoch=26 train_batch=10000/12500 loss=2.847833
[rank 0] epoch=26 train_batch=10500/12500 loss=2.564672
[rank 0] epoch=26 train_batch=11000/12500 loss=2.692502
[rank 0] epoch=26 train_batch=11500/12500 loss=2.765185
[rank 0] epoch=26 train_batch=12000/12500 loss=2.626517
[rank 0] epoch=26 train_batch=12500/12500 loss=2.561124
[rank 0] epoch=26 train_batch=13000/12500 loss=2.705400
[rank 0] epoch=26 train_batch=13500/12500 loss=2.582967
[rank 0] epoch=26 train_batch=14000/12500 loss=2.896039
[rank 0] epoch=26 train_batch=14500/12500 loss=2.656894
[rank 0] epoch=26 train_batch=15000/12500 loss=2.642705
[rank 0] epoch=26 train_batch=15500/12500 loss=2.665279
[rank 0] epoch=26 train_batch=16000/12500 loss=2.838104
[rank 0] epoch=26 train_batch=16500/12500 loss=2.606425
[rank 0] epoch=26 train_batch=17000/12500 loss=2.659636
[rank 0] epoch=26 train_batch=17500/12500 loss=2.784048
[rank 0] epoch=26 train_batch=18000/12500 loss=2.868344
[rank 0] epoch=26 train_batch=18500/12500 loss=2.516917
[rank 0] epoch=26 train_batch=19000/12500 loss=2.657043
[rank 0] epoch=26 train_batch=19500/12500 loss=2.574391
[rank 0] epoch=26 train_batch=20000/12500 loss=2.731476
[rank 0] epoch=26 train_batch=20500/12500 loss=2.761039
[rank 0] epoch=26 train_batch=21000/12500 loss=2.804866
[rank 0] epoch=26 train_batch=21500/12500 loss=2.785885
[rank 0] epoch=26 train_batch=22000/12500 loss=2.825148
[rank 0] epoch=26 train_batch=22500/12500 loss=2.820197
[rank 0] epoch=26 train_batch=23000/12500 loss=2.616493
[rank 0] epoch=26 train_batch=23500/12500 loss=2.540378
[rank 0] epoch=26 train_batch=24000/12500 loss=2.575249
[rank 0] epoch=26 train_batch=24500/12500 loss=2.625276
[rank 0] epoch=26 train_batch=25000/12500 loss=2.785370
Training epoch 26
[3.64942192e+00 1.76672034e-01 9.52275572e+00 1.98749992e-01
 2.84185007e+00 1.41445446e-06 8.22745847e+00 3.30298857e-01
 3.75237634e+00 1.09955409e-06 1.44762950e+00 4.70352500e-01
 1.18086125e+01 4.00774076e-01 1.07202243e+00 5.70062829e-01
 6.46328751e+00 5.32837626e-01 1.46890204e+01 6.37145877e-01
 8.35592900e-01 3.97499055e-01 4.15938801e+00 6.83309043e-07
 3.75751821e+00 4.24587793e-01 2.65158916e+00 3.19883842e-06
 3.59581742e-01 2.24431363e-01 2.53942844e+00 2.28986890e-01
 4.08221344e-01 2.83996708e-01 2.72681221e+00 2.56823224e-01
 5.14100961e+00 2.16823651e-01 2.27274641e-01 2.73241824e-02
 9.30400868e-01 3.45067209e-06 1.01446143e+00 2.03442317e-02
 1.59381025e+00 7.39642814e-08 2.36924454e-01 8.91085879e-02
 1.65662801e+00 6.01236018e-02 1.71385866e-01 6.42350670e-02
 8.27254660e-01 6.87890379e-02 1.27958200e+00 2.94931066e-02
 9.91792293e-02 3.34889948e-02 3.14188732e-01 4.73865084e-08
 3.56792738e-01 1.24809887e-02 4.15469556e-01 1.42550813e-08
 5.94849037e-02 2.93356445e-02 4.12951266e-01 2.43580627e-02
 8.42201462e-02 4.88281717e-02 5.81169984e-01 4.18177376e-02
 6.36507543e-01 2.04182318e-02 7.62925722e-02 4.34841067e-02
 9.77587871e-01 3.17750602e-02 3.03489351e-01 9.19088056e-02
 1.11294570e+00 7.75225277e-02 3.38942403e-01 1.26759864e-01
 1.19560137e+00 8.03527065e-02 8.03318506e-01 2.57750435e-01
 2.39268022e+00 1.97198334e-01 2.14192833e+00 6.46330977e-01
 4.86940160e+00 4.74265288e-01 1.51283410e+01 1.96780198e+00
 3.68117469e+01 6.51544517e+00]
train  L_V                   = +0.3764 (22.4%)
 train    L_V_attractive      = +0.1233 (7.4%)
 train      L_V_attractive_charged      = +0.1110 (6.6%)
 train      L_V_attractive_neutral      = +0.0123 (0.7%)
 train    L_V_repulsive       = +0.2531 (15.1%)
 train      L_V_repulsive_charged       = +0.1108 (6.6%)
 train      L_V_repulsive_neutral       = +0.1422 (8.5%)
 train    L_charged_cluster   = +0.0000 (0.0%)
 train  L_beta              = +0.1880 (11.2%)
 train    L_beta_noise        = +0.0000 (0.0%)
 train    L_beta_sig          = -0.3920 (-23.4%)
 train    L_beta_suppress     = +0.0000 (0.0%)
 train    L_beta_track        = +0.5800 (34.6%)
 train      L_beta_norms_term   = -0.4826 (-28.8%)
 train      L_beta_logbeta_term = +0.0906 (5.4%)
 train  L_E   = +1.1133 (66.4%)
 train    L_E_charge = +0.0000 (0.0%)
 train    L_E_cond = +0.6217 (37.1%)
 train    L_E_cluster = +0.4916 (29.3%)
 train    L_E_w_photon   = +0.0000 (0.0%)
 train    L_E_w_charged_hadron   = +0.0000 (0.0%)
 train    L_E_w_neutral_hadron   = +0.0000 (0.0%)
 train    L_E_w_muon     = +0.0000 (0.0%)
 train    L_E_w_electron = +0.0000 (0.0%)
learning rate :  [0.00019945246344205893, 0.0001978158526933439, 0.00019510809880370062, 0.00019135886849137794, 0.00018660923910825467, 0.000180911248587776, 0.00017432732530646558, 0.00016692960410556788, 0.0001587991359666327, 0.000150025, 0.00014070332747542625, 0.000130936248587776, 0.00012083077349723503, 0.00011049761990360197, 0.00010005, 8.960238009639805e-05, 7.926922650276498e-05, 6.916375141222402e-05, 5.939667252457379e-05, 5.0075000000000025e-05, 4.130086403336732e-05, 3.3170395894432155e-05, 2.5772674693534433e-05, 1.9188751412224014e-05, 1.3490760891745352e-05, 8.741131508622033e-06, 4.991901196299404e-06]
train loss :  2.677657127380371
[rank 0] epoch=26 valid_batch=500/1563
[rank 0] epoch=26 valid_batch=1000/1563
[rank 0] epoch=26 valid_batch=1500/1563
[rank 0] epoch=26 valid_batch=2000/1563
[rank 0] epoch=26 valid_batch=2500/1563
[rank 0] epoch=26 valid_batch=3000/1563
test   L_V                   = +10.7419 (89.4%)
    L_V_attractive      = +10.4961 (87.3%)
      L_V_attractive_charged      = +1.7683 (14.7%)
      L_V_attractive_neutral      = +8.7278 (72.6%)
    L_V_repulsive       = +0.2458 (2.0%)
      L_V_repulsive_charged       = +0.1078 (0.9%)
      L_V_repulsive_neutral       = +0.1380 (1.1%)
    L_charged_cluster   = +0.0000 (0.0%)
  L_beta              = +0.1877 (1.6%)
    L_beta_noise        = +0.0000 (0.0%)
    L_beta_sig          = -0.3919 (-3.3%)
    L_beta_suppress     = +0.0000 (0.0%)
    L_beta_track        = +0.5796 (4.8%)
      L_beta_norms_term   = -0.4832 (-4.0%)
      L_beta_logbeta_term = +0.0913 (0.8%)
  L_E   = +1.0905 (9.1%)
    L_E_charge = +0.0000 (0.0%)
    L_E_cond = +0.6041 (5.0%)
    L_E_cluster = +0.4864 (4.0%)
    L_E_w_photon   = +0.0000 (0.0%)
    L_E_w_charged_hadron   = +0.0000 (0.0%)
    L_E_w_neutral_hadron   = +0.0000 (0.0%)
    L_E_w_muon     = +0.0000 (0.0%)
    L_E_w_electron = +0.0000 (0.0%)
Returning 13.020136833190918
[rank 0] epoch=27 train_batch=500/12500 loss=2.686058
[rank 0] epoch=27 train_batch=1000/12500 loss=2.511864
[rank 0] epoch=27 train_batch=1500/12500 loss=2.698323
[rank 0] epoch=27 train_batch=2000/12500 loss=2.638948
[rank 0] epoch=27 train_batch=2500/12500 loss=2.611258
[rank 0] epoch=27 train_batch=3000/12500 loss=2.742821
[rank 0] epoch=27 train_batch=3500/12500 loss=2.590032
[rank 0] epoch=27 train_batch=4000/12500 loss=2.574445
[rank 0] epoch=27 train_batch=4500/12500 loss=2.720964
[rank 0] epoch=27 train_batch=5000/12500 loss=2.728420
[rank 0] epoch=27 train_batch=5500/12500 loss=2.741096
[rank 0] epoch=27 train_batch=6000/12500 loss=2.718091
[rank 0] epoch=27 train_batch=6500/12500 loss=2.605162
[rank 0] epoch=27 train_batch=7000/12500 loss=2.561419
[rank 0] epoch=27 train_batch=7500/12500 loss=2.531699
[rank 0] epoch=27 train_batch=8000/12500 loss=2.652049
[rank 0] epoch=27 train_batch=8500/12500 loss=2.801744
[rank 0] epoch=27 train_batch=9000/12500 loss=2.617579
[rank 0] epoch=27 train_batch=9500/12500 loss=2.795399
[rank 0] epoch=27 train_batch=10000/12500 loss=2.668450
[rank 0] epoch=27 train_batch=10500/12500 loss=2.522433
[rank 0] epoch=27 train_batch=11000/12500 loss=2.720850
[rank 0] epoch=27 train_batch=11500/12500 loss=2.722484
[rank 0] epoch=27 train_batch=12000/12500 loss=2.594541
[rank 0] epoch=27 train_batch=12500/12500 loss=2.667696
[rank 0] epoch=27 train_batch=13000/12500 loss=2.735110
[rank 0] epoch=27 train_batch=13500/12500 loss=2.662531
[rank 0] epoch=27 train_batch=14000/12500 loss=2.594363
[rank 0] epoch=27 train_batch=14500/12500 loss=2.848973
[rank 0] epoch=27 train_batch=15000/12500 loss=2.579820
[rank 0] epoch=27 train_batch=15500/12500 loss=2.677598
[rank 0] epoch=27 train_batch=16000/12500 loss=2.584416
[rank 0] epoch=27 train_batch=16500/12500 loss=2.960022
[rank 0] epoch=27 train_batch=17000/12500 loss=2.581132
[rank 0] epoch=27 train_batch=17500/12500 loss=2.687529
[rank 0] epoch=27 train_batch=18000/12500 loss=2.801414
[rank 0] epoch=27 train_batch=18500/12500 loss=2.822351
[rank 0] epoch=27 train_batch=19000/12500 loss=2.665248
[rank 0] epoch=27 train_batch=19500/12500 loss=2.606537
[rank 0] epoch=27 train_batch=20000/12500 loss=2.682234
[rank 0] epoch=27 train_batch=20500/12500 loss=2.555233
[rank 0] epoch=27 train_batch=21000/12500 loss=2.765027
[rank 0] epoch=27 train_batch=21500/12500 loss=2.516781
[rank 0] epoch=27 train_batch=22000/12500 loss=2.615215
[rank 0] epoch=27 train_batch=22500/12500 loss=2.950622
[rank 0] epoch=27 train_batch=23000/12500 loss=2.744423
[rank 0] epoch=27 train_batch=23500/12500 loss=2.598722
[rank 0] epoch=27 train_batch=24000/12500 loss=2.760968
[rank 0] epoch=27 train_batch=24500/12500 loss=2.763216
[rank 0] epoch=27 train_batch=25000/12500 loss=2.453893
Training epoch 27
[3.71746080e+00 1.78657625e-01 9.60136457e+00 2.00801720e-01
 2.99721425e+00 1.48009172e-06 8.40557804e+00 3.34332463e-01
 3.82146528e+00 1.11870563e-06 1.46981440e+00 4.72072517e-01
 1.20052163e+01 4.02427616e-01 1.08504929e+00 5.68036254e-01
 6.50537125e+00 5.32978526e-01 1.46823651e+01 6.29791028e-01
 8.40225759e-01 3.95238299e-01 4.27267550e+00 6.76670938e-07
 3.76812624e+00 4.21006201e-01 2.60901009e+00 3.14519108e-06
 3.56622336e-01 2.23654221e-01 2.54138767e+00 2.28637260e-01
 4.08377827e-01 2.81836288e-01 2.73502765e+00 2.56154308e-01
 5.12220156e+00 2.09707636e-01 2.25379174e-01 2.74714862e-02
 9.20649410e-01 3.34807597e-06 1.01903139e+00 1.97665690e-02
 1.58852203e+00 7.21037574e-08 2.35874679e-01 8.73857629e-02
 1.65890312e+00 5.94028038e-02 1.71537831e-01 6.49261371e-02
 8.41522594e-01 7.02008888e-02 1.30982418e+00 3.11114508e-02
 1.03029539e-01 3.54904742e-02 3.23455218e-01 4.77739673e-08
 3.75357392e-01 1.28859932e-02 4.34643379e-01 1.46346214e-08
 6.16190929e-02 2.99812031e-02 4.25304403e-01 2.49656629e-02
 8.67272173e-02 5.08692608e-02 5.92951471e-01 4.32674020e-02
 6.48683883e-01 2.11781422e-02 7.93140994e-02 4.69114371e-02
 9.98298441e-01 3.41433107e-02 3.16681723e-01 9.76782470e-02
 1.15348333e+00 8.04133330e-02 3.45976232e-01 1.25938141e-01
 1.21603157e+00 7.96077810e-02 8.33628123e-01 2.60302453e-01
 2.46372479e+00 1.97319659e-01 2.16509869e+00 6.35270533e-01
 4.85054171e+00 4.65820517e-01 1.47490817e+01 1.89361836e+00
 3.63647024e+01 6.38595322e+00]
train  L_V                   = +0.3759 (22.4%)
 train    L_V_attractive      = +0.1233 (7.4%)
 train      L_V_attractive_charged      = +0.1109 (6.6%)
 train      L_V_attractive_neutral      = +0.0124 (0.7%)
 train    L_V_repulsive       = +0.2526 (15.1%)
 train      L_V_repulsive_charged       = +0.1107 (6.6%)
 train      L_V_repulsive_neutral       = +0.1419 (8.5%)
 train    L_charged_cluster   = +0.0000 (0.0%)
 train  L_beta              = +0.1874 (11.2%)
 train    L_beta_noise        = +0.0000 (0.0%)
 train    L_beta_sig          = -0.3926 (-23.4%)
 train    L_beta_suppress     = +0.0000 (0.0%)
 train    L_beta_track        = +0.5799 (34.6%)
 train      L_beta_norms_term   = -0.4830 (-28.8%)
 train      L_beta_logbeta_term = +0.0905 (5.4%)
 train  L_E   = +1.1112 (66.4%)
 train    L_E_charge = +0.0000 (0.0%)
 train    L_E_cond = +0.6207 (37.1%)
 train    L_E_cluster = +0.4905 (29.3%)
 train    L_E_w_photon   = +0.0000 (0.0%)
 train    L_E_w_charged_hadron   = +0.0000 (0.0%)
 train    L_E_w_neutral_hadron   = +0.0000 (0.0%)
 train    L_E_w_muon     = +0.0000 (0.0%)
 train    L_E_w_electron = +0.0000 (0.0%)
learning rate :  [0.00019945246344205893, 0.0001978158526933439, 0.00019510809880370062, 0.00019135886849137794, 0.00018660923910825467, 0.000180911248587776, 0.00017432732530646558, 0.00016692960410556788, 0.0001587991359666327, 0.000150025, 0.00014070332747542625, 0.000130936248587776, 0.00012083077349723503, 0.00011049761990360197, 0.00010005, 8.960238009639805e-05, 7.926922650276498e-05, 6.916375141222402e-05, 5.939667252457379e-05, 5.0075000000000025e-05, 4.130086403336732e-05, 3.3170395894432155e-05, 2.5772674693534433e-05, 1.9188751412224014e-05, 1.3490760891745352e-05, 8.741131508622033e-06, 4.991901196299404e-06, 2.284147306656121e-06]
train loss :  2.6744461059570312
[rank 0] epoch=27 valid_batch=500/1563
[rank 0] epoch=27 valid_batch=1000/1563
[rank 0] epoch=27 valid_batch=1500/1563
[rank 0] epoch=27 valid_batch=2000/1563
[rank 0] epoch=27 valid_batch=2500/1563
[rank 0] epoch=27 valid_batch=3000/1563
test   L_V                   = +21.8181 (94.5%)
    L_V_attractive      = +21.5732 (93.5%)
      L_V_attractive_charged      = +2.4690 (10.7%)
      L_V_attractive_neutral      = +19.1042 (82.8%)
    L_V_repulsive       = +0.2449 (1.1%)
      L_V_repulsive_charged       = +0.1073 (0.5%)
      L_V_repulsive_neutral       = +0.1376 (0.6%)
    L_charged_cluster   = +0.0000 (0.0%)
  L_beta              = +0.1883 (0.8%)
    L_beta_noise        = +0.0000 (0.0%)
    L_beta_sig          = -0.3912 (-1.7%)
    L_beta_suppress     = +0.0000 (0.0%)
    L_beta_track        = +0.5795 (2.5%)
      L_beta_norms_term   = -0.4833 (-2.1%)
      L_beta_logbeta_term = +0.0921 (0.4%)
  L_E   = +1.0765 (4.7%)
    L_E_charge = +0.0000 (0.0%)
    L_E_cond = +0.5937 (2.6%)
    L_E_cluster = +0.4827 (2.1%)
    L_E_w_photon   = +0.0000 (0.0%)
    L_E_w_charged_hadron   = +0.0000 (0.0%)
    L_E_w_neutral_hadron   = +0.0000 (0.0%)
    L_E_w_muon     = +0.0000 (0.0%)
    L_E_w_electron = +0.0000 (0.0%)
Returning 24.08293342590332
[rank 0] epoch=28 train_batch=500/12500 loss=2.684563
[rank 0] epoch=28 train_batch=1000/12500 loss=2.763826
[rank 0] epoch=28 train_batch=1500/12500 loss=2.612511
[rank 0] epoch=28 train_batch=2000/12500 loss=2.722116
[rank 0] epoch=28 train_batch=2500/12500 loss=2.514787
[rank 0] epoch=28 train_batch=3000/12500 loss=2.861140
[rank 0] epoch=28 train_batch=3500/12500 loss=2.585685
[rank 0] epoch=28 train_batch=4000/12500 loss=2.761067
[rank 0] epoch=28 train_batch=4500/12500 loss=2.624259
[rank 0] epoch=28 train_batch=5000/12500 loss=2.613022
[rank 0] epoch=28 train_batch=5500/12500 loss=2.578043
[rank 0] epoch=28 train_batch=6000/12500 loss=2.857442
[rank 0] epoch=28 train_batch=6500/12500 loss=2.485005
[rank 0] epoch=28 train_batch=7000/12500 loss=2.705709
[rank 0] epoch=28 train_batch=7500/12500 loss=2.702071
[rank 0] epoch=28 train_batch=8000/12500 loss=2.552311
[rank 0] epoch=28 train_batch=8500/12500 loss=2.554061
[rank 0] epoch=28 train_batch=9000/12500 loss=2.837916
[rank 0] epoch=28 train_batch=9500/12500 loss=2.587802
[rank 0] epoch=28 train_batch=10000/12500 loss=2.721431
[rank 0] epoch=28 train_batch=10500/12500 loss=2.586620
[rank 0] epoch=28 train_batch=11000/12500 loss=2.697898
[rank 0] epoch=28 train_batch=11500/12500 loss=2.710050
[rank 0] epoch=28 train_batch=12000/12500 loss=2.619934
[rank 0] epoch=28 train_batch=12500/12500 loss=2.794383
[rank 0] epoch=28 train_batch=13000/12500 loss=2.745605
[rank 0] epoch=28 train_batch=13500/12500 loss=2.582718
[rank 0] epoch=28 train_batch=14000/12500 loss=2.787436
[rank 0] epoch=28 train_batch=14500/12500 loss=2.869671
[rank 0] epoch=28 train_batch=15000/12500 loss=2.532704
[rank 0] epoch=28 train_batch=15500/12500 loss=2.662118
[rank 0] epoch=28 train_batch=16000/12500 loss=2.758666
[rank 0] epoch=28 train_batch=16500/12500 loss=2.516656
[rank 0] epoch=28 train_batch=17000/12500 loss=2.706587
[rank 0] epoch=28 train_batch=17500/12500 loss=2.678390
[rank 0] epoch=28 train_batch=18000/12500 loss=2.414622
[rank 0] epoch=28 train_batch=18500/12500 loss=2.666435
[rank 0] epoch=28 train_batch=19000/12500 loss=2.864700
[rank 0] epoch=28 train_batch=19500/12500 loss=2.729524
[rank 0] epoch=28 train_batch=20000/12500 loss=2.534367
[rank 0] epoch=28 train_batch=20500/12500 loss=2.887377
[rank 0] epoch=28 train_batch=21000/12500 loss=2.549975
[rank 0] epoch=28 train_batch=21500/12500 loss=2.496191
[rank 0] epoch=28 train_batch=22000/12500 loss=2.562409
[rank 0] epoch=28 train_batch=22500/12500 loss=2.784153
[rank 0] epoch=28 train_batch=23000/12500 loss=2.550702
[rank 0] epoch=28 train_batch=23500/12500 loss=2.738808
[rank 0] epoch=28 train_batch=24000/12500 loss=2.829491
[rank 0] epoch=28 train_batch=24500/12500 loss=2.691322
[rank 0] epoch=28 train_batch=25000/12500 loss=2.781292
Training epoch 28
[3.74247891e+00 1.78380947e-01 9.67148022e+00 2.02168654e-01
 3.07997365e+00 1.48840825e-06 8.54796884e+00 3.37062238e-01
 3.82778393e+00 1.12725075e-06 1.46966875e+00 4.68760548e-01
 1.19775072e+01 4.01980247e-01 1.08420702e+00 5.64775947e-01
 6.48989146e+00 5.31683209e-01 1.45750017e+01 6.22310424e-01
 8.40391373e-01 3.92610198e-01 4.19110893e+00 6.79250744e-07
 3.75848816e+00 4.18792953e-01 2.60714355e+00 3.18407888e-06
 3.56065013e-01 2.23533348e-01 2.53602932e+00 2.28156378e-01
 4.06447416e-01 2.80565393e-01 2.72056017e+00 2.55288760e-01
 5.09360430e+00 2.10434502e-01 2.24475099e-01 2.80466684e-02
 9.16051658e-01 3.40320587e-06 1.02711260e+00 2.00717966e-02
 1.58986184e+00 7.26875180e-08 2.38048771e-01 8.83570023e-02
 1.67438809e+00 6.00267029e-02 1.74306199e-01 6.52218181e-02
 8.54223131e-01 7.08289145e-02 1.32462716e+00 3.15549679e-02
 1.05953882e-01 3.66918756e-02 3.26207724e-01 4.81469166e-08
 3.87275402e-01 1.30652606e-02 4.49013775e-01 1.47743906e-08
 6.38919322e-02 3.05145247e-02 4.32653309e-01 2.55298661e-02
 8.89701307e-02 5.22414782e-02 6.00820535e-01 4.41508794e-02
 6.55498695e-01 2.14858486e-02 8.17171539e-02 4.88750989e-02
 1.00690996e+00 3.54387352e-02 3.22155630e-01 1.02250143e-01
 1.17180125e+00 8.23096377e-02 3.52477867e-01 1.25537816e-01
 1.22317023e+00 7.93461022e-02 8.48941786e-01 2.62229749e-01
 2.49130596e+00 1.98097113e-01 2.18379473e+00 6.29095426e-01
 4.84747039e+00 4.61424056e-01 1.45465295e+01 1.85421151e+00
 3.61180770e+01 6.31701978e+00]
train  L_V                   = +0.3758 (22.5%)
 train    L_V_attractive      = +0.1234 (7.4%)
 train      L_V_attractive_charged      = +0.1111 (6.6%)
 train      L_V_attractive_neutral      = +0.0123 (0.7%)
 train    L_V_repulsive       = +0.2524 (15.1%)
 train      L_V_repulsive_charged       = +0.1105 (6.6%)
 train      L_V_repulsive_neutral       = +0.1419 (8.5%)
 train    L_charged_cluster   = +0.0000 (0.0%)
 train  L_beta              = +0.1866 (11.2%)
 train    L_beta_noise        = +0.0000 (0.0%)
 train    L_beta_sig          = -0.3933 (-23.5%)
 train    L_beta_suppress     = +0.0000 (0.0%)
 train    L_beta_track        = +0.5799 (34.7%)
 train      L_beta_norms_term   = -0.4837 (-28.9%)
 train      L_beta_logbeta_term = +0.0904 (5.4%)
 train  L_E   = +1.1100 (66.4%)
 train    L_E_charge = +0.0000 (0.0%)
 train    L_E_cond = +0.6203 (37.1%)
 train    L_E_cluster = +0.4897 (29.3%)
 train    L_E_w_photon   = +0.0000 (0.0%)
 train    L_E_w_charged_hadron   = +0.0000 (0.0%)
 train    L_E_w_neutral_hadron   = +0.0000 (0.0%)
 train    L_E_w_muon     = +0.0000 (0.0%)
 train    L_E_w_electron = +0.0000 (0.0%)
learning rate :  [0.00019945246344205893, 0.0001978158526933439, 0.00019510809880370062, 0.00019135886849137794, 0.00018660923910825467, 0.000180911248587776, 0.00017432732530646558, 0.00016692960410556788, 0.0001587991359666327, 0.000150025, 0.00014070332747542625, 0.000130936248587776, 0.00012083077349723503, 0.00011049761990360197, 0.00010005, 8.960238009639805e-05, 7.926922650276498e-05, 6.916375141222402e-05, 5.939667252457379e-05, 5.0075000000000025e-05, 4.130086403336732e-05, 3.3170395894432155e-05, 2.5772674693534433e-05, 1.9188751412224014e-05, 1.3490760891745352e-05, 8.741131508622033e-06, 4.991901196299404e-06, 2.284147306656121e-06, 6.475365579410847e-07]
train loss :  2.672398567199707
[rank 0] epoch=28 valid_batch=500/1563
[rank 0] epoch=28 valid_batch=1000/1563
[rank 0] epoch=28 valid_batch=1500/1563
[rank 0] epoch=28 valid_batch=2000/1563
[rank 0] epoch=28 valid_batch=2500/1563
[rank 0] epoch=28 valid_batch=3000/1563
test   L_V                   = +19.1055 (94.0%)
    L_V_attractive      = +18.8594 (92.8%)
      L_V_attractive_charged      = +2.8325 (13.9%)
      L_V_attractive_neutral      = +16.0270 (78.9%)
    L_V_repulsive       = +0.2461 (1.2%)
      L_V_repulsive_charged       = +0.1078 (0.5%)
      L_V_repulsive_neutral       = +0.1383 (0.7%)
    L_charged_cluster   = +0.0000 (0.0%)
  L_beta              = +0.1852 (0.9%)
    L_beta_noise        = +0.0000 (0.0%)
    L_beta_sig          = -0.3942 (-1.9%)
    L_beta_suppress     = +0.0000 (0.0%)
    L_beta_track        = +0.5794 (2.9%)
      L_beta_norms_term   = -0.4845 (-2.4%)
      L_beta_logbeta_term = +0.0903 (0.4%)
  L_E   = +1.0267 (5.1%)
    L_E_charge = +0.0000 (0.0%)
    L_E_cond = +0.5444 (2.7%)
    L_E_cluster = +0.4823 (2.4%)
    L_E_w_photon   = +0.0000 (0.0%)
    L_E_w_charged_hadron   = +0.0000 (0.0%)
    L_E_w_neutral_hadron   = +0.0000 (0.0%)
    L_E_w_muon     = +0.0000 (0.0%)
    L_E_w_electron = +0.0000 (0.0%)
Returning 21.31741714477539
[rank 0] epoch=29 train_batch=500/12500 loss=2.699750
[rank 0] epoch=29 train_batch=1000/12500 loss=2.743394
[rank 0] epoch=29 train_batch=1500/12500 loss=2.697747
[rank 0] epoch=29 train_batch=2000/12500 loss=2.730578
[rank 0] epoch=29 train_batch=2500/12500 loss=2.605731
[rank 0] epoch=29 train_batch=3000/12500 loss=2.599465
[rank 0] epoch=29 train_batch=3500/12500 loss=2.706471
[rank 0] epoch=29 train_batch=4000/12500 loss=2.602748
[rank 0] epoch=29 train_batch=4500/12500 loss=2.844072
[rank 0] epoch=29 train_batch=5000/12500 loss=2.627918
[rank 0] epoch=29 train_batch=5500/12500 loss=2.743024
[rank 0] epoch=29 train_batch=6000/12500 loss=2.728076
[rank 0] epoch=29 train_batch=6500/12500 loss=2.678298
[rank 0] epoch=29 train_batch=7000/12500 loss=2.645568
[rank 0] epoch=29 train_batch=7500/12500 loss=2.792599
[rank 0] epoch=29 train_batch=8000/12500 loss=2.608678
[rank 0] epoch=29 train_batch=8500/12500 loss=2.602579
[rank 0] epoch=29 train_batch=9000/12500 loss=2.521719
[rank 0] epoch=29 train_batch=9500/12500 loss=2.711771
[rank 0] epoch=29 train_batch=10000/12500 loss=2.706826
[rank 0] epoch=29 train_batch=10500/12500 loss=2.608906
[rank 0] epoch=29 train_batch=11000/12500 loss=2.651220
[rank 0] epoch=29 train_batch=11500/12500 loss=2.849463
[rank 0] epoch=29 train_batch=12000/12500 loss=2.513971
[rank 0] epoch=29 train_batch=12500/12500 loss=2.731931
[rank 0] epoch=29 train_batch=13000/12500 loss=2.723903
[rank 0] epoch=29 train_batch=13500/12500 loss=2.740160
[rank 0] epoch=29 train_batch=14000/12500 loss=2.838588
[rank 0] epoch=29 train_batch=14500/12500 loss=2.668102
[rank 0] epoch=29 train_batch=15000/12500 loss=2.791507
[rank 0] epoch=29 train_batch=15500/12500 loss=2.592224
[rank 0] epoch=29 train_batch=16000/12500 loss=2.553732
[rank 0] epoch=29 train_batch=16500/12500 loss=2.604896
[rank 0] epoch=29 train_batch=17000/12500 loss=2.792212
[rank 0] epoch=29 train_batch=17500/12500 loss=2.655596
[rank 0] epoch=29 train_batch=18000/12500 loss=2.680849
[rank 0] epoch=29 train_batch=18500/12500 loss=2.659337
[rank 0] epoch=29 train_batch=19000/12500 loss=2.810424
[rank 0] epoch=29 train_batch=19500/12500 loss=2.596362
[rank 0] epoch=29 train_batch=20000/12500 loss=2.530313
[rank 0] epoch=29 train_batch=20500/12500 loss=2.716755
[rank 0] epoch=29 train_batch=21000/12500 loss=2.610553
[rank 0] epoch=29 train_batch=21500/12500 loss=2.726686
[rank 0] epoch=29 train_batch=22000/12500 loss=2.766192
[rank 0] epoch=29 train_batch=22500/12500 loss=2.721711
[rank 0] epoch=29 train_batch=23000/12500 loss=2.762307
[rank 0] epoch=29 train_batch=23500/12500 loss=2.543861
[rank 0] epoch=29 train_batch=24000/12500 loss=2.680493
[rank 0] epoch=29 train_batch=24500/12500 loss=2.619696
[rank 0] epoch=29 train_batch=25000/12500 loss=2.946266
Training epoch 29
[3.74476895e+00 1.77323096e-01 9.61126077e+00 2.00476229e-01
 3.03664380e+00 1.48095488e-06 8.41204413e+00 3.34049004e-01
 3.78510058e+00 1.11850938e-06 1.45755985e+00 4.67773429e-01
 1.18931569e+01 4.00526479e-01 1.08091903e+00 5.61854251e-01
 6.44843402e+00 5.28240124e-01 1.45294323e+01 6.22764582e-01
 8.38755546e-01 3.90757963e-01 4.15077558e+00 6.70342153e-07
 3.72031534e+00 4.15840542e-01 2.58531806e+00 3.16533106e-06
 3.53969813e-01 2.21922836e-01 2.51596873e+00 2.26515655e-01
 4.03453409e-01 2.79307536e-01 2.70154621e+00 2.53697493e-01
 5.06312625e+00 2.08571460e-01 2.24025178e-01 2.83437237e-02
 9.15637041e-01 3.37727510e-06 1.03787920e+00 2.00478241e-02
 1.59249204e+00 7.26106175e-08 2.39441845e-01 8.69294512e-02
 1.68257235e+00 5.95298241e-02 1.73812711e-01 6.56255514e-02
 8.60685764e-01 7.15353885e-02 1.33067693e+00 3.19598180e-02
 1.07512020e-01 3.73478393e-02 3.26841889e-01 4.80457565e-08
 3.94031271e-01 1.31596429e-02 4.54461098e-01 1.49130306e-08
 6.46093228e-02 3.06813892e-02 4.36044425e-01 2.56996733e-02
 8.96987501e-02 5.28609916e-02 6.04497662e-01 4.45579464e-02
 6.59991891e-01 2.16686163e-02 8.27360479e-02 4.99593005e-02
 1.01519273e+00 3.61583545e-02 3.26519788e-01 1.03609577e-01
 1.18775712e+00 8.30434300e-02 3.53811397e-01 1.25715458e-01
 1.22554005e+00 7.94378237e-02 8.52815723e-01 2.62947738e-01
 2.50096287e+00 1.98395735e-01 2.18680418e+00 6.25686421e-01
 4.84252512e+00 4.59158746e-01 1.44585829e+01 1.83513875e+00
 3.59827298e+01 6.28466075e+00]
train  L_V                   = +0.3758 (22.5%)
 train    L_V_attractive      = +0.1234 (7.4%)
 train      L_V_attractive_charged      = +0.1111 (6.6%)
 train      L_V_attractive_neutral      = +0.0124 (0.7%)
 train    L_V_repulsive       = +0.2524 (15.1%)
 train      L_V_repulsive_charged       = +0.1105 (6.6%)
 train      L_V_repulsive_neutral       = +0.1419 (8.5%)
 train    L_charged_cluster   = +0.0000 (0.0%)
 train  L_beta              = +0.1867 (11.2%)
 train    L_beta_noise        = +0.0000 (0.0%)
 train    L_beta_sig          = -0.3932 (-23.5%)
 train    L_beta_suppress     = +0.0000 (0.0%)
 train    L_beta_track        = +0.5799 (34.7%)
 train      L_beta_norms_term   = -0.4836 (-28.9%)
 train      L_beta_logbeta_term = +0.0904 (5.4%)
 train  L_E   = +1.1091 (66.4%)
 train    L_E_charge = +0.0000 (0.0%)
 train    L_E_cond = +0.6197 (37.1%)
 train    L_E_cluster = +0.4894 (29.3%)
 train    L_E_w_photon   = +0.0000 (0.0%)
 train    L_E_w_charged_hadron   = +0.0000 (0.0%)
 train    L_E_w_neutral_hadron   = +0.0000 (0.0%)
 train    L_E_w_muon     = +0.0000 (0.0%)
 train    L_E_w_electron = +0.0000 (0.0%)
learning rate :  [0.00019945246344205893, 0.0001978158526933439, 0.00019510809880370062, 0.00019135886849137794, 0.00018660923910825467, 0.000180911248587776, 0.00017432732530646558, 0.00016692960410556788, 0.0001587991359666327, 0.000150025, 0.00014070332747542625, 0.000130936248587776, 0.00012083077349723503, 0.00011049761990360197, 0.00010005, 8.960238009639805e-05, 7.926922650276498e-05, 6.916375141222402e-05, 5.939667252457379e-05, 5.0075000000000025e-05, 4.130086403336732e-05, 3.3170395894432155e-05, 2.5772674693534433e-05, 1.9188751412224014e-05, 1.3490760891745352e-05, 8.741131508622033e-06, 4.991901196299404e-06, 2.284147306656121e-06, 6.475365579410847e-07, 1e-07]
train loss :  2.671546220779419
[rank 0] epoch=29 valid_batch=500/1563
[rank 0] epoch=29 valid_batch=1000/1563
[rank 0] epoch=29 valid_batch=1500/1563
[rank 0] epoch=29 valid_batch=2000/1563
[rank 0] epoch=29 valid_batch=2500/1563
[rank 0] epoch=29 valid_batch=3000/1563
test   L_V                   = +15.1784 (92.7%)
    L_V_attractive      = +14.9215 (91.1%)
      L_V_attractive_charged      = +2.9148 (17.8%)
      L_V_attractive_neutral      = +12.0067 (73.3%)
    L_V_repulsive       = +0.2569 (1.6%)
      L_V_repulsive_charged       = +0.1129 (0.7%)
      L_V_repulsive_neutral       = +0.1441 (0.9%)
    L_charged_cluster   = +0.0000 (0.0%)
  L_beta              = +0.1800 (1.1%)
    L_beta_noise        = +0.0000 (0.0%)
    L_beta_sig          = -0.3993 (-2.4%)
    L_beta_suppress     = +0.0000 (0.0%)
    L_beta_track        = +0.5793 (3.5%)
      L_beta_norms_term   = -0.4895 (-3.0%)
      L_beta_logbeta_term = +0.0902 (0.6%)
  L_E   = +1.0211 (6.2%)
    L_E_charge = +0.0000 (0.0%)
    L_E_cond = +0.5387 (3.3%)
    L_E_cluster = +0.4824 (2.9%)
    L_E_w_photon   = +0.0000 (0.0%)
    L_E_w_charged_hadron   = +0.0000 (0.0%)
    L_E_w_neutral_hadron   = +0.0000 (0.0%)
    L_E_w_muon     = +0.0000 (0.0%)
    L_E_w_electron = +0.0000 (0.0%)
Returning 17.3795108795166
[rank 0] epoch=30 train_batch=500/12500 loss=2.740235
[rank 0] epoch=30 train_batch=1000/12500 loss=2.754699
[rank 0] epoch=30 train_batch=1500/12500 loss=2.822758
[rank 0] epoch=30 train_batch=2000/12500 loss=2.750166
[rank 0] epoch=30 train_batch=2500/12500 loss=2.902479
[rank 0] epoch=30 train_batch=3000/12500 loss=3.019909
[rank 0] epoch=30 train_batch=3500/12500 loss=2.782255
[rank 0] epoch=30 train_batch=4000/12500 loss=2.621848
[rank 0] epoch=30 train_batch=4500/12500 loss=2.809237
[rank 0] epoch=30 train_batch=5000/12500 loss=2.853736
[rank 0] epoch=30 train_batch=5500/12500 loss=2.821874
[rank 0] epoch=30 train_batch=6000/12500 loss=2.735081
[rank 0] epoch=30 train_batch=6500/12500 loss=2.916124
[rank 0] epoch=30 train_batch=7000/12500 loss=3.100173
[rank 0] epoch=30 train_batch=7500/12500 loss=2.908975
[rank 0] epoch=30 train_batch=8000/12500 loss=2.713359
[rank 0] epoch=30 train_batch=8500/12500 loss=2.898113
[rank 0] epoch=30 train_batch=9000/12500 loss=3.022393
[rank 0] epoch=30 train_batch=9500/12500 loss=2.800378
[rank 0] epoch=30 train_batch=10000/12500 loss=2.874025
[rank 0] epoch=30 train_batch=10500/12500 loss=2.923298
[rank 0] epoch=30 train_batch=11000/12500 loss=2.808024
[rank 0] epoch=30 train_batch=11500/12500 loss=2.730243
[rank 0] epoch=30 train_batch=12000/12500 loss=2.794206
[rank 0] epoch=30 train_batch=12500/12500 loss=2.771611
[rank 0] epoch=30 train_batch=13000/12500 loss=2.818558
[rank 0] epoch=30 train_batch=13500/12500 loss=2.857598
[rank 0] epoch=30 train_batch=14000/12500 loss=2.952696
[rank 0] epoch=30 train_batch=14500/12500 loss=2.977166
[rank 0] epoch=30 train_batch=15000/12500 loss=2.919030
[rank 0] epoch=30 train_batch=15500/12500 loss=2.837643
[rank 0] epoch=30 train_batch=16000/12500 loss=2.921700
[rank 0] epoch=30 train_batch=16500/12500 loss=2.789251
[rank 0] epoch=30 train_batch=17000/12500 loss=3.014266
[rank 0] epoch=30 train_batch=17500/12500 loss=2.847723
[rank 0] epoch=30 train_batch=18000/12500 loss=2.837900
[rank 0] epoch=30 train_batch=18500/12500 loss=2.768629
[rank 0] epoch=30 train_batch=19000/12500 loss=3.006716
[rank 0] epoch=30 train_batch=19500/12500 loss=2.787739
[rank 0] epoch=30 train_batch=20000/12500 loss=2.852391
[rank 0] epoch=30 train_batch=20500/12500 loss=2.856214
[rank 0] epoch=30 train_batch=21000/12500 loss=2.794361
[rank 0] epoch=30 train_batch=21500/12500 loss=2.885179
[rank 0] epoch=30 train_batch=22000/12500 loss=2.832805
[rank 0] epoch=30 train_batch=22500/12500 loss=3.037219
[rank 0] epoch=30 train_batch=23000/12500 loss=2.893675
[rank 0] epoch=30 train_batch=23500/12500 loss=2.892246
[rank 0] epoch=30 train_batch=24000/12500 loss=2.948150
[rank 0] epoch=30 train_batch=24500/12500 loss=2.848452
[rank 0] epoch=30 train_batch=25000/12500 loss=2.976148
Training epoch 30
[4.44832407e+00 1.52619144e-01 8.51719344e+00 1.39426402e-01
 2.67447818e+00 1.06872222e-06 5.11069710e+00 2.23673217e-01
 3.34688534e+00 6.92670585e-07 1.19829804e+00 6.27659355e-01
 9.02678993e+00 4.96315900e-01 1.22972074e+00 7.74235056e-01
 7.20891349e+00 6.63515664e-01 1.64553728e+01 6.16932069e-01
 8.02342355e-01 3.41362450e-01 5.39854700e+00 8.95853907e-07
 3.04090106e+00 3.38784534e-01 2.47575939e+00 2.27050972e-06
 3.43482405e-01 2.48201820e-01 2.19478477e+00 2.05511594e-01
 3.63152931e-01 2.73721844e-01 2.35383799e+00 2.29742898e-01
 4.37661722e+00 1.79701707e-01 1.88729910e-01 1.57611307e-02
 7.72975013e-01 2.20722593e-06 6.45940029e-01 1.21647881e-02
 1.45579190e+00 5.71175776e-08 1.71848308e-01 6.22066167e-02
 1.20257506e+00 4.34663808e-02 1.15481268e-01 4.62542700e-02
 5.53712803e-01 4.50521076e-02 8.82112771e-01 2.01596633e-02
 6.34978538e-02 1.81959745e-02 2.20005041e-01 3.75311764e-08
 2.02290200e-01 8.00171786e-03 2.45721334e-01 9.72973752e-09
 3.84322474e-02 2.08854099e-02 2.70667872e-01 1.61150326e-02
 5.37472996e-02 2.94396856e-02 4.20962897e-01 2.59256456e-02
 4.69943861e-01 9.14441596e-03 4.83531468e-02 1.87827936e-02
 8.80802082e-01 1.49118314e-02 1.97100488e-01 5.95150546e-02
 8.85426986e-01 5.27285816e-02 2.01981142e-01 8.38471012e-02
 9.31558042e-01 5.15421431e-02 4.15037261e-01 1.74552933e-01
 1.58092802e+00 1.33483370e-01 1.45629599e+00 6.71896456e-01
 4.21367335e+00 4.62096446e-01 1.61167989e+01 2.26831695e+00
 4.03409056e+01 7.39447710e+00]
train  L_V                   = +0.4061 (21.7%)
 train    L_V_attractive      = +0.1288 (6.9%)
 train      L_V_attractive_charged      = +0.1151 (6.2%)
 train      L_V_attractive_neutral      = +0.0137 (0.7%)
 train    L_V_repulsive       = +0.2773 (14.8%)
 train      L_V_repulsive_charged       = +0.1235 (6.6%)
 train      L_V_repulsive_neutral       = +0.1539 (8.2%)
 train    L_charged_cluster   = +0.0000 (0.0%)
 train  L_beta              = +0.2417 (12.9%)
 train    L_beta_noise        = +0.0000 (0.0%)
 train    L_beta_sig          = -0.3413 (-18.3%)
 train    L_beta_suppress     = +0.0000 (0.0%)
 train    L_beta_track        = +0.5830 (31.2%)
 train      L_beta_norms_term   = -0.4395 (-23.5%)
 train      L_beta_logbeta_term = +0.0982 (5.3%)
 train  L_E   = +1.2210 (65.3%)
 train    L_E_charge = +0.0000 (0.0%)
 train    L_E_cond = +0.6762 (36.2%)
 train    L_E_cluster = +0.5448 (29.2%)
 train    L_E_w_photon   = +0.0000 (0.0%)
 train    L_E_w_charged_hadron   = +0.0000 (0.0%)
 train    L_E_w_neutral_hadron   = +0.0000 (0.0%)
 train    L_E_w_muon     = +0.0000 (0.0%)
 train    L_E_w_electron = +0.0000 (0.0%)
learning rate :  [0.00019945246344205893, 0.0001978158526933439, 0.00019510809880370062, 0.00019135886849137794, 0.00018660923910825467, 0.000180911248587776, 0.00017432732530646558, 0.00016692960410556788, 0.0001587991359666327, 0.000150025, 0.00014070332747542625, 0.000130936248587776, 0.00012083077349723503, 0.00011049761990360197, 0.00010005, 8.960238009639805e-05, 7.926922650276498e-05, 6.916375141222402e-05, 5.939667252457379e-05, 5.0075000000000025e-05, 4.130086403336732e-05, 3.3170395894432155e-05, 2.5772674693534433e-05, 1.9188751412224014e-05, 1.3490760891745352e-05, 8.741131508622033e-06, 4.991901196299404e-06, 2.284147306656121e-06, 6.475365579410847e-07, 1e-07, 0.0001995474186611798]
train loss :  2.868852376937866
[rank 0] epoch=30 valid_batch=500/1563
[rank 0] epoch=30 valid_batch=1000/1563
[rank 0] epoch=30 valid_batch=1500/1563
[rank 0] epoch=30 valid_batch=2000/1563
[rank 0] epoch=30 valid_batch=2500/1563
[rank 0] epoch=30 valid_batch=3000/1563
test   L_V                   = +0.3809 (13.8%)
    L_V_attractive      = +0.1269 (4.6%)
      L_V_attractive_charged      = +0.1036 (3.8%)
      L_V_attractive_neutral      = +0.0233 (0.8%)
    L_V_repulsive       = +0.2541 (9.2%)
      L_V_repulsive_charged       = +0.1149 (4.2%)
      L_V_repulsive_neutral       = +0.1391 (5.1%)
    L_charged_cluster   = +0.0000 (0.0%)
  L_beta              = +0.4024 (14.6%)
    L_beta_noise        = +0.0000 (0.0%)
    L_beta_sig          = -0.1933 (-7.0%)
    L_beta_suppress     = +0.0000 (0.0%)
    L_beta_track        = +0.5958 (21.6%)
      L_beta_norms_term   = -0.3639 (-13.2%)
      L_beta_logbeta_term = +0.1705 (6.2%)
  L_E   = +1.9706 (71.6%)
    L_E_charge = +0.0000 (0.0%)
    L_E_cond = +1.0747 (39.0%)
    L_E_cluster = +0.8959 (32.5%)
    L_E_w_photon   = +0.0000 (0.0%)
    L_E_w_charged_hadron   = +0.0000 (0.0%)
    L_E_w_neutral_hadron   = +0.0000 (0.0%)
    L_E_w_muon     = +0.0000 (0.0%)
    L_E_w_electron = +0.0000 (0.0%)
Returning 3.7539687156677246
[rank 0] epoch=31 train_batch=500/12500 loss=2.865265
[rank 0] epoch=31 train_batch=1000/12500 loss=2.841575
[rank 0] epoch=31 train_batch=1500/12500 loss=2.875284
[rank 0] epoch=31 train_batch=2000/12500 loss=2.905651
[rank 0] epoch=31 train_batch=2500/12500 loss=2.791279
[rank 0] epoch=31 train_batch=3000/12500 loss=2.966935
[rank 0] epoch=31 train_batch=3500/12500 loss=2.927637
[rank 0] epoch=31 train_batch=4000/12500 loss=3.089365
[rank 0] epoch=31 train_batch=4500/12500 loss=2.922856
[rank 0] epoch=31 train_batch=5000/12500 loss=2.932577
[rank 0] epoch=31 train_batch=5500/12500 loss=2.928802
[rank 0] epoch=31 train_batch=6000/12500 loss=2.746174
[rank 0] epoch=31 train_batch=6500/12500 loss=2.934180
[rank 0] epoch=31 train_batch=7000/12500 loss=2.963006
[rank 0] epoch=31 train_batch=7500/12500 loss=2.841825
[rank 0] epoch=31 train_batch=8000/12500 loss=2.751977
[rank 0] epoch=31 train_batch=8500/12500 loss=2.758071
[rank 0] epoch=31 train_batch=9000/12500 loss=2.773754
[rank 0] epoch=31 train_batch=9500/12500 loss=2.873683
[rank 0] epoch=31 train_batch=10000/12500 loss=2.934422
[rank 0] epoch=31 train_batch=10500/12500 loss=2.897180
[rank 0] epoch=31 train_batch=11000/12500 loss=2.762184
[rank 0] epoch=31 train_batch=11500/12500 loss=3.100771
[rank 0] epoch=31 train_batch=12000/12500 loss=2.908132
[rank 0] epoch=31 train_batch=12500/12500 loss=2.900712
[rank 0] epoch=31 train_batch=13000/12500 loss=3.079960
[rank 0] epoch=31 train_batch=13500/12500 loss=2.874409
[rank 0] epoch=31 train_batch=14000/12500 loss=3.004292
[rank 0] epoch=31 train_batch=14500/12500 loss=2.926259
[rank 0] epoch=31 train_batch=15000/12500 loss=2.992124
[rank 0] epoch=31 train_batch=15500/12500 loss=2.925706
[rank 0] epoch=31 train_batch=16000/12500 loss=2.922186
[rank 0] epoch=31 train_batch=16500/12500 loss=2.818845
[rank 0] epoch=31 train_batch=17000/12500 loss=2.796008
[rank 0] epoch=31 train_batch=17500/12500 loss=2.885798
[rank 0] epoch=31 train_batch=18000/12500 loss=2.766834
[rank 0] epoch=31 train_batch=18500/12500 loss=3.093226
[rank 0] epoch=31 train_batch=19000/12500 loss=2.902077
[rank 0] epoch=31 train_batch=19500/12500 loss=2.755482
[rank 0] epoch=31 train_batch=20000/12500 loss=3.006277
[rank 0] epoch=31 train_batch=20500/12500 loss=2.828651
[rank 0] epoch=31 train_batch=21000/12500 loss=2.840357
[rank 0] epoch=31 train_batch=21500/12500 loss=3.021813
[rank 0] epoch=31 train_batch=22000/12500 loss=2.974290
[rank 0] epoch=31 train_batch=22500/12500 loss=2.855419
[rank 0] epoch=31 train_batch=23000/12500 loss=2.800995
[rank 0] epoch=31 train_batch=23500/12500 loss=3.044317
[rank 0] epoch=31 train_batch=24000/12500 loss=2.905984
[rank 0] epoch=31 train_batch=24500/12500 loss=2.868432
[rank 0] epoch=31 train_batch=25000/12500 loss=3.182921
Training epoch 31
[6.55511061e+00 2.74613287e-01 9.21492454e+00 1.48330835e-01
 3.43226069e+00 1.59282545e-06 4.73870917e+00 2.31409827e-01
 3.75882063e+00 6.33761647e-07 1.27562593e+00 8.38943785e-01
 9.04550590e+00 6.19205040e-01 1.48677321e+00 9.49002933e-01
 8.70811069e+00 8.23936938e-01 1.89438806e+01 6.88179024e-01
 9.10601914e-01 4.51600258e-01 6.56246228e+00 1.27458376e-06
 4.24848440e+00 4.57480700e-01 2.74099114e+00 3.37481303e-06
 3.59939392e-01 2.66825382e-01 2.13246452e+00 2.00949491e-01
 3.55818888e-01 2.73002307e-01 2.21891617e+00 2.22352690e-01
 4.00620161e+00 1.75452982e-01 1.76966302e-01 1.63869239e-02
 6.99698041e-01 2.45173057e-06 6.28768925e-01 1.24001587e-02
 1.05170941e+00 5.53245287e-08 1.38915713e-01 6.34476197e-02
 9.45284735e-01 4.06010744e-02 1.13977427e-01 4.33467056e-02
 4.69435577e-01 4.12574141e-02 7.15716054e-01 1.77048680e-02
 5.84760032e-02 1.67362798e-02 1.98698241e-01 3.62148907e-08
 1.54651325e-01 5.60719271e-03 1.76512104e-01 7.40380473e-09
 2.84462959e-02 1.78101599e-02 1.91087127e-01 1.27426390e-02
 4.51140185e-02 2.46539504e-02 3.11498140e-01 2.10974858e-02
 3.66861554e-01 7.62011299e-03 4.00927133e-02 1.71168478e-02
 9.53157801e-01 1.45890421e-02 1.89692755e-01 5.65063685e-02
 8.26624552e-01 4.84838040e-02 1.77180894e-01 7.70342954e-02
 7.59803580e-01 4.32358626e-02 3.50600421e-01 1.30278312e-01
 1.32224971e+00 9.68702659e-02 1.46643000e+00 6.13015036e-01
 3.82128556e+00 3.91029521e-01 1.20751940e+01 1.70875426e+00
 3.79163159e+01 7.29546179e+00]
train  L_V                   = +0.4120 (21.8%)
 train    L_V_attractive      = +0.1308 (6.9%)
 train      L_V_attractive_charged      = +0.1162 (6.1%)
 train      L_V_attractive_neutral      = +0.0146 (0.8%)
 train    L_V_repulsive       = +0.2813 (14.9%)
 train      L_V_repulsive_charged       = +0.1274 (6.7%)
 train      L_V_repulsive_neutral       = +0.1539 (8.1%)
 train    L_charged_cluster   = +0.0000 (0.0%)
 train  L_beta              = +0.2634 (13.9%)
 train    L_beta_noise        = +0.0000 (0.0%)
 train    L_beta_sig          = -0.3208 (-17.0%)
 train    L_beta_suppress     = +0.0000 (0.0%)
 train    L_beta_track        = +0.5843 (30.9%)
 train      L_beta_norms_term   = -0.4214 (-22.3%)
 train      L_beta_logbeta_term = +0.1006 (5.3%)
 train  L_E   = +1.2142 (64.3%)
 train    L_E_charge = +0.0000 (0.0%)
 train    L_E_cond = +0.6785 (35.9%)
 train    L_E_cluster = +0.5357 (28.3%)
 train    L_E_w_photon   = +0.0000 (0.0%)
 train    L_E_w_charged_hadron   = +0.0000 (0.0%)
 train    L_E_w_neutral_hadron   = +0.0000 (0.0%)
 train    L_E_w_muon     = +0.0000 (0.0%)
 train    L_E_w_electron = +0.0000 (0.0%)
learning rate :  [0.00019945246344205893, 0.0001978158526933439, 0.00019510809880370062, 0.00019135886849137794, 0.00018660923910825467, 0.000180911248587776, 0.00017432732530646558, 0.00016692960410556788, 0.0001587991359666327, 0.000150025, 0.00014070332747542625, 0.000130936248587776, 0.00012083077349723503, 0.00011049761990360197, 0.00010005, 8.960238009639805e-05, 7.926922650276498e-05, 6.916375141222402e-05, 5.939667252457379e-05, 5.0075000000000025e-05, 4.130086403336732e-05, 3.3170395894432155e-05, 2.5772674693534433e-05, 1.9188751412224014e-05, 1.3490760891745352e-05, 8.741131508622033e-06, 4.991901196299404e-06, 2.284147306656121e-06, 6.475365579410847e-07, 1e-07, 0.0001995474186611798, 0.00019819377329140754]
train loss :  2.88962984085083
[rank 0] epoch=31 valid_batch=500/1563
[rank 0] epoch=31 valid_batch=1000/1563
[rank 0] epoch=31 valid_batch=1500/1563
[rank 0] epoch=31 valid_batch=2000/1563
[rank 0] epoch=31 valid_batch=2500/1563
[rank 0] epoch=31 valid_batch=3000/1563
test   L_V                   = +0.3989 (21.1%)
    L_V_attractive      = +0.1455 (7.7%)
      L_V_attractive_charged      = +0.1248 (6.6%)
      L_V_attractive_neutral      = +0.0207 (1.1%)
    L_V_repulsive       = +0.2534 (13.4%)
      L_V_repulsive_charged       = +0.1156 (6.1%)
      L_V_repulsive_neutral       = +0.1378 (7.3%)
    L_charged_cluster   = +0.0000 (0.0%)
  L_beta              = +0.2729 (14.4%)
    L_beta_noise        = +0.0000 (0.0%)
    L_beta_sig          = -0.3114 (-16.5%)
    L_beta_suppress     = +0.0000 (0.0%)
    L_beta_track        = +0.5843 (30.9%)
      L_beta_norms_term   = -0.4188 (-22.1%)
      L_beta_logbeta_term = +0.1074 (5.7%)
  L_E   = +1.2192 (64.5%)
    L_E_charge = +0.0000 (0.0%)
    L_E_cond = +0.6813 (36.0%)
    L_E_cluster = +0.5379 (28.4%)
    L_E_w_photon   = +0.0000 (0.0%)
    L_E_w_charged_hadron   = +0.0000 (0.0%)
    L_E_w_neutral_hadron   = +0.0000 (0.0%)
    L_E_w_muon     = +0.0000 (0.0%)
    L_E_w_electron = +0.0000 (0.0%)
Returning 2.8909406661987305
[rank 0] epoch=32 train_batch=500/12500 loss=3.013896
[rank 0] epoch=32 train_batch=1000/12500 loss=2.830753
[rank 0] epoch=32 train_batch=1500/12500 loss=2.854454
[rank 0] epoch=32 train_batch=2000/12500 loss=2.858769
[rank 0] epoch=32 train_batch=2500/12500 loss=2.759544
[rank 0] epoch=32 train_batch=3000/12500 loss=2.807060
[rank 0] epoch=32 train_batch=3500/12500 loss=2.818637
[rank 0] epoch=32 train_batch=4000/12500 loss=2.773787
[rank 0] epoch=32 train_batch=4500/12500 loss=2.788483
[rank 0] epoch=32 train_batch=5000/12500 loss=2.929734
[rank 0] epoch=32 train_batch=5500/12500 loss=2.819932
[rank 0] epoch=32 train_batch=6000/12500 loss=2.846545
[rank 0] epoch=32 train_batch=6500/12500 loss=2.691608
[rank 0] epoch=32 train_batch=7000/12500 loss=2.702019
[rank 0] epoch=32 train_batch=7500/12500 loss=2.894090
[rank 0] epoch=32 train_batch=8000/12500 loss=2.707747
[rank 0] epoch=32 train_batch=8500/12500 loss=2.720315
[rank 0] epoch=32 train_batch=9000/12500 loss=3.005354
[rank 0] epoch=32 train_batch=9500/12500 loss=2.789746
[rank 0] epoch=32 train_batch=10000/12500 loss=2.773897
[rank 0] epoch=32 train_batch=10500/12500 loss=2.711394
[rank 0] epoch=32 train_batch=11000/12500 loss=2.716959
[rank 0] epoch=32 train_batch=11500/12500 loss=2.994610
[rank 0] epoch=32 train_batch=12000/12500 loss=2.793202
[rank 0] epoch=32 train_batch=12500/12500 loss=2.735631
[rank 0] epoch=32 train_batch=13000/12500 loss=2.958332
[rank 0] epoch=32 train_batch=13500/12500 loss=2.841259
[rank 0] epoch=32 train_batch=14000/12500 loss=2.702681
[rank 0] epoch=32 train_batch=14500/12500 loss=2.981699
[rank 0] epoch=32 train_batch=15000/12500 loss=2.773588
[rank 0] epoch=32 train_batch=15500/12500 loss=2.730213
[rank 0] epoch=32 train_batch=16000/12500 loss=2.771535
[rank 0] epoch=32 train_batch=16500/12500 loss=2.601446
[rank 0] epoch=32 train_batch=17000/12500 loss=2.900858
[rank 0] epoch=32 train_batch=17500/12500 loss=2.881397
[rank 0] epoch=32 train_batch=18000/12500 loss=2.918006
[rank 0] epoch=32 train_batch=18500/12500 loss=2.886932
[rank 0] epoch=32 train_batch=19000/12500 loss=2.809369
[rank 0] epoch=32 train_batch=19500/12500 loss=3.072399
[rank 0] epoch=32 train_batch=20000/12500 loss=2.820478
[rank 0] epoch=32 train_batch=20500/12500 loss=2.963783
[rank 0] epoch=32 train_batch=21000/12500 loss=2.852226
[rank 0] epoch=32 train_batch=21500/12500 loss=2.703864
[rank 0] epoch=32 train_batch=22000/12500 loss=2.900246
[rank 0] epoch=32 train_batch=22500/12500 loss=2.837699
[rank 0] epoch=32 train_batch=23000/12500 loss=2.810086
[rank 0] epoch=32 train_batch=23500/12500 loss=2.894642
[rank 0] epoch=32 train_batch=24000/12500 loss=2.803375
[rank 0] epoch=32 train_batch=24500/12500 loss=2.793894
[rank 0] epoch=32 train_batch=25000/12500 loss=2.746135
Training epoch 32
[7.36844610e+00 1.84601924e-01 8.08910751e+00 1.12496969e-01
 3.06731668e+00 1.20856044e-06 4.23627944e+00 1.90480269e-01
 3.22128729e+00 5.72416997e-07 1.32874969e+00 7.62230844e-01
 9.14469599e+00 6.61322223e-01 1.71122887e+00 1.01767534e+00
 9.11081315e+00 8.71652019e-01 1.89144810e+01 6.59513187e-01
 8.55074325e-01 3.93179116e-01 6.66997718e+00 1.28261324e-06
 4.10647148e+00 3.84735061e-01 2.43337145e+00 2.92293921e-06
 3.16880323e-01 2.27676750e-01 1.80408836e+00 1.74618046e-01
 3.16388420e-01 2.43929759e-01 1.87765472e+00 1.95485211e-01
 3.73391567e+00 1.64667732e-01 1.52760010e-01 1.52215179e-02
 5.64941211e-01 2.17706708e-06 6.11549707e-01 1.15218280e-02
 9.86464421e-01 3.98694921e-08 1.28767429e-01 5.79298753e-02
 8.91594453e-01 3.67386378e-02 1.12466044e-01 4.50318727e-02
 4.55265702e-01 4.23466587e-02 7.08255459e-01 1.66378766e-02
 6.24578832e-02 1.64399587e-02 2.35622248e-01 4.15323551e-08
 1.72503886e-01 6.85657705e-03 2.00539108e-01 9.08044514e-09
 3.12071989e-02 1.88737355e-02 2.01935477e-01 1.31287132e-02
 5.01463844e-02 2.52330636e-02 3.09715113e-01 2.07348726e-02
 3.49357644e-01 6.53697636e-03 3.98238371e-02 1.52198855e-02
 8.38147513e-01 1.29128884e-02 1.70042418e-01 5.25646135e-02
 7.31167540e-01 4.51230455e-02 1.94710953e-01 6.43170287e-02
 6.80195714e-01 3.62920612e-02 3.82200762e-01 1.05484322e-01
 1.23740207e+00 7.33620662e-02 1.51331520e+00 4.96905120e-01
 3.43825758e+00 3.11798029e-01 7.84757428e+00 1.13144947e+00
 3.37385944e+01 7.29227051e+00]
train  L_V                   = +0.4005 (21.8%)
 train    L_V_attractive      = +0.1283 (7.0%)
 train      L_V_attractive_charged      = +0.1145 (6.2%)
 train      L_V_attractive_neutral      = +0.0139 (0.8%)
 train    L_V_repulsive       = +0.2722 (14.8%)
 train      L_V_repulsive_charged       = +0.1233 (6.7%)
 train      L_V_repulsive_neutral       = +0.1489 (8.1%)
 train    L_charged_cluster   = +0.0000 (0.0%)
 train  L_beta              = +0.2438 (13.3%)
 train    L_beta_noise        = +0.0000 (0.0%)
 train    L_beta_sig          = -0.3395 (-18.5%)
 train    L_beta_suppress     = +0.0000 (0.0%)
 train    L_beta_track        = +0.5833 (31.8%)
 train      L_beta_norms_term   = -0.4375 (-23.8%)
 train      L_beta_logbeta_term = +0.0980 (5.3%)
 train  L_E   = +1.1918 (64.9%)
 train    L_E_charge = +0.0000 (0.0%)
 train    L_E_cond = +0.6692 (36.4%)
 train    L_E_cluster = +0.5226 (28.5%)
 train    L_E_w_photon   = +0.0000 (0.0%)
 train    L_E_w_charged_hadron   = +0.0000 (0.0%)
 train    L_E_w_neutral_hadron   = +0.0000 (0.0%)
 train    L_E_w_muon     = +0.0000 (0.0%)
 train    L_E_w_electron = +0.0000 (0.0%)
learning rate :  [0.00019945246344205893, 0.0001978158526933439, 0.00019510809880370062, 0.00019135886849137794, 0.00018660923910825467, 0.000180911248587776, 0.00017432732530646558, 0.00016692960410556788, 0.0001587991359666327, 0.000150025, 0.00014070332747542625, 0.000130936248587776, 0.00012083077349723503, 0.00011049761990360197, 0.00010005, 8.960238009639805e-05, 7.926922650276498e-05, 6.916375141222402e-05, 5.939667252457379e-05, 5.0075000000000025e-05, 4.130086403336732e-05, 3.3170395894432155e-05, 2.5772674693534433e-05, 1.9188751412224014e-05, 1.3490760891745352e-05, 8.741131508622033e-06, 4.991901196299404e-06, 2.284147306656121e-06, 6.475365579410847e-07, 1e-07, 0.0001995474186611798, 0.00019819377329140754, 0.00019595132271276903]
train loss :  2.836151123046875
[rank 0] epoch=32 valid_batch=500/1563
[rank 0] epoch=32 valid_batch=1000/1563
[rank 0] epoch=32 valid_batch=1500/1563
[rank 0] epoch=32 valid_batch=2000/1563
[rank 0] epoch=32 valid_batch=2500/1563
[rank 0] epoch=32 valid_batch=3000/1563
test   L_V                   = +1.5195 (52.0%)
    L_V_attractive      = +1.2200 (41.7%)
      L_V_attractive_charged      = +0.9449 (32.3%)
      L_V_attractive_neutral      = +0.2751 (9.4%)
    L_V_repulsive       = +0.2995 (10.2%)
      L_V_repulsive_charged       = +0.1342 (4.6%)
      L_V_repulsive_neutral       = +0.1653 (5.6%)
    L_charged_cluster   = +0.0000 (0.0%)
  L_beta              = +0.2208 (7.5%)
    L_beta_noise        = +0.0000 (0.0%)
    L_beta_sig          = -0.3605 (-12.3%)
    L_beta_suppress     = +0.0000 (0.0%)
    L_beta_track        = +0.5813 (19.9%)
      L_beta_norms_term   = -0.4529 (-15.5%)
      L_beta_logbeta_term = +0.0924 (3.2%)
  L_E   = +1.1845 (40.5%)
    L_E_charge = +0.0000 (0.0%)
    L_E_cond = +0.6595 (22.5%)
    L_E_cluster = +0.5250 (17.9%)
    L_E_w_photon   = +0.0000 (0.0%)
    L_E_w_charged_hadron   = +0.0000 (0.0%)
    L_E_w_neutral_hadron   = +0.0000 (0.0%)
    L_E_w_muon     = +0.0000 (0.0%)
    L_E_w_electron = +0.0000 (0.0%)
Returning 3.9248504638671875
[rank 0] epoch=33 train_batch=500/12500 loss=2.965994
[rank 0] epoch=33 train_batch=1000/12500 loss=2.892267
[rank 0] epoch=33 train_batch=1500/12500 loss=2.766978
[rank 0] epoch=33 train_batch=2000/12500 loss=2.875602
[rank 0] epoch=33 train_batch=2500/12500 loss=2.886994
[rank 0] epoch=33 train_batch=3000/12500 loss=2.834660
[rank 0] epoch=33 train_batch=3500/12500 loss=2.771566
[rank 0] epoch=33 train_batch=4000/12500 loss=2.704772
[rank 0] epoch=33 train_batch=4500/12500 loss=2.891987
[rank 0] epoch=33 train_batch=5000/12500 loss=2.618353
[rank 0] epoch=33 train_batch=5500/12500 loss=2.810065
[rank 0] epoch=33 train_batch=6000/12500 loss=2.880557
[rank 0] epoch=33 train_batch=6500/12500 loss=2.940139
[rank 0] epoch=33 train_batch=7000/12500 loss=2.940410
[rank 0] epoch=33 train_batch=7500/12500 loss=2.673787
[rank 0] epoch=33 train_batch=8000/12500 loss=2.805656
[rank 0] epoch=33 train_batch=8500/12500 loss=2.809745
[rank 0] epoch=33 train_batch=9000/12500 loss=2.700500
[rank 0] epoch=33 train_batch=9500/12500 loss=2.737547
[rank 0] epoch=33 train_batch=10000/12500 loss=2.814327
[rank 0] epoch=33 train_batch=10500/12500 loss=2.740570
[rank 0] epoch=33 train_batch=11000/12500 loss=2.716262
[rank 0] epoch=33 train_batch=11500/12500 loss=2.779255
[rank 0] epoch=33 train_batch=12000/12500 loss=2.966290
[rank 0] epoch=33 train_batch=12500/12500 loss=2.743830
[rank 0] epoch=33 train_batch=13000/12500 loss=2.744673
[rank 0] epoch=33 train_batch=13500/12500 loss=2.971773
[rank 0] epoch=33 train_batch=14000/12500 loss=2.714633
[rank 0] epoch=33 train_batch=14500/12500 loss=2.804588
[rank 0] epoch=33 train_batch=15000/12500 loss=2.801170
[rank 0] epoch=33 train_batch=15500/12500 loss=2.804184
[rank 0] epoch=33 train_batch=16000/12500 loss=2.772604
[rank 0] epoch=33 train_batch=16500/12500 loss=2.912692
[rank 0] epoch=33 train_batch=17000/12500 loss=2.868809
[rank 0] epoch=33 train_batch=17500/12500 loss=2.665379
[rank 0] epoch=33 train_batch=18000/12500 loss=2.629327
[rank 0] epoch=33 train_batch=18500/12500 loss=2.789896
[rank 0] epoch=33 train_batch=19000/12500 loss=2.815970
[rank 0] epoch=33 train_batch=19500/12500 loss=2.693509
[rank 0] epoch=33 train_batch=20000/12500 loss=2.790781
[rank 0] epoch=33 train_batch=20500/12500 loss=2.731461
[rank 0] epoch=33 train_batch=21000/12500 loss=2.832121
[rank 0] epoch=33 train_batch=21500/12500 loss=2.594715
[rank 0] epoch=33 train_batch=22000/12500 loss=3.011215
[rank 0] epoch=33 train_batch=22500/12500 loss=2.819402
[rank 0] epoch=33 train_batch=23000/12500 loss=2.782989
[rank 0] epoch=33 train_batch=23500/12500 loss=2.761008
[rank 0] epoch=33 train_batch=24000/12500 loss=2.741087
[rank 0] epoch=33 train_batch=24500/12500 loss=2.882401
[rank 0] epoch=33 train_batch=25000/12500 loss=2.724365
Training epoch 33
[7.21475800e+00 1.72013474e-01 6.94562415e+00 8.67427292e-02
 3.15091888e+00 1.16737749e-06 3.27652902e+00 1.45415919e-01
 2.80017894e+00 4.47834934e-07 1.39218664e+00 7.01683924e-01
 9.37130800e+00 6.15877253e-01 1.72137092e+00 1.04754907e+00
 8.43108620e+00 8.68269329e-01 1.85848331e+01 6.90499475e-01
 8.63065755e-01 3.75203720e-01 6.98691070e+00 1.16831897e-06
 3.63189275e+00 3.52226417e-01 2.03105540e+00 2.34066218e-06
 2.59182979e-01 1.71214107e-01 1.57946928e+00 1.44354009e-01
 2.58592842e-01 1.76878206e-01 1.38725334e+00 1.43725429e-01
 2.87520305e+00 1.34362162e-01 1.17365139e-01 1.24783235e-02
 4.08557700e-01 1.94874697e-06 5.79591324e-01 8.22877319e-03
 9.23377184e-01 2.94745312e-08 1.21497661e-01 6.20151235e-02
 8.75443665e-01 3.75718749e-02 1.28287634e-01 5.25897559e-02
 5.06044857e-01 4.94620406e-02 7.54681199e-01 1.43642406e-02
 6.68294785e-02 2.13294550e-02 2.85296668e-01 4.40714843e-08
 1.97800691e-01 1.26261207e-02 2.53372523e-01 1.09600542e-08
 3.86150060e-02 2.12418133e-02 2.39148423e-01 1.41295777e-02
 5.70457549e-02 2.73068629e-02 3.14728357e-01 2.12313151e-02
 3.41720374e-01 6.33771313e-03 4.21943433e-02 1.44382154e-02
 7.34559724e-01 1.19557333e-02 1.63508118e-01 5.57679625e-02
 6.74045838e-01 4.61992427e-02 2.01102817e-01 5.60707767e-02
 6.60301170e-01 3.16264312e-02 4.52930054e-01 9.84864989e-02
 1.28584039e+00 6.49477819e-02 1.61488312e+00 3.99336351e-01
 3.27089395e+00 2.63654307e-01 5.56266838e+00 7.53533262e-01
 3.00197098e+01 7.32776483e+00]
train  L_V                   = +0.3927 (21.9%)
 train    L_V_attractive      = +0.1265 (7.1%)
 train      L_V_attractive_charged      = +0.1129 (6.3%)
 train      L_V_attractive_neutral      = +0.0136 (0.8%)
 train    L_V_repulsive       = +0.2663 (14.8%)
 train      L_V_repulsive_charged       = +0.1210 (6.7%)
 train      L_V_repulsive_neutral       = +0.1452 (8.1%)
 train    L_charged_cluster   = +0.0000 (0.0%)
 train  L_beta              = +0.2306 (12.9%)
 train    L_beta_noise        = +0.0000 (0.0%)
 train    L_beta_sig          = -0.3522 (-19.6%)
 train    L_beta_suppress     = +0.0000 (0.0%)
 train    L_beta_track        = +0.5828 (32.5%)
 train      L_beta_norms_term   = -0.4482 (-25.0%)
 train      L_beta_logbeta_term = +0.0960 (5.4%)
 train  L_E   = +1.1698 (65.2%)
 train    L_E_charge = +0.0000 (0.0%)
 train    L_E_cond = +0.6580 (36.7%)
 train    L_E_cluster = +0.5118 (28.5%)
 train    L_E_w_photon   = +0.0000 (0.0%)
 train    L_E_w_charged_hadron   = +0.0000 (0.0%)
 train    L_E_w_neutral_hadron   = +0.0000 (0.0%)
 train    L_E_w_muon     = +0.0000 (0.0%)
 train    L_E_w_electron = +0.0000 (0.0%)
learning rate :  [0.00019945246344205893, 0.0001978158526933439, 0.00019510809880370062, 0.00019135886849137794, 0.00018660923910825467, 0.000180911248587776, 0.00017432732530646558, 0.00016692960410556788, 0.0001587991359666327, 0.000150025, 0.00014070332747542625, 0.000130936248587776, 0.00012083077349723503, 0.00011049761990360197, 0.00010005, 8.960238009639805e-05, 7.926922650276498e-05, 6.916375141222402e-05, 5.939667252457379e-05, 5.0075000000000025e-05, 4.130086403336732e-05, 3.3170395894432155e-05, 2.5772674693534433e-05, 1.9188751412224014e-05, 1.3490760891745352e-05, 8.741131508622033e-06, 4.991901196299404e-06, 2.284147306656121e-06, 6.475365579410847e-07, 1e-07, 0.0001995474186611798, 0.00019819377329140754, 0.00019595132271276903, 0.00019284037490495648]
train loss :  2.7930994033813477
[rank 0] epoch=33 valid_batch=500/1563
[rank 0] epoch=33 valid_batch=1000/1563
[rank 0] epoch=33 valid_batch=1500/1563
[rank 0] epoch=33 valid_batch=2000/1563
[rank 0] epoch=33 valid_batch=2500/1563
[rank 0] epoch=33 valid_batch=3000/1563
test   L_V                   = +1101.1820 (99.9%)
    L_V_attractive      = +1100.8584 (99.8%)
      L_V_attractive_charged      = +702.6512 (63.7%)
      L_V_attractive_neutral      = +398.1916 (36.1%)
    L_V_repulsive       = +0.3231 (0.0%)
      L_V_repulsive_charged       = +0.1451 (0.0%)
      L_V_repulsive_neutral       = +0.1780 (0.0%)
    L_charged_cluster   = +0.0000 (0.0%)
  L_beta              = +0.1869 (0.0%)
    L_beta_noise        = +0.0000 (0.0%)
    L_beta_sig          = -0.3943 (-0.0%)
    L_beta_suppress     = +0.0000 (0.0%)
    L_beta_track        = +0.5813 (0.1%)
      L_beta_norms_term   = -0.4773 (-0.0%)
      L_beta_logbeta_term = +0.0830 (0.0%)
  L_E   = +1.2773 (0.1%)
    L_E_charge = +0.0000 (0.0%)
    L_E_cond = +0.7597 (0.1%)
    L_E_cluster = +0.5175 (0.0%)
    L_E_w_photon   = +0.0000 (0.0%)
    L_E_w_charged_hadron   = +0.0000 (0.0%)
    L_E_w_neutral_hadron   = +0.0000 (0.0%)
    L_E_w_muon     = +0.0000 (0.0%)
    L_E_w_electron = +0.0000 (0.0%)
Returning 1103.6461181640625
[rank 0] epoch=34 train_batch=500/12500 loss=2.658004
[rank 0] epoch=34 train_batch=1000/12500 loss=2.777561
[rank 0] epoch=34 train_batch=1500/12500 loss=2.685322
[rank 0] epoch=34 train_batch=2000/12500 loss=2.708992
[rank 0] epoch=34 train_batch=2500/12500 loss=2.826542
[rank 0] epoch=34 train_batch=3000/12500 loss=2.713076
[rank 0] epoch=34 train_batch=3500/12500 loss=2.766920
[rank 0] epoch=34 train_batch=4000/12500 loss=2.718205
[rank 0] epoch=34 train_batch=4500/12500 loss=2.742763
[rank 0] epoch=34 train_batch=5000/12500 loss=2.669369
[rank 0] epoch=34 train_batch=5500/12500 loss=2.675942
[rank 0] epoch=34 train_batch=6000/12500 loss=2.603429
[rank 0] epoch=34 train_batch=6500/12500 loss=2.655262
[rank 0] epoch=34 train_batch=7000/12500 loss=2.731667
[rank 0] epoch=34 train_batch=7500/12500 loss=2.738116
[rank 0] epoch=34 train_batch=8000/12500 loss=2.679553
[rank 0] epoch=34 train_batch=8500/12500 loss=2.800031
[rank 0] epoch=34 train_batch=9000/12500 loss=2.786304
[rank 0] epoch=34 train_batch=9500/12500 loss=2.712605
[rank 0] epoch=34 train_batch=10000/12500 loss=2.869919
[rank 0] epoch=34 train_batch=10500/12500 loss=2.651404
[rank 0] epoch=34 train_batch=11000/12500 loss=2.788028
[rank 0] epoch=34 train_batch=11500/12500 loss=2.668480
[rank 0] epoch=34 train_batch=12000/12500 loss=2.737404
[rank 0] epoch=34 train_batch=12500/12500 loss=2.654481
[rank 0] epoch=34 train_batch=13000/12500 loss=2.830072
[rank 0] epoch=34 train_batch=13500/12500 loss=2.931289
[rank 0] epoch=34 train_batch=14000/12500 loss=2.761369
[rank 0] epoch=34 train_batch=14500/12500 loss=2.824564
[rank 0] epoch=34 train_batch=15000/12500 loss=2.612869
[rank 0] epoch=34 train_batch=15500/12500 loss=2.627666
[rank 0] epoch=34 train_batch=16000/12500 loss=2.786966
[rank 0] epoch=34 train_batch=16500/12500 loss=2.624438
[rank 0] epoch=34 train_batch=17000/12500 loss=2.656349
[rank 0] epoch=34 train_batch=17500/12500 loss=2.687446
[rank 0] epoch=34 train_batch=18000/12500 loss=2.643363
[rank 0] epoch=34 train_batch=18500/12500 loss=2.713677
[rank 0] epoch=34 train_batch=19000/12500 loss=2.580151
[rank 0] epoch=34 train_batch=19500/12500 loss=2.646641
[rank 0] epoch=34 train_batch=20000/12500 loss=2.728383
[rank 0] epoch=34 train_batch=20500/12500 loss=2.722627
[rank 0] epoch=34 train_batch=21000/12500 loss=2.608559
[rank 0] epoch=34 train_batch=21500/12500 loss=2.812497
[rank 0] epoch=34 train_batch=22000/12500 loss=2.569941
[rank 0] epoch=34 train_batch=22500/12500 loss=2.583667
[rank 0] epoch=34 train_batch=23000/12500 loss=2.611837
[rank 0] epoch=34 train_batch=23500/12500 loss=2.670969
[rank 0] epoch=34 train_batch=24000/12500 loss=2.655081
[rank 0] epoch=34 train_batch=24500/12500 loss=2.676950
[rank 0] epoch=34 train_batch=25000/12500 loss=2.731200
Training epoch 34
[4.19216135e+00 8.51618217e-02 4.23047840e+00 6.13858892e-02
 2.04243590e+00 9.14561514e-07 2.43095013e+00 1.12644964e-01
 1.89052695e+00 3.83649638e-07 8.00778313e-01 3.65854559e-01
 5.53789719e+00 3.56762796e-01 1.05632642e+00 5.85283151e-01
 4.84366800e+00 5.29885363e-01 1.16440483e+01 3.83297027e-01
 4.85599823e-01 2.78129324e-01 3.64190982e+00 6.26499927e-07
 2.54188148e+00 2.61537426e-01 1.45208177e+00 1.98690994e-06
 1.79808952e-01 1.07017723e-01 1.07706405e+00 9.53904547e-02
 1.83158820e-01 1.23404698e-01 9.38825279e-01 1.01779220e-01
 2.01562690e+00 9.31962342e-02 8.09101985e-02 1.31773132e-02
 2.67572107e-01 1.75619507e-06 5.97285286e-01 5.99355858e-03
 1.00504653e+00 2.22522685e-08 1.18016222e-01 4.72877545e-02
 8.39650702e-01 2.84660491e-02 1.26258410e-01 5.36763144e-02
 5.31495352e-01 5.18657117e-02 8.75003224e-01 1.28313486e-02
 8.38014352e-02 3.63610708e-02 4.31020935e-01 4.93911702e-08
 2.67163096e-01 2.41288640e-02 3.81936600e-01 1.51730992e-08
 5.53361577e-02 2.78222395e-02 3.40464896e-01 1.79902863e-02
 6.81371316e-02 3.22111055e-02 3.57011895e-01 2.37230894e-02
 3.64003120e-01 6.48455834e-03 4.84703801e-02 1.62544045e-02
 6.60035991e-01 1.30908178e-02 1.83893452e-01 6.36261477e-02
 7.12691183e-01 5.41780614e-02 2.52330886e-01 5.95911755e-02
 7.44653092e-01 3.18621361e-02 5.87025406e-01 1.08683488e-01
 1.49879296e+00 6.85186422e-02 1.83630528e+00 3.92723122e-01
 3.41479189e+00 2.60745613e-01 5.12393331e+00 6.29368157e-01
 2.88850345e+01 7.40853209e+00]
train  L_V                   = +0.3803 (22.2%)
 train    L_V_attractive      = +0.1231 (7.2%)
 train      L_V_attractive_charged      = +0.1108 (6.5%)
 train      L_V_attractive_neutral      = +0.0123 (0.7%)
 train    L_V_repulsive       = +0.2572 (15.0%)
 train      L_V_repulsive_charged       = +0.1163 (6.8%)
 train      L_V_repulsive_neutral       = +0.1409 (8.2%)
 train    L_charged_cluster   = +0.0000 (0.0%)
 train  L_beta              = +0.1996 (11.6%)
 train    L_beta_noise        = +0.0000 (0.0%)
 train    L_beta_sig          = -0.3821 (-22.3%)
 train    L_beta_suppress     = +0.0000 (0.0%)
 train    L_beta_track        = +0.5818 (33.9%)
 train      L_beta_norms_term   = -0.4743 (-27.6%)
 train      L_beta_logbeta_term = +0.0921 (5.4%)
 train  L_E   = +1.1356 (66.2%)
 train    L_E_charge = +0.0000 (0.0%)
 train    L_E_cond = +0.6369 (37.1%)
 train    L_E_cluster = +0.4987 (29.1%)
 train    L_E_w_photon   = +0.0000 (0.0%)
 train    L_E_w_charged_hadron   = +0.0000 (0.0%)
 train    L_E_w_neutral_hadron   = +0.0000 (0.0%)
 train    L_E_w_muon     = +0.0000 (0.0%)
 train    L_E_w_electron = +0.0000 (0.0%)
learning rate :  [0.00019945246344205893, 0.0001978158526933439, 0.00019510809880370062, 0.00019135886849137794, 0.00018660923910825467, 0.000180911248587776, 0.00017432732530646558, 0.00016692960410556788, 0.0001587991359666327, 0.000150025, 0.00014070332747542625, 0.000130936248587776, 0.00012083077349723503, 0.00011049761990360197, 0.00010005, 8.960238009639805e-05, 7.926922650276498e-05, 6.916375141222402e-05, 5.939667252457379e-05, 5.0075000000000025e-05, 4.130086403336732e-05, 3.3170395894432155e-05, 2.5772674693534433e-05, 1.9188751412224014e-05, 1.3490760891745352e-05, 8.741131508622033e-06, 4.991901196299404e-06, 2.284147306656121e-06, 6.475365579410847e-07, 1e-07, 0.0001995474186611798, 0.00019819377329140754, 0.00019595132271276903, 0.00019284037490495648, 0.00018888910309305962]
train loss :  2.7155091762542725
[rank 0] epoch=34 valid_batch=500/1563
[rank 0] epoch=34 valid_batch=1000/1563
[rank 0] epoch=34 valid_batch=1500/1563
[rank 0] epoch=34 valid_batch=2000/1563
[rank 0] epoch=34 valid_batch=2500/1563
[rank 0] epoch=34 valid_batch=3000/1563
test   L_V                   = +43.0046 (96.8%)
    L_V_attractive      = +42.7064 (96.1%)
      L_V_attractive_charged      = +25.7843 (58.0%)
      L_V_attractive_neutral      = +16.9220 (38.1%)
    L_V_repulsive       = +0.2982 (0.7%)
      L_V_repulsive_charged       = +0.1368 (0.3%)
      L_V_repulsive_neutral       = +0.1614 (0.4%)
    L_charged_cluster   = +0.0000 (0.0%)
  L_beta              = +0.1446 (0.3%)
    L_beta_noise        = +0.0000 (0.0%)
    L_beta_sig          = -0.4349 (-1.0%)
    L_beta_suppress     = +0.0000 (0.0%)
    L_beta_track        = +0.5795 (1.3%)
      L_beta_norms_term   = -0.5092 (-1.1%)
      L_beta_logbeta_term = +0.0743 (0.2%)
  L_E   = +1.2829 (2.9%)
    L_E_charge = +0.0000 (0.0%)
    L_E_cond = +0.7759 (1.7%)
    L_E_cluster = +0.5070 (1.1%)
    L_E_w_photon   = +0.0000 (0.0%)
    L_E_w_charged_hadron   = +0.0000 (0.0%)
    L_E_w_neutral_hadron   = +0.0000 (0.0%)
    L_E_w_muon     = +0.0000 (0.0%)
    L_E_w_electron = +0.0000 (0.0%)
Returning 45.43216323852539
[rank 0] epoch=35 train_batch=500/12500 loss=2.732471
[rank 0] epoch=35 train_batch=1000/12500 loss=2.567718
[rank 0] epoch=35 train_batch=1500/12500 loss=2.576614
[rank 0] epoch=35 train_batch=2000/12500 loss=2.719548
[rank 0] epoch=35 train_batch=2500/12500 loss=2.721620
[rank 0] epoch=35 train_batch=3000/12500 loss=2.748828
[rank 0] epoch=35 train_batch=3500/12500 loss=2.668501
[rank 0] epoch=35 train_batch=4000/12500 loss=2.676561
[rank 0] epoch=35 train_batch=4500/12500 loss=2.550735
[rank 0] epoch=35 train_batch=5000/12500 loss=2.689737
[rank 0] epoch=35 train_batch=5500/12500 loss=2.528040
[rank 0] epoch=35 train_batch=6000/12500 loss=2.799569
[rank 0] epoch=35 train_batch=6500/12500 loss=2.632539
[rank 0] epoch=35 train_batch=7000/12500 loss=2.493431
[rank 0] epoch=35 train_batch=7500/12500 loss=2.692114
[rank 0] epoch=35 train_batch=8000/12500 loss=2.681387
[rank 0] epoch=35 train_batch=8500/12500 loss=2.626140
[rank 0] epoch=35 train_batch=9000/12500 loss=2.727640
[rank 0] epoch=35 train_batch=9500/12500 loss=2.663083
[rank 0] epoch=35 train_batch=10000/12500 loss=2.560144
[rank 0] epoch=35 train_batch=10500/12500 loss=2.747464
[rank 0] epoch=35 train_batch=11000/12500 loss=2.760556
[rank 0] epoch=35 train_batch=11500/12500 loss=2.760758
[rank 0] epoch=35 train_batch=12000/12500 loss=2.608596
[rank 0] epoch=35 train_batch=12500/12500 loss=2.644708
[rank 0] epoch=35 train_batch=13000/12500 loss=2.631125
[rank 0] epoch=35 train_batch=13500/12500 loss=2.688896
[rank 0] epoch=35 train_batch=14000/12500 loss=2.873886
[rank 0] epoch=35 train_batch=14500/12500 loss=2.783010
[rank 0] epoch=35 train_batch=15000/12500 loss=2.784840
[rank 0] epoch=35 train_batch=15500/12500 loss=2.686239
[rank 0] epoch=35 train_batch=16000/12500 loss=2.680265
[rank 0] epoch=35 train_batch=16500/12500 loss=2.641993
[rank 0] epoch=35 train_batch=17000/12500 loss=2.734901
[rank 0] epoch=35 train_batch=17500/12500 loss=2.666792
[rank 0] epoch=35 train_batch=18000/12500 loss=2.765866
[rank 0] epoch=35 train_batch=18500/12500 loss=2.630869
[rank 0] epoch=35 train_batch=19000/12500 loss=2.732574
[rank 0] epoch=35 train_batch=19500/12500 loss=2.818572
[rank 0] epoch=35 train_batch=20000/12500 loss=2.679040
[rank 0] epoch=35 train_batch=20500/12500 loss=2.758218
[rank 0] epoch=35 train_batch=21000/12500 loss=2.655056
[rank 0] epoch=35 train_batch=21500/12500 loss=2.643465
[rank 0] epoch=35 train_batch=22000/12500 loss=2.571171
[rank 0] epoch=35 train_batch=22500/12500 loss=2.640555
[rank 0] epoch=35 train_batch=23000/12500 loss=2.731040
[rank 0] epoch=35 train_batch=23500/12500 loss=2.574237
[rank 0] epoch=35 train_batch=24000/12500 loss=2.811755
[rank 0] epoch=35 train_batch=24500/12500 loss=2.536752
[rank 0] epoch=35 train_batch=25000/12500 loss=2.688204
Training epoch 35
[2.89867950e+00 7.90431373e-02 2.92250170e+00 4.78820529e-02
 1.07853510e+00 6.73373663e-07 1.99913922e+00 9.09889294e-02
 1.48658805e+00 3.62080434e-07 5.92352623e-01 2.66831838e-01
 4.16279412e+00 2.72519119e-01 8.12426816e-01 4.36803580e-01
 3.51455006e+00 4.16203605e-01 8.96019492e+00 2.56841369e-01
 3.41895229e-01 2.03352608e-01 2.09939525e+00 4.31416681e-07
 1.84579956e+00 1.88272802e-01 1.16804889e+00 1.92686176e-06
 1.42048451e-01 7.87252131e-02 8.37183735e-01 7.41627115e-02
 1.53727024e-01 1.00709232e-01 7.61466532e-01 8.43324023e-02
 1.75194192e+00 7.89568758e-02 7.00864905e-02 1.45279925e-02
 2.24324641e-01 1.62013821e-06 6.20271203e-01 5.24290617e-03
 1.13733523e+00 2.00133198e-08 1.24603318e-01 4.78263937e-02
 8.91723235e-01 2.76411567e-02 1.38892526e-01 5.67582086e-02
 5.77844493e-01 5.52876741e-02 1.02324105e+00 1.27328123e-02
 1.08210364e-01 5.07263404e-02 5.86055803e-01 5.68063394e-08
 3.36585471e-01 3.33545200e-02 5.14179758e-01 1.99480381e-08
 7.25563717e-02 3.66035225e-02 4.41981529e-01 2.34451472e-02
 9.15748779e-02 4.34715978e-02 4.26068567e-01 2.91024301e-02
 4.12293326e-01 6.97512067e-03 6.04435611e-02 1.85021969e-02
 6.88742275e-01 1.50911254e-02 2.08632669e-01 7.20491765e-02
 7.76883636e-01 6.10980420e-02 3.50788227e-01 5.34109924e-02
 9.18519781e-01 2.85147109e-02 7.73446792e-01 1.30132457e-01
 1.84096226e+00 7.74231685e-02 2.00877675e+00 4.21499233e-01
 3.51141416e+00 2.78562511e-01 6.18252432e+00 7.32257399e-01
 3.66219482e+01 7.73336675e+00]
train  L_V                   = +0.3734 (22.6%)
 train    L_V_attractive      = +0.1230 (7.4%)
 train      L_V_attractive_charged      = +0.1116 (6.8%)
 train      L_V_attractive_neutral      = +0.0114 (0.7%)
 train    L_V_repulsive       = +0.2504 (15.2%)
 train      L_V_repulsive_charged       = +0.1137 (6.9%)
 train      L_V_repulsive_neutral       = +0.1367 (8.3%)
 train    L_charged_cluster   = +0.0000 (0.0%)
 train  L_beta              = +0.1734 (10.5%)
 train    L_beta_noise        = +0.0000 (0.0%)
 train    L_beta_sig          = -0.4072 (-24.7%)
 train    L_beta_suppress     = +0.0000 (0.0%)
 train    L_beta_track        = +0.5807 (35.2%)
 train      L_beta_norms_term   = -0.4965 (-30.1%)
 train      L_beta_logbeta_term = +0.0892 (5.4%)
 train  L_E   = +1.1050 (66.9%)
 train    L_E_charge = +0.0000 (0.0%)
 train    L_E_cond = +0.6170 (37.4%)
 train    L_E_cluster = +0.4879 (29.5%)
 train    L_E_w_photon   = +0.0000 (0.0%)
 train    L_E_w_charged_hadron   = +0.0000 (0.0%)
 train    L_E_w_neutral_hadron   = +0.0000 (0.0%)
 train    L_E_w_muon     = +0.0000 (0.0%)
 train    L_E_w_electron = +0.0000 (0.0%)
learning rate :  [0.00019945246344205893, 0.0001978158526933439, 0.00019510809880370062, 0.00019135886849137794, 0.00018660923910825467, 0.000180911248587776, 0.00017432732530646558, 0.00016692960410556788, 0.0001587991359666327, 0.000150025, 0.00014070332747542625, 0.000130936248587776, 0.00012083077349723503, 0.00011049761990360197, 0.00010005, 8.960238009639805e-05, 7.926922650276498e-05, 6.916375141222402e-05, 5.939667252457379e-05, 5.0075000000000025e-05, 4.130086403336732e-05, 3.3170395894432155e-05, 2.5772674693534433e-05, 1.9188751412224014e-05, 1.3490760891745352e-05, 8.741131508622033e-06, 4.991901196299404e-06, 2.284147306656121e-06, 6.475365579410847e-07, 1e-07, 0.0001995474186611798, 0.00019819377329140754, 0.00019595132271276903, 0.00019284037490495648, 0.00018888910309305962, 0.00018413329060647658]
train loss :  2.6517999172210693
[rank 0] epoch=35 valid_batch=500/1563
[rank 0] epoch=35 valid_batch=1000/1563
[rank 0] epoch=35 valid_batch=1500/1563
[rank 0] epoch=35 valid_batch=2000/1563
[rank 0] epoch=35 valid_batch=2500/1563
[rank 0] epoch=35 valid_batch=3000/1563
test   L_V                   = +45.9246 (97.4%)
    L_V_attractive      = +45.6751 (96.8%)
      L_V_attractive_charged      = +27.6133 (58.5%)
      L_V_attractive_neutral      = +18.0617 (38.3%)
    L_V_repulsive       = +0.2496 (0.5%)
      L_V_repulsive_charged       = +0.1149 (0.2%)
      L_V_repulsive_neutral       = +0.1347 (0.3%)
    L_charged_cluster   = +0.0000 (0.0%)
  L_beta              = +0.1638 (0.3%)
    L_beta_noise        = +0.0000 (0.0%)
    L_beta_sig          = -0.4158 (-0.9%)
    L_beta_suppress     = +0.0000 (0.0%)
    L_beta_track        = +0.5795 (1.2%)
      L_beta_norms_term   = -0.5009 (-1.1%)
      L_beta_logbeta_term = +0.0851 (0.2%)
  L_E   = +1.0834 (2.3%)
    L_E_charge = +0.0000 (0.0%)
    L_E_cond = +0.5861 (1.2%)
    L_E_cluster = +0.4973 (1.1%)
    L_E_w_photon   = +0.0000 (0.0%)
    L_E_w_charged_hadron   = +0.0000 (0.0%)
    L_E_w_neutral_hadron   = +0.0000 (0.0%)
    L_E_w_muon     = +0.0000 (0.0%)
    L_E_w_electron = +0.0000 (0.0%)
Returning 48.17180633544922
[rank 0] epoch=36 train_batch=500/12500 loss=2.574933
[rank 0] epoch=36 train_batch=1000/12500 loss=2.815225
[rank 0] epoch=36 train_batch=1500/12500 loss=2.615147
[rank 0] epoch=36 train_batch=2000/12500 loss=2.767303
[rank 0] epoch=36 train_batch=2500/12500 loss=2.653607
[rank 0] epoch=36 train_batch=3000/12500 loss=2.579532
[rank 0] epoch=36 train_batch=3500/12500 loss=2.708913
[rank 0] epoch=36 train_batch=4000/12500 loss=2.550164
[rank 0] epoch=36 train_batch=4500/12500 loss=2.685131
[rank 0] epoch=36 train_batch=5000/12500 loss=2.710386
[rank 0] epoch=36 train_batch=5500/12500 loss=2.609772
[rank 0] epoch=36 train_batch=6000/12500 loss=2.582585
[rank 0] epoch=36 train_batch=6500/12500 loss=2.566177
[rank 0] epoch=36 train_batch=7000/12500 loss=2.537503
[rank 0] epoch=36 train_batch=7500/12500 loss=2.494221
[rank 0] epoch=36 train_batch=8000/12500 loss=2.558506
[rank 0] epoch=36 train_batch=8500/12500 loss=2.687970
[rank 0] epoch=36 train_batch=9000/12500 loss=2.507390
[rank 0] epoch=36 train_batch=9500/12500 loss=2.508601
[rank 0] epoch=36 train_batch=10000/12500 loss=2.599503
[rank 0] epoch=36 train_batch=10500/12500 loss=2.395641
[rank 0] epoch=36 train_batch=11000/12500 loss=2.452196
[rank 0] epoch=36 train_batch=11500/12500 loss=2.625963
[rank 0] epoch=36 train_batch=12000/12500 loss=2.617432
[rank 0] epoch=36 train_batch=12500/12500 loss=2.437306
[rank 0] epoch=36 train_batch=13000/12500 loss=2.515939
[rank 0] epoch=36 train_batch=13500/12500 loss=2.642633
[rank 0] epoch=36 train_batch=14000/12500 loss=2.561554
[rank 0] epoch=36 train_batch=14500/12500 loss=2.523468
[rank 0] epoch=36 train_batch=15000/12500 loss=2.497513
[rank 0] epoch=36 train_batch=15500/12500 loss=2.364144
[rank 0] epoch=36 train_batch=16000/12500 loss=2.452073
[rank 0] epoch=36 train_batch=16500/12500 loss=2.470775
[rank 0] epoch=36 train_batch=17000/12500 loss=2.593722
[rank 0] epoch=36 train_batch=17500/12500 loss=2.528891
[rank 0] epoch=36 train_batch=18000/12500 loss=2.532378
[rank 0] epoch=36 train_batch=18500/12500 loss=2.498173
[rank 0] epoch=36 train_batch=19000/12500 loss=2.600633
[rank 0] epoch=36 train_batch=19500/12500 loss=2.554356
[rank 0] epoch=36 train_batch=20000/12500 loss=2.579823
[rank 0] epoch=36 train_batch=20500/12500 loss=2.477127
[rank 0] epoch=36 train_batch=21000/12500 loss=2.574085
[rank 0] epoch=36 train_batch=21500/12500 loss=2.557581
[rank 0] epoch=36 train_batch=22000/12500 loss=2.419778
[rank 0] epoch=36 train_batch=22500/12500 loss=2.465142
[rank 0] epoch=36 train_batch=23000/12500 loss=2.473622
[rank 0] epoch=36 train_batch=23500/12500 loss=2.534710
[rank 0] epoch=36 train_batch=24000/12500 loss=2.356177
[rank 0] epoch=36 train_batch=24500/12500 loss=2.555366
[rank 0] epoch=36 train_batch=25000/12500 loss=2.546796
Training epoch 36
[2.66456187e+00 9.53901032e-02 2.75278031e+00 4.58901657e-02
 1.08586275e+00 6.46819219e-07 1.85875211e+00 8.40175107e-02
 1.38029069e+00 3.06685364e-07 5.91593475e-01 2.59987128e-01
 4.06072309e+00 2.77627243e-01 8.00305482e-01 3.76227388e-01
 3.12301797e+00 3.72808565e-01 7.43169505e+00 2.09319815e-01
 3.11469746e-01 1.86781955e-01 1.82547490e+00 3.39790804e-07
 1.51886743e+00 1.70273134e-01 1.00068326e+00 1.48891876e-06
 1.21551417e-01 6.16471230e-02 6.62324931e-01 6.00246816e-02
 1.32946164e-01 8.17529626e-02 6.35861136e-01 6.98763439e-02
 1.52131833e+00 6.65270910e-02 5.82274353e-02 1.57515625e-02
 1.73542577e-01 1.24470282e-06 6.26901363e-01 4.88882055e-03
 1.09094079e+00 1.56112106e-08 1.29557378e-01 5.94413065e-02
 8.96714272e-01 3.30690842e-02 1.64765322e-01 6.56813007e-02
 6.12368713e-01 6.27134389e-02 1.19867039e+00 1.38997906e-02
 1.39668224e-01 3.45406277e-02 8.11259442e-01 5.53709192e-08
 3.65826255e-01 1.70005946e-02 5.64482836e-01 2.42501574e-08
 8.03291303e-02 4.78330879e-02 5.03714372e-01 3.11533858e-02
 1.30861135e-01 6.67321012e-02 5.39420936e-01 4.11598477e-02
 5.31327714e-01 9.60739104e-03 8.94222964e-02 2.12027048e-02
 7.89084276e-01 1.65331982e-02 2.30182180e-01 8.61974781e-02
 9.15198600e-01 7.00275643e-02 4.61749245e-01 5.95141891e-02
 1.33392289e+00 3.18178827e-02 1.08082885e+00 1.92567047e-01
 2.40277948e+00 1.09885573e-01 2.26198630e+00 5.04966552e-01
 3.66460267e+00 3.15991333e-01 6.68937745e+00 5.71426645e-01
 4.67597523e+01 8.04755840e+00]
train  L_V                   = +0.3665 (23.3%)
 train    L_V_attractive      = +0.1215 (7.7%)
 train      L_V_attractive_charged      = +0.1101 (7.0%)
 train      L_V_attractive_neutral      = +0.0114 (0.7%)
 train    L_V_repulsive       = +0.2450 (15.5%)
 train      L_V_repulsive_charged       = +0.1108 (7.0%)
 train      L_V_repulsive_neutral       = +0.1342 (8.5%)
 train    L_charged_cluster   = +0.0000 (0.0%)
 train  L_beta              = +0.1580 (10.0%)
 train    L_beta_noise        = +0.0000 (0.0%)
 train    L_beta_sig          = -0.4227 (-26.8%)
 train    L_beta_suppress     = +0.0000 (0.0%)
 train    L_beta_track        = +0.5806 (36.9%)
 train      L_beta_norms_term   = -0.5104 (-32.4%)
 train      L_beta_logbeta_term = +0.0877 (5.6%)
 train  L_E   = +1.0510 (66.7%)
 train    L_E_charge = +0.0000 (0.0%)
 train    L_E_cond = +0.6077 (38.6%)
 train    L_E_cluster = +0.4433 (28.1%)
 train    L_E_w_photon   = +0.0000 (0.0%)
 train    L_E_w_charged_hadron   = +0.0000 (0.0%)
 train    L_E_w_neutral_hadron   = +0.0000 (0.0%)
 train    L_E_w_muon     = +0.0000 (0.0%)
 train    L_E_w_electron = +0.0000 (0.0%)
learning rate :  [0.00019945246344205893, 0.0001978158526933439, 0.00019510809880370062, 0.00019135886849137794, 0.00018660923910825467, 0.000180911248587776, 0.00017432732530646558, 0.00016692960410556788, 0.0001587991359666327, 0.000150025, 0.00014070332747542625, 0.000130936248587776, 0.00012083077349723503, 0.00011049761990360197, 0.00010005, 8.960238009639805e-05, 7.926922650276498e-05, 6.916375141222402e-05, 5.939667252457379e-05, 5.0075000000000025e-05, 4.130086403336732e-05, 3.3170395894432155e-05, 2.5772674693534433e-05, 1.9188751412224014e-05, 1.3490760891745352e-05, 8.741131508622033e-06, 4.991901196299404e-06, 2.284147306656121e-06, 6.475365579410847e-07, 1e-07, 0.0001995474186611798, 0.00019819377329140754, 0.00019595132271276903, 0.00019284037490495648, 0.00018888910309305962, 0.00018413329060647658, 0.0001786160068195416]
train loss :  2.575439929962158
[rank 0] epoch=36 valid_batch=500/1563
[rank 0] epoch=36 valid_batch=1000/1563
[rank 0] epoch=36 valid_batch=1500/1563
[rank 0] epoch=36 valid_batch=2000/1563
[rank 0] epoch=36 valid_batch=2500/1563
[rank 0] epoch=36 valid_batch=3000/1563
test   L_V                   = +369.9651 (99.7%)
    L_V_attractive      = +369.7173 (99.6%)
      L_V_attractive_charged      = +181.9247 (49.0%)
      L_V_attractive_neutral      = +187.7904 (50.6%)
    L_V_repulsive       = +0.2488 (0.1%)
      L_V_repulsive_charged       = +0.1161 (0.0%)
      L_V_repulsive_neutral       = +0.1326 (0.0%)
    L_charged_cluster   = +0.0000 (0.0%)
  L_beta              = +0.1553 (0.0%)
    L_beta_noise        = +0.0000 (0.0%)
    L_beta_sig          = -0.4247 (-0.1%)
    L_beta_suppress     = +0.0000 (0.0%)
    L_beta_track        = +0.5800 (0.2%)
      L_beta_norms_term   = -0.5144 (-0.1%)
      L_beta_logbeta_term = +0.0896 (0.0%)
  L_E   = +0.9832 (0.3%)
    L_E_charge = +0.0000 (0.0%)
    L_E_cond = +0.5737 (0.2%)
    L_E_cluster = +0.4095 (0.1%)
    L_E_w_photon   = +0.0000 (0.0%)
    L_E_w_charged_hadron   = +0.0000 (0.0%)
    L_E_w_neutral_hadron   = +0.0000 (0.0%)
    L_E_w_muon     = +0.0000 (0.0%)
    L_E_w_electron = +0.0000 (0.0%)
Returning 372.1035461425781
[rank 0] epoch=37 train_batch=500/12500 loss=2.552623
[rank 0] epoch=37 train_batch=1000/12500 loss=2.492023
[rank 0] epoch=37 train_batch=1500/12500 loss=2.496984
[rank 0] epoch=37 train_batch=2000/12500 loss=2.745750
[rank 0] epoch=37 train_batch=2500/12500 loss=2.325052
[rank 0] epoch=37 train_batch=3000/12500 loss=2.504196
[rank 0] epoch=37 train_batch=3500/12500 loss=2.649638
[rank 0] epoch=37 train_batch=4000/12500 loss=2.566597
[rank 0] epoch=37 train_batch=4500/12500 loss=2.589877
[rank 0] epoch=37 train_batch=5000/12500 loss=2.535380
[rank 0] epoch=37 train_batch=5500/12500 loss=2.507028
[rank 0] epoch=37 train_batch=6000/12500 loss=2.590396
[rank 0] epoch=37 train_batch=6500/12500 loss=2.568136
[rank 0] epoch=37 train_batch=7000/12500 loss=2.753742
[rank 0] epoch=37 train_batch=7500/12500 loss=2.775509
[rank 0] epoch=37 train_batch=8000/12500 loss=2.623800
[rank 0] epoch=37 train_batch=8500/12500 loss=2.395701
[rank 0] epoch=37 train_batch=9000/12500 loss=2.594925
[rank 0] epoch=37 train_batch=9500/12500 loss=2.500933
[rank 0] epoch=37 train_batch=10000/12500 loss=2.573436
[rank 0] epoch=37 train_batch=10500/12500 loss=2.709100
[rank 0] epoch=37 train_batch=11000/12500 loss=2.548350
[rank 0] epoch=37 train_batch=11500/12500 loss=2.468243
[rank 0] epoch=37 train_batch=12000/12500 loss=2.688249
[rank 0] epoch=37 train_batch=12500/12500 loss=2.720889
[rank 0] epoch=37 train_batch=13000/12500 loss=2.744559
[rank 0] epoch=37 train_batch=13500/12500 loss=2.543438
[rank 0] epoch=37 train_batch=14000/12500 loss=2.521914
[rank 0] epoch=37 train_batch=14500/12500 loss=2.441491
[rank 0] epoch=37 train_batch=15000/12500 loss=2.540880
[rank 0] epoch=37 train_batch=15500/12500 loss=2.536563
[rank 0] epoch=37 train_batch=16000/12500 loss=2.690311
[rank 0] epoch=37 train_batch=16500/12500 loss=2.477063
[rank 0] epoch=37 train_batch=17000/12500 loss=2.512593
[rank 0] epoch=37 train_batch=17500/12500 loss=2.584608
[rank 0] epoch=37 train_batch=18000/12500 loss=2.444143
[rank 0] epoch=37 train_batch=18500/12500 loss=2.632234
[rank 0] epoch=37 train_batch=19000/12500 loss=2.500889
[rank 0] epoch=37 train_batch=19500/12500 loss=2.489797
[rank 0] epoch=37 train_batch=20000/12500 loss=2.551395
[rank 0] epoch=37 train_batch=20500/12500 loss=2.509838
[rank 0] epoch=37 train_batch=21000/12500 loss=2.487629
[rank 0] epoch=37 train_batch=21500/12500 loss=2.542896
[rank 0] epoch=37 train_batch=22000/12500 loss=2.654373
[rank 0] epoch=37 train_batch=22500/12500 loss=2.401752
[rank 0] epoch=37 train_batch=23000/12500 loss=2.549272
[rank 0] epoch=37 train_batch=23500/12500 loss=2.798540
[rank 0] epoch=37 train_batch=24000/12500 loss=2.703662
[rank 0] epoch=37 train_batch=24500/12500 loss=2.531819
[rank 0] epoch=37 train_batch=25000/12500 loss=2.749854
Training epoch 37
[1.57332755e+00 3.96511061e-02 1.90526574e+00 2.85064234e-02
 4.51019873e-01 3.62320466e-07 1.32934535e+00 5.67740751e-02
 1.03642825e+00 2.59398516e-07 5.73641155e-01 2.16795392e-01
 3.91280933e+00 2.40533080e-01 7.53761718e-01 2.93197425e-01
 2.86767914e+00 3.13133183e-01 6.46739160e+00 1.33406287e-01
 2.56904902e-01 1.42571932e-01 9.93420642e-01 2.14131364e-07
 1.03425758e+00 1.16128058e-01 8.44827662e-01 1.12551009e-06
 9.91383165e-02 4.45322447e-02 4.95829836e-01 4.40639461e-02
 1.04227979e-01 5.97799248e-02 4.80579340e-01 5.20833345e-02
 1.21922465e+00 5.14167096e-02 4.48837932e-02 2.06736214e-02
 1.18256248e-01 8.84003403e-07 6.06752760e-01 4.68485422e-03
 9.93642253e-01 1.40954328e-08 1.31212401e-01 6.74311886e-02
 8.82892110e-01 3.90118503e-02 2.07305777e-01 7.96303402e-02
 6.78524796e-01 7.85000314e-02 1.31063262e+00 1.53805634e-02
 1.61749007e-01 4.17415548e-02 8.66644862e-01 5.72667679e-08
 4.55371600e-01 2.01210216e-02 7.87608647e-01 3.80654548e-08
 9.41178860e-02 7.15322423e-02 6.02254595e-01 4.32179566e-02
 1.76579260e-01 8.71389360e-02 6.48892231e-01 5.26405587e-02
 6.42774415e-01 1.28091481e-02 1.21775638e-01 2.48777365e-02
 9.24328174e-01 1.89219940e-02 2.69507823e-01 1.22157865e-01
 1.09899364e+00 8.82626328e-02 6.12487252e-01 7.88560440e-02
 1.70806520e+00 3.91512940e-02 1.42201860e+00 2.70011927e-01
 3.10395336e+00 1.52355948e-01 2.51770377e+00 6.21978543e-01
 3.93973561e+00 3.47815816e-01 9.78784629e+00 5.71786726e-01
 5.96803810e+01 8.54789590e+00]
train  L_V                   = +0.3658 (23.5%)
 train    L_V_attractive      = +0.1239 (7.9%)
 train      L_V_attractive_charged      = +0.1127 (7.2%)
 train      L_V_attractive_neutral      = +0.0112 (0.7%)
 train    L_V_repulsive       = +0.2419 (15.5%)
 train      L_V_repulsive_charged       = +0.1093 (7.0%)
 train      L_V_repulsive_neutral       = +0.1326 (8.5%)
 train    L_charged_cluster   = +0.0000 (0.0%)
 train  L_beta              = +0.1512 (9.7%)
 train    L_beta_noise        = +0.0000 (0.0%)
 train    L_beta_sig          = -0.4293 (-27.5%)
 train    L_beta_suppress     = +0.0000 (0.0%)
 train    L_beta_track        = +0.5804 (37.2%)
 train      L_beta_norms_term   = -0.5156 (-33.1%)
 train      L_beta_logbeta_term = +0.0863 (5.5%)
 train  L_E   = +1.0421 (66.8%)
 train    L_E_charge = +0.0000 (0.0%)
 train    L_E_cond = +0.6002 (38.5%)
 train    L_E_cluster = +0.4419 (28.3%)
 train    L_E_w_photon   = +0.0000 (0.0%)
 train    L_E_w_charged_hadron   = +0.0000 (0.0%)
 train    L_E_w_neutral_hadron   = +0.0000 (0.0%)
 train    L_E_w_muon     = +0.0000 (0.0%)
 train    L_E_w_electron = +0.0000 (0.0%)
learning rate :  [0.00019945246344205893, 0.0001978158526933439, 0.00019510809880370062, 0.00019135886849137794, 0.00018660923910825467, 0.000180911248587776, 0.00017432732530646558, 0.00016692960410556788, 0.0001587991359666327, 0.000150025, 0.00014070332747542625, 0.000130936248587776, 0.00012083077349723503, 0.00011049761990360197, 0.00010005, 8.960238009639805e-05, 7.926922650276498e-05, 6.916375141222402e-05, 5.939667252457379e-05, 5.0075000000000025e-05, 4.130086403336732e-05, 3.3170395894432155e-05, 2.5772674693534433e-05, 1.9188751412224014e-05, 1.3490760891745352e-05, 8.741131508622033e-06, 4.991901196299404e-06, 2.284147306656121e-06, 6.475365579410847e-07, 1e-07, 0.0001995474186611798, 0.00019819377329140754, 0.00019595132271276903, 0.00019284037490495648, 0.00018888910309305962, 0.00018413329060647658, 0.0001786160068195416, 0.00017238721710860177]
train loss :  2.559055805206299
[rank 0] epoch=37 valid_batch=500/1563
[rank 0] epoch=37 valid_batch=1000/1563
[rank 0] epoch=37 valid_batch=1500/1563
[rank 0] epoch=37 valid_batch=2000/1563
[rank 0] epoch=37 valid_batch=2500/1563
[rank 0] epoch=37 valid_batch=3000/1563
test   L_V                   = +0.3655 (23.5%)
    L_V_attractive      = +0.1241 (8.0%)
      L_V_attractive_charged      = +0.1140 (7.3%)
      L_V_attractive_neutral      = +0.0101 (0.6%)
    L_V_repulsive       = +0.2415 (15.5%)
      L_V_repulsive_charged       = +0.1099 (7.1%)
      L_V_repulsive_neutral       = +0.1316 (8.4%)
    L_charged_cluster   = +0.0000 (0.0%)
  L_beta              = +0.1654 (10.6%)
    L_beta_noise        = +0.0000 (0.0%)
    L_beta_sig          = -0.4145 (-26.6%)
    L_beta_suppress     = +0.0000 (0.0%)
    L_beta_track        = +0.5799 (37.2%)
      L_beta_norms_term   = -0.5048 (-32.4%)
      L_beta_logbeta_term = +0.0903 (5.8%)
  L_E   = +1.0279 (65.9%)
    L_E_charge = +0.0000 (0.0%)
    L_E_cond = +0.5644 (36.2%)
    L_E_cluster = +0.4634 (29.7%)
    L_E_w_photon   = +0.0000 (0.0%)
    L_E_w_charged_hadron   = +0.0000 (0.0%)
    L_E_w_neutral_hadron   = +0.0000 (0.0%)
    L_E_w_muon     = +0.0000 (0.0%)
    L_E_w_electron = +0.0000 (0.0%)
Returning 2.558755397796631
[rank 0] epoch=38 train_batch=500/12500 loss=2.674405
[rank 0] epoch=38 train_batch=1000/12500 loss=2.565290
[rank 0] epoch=38 train_batch=1500/12500 loss=2.575417
[rank 0] epoch=38 train_batch=2000/12500 loss=2.626419
[rank 0] epoch=38 train_batch=2500/12500 loss=2.593151
[rank 0] epoch=38 train_batch=3000/12500 loss=2.542528
[rank 0] epoch=38 train_batch=3500/12500 loss=2.701131
[rank 0] epoch=38 train_batch=4000/12500 loss=2.655161
[rank 0] epoch=38 train_batch=4500/12500 loss=2.688939
[rank 0] epoch=38 train_batch=5000/12500 loss=2.489180
[rank 0] epoch=38 train_batch=5500/12500 loss=2.399637
[rank 0] epoch=38 train_batch=6000/12500 loss=2.669942
[rank 0] epoch=38 train_batch=6500/12500 loss=2.415644
[rank 0] epoch=38 train_batch=7000/12500 loss=2.620631
[rank 0] epoch=38 train_batch=7500/12500 loss=2.508674
[rank 0] epoch=38 train_batch=8000/12500 loss=2.504201
[rank 0] epoch=38 train_batch=8500/12500 loss=2.470925
[rank 0] epoch=38 train_batch=9000/12500 loss=2.467570
[rank 0] epoch=38 train_batch=9500/12500 loss=3.011441
[rank 0] epoch=38 train_batch=10000/12500 loss=2.619453
[rank 0] epoch=38 train_batch=10500/12500 loss=2.446816
[rank 0] epoch=38 train_batch=11000/12500 loss=2.444936
[rank 0] epoch=38 train_batch=11500/12500 loss=2.735276
[rank 0] epoch=38 train_batch=12000/12500 loss=2.559289
[rank 0] epoch=38 train_batch=12500/12500 loss=2.601420
[rank 0] epoch=38 train_batch=13000/12500 loss=2.651851
[rank 0] epoch=38 train_batch=13500/12500 loss=2.601011
[rank 0] epoch=38 train_batch=14000/12500 loss=2.501759
[rank 0] epoch=38 train_batch=14500/12500 loss=2.508004
[rank 0] epoch=38 train_batch=15000/12500 loss=2.411033
[rank 0] epoch=38 train_batch=15500/12500 loss=2.969436
[rank 0] epoch=38 train_batch=16000/12500 loss=2.870014
[rank 0] epoch=38 train_batch=16500/12500 loss=2.609518
[rank 0] epoch=38 train_batch=17000/12500 loss=2.471493
[rank 0] epoch=38 train_batch=17500/12500 loss=2.302573
[rank 0] epoch=38 train_batch=18000/12500 loss=2.471286
[rank 0] epoch=38 train_batch=18500/12500 loss=2.808757
[rank 0] epoch=38 train_batch=19000/12500 loss=2.655028
[rank 0] epoch=38 train_batch=19500/12500 loss=2.489382
[rank 0] epoch=38 train_batch=20000/12500 loss=2.470255
[rank 0] epoch=38 train_batch=20500/12500 loss=2.829796
[rank 0] epoch=38 train_batch=21000/12500 loss=2.739416
[rank 0] epoch=38 train_batch=21500/12500 loss=2.771720
[rank 0] epoch=38 train_batch=22000/12500 loss=2.486454
[rank 0] epoch=38 train_batch=22500/12500 loss=2.486701
[rank 0] epoch=38 train_batch=23000/12500 loss=2.476010
[rank 0] epoch=38 train_batch=23500/12500 loss=2.659508
[rank 0] epoch=38 train_batch=24000/12500 loss=2.836617
[rank 0] epoch=38 train_batch=24500/12500 loss=2.550130
[rank 0] epoch=38 train_batch=25000/12500 loss=2.639666
Training epoch 38
[1.11217419e+00 1.59279781e-02 1.50234143e+00 1.43269106e-02
 1.40328172e-01 8.68193819e-08 6.07859247e-01 2.79460802e-02
 6.88152839e-01 1.40646896e-07 5.48967232e-01 1.67533022e-01
 3.76439866e+00 1.99314882e-01 6.74759531e-01 2.31281787e-01
 2.62163270e+00 2.67918151e-01 5.20679205e+00 7.17129180e-02
 2.31997722e-01 8.64766549e-02 3.93845450e-01 7.14880738e-08
 4.31009027e-01 4.79308273e-02 7.53518581e-01 4.60270620e-07
 8.57380807e-02 2.96942572e-02 3.67484676e-01 3.04878238e-02
 7.94784908e-02 4.27321052e-02 3.71103694e-01 3.81086956e-02
 9.17970957e-01 3.83341749e-02 3.44997610e-02 2.28317085e-02
 7.84171380e-02 3.03725599e-07 3.11570182e-01 4.94479399e-03
 1.20358407e+00 1.00829382e-08 1.40677324e-01 7.31199806e-02
 8.92318691e-01 4.52232087e-02 2.37039703e-01 9.14304517e-02
 7.13163540e-01 8.98614076e-02 1.41234422e+00 1.67616481e-02
 1.60774454e-01 5.57239170e-02 1.00521009e+00 6.01187317e-08
 5.24998271e-01 3.15625406e-02 9.92237308e-01 6.14923388e-08
 1.06493512e-01 7.70463213e-02 6.88477101e-01 4.65179438e-02
 1.86904599e-01 7.95846478e-02 6.84489007e-01 5.66086338e-02
 6.74855335e-01 1.48368815e-02 1.37271181e-01 2.59761330e-02
 1.01158352e+00 1.94064716e-02 2.95018489e-01 1.68199852e-01
 1.18134474e+00 9.86732444e-02 6.60492525e-01 1.00793034e-01
 1.90060324e+00 4.56767257e-02 1.61987583e+00 3.07966000e-01
 3.48681257e+00 1.78050582e-01 2.65748445e+00 7.73401659e-01
 4.27198788e+00 3.80869535e-01 1.25786785e+01 5.17878769e-01
 6.21039840e+01 8.91442543e+00]
train  L_V                   = +0.3574 (22.9%)
 train    L_V_attractive      = +0.1215 (7.8%)
 train      L_V_attractive_charged      = +0.1104 (7.1%)
 train      L_V_attractive_neutral      = +0.0111 (0.7%)
 train    L_V_repulsive       = +0.2359 (15.1%)
 train      L_V_repulsive_charged       = +0.1051 (6.7%)
 train      L_V_repulsive_neutral       = +0.1308 (8.4%)
 train    L_charged_cluster   = +0.0000 (0.0%)
 train  L_beta              = +0.1537 (9.8%)
 train    L_beta_noise        = +0.0000 (0.0%)
 train    L_beta_sig          = -0.4265 (-27.3%)
 train    L_beta_suppress     = +0.0000 (0.0%)
 train    L_beta_track        = +0.5802 (37.1%)
 train      L_beta_norms_term   = -0.5114 (-32.7%)
 train      L_beta_logbeta_term = +0.0849 (5.4%)
 train  L_E   = +1.0521 (67.3%)
 train    L_E_charge = +0.0000 (0.0%)
 train    L_E_cond = +0.5980 (38.3%)
 train    L_E_cluster = +0.4541 (29.0%)
 train    L_E_w_photon   = +0.0000 (0.0%)
 train    L_E_w_charged_hadron   = +0.0000 (0.0%)
 train    L_E_w_neutral_hadron   = +0.0000 (0.0%)
 train    L_E_w_muon     = +0.0000 (0.0%)
 train    L_E_w_electron = +0.0000 (0.0%)
learning rate :  [0.00019945246344205893, 0.0001978158526933439, 0.00019510809880370062, 0.00019135886849137794, 0.00018660923910825467, 0.000180911248587776, 0.00017432732530646558, 0.00016692960410556788, 0.0001587991359666327, 0.000150025, 0.00014070332747542625, 0.000130936248587776, 0.00012083077349723503, 0.00011049761990360197, 0.00010005, 8.960238009639805e-05, 7.926922650276498e-05, 6.916375141222402e-05, 5.939667252457379e-05, 5.0075000000000025e-05, 4.130086403336732e-05, 3.3170395894432155e-05, 2.5772674693534433e-05, 1.9188751412224014e-05, 1.3490760891745352e-05, 8.741131508622033e-06, 4.991901196299404e-06, 2.284147306656121e-06, 6.475365579410847e-07, 1e-07, 0.0001995474186611798, 0.00019819377329140754, 0.00019595132271276903, 0.00019284037490495648, 0.00018888910309305962, 0.00018413329060647658, 0.0001786160068195416, 0.00017238721710860177, 0.00016550333035783126]
train loss :  2.5632164478302
[rank 0] epoch=38 valid_batch=500/1563
[rank 0] epoch=38 valid_batch=1000/1563
[rank 0] epoch=38 valid_batch=1500/1563
[rank 0] epoch=38 valid_batch=2000/1563
[rank 0] epoch=38 valid_batch=2500/1563
[rank 0] epoch=38 valid_batch=3000/1563
test   L_V                   = +0.4109 (24.8%)
    L_V_attractive      = +0.1409 (8.5%)
      L_V_attractive_charged      = +0.1156 (7.0%)
      L_V_attractive_neutral      = +0.0253 (1.5%)
    L_V_repulsive       = +0.2700 (16.3%)
      L_V_repulsive_charged       = +0.1218 (7.3%)
      L_V_repulsive_neutral       = +0.1481 (8.9%)
    L_charged_cluster   = +0.0000 (0.0%)
  L_beta              = +0.1349 (8.1%)
    L_beta_noise        = +0.0000 (0.0%)
    L_beta_sig          = -0.4436 (-26.7%)
    L_beta_suppress     = +0.0000 (0.0%)
    L_beta_track        = +0.5785 (34.9%)
      L_beta_norms_term   = -0.5185 (-31.3%)
      L_beta_logbeta_term = +0.0749 (4.5%)
  L_E   = +1.1133 (67.1%)
    L_E_charge = +0.0000 (0.0%)
    L_E_cond = +0.6255 (37.7%)
    L_E_cluster = +0.4879 (29.4%)
    L_E_w_photon   = +0.0000 (0.0%)
    L_E_w_charged_hadron   = +0.0000 (0.0%)
    L_E_w_neutral_hadron   = +0.0000 (0.0%)
    L_E_w_muon     = +0.0000 (0.0%)
    L_E_w_electron = +0.0000 (0.0%)
Returning 2.659132480621338
[rank 0] epoch=39 train_batch=500/12500 loss=2.464756
[rank 0] epoch=39 train_batch=1000/12500 loss=2.558472
[rank 0] epoch=39 train_batch=1500/12500 loss=2.749393
[rank 0] epoch=39 train_batch=2000/12500 loss=2.908816
[rank 0] epoch=39 train_batch=2500/12500 loss=2.594278
[rank 0] epoch=39 train_batch=3000/12500 loss=2.721581
[rank 0] epoch=39 train_batch=3500/12500 loss=2.473193
[rank 0] epoch=39 train_batch=4000/12500 loss=2.648884
[rank 0] epoch=39 train_batch=4500/12500 loss=2.626270
[rank 0] epoch=39 train_batch=5000/12500 loss=2.636824
[rank 0] epoch=39 train_batch=5500/12500 loss=2.695544
[rank 0] epoch=39 train_batch=6000/12500 loss=2.429514
[rank 0] epoch=39 train_batch=6500/12500 loss=2.426475
[rank 0] epoch=39 train_batch=7000/12500 loss=2.615083
[rank 0] epoch=39 train_batch=7500/12500 loss=2.486372
[rank 0] epoch=39 train_batch=8000/12500 loss=2.459600
[rank 0] epoch=39 train_batch=8500/12500 loss=2.533784
[rank 0] epoch=39 train_batch=9000/12500 loss=3.008015
[rank 0] epoch=39 train_batch=9500/12500 loss=2.462994
[rank 0] epoch=39 train_batch=10000/12500 loss=2.437465
[rank 0] epoch=39 train_batch=10500/12500 loss=2.693083
[rank 0] epoch=39 train_batch=11000/12500 loss=2.739515
[rank 0] epoch=39 train_batch=11500/12500 loss=2.496566
[rank 0] epoch=39 train_batch=12000/12500 loss=2.466396
[rank 0] epoch=39 train_batch=12500/12500 loss=2.528694
[rank 0] epoch=39 train_batch=13000/12500 loss=2.516180
[rank 0] epoch=39 train_batch=13500/12500 loss=2.369482
[rank 0] epoch=39 train_batch=14000/12500 loss=2.404957
[rank 0] epoch=39 train_batch=14500/12500 loss=2.411704
[rank 0] epoch=39 train_batch=15000/12500 loss=2.512455
[rank 0] epoch=39 train_batch=15500/12500 loss=2.533907
[rank 0] epoch=39 train_batch=16000/12500 loss=2.360044
[rank 0] epoch=39 train_batch=16500/12500 loss=2.810917
[rank 0] epoch=39 train_batch=17000/12500 loss=2.569516
[rank 0] epoch=39 train_batch=17500/12500 loss=2.765446
[rank 0] epoch=39 train_batch=18000/12500 loss=2.589784
[rank 0] epoch=39 train_batch=18500/12500 loss=2.394047
[rank 0] epoch=39 train_batch=19000/12500 loss=2.535373
[rank 0] epoch=39 train_batch=19500/12500 loss=2.565487
[rank 0] epoch=39 train_batch=20000/12500 loss=2.656547
[rank 0] epoch=39 train_batch=20500/12500 loss=2.492982
[rank 0] epoch=39 train_batch=21000/12500 loss=2.643599
[rank 0] epoch=39 train_batch=21500/12500 loss=2.552752
[rank 0] epoch=39 train_batch=22000/12500 loss=2.492929
[rank 0] epoch=39 train_batch=22500/12500 loss=2.577072
[rank 0] epoch=39 train_batch=23000/12500 loss=2.673238
[rank 0] epoch=39 train_batch=23500/12500 loss=2.724396
[rank 0] epoch=39 train_batch=24000/12500 loss=2.488559
[rank 0] epoch=39 train_batch=24500/12500 loss=2.625959
[rank 0] epoch=39 train_batch=25000/12500 loss=2.529966
Training epoch 39
[1.33083136e+00 2.05805668e-02 1.60204778e+00 1.71209598e-02
 2.20642848e-01 1.07824254e-07 7.44671450e-01 3.19532402e-02
 8.46188962e-01 1.89394499e-07 5.54448552e-01 1.96851085e-01
 3.67232756e+00 2.11106178e-01 7.12908575e-01 2.35926367e-01
 2.65366520e+00 2.75422378e-01 4.60202678e+00 7.42231596e-02
 2.59789593e-01 7.92688010e-02 4.33139385e-01 6.90708236e-08
 4.40130404e-01 4.64057375e-02 9.33246050e-01 5.40810538e-07
 1.08231669e-01 3.27748001e-02 4.29096258e-01 3.28175542e-02
 8.62589732e-02 4.48306516e-02 4.35889365e-01 4.07244986e-02
 9.80488209e-01 3.87464524e-02 3.66740391e-02 2.57531959e-02
 8.36386375e-02 3.40596717e-07 3.27745644e-01 5.72081060e-03
 1.45142149e+00 1.08107444e-08 1.65953025e-01 8.59971213e-02
 1.00703606e+00 5.32958000e-02 2.87646999e-01 1.04824044e-01
 8.25229112e-01 9.88925200e-02 1.61700610e+00 1.66446304e-02
 1.83051353e-01 7.55173894e-02 1.04800464e+00 6.32335196e-08
 5.99980411e-01 5.04876447e-02 1.14390633e+00 5.64872459e-08
 1.26815731e-01 9.84884449e-02 8.25129133e-01 5.68446805e-02
 2.12195301e-01 1.02503954e-01 7.74254599e-01 7.08288123e-02
 7.74667243e-01 1.64311515e-02 1.74434306e-01 2.90772747e-02
 1.13742679e+00 2.11012009e-02 3.29162963e-01 2.22988689e-01
 1.30837808e+00 1.15518629e-01 7.91569055e-01 1.11798446e-01
 2.12244849e+00 4.97732461e-02 1.97291481e+00 3.64412078e-01
 4.15058142e+00 2.11503674e-01 2.73394638e+00 8.81701408e-01
 4.34911799e+00 3.97985703e-01 1.47717685e+01 4.97808783e-01
 6.54143744e+01 9.19355215e+00]
train  L_V                   = +0.3561 (22.7%)
 train    L_V_attractive      = +0.1214 (7.7%)
 train      L_V_attractive_charged      = +0.1104 (7.0%)
 train      L_V_attractive_neutral      = +0.0110 (0.7%)
 train    L_V_repulsive       = +0.2346 (15.0%)
 train      L_V_repulsive_charged       = +0.1036 (6.6%)
 train      L_V_repulsive_neutral       = +0.1310 (8.4%)
 train    L_charged_cluster   = +0.0000 (0.0%)
 train  L_beta              = +0.1486 (9.5%)
 train    L_beta_noise        = +0.0000 (0.0%)
 train    L_beta_sig          = -0.4315 (-27.5%)
 train    L_beta_suppress     = +0.0000 (0.0%)
 train    L_beta_track        = +0.5801 (37.0%)
 train      L_beta_norms_term   = -0.5157 (-32.9%)
 train      L_beta_logbeta_term = +0.0842 (5.4%)
 train  L_E   = +1.0641 (67.8%)
 train    L_E_charge = +0.0000 (0.0%)
 train    L_E_cond = +0.5955 (38.0%)
 train    L_E_cluster = +0.4686 (29.9%)
 train    L_E_w_photon   = +0.0000 (0.0%)
 train    L_E_w_charged_hadron   = +0.0000 (0.0%)
 train    L_E_w_neutral_hadron   = +0.0000 (0.0%)
 train    L_E_w_muon     = +0.0000 (0.0%)
 train    L_E_w_electron = +0.0000 (0.0%)
learning rate :  [0.00019945246344205893, 0.0001978158526933439, 0.00019510809880370062, 0.00019135886849137794, 0.00018660923910825467, 0.000180911248587776, 0.00017432732530646558, 0.00016692960410556788, 0.0001587991359666327, 0.000150025, 0.00014070332747542625, 0.000130936248587776, 0.00012083077349723503, 0.00011049761990360197, 0.00010005, 8.960238009639805e-05, 7.926922650276498e-05, 6.916375141222402e-05, 5.939667252457379e-05, 5.0075000000000025e-05, 4.130086403336732e-05, 3.3170395894432155e-05, 2.5772674693534433e-05, 1.9188751412224014e-05, 1.3490760891745352e-05, 8.741131508622033e-06, 4.991901196299404e-06, 2.284147306656121e-06, 6.475365579410847e-07, 1e-07, 0.0001995474186611798, 0.00019819377329140754, 0.00019595132271276903, 0.00019284037490495648, 0.00018888910309305962, 0.00018413329060647658, 0.0001786160068195416, 0.00017238721710860177, 0.00016550333035783126, 0.00015802668811164128]
train loss :  2.5687408447265625
[rank 0] epoch=39 valid_batch=500/1563
[rank 0] epoch=39 valid_batch=1000/1563
[rank 0] epoch=39 valid_batch=1500/1563
[rank 0] epoch=39 valid_batch=2000/1563
[rank 0] epoch=39 valid_batch=2500/1563
[rank 0] epoch=39 valid_batch=3000/1563
test   L_V                   = +2.0146 (64.5%)
    L_V_attractive      = +1.7792 (57.0%)
      L_V_attractive_charged      = +0.5462 (17.5%)
      L_V_attractive_neutral      = +1.2330 (39.5%)
    L_V_repulsive       = +0.2354 (7.5%)
      L_V_repulsive_charged       = +0.1036 (3.3%)
      L_V_repulsive_neutral       = +0.1318 (4.2%)
    L_charged_cluster   = +0.0000 (0.0%)
  L_beta              = +0.1363 (4.4%)
    L_beta_noise        = +0.0000 (0.0%)
    L_beta_sig          = -0.4437 (-14.2%)
    L_beta_suppress     = +0.0000 (0.0%)
    L_beta_track        = +0.5800 (18.6%)
      L_beta_norms_term   = -0.5257 (-16.8%)
      L_beta_logbeta_term = +0.0820 (2.6%)
  L_E   = +0.9710 (31.1%)
    L_E_charge = +0.0000 (0.0%)
    L_E_cond = +0.5549 (17.8%)
    L_E_cluster = +0.4161 (13.3%)
    L_E_w_photon   = +0.0000 (0.0%)
    L_E_w_charged_hadron   = +0.0000 (0.0%)
    L_E_w_neutral_hadron   = +0.0000 (0.0%)
    L_E_w_muon     = +0.0000 (0.0%)
    L_E_w_electron = +0.0000 (0.0%)
Returning 4.121902942657471
[rank 0] epoch=40 train_batch=500/12500 loss=2.679876
[rank 0] epoch=40 train_batch=1000/12500 loss=2.509577
[rank 0] epoch=40 train_batch=1500/12500 loss=2.520263
[rank 0] epoch=40 train_batch=2000/12500 loss=2.463883
[rank 0] epoch=40 train_batch=2500/12500 loss=2.615573
[rank 0] epoch=40 train_batch=3000/12500 loss=2.461234
[rank 0] epoch=40 train_batch=3500/12500 loss=2.450002
[rank 0] epoch=40 train_batch=4000/12500 loss=2.678888
[rank 0] epoch=40 train_batch=4500/12500 loss=2.464357
[rank 0] epoch=40 train_batch=5000/12500 loss=2.491334
[rank 0] epoch=40 train_batch=5500/12500 loss=2.658226
[rank 0] epoch=40 train_batch=6000/12500 loss=2.678331
[rank 0] epoch=40 train_batch=6500/12500 loss=2.538131
[rank 0] epoch=40 train_batch=7000/12500 loss=2.920455
[rank 0] epoch=40 train_batch=7500/12500 loss=2.411747
[rank 0] epoch=40 train_batch=8000/12500 loss=2.473528
[rank 0] epoch=40 train_batch=8500/12500 loss=2.614672
[rank 0] epoch=40 train_batch=9000/12500 loss=2.700175
[rank 0] epoch=40 train_batch=9500/12500 loss=2.479284
[rank 0] epoch=40 train_batch=10000/12500 loss=2.458091
[rank 0] epoch=40 train_batch=10500/12500 loss=2.497886
[rank 0] epoch=40 train_batch=11000/12500 loss=2.585929
[rank 0] epoch=40 train_batch=11500/12500 loss=2.829993
[rank 0] epoch=40 train_batch=12000/12500 loss=2.620775
[rank 0] epoch=40 train_batch=12500/12500 loss=2.607765
[rank 0] epoch=40 train_batch=13000/12500 loss=2.438260
[rank 0] epoch=40 train_batch=13500/12500 loss=2.488256
[rank 0] epoch=40 train_batch=14000/12500 loss=2.498157
[rank 0] epoch=40 train_batch=14500/12500 loss=2.796725
[rank 0] epoch=40 train_batch=15000/12500 loss=2.626577
[rank 0] epoch=40 train_batch=15500/12500 loss=2.652300
[rank 0] epoch=40 train_batch=16000/12500 loss=2.288784
[rank 0] epoch=40 train_batch=16500/12500 loss=2.447165
[rank 0] epoch=40 train_batch=17000/12500 loss=2.512043
[rank 0] epoch=40 train_batch=17500/12500 loss=2.392805
[rank 0] epoch=40 train_batch=18000/12500 loss=2.704147
[rank 0] epoch=40 train_batch=18500/12500 loss=2.562451
[rank 0] epoch=40 train_batch=19000/12500 loss=2.490149
[rank 0] epoch=40 train_batch=19500/12500 loss=2.373540
[rank 0] epoch=40 train_batch=20000/12500 loss=2.637875
[rank 0] epoch=40 train_batch=20500/12500 loss=2.459859
[rank 0] epoch=40 train_batch=21000/12500 loss=2.908254
[rank 0] epoch=40 train_batch=21500/12500 loss=2.482944
[rank 0] epoch=40 train_batch=22000/12500 loss=2.523934
[rank 0] epoch=40 train_batch=22500/12500 loss=2.503615
[rank 0] epoch=40 train_batch=23000/12500 loss=2.580342
[rank 0] epoch=40 train_batch=23500/12500 loss=3.058914
[rank 0] epoch=40 train_batch=24000/12500 loss=2.504722
[rank 0] epoch=40 train_batch=24500/12500 loss=2.601842
[rank 0] epoch=40 train_batch=25000/12500 loss=2.588757
Training epoch 40
[1.32735651e+00 2.49261154e-02 1.71129298e+00 1.82652553e-02
 2.14360074e-01 1.04770440e-07 7.43511265e-01 3.24351070e-02
 9.06971786e-01 2.05731665e-07 6.11310023e-01 2.25491295e-01
 3.81639035e+00 2.25154564e-01 7.67630538e-01 2.51252702e-01
 2.95452359e+00 2.88647382e-01 4.61228903e+00 7.21363630e-02
 2.57065163e-01 7.68676402e-02 4.31581991e-01 7.08677897e-08
 4.47716441e-01 5.14209920e-02 1.03503187e+00 5.35148007e-07
 1.24359404e-01 3.63014533e-02 4.95281204e-01 3.57317850e-02
 9.93359025e-02 5.14017503e-02 5.10399872e-01 4.63845054e-02
 1.11666765e+00 4.11136855e-02 4.08116692e-02 2.76596699e-02
 9.98821496e-02 3.12238446e-07 3.28833598e-01 6.49553255e-03
 1.56516295e+00 1.11783228e-08 1.80737668e-01 9.65542160e-02
 1.04905767e+00 5.93728615e-02 3.16669041e-01 1.15609080e-01
 8.99392240e-01 1.07876469e-01 1.66688211e+00 1.75490349e-02
 1.89739761e-01 7.78570156e-02 9.91801183e-01 6.34016963e-08
 6.29682284e-01 5.45743166e-02 1.19982094e+00 5.45860751e-08
 1.32922336e-01 1.12065134e-01 8.67424324e-01 6.33754314e-02
 2.24439552e-01 1.07472423e-01 8.02034840e-01 7.63699997e-02
 7.98125321e-01 1.67663285e-02 1.91400722e-01 2.98465997e-02
 1.18463116e+00 2.06285661e-02 3.38462821e-01 2.21892000e-01
 1.34687170e+00 1.17987129e-01 8.00704441e-01 1.09873748e-01
 2.29299834e+00 5.02157459e-02 2.11606686e+00 3.52298398e-01
 4.44819986e+00 2.08237369e-01 2.82483259e+00 9.26366430e-01
 5.06846109e+00 5.26055323e-01 2.26166120e+01 5.95282665e-01
 6.50661788e+01 9.11184563e+00]
train  L_V                   = +0.3536 (22.7%)
 train    L_V_attractive      = +0.1211 (7.8%)
 train      L_V_attractive_charged      = +0.1101 (7.1%)
 train      L_V_attractive_neutral      = +0.0110 (0.7%)
 train    L_V_repulsive       = +0.2325 (14.9%)
 train      L_V_repulsive_charged       = +0.1016 (6.5%)
 train      L_V_repulsive_neutral       = +0.1308 (8.4%)
 train    L_charged_cluster   = +0.0000 (0.0%)
 train  L_beta              = +0.1416 (9.1%)
 train    L_beta_noise        = +0.0000 (0.0%)
 train    L_beta_sig          = -0.4383 (-28.2%)
 train    L_beta_suppress     = +0.0000 (0.0%)
 train    L_beta_track        = +0.5799 (37.3%)
 train      L_beta_norms_term   = -0.5216 (-33.5%)
 train      L_beta_logbeta_term = +0.0833 (5.4%)
 train  L_E   = +1.0608 (68.2%)
 train    L_E_charge = +0.0000 (0.0%)
 train    L_E_cond = +0.5919 (38.0%)
 train    L_E_cluster = +0.4689 (30.1%)
 train    L_E_w_photon   = +0.0000 (0.0%)
 train    L_E_w_charged_hadron   = +0.0000 (0.0%)
 train    L_E_w_neutral_hadron   = +0.0000 (0.0%)
 train    L_E_w_muon     = +0.0000 (0.0%)
 train    L_E_w_electron = +0.0000 (0.0%)
learning rate :  [0.00019945246344205893, 0.0001978158526933439, 0.00019510809880370062, 0.00019135886849137794, 0.00018660923910825467, 0.000180911248587776, 0.00017432732530646558, 0.00016692960410556788, 0.0001587991359666327, 0.000150025, 0.00014070332747542625, 0.000130936248587776, 0.00012083077349723503, 0.00011049761990360197, 0.00010005, 8.960238009639805e-05, 7.926922650276498e-05, 6.916375141222402e-05, 5.939667252457379e-05, 5.0075000000000025e-05, 4.130086403336732e-05, 3.3170395894432155e-05, 2.5772674693534433e-05, 1.9188751412224014e-05, 1.3490760891745352e-05, 8.741131508622033e-06, 4.991901196299404e-06, 2.284147306656121e-06, 6.475365579410847e-07, 1e-07, 0.0001995474186611798, 0.00019819377329140754, 0.00019595132271276903, 0.00019284037490495648, 0.00018888910309305962, 0.00018413329060647658, 0.0001786160068195416, 0.00017238721710860177, 0.00016550333035783126, 0.00015802668811164128, 0.000150025]
train loss :  2.555979013442993
[rank 0] epoch=40 valid_batch=500/1563
[rank 0] epoch=40 valid_batch=1000/1563
[rank 0] epoch=40 valid_batch=1500/1563
[rank 0] epoch=40 valid_batch=2000/1563
[rank 0] epoch=40 valid_batch=2500/1563
[rank 0] epoch=40 valid_batch=3000/1563
test   L_V                   = +0.5533 (28.4%)
    L_V_attractive      = +0.3126 (16.0%)
      L_V_attractive_charged      = +0.2632 (13.5%)
      L_V_attractive_neutral      = +0.0494 (2.5%)
    L_V_repulsive       = +0.2407 (12.4%)
      L_V_repulsive_charged       = +0.1055 (5.4%)
      L_V_repulsive_neutral       = +0.1353 (6.9%)
    L_charged_cluster   = +0.0000 (0.0%)
  L_beta              = +0.1575 (8.1%)
    L_beta_noise        = +0.0000 (0.0%)
    L_beta_sig          = -0.4208 (-21.6%)
    L_beta_suppress     = +0.0000 (0.0%)
    L_beta_track        = +0.5783 (29.7%)
      L_beta_norms_term   = -0.5164 (-26.5%)
      L_beta_logbeta_term = +0.0956 (4.9%)
  L_E   = +1.2375 (63.5%)
    L_E_charge = +0.0000 (0.0%)
    L_E_cond = +0.7293 (37.4%)
    L_E_cluster = +0.5082 (26.1%)
    L_E_w_photon   = +0.0000 (0.0%)
    L_E_w_charged_hadron   = +0.0000 (0.0%)
    L_E_w_neutral_hadron   = +0.0000 (0.0%)
    L_E_w_muon     = +0.0000 (0.0%)
    L_E_w_electron = +0.0000 (0.0%)
Returning 2.9483561515808105
[rank 0] epoch=41 train_batch=500/12500 loss=2.726464
[rank 0] epoch=41 train_batch=1000/12500 loss=2.483467
[rank 0] epoch=41 train_batch=1500/12500 loss=2.651847
[rank 0] epoch=41 train_batch=2000/12500 loss=2.677980
[rank 0] epoch=41 train_batch=2500/12500 loss=2.688107
[rank 0] epoch=41 train_batch=3000/12500 loss=2.466476
[rank 0] epoch=41 train_batch=3500/12500 loss=2.495966
[rank 0] epoch=41 train_batch=4000/12500 loss=2.652620
[rank 0] epoch=41 train_batch=4500/12500 loss=2.509828
[rank 0] epoch=41 train_batch=5000/12500 loss=2.565431
[rank 0] epoch=41 train_batch=5500/12500 loss=2.837688
[rank 0] epoch=41 train_batch=6000/12500 loss=2.725979
[rank 0] epoch=41 train_batch=6500/12500 loss=2.583839
[rank 0] epoch=41 train_batch=7000/12500 loss=2.538259
[rank 0] epoch=41 train_batch=7500/12500 loss=2.680198
[rank 0] epoch=41 train_batch=8000/12500 loss=2.431223
[rank 0] epoch=41 train_batch=8500/12500 loss=2.547944
[rank 0] epoch=41 train_batch=9000/12500 loss=2.446299
[rank 0] epoch=41 train_batch=9500/12500 loss=2.505766
[rank 0] epoch=41 train_batch=10000/12500 loss=2.592915
[rank 0] epoch=41 train_batch=10500/12500 loss=2.506790
[rank 0] epoch=41 train_batch=11000/12500 loss=2.543633
[rank 0] epoch=41 train_batch=11500/12500 loss=2.779307
[rank 0] epoch=41 train_batch=12000/12500 loss=2.592416
[rank 0] epoch=41 train_batch=12500/12500 loss=2.509161
[rank 0] epoch=41 train_batch=13000/12500 loss=2.536415
[rank 0] epoch=41 train_batch=13500/12500 loss=2.565102
[rank 0] epoch=41 train_batch=14000/12500 loss=2.520140
[rank 0] epoch=41 train_batch=14500/12500 loss=2.539817
[rank 0] epoch=41 train_batch=15000/12500 loss=2.485308
[rank 0] epoch=41 train_batch=15500/12500 loss=2.605387
[rank 0] epoch=41 train_batch=16000/12500 loss=2.471872
[rank 0] epoch=41 train_batch=16500/12500 loss=2.477385
[rank 0] epoch=41 train_batch=17000/12500 loss=2.622855
[rank 0] epoch=41 train_batch=17500/12500 loss=2.549232
[rank 0] epoch=41 train_batch=18000/12500 loss=2.516278
[rank 0] epoch=41 train_batch=18500/12500 loss=2.596861
[rank 0] epoch=41 train_batch=19000/12500 loss=2.614759
[rank 0] epoch=41 train_batch=19500/12500 loss=2.487806
[rank 0] epoch=41 train_batch=20000/12500 loss=2.614235
[rank 0] epoch=41 train_batch=20500/12500 loss=2.522361
[rank 0] epoch=41 train_batch=21000/12500 loss=2.773802
[rank 0] epoch=41 train_batch=21500/12500 loss=2.398704
[rank 0] epoch=41 train_batch=22000/12500 loss=2.572328
[rank 0] epoch=41 train_batch=22500/12500 loss=2.926199
[rank 0] epoch=41 train_batch=23000/12500 loss=2.493083
[rank 0] epoch=41 train_batch=23500/12500 loss=2.599097
[rank 0] epoch=41 train_batch=24000/12500 loss=2.326005
[rank 0] epoch=41 train_batch=24500/12500 loss=2.451965
[rank 0] epoch=41 train_batch=25000/12500 loss=2.548683
Training epoch 41
[1.25150212e+00 2.66120706e-02 1.86277365e+00 1.92638750e-02
 9.91261624e-02 4.09826497e-08 5.63735944e-01 2.88336809e-02
 9.00786177e-01 1.53788759e-07 6.15324575e-01 2.10066831e-01
 3.85451625e+00 2.15911265e-01 7.60980677e-01 2.15636800e-01
 3.15375080e+00 2.55645376e-01 4.47507268e+00 6.45098962e-02
 2.54518135e-01 7.24981232e-02 2.71414565e-01 4.67812167e-08
 3.53940045e-01 4.48410628e-02 1.05812751e+00 3.71085222e-07
 1.51501392e-01 4.25669328e-02 6.80220005e-01 4.11323530e-02
 1.23041946e-01 6.60604480e-02 7.35669487e-01 5.96281047e-02
 1.41191557e+00 4.44559149e-02 4.83526019e-02 2.75560701e-02
 1.77912579e-01 1.87634940e-07 2.56430141e-01 8.89474675e-03
 1.54741626e+00 1.05955553e-08 1.85988068e-01 1.01950781e-01
 1.05306230e+00 6.27237500e-02 3.46352768e-01 1.29217888e-01
 9.68700904e-01 1.20168616e-01 1.78233158e+00 1.88128514e-02
 2.12813812e-01 7.31219708e-02 1.12239368e+00 6.56855825e-08
 6.89501306e-01 5.16552834e-02 1.25935368e+00 4.79029660e-08
 1.40925498e-01 1.17057484e-01 8.76809365e-01 6.39125957e-02
 2.21191615e-01 1.27998563e-01 8.34317348e-01 8.46988257e-02
 8.49425947e-01 2.10924400e-02 1.95007316e-01 2.99536519e-02
 1.17679970e+00 1.85045927e-02 3.26754205e-01 2.76880877e-01
 1.39372965e+00 1.27901522e-01 8.72717769e-01 1.40402947e-01
 2.45192149e+00 5.76329917e-02 2.03179797e+00 3.49963462e-01
 4.48438812e+00 2.10200548e-01 2.95069128e+00 1.18558599e+00
 7.23885754e+00 8.91693671e-01 2.52101326e+01 6.21762212e-01
 6.74377395e+01 9.39932442e+00]
train  L_V                   = +0.3497 (22.1%)
 train    L_V_attractive      = +0.1206 (7.6%)
 train      L_V_attractive_charged      = +0.1095 (6.9%)
 train      L_V_attractive_neutral      = +0.0111 (0.7%)
 train    L_V_repulsive       = +0.2291 (14.5%)
 train      L_V_repulsive_charged       = +0.0995 (6.3%)
 train      L_V_repulsive_neutral       = +0.1296 (8.2%)
 train    L_charged_cluster   = +0.0000 (0.0%)
 train  L_beta              = +0.1369 (8.7%)
 train    L_beta_noise        = +0.0000 (0.0%)
 train    L_beta_sig          = -0.4423 (-28.0%)
 train    L_beta_suppress     = +0.0000 (0.0%)
 train    L_beta_track        = +0.5792 (36.7%)
 train      L_beta_norms_term   = -0.5255 (-33.3%)
 train      L_beta_logbeta_term = +0.0832 (5.3%)
 train  L_E   = +1.0928 (69.2%)
 train    L_E_charge = +0.0000 (0.0%)
 train    L_E_cond = +0.5861 (37.1%)
 train    L_E_cluster = +0.5067 (32.1%)
 train    L_E_w_photon   = +0.0000 (0.0%)
 train    L_E_w_charged_hadron   = +0.0000 (0.0%)
 train    L_E_w_neutral_hadron   = +0.0000 (0.0%)
 train    L_E_w_muon     = +0.0000 (0.0%)
 train    L_E_w_electron = +0.0000 (0.0%)
learning rate :  [0.00019945246344205893, 0.0001978158526933439, 0.00019510809880370062, 0.00019135886849137794, 0.00018660923910825467, 0.000180911248587776, 0.00017432732530646558, 0.00016692960410556788, 0.0001587991359666327, 0.000150025, 0.00014070332747542625, 0.000130936248587776, 0.00012083077349723503, 0.00011049761990360197, 0.00010005, 8.960238009639805e-05, 7.926922650276498e-05, 6.916375141222402e-05, 5.939667252457379e-05, 5.0075000000000025e-05, 4.130086403336732e-05, 3.3170395894432155e-05, 2.5772674693534433e-05, 1.9188751412224014e-05, 1.3490760891745352e-05, 8.741131508622033e-06, 4.991901196299404e-06, 2.284147306656121e-06, 6.475365579410847e-07, 1e-07, 0.0001995474186611798, 0.00019819377329140754, 0.00019595132271276903, 0.00019284037490495648, 0.00018888910309305962, 0.00018413329060647658, 0.0001786160068195416, 0.00017238721710860177, 0.00016550333035783126, 0.00015802668811164128, 0.000150025, 0.00014157073054953858]
train loss :  2.5793275833129883
[rank 0] epoch=41 valid_batch=500/1563
[rank 0] epoch=41 valid_batch=1000/1563
[rank 0] epoch=41 valid_batch=1500/1563
[rank 0] epoch=41 valid_batch=2000/1563
[rank 0] epoch=41 valid_batch=2500/1563
[rank 0] epoch=41 valid_batch=3000/1563
test   L_V                   = +0.3324 (20.5%)
    L_V_attractive      = +0.1014 (6.2%)
      L_V_attractive_charged      = +0.0914 (5.6%)
      L_V_attractive_neutral      = +0.0100 (0.6%)
    L_V_repulsive       = +0.2310 (14.2%)
      L_V_repulsive_charged       = +0.1007 (6.2%)
      L_V_repulsive_neutral       = +0.1303 (8.0%)
    L_charged_cluster   = +0.0000 (0.0%)
  L_beta              = +0.1440 (8.9%)
    L_beta_noise        = +0.0000 (0.0%)
    L_beta_sig          = -0.4347 (-26.8%)
    L_beta_suppress     = +0.0000 (0.0%)
    L_beta_track        = +0.5788 (35.6%)
      L_beta_norms_term   = -0.5271 (-32.4%)
      L_beta_logbeta_term = +0.0924 (5.7%)
  L_E   = +1.1486 (70.7%)
    L_E_charge = +0.0000 (0.0%)
    L_E_cond = +0.5762 (35.5%)
    L_E_cluster = +0.5724 (35.2%)
    L_E_w_photon   = +0.0000 (0.0%)
    L_E_w_charged_hadron   = +0.0000 (0.0%)
    L_E_w_neutral_hadron   = +0.0000 (0.0%)
    L_E_w_muon     = +0.0000 (0.0%)
    L_E_w_electron = +0.0000 (0.0%)
Returning 2.625072479248047
[rank 0] epoch=42 train_batch=500/12500 loss=2.509508
[rank 0] epoch=42 train_batch=1000/12500 loss=2.553426
[rank 0] epoch=42 train_batch=1500/12500 loss=2.483041
[rank 0] epoch=42 train_batch=2000/12500 loss=2.432465
[rank 0] epoch=42 train_batch=2500/12500 loss=2.506348
[rank 0] epoch=42 train_batch=3000/12500 loss=2.423269
[rank 0] epoch=42 train_batch=3500/12500 loss=2.407153
[rank 0] epoch=42 train_batch=4000/12500 loss=2.512317
[rank 0] epoch=42 train_batch=4500/12500 loss=2.561869
[rank 0] epoch=42 train_batch=5000/12500 loss=2.455519
[rank 0] epoch=42 train_batch=5500/12500 loss=2.868812
[rank 0] epoch=42 train_batch=6000/12500 loss=2.453617
[rank 0] epoch=42 train_batch=6500/12500 loss=2.589808
[rank 0] epoch=42 train_batch=7000/12500 loss=2.379590
[rank 0] epoch=42 train_batch=7500/12500 loss=2.921079
[rank 0] epoch=42 train_batch=8000/12500 loss=2.593108
[rank 0] epoch=42 train_batch=8500/12500 loss=2.525455
[rank 0] epoch=42 train_batch=9000/12500 loss=2.411294
[rank 0] epoch=42 train_batch=9500/12500 loss=2.669016
[rank 0] epoch=42 train_batch=10000/12500 loss=2.405906
[rank 0] epoch=42 train_batch=10500/12500 loss=2.363270
[rank 0] epoch=42 train_batch=11000/12500 loss=2.483587
[rank 0] epoch=42 train_batch=11500/12500 loss=2.790642
[rank 0] epoch=42 train_batch=12000/12500 loss=2.466202
[rank 0] epoch=42 train_batch=12500/12500 loss=2.659795
[rank 0] epoch=42 train_batch=13000/12500 loss=2.713507
[rank 0] epoch=42 train_batch=13500/12500 loss=2.619120
[rank 0] epoch=42 train_batch=14000/12500 loss=2.795742
[rank 0] epoch=42 train_batch=14500/12500 loss=2.489501
[rank 0] epoch=42 train_batch=15000/12500 loss=2.712540
[rank 0] epoch=42 train_batch=15500/12500 loss=2.500765
[rank 0] epoch=42 train_batch=16000/12500 loss=2.578706
[rank 0] epoch=42 train_batch=16500/12500 loss=2.404263
[rank 0] epoch=42 train_batch=17000/12500 loss=2.350119
[rank 0] epoch=42 train_batch=17500/12500 loss=2.586096
[rank 0] epoch=42 train_batch=18000/12500 loss=2.400102
[rank 0] epoch=42 train_batch=18500/12500 loss=2.762562
[rank 0] epoch=42 train_batch=19000/12500 loss=2.558475
[rank 0] epoch=42 train_batch=19500/12500 loss=2.423149
[rank 0] epoch=42 train_batch=20000/12500 loss=2.510211
[rank 0] epoch=42 train_batch=20500/12500 loss=2.357214
[rank 0] epoch=42 train_batch=21000/12500 loss=2.548345
[rank 0] epoch=42 train_batch=21500/12500 loss=2.480770
[rank 0] epoch=42 train_batch=22000/12500 loss=2.354763
[rank 0] epoch=42 train_batch=22500/12500 loss=2.317106
[rank 0] epoch=42 train_batch=23000/12500 loss=2.291828
[rank 0] epoch=42 train_batch=23500/12500 loss=2.417854
[rank 0] epoch=42 train_batch=24000/12500 loss=2.464401
[rank 0] epoch=42 train_batch=24500/12500 loss=2.664097
[rank 0] epoch=42 train_batch=25000/12500 loss=2.553377
Training epoch 42
[1.37566304e+00 2.92130085e-02 1.97469870e+00 1.93602065e-02
 1.01249945e-01 3.76495053e-08 5.14162683e-01 2.71441485e-02
 9.88611266e-01 1.49727527e-07 6.31793427e-01 2.25392820e-01
 3.92154036e+00 2.25059959e-01 7.97781829e-01 2.24523394e-01
 3.30122764e+00 2.63761873e-01 4.44455584e+00 7.25784799e-02
 3.07306408e-01 9.44512251e-02 2.01160413e-01 3.80527797e-08
 3.52401154e-01 4.74711313e-02 1.13863561e+00 3.36124023e-07
 1.77652665e-01 5.15529935e-02 8.14197628e-01 4.86517362e-02
 1.41076935e-01 7.47221358e-02 8.46897061e-01 6.81632576e-02
 1.59169997e+00 4.43946607e-02 5.58232867e-02 3.02539681e-02
 2.23454310e-01 1.72004901e-07 2.79445893e-01 1.18757987e-02
 1.54882218e+00 1.07874197e-08 2.03287187e-01 1.19713169e-01
 1.12061178e+00 7.09405673e-02 3.84302810e-01 1.31512952e-01
 1.02353850e+00 1.20963696e-01 1.89941312e+00 1.87504343e-02
 2.26752754e-01 7.17709681e-02 1.24431665e+00 6.97055915e-08
 7.00753429e-01 5.25680088e-02 1.27830425e+00 4.56393219e-08
 1.49636014e-01 1.28159604e-01 9.05228980e-01 6.92672517e-02
 2.41809122e-01 1.67111919e-01 9.34944336e-01 1.04477056e-01
 9.61034160e-01 2.52061463e-02 2.24122420e-01 3.40234638e-02
 1.28835574e+00 1.98304547e-02 3.65404108e-01 2.54131784e-01
 1.54415412e+00 1.39641105e-01 9.19439674e-01 1.51698858e-01
 2.80101624e+00 6.45685221e-02 2.41366501e+00 3.57199525e-01
 5.27674272e+00 2.22250960e-01 2.99325030e+00 1.19769003e+00
 6.97066275e+00 7.45402320e-01 3.07115186e+01 6.82731770e-01
 6.59540621e+01 9.30253072e+00]
train  L_V                   = +0.3426 (22.2%)
 train    L_V_attractive      = +0.1170 (7.6%)
 train      L_V_attractive_charged      = +0.1059 (6.9%)
 train      L_V_attractive_neutral      = +0.0110 (0.7%)
 train    L_V_repulsive       = +0.2257 (14.6%)
 train      L_V_repulsive_charged       = +0.0983 (6.4%)
 train      L_V_repulsive_neutral       = +0.1273 (8.3%)
 train    L_charged_cluster   = +0.0000 (0.0%)
 train  L_beta              = +0.1312 (8.5%)
 train    L_beta_noise        = +0.0000 (0.0%)
 train    L_beta_sig          = -0.4481 (-29.1%)
 train    L_beta_suppress     = +0.0000 (0.0%)
 train    L_beta_track        = +0.5793 (37.6%)
 train      L_beta_norms_term   = -0.5301 (-34.4%)
 train      L_beta_logbeta_term = +0.0820 (5.3%)
 train  L_E   = +1.0670 (69.3%)
 train    L_E_charge = +0.0000 (0.0%)
 train    L_E_cond = +0.5836 (37.9%)
 train    L_E_cluster = +0.4834 (31.4%)
 train    L_E_w_photon   = +0.0000 (0.0%)
 train    L_E_w_charged_hadron   = +0.0000 (0.0%)
 train    L_E_w_neutral_hadron   = +0.0000 (0.0%)
 train    L_E_w_muon     = +0.0000 (0.0%)
 train    L_E_w_electron = +0.0000 (0.0%)
learning rate :  [0.00019945246344205893, 0.0001978158526933439, 0.00019510809880370062, 0.00019135886849137794, 0.00018660923910825467, 0.000180911248587776, 0.00017432732530646558, 0.00016692960410556788, 0.0001587991359666327, 0.000150025, 0.00014070332747542625, 0.000130936248587776, 0.00012083077349723503, 0.00011049761990360197, 0.00010005, 8.960238009639805e-05, 7.926922650276498e-05, 6.916375141222402e-05, 5.939667252457379e-05, 5.0075000000000025e-05, 4.130086403336732e-05, 3.3170395894432155e-05, 2.5772674693534433e-05, 1.9188751412224014e-05, 1.3490760891745352e-05, 8.741131508622033e-06, 4.991901196299404e-06, 2.284147306656121e-06, 6.475365579410847e-07, 1e-07, 0.0001995474186611798, 0.00019819377329140754, 0.00019595132271276903, 0.00019284037490495648, 0.00018888910309305962, 0.00018413329060647658, 0.0001786160068195416, 0.00017238721710860177, 0.00016550333035783126, 0.00015802668811164128, 0.000150025, 0.00014157073054953858, 0.00013274044293357632]
train loss :  2.5407609939575195
[rank 0] epoch=42 valid_batch=500/1563
[rank 0] epoch=42 valid_batch=1000/1563
[rank 0] epoch=42 valid_batch=1500/1563
[rank 0] epoch=42 valid_batch=2000/1563
[rank 0] epoch=42 valid_batch=2500/1563
[rank 0] epoch=42 valid_batch=3000/1563
test   L_V                   = +0.3103 (19.5%)
    L_V_attractive      = +0.1026 (6.5%)
      L_V_attractive_charged      = +0.0929 (5.8%)
      L_V_attractive_neutral      = +0.0096 (0.6%)
    L_V_repulsive       = +0.2077 (13.1%)
      L_V_repulsive_charged       = +0.0913 (5.7%)
      L_V_repulsive_neutral       = +0.1165 (7.3%)
    L_charged_cluster   = +0.0000 (0.0%)
  L_beta              = +0.1574 (9.9%)
    L_beta_noise        = +0.0000 (0.0%)
    L_beta_sig          = -0.4229 (-26.6%)
    L_beta_suppress     = +0.0000 (0.0%)
    L_beta_track        = +0.5803 (36.5%)
      L_beta_norms_term   = -0.5190 (-32.7%)
      L_beta_logbeta_term = +0.0961 (6.0%)
  L_E   = +1.1216 (70.6%)
    L_E_charge = +0.0000 (0.0%)
    L_E_cond = +0.6510 (41.0%)
    L_E_cluster = +0.4706 (29.6%)
    L_E_w_photon   = +0.0000 (0.0%)
    L_E_w_charged_hadron   = +0.0000 (0.0%)
    L_E_w_neutral_hadron   = +0.0000 (0.0%)
    L_E_w_muon     = +0.0000 (0.0%)
    L_E_w_electron = +0.0000 (0.0%)
Returning 2.58923077583313
[rank 0] epoch=43 train_batch=500/12500 loss=2.522641
[rank 0] epoch=43 train_batch=1000/12500 loss=2.678753
[rank 0] epoch=43 train_batch=1500/12500 loss=2.884604
[rank 0] epoch=43 train_batch=2000/12500 loss=2.441844
[rank 0] epoch=43 train_batch=2500/12500 loss=2.322112
[rank 0] epoch=43 train_batch=3000/12500 loss=2.573422
[rank 0] epoch=43 train_batch=3500/12500 loss=2.521145
[rank 0] epoch=43 train_batch=4000/12500 loss=2.442696
[rank 0] epoch=43 train_batch=4500/12500 loss=2.435495
[rank 0] epoch=43 train_batch=5000/12500 loss=2.566233
[rank 0] epoch=43 train_batch=5500/12500 loss=2.553231
[rank 0] epoch=43 train_batch=6000/12500 loss=2.578571
[rank 0] epoch=43 train_batch=6500/12500 loss=2.506356
[rank 0] epoch=43 train_batch=7000/12500 loss=2.475103
[rank 0] epoch=43 train_batch=7500/12500 loss=2.366198
[rank 0] epoch=43 train_batch=8000/12500 loss=2.531008
[rank 0] epoch=43 train_batch=8500/12500 loss=2.370458
[rank 0] epoch=43 train_batch=9000/12500 loss=2.484279
[rank 0] epoch=43 train_batch=9500/12500 loss=2.532547
[rank 0] epoch=43 train_batch=10000/12500 loss=2.493822
[rank 0] epoch=43 train_batch=10500/12500 loss=2.329589
[rank 0] epoch=43 train_batch=11000/12500 loss=2.440806
[rank 0] epoch=43 train_batch=11500/12500 loss=2.332253
[rank 0] epoch=43 train_batch=12000/12500 loss=2.617561
[rank 0] epoch=43 train_batch=12500/12500 loss=2.519158
[rank 0] epoch=43 train_batch=13000/12500 loss=2.387745
[rank 0] epoch=43 train_batch=13500/12500 loss=2.545439
[rank 0] epoch=43 train_batch=14000/12500 loss=2.562363
[rank 0] epoch=43 train_batch=14500/12500 loss=2.462701
[rank 0] epoch=43 train_batch=15000/12500 loss=2.479824
[rank 0] epoch=43 train_batch=15500/12500 loss=2.353374
[rank 0] epoch=43 train_batch=16000/12500 loss=2.628425
[rank 0] epoch=43 train_batch=16500/12500 loss=2.451139
[rank 0] epoch=43 train_batch=17000/12500 loss=2.505972
[rank 0] epoch=43 train_batch=17500/12500 loss=2.366693
[rank 0] epoch=43 train_batch=18000/12500 loss=2.434825
[rank 0] epoch=43 train_batch=18500/12500 loss=2.495773
[rank 0] epoch=43 train_batch=19000/12500 loss=2.351377
[rank 0] epoch=43 train_batch=19500/12500 loss=2.490412
[rank 0] epoch=43 train_batch=20000/12500 loss=2.354612
[rank 0] epoch=43 train_batch=20500/12500 loss=2.628029
[rank 0] epoch=43 train_batch=21000/12500 loss=2.747900
[rank 0] epoch=43 train_batch=21500/12500 loss=2.592741
[rank 0] epoch=43 train_batch=22000/12500 loss=2.361132
[rank 0] epoch=43 train_batch=22500/12500 loss=2.704199
[rank 0] epoch=43 train_batch=23000/12500 loss=2.748737
[rank 0] epoch=43 train_batch=23500/12500 loss=2.451838
[rank 0] epoch=43 train_batch=24000/12500 loss=2.411911
[rank 0] epoch=43 train_batch=24500/12500 loss=2.494762
[rank 0] epoch=43 train_batch=25000/12500 loss=2.786848
Training epoch 43
[1.49237037e+00 3.15150841e-02 2.15573638e+00 1.93974319e-02
 1.10062452e-01 4.05694928e-08 5.27608700e-01 2.68009779e-02
 1.09555673e+00 1.64491118e-07 6.57411681e-01 2.32416863e-01
 3.99820140e+00 2.30709730e-01 8.17061222e-01 2.39406440e-01
 3.46389189e+00 2.78929053e-01 4.49056792e+00 6.64731744e-02
 2.95735438e-01 9.29995715e-02 2.31015335e-01 3.58249197e-08
 3.81311624e-01 4.94887461e-02 1.27820689e+00 3.53700091e-07
 2.11551991e-01 5.19517114e-02 9.36333412e-01 4.94918631e-02
 1.54211536e-01 7.74718462e-02 1.00333111e+00 7.24924728e-02
 1.72264005e+00 4.33938470e-02 6.00007298e-02 3.35471915e-02
 3.25460914e-01 1.83344797e-07 3.53890677e-01 1.38475110e-02
 1.54040997e+00 1.14039638e-08 2.22828098e-01 1.18740323e-01
 1.18559861e+00 7.16847200e-02 3.88362822e-01 1.24946130e-01
 1.02584709e+00 1.14899791e-01 1.92706325e+00 1.91478839e-02
 2.30293363e-01 7.05363063e-02 1.49293272e+00 7.05174262e-08
 6.90633402e-01 5.06907548e-02 1.26467020e+00 4.23259590e-08
 1.56806529e-01 1.42396280e-01 9.25184180e-01 7.56501476e-02
 2.65625934e-01 1.74359004e-01 9.97889760e-01 1.10702004e-01
 9.93954080e-01 2.41894306e-02 2.42190828e-01 3.44804377e-02
 1.31827440e+00 1.97352727e-02 3.84920531e-01 2.41609996e-01
 1.56195599e+00 1.41973396e-01 9.55531835e-01 1.48993452e-01
 2.83408517e+00 6.69365611e-02 2.52601877e+00 3.67659564e-01
 5.52123556e+00 2.33131431e-01 2.93664027e+00 1.25802379e+00
 6.82364157e+00 7.31726831e-01 3.69145318e+01 6.84830032e-01
 6.63480764e+01 9.24220185e+00]
train  L_V                   = +0.3410 (22.3%)
 train    L_V_attractive      = +0.1170 (7.6%)
 train      L_V_attractive_charged      = +0.1059 (6.9%)
 train      L_V_attractive_neutral      = +0.0111 (0.7%)
 train    L_V_repulsive       = +0.2241 (14.7%)
 train      L_V_repulsive_charged       = +0.0975 (6.4%)
 train      L_V_repulsive_neutral       = +0.1265 (8.3%)
 train    L_charged_cluster   = +0.0000 (0.0%)
 train  L_beta              = +0.1245 (8.1%)
 train    L_beta_noise        = +0.0000 (0.0%)
 train    L_beta_sig          = -0.4549 (-29.8%)
 train    L_beta_suppress     = +0.0000 (0.0%)
 train    L_beta_track        = +0.5794 (37.9%)
 train      L_beta_norms_term   = -0.5357 (-35.0%)
 train      L_beta_logbeta_term = +0.0808 (5.3%)
 train  L_E   = +1.0635 (69.6%)
 train    L_E_charge = +0.0000 (0.0%)
 train    L_E_cond = +0.5818 (38.0%)
 train    L_E_cluster = +0.4817 (31.5%)
 train    L_E_w_photon   = +0.0000 (0.0%)
 train    L_E_w_charged_hadron   = +0.0000 (0.0%)
 train    L_E_w_neutral_hadron   = +0.0000 (0.0%)
 train    L_E_w_muon     = +0.0000 (0.0%)
 train    L_E_w_electron = +0.0000 (0.0%)
learning rate :  [0.00019945246344205893, 0.0001978158526933439, 0.00019510809880370062, 0.00019135886849137794, 0.00018660923910825467, 0.000180911248587776, 0.00017432732530646558, 0.00016692960410556788, 0.0001587991359666327, 0.000150025, 0.00014070332747542625, 0.000130936248587776, 0.00012083077349723503, 0.00011049761990360197, 0.00010005, 8.960238009639805e-05, 7.926922650276498e-05, 6.916375141222402e-05, 5.939667252457379e-05, 5.0075000000000025e-05, 4.130086403336732e-05, 3.3170395894432155e-05, 2.5772674693534433e-05, 1.9188751412224014e-05, 1.3490760891745352e-05, 8.741131508622033e-06, 4.991901196299404e-06, 2.284147306656121e-06, 6.475365579410847e-07, 1e-07, 0.0001995474186611798, 0.00019819377329140754, 0.00019595132271276903, 0.00019284037490495648, 0.00018888910309305962, 0.00018413329060647658, 0.0001786160068195416, 0.00017238721710860177, 0.00016550333035783126, 0.00015802668811164128, 0.000150025, 0.00014157073054953858, 0.00013274044293357632, 0.00012361410560416728]
train loss :  2.5289597511291504
[rank 0] epoch=43 valid_batch=500/1563
[rank 0] epoch=43 valid_batch=1000/1563
[rank 0] epoch=43 valid_batch=1500/1563
[rank 0] epoch=43 valid_batch=2000/1563
[rank 0] epoch=43 valid_batch=2500/1563
[rank 0] epoch=43 valid_batch=3000/1563
test   L_V                   = +0.3490 (21.8%)
    L_V_attractive      = +0.1153 (7.2%)
      L_V_attractive_charged      = +0.1018 (6.4%)
      L_V_attractive_neutral      = +0.0134 (0.8%)
    L_V_repulsive       = +0.2337 (14.6%)
      L_V_repulsive_charged       = +0.1041 (6.5%)
      L_V_repulsive_neutral       = +0.1296 (8.1%)
    L_charged_cluster   = +0.0000 (0.0%)
  L_beta              = +0.1158 (7.2%)
    L_beta_noise        = +0.0000 (0.0%)
    L_beta_sig          = -0.4624 (-28.9%)
    L_beta_suppress     = +0.0000 (0.0%)
    L_beta_track        = +0.5781 (36.1%)
      L_beta_norms_term   = -0.5408 (-33.8%)
      L_beta_logbeta_term = +0.0784 (4.9%)
  L_E   = +1.1349 (70.9%)
    L_E_charge = +0.0000 (0.0%)
    L_E_cond = +0.5194 (32.5%)
    L_E_cluster = +0.6155 (38.5%)
    L_E_w_photon   = +0.0000 (0.0%)
    L_E_w_charged_hadron   = +0.0000 (0.0%)
    L_E_w_neutral_hadron   = +0.0000 (0.0%)
    L_E_w_muon     = +0.0000 (0.0%)
    L_E_w_electron = +0.0000 (0.0%)
Returning 2.599684238433838
[rank 0] epoch=44 train_batch=500/12500 loss=2.648898
[rank 0] epoch=44 train_batch=1000/12500 loss=2.934281
[rank 0] epoch=44 train_batch=1500/12500 loss=2.666544
[rank 0] epoch=44 train_batch=2000/12500 loss=2.527895
[rank 0] epoch=44 train_batch=2500/12500 loss=2.483266
[rank 0] epoch=44 train_batch=3000/12500 loss=2.522141
[rank 0] epoch=44 train_batch=3500/12500 loss=2.597235
[rank 0] epoch=44 train_batch=4000/12500 loss=2.578156
[rank 0] epoch=44 train_batch=4500/12500 loss=2.352455
[rank 0] epoch=44 train_batch=5000/12500 loss=2.428549
[rank 0] epoch=44 train_batch=5500/12500 loss=2.468330
[rank 0] epoch=44 train_batch=6000/12500 loss=2.396166
[rank 0] epoch=44 train_batch=6500/12500 loss=2.367525
[rank 0] epoch=44 train_batch=7000/12500 loss=2.442164
[rank 0] epoch=44 train_batch=7500/12500 loss=2.511197
[rank 0] epoch=44 train_batch=8000/12500 loss=2.694001
[rank 0] epoch=44 train_batch=8500/12500 loss=2.474577
[rank 0] epoch=44 train_batch=9000/12500 loss=2.453858
[rank 0] epoch=44 train_batch=9500/12500 loss=2.422500
[rank 0] epoch=44 train_batch=10000/12500 loss=2.378872
[rank 0] epoch=44 train_batch=10500/12500 loss=2.502437
[rank 0] epoch=44 train_batch=11000/12500 loss=2.460216
[rank 0] epoch=44 train_batch=11500/12500 loss=2.638028
[rank 0] epoch=44 train_batch=12000/12500 loss=2.292824
[rank 0] epoch=44 train_batch=12500/12500 loss=2.542620
[rank 0] epoch=44 train_batch=13000/12500 loss=2.773442
[rank 0] epoch=44 train_batch=13500/12500 loss=2.352551
[rank 0] epoch=44 train_batch=14000/12500 loss=2.756012
[rank 0] epoch=44 train_batch=14500/12500 loss=2.546310
[rank 0] epoch=44 train_batch=15000/12500 loss=2.641742
[rank 0] epoch=44 train_batch=15500/12500 loss=2.497745
[rank 0] epoch=44 train_batch=16000/12500 loss=2.506435
[rank 0] epoch=44 train_batch=16500/12500 loss=2.339254
[rank 0] epoch=44 train_batch=17000/12500 loss=2.455692
[rank 0] epoch=44 train_batch=17500/12500 loss=2.539188
[rank 0] epoch=44 train_batch=18000/12500 loss=2.570411
[rank 0] epoch=44 train_batch=18500/12500 loss=2.609417
[rank 0] epoch=44 train_batch=19000/12500 loss=2.649415
[rank 0] epoch=44 train_batch=19500/12500 loss=2.551689
[rank 0] epoch=44 train_batch=20000/12500 loss=2.390551
[rank 0] epoch=44 train_batch=20500/12500 loss=2.638665
[rank 0] epoch=44 train_batch=21000/12500 loss=2.520119
[rank 0] epoch=44 train_batch=21500/12500 loss=2.456884
[rank 0] epoch=44 train_batch=22000/12500 loss=2.622039
[rank 0] epoch=44 train_batch=22500/12500 loss=2.460365
[rank 0] epoch=44 train_batch=23000/12500 loss=2.559363
[rank 0] epoch=44 train_batch=23500/12500 loss=2.577734
[rank 0] epoch=44 train_batch=24000/12500 loss=2.687155
[rank 0] epoch=44 train_batch=24500/12500 loss=2.380363
[rank 0] epoch=44 train_batch=25000/12500 loss=2.315282
Training epoch 44
[1.64054955e+00 3.58632385e-02 2.24422883e+00 2.13655056e-02
 1.02431434e-01 4.19950077e-08 5.44254456e-01 2.83763757e-02
 1.13545547e+00 1.67181816e-07 6.70326077e-01 2.30739267e-01
 3.98447322e+00 2.25396740e-01 8.13621381e-01 2.58600350e-01
 3.44726680e+00 2.87324182e-01 4.55066489e+00 7.00829727e-02
 2.57564140e-01 8.61485145e-02 2.42796973e-01 3.77995263e-08
 4.03489647e-01 5.08670397e-02 1.33265689e+00 3.44854170e-07
 2.25259088e-01 5.67552912e-02 9.91872683e-01 5.31853039e-02
 1.63878354e-01 8.17309584e-02 1.03128753e+00 7.70590109e-02
 1.79956816e+00 4.33940102e-02 6.52243791e-02 3.37758290e-02
 4.19006993e-01 1.86820652e-07 3.88679784e-01 1.54747882e-02
 1.38469027e+00 1.15578351e-08 2.29761973e-01 1.12519357e-01
 1.21835563e+00 7.08096039e-02 3.98698033e-01 1.25406593e-01
 1.01539349e+00 1.14373207e-01 1.99398509e+00 2.04408428e-02
 2.31903734e-01 5.91937654e-02 1.91463086e+00 7.13787926e-08
 6.57582654e-01 3.85752739e-02 1.13460526e+00 4.15802007e-08
 1.62104582e-01 1.51401650e-01 9.17751658e-01 8.09183089e-02
 2.84817369e-01 1.93801595e-01 1.04793335e+00 1.20562091e-01
 1.02170772e+00 2.42366274e-02 2.66526027e-01 3.46419073e-02
 1.31764521e+00 1.91532293e-02 4.02313386e-01 2.41828198e-01
 1.56911595e+00 1.40532894e-01 9.58412163e-01 1.49351160e-01
 2.82243511e+00 6.70351649e-02 2.58724178e+00 4.17294924e-01
 5.82549128e+00 2.65857702e-01 3.12230268e+00 1.04554090e+00
 5.66214970e+00 4.83537332e-01 3.50748559e+01 5.41731513e-01
 6.39815804e+01 9.48441536e+00]
train  L_V                   = +0.3339 (21.9%)
 train    L_V_attractive      = +0.1143 (7.5%)
 train      L_V_attractive_charged      = +0.1028 (6.8%)
 train      L_V_attractive_neutral      = +0.0115 (0.8%)
 train    L_V_repulsive       = +0.2196 (14.4%)
 train      L_V_repulsive_charged       = +0.0963 (6.3%)
 train      L_V_repulsive_neutral       = +0.1233 (8.1%)
 train    L_charged_cluster   = +0.0000 (0.0%)
 train  L_beta              = +0.1166 (7.7%)
 train    L_beta_noise        = +0.0000 (0.0%)
 train    L_beta_sig          = -0.4626 (-30.4%)
 train    L_beta_suppress     = +0.0000 (0.0%)
 train    L_beta_track        = +0.5792 (38.0%)
 train      L_beta_norms_term   = -0.5419 (-35.6%)
 train      L_beta_logbeta_term = +0.0794 (5.2%)
 train  L_E   = +1.0724 (70.4%)
 train    L_E_charge = +0.0000 (0.0%)
 train    L_E_cond = +0.5689 (37.4%)
 train    L_E_cluster = +0.5035 (33.1%)
 train    L_E_w_photon   = +0.0000 (0.0%)
 train    L_E_w_charged_hadron   = +0.0000 (0.0%)
 train    L_E_w_neutral_hadron   = +0.0000 (0.0%)
 train    L_E_w_muon     = +0.0000 (0.0%)
 train    L_E_w_electron = +0.0000 (0.0%)
learning rate :  [0.00019945246344205893, 0.0001978158526933439, 0.00019510809880370062, 0.00019135886849137794, 0.00018660923910825467, 0.000180911248587776, 0.00017432732530646558, 0.00016692960410556788, 0.0001587991359666327, 0.000150025, 0.00014070332747542625, 0.000130936248587776, 0.00012083077349723503, 0.00011049761990360197, 0.00010005, 8.960238009639805e-05, 7.926922650276498e-05, 6.916375141222402e-05, 5.939667252457379e-05, 5.0075000000000025e-05, 4.130086403336732e-05, 3.3170395894432155e-05, 2.5772674693534433e-05, 1.9188751412224014e-05, 1.3490760891745352e-05, 8.741131508622033e-06, 4.991901196299404e-06, 2.284147306656121e-06, 6.475365579410847e-07, 1e-07, 0.0001995474186611798, 0.00019819377329140754, 0.00019595132271276903, 0.00019284037490495648, 0.00018888910309305962, 0.00018413329060647658, 0.0001786160068195416, 0.00017238721710860177, 0.00016550333035783126, 0.00015802668811164128, 0.000150025, 0.00014157073054953858, 0.00013274044293357632, 0.00012361410560416728, 0.00011427436808541487]
train loss :  2.5229239463806152
[rank 0] epoch=44 valid_batch=500/1563
[rank 0] epoch=44 valid_batch=1000/1563
[rank 0] epoch=44 valid_batch=1500/1563
[rank 0] epoch=44 valid_batch=2000/1563
[rank 0] epoch=44 valid_batch=2500/1563
[rank 0] epoch=44 valid_batch=3000/1563
test   L_V                   = +0.3147 (20.9%)
    L_V_attractive      = +0.1127 (7.5%)
      L_V_attractive_charged      = +0.0993 (6.6%)
      L_V_attractive_neutral      = +0.0133 (0.9%)
    L_V_repulsive       = +0.2020 (13.4%)
      L_V_repulsive_charged       = +0.0881 (5.9%)
      L_V_repulsive_neutral       = +0.1138 (7.6%)
    L_charged_cluster   = +0.0000 (0.0%)
  L_beta              = +0.1168 (7.8%)
    L_beta_noise        = +0.0000 (0.0%)
    L_beta_sig          = -0.4629 (-30.8%)
    L_beta_suppress     = +0.0000 (0.0%)
    L_beta_track        = +0.5797 (38.6%)
      L_beta_norms_term   = -0.5428 (-36.1%)
      L_beta_logbeta_term = +0.0799 (5.3%)
  L_E   = +1.0721 (71.3%)
    L_E_charge = +0.0000 (0.0%)
    L_E_cond = +0.5288 (35.2%)
    L_E_cluster = +0.5432 (36.1%)
    L_E_w_photon   = +0.0000 (0.0%)
    L_E_w_charged_hadron   = +0.0000 (0.0%)
    L_E_w_neutral_hadron   = +0.0000 (0.0%)
    L_E_w_muon     = +0.0000 (0.0%)
    L_E_w_electron = +0.0000 (0.0%)
Returning 2.503485679626465
[rank 0] epoch=45 train_batch=500/12500 loss=2.387033
[rank 0] epoch=45 train_batch=1000/12500 loss=2.446355
[rank 0] epoch=45 train_batch=1500/12500 loss=2.397765
[rank 0] epoch=45 train_batch=2000/12500 loss=2.545295
[rank 0] epoch=45 train_batch=2500/12500 loss=2.396433
[rank 0] epoch=45 train_batch=3000/12500 loss=2.742983
[rank 0] epoch=45 train_batch=3500/12500 loss=2.500368
[rank 0] epoch=45 train_batch=4000/12500 loss=2.632375
[rank 0] epoch=45 train_batch=4500/12500 loss=2.484550
[rank 0] epoch=45 train_batch=5000/12500 loss=2.296302
[rank 0] epoch=45 train_batch=5500/12500 loss=2.559196
[rank 0] epoch=45 train_batch=6000/12500 loss=2.467004
[rank 0] epoch=45 train_batch=6500/12500 loss=2.628740
[rank 0] epoch=45 train_batch=7000/12500 loss=2.441530
[rank 0] epoch=45 train_batch=7500/12500 loss=2.415889
[rank 0] epoch=45 train_batch=8000/12500 loss=2.485391
[rank 0] epoch=45 train_batch=8500/12500 loss=2.378204
[rank 0] epoch=45 train_batch=9000/12500 loss=2.512237
[rank 0] epoch=45 train_batch=9500/12500 loss=2.370690
[rank 0] epoch=45 train_batch=10000/12500 loss=2.365564
[rank 0] epoch=45 train_batch=10500/12500 loss=2.667985
[rank 0] epoch=45 train_batch=11000/12500 loss=2.634100
[rank 0] epoch=45 train_batch=11500/12500 loss=2.476242
[rank 0] epoch=45 train_batch=12000/12500 loss=2.466557
[rank 0] epoch=45 train_batch=12500/12500 loss=2.467311
[rank 0] epoch=45 train_batch=13000/12500 loss=2.543329
[rank 0] epoch=45 train_batch=13500/12500 loss=2.476949
[rank 0] epoch=45 train_batch=14000/12500 loss=2.630354
[rank 0] epoch=45 train_batch=14500/12500 loss=2.418424
[rank 0] epoch=45 train_batch=15000/12500 loss=2.538943
[rank 0] epoch=45 train_batch=15500/12500 loss=2.327684
[rank 0] epoch=45 train_batch=16000/12500 loss=2.256005
[rank 0] epoch=45 train_batch=16500/12500 loss=2.387992
[rank 0] epoch=45 train_batch=17000/12500 loss=2.467247
[rank 0] epoch=45 train_batch=17500/12500 loss=2.433798
[rank 0] epoch=45 train_batch=18000/12500 loss=2.445019
[rank 0] epoch=45 train_batch=18500/12500 loss=2.483111
[rank 0] epoch=45 train_batch=19000/12500 loss=2.450139
[rank 0] epoch=45 train_batch=19500/12500 loss=2.408625
[rank 0] epoch=45 train_batch=20000/12500 loss=2.380718
[rank 0] epoch=45 train_batch=20500/12500 loss=2.426079
[rank 0] epoch=45 train_batch=21000/12500 loss=2.824564
[rank 0] epoch=45 train_batch=21500/12500 loss=2.551275
[rank 0] epoch=45 train_batch=22000/12500 loss=2.620391
[rank 0] epoch=45 train_batch=22500/12500 loss=2.568720
[rank 0] epoch=45 train_batch=23000/12500 loss=2.634998
[rank 0] epoch=45 train_batch=23500/12500 loss=2.327532
[rank 0] epoch=45 train_batch=24000/12500 loss=2.602183
[rank 0] epoch=45 train_batch=24500/12500 loss=2.462832
[rank 0] epoch=45 train_batch=25000/12500 loss=2.411154
Training epoch 45
[1.77208232e+00 3.71219097e-02 2.23308205e+00 2.22067032e-02
 6.98137648e-02 2.47366624e-08 5.01106522e-01 2.82894917e-02
 1.08314015e+00 1.50381975e-07 6.61530675e-01 2.32665082e-01
 3.88128789e+00 2.18191867e-01 8.01696980e-01 2.70984518e-01
 3.40389143e+00 2.92950187e-01 4.52131164e+00 6.35950104e-02
 2.11411855e-01 8.68378598e-02 2.08228624e-01 3.38801763e-08
 4.34032447e-01 5.63833600e-02 1.40010001e+00 3.21023664e-07
 2.42094470e-01 5.95451915e-02 1.05615002e+00 5.60638985e-02
 1.77244277e-01 8.78770110e-02 1.12397220e+00 8.28093162e-02
 1.96533162e+00 4.76162070e-02 7.41504192e-02 3.76296145e-02
 5.68117647e-01 1.75326526e-07 3.86151631e-01 1.78899356e-02
 1.36044304e+00 1.20683268e-08 2.42554489e-01 1.18788081e-01
 1.30680412e+00 7.30068255e-02 3.97718643e-01 1.30247727e-01
 1.02960915e+00 1.18256564e-01 2.11690597e+00 2.29931618e-02
 2.52483811e-01 5.33299429e-02 2.44734053e+00 7.29028903e-08
 6.51686576e-01 3.11996612e-02 1.08570699e+00 4.75677612e-08
 1.72136194e-01 1.61167459e-01 9.43642195e-01 8.83985471e-02
 3.22944026e-01 2.17220259e-01 1.12918610e+00 1.35354957e-01
 1.08336322e+00 2.47706875e-02 2.94675246e-01 3.56895552e-02
 1.32864478e+00 1.94195712e-02 4.27607960e-01 2.48130478e-01
 1.58711962e+00 1.38528761e-01 9.78054653e-01 1.49588732e-01
 2.78480064e+00 6.88664910e-02 2.72722421e+00 5.11007481e-01
 6.08529791e+00 3.27989376e-01 3.32725778e+00 9.37139824e-01
 5.47187193e+00 3.94230414e-01 3.15287575e+01 4.14959534e-01
 6.37616242e+01 9.56084485e+00]
train  L_V                   = +0.3297 (22.1%)
 train    L_V_attractive      = +0.1142 (7.7%)
 train      L_V_attractive_charged      = +0.1019 (6.8%)
 train      L_V_attractive_neutral      = +0.0123 (0.8%)
 train    L_V_repulsive       = +0.2155 (14.5%)
 train      L_V_repulsive_charged       = +0.0948 (6.4%)
 train      L_V_repulsive_neutral       = +0.1207 (8.1%)
 train    L_charged_cluster   = +0.0000 (0.0%)
 train  L_beta              = +0.1100 (7.4%)
 train    L_beta_noise        = +0.0000 (0.0%)
 train    L_beta_sig          = -0.4691 (-31.5%)
 train    L_beta_suppress     = +0.0000 (0.0%)
 train    L_beta_track        = +0.5791 (38.8%)
 train      L_beta_norms_term   = -0.5475 (-36.7%)
 train      L_beta_logbeta_term = +0.0784 (5.3%)
 train  L_E   = +1.0518 (70.5%)
 train    L_E_charge = +0.0000 (0.0%)
 train    L_E_cond = +0.5554 (37.2%)
 train    L_E_cluster = +0.4965 (33.3%)
 train    L_E_w_photon   = +0.0000 (0.0%)
 train    L_E_w_charged_hadron   = +0.0000 (0.0%)
 train    L_E_w_neutral_hadron   = +0.0000 (0.0%)
 train    L_E_w_muon     = +0.0000 (0.0%)
 train    L_E_w_electron = +0.0000 (0.0%)
learning rate :  [0.00019945246344205893, 0.0001978158526933439, 0.00019510809880370062, 0.00019135886849137794, 0.00018660923910825467, 0.000180911248587776, 0.00017432732530646558, 0.00016692960410556788, 0.0001587991359666327, 0.000150025, 0.00014070332747542625, 0.000130936248587776, 0.00012083077349723503, 0.00011049761990360197, 0.00010005, 8.960238009639805e-05, 7.926922650276498e-05, 6.916375141222402e-05, 5.939667252457379e-05, 5.0075000000000025e-05, 4.130086403336732e-05, 3.3170395894432155e-05, 2.5772674693534433e-05, 1.9188751412224014e-05, 1.3490760891745352e-05, 8.741131508622033e-06, 4.991901196299404e-06, 2.284147306656121e-06, 6.475365579410847e-07, 1e-07, 0.0001995474186611798, 0.00019819377329140754, 0.00019595132271276903, 0.00019284037490495648, 0.00018888910309305962, 0.00018413329060647658, 0.0001786160068195416, 0.00017238721710860177, 0.00016550333035783126, 0.00015802668811164128, 0.000150025, 0.00014157073054953858, 0.00013274044293357632, 0.00012361410560416728, 0.00011427436808541487, 0.00010480581248658307]
train loss :  2.4915456771850586
[rank 0] epoch=45 valid_batch=500/1563
[rank 0] epoch=45 valid_batch=1000/1563
[rank 0] epoch=45 valid_batch=1500/1563
[rank 0] epoch=45 valid_batch=2000/1563
[rank 0] epoch=45 valid_batch=2500/1563
[rank 0] epoch=45 valid_batch=3000/1563
test   L_V                   = +0.3175 (19.7%)
    L_V_attractive      = +0.1047 (6.5%)
      L_V_attractive_charged      = +0.0935 (5.8%)
      L_V_attractive_neutral      = +0.0112 (0.7%)
    L_V_repulsive       = +0.2128 (13.2%)
      L_V_repulsive_charged       = +0.0943 (5.9%)
      L_V_repulsive_neutral       = +0.1185 (7.4%)
    L_charged_cluster   = +0.0000 (0.0%)
  L_beta              = +0.1186 (7.4%)
    L_beta_noise        = +0.0000 (0.0%)
    L_beta_sig          = -0.4605 (-28.6%)
    L_beta_suppress     = +0.0000 (0.0%)
    L_beta_track        = +0.5791 (35.9%)
      L_beta_norms_term   = -0.5477 (-34.0%)
      L_beta_logbeta_term = +0.0872 (5.4%)
  L_E   = +1.1754 (72.9%)
    L_E_charge = +0.0000 (0.0%)
    L_E_cond = +0.6105 (37.9%)
    L_E_cluster = +0.5649 (35.1%)
    L_E_w_photon   = +0.0000 (0.0%)
    L_E_w_charged_hadron   = +0.0000 (0.0%)
    L_E_w_neutral_hadron   = +0.0000 (0.0%)
    L_E_w_muon     = +0.0000 (0.0%)
    L_E_w_electron = +0.0000 (0.0%)
Returning 2.6114706993103027
[rank 0] epoch=46 train_batch=500/12500 loss=2.684599
[rank 0] epoch=46 train_batch=1000/12500 loss=2.537325
[rank 0] epoch=46 train_batch=1500/12500 loss=2.445076
[rank 0] epoch=46 train_batch=2000/12500 loss=2.609271
[rank 0] epoch=46 train_batch=2500/12500 loss=2.859881
[rank 0] epoch=46 train_batch=3000/12500 loss=2.374401
[rank 0] epoch=46 train_batch=3500/12500 loss=2.342460
[rank 0] epoch=46 train_batch=4000/12500 loss=2.417594
[rank 0] epoch=46 train_batch=4500/12500 loss=2.563270
[rank 0] epoch=46 train_batch=5000/12500 loss=2.355831
[rank 0] epoch=46 train_batch=5500/12500 loss=2.330427
[rank 0] epoch=46 train_batch=6000/12500 loss=2.271819
[rank 0] epoch=46 train_batch=6500/12500 loss=2.435613
[rank 0] epoch=46 train_batch=7000/12500 loss=2.702047
[rank 0] epoch=46 train_batch=7500/12500 loss=2.606002
[rank 0] epoch=46 train_batch=8000/12500 loss=2.507615
[rank 0] epoch=46 train_batch=8500/12500 loss=2.325988
[rank 0] epoch=46 train_batch=9000/12500 loss=2.426961
[rank 0] epoch=46 train_batch=9500/12500 loss=2.526360
[rank 0] epoch=46 train_batch=10000/12500 loss=2.697330
[rank 0] epoch=46 train_batch=10500/12500 loss=2.419691
[rank 0] epoch=46 train_batch=11000/12500 loss=2.515355
[rank 0] epoch=46 train_batch=11500/12500 loss=2.552667
[rank 0] epoch=46 train_batch=12000/12500 loss=2.354070
[rank 0] epoch=46 train_batch=12500/12500 loss=2.667230
[rank 0] epoch=46 train_batch=13000/12500 loss=2.252304
[rank 0] epoch=46 train_batch=13500/12500 loss=2.518875
[rank 0] epoch=46 train_batch=14000/12500 loss=2.403991
[rank 0] epoch=46 train_batch=14500/12500 loss=2.562618
[rank 0] epoch=46 train_batch=15000/12500 loss=2.509182
[rank 0] epoch=46 train_batch=15500/12500 loss=2.584501
[rank 0] epoch=46 train_batch=16000/12500 loss=2.865863
[rank 0] epoch=46 train_batch=16500/12500 loss=2.471222
[rank 0] epoch=46 train_batch=17000/12500 loss=2.347389
[rank 0] epoch=46 train_batch=17500/12500 loss=2.373144
[rank 0] epoch=46 train_batch=18000/12500 loss=2.422914
[rank 0] epoch=46 train_batch=18500/12500 loss=2.588658
[rank 0] epoch=46 train_batch=19000/12500 loss=2.526329
[rank 0] epoch=46 train_batch=19500/12500 loss=2.557669
[rank 0] epoch=46 train_batch=20000/12500 loss=2.282586
[rank 0] epoch=46 train_batch=20500/12500 loss=2.408801
[rank 0] epoch=46 train_batch=21000/12500 loss=2.377229
[rank 0] epoch=46 train_batch=21500/12500 loss=2.423828
[rank 0] epoch=46 train_batch=22000/12500 loss=2.247982
[rank 0] epoch=46 train_batch=22500/12500 loss=2.421043
[rank 0] epoch=46 train_batch=23000/12500 loss=2.518221
[rank 0] epoch=46 train_batch=23500/12500 loss=2.542804
[rank 0] epoch=46 train_batch=24000/12500 loss=2.528078
[rank 0] epoch=46 train_batch=24500/12500 loss=2.668887
[rank 0] epoch=46 train_batch=25000/12500 loss=2.758818
Training epoch 46
[1.81419687e+00 4.66906053e-02 2.27705650e+00 2.62228171e-02
 7.28748702e-02 2.09488710e-08 5.12134518e-01 3.20715715e-02
 1.07718907e+00 1.39211464e-07 6.68040946e-01 2.24644136e-01
 3.88852344e+00 2.12462545e-01 7.91701418e-01 2.76542651e-01
 3.37768448e+00 2.96136834e-01 4.40822316e+00 6.11102780e-02
 2.16205102e-01 8.34080839e-02 1.84749929e-01 3.28755056e-08
 4.54956466e-01 5.66136640e-02 1.38284258e+00 2.91179530e-07
 2.53871634e-01 5.72987097e-02 1.10369530e+00 5.49011903e-02
 1.85648520e-01 9.05599962e-02 1.13904564e+00 8.49698433e-02
 2.00495169e+00 5.11065724e-02 7.40213981e-02 3.92730976e-02
 6.72810859e-01 1.61895635e-07 3.88310067e-01 1.78955461e-02
 1.25720550e+00 1.18542661e-08 2.31110901e-01 1.24589894e-01
 1.28499728e+00 7.52736775e-02 3.82193667e-01 1.35873028e-01
 1.02544460e+00 1.20018395e-01 2.10460535e+00 2.39463114e-02
 2.62582012e-01 5.30832532e-02 2.49638501e+00 7.24116246e-08
 6.44461059e-01 2.90898619e-02 1.06480650e+00 4.99747353e-08
 1.70230826e-01 1.61416921e-01 9.51506954e-01 9.08566191e-02
 3.41067186e-01 2.31619968e-01 1.17341065e+00 1.40367676e-01
 1.11726516e+00 2.53902974e-02 3.04697665e-01 3.82818529e-02
 1.35710515e+00 2.00709456e-02 4.26698272e-01 2.54600799e-01
 1.58767712e+00 1.35152750e-01 9.93765774e-01 1.58397957e-01
 2.80890474e+00 7.18702899e-02 2.85136411e+00 5.50261219e-01
 6.26017930e+00 3.52200377e-01 3.40881700e+00 1.00941749e+00
 5.69627455e+00 4.13055142e-01 3.79909909e+01 4.44217216e-01
 6.45054015e+01 9.74061875e+00]
train  L_V                   = +0.3249 (21.8%)
 train    L_V_attractive      = +0.1121 (7.5%)
 train      L_V_attractive_charged      = +0.0995 (6.7%)
 train      L_V_attractive_neutral      = +0.0126 (0.8%)
 train    L_V_repulsive       = +0.2128 (14.3%)
 train      L_V_repulsive_charged       = +0.0936 (6.3%)
 train      L_V_repulsive_neutral       = +0.1192 (8.0%)
 train    L_charged_cluster   = +0.0000 (0.0%)
 train  L_beta              = +0.1041 (7.0%)
 train    L_beta_noise        = +0.0000 (0.0%)
 train    L_beta_sig          = -0.4748 (-31.9%)
 train    L_beta_suppress     = +0.0000 (0.0%)
 train    L_beta_track        = +0.5789 (38.9%)
 train      L_beta_norms_term   = -0.5525 (-37.1%)
 train      L_beta_logbeta_term = +0.0777 (5.2%)
 train  L_E   = +1.0589 (71.2%)
 train    L_E_charge = +0.0000 (0.0%)
 train    L_E_cond = +0.5481 (36.8%)
 train    L_E_cluster = +0.5108 (34.3%)
 train    L_E_w_photon   = +0.0000 (0.0%)
 train    L_E_w_charged_hadron   = +0.0000 (0.0%)
 train    L_E_w_neutral_hadron   = +0.0000 (0.0%)
 train    L_E_w_muon     = +0.0000 (0.0%)
 train    L_E_w_electron = +0.0000 (0.0%)
learning rate :  [0.00019945246344205893, 0.0001978158526933439, 0.00019510809880370062, 0.00019135886849137794, 0.00018660923910825467, 0.000180911248587776, 0.00017432732530646558, 0.00016692960410556788, 0.0001587991359666327, 0.000150025, 0.00014070332747542625, 0.000130936248587776, 0.00012083077349723503, 0.00011049761990360197, 0.00010005, 8.960238009639805e-05, 7.926922650276498e-05, 6.916375141222402e-05, 5.939667252457379e-05, 5.0075000000000025e-05, 4.130086403336732e-05, 3.3170395894432155e-05, 2.5772674693534433e-05, 1.9188751412224014e-05, 1.3490760891745352e-05, 8.741131508622033e-06, 4.991901196299404e-06, 2.284147306656121e-06, 6.475365579410847e-07, 1e-07, 0.0001995474186611798, 0.00019819377329140754, 0.00019595132271276903, 0.00019284037490495648, 0.00018888910309305962, 0.00018413329060647658, 0.0001786160068195416, 0.00017238721710860177, 0.00016550333035783126, 0.00015802668811164128, 0.000150025, 0.00014157073054953858, 0.00013274044293357632, 0.00012361410560416728, 0.00011427436808541487, 0.00010480581248658307, 9.529418751341697e-05]
train loss :  2.487874984741211
[rank 0] epoch=46 valid_batch=500/1563
[rank 0] epoch=46 valid_batch=1000/1563
[rank 0] epoch=46 valid_batch=1500/1563
[rank 0] epoch=46 valid_batch=2000/1563
[rank 0] epoch=46 valid_batch=2500/1563
[rank 0] epoch=46 valid_batch=3000/1563
test   L_V                   = +10.4342 (88.8%)
    L_V_attractive      = +10.2410 (87.1%)
      L_V_attractive_charged      = +8.1753 (69.6%)
      L_V_attractive_neutral      = +2.0657 (17.6%)
    L_V_repulsive       = +0.1932 (1.6%)
      L_V_repulsive_charged       = +0.0849 (0.7%)
      L_V_repulsive_neutral       = +0.1083 (0.9%)
    L_charged_cluster   = +0.0000 (0.0%)
  L_beta              = +0.1396 (1.2%)
    L_beta_noise        = +0.0000 (0.0%)
    L_beta_sig          = -0.4404 (-3.7%)
    L_beta_suppress     = +0.0000 (0.0%)
    L_beta_track        = +0.5799 (4.9%)
      L_beta_norms_term   = -0.5363 (-4.6%)
      L_beta_logbeta_term = +0.0959 (0.8%)
  L_E   = +1.1779 (10.0%)
    L_E_charge = +0.0000 (0.0%)
    L_E_cond = +0.6656 (5.7%)
    L_E_cluster = +0.5123 (4.4%)
    L_E_w_photon   = +0.0000 (0.0%)
    L_E_w_charged_hadron   = +0.0000 (0.0%)
    L_E_w_neutral_hadron   = +0.0000 (0.0%)
    L_E_w_muon     = +0.0000 (0.0%)
    L_E_w_electron = +0.0000 (0.0%)
Returning 12.751678466796875
[rank 0] epoch=47 train_batch=500/12500 loss=2.338816
[rank 0] epoch=47 train_batch=1000/12500 loss=2.464240
[rank 0] epoch=47 train_batch=1500/12500 loss=2.374644
[rank 0] epoch=47 train_batch=2000/12500 loss=2.801402
[rank 0] epoch=47 train_batch=2500/12500 loss=2.566425
[rank 0] epoch=47 train_batch=3000/12500 loss=2.789934
[rank 0] epoch=47 train_batch=3500/12500 loss=2.378615
[rank 0] epoch=47 train_batch=4000/12500 loss=2.578649
[rank 0] epoch=47 train_batch=4500/12500 loss=2.778984
[rank 0] epoch=47 train_batch=5000/12500 loss=2.576557
[rank 0] epoch=47 train_batch=5500/12500 loss=2.287621
[rank 0] epoch=47 train_batch=6000/12500 loss=2.363602
[rank 0] epoch=47 train_batch=6500/12500 loss=2.584868
[rank 0] epoch=47 train_batch=7000/12500 loss=2.359540
[rank 0] epoch=47 train_batch=7500/12500 loss=2.427649
[rank 0] epoch=47 train_batch=8000/12500 loss=2.364619
[rank 0] epoch=47 train_batch=8500/12500 loss=2.478040
[rank 0] epoch=47 train_batch=9000/12500 loss=2.455563
[rank 0] epoch=47 train_batch=9500/12500 loss=2.411879
[rank 0] epoch=47 train_batch=10000/12500 loss=2.355594
[rank 0] epoch=47 train_batch=10500/12500 loss=2.678846
[rank 0] epoch=47 train_batch=11000/12500 loss=2.444526
[rank 0] epoch=47 train_batch=11500/12500 loss=2.328063
[rank 0] epoch=47 train_batch=12000/12500 loss=2.169379
[rank 0] epoch=47 train_batch=12500/12500 loss=2.522325
[rank 0] epoch=47 train_batch=13000/12500 loss=2.567430
[rank 0] epoch=47 train_batch=13500/12500 loss=2.668871
[rank 0] epoch=47 train_batch=14000/12500 loss=2.387746
[rank 0] epoch=47 train_batch=14500/12500 loss=2.264097
[rank 0] epoch=47 train_batch=15000/12500 loss=2.411062
[rank 0] epoch=47 train_batch=15500/12500 loss=2.365976
[rank 0] epoch=47 train_batch=16000/12500 loss=2.461102
[rank 0] epoch=47 train_batch=16500/12500 loss=2.924426
[rank 0] epoch=47 train_batch=17000/12500 loss=2.439770
[rank 0] epoch=47 train_batch=17500/12500 loss=2.422061
[rank 0] epoch=47 train_batch=18000/12500 loss=2.254107
[rank 0] epoch=47 train_batch=18500/12500 loss=2.570271
[rank 0] epoch=47 train_batch=19000/12500 loss=2.357008
[rank 0] epoch=47 train_batch=19500/12500 loss=2.319025
[rank 0] epoch=47 train_batch=20000/12500 loss=2.496707
[rank 0] epoch=47 train_batch=20500/12500 loss=2.413626
[rank 0] epoch=47 train_batch=21000/12500 loss=2.391300
[rank 0] epoch=47 train_batch=21500/12500 loss=2.440875
[rank 0] epoch=47 train_batch=22000/12500 loss=2.321154
[rank 0] epoch=47 train_batch=22500/12500 loss=2.372619
[rank 0] epoch=47 train_batch=23000/12500 loss=2.302492
[rank 0] epoch=47 train_batch=23500/12500 loss=2.428187
[rank 0] epoch=47 train_batch=24000/12500 loss=2.477248
[rank 0] epoch=47 train_batch=24500/12500 loss=2.431561
[rank 0] epoch=47 train_batch=25000/12500 loss=2.613569
Training epoch 47
[1.82366892e+00 5.68773671e-02 2.32396899e+00 3.02432055e-02
 7.18881576e-02 1.75703548e-08 5.20992058e-01 3.51762031e-02
 1.07332306e+00 1.28541971e-07 6.76114702e-01 2.22545374e-01
 3.93472704e+00 2.14919380e-01 8.15040652e-01 2.68932223e-01
 3.43059977e+00 2.90954192e-01 4.38478984e+00 6.49265334e-02
 2.41287026e-01 8.21828325e-02 1.84948546e-01 3.47501028e-08
 4.86431634e-01 5.95763262e-02 1.41174489e+00 2.70249773e-07
 2.66720985e-01 5.89505195e-02 1.14675239e+00 5.60373873e-02
 1.93777989e-01 9.61346184e-02 1.17855620e+00 8.97663742e-02
 2.10656260e+00 5.25442141e-02 7.49814174e-02 4.19705288e-02
 7.60999443e-01 1.54022936e-07 3.92180120e-01 1.72397318e-02
 1.21426329e+00 1.20501150e-08 2.24084744e-01 1.22642863e-01
 1.27166916e+00 7.65142126e-02 4.04750482e-01 1.42520618e-01
 1.05708214e+00 1.25344508e-01 2.16128735e+00 2.50021722e-02
 2.66696565e-01 5.36942756e-02 2.58749898e+00 7.32826763e-08
 6.47699873e-01 2.85905027e-02 1.05950407e+00 5.00142325e-08
 1.69873560e-01 1.66453704e-01 9.56877329e-01 9.44484645e-02
 3.63689628e-01 2.35114806e-01 1.18653964e+00 1.42073956e-01
 1.13466286e+00 2.59402988e-02 3.11073554e-01 3.97689511e-02
 1.40375421e+00 2.13307872e-02 4.33465506e-01 2.56446898e-01
 1.59043682e+00 1.32441362e-01 1.00991773e+00 1.50771514e-01
 2.82628001e+00 7.14097335e-02 3.04320164e+00 5.95743869e-01
 6.49867231e+00 3.77811648e-01 3.39050189e+00 1.06697509e+00
 5.99173187e+00 4.51457983e-01 4.21996893e+01 4.87579890e-01
 6.59425940e+01 9.77106322e+00]
train  L_V                   = +0.3209 (21.8%)
 train    L_V_attractive      = +0.1113 (7.6%)
 train      L_V_attractive_charged      = +0.0984 (6.7%)
 train      L_V_attractive_neutral      = +0.0129 (0.9%)
 train    L_V_repulsive       = +0.2096 (14.2%)
 train      L_V_repulsive_charged       = +0.0923 (6.3%)
 train      L_V_repulsive_neutral       = +0.1173 (8.0%)
 train    L_charged_cluster   = +0.0000 (0.0%)
 train  L_beta              = +0.1016 (6.9%)
 train    L_beta_noise        = +0.0000 (0.0%)
 train    L_beta_sig          = -0.4773 (-32.4%)
 train    L_beta_suppress     = +0.0000 (0.0%)
 train    L_beta_track        = +0.5789 (39.3%)
 train      L_beta_norms_term   = -0.5541 (-37.7%)
 train      L_beta_logbeta_term = +0.0768 (5.2%)
 train  L_E   = +1.0490 (71.3%)
 train    L_E_charge = +0.0000 (0.0%)
 train    L_E_cond = +0.5408 (36.8%)
 train    L_E_cluster = +0.5082 (34.5%)
 train    L_E_w_photon   = +0.0000 (0.0%)
 train    L_E_w_charged_hadron   = +0.0000 (0.0%)
 train    L_E_w_neutral_hadron   = +0.0000 (0.0%)
 train    L_E_w_muon     = +0.0000 (0.0%)
 train    L_E_w_electron = +0.0000 (0.0%)
learning rate :  [0.00019945246344205893, 0.0001978158526933439, 0.00019510809880370062, 0.00019135886849137794, 0.00018660923910825467, 0.000180911248587776, 0.00017432732530646558, 0.00016692960410556788, 0.0001587991359666327, 0.000150025, 0.00014070332747542625, 0.000130936248587776, 0.00012083077349723503, 0.00011049761990360197, 0.00010005, 8.960238009639805e-05, 7.926922650276498e-05, 6.916375141222402e-05, 5.939667252457379e-05, 5.0075000000000025e-05, 4.130086403336732e-05, 3.3170395894432155e-05, 2.5772674693534433e-05, 1.9188751412224014e-05, 1.3490760891745352e-05, 8.741131508622033e-06, 4.991901196299404e-06, 2.284147306656121e-06, 6.475365579410847e-07, 1e-07, 0.0001995474186611798, 0.00019819377329140754, 0.00019595132271276903, 0.00019284037490495648, 0.00018888910309305962, 0.00018413329060647658, 0.0001786160068195416, 0.00017238721710860177, 0.00016550333035783126, 0.00015802668811164128, 0.000150025, 0.00014157073054953858, 0.00013274044293357632, 0.00012361410560416728, 0.00011427436808541487, 0.00010480581248658307, 9.529418751341697e-05, 8.582563191458516e-05]
train loss :  2.4714608192443848
[rank 0] epoch=47 valid_batch=500/1563
[rank 0] epoch=47 valid_batch=1000/1563
[rank 0] epoch=47 valid_batch=1500/1563
[rank 0] epoch=47 valid_batch=2000/1563
[rank 0] epoch=47 valid_batch=2500/1563
[rank 0] epoch=47 valid_batch=3000/1563
test   L_V                   = +0.3607 (19.0%)
    L_V_attractive      = +0.1517 (8.0%)
      L_V_attractive_charged      = +0.1099 (5.8%)
      L_V_attractive_neutral      = +0.0418 (2.2%)
    L_V_repulsive       = +0.2090 (11.0%)
      L_V_repulsive_charged       = +0.0937 (4.9%)
      L_V_repulsive_neutral       = +0.1153 (6.1%)
    L_charged_cluster   = +0.0000 (0.0%)
  L_beta              = +0.0977 (5.2%)
    L_beta_noise        = +0.0000 (0.0%)
    L_beta_sig          = -0.4800 (-25.3%)
    L_beta_suppress     = +0.0000 (0.0%)
    L_beta_track        = +0.5778 (30.4%)
      L_beta_norms_term   = -0.5501 (-29.0%)
      L_beta_logbeta_term = +0.0701 (3.7%)
  L_E   = +1.4392 (75.8%)
    L_E_charge = +0.0000 (0.0%)
    L_E_cond = +0.6304 (33.2%)
    L_E_cluster = +0.8087 (42.6%)
    L_E_w_photon   = +0.0000 (0.0%)
    L_E_w_charged_hadron   = +0.0000 (0.0%)
    L_E_w_neutral_hadron   = +0.0000 (0.0%)
    L_E_w_muon     = +0.0000 (0.0%)
    L_E_w_electron = +0.0000 (0.0%)
Returning 2.897641658782959
[rank 0] epoch=48 train_batch=500/12500 loss=2.594668
[rank 0] epoch=48 train_batch=1000/12500 loss=2.430444
[rank 0] epoch=48 train_batch=1500/12500 loss=2.731047
[rank 0] epoch=48 train_batch=2000/12500 loss=2.566978
[rank 0] epoch=48 train_batch=2500/12500 loss=2.451568
[rank 0] epoch=48 train_batch=3000/12500 loss=2.333019
[rank 0] epoch=48 train_batch=3500/12500 loss=2.475848
[rank 0] epoch=48 train_batch=4000/12500 loss=2.468016
[rank 0] epoch=48 train_batch=4500/12500 loss=2.296027
[rank 0] epoch=48 train_batch=5000/12500 loss=2.416848
[rank 0] epoch=48 train_batch=5500/12500 loss=2.449846
[rank 0] epoch=48 train_batch=6000/12500 loss=2.677392
[rank 0] epoch=48 train_batch=6500/12500 loss=2.487442
[rank 0] epoch=48 train_batch=7000/12500 loss=2.463387
[rank 0] epoch=48 train_batch=7500/12500 loss=2.410179
[rank 0] epoch=48 train_batch=8000/12500 loss=2.363327
[rank 0] epoch=48 train_batch=8500/12500 loss=2.628190
[rank 0] epoch=48 train_batch=9000/12500 loss=2.649912
[rank 0] epoch=48 train_batch=9500/12500 loss=2.511168
[rank 0] epoch=48 train_batch=10000/12500 loss=2.586495
[rank 0] epoch=48 train_batch=10500/12500 loss=2.365871
[rank 0] epoch=48 train_batch=11000/12500 loss=2.426347
[rank 0] epoch=48 train_batch=11500/12500 loss=2.434867
[rank 0] epoch=48 train_batch=12000/12500 loss=2.713007
[rank 0] epoch=48 train_batch=12500/12500 loss=2.297966
[rank 0] epoch=48 train_batch=13000/12500 loss=2.296759
[rank 0] epoch=48 train_batch=13500/12500 loss=2.400583
[rank 0] epoch=48 train_batch=14000/12500 loss=2.242626
[rank 0] epoch=48 train_batch=14500/12500 loss=2.332697
[rank 0] epoch=48 train_batch=15000/12500 loss=2.428472
[rank 0] epoch=48 train_batch=15500/12500 loss=2.551569
[rank 0] epoch=48 train_batch=16000/12500 loss=2.374189
[rank 0] epoch=48 train_batch=16500/12500 loss=2.377084
[rank 0] epoch=48 train_batch=17000/12500 loss=2.417268
[rank 0] epoch=48 train_batch=17500/12500 loss=2.283331
[rank 0] epoch=48 train_batch=18000/12500 loss=2.308876
[rank 0] epoch=48 train_batch=18500/12500 loss=2.397563
[rank 0] epoch=48 train_batch=19000/12500 loss=2.649377
[rank 0] epoch=48 train_batch=19500/12500 loss=2.279549
[rank 0] epoch=48 train_batch=20000/12500 loss=2.458733
[rank 0] epoch=48 train_batch=20500/12500 loss=2.619495
[rank 0] epoch=48 train_batch=21000/12500 loss=2.652873
[rank 0] epoch=48 train_batch=21500/12500 loss=2.143838
[rank 0] epoch=48 train_batch=22000/12500 loss=2.323920
[rank 0] epoch=48 train_batch=22500/12500 loss=2.493602
[rank 0] epoch=48 train_batch=23000/12500 loss=2.522459
[rank 0] epoch=48 train_batch=23500/12500 loss=2.371360
[rank 0] epoch=48 train_batch=24000/12500 loss=2.570493
[rank 0] epoch=48 train_batch=24500/12500 loss=2.418537
[rank 0] epoch=48 train_batch=25000/12500 loss=2.589123
Training epoch 48
[1.81818483e+00 6.65627341e-02 2.32494803e+00 3.48702739e-02
 6.37379512e-02 1.71071783e-08 5.36387931e-01 3.89400844e-02
 1.05584367e+00 1.23965853e-07 6.81109567e-01 2.29672254e-01
 3.96051492e+00 2.19387031e-01 8.15954998e-01 2.68796491e-01
 3.37819496e+00 2.87756192e-01 4.35478858e+00 6.17116879e-02
 2.30123930e-01 7.84887354e-02 2.05593878e-01 4.01562577e-08
 5.10339993e-01 6.42457818e-02 1.36721066e+00 2.67972745e-07
 2.69016027e-01 6.14796663e-02 1.15719782e+00 5.72577771e-02
 2.01494471e-01 1.01702050e-01 1.19535058e+00 9.40572595e-02
 2.15040183e+00 5.56201933e-02 7.34078427e-02 4.01208668e-02
 7.89348226e-01 1.59859452e-07 3.93372483e-01 1.58974980e-02
 1.16410935e+00 1.22549393e-08 2.22023490e-01 1.31353292e-01
 1.26234376e+00 8.14479999e-02 4.25961721e-01 1.51849814e-01
 1.07169901e+00 1.28041005e-01 2.22004566e+00 2.62561545e-02
 2.65170014e-01 4.87732893e-02 2.67071855e+00 7.24434448e-08
 6.44555933e-01 2.49907765e-02 1.03217312e+00 4.77655226e-08
 1.70282697e-01 1.62145893e-01 9.54967020e-01 9.18556130e-02
 3.66182964e-01 2.33349910e-01 1.20836525e+00 1.40609730e-01
 1.15935336e+00 2.62962552e-02 3.05764575e-01 3.99511150e-02
 1.42645105e+00 2.17080491e-02 4.32776254e-01 2.44017072e-01
 1.58716435e+00 1.27659726e-01 1.00720066e+00 1.39907923e-01
 2.82402778e+00 6.92365026e-02 3.09432652e+00 6.15461876e-01
 6.55886557e+00 3.86936012e-01 3.44015151e+00 1.03202548e+00
 5.72433562e+00 4.01344775e-01 3.77532269e+01 4.00217266e-01
 6.32756310e+01 9.74931126e+00]
train  L_V                   = +0.3187 (22.0%)
 train    L_V_attractive      = +0.1104 (7.6%)
 train      L_V_attractive_charged      = +0.0974 (6.7%)
 train      L_V_attractive_neutral      = +0.0130 (0.9%)
 train    L_V_repulsive       = +0.2083 (14.4%)
 train      L_V_repulsive_charged       = +0.0919 (6.3%)
 train      L_V_repulsive_neutral       = +0.1164 (8.0%)
 train    L_charged_cluster   = +0.0000 (0.0%)
 train  L_beta              = +0.0971 (6.7%)
 train    L_beta_noise        = +0.0000 (0.0%)
 train    L_beta_sig          = -0.4817 (-33.3%)
 train    L_beta_suppress     = +0.0000 (0.0%)
 train    L_beta_track        = +0.5788 (40.0%)
 train      L_beta_norms_term   = -0.5576 (-38.5%)
 train      L_beta_logbeta_term = +0.0759 (5.2%)
 train  L_E   = +1.0319 (71.3%)
 train    L_E_charge = +0.0000 (0.0%)
 train    L_E_cond = +0.5343 (36.9%)
 train    L_E_cluster = +0.4976 (34.4%)
 train    L_E_w_photon   = +0.0000 (0.0%)
 train    L_E_w_charged_hadron   = +0.0000 (0.0%)
 train    L_E_w_neutral_hadron   = +0.0000 (0.0%)
 train    L_E_w_muon     = +0.0000 (0.0%)
 train    L_E_w_electron = +0.0000 (0.0%)
learning rate :  [0.00019945246344205893, 0.0001978158526933439, 0.00019510809880370062, 0.00019135886849137794, 0.00018660923910825467, 0.000180911248587776, 0.00017432732530646558, 0.00016692960410556788, 0.0001587991359666327, 0.000150025, 0.00014070332747542625, 0.000130936248587776, 0.00012083077349723503, 0.00011049761990360197, 0.00010005, 8.960238009639805e-05, 7.926922650276498e-05, 6.916375141222402e-05, 5.939667252457379e-05, 5.0075000000000025e-05, 4.130086403336732e-05, 3.3170395894432155e-05, 2.5772674693534433e-05, 1.9188751412224014e-05, 1.3490760891745352e-05, 8.741131508622033e-06, 4.991901196299404e-06, 2.284147306656121e-06, 6.475365579410847e-07, 1e-07, 0.0001995474186611798, 0.00019819377329140754, 0.00019595132271276903, 0.00019284037490495648, 0.00018888910309305962, 0.00018413329060647658, 0.0001786160068195416, 0.00017238721710860177, 0.00016550333035783126, 0.00015802668811164128, 0.000150025, 0.00014157073054953858, 0.00013274044293357632, 0.00012361410560416728, 0.00011427436808541487, 0.00010480581248658307, 9.529418751341697e-05, 8.582563191458516e-05, 7.648589439583274e-05]
train loss :  2.447694778442383
[rank 0] epoch=48 valid_batch=500/1563
[rank 0] epoch=48 valid_batch=1000/1563
[rank 0] epoch=48 valid_batch=1500/1563
[rank 0] epoch=48 valid_batch=2000/1563
[rank 0] epoch=48 valid_batch=2500/1563
[rank 0] epoch=48 valid_batch=3000/1563
test   L_V                   = +0.3244 (18.2%)
    L_V_attractive      = +0.1132 (6.4%)
      L_V_attractive_charged      = +0.0933 (5.2%)
      L_V_attractive_neutral      = +0.0199 (1.1%)
    L_V_repulsive       = +0.2112 (11.9%)
      L_V_repulsive_charged       = +0.0931 (5.2%)
      L_V_repulsive_neutral       = +0.1181 (6.6%)
    L_charged_cluster   = +0.0000 (0.0%)
  L_beta              = +0.1267 (7.1%)
    L_beta_noise        = +0.0000 (0.0%)
    L_beta_sig          = -0.4528 (-25.4%)
    L_beta_suppress     = +0.0000 (0.0%)
    L_beta_track        = +0.5795 (32.5%)
      L_beta_norms_term   = -0.5436 (-30.5%)
      L_beta_logbeta_term = +0.0908 (5.1%)
  L_E   = +1.3294 (74.7%)
    L_E_charge = +0.0000 (0.0%)
    L_E_cond = +0.6942 (39.0%)
    L_E_cluster = +0.6352 (35.7%)
    L_E_w_photon   = +0.0000 (0.0%)
    L_E_w_charged_hadron   = +0.0000 (0.0%)
    L_E_w_neutral_hadron   = +0.0000 (0.0%)
    L_E_w_muon     = +0.0000 (0.0%)
    L_E_w_electron = +0.0000 (0.0%)
Returning 2.7805676460266113
[rank 0] epoch=49 train_batch=500/12500 loss=2.327748
[rank 0] epoch=49 train_batch=1000/12500 loss=2.258340
[rank 0] epoch=49 train_batch=1500/12500 loss=2.333371
[rank 0] epoch=49 train_batch=2000/12500 loss=2.730048
[rank 0] epoch=49 train_batch=2500/12500 loss=2.343110
[rank 0] epoch=49 train_batch=3000/12500 loss=2.306394
[rank 0] epoch=49 train_batch=3500/12500 loss=2.198187
[rank 0] epoch=49 train_batch=4000/12500 loss=2.327930
[rank 0] epoch=49 train_batch=4500/12500 loss=2.466290
[rank 0] epoch=49 train_batch=5000/12500 loss=2.508461
[rank 0] epoch=49 train_batch=5500/12500 loss=2.335295
[rank 0] epoch=49 train_batch=6000/12500 loss=2.358033
[rank 0] epoch=49 train_batch=6500/12500 loss=2.224858
[rank 0] epoch=49 train_batch=7000/12500 loss=2.725190
[rank 0] epoch=49 train_batch=7500/12500 loss=2.676219
[rank 0] epoch=49 train_batch=8000/12500 loss=2.722009
[rank 0] epoch=49 train_batch=8500/12500 loss=2.241559
[rank 0] epoch=49 train_batch=9000/12500 loss=2.339164
[rank 0] epoch=49 train_batch=9500/12500 loss=2.144392
[rank 0] epoch=49 train_batch=10000/12500 loss=2.472444
[rank 0] epoch=49 train_batch=10500/12500 loss=2.273474
[rank 0] epoch=49 train_batch=11000/12500 loss=2.430318
[rank 0] epoch=49 train_batch=11500/12500 loss=2.296773
[rank 0] epoch=49 train_batch=12000/12500 loss=2.206770
[rank 0] epoch=49 train_batch=12500/12500 loss=2.597415
[rank 0] epoch=49 train_batch=13000/12500 loss=2.386681
[rank 0] epoch=49 train_batch=13500/12500 loss=2.719250
[rank 0] epoch=49 train_batch=14000/12500 loss=2.730213
[rank 0] epoch=49 train_batch=14500/12500 loss=2.611256
[rank 0] epoch=49 train_batch=15000/12500 loss=2.821167
[rank 0] epoch=49 train_batch=15500/12500 loss=2.514119
[rank 0] epoch=49 train_batch=16000/12500 loss=2.388433
[rank 0] epoch=49 train_batch=16500/12500 loss=2.703672
[rank 0] epoch=49 train_batch=17000/12500 loss=2.312713
[rank 0] epoch=49 train_batch=17500/12500 loss=2.475497
[rank 0] epoch=49 train_batch=18000/12500 loss=2.532661
[rank 0] epoch=49 train_batch=18500/12500 loss=2.364714
[rank 0] epoch=49 train_batch=19000/12500 loss=2.531224
[rank 0] epoch=49 train_batch=19500/12500 loss=2.341026
[rank 0] epoch=49 train_batch=20000/12500 loss=2.290118
[rank 0] epoch=49 train_batch=20500/12500 loss=2.441969
[rank 0] epoch=49 train_batch=21000/12500 loss=2.176670
[rank 0] epoch=49 train_batch=21500/12500 loss=2.407726
[rank 0] epoch=49 train_batch=22000/12500 loss=2.295078
[rank 0] epoch=49 train_batch=22500/12500 loss=2.622317
[rank 0] epoch=49 train_batch=23000/12500 loss=2.797361
[rank 0] epoch=49 train_batch=23500/12500 loss=2.461601
[rank 0] epoch=49 train_batch=24000/12500 loss=2.530067
[rank 0] epoch=49 train_batch=24500/12500 loss=2.333051
[rank 0] epoch=49 train_batch=25000/12500 loss=2.518439
Training epoch 49
[1.79722075e+00 7.83194784e-02 2.31516081e+00 3.98778596e-02
 7.72271091e-02 2.00129941e-08 5.88149227e-01 4.36893555e-02
 1.06820711e+00 1.29438341e-07 7.06839609e-01 2.39224740e-01
 4.08119676e+00 2.21171807e-01 8.51432777e-01 2.73415484e-01
 3.38209788e+00 2.90613367e-01 4.33992825e+00 6.53159045e-02
 2.16096962e-01 8.07516801e-02 2.56899585e-01 4.82372664e-08
 5.63921543e-01 7.22692657e-02 1.32590775e+00 2.80056941e-07
 2.81186619e-01 6.66796304e-02 1.22735057e+00 6.10618301e-02
 2.11539404e-01 1.07984526e-01 1.29088849e+00 9.93698900e-02
 2.30178245e+00 5.78029701e-02 8.12442999e-02 3.86458888e-02
 8.29325532e-01 1.73423776e-07 4.04457731e-01 1.54188371e-02
 1.13918692e+00 1.24897020e-08 2.16785408e-01 1.27130623e-01
 1.25715441e+00 8.73169938e-02 4.69613503e-01 1.62336832e-01
 1.10632516e+00 1.35122593e-01 2.27007394e+00 3.03589082e-02
 2.69710152e-01 4.57883722e-02 2.70115403e+00 7.46242551e-08
 6.56408777e-01 2.31110182e-02 1.03078174e+00 5.00294686e-08
 1.71876468e-01 1.71148464e-01 9.74826674e-01 9.49095252e-02
 3.97100192e-01 2.35802222e-01 1.25235963e+00 1.42086504e-01
 1.19385032e+00 2.80496131e-02 3.03225967e-01 3.99426705e-02
 1.43463856e+00 2.25592736e-02 4.33845466e-01 2.41749390e-01
 1.60936906e+00 1.27976988e-01 1.02902412e+00 1.40623776e-01
 2.86814088e+00 7.21760763e-02 3.17309925e+00 6.74031480e-01
 6.69616697e+00 4.25835957e-01 3.53481867e+00 1.06794417e+00
 6.25968471e+00 4.51035836e-01 3.99471092e+01 3.90928320e-01
 6.56933586e+01 9.70416974e+00]
train  L_V                   = +0.3166 (21.8%)
 train    L_V_attractive      = +0.1104 (7.6%)
 train      L_V_attractive_charged      = +0.0972 (6.7%)
 train      L_V_attractive_neutral      = +0.0131 (0.9%)
 train    L_V_repulsive       = +0.2062 (14.2%)
 train      L_V_repulsive_charged       = +0.0907 (6.3%)
 train      L_V_repulsive_neutral       = +0.1155 (8.0%)
 train    L_charged_cluster   = +0.0000 (0.0%)
 train  L_beta              = +0.0947 (6.5%)
 train    L_beta_noise        = +0.0000 (0.0%)
 train    L_beta_sig          = -0.4839 (-33.4%)
 train    L_beta_suppress     = +0.0000 (0.0%)
 train    L_beta_track        = +0.5786 (39.9%)
 train      L_beta_norms_term   = -0.5594 (-38.6%)
 train      L_beta_logbeta_term = +0.0754 (5.2%)
 train  L_E   = +1.0390 (71.6%)
 train    L_E_charge = +0.0000 (0.0%)
 train    L_E_cond = +0.5342 (36.8%)
 train    L_E_cluster = +0.5048 (34.8%)
 train    L_E_w_photon   = +0.0000 (0.0%)
 train    L_E_w_charged_hadron   = +0.0000 (0.0%)
 train    L_E_w_neutral_hadron   = +0.0000 (0.0%)
 train    L_E_w_muon     = +0.0000 (0.0%)
 train    L_E_w_electron = +0.0000 (0.0%)
learning rate :  [0.00019945246344205893, 0.0001978158526933439, 0.00019510809880370062, 0.00019135886849137794, 0.00018660923910825467, 0.000180911248587776, 0.00017432732530646558, 0.00016692960410556788, 0.0001587991359666327, 0.000150025, 0.00014070332747542625, 0.000130936248587776, 0.00012083077349723503, 0.00011049761990360197, 0.00010005, 8.960238009639805e-05, 7.926922650276498e-05, 6.916375141222402e-05, 5.939667252457379e-05, 5.0075000000000025e-05, 4.130086403336732e-05, 3.3170395894432155e-05, 2.5772674693534433e-05, 1.9188751412224014e-05, 1.3490760891745352e-05, 8.741131508622033e-06, 4.991901196299404e-06, 2.284147306656121e-06, 6.475365579410847e-07, 1e-07, 0.0001995474186611798, 0.00019819377329140754, 0.00019595132271276903, 0.00019284037490495648, 0.00018888910309305962, 0.00018413329060647658, 0.0001786160068195416, 0.00017238721710860177, 0.00016550333035783126, 0.00015802668811164128, 0.000150025, 0.00014157073054953858, 0.00013274044293357632, 0.00012361410560416728, 0.00011427436808541487, 0.00010480581248658307, 9.529418751341697e-05, 8.582563191458516e-05, 7.648589439583274e-05, 6.735955706642371e-05]
train loss :  2.4502601623535156
[rank 0] epoch=49 valid_batch=500/1563
[rank 0] epoch=49 valid_batch=1000/1563
[rank 0] epoch=49 valid_batch=1500/1563
[rank 0] epoch=49 valid_batch=2000/1563
[rank 0] epoch=49 valid_batch=2500/1563
[rank 0] epoch=49 valid_batch=3000/1563
test   L_V                   = +0.3406 (18.9%)
    L_V_attractive      = +0.1362 (7.6%)
      L_V_attractive_charged      = +0.1066 (5.9%)
      L_V_attractive_neutral      = +0.0295 (1.6%)
    L_V_repulsive       = +0.2044 (11.3%)
      L_V_repulsive_charged       = +0.0906 (5.0%)
      L_V_repulsive_neutral       = +0.1139 (6.3%)
    L_charged_cluster   = +0.0000 (0.0%)
  L_beta              = +0.0987 (5.5%)
    L_beta_noise        = +0.0000 (0.0%)
    L_beta_sig          = -0.4798 (-26.6%)
    L_beta_suppress     = +0.0000 (0.0%)
    L_beta_track        = +0.5785 (32.1%)
      L_beta_norms_term   = -0.5600 (-31.1%)
      L_beta_logbeta_term = +0.0802 (4.4%)
  L_E   = +1.3635 (75.6%)
    L_E_charge = +0.0000 (0.0%)
    L_E_cond = +0.6234 (34.6%)
    L_E_cluster = +0.7401 (41.1%)
    L_E_w_photon   = +0.0000 (0.0%)
    L_E_w_charged_hadron   = +0.0000 (0.0%)
    L_E_w_neutral_hadron   = +0.0000 (0.0%)
    L_E_w_muon     = +0.0000 (0.0%)
    L_E_w_electron = +0.0000 (0.0%)
Returning 2.8028368949890137
[rank 0] epoch=50 train_batch=500/12500 loss=2.486340
[rank 0] epoch=50 train_batch=1000/12500 loss=2.390276
[rank 0] epoch=50 train_batch=1500/12500 loss=2.419351
[rank 0] epoch=50 train_batch=2000/12500 loss=2.263134
[rank 0] epoch=50 train_batch=2500/12500 loss=2.214759
[rank 0] epoch=50 train_batch=3000/12500 loss=2.758087
[rank 0] epoch=50 train_batch=3500/12500 loss=2.632256
[rank 0] epoch=50 train_batch=4000/12500 loss=2.258507
[rank 0] epoch=50 train_batch=4500/12500 loss=2.392150
[rank 0] epoch=50 train_batch=5000/12500 loss=2.692593
[rank 0] epoch=50 train_batch=5500/12500 loss=2.493175
[rank 0] epoch=50 train_batch=6000/12500 loss=2.496691
[rank 0] epoch=50 train_batch=6500/12500 loss=2.368179
[rank 0] epoch=50 train_batch=7000/12500 loss=2.650820
[rank 0] epoch=50 train_batch=7500/12500 loss=2.378921
[rank 0] epoch=50 train_batch=8000/12500 loss=2.352932
[rank 0] epoch=50 train_batch=8500/12500 loss=2.329156
[rank 0] epoch=50 train_batch=9000/12500 loss=2.713917
[rank 0] epoch=50 train_batch=9500/12500 loss=2.475653
[rank 0] epoch=50 train_batch=10000/12500 loss=2.486451
[rank 0] epoch=50 train_batch=10500/12500 loss=2.220529
[rank 0] epoch=50 train_batch=11000/12500 loss=2.369745
[rank 0] epoch=50 train_batch=11500/12500 loss=2.591786
[rank 0] epoch=50 train_batch=12000/12500 loss=2.344402
[rank 0] epoch=50 train_batch=12500/12500 loss=2.391526
[rank 0] epoch=50 train_batch=13000/12500 loss=2.368674
[rank 0] epoch=50 train_batch=13500/12500 loss=2.280886
[rank 0] epoch=50 train_batch=14000/12500 loss=2.448229
[rank 0] epoch=50 train_batch=14500/12500 loss=2.380250
[rank 0] epoch=50 train_batch=15000/12500 loss=2.302715
[rank 0] epoch=50 train_batch=15500/12500 loss=2.465796
[rank 0] epoch=50 train_batch=16000/12500 loss=2.135006
[rank 0] epoch=50 train_batch=16500/12500 loss=2.297989
[rank 0] epoch=50 train_batch=17000/12500 loss=2.444757
[rank 0] epoch=50 train_batch=17500/12500 loss=2.666253
[rank 0] epoch=50 train_batch=18000/12500 loss=2.477176
[rank 0] epoch=50 train_batch=18500/12500 loss=2.345752
[rank 0] epoch=50 train_batch=19000/12500 loss=2.549423
[rank 0] epoch=50 train_batch=19500/12500 loss=2.372184
[rank 0] epoch=50 train_batch=20000/12500 loss=2.419413
[rank 0] epoch=50 train_batch=20500/12500 loss=2.671172
[rank 0] epoch=50 train_batch=21000/12500 loss=2.536105
[rank 0] epoch=50 train_batch=21500/12500 loss=2.529459
[rank 0] epoch=50 train_batch=22000/12500 loss=2.543169
[rank 0] epoch=50 train_batch=22500/12500 loss=2.603345
[rank 0] epoch=50 train_batch=23000/12500 loss=2.372282
[rank 0] epoch=50 train_batch=23500/12500 loss=2.437463
[rank 0] epoch=50 train_batch=24000/12500 loss=2.787460
[rank 0] epoch=50 train_batch=24500/12500 loss=2.462547
[rank 0] epoch=50 train_batch=25000/12500 loss=2.281310
Training epoch 50
[1.79874351e+00 8.53563758e-02 2.38875484e+00 4.34524449e-02
 7.66943271e-02 1.89449733e-08 6.03728444e-01 4.70075226e-02
 1.10441202e+00 1.21745502e-07 7.19810590e-01 2.41431032e-01
 4.11158506e+00 2.21748629e-01 8.56788813e-01 2.78949899e-01
 3.42026959e+00 2.97181178e-01 4.30260772e+00 7.19213490e-02
 2.05393054e-01 8.01440914e-02 3.07548676e-01 5.41649714e-08
 5.90621618e-01 7.70353611e-02 1.31154655e+00 2.67862822e-07
 2.91020622e-01 6.96019273e-02 1.27781754e+00 6.33574582e-02
 2.24005657e-01 1.10974971e-01 1.39833645e+00 1.02226781e-01
 2.39219815e+00 5.94718532e-02 7.67911357e-02 3.50055131e-02
 8.72316364e-01 1.68264234e-07 3.92507883e-01 1.49496847e-02
 1.13758577e+00 1.27117351e-08 2.15004492e-01 1.26226695e-01
 1.25072893e+00 9.32775831e-02 4.92526862e-01 1.67388668e-01
 1.11962197e+00 1.41424870e-01 2.34235390e+00 3.16150809e-02
 2.74940799e-01 5.12919556e-02 2.69461780e+00 7.50443882e-08
 6.82266463e-01 2.69017277e-02 1.08873421e+00 5.41228712e-08
 1.76721998e-01 1.66446436e-01 1.00602310e+00 9.19083110e-02
 4.06258008e-01 2.41806519e-01 1.28317228e+00 1.43875927e-01
 1.22359924e+00 3.11675098e-02 3.05365746e-01 3.99092684e-02
 1.41797931e+00 2.26494135e-02 4.28032761e-01 2.37474567e-01
 1.59369362e+00 1.22812353e-01 1.00127405e+00 1.36501925e-01
 2.82910629e+00 7.12468351e-02 3.09042467e+00 6.72676770e-01
 6.60285159e+00 4.28320146e-01 3.50839830e+00 1.14996886e+00
 6.96229602e+00 5.33362691e-01 4.82896042e+01 4.32717087e-01
 6.52423184e+01 9.66244282e+00]
train  L_V                   = +0.3162 (21.8%)
 train    L_V_attractive      = +0.1105 (7.6%)
 train      L_V_attractive_charged      = +0.0975 (6.7%)
 train      L_V_attractive_neutral      = +0.0130 (0.9%)
 train    L_V_repulsive       = +0.2057 (14.2%)
 train      L_V_repulsive_charged       = +0.0905 (6.2%)
 train      L_V_repulsive_neutral       = +0.1151 (7.9%)
 train    L_charged_cluster   = +0.0000 (0.0%)
 train  L_beta              = +0.0943 (6.5%)
 train    L_beta_noise        = +0.0000 (0.0%)
 train    L_beta_sig          = -0.4843 (-33.4%)
 train    L_beta_suppress     = +0.0000 (0.0%)
 train    L_beta_track        = +0.5786 (39.9%)
 train      L_beta_norms_term   = -0.5595 (-38.6%)
 train      L_beta_logbeta_term = +0.0752 (5.2%)
 train  L_E   = +1.0401 (71.7%)
 train    L_E_charge = +0.0000 (0.0%)
 train    L_E_cond = +0.5371 (37.0%)
 train    L_E_cluster = +0.5030 (34.7%)
 train    L_E_w_photon   = +0.0000 (0.0%)
 train    L_E_w_charged_hadron   = +0.0000 (0.0%)
 train    L_E_w_neutral_hadron   = +0.0000 (0.0%)
 train    L_E_w_muon     = +0.0000 (0.0%)
 train    L_E_w_electron = +0.0000 (0.0%)
learning rate :  [0.00019945246344205893, 0.0001978158526933439, 0.00019510809880370062, 0.00019135886849137794, 0.00018660923910825467, 0.000180911248587776, 0.00017432732530646558, 0.00016692960410556788, 0.0001587991359666327, 0.000150025, 0.00014070332747542625, 0.000130936248587776, 0.00012083077349723503, 0.00011049761990360197, 0.00010005, 8.960238009639805e-05, 7.926922650276498e-05, 6.916375141222402e-05, 5.939667252457379e-05, 5.0075000000000025e-05, 4.130086403336732e-05, 3.3170395894432155e-05, 2.5772674693534433e-05, 1.9188751412224014e-05, 1.3490760891745352e-05, 8.741131508622033e-06, 4.991901196299404e-06, 2.284147306656121e-06, 6.475365579410847e-07, 1e-07, 0.0001995474186611798, 0.00019819377329140754, 0.00019595132271276903, 0.00019284037490495648, 0.00018888910309305962, 0.00018413329060647658, 0.0001786160068195416, 0.00017238721710860177, 0.00016550333035783126, 0.00015802668811164128, 0.000150025, 0.00014157073054953858, 0.00013274044293357632, 0.00012361410560416728, 0.00011427436808541487, 0.00010480581248658307, 9.529418751341697e-05, 8.582563191458516e-05, 7.648589439583274e-05, 6.735955706642371e-05, 5.852926945046146e-05]
train loss :  2.45060133934021
[rank 0] epoch=50 valid_batch=500/1563
[rank 0] epoch=50 valid_batch=1000/1563
[rank 0] epoch=50 valid_batch=1500/1563
[rank 0] epoch=50 valid_batch=2000/1563
[rank 0] epoch=50 valid_batch=2500/1563
[rank 0] epoch=50 valid_batch=3000/1563
test   L_V                   = +0.3141 (23.3%)
    L_V_attractive      = +0.1018 (7.5%)
      L_V_attractive_charged      = +0.0893 (6.6%)
      L_V_attractive_neutral      = +0.0124 (0.9%)
    L_V_repulsive       = +0.2123 (15.7%)
      L_V_repulsive_charged       = +0.0928 (6.9%)
      L_V_repulsive_neutral       = +0.1195 (8.9%)
    L_charged_cluster   = +0.0000 (0.0%)
  L_beta              = +0.0802 (5.9%)
    L_beta_noise        = +0.0000 (0.0%)
    L_beta_sig          = -0.4982 (-36.9%)
    L_beta_suppress     = +0.0000 (0.0%)
    L_beta_track        = +0.5784 (42.9%)
      L_beta_norms_term   = -0.5700 (-42.2%)
      L_beta_logbeta_term = +0.0718 (5.3%)
  L_E   = +0.9552 (70.8%)
    L_E_charge = +0.0000 (0.0%)
    L_E_cond = +0.5191 (38.5%)
    L_E_cluster = +0.4361 (32.3%)
    L_E_w_photon   = +0.0000 (0.0%)
    L_E_w_charged_hadron   = +0.0000 (0.0%)
    L_E_w_neutral_hadron   = +0.0000 (0.0%)
    L_E_w_muon     = +0.0000 (0.0%)
    L_E_w_electron = +0.0000 (0.0%)
Returning 2.3495187759399414
[rank 0] epoch=51 train_batch=500/12500 loss=2.473315
[rank 0] epoch=51 train_batch=1000/12500 loss=2.374252
[rank 0] epoch=51 train_batch=1500/12500 loss=2.724679
[rank 0] epoch=51 train_batch=2000/12500 loss=2.219268
[rank 0] epoch=51 train_batch=2500/12500 loss=2.531090
[rank 0] epoch=51 train_batch=3000/12500 loss=2.583336
[rank 0] epoch=51 train_batch=3500/12500 loss=2.533065
[rank 0] epoch=51 train_batch=4000/12500 loss=2.390336
[rank 0] epoch=51 train_batch=4500/12500 loss=2.336664
[rank 0] epoch=51 train_batch=5000/12500 loss=2.498997
[rank 0] epoch=51 train_batch=5500/12500 loss=2.673945
[rank 0] epoch=51 train_batch=6000/12500 loss=2.495220
[rank 0] epoch=51 train_batch=6500/12500 loss=2.517913
[rank 0] epoch=51 train_batch=7000/12500 loss=2.730769
[rank 0] epoch=51 train_batch=7500/12500 loss=2.364888
[rank 0] epoch=51 train_batch=8000/12500 loss=2.542431
[rank 0] epoch=51 train_batch=8500/12500 loss=2.388931
[rank 0] epoch=51 train_batch=9000/12500 loss=2.366548
[rank 0] epoch=51 train_batch=9500/12500 loss=2.692796
[rank 0] epoch=51 train_batch=10000/12500 loss=2.294354
[rank 0] epoch=51 train_batch=10500/12500 loss=2.358862
[rank 0] epoch=51 train_batch=11000/12500 loss=2.437757
[rank 0] epoch=51 train_batch=11500/12500 loss=2.308816
[rank 0] epoch=51 train_batch=12000/12500 loss=2.637034
[rank 0] epoch=51 train_batch=12500/12500 loss=2.568102
[rank 0] epoch=51 train_batch=13000/12500 loss=2.592912
[rank 0] epoch=51 train_batch=13500/12500 loss=2.285689
[rank 0] epoch=51 train_batch=14000/12500 loss=2.435709
[rank 0] epoch=51 train_batch=14500/12500 loss=2.186754
[rank 0] epoch=51 train_batch=15000/12500 loss=2.528650
[rank 0] epoch=51 train_batch=15500/12500 loss=2.688520
[rank 0] epoch=51 train_batch=16000/12500 loss=2.484539
[rank 0] epoch=51 train_batch=16500/12500 loss=2.341218
[rank 0] epoch=51 train_batch=17000/12500 loss=2.751390
[rank 0] epoch=51 train_batch=17500/12500 loss=2.788187
[rank 0] epoch=51 train_batch=18000/12500 loss=2.590999
[rank 0] epoch=51 train_batch=18500/12500 loss=2.353694
[rank 0] epoch=51 train_batch=19000/12500 loss=2.520035
[rank 0] epoch=51 train_batch=19500/12500 loss=2.355035
[rank 0] epoch=51 train_batch=20000/12500 loss=2.545657
[rank 0] epoch=51 train_batch=20500/12500 loss=2.269422
[rank 0] epoch=51 train_batch=21000/12500 loss=2.485287
[rank 0] epoch=51 train_batch=21500/12500 loss=2.534998
[rank 0] epoch=51 train_batch=22000/12500 loss=2.330211
[rank 0] epoch=51 train_batch=22500/12500 loss=2.604163
[rank 0] epoch=51 train_batch=23000/12500 loss=2.381595
[rank 0] epoch=51 train_batch=23500/12500 loss=2.111717
[rank 0] epoch=51 train_batch=24000/12500 loss=2.292254
[rank 0] epoch=51 train_batch=24500/12500 loss=2.422861
[rank 0] epoch=51 train_batch=25000/12500 loss=2.338286
Training epoch 51
[1.87808465e+00 9.30277970e-02 2.47759451e+00 4.80662940e-02
 8.05044203e-02 2.04059172e-08 6.28650269e-01 5.15086890e-02
 1.13494276e+00 1.19445866e-07 7.54959296e-01 2.41577529e-01
 4.29104246e+00 2.19940200e-01 8.58498890e-01 2.84033603e-01
 3.52106164e+00 3.04934606e-01 4.38880037e+00 7.76511748e-02
 1.95549666e-01 8.43259053e-02 3.35363282e-01 5.80521513e-08
 6.05777713e-01 7.88798445e-02 1.35657740e+00 2.64085949e-07
 2.95846586e-01 6.93541995e-02 1.29380201e+00 6.29398423e-02
 2.30999235e-01 1.25826387e-01 1.42866962e+00 1.16724847e-01
 2.48849292e+00 6.43119275e-02 7.31934265e-02 3.43345263e-02
 9.18458758e-01 1.64205435e-07 4.05685253e-01 1.69202187e-02
 1.19101568e+00 1.32388975e-08 2.28705864e-01 1.31663227e-01
 1.34087857e+00 9.35184389e-02 5.26527064e-01 1.77549885e-01
 1.17692595e+00 1.52798618e-01 2.48419181e+00 3.30020457e-02
 2.91061776e-01 5.42312245e-02 2.87655383e+00 7.61006867e-08
 7.33213797e-01 2.86270328e-02 1.17200140e+00 5.92008475e-08
 1.91092083e-01 1.77695380e-01 1.09617798e+00 9.79691146e-02
 4.36741724e-01 2.60540666e-01 1.37376612e+00 1.56887984e-01
 1.30567404e+00 3.46193632e-02 3.26229390e-01 4.14905941e-02
 1.43616521e+00 2.19808149e-02 4.47255833e-01 2.34811753e-01
 1.62663959e+00 1.19134327e-01 1.06372754e+00 1.42014992e-01
 2.93752495e+00 7.26113228e-02 3.32831259e+00 7.38643823e-01
 6.99620972e+00 4.72641295e-01 3.65342604e+00 9.92280998e-01
 5.82675345e+00 3.76340528e-01 4.10595315e+01 3.63763919e-01
 6.14073145e+01 9.65613673e+00]
train  L_V                   = +0.3143 (22.1%)
 train    L_V_attractive      = +0.1090 (7.7%)
 train      L_V_attractive_charged      = +0.0960 (6.8%)
 train      L_V_attractive_neutral      = +0.0130 (0.9%)
 train    L_V_repulsive       = +0.2052 (14.4%)
 train      L_V_repulsive_charged       = +0.0909 (6.4%)
 train      L_V_repulsive_neutral       = +0.1144 (8.0%)
 train    L_charged_cluster   = +0.0000 (0.0%)
 train  L_beta              = +0.0922 (6.5%)
 train    L_beta_noise        = +0.0000 (0.0%)
 train    L_beta_sig          = -0.4863 (-34.2%)
 train    L_beta_suppress     = +0.0000 (0.0%)
 train    L_beta_track        = +0.5785 (40.7%)
 train      L_beta_norms_term   = -0.5609 (-39.4%)
 train      L_beta_logbeta_term = +0.0746 (5.2%)
 train  L_E   = +1.0162 (71.4%)
 train    L_E_charge = +0.0000 (0.0%)
 train    L_E_cond = +0.5352 (37.6%)
 train    L_E_cluster = +0.4810 (33.8%)
 train    L_E_w_photon   = +0.0000 (0.0%)
 train    L_E_w_charged_hadron   = +0.0000 (0.0%)
 train    L_E_w_neutral_hadron   = +0.0000 (0.0%)
 train    L_E_w_muon     = +0.0000 (0.0%)
 train    L_E_w_electron = +0.0000 (0.0%)
learning rate :  [0.00019945246344205893, 0.0001978158526933439, 0.00019510809880370062, 0.00019135886849137794, 0.00018660923910825467, 0.000180911248587776, 0.00017432732530646558, 0.00016692960410556788, 0.0001587991359666327, 0.000150025, 0.00014070332747542625, 0.000130936248587776, 0.00012083077349723503, 0.00011049761990360197, 0.00010005, 8.960238009639805e-05, 7.926922650276498e-05, 6.916375141222402e-05, 5.939667252457379e-05, 5.0075000000000025e-05, 4.130086403336732e-05, 3.3170395894432155e-05, 2.5772674693534433e-05, 1.9188751412224014e-05, 1.3490760891745352e-05, 8.741131508622033e-06, 4.991901196299404e-06, 2.284147306656121e-06, 6.475365579410847e-07, 1e-07, 0.0001995474186611798, 0.00019819377329140754, 0.00019595132271276903, 0.00019284037490495648, 0.00018888910309305962, 0.00018413329060647658, 0.0001786160068195416, 0.00017238721710860177, 0.00016550333035783126, 0.00015802668811164128, 0.000150025, 0.00014157073054953858, 0.00013274044293357632, 0.00012361410560416728, 0.00011427436808541487, 0.00010480581248658307, 9.529418751341697e-05, 8.582563191458516e-05, 7.648589439583274e-05, 6.735955706642371e-05, 5.852926945046146e-05, 5.0075000000000025e-05]
train loss :  2.4226763248443604
[rank 0] epoch=51 valid_batch=500/1563
[rank 0] epoch=51 valid_batch=1000/1563
[rank 0] epoch=51 valid_batch=1500/1563
[rank 0] epoch=51 valid_batch=2000/1563
[rank 0] epoch=51 valid_batch=2500/1563
[rank 0] epoch=51 valid_batch=3000/1563
test   L_V                   = +0.2790 (14.4%)
    L_V_attractive      = +0.1044 (5.4%)
      L_V_attractive_charged      = +0.0922 (4.8%)
      L_V_attractive_neutral      = +0.0122 (0.6%)
    L_V_repulsive       = +0.1746 (9.0%)
      L_V_repulsive_charged       = +0.0758 (3.9%)
      L_V_repulsive_neutral       = +0.0988 (5.1%)
    L_charged_cluster   = +0.0000 (0.0%)
  L_beta              = +0.1044 (5.4%)
    L_beta_noise        = +0.0000 (0.0%)
    L_beta_sig          = -0.4748 (-24.5%)
    L_beta_suppress     = +0.0000 (0.0%)
    L_beta_track        = +0.5793 (29.9%)
      L_beta_norms_term   = -0.5553 (-28.7%)
      L_beta_logbeta_term = +0.0805 (4.2%)
  L_E   = +1.5520 (80.2%)
    L_E_charge = +0.0000 (0.0%)
    L_E_cond = +0.8994 (46.5%)
    L_E_cluster = +0.6525 (33.7%)
    L_E_w_photon   = +0.0000 (0.0%)
    L_E_w_charged_hadron   = +0.0000 (0.0%)
    L_E_w_neutral_hadron   = +0.0000 (0.0%)
    L_E_w_muon     = +0.0000 (0.0%)
    L_E_w_electron = +0.0000 (0.0%)
Returning 2.935397148132324
[rank 0] epoch=52 train_batch=500/12500 loss=2.578497
[rank 0] epoch=52 train_batch=1000/12500 loss=2.281360
[rank 0] epoch=52 train_batch=1500/12500 loss=2.389321
[rank 0] epoch=52 train_batch=2000/12500 loss=2.500687
[rank 0] epoch=52 train_batch=2500/12500 loss=2.241105
[rank 0] epoch=52 train_batch=3000/12500 loss=2.270955
[rank 0] epoch=52 train_batch=3500/12500 loss=2.652521
[rank 0] epoch=52 train_batch=4000/12500 loss=2.332552
[rank 0] epoch=52 train_batch=4500/12500 loss=2.356112
[rank 0] epoch=52 train_batch=5000/12500 loss=2.334154
[rank 0] epoch=52 train_batch=5500/12500 loss=2.541322
[rank 0] epoch=52 train_batch=6000/12500 loss=2.205336
[rank 0] epoch=52 train_batch=6500/12500 loss=2.336869
[rank 0] epoch=52 train_batch=7000/12500 loss=2.095725
[rank 0] epoch=52 train_batch=7500/12500 loss=2.419608
[rank 0] epoch=52 train_batch=8000/12500 loss=2.528058
[rank 0] epoch=52 train_batch=8500/12500 loss=2.488196
[rank 0] epoch=52 train_batch=9000/12500 loss=2.429796
[rank 0] epoch=52 train_batch=9500/12500 loss=2.424656
[rank 0] epoch=52 train_batch=10000/12500 loss=2.497255
[rank 0] epoch=52 train_batch=10500/12500 loss=2.192274
[rank 0] epoch=52 train_batch=11000/12500 loss=2.285414
[rank 0] epoch=52 train_batch=11500/12500 loss=2.631049
[rank 0] epoch=52 train_batch=12000/12500 loss=2.226584
[rank 0] epoch=52 train_batch=12500/12500 loss=2.321214
[rank 0] epoch=52 train_batch=13000/12500 loss=2.471861
[rank 0] epoch=52 train_batch=13500/12500 loss=2.199100
[rank 0] epoch=52 train_batch=14000/12500 loss=2.406950
[rank 0] epoch=52 train_batch=14500/12500 loss=2.488954
[rank 0] epoch=52 train_batch=15000/12500 loss=2.308332
[rank 0] epoch=52 train_batch=15500/12500 loss=2.474649
[rank 0] epoch=52 train_batch=16000/12500 loss=2.319409
[rank 0] epoch=52 train_batch=16500/12500 loss=2.338751
[rank 0] epoch=52 train_batch=17000/12500 loss=2.614228
[rank 0] epoch=52 train_batch=17500/12500 loss=2.534688
[rank 0] epoch=52 train_batch=18000/12500 loss=2.378061
[rank 0] epoch=52 train_batch=18500/12500 loss=2.422825
[rank 0] epoch=52 train_batch=19000/12500 loss=2.515757
[rank 0] epoch=52 train_batch=19500/12500 loss=2.535846
[rank 0] epoch=52 train_batch=20000/12500 loss=2.342114
[rank 0] epoch=52 train_batch=20500/12500 loss=2.262206
[rank 0] epoch=52 train_batch=21000/12500 loss=2.283114
[rank 0] epoch=52 train_batch=21500/12500 loss=2.777512
[rank 0] epoch=52 train_batch=22000/12500 loss=2.574144
[rank 0] epoch=52 train_batch=22500/12500 loss=2.498987
[rank 0] epoch=52 train_batch=23000/12500 loss=2.191491
[rank 0] epoch=52 train_batch=23500/12500 loss=2.323954
[rank 0] epoch=52 train_batch=24000/12500 loss=2.354738
[rank 0] epoch=52 train_batch=24500/12500 loss=2.284924
[rank 0] epoch=52 train_batch=25000/12500 loss=2.746710
Training epoch 52
[2.06092336e+00 9.83283027e-02 2.61975059e+00 5.14861318e-02
 7.84158333e-02 1.99336850e-08 6.49715102e-01 5.48884542e-02
 1.20414923e+00 1.24859065e-07 7.73301451e-01 2.51354994e-01
 4.35473313e+00 2.20250018e-01 8.84637868e-01 2.71965263e-01
 3.58946410e+00 2.94040674e-01 4.42644412e+00 7.28373963e-02
 2.17310595e-01 8.96649015e-02 3.70804735e-01 6.50072746e-08
 6.41853424e-01 8.43772922e-02 1.45536831e+00 2.75555201e-07
 3.14514514e-01 7.44080436e-02 1.37472033e+00 6.73982184e-02
 2.52137770e-01 1.40728161e-01 1.48768905e+00 1.30055022e-01
 2.67406420e+00 6.92461148e-02 7.83305605e-02 3.81520302e-02
 9.91108953e-01 1.70932442e-07 4.54024416e-01 1.91743624e-02
 1.28685689e+00 1.47103278e-08 2.49511905e-01 1.39184628e-01
 1.48163264e+00 1.03686731e-01 5.61516100e-01 1.87261411e-01
 1.25066578e+00 1.60927783e-01 2.81414330e+00 3.60852391e-02
 3.26018632e-01 5.62677438e-02 3.27957962e+00 8.22338710e-08
 8.24973637e-01 2.92351886e-02 1.29360077e+00 6.70097222e-08
 2.11837444e-01 1.90033907e-01 1.23100640e+00 1.05492447e-01
 4.62277493e-01 2.80562037e-01 1.48866296e+00 1.68537136e-01
 1.41953802e+00 4.15012293e-02 3.50030538e-01 4.21329242e-02
 1.48388177e+00 2.29309524e-02 4.56087338e-01 2.44942357e-01
 1.68800153e+00 1.23650794e-01 1.11894444e+00 1.54282952e-01
 3.08491897e+00 7.68356699e-02 3.52808362e+00 7.83425671e-01
 7.32710008e+00 5.00476218e-01 3.79101872e+00 9.89162823e-01
 6.04432191e+00 3.80822740e-01 4.32056008e+01 3.56917185e-01
 6.33255880e+01 9.60132058e+00]
train  L_V                   = +0.3120 (22.5%)
 train    L_V_attractive      = +0.1088 (7.9%)
 train      L_V_attractive_charged      = +0.0956 (6.9%)
 train      L_V_attractive_neutral      = +0.0132 (1.0%)
 train    L_V_repulsive       = +0.2031 (14.7%)
 train      L_V_repulsive_charged       = +0.0899 (6.5%)
 train      L_V_repulsive_neutral       = +0.1132 (8.2%)
 train    L_charged_cluster   = +0.0000 (0.0%)
 train  L_beta              = +0.0893 (6.4%)
 train    L_beta_noise        = +0.0000 (0.0%)
 train    L_beta_sig          = -0.4892 (-35.3%)
 train    L_beta_suppress     = +0.0000 (0.0%)
 train    L_beta_track        = +0.5785 (41.7%)
 train      L_beta_norms_term   = -0.5634 (-40.7%)
 train      L_beta_logbeta_term = +0.0741 (5.4%)
 train  L_E   = +0.9846 (71.0%)
 train    L_E_charge = +0.0000 (0.0%)
 train    L_E_cond = +0.5245 (37.8%)
 train    L_E_cluster = +0.4601 (33.2%)
 train    L_E_w_photon   = +0.0000 (0.0%)
 train    L_E_w_charged_hadron   = +0.0000 (0.0%)
 train    L_E_w_neutral_hadron   = +0.0000 (0.0%)
 train    L_E_w_muon     = +0.0000 (0.0%)
 train    L_E_w_electron = +0.0000 (0.0%)
learning rate :  [0.00019945246344205893, 0.0001978158526933439, 0.00019510809880370062, 0.00019135886849137794, 0.00018660923910825467, 0.000180911248587776, 0.00017432732530646558, 0.00016692960410556788, 0.0001587991359666327, 0.000150025, 0.00014070332747542625, 0.000130936248587776, 0.00012083077349723503, 0.00011049761990360197, 0.00010005, 8.960238009639805e-05, 7.926922650276498e-05, 6.916375141222402e-05, 5.939667252457379e-05, 5.0075000000000025e-05, 4.130086403336732e-05, 3.3170395894432155e-05, 2.5772674693534433e-05, 1.9188751412224014e-05, 1.3490760891745352e-05, 8.741131508622033e-06, 4.991901196299404e-06, 2.284147306656121e-06, 6.475365579410847e-07, 1e-07, 0.0001995474186611798, 0.00019819377329140754, 0.00019595132271276903, 0.00019284037490495648, 0.00018888910309305962, 0.00018413329060647658, 0.0001786160068195416, 0.00017238721710860177, 0.00016550333035783126, 0.00015802668811164128, 0.000150025, 0.00014157073054953858, 0.00013274044293357632, 0.00012361410560416728, 0.00011427436808541487, 0.00010480581248658307, 9.529418751341697e-05, 8.582563191458516e-05, 7.648589439583274e-05, 6.735955706642371e-05, 5.852926945046146e-05, 5.0075000000000025e-05, 4.207331188835876e-05]
train loss :  2.385794162750244
[rank 0] epoch=52 valid_batch=500/1563
[rank 0] epoch=52 valid_batch=1000/1563
[rank 0] epoch=52 valid_batch=1500/1563
[rank 0] epoch=52 valid_batch=2000/1563
[rank 0] epoch=52 valid_batch=2500/1563
[rank 0] epoch=52 valid_batch=3000/1563
test   L_V                   = +0.3125 (23.3%)
    L_V_attractive      = +0.1058 (7.9%)
      L_V_attractive_charged      = +0.0919 (6.9%)
      L_V_attractive_neutral      = +0.0139 (1.0%)
    L_V_repulsive       = +0.2067 (15.4%)
      L_V_repulsive_charged       = +0.0924 (6.9%)
      L_V_repulsive_neutral       = +0.1143 (8.5%)
    L_charged_cluster   = +0.0000 (0.0%)
  L_beta              = +0.0835 (6.2%)
    L_beta_noise        = +0.0000 (0.0%)
    L_beta_sig          = -0.4944 (-36.8%)
    L_beta_suppress     = +0.0000 (0.0%)
    L_beta_track        = +0.5779 (43.1%)
      L_beta_norms_term   = -0.5666 (-42.2%)
      L_beta_logbeta_term = +0.0723 (5.4%)
  L_E   = +0.9457 (70.5%)
    L_E_charge = +0.0000 (0.0%)
    L_E_cond = +0.5668 (42.2%)
    L_E_cluster = +0.3789 (28.2%)
    L_E_w_photon   = +0.0000 (0.0%)
    L_E_w_charged_hadron   = +0.0000 (0.0%)
    L_E_w_neutral_hadron   = +0.0000 (0.0%)
    L_E_w_muon     = +0.0000 (0.0%)
    L_E_w_electron = +0.0000 (0.0%)
Returning 2.341780185699463
[rank 0] epoch=53 train_batch=500/12500 loss=2.540374
[rank 0] epoch=53 train_batch=1000/12500 loss=2.399061
[rank 0] epoch=53 train_batch=1500/12500 loss=2.408038
[rank 0] epoch=53 train_batch=2000/12500 loss=2.254625
[rank 0] epoch=53 train_batch=2500/12500 loss=2.348071
[rank 0] epoch=53 train_batch=3000/12500 loss=2.489506
[rank 0] epoch=53 train_batch=3500/12500 loss=2.334044
[rank 0] epoch=53 train_batch=4000/12500 loss=2.379841
[rank 0] epoch=53 train_batch=4500/12500 loss=2.279298
[rank 0] epoch=53 train_batch=5000/12500 loss=2.267827
[rank 0] epoch=53 train_batch=5500/12500 loss=2.181769
[rank 0] epoch=53 train_batch=6000/12500 loss=2.635805
[rank 0] epoch=53 train_batch=6500/12500 loss=2.270332
[rank 0] epoch=53 train_batch=7000/12500 loss=2.213301
[rank 0] epoch=53 train_batch=7500/12500 loss=2.497758
[rank 0] epoch=53 train_batch=8000/12500 loss=2.328572
[rank 0] epoch=53 train_batch=8500/12500 loss=2.240252
[rank 0] epoch=53 train_batch=9000/12500 loss=2.468963
[rank 0] epoch=53 train_batch=9500/12500 loss=2.419333
[rank 0] epoch=53 train_batch=10000/12500 loss=2.481529
[rank 0] epoch=53 train_batch=10500/12500 loss=2.188794
[rank 0] epoch=53 train_batch=11000/12500 loss=2.685130
[rank 0] epoch=53 train_batch=11500/12500 loss=2.556928
[rank 0] epoch=53 train_batch=12000/12500 loss=2.300414
[rank 0] epoch=53 train_batch=12500/12500 loss=2.393131
[rank 0] epoch=53 train_batch=13000/12500 loss=2.264608
[rank 0] epoch=53 train_batch=13500/12500 loss=2.341855
[rank 0] epoch=53 train_batch=14000/12500 loss=2.383906
[rank 0] epoch=53 train_batch=14500/12500 loss=2.276088
[rank 0] epoch=53 train_batch=15000/12500 loss=2.286983
[rank 0] epoch=53 train_batch=15500/12500 loss=2.610711
[rank 0] epoch=53 train_batch=16000/12500 loss=2.167213
[rank 0] epoch=53 train_batch=16500/12500 loss=2.316286
[rank 0] epoch=53 train_batch=17000/12500 loss=2.361728
[rank 0] epoch=53 train_batch=17500/12500 loss=2.340781
[rank 0] epoch=53 train_batch=18000/12500 loss=2.397952
[rank 0] epoch=53 train_batch=18500/12500 loss=2.417507
[rank 0] epoch=53 train_batch=19000/12500 loss=2.395456
[rank 0] epoch=53 train_batch=19500/12500 loss=2.239817
[rank 0] epoch=53 train_batch=20000/12500 loss=2.239640
[rank 0] epoch=53 train_batch=20500/12500 loss=2.132883
[rank 0] epoch=53 train_batch=21000/12500 loss=2.323653
[rank 0] epoch=53 train_batch=21500/12500 loss=2.341373
[rank 0] epoch=53 train_batch=22000/12500 loss=2.275069
[rank 0] epoch=53 train_batch=22500/12500 loss=2.392704
[rank 0] epoch=53 train_batch=23000/12500 loss=2.225506
[rank 0] epoch=53 train_batch=23500/12500 loss=2.352662
[rank 0] epoch=53 train_batch=24000/12500 loss=2.508585
[rank 0] epoch=53 train_batch=24500/12500 loss=2.426360
[rank 0] epoch=53 train_batch=25000/12500 loss=2.372874
Training epoch 53
[2.16898151e+00 1.02065297e-01 2.75715621e+00 5.42966367e-02
 8.34601428e-02 1.94631284e-08 6.84310715e-01 5.75815013e-02
 1.26654490e+00 1.28015611e-07 8.07899020e-01 2.56618088e-01
 4.49925269e+00 2.20946793e-01 8.86809009e-01 2.76030879e-01
 3.69540285e+00 2.98933024e-01 4.54449795e+00 7.60793449e-02
 2.25239914e-01 9.32053747e-02 4.15828548e-01 7.43487563e-08
 6.72219961e-01 8.79475473e-02 1.54543465e+00 2.81067435e-07
 3.31500159e-01 7.93206094e-02 1.44029697e+00 7.21445252e-02
 2.71344799e-01 1.56241836e-01 1.57182383e+00 1.45427557e-01
 2.87614146e+00 7.20832315e-02 8.12182229e-02 4.09403255e-02
 1.04546034e+00 1.72823752e-07 4.95782651e-01 2.25131628e-02
 1.39033219e+00 1.62467376e-08 2.74758536e-01 1.48499966e-01
 1.65393695e+00 1.10366208e-01 6.13222018e-01 1.94568663e-01
 1.32658770e+00 1.67610756e-01 3.18341964e+00 4.00715685e-02
 3.53549474e-01 6.10347550e-02 3.70187982e+00 8.65041340e-08
 9.12292762e-01 3.23277940e-02 1.42958312e+00 7.27865026e-08
 2.32022456e-01 1.98841978e-01 1.37315344e+00 1.12774003e-01
 4.88746116e-01 3.00186277e-01 1.60826856e+00 1.82606179e-01
 1.52338498e+00 4.78768648e-02 3.69850705e-01 4.31427968e-02
 1.52468858e+00 2.31850763e-02 4.70121673e-01 2.54810333e-01
 1.76517548e+00 1.27242798e-01 1.17261602e+00 1.68057814e-01
 3.22571723e+00 8.00765108e-02 3.70463937e+00 8.07976458e-01
 7.57670996e+00 5.15168874e-01 3.90594450e+00 9.45955540e-01
 6.18960631e+00 3.83341455e-01 4.46482260e+01 3.50106100e-01
 6.30000605e+01 9.46577647e+00]
train  L_V                   = +0.3104 (22.9%)
 train    L_V_attractive      = +0.1084 (8.0%)
 train      L_V_attractive_charged      = +0.0950 (7.0%)
 train      L_V_attractive_neutral      = +0.0134 (1.0%)
 train    L_V_repulsive       = +0.2020 (14.9%)
 train      L_V_repulsive_charged       = +0.0897 (6.6%)
 train      L_V_repulsive_neutral       = +0.1123 (8.3%)
 train    L_charged_cluster   = +0.0000 (0.0%)
 train  L_beta              = +0.0879 (6.5%)
 train    L_beta_noise        = +0.0000 (0.0%)
 train    L_beta_sig          = -0.4905 (-36.2%)
 train    L_beta_suppress     = +0.0000 (0.0%)
 train    L_beta_track        = +0.5784 (42.7%)
 train      L_beta_norms_term   = -0.5644 (-41.7%)
 train      L_beta_logbeta_term = +0.0739 (5.5%)
 train  L_E   = +0.9559 (70.6%)
 train    L_E_charge = +0.0000 (0.0%)
 train    L_E_cond = +0.5162 (38.1%)
 train    L_E_cluster = +0.4396 (32.5%)
 train    L_E_w_photon   = +0.0000 (0.0%)
 train    L_E_w_charged_hadron   = +0.0000 (0.0%)
 train    L_E_w_neutral_hadron   = +0.0000 (0.0%)
 train    L_E_w_muon     = +0.0000 (0.0%)
 train    L_E_w_electron = +0.0000 (0.0%)
learning rate :  [0.00019945246344205893, 0.0001978158526933439, 0.00019510809880370062, 0.00019135886849137794, 0.00018660923910825467, 0.000180911248587776, 0.00017432732530646558, 0.00016692960410556788, 0.0001587991359666327, 0.000150025, 0.00014070332747542625, 0.000130936248587776, 0.00012083077349723503, 0.00011049761990360197, 0.00010005, 8.960238009639805e-05, 7.926922650276498e-05, 6.916375141222402e-05, 5.939667252457379e-05, 5.0075000000000025e-05, 4.130086403336732e-05, 3.3170395894432155e-05, 2.5772674693534433e-05, 1.9188751412224014e-05, 1.3490760891745352e-05, 8.741131508622033e-06, 4.991901196299404e-06, 2.284147306656121e-06, 6.475365579410847e-07, 1e-07, 0.0001995474186611798, 0.00019819377329140754, 0.00019595132271276903, 0.00019284037490495648, 0.00018888910309305962, 0.00018413329060647658, 0.0001786160068195416, 0.00017238721710860177, 0.00016550333035783126, 0.00015802668811164128, 0.000150025, 0.00014157073054953858, 0.00013274044293357632, 0.00012361410560416728, 0.00011427436808541487, 0.00010480581248658307, 9.529418751341697e-05, 8.582563191458516e-05, 7.648589439583274e-05, 6.735955706642371e-05, 5.852926945046146e-05, 5.0075000000000025e-05, 4.207331188835876e-05, 3.459666964216877e-05]
train loss :  2.354137897491455
[rank 0] epoch=53 valid_batch=500/1563
[rank 0] epoch=53 valid_batch=1000/1563
[rank 0] epoch=53 valid_batch=1500/1563
[rank 0] epoch=53 valid_batch=2000/1563
[rank 0] epoch=53 valid_batch=2500/1563
[rank 0] epoch=53 valid_batch=3000/1563
test   L_V                   = +31.2701 (96.6%)
    L_V_attractive      = +31.0597 (96.0%)
      L_V_attractive_charged      = +1.4273 (4.4%)
      L_V_attractive_neutral      = +29.6324 (91.5%)
    L_V_repulsive       = +0.2104 (0.6%)
      L_V_repulsive_charged       = +0.0927 (0.3%)
      L_V_repulsive_neutral       = +0.1177 (0.4%)
    L_charged_cluster   = +0.0000 (0.0%)
  L_beta              = +0.0680 (0.2%)
    L_beta_noise        = +0.0000 (0.0%)
    L_beta_sig          = -0.5092 (-1.6%)
    L_beta_suppress     = +0.0000 (0.0%)
    L_beta_track        = +0.5772 (1.8%)
      L_beta_norms_term   = -0.5776 (-1.8%)
      L_beta_logbeta_term = +0.0684 (0.2%)
  L_E   = +1.0326 (3.2%)
    L_E_charge = +0.0000 (0.0%)
    L_E_cond = +0.4713 (1.5%)
    L_E_cluster = +0.5613 (1.7%)
    L_E_w_photon   = +0.0000 (0.0%)
    L_E_w_charged_hadron   = +0.0000 (0.0%)
    L_E_w_neutral_hadron   = +0.0000 (0.0%)
    L_E_w_muon     = +0.0000 (0.0%)
    L_E_w_electron = +0.0000 (0.0%)
Returning 33.37061309814453
[rank 0] epoch=54 train_batch=500/12500 loss=2.248990
[rank 0] epoch=54 train_batch=1000/12500 loss=2.359196
[rank 0] epoch=54 train_batch=1500/12500 loss=2.293462
[rank 0] epoch=54 train_batch=2000/12500 loss=2.305842
[rank 0] epoch=54 train_batch=2500/12500 loss=2.297097
[rank 0] epoch=54 train_batch=3000/12500 loss=2.434125
[rank 0] epoch=54 train_batch=3500/12500 loss=2.497610
[rank 0] epoch=54 train_batch=4000/12500 loss=2.309089
[rank 0] epoch=54 train_batch=4500/12500 loss=2.314121
[rank 0] epoch=54 train_batch=5000/12500 loss=2.167703
[rank 0] epoch=54 train_batch=5500/12500 loss=2.345579
[rank 0] epoch=54 train_batch=6000/12500 loss=2.368240
[rank 0] epoch=54 train_batch=6500/12500 loss=2.447197
[rank 0] epoch=54 train_batch=7000/12500 loss=2.380906
[rank 0] epoch=54 train_batch=7500/12500 loss=2.222077
[rank 0] epoch=54 train_batch=8000/12500 loss=2.406985
[rank 0] epoch=54 train_batch=8500/12500 loss=2.175176
[rank 0] epoch=54 train_batch=9000/12500 loss=2.360396
[rank 0] epoch=54 train_batch=9500/12500 loss=2.477371
[rank 0] epoch=54 train_batch=10000/12500 loss=2.388891
[rank 0] epoch=54 train_batch=10500/12500 loss=2.226747
[rank 0] epoch=54 train_batch=11000/12500 loss=2.289568
[rank 0] epoch=54 train_batch=11500/12500 loss=2.258599
[rank 0] epoch=54 train_batch=12000/12500 loss=2.234582
[rank 0] epoch=54 train_batch=12500/12500 loss=2.284134
[rank 0] epoch=54 train_batch=13000/12500 loss=2.144269
[rank 0] epoch=54 train_batch=13500/12500 loss=2.357650
[rank 0] epoch=54 train_batch=14000/12500 loss=2.248750
[rank 0] epoch=54 train_batch=14500/12500 loss=2.298726
[rank 0] epoch=54 train_batch=15000/12500 loss=2.227551
[rank 0] epoch=54 train_batch=15500/12500 loss=2.398120
[rank 0] epoch=54 train_batch=16000/12500 loss=2.447729
[rank 0] epoch=54 train_batch=16500/12500 loss=2.224410
[rank 0] epoch=54 train_batch=17000/12500 loss=2.296962
[rank 0] epoch=54 train_batch=17500/12500 loss=2.325977
[rank 0] epoch=54 train_batch=18000/12500 loss=2.481520
[rank 0] epoch=54 train_batch=18500/12500 loss=2.226285
[rank 0] epoch=54 train_batch=19000/12500 loss=2.440781
[rank 0] epoch=54 train_batch=19500/12500 loss=2.324259
[rank 0] epoch=54 train_batch=20000/12500 loss=2.394635
[rank 0] epoch=54 train_batch=20500/12500 loss=2.294008
[rank 0] epoch=54 train_batch=21000/12500 loss=2.648234
[rank 0] epoch=54 train_batch=21500/12500 loss=2.280239
[rank 0] epoch=54 train_batch=22000/12500 loss=2.302632
[rank 0] epoch=54 train_batch=22500/12500 loss=2.180214
[rank 0] epoch=54 train_batch=23000/12500 loss=2.738439
[rank 0] epoch=54 train_batch=23500/12500 loss=2.128620
[rank 0] epoch=54 train_batch=24000/12500 loss=2.310186
[rank 0] epoch=54 train_batch=24500/12500 loss=2.135192
[rank 0] epoch=54 train_batch=25000/12500 loss=2.175766
Training epoch 54
[2.25274917e+00 1.06246381e-01 2.84161010e+00 5.65957462e-02
 9.18262680e-02 2.16476336e-08 7.13155201e-01 5.97200549e-02
 1.31761451e+00 1.31178386e-07 8.36592250e-01 2.63532101e-01
 4.64002283e+00 2.26735388e-01 8.97742466e-01 2.82658547e-01
 3.81015923e+00 3.05481826e-01 4.68807191e+00 8.36131762e-02
 2.31153905e-01 1.01233619e-01 4.75969195e-01 8.50192653e-08
 7.22034108e-01 9.48480992e-02 1.61457796e+00 2.97572141e-07
 3.54790367e-01 8.47491182e-02 1.54670518e+00 7.71368873e-02
 2.91435209e-01 1.63885263e-01 1.65969745e+00 1.52937619e-01
 3.02460822e+00 7.38448968e-02 8.82128420e-02 4.45753867e-02
 1.12125233e+00 1.85423463e-07 5.38984851e-01 2.50777661e-02
 1.46618670e+00 1.78393283e-08 2.93875913e-01 1.53357242e-01
 1.78498743e+00 1.14279013e-01 6.46937547e-01 2.01943916e-01
 1.39289967e+00 1.72809614e-01 3.52122655e+00 4.34836893e-02
 3.75309799e-01 6.31463874e-02 4.11699962e+00 9.10056288e-08
 1.00202298e+00 3.35265841e-02 1.56352009e+00 7.81772203e-08
 2.52076632e-01 2.07784287e-01 1.52730315e+00 1.18707500e-01
 5.14646205e-01 3.17608720e-01 1.70774116e+00 1.94836604e-01
 1.64412447e+00 5.44740428e-02 4.01029590e-01 4.40712477e-02
 1.58037446e+00 2.34135770e-02 4.78386562e-01 2.63980456e-01
 1.82821470e+00 1.31844279e-01 1.21109423e+00 1.78825416e-01
 3.33846354e+00 8.30998097e-02 3.86955867e+00 8.49641384e-01
 7.87025723e+00 5.40955309e-01 4.04553377e+00 9.33981288e-01
 6.34026841e+00 3.84515664e-01 4.59401071e+01 3.44966258e-01
 6.22408456e+01 9.37637605e+00]
train  L_V                   = +0.3090 (23.3%)
 train    L_V_attractive      = +0.1080 (8.1%)
 train      L_V_attractive_charged      = +0.0945 (7.1%)
 train      L_V_attractive_neutral      = +0.0135 (1.0%)
 train    L_V_repulsive       = +0.2011 (15.2%)
 train      L_V_repulsive_charged       = +0.0898 (6.8%)
 train      L_V_repulsive_neutral       = +0.1113 (8.4%)
 train    L_charged_cluster   = +0.0000 (0.0%)
 train  L_beta              = +0.0859 (6.5%)
 train    L_beta_noise        = +0.0000 (0.0%)
 train    L_beta_sig          = -0.4925 (-37.2%)
 train    L_beta_suppress     = +0.0000 (0.0%)
 train    L_beta_track        = +0.5784 (43.6%)
 train      L_beta_norms_term   = -0.5661 (-42.7%)
 train      L_beta_logbeta_term = +0.0736 (5.6%)
 train  L_E   = +0.9305 (70.2%)
 train    L_E_charge = +0.0000 (0.0%)
 train    L_E_cond = +0.5083 (38.3%)
 train    L_E_cluster = +0.4223 (31.9%)
 train    L_E_w_photon   = +0.0000 (0.0%)
 train    L_E_w_charged_hadron   = +0.0000 (0.0%)
 train    L_E_w_neutral_hadron   = +0.0000 (0.0%)
 train    L_E_w_muon     = +0.0000 (0.0%)
 train    L_E_w_electron = +0.0000 (0.0%)
learning rate :  [0.00019945246344205893, 0.0001978158526933439, 0.00019510809880370062, 0.00019135886849137794, 0.00018660923910825467, 0.000180911248587776, 0.00017432732530646558, 0.00016692960410556788, 0.0001587991359666327, 0.000150025, 0.00014070332747542625, 0.000130936248587776, 0.00012083077349723503, 0.00011049761990360197, 0.00010005, 8.960238009639805e-05, 7.926922650276498e-05, 6.916375141222402e-05, 5.939667252457379e-05, 5.0075000000000025e-05, 4.130086403336732e-05, 3.3170395894432155e-05, 2.5772674693534433e-05, 1.9188751412224014e-05, 1.3490760891745352e-05, 8.741131508622033e-06, 4.991901196299404e-06, 2.284147306656121e-06, 6.475365579410847e-07, 1e-07, 0.0001995474186611798, 0.00019819377329140754, 0.00019595132271276903, 0.00019284037490495648, 0.00018888910309305962, 0.00018413329060647658, 0.0001786160068195416, 0.00017238721710860177, 0.00016550333035783126, 0.00015802668811164128, 0.000150025, 0.00014157073054953858, 0.00013274044293357632, 0.00012361410560416728, 0.00011427436808541487, 0.00010480581248658307, 9.529418751341697e-05, 8.582563191458516e-05, 7.648589439583274e-05, 6.735955706642371e-05, 5.852926945046146e-05, 5.0075000000000025e-05, 4.207331188835876e-05, 3.459666964216877e-05, 2.7712782891398233e-05]
train loss :  2.325453758239746
[rank 0] epoch=54 valid_batch=500/1563
[rank 0] epoch=54 valid_batch=1000/1563
[rank 0] epoch=54 valid_batch=1500/1563
[rank 0] epoch=54 valid_batch=2000/1563
[rank 0] epoch=54 valid_batch=2500/1563
[rank 0] epoch=54 valid_batch=3000/1563
test   L_V                   = +0.3126 (24.6%)
    L_V_attractive      = +0.1083 (8.5%)
      L_V_attractive_charged      = +0.0934 (7.4%)
      L_V_attractive_neutral      = +0.0148 (1.2%)
    L_V_repulsive       = +0.2044 (16.1%)
      L_V_repulsive_charged       = +0.0902 (7.1%)
      L_V_repulsive_neutral       = +0.1141 (9.0%)
    L_charged_cluster   = +0.0000 (0.0%)
  L_beta              = +0.0714 (5.6%)
    L_beta_noise        = +0.0000 (0.0%)
    L_beta_sig          = -0.5063 (-39.9%)
    L_beta_suppress     = +0.0000 (0.0%)
    L_beta_track        = +0.5776 (45.5%)
      L_beta_norms_term   = -0.5770 (-45.5%)
      L_beta_logbeta_term = +0.0708 (5.6%)
  L_E   = +0.8850 (69.7%)
    L_E_charge = +0.0000 (0.0%)
    L_E_cond = +0.4599 (36.2%)
    L_E_cluster = +0.4251 (33.5%)
    L_E_w_photon   = +0.0000 (0.0%)
    L_E_w_charged_hadron   = +0.0000 (0.0%)
    L_E_w_neutral_hadron   = +0.0000 (0.0%)
    L_E_w_muon     = +0.0000 (0.0%)
    L_E_w_electron = +0.0000 (0.0%)
Returning 2.269026756286621
[rank 0] epoch=55 train_batch=500/12500 loss=2.351781
[rank 0] epoch=55 train_batch=1000/12500 loss=2.175317
[rank 0] epoch=55 train_batch=1500/12500 loss=2.366065
[rank 0] epoch=55 train_batch=2000/12500 loss=2.409234
[rank 0] epoch=55 train_batch=2500/12500 loss=2.190446
[rank 0] epoch=55 train_batch=3000/12500 loss=2.141427
[rank 0] epoch=55 train_batch=3500/12500 loss=2.231197
[rank 0] epoch=55 train_batch=4000/12500 loss=2.246611
[rank 0] epoch=55 train_batch=4500/12500 loss=2.160903
[rank 0] epoch=55 train_batch=5000/12500 loss=2.137970
[rank 0] epoch=55 train_batch=5500/12500 loss=2.225010
[rank 0] epoch=55 train_batch=6000/12500 loss=2.171841
[rank 0] epoch=55 train_batch=6500/12500 loss=2.188792
[rank 0] epoch=55 train_batch=7000/12500 loss=2.177534
[rank 0] epoch=55 train_batch=7500/12500 loss=2.315091
[rank 0] epoch=55 train_batch=8000/12500 loss=2.229908
[rank 0] epoch=55 train_batch=8500/12500 loss=2.310382
[rank 0] epoch=55 train_batch=9000/12500 loss=2.143994
[rank 0] epoch=55 train_batch=9500/12500 loss=2.341274
[rank 0] epoch=55 train_batch=10000/12500 loss=2.205674
[rank 0] epoch=55 train_batch=10500/12500 loss=2.283712
[rank 0] epoch=55 train_batch=11000/12500 loss=2.173866
[rank 0] epoch=55 train_batch=11500/12500 loss=2.330127
[rank 0] epoch=55 train_batch=12000/12500 loss=2.468156
[rank 0] epoch=55 train_batch=12500/12500 loss=2.503643
[rank 0] epoch=55 train_batch=13000/12500 loss=2.478164
[rank 0] epoch=55 train_batch=13500/12500 loss=2.352733
[rank 0] epoch=55 train_batch=14000/12500 loss=2.373426
[rank 0] epoch=55 train_batch=14500/12500 loss=2.238889
[rank 0] epoch=55 train_batch=15000/12500 loss=2.233177
[rank 0] epoch=55 train_batch=15500/12500 loss=2.143981
[rank 0] epoch=55 train_batch=16000/12500 loss=2.422897
[rank 0] epoch=55 train_batch=16500/12500 loss=2.160104
[rank 0] epoch=55 train_batch=17000/12500 loss=2.442905
[rank 0] epoch=55 train_batch=17500/12500 loss=2.241367
[rank 0] epoch=55 train_batch=18000/12500 loss=2.267950
[rank 0] epoch=55 train_batch=18500/12500 loss=2.403633
[rank 0] epoch=55 train_batch=19000/12500 loss=2.398726
[rank 0] epoch=55 train_batch=19500/12500 loss=2.247692
[rank 0] epoch=55 train_batch=20000/12500 loss=2.283784
[rank 0] epoch=55 train_batch=20500/12500 loss=2.237576
[rank 0] epoch=55 train_batch=21000/12500 loss=2.290154
[rank 0] epoch=55 train_batch=21500/12500 loss=2.188439
[rank 0] epoch=55 train_batch=22000/12500 loss=2.255650
[rank 0] epoch=55 train_batch=22500/12500 loss=2.584818
[rank 0] epoch=55 train_batch=23000/12500 loss=2.302844
[rank 0] epoch=55 train_batch=23500/12500 loss=2.276101
[rank 0] epoch=55 train_batch=24000/12500 loss=2.217097
[rank 0] epoch=55 train_batch=24500/12500 loss=2.199788
[rank 0] epoch=55 train_batch=25000/12500 loss=2.181374
Training epoch 55
[2.28737935e+00 1.09687550e-01 2.88504971e+00 6.01959814e-02
 9.65087808e-02 2.20677710e-08 7.38424024e-01 6.35206860e-02
 1.33545544e+00 1.31589139e-07 8.43538451e-01 2.66326873e-01
 4.68376782e+00 2.27088744e-01 9.10312510e-01 2.92683164e-01
 3.87445133e+00 3.14781685e-01 4.73420405e+00 9.12109454e-02
 2.31412782e-01 1.03572032e-01 5.18464110e-01 8.94358231e-08
 7.49250556e-01 9.84345476e-02 1.64549185e+00 2.99198361e-07
 3.69789222e-01 9.12182100e-02 1.62686076e+00 8.33577647e-02
 3.13581458e-01 1.79681465e-01 1.74003490e+00 1.68420780e-01
 3.19833399e+00 7.78340524e-02 9.25801882e-02 4.82644531e-02
 1.22004856e+00 1.86917295e-07 5.71700194e-01 2.80450718e-02
 1.52317154e+00 1.92464218e-08 3.12292058e-01 1.61921085e-01
 1.94883853e+00 1.19385040e-01 6.98640377e-01 2.11410377e-01
 1.45113998e+00 1.81802199e-01 3.65345034e+00 4.67306308e-02
 3.93189192e-01 6.25166648e-02 4.30718231e+00 9.44236317e-08
 1.06287716e+00 3.35948819e-02 1.68860890e+00 8.31885453e-08
 2.71976365e-01 2.09674353e-01 1.65513388e+00 1.23749066e-01
 5.45677001e-01 3.24862711e-01 1.80037248e+00 2.03967485e-01
 1.74627843e+00 6.04267292e-02 4.17449542e-01 4.45060060e-02
 1.61282382e+00 2.29661824e-02 4.89270189e-01 2.72195337e-01
 1.88265243e+00 1.35357317e-01 1.24594357e+00 1.90956596e-01
 3.42384812e+00 8.63779397e-02 4.05327592e+00 8.93195712e-01
 8.13845958e+00 5.68008012e-01 4.16136235e+00 9.21162501e-01
 6.47999208e+00 3.88904986e-01 4.70760696e+01 3.42393186e-01
 6.14963891e+01 9.27289156e+00]
train  L_V                   = +0.3074 (23.6%)
 train    L_V_attractive      = +0.1080 (8.3%)
 train      L_V_attractive_charged      = +0.0942 (7.2%)
 train      L_V_attractive_neutral      = +0.0137 (1.1%)
 train    L_V_repulsive       = +0.1995 (15.3%)
 train      L_V_repulsive_charged       = +0.0895 (6.9%)
 train      L_V_repulsive_neutral       = +0.1100 (8.4%)
 train    L_charged_cluster   = +0.0000 (0.0%)
 train  L_beta              = +0.0836 (6.4%)
 train    L_beta_noise        = +0.0000 (0.0%)
 train    L_beta_sig          = -0.4947 (-38.0%)
 train    L_beta_suppress     = +0.0000 (0.0%)
 train    L_beta_track        = +0.5784 (44.4%)
 train      L_beta_norms_term   = -0.5677 (-43.6%)
 train      L_beta_logbeta_term = +0.0730 (5.6%)
 train  L_E   = +0.9123 (70.0%)
 train    L_E_charge = +0.0000 (0.0%)
 train    L_E_cond = +0.5018 (38.5%)
 train    L_E_cluster = +0.4106 (31.5%)
 train    L_E_w_photon   = +0.0000 (0.0%)
 train    L_E_w_charged_hadron   = +0.0000 (0.0%)
 train    L_E_w_neutral_hadron   = +0.0000 (0.0%)
 train    L_E_w_muon     = +0.0000 (0.0%)
 train    L_E_w_electron = +0.0000 (0.0%)
learning rate :  [0.00019945246344205893, 0.0001978158526933439, 0.00019510809880370062, 0.00019135886849137794, 0.00018660923910825467, 0.000180911248587776, 0.00017432732530646558, 0.00016692960410556788, 0.0001587991359666327, 0.000150025, 0.00014070332747542625, 0.000130936248587776, 0.00012083077349723503, 0.00011049761990360197, 0.00010005, 8.960238009639805e-05, 7.926922650276498e-05, 6.916375141222402e-05, 5.939667252457379e-05, 5.0075000000000025e-05, 4.130086403336732e-05, 3.3170395894432155e-05, 2.5772674693534433e-05, 1.9188751412224014e-05, 1.3490760891745352e-05, 8.741131508622033e-06, 4.991901196299404e-06, 2.284147306656121e-06, 6.475365579410847e-07, 1e-07, 0.0001995474186611798, 0.00019819377329140754, 0.00019595132271276903, 0.00019284037490495648, 0.00018888910309305962, 0.00018413329060647658, 0.0001786160068195416, 0.00017238721710860177, 0.00016550333035783126, 0.00015802668811164128, 0.000150025, 0.00014157073054953858, 0.00013274044293357632, 0.00012361410560416728, 0.00011427436808541487, 0.00010480581248658307, 9.529418751341697e-05, 8.582563191458516e-05, 7.648589439583274e-05, 6.735955706642371e-05, 5.852926945046146e-05, 5.0075000000000025e-05, 4.207331188835876e-05, 3.459666964216877e-05, 2.7712782891398233e-05, 2.148399318045841e-05]
train loss :  2.3033602237701416
[rank 0] epoch=55 valid_batch=500/1563
[rank 0] epoch=55 valid_batch=1000/1563
[rank 0] epoch=55 valid_batch=1500/1563
[rank 0] epoch=55 valid_batch=2000/1563
[rank 0] epoch=55 valid_batch=2500/1563
[rank 0] epoch=55 valid_batch=3000/1563
test   L_V                   = +0.3098 (27.1%)
    L_V_attractive      = +0.1037 (9.1%)
      L_V_attractive_charged      = +0.0900 (7.9%)
      L_V_attractive_neutral      = +0.0138 (1.2%)
    L_V_repulsive       = +0.2060 (18.0%)
      L_V_repulsive_charged       = +0.0924 (8.1%)
      L_V_repulsive_neutral       = +0.1136 (10.0%)
    L_charged_cluster   = +0.0000 (0.0%)
  L_beta              = +0.0681 (6.0%)
    L_beta_noise        = +0.0000 (0.0%)
    L_beta_sig          = -0.5096 (-44.6%)
    L_beta_suppress     = +0.0000 (0.0%)
    L_beta_track        = +0.5777 (50.6%)
      L_beta_norms_term   = -0.5799 (-50.8%)
      L_beta_logbeta_term = +0.0704 (6.2%)
  L_E   = +0.7638 (66.9%)
    L_E_charge = +0.0000 (0.0%)
    L_E_cond = +0.4429 (38.8%)
    L_E_cluster = +0.3210 (28.1%)
    L_E_w_photon   = +0.0000 (0.0%)
    L_E_w_charged_hadron   = +0.0000 (0.0%)
    L_E_w_neutral_hadron   = +0.0000 (0.0%)
    L_E_w_muon     = +0.0000 (0.0%)
    L_E_w_electron = +0.0000 (0.0%)
Returning 2.1417338848114014
[rank 0] epoch=56 train_batch=500/12500 loss=2.245409
[rank 0] epoch=56 train_batch=1000/12500 loss=2.114327
[rank 0] epoch=56 train_batch=1500/12500 loss=2.232202
[rank 0] epoch=56 train_batch=2000/12500 loss=2.291409
[rank 0] epoch=56 train_batch=2500/12500 loss=2.225019
[rank 0] epoch=56 train_batch=3000/12500 loss=2.220041
[rank 0] epoch=56 train_batch=3500/12500 loss=2.175511
[rank 0] epoch=56 train_batch=4000/12500 loss=2.215490
[rank 0] epoch=56 train_batch=4500/12500 loss=2.051924
[rank 0] epoch=56 train_batch=5000/12500 loss=2.398428
[rank 0] epoch=56 train_batch=5500/12500 loss=2.279490
[rank 0] epoch=56 train_batch=6000/12500 loss=2.316669
[rank 0] epoch=56 train_batch=6500/12500 loss=2.381366
[rank 0] epoch=56 train_batch=7000/12500 loss=2.223105
[rank 0] epoch=56 train_batch=7500/12500 loss=2.202040
[rank 0] epoch=56 train_batch=8000/12500 loss=2.283937
[rank 0] epoch=56 train_batch=8500/12500 loss=2.318578
[rank 0] epoch=56 train_batch=9000/12500 loss=2.385841
[rank 0] epoch=56 train_batch=9500/12500 loss=2.213986
[rank 0] epoch=56 train_batch=10000/12500 loss=2.427331
[rank 0] epoch=56 train_batch=10500/12500 loss=2.299879
[rank 0] epoch=56 train_batch=11000/12500 loss=2.147444
[rank 0] epoch=56 train_batch=11500/12500 loss=2.419111
[rank 0] epoch=56 train_batch=12000/12500 loss=2.469452
[rank 0] epoch=56 train_batch=12500/12500 loss=2.109742
[rank 0] epoch=56 train_batch=13000/12500 loss=2.319354
[rank 0] epoch=56 train_batch=13500/12500 loss=2.381053
[rank 0] epoch=56 train_batch=14000/12500 loss=2.170380
[rank 0] epoch=56 train_batch=14500/12500 loss=2.241616
[rank 0] epoch=56 train_batch=15000/12500 loss=2.177418
[rank 0] epoch=56 train_batch=15500/12500 loss=2.524697
[rank 0] epoch=56 train_batch=16000/12500 loss=2.266822
[rank 0] epoch=56 train_batch=16500/12500 loss=2.138913
[rank 0] epoch=56 train_batch=17000/12500 loss=2.191002
[rank 0] epoch=56 train_batch=17500/12500 loss=2.521614
[rank 0] epoch=56 train_batch=18000/12500 loss=2.345920
[rank 0] epoch=56 train_batch=18500/12500 loss=2.096245
[rank 0] epoch=56 train_batch=19000/12500 loss=2.404173
[rank 0] epoch=56 train_batch=19500/12500 loss=2.314646
[rank 0] epoch=56 train_batch=20000/12500 loss=2.456673
[rank 0] epoch=56 train_batch=20500/12500 loss=2.167665
[rank 0] epoch=56 train_batch=21000/12500 loss=2.231859
[rank 0] epoch=56 train_batch=21500/12500 loss=2.260365
[rank 0] epoch=56 train_batch=22000/12500 loss=2.125603
[rank 0] epoch=56 train_batch=22500/12500 loss=2.240483
[rank 0] epoch=56 train_batch=23000/12500 loss=2.238000
[rank 0] epoch=56 train_batch=23500/12500 loss=2.390784
[rank 0] epoch=56 train_batch=24000/12500 loss=2.133725
[rank 0] epoch=56 train_batch=24500/12500 loss=2.436561
[rank 0] epoch=56 train_batch=25000/12500 loss=2.309006
Training epoch 56
[2.41761898e+00 1.10608020e-01 3.04419088e+00 6.26855808e-02
 1.04576667e-01 2.44408977e-08 7.79664647e-01 6.66832100e-02
 1.41760511e+00 1.37925803e-07 8.89136454e-01 2.73378591e-01
 4.88591225e+00 2.31687107e-01 9.30240687e-01 3.04902203e-01
 4.04653302e+00 3.26309388e-01 4.89012644e+00 9.66340570e-02
 2.38420366e-01 1.09307929e-01 5.75928576e-01 9.71349777e-08
 8.04876930e-01 1.04013754e-01 1.73737288e+00 3.10337383e-07
 3.97129322e-01 9.74835309e-02 1.74328488e+00 8.95778851e-02
 3.34420852e-01 1.96201046e-01 1.84479086e+00 1.84566996e-01
 3.40116267e+00 7.90252212e-02 9.77838007e-02 5.32151026e-02
 1.28255687e+00 1.95154228e-07 6.08502582e-01 3.12280889e-02
 1.58456774e+00 2.13779150e-08 3.29466830e-01 1.69856834e-01
 2.08306309e+00 1.24464598e-01 7.23181926e-01 2.18797115e-01
 1.50633035e+00 1.88073862e-01 3.96749977e+00 4.91686198e-02
 4.08679214e-01 6.39547498e-02 4.63398418e+00 9.86311177e-08
 1.12702481e+00 3.51813599e-02 1.82442258e+00 8.98450391e-08
 2.93143755e-01 2.14253743e-01 1.81740161e+00 1.29361362e-01
 5.74308623e-01 3.36318816e-01 1.90085498e+00 2.14722466e-01
 1.83736148e+00 6.50545082e-02 4.40587860e-01 4.49225404e-02
 1.65860925e+00 2.31434959e-02 5.03130078e-01 2.81999931e-01
 1.94409670e+00 1.39622721e-01 1.28818928e+00 2.07782032e-01
 3.54015765e+00 9.13018122e-02 4.23646556e+00 9.35603124e-01
 8.45054686e+00 5.94821382e-01 4.29354114e+00 9.02694009e-01
 6.62029180e+00 3.92312829e-01 4.91312030e+01 3.47632948e-01
 6.15614456e+01 9.20638134e+00]
train  L_V                   = +0.3060 (24.0%)
 train    L_V_attractive      = +0.1074 (8.4%)
 train      L_V_attractive_charged      = +0.0935 (7.3%)
 train      L_V_attractive_neutral      = +0.0139 (1.1%)
 train    L_V_repulsive       = +0.1986 (15.6%)
 train      L_V_repulsive_charged       = +0.0896 (7.0%)
 train      L_V_repulsive_neutral       = +0.1091 (8.6%)
 train    L_charged_cluster   = +0.0000 (0.0%)
 train  L_beta              = +0.0826 (6.5%)
 train    L_beta_noise        = +0.0000 (0.0%)
 train    L_beta_sig          = -0.4958 (-38.9%)
 train    L_beta_suppress     = +0.0000 (0.0%)
 train    L_beta_track        = +0.5784 (45.4%)
 train      L_beta_norms_term   = -0.5686 (-44.6%)
 train      L_beta_logbeta_term = +0.0728 (5.7%)
 train  L_E   = +0.8863 (69.5%)
 train    L_E_charge = +0.0000 (0.0%)
 train    L_E_cond = +0.4949 (38.8%)
 train    L_E_cluster = +0.3914 (30.7%)
 train    L_E_w_photon   = +0.0000 (0.0%)
 train    L_E_w_charged_hadron   = +0.0000 (0.0%)
 train    L_E_w_neutral_hadron   = +0.0000 (0.0%)
 train    L_E_w_muon     = +0.0000 (0.0%)
 train    L_E_w_electron = +0.0000 (0.0%)
learning rate :  [0.00019945246344205893, 0.0001978158526933439, 0.00019510809880370062, 0.00019135886849137794, 0.00018660923910825467, 0.000180911248587776, 0.00017432732530646558, 0.00016692960410556788, 0.0001587991359666327, 0.000150025, 0.00014070332747542625, 0.000130936248587776, 0.00012083077349723503, 0.00011049761990360197, 0.00010005, 8.960238009639805e-05, 7.926922650276498e-05, 6.916375141222402e-05, 5.939667252457379e-05, 5.0075000000000025e-05, 4.130086403336732e-05, 3.3170395894432155e-05, 2.5772674693534433e-05, 1.9188751412224014e-05, 1.3490760891745352e-05, 8.741131508622033e-06, 4.991901196299404e-06, 2.284147306656121e-06, 6.475365579410847e-07, 1e-07, 0.0001995474186611798, 0.00019819377329140754, 0.00019595132271276903, 0.00019284037490495648, 0.00018888910309305962, 0.00018413329060647658, 0.0001786160068195416, 0.00017238721710860177, 0.00016550333035783126, 0.00015802668811164128, 0.000150025, 0.00014157073054953858, 0.00013274044293357632, 0.00012361410560416728, 0.00011427436808541487, 0.00010480581248658307, 9.529418751341697e-05, 8.582563191458516e-05, 7.648589439583274e-05, 6.735955706642371e-05, 5.852926945046146e-05, 5.0075000000000025e-05, 4.207331188835876e-05, 3.459666964216877e-05, 2.7712782891398233e-05, 2.148399318045841e-05, 1.596670939352343e-05]
train loss :  2.2748758792877197
[rank 0] epoch=56 valid_batch=500/1563
[rank 0] epoch=56 valid_batch=1000/1563
[rank 0] epoch=56 valid_batch=1500/1563
[rank 0] epoch=56 valid_batch=2000/1563
[rank 0] epoch=56 valid_batch=2500/1563
[rank 0] epoch=56 valid_batch=3000/1563
test   L_V                   = +0.2913 (24.9%)
    L_V_attractive      = +0.0993 (8.5%)
      L_V_attractive_charged      = +0.0862 (7.4%)
      L_V_attractive_neutral      = +0.0131 (1.1%)
    L_V_repulsive       = +0.1920 (16.4%)
      L_V_repulsive_charged       = +0.0864 (7.4%)
      L_V_repulsive_neutral       = +0.1056 (9.0%)
    L_charged_cluster   = +0.0000 (0.0%)
  L_beta              = +0.0833 (7.1%)
    L_beta_noise        = +0.0000 (0.0%)
    L_beta_sig          = -0.4948 (-42.3%)
    L_beta_suppress     = +0.0000 (0.0%)
    L_beta_track        = +0.5782 (49.4%)
      L_beta_norms_term   = -0.5709 (-48.8%)
      L_beta_logbeta_term = +0.0761 (6.5%)
  L_E   = +0.7954 (68.0%)
    L_E_charge = +0.0000 (0.0%)
    L_E_cond = +0.4626 (39.5%)
    L_E_cluster = +0.3328 (28.4%)
    L_E_w_photon   = +0.0000 (0.0%)
    L_E_w_charged_hadron   = +0.0000 (0.0%)
    L_E_w_neutral_hadron   = +0.0000 (0.0%)
    L_E_w_muon     = +0.0000 (0.0%)
    L_E_w_electron = +0.0000 (0.0%)
Returning 2.1700761318206787
[rank 0] epoch=57 train_batch=500/12500 loss=2.220719
[rank 0] epoch=57 train_batch=1000/12500 loss=2.250636
[rank 0] epoch=57 train_batch=1500/12500 loss=2.455637
[rank 0] epoch=57 train_batch=2000/12500 loss=2.230465
[rank 0] epoch=57 train_batch=2500/12500 loss=2.165704
[rank 0] epoch=57 train_batch=3000/12500 loss=2.196964
[rank 0] epoch=57 train_batch=3500/12500 loss=2.256757
[rank 0] epoch=57 train_batch=4000/12500 loss=2.147680
[rank 0] epoch=57 train_batch=4500/12500 loss=2.259045
[rank 0] epoch=57 train_batch=5000/12500 loss=2.212705
[rank 0] epoch=57 train_batch=5500/12500 loss=2.117442
[rank 0] epoch=57 train_batch=6000/12500 loss=2.368974
[rank 0] epoch=57 train_batch=6500/12500 loss=2.287723
[rank 0] epoch=57 train_batch=7000/12500 loss=2.161552
[rank 0] epoch=57 train_batch=7500/12500 loss=2.259685
[rank 0] epoch=57 train_batch=8000/12500 loss=2.291740
[rank 0] epoch=57 train_batch=8500/12500 loss=2.210902
[rank 0] epoch=57 train_batch=9000/12500 loss=2.067822
[rank 0] epoch=57 train_batch=9500/12500 loss=2.156793
[rank 0] epoch=57 train_batch=10000/12500 loss=2.151810
[rank 0] epoch=57 train_batch=10500/12500 loss=2.217243
[rank 0] epoch=57 train_batch=11000/12500 loss=2.410058
[rank 0] epoch=57 train_batch=11500/12500 loss=2.075056
[rank 0] epoch=57 train_batch=12000/12500 loss=2.368848
[rank 0] epoch=57 train_batch=12500/12500 loss=2.416507
[rank 0] epoch=57 train_batch=13000/12500 loss=2.212902
[rank 0] epoch=57 train_batch=13500/12500 loss=2.322081
[rank 0] epoch=57 train_batch=14000/12500 loss=2.309600
[rank 0] epoch=57 train_batch=14500/12500 loss=2.231620
[rank 0] epoch=57 train_batch=15000/12500 loss=2.258125
[rank 0] epoch=57 train_batch=15500/12500 loss=2.048840
[rank 0] epoch=57 train_batch=16000/12500 loss=2.263680
[rank 0] epoch=57 train_batch=16500/12500 loss=2.293121
[rank 0] epoch=57 train_batch=17000/12500 loss=2.428851
[rank 0] epoch=57 train_batch=17500/12500 loss=2.074312
[rank 0] epoch=57 train_batch=18000/12500 loss=2.357841
[rank 0] epoch=57 train_batch=18500/12500 loss=2.334990
[rank 0] epoch=57 train_batch=19000/12500 loss=2.224148
[rank 0] epoch=57 train_batch=19500/12500 loss=2.322462
[rank 0] epoch=57 train_batch=20000/12500 loss=2.211581
[rank 0] epoch=57 train_batch=20500/12500 loss=2.187198
[rank 0] epoch=57 train_batch=21000/12500 loss=2.211219
[rank 0] epoch=57 train_batch=21500/12500 loss=2.310761
[rank 0] epoch=57 train_batch=22000/12500 loss=2.287605
[rank 0] epoch=57 train_batch=22500/12500 loss=2.539781
[rank 0] epoch=57 train_batch=23000/12500 loss=2.144701
[rank 0] epoch=57 train_batch=23500/12500 loss=2.157876
[rank 0] epoch=57 train_batch=24000/12500 loss=2.203805
[rank 0] epoch=57 train_batch=24500/12500 loss=2.185617
[rank 0] epoch=57 train_batch=25000/12500 loss=2.352927
Training epoch 57
[2.44217848e+00 1.12910907e-01 3.11582915e+00 6.43530131e-02
 1.09354170e-01 2.63268674e-08 8.02446448e-01 6.85288948e-02
 1.45501936e+00 1.40718819e-07 9.01695680e-01 2.81141840e-01
 4.98321142e+00 2.37273346e-01 9.46743074e-01 3.12168405e-01
 4.14759371e+00 3.32601712e-01 5.02166440e+00 1.05134575e-01
 2.46901663e-01 1.11638752e-01 6.33729778e-01 1.02665158e-07
 8.31866046e-01 1.07046440e-01 1.76133354e+00 3.16585958e-07
 4.12558226e-01 1.01831441e-01 1.81716708e+00 9.33674056e-02
 3.46218260e-01 2.15442069e-01 1.90986075e+00 2.02757515e-01
 3.55005855e+00 8.51662865e-02 1.00238312e-01 5.57793453e-02
 1.32598749e+00 1.99093751e-07 6.36546156e-01 3.24402029e-02
 1.61743618e+00 2.31116629e-08 3.44696236e-01 1.70042882e-01
 2.19544533e+00 1.25611185e-01 7.75488497e-01 2.18714008e-01
 1.54912103e+00 1.89523093e-01 4.18509627e+00 5.06376879e-02
 4.27452306e-01 6.46865035e-02 4.80472519e+00 1.02267364e-07
 1.19515861e+00 3.58338483e-02 1.92329835e+00 9.51281236e-08
 3.05702804e-01 2.14294371e-01 1.92913624e+00 1.31368076e-01
 5.92327212e-01 3.45300088e-01 1.96518091e+00 2.19780572e-01
 1.90159336e+00 6.82325398e-02 4.53191094e-01 4.46485247e-02
 1.68553373e+00 2.32582249e-02 5.06289412e-01 2.87776152e-01
 1.97491229e+00 1.41736167e-01 1.30722681e+00 2.14596324e-01
 3.59745994e+00 9.37813281e-02 4.31199285e+00 9.54005002e-01
 8.57174986e+00 6.06744524e-01 4.34578278e+00 8.76761822e-01
 6.65746065e+00 3.90294613e-01 4.99346933e+01 3.46105039e-01
 6.14395414e+01 9.07670183e+00]
train  L_V                   = +0.3050 (24.3%)
 train    L_V_attractive      = +0.1070 (8.5%)
 train      L_V_attractive_charged      = +0.0931 (7.4%)
 train      L_V_attractive_neutral      = +0.0139 (1.1%)
 train    L_V_repulsive       = +0.1980 (15.8%)
 train      L_V_repulsive_charged       = +0.0893 (7.1%)
 train      L_V_repulsive_neutral       = +0.1086 (8.7%)
 train    L_charged_cluster   = +0.0000 (0.0%)
 train  L_beta              = +0.0813 (6.5%)
 train    L_beta_noise        = +0.0000 (0.0%)
 train    L_beta_sig          = -0.4971 (-39.6%)
 train    L_beta_suppress     = +0.0000 (0.0%)
 train    L_beta_track        = +0.5783 (46.1%)
 train      L_beta_norms_term   = -0.5696 (-45.4%)
 train      L_beta_logbeta_term = +0.0726 (5.8%)
 train  L_E   = +0.8679 (69.2%)
 train    L_E_charge = +0.0000 (0.0%)
 train    L_E_cond = +0.4899 (39.1%)
 train    L_E_cluster = +0.3780 (30.1%)
 train    L_E_w_photon   = +0.0000 (0.0%)
 train    L_E_w_charged_hadron   = +0.0000 (0.0%)
 train    L_E_w_neutral_hadron   = +0.0000 (0.0%)
 train    L_E_w_muon     = +0.0000 (0.0%)
 train    L_E_w_electron = +0.0000 (0.0%)
learning rate :  [0.00019945246344205893, 0.0001978158526933439, 0.00019510809880370062, 0.00019135886849137794, 0.00018660923910825467, 0.000180911248587776, 0.00017432732530646558, 0.00016692960410556788, 0.0001587991359666327, 0.000150025, 0.00014070332747542625, 0.000130936248587776, 0.00012083077349723503, 0.00011049761990360197, 0.00010005, 8.960238009639805e-05, 7.926922650276498e-05, 6.916375141222402e-05, 5.939667252457379e-05, 5.0075000000000025e-05, 4.130086403336732e-05, 3.3170395894432155e-05, 2.5772674693534433e-05, 1.9188751412224014e-05, 1.3490760891745352e-05, 8.741131508622033e-06, 4.991901196299404e-06, 2.284147306656121e-06, 6.475365579410847e-07, 1e-07, 0.0001995474186611798, 0.00019819377329140754, 0.00019595132271276903, 0.00019284037490495648, 0.00018888910309305962, 0.00018413329060647658, 0.0001786160068195416, 0.00017238721710860177, 0.00016550333035783126, 0.00015802668811164128, 0.000150025, 0.00014157073054953858, 0.00013274044293357632, 0.00012361410560416728, 0.00011427436808541487, 0.00010480581248658307, 9.529418751341697e-05, 8.582563191458516e-05, 7.648589439583274e-05, 6.735955706642371e-05, 5.852926945046146e-05, 5.0075000000000025e-05, 4.207331188835876e-05, 3.459666964216877e-05, 2.7712782891398233e-05, 2.148399318045841e-05, 1.596670939352343e-05, 1.121089690694041e-05]
train loss :  2.254131317138672
[rank 0] epoch=57 valid_batch=500/1563
[rank 0] epoch=57 valid_batch=1000/1563
[rank 0] epoch=57 valid_batch=1500/1563
[rank 0] epoch=57 valid_batch=2000/1563
[rank 0] epoch=57 valid_batch=2500/1563
[rank 0] epoch=57 valid_batch=3000/1563
test   L_V                   = +0.3000 (12.0%)
    L_V_attractive      = +0.1602 (6.4%)
      L_V_attractive_charged      = +0.1452 (5.8%)
      L_V_attractive_neutral      = +0.0150 (0.6%)
    L_V_repulsive       = +0.1398 (5.6%)
      L_V_repulsive_charged       = +0.0601 (2.4%)
      L_V_repulsive_neutral       = +0.0798 (3.2%)
    L_charged_cluster   = +0.0000 (0.0%)
  L_beta              = +0.1219 (4.9%)
    L_beta_noise        = +0.0000 (0.0%)
    L_beta_sig          = -0.4592 (-18.4%)
    L_beta_suppress     = +0.0000 (0.0%)
    L_beta_track        = +0.5811 (23.2%)
      L_beta_norms_term   = -0.5334 (-21.3%)
      L_beta_logbeta_term = +0.0742 (3.0%)
  L_E   = +2.0782 (83.1%)
    L_E_charge = +0.0000 (0.0%)
    L_E_cond = +1.2168 (48.7%)
    L_E_cluster = +0.8614 (34.5%)
    L_E_w_photon   = +0.0000 (0.0%)
    L_E_w_charged_hadron   = +0.0000 (0.0%)
    L_E_w_neutral_hadron   = +0.0000 (0.0%)
    L_E_w_muon     = +0.0000 (0.0%)
    L_E_w_electron = +0.0000 (0.0%)
Returning 3.5001220703125
[rank 0] epoch=58 train_batch=500/12500 loss=2.191496
[rank 0] epoch=58 train_batch=1000/12500 loss=2.191330
[rank 0] epoch=58 train_batch=1500/12500 loss=2.348417
[rank 0] epoch=58 train_batch=2000/12500 loss=2.171650
[rank 0] epoch=58 train_batch=2500/12500 loss=2.203642
[rank 0] epoch=58 train_batch=3000/12500 loss=2.366633
[rank 0] epoch=58 train_batch=3500/12500 loss=2.278784
[rank 0] epoch=58 train_batch=4000/12500 loss=2.252275
[rank 0] epoch=58 train_batch=4500/12500 loss=2.196747
[rank 0] epoch=58 train_batch=5000/12500 loss=2.420730
[rank 0] epoch=58 train_batch=5500/12500 loss=2.162857
[rank 0] epoch=58 train_batch=6000/12500 loss=2.229064
[rank 0] epoch=58 train_batch=6500/12500 loss=2.506195
[rank 0] epoch=58 train_batch=7000/12500 loss=2.308795
[rank 0] epoch=58 train_batch=7500/12500 loss=2.282604
[rank 0] epoch=58 train_batch=8000/12500 loss=2.295357
[rank 0] epoch=58 train_batch=8500/12500 loss=2.243431
[rank 0] epoch=58 train_batch=9000/12500 loss=2.314670
[rank 0] epoch=58 train_batch=9500/12500 loss=2.047370
[rank 0] epoch=58 train_batch=10000/12500 loss=2.400534
[rank 0] epoch=58 train_batch=10500/12500 loss=2.308897
[rank 0] epoch=58 train_batch=11000/12500 loss=2.310357
[rank 0] epoch=58 train_batch=11500/12500 loss=2.291989
[rank 0] epoch=58 train_batch=12000/12500 loss=2.359231
[rank 0] epoch=58 train_batch=12500/12500 loss=2.261856
[rank 0] epoch=58 train_batch=13000/12500 loss=2.204831
[rank 0] epoch=58 train_batch=13500/12500 loss=2.195662
[rank 0] epoch=58 train_batch=14000/12500 loss=2.284046
[rank 0] epoch=58 train_batch=14500/12500 loss=2.083406
[rank 0] epoch=58 train_batch=15000/12500 loss=2.421118
[rank 0] epoch=58 train_batch=15500/12500 loss=2.155838
[rank 0] epoch=58 train_batch=16000/12500 loss=2.238994
[rank 0] epoch=58 train_batch=16500/12500 loss=2.173770
[rank 0] epoch=58 train_batch=17000/12500 loss=2.080487
[rank 0] epoch=58 train_batch=17500/12500 loss=2.339111
[rank 0] epoch=58 train_batch=18000/12500 loss=2.206436
[rank 0] epoch=58 train_batch=18500/12500 loss=2.327219
[rank 0] epoch=58 train_batch=19000/12500 loss=2.136576
[rank 0] epoch=58 train_batch=19500/12500 loss=2.039439
[rank 0] epoch=58 train_batch=20000/12500 loss=2.166897
[rank 0] epoch=58 train_batch=20500/12500 loss=2.244646
[rank 0] epoch=58 train_batch=21000/12500 loss=2.289990
[rank 0] epoch=58 train_batch=21500/12500 loss=2.249652
[rank 0] epoch=58 train_batch=22000/12500 loss=2.139563
[rank 0] epoch=58 train_batch=22500/12500 loss=2.237294
[rank 0] epoch=58 train_batch=23000/12500 loss=2.110494
[rank 0] epoch=58 train_batch=23500/12500 loss=2.286543
[rank 0] epoch=58 train_batch=24000/12500 loss=2.312267
[rank 0] epoch=58 train_batch=24500/12500 loss=2.221667
[rank 0] epoch=58 train_batch=25000/12500 loss=2.277823
Training epoch 58
[2.46763957e+00 1.15035625e-01 3.11581988e+00 6.67030392e-02
 1.14118726e-01 2.73111536e-08 8.32427323e-01 7.12351159e-02
 1.45846218e+00 1.40643412e-07 9.17469636e-01 2.81799947e-01
 5.06235168e+00 2.38171551e-01 9.36995303e-01 3.16623174e-01
 4.18035546e+00 3.38061928e-01 5.08012301e+00 1.08453039e-01
 2.49798968e-01 1.13888812e-01 6.92602139e-01 1.06640323e-07
 8.52364809e-01 1.09568183e-01 1.78993996e+00 3.24279958e-07
 4.22334680e-01 1.08900972e-01 1.86925745e+00 1.00069096e-01
 3.61377550e-01 2.31043573e-01 1.94707528e+00 2.18880544e-01
 3.64667446e+00 8.43981252e-02 1.02344695e-01 6.13238703e-02
 1.37961147e+00 2.04845675e-07 6.69351417e-01 3.54069980e-02
 1.65934158e+00 2.43450641e-08 3.62941069e-01 1.78580685e-01
 2.33176284e+00 1.29661113e-01 8.17842834e-01 2.25795028e-01
 1.59909802e+00 1.95163190e-01 4.32474762e+00 5.35582804e-02
 4.48458190e-01 6.52178920e-02 4.89823935e+00 1.04980386e-07
 1.25272125e+00 3.67402559e-02 2.03652264e+00 1.00777445e-07
 3.22469842e-01 2.26456590e-01 2.04860618e+00 1.39219699e-01
 6.07828411e-01 3.63343363e-01 2.03995202e+00 2.31364489e-01
 1.98892409e+00 7.26784321e-02 4.72996423e-01 4.49704075e-02
 1.71182212e+00 2.33575382e-02 5.15926249e-01 2.93394337e-01
 2.01198789e+00 1.44827938e-01 1.33402091e+00 2.20924619e-01
 3.67141445e+00 9.62401158e-02 4.44582624e+00 9.97103375e-01
 8.80668298e+00 6.34332179e-01 4.45079080e+00 8.44460919e-01
 6.71776192e+00 3.90136125e-01 5.00162561e+01 3.44608931e-01
 6.03845963e+01 8.91783857e+00]
train  L_V                   = +0.3042 (24.7%)
 train    L_V_attractive      = +0.1068 (8.7%)
 train      L_V_attractive_charged      = +0.0928 (7.5%)
 train      L_V_attractive_neutral      = +0.0140 (1.1%)
 train    L_V_repulsive       = +0.1974 (16.0%)
 train      L_V_repulsive_charged       = +0.0894 (7.2%)
 train      L_V_repulsive_neutral       = +0.1081 (8.8%)
 train    L_charged_cluster   = +0.0000 (0.0%)
 train  L_beta              = +0.0805 (6.5%)
 train    L_beta_noise        = +0.0000 (0.0%)
 train    L_beta_sig          = -0.4978 (-40.4%)
 train    L_beta_suppress     = +0.0000 (0.0%)
 train    L_beta_track        = +0.5783 (46.9%)
 train      L_beta_norms_term   = -0.5702 (-46.2%)
 train      L_beta_logbeta_term = +0.0724 (5.9%)
 train  L_E   = +0.8487 (68.8%)
 train    L_E_charge = +0.0000 (0.0%)
 train    L_E_cond = +0.4862 (39.4%)
 train    L_E_cluster = +0.3625 (29.4%)
 train    L_E_w_photon   = +0.0000 (0.0%)
 train    L_E_w_charged_hadron   = +0.0000 (0.0%)
 train    L_E_w_neutral_hadron   = +0.0000 (0.0%)
 train    L_E_w_muon     = +0.0000 (0.0%)
 train    L_E_w_electron = +0.0000 (0.0%)
learning rate :  [0.00019945246344205893, 0.0001978158526933439, 0.00019510809880370062, 0.00019135886849137794, 0.00018660923910825467, 0.000180911248587776, 0.00017432732530646558, 0.00016692960410556788, 0.0001587991359666327, 0.000150025, 0.00014070332747542625, 0.000130936248587776, 0.00012083077349723503, 0.00011049761990360197, 0.00010005, 8.960238009639805e-05, 7.926922650276498e-05, 6.916375141222402e-05, 5.939667252457379e-05, 5.0075000000000025e-05, 4.130086403336732e-05, 3.3170395894432155e-05, 2.5772674693534433e-05, 1.9188751412224014e-05, 1.3490760891745352e-05, 8.741131508622033e-06, 4.991901196299404e-06, 2.284147306656121e-06, 6.475365579410847e-07, 1e-07, 0.0001995474186611798, 0.00019819377329140754, 0.00019595132271276903, 0.00019284037490495648, 0.00018888910309305962, 0.00018413329060647658, 0.0001786160068195416, 0.00017238721710860177, 0.00016550333035783126, 0.00015802668811164128, 0.000150025, 0.00014157073054953858, 0.00013274044293357632, 0.00012361410560416728, 0.00011427436808541487, 0.00010480581248658307, 9.529418751341697e-05, 8.582563191458516e-05, 7.648589439583274e-05, 6.735955706642371e-05, 5.852926945046146e-05, 5.0075000000000025e-05, 4.207331188835876e-05, 3.459666964216877e-05, 2.7712782891398233e-05, 2.148399318045841e-05, 1.596670939352343e-05, 1.121089690694041e-05, 7.259625095043547e-06]
train loss :  2.2334532737731934
[rank 0] epoch=58 valid_batch=500/1563
[rank 0] epoch=58 valid_batch=1000/1563
[rank 0] epoch=58 valid_batch=1500/1563
[rank 0] epoch=58 valid_batch=2000/1563
[rank 0] epoch=58 valid_batch=2500/1563
[rank 0] epoch=58 valid_batch=3000/1563
test   L_V                   = +0.3011 (25.4%)
    L_V_attractive      = +0.1024 (8.6%)
      L_V_attractive_charged      = +0.0883 (7.4%)
      L_V_attractive_neutral      = +0.0141 (1.2%)
    L_V_repulsive       = +0.1987 (16.7%)
      L_V_repulsive_charged       = +0.0900 (7.6%)
      L_V_repulsive_neutral       = +0.1087 (9.2%)
    L_charged_cluster   = +0.0000 (0.0%)
  L_beta              = +0.0711 (6.0%)
    L_beta_noise        = +0.0000 (0.0%)
    L_beta_sig          = -0.5066 (-42.7%)
    L_beta_suppress     = +0.0000 (0.0%)
    L_beta_track        = +0.5778 (48.6%)
      L_beta_norms_term   = -0.5781 (-48.7%)
      L_beta_logbeta_term = +0.0715 (6.0%)
  L_E   = +0.8155 (68.7%)
    L_E_charge = +0.0000 (0.0%)
    L_E_cond = +0.4490 (37.8%)
    L_E_cluster = +0.3666 (30.9%)
    L_E_w_photon   = +0.0000 (0.0%)
    L_E_w_charged_hadron   = +0.0000 (0.0%)
    L_E_w_neutral_hadron   = +0.0000 (0.0%)
    L_E_w_muon     = +0.0000 (0.0%)
    L_E_w_electron = +0.0000 (0.0%)
Returning 2.1877524852752686
[rank 0] epoch=59 train_batch=500/12500 loss=2.224499
[rank 0] epoch=59 train_batch=1000/12500 loss=2.157832
[rank 0] epoch=59 train_batch=1500/12500 loss=2.354304
[rank 0] epoch=59 train_batch=2000/12500 loss=2.203917
[rank 0] epoch=59 train_batch=2500/12500 loss=2.067280
[rank 0] epoch=59 train_batch=3000/12500 loss=2.335263
[rank 0] epoch=59 train_batch=3500/12500 loss=2.258991
[rank 0] epoch=59 train_batch=4000/12500 loss=2.191393
[rank 0] epoch=59 train_batch=4500/12500 loss=2.002320
[rank 0] epoch=59 train_batch=5000/12500 loss=2.281342
[rank 0] epoch=59 train_batch=5500/12500 loss=2.112489
[rank 0] epoch=59 train_batch=6000/12500 loss=2.285530
[rank 0] epoch=59 train_batch=6500/12500 loss=2.144503
[rank 0] epoch=59 train_batch=7000/12500 loss=2.158079
[rank 0] epoch=59 train_batch=7500/12500 loss=2.249349
[rank 0] epoch=59 train_batch=8000/12500 loss=2.156834
[rank 0] epoch=59 train_batch=8500/12500 loss=2.202372
[rank 0] epoch=59 train_batch=9000/12500 loss=2.111279
[rank 0] epoch=59 train_batch=9500/12500 loss=2.225751
[rank 0] epoch=59 train_batch=10000/12500 loss=2.151595
[rank 0] epoch=59 train_batch=10500/12500 loss=2.107985
[rank 0] epoch=59 train_batch=11000/12500 loss=2.212561
[rank 0] epoch=59 train_batch=11500/12500 loss=2.137469
[rank 0] epoch=59 train_batch=12000/12500 loss=2.047176
[rank 0] epoch=59 train_batch=12500/12500 loss=2.325001
[rank 0] epoch=59 train_batch=13000/12500 loss=2.062567
[rank 0] epoch=59 train_batch=13500/12500 loss=2.263342
[rank 0] epoch=59 train_batch=14000/12500 loss=2.314582
[rank 0] epoch=59 train_batch=14500/12500 loss=2.232807
[rank 0] epoch=59 train_batch=15000/12500 loss=2.079702
[rank 0] epoch=59 train_batch=15500/12500 loss=2.435834
[rank 0] epoch=59 train_batch=16000/12500 loss=2.084271
[rank 0] epoch=59 train_batch=16500/12500 loss=2.273294
[rank 0] epoch=59 train_batch=17000/12500 loss=2.209740
[rank 0] epoch=59 train_batch=17500/12500 loss=2.279047
[rank 0] epoch=59 train_batch=18000/12500 loss=2.225396
[rank 0] epoch=59 train_batch=18500/12500 loss=2.240646
[rank 0] epoch=59 train_batch=19000/12500 loss=2.331806
[rank 0] epoch=59 train_batch=19500/12500 loss=2.364342
[rank 0] epoch=59 train_batch=20000/12500 loss=2.200587
[rank 0] epoch=59 train_batch=20500/12500 loss=2.226350
[rank 0] epoch=59 train_batch=21000/12500 loss=2.245069
[rank 0] epoch=59 train_batch=21500/12500 loss=2.229106
[rank 0] epoch=59 train_batch=22000/12500 loss=2.253457
[rank 0] epoch=59 train_batch=22500/12500 loss=2.165532
[rank 0] epoch=59 train_batch=23000/12500 loss=2.161976
[rank 0] epoch=59 train_batch=23500/12500 loss=2.282383
[rank 0] epoch=59 train_batch=24000/12500 loss=2.151484
[rank 0] epoch=59 train_batch=24500/12500 loss=2.198268
[rank 0] epoch=59 train_batch=25000/12500 loss=2.078410
Training epoch 59
[2.49130577e+00 1.18970667e-01 3.15268911e+00 6.89930476e-02
 1.18220931e-01 2.73541908e-08 8.51335337e-01 7.36496269e-02
 1.47281283e+00 1.42912060e-07 9.29417671e-01 2.85822415e-01
 5.14779983e+00 2.38969714e-01 9.54834970e-01 3.23076610e-01
 4.23699458e+00 3.42932446e-01 5.12584676e+00 1.11807455e-01
 2.53583864e-01 1.16587208e-01 7.08865535e-01 1.10850005e-07
 8.75272655e-01 1.12747905e-01 1.82910535e+00 3.31265382e-07
 4.28912122e-01 1.10208299e-01 1.88351673e+00 1.01059805e-01
 3.67136824e-01 2.38279141e-01 1.98257867e+00 2.25706175e-01
 3.70438632e+00 8.51644814e-02 1.05575885e-01 6.28971024e-02
 1.39325609e+00 2.09478584e-07 6.80901217e-01 3.63733002e-02
 1.68393308e+00 2.56531619e-08 3.71032888e-01 1.79013963e-01
 2.36955239e+00 1.30344715e-01 8.39595216e-01 2.25506290e-01
 1.62210266e+00 1.95039689e-01 4.51243729e+00 5.57481321e-02
 4.56291565e-01 6.60659360e-02 5.02730638e+00 1.07460300e-07
 1.28028714e+00 3.73341285e-02 2.09145214e+00 1.01593600e-07
 3.29129072e-01 2.31456544e-01 2.11175437e+00 1.42249329e-01
 6.20728520e-01 3.69083728e-01 2.08430206e+00 2.36649127e-01
 2.03191890e+00 7.45367489e-02 4.79086693e-01 4.51539784e-02
 1.71664648e+00 2.32096266e-02 5.22649914e-01 2.97086263e-01
 2.03483146e+00 1.46995653e-01 1.35551911e+00 2.24510809e-01
 3.71275587e+00 9.79397222e-02 4.54646312e+00 1.02156640e+00
 8.94925264e+00 6.50222555e-01 4.52586190e+00 8.14940297e-01
 6.72943368e+00 3.87595538e-01 4.92184345e+01 3.39436184e-01
 5.88857747e+01 8.74757856e+00]
train  L_V                   = +0.3036 (24.9%)
 train    L_V_attractive      = +0.1066 (8.7%)
 train      L_V_attractive_charged      = +0.0926 (7.6%)
 train      L_V_attractive_neutral      = +0.0140 (1.1%)
 train    L_V_repulsive       = +0.1970 (16.2%)
 train      L_V_repulsive_charged       = +0.0893 (7.3%)
 train      L_V_repulsive_neutral       = +0.1077 (8.8%)
 train    L_charged_cluster   = +0.0000 (0.0%)
 train  L_beta              = +0.0798 (6.5%)
 train    L_beta_noise        = +0.0000 (0.0%)
 train    L_beta_sig          = -0.4985 (-40.9%)
 train    L_beta_suppress     = +0.0000 (0.0%)
 train    L_beta_track        = +0.5783 (47.4%)
 train      L_beta_norms_term   = -0.5708 (-46.8%)
 train      L_beta_logbeta_term = +0.0722 (5.9%)
 train  L_E   = +0.8357 (68.6%)
 train    L_E_charge = +0.0000 (0.0%)
 train    L_E_cond = +0.4830 (39.6%)
 train    L_E_cluster = +0.3527 (28.9%)
 train    L_E_w_photon   = +0.0000 (0.0%)
 train    L_E_w_charged_hadron   = +0.0000 (0.0%)
 train    L_E_w_neutral_hadron   = +0.0000 (0.0%)
 train    L_E_w_muon     = +0.0000 (0.0%)
 train    L_E_w_electron = +0.0000 (0.0%)
learning rate :  [0.00019945246344205893, 0.0001978158526933439, 0.00019510809880370062, 0.00019135886849137794, 0.00018660923910825467, 0.000180911248587776, 0.00017432732530646558, 0.00016692960410556788, 0.0001587991359666327, 0.000150025, 0.00014070332747542625, 0.000130936248587776, 0.00012083077349723503, 0.00011049761990360197, 0.00010005, 8.960238009639805e-05, 7.926922650276498e-05, 6.916375141222402e-05, 5.939667252457379e-05, 5.0075000000000025e-05, 4.130086403336732e-05, 3.3170395894432155e-05, 2.5772674693534433e-05, 1.9188751412224014e-05, 1.3490760891745352e-05, 8.741131508622033e-06, 4.991901196299404e-06, 2.284147306656121e-06, 6.475365579410847e-07, 1e-07, 0.0001995474186611798, 0.00019819377329140754, 0.00019595132271276903, 0.00019284037490495648, 0.00018888910309305962, 0.00018413329060647658, 0.0001786160068195416, 0.00017238721710860177, 0.00016550333035783126, 0.00015802668811164128, 0.000150025, 0.00014157073054953858, 0.00013274044293357632, 0.00012361410560416728, 0.00011427436808541487, 0.00010480581248658307, 9.529418751341697e-05, 8.582563191458516e-05, 7.648589439583274e-05, 6.735955706642371e-05, 5.852926945046146e-05, 5.0075000000000025e-05, 4.207331188835876e-05, 3.459666964216877e-05, 2.7712782891398233e-05, 2.148399318045841e-05, 1.596670939352343e-05, 1.121089690694041e-05, 7.259625095043547e-06, 4.1486772872309995e-06]
train loss :  2.219005584716797
[rank 0] epoch=59 valid_batch=500/1563
[rank 0] epoch=59 valid_batch=1000/1563
[rank 0] epoch=59 valid_batch=1500/1563
[rank 0] epoch=59 valid_batch=2000/1563
[rank 0] epoch=59 valid_batch=2500/1563
[rank 0] epoch=59 valid_batch=3000/1563
test   L_V                   = +0.2989 (26.9%)
    L_V_attractive      = +0.1014 (9.1%)
      L_V_attractive_charged      = +0.0875 (7.9%)
      L_V_attractive_neutral      = +0.0139 (1.2%)
    L_V_repulsive       = +0.1975 (17.7%)
      L_V_repulsive_charged       = +0.0900 (8.1%)
      L_V_repulsive_neutral       = +0.1075 (9.7%)
    L_charged_cluster   = +0.0000 (0.0%)
  L_beta              = +0.0714 (6.4%)
    L_beta_noise        = +0.0000 (0.0%)
    L_beta_sig          = -0.5064 (-45.5%)
    L_beta_suppress     = +0.0000 (0.0%)
    L_beta_track        = +0.5778 (51.9%)
      L_beta_norms_term   = -0.5782 (-52.0%)
      L_beta_logbeta_term = +0.0718 (6.5%)
  L_E   = +0.7424 (66.7%)
    L_E_charge = +0.0000 (0.0%)
    L_E_cond = +0.4265 (38.3%)
    L_E_cluster = +0.3160 (28.4%)
    L_E_w_photon   = +0.0000 (0.0%)
    L_E_w_charged_hadron   = +0.0000 (0.0%)
    L_E_w_neutral_hadron   = +0.0000 (0.0%)
    L_E_w_muon     = +0.0000 (0.0%)
    L_E_w_electron = +0.0000 (0.0%)
Returning 2.112736701965332
[rank 0] epoch=60 train_batch=500/12500 loss=2.195037
[rank 0] epoch=60 train_batch=1000/12500 loss=2.181658
[rank 0] epoch=60 train_batch=1500/12500 loss=2.329199
[rank 0] epoch=60 train_batch=2000/12500 loss=2.223683
[rank 0] epoch=60 train_batch=2500/12500 loss=2.193068
[rank 0] epoch=60 train_batch=3000/12500 loss=2.197514
[rank 0] epoch=60 train_batch=3500/12500 loss=2.325586
[rank 0] epoch=60 train_batch=4000/12500 loss=2.283019
[rank 0] epoch=60 train_batch=4500/12500 loss=2.225538
[rank 0] epoch=60 train_batch=5000/12500 loss=2.193340
[rank 0] epoch=60 train_batch=5500/12500 loss=2.139684
[rank 0] epoch=60 train_batch=6000/12500 loss=2.053265
[rank 0] epoch=60 train_batch=6500/12500 loss=2.103151
[rank 0] epoch=60 train_batch=7000/12500 loss=2.209031
[rank 0] epoch=60 train_batch=7500/12500 loss=2.366081
[rank 0] epoch=60 train_batch=8000/12500 loss=2.216760
[rank 0] epoch=60 train_batch=8500/12500 loss=2.195457
[rank 0] epoch=60 train_batch=9000/12500 loss=2.214283
[rank 0] epoch=60 train_batch=9500/12500 loss=2.342064
[rank 0] epoch=60 train_batch=10000/12500 loss=2.132943
[rank 0] epoch=60 train_batch=10500/12500 loss=2.427777
[rank 0] epoch=60 train_batch=11000/12500 loss=2.016656
[rank 0] epoch=60 train_batch=11500/12500 loss=2.133473
[rank 0] epoch=60 train_batch=12000/12500 loss=2.317038
[rank 0] epoch=60 train_batch=12500/12500 loss=2.018194
[rank 0] epoch=60 train_batch=13000/12500 loss=2.213019
[rank 0] epoch=60 train_batch=13500/12500 loss=2.231381
[rank 0] epoch=60 train_batch=14000/12500 loss=2.110371
[rank 0] epoch=60 train_batch=14500/12500 loss=2.234832
[rank 0] epoch=60 train_batch=15000/12500 loss=2.194752
[rank 0] epoch=60 train_batch=15500/12500 loss=2.120838
[rank 0] epoch=60 train_batch=16000/12500 loss=2.198869
[rank 0] epoch=60 train_batch=16500/12500 loss=2.234835
[rank 0] epoch=60 train_batch=17000/12500 loss=2.323438
[rank 0] epoch=60 train_batch=17500/12500 loss=2.224886
[rank 0] epoch=60 train_batch=18000/12500 loss=2.090677
[rank 0] epoch=60 train_batch=18500/12500 loss=2.167026
[rank 0] epoch=60 train_batch=19000/12500 loss=2.198626
[rank 0] epoch=60 train_batch=19500/12500 loss=2.220353
[rank 0] epoch=60 train_batch=20000/12500 loss=2.278043
[rank 0] epoch=60 train_batch=20500/12500 loss=2.468719
[rank 0] epoch=60 train_batch=21000/12500 loss=2.242994
[rank 0] epoch=60 train_batch=21500/12500 loss=2.193448
[rank 0] epoch=60 train_batch=22000/12500 loss=2.204725
[rank 0] epoch=60 train_batch=22500/12500 loss=2.493220
[rank 0] epoch=60 train_batch=23000/12500 loss=2.169124
[rank 0] epoch=60 train_batch=23500/12500 loss=2.246982
[rank 0] epoch=60 train_batch=24000/12500 loss=2.177535
[rank 0] epoch=60 train_batch=24500/12500 loss=2.271765
[rank 0] epoch=60 train_batch=25000/12500 loss=2.303324
Training epoch 60
[2.48555830e+00 1.20813987e-01 3.18402575e+00 7.01421403e-02
 1.17998044e-01 2.77643949e-08 8.63929876e-01 7.49435968e-02
 1.48666041e+00 1.45927675e-07 9.33940512e-01 2.91250962e-01
 5.16596481e+00 2.42557735e-01 9.66245723e-01 3.33235902e-01
 4.26544620e+00 3.50635429e-01 5.16822525e+00 1.15882146e-01
 2.56632288e-01 1.17942977e-01 7.35906497e-01 1.13123755e-07
 8.87289933e-01 1.13794871e-01 1.84230200e+00 3.36929234e-07
 4.37962482e-01 1.14287264e-01 1.92356686e+00 1.04877511e-01
 3.73230766e-01 2.50686544e-01 2.00553277e+00 2.37109994e-01
 3.78666903e+00 8.85287195e-02 1.08711522e-01 6.44298135e-02
 1.42253590e+00 2.14641792e-07 7.01931993e-01 3.77076723e-02
 1.68400562e+00 2.65513926e-08 3.80311596e-01 1.82554843e-01
 2.45454887e+00 1.32174887e-01 8.60094337e-01 2.29060509e-01
 1.64843404e+00 1.98003395e-01 4.68400969e+00 5.68625010e-02
 4.64584805e-01 6.57127288e-02 5.17805038e+00 1.09836189e-07
 1.30714746e+00 3.72102382e-02 2.15406064e+00 1.05579052e-07
 3.38512338e-01 2.31173066e-01 2.16438013e+00 1.44019565e-01
 6.34854794e-01 3.76791520e-01 2.13596644e+00 2.41914943e-01
 2.07679113e+00 7.70444019e-02 4.87805759e-01 4.54434885e-02
 1.72042422e+00 2.31837794e-02 5.26115422e-01 2.96775280e-01
 2.04898333e+00 1.47564500e-01 1.36979533e+00 2.27566413e-01
 3.76047221e+00 9.86884097e-02 4.62216530e+00 1.03738679e+00
 9.07132803e+00 6.60333844e-01 4.58025053e+00 7.79719061e-01
 6.71428481e+00 3.83587136e-01 4.83453519e+01 3.34436062e-01
 5.65040453e+01 8.45377036e+00]
train  L_V                   = +0.3034 (25.1%)
 train    L_V_attractive      = +0.1065 (8.8%)
 train      L_V_attractive_charged      = +0.0925 (7.7%)
 train      L_V_attractive_neutral      = +0.0140 (1.2%)
 train    L_V_repulsive       = +0.1969 (16.3%)
 train      L_V_repulsive_charged       = +0.0893 (7.4%)
 train      L_V_repulsive_neutral       = +0.1076 (8.9%)
 train    L_charged_cluster   = +0.0000 (0.0%)
 train  L_beta              = +0.0794 (6.6%)
 train    L_beta_noise        = +0.0000 (0.0%)
 train    L_beta_sig          = -0.4989 (-41.3%)
 train    L_beta_suppress     = +0.0000 (0.0%)
 train    L_beta_track        = +0.5783 (47.9%)
 train      L_beta_norms_term   = -0.5711 (-47.3%)
 train      L_beta_logbeta_term = +0.0722 (6.0%)
 train  L_E   = +0.8245 (68.3%)
 train    L_E_charge = +0.0000 (0.0%)
 train    L_E_cond = +0.4807 (39.8%)
 train    L_E_cluster = +0.3438 (28.5%)
 train    L_E_w_photon   = +0.0000 (0.0%)
 train    L_E_w_charged_hadron   = +0.0000 (0.0%)
 train    L_E_w_neutral_hadron   = +0.0000 (0.0%)
 train    L_E_w_muon     = +0.0000 (0.0%)
 train    L_E_w_electron = +0.0000 (0.0%)
learning rate :  [0.00019945246344205893, 0.0001978158526933439, 0.00019510809880370062, 0.00019135886849137794, 0.00018660923910825467, 0.000180911248587776, 0.00017432732530646558, 0.00016692960410556788, 0.0001587991359666327, 0.000150025, 0.00014070332747542625, 0.000130936248587776, 0.00012083077349723503, 0.00011049761990360197, 0.00010005, 8.960238009639805e-05, 7.926922650276498e-05, 6.916375141222402e-05, 5.939667252457379e-05, 5.0075000000000025e-05, 4.130086403336732e-05, 3.3170395894432155e-05, 2.5772674693534433e-05, 1.9188751412224014e-05, 1.3490760891745352e-05, 8.741131508622033e-06, 4.991901196299404e-06, 2.284147306656121e-06, 6.475365579410847e-07, 1e-07, 0.0001995474186611798, 0.00019819377329140754, 0.00019595132271276903, 0.00019284037490495648, 0.00018888910309305962, 0.00018413329060647658, 0.0001786160068195416, 0.00017238721710860177, 0.00016550333035783126, 0.00015802668811164128, 0.000150025, 0.00014157073054953858, 0.00013274044293357632, 0.00012361410560416728, 0.00011427436808541487, 0.00010480581248658307, 9.529418751341697e-05, 8.582563191458516e-05, 7.648589439583274e-05, 6.735955706642371e-05, 5.852926945046146e-05, 5.0075000000000025e-05, 4.207331188835876e-05, 3.459666964216877e-05, 2.7712782891398233e-05, 2.148399318045841e-05, 1.596670939352343e-05, 1.121089690694041e-05, 7.259625095043547e-06, 4.1486772872309995e-06, 1.9062267085924648e-06]
train loss :  2.2072572708129883
[rank 0] epoch=60 valid_batch=500/1563
[rank 0] epoch=60 valid_batch=1000/1563
[rank 0] epoch=60 valid_batch=1500/1563
[rank 0] epoch=60 valid_batch=2000/1563
[rank 0] epoch=60 valid_batch=2500/1563
[rank 0] epoch=60 valid_batch=3000/1563
test   L_V                   = +0.3011 (26.4%)
    L_V_attractive      = +0.1062 (9.3%)
      L_V_attractive_charged      = +0.0915 (8.0%)
      L_V_attractive_neutral      = +0.0147 (1.3%)
    L_V_repulsive       = +0.1949 (17.1%)
      L_V_repulsive_charged       = +0.0881 (7.7%)
      L_V_repulsive_neutral       = +0.1068 (9.4%)
    L_charged_cluster   = +0.0000 (0.0%)
  L_beta              = +0.0715 (6.3%)
    L_beta_noise        = +0.0000 (0.0%)
    L_beta_sig          = -0.5062 (-44.5%)
    L_beta_suppress     = +0.0000 (0.0%)
    L_beta_track        = +0.5777 (50.7%)
      L_beta_norms_term   = -0.5773 (-50.7%)
      L_beta_logbeta_term = +0.0711 (6.2%)
  L_E   = +0.7659 (67.3%)
    L_E_charge = +0.0000 (0.0%)
    L_E_cond = +0.4437 (39.0%)
    L_E_cluster = +0.3222 (28.3%)
    L_E_w_photon   = +0.0000 (0.0%)
    L_E_w_charged_hadron   = +0.0000 (0.0%)
    L_E_w_neutral_hadron   = +0.0000 (0.0%)
    L_E_w_muon     = +0.0000 (0.0%)
    L_E_w_electron = +0.0000 (0.0%)
Returning 2.1384949684143066
[rank 0] epoch=61 train_batch=500/12500 loss=2.261522
[rank 0] epoch=61 train_batch=1000/12500 loss=2.083826
[rank 0] epoch=61 train_batch=1500/12500 loss=2.218690
[rank 0] epoch=61 train_batch=2000/12500 loss=2.264099
[rank 0] epoch=61 train_batch=2500/12500 loss=2.270451
[rank 0] epoch=61 train_batch=3000/12500 loss=2.339951
[rank 0] epoch=61 train_batch=3500/12500 loss=2.144979
[rank 0] epoch=61 train_batch=4000/12500 loss=2.216656
[rank 0] epoch=61 train_batch=4500/12500 loss=2.129330
[rank 0] epoch=61 train_batch=5000/12500 loss=2.144761
[rank 0] epoch=61 train_batch=5500/12500 loss=2.187432
[rank 0] epoch=61 train_batch=6000/12500 loss=2.109113
[rank 0] epoch=61 train_batch=6500/12500 loss=2.046275
[rank 0] epoch=61 train_batch=7000/12500 loss=2.281432
[rank 0] epoch=61 train_batch=7500/12500 loss=2.178583
[rank 0] epoch=61 train_batch=8000/12500 loss=2.359291
[rank 0] epoch=61 train_batch=8500/12500 loss=2.186332
[rank 0] epoch=61 train_batch=9000/12500 loss=2.124084
[rank 0] epoch=61 train_batch=9500/12500 loss=2.112188
[rank 0] epoch=61 train_batch=10000/12500 loss=2.292027
[rank 0] epoch=61 train_batch=10500/12500 loss=2.051003
[rank 0] epoch=61 train_batch=11000/12500 loss=2.065170
[rank 0] epoch=61 train_batch=11500/12500 loss=2.250408
[rank 0] epoch=61 train_batch=12000/12500 loss=2.332301
[rank 0] epoch=61 train_batch=12500/12500 loss=2.083668
[rank 0] epoch=61 train_batch=13000/12500 loss=2.206181
[rank 0] epoch=61 train_batch=13500/12500 loss=2.225902
[rank 0] epoch=61 train_batch=14000/12500 loss=2.032493
[rank 0] epoch=61 train_batch=14500/12500 loss=2.163032
[rank 0] epoch=61 train_batch=15000/12500 loss=2.125977
[rank 0] epoch=61 train_batch=15500/12500 loss=2.063222
[rank 0] epoch=61 train_batch=16000/12500 loss=2.188766
[rank 0] epoch=61 train_batch=16500/12500 loss=2.142015
[rank 0] epoch=61 train_batch=17000/12500 loss=2.153962
[rank 0] epoch=61 train_batch=17500/12500 loss=2.100196
[rank 0] epoch=61 train_batch=18000/12500 loss=2.281232
[rank 0] epoch=61 train_batch=18500/12500 loss=2.110381
[rank 0] epoch=61 train_batch=19000/12500 loss=2.279103
[rank 0] epoch=61 train_batch=19500/12500 loss=2.217711
[rank 0] epoch=61 train_batch=20000/12500 loss=2.137376
[rank 0] epoch=61 train_batch=20500/12500 loss=2.340097
[rank 0] epoch=61 train_batch=21000/12500 loss=2.221269
[rank 0] epoch=61 train_batch=21500/12500 loss=2.042569
[rank 0] epoch=61 train_batch=22000/12500 loss=2.008329
[rank 0] epoch=61 train_batch=22500/12500 loss=2.233333
[rank 0] epoch=61 train_batch=23000/12500 loss=2.231028
[rank 0] epoch=61 train_batch=23500/12500 loss=2.174047
[rank 0] epoch=61 train_batch=24000/12500 loss=2.134678
[rank 0] epoch=61 train_batch=24500/12500 loss=2.058935
[rank 0] epoch=61 train_batch=25000/12500 loss=2.270243
Training epoch 61
[2.45205396e+00 1.19333168e-01 3.17147878e+00 6.99045280e-02
 1.19042378e-01 2.77055563e-08 8.72886033e-01 7.48910259e-02
 1.47484707e+00 1.44216693e-07 9.38982572e-01 2.90311547e-01
 5.20158610e+00 2.42677573e-01 9.73449035e-01 3.36162543e-01
 4.28447876e+00 3.54720395e-01 5.22793941e+00 1.18607653e-01
 2.60827649e-01 1.18891915e-01 7.68671994e-01 1.15513869e-07
 9.07515456e-01 1.15335276e-01 1.84211610e+00 3.35480199e-07
 4.42080793e-01 1.16674947e-01 1.95061149e+00 1.06845456e-01
 3.82377586e-01 2.51136278e-01 2.06248340e+00 2.37679482e-01
 3.83435152e+00 8.81729379e-02 1.10835186e-01 6.52593432e-02
 1.46933569e+00 2.14514094e-07 7.02355329e-01 3.82230378e-02
 1.68207143e+00 2.66925261e-08 3.81852797e-01 1.82408981e-01
 2.48475808e+00 1.31516901e-01 8.66797470e-01 2.31083362e-01
 1.65555723e+00 2.00100103e-01 4.68983669e+00 5.72718370e-02
 4.70593198e-01 6.62045509e-02 5.15716001e+00 1.10037985e-07
 1.32138805e+00 3.76966335e-02 2.17987173e+00 1.06362577e-07
 3.40977982e-01 2.30146749e-01 2.19022682e+00 1.43894183e-01
 6.37736881e-01 3.74865949e-01 2.14177544e+00 2.42053777e-01
 2.09105726e+00 7.78511990e-02 4.90997931e-01 4.52739752e-02
 1.71409241e+00 2.30692230e-02 5.25896621e-01 2.96400419e-01
 2.04822009e+00 1.47493301e-01 1.37551963e+00 2.29354411e-01
 3.76117086e+00 9.88387704e-02 4.66202991e+00 1.04387503e+00
 9.11728288e+00 6.64601853e-01 4.60548670e+00 7.46958266e-01
 6.68311594e+00 3.79974821e-01 4.76347816e+01 3.30682334e-01
 5.42414783e+01 8.17992463e+00]
train  L_V                   = +0.3030 (25.3%)
 train    L_V_attractive      = +0.1065 (8.9%)
 train      L_V_attractive_charged      = +0.0924 (7.7%)
 train      L_V_attractive_neutral      = +0.0141 (1.2%)
 train    L_V_repulsive       = +0.1965 (16.4%)
 train      L_V_repulsive_charged       = +0.0893 (7.4%)
 train      L_V_repulsive_neutral       = +0.1073 (8.9%)
 train    L_charged_cluster   = +0.0000 (0.0%)
 train  L_beta              = +0.0794 (6.6%)
 train    L_beta_noise        = +0.0000 (0.0%)
 train    L_beta_sig          = -0.4989 (-41.6%)
 train    L_beta_suppress     = +0.0000 (0.0%)
 train    L_beta_track        = +0.5783 (48.2%)
 train      L_beta_norms_term   = -0.5711 (-47.6%)
 train      L_beta_logbeta_term = +0.0722 (6.0%)
 train  L_E   = +0.8168 (68.1%)
 train    L_E_charge = +0.0000 (0.0%)
 train    L_E_cond = +0.4791 (40.0%)
 train    L_E_cluster = +0.3377 (28.2%)
 train    L_E_w_photon   = +0.0000 (0.0%)
 train    L_E_w_charged_hadron   = +0.0000 (0.0%)
 train    L_E_w_neutral_hadron   = +0.0000 (0.0%)
 train    L_E_w_muon     = +0.0000 (0.0%)
 train    L_E_w_electron = +0.0000 (0.0%)
learning rate :  [0.00019945246344205893, 0.0001978158526933439, 0.00019510809880370062, 0.00019135886849137794, 0.00018660923910825467, 0.000180911248587776, 0.00017432732530646558, 0.00016692960410556788, 0.0001587991359666327, 0.000150025, 0.00014070332747542625, 0.000130936248587776, 0.00012083077349723503, 0.00011049761990360197, 0.00010005, 8.960238009639805e-05, 7.926922650276498e-05, 6.916375141222402e-05, 5.939667252457379e-05, 5.0075000000000025e-05, 4.130086403336732e-05, 3.3170395894432155e-05, 2.5772674693534433e-05, 1.9188751412224014e-05, 1.3490760891745352e-05, 8.741131508622033e-06, 4.991901196299404e-06, 2.284147306656121e-06, 6.475365579410847e-07, 1e-07, 0.0001995474186611798, 0.00019819377329140754, 0.00019595132271276903, 0.00019284037490495648, 0.00018888910309305962, 0.00018413329060647658, 0.0001786160068195416, 0.00017238721710860177, 0.00016550333035783126, 0.00015802668811164128, 0.000150025, 0.00014157073054953858, 0.00013274044293357632, 0.00012361410560416728, 0.00011427436808541487, 0.00010480581248658307, 9.529418751341697e-05, 8.582563191458516e-05, 7.648589439583274e-05, 6.735955706642371e-05, 5.852926945046146e-05, 5.0075000000000025e-05, 4.207331188835876e-05, 3.459666964216877e-05, 2.7712782891398233e-05, 2.148399318045841e-05, 1.596670939352343e-05, 1.121089690694041e-05, 7.259625095043547e-06, 4.1486772872309995e-06, 1.9062267085924648e-06, 5.525813388201954e-07]
train loss :  2.1992294788360596
[rank 0] epoch=61 valid_batch=500/1563
[rank 0] epoch=61 valid_batch=1000/1563
[rank 0] epoch=61 valid_batch=1500/1563
[rank 0] epoch=61 valid_batch=2000/1563
[rank 0] epoch=61 valid_batch=2500/1563
[rank 0] epoch=61 valid_batch=3000/1563
test   L_V                   = +0.3002 (27.1%)
    L_V_attractive      = +0.1047 (9.4%)
      L_V_attractive_charged      = +0.0902 (8.1%)
      L_V_attractive_neutral      = +0.0144 (1.3%)
    L_V_repulsive       = +0.1955 (17.6%)
      L_V_repulsive_charged       = +0.0888 (8.0%)
      L_V_repulsive_neutral       = +0.1067 (9.6%)
    L_charged_cluster   = +0.0000 (0.0%)
  L_beta              = +0.0719 (6.5%)
    L_beta_noise        = +0.0000 (0.0%)
    L_beta_sig          = -0.5059 (-45.7%)
    L_beta_suppress     = +0.0000 (0.0%)
    L_beta_track        = +0.5778 (52.1%)
      L_beta_norms_term   = -0.5774 (-52.1%)
      L_beta_logbeta_term = +0.0715 (6.5%)
  L_E   = +0.7358 (66.4%)
    L_E_charge = +0.0000 (0.0%)
    L_E_cond = +0.4264 (38.5%)
    L_E_cluster = +0.3094 (27.9%)
    L_E_w_photon   = +0.0000 (0.0%)
    L_E_w_charged_hadron   = +0.0000 (0.0%)
    L_E_w_neutral_hadron   = +0.0000 (0.0%)
    L_E_w_muon     = +0.0000 (0.0%)
    L_E_w_electron = +0.0000 (0.0%)
Returning 2.1079235076904297
[rank 0] epoch=62 train_batch=500/12500 loss=2.211209
[rank 0] epoch=62 train_batch=1000/12500 loss=2.193927
[rank 0] epoch=62 train_batch=1500/12500 loss=1.991061
[rank 0] epoch=62 train_batch=2000/12500 loss=2.170034
[rank 0] epoch=62 train_batch=2500/12500 loss=2.159334
[rank 0] epoch=62 train_batch=3000/12500 loss=2.143477
[rank 0] epoch=62 train_batch=3500/12500 loss=2.225088
[rank 0] epoch=62 train_batch=4000/12500 loss=2.141916
[rank 0] epoch=62 train_batch=4500/12500 loss=2.409690
[rank 0] epoch=62 train_batch=5000/12500 loss=2.166032
[rank 0] epoch=62 train_batch=5500/12500 loss=2.135590
[rank 0] epoch=62 train_batch=6000/12500 loss=2.323491
[rank 0] epoch=62 train_batch=6500/12500 loss=2.169032
[rank 0] epoch=62 train_batch=7000/12500 loss=2.063217
[rank 0] epoch=62 train_batch=7500/12500 loss=2.199234
[rank 0] epoch=62 train_batch=8000/12500 loss=2.094791
[rank 0] epoch=62 train_batch=8500/12500 loss=2.148650
[rank 0] epoch=62 train_batch=9000/12500 loss=2.295910
[rank 0] epoch=62 train_batch=9500/12500 loss=2.068287
[rank 0] epoch=62 train_batch=10000/12500 loss=2.248494
[rank 0] epoch=62 train_batch=10500/12500 loss=2.063125
[rank 0] epoch=62 train_batch=11000/12500 loss=2.236198
[rank 0] epoch=62 train_batch=11500/12500 loss=2.261078
[rank 0] epoch=62 train_batch=12000/12500 loss=2.262701
[rank 0] epoch=62 train_batch=12500/12500 loss=2.172774
[rank 0] epoch=62 train_batch=13000/12500 loss=2.171307
[rank 0] epoch=62 train_batch=13500/12500 loss=2.082172
[rank 0] epoch=62 train_batch=14000/12500 loss=2.233981
[rank 0] epoch=62 train_batch=14500/12500 loss=2.261948
[rank 0] epoch=62 train_batch=15000/12500 loss=2.152936
[rank 0] epoch=62 train_batch=15500/12500 loss=2.097390
[rank 0] epoch=62 train_batch=16000/12500 loss=2.134972
[rank 0] epoch=62 train_batch=16500/12500 loss=2.095318
[rank 0] epoch=62 train_batch=17000/12500 loss=2.055759
[rank 0] epoch=62 train_batch=17500/12500 loss=2.183472
[rank 0] epoch=62 train_batch=18000/12500 loss=2.162304
[rank 0] epoch=62 train_batch=18500/12500 loss=2.182391
[rank 0] epoch=62 train_batch=19000/12500 loss=2.188523
[rank 0] epoch=62 train_batch=19500/12500 loss=2.395101
[rank 0] epoch=62 train_batch=20000/12500 loss=2.143664
[rank 0] epoch=62 train_batch=20500/12500 loss=2.221817
[rank 0] epoch=62 train_batch=21000/12500 loss=2.125989
[rank 0] epoch=62 train_batch=21500/12500 loss=2.156989
[rank 0] epoch=62 train_batch=22000/12500 loss=2.194260
[rank 0] epoch=62 train_batch=22500/12500 loss=2.178160
[rank 0] epoch=62 train_batch=23000/12500 loss=2.069549
[rank 0] epoch=62 train_batch=23500/12500 loss=2.263418
[rank 0] epoch=62 train_batch=24000/12500 loss=2.183857
[rank 0] epoch=62 train_batch=24500/12500 loss=2.236645
[rank 0] epoch=62 train_batch=25000/12500 loss=2.030920
Training epoch 62
[2.43603947e+00 1.19415450e-01 3.16265262e+00 7.02171599e-02
 1.20943218e-01 2.79788066e-08 8.76890428e-01 7.52498769e-02
 1.46896983e+00 1.46034973e-07 9.38187301e-01 2.88547810e-01
 5.19747530e+00 2.41517072e-01 9.71907577e-01 3.37184784e-01
 4.26179220e+00 3.54923281e-01 5.19315266e+00 1.17793627e-01
 2.58699152e-01 1.18966479e-01 7.53618454e-01 1.17040153e-07
 9.06495191e-01 1.15570082e-01 1.82328688e+00 3.39393043e-07
 4.40080727e-01 1.16413290e-01 1.94108726e+00 1.06579184e-01
 3.79972392e-01 2.52995983e-01 2.04869996e+00 2.39397194e-01
 3.80428274e+00 8.78849826e-02 1.10228397e-01 6.55661992e-02
 1.44245086e+00 2.15631175e-07 7.04958875e-01 3.84228025e-02
 1.66844012e+00 2.67238527e-08 3.82320759e-01 1.83865328e-01
 2.48831565e+00 1.32408188e-01 8.73910957e-01 2.30570234e-01
 1.65745404e+00 1.99829026e-01 4.73370305e+00 5.74404248e-02
 4.72214280e-01 6.66804661e-02 5.17604990e+00 1.10362844e-07
 1.32394211e+00 3.79100465e-02 2.18887781e+00 1.05175901e-07
 3.41613831e-01 2.31439014e-01 2.20234439e+00 1.45118257e-01
 6.40681845e-01 3.78930915e-01 2.15342050e+00 2.44550195e-01
 2.10525831e+00 7.84669126e-02 4.94335308e-01 4.53104028e-02
 1.71102298e+00 2.30594524e-02 5.26515545e-01 2.94927776e-01
 2.05012735e+00 1.47002894e-01 1.37857681e+00 2.28876144e-01
 3.77728848e+00 9.87951228e-02 4.69171264e+00 1.05058444e+00
 9.16189591e+00 6.68971079e-01 4.63276436e+00 7.28509609e-01
 6.67680127e+00 3.77593446e-01 4.71781497e+01 3.28449243e-01
 5.25673388e+01 7.94027183e+00]
train  L_V                   = +0.3030 (25.3%)
 train    L_V_attractive      = +0.1064 (8.9%)
 train      L_V_attractive_charged      = +0.0924 (7.7%)
 train      L_V_attractive_neutral      = +0.0141 (1.2%)
 train    L_V_repulsive       = +0.1965 (16.4%)
 train      L_V_repulsive_charged       = +0.0893 (7.5%)
 train      L_V_repulsive_neutral       = +0.1072 (9.0%)
 train    L_charged_cluster   = +0.0000 (0.0%)
 train  L_beta              = +0.0794 (6.6%)
 train    L_beta_noise        = +0.0000 (0.0%)
 train    L_beta_sig          = -0.4990 (-41.7%)
 train    L_beta_suppress     = +0.0000 (0.0%)
 train    L_beta_track        = +0.5783 (48.4%)
 train      L_beta_norms_term   = -0.5712 (-47.8%)
 train      L_beta_logbeta_term = +0.0722 (6.0%)
 train  L_E   = +0.8136 (68.0%)
 train    L_E_charge = +0.0000 (0.0%)
 train    L_E_cond = +0.4785 (40.0%)
 train    L_E_cluster = +0.3351 (28.0%)
 train    L_E_w_photon   = +0.0000 (0.0%)
 train    L_E_w_charged_hadron   = +0.0000 (0.0%)
 train    L_E_w_neutral_hadron   = +0.0000 (0.0%)
 train    L_E_w_muon     = +0.0000 (0.0%)
 train    L_E_w_electron = +0.0000 (0.0%)
learning rate :  [0.00019945246344205893, 0.0001978158526933439, 0.00019510809880370062, 0.00019135886849137794, 0.00018660923910825467, 0.000180911248587776, 0.00017432732530646558, 0.00016692960410556788, 0.0001587991359666327, 0.000150025, 0.00014070332747542625, 0.000130936248587776, 0.00012083077349723503, 0.00011049761990360197, 0.00010005, 8.960238009639805e-05, 7.926922650276498e-05, 6.916375141222402e-05, 5.939667252457379e-05, 5.0075000000000025e-05, 4.130086403336732e-05, 3.3170395894432155e-05, 2.5772674693534433e-05, 1.9188751412224014e-05, 1.3490760891745352e-05, 8.741131508622033e-06, 4.991901196299404e-06, 2.284147306656121e-06, 6.475365579410847e-07, 1e-07, 0.0001995474186611798, 0.00019819377329140754, 0.00019595132271276903, 0.00019284037490495648, 0.00018888910309305962, 0.00018413329060647658, 0.0001786160068195416, 0.00017238721710860177, 0.00016550333035783126, 0.00015802668811164128, 0.000150025, 0.00014157073054953858, 0.00013274044293357632, 0.00012361410560416728, 0.00011427436808541487, 0.00010480581248658307, 9.529418751341697e-05, 8.582563191458516e-05, 7.648589439583274e-05, 6.735955706642371e-05, 5.852926945046146e-05, 5.0075000000000025e-05, 4.207331188835876e-05, 3.459666964216877e-05, 2.7712782891398233e-05, 2.148399318045841e-05, 1.596670939352343e-05, 1.121089690694041e-05, 7.259625095043547e-06, 4.1486772872309995e-06, 1.9062267085924648e-06, 5.525813388201954e-07, 1e-07]
train loss :  2.19596529006958
[rank 0] epoch=62 valid_batch=500/1563
[rank 0] epoch=62 valid_batch=1000/1563
[rank 0] epoch=62 valid_batch=1500/1563
[rank 0] epoch=62 valid_batch=2000/1563
[rank 0] epoch=62 valid_batch=2500/1563
[rank 0] epoch=62 valid_batch=3000/1563
test   L_V                   = +0.3019 (27.4%)
    L_V_attractive      = +0.1005 (9.1%)
      L_V_attractive_charged      = +0.0869 (7.9%)
      L_V_attractive_neutral      = +0.0137 (1.2%)
    L_V_repulsive       = +0.2014 (18.2%)
      L_V_repulsive_charged       = +0.0917 (8.3%)
      L_V_repulsive_neutral       = +0.1097 (9.9%)
    L_charged_cluster   = +0.0000 (0.0%)
  L_beta              = +0.0695 (6.3%)
    L_beta_noise        = +0.0000 (0.0%)
    L_beta_sig          = -0.5082 (-46.0%)
    L_beta_suppress     = +0.0000 (0.0%)
    L_beta_track        = +0.5777 (52.3%)
      L_beta_norms_term   = -0.5798 (-52.5%)
      L_beta_logbeta_term = +0.0716 (6.5%)
  L_E   = +0.7324 (66.3%)
    L_E_charge = +0.0000 (0.0%)
    L_E_cond = +0.4245 (38.5%)
    L_E_cluster = +0.3079 (27.9%)
    L_E_w_photon   = +0.0000 (0.0%)
    L_E_w_charged_hadron   = +0.0000 (0.0%)
    L_E_w_neutral_hadron   = +0.0000 (0.0%)
    L_E_w_muon     = +0.0000 (0.0%)
    L_E_w_electron = +0.0000 (0.0%)
Returning 2.1038308143615723
[rank 0] epoch=63 train_batch=500/12500 loss=3.586874
[rank 0] epoch=63 train_batch=1000/12500 loss=2.485820
[rank 0] epoch=63 train_batch=1500/12500 loss=2.941111
[rank 0] epoch=63 train_batch=2000/12500 loss=2.297546
[rank 0] epoch=63 train_batch=2500/12500 loss=2.547830
[rank 0] epoch=63 train_batch=3000/12500 loss=2.700164
[rank 0] epoch=63 train_batch=3500/12500 loss=2.548904
[rank 0] epoch=63 train_batch=4000/12500 loss=2.780668
[rank 0] epoch=63 train_batch=4500/12500 loss=2.530846
[rank 0] epoch=63 train_batch=5000/12500 loss=2.960921
[rank 0] epoch=63 train_batch=5500/12500 loss=3.118027
[rank 0] epoch=63 train_batch=6000/12500 loss=2.591632
[rank 0] epoch=63 train_batch=6500/12500 loss=2.544742
[rank 0] epoch=63 train_batch=7000/12500 loss=2.587258
[rank 0] epoch=63 train_batch=7500/12500 loss=2.597285
[rank 0] epoch=63 train_batch=8000/12500 loss=2.491291
[rank 0] epoch=63 train_batch=8500/12500 loss=2.398591
[rank 0] epoch=63 train_batch=9000/12500 loss=2.542435
[rank 0] epoch=63 train_batch=9500/12500 loss=2.566872
[rank 0] epoch=63 train_batch=10000/12500 loss=2.693574
[rank 0] epoch=63 train_batch=10500/12500 loss=2.648443
[rank 0] epoch=63 train_batch=11000/12500 loss=2.857469
[rank 0] epoch=63 train_batch=11500/12500 loss=2.488165
[rank 0] epoch=63 train_batch=12000/12500 loss=2.511035
[rank 0] epoch=63 train_batch=12500/12500 loss=2.510649
[rank 0] epoch=63 train_batch=13000/12500 loss=2.540266
[rank 0] epoch=63 train_batch=13500/12500 loss=2.521194
[rank 0] epoch=63 train_batch=14000/12500 loss=3.359559
[rank 0] epoch=63 train_batch=14500/12500 loss=2.342681
[rank 0] epoch=63 train_batch=15000/12500 loss=2.529902
[rank 0] epoch=63 train_batch=15500/12500 loss=2.742343
[rank 0] epoch=63 train_batch=16000/12500 loss=2.757158
[rank 0] epoch=63 train_batch=16500/12500 loss=2.577533
[rank 0] epoch=63 train_batch=17000/12500 loss=2.519980
[rank 0] epoch=63 train_batch=17500/12500 loss=2.516222
[rank 0] epoch=63 train_batch=18000/12500 loss=2.459102
[rank 0] epoch=63 train_batch=18500/12500 loss=2.633814
[rank 0] epoch=63 train_batch=19000/12500 loss=2.585427
[rank 0] epoch=63 train_batch=19500/12500 loss=2.501090
[rank 0] epoch=63 train_batch=20000/12500 loss=2.758330
[rank 0] epoch=63 train_batch=20500/12500 loss=2.372252
[rank 0] epoch=63 train_batch=21000/12500 loss=2.521034
[rank 0] epoch=63 train_batch=21500/12500 loss=2.677311
[rank 0] epoch=63 train_batch=22000/12500 loss=2.586648
[rank 0] epoch=63 train_batch=22500/12500 loss=2.557857
[rank 0] epoch=63 train_batch=23000/12500 loss=2.643110
[rank 0] epoch=63 train_batch=23500/12500 loss=2.590123
[rank 0] epoch=63 train_batch=24000/12500 loss=2.521395
[rank 0] epoch=63 train_batch=24500/12500 loss=2.572832
[rank 0] epoch=63 train_batch=25000/12500 loss=2.518313
Training epoch 63
[1.42095017e+00 7.29946018e-02 1.84522591e+00 3.51758271e-02
 7.56205977e-02 1.80500758e-08 5.40973735e-01 3.59266048e-02
 8.40124863e-01 8.48227570e-08 6.67035617e-01 2.26882380e-01
 3.88375381e+00 2.00033733e-01 7.65436454e-01 2.23950952e-01
 3.04564524e+00 2.44337190e-01 4.23445410e+00 6.63153873e-02
 2.00038473e-01 8.11903723e-02 3.89824122e-01 6.16462702e-08
 4.91755083e-01 7.15504439e-02 1.07055992e+00 1.91269030e-07
 2.38188532e-01 6.64940739e-02 1.02629290e+00 5.76926056e-02
 2.00145288e-01 1.15390128e-01 1.03184339e+00 1.05047096e-01
 2.00332388e+00 5.05590955e-02 6.51261150e-02 4.53304646e-02
 7.31635001e-01 1.24172204e-07 4.23377703e-01 2.29449092e-02
 1.02913796e+00 1.37515740e-08 2.03051467e-01 1.16222838e-01
 1.20241013e+00 7.64307865e-02 4.44779729e-01 1.39598197e-01
 9.35138191e-01 1.12316149e-01 1.98063465e+00 2.86267220e-02
 2.21921092e-01 4.91671417e-02 2.31401527e+00 6.03062531e-08
 6.44838004e-01 2.63028365e-02 1.06100312e+00 5.03482686e-08
 1.65610688e-01 1.39407962e-01 1.02346656e+00 7.83650774e-02
 3.19884299e-01 2.02968581e-01 1.14409335e+00 1.23215248e-01
 1.08875313e+00 2.85732017e-02 2.53644679e-01 3.15197421e-02
 1.17864399e+00 1.72970398e-02 3.66820389e-01 1.94594611e-01
 1.37293006e+00 9.98834701e-02 8.47832433e-01 1.63875145e-01
 2.39219113e+00 7.14362462e-02 3.06994468e+00 6.00185641e-01
 5.92614068e+00 3.78904094e-01 3.00979805e+00 9.56735781e-01
 5.74748616e+00 3.89751403e-01 6.12032150e+01 4.16622466e-01
 4.49060239e+01 9.81994515e+00]
train  L_V                   = +0.3260 (19.4%)
 train    L_V_attractive      = +0.1115 (6.6%)
 train      L_V_attractive_charged      = +0.0986 (5.9%)
 train      L_V_attractive_neutral      = +0.0129 (0.8%)
 train    L_V_repulsive       = +0.2145 (12.8%)
 train      L_V_repulsive_charged       = +0.0945 (5.6%)
 train      L_V_repulsive_neutral       = +0.1200 (7.1%)
 train    L_charged_cluster   = +0.0000 (0.0%)
 train  L_beta              = +0.1123 (6.7%)
 train    L_beta_noise        = +0.0000 (0.0%)
 train    L_beta_sig          = -0.4671 (-27.8%)
 train    L_beta_suppress     = +0.0000 (0.0%)
 train    L_beta_track        = +0.5794 (34.5%)
 train      L_beta_norms_term   = -0.5437 (-32.3%)
 train      L_beta_logbeta_term = +0.0766 (4.6%)
 train  L_E   = +1.2428 (73.9%)
 train    L_E_charge = +0.0000 (0.0%)
 train    L_E_cond = +0.5593 (33.3%)
 train    L_E_cluster = +0.6834 (40.7%)
 train    L_E_w_photon   = +0.0000 (0.0%)
 train    L_E_w_charged_hadron   = +0.0000 (0.0%)
 train    L_E_w_neutral_hadron   = +0.0000 (0.0%)
 train    L_E_w_muon     = +0.0000 (0.0%)
 train    L_E_w_electron = +0.0000 (0.0%)
learning rate :  [0.00019945246344205893, 0.0001978158526933439, 0.00019510809880370062, 0.00019135886849137794, 0.00018660923910825467, 0.000180911248587776, 0.00017432732530646558, 0.00016692960410556788, 0.0001587991359666327, 0.000150025, 0.00014070332747542625, 0.000130936248587776, 0.00012083077349723503, 0.00011049761990360197, 0.00010005, 8.960238009639805e-05, 7.926922650276498e-05, 6.916375141222402e-05, 5.939667252457379e-05, 5.0075000000000025e-05, 4.130086403336732e-05, 3.3170395894432155e-05, 2.5772674693534433e-05, 1.9188751412224014e-05, 1.3490760891745352e-05, 8.741131508622033e-06, 4.991901196299404e-06, 2.284147306656121e-06, 6.475365579410847e-07, 1e-07, 0.0001995474186611798, 0.00019819377329140754, 0.00019595132271276903, 0.00019284037490495648, 0.00018888910309305962, 0.00018413329060647658, 0.0001786160068195416, 0.00017238721710860177, 0.00016550333035783126, 0.00015802668811164128, 0.000150025, 0.00014157073054953858, 0.00013274044293357632, 0.00012361410560416728, 0.00011427436808541487, 0.00010480581248658307, 9.529418751341697e-05, 8.582563191458516e-05, 7.648589439583274e-05, 6.735955706642371e-05, 5.852926945046146e-05, 5.0075000000000025e-05, 4.207331188835876e-05, 3.459666964216877e-05, 2.7712782891398233e-05, 2.148399318045841e-05, 1.596670939352343e-05, 1.121089690694041e-05, 7.259625095043547e-06, 4.1486772872309995e-06, 1.9062267085924648e-06, 5.525813388201954e-07, 1e-07, 0.00019963992897982554]
train loss :  2.681051254272461
[rank 0] epoch=63 valid_batch=500/1563
[rank 0] epoch=63 valid_batch=1000/1563
[rank 0] epoch=63 valid_batch=1500/1563
[rank 0] epoch=63 valid_batch=2000/1563
[rank 0] epoch=63 valid_batch=2500/1563
[rank 0] epoch=63 valid_batch=3000/1563
test   L_V                   = +19.3933 (94.8%)
    L_V_attractive      = +19.1590 (93.6%)
      L_V_attractive_charged      = +10.8097 (52.8%)
      L_V_attractive_neutral      = +8.3493 (40.8%)
    L_V_repulsive       = +0.2344 (1.1%)
      L_V_repulsive_charged       = +0.1039 (0.5%)
      L_V_repulsive_neutral       = +0.1305 (0.6%)
    L_charged_cluster   = +0.0000 (0.0%)
  L_beta              = +0.1120 (0.5%)
    L_beta_noise        = +0.0000 (0.0%)
    L_beta_sig          = -0.4665 (-2.3%)
    L_beta_suppress     = +0.0000 (0.0%)
    L_beta_track        = +0.5785 (2.8%)
      L_beta_norms_term   = -0.5438 (-2.7%)
      L_beta_logbeta_term = +0.0772 (0.4%)
  L_E   = +0.9559 (4.7%)
    L_E_charge = +0.0000 (0.0%)
    L_E_cond = +0.5146 (2.5%)
    L_E_cluster = +0.4414 (2.2%)
    L_E_w_photon   = +0.0000 (0.0%)
    L_E_w_charged_hadron   = +0.0000 (0.0%)
    L_E_w_neutral_hadron   = +0.0000 (0.0%)
    L_E_w_muon     = +0.0000 (0.0%)
    L_E_w_electron = +0.0000 (0.0%)
Returning 21.461204528808594
[rank 0] epoch=64 train_batch=500/12500 loss=2.591169
[rank 0] epoch=64 train_batch=1000/12500 loss=2.616311
[rank 0] epoch=64 train_batch=1500/12500 loss=2.427341
[rank 0] epoch=64 train_batch=2000/12500 loss=2.713542
[rank 0] epoch=64 train_batch=2500/12500 loss=2.433234
[rank 0] epoch=64 train_batch=3000/12500 loss=2.550390
[rank 0] epoch=64 train_batch=3500/12500 loss=2.483409
[rank 0] epoch=64 train_batch=4000/12500 loss=2.606852
[rank 0] epoch=64 train_batch=4500/12500 loss=2.286359
[rank 0] epoch=64 train_batch=5000/12500 loss=2.502357
[rank 0] epoch=64 train_batch=5500/12500 loss=2.493107
[rank 0] epoch=64 train_batch=6000/12500 loss=2.401260
[rank 0] epoch=64 train_batch=6500/12500 loss=2.444872
[rank 0] epoch=64 train_batch=7000/12500 loss=2.527970
[rank 0] epoch=64 train_batch=7500/12500 loss=2.603102
[rank 0] epoch=64 train_batch=8000/12500 loss=2.495206
[rank 0] epoch=64 train_batch=8500/12500 loss=2.453724
[rank 0] epoch=64 train_batch=9000/12500 loss=2.621114
[rank 0] epoch=64 train_batch=9500/12500 loss=2.591641
[rank 0] epoch=64 train_batch=10000/12500 loss=2.541533
[rank 0] epoch=64 train_batch=10500/12500 loss=2.398233
[rank 0] epoch=64 train_batch=11000/12500 loss=2.370144
[rank 0] epoch=64 train_batch=11500/12500 loss=2.455420
[rank 0] epoch=64 train_batch=12000/12500 loss=2.383549
[rank 0] epoch=64 train_batch=12500/12500 loss=2.410778
[rank 0] epoch=64 train_batch=13000/12500 loss=2.348953
[rank 0] epoch=64 train_batch=13500/12500 loss=2.453948
[rank 0] epoch=64 train_batch=14000/12500 loss=2.354669
[rank 0] epoch=64 train_batch=14500/12500 loss=2.415184
[rank 0] epoch=64 train_batch=15000/12500 loss=2.607943
[rank 0] epoch=64 train_batch=15500/12500 loss=2.522545
[rank 0] epoch=64 train_batch=16000/12500 loss=2.462289
[rank 0] epoch=64 train_batch=16500/12500 loss=2.718946
[rank 0] epoch=64 train_batch=17000/12500 loss=2.524992
[rank 0] epoch=64 train_batch=17500/12500 loss=2.528226
[rank 0] epoch=64 train_batch=18000/12500 loss=2.432446
[rank 0] epoch=64 train_batch=18500/12500 loss=2.463687
[rank 0] epoch=64 train_batch=19000/12500 loss=2.508126
[rank 0] epoch=64 train_batch=19500/12500 loss=2.452819
[rank 0] epoch=64 train_batch=20000/12500 loss=2.385830
[rank 0] epoch=64 train_batch=20500/12500 loss=2.471190
[rank 0] epoch=64 train_batch=21000/12500 loss=2.593701
[rank 0] epoch=64 train_batch=21500/12500 loss=2.448345
[rank 0] epoch=64 train_batch=22000/12500 loss=2.566232
[rank 0] epoch=64 train_batch=22500/12500 loss=2.436635
[rank 0] epoch=64 train_batch=23000/12500 loss=2.761927
[rank 0] epoch=64 train_batch=23500/12500 loss=2.356129
[rank 0] epoch=64 train_batch=24000/12500 loss=2.420153
[rank 0] epoch=64 train_batch=24500/12500 loss=2.326084
[rank 0] epoch=64 train_batch=25000/12500 loss=2.463016
Training epoch 64
[1.27899614e+00 6.40337759e-02 1.57492973e+00 2.81064612e-02
 8.78109580e-02 2.09260888e-08 4.21788169e-01 2.72462233e-02
 7.42004517e-01 8.07875352e-08 6.36889017e-01 2.48191680e-01
 3.59897255e+00 2.22904488e-01 7.83791589e-01 2.00657222e-01
 2.98902837e+00 2.30989925e-01 4.04715427e+00 6.40706178e-02
 2.44435809e-01 8.43018805e-02 4.07597288e-01 5.99503507e-08
 4.67694827e-01 7.41137556e-02 8.70167067e-01 1.71623923e-07
 2.04620348e-01 7.04509713e-02 8.66005145e-01 5.83839587e-02
 1.84271553e-01 1.07603773e-01 8.53989695e-01 9.49525618e-02
 1.76795841e+00 4.47585947e-02 6.88849034e-02 5.04348099e-02
 5.53202438e-01 1.14252989e-07 3.94364113e-01 2.31523654e-02
 8.18211323e-01 1.31816949e-08 1.70780051e-01 1.14166969e-01
 9.69714433e-01 7.06959867e-02 3.82135485e-01 1.28775759e-01
 8.15387923e-01 9.54834548e-02 1.57709901e+00 2.18627629e-02
 2.04508201e-01 3.97064298e-02 1.65105531e+00 5.44503251e-08
 5.41400995e-01 1.87253980e-02 8.71743598e-01 3.94985652e-08
 1.43530764e-01 1.17792837e-01 8.87035112e-01 6.99948909e-02
 3.01223285e-01 1.75974381e-01 1.04489174e+00 1.06140629e-01
 1.02530419e+00 2.23590688e-02 2.32381841e-01 3.16190739e-02
 1.20460814e+00 1.70261383e-02 3.53035842e-01 1.69049556e-01
 1.35058505e+00 9.46986118e-02 8.21400533e-01 1.74721994e-01
 2.42538777e+00 7.26702270e-02 3.28120599e+00 5.76753763e-01
 5.98740364e+00 3.60524497e-01 3.16547092e+00 1.13788296e+00
 5.72246018e+00 4.21733295e-01 4.88460735e+01 3.66483894e-01
 4.07863224e+01 9.92089122e+00]
train  L_V                   = +0.3220 (21.8%)
 train    L_V_attractive      = +0.1097 (7.4%)
 train      L_V_attractive_charged      = +0.0968 (6.6%)
 train      L_V_attractive_neutral      = +0.0129 (0.9%)
 train    L_V_repulsive       = +0.2123 (14.4%)
 train      L_V_repulsive_charged       = +0.0930 (6.3%)
 train      L_V_repulsive_neutral       = +0.1192 (8.1%)
 train    L_charged_cluster   = +0.0000 (0.0%)
 train  L_beta              = +0.1048 (7.1%)
 train    L_beta_noise        = +0.0000 (0.0%)
 train    L_beta_sig          = -0.4743 (-32.1%)
 train    L_beta_suppress     = +0.0000 (0.0%)
 train    L_beta_track        = +0.5791 (39.2%)
 train      L_beta_norms_term   = -0.5500 (-37.2%)
 train      L_beta_logbeta_term = +0.0757 (5.1%)
 train  L_E   = +1.0503 (71.1%)
 train    L_E_charge = +0.0000 (0.0%)
 train    L_E_cond = +0.5346 (36.2%)
 train    L_E_cluster = +0.5157 (34.9%)
 train    L_E_w_photon   = +0.0000 (0.0%)
 train    L_E_w_charged_hadron   = +0.0000 (0.0%)
 train    L_E_w_neutral_hadron   = +0.0000 (0.0%)
 train    L_E_w_muon     = +0.0000 (0.0%)
 train    L_E_w_electron = +0.0000 (0.0%)
learning rate :  [0.00019945246344205893, 0.0001978158526933439, 0.00019510809880370062, 0.00019135886849137794, 0.00018660923910825467, 0.000180911248587776, 0.00017432732530646558, 0.00016692960410556788, 0.0001587991359666327, 0.000150025, 0.00014070332747542625, 0.000130936248587776, 0.00012083077349723503, 0.00011049761990360197, 0.00010005, 8.960238009639805e-05, 7.926922650276498e-05, 6.916375141222402e-05, 5.939667252457379e-05, 5.0075000000000025e-05, 4.130086403336732e-05, 3.3170395894432155e-05, 2.5772674693534433e-05, 1.9188751412224014e-05, 1.3490760891745352e-05, 8.741131508622033e-06, 4.991901196299404e-06, 2.284147306656121e-06, 6.475365579410847e-07, 1e-07, 0.0001995474186611798, 0.00019819377329140754, 0.00019595132271276903, 0.00019284037490495648, 0.00018888910309305962, 0.00018413329060647658, 0.0001786160068195416, 0.00017238721710860177, 0.00016550333035783126, 0.00015802668811164128, 0.000150025, 0.00014157073054953858, 0.00013274044293357632, 0.00012361410560416728, 0.00011427436808541487, 0.00010480581248658307, 9.529418751341697e-05, 8.582563191458516e-05, 7.648589439583274e-05, 6.735955706642371e-05, 5.852926945046146e-05, 5.0075000000000025e-05, 4.207331188835876e-05, 3.459666964216877e-05, 2.7712782891398233e-05, 2.148399318045841e-05, 1.596670939352343e-05, 1.121089690694041e-05, 7.259625095043547e-06, 4.1486772872309995e-06, 1.9062267085924648e-06, 5.525813388201954e-07, 1e-07, 0.00019963992897982554, 0.00019856231023925348]
train loss :  2.477010726928711
[rank 0] epoch=64 valid_batch=500/1563
[rank 0] epoch=64 valid_batch=1000/1563
[rank 0] epoch=64 valid_batch=1500/1563
[rank 0] epoch=64 valid_batch=2000/1563
[rank 0] epoch=64 valid_batch=2500/1563
[rank 0] epoch=64 valid_batch=3000/1563
test   L_V                   = +0.3601 (22.7%)
    L_V_attractive      = +0.1377 (8.7%)
      L_V_attractive_charged      = +0.1175 (7.4%)
      L_V_attractive_neutral      = +0.0202 (1.3%)
    L_V_repulsive       = +0.2224 (14.0%)
      L_V_repulsive_charged       = +0.0977 (6.2%)
      L_V_repulsive_neutral       = +0.1247 (7.9%)
    L_charged_cluster   = +0.0000 (0.0%)
  L_beta              = +0.0899 (5.7%)
    L_beta_noise        = +0.0000 (0.0%)
    L_beta_sig          = -0.4872 (-30.8%)
    L_beta_suppress     = +0.0000 (0.0%)
    L_beta_track        = +0.5771 (36.4%)
      L_beta_norms_term   = -0.5541 (-35.0%)
      L_beta_logbeta_term = +0.0669 (4.2%)
  L_E   = +1.1338 (71.6%)
    L_E_charge = +0.0000 (0.0%)
    L_E_cond = +0.6353 (40.1%)
    L_E_cluster = +0.4985 (31.5%)
    L_E_w_photon   = +0.0000 (0.0%)
    L_E_w_charged_hadron   = +0.0000 (0.0%)
    L_E_w_neutral_hadron   = +0.0000 (0.0%)
    L_E_w_muon     = +0.0000 (0.0%)
    L_E_w_electron = +0.0000 (0.0%)
Returning 2.583829402923584
[rank 0] epoch=65 train_batch=500/12500 loss=3.111796
[rank 0] epoch=65 train_batch=1000/12500 loss=2.601737
[rank 0] epoch=65 train_batch=1500/12500 loss=2.572752
[rank 0] epoch=65 train_batch=2000/12500 loss=2.500367
[rank 0] epoch=65 train_batch=2500/12500 loss=2.652013
[rank 0] epoch=65 train_batch=3000/12500 loss=2.496468
[rank 0] epoch=65 train_batch=3500/12500 loss=2.495193
[rank 0] epoch=65 train_batch=4000/12500 loss=2.350332
[rank 0] epoch=65 train_batch=4500/12500 loss=2.483326
[rank 0] epoch=65 train_batch=5000/12500 loss=2.543979
[rank 0] epoch=65 train_batch=5500/12500 loss=2.370886
[rank 0] epoch=65 train_batch=6000/12500 loss=2.168469
[rank 0] epoch=65 train_batch=6500/12500 loss=2.543971
[rank 0] epoch=65 train_batch=7000/12500 loss=2.517452
[rank 0] epoch=65 train_batch=7500/12500 loss=2.439394
[rank 0] epoch=65 train_batch=8000/12500 loss=2.725577
[rank 0] epoch=65 train_batch=8500/12500 loss=2.479790
[rank 0] epoch=65 train_batch=9000/12500 loss=2.423385
[rank 0] epoch=65 train_batch=9500/12500 loss=2.298769
[rank 0] epoch=65 train_batch=10000/12500 loss=2.665958
[rank 0] epoch=65 train_batch=10500/12500 loss=2.290039
[rank 0] epoch=65 train_batch=11000/12500 loss=2.491723
[rank 0] epoch=65 train_batch=11500/12500 loss=2.297786
[rank 0] epoch=65 train_batch=12000/12500 loss=2.537288
[rank 0] epoch=65 train_batch=12500/12500 loss=2.711036
[rank 0] epoch=65 train_batch=13000/12500 loss=2.359806
[rank 0] epoch=65 train_batch=13500/12500 loss=2.622642
[rank 0] epoch=65 train_batch=14000/12500 loss=2.747385
[rank 0] epoch=65 train_batch=14500/12500 loss=2.838046
[rank 0] epoch=65 train_batch=15000/12500 loss=2.346924
[rank 0] epoch=65 train_batch=15500/12500 loss=3.133520
[rank 0] epoch=65 train_batch=16000/12500 loss=2.591294
[rank 0] epoch=65 train_batch=16500/12500 loss=2.474671
[rank 0] epoch=65 train_batch=17000/12500 loss=2.411032
[rank 0] epoch=65 train_batch=17500/12500 loss=2.629797
[rank 0] epoch=65 train_batch=18000/12500 loss=2.429934
[rank 0] epoch=65 train_batch=18500/12500 loss=2.426441
[rank 0] epoch=65 train_batch=19000/12500 loss=2.548312
[rank 0] epoch=65 train_batch=19500/12500 loss=2.356624
[rank 0] epoch=65 train_batch=20000/12500 loss=2.406816
[rank 0] epoch=65 train_batch=20500/12500 loss=2.411870
[rank 0] epoch=65 train_batch=21000/12500 loss=2.340225
[rank 0] epoch=65 train_batch=21500/12500 loss=2.409233
[rank 0] epoch=65 train_batch=22000/12500 loss=2.273216
[rank 0] epoch=65 train_batch=22500/12500 loss=2.262880
[rank 0] epoch=65 train_batch=23000/12500 loss=2.345353
[rank 0] epoch=65 train_batch=23500/12500 loss=2.335897
[rank 0] epoch=65 train_batch=24000/12500 loss=2.625187
[rank 0] epoch=65 train_batch=24500/12500 loss=2.538706
[rank 0] epoch=65 train_batch=25000/12500 loss=2.463702
Training epoch 65
[1.24484994e+00 5.85359488e-02 1.41785467e+00 2.42080893e-02
 7.40631294e-02 2.00275079e-08 3.61140376e-01 2.24243946e-02
 6.75345495e-01 7.22911609e-08 6.17915414e-01 2.54066693e-01
 3.41141995e+00 2.28230100e-01 7.78678579e-01 2.04055643e-01
 2.93225467e+00 2.30810112e-01 3.81269801e+00 6.15175527e-02
 2.33819714e-01 8.99674816e-02 4.65134050e-01 6.29559509e-08
 4.66723592e-01 7.82837741e-02 7.71284082e-01 1.43425155e-07
 2.05037320e-01 6.41348771e-02 8.45748551e-01 5.19256143e-02
 1.90654359e-01 9.85485432e-02 7.53675843e-01 8.48503825e-02
 1.63184318e+00 4.28994014e-02 6.85679085e-02 4.58182815e-02
 4.87130940e-01 1.09373123e-07 3.83530799e-01 2.14920259e-02
 7.15298348e-01 1.26765048e-08 1.63006459e-01 1.02713706e-01
 8.67334844e-01 6.28636022e-02 3.62379681e-01 1.22403637e-01
 7.47168110e-01 8.63897278e-02 1.42280695e+00 2.08512403e-02
 1.95887825e-01 4.05439204e-02 1.38549507e+00 5.06856655e-08
 5.02967103e-01 1.87781093e-02 8.27329997e-01 3.78300595e-08
 1.35017970e-01 1.06430737e-01 8.33242472e-01 6.24532599e-02
 2.97087669e-01 1.63785554e-01 9.73308985e-01 9.77752763e-02
 9.59598552e-01 2.13187058e-02 2.22988428e-01 3.14404135e-02
 1.16724327e+00 1.63703342e-02 3.33471322e-01 1.55794307e-01
 1.27163905e+00 9.18007640e-02 7.41243211e-01 1.57834126e-01
 2.26837305e+00 6.97516960e-02 3.16053452e+00 5.78585633e-01
 5.83976650e+00 3.63205632e-01 3.14393837e+00 1.19187085e+00
 6.26861266e+00 5.01439095e-01 4.99457267e+01 4.17421512e-01
 4.10450224e+01 9.84774552e+00]
train  L_V                   = +0.3196 (21.2%)
 train    L_V_attractive      = +0.1089 (7.2%)
 train      L_V_attractive_charged      = +0.0961 (6.4%)
 train      L_V_attractive_neutral      = +0.0127 (0.8%)
 train    L_V_repulsive       = +0.2107 (14.0%)
 train      L_V_repulsive_charged       = +0.0921 (6.1%)
 train      L_V_repulsive_neutral       = +0.1187 (7.9%)
 train    L_charged_cluster   = +0.0000 (0.0%)
 train  L_beta              = +0.1009 (6.7%)
 train    L_beta_noise        = +0.0000 (0.0%)
 train    L_beta_sig          = -0.4782 (-31.7%)
 train    L_beta_suppress     = +0.0000 (0.0%)
 train    L_beta_track        = +0.5791 (38.4%)
 train      L_beta_norms_term   = -0.5529 (-36.7%)
 train      L_beta_logbeta_term = +0.0747 (5.0%)
 train  L_E   = +1.0862 (72.1%)
 train    L_E_charge = +0.0000 (0.0%)
 train    L_E_cond = +0.5271 (35.0%)
 train    L_E_cluster = +0.5591 (37.1%)
 train    L_E_w_photon   = +0.0000 (0.0%)
 train    L_E_w_charged_hadron   = +0.0000 (0.0%)
 train    L_E_w_neutral_hadron   = +0.0000 (0.0%)
 train    L_E_w_muon     = +0.0000 (0.0%)
 train    L_E_w_electron = +0.0000 (0.0%)
learning rate :  [0.00019945246344205893, 0.0001978158526933439, 0.00019510809880370062, 0.00019135886849137794, 0.00018660923910825467, 0.000180911248587776, 0.00017432732530646558, 0.00016692960410556788, 0.0001587991359666327, 0.000150025, 0.00014070332747542625, 0.000130936248587776, 0.00012083077349723503, 0.00011049761990360197, 0.00010005, 8.960238009639805e-05, 7.926922650276498e-05, 6.916375141222402e-05, 5.939667252457379e-05, 5.0075000000000025e-05, 4.130086403336732e-05, 3.3170395894432155e-05, 2.5772674693534433e-05, 1.9188751412224014e-05, 1.3490760891745352e-05, 8.741131508622033e-06, 4.991901196299404e-06, 2.284147306656121e-06, 6.475365579410847e-07, 1e-07, 0.0001995474186611798, 0.00019819377329140754, 0.00019595132271276903, 0.00019284037490495648, 0.00018888910309305962, 0.00018413329060647658, 0.0001786160068195416, 0.00017238721710860177, 0.00016550333035783126, 0.00015802668811164128, 0.000150025, 0.00014157073054953858, 0.00013274044293357632, 0.00012361410560416728, 0.00011427436808541487, 0.00010480581248658307, 9.529418751341697e-05, 8.582563191458516e-05, 7.648589439583274e-05, 6.735955706642371e-05, 5.852926945046146e-05, 5.0075000000000025e-05, 4.207331188835876e-05, 3.459666964216877e-05, 2.7712782891398233e-05, 2.148399318045841e-05, 1.596670939352343e-05, 1.121089690694041e-05, 7.259625095043547e-06, 4.1486772872309995e-06, 1.9062267085924648e-06, 5.525813388201954e-07, 1e-07, 0.00019963992897982554, 0.00019856231023925348, 0.00019677490804600323]
train loss :  2.5067296028137207
[rank 0] epoch=65 valid_batch=500/1563
[rank 0] epoch=65 valid_batch=1000/1563
[rank 0] epoch=65 valid_batch=1500/1563
[rank 0] epoch=65 valid_batch=2000/1563
[rank 0] epoch=65 valid_batch=2500/1563
[rank 0] epoch=65 valid_batch=3000/1563
test   L_V                   = +0.3473 (21.1%)
    L_V_attractive      = +0.1044 (6.4%)
      L_V_attractive_charged      = +0.0908 (5.5%)
      L_V_attractive_neutral      = +0.0136 (0.8%)
    L_V_repulsive       = +0.2429 (14.8%)
      L_V_repulsive_charged       = +0.1085 (6.6%)
      L_V_repulsive_neutral       = +0.1344 (8.2%)
    L_charged_cluster   = +0.0000 (0.0%)
  L_beta              = +0.0870 (5.3%)
    L_beta_noise        = +0.0000 (0.0%)
    L_beta_sig          = -0.4923 (-30.0%)
    L_beta_suppress     = +0.0000 (0.0%)
    L_beta_track        = +0.5793 (35.3%)
      L_beta_norms_term   = -0.5620 (-34.2%)
      L_beta_logbeta_term = +0.0696 (4.2%)
  L_E   = +1.2089 (73.6%)
    L_E_charge = +0.0000 (0.0%)
    L_E_cond = +0.5458 (33.2%)
    L_E_cluster = +0.6631 (40.4%)
    L_E_w_photon   = +0.0000 (0.0%)
    L_E_w_charged_hadron   = +0.0000 (0.0%)
    L_E_w_neutral_hadron   = +0.0000 (0.0%)
    L_E_w_muon     = +0.0000 (0.0%)
    L_E_w_electron = +0.0000 (0.0%)
Returning 2.64316987991333
[rank 0] epoch=66 train_batch=500/12500 loss=2.509631
[rank 0] epoch=66 train_batch=1000/12500 loss=2.719545
[rank 0] epoch=66 train_batch=1500/12500 loss=2.397243
[rank 0] epoch=66 train_batch=2000/12500 loss=2.660583
[rank 0] epoch=66 train_batch=2500/12500 loss=2.541370
[rank 0] epoch=66 train_batch=3000/12500 loss=2.402598
[rank 0] epoch=66 train_batch=3500/12500 loss=2.423748
[rank 0] epoch=66 train_batch=4000/12500 loss=2.456704
[rank 0] epoch=66 train_batch=4500/12500 loss=2.565918
[rank 0] epoch=66 train_batch=5000/12500 loss=2.517579
[rank 0] epoch=66 train_batch=5500/12500 loss=2.516723
[rank 0] epoch=66 train_batch=6000/12500 loss=2.349748
[rank 0] epoch=66 train_batch=6500/12500 loss=2.445902
[rank 0] epoch=66 train_batch=7000/12500 loss=2.458058
[rank 0] epoch=66 train_batch=7500/12500 loss=2.437835
[rank 0] epoch=66 train_batch=8000/12500 loss=2.312691
[rank 0] epoch=66 train_batch=8500/12500 loss=2.322348
[rank 0] epoch=66 train_batch=9000/12500 loss=2.347070
[rank 0] epoch=66 train_batch=9500/12500 loss=2.326692
[rank 0] epoch=66 train_batch=10000/12500 loss=2.383742
[rank 0] epoch=66 train_batch=10500/12500 loss=2.715037
[rank 0] epoch=66 train_batch=11000/12500 loss=2.325972
[rank 0] epoch=66 train_batch=11500/12500 loss=2.566741
[rank 0] epoch=66 train_batch=12000/12500 loss=2.325841
[rank 0] epoch=66 train_batch=12500/12500 loss=2.573919
[rank 0] epoch=66 train_batch=13000/12500 loss=2.726616
[rank 0] epoch=66 train_batch=13500/12500 loss=2.824668
[rank 0] epoch=66 train_batch=14000/12500 loss=2.259558
[rank 0] epoch=66 train_batch=14500/12500 loss=2.766487
[rank 0] epoch=66 train_batch=15000/12500 loss=2.540323
[rank 0] epoch=66 train_batch=15500/12500 loss=2.565871
[rank 0] epoch=66 train_batch=16000/12500 loss=2.601861
[rank 0] epoch=66 train_batch=16500/12500 loss=2.349637
[rank 0] epoch=66 train_batch=17000/12500 loss=2.436782
[rank 0] epoch=66 train_batch=17500/12500 loss=2.612185
[rank 0] epoch=66 train_batch=18000/12500 loss=2.414772
[rank 0] epoch=66 train_batch=18500/12500 loss=2.336627
[rank 0] epoch=66 train_batch=19000/12500 loss=2.898127
[rank 0] epoch=66 train_batch=19500/12500 loss=2.217217
[rank 0] epoch=66 train_batch=20000/12500 loss=2.508253
[rank 0] epoch=66 train_batch=20500/12500 loss=2.456967
[rank 0] epoch=66 train_batch=21000/12500 loss=2.432401
[rank 0] epoch=66 train_batch=21500/12500 loss=2.510725
[rank 0] epoch=66 train_batch=22000/12500 loss=2.505121
[rank 0] epoch=66 train_batch=22500/12500 loss=2.692233
[rank 0] epoch=66 train_batch=23000/12500 loss=2.308249
[rank 0] epoch=66 train_batch=23500/12500 loss=2.509061
[rank 0] epoch=66 train_batch=24000/12500 loss=2.786625
[rank 0] epoch=66 train_batch=24500/12500 loss=2.270579
[rank 0] epoch=66 train_batch=25000/12500 loss=2.422005
Training epoch 66
[1.33968579e+00 4.93045298e-02 1.39812751e+00 2.32866677e-02
 8.34395562e-02 2.05540807e-08 3.47266636e-01 2.24603638e-02
 6.63571018e-01 6.66956028e-08 6.22347159e-01 2.82815417e-01
 3.38086414e+00 2.47028838e-01 7.95914260e-01 2.06338382e-01
 2.91967272e+00 2.40155113e-01 3.74175973e+00 6.14367644e-02
 2.35326668e-01 9.32975338e-02 4.59860451e-01 6.63605286e-08
 4.64549385e-01 7.79285677e-02 7.70538158e-01 1.29803046e-07
 2.16238054e-01 6.63549493e-02 8.80684286e-01 5.34134016e-02
 2.30523880e-01 9.69100478e-02 7.41460503e-01 8.30137974e-02
 1.64174435e+00 4.00561769e-02 7.89167126e-02 4.12183036e-02
 4.48104501e-01 1.08296148e-07 4.05015846e-01 1.84652547e-02
 7.13119261e-01 1.40599792e-08 1.68624596e-01 1.00961173e-01
 8.36297712e-01 6.30811907e-02 3.98102330e-01 1.25481548e-01
 7.46845433e-01 8.66011335e-02 1.41535861e+00 2.07062569e-02
 1.96223265e-01 4.37888163e-02 1.30790595e+00 4.86438199e-08
 5.08276721e-01 2.09869282e-02 8.57394772e-01 3.79498811e-08
 1.38623066e-01 1.04555725e-01 8.39548177e-01 6.11745601e-02
 3.25460695e-01 1.69803031e-01 9.81953512e-01 9.98741004e-02
 9.46584984e-01 2.30191256e-02 2.35805279e-01 3.06261142e-02
 1.18720486e+00 1.67855249e-02 3.29261154e-01 1.65205782e-01
 1.25850843e+00 9.12738089e-02 7.45975846e-01 1.64869322e-01
 2.23791988e+00 6.97887135e-02 3.26655844e+00 5.79761773e-01
 5.98907310e+00 3.59760649e-01 3.26417829e+00 1.25487652e+00
 6.77823722e+00 5.79442156e-01 5.58226639e+01 4.58993480e-01
 4.24112037e+01 9.76551230e+00]
train  L_V                   = +0.3159 (21.5%)
 train    L_V_attractive      = +0.1079 (7.3%)
 train      L_V_attractive_charged      = +0.0951 (6.5%)
 train      L_V_attractive_neutral      = +0.0128 (0.9%)
 train    L_V_repulsive       = +0.2081 (14.1%)
 train      L_V_repulsive_charged       = +0.0912 (6.2%)
 train      L_V_repulsive_neutral       = +0.1169 (7.9%)
 train    L_charged_cluster   = +0.0000 (0.0%)
 train  L_beta              = +0.0989 (6.7%)
 train    L_beta_noise        = +0.0000 (0.0%)
 train    L_beta_sig          = -0.4801 (-32.6%)
 train    L_beta_suppress     = +0.0000 (0.0%)
 train    L_beta_track        = +0.5790 (39.3%)
 train      L_beta_norms_term   = -0.5543 (-37.6%)
 train      L_beta_logbeta_term = +0.0742 (5.0%)
 train  L_E   = +1.0580 (71.8%)
 train    L_E_charge = +0.0000 (0.0%)
 train    L_E_cond = +0.5186 (35.2%)
 train    L_E_cluster = +0.5394 (36.6%)
 train    L_E_w_photon   = +0.0000 (0.0%)
 train    L_E_w_charged_hadron   = +0.0000 (0.0%)
 train    L_E_w_neutral_hadron   = +0.0000 (0.0%)
 train    L_E_w_muon     = +0.0000 (0.0%)
 train    L_E_w_electron = +0.0000 (0.0%)
learning rate :  [0.00019945246344205893, 0.0001978158526933439, 0.00019510809880370062, 0.00019135886849137794, 0.00018660923910825467, 0.000180911248587776, 0.00017432732530646558, 0.00016692960410556788, 0.0001587991359666327, 0.000150025, 0.00014070332747542625, 0.000130936248587776, 0.00012083077349723503, 0.00011049761990360197, 0.00010005, 8.960238009639805e-05, 7.926922650276498e-05, 6.916375141222402e-05, 5.939667252457379e-05, 5.0075000000000025e-05, 4.130086403336732e-05, 3.3170395894432155e-05, 2.5772674693534433e-05, 1.9188751412224014e-05, 1.3490760891745352e-05, 8.741131508622033e-06, 4.991901196299404e-06, 2.284147306656121e-06, 6.475365579410847e-07, 1e-07, 0.0001995474186611798, 0.00019819377329140754, 0.00019595132271276903, 0.00019284037490495648, 0.00018888910309305962, 0.00018413329060647658, 0.0001786160068195416, 0.00017238721710860177, 0.00016550333035783126, 0.00015802668811164128, 0.000150025, 0.00014157073054953858, 0.00013274044293357632, 0.00012361410560416728, 0.00011427436808541487, 0.00010480581248658307, 9.529418751341697e-05, 8.582563191458516e-05, 7.648589439583274e-05, 6.735955706642371e-05, 5.852926945046146e-05, 5.0075000000000025e-05, 4.207331188835876e-05, 3.459666964216877e-05, 2.7712782891398233e-05, 2.148399318045841e-05, 1.596670939352343e-05, 1.121089690694041e-05, 7.259625095043547e-06, 4.1486772872309995e-06, 1.9062267085924648e-06, 5.525813388201954e-07, 1e-07, 0.00019963992897982554, 0.00019856231023925348, 0.00019677490804600323, 0.00019429060067383536]
train loss :  2.4727797508239746
[rank 0] epoch=66 valid_batch=500/1563
[rank 0] epoch=66 valid_batch=1000/1563
[rank 0] epoch=66 valid_batch=1500/1563
[rank 0] epoch=66 valid_batch=2000/1563
[rank 0] epoch=66 valid_batch=2500/1563
[rank 0] epoch=66 valid_batch=3000/1563
test   L_V                   = +0.3170 (17.3%)
    L_V_attractive      = +0.1060 (5.8%)
      L_V_attractive_charged      = +0.0897 (4.9%)
      L_V_attractive_neutral      = +0.0163 (0.9%)
    L_V_repulsive       = +0.2110 (11.5%)
      L_V_repulsive_charged       = +0.0922 (5.0%)
      L_V_repulsive_neutral       = +0.1188 (6.5%)
    L_charged_cluster   = +0.0000 (0.0%)
  L_beta              = +0.1264 (6.9%)
    L_beta_noise        = +0.0000 (0.0%)
    L_beta_sig          = -0.4538 (-24.7%)
    L_beta_suppress     = +0.0000 (0.0%)
    L_beta_track        = +0.5802 (31.6%)
      L_beta_norms_term   = -0.5433 (-29.6%)
      L_beta_logbeta_term = +0.0895 (4.9%)
  L_E   = +1.3938 (75.9%)
    L_E_charge = +0.0000 (0.0%)
    L_E_cond = +0.7690 (41.9%)
    L_E_cluster = +0.6248 (34.0%)
    L_E_w_photon   = +0.0000 (0.0%)
    L_E_w_charged_hadron   = +0.0000 (0.0%)
    L_E_w_neutral_hadron   = +0.0000 (0.0%)
    L_E_w_muon     = +0.0000 (0.0%)
    L_E_w_electron = +0.0000 (0.0%)
Returning 2.8371658325195312
[rank 0] epoch=67 train_batch=500/12500 loss=2.330606
[rank 0] epoch=67 train_batch=1000/12500 loss=2.444945
[rank 0] epoch=67 train_batch=1500/12500 loss=2.400198
[rank 0] epoch=67 train_batch=2000/12500 loss=2.618157
[rank 0] epoch=67 train_batch=2500/12500 loss=2.777130
[rank 0] epoch=67 train_batch=3000/12500 loss=2.260718
[rank 0] epoch=67 train_batch=3500/12500 loss=2.474693
[rank 0] epoch=67 train_batch=4000/12500 loss=2.318503
[rank 0] epoch=67 train_batch=4500/12500 loss=2.536180
[rank 0] epoch=67 train_batch=5000/12500 loss=2.609297
[rank 0] epoch=67 train_batch=5500/12500 loss=2.447910
[rank 0] epoch=67 train_batch=6000/12500 loss=2.319685
[rank 0] epoch=67 train_batch=6500/12500 loss=2.593351
[rank 0] epoch=67 train_batch=7000/12500 loss=2.548699
[rank 0] epoch=67 train_batch=7500/12500 loss=2.551241
[rank 0] epoch=67 train_batch=8000/12500 loss=2.242864
[rank 0] epoch=67 train_batch=8500/12500 loss=2.251400
[rank 0] epoch=67 train_batch=9000/12500 loss=2.498882
[rank 0] epoch=67 train_batch=9500/12500 loss=2.540745
[rank 0] epoch=67 train_batch=10000/12500 loss=2.528821
[rank 0] epoch=67 train_batch=10500/12500 loss=2.303054
[rank 0] epoch=67 train_batch=11000/12500 loss=2.376065
[rank 0] epoch=67 train_batch=11500/12500 loss=2.408420
[rank 0] epoch=67 train_batch=12000/12500 loss=2.296779
[rank 0] epoch=67 train_batch=12500/12500 loss=2.732038
[rank 0] epoch=67 train_batch=13000/12500 loss=2.476991
[rank 0] epoch=67 train_batch=13500/12500 loss=2.609906
[rank 0] epoch=67 train_batch=14000/12500 loss=2.568204
[rank 0] epoch=67 train_batch=14500/12500 loss=2.490573
[rank 0] epoch=67 train_batch=15000/12500 loss=2.231560
[rank 0] epoch=67 train_batch=15500/12500 loss=2.537387
[rank 0] epoch=67 train_batch=16000/12500 loss=2.581639
[rank 0] epoch=67 train_batch=16500/12500 loss=2.552300
[rank 0] epoch=67 train_batch=17000/12500 loss=2.386919
[rank 0] epoch=67 train_batch=17500/12500 loss=2.465580
[rank 0] epoch=67 train_batch=18000/12500 loss=2.518899
[rank 0] epoch=67 train_batch=18500/12500 loss=2.395351
[rank 0] epoch=67 train_batch=19000/12500 loss=2.439472
[rank 0] epoch=67 train_batch=19500/12500 loss=2.412440
[rank 0] epoch=67 train_batch=20000/12500 loss=2.440746
[rank 0] epoch=67 train_batch=20500/12500 loss=2.291959
[rank 0] epoch=67 train_batch=21000/12500 loss=2.361267
[rank 0] epoch=67 train_batch=21500/12500 loss=2.338233
[rank 0] epoch=67 train_batch=22000/12500 loss=2.444132
[rank 0] epoch=67 train_batch=22500/12500 loss=2.332908
[rank 0] epoch=67 train_batch=23000/12500 loss=2.762767
[rank 0] epoch=67 train_batch=23500/12500 loss=2.387413
[rank 0] epoch=67 train_batch=24000/12500 loss=2.315020
[rank 0] epoch=67 train_batch=24500/12500 loss=2.624368
[rank 0] epoch=67 train_batch=25000/12500 loss=2.444637
Training epoch 67
[1.43640986e+00 5.35116391e-02 1.42236610e+00 2.83923326e-02
 9.46478901e-02 2.03900903e-08 3.47967746e-01 2.64951182e-02
 6.81910265e-01 6.79359701e-08 6.34059901e-01 2.91549228e-01
 3.34236035e+00 2.40688051e-01 8.11593471e-01 2.20633961e-01
 2.87203501e+00 2.45957068e-01 3.78853992e+00 5.88768816e-02
 2.24350440e-01 9.58770707e-02 4.72182519e-01 7.51591364e-08
 4.83201054e-01 8.13019212e-02 8.44220932e-01 1.34147346e-07
 2.35882407e-01 7.61955202e-02 9.37067692e-01 6.10991331e-02
 2.79847362e-01 1.04980611e-01 7.75258225e-01 9.06123918e-02
 1.69793123e+00 3.70152676e-02 8.25839966e-02 3.71782000e-02
 4.80446369e-01 1.10168312e-07 4.43642238e-01 1.81241063e-02
 7.08351125e-01 1.46806493e-08 1.76408013e-01 1.02416760e-01
 8.29888693e-01 6.47409464e-02 4.55695282e-01 1.36917616e-01
 7.80282707e-01 9.22855219e-02 1.44885015e+00 2.07470224e-02
 2.23238687e-01 4.08727052e-02 1.28107807e+00 4.58351917e-08
 5.38828346e-01 2.04284838e-02 9.04507443e-01 3.89286608e-08
 1.48099339e-01 1.06633441e-01 8.88043190e-01 6.39948810e-02
 3.60570044e-01 1.79241117e-01 9.91806719e-01 1.01659380e-01
 9.66197534e-01 2.33678407e-02 2.58070518e-01 3.11288094e-02
 1.19076383e+00 1.64954940e-02 3.25499683e-01 1.69420005e-01
 1.27571689e+00 9.56887901e-02 7.60075114e-01 1.77979496e-01
 2.28353357e+00 7.45747917e-02 3.33013758e+00 5.95090736e-01
 6.10295507e+00 3.71505839e-01 3.31942185e+00 1.35759666e+00
 6.56572909e+00 5.19128071e-01 5.84625348e+01 4.74779810e-01
 4.36190426e+01 9.73775287e+00]
train  L_V                   = +0.3141 (21.6%)
 train    L_V_attractive      = +0.1070 (7.3%)
 train      L_V_attractive_charged      = +0.0943 (6.5%)
 train      L_V_attractive_neutral      = +0.0127 (0.9%)
 train    L_V_repulsive       = +0.2071 (14.2%)
 train      L_V_repulsive_charged       = +0.0905 (6.2%)
 train      L_V_repulsive_neutral       = +0.1166 (8.0%)
 train    L_charged_cluster   = +0.0000 (0.0%)
 train  L_beta              = +0.0975 (6.7%)
 train    L_beta_noise        = +0.0000 (0.0%)
 train    L_beta_sig          = -0.4818 (-33.1%)
 train    L_beta_suppress     = +0.0000 (0.0%)
 train    L_beta_track        = +0.5792 (39.8%)
 train      L_beta_norms_term   = -0.5558 (-38.1%)
 train      L_beta_logbeta_term = +0.0740 (5.1%)
 train  L_E   = +1.0454 (71.8%)
 train    L_E_charge = +0.0000 (0.0%)
 train    L_E_cond = +0.5197 (35.7%)
 train    L_E_cluster = +0.5257 (36.1%)
 train    L_E_w_photon   = +0.0000 (0.0%)
 train    L_E_w_charged_hadron   = +0.0000 (0.0%)
 train    L_E_w_neutral_hadron   = +0.0000 (0.0%)
 train    L_E_w_muon     = +0.0000 (0.0%)
 train    L_E_w_electron = +0.0000 (0.0%)
learning rate :  [0.00019945246344205893, 0.0001978158526933439, 0.00019510809880370062, 0.00019135886849137794, 0.00018660923910825467, 0.000180911248587776, 0.00017432732530646558, 0.00016692960410556788, 0.0001587991359666327, 0.000150025, 0.00014070332747542625, 0.000130936248587776, 0.00012083077349723503, 0.00011049761990360197, 0.00010005, 8.960238009639805e-05, 7.926922650276498e-05, 6.916375141222402e-05, 5.939667252457379e-05, 5.0075000000000025e-05, 4.130086403336732e-05, 3.3170395894432155e-05, 2.5772674693534433e-05, 1.9188751412224014e-05, 1.3490760891745352e-05, 8.741131508622033e-06, 4.991901196299404e-06, 2.284147306656121e-06, 6.475365579410847e-07, 1e-07, 0.0001995474186611798, 0.00019819377329140754, 0.00019595132271276903, 0.00019284037490495648, 0.00018888910309305962, 0.00018413329060647658, 0.0001786160068195416, 0.00017238721710860177, 0.00016550333035783126, 0.00015802668811164128, 0.000150025, 0.00014157073054953858, 0.00013274044293357632, 0.00012361410560416728, 0.00011427436808541487, 0.00010480581248658307, 9.529418751341697e-05, 8.582563191458516e-05, 7.648589439583274e-05, 6.735955706642371e-05, 5.852926945046146e-05, 5.0075000000000025e-05, 4.207331188835876e-05, 3.459666964216877e-05, 2.7712782891398233e-05, 2.148399318045841e-05, 1.596670939352343e-05, 1.121089690694041e-05, 7.259625095043547e-06, 4.1486772872309995e-06, 1.9062267085924648e-06, 5.525813388201954e-07, 1e-07, 0.00019963992897982554, 0.00019856231023925348, 0.00019677490804600323, 0.00019429060067383536, 0.00019112728761429417]
train loss :  2.456998825073242
[rank 0] epoch=67 valid_batch=500/1563
[rank 0] epoch=67 valid_batch=1000/1563
[rank 0] epoch=67 valid_batch=1500/1563
[rank 0] epoch=67 valid_batch=2000/1563
[rank 0] epoch=67 valid_batch=2500/1563
[rank 0] epoch=67 valid_batch=3000/1563
test   L_V                   = +0.3562 (21.5%)
    L_V_attractive      = +0.1430 (8.6%)
      L_V_attractive_charged      = +0.1220 (7.4%)
      L_V_attractive_neutral      = +0.0210 (1.3%)
    L_V_repulsive       = +0.2133 (12.9%)
      L_V_repulsive_charged       = +0.0891 (5.4%)
      L_V_repulsive_neutral       = +0.1241 (7.5%)
    L_charged_cluster   = +0.0000 (0.0%)
  L_beta              = +0.0895 (5.4%)
    L_beta_noise        = +0.0000 (0.0%)
    L_beta_sig          = -0.4888 (-29.5%)
    L_beta_suppress     = +0.0000 (0.0%)
    L_beta_track        = +0.5783 (34.9%)
      L_beta_norms_term   = -0.5623 (-33.9%)
      L_beta_logbeta_term = +0.0734 (4.4%)
  L_E   = +1.2116 (73.1%)
    L_E_charge = +0.0000 (0.0%)
    L_E_cond = +0.6509 (39.3%)
    L_E_cluster = +0.5607 (33.8%)
    L_E_w_photon   = +0.0000 (0.0%)
    L_E_w_charged_hadron   = +0.0000 (0.0%)
    L_E_w_neutral_hadron   = +0.0000 (0.0%)
    L_E_w_muon     = +0.0000 (0.0%)
    L_E_w_electron = +0.0000 (0.0%)
Returning 2.657343864440918
[rank 0] epoch=68 train_batch=500/12500 loss=2.336585
[rank 0] epoch=68 train_batch=1000/12500 loss=2.407813
[rank 0] epoch=68 train_batch=1500/12500 loss=2.709628
[rank 0] epoch=68 train_batch=2000/12500 loss=2.269263
[rank 0] epoch=68 train_batch=2500/12500 loss=2.417957
[rank 0] epoch=68 train_batch=3000/12500 loss=2.392629
[rank 0] epoch=68 train_batch=3500/12500 loss=2.401569
[rank 0] epoch=68 train_batch=4000/12500 loss=2.316057
[rank 0] epoch=68 train_batch=4500/12500 loss=2.386090
[rank 0] epoch=68 train_batch=5000/12500 loss=2.434151
[rank 0] epoch=68 train_batch=5500/12500 loss=2.570951
[rank 0] epoch=68 train_batch=6000/12500 loss=2.272537
[rank 0] epoch=68 train_batch=6500/12500 loss=2.394288
[rank 0] epoch=68 train_batch=7000/12500 loss=2.367343
[rank 0] epoch=68 train_batch=7500/12500 loss=2.460002
[rank 0] epoch=68 train_batch=8000/12500 loss=2.743604
[rank 0] epoch=68 train_batch=8500/12500 loss=2.196125
[rank 0] epoch=68 train_batch=9000/12500 loss=2.612731
[rank 0] epoch=68 train_batch=9500/12500 loss=2.577494
[rank 0] epoch=68 train_batch=10000/12500 loss=2.439330
[rank 0] epoch=68 train_batch=10500/12500 loss=2.393679
[rank 0] epoch=68 train_batch=11000/12500 loss=2.372383
[rank 0] epoch=68 train_batch=11500/12500 loss=2.536664
[rank 0] epoch=68 train_batch=12000/12500 loss=2.357071
[rank 0] epoch=68 train_batch=12500/12500 loss=2.416187
[rank 0] epoch=68 train_batch=13000/12500 loss=2.432101
[rank 0] epoch=68 train_batch=13500/12500 loss=2.456557
[rank 0] epoch=68 train_batch=14000/12500 loss=2.114260
[rank 0] epoch=68 train_batch=14500/12500 loss=2.414909
[rank 0] epoch=68 train_batch=15000/12500 loss=2.276696
[rank 0] epoch=68 train_batch=15500/12500 loss=2.449627
[rank 0] epoch=68 train_batch=16000/12500 loss=2.571635
[rank 0] epoch=68 train_batch=16500/12500 loss=2.505459
[rank 0] epoch=68 train_batch=17000/12500 loss=2.406445
[rank 0] epoch=68 train_batch=17500/12500 loss=2.483563
[rank 0] epoch=68 train_batch=18000/12500 loss=2.356950
[rank 0] epoch=68 train_batch=18500/12500 loss=2.332574
[rank 0] epoch=68 train_batch=19000/12500 loss=2.614774
[rank 0] epoch=68 train_batch=19500/12500 loss=2.514132
[rank 0] epoch=68 train_batch=20000/12500 loss=2.260139
[rank 0] epoch=68 train_batch=20500/12500 loss=2.728692
[rank 0] epoch=68 train_batch=21000/12500 loss=2.730883
[rank 0] epoch=68 train_batch=21500/12500 loss=2.611553
[rank 0] epoch=68 train_batch=22000/12500 loss=2.291951
[rank 0] epoch=68 train_batch=22500/12500 loss=2.404037
[rank 0] epoch=68 train_batch=23000/12500 loss=2.390229
[rank 0] epoch=68 train_batch=23500/12500 loss=2.469396
[rank 0] epoch=68 train_batch=24000/12500 loss=2.361566
[rank 0] epoch=68 train_batch=24500/12500 loss=2.674272
[rank 0] epoch=68 train_batch=25000/12500 loss=2.519218
Training epoch 68
[1.60608456e+00 5.53343079e-02 1.53908960e+00 3.33009324e-02
 1.22814851e-01 2.35666455e-08 3.72966325e-01 3.07212945e-02
 7.55784150e-01 6.91894536e-08 6.70148594e-01 3.09092234e-01
 3.47414639e+00 2.48934288e-01 8.62883640e-01 2.31362743e-01
 3.05494870e+00 2.56578111e-01 4.00678259e+00 6.99282293e-02
 2.36039266e-01 9.91120541e-02 5.65431483e-01 8.94957302e-08
 5.33997767e-01 8.81537668e-02 9.51680454e-01 1.41912351e-07
 2.50732384e-01 8.05968831e-02 9.90454180e-01 6.40843066e-02
 3.03595659e-01 1.13026790e-01 8.62735922e-01 9.50592853e-02
 1.80062516e+00 3.78207648e-02 8.18516991e-02 4.06360599e-02
 5.47540631e-01 1.22842054e-07 4.90362006e-01 1.94282518e-02
 7.60461740e-01 1.42560006e-08 1.92888184e-01 1.09474474e-01
 8.75022505e-01 6.90442092e-02 5.04031862e-01 1.48982545e-01
 8.50058213e-01 9.58966987e-02 1.61375255e+00 2.36817088e-02
 2.45085848e-01 4.06478294e-02 1.43515481e+00 5.04698520e-08
 6.04352168e-01 2.18039794e-02 1.01091387e+00 4.53742943e-08
 1.68606749e-01 1.15834841e-01 9.61873090e-01 6.72696240e-02
 3.88797746e-01 1.86410593e-01 1.03744417e+00 1.05031719e-01
 1.03031001e+00 2.65665390e-02 2.71736210e-01 3.11860044e-02
 1.21295801e+00 1.64819375e-02 3.29652123e-01 1.84600967e-01
 1.31091010e+00 9.91034400e-02 8.18190830e-01 1.74593106e-01
 2.29327915e+00 7.59393173e-02 3.35336881e+00 6.14058022e-01
 6.32771747e+00 3.87470867e-01 3.46310310e+00 1.32673590e+00
 6.89480883e+00 5.28999958e-01 5.75815808e+01 4.46215659e-01
 4.50468051e+01 9.66375653e+00]
train  L_V                   = +0.3168 (21.9%)
 train    L_V_attractive      = +0.1088 (7.5%)
 train      L_V_attractive_charged      = +0.0958 (6.6%)
 train      L_V_attractive_neutral      = +0.0130 (0.9%)
 train    L_V_repulsive       = +0.2079 (14.4%)
 train      L_V_repulsive_charged       = +0.0911 (6.3%)
 train      L_V_repulsive_neutral       = +0.1169 (8.1%)
 train    L_charged_cluster   = +0.0000 (0.0%)
 train  L_beta              = +0.1008 (7.0%)
 train    L_beta_noise        = +0.0000 (0.0%)
 train    L_beta_sig          = -0.4785 (-33.1%)
 train    L_beta_suppress     = +0.0000 (0.0%)
 train    L_beta_track        = +0.5793 (40.0%)
 train      L_beta_norms_term   = -0.5532 (-38.2%)
 train      L_beta_logbeta_term = +0.0747 (5.2%)
 train  L_E   = +1.0296 (71.1%)
 train    L_E_charge = +0.0000 (0.0%)
 train    L_E_cond = +0.5162 (35.7%)
 train    L_E_cluster = +0.5134 (35.5%)
 train    L_E_w_photon   = +0.0000 (0.0%)
 train    L_E_w_charged_hadron   = +0.0000 (0.0%)
 train    L_E_w_neutral_hadron   = +0.0000 (0.0%)
 train    L_E_w_muon     = +0.0000 (0.0%)
 train    L_E_w_electron = +0.0000 (0.0%)
learning rate :  [0.00019945246344205893, 0.0001978158526933439, 0.00019510809880370062, 0.00019135886849137794, 0.00018660923910825467, 0.000180911248587776, 0.00017432732530646558, 0.00016692960410556788, 0.0001587991359666327, 0.000150025, 0.00014070332747542625, 0.000130936248587776, 0.00012083077349723503, 0.00011049761990360197, 0.00010005, 8.960238009639805e-05, 7.926922650276498e-05, 6.916375141222402e-05, 5.939667252457379e-05, 5.0075000000000025e-05, 4.130086403336732e-05, 3.3170395894432155e-05, 2.5772674693534433e-05, 1.9188751412224014e-05, 1.3490760891745352e-05, 8.741131508622033e-06, 4.991901196299404e-06, 2.284147306656121e-06, 6.475365579410847e-07, 1e-07, 0.0001995474186611798, 0.00019819377329140754, 0.00019595132271276903, 0.00019284037490495648, 0.00018888910309305962, 0.00018413329060647658, 0.0001786160068195416, 0.00017238721710860177, 0.00016550333035783126, 0.00015802668811164128, 0.000150025, 0.00014157073054953858, 0.00013274044293357632, 0.00012361410560416728, 0.00011427436808541487, 0.00010480581248658307, 9.529418751341697e-05, 8.582563191458516e-05, 7.648589439583274e-05, 6.735955706642371e-05, 5.852926945046146e-05, 5.0075000000000025e-05, 4.207331188835876e-05, 3.459666964216877e-05, 2.7712782891398233e-05, 2.148399318045841e-05, 1.596670939352343e-05, 1.121089690694041e-05, 7.259625095043547e-06, 4.1486772872309995e-06, 1.9062267085924648e-06, 5.525813388201954e-07, 1e-07, 0.00019963992897982554, 0.00019856231023925348, 0.00019677490804600323, 0.00019429060067383536, 0.00019112728761429417, 0.00018730776061046076]
train loss :  2.4471383094787598
[rank 0] epoch=68 valid_batch=500/1563
[rank 0] epoch=68 valid_batch=1000/1563
[rank 0] epoch=68 valid_batch=1500/1563
[rank 0] epoch=68 valid_batch=2000/1563
[rank 0] epoch=68 valid_batch=2500/1563
[rank 0] epoch=68 valid_batch=3000/1563
test   L_V                   = +0.3486 (25.4%)
    L_V_attractive      = +0.1109 (8.1%)
      L_V_attractive_charged      = +0.0911 (6.6%)
      L_V_attractive_neutral      = +0.0198 (1.4%)
    L_V_repulsive       = +0.2377 (17.3%)
      L_V_repulsive_charged       = +0.1061 (7.7%)
      L_V_repulsive_neutral       = +0.1316 (9.6%)
    L_charged_cluster   = +0.0000 (0.0%)
  L_beta              = +0.1152 (8.4%)
    L_beta_noise        = +0.0000 (0.0%)
    L_beta_sig          = -0.4638 (-33.8%)
    L_beta_suppress     = +0.0000 (0.0%)
    L_beta_track        = +0.5790 (42.2%)
      L_beta_norms_term   = -0.5401 (-39.3%)
      L_beta_logbeta_term = +0.0763 (5.6%)
  L_E   = +0.9093 (66.2%)
    L_E_charge = +0.0000 (0.0%)
    L_E_cond = +0.4996 (36.4%)
    L_E_cluster = +0.4097 (29.8%)
    L_E_w_photon   = +0.0000 (0.0%)
    L_E_w_charged_hadron   = +0.0000 (0.0%)
    L_E_w_neutral_hadron   = +0.0000 (0.0%)
    L_E_w_muon     = +0.0000 (0.0%)
    L_E_w_electron = +0.0000 (0.0%)
Returning 2.3730673789978027
[rank 0] epoch=69 train_batch=500/12500 loss=2.518898
[rank 0] epoch=69 train_batch=1000/12500 loss=2.381298
[rank 0] epoch=69 train_batch=1500/12500 loss=2.382679
[rank 0] epoch=69 train_batch=2000/12500 loss=2.418977
[rank 0] epoch=69 train_batch=2500/12500 loss=2.717129
[rank 0] epoch=69 train_batch=3000/12500 loss=2.715484
[rank 0] epoch=69 train_batch=3500/12500 loss=2.478784
[rank 0] epoch=69 train_batch=4000/12500 loss=2.613105
[rank 0] epoch=69 train_batch=4500/12500 loss=2.222960
[rank 0] epoch=69 train_batch=5000/12500 loss=2.333584
[rank 0] epoch=69 train_batch=5500/12500 loss=2.304490
[rank 0] epoch=69 train_batch=6000/12500 loss=2.399216
[rank 0] epoch=69 train_batch=6500/12500 loss=2.274915
[rank 0] epoch=69 train_batch=7000/12500 loss=2.523515
[rank 0] epoch=69 train_batch=7500/12500 loss=2.335675
[rank 0] epoch=69 train_batch=8000/12500 loss=2.420260
[rank 0] epoch=69 train_batch=8500/12500 loss=2.243808
[rank 0] epoch=69 train_batch=9000/12500 loss=2.620010
[rank 0] epoch=69 train_batch=9500/12500 loss=2.357403
[rank 0] epoch=69 train_batch=10000/12500 loss=2.234372
[rank 0] epoch=69 train_batch=10500/12500 loss=2.321767
[rank 0] epoch=69 train_batch=11000/12500 loss=2.344482
[rank 0] epoch=69 train_batch=11500/12500 loss=2.452258
[rank 0] epoch=69 train_batch=12000/12500 loss=2.258825
[rank 0] epoch=69 train_batch=12500/12500 loss=2.330103
[rank 0] epoch=69 train_batch=13000/12500 loss=2.390933
[rank 0] epoch=69 train_batch=13500/12500 loss=2.637994
[rank 0] epoch=69 train_batch=14000/12500 loss=2.449342
[rank 0] epoch=69 train_batch=14500/12500 loss=2.415430
[rank 0] epoch=69 train_batch=15000/12500 loss=2.042370
[rank 0] epoch=69 train_batch=15500/12500 loss=2.424133
[rank 0] epoch=69 train_batch=16000/12500 loss=2.178757
[rank 0] epoch=69 train_batch=16500/12500 loss=2.305606
[rank 0] epoch=69 train_batch=17000/12500 loss=2.395385
[rank 0] epoch=69 train_batch=17500/12500 loss=2.512578
[rank 0] epoch=69 train_batch=18000/12500 loss=2.392397
[rank 0] epoch=69 train_batch=18500/12500 loss=2.377392
[rank 0] epoch=69 train_batch=19000/12500 loss=2.534387
[rank 0] epoch=69 train_batch=19500/12500 loss=2.419451
[rank 0] epoch=69 train_batch=20000/12500 loss=2.371920
[rank 0] epoch=69 train_batch=20500/12500 loss=2.299577
[rank 0] epoch=69 train_batch=21000/12500 loss=2.383866
[rank 0] epoch=69 train_batch=21500/12500 loss=2.271634
[rank 0] epoch=69 train_batch=22000/12500 loss=2.400148
[rank 0] epoch=69 train_batch=22500/12500 loss=2.388608
[rank 0] epoch=69 train_batch=23000/12500 loss=2.424914
[rank 0] epoch=69 train_batch=23500/12500 loss=2.344906
[rank 0] epoch=69 train_batch=24000/12500 loss=2.318931
[rank 0] epoch=69 train_batch=24500/12500 loss=2.441092
[rank 0] epoch=69 train_batch=25000/12500 loss=2.447109
Training epoch 69
[1.70489563e+00 6.35186940e-02 1.56434477e+00 3.62417025e-02
 1.42217102e-01 2.33952076e-08 3.82405521e-01 3.22759492e-02
 7.78559160e-01 6.12484510e-08 6.62697789e-01 3.16498242e-01
 3.41975651e+00 2.54058417e-01 8.93753252e-01 2.35213199e-01
 3.03455406e+00 2.53510932e-01 4.06227131e+00 7.35495983e-02
 2.31255028e-01 1.00029420e-01 5.38116700e-01 8.34050298e-08
 5.20246855e-01 8.61267686e-02 9.37094357e-01 1.19289713e-07
 2.51117843e-01 8.11555405e-02 9.74975737e-01 6.39359356e-02
 3.17950608e-01 1.16433592e-01 8.40156578e-01 9.84787321e-02
 1.78283763e+00 3.61810999e-02 7.89554974e-02 3.73994126e-02
 5.68882525e-01 1.04444850e-07 4.59561089e-01 1.84935998e-02
 7.66762374e-01 1.37497333e-08 1.92400288e-01 1.05247062e-01
 8.51732938e-01 6.41216236e-02 5.40548231e-01 1.53608257e-01
 8.36272061e-01 9.80778703e-02 1.57228033e+00 2.33251744e-02
 2.55806462e-01 3.46015789e-02 1.45440946e+00 4.76805503e-08
 6.10011269e-01 1.83679675e-02 1.01960854e+00 4.52785499e-08
 1.67654106e-01 1.11596350e-01 9.77457970e-01 6.68075991e-02
 4.04463506e-01 1.83437682e-01 1.03180861e+00 1.05650266e-01
 1.02493193e+00 2.63847506e-02 2.69668152e-01 2.92294082e-02
 1.19434492e+00 1.60423236e-02 3.28914603e-01 1.82484384e-01
 1.30803478e+00 9.86979354e-02 8.15205617e-01 1.98779461e-01
 2.25120787e+00 8.38797644e-02 3.08044806e+00 6.36478562e-01
 6.21365636e+00 4.03213005e-01 3.69292284e+00 1.46934374e+00
 7.98117859e+00 6.08167740e-01 6.68130869e+01 5.09510119e-01
 4.36587233e+01 9.55929021e+00]
train  L_V                   = +0.3156 (22.4%)
 train    L_V_attractive      = +0.1082 (7.7%)
 train      L_V_attractive_charged      = +0.0955 (6.8%)
 train      L_V_attractive_neutral      = +0.0127 (0.9%)
 train    L_V_repulsive       = +0.2074 (14.7%)
 train      L_V_repulsive_charged       = +0.0906 (6.4%)
 train      L_V_repulsive_neutral       = +0.1167 (8.3%)
 train    L_charged_cluster   = +0.0000 (0.0%)
 train  L_beta              = +0.0965 (6.8%)
 train    L_beta_noise        = +0.0000 (0.0%)
 train    L_beta_sig          = -0.4825 (-34.2%)
 train    L_beta_suppress     = +0.0000 (0.0%)
 train    L_beta_track        = +0.5790 (41.1%)
 train      L_beta_norms_term   = -0.5565 (-39.5%)
 train      L_beta_logbeta_term = +0.0740 (5.3%)
 train  L_E   = +0.9971 (70.8%)
 train    L_E_charge = +0.0000 (0.0%)
 train    L_E_cond = +0.5119 (36.3%)
 train    L_E_cluster = +0.4853 (34.4%)
 train    L_E_w_photon   = +0.0000 (0.0%)
 train    L_E_w_charged_hadron   = +0.0000 (0.0%)
 train    L_E_w_neutral_hadron   = +0.0000 (0.0%)
 train    L_E_w_muon     = +0.0000 (0.0%)
 train    L_E_w_electron = +0.0000 (0.0%)
learning rate :  [0.00019945246344205893, 0.0001978158526933439, 0.00019510809880370062, 0.00019135886849137794, 0.00018660923910825467, 0.000180911248587776, 0.00017432732530646558, 0.00016692960410556788, 0.0001587991359666327, 0.000150025, 0.00014070332747542625, 0.000130936248587776, 0.00012083077349723503, 0.00011049761990360197, 0.00010005, 8.960238009639805e-05, 7.926922650276498e-05, 6.916375141222402e-05, 5.939667252457379e-05, 5.0075000000000025e-05, 4.130086403336732e-05, 3.3170395894432155e-05, 2.5772674693534433e-05, 1.9188751412224014e-05, 1.3490760891745352e-05, 8.741131508622033e-06, 4.991901196299404e-06, 2.284147306656121e-06, 6.475365579410847e-07, 1e-07, 0.0001995474186611798, 0.00019819377329140754, 0.00019595132271276903, 0.00019284037490495648, 0.00018888910309305962, 0.00018413329060647658, 0.0001786160068195416, 0.00017238721710860177, 0.00016550333035783126, 0.00015802668811164128, 0.000150025, 0.00014157073054953858, 0.00013274044293357632, 0.00012361410560416728, 0.00011427436808541487, 0.00010480581248658307, 9.529418751341697e-05, 8.582563191458516e-05, 7.648589439583274e-05, 6.735955706642371e-05, 5.852926945046146e-05, 5.0075000000000025e-05, 4.207331188835876e-05, 3.459666964216877e-05, 2.7712782891398233e-05, 2.148399318045841e-05, 1.596670939352343e-05, 1.121089690694041e-05, 7.259625095043547e-06, 4.1486772872309995e-06, 1.9062267085924648e-06, 5.525813388201954e-07, 1e-07, 0.00019963992897982554, 0.00019856231023925348, 0.00019677490804600323, 0.00019429060067383536, 0.00019112728761429417, 0.00018730776061046076, 0.00018285953944192205]
train loss :  2.4092979431152344
[rank 0] epoch=69 valid_batch=500/1563
[rank 0] epoch=69 valid_batch=1000/1563
[rank 0] epoch=69 valid_batch=1500/1563
[rank 0] epoch=69 valid_batch=2000/1563
[rank 0] epoch=69 valid_batch=2500/1563
[rank 0] epoch=69 valid_batch=3000/1563
test   L_V                   = +0.3720 (26.6%)
    L_V_attractive      = +0.1200 (8.6%)
      L_V_attractive_charged      = +0.1027 (7.3%)
      L_V_attractive_neutral      = +0.0174 (1.2%)
    L_V_repulsive       = +0.2519 (18.0%)
      L_V_repulsive_charged       = +0.1060 (7.6%)
      L_V_repulsive_neutral       = +0.1459 (10.4%)
    L_charged_cluster   = +0.0000 (0.0%)
  L_beta              = +0.0484 (3.5%)
    L_beta_noise        = +0.0000 (0.0%)
    L_beta_sig          = -0.5291 (-37.8%)
    L_beta_suppress     = +0.0000 (0.0%)
    L_beta_track        = +0.5775 (41.2%)
      L_beta_norms_term   = -0.5912 (-42.2%)
      L_beta_logbeta_term = +0.0621 (4.4%)
  L_E   = +0.9805 (70.0%)
    L_E_charge = +0.0000 (0.0%)
    L_E_cond = +0.5720 (40.8%)
    L_E_cluster = +0.4085 (29.2%)
    L_E_w_photon   = +0.0000 (0.0%)
    L_E_w_charged_hadron   = +0.0000 (0.0%)
    L_E_w_neutral_hadron   = +0.0000 (0.0%)
    L_E_w_muon     = +0.0000 (0.0%)
    L_E_w_electron = +0.0000 (0.0%)
Returning 2.4008612632751465
[rank 0] epoch=70 train_batch=500/12500 loss=2.387141
[rank 0] epoch=70 train_batch=1000/12500 loss=2.238342
[rank 0] epoch=70 train_batch=1500/12500 loss=2.282957
[rank 0] epoch=70 train_batch=2000/12500 loss=2.433431
[rank 0] epoch=70 train_batch=2500/12500 loss=2.156885
[rank 0] epoch=70 train_batch=3000/12500 loss=2.664167
[rank 0] epoch=70 train_batch=3500/12500 loss=2.336332
[rank 0] epoch=70 train_batch=4000/12500 loss=2.367970
[rank 0] epoch=70 train_batch=4500/12500 loss=2.479140
[rank 0] epoch=70 train_batch=5000/12500 loss=2.386123
[rank 0] epoch=70 train_batch=5500/12500 loss=2.448307
[rank 0] epoch=70 train_batch=6000/12500 loss=2.437357
[rank 0] epoch=70 train_batch=6500/12500 loss=2.378958
[rank 0] epoch=70 train_batch=7000/12500 loss=2.381413
[rank 0] epoch=70 train_batch=7500/12500 loss=2.754433
[rank 0] epoch=70 train_batch=8000/12500 loss=2.373563
[rank 0] epoch=70 train_batch=8500/12500 loss=2.254203
[rank 0] epoch=70 train_batch=9000/12500 loss=2.499512
[rank 0] epoch=70 train_batch=9500/12500 loss=2.551706
[rank 0] epoch=70 train_batch=10000/12500 loss=2.229588
[rank 0] epoch=70 train_batch=10500/12500 loss=2.305605
[rank 0] epoch=70 train_batch=11000/12500 loss=2.380235
[rank 0] epoch=70 train_batch=11500/12500 loss=2.383425
[rank 0] epoch=70 train_batch=12000/12500 loss=2.291217
[rank 0] epoch=70 train_batch=12500/12500 loss=2.524767
[rank 0] epoch=70 train_batch=13000/12500 loss=2.338522
[rank 0] epoch=70 train_batch=13500/12500 loss=2.289941
[rank 0] epoch=70 train_batch=14000/12500 loss=2.316422
[rank 0] epoch=70 train_batch=14500/12500 loss=2.301079
[rank 0] epoch=70 train_batch=15000/12500 loss=2.219299
[rank 0] epoch=70 train_batch=15500/12500 loss=2.590071
[rank 0] epoch=70 train_batch=16000/12500 loss=2.228956
[rank 0] epoch=70 train_batch=16500/12500 loss=2.558237
[rank 0] epoch=70 train_batch=17000/12500 loss=2.735013
[rank 0] epoch=70 train_batch=17500/12500 loss=2.843811
[rank 0] epoch=70 train_batch=18000/12500 loss=2.473895
[rank 0] epoch=70 train_batch=18500/12500 loss=2.315385
[rank 0] epoch=70 train_batch=19000/12500 loss=2.374352
[rank 0] epoch=70 train_batch=19500/12500 loss=2.471808
[rank 0] epoch=70 train_batch=20000/12500 loss=2.416744
[rank 0] epoch=70 train_batch=20500/12500 loss=2.296461
[rank 0] epoch=70 train_batch=21000/12500 loss=2.314934
[rank 0] epoch=70 train_batch=21500/12500 loss=2.332238
[rank 0] epoch=70 train_batch=22000/12500 loss=2.160525
[rank 0] epoch=70 train_batch=22500/12500 loss=2.595513
[rank 0] epoch=70 train_batch=23000/12500 loss=2.421572
[rank 0] epoch=70 train_batch=23500/12500 loss=2.284480
[rank 0] epoch=70 train_batch=24000/12500 loss=2.538692
[rank 0] epoch=70 train_batch=24500/12500 loss=2.410694
[rank 0] epoch=70 train_batch=25000/12500 loss=2.432979
Training epoch 70
[1.76827679e+00 6.78786418e-02 1.61058569e+00 3.94848578e-02
 1.63581753e-01 2.68725927e-08 3.99736674e-01 3.44347151e-02
 8.03535373e-01 5.94795626e-08 6.73452089e-01 3.24564534e-01
 3.42564470e+00 2.59179491e-01 9.26441096e-01 2.41678933e-01
 3.14261120e+00 2.63398926e-01 4.04450707e+00 6.41230876e-02
 2.44777311e-01 1.07166467e-01 5.75540262e-01 8.42265289e-08
 5.36042074e-01 9.17752604e-02 9.80465419e-01 1.15162490e-07
 2.53053134e-01 8.29005858e-02 9.63889352e-01 6.50659014e-02
 3.21011015e-01 1.20384487e-01 8.50311946e-01 1.02270780e-01
 1.83092205e+00 3.42453274e-02 8.32274308e-02 3.73976701e-02
 6.12579850e-01 1.04983587e-07 4.74031308e-01 1.93110961e-02
 7.60609102e-01 1.45200608e-08 2.01696945e-01 1.06964399e-01
 8.62712045e-01 6.52069243e-02 5.84707028e-01 1.60962729e-01
 8.55631542e-01 1.02301197e-01 1.57241706e+00 2.31404408e-02
 2.52880999e-01 3.18386558e-02 1.45864757e+00 4.93583378e-08
 6.29139623e-01 1.70350714e-02 1.03451710e+00 5.05552961e-08
 1.72547459e-01 1.19858567e-01 1.00531298e+00 7.08574655e-02
 4.29719611e-01 1.81917813e-01 1.05676354e+00 1.01948686e-01
 1.05019180e+00 2.62778703e-02 2.95263647e-01 3.03923109e-02
 1.24552559e+00 1.70491509e-02 3.45998157e-01 1.81282122e-01
 1.35567577e+00 1.02283813e-01 8.17938161e-01 1.98683557e-01
 2.31509676e+00 8.01396672e-02 3.49354652e+00 6.62036433e-01
 6.61904369e+00 4.21090116e-01 3.72508234e+00 1.35697777e+00
 7.19189836e+00 4.88795283e-01 7.91539018e+01 5.12186941e-01
 4.46944420e+01 9.71254298e+00]
train  L_V                   = +0.3098 (21.9%)
 train    L_V_attractive      = +0.1064 (7.5%)
 train      L_V_attractive_charged      = +0.0937 (6.6%)
 train      L_V_attractive_neutral      = +0.0127 (0.9%)
 train    L_V_repulsive       = +0.2034 (14.4%)
 train      L_V_repulsive_charged       = +0.0886 (6.3%)
 train      L_V_repulsive_neutral       = +0.1147 (8.1%)
 train    L_charged_cluster   = +0.0000 (0.0%)
 train  L_beta              = +0.0858 (6.1%)
 train    L_beta_noise        = +0.0000 (0.0%)
 train    L_beta_sig          = -0.4929 (-34.8%)
 train    L_beta_suppress     = +0.0000 (0.0%)
 train    L_beta_track        = +0.5787 (40.9%)
 train      L_beta_norms_term   = -0.5662 (-40.0%)
 train      L_beta_logbeta_term = +0.0733 (5.2%)
 train  L_E   = +1.0198 (72.0%)
 train    L_E_charge = +0.0000 (0.0%)
 train    L_E_cond = +0.5126 (36.2%)
 train    L_E_cluster = +0.5071 (35.8%)
 train    L_E_w_photon   = +0.0000 (0.0%)
 train    L_E_w_charged_hadron   = +0.0000 (0.0%)
 train    L_E_w_neutral_hadron   = +0.0000 (0.0%)
 train    L_E_w_muon     = +0.0000 (0.0%)
 train    L_E_w_electron = +0.0000 (0.0%)
learning rate :  [0.00019945246344205893, 0.0001978158526933439, 0.00019510809880370062, 0.00019135886849137794, 0.00018660923910825467, 0.000180911248587776, 0.00017432732530646558, 0.00016692960410556788, 0.0001587991359666327, 0.000150025, 0.00014070332747542625, 0.000130936248587776, 0.00012083077349723503, 0.00011049761990360197, 0.00010005, 8.960238009639805e-05, 7.926922650276498e-05, 6.916375141222402e-05, 5.939667252457379e-05, 5.0075000000000025e-05, 4.130086403336732e-05, 3.3170395894432155e-05, 2.5772674693534433e-05, 1.9188751412224014e-05, 1.3490760891745352e-05, 8.741131508622033e-06, 4.991901196299404e-06, 2.284147306656121e-06, 6.475365579410847e-07, 1e-07, 0.0001995474186611798, 0.00019819377329140754, 0.00019595132271276903, 0.00019284037490495648, 0.00018888910309305962, 0.00018413329060647658, 0.0001786160068195416, 0.00017238721710860177, 0.00016550333035783126, 0.00015802668811164128, 0.000150025, 0.00014157073054953858, 0.00013274044293357632, 0.00012361410560416728, 0.00011427436808541487, 0.00010480581248658307, 9.529418751341697e-05, 8.582563191458516e-05, 7.648589439583274e-05, 6.735955706642371e-05, 5.852926945046146e-05, 5.0075000000000025e-05, 4.207331188835876e-05, 3.459666964216877e-05, 2.7712782891398233e-05, 2.148399318045841e-05, 1.596670939352343e-05, 1.121089690694041e-05, 7.259625095043547e-06, 4.1486772872309995e-06, 1.9062267085924648e-06, 5.525813388201954e-07, 1e-07, 0.00019963992897982554, 0.00019856231023925348, 0.00019677490804600323, 0.00019429060067383536, 0.00019112728761429417, 0.00018730776061046076, 0.00018285953944192205, 0.00017781467364412804]
train loss :  2.4153990745544434
[rank 0] epoch=70 valid_batch=500/1563
[rank 0] epoch=70 valid_batch=1000/1563
[rank 0] epoch=70 valid_batch=1500/1563
[rank 0] epoch=70 valid_batch=2000/1563
[rank 0] epoch=70 valid_batch=2500/1563
[rank 0] epoch=70 valid_batch=3000/1563
test   L_V                   = +0.3316 (23.8%)
    L_V_attractive      = +0.1085 (7.8%)
      L_V_attractive_charged      = +0.0953 (6.8%)
      L_V_attractive_neutral      = +0.0131 (0.9%)
    L_V_repulsive       = +0.2232 (16.0%)
      L_V_repulsive_charged       = +0.0985 (7.1%)
      L_V_repulsive_neutral       = +0.1246 (8.9%)
    L_charged_cluster   = +0.0000 (0.0%)
  L_beta              = +0.0723 (5.2%)
    L_beta_noise        = +0.0000 (0.0%)
    L_beta_sig          = -0.5062 (-36.3%)
    L_beta_suppress     = +0.0000 (0.0%)
    L_beta_track        = +0.5784 (41.4%)
      L_beta_norms_term   = -0.5781 (-41.4%)
      L_beta_logbeta_term = +0.0720 (5.2%)
  L_E   = +0.9922 (71.1%)
    L_E_charge = +0.0000 (0.0%)
    L_E_cond = +0.4699 (33.7%)
    L_E_cluster = +0.5223 (37.4%)
    L_E_w_photon   = +0.0000 (0.0%)
    L_E_w_charged_hadron   = +0.0000 (0.0%)
    L_E_w_neutral_hadron   = +0.0000 (0.0%)
    L_E_w_muon     = +0.0000 (0.0%)
    L_E_w_electron = +0.0000 (0.0%)
Returning 2.396089792251587
[rank 0] epoch=71 train_batch=500/12500 loss=2.510627
[rank 0] epoch=71 train_batch=1000/12500 loss=2.269626
[rank 0] epoch=71 train_batch=1500/12500 loss=2.313874
[rank 0] epoch=71 train_batch=2000/12500 loss=2.212621
[rank 0] epoch=71 train_batch=2500/12500 loss=2.510270
[rank 0] epoch=71 train_batch=3000/12500 loss=2.701365
[rank 0] epoch=71 train_batch=3500/12500 loss=2.408279
[rank 0] epoch=71 train_batch=4000/12500 loss=2.270038
[rank 0] epoch=71 train_batch=4500/12500 loss=2.393143
[rank 0] epoch=71 train_batch=5000/12500 loss=2.303086
[rank 0] epoch=71 train_batch=5500/12500 loss=2.397168
[rank 0] epoch=71 train_batch=6000/12500 loss=2.633792
[rank 0] epoch=71 train_batch=6500/12500 loss=2.402610
[rank 0] epoch=71 train_batch=7000/12500 loss=2.521305
[rank 0] epoch=71 train_batch=7500/12500 loss=2.269614
[rank 0] epoch=71 train_batch=8000/12500 loss=2.473716
[rank 0] epoch=71 train_batch=8500/12500 loss=2.264557
[rank 0] epoch=71 train_batch=9000/12500 loss=2.500651
[rank 0] epoch=71 train_batch=9500/12500 loss=2.369337
[rank 0] epoch=71 train_batch=10000/12500 loss=2.194898
[rank 0] epoch=71 train_batch=10500/12500 loss=2.143222
[rank 0] epoch=71 train_batch=11000/12500 loss=2.522641
[rank 0] epoch=71 train_batch=11500/12500 loss=2.545025
[rank 0] epoch=71 train_batch=12000/12500 loss=2.374146
[rank 0] epoch=71 train_batch=12500/12500 loss=2.334288
[rank 0] epoch=71 train_batch=13000/12500 loss=2.669458
[rank 0] epoch=71 train_batch=13500/12500 loss=2.474600
[rank 0] epoch=71 train_batch=14000/12500 loss=2.404434
[rank 0] epoch=71 train_batch=14500/12500 loss=2.397945
[rank 0] epoch=71 train_batch=15000/12500 loss=2.324564
[rank 0] epoch=71 train_batch=15500/12500 loss=2.464020
[rank 0] epoch=71 train_batch=16000/12500 loss=2.332013
[rank 0] epoch=71 train_batch=16500/12500 loss=2.741511
[rank 0] epoch=71 train_batch=17000/12500 loss=2.616527
[rank 0] epoch=71 train_batch=17500/12500 loss=2.594661
[rank 0] epoch=71 train_batch=18000/12500 loss=2.350991
[rank 0] epoch=71 train_batch=18500/12500 loss=2.520128
[rank 0] epoch=71 train_batch=19000/12500 loss=2.340564
[rank 0] epoch=71 train_batch=19500/12500 loss=2.459552
[rank 0] epoch=71 train_batch=20000/12500 loss=2.469163
[rank 0] epoch=71 train_batch=20500/12500 loss=2.714202
[rank 0] epoch=71 train_batch=21000/12500 loss=2.643576
[rank 0] epoch=71 train_batch=21500/12500 loss=2.622018
[rank 0] epoch=71 train_batch=22000/12500 loss=2.222162
[rank 0] epoch=71 train_batch=22500/12500 loss=2.323975
[rank 0] epoch=71 train_batch=23000/12500 loss=2.311095
[rank 0] epoch=71 train_batch=23500/12500 loss=2.587418
[rank 0] epoch=71 train_batch=24000/12500 loss=2.585311
[rank 0] epoch=71 train_batch=24500/12500 loss=2.258502
[rank 0] epoch=71 train_batch=25000/12500 loss=2.513822
Training epoch 71
[1.76808462e+00 7.07163926e-02 1.58061989e+00 4.28132660e-02
 1.97613620e-01 3.04563171e-08 4.31004934e-01 3.61950134e-02
 8.10192543e-01 5.79595988e-08 6.89609363e-01 3.19184227e-01
 3.43688886e+00 2.47938123e-01 9.51828927e-01 2.43942135e-01
 3.10119005e+00 2.60105617e-01 4.02268046e+00 6.43001511e-02
 2.39758105e-01 1.06258723e-01 5.31268482e-01 8.41361209e-08
 5.35421764e-01 9.58159853e-02 9.22389311e-01 1.09673252e-07
 2.47894510e-01 8.61376646e-02 9.37822142e-01 6.66164330e-02
 3.22019727e-01 1.26629683e-01 8.27624600e-01 1.06115506e-01
 1.74743988e+00 3.52973304e-02 8.48009370e-02 3.62870860e-02
 6.17740589e-01 1.06662361e-07 4.72107726e-01 1.91850849e-02
 7.30679415e-01 1.50090988e-08 2.02135709e-01 1.07646481e-01
 8.45396065e-01 6.58361648e-02 6.16755338e-01 1.62859605e-01
 8.40887964e-01 1.00242262e-01 1.53523481e+00 2.32282308e-02
 2.61102398e-01 2.99297044e-02 1.44423496e+00 5.01373539e-08
 6.25208718e-01 1.61407528e-02 1.04931353e+00 5.72190308e-08
 1.76787087e-01 1.23652964e-01 9.93066314e-01 7.14298136e-02
 4.33385423e-01 1.91885954e-01 1.03855581e+00 1.02074916e-01
 1.03756307e+00 2.64527104e-02 3.10748379e-01 3.15572056e-02
 1.20557789e+00 1.66431571e-02 3.38132334e-01 1.91724110e-01
 1.35611119e+00 1.06297727e-01 8.35449026e-01 1.99251867e-01
 2.32945198e+00 7.48776946e-02 3.82354437e+00 6.82934926e-01
 6.86299799e+00 4.33232966e-01 3.75209054e+00 1.29574679e+00
 7.10611777e+00 4.68806904e-01 7.41284570e+01 4.52403864e-01
 4.26509683e+01 9.70457266e+00]
train  L_V                   = +0.3084 (21.5%)
 train    L_V_attractive      = +0.1064 (7.4%)
 train      L_V_attractive_charged      = +0.0939 (6.5%)
 train      L_V_attractive_neutral      = +0.0125 (0.9%)
 train    L_V_repulsive       = +0.2020 (14.1%)
 train      L_V_repulsive_charged       = +0.0883 (6.2%)
 train      L_V_repulsive_neutral       = +0.1137 (7.9%)
 train    L_charged_cluster   = +0.0000 (0.0%)
 train  L_beta              = +0.0795 (5.5%)
 train    L_beta_noise        = +0.0000 (0.0%)
 train    L_beta_sig          = -0.4991 (-34.8%)
 train    L_beta_suppress     = +0.0000 (0.0%)
 train    L_beta_track        = +0.5786 (40.3%)
 train      L_beta_norms_term   = -0.5719 (-39.9%)
 train      L_beta_logbeta_term = +0.0727 (5.1%)
 train  L_E   = +1.0466 (73.0%)
 train    L_E_charge = +0.0000 (0.0%)
 train    L_E_cond = +0.5365 (37.4%)
 train    L_E_cluster = +0.5101 (35.6%)
 train    L_E_w_photon   = +0.0000 (0.0%)
 train    L_E_w_charged_hadron   = +0.0000 (0.0%)
 train    L_E_w_neutral_hadron   = +0.0000 (0.0%)
 train    L_E_w_muon     = +0.0000 (0.0%)
 train    L_E_w_electron = +0.0000 (0.0%)
learning rate :  [0.00019945246344205893, 0.0001978158526933439, 0.00019510809880370062, 0.00019135886849137794, 0.00018660923910825467, 0.000180911248587776, 0.00017432732530646558, 0.00016692960410556788, 0.0001587991359666327, 0.000150025, 0.00014070332747542625, 0.000130936248587776, 0.00012083077349723503, 0.00011049761990360197, 0.00010005, 8.960238009639805e-05, 7.926922650276498e-05, 6.916375141222402e-05, 5.939667252457379e-05, 5.0075000000000025e-05, 4.130086403336732e-05, 3.3170395894432155e-05, 2.5772674693534433e-05, 1.9188751412224014e-05, 1.3490760891745352e-05, 8.741131508622033e-06, 4.991901196299404e-06, 2.284147306656121e-06, 6.475365579410847e-07, 1e-07, 0.0001995474186611798, 0.00019819377329140754, 0.00019595132271276903, 0.00019284037490495648, 0.00018888910309305962, 0.00018413329060647658, 0.0001786160068195416, 0.00017238721710860177, 0.00016550333035783126, 0.00015802668811164128, 0.000150025, 0.00014157073054953858, 0.00013274044293357632, 0.00012361410560416728, 0.00011427436808541487, 0.00010480581248658307, 9.529418751341697e-05, 8.582563191458516e-05, 7.648589439583274e-05, 6.735955706642371e-05, 5.852926945046146e-05, 5.0075000000000025e-05, 4.207331188835876e-05, 3.459666964216877e-05, 2.7712782891398233e-05, 2.148399318045841e-05, 1.596670939352343e-05, 1.121089690694041e-05, 7.259625095043547e-06, 4.1486772872309995e-06, 1.9062267085924648e-06, 5.525813388201954e-07, 1e-07, 0.00019963992897982554, 0.00019856231023925348, 0.00019677490804600323, 0.00019429060067383536, 0.00019112728761429417, 0.00018730776061046076, 0.00018285953944192205, 0.00017781467364412804, 0.00017220951159075472]
train loss :  2.434391975402832
[rank 0] epoch=71 valid_batch=500/1563
[rank 0] epoch=71 valid_batch=1000/1563
[rank 0] epoch=71 valid_batch=1500/1563
[rank 0] epoch=71 valid_batch=2000/1563
[rank 0] epoch=71 valid_batch=2500/1563
[rank 0] epoch=71 valid_batch=3000/1563
test   L_V                   = +0.3487 (22.5%)
    L_V_attractive      = +0.1266 (8.2%)
      L_V_attractive_charged      = +0.1114 (7.2%)
      L_V_attractive_neutral      = +0.0152 (1.0%)
    L_V_repulsive       = +0.2221 (14.3%)
      L_V_repulsive_charged       = +0.0961 (6.2%)
      L_V_repulsive_neutral       = +0.1260 (8.1%)
    L_charged_cluster   = +0.0000 (0.0%)
  L_beta              = +0.0593 (3.8%)
    L_beta_noise        = +0.0000 (0.0%)
    L_beta_sig          = -0.5185 (-33.4%)
    L_beta_suppress     = +0.0000 (0.0%)
    L_beta_track        = +0.5778 (37.2%)
      L_beta_norms_term   = -0.5879 (-37.9%)
      L_beta_logbeta_term = +0.0694 (4.5%)
  L_E   = +1.1449 (73.7%)
    L_E_charge = +0.0000 (0.0%)
    L_E_cond = +0.6454 (41.6%)
    L_E_cluster = +0.4995 (32.2%)
    L_E_w_photon   = +0.0000 (0.0%)
    L_E_w_charged_hadron   = +0.0000 (0.0%)
    L_E_w_neutral_hadron   = +0.0000 (0.0%)
    L_E_w_muon     = +0.0000 (0.0%)
    L_E_w_electron = +0.0000 (0.0%)
Returning 2.5529370307922363
[rank 0] epoch=72 train_batch=500/12500 loss=2.277680
[rank 0] epoch=72 train_batch=1000/12500 loss=2.251279
[rank 0] epoch=72 train_batch=1500/12500 loss=2.457181
[rank 0] epoch=72 train_batch=2000/12500 loss=2.977233
[rank 0] epoch=72 train_batch=2500/12500 loss=2.229483
[rank 0] epoch=72 train_batch=3000/12500 loss=2.677878
[rank 0] epoch=72 train_batch=3500/12500 loss=2.572875
[rank 0] epoch=72 train_batch=4000/12500 loss=2.493805
[rank 0] epoch=72 train_batch=4500/12500 loss=2.302670
[rank 0] epoch=72 train_batch=5000/12500 loss=2.488984
[rank 0] epoch=72 train_batch=5500/12500 loss=2.680007
[rank 0] epoch=72 train_batch=6000/12500 loss=2.530538
[rank 0] epoch=72 train_batch=6500/12500 loss=2.511847
[rank 0] epoch=72 train_batch=7000/12500 loss=2.424885
[rank 0] epoch=72 train_batch=7500/12500 loss=2.343011
[rank 0] epoch=72 train_batch=8000/12500 loss=2.325944
[rank 0] epoch=72 train_batch=8500/12500 loss=2.232614
[rank 0] epoch=72 train_batch=9000/12500 loss=2.550585
[rank 0] epoch=72 train_batch=9500/12500 loss=2.679477
[rank 0] epoch=72 train_batch=10000/12500 loss=2.776087
[rank 0] epoch=72 train_batch=10500/12500 loss=2.647551
[rank 0] epoch=72 train_batch=11000/12500 loss=2.499944
[rank 0] epoch=72 train_batch=11500/12500 loss=2.497511
[rank 0] epoch=72 train_batch=12000/12500 loss=2.545990
[rank 0] epoch=72 train_batch=12500/12500 loss=2.441044
[rank 0] epoch=72 train_batch=13000/12500 loss=2.617118
[rank 0] epoch=72 train_batch=13500/12500 loss=2.435529
[rank 0] epoch=72 train_batch=14000/12500 loss=2.471733
[rank 0] epoch=72 train_batch=14500/12500 loss=2.610892
[rank 0] epoch=72 train_batch=15000/12500 loss=2.238343
[rank 0] epoch=72 train_batch=15500/12500 loss=2.490470
[rank 0] epoch=72 train_batch=16000/12500 loss=2.509221
[rank 0] epoch=72 train_batch=16500/12500 loss=2.536538
[rank 0] epoch=72 train_batch=17000/12500 loss=2.335754
[rank 0] epoch=72 train_batch=17500/12500 loss=2.286801
[rank 0] epoch=72 train_batch=18000/12500 loss=2.650038
[rank 0] epoch=72 train_batch=18500/12500 loss=2.477025
[rank 0] epoch=72 train_batch=19000/12500 loss=2.189273
[rank 0] epoch=72 train_batch=19500/12500 loss=2.302851
[rank 0] epoch=72 train_batch=20000/12500 loss=2.302732
[rank 0] epoch=72 train_batch=20500/12500 loss=2.560686
[rank 0] epoch=72 train_batch=21000/12500 loss=2.372748
[rank 0] epoch=72 train_batch=21500/12500 loss=2.302641
[rank 0] epoch=72 train_batch=22000/12500 loss=2.494626
[rank 0] epoch=72 train_batch=22500/12500 loss=2.258804
[rank 0] epoch=72 train_batch=23000/12500 loss=2.549302
[rank 0] epoch=72 train_batch=23500/12500 loss=2.532989
[rank 0] epoch=72 train_batch=24000/12500 loss=2.278184
[rank 0] epoch=72 train_batch=24500/12500 loss=2.420946
[rank 0] epoch=72 train_batch=25000/12500 loss=2.423236
Training epoch 72
[1.73697756e+00 7.15481403e-02 1.51168473e+00 4.11853970e-02
 2.01112855e-01 3.35275725e-08 4.30369489e-01 3.43976083e-02
 7.96656603e-01 5.52281412e-08 6.71366199e-01 3.11632271e-01
 3.28510665e+00 2.42460227e-01 9.39831627e-01 2.46285569e-01
 3.01401435e+00 2.50900280e-01 3.89023210e+00 5.78027727e-02
 2.24926953e-01 9.54927766e-02 5.43807296e-01 8.37510907e-08
 5.14734068e-01 8.49744254e-02 8.98384140e-01 1.00601192e-07
 2.41268350e-01 8.93152602e-02 9.02248454e-01 6.80140177e-02
 3.33375711e-01 1.30562760e-01 8.15161358e-01 1.08379436e-01
 1.70956934e+00 3.42696151e-02 8.18168764e-02 3.52917983e-02
 6.57043337e-01 1.05513740e-07 4.77661036e-01 1.92047437e-02
 7.04909594e-01 1.63473017e-08 1.99975492e-01 1.04144915e-01
 8.22214404e-01 6.12091285e-02 6.18580921e-01 1.58519735e-01
 8.04468446e-01 9.64904318e-02 1.50625819e+00 2.31534718e-02
 2.66286497e-01 2.84631738e-02 1.38253170e+00 4.98154860e-08
 6.20374371e-01 1.46527349e-02 1.04211476e+00 6.19857314e-08
 1.74557656e-01 1.21928543e-01 9.81269610e-01 6.91710430e-02
 4.22601771e-01 1.82219397e-01 9.90578397e-01 9.57942257e-02
 1.00861008e+00 2.60195311e-02 3.01987789e-01 3.11135084e-02
 1.17314898e+00 1.53076238e-02 3.30495087e-01 1.87970188e-01
 1.29865455e+00 1.02828439e-01 8.09739518e-01 1.95796872e-01
 2.22651184e+00 7.13863999e-02 3.83319801e+00 6.64871237e-01
 6.76133435e+00 4.13003599e-01 3.65210217e+00 1.35251848e+00
 7.27534527e+00 4.86426254e-01 8.06052732e+01 4.56326295e-01
 4.25391072e+01 9.89974973e+00]
train  L_V                   = +0.3052 (20.8%)
 train    L_V_attractive      = +0.1057 (7.2%)
 train      L_V_attractive_charged      = +0.0927 (6.3%)
 train      L_V_attractive_neutral      = +0.0129 (0.9%)
 train    L_V_repulsive       = +0.1995 (13.6%)
 train      L_V_repulsive_charged       = +0.0875 (6.0%)
 train      L_V_repulsive_neutral       = +0.1120 (7.6%)
 train    L_charged_cluster   = +0.0000 (0.0%)
 train  L_beta              = +0.0730 (5.0%)
 train    L_beta_noise        = +0.0000 (0.0%)
 train    L_beta_sig          = -0.5058 (-34.5%)
 train    L_beta_suppress     = +0.0000 (0.0%)
 train    L_beta_track        = +0.5788 (39.5%)
 train      L_beta_norms_term   = -0.5780 (-39.4%)
 train      L_beta_logbeta_term = +0.0722 (4.9%)
 train  L_E   = +1.0875 (74.2%)
 train    L_E_charge = +0.0000 (0.0%)
 train    L_E_cond = +0.5314 (36.3%)
 train    L_E_cluster = +0.5561 (37.9%)
 train    L_E_w_photon   = +0.0000 (0.0%)
 train    L_E_w_charged_hadron   = +0.0000 (0.0%)
 train    L_E_w_neutral_hadron   = +0.0000 (0.0%)
 train    L_E_w_muon     = +0.0000 (0.0%)
 train    L_E_w_electron = +0.0000 (0.0%)
learning rate :  [0.00019945246344205893, 0.0001978158526933439, 0.00019510809880370062, 0.00019135886849137794, 0.00018660923910825467, 0.000180911248587776, 0.00017432732530646558, 0.00016692960410556788, 0.0001587991359666327, 0.000150025, 0.00014070332747542625, 0.000130936248587776, 0.00012083077349723503, 0.00011049761990360197, 0.00010005, 8.960238009639805e-05, 7.926922650276498e-05, 6.916375141222402e-05, 5.939667252457379e-05, 5.0075000000000025e-05, 4.130086403336732e-05, 3.3170395894432155e-05, 2.5772674693534433e-05, 1.9188751412224014e-05, 1.3490760891745352e-05, 8.741131508622033e-06, 4.991901196299404e-06, 2.284147306656121e-06, 6.475365579410847e-07, 1e-07, 0.0001995474186611798, 0.00019819377329140754, 0.00019595132271276903, 0.00019284037490495648, 0.00018888910309305962, 0.00018413329060647658, 0.0001786160068195416, 0.00017238721710860177, 0.00016550333035783126, 0.00015802668811164128, 0.000150025, 0.00014157073054953858, 0.00013274044293357632, 0.00012361410560416728, 0.00011427436808541487, 0.00010480581248658307, 9.529418751341697e-05, 8.582563191458516e-05, 7.648589439583274e-05, 6.735955706642371e-05, 5.852926945046146e-05, 5.0075000000000025e-05, 4.207331188835876e-05, 3.459666964216877e-05, 2.7712782891398233e-05, 2.148399318045841e-05, 1.596670939352343e-05, 1.121089690694041e-05, 7.259625095043547e-06, 4.1486772872309995e-06, 1.9062267085924648e-06, 5.525813388201954e-07, 1e-07, 0.00019963992897982554, 0.00019856231023925348, 0.00019677490804600323, 0.00019429060067383536, 0.00019112728761429417, 0.00018730776061046076, 0.00018285953944192205, 0.00017781467364412804, 0.00017220951159075472, 0.00016608443860283864]
train loss :  2.4656789302825928
[rank 0] epoch=72 valid_batch=500/1563
[rank 0] epoch=72 valid_batch=1000/1563
[rank 0] epoch=72 valid_batch=1500/1563
[rank 0] epoch=72 valid_batch=2000/1563
[rank 0] epoch=72 valid_batch=2500/1563
[rank 0] epoch=72 valid_batch=3000/1563
test   L_V                   = +0.7704 (24.9%)
    L_V_attractive      = +0.4296 (13.9%)
      L_V_attractive_charged      = +0.2224 (7.2%)
      L_V_attractive_neutral      = +0.2071 (6.7%)
    L_V_repulsive       = +0.3409 (11.0%)
      L_V_repulsive_charged       = +0.1652 (5.3%)
      L_V_repulsive_neutral       = +0.1756 (5.7%)
    L_charged_cluster   = +0.0000 (0.0%)
  L_beta              = +0.1184 (3.8%)
    L_beta_noise        = +0.0000 (0.0%)
    L_beta_sig          = -0.4576 (-14.8%)
    L_beta_suppress     = +0.0000 (0.0%)
    L_beta_track        = +0.5760 (18.6%)
      L_beta_norms_term   = -0.5076 (-16.4%)
      L_beta_logbeta_term = +0.0501 (1.6%)
  L_E   = +2.2011 (71.2%)
    L_E_charge = +0.0000 (0.0%)
    L_E_cond = +1.2162 (39.4%)
    L_E_cluster = +0.9849 (31.9%)
    L_E_w_photon   = +0.0000 (0.0%)
    L_E_w_charged_hadron   = +0.0000 (0.0%)
    L_E_w_neutral_hadron   = +0.0000 (0.0%)
    L_E_w_muon     = +0.0000 (0.0%)
    L_E_w_electron = +0.0000 (0.0%)
Returning 4.089991569519043
[rank 0] epoch=73 train_batch=500/12500 loss=2.207561
[rank 0] epoch=73 train_batch=1000/12500 loss=2.140443
[rank 0] epoch=73 train_batch=1500/12500 loss=2.305594
[rank 0] epoch=73 train_batch=2000/12500 loss=2.666598
[rank 0] epoch=73 train_batch=2500/12500 loss=2.792077
[rank 0] epoch=73 train_batch=3000/12500 loss=2.376699
[rank 0] epoch=73 train_batch=3500/12500 loss=2.404812
[rank 0] epoch=73 train_batch=4000/12500 loss=2.510070
[rank 0] epoch=73 train_batch=4500/12500 loss=2.262390
[rank 0] epoch=73 train_batch=5000/12500 loss=2.357625
[rank 0] epoch=73 train_batch=5500/12500 loss=2.450925
[rank 0] epoch=73 train_batch=6000/12500 loss=2.373365
[rank 0] epoch=73 train_batch=6500/12500 loss=2.618846
[rank 0] epoch=73 train_batch=7000/12500 loss=2.366431
[rank 0] epoch=73 train_batch=7500/12500 loss=2.339391
[rank 0] epoch=73 train_batch=8000/12500 loss=2.443285
[rank 0] epoch=73 train_batch=8500/12500 loss=2.705000
[rank 0] epoch=73 train_batch=9000/12500 loss=2.443499
[rank 0] epoch=73 train_batch=9500/12500 loss=2.223205
[rank 0] epoch=73 train_batch=10000/12500 loss=2.328565
[rank 0] epoch=73 train_batch=10500/12500 loss=2.346190
[rank 0] epoch=73 train_batch=11000/12500 loss=2.196414
[rank 0] epoch=73 train_batch=11500/12500 loss=2.374830
[rank 0] epoch=73 train_batch=12000/12500 loss=2.496858
[rank 0] epoch=73 train_batch=12500/12500 loss=2.624746
[rank 0] epoch=73 train_batch=13000/12500 loss=2.377087
[rank 0] epoch=73 train_batch=13500/12500 loss=2.681560
[rank 0] epoch=73 train_batch=14000/12500 loss=2.475367
[rank 0] epoch=73 train_batch=14500/12500 loss=2.228051
[rank 0] epoch=73 train_batch=15000/12500 loss=2.347244
[rank 0] epoch=73 train_batch=15500/12500 loss=2.321644
[rank 0] epoch=73 train_batch=16000/12500 loss=2.367483
[rank 0] epoch=73 train_batch=16500/12500 loss=2.450049
[rank 0] epoch=73 train_batch=17000/12500 loss=2.419668
[rank 0] epoch=73 train_batch=17500/12500 loss=2.652675
[rank 0] epoch=73 train_batch=18000/12500 loss=2.421972
[rank 0] epoch=73 train_batch=18500/12500 loss=2.495797
[rank 0] epoch=73 train_batch=19000/12500 loss=2.667943
[rank 0] epoch=73 train_batch=19500/12500 loss=2.337911
[rank 0] epoch=73 train_batch=20000/12500 loss=2.183851
[rank 0] epoch=73 train_batch=20500/12500 loss=2.439569
[rank 0] epoch=73 train_batch=21000/12500 loss=2.417069
[rank 0] epoch=73 train_batch=21500/12500 loss=2.467133
[rank 0] epoch=73 train_batch=22000/12500 loss=2.355059
[rank 0] epoch=73 train_batch=22500/12500 loss=2.385072
[rank 0] epoch=73 train_batch=23000/12500 loss=2.220140
[rank 0] epoch=73 train_batch=23500/12500 loss=2.331262
[rank 0] epoch=73 train_batch=24000/12500 loss=2.681945
[rank 0] epoch=73 train_batch=24500/12500 loss=2.405142
[rank 0] epoch=73 train_batch=25000/12500 loss=2.242578
Training epoch 73
[1.65594771e+00 6.97716072e-02 1.43844011e+00 3.95412841e-02
 1.96275310e-01 3.37977369e-08 4.53155696e-01 3.41494269e-02
 7.80280506e-01 5.24834677e-08 7.12526160e-01 3.28224728e-01
 3.47997590e+00 2.55864233e-01 9.87606085e-01 2.65750069e-01
 3.06376899e+00 2.63607087e-01 4.06019672e+00 6.65151451e-02
 2.43214935e-01 1.09180246e-01 6.05033529e-01 8.90073566e-08
 5.42144527e-01 8.80154076e-02 8.90386994e-01 9.94834633e-08
 2.56664440e-01 9.42881646e-02 9.45335419e-01 7.06061114e-02
 3.57145386e-01 1.37515261e-01 8.55478757e-01 1.12464202e-01
 1.79237726e+00 3.33263323e-02 8.63667362e-02 3.99415189e-02
 6.61168416e-01 1.07300045e-07 4.96650948e-01 1.96546044e-02
 7.14935477e-01 1.80374585e-08 2.11932590e-01 1.06089444e-01
 8.43527970e-01 6.04634549e-02 6.28262530e-01 1.63104558e-01
 8.24031578e-01 9.94743691e-02 1.53257661e+00 2.42654251e-02
 2.72573111e-01 3.00534178e-02 1.42870613e+00 5.46132209e-08
 6.49587422e-01 1.45375568e-02 1.07824436e+00 6.71262324e-08
 1.82815953e-01 1.35488954e-01 1.03534358e+00 7.46355033e-02
 4.39507718e-01 1.94910179e-01 1.02061713e+00 1.00711175e-01
 1.03505016e+00 2.58480191e-02 3.24269517e-01 3.20817191e-02
 1.20697651e+00 1.76342533e-02 3.46754713e-01 1.87696098e-01
 1.33481939e+00 1.05747337e-01 8.32433286e-01 1.98629219e-01
 2.27415180e+00 7.35287874e-02 4.01643321e+00 7.12957773e-01
 6.98865337e+00 4.43491048e-01 3.76353208e+00 1.38961999e+00
 7.81911303e+00 5.26465828e-01 8.01211748e+01 4.49647098e-01
 4.15818697e+01 9.78389594e+00]
train  L_V                   = +0.3001 (21.5%)
 train    L_V_attractive      = +0.1046 (7.5%)
 train      L_V_attractive_charged      = +0.0914 (6.5%)
 train      L_V_attractive_neutral      = +0.0132 (0.9%)
 train    L_V_repulsive       = +0.1955 (14.0%)
 train      L_V_repulsive_charged       = +0.0857 (6.1%)
 train      L_V_repulsive_neutral       = +0.1098 (7.9%)
 train    L_charged_cluster   = +0.0000 (0.0%)
 train  L_beta              = +0.0683 (4.9%)
 train    L_beta_noise        = +0.0000 (0.0%)
 train    L_beta_sig          = -0.5099 (-36.5%)
 train    L_beta_suppress     = +0.0000 (0.0%)
 train    L_beta_track        = +0.5782 (41.3%)
 train      L_beta_norms_term   = -0.5817 (-41.6%)
 train      L_beta_logbeta_term = +0.0717 (5.1%)
 train  L_E   = +1.0301 (73.7%)
 train    L_E_charge = +0.0000 (0.0%)
 train    L_E_cond = +0.5237 (37.4%)
 train    L_E_cluster = +0.5064 (36.2%)
 train    L_E_w_photon   = +0.0000 (0.0%)
 train    L_E_w_charged_hadron   = +0.0000 (0.0%)
 train    L_E_w_neutral_hadron   = +0.0000 (0.0%)
 train    L_E_w_muon     = +0.0000 (0.0%)
 train    L_E_w_electron = +0.0000 (0.0%)
learning rate :  [0.00019945246344205893, 0.0001978158526933439, 0.00019510809880370062, 0.00019135886849137794, 0.00018660923910825467, 0.000180911248587776, 0.00017432732530646558, 0.00016692960410556788, 0.0001587991359666327, 0.000150025, 0.00014070332747542625, 0.000130936248587776, 0.00012083077349723503, 0.00011049761990360197, 0.00010005, 8.960238009639805e-05, 7.926922650276498e-05, 6.916375141222402e-05, 5.939667252457379e-05, 5.0075000000000025e-05, 4.130086403336732e-05, 3.3170395894432155e-05, 2.5772674693534433e-05, 1.9188751412224014e-05, 1.3490760891745352e-05, 8.741131508622033e-06, 4.991901196299404e-06, 2.284147306656121e-06, 6.475365579410847e-07, 1e-07, 0.0001995474186611798, 0.00019819377329140754, 0.00019595132271276903, 0.00019284037490495648, 0.00018888910309305962, 0.00018413329060647658, 0.0001786160068195416, 0.00017238721710860177, 0.00016550333035783126, 0.00015802668811164128, 0.000150025, 0.00014157073054953858, 0.00013274044293357632, 0.00012361410560416728, 0.00011427436808541487, 0.00010480581248658307, 9.529418751341697e-05, 8.582563191458516e-05, 7.648589439583274e-05, 6.735955706642371e-05, 5.852926945046146e-05, 5.0075000000000025e-05, 4.207331188835876e-05, 3.459666964216877e-05, 2.7712782891398233e-05, 2.148399318045841e-05, 1.596670939352343e-05, 1.121089690694041e-05, 7.259625095043547e-06, 4.1486772872309995e-06, 1.9062267085924648e-06, 5.525813388201954e-07, 1e-07, 0.00019963992897982554, 0.00019856231023925348, 0.00019677490804600323, 0.00019429060067383536, 0.00019112728761429417, 0.00018730776061046076, 0.00018285953944192205, 0.00017781467364412804, 0.00017220951159075472, 0.00016608443860283864, 0.00015948358597161347]
train loss :  2.3983852863311768
[rank 0] epoch=73 valid_batch=500/1563
[rank 0] epoch=73 valid_batch=1000/1563
[rank 0] epoch=73 valid_batch=1500/1563
[rank 0] epoch=73 valid_batch=2000/1563
[rank 0] epoch=73 valid_batch=2500/1563
[rank 0] epoch=73 valid_batch=3000/1563
test   L_V                   = +0.3719 (19.9%)
    L_V_attractive      = +0.2287 (12.2%)
      L_V_attractive_charged      = +0.1880 (10.1%)
      L_V_attractive_neutral      = +0.0407 (2.2%)
    L_V_repulsive       = +0.1433 (7.7%)
      L_V_repulsive_charged       = +0.0593 (3.2%)
      L_V_repulsive_neutral       = +0.0839 (4.5%)
    L_charged_cluster   = +0.0000 (0.0%)
  L_beta              = +0.1003 (5.4%)
    L_beta_noise        = +0.0000 (0.0%)
    L_beta_sig          = -0.4789 (-25.6%)
    L_beta_suppress     = +0.0000 (0.0%)
    L_beta_track        = +0.5791 (31.0%)
      L_beta_norms_term   = -0.5574 (-29.8%)
      L_beta_logbeta_term = +0.0786 (4.2%)
  L_E   = +1.3964 (74.7%)
    L_E_charge = +0.0000 (0.0%)
    L_E_cond = +0.7687 (41.1%)
    L_E_cluster = +0.6277 (33.6%)
    L_E_w_photon   = +0.0000 (0.0%)
    L_E_w_charged_hadron   = +0.0000 (0.0%)
    L_E_w_neutral_hadron   = +0.0000 (0.0%)
    L_E_w_muon     = +0.0000 (0.0%)
    L_E_w_electron = +0.0000 (0.0%)
Returning 2.8685779571533203
[rank 0] epoch=74 train_batch=500/12500 loss=2.369998
[rank 0] epoch=74 train_batch=1000/12500 loss=2.598463
[rank 0] epoch=74 train_batch=1500/12500 loss=2.493103
[rank 0] epoch=74 train_batch=2000/12500 loss=2.146574
[rank 0] epoch=74 train_batch=2500/12500 loss=2.187991
[rank 0] epoch=74 train_batch=3000/12500 loss=2.296237
[rank 0] epoch=74 train_batch=3500/12500 loss=2.309603
[rank 0] epoch=74 train_batch=4000/12500 loss=2.864701
[rank 0] epoch=74 train_batch=4500/12500 loss=2.688532
[rank 0] epoch=74 train_batch=5000/12500 loss=2.436138
[rank 0] epoch=74 train_batch=5500/12500 loss=2.109524
[rank 0] epoch=74 train_batch=6000/12500 loss=2.447121
[rank 0] epoch=74 train_batch=6500/12500 loss=2.148817
[rank 0] epoch=74 train_batch=7000/12500 loss=2.281633
[rank 0] epoch=74 train_batch=7500/12500 loss=2.367773
[rank 0] epoch=74 train_batch=8000/12500 loss=2.318413
[rank 0] epoch=74 train_batch=8500/12500 loss=2.414078
[rank 0] epoch=74 train_batch=9000/12500 loss=2.618857
[rank 0] epoch=74 train_batch=9500/12500 loss=2.306783
[rank 0] epoch=74 train_batch=10000/12500 loss=2.161093
[rank 0] epoch=74 train_batch=10500/12500 loss=2.698646
[rank 0] epoch=74 train_batch=11000/12500 loss=2.134685
[rank 0] epoch=74 train_batch=11500/12500 loss=2.217018
[rank 0] epoch=74 train_batch=12000/12500 loss=2.285694
[rank 0] epoch=74 train_batch=12500/12500 loss=2.480505
[rank 0] epoch=74 train_batch=13000/12500 loss=2.389109
[rank 0] epoch=74 train_batch=13500/12500 loss=2.427025
[rank 0] epoch=74 train_batch=14000/12500 loss=2.392111
[rank 0] epoch=74 train_batch=14500/12500 loss=2.339212
[rank 0] epoch=74 train_batch=15000/12500 loss=2.482196
[rank 0] epoch=74 train_batch=15500/12500 loss=2.495888
[rank 0] epoch=74 train_batch=16000/12500 loss=2.214652
[rank 0] epoch=74 train_batch=16500/12500 loss=2.538274
[rank 0] epoch=74 train_batch=17000/12500 loss=2.357221
[rank 0] epoch=74 train_batch=17500/12500 loss=2.346059
[rank 0] epoch=74 train_batch=18000/12500 loss=2.245983
[rank 0] epoch=74 train_batch=18500/12500 loss=2.290238
[rank 0] epoch=74 train_batch=19000/12500 loss=2.253687
[rank 0] epoch=74 train_batch=19500/12500 loss=2.274736
[rank 0] epoch=74 train_batch=20000/12500 loss=2.429259
[rank 0] epoch=74 train_batch=20500/12500 loss=2.414394
[rank 0] epoch=74 train_batch=21000/12500 loss=2.219153
[rank 0] epoch=74 train_batch=21500/12500 loss=2.486060
[rank 0] epoch=74 train_batch=22000/12500 loss=2.278893
[rank 0] epoch=74 train_batch=22500/12500 loss=2.339363
[rank 0] epoch=74 train_batch=23000/12500 loss=2.545448
[rank 0] epoch=74 train_batch=23500/12500 loss=2.274703
[rank 0] epoch=74 train_batch=24000/12500 loss=2.442697
[rank 0] epoch=74 train_batch=24500/12500 loss=2.266002
[rank 0] epoch=74 train_batch=25000/12500 loss=2.387584
Training epoch 74
[1.58245950e+00 6.94034666e-02 1.35460730e+00 4.16205272e-02
 1.95453382e-01 3.15959382e-08 4.61921833e-01 3.54829963e-02
 7.46848819e-01 4.96613183e-08 7.00932139e-01 3.15432229e-01
 3.58481964e+00 2.45853875e-01 9.88474548e-01 2.51698706e-01
 3.06007287e+00 2.50870564e-01 3.89970830e+00 5.89878927e-02
 2.25804674e-01 1.10604044e-01 6.34250078e-01 8.78462084e-08
 5.42079901e-01 8.97461577e-02 8.84239237e-01 9.53655529e-08
 2.59885857e-01 9.34500424e-02 9.34309083e-01 6.89573396e-02
 3.56118314e-01 1.38501117e-01 8.37167931e-01 1.11994753e-01
 1.71323122e+00 3.21165556e-02 7.89772023e-02 3.99527266e-02
 6.75417459e-01 1.02768122e-07 4.91259425e-01 2.03511681e-02
 7.11126169e-01 1.86152861e-08 2.12780159e-01 1.07452266e-01
 8.33329894e-01 5.97108197e-02 6.46397808e-01 1.57455997e-01
 8.20227940e-01 9.49561077e-02 1.53186928e+00 2.42941910e-02
 2.99334605e-01 2.87443793e-02 1.42748063e+00 5.52528101e-08
 6.63815334e-01 1.40542337e-02 1.10121152e+00 6.98102519e-08
 1.86678196e-01 1.45997300e-01 1.05141553e+00 7.82082562e-02
 4.56697904e-01 1.97466001e-01 1.00903829e+00 1.00137745e-01
 1.04495052e+00 2.64998655e-02 3.28106958e-01 3.13041983e-02
 1.18726951e+00 1.69223824e-02 3.44256317e-01 1.84385092e-01
 1.33206668e+00 1.03511178e-01 8.30629672e-01 1.90221935e-01
 2.28123598e+00 7.18332854e-02 4.11339977e+00 7.38064443e-01
 7.04617905e+00 4.50264829e-01 3.79521121e+00 1.47692102e+00
 8.64796536e+00 5.84640181e-01 9.41277751e+01 4.77488731e-01
 4.18000914e+01 9.86487614e+00]
train  L_V                   = +0.2922 (20.9%)
 train    L_V_attractive      = +0.1021 (7.3%)
 train      L_V_attractive_charged      = +0.0890 (6.4%)
 train      L_V_attractive_neutral      = +0.0131 (0.9%)
 train    L_V_repulsive       = +0.1901 (13.6%)
 train      L_V_repulsive_charged       = +0.0830 (5.9%)
 train      L_V_repulsive_neutral       = +0.1071 (7.7%)
 train    L_charged_cluster   = +0.0000 (0.0%)
 train  L_beta              = +0.0550 (3.9%)
 train    L_beta_noise        = +0.0000 (0.0%)
 train    L_beta_sig          = -0.5229 (-37.4%)
 train    L_beta_suppress     = +0.0000 (0.0%)
 train    L_beta_track        = +0.5779 (41.4%)
 train      L_beta_norms_term   = -0.5924 (-42.4%)
 train      L_beta_logbeta_term = +0.0694 (5.0%)
 train  L_E   = +1.0492 (75.1%)
 train    L_E_charge = +0.0000 (0.0%)
 train    L_E_cond = +0.5252 (37.6%)
 train    L_E_cluster = +0.5241 (37.5%)
 train    L_E_w_photon   = +0.0000 (0.0%)
 train    L_E_w_charged_hadron   = +0.0000 (0.0%)
 train    L_E_w_neutral_hadron   = +0.0000 (0.0%)
 train    L_E_w_muon     = +0.0000 (0.0%)
 train    L_E_w_electron = +0.0000 (0.0%)
learning rate :  [0.00019945246344205893, 0.0001978158526933439, 0.00019510809880370062, 0.00019135886849137794, 0.00018660923910825467, 0.000180911248587776, 0.00017432732530646558, 0.00016692960410556788, 0.0001587991359666327, 0.000150025, 0.00014070332747542625, 0.000130936248587776, 0.00012083077349723503, 0.00011049761990360197, 0.00010005, 8.960238009639805e-05, 7.926922650276498e-05, 6.916375141222402e-05, 5.939667252457379e-05, 5.0075000000000025e-05, 4.130086403336732e-05, 3.3170395894432155e-05, 2.5772674693534433e-05, 1.9188751412224014e-05, 1.3490760891745352e-05, 8.741131508622033e-06, 4.991901196299404e-06, 2.284147306656121e-06, 6.475365579410847e-07, 1e-07, 0.0001995474186611798, 0.00019819377329140754, 0.00019595132271276903, 0.00019284037490495648, 0.00018888910309305962, 0.00018413329060647658, 0.0001786160068195416, 0.00017238721710860177, 0.00016550333035783126, 0.00015802668811164128, 0.000150025, 0.00014157073054953858, 0.00013274044293357632, 0.00012361410560416728, 0.00011427436808541487, 0.00010480581248658307, 9.529418751341697e-05, 8.582563191458516e-05, 7.648589439583274e-05, 6.735955706642371e-05, 5.852926945046146e-05, 5.0075000000000025e-05, 4.207331188835876e-05, 3.459666964216877e-05, 2.7712782891398233e-05, 2.148399318045841e-05, 1.596670939352343e-05, 1.121089690694041e-05, 7.259625095043547e-06, 4.1486772872309995e-06, 1.9062267085924648e-06, 5.525813388201954e-07, 1e-07, 0.00019963992897982554, 0.00019856231023925348, 0.00019677490804600323, 0.00019429060067383536, 0.00019112728761429417, 0.00018730776061046076, 0.00018285953944192205, 0.00017781467364412804, 0.00017220951159075472, 0.00016608443860283864, 0.00015948358597161347, 0.00015245451299154532]
train loss :  2.3964128494262695
[rank 0] epoch=74 valid_batch=500/1563
[rank 0] epoch=74 valid_batch=1000/1563
[rank 0] epoch=74 valid_batch=1500/1563
[rank 0] epoch=74 valid_batch=2000/1563
[rank 0] epoch=74 valid_batch=2500/1563
[rank 0] epoch=74 valid_batch=3000/1563
test   L_V                   = +0.2974 (21.9%)
    L_V_attractive      = +0.0962 (7.1%)
      L_V_attractive_charged      = +0.0843 (6.2%)
      L_V_attractive_neutral      = +0.0119 (0.9%)
    L_V_repulsive       = +0.2012 (14.8%)
      L_V_repulsive_charged       = +0.0895 (6.6%)
      L_V_repulsive_neutral       = +0.1116 (8.2%)
    L_charged_cluster   = +0.0000 (0.0%)
  L_beta              = +0.0518 (3.8%)
    L_beta_noise        = +0.0000 (0.0%)
    L_beta_sig          = -0.5251 (-38.6%)
    L_beta_suppress     = +0.0000 (0.0%)
    L_beta_track        = +0.5769 (42.5%)
      L_beta_norms_term   = -0.5975 (-44.0%)
      L_beta_logbeta_term = +0.0724 (5.3%)
  L_E   = +1.0097 (74.3%)
    L_E_charge = +0.0000 (0.0%)
    L_E_cond = +0.5127 (37.7%)
    L_E_cluster = +0.4970 (36.6%)
    L_E_w_photon   = +0.0000 (0.0%)
    L_E_w_charged_hadron   = +0.0000 (0.0%)
    L_E_w_neutral_hadron   = +0.0000 (0.0%)
    L_E_w_muon     = +0.0000 (0.0%)
    L_E_w_electron = +0.0000 (0.0%)
Returning 2.358825922012329
[rank 0] epoch=75 train_batch=500/12500 loss=2.326100
[rank 0] epoch=75 train_batch=1000/12500 loss=2.689547
[rank 0] epoch=75 train_batch=1500/12500 loss=2.490643
[rank 0] epoch=75 train_batch=2000/12500 loss=2.594247
[rank 0] epoch=75 train_batch=2500/12500 loss=2.318636
[rank 0] epoch=75 train_batch=3000/12500 loss=2.549945
[rank 0] epoch=75 train_batch=3500/12500 loss=2.296404
[rank 0] epoch=75 train_batch=4000/12500 loss=2.429891
[rank 0] epoch=75 train_batch=4500/12500 loss=2.422260
[rank 0] epoch=75 train_batch=5000/12500 loss=2.271574
[rank 0] epoch=75 train_batch=5500/12500 loss=2.357941
[rank 0] epoch=75 train_batch=6000/12500 loss=2.508402
[rank 0] epoch=75 train_batch=6500/12500 loss=2.190300
[rank 0] epoch=75 train_batch=7000/12500 loss=2.222022
[rank 0] epoch=75 train_batch=7500/12500 loss=2.725424
[rank 0] epoch=75 train_batch=8000/12500 loss=2.293878
[rank 0] epoch=75 train_batch=8500/12500 loss=2.219969
[rank 0] epoch=75 train_batch=9000/12500 loss=2.699159
[rank 0] epoch=75 train_batch=9500/12500 loss=2.478040
[rank 0] epoch=75 train_batch=10000/12500 loss=2.281719
[rank 0] epoch=75 train_batch=10500/12500 loss=2.244259
[rank 0] epoch=75 train_batch=11000/12500 loss=2.643085
[rank 0] epoch=75 train_batch=11500/12500 loss=2.487434
[rank 0] epoch=75 train_batch=12000/12500 loss=2.163686
[rank 0] epoch=75 train_batch=12500/12500 loss=2.290760
[rank 0] epoch=75 train_batch=13000/12500 loss=2.459420
[rank 0] epoch=75 train_batch=13500/12500 loss=2.240420
[rank 0] epoch=75 train_batch=14000/12500 loss=2.355099
[rank 0] epoch=75 train_batch=14500/12500 loss=2.389887
[rank 0] epoch=75 train_batch=15000/12500 loss=2.369432
[rank 0] epoch=75 train_batch=15500/12500 loss=2.326879
[rank 0] epoch=75 train_batch=16000/12500 loss=2.345170
[rank 0] epoch=75 train_batch=16500/12500 loss=2.289231
[rank 0] epoch=75 train_batch=17000/12500 loss=2.450074
[rank 0] epoch=75 train_batch=17500/12500 loss=2.387495
[rank 0] epoch=75 train_batch=18000/12500 loss=2.308711
[rank 0] epoch=75 train_batch=18500/12500 loss=2.507532
[rank 0] epoch=75 train_batch=19000/12500 loss=2.401910
[rank 0] epoch=75 train_batch=19500/12500 loss=2.510208
[rank 0] epoch=75 train_batch=20000/12500 loss=2.511440
[rank 0] epoch=75 train_batch=20500/12500 loss=2.397278
[rank 0] epoch=75 train_batch=21000/12500 loss=2.505466
[rank 0] epoch=75 train_batch=21500/12500 loss=2.365372
[rank 0] epoch=75 train_batch=22000/12500 loss=2.488309
[rank 0] epoch=75 train_batch=22500/12500 loss=2.545077
[rank 0] epoch=75 train_batch=23000/12500 loss=2.450306
[rank 0] epoch=75 train_batch=23500/12500 loss=2.361051
[rank 0] epoch=75 train_batch=24000/12500 loss=2.396669
[rank 0] epoch=75 train_batch=24500/12500 loss=2.445551
[rank 0] epoch=75 train_batch=25000/12500 loss=2.441502
Training epoch 75
[1.51036291e+00 6.83445558e-02 1.33217466e+00 4.24358204e-02
 2.22336350e-01 3.01099957e-08 4.44605378e-01 3.51460325e-02
 7.54546482e-01 4.85606437e-08 6.85630159e-01 3.11070305e-01
 3.68914845e+00 2.40311739e-01 1.02192781e+00 2.52651036e-01
 3.05512442e+00 2.51436150e-01 3.73732144e+00 5.91827826e-02
 2.22206741e-01 1.13555394e-01 6.49980031e-01 8.73007105e-08
 5.43205308e-01 9.19011731e-02 8.84603425e-01 9.07154983e-08
 2.70094668e-01 9.84412638e-02 9.59168618e-01 7.16451968e-02
 3.72841251e-01 1.48662521e-01 8.55240576e-01 1.18579200e-01
 1.73850263e+00 3.28505332e-02 8.79823632e-02 4.21765587e-02
 7.37787632e-01 1.04717691e-07 5.08210989e-01 2.11955513e-02
 7.17655444e-01 1.99747817e-08 2.21997809e-01 1.11027994e-01
 8.38875070e-01 5.86566371e-02 6.53068334e-01 1.64126935e-01
 8.32805420e-01 9.62211640e-02 1.56388058e+00 2.60336523e-02
 2.98028588e-01 2.93393236e-02 1.40207012e+00 5.60545034e-08
 6.78808879e-01 1.32319030e-02 1.11189313e+00 7.54888333e-08
 1.92298310e-01 1.49078619e-01 1.09062332e+00 8.02471609e-02
 4.78911969e-01 2.00036959e-01 1.01033388e+00 1.02597876e-01
 1.06905044e+00 2.87191508e-02 3.43767179e-01 3.16393414e-02
 1.20431384e+00 1.65494798e-02 3.46500303e-01 1.82819199e-01
 1.33226119e+00 1.03984601e-01 8.28219868e-01 1.99972212e-01
 2.29278423e+00 7.45438329e-02 4.12109130e+00 7.50524607e-01
 7.02726655e+00 4.53550264e-01 3.75855353e+00 1.55129974e+00
 1.00123374e+01 7.03584785e-01 1.08516477e+02 5.55116070e-01
 4.21681261e+01 9.91773838e+00]
train  L_V                   = +0.2891 (20.6%)
 train    L_V_attractive      = +0.1019 (7.3%)
 train      L_V_attractive_charged      = +0.0887 (6.3%)
 train      L_V_attractive_neutral      = +0.0132 (0.9%)
 train    L_V_repulsive       = +0.1872 (13.3%)
 train      L_V_repulsive_charged       = +0.0815 (5.8%)
 train      L_V_repulsive_neutral       = +0.1057 (7.5%)
 train    L_charged_cluster   = +0.0000 (0.0%)
 train  L_beta              = +0.0503 (3.6%)
 train    L_beta_noise        = +0.0000 (0.0%)
 train    L_beta_sig          = -0.5276 (-37.6%)
 train    L_beta_suppress     = +0.0000 (0.0%)
 train    L_beta_track        = +0.5779 (41.2%)
 train      L_beta_norms_term   = -0.5964 (-42.5%)
 train      L_beta_logbeta_term = +0.0688 (4.9%)
 train  L_E   = +1.0641 (75.8%)
 train    L_E_charge = +0.0000 (0.0%)
 train    L_E_cond = +0.5115 (36.4%)
 train    L_E_cluster = +0.5526 (39.4%)
 train    L_E_w_photon   = +0.0000 (0.0%)
 train    L_E_w_charged_hadron   = +0.0000 (0.0%)
 train    L_E_w_neutral_hadron   = +0.0000 (0.0%)
 train    L_E_w_muon     = +0.0000 (0.0%)
 train    L_E_w_electron = +0.0000 (0.0%)
learning rate :  [0.00019945246344205893, 0.0001978158526933439, 0.00019510809880370062, 0.00019135886849137794, 0.00018660923910825467, 0.000180911248587776, 0.00017432732530646558, 0.00016692960410556788, 0.0001587991359666327, 0.000150025, 0.00014070332747542625, 0.000130936248587776, 0.00012083077349723503, 0.00011049761990360197, 0.00010005, 8.960238009639805e-05, 7.926922650276498e-05, 6.916375141222402e-05, 5.939667252457379e-05, 5.0075000000000025e-05, 4.130086403336732e-05, 3.3170395894432155e-05, 2.5772674693534433e-05, 1.9188751412224014e-05, 1.3490760891745352e-05, 8.741131508622033e-06, 4.991901196299404e-06, 2.284147306656121e-06, 6.475365579410847e-07, 1e-07, 0.0001995474186611798, 0.00019819377329140754, 0.00019595132271276903, 0.00019284037490495648, 0.00018888910309305962, 0.00018413329060647658, 0.0001786160068195416, 0.00017238721710860177, 0.00016550333035783126, 0.00015802668811164128, 0.000150025, 0.00014157073054953858, 0.00013274044293357632, 0.00012361410560416728, 0.00011427436808541487, 0.00010480581248658307, 9.529418751341697e-05, 8.582563191458516e-05, 7.648589439583274e-05, 6.735955706642371e-05, 5.852926945046146e-05, 5.0075000000000025e-05, 4.207331188835876e-05, 3.459666964216877e-05, 2.7712782891398233e-05, 2.148399318045841e-05, 1.596670939352343e-05, 1.121089690694041e-05, 7.259625095043547e-06, 4.1486772872309995e-06, 1.9062267085924648e-06, 5.525813388201954e-07, 1e-07, 0.00019963992897982554, 0.00019856231023925348, 0.00019677490804600323, 0.00019429060067383536, 0.00019112728761429417, 0.00018730776061046076, 0.00018285953944192205, 0.00017781467364412804, 0.00017220951159075472, 0.00016608443860283864, 0.00015948358597161347, 0.00015245451299154532, 0.00014504786429452645]
train loss :  2.4034290313720703
[rank 0] epoch=75 valid_batch=500/1563
[rank 0] epoch=75 valid_batch=1000/1563
[rank 0] epoch=75 valid_batch=1500/1563
[rank 0] epoch=75 valid_batch=2000/1563
[rank 0] epoch=75 valid_batch=2500/1563
[rank 0] epoch=75 valid_batch=3000/1563
test   L_V                   = +0.2709 (16.8%)
    L_V_attractive      = +0.0949 (5.9%)
      L_V_attractive_charged      = +0.0820 (5.1%)
      L_V_attractive_neutral      = +0.0129 (0.8%)
    L_V_repulsive       = +0.1759 (10.9%)
      L_V_repulsive_charged       = +0.0763 (4.7%)
      L_V_repulsive_neutral       = +0.0997 (6.2%)
    L_charged_cluster   = +0.0000 (0.0%)
  L_beta              = +0.0571 (3.5%)
    L_beta_noise        = +0.0000 (0.0%)
    L_beta_sig          = -0.5218 (-32.4%)
    L_beta_suppress     = +0.0000 (0.0%)
    L_beta_track        = +0.5789 (35.9%)
      L_beta_norms_term   = -0.5932 (-36.8%)
      L_beta_logbeta_term = +0.0714 (4.4%)
  L_E   = +1.2825 (79.6%)
    L_E_charge = +0.0000 (0.0%)
    L_E_cond = +0.5942 (36.9%)
    L_E_cluster = +0.6883 (42.7%)
    L_E_w_photon   = +0.0000 (0.0%)
    L_E_w_charged_hadron   = +0.0000 (0.0%)
    L_E_w_neutral_hadron   = +0.0000 (0.0%)
    L_E_w_muon     = +0.0000 (0.0%)
    L_E_w_electron = +0.0000 (0.0%)
Returning 2.610445976257324
[rank 0] epoch=76 train_batch=500/12500 loss=2.472143
[rank 0] epoch=76 train_batch=1000/12500 loss=2.328631
[rank 0] epoch=76 train_batch=1500/12500 loss=2.468037
[rank 0] epoch=76 train_batch=2000/12500 loss=2.234285
[rank 0] epoch=76 train_batch=2500/12500 loss=2.219367
[rank 0] epoch=76 train_batch=3000/12500 loss=2.404372
[rank 0] epoch=76 train_batch=3500/12500 loss=2.584516
[rank 0] epoch=76 train_batch=4000/12500 loss=2.299868
[rank 0] epoch=76 train_batch=4500/12500 loss=2.442769
[rank 0] epoch=76 train_batch=5000/12500 loss=2.411214
[rank 0] epoch=76 train_batch=5500/12500 loss=2.338397
[rank 0] epoch=76 train_batch=6000/12500 loss=2.551504
[rank 0] epoch=76 train_batch=6500/12500 loss=2.332776
[rank 0] epoch=76 train_batch=7000/12500 loss=2.359422
[rank 0] epoch=76 train_batch=7500/12500 loss=2.648984
[rank 0] epoch=76 train_batch=8000/12500 loss=2.366983
[rank 0] epoch=76 train_batch=8500/12500 loss=2.473501
[rank 0] epoch=76 train_batch=9000/12500 loss=2.391599
[rank 0] epoch=76 train_batch=9500/12500 loss=2.320710
[rank 0] epoch=76 train_batch=10000/12500 loss=2.656655
[rank 0] epoch=76 train_batch=10500/12500 loss=2.268751
[rank 0] epoch=76 train_batch=11000/12500 loss=2.218822
[rank 0] epoch=76 train_batch=11500/12500 loss=2.420485
[rank 0] epoch=76 train_batch=12000/12500 loss=2.478747
[rank 0] epoch=76 train_batch=12500/12500 loss=2.619795
[rank 0] epoch=76 train_batch=13000/12500 loss=2.297150
[rank 0] epoch=76 train_batch=13500/12500 loss=2.171187
[rank 0] epoch=76 train_batch=14000/12500 loss=2.345450
[rank 0] epoch=76 train_batch=14500/12500 loss=2.259221
[rank 0] epoch=76 train_batch=15000/12500 loss=2.455497
[rank 0] epoch=76 train_batch=15500/12500 loss=2.235854
[rank 0] epoch=76 train_batch=16000/12500 loss=2.287395
[rank 0] epoch=76 train_batch=16500/12500 loss=2.251351
[rank 0] epoch=76 train_batch=17000/12500 loss=2.152470
[rank 0] epoch=76 train_batch=17500/12500 loss=2.105953
[rank 0] epoch=76 train_batch=18000/12500 loss=2.242078
[rank 0] epoch=76 train_batch=18500/12500 loss=2.227451
[rank 0] epoch=76 train_batch=19000/12500 loss=2.300800
[rank 0] epoch=76 train_batch=19500/12500 loss=2.847114
[rank 0] epoch=76 train_batch=20000/12500 loss=2.318927
[rank 0] epoch=76 train_batch=20500/12500 loss=2.362549
[rank 0] epoch=76 train_batch=21000/12500 loss=2.201781
[rank 0] epoch=76 train_batch=21500/12500 loss=2.116081
[rank 0] epoch=76 train_batch=22000/12500 loss=2.189517
[rank 0] epoch=76 train_batch=22500/12500 loss=2.645369
[rank 0] epoch=76 train_batch=23000/12500 loss=2.378427
[rank 0] epoch=76 train_batch=23500/12500 loss=2.306798
[rank 0] epoch=76 train_batch=24000/12500 loss=2.441133
[rank 0] epoch=76 train_batch=24500/12500 loss=2.705565
[rank 0] epoch=76 train_batch=25000/12500 loss=2.458903
Training epoch 76
[1.46567966e+00 5.79440749e-02 1.30311899e+00 3.91656233e-02
 2.90243581e-01 3.26451795e-08 4.40900144e-01 3.28829874e-02
 7.65440651e-01 4.97553127e-08 6.95506738e-01 3.14202356e-01
 3.84196921e+00 2.46151500e-01 1.06276829e+00 2.62760719e-01
 3.11924988e+00 2.57590423e-01 3.74638698e+00 5.87758682e-02
 2.23566204e-01 1.13943539e-01 6.48180161e-01 9.04791178e-08
 5.48030850e-01 9.21385558e-02 8.90295586e-01 9.14329166e-08
 2.76196180e-01 9.97921391e-02 9.75470237e-01 7.27867391e-02
 3.95548400e-01 1.52735483e-01 8.66265952e-01 1.21247176e-01
 1.72239397e+00 3.20686223e-02 9.11654410e-02 4.48350722e-02
 7.60032544e-01 1.08185447e-07 5.28324950e-01 2.22208163e-02
 7.27256950e-01 2.15591360e-08 2.27678481e-01 1.11472794e-01
 8.49912819e-01 5.77249798e-02 6.73763729e-01 1.67744710e-01
 8.42848685e-01 9.90162318e-02 1.59802423e+00 2.65344769e-02
 3.12019169e-01 2.91612686e-02 1.41669320e+00 5.66382140e-08
 6.92195622e-01 1.35403943e-02 1.14336080e+00 7.79847489e-08
 1.93832793e-01 1.50926495e-01 1.12783547e+00 8.10029773e-02
 4.94114891e-01 2.05909528e-01 1.01412198e+00 1.04677449e-01
 1.06847393e+00 2.83516411e-02 3.62280422e-01 3.12446311e-02
 1.21586683e+00 1.62621939e-02 3.56256679e-01 1.77689779e-01
 1.33510534e+00 1.01315616e-01 8.41531249e-01 2.16849952e-01
 2.31336086e+00 7.92093994e-02 4.18775507e+00 7.76026309e-01
 7.07946256e+00 4.66072713e-01 3.80104210e+00 1.63239918e+00
 1.14017323e+01 8.28020314e-01 1.12222385e+02 5.59874440e-01
 4.20015536e+01 9.92010577e+00]
train  L_V                   = +0.2862 (21.0%)
 train    L_V_attractive      = +0.1019 (7.5%)
 train      L_V_attractive_charged      = +0.0886 (6.5%)
 train      L_V_attractive_neutral      = +0.0134 (1.0%)
 train    L_V_repulsive       = +0.1843 (13.5%)
 train      L_V_repulsive_charged       = +0.0803 (5.9%)
 train      L_V_repulsive_neutral       = +0.1040 (7.6%)
 train    L_charged_cluster   = +0.0000 (0.0%)
 train  L_beta              = +0.0463 (3.4%)
 train    L_beta_noise        = +0.0000 (0.0%)
 train    L_beta_sig          = -0.5316 (-39.0%)
 train    L_beta_suppress     = +0.0000 (0.0%)
 train    L_beta_track        = +0.5779 (42.3%)
 train      L_beta_norms_term   = -0.5999 (-44.0%)
 train      L_beta_logbeta_term = +0.0684 (5.0%)
 train  L_E   = +1.0322 (75.6%)
 train    L_E_charge = +0.0000 (0.0%)
 train    L_E_cond = +0.5005 (36.7%)
 train    L_E_cluster = +0.5317 (39.0%)
 train    L_E_w_photon   = +0.0000 (0.0%)
 train    L_E_w_charged_hadron   = +0.0000 (0.0%)
 train    L_E_w_neutral_hadron   = +0.0000 (0.0%)
 train    L_E_w_muon     = +0.0000 (0.0%)
 train    L_E_w_electron = +0.0000 (0.0%)
learning rate :  [0.00019945246344205893, 0.0001978158526933439, 0.00019510809880370062, 0.00019135886849137794, 0.00018660923910825467, 0.000180911248587776, 0.00017432732530646558, 0.00016692960410556788, 0.0001587991359666327, 0.000150025, 0.00014070332747542625, 0.000130936248587776, 0.00012083077349723503, 0.00011049761990360197, 0.00010005, 8.960238009639805e-05, 7.926922650276498e-05, 6.916375141222402e-05, 5.939667252457379e-05, 5.0075000000000025e-05, 4.130086403336732e-05, 3.3170395894432155e-05, 2.5772674693534433e-05, 1.9188751412224014e-05, 1.3490760891745352e-05, 8.741131508622033e-06, 4.991901196299404e-06, 2.284147306656121e-06, 6.475365579410847e-07, 1e-07, 0.0001995474186611798, 0.00019819377329140754, 0.00019595132271276903, 0.00019284037490495648, 0.00018888910309305962, 0.00018413329060647658, 0.0001786160068195416, 0.00017238721710860177, 0.00016550333035783126, 0.00015802668811164128, 0.000150025, 0.00014157073054953858, 0.00013274044293357632, 0.00012361410560416728, 0.00011427436808541487, 0.00010480581248658307, 9.529418751341697e-05, 8.582563191458516e-05, 7.648589439583274e-05, 6.735955706642371e-05, 5.852926945046146e-05, 5.0075000000000025e-05, 4.207331188835876e-05, 3.459666964216877e-05, 2.7712782891398233e-05, 2.148399318045841e-05, 1.596670939352343e-05, 1.121089690694041e-05, 7.259625095043547e-06, 4.1486772872309995e-06, 1.9062267085924648e-06, 5.525813388201954e-07, 1e-07, 0.00019963992897982554, 0.00019856231023925348, 0.00019677490804600323, 0.00019429060067383536, 0.00019112728761429417, 0.00018730776061046076, 0.00018285953944192205, 0.00017781467364412804, 0.00017220951159075472, 0.00016608443860283864, 0.00015948358597161347, 0.00015245451299154532, 0.00014504786429452645, 0.00013731700495414186]
train loss :  2.3647336959838867
[rank 0] epoch=76 valid_batch=500/1563
[rank 0] epoch=76 valid_batch=1000/1563
[rank 0] epoch=76 valid_batch=1500/1563
[rank 0] epoch=76 valid_batch=2000/1563
[rank 0] epoch=76 valid_batch=2500/1563
[rank 0] epoch=76 valid_batch=3000/1563
test   L_V                   = +0.3316 (24.8%)
    L_V_attractive      = +0.1277 (9.5%)
      L_V_attractive_charged      = +0.1104 (8.2%)
      L_V_attractive_neutral      = +0.0173 (1.3%)
    L_V_repulsive       = +0.2040 (15.2%)
      L_V_repulsive_charged       = +0.0895 (6.7%)
      L_V_repulsive_neutral       = +0.1145 (8.6%)
    L_charged_cluster   = +0.0000 (0.0%)
  L_beta              = +0.0703 (5.3%)
    L_beta_noise        = +0.0000 (0.0%)
    L_beta_sig          = -0.5073 (-37.9%)
    L_beta_suppress     = +0.0000 (0.0%)
    L_beta_track        = +0.5776 (43.2%)
      L_beta_norms_term   = -0.5721 (-42.8%)
      L_beta_logbeta_term = +0.0648 (4.8%)
  L_E   = +0.9362 (70.0%)
    L_E_charge = +0.0000 (0.0%)
    L_E_cond = +0.5135 (38.4%)
    L_E_cluster = +0.4227 (31.6%)
    L_E_w_photon   = +0.0000 (0.0%)
    L_E_w_charged_hadron   = +0.0000 (0.0%)
    L_E_w_neutral_hadron   = +0.0000 (0.0%)
    L_E_w_muon     = +0.0000 (0.0%)
    L_E_w_electron = +0.0000 (0.0%)
Returning 2.338120460510254
[rank 0] epoch=77 train_batch=500/12500 loss=2.311967
[rank 0] epoch=77 train_batch=1000/12500 loss=2.525719
[rank 0] epoch=77 train_batch=1500/12500 loss=2.665178
[rank 0] epoch=77 train_batch=2000/12500 loss=2.387658
[rank 0] epoch=77 train_batch=2500/12500 loss=2.209530
[rank 0] epoch=77 train_batch=3000/12500 loss=2.291420
[rank 0] epoch=77 train_batch=3500/12500 loss=2.172471
[rank 0] epoch=77 train_batch=4000/12500 loss=2.437063
[rank 0] epoch=77 train_batch=4500/12500 loss=2.290495
[rank 0] epoch=77 train_batch=5000/12500 loss=2.150541
[rank 0] epoch=77 train_batch=5500/12500 loss=2.215255
[rank 0] epoch=77 train_batch=6000/12500 loss=2.651580
[rank 0] epoch=77 train_batch=6500/12500 loss=2.536862
[rank 0] epoch=77 train_batch=7000/12500 loss=2.725216
[rank 0] epoch=77 train_batch=7500/12500 loss=2.286462
[rank 0] epoch=77 train_batch=8000/12500 loss=2.292249
[rank 0] epoch=77 train_batch=8500/12500 loss=2.321870
[rank 0] epoch=77 train_batch=9000/12500 loss=2.564084
[rank 0] epoch=77 train_batch=9500/12500 loss=2.300103
[rank 0] epoch=77 train_batch=10000/12500 loss=2.400877
[rank 0] epoch=77 train_batch=10500/12500 loss=2.281497
[rank 0] epoch=77 train_batch=11000/12500 loss=2.164846
[rank 0] epoch=77 train_batch=11500/12500 loss=2.228218
[rank 0] epoch=77 train_batch=12000/12500 loss=2.378199
[rank 0] epoch=77 train_batch=12500/12500 loss=2.183120
[rank 0] epoch=77 train_batch=13000/12500 loss=2.092593
[rank 0] epoch=77 train_batch=13500/12500 loss=2.286627
[rank 0] epoch=77 train_batch=14000/12500 loss=2.245194
[rank 0] epoch=77 train_batch=14500/12500 loss=2.606449
[rank 0] epoch=77 train_batch=15000/12500 loss=2.370381
[rank 0] epoch=77 train_batch=15500/12500 loss=2.730009
[rank 0] epoch=77 train_batch=16000/12500 loss=2.288884
[rank 0] epoch=77 train_batch=16500/12500 loss=2.139395
[rank 0] epoch=77 train_batch=17000/12500 loss=2.265769
[rank 0] epoch=77 train_batch=17500/12500 loss=2.126907
[rank 0] epoch=77 train_batch=18000/12500 loss=2.365002
[rank 0] epoch=77 train_batch=18500/12500 loss=2.175775
[rank 0] epoch=77 train_batch=19000/12500 loss=2.105295
[rank 0] epoch=77 train_batch=19500/12500 loss=2.870327
[rank 0] epoch=77 train_batch=20000/12500 loss=2.230320
[rank 0] epoch=77 train_batch=20500/12500 loss=2.348345
[rank 0] epoch=77 train_batch=21000/12500 loss=2.246379
[rank 0] epoch=77 train_batch=21500/12500 loss=2.106249
[rank 0] epoch=77 train_batch=22000/12500 loss=2.325205
[rank 0] epoch=77 train_batch=22500/12500 loss=2.176788
[rank 0] epoch=77 train_batch=23000/12500 loss=2.726606
[rank 0] epoch=77 train_batch=23500/12500 loss=2.328557
[rank 0] epoch=77 train_batch=24000/12500 loss=2.754114
[rank 0] epoch=77 train_batch=24500/12500 loss=2.442960
[rank 0] epoch=77 train_batch=25000/12500 loss=2.498953
Training epoch 77
[1.45188559e+00 5.32475720e-02 1.32596944e+00 4.03470407e-02
 3.31534193e-01 3.37319401e-08 4.42088985e-01 3.34978184e-02
 7.81507129e-01 5.01335650e-08 7.08041885e-01 3.11292985e-01
 3.99462580e+00 2.46407335e-01 1.08486154e+00 2.66751880e-01
 3.19186384e+00 2.60047523e-01 3.80543916e+00 5.85273072e-02
 2.25631040e-01 1.20104722e-01 6.57925066e-01 9.26993264e-08
 5.55943177e-01 9.66768169e-02 8.95021532e-01 9.13341898e-08
 2.75428247e-01 1.01096691e-01 9.62284097e-01 7.36622426e-02
 4.06469081e-01 1.55489215e-01 8.67835450e-01 1.21973199e-01
 1.71593616e+00 3.21387924e-02 8.71275233e-02 4.63658629e-02
 7.76849753e-01 1.09462078e-07 5.56824134e-01 2.33676394e-02
 7.41569225e-01 2.34574632e-08 2.34004381e-01 1.15524949e-01
 8.57592441e-01 5.86387569e-02 6.84449987e-01 1.71995551e-01
 8.54609990e-01 9.80773530e-02 1.64158043e+00 2.68601424e-02
 3.13763118e-01 3.00014310e-02 1.52646928e+00 5.86507259e-08
 7.10577116e-01 1.37986528e-02 1.17586110e+00 7.79644796e-08
 2.02877513e-01 1.57616930e-01 1.16397029e+00 8.53901422e-02
 5.14742740e-01 2.16076513e-01 1.03356652e+00 1.07559588e-01
 1.08546613e+00 2.79512244e-02 3.66328289e-01 3.17281034e-02
 1.24015082e+00 1.63610892e-02 3.61177255e-01 1.79084610e-01
 1.36848619e+00 1.01052780e-01 8.74753154e-01 2.26362913e-01
 2.39169349e+00 8.20279758e-02 4.31070501e+00 8.37617435e-01
 7.23271464e+00 4.92809495e-01 3.93250055e+00 1.92087680e+00
 1.40815257e+01 1.06510502e+00 1.30449419e+02 6.63032688e-01
 4.24889962e+01 9.88001239e+00]
train  L_V                   = +0.2837 (21.2%)
 train    L_V_attractive      = +0.1017 (7.6%)
 train      L_V_attractive_charged      = +0.0881 (6.6%)
 train      L_V_attractive_neutral      = +0.0136 (1.0%)
 train    L_V_repulsive       = +0.1820 (13.6%)
 train      L_V_repulsive_charged       = +0.0798 (6.0%)
 train      L_V_repulsive_neutral       = +0.1022 (7.6%)
 train    L_charged_cluster   = +0.0000 (0.0%)
 train  L_beta              = +0.0430 (3.2%)
 train    L_beta_noise        = +0.0000 (0.0%)
 train    L_beta_sig          = -0.5348 (-40.0%)
 train    L_beta_suppress     = +0.0000 (0.0%)
 train    L_beta_track        = +0.5778 (43.2%)
 train      L_beta_norms_term   = -0.6027 (-45.1%)
 train      L_beta_logbeta_term = +0.0679 (5.1%)
 train  L_E   = +1.0097 (75.6%)
 train    L_E_charge = +0.0000 (0.0%)
 train    L_E_cond = +0.5016 (37.5%)
 train    L_E_cluster = +0.5080 (38.0%)
 train    L_E_w_photon   = +0.0000 (0.0%)
 train    L_E_w_charged_hadron   = +0.0000 (0.0%)
 train    L_E_w_neutral_hadron   = +0.0000 (0.0%)
 train    L_E_w_muon     = +0.0000 (0.0%)
 train    L_E_w_electron = +0.0000 (0.0%)
learning rate :  [0.00019945246344205893, 0.0001978158526933439, 0.00019510809880370062, 0.00019135886849137794, 0.00018660923910825467, 0.000180911248587776, 0.00017432732530646558, 0.00016692960410556788, 0.0001587991359666327, 0.000150025, 0.00014070332747542625, 0.000130936248587776, 0.00012083077349723503, 0.00011049761990360197, 0.00010005, 8.960238009639805e-05, 7.926922650276498e-05, 6.916375141222402e-05, 5.939667252457379e-05, 5.0075000000000025e-05, 4.130086403336732e-05, 3.3170395894432155e-05, 2.5772674693534433e-05, 1.9188751412224014e-05, 1.3490760891745352e-05, 8.741131508622033e-06, 4.991901196299404e-06, 2.284147306656121e-06, 6.475365579410847e-07, 1e-07, 0.0001995474186611798, 0.00019819377329140754, 0.00019595132271276903, 0.00019284037490495648, 0.00018888910309305962, 0.00018413329060647658, 0.0001786160068195416, 0.00017238721710860177, 0.00016550333035783126, 0.00015802668811164128, 0.000150025, 0.00014157073054953858, 0.00013274044293357632, 0.00012361410560416728, 0.00011427436808541487, 0.00010480581248658307, 9.529418751341697e-05, 8.582563191458516e-05, 7.648589439583274e-05, 6.735955706642371e-05, 5.852926945046146e-05, 5.0075000000000025e-05, 4.207331188835876e-05, 3.459666964216877e-05, 2.7712782891398233e-05, 2.148399318045841e-05, 1.596670939352343e-05, 1.121089690694041e-05, 7.259625095043547e-06, 4.1486772872309995e-06, 1.9062267085924648e-06, 5.525813388201954e-07, 1e-07, 0.00019963992897982554, 0.00019856231023925348, 0.00019677490804600323, 0.00019429060067383536, 0.00019112728761429417, 0.00018730776061046076, 0.00018285953944192205, 0.00017781467364412804, 0.00017220951159075472, 0.00016608443860283864, 0.00015948358597161347, 0.00015245451299154532, 0.00014504786429452645, 0.00013731700495414186, 0.00012931763598909122]
train loss :  2.336404323577881
[rank 0] epoch=77 valid_batch=500/1563
[rank 0] epoch=77 valid_batch=1000/1563
[rank 0] epoch=77 valid_batch=1500/1563
[rank 0] epoch=77 valid_batch=2000/1563
[rank 0] epoch=77 valid_batch=2500/1563
[rank 0] epoch=77 valid_batch=3000/1563
test   L_V                   = +0.2647 (14.6%)
    L_V_attractive      = +0.0873 (4.8%)
      L_V_attractive_charged      = +0.0768 (4.2%)
      L_V_attractive_neutral      = +0.0105 (0.6%)
    L_V_repulsive       = +0.1774 (9.8%)
      L_V_repulsive_charged       = +0.0797 (4.4%)
      L_V_repulsive_neutral       = +0.0977 (5.4%)
    L_charged_cluster   = +0.0000 (0.0%)
  L_beta              = +0.0667 (3.7%)
    L_beta_noise        = +0.0000 (0.0%)
    L_beta_sig          = -0.5114 (-28.2%)
    L_beta_suppress     = +0.0000 (0.0%)
    L_beta_track        = +0.5782 (31.9%)
      L_beta_norms_term   = -0.5923 (-32.7%)
      L_beta_logbeta_term = +0.0809 (4.5%)
  L_E   = +1.4809 (81.7%)
    L_E_charge = +0.0000 (0.0%)
    L_E_cond = +0.5183 (28.6%)
    L_E_cluster = +0.9626 (53.1%)
    L_E_w_photon   = +0.0000 (0.0%)
    L_E_w_charged_hadron   = +0.0000 (0.0%)
    L_E_w_neutral_hadron   = +0.0000 (0.0%)
    L_E_w_muon     = +0.0000 (0.0%)
    L_E_w_electron = +0.0000 (0.0%)
Returning 2.8123393058776855
[rank 0] epoch=78 train_batch=500/12500 loss=2.209375
[rank 0] epoch=78 train_batch=1000/12500 loss=2.943322
[rank 0] epoch=78 train_batch=1500/12500 loss=2.232251
[rank 0] epoch=78 train_batch=2000/12500 loss=2.287782
[rank 0] epoch=78 train_batch=2500/12500 loss=2.774432
[rank 0] epoch=78 train_batch=3000/12500 loss=2.590358
[rank 0] epoch=78 train_batch=3500/12500 loss=2.542774
[rank 0] epoch=78 train_batch=4000/12500 loss=2.137881
[rank 0] epoch=78 train_batch=4500/12500 loss=2.695372
[rank 0] epoch=78 train_batch=5000/12500 loss=2.238769
[rank 0] epoch=78 train_batch=5500/12500 loss=2.729350
[rank 0] epoch=78 train_batch=6000/12500 loss=2.650900
[rank 0] epoch=78 train_batch=6500/12500 loss=2.183355
[rank 0] epoch=78 train_batch=7000/12500 loss=2.095793
[rank 0] epoch=78 train_batch=7500/12500 loss=2.347569
[rank 0] epoch=78 train_batch=8000/12500 loss=2.631665
[rank 0] epoch=78 train_batch=8500/12500 loss=2.168509
[rank 0] epoch=78 train_batch=9000/12500 loss=2.213845
[rank 0] epoch=78 train_batch=9500/12500 loss=2.204363
[rank 0] epoch=78 train_batch=10000/12500 loss=2.329110
[rank 0] epoch=78 train_batch=10500/12500 loss=2.666307
[rank 0] epoch=78 train_batch=11000/12500 loss=2.278645
[rank 0] epoch=78 train_batch=11500/12500 loss=2.266819
[rank 0] epoch=78 train_batch=12000/12500 loss=2.005550
[rank 0] epoch=78 train_batch=12500/12500 loss=2.241853
[rank 0] epoch=78 train_batch=13000/12500 loss=2.266557
[rank 0] epoch=78 train_batch=13500/12500 loss=2.259406
[rank 0] epoch=78 train_batch=14000/12500 loss=2.229237
[rank 0] epoch=78 train_batch=14500/12500 loss=2.187039
[rank 0] epoch=78 train_batch=15000/12500 loss=2.271708
[rank 0] epoch=78 train_batch=15500/12500 loss=2.295694
[rank 0] epoch=78 train_batch=16000/12500 loss=2.391771
[rank 0] epoch=78 train_batch=16500/12500 loss=2.443663
[rank 0] epoch=78 train_batch=17000/12500 loss=2.106128
[rank 0] epoch=78 train_batch=17500/12500 loss=2.282087
[rank 0] epoch=78 train_batch=18000/12500 loss=2.322812
[rank 0] epoch=78 train_batch=18500/12500 loss=2.138354
[rank 0] epoch=78 train_batch=19000/12500 loss=2.237829
[rank 0] epoch=78 train_batch=19500/12500 loss=2.404965
[rank 0] epoch=78 train_batch=20000/12500 loss=2.321327
[rank 0] epoch=78 train_batch=20500/12500 loss=2.425161
[rank 0] epoch=78 train_batch=21000/12500 loss=2.350121
[rank 0] epoch=78 train_batch=21500/12500 loss=2.297692
[rank 0] epoch=78 train_batch=22000/12500 loss=2.283695
[rank 0] epoch=78 train_batch=22500/12500 loss=2.549690
[rank 0] epoch=78 train_batch=23000/12500 loss=2.536461
[rank 0] epoch=78 train_batch=23500/12500 loss=2.499239
[rank 0] epoch=78 train_batch=24000/12500 loss=2.320129
[rank 0] epoch=78 train_batch=24500/12500 loss=2.184929
[rank 0] epoch=78 train_batch=25000/12500 loss=2.288425
Training epoch 78
[1.44437574e+00 4.91599081e-02 1.33774139e+00 4.05517427e-02
 3.42924014e-01 3.41933022e-08 4.41476659e-01 3.38444232e-02
 7.92259080e-01 5.11863560e-08 7.20713870e-01 3.08691041e-01
 4.12097799e+00 2.45416026e-01 1.11432164e+00 2.72550209e-01
 3.28155976e+00 2.64655010e-01 3.84119890e+00 5.99742573e-02
 2.27667931e-01 1.24485374e-01 6.84724432e-01 9.54109457e-08
 5.61872175e-01 9.52202683e-02 8.94081024e-01 9.06761410e-08
 2.76802366e-01 9.87867218e-02 9.53140790e-01 7.13175874e-02
 4.04199807e-01 1.55935517e-01 8.67725415e-01 1.20363899e-01
 1.72502566e+00 3.06594937e-02 8.36414821e-02 4.83873215e-02
 7.81934817e-01 1.11660097e-07 5.73708581e-01 2.44783181e-02
 7.63140643e-01 2.47493994e-08 2.38873749e-01 1.17166388e-01
 8.66986892e-01 5.86656092e-02 6.96991785e-01 1.72135884e-01
 8.70880438e-01 9.61838852e-02 1.65947538e+00 2.74332482e-02
 3.30318676e-01 3.04131251e-02 1.60111538e+00 6.04500272e-08
 7.27351292e-01 1.36230227e-02 1.20951693e+00 7.99948437e-08
 2.10886800e-01 1.66079740e-01 1.20199789e+00 8.77459995e-02
 5.28600659e-01 2.13441456e-01 1.03488228e+00 1.05478639e-01
 1.10701328e+00 2.85345081e-02 3.66942211e-01 3.32217606e-02
 1.25103168e+00 1.70794364e-02 3.68086874e-01 1.81493137e-01
 1.37585733e+00 1.00318292e-01 8.71692622e-01 2.35288077e-01
 2.37643038e+00 8.30089807e-02 4.31087913e+00 8.80546112e-01
 7.27606116e+00 5.06024103e-01 3.97541844e+00 2.26022207e+00
 1.62866471e+01 1.27075723e+00 1.42168104e+02 7.41822546e-01
 4.29099171e+01 9.88842838e+00]
train  L_V                   = +0.2821 (21.2%)
 train    L_V_attractive      = +0.1014 (7.6%)
 train      L_V_attractive_charged      = +0.0876 (6.6%)
 train      L_V_attractive_neutral      = +0.0137 (1.0%)
 train    L_V_repulsive       = +0.1807 (13.6%)
 train      L_V_repulsive_charged       = +0.0798 (6.0%)
 train      L_V_repulsive_neutral       = +0.1009 (7.6%)
 train    L_charged_cluster   = +0.0000 (0.0%)
 train  L_beta              = +0.0414 (3.1%)
 train    L_beta_noise        = +0.0000 (0.0%)
 train    L_beta_sig          = -0.5362 (-40.2%)
 train    L_beta_suppress     = +0.0000 (0.0%)
 train    L_beta_track        = +0.5776 (43.3%)
 train      L_beta_norms_term   = -0.6039 (-45.3%)
 train      L_beta_logbeta_term = +0.0676 (5.1%)
 train  L_E   = +1.0095 (75.7%)
 train    L_E_charge = +0.0000 (0.0%)
 train    L_E_cond = +0.5001 (37.5%)
 train    L_E_cluster = +0.5094 (38.2%)
 train    L_E_w_photon   = +0.0000 (0.0%)
 train    L_E_w_charged_hadron   = +0.0000 (0.0%)
 train    L_E_w_neutral_hadron   = +0.0000 (0.0%)
 train    L_E_w_muon     = +0.0000 (0.0%)
 train    L_E_w_electron = +0.0000 (0.0%)
learning rate :  [0.00019945246344205893, 0.0001978158526933439, 0.00019510809880370062, 0.00019135886849137794, 0.00018660923910825467, 0.000180911248587776, 0.00017432732530646558, 0.00016692960410556788, 0.0001587991359666327, 0.000150025, 0.00014070332747542625, 0.000130936248587776, 0.00012083077349723503, 0.00011049761990360197, 0.00010005, 8.960238009639805e-05, 7.926922650276498e-05, 6.916375141222402e-05, 5.939667252457379e-05, 5.0075000000000025e-05, 4.130086403336732e-05, 3.3170395894432155e-05, 2.5772674693534433e-05, 1.9188751412224014e-05, 1.3490760891745352e-05, 8.741131508622033e-06, 4.991901196299404e-06, 2.284147306656121e-06, 6.475365579410847e-07, 1e-07, 0.0001995474186611798, 0.00019819377329140754, 0.00019595132271276903, 0.00019284037490495648, 0.00018888910309305962, 0.00018413329060647658, 0.0001786160068195416, 0.00017238721710860177, 0.00016550333035783126, 0.00015802668811164128, 0.000150025, 0.00014157073054953858, 0.00013274044293357632, 0.00012361410560416728, 0.00011427436808541487, 0.00010480581248658307, 9.529418751341697e-05, 8.582563191458516e-05, 7.648589439583274e-05, 6.735955706642371e-05, 5.852926945046146e-05, 5.0075000000000025e-05, 4.207331188835876e-05, 3.459666964216877e-05, 2.7712782891398233e-05, 2.148399318045841e-05, 1.596670939352343e-05, 1.121089690694041e-05, 7.259625095043547e-06, 4.1486772872309995e-06, 1.9062267085924648e-06, 5.525813388201954e-07, 1e-07, 0.00019963992897982554, 0.00019856231023925348, 0.00019677490804600323, 0.00019429060067383536, 0.00019112728761429417, 0.00018730776061046076, 0.00018285953944192205, 0.00017781467364412804, 0.00017220951159075472, 0.00016608443860283864, 0.00015948358597161347, 0.00015245451299154532, 0.00014504786429452645, 0.00013731700495414186, 0.00012931763598909122, 0.00012110739303607285]
train loss :  2.332939863204956
[rank 0] epoch=78 valid_batch=500/1563
[rank 0] epoch=78 valid_batch=1000/1563
[rank 0] epoch=78 valid_batch=1500/1563
[rank 0] epoch=78 valid_batch=2000/1563
[rank 0] epoch=78 valid_batch=2500/1563
[rank 0] epoch=78 valid_batch=3000/1563
test   L_V                   = +0.2382 (10.0%)
    L_V_attractive      = +0.1031 (4.3%)
      L_V_attractive_charged      = +0.0894 (3.7%)
      L_V_attractive_neutral      = +0.0137 (0.6%)
    L_V_repulsive       = +0.1351 (5.6%)
      L_V_repulsive_charged       = +0.0587 (2.5%)
      L_V_repulsive_neutral       = +0.0764 (3.2%)
    L_charged_cluster   = +0.0000 (0.0%)
  L_beta              = +0.0698 (2.9%)
    L_beta_noise        = +0.0000 (0.0%)
    L_beta_sig          = -0.5109 (-21.3%)
    L_beta_suppress     = +0.0000 (0.0%)
    L_beta_track        = +0.5807 (24.3%)
      L_beta_norms_term   = -0.5827 (-24.3%)
      L_beta_logbeta_term = +0.0718 (3.0%)
  L_E   = +2.0854 (87.1%)
    L_E_charge = +0.0000 (0.0%)
    L_E_cond = +1.1219 (46.9%)
    L_E_cluster = +0.9635 (40.3%)
    L_E_w_photon   = +0.0000 (0.0%)
    L_E_w_charged_hadron   = +0.0000 (0.0%)
    L_E_w_neutral_hadron   = +0.0000 (0.0%)
    L_E_w_muon     = +0.0000 (0.0%)
    L_E_w_electron = +0.0000 (0.0%)
Returning 3.3934316635131836
[rank 0] epoch=79 train_batch=500/12500 loss=2.919199
[rank 0] epoch=79 train_batch=1000/12500 loss=2.308641
[rank 0] epoch=79 train_batch=1500/12500 loss=2.321347
[rank 0] epoch=79 train_batch=2000/12500 loss=2.270207
[rank 0] epoch=79 train_batch=2500/12500 loss=2.757580
[rank 0] epoch=79 train_batch=3000/12500 loss=2.173956
[rank 0] epoch=79 train_batch=3500/12500 loss=2.400098
[rank 0] epoch=79 train_batch=4000/12500 loss=2.362463
[rank 0] epoch=79 train_batch=4500/12500 loss=2.203283
[rank 0] epoch=79 train_batch=5000/12500 loss=2.392667
[rank 0] epoch=79 train_batch=5500/12500 loss=2.578283
[rank 0] epoch=79 train_batch=6000/12500 loss=2.497252
[rank 0] epoch=79 train_batch=6500/12500 loss=2.234229
[rank 0] epoch=79 train_batch=7000/12500 loss=2.161476
[rank 0] epoch=79 train_batch=7500/12500 loss=2.873875
[rank 0] epoch=79 train_batch=8000/12500 loss=2.226440
[rank 0] epoch=79 train_batch=8500/12500 loss=2.308328
[rank 0] epoch=79 train_batch=9000/12500 loss=2.247395
[rank 0] epoch=79 train_batch=9500/12500 loss=2.368926
[rank 0] epoch=79 train_batch=10000/12500 loss=2.375107
[rank 0] epoch=79 train_batch=10500/12500 loss=2.476934
[rank 0] epoch=79 train_batch=11000/12500 loss=2.449647
[rank 0] epoch=79 train_batch=11500/12500 loss=2.286254
[rank 0] epoch=79 train_batch=12000/12500 loss=2.382795
[rank 0] epoch=79 train_batch=12500/12500 loss=2.536258
[rank 0] epoch=79 train_batch=13000/12500 loss=2.265440
[rank 0] epoch=79 train_batch=13500/12500 loss=2.185952
[rank 0] epoch=79 train_batch=14000/12500 loss=2.285040
[rank 0] epoch=79 train_batch=14500/12500 loss=2.814065
[rank 0] epoch=79 train_batch=15000/12500 loss=2.316521
[rank 0] epoch=79 train_batch=15500/12500 loss=2.276278
[rank 0] epoch=79 train_batch=16000/12500 loss=2.072112
[rank 0] epoch=79 train_batch=16500/12500 loss=2.280362
[rank 0] epoch=79 train_batch=17000/12500 loss=2.288106
[rank 0] epoch=79 train_batch=17500/12500 loss=2.242510
[rank 0] epoch=79 train_batch=18000/12500 loss=2.287905
[rank 0] epoch=79 train_batch=18500/12500 loss=2.304479
[rank 0] epoch=79 train_batch=19000/12500 loss=2.126961
[rank 0] epoch=79 train_batch=19500/12500 loss=2.395762
[rank 0] epoch=79 train_batch=20000/12500 loss=2.331568
[rank 0] epoch=79 train_batch=20500/12500 loss=2.284399
[rank 0] epoch=79 train_batch=21000/12500 loss=2.478592
[rank 0] epoch=79 train_batch=21500/12500 loss=2.188486
[rank 0] epoch=79 train_batch=22000/12500 loss=2.299633
[rank 0] epoch=79 train_batch=22500/12500 loss=2.525643
[rank 0] epoch=79 train_batch=23000/12500 loss=2.415282
[rank 0] epoch=79 train_batch=23500/12500 loss=2.291700
[rank 0] epoch=79 train_batch=24000/12500 loss=2.423525
[rank 0] epoch=79 train_batch=24500/12500 loss=2.436484
[rank 0] epoch=79 train_batch=25000/12500 loss=2.473606
Training epoch 79
[1.44816953e+00 4.71774884e-02 1.37067387e+00 3.99217786e-02
 4.06631379e-01 3.76285656e-08 4.46869193e-01 3.35441894e-02
 8.28585439e-01 5.28381922e-08 7.59842175e-01 3.07823947e-01
 4.35554144e+00 2.41503928e-01 1.17347986e+00 2.85184736e-01
 3.38266424e+00 2.70068936e-01 3.98606702e+00 6.35034902e-02
 2.32976973e-01 1.34246691e-01 7.07691495e-01 1.00436295e-07
 5.87352285e-01 9.96637890e-02 9.21818431e-01 9.18452724e-08
 2.90410398e-01 1.02005527e-01 1.00021171e+00 7.30179760e-02
 4.21307257e-01 1.63929523e-01 9.05580260e-01 1.24847758e-01
 1.79706240e+00 3.13810969e-02 8.54922817e-02 5.14889282e-02
 8.13984724e-01 1.17455326e-07 5.97656789e-01 2.59676373e-02
 7.81259220e-01 2.59376089e-08 2.46903385e-01 1.19457304e-01
 8.79416437e-01 5.95869606e-02 7.24524761e-01 1.80904369e-01
 8.99252884e-01 9.97457531e-02 1.76163496e+00 2.76921659e-02
 3.49938173e-01 3.14193329e-02 1.70574778e+00 6.20131580e-08
 7.53229994e-01 1.38154185e-02 1.23501861e+00 8.40136729e-08
 2.16411852e-01 1.75625138e-01 1.21598367e+00 9.05684777e-02
 5.57827274e-01 2.29266846e-01 1.05933680e+00 1.12016465e-01
 1.12576865e+00 3.00000682e-02 3.70781162e-01 3.37819060e-02
 1.26622196e+00 1.84094452e-02 3.73736532e-01 1.84297785e-01
 1.39891690e+00 1.00591977e-01 8.86565998e-01 2.50133494e-01
 2.45503662e+00 8.91646310e-02 4.37515153e+00 9.20690743e-01
 7.47230924e+00 5.32385205e-01 4.10724518e+00 2.54703452e+00
 1.74245557e+01 1.35894437e+00 1.41995854e+02 7.57576299e-01
 4.36989564e+01 9.93318533e+00]
train  L_V                   = +0.2806 (21.2%)
 train    L_V_attractive      = +0.1009 (7.6%)
 train      L_V_attractive_charged      = +0.0872 (6.6%)
 train      L_V_attractive_neutral      = +0.0137 (1.0%)
 train    L_V_repulsive       = +0.1796 (13.6%)
 train      L_V_repulsive_charged       = +0.0799 (6.0%)
 train      L_V_repulsive_neutral       = +0.0997 (7.5%)
 train    L_charged_cluster   = +0.0000 (0.0%)
 train  L_beta              = +0.0415 (3.1%)
 train    L_beta_noise        = +0.0000 (0.0%)
 train    L_beta_sig          = -0.5358 (-40.5%)
 train    L_beta_suppress     = +0.0000 (0.0%)
 train    L_beta_track        = +0.5773 (43.6%)
 train      L_beta_norms_term   = -0.6035 (-45.6%)
 train      L_beta_logbeta_term = +0.0678 (5.1%)
 train  L_E   = +1.0005 (75.6%)
 train    L_E_charge = +0.0000 (0.0%)
 train    L_E_cond = +0.5019 (38.0%)
 train    L_E_cluster = +0.4986 (37.7%)
 train    L_E_w_photon   = +0.0000 (0.0%)
 train    L_E_w_charged_hadron   = +0.0000 (0.0%)
 train    L_E_w_neutral_hadron   = +0.0000 (0.0%)
 train    L_E_w_muon     = +0.0000 (0.0%)
 train    L_E_w_electron = +0.0000 (0.0%)
learning rate :  [0.00019945246344205893, 0.0001978158526933439, 0.00019510809880370062, 0.00019135886849137794, 0.00018660923910825467, 0.000180911248587776, 0.00017432732530646558, 0.00016692960410556788, 0.0001587991359666327, 0.000150025, 0.00014070332747542625, 0.000130936248587776, 0.00012083077349723503, 0.00011049761990360197, 0.00010005, 8.960238009639805e-05, 7.926922650276498e-05, 6.916375141222402e-05, 5.939667252457379e-05, 5.0075000000000025e-05, 4.130086403336732e-05, 3.3170395894432155e-05, 2.5772674693534433e-05, 1.9188751412224014e-05, 1.3490760891745352e-05, 8.741131508622033e-06, 4.991901196299404e-06, 2.284147306656121e-06, 6.475365579410847e-07, 1e-07, 0.0001995474186611798, 0.00019819377329140754, 0.00019595132271276903, 0.00019284037490495648, 0.00018888910309305962, 0.00018413329060647658, 0.0001786160068195416, 0.00017238721710860177, 0.00016550333035783126, 0.00015802668811164128, 0.000150025, 0.00014157073054953858, 0.00013274044293357632, 0.00012361410560416728, 0.00011427436808541487, 0.00010480581248658307, 9.529418751341697e-05, 8.582563191458516e-05, 7.648589439583274e-05, 6.735955706642371e-05, 5.852926945046146e-05, 5.0075000000000025e-05, 4.207331188835876e-05, 3.459666964216877e-05, 2.7712782891398233e-05, 2.148399318045841e-05, 1.596670939352343e-05, 1.121089690694041e-05, 7.259625095043547e-06, 4.1486772872309995e-06, 1.9062267085924648e-06, 5.525813388201954e-07, 1e-07, 0.00019963992897982554, 0.00019856231023925348, 0.00019677490804600323, 0.00019429060067383536, 0.00019112728761429417, 0.00018730776061046076, 0.00018285953944192205, 0.00017781467364412804, 0.00017220951159075472, 0.00016608443860283864, 0.00015948358597161347, 0.00015245451299154532, 0.00014504786429452645, 0.00013731700495414186, 0.00012931763598909122, 0.00012110739303607285, 0.00011274543108370053]
train loss :  2.3225696086883545
[rank 0] epoch=79 valid_batch=500/1563
[rank 0] epoch=79 valid_batch=1000/1563
[rank 0] epoch=79 valid_batch=1500/1563
[rank 0] epoch=79 valid_batch=2000/1563
[rank 0] epoch=79 valid_batch=2500/1563
[rank 0] epoch=79 valid_batch=3000/1563
test   L_V                   = +0.2975 (18.4%)
    L_V_attractive      = +0.0982 (6.1%)
      L_V_attractive_charged      = +0.0858 (5.3%)
      L_V_attractive_neutral      = +0.0124 (0.8%)
    L_V_repulsive       = +0.1993 (12.3%)
      L_V_repulsive_charged       = +0.0931 (5.7%)
      L_V_repulsive_neutral       = +0.1062 (6.6%)
    L_charged_cluster   = +0.0000 (0.0%)
  L_beta              = +0.0454 (2.8%)
    L_beta_noise        = +0.0000 (0.0%)
    L_beta_sig          = -0.5308 (-32.8%)
    L_beta_suppress     = +0.0000 (0.0%)
    L_beta_track        = +0.5763 (35.6%)
      L_beta_norms_term   = -0.5984 (-36.9%)
      L_beta_logbeta_term = +0.0676 (4.2%)
  L_E   = +1.2774 (78.8%)
    L_E_charge = +0.0000 (0.0%)
    L_E_cond = +0.6661 (41.1%)
    L_E_cluster = +0.6114 (37.7%)
    L_E_w_photon   = +0.0000 (0.0%)
    L_E_w_charged_hadron   = +0.0000 (0.0%)
    L_E_w_neutral_hadron   = +0.0000 (0.0%)
    L_E_w_muon     = +0.0000 (0.0%)
    L_E_w_electron = +0.0000 (0.0%)
Returning 2.620387554168701
[rank 0] epoch=80 train_batch=500/12500 loss=2.199759
[rank 0] epoch=80 train_batch=1000/12500 loss=2.277473
[rank 0] epoch=80 train_batch=1500/12500 loss=2.431523
[rank 0] epoch=80 train_batch=2000/12500 loss=2.173545
[rank 0] epoch=80 train_batch=2500/12500 loss=2.488324
[rank 0] epoch=80 train_batch=3000/12500 loss=2.252340
[rank 0] epoch=80 train_batch=3500/12500 loss=2.201917
[rank 0] epoch=80 train_batch=4000/12500 loss=2.262933
[rank 0] epoch=80 train_batch=4500/12500 loss=2.426893
[rank 0] epoch=80 train_batch=5000/12500 loss=2.320127
[rank 0] epoch=80 train_batch=5500/12500 loss=2.388080
[rank 0] epoch=80 train_batch=6000/12500 loss=2.230715
[rank 0] epoch=80 train_batch=6500/12500 loss=2.253628
[rank 0] epoch=80 train_batch=7000/12500 loss=2.948113
[rank 0] epoch=80 train_batch=7500/12500 loss=2.289248
[rank 0] epoch=80 train_batch=8000/12500 loss=2.293852
[rank 0] epoch=80 train_batch=8500/12500 loss=2.261370
[rank 0] epoch=80 train_batch=9000/12500 loss=2.861382
[rank 0] epoch=80 train_batch=9500/12500 loss=2.298285
[rank 0] epoch=80 train_batch=10000/12500 loss=2.253914
[rank 0] epoch=80 train_batch=10500/12500 loss=2.275350
[rank 0] epoch=80 train_batch=11000/12500 loss=2.073610
[rank 0] epoch=80 train_batch=11500/12500 loss=2.395983
[rank 0] epoch=80 train_batch=12000/12500 loss=2.186776
[rank 0] epoch=80 train_batch=12500/12500 loss=2.412651
[rank 0] epoch=80 train_batch=13000/12500 loss=2.321656
[rank 0] epoch=80 train_batch=13500/12500 loss=2.875205
[rank 0] epoch=80 train_batch=14000/12500 loss=2.175888
[rank 0] epoch=80 train_batch=14500/12500 loss=2.417248
[rank 0] epoch=80 train_batch=15000/12500 loss=2.248515
[rank 0] epoch=80 train_batch=15500/12500 loss=2.543573
[rank 0] epoch=80 train_batch=16000/12500 loss=2.263352
[rank 0] epoch=80 train_batch=16500/12500 loss=2.127782
[rank 0] epoch=80 train_batch=17000/12500 loss=2.275380
[rank 0] epoch=80 train_batch=17500/12500 loss=2.128458
[rank 0] epoch=80 train_batch=18000/12500 loss=2.263349
[rank 0] epoch=80 train_batch=18500/12500 loss=2.346740
[rank 0] epoch=80 train_batch=19000/12500 loss=2.487047
[rank 0] epoch=80 train_batch=19500/12500 loss=2.718957
[rank 0] epoch=80 train_batch=20000/12500 loss=2.221920
[rank 0] epoch=80 train_batch=20500/12500 loss=2.263242
[rank 0] epoch=80 train_batch=21000/12500 loss=2.417192
[rank 0] epoch=80 train_batch=21500/12500 loss=2.465286
[rank 0] epoch=80 train_batch=22000/12500 loss=2.329699
[rank 0] epoch=80 train_batch=22500/12500 loss=2.324039
[rank 0] epoch=80 train_batch=23000/12500 loss=2.311632
[rank 0] epoch=80 train_batch=23500/12500 loss=2.193347
[rank 0] epoch=80 train_batch=24000/12500 loss=2.284883
[rank 0] epoch=80 train_batch=24500/12500 loss=2.447802
[rank 0] epoch=80 train_batch=25000/12500 loss=2.102481
Training epoch 80
[1.49892948e+00 5.09306613e-02 1.40017433e+00 4.15695777e-02
 4.06039966e-01 3.95423333e-08 4.58844885e-01 3.48293830e-02
 8.41952607e-01 5.41557255e-08 7.69941307e-01 3.07629372e-01
 4.47115288e+00 2.42732501e-01 1.20642458e+00 2.88030547e-01
 3.41986185e+00 2.67618338e-01 3.97802386e+00 6.18350710e-02
 2.41199965e-01 1.45640374e-01 7.21450185e-01 1.02820934e-07
 6.03727322e-01 1.05364369e-01 9.41849808e-01 9.28287108e-08
 3.02652471e-01 1.03724618e-01 1.03021703e+00 7.35090832e-02
 4.33172466e-01 1.68452046e-01 9.18521388e-01 1.25134038e-01
 1.81864461e+00 3.27094851e-02 8.67346676e-02 5.28166224e-02
 8.44720779e-01 1.18430364e-07 6.14511352e-01 2.67844808e-02
 8.07211890e-01 2.78236770e-08 2.58335521e-01 1.20273243e-01
 8.99578987e-01 6.21076008e-02 7.43172500e-01 1.85265691e-01
 9.38825274e-01 1.01197608e-01 1.85840866e+00 2.89834808e-02
 3.54508759e-01 3.49509122e-02 1.82066860e+00 6.31395252e-08
 7.75574329e-01 1.41725867e-02 1.26861704e+00 8.51209011e-08
 2.21845860e-01 1.81825657e-01 1.26907504e+00 9.33490254e-02
 5.85393757e-01 2.41943618e-01 1.08313000e+00 1.17927694e-01
 1.16626559e+00 3.36595902e-02 3.67938638e-01 3.83023206e-02
 1.28678439e+00 1.99674411e-02 3.79004231e-01 1.92865579e-01
 1.42162236e+00 1.01857056e-01 8.94535177e-01 2.62017036e-01
 2.48373210e+00 9.14511205e-02 4.38695538e+00 9.19329119e-01
 7.53822038e+00 5.35497943e-01 4.18366857e+00 3.10709785e+00
 1.87447572e+01 1.49115507e+00 1.51781660e+02 8.33826819e-01
 4.36235284e+01 9.92029630e+00]
train  L_V                   = +0.2781 (21.3%)
 train    L_V_attractive      = +0.1002 (7.7%)
 train      L_V_attractive_charged      = +0.0864 (6.6%)
 train      L_V_attractive_neutral      = +0.0138 (1.1%)
 train    L_V_repulsive       = +0.1779 (13.6%)
 train      L_V_repulsive_charged       = +0.0791 (6.0%)
 train      L_V_repulsive_neutral       = +0.0988 (7.6%)
 train    L_charged_cluster   = +0.0000 (0.0%)
 train  L_beta              = +0.0385 (2.9%)
 train    L_beta_noise        = +0.0000 (0.0%)
 train    L_beta_sig          = -0.5388 (-41.2%)
 train    L_beta_suppress     = +0.0000 (0.0%)
 train    L_beta_track        = +0.5773 (44.1%)
 train      L_beta_norms_term   = -0.6058 (-46.3%)
 train      L_beta_logbeta_term = +0.0670 (5.1%)
 train  L_E   = +0.9916 (75.8%)
 train    L_E_charge = +0.0000 (0.0%)
 train    L_E_cond = +0.4916 (37.6%)
 train    L_E_cluster = +0.5000 (38.2%)
 train    L_E_w_photon   = +0.0000 (0.0%)
 train    L_E_w_charged_hadron   = +0.0000 (0.0%)
 train    L_E_w_neutral_hadron   = +0.0000 (0.0%)
 train    L_E_w_muon     = +0.0000 (0.0%)
 train    L_E_w_electron = +0.0000 (0.0%)
learning rate :  [0.00019945246344205893, 0.0001978158526933439, 0.00019510809880370062, 0.00019135886849137794, 0.00018660923910825467, 0.000180911248587776, 0.00017432732530646558, 0.00016692960410556788, 0.0001587991359666327, 0.000150025, 0.00014070332747542625, 0.000130936248587776, 0.00012083077349723503, 0.00011049761990360197, 0.00010005, 8.960238009639805e-05, 7.926922650276498e-05, 6.916375141222402e-05, 5.939667252457379e-05, 5.0075000000000025e-05, 4.130086403336732e-05, 3.3170395894432155e-05, 2.5772674693534433e-05, 1.9188751412224014e-05, 1.3490760891745352e-05, 8.741131508622033e-06, 4.991901196299404e-06, 2.284147306656121e-06, 6.475365579410847e-07, 1e-07, 0.0001995474186611798, 0.00019819377329140754, 0.00019595132271276903, 0.00019284037490495648, 0.00018888910309305962, 0.00018413329060647658, 0.0001786160068195416, 0.00017238721710860177, 0.00016550333035783126, 0.00015802668811164128, 0.000150025, 0.00014157073054953858, 0.00013274044293357632, 0.00012361410560416728, 0.00011427436808541487, 0.00010480581248658307, 9.529418751341697e-05, 8.582563191458516e-05, 7.648589439583274e-05, 6.735955706642371e-05, 5.852926945046146e-05, 5.0075000000000025e-05, 4.207331188835876e-05, 3.459666964216877e-05, 2.7712782891398233e-05, 2.148399318045841e-05, 1.596670939352343e-05, 1.121089690694041e-05, 7.259625095043547e-06, 4.1486772872309995e-06, 1.9062267085924648e-06, 5.525813388201954e-07, 1e-07, 0.00019963992897982554, 0.00019856231023925348, 0.00019677490804600323, 0.00019429060067383536, 0.00019112728761429417, 0.00018730776061046076, 0.00018285953944192205, 0.00017781467364412804, 0.00017220951159075472, 0.00016608443860283864, 0.00015948358597161347, 0.00015245451299154532, 0.00014504786429452645, 0.00013731700495414186, 0.00012931763598909122, 0.00012110739303607285, 0.00011274543108370053, 0.00010429199825945503]
train loss :  2.3082213401794434
[rank 0] epoch=80 valid_batch=500/1563
[rank 0] epoch=80 valid_batch=1000/1563
[rank 0] epoch=80 valid_batch=1500/1563
[rank 0] epoch=80 valid_batch=2000/1563
[rank 0] epoch=80 valid_batch=2500/1563
[rank 0] epoch=80 valid_batch=3000/1563
test   L_V                   = +0.2923 (18.9%)
    L_V_attractive      = +0.0980 (6.3%)
      L_V_attractive_charged      = +0.0847 (5.5%)
      L_V_attractive_neutral      = +0.0133 (0.9%)
    L_V_repulsive       = +0.1942 (12.6%)
      L_V_repulsive_charged       = +0.0905 (5.8%)
      L_V_repulsive_neutral       = +0.1037 (6.7%)
    L_charged_cluster   = +0.0000 (0.0%)
  L_beta              = +0.0413 (2.7%)
    L_beta_noise        = +0.0000 (0.0%)
    L_beta_sig          = -0.5350 (-34.6%)
    L_beta_suppress     = +0.0000 (0.0%)
    L_beta_track        = +0.5763 (37.2%)
      L_beta_norms_term   = -0.6036 (-39.0%)
      L_beta_logbeta_term = +0.0686 (4.4%)
  L_E   = +1.2137 (78.4%)
    L_E_charge = +0.0000 (0.0%)
    L_E_cond = +0.7213 (46.6%)
    L_E_cluster = +0.4924 (31.8%)
    L_E_w_photon   = +0.0000 (0.0%)
    L_E_w_charged_hadron   = +0.0000 (0.0%)
    L_E_w_neutral_hadron   = +0.0000 (0.0%)
    L_E_w_muon     = +0.0000 (0.0%)
    L_E_w_electron = +0.0000 (0.0%)
Returning 2.5472631454467773
[rank 0] epoch=81 train_batch=500/12500 loss=2.360819
[rank 0] epoch=81 train_batch=1000/12500 loss=2.359379
[rank 0] epoch=81 train_batch=1500/12500 loss=2.323662
[rank 0] epoch=81 train_batch=2000/12500 loss=2.461227
[rank 0] epoch=81 train_batch=2500/12500 loss=2.315961
[rank 0] epoch=81 train_batch=3000/12500 loss=2.345295
[rank 0] epoch=81 train_batch=3500/12500 loss=2.543392
[rank 0] epoch=81 train_batch=4000/12500 loss=2.421100
[rank 0] epoch=81 train_batch=4500/12500 loss=2.330758
[rank 0] epoch=81 train_batch=5000/12500 loss=2.523409
[rank 0] epoch=81 train_batch=5500/12500 loss=2.343930
[rank 0] epoch=81 train_batch=6000/12500 loss=2.293143
[rank 0] epoch=81 train_batch=6500/12500 loss=2.420612
[rank 0] epoch=81 train_batch=7000/12500 loss=2.361275
[rank 0] epoch=81 train_batch=7500/12500 loss=2.327088
[rank 0] epoch=81 train_batch=8000/12500 loss=2.395730
[rank 0] epoch=81 train_batch=8500/12500 loss=2.449207
[rank 0] epoch=81 train_batch=9000/12500 loss=2.389686
[rank 0] epoch=81 train_batch=9500/12500 loss=2.573538
[rank 0] epoch=81 train_batch=10000/12500 loss=2.565061
[rank 0] epoch=81 train_batch=10500/12500 loss=2.193083
[rank 0] epoch=81 train_batch=11000/12500 loss=2.215893
[rank 0] epoch=81 train_batch=11500/12500 loss=2.302854
[rank 0] epoch=81 train_batch=12000/12500 loss=2.359015
[rank 0] epoch=81 train_batch=12500/12500 loss=2.049067
[rank 0] epoch=81 train_batch=13000/12500 loss=2.158949
[rank 0] epoch=81 train_batch=13500/12500 loss=2.185541
[rank 0] epoch=81 train_batch=14000/12500 loss=2.265066
[rank 0] epoch=81 train_batch=14500/12500 loss=2.288052
[rank 0] epoch=81 train_batch=15000/12500 loss=2.440393
[rank 0] epoch=81 train_batch=15500/12500 loss=2.295862
[rank 0] epoch=81 train_batch=16000/12500 loss=2.222479
[rank 0] epoch=81 train_batch=16500/12500 loss=2.079375
[rank 0] epoch=81 train_batch=17000/12500 loss=2.163479
[rank 0] epoch=81 train_batch=17500/12500 loss=2.314030
[rank 0] epoch=81 train_batch=18000/12500 loss=2.120102
[rank 0] epoch=81 train_batch=18500/12500 loss=2.318640
[rank 0] epoch=81 train_batch=19000/12500 loss=2.177472
[rank 0] epoch=81 train_batch=19500/12500 loss=2.270422
[rank 0] epoch=81 train_batch=20000/12500 loss=2.343340
[rank 0] epoch=81 train_batch=20500/12500 loss=2.184673
[rank 0] epoch=81 train_batch=21000/12500 loss=2.161807
[rank 0] epoch=81 train_batch=21500/12500 loss=2.095031
[rank 0] epoch=81 train_batch=22000/12500 loss=2.110589
[rank 0] epoch=81 train_batch=22500/12500 loss=2.310951
[rank 0] epoch=81 train_batch=23000/12500 loss=2.162028
[rank 0] epoch=81 train_batch=23500/12500 loss=2.533521
[rank 0] epoch=81 train_batch=24000/12500 loss=2.236317
[rank 0] epoch=81 train_batch=24500/12500 loss=2.168513
[rank 0] epoch=81 train_batch=25000/12500 loss=2.196465
Training epoch 81
[1.49141804e+00 5.25344112e-02 1.38610173e+00 3.97962246e-02
 3.92442866e-01 4.26100152e-08 4.66688561e-01 3.46488410e-02
 8.51939402e-01 5.38566929e-08 7.66400849e-01 3.09363102e-01
 4.49119667e+00 2.42325207e-01 1.21552615e+00 3.04004221e-01
 3.42532390e+00 2.77462303e-01 4.02577620e+00 6.30481204e-02
 2.42608765e-01 1.39653874e-01 7.82870178e-01 1.07917592e-07
 6.26470494e-01 1.06318928e-01 9.59502691e-01 9.34364369e-08
 3.13323110e-01 1.04435975e-01 1.06461144e+00 7.45365148e-02
 4.40548996e-01 1.75325299e-01 9.34460446e-01 1.30889122e-01
 1.86950023e+00 3.26250258e-02 8.65103522e-02 5.10283175e-02
 8.77322071e-01 1.22870334e-07 6.27556754e-01 2.81311849e-02
 8.12566255e-01 2.85270908e-08 2.65603253e-01 1.23772157e-01
 9.23800550e-01 6.45266725e-02 7.53847224e-01 1.85188209e-01
 9.69903495e-01 1.04885733e-01 1.90218687e+00 3.00225719e-02
 3.79081762e-01 3.27789664e-02 1.89663066e+00 6.38156770e-08
 7.82376754e-01 1.45423171e-02 1.30506270e+00 8.47877768e-08
 2.23856200e-01 1.90471545e-01 1.31863760e+00 9.77678626e-02
 6.41395885e-01 2.48229969e-01 1.11316238e+00 1.21097092e-01
 1.19155692e+00 3.57680259e-02 3.96616141e-01 3.66202450e-02
 1.30369885e+00 1.84431136e-02 3.87783984e-01 1.97521936e-01
 1.41682270e+00 1.04175726e-01 9.01423327e-01 2.82267863e-01
 2.50503234e+00 9.76794332e-02 4.43571280e+00 9.27712195e-01
 7.63682789e+00 5.51262328e-01 4.17984958e+00 2.66988079e+00
 1.34286450e+01 1.03609150e+00 1.30440588e+02 6.81278985e-01
 4.43011124e+01 9.96069062e+00]
train  L_V                   = +0.2765 (21.5%)
 train    L_V_attractive      = +0.0997 (7.8%)
 train      L_V_attractive_charged      = +0.0857 (6.7%)
 train      L_V_attractive_neutral      = +0.0139 (1.1%)
 train    L_V_repulsive       = +0.1768 (13.8%)
 train      L_V_repulsive_charged       = +0.0784 (6.1%)
 train      L_V_repulsive_neutral       = +0.0984 (7.7%)
 train    L_charged_cluster   = +0.0000 (0.0%)
 train  L_beta              = +0.0365 (2.8%)
 train    L_beta_noise        = +0.0000 (0.0%)
 train    L_beta_sig          = -0.5410 (-42.1%)
 train    L_beta_suppress     = +0.0000 (0.0%)
 train    L_beta_track        = +0.5775 (45.0%)
 train      L_beta_norms_term   = -0.6076 (-47.3%)
 train      L_beta_logbeta_term = +0.0666 (5.2%)
 train  L_E   = +0.9706 (75.6%)
 train    L_E_charge = +0.0000 (0.0%)
 train    L_E_cond = +0.4809 (37.5%)
 train    L_E_cluster = +0.4898 (38.2%)
 train    L_E_w_photon   = +0.0000 (0.0%)
 train    L_E_w_charged_hadron   = +0.0000 (0.0%)
 train    L_E_w_neutral_hadron   = +0.0000 (0.0%)
 train    L_E_w_muon     = +0.0000 (0.0%)
 train    L_E_w_electron = +0.0000 (0.0%)
learning rate :  [0.00019945246344205893, 0.0001978158526933439, 0.00019510809880370062, 0.00019135886849137794, 0.00018660923910825467, 0.000180911248587776, 0.00017432732530646558, 0.00016692960410556788, 0.0001587991359666327, 0.000150025, 0.00014070332747542625, 0.000130936248587776, 0.00012083077349723503, 0.00011049761990360197, 0.00010005, 8.960238009639805e-05, 7.926922650276498e-05, 6.916375141222402e-05, 5.939667252457379e-05, 5.0075000000000025e-05, 4.130086403336732e-05, 3.3170395894432155e-05, 2.5772674693534433e-05, 1.9188751412224014e-05, 1.3490760891745352e-05, 8.741131508622033e-06, 4.991901196299404e-06, 2.284147306656121e-06, 6.475365579410847e-07, 1e-07, 0.0001995474186611798, 0.00019819377329140754, 0.00019595132271276903, 0.00019284037490495648, 0.00018888910309305962, 0.00018413329060647658, 0.0001786160068195416, 0.00017238721710860177, 0.00016550333035783126, 0.00015802668811164128, 0.000150025, 0.00014157073054953858, 0.00013274044293357632, 0.00012361410560416728, 0.00011427436808541487, 0.00010480581248658307, 9.529418751341697e-05, 8.582563191458516e-05, 7.648589439583274e-05, 6.735955706642371e-05, 5.852926945046146e-05, 5.0075000000000025e-05, 4.207331188835876e-05, 3.459666964216877e-05, 2.7712782891398233e-05, 2.148399318045841e-05, 1.596670939352343e-05, 1.121089690694041e-05, 7.259625095043547e-06, 4.1486772872309995e-06, 1.9062267085924648e-06, 5.525813388201954e-07, 1e-07, 0.00019963992897982554, 0.00019856231023925348, 0.00019677490804600323, 0.00019429060067383536, 0.00019112728761429417, 0.00018730776061046076, 0.00018285953944192205, 0.00017781467364412804, 0.00017220951159075472, 0.00016608443860283864, 0.00015948358597161347, 0.00015245451299154532, 0.00014504786429452645, 0.00013731700495414186, 0.00012931763598909122, 0.00012110739303607285, 0.00011274543108370053, 0.00010429199825945503, 9.5808001740545e-05]
train loss :  2.2835922241210938
[rank 0] epoch=81 valid_batch=500/1563
[rank 0] epoch=81 valid_batch=1000/1563
[rank 0] epoch=81 valid_batch=1500/1563
[rank 0] epoch=81 valid_batch=2000/1563
[rank 0] epoch=81 valid_batch=2500/1563
[rank 0] epoch=81 valid_batch=3000/1563
test   L_V                   = +0.2583 (13.0%)
    L_V_attractive      = +0.1047 (5.3%)
      L_V_attractive_charged      = +0.0895 (4.5%)
      L_V_attractive_neutral      = +0.0152 (0.8%)
    L_V_repulsive       = +0.1536 (7.7%)
      L_V_repulsive_charged       = +0.0659 (3.3%)
      L_V_repulsive_neutral       = +0.0878 (4.4%)
    L_charged_cluster   = +0.0000 (0.0%)
  L_beta              = +0.0470 (2.4%)
    L_beta_noise        = +0.0000 (0.0%)
    L_beta_sig          = -0.5316 (-26.8%)
    L_beta_suppress     = +0.0000 (0.0%)
    L_beta_track        = +0.5786 (29.2%)
      L_beta_norms_term   = -0.5978 (-30.1%)
      L_beta_logbeta_term = +0.0661 (3.3%)
  L_E   = +1.6782 (84.6%)
    L_E_charge = +0.0000 (0.0%)
    L_E_cond = +0.9404 (47.4%)
    L_E_cluster = +0.7379 (37.2%)
    L_E_w_photon   = +0.0000 (0.0%)
    L_E_w_charged_hadron   = +0.0000 (0.0%)
    L_E_w_neutral_hadron   = +0.0000 (0.0%)
    L_E_w_muon     = +0.0000 (0.0%)
    L_E_w_electron = +0.0000 (0.0%)
Returning 2.983617067337036
[rank 0] epoch=82 train_batch=500/12500 loss=2.325124
[rank 0] epoch=82 train_batch=1000/12500 loss=2.231627
[rank 0] epoch=82 train_batch=1500/12500 loss=2.056341
[rank 0] epoch=82 train_batch=2000/12500 loss=2.212597
[rank 0] epoch=82 train_batch=2500/12500 loss=2.466700
[rank 0] epoch=82 train_batch=3000/12500 loss=2.399011
[rank 0] epoch=82 train_batch=3500/12500 loss=2.355623
[rank 0] epoch=82 train_batch=4000/12500 loss=2.068993
[rank 0] epoch=82 train_batch=4500/12500 loss=2.229809
[rank 0] epoch=82 train_batch=5000/12500 loss=2.072643
[rank 0] epoch=82 train_batch=5500/12500 loss=2.206736
[rank 0] epoch=82 train_batch=6000/12500 loss=2.277933
[rank 0] epoch=82 train_batch=6500/12500 loss=1.983529
[rank 0] epoch=82 train_batch=7000/12500 loss=2.318180
[rank 0] epoch=82 train_batch=7500/12500 loss=2.417328
[rank 0] epoch=82 train_batch=8000/12500 loss=2.267163
[rank 0] epoch=82 train_batch=8500/12500 loss=2.284648
[rank 0] epoch=82 train_batch=9000/12500 loss=2.336901
[rank 0] epoch=82 train_batch=9500/12500 loss=2.304161
[rank 0] epoch=82 train_batch=10000/12500 loss=2.138599
[rank 0] epoch=82 train_batch=10500/12500 loss=2.397767
[rank 0] epoch=82 train_batch=11000/12500 loss=2.131471
[rank 0] epoch=82 train_batch=11500/12500 loss=2.275472
[rank 0] epoch=82 train_batch=12000/12500 loss=2.060831
[rank 0] epoch=82 train_batch=12500/12500 loss=2.228014
[rank 0] epoch=82 train_batch=13000/12500 loss=2.180468
[rank 0] epoch=82 train_batch=13500/12500 loss=2.194752
[rank 0] epoch=82 train_batch=14000/12500 loss=2.304241
[rank 0] epoch=82 train_batch=14500/12500 loss=2.242080
[rank 0] epoch=82 train_batch=15000/12500 loss=2.105459
[rank 0] epoch=82 train_batch=15500/12500 loss=2.261154
[rank 0] epoch=82 train_batch=16000/12500 loss=2.218136
[rank 0] epoch=82 train_batch=16500/12500 loss=2.149327
[rank 0] epoch=82 train_batch=17000/12500 loss=2.071884
[rank 0] epoch=82 train_batch=17500/12500 loss=2.260644
[rank 0] epoch=82 train_batch=18000/12500 loss=2.141601
[rank 0] epoch=82 train_batch=18500/12500 loss=2.276522
[rank 0] epoch=82 train_batch=19000/12500 loss=2.341914
[rank 0] epoch=82 train_batch=19500/12500 loss=2.138004
[rank 0] epoch=82 train_batch=20000/12500 loss=2.208564
[rank 0] epoch=82 train_batch=20500/12500 loss=2.243296
[rank 0] epoch=82 train_batch=21000/12500 loss=2.248431
[rank 0] epoch=82 train_batch=21500/12500 loss=2.103513
[rank 0] epoch=82 train_batch=22000/12500 loss=2.238451
[rank 0] epoch=82 train_batch=22500/12500 loss=2.185501
[rank 0] epoch=82 train_batch=23000/12500 loss=2.217593
[rank 0] epoch=82 train_batch=23500/12500 loss=2.255558
[rank 0] epoch=82 train_batch=24000/12500 loss=2.291197
[rank 0] epoch=82 train_batch=24500/12500 loss=2.182604
[rank 0] epoch=82 train_batch=25000/12500 loss=2.357367
Training epoch 82
[1.54385641e+00 5.02067646e-02 1.41344679e+00 3.78227557e-02
 4.30538073e-01 4.72390879e-08 4.89952573e-01 3.38819382e-02
 9.00196373e-01 5.79588199e-08 8.03013607e-01 3.05205975e-01
 4.64236240e+00 2.41410197e-01 1.26786452e+00 3.29701385e-01
 3.53944115e+00 2.91522439e-01 4.17586550e+00 6.73569631e-02
 2.50074922e-01 1.38778230e-01 8.47745159e-01 1.20508512e-07
 6.47696749e-01 1.06675752e-01 1.01152902e+00 9.67510641e-08
 3.25822374e-01 1.08066929e-01 1.10222482e+00 7.63559532e-02
 4.64076745e-01 1.81849104e-01 9.71081880e-01 1.33814985e-01
 1.95558168e+00 3.29268023e-02 8.83300576e-02 5.41911331e-02
 9.49914638e-01 1.29357860e-07 6.43475764e-01 2.98933244e-02
 8.37701134e-01 2.77066655e-08 2.69627529e-01 1.24218468e-01
 9.50672695e-01 6.36201824e-02 7.80875913e-01 1.92376940e-01
 1.01267921e+00 1.08010678e-01 1.99885990e+00 3.13848600e-02
 3.99922141e-01 3.42985398e-02 2.02083963e+00 6.68312578e-08
 8.08835953e-01 1.46954104e-02 1.32370229e+00 8.84850874e-08
 2.31036001e-01 1.88390094e-01 1.37251968e+00 9.84470321e-02
 6.53550679e-01 2.57886746e-01 1.14898868e+00 1.24036581e-01
 1.21630915e+00 3.62210483e-02 4.33063585e-01 3.82466335e-02
 1.37280938e+00 1.83885590e-02 4.04038117e-01 2.05042785e-01
 1.46562866e+00 1.08084644e-01 9.40726198e-01 3.04783902e-01
 2.60354210e+00 9.92045517e-02 4.66327936e+00 9.78539275e-01
 7.96829167e+00 5.71703672e-01 4.36442201e+00 3.09091000e+00
 1.52590882e+01 1.18837390e+00 1.58571440e+02 9.04720375e-01
 4.41898104e+01 9.97362212e+00]
train  L_V                   = +0.2765 (22.3%)
 train    L_V_attractive      = +0.0999 (8.1%)
 train      L_V_attractive_charged      = +0.0861 (7.0%)
 train      L_V_attractive_neutral      = +0.0138 (1.1%)
 train    L_V_repulsive       = +0.1767 (14.3%)
 train      L_V_repulsive_charged       = +0.0778 (6.3%)
 train      L_V_repulsive_neutral       = +0.0988 (8.0%)
 train    L_charged_cluster   = +0.0000 (0.0%)
 train  L_beta              = +0.0354 (2.9%)
 train    L_beta_noise        = +0.0000 (0.0%)
 train    L_beta_sig          = -0.5420 (-43.8%)
 train    L_beta_suppress     = +0.0000 (0.0%)
 train    L_beta_track        = +0.5775 (46.6%)
 train      L_beta_norms_term   = -0.6085 (-49.1%)
 train      L_beta_logbeta_term = +0.0664 (5.4%)
 train  L_E   = +0.9267 (74.8%)
 train    L_E_charge = +0.0000 (0.0%)
 train    L_E_cond = +0.4703 (38.0%)
 train    L_E_cluster = +0.4564 (36.8%)
 train    L_E_w_photon   = +0.0000 (0.0%)
 train    L_E_w_charged_hadron   = +0.0000 (0.0%)
 train    L_E_w_neutral_hadron   = +0.0000 (0.0%)
 train    L_E_w_muon     = +0.0000 (0.0%)
 train    L_E_w_electron = +0.0000 (0.0%)
learning rate :  [0.00019945246344205893, 0.0001978158526933439, 0.00019510809880370062, 0.00019135886849137794, 0.00018660923910825467, 0.000180911248587776, 0.00017432732530646558, 0.00016692960410556788, 0.0001587991359666327, 0.000150025, 0.00014070332747542625, 0.000130936248587776, 0.00012083077349723503, 0.00011049761990360197, 0.00010005, 8.960238009639805e-05, 7.926922650276498e-05, 6.916375141222402e-05, 5.939667252457379e-05, 5.0075000000000025e-05, 4.130086403336732e-05, 3.3170395894432155e-05, 2.5772674693534433e-05, 1.9188751412224014e-05, 1.3490760891745352e-05, 8.741131508622033e-06, 4.991901196299404e-06, 2.284147306656121e-06, 6.475365579410847e-07, 1e-07, 0.0001995474186611798, 0.00019819377329140754, 0.00019595132271276903, 0.00019284037490495648, 0.00018888910309305962, 0.00018413329060647658, 0.0001786160068195416, 0.00017238721710860177, 0.00016550333035783126, 0.00015802668811164128, 0.000150025, 0.00014157073054953858, 0.00013274044293357632, 0.00012361410560416728, 0.00011427436808541487, 0.00010480581248658307, 9.529418751341697e-05, 8.582563191458516e-05, 7.648589439583274e-05, 6.735955706642371e-05, 5.852926945046146e-05, 5.0075000000000025e-05, 4.207331188835876e-05, 3.459666964216877e-05, 2.7712782891398233e-05, 2.148399318045841e-05, 1.596670939352343e-05, 1.121089690694041e-05, 7.259625095043547e-06, 4.1486772872309995e-06, 1.9062267085924648e-06, 5.525813388201954e-07, 1e-07, 0.00019963992897982554, 0.00019856231023925348, 0.00019677490804600323, 0.00019429060067383536, 0.00019112728761429417, 0.00018730776061046076, 0.00018285953944192205, 0.00017781467364412804, 0.00017220951159075472, 0.00016608443860283864, 0.00015948358597161347, 0.00015245451299154532, 0.00014504786429452645, 0.00013731700495414186, 0.00012931763598909122, 0.00012110739303607285, 0.00011274543108370053, 0.00010429199825945503, 9.5808001740545e-05, 8.735456891629948e-05]
train loss :  2.238690137863159
[rank 0] epoch=82 valid_batch=500/1563
[rank 0] epoch=82 valid_batch=1000/1563
[rank 0] epoch=82 valid_batch=1500/1563
[rank 0] epoch=82 valid_batch=2000/1563
[rank 0] epoch=82 valid_batch=2500/1563
[rank 0] epoch=82 valid_batch=3000/1563
test   L_V                   = +0.3146 (21.5%)
    L_V_attractive      = +0.1132 (7.7%)
      L_V_attractive_charged      = +0.0985 (6.7%)
      L_V_attractive_neutral      = +0.0147 (1.0%)
    L_V_repulsive       = +0.2014 (13.8%)
      L_V_repulsive_charged       = +0.0900 (6.2%)
      L_V_repulsive_neutral       = +0.1114 (7.6%)
    L_charged_cluster   = +0.0000 (0.0%)
  L_beta              = +0.0213 (1.5%)
    L_beta_noise        = +0.0000 (0.0%)
    L_beta_sig          = -0.5544 (-37.9%)
    L_beta_suppress     = +0.0000 (0.0%)
    L_beta_track        = +0.5757 (39.4%)
      L_beta_norms_term   = -0.6177 (-42.2%)
      L_beta_logbeta_term = +0.0633 (4.3%)
  L_E   = +1.1264 (77.0%)
    L_E_charge = +0.0000 (0.0%)
    L_E_cond = +0.6541 (44.7%)
    L_E_cluster = +0.4723 (32.3%)
    L_E_w_photon   = +0.0000 (0.0%)
    L_E_w_charged_hadron   = +0.0000 (0.0%)
    L_E_w_neutral_hadron   = +0.0000 (0.0%)
    L_E_w_muon     = +0.0000 (0.0%)
    L_E_w_electron = +0.0000 (0.0%)
Returning 2.462367296218872
[rank 0] epoch=83 train_batch=500/12500 loss=2.230360
[rank 0] epoch=83 train_batch=1000/12500 loss=2.144953
[rank 0] epoch=83 train_batch=1500/12500 loss=2.285846
[rank 0] epoch=83 train_batch=2000/12500 loss=2.167860
[rank 0] epoch=83 train_batch=2500/12500 loss=1.996646
[rank 0] epoch=83 train_batch=3000/12500 loss=2.143121
[rank 0] epoch=83 train_batch=3500/12500 loss=2.190533
[rank 0] epoch=83 train_batch=4000/12500 loss=2.253188
[rank 0] epoch=83 train_batch=4500/12500 loss=2.387966
[rank 0] epoch=83 train_batch=5000/12500 loss=2.160237
[rank 0] epoch=83 train_batch=5500/12500 loss=2.075394
[rank 0] epoch=83 train_batch=6000/12500 loss=2.146151
[rank 0] epoch=83 train_batch=6500/12500 loss=2.100250
[rank 0] epoch=83 train_batch=7000/12500 loss=2.145732
[rank 0] epoch=83 train_batch=7500/12500 loss=2.141065
[rank 0] epoch=83 train_batch=8000/12500 loss=2.170183
[rank 0] epoch=83 train_batch=8500/12500 loss=2.263003
[rank 0] epoch=83 train_batch=9000/12500 loss=2.195288
[rank 0] epoch=83 train_batch=9500/12500 loss=2.111285
[rank 0] epoch=83 train_batch=10000/12500 loss=2.160417
[rank 0] epoch=83 train_batch=10500/12500 loss=2.234960
[rank 0] epoch=83 train_batch=11000/12500 loss=2.217650
[rank 0] epoch=83 train_batch=11500/12500 loss=2.145795
[rank 0] epoch=83 train_batch=12000/12500 loss=2.269804
[rank 0] epoch=83 train_batch=12500/12500 loss=2.181931
[rank 0] epoch=83 train_batch=13000/12500 loss=2.025542
[rank 0] epoch=83 train_batch=13500/12500 loss=2.092358
[rank 0] epoch=83 train_batch=14000/12500 loss=2.321335
[rank 0] epoch=83 train_batch=14500/12500 loss=2.242269
[rank 0] epoch=83 train_batch=15000/12500 loss=2.081396
[rank 0] epoch=83 train_batch=15500/12500 loss=2.256244
[rank 0] epoch=83 train_batch=16000/12500 loss=2.258042
[rank 0] epoch=83 train_batch=16500/12500 loss=2.184751
[rank 0] epoch=83 train_batch=17000/12500 loss=2.186662
[rank 0] epoch=83 train_batch=17500/12500 loss=2.183712
[rank 0] epoch=83 train_batch=18000/12500 loss=2.196162
[rank 0] epoch=83 train_batch=18500/12500 loss=2.450463
[rank 0] epoch=83 train_batch=19000/12500 loss=2.258662
[rank 0] epoch=83 train_batch=19500/12500 loss=2.227418
[rank 0] epoch=83 train_batch=20000/12500 loss=2.342951
[rank 0] epoch=83 train_batch=20500/12500 loss=2.147272
[rank 0] epoch=83 train_batch=21000/12500 loss=2.171062
[rank 0] epoch=83 train_batch=21500/12500 loss=2.272098
[rank 0] epoch=83 train_batch=22000/12500 loss=2.303061
[rank 0] epoch=83 train_batch=22500/12500 loss=2.160702
[rank 0] epoch=83 train_batch=23000/12500 loss=2.219594
[rank 0] epoch=83 train_batch=23500/12500 loss=2.206347
[rank 0] epoch=83 train_batch=24000/12500 loss=2.173559
[rank 0] epoch=83 train_batch=24500/12500 loss=2.095415
[rank 0] epoch=83 train_batch=25000/12500 loss=2.297447
Training epoch 83
[1.57518760e+00 4.99378739e-02 1.45211796e+00 3.74516111e-02
 4.56509942e-01 5.05544574e-08 5.29592685e-01 3.37965767e-02
 9.52006672e-01 6.24253637e-08 8.44320279e-01 2.99679559e-01
 4.79789272e+00 2.36173102e-01 1.29147926e+00 3.50028445e-01
 3.62278244e+00 2.99907574e-01 4.22235593e+00 7.00123122e-02
 2.49712899e-01 1.36177032e-01 8.84366239e-01 1.28547416e-07
 6.60193930e-01 1.04644033e-01 1.04457641e+00 9.99497424e-08
 3.43970669e-01 1.13442162e-01 1.16063546e+00 7.97238459e-02
 4.85645211e-01 2.01282930e-01 9.91760362e-01 1.48948322e-01
 1.97688303e+00 3.55842048e-02 9.30086481e-02 5.87838203e-02
 9.66754964e-01 1.37532667e-07 6.71245481e-01 3.24953038e-02
 8.82860323e-01 3.01666005e-08 2.84758199e-01 1.26326073e-01
 9.96756974e-01 6.73140885e-02 8.11284403e-01 1.95790073e-01
 1.04442199e+00 1.10394761e-01 2.07120120e+00 3.26011091e-02
 4.21337743e-01 3.46601117e-02 2.16788235e+00 6.99311950e-08
 8.42693772e-01 1.48498775e-02 1.36917075e+00 9.08441053e-08
 2.39711280e-01 1.94072314e-01 1.42592100e+00 1.03805681e-01
 6.88240830e-01 2.59144292e-01 1.18615746e+00 1.24604834e-01
 1.23426100e+00 3.49664680e-02 4.49958983e-01 3.86549460e-02
 1.35786809e+00 1.74891241e-02 4.05658770e-01 2.07950545e-01
 1.49425016e+00 1.09365540e-01 9.61585603e-01 3.22841323e-01
 2.65993973e+00 1.01194181e-01 4.89186426e+00 1.02447842e+00
 8.20196828e+00 5.89086617e-01 4.47949604e+00 3.32104450e+00
 1.60897119e+01 1.25408898e+00 1.58964715e+02 1.03536280e+00
 4.39837798e+01 9.96195335e+00]
train  L_V                   = +0.2765 (22.7%)
 train    L_V_attractive      = +0.1004 (8.2%)
 train      L_V_attractive_charged      = +0.0865 (7.1%)
 train      L_V_attractive_neutral      = +0.0139 (1.1%)
 train    L_V_repulsive       = +0.1761 (14.4%)
 train      L_V_repulsive_charged       = +0.0773 (6.3%)
 train      L_V_repulsive_neutral       = +0.0989 (8.1%)
 train    L_charged_cluster   = +0.0000 (0.0%)
 train  L_beta              = +0.0355 (2.9%)
 train    L_beta_noise        = +0.0000 (0.0%)
 train    L_beta_sig          = -0.5419 (-44.4%)
 train    L_beta_suppress     = +0.0000 (0.0%)
 train    L_beta_track        = +0.5775 (47.4%)
 train      L_beta_norms_term   = -0.6084 (-49.9%)
 train      L_beta_logbeta_term = +0.0664 (5.4%)
 train  L_E   = +0.9075 (74.4%)
 train    L_E_charge = +0.0000 (0.0%)
 train    L_E_cond = +0.4611 (37.8%)
 train    L_E_cluster = +0.4464 (36.6%)
 train    L_E_w_photon   = +0.0000 (0.0%)
 train    L_E_w_charged_hadron   = +0.0000 (0.0%)
 train    L_E_w_neutral_hadron   = +0.0000 (0.0%)
 train    L_E_w_muon     = +0.0000 (0.0%)
 train    L_E_w_electron = +0.0000 (0.0%)
learning rate :  [0.00019945246344205893, 0.0001978158526933439, 0.00019510809880370062, 0.00019135886849137794, 0.00018660923910825467, 0.000180911248587776, 0.00017432732530646558, 0.00016692960410556788, 0.0001587991359666327, 0.000150025, 0.00014070332747542625, 0.000130936248587776, 0.00012083077349723503, 0.00011049761990360197, 0.00010005, 8.960238009639805e-05, 7.926922650276498e-05, 6.916375141222402e-05, 5.939667252457379e-05, 5.0075000000000025e-05, 4.130086403336732e-05, 3.3170395894432155e-05, 2.5772674693534433e-05, 1.9188751412224014e-05, 1.3490760891745352e-05, 8.741131508622033e-06, 4.991901196299404e-06, 2.284147306656121e-06, 6.475365579410847e-07, 1e-07, 0.0001995474186611798, 0.00019819377329140754, 0.00019595132271276903, 0.00019284037490495648, 0.00018888910309305962, 0.00018413329060647658, 0.0001786160068195416, 0.00017238721710860177, 0.00016550333035783126, 0.00015802668811164128, 0.000150025, 0.00014157073054953858, 0.00013274044293357632, 0.00012361410560416728, 0.00011427436808541487, 0.00010480581248658307, 9.529418751341697e-05, 8.582563191458516e-05, 7.648589439583274e-05, 6.735955706642371e-05, 5.852926945046146e-05, 5.0075000000000025e-05, 4.207331188835876e-05, 3.459666964216877e-05, 2.7712782891398233e-05, 2.148399318045841e-05, 1.596670939352343e-05, 1.121089690694041e-05, 7.259625095043547e-06, 4.1486772872309995e-06, 1.9062267085924648e-06, 5.525813388201954e-07, 1e-07, 0.00019963992897982554, 0.00019856231023925348, 0.00019677490804600323, 0.00019429060067383536, 0.00019112728761429417, 0.00018730776061046076, 0.00018285953944192205, 0.00017781467364412804, 0.00017220951159075472, 0.00016608443860283864, 0.00015948358597161347, 0.00015245451299154532, 0.00014504786429452645, 0.00013731700495414186, 0.00012931763598909122, 0.00012110739303607285, 0.00011274543108370053, 0.00010429199825945503, 9.5808001740545e-05, 8.735456891629948e-05, 7.899260696392719e-05]
train loss :  2.219527244567871
[rank 0] epoch=83 valid_batch=500/1563
[rank 0] epoch=83 valid_batch=1000/1563
[rank 0] epoch=83 valid_batch=1500/1563
[rank 0] epoch=83 valid_batch=2000/1563
[rank 0] epoch=83 valid_batch=2500/1563
[rank 0] epoch=83 valid_batch=3000/1563
test   L_V                   = +11.5637 (92.5%)
    L_V_attractive      = +11.3811 (91.0%)
      L_V_attractive_charged      = +4.1510 (33.2%)
      L_V_attractive_neutral      = +7.2301 (57.8%)
    L_V_repulsive       = +0.1826 (1.5%)
      L_V_repulsive_charged       = +0.0810 (0.6%)
      L_V_repulsive_neutral       = +0.1016 (0.8%)
    L_charged_cluster   = +0.0000 (0.0%)
  L_beta              = +0.0306 (0.2%)
    L_beta_noise        = +0.0000 (0.0%)
    L_beta_sig          = -0.5463 (-4.4%)
    L_beta_suppress     = +0.0000 (0.0%)
    L_beta_track        = +0.5769 (4.6%)
      L_beta_norms_term   = -0.6140 (-4.9%)
      L_beta_logbeta_term = +0.0677 (0.5%)
  L_E   = +0.9122 (7.3%)
    L_E_charge = +0.0000 (0.0%)
    L_E_cond = +0.4654 (3.7%)
    L_E_cluster = +0.4468 (3.6%)
    L_E_w_photon   = +0.0000 (0.0%)
    L_E_w_charged_hadron   = +0.0000 (0.0%)
    L_E_w_neutral_hadron   = +0.0000 (0.0%)
    L_E_w_muon     = +0.0000 (0.0%)
    L_E_w_electron = +0.0000 (0.0%)
Returning 13.506567001342773
[rank 0] epoch=84 train_batch=500/12500 loss=2.213860
[rank 0] epoch=84 train_batch=1000/12500 loss=2.226444
[rank 0] epoch=84 train_batch=1500/12500 loss=2.203162
[rank 0] epoch=84 train_batch=2000/12500 loss=2.235708
[rank 0] epoch=84 train_batch=2500/12500 loss=2.266863
[rank 0] epoch=84 train_batch=3000/12500 loss=2.357861
[rank 0] epoch=84 train_batch=3500/12500 loss=2.317385
[rank 0] epoch=84 train_batch=4000/12500 loss=2.180953
[rank 0] epoch=84 train_batch=4500/12500 loss=2.018847
[rank 0] epoch=84 train_batch=5000/12500 loss=2.174518
[rank 0] epoch=84 train_batch=5500/12500 loss=2.146320
[rank 0] epoch=84 train_batch=6000/12500 loss=2.156767
[rank 0] epoch=84 train_batch=6500/12500 loss=2.086967
[rank 0] epoch=84 train_batch=7000/12500 loss=2.107483
[rank 0] epoch=84 train_batch=7500/12500 loss=2.178982
[rank 0] epoch=84 train_batch=8000/12500 loss=2.246823
[rank 0] epoch=84 train_batch=8500/12500 loss=2.154492
[rank 0] epoch=84 train_batch=9000/12500 loss=2.186469
[rank 0] epoch=84 train_batch=9500/12500 loss=2.113404
[rank 0] epoch=84 train_batch=10000/12500 loss=2.254404
[rank 0] epoch=84 train_batch=10500/12500 loss=2.187197
[rank 0] epoch=84 train_batch=11000/12500 loss=2.116949
[rank 0] epoch=84 train_batch=11500/12500 loss=2.144014
[rank 0] epoch=84 train_batch=12000/12500 loss=1.967702
[rank 0] epoch=84 train_batch=12500/12500 loss=2.170262
[rank 0] epoch=84 train_batch=13000/12500 loss=2.058399
[rank 0] epoch=84 train_batch=13500/12500 loss=2.380674
[rank 0] epoch=84 train_batch=14000/12500 loss=2.138992
[rank 0] epoch=84 train_batch=14500/12500 loss=2.147731
[rank 0] epoch=84 train_batch=15000/12500 loss=2.183182
[rank 0] epoch=84 train_batch=15500/12500 loss=2.333192
[rank 0] epoch=84 train_batch=16000/12500 loss=2.165269
[rank 0] epoch=84 train_batch=16500/12500 loss=2.124818
[rank 0] epoch=84 train_batch=17000/12500 loss=2.234228
[rank 0] epoch=84 train_batch=17500/12500 loss=2.008608
[rank 0] epoch=84 train_batch=18000/12500 loss=2.052330
[rank 0] epoch=84 train_batch=18500/12500 loss=2.190190
[rank 0] epoch=84 train_batch=19000/12500 loss=2.218345
[rank 0] epoch=84 train_batch=19500/12500 loss=2.242541
[rank 0] epoch=84 train_batch=20000/12500 loss=2.287584
[rank 0] epoch=84 train_batch=20500/12500 loss=2.218035
[rank 0] epoch=84 train_batch=21000/12500 loss=2.347871
[rank 0] epoch=84 train_batch=21500/12500 loss=2.310859
[rank 0] epoch=84 train_batch=22000/12500 loss=2.236660
[rank 0] epoch=84 train_batch=22500/12500 loss=2.210155
[rank 0] epoch=84 train_batch=23000/12500 loss=2.116604
[rank 0] epoch=84 train_batch=23500/12500 loss=2.101015
[rank 0] epoch=84 train_batch=24000/12500 loss=2.004902
[rank 0] epoch=84 train_batch=24500/12500 loss=2.136567
[rank 0] epoch=84 train_batch=25000/12500 loss=2.251236
Training epoch 84
[1.62918108e+00 5.11225319e-02 1.52280081e+00 3.58991876e-02
 5.74914184e-01 5.50577710e-08 5.52652020e-01 3.32639051e-02
 9.96597840e-01 6.42118168e-08 8.65531620e-01 3.00977467e-01
 4.86783674e+00 2.36636820e-01 1.31950469e+00 3.66430573e-01
 3.85525850e+00 3.15977484e-01 4.37899060e+00 7.20306426e-02
 2.62140276e-01 1.32841202e-01 9.19264246e-01 1.35018792e-07
 6.97387658e-01 1.03505906e-01 1.08102985e+00 1.01622765e-07
 3.58670826e-01 1.12321789e-01 1.20790987e+00 7.93907659e-02
 5.02454708e-01 2.05501775e-01 1.04634859e+00 1.52326375e-01
 2.11650064e+00 3.44030823e-02 9.82748577e-02 6.44140129e-02
 1.03611260e+00 1.40497381e-07 7.06109320e-01 3.45583196e-02
 9.16568739e-01 3.14624897e-08 2.98992537e-01 1.28532433e-01
 1.03689537e+00 6.84584404e-02 8.28113396e-01 1.96476365e-01
 1.07378788e+00 1.10823036e-01 2.17423429e+00 3.42764081e-02
 4.16876015e-01 3.46064085e-02 2.31139027e+00 7.23325269e-08
 8.69312635e-01 1.48673177e-02 1.38423505e+00 9.66450942e-08
 2.49307560e-01 1.97341132e-01 1.48573551e+00 1.06761918e-01
 7.15932825e-01 2.48824323e-01 1.21908011e+00 1.21793074e-01
 1.24796311e+00 3.38424782e-02 4.59550870e-01 3.92749950e-02
 1.38712090e+00 1.76456739e-02 4.14356386e-01 2.13644797e-01
 1.52548185e+00 1.10093801e-01 9.91167121e-01 3.29427562e-01
 2.71193446e+00 1.03506292e-01 5.11986667e+00 1.07269717e+00
 8.48285365e+00 6.11910167e-01 4.60623704e+00 3.43398914e+00
 1.63839813e+01 1.27850594e+00 1.56281483e+02 1.10754242e+00
 4.36839816e+01 9.95482476e+00]
train  L_V                   = +0.2762 (23.1%)
 train    L_V_attractive      = +0.1007 (8.4%)
 train      L_V_attractive_charged      = +0.0867 (7.3%)
 train      L_V_attractive_neutral      = +0.0140 (1.2%)
 train    L_V_repulsive       = +0.1755 (14.7%)
 train      L_V_repulsive_charged       = +0.0770 (6.4%)
 train      L_V_repulsive_neutral       = +0.0985 (8.2%)
 train    L_charged_cluster   = +0.0000 (0.0%)
 train  L_beta              = +0.0342 (2.9%)
 train    L_beta_noise        = +0.0000 (0.0%)
 train    L_beta_sig          = -0.5432 (-45.5%)
 train    L_beta_suppress     = +0.0000 (0.0%)
 train    L_beta_track        = +0.5774 (48.3%)
 train      L_beta_norms_term   = -0.6095 (-51.0%)
 train      L_beta_logbeta_term = +0.0664 (5.6%)
 train  L_E   = +0.8839 (74.0%)
 train    L_E_charge = +0.0000 (0.0%)
 train    L_E_cond = +0.4534 (38.0%)
 train    L_E_cluster = +0.4305 (36.0%)
 train    L_E_w_photon   = +0.0000 (0.0%)
 train    L_E_w_charged_hadron   = +0.0000 (0.0%)
 train    L_E_w_neutral_hadron   = +0.0000 (0.0%)
 train    L_E_w_muon     = +0.0000 (0.0%)
 train    L_E_w_electron = +0.0000 (0.0%)
learning rate :  [0.00019945246344205893, 0.0001978158526933439, 0.00019510809880370062, 0.00019135886849137794, 0.00018660923910825467, 0.000180911248587776, 0.00017432732530646558, 0.00016692960410556788, 0.0001587991359666327, 0.000150025, 0.00014070332747542625, 0.000130936248587776, 0.00012083077349723503, 0.00011049761990360197, 0.00010005, 8.960238009639805e-05, 7.926922650276498e-05, 6.916375141222402e-05, 5.939667252457379e-05, 5.0075000000000025e-05, 4.130086403336732e-05, 3.3170395894432155e-05, 2.5772674693534433e-05, 1.9188751412224014e-05, 1.3490760891745352e-05, 8.741131508622033e-06, 4.991901196299404e-06, 2.284147306656121e-06, 6.475365579410847e-07, 1e-07, 0.0001995474186611798, 0.00019819377329140754, 0.00019595132271276903, 0.00019284037490495648, 0.00018888910309305962, 0.00018413329060647658, 0.0001786160068195416, 0.00017238721710860177, 0.00016550333035783126, 0.00015802668811164128, 0.000150025, 0.00014157073054953858, 0.00013274044293357632, 0.00012361410560416728, 0.00011427436808541487, 0.00010480581248658307, 9.529418751341697e-05, 8.582563191458516e-05, 7.648589439583274e-05, 6.735955706642371e-05, 5.852926945046146e-05, 5.0075000000000025e-05, 4.207331188835876e-05, 3.459666964216877e-05, 2.7712782891398233e-05, 2.148399318045841e-05, 1.596670939352343e-05, 1.121089690694041e-05, 7.259625095043547e-06, 4.1486772872309995e-06, 1.9062267085924648e-06, 5.525813388201954e-07, 1e-07, 0.00019963992897982554, 0.00019856231023925348, 0.00019677490804600323, 0.00019429060067383536, 0.00019112728761429417, 0.00018730776061046076, 0.00018285953944192205, 0.00017781467364412804, 0.00017220951159075472, 0.00016608443860283864, 0.00015948358597161347, 0.00015245451299154532, 0.00014504786429452645, 0.00013731700495414186, 0.00012931763598909122, 0.00012110739303607285, 0.00011274543108370053, 0.00010429199825945503, 9.5808001740545e-05, 8.735456891629948e-05, 7.899260696392719e-05, 7.07823640109088e-05]
train loss :  2.1944010257720947
[rank 0] epoch=84 valid_batch=500/1563
[rank 0] epoch=84 valid_batch=1000/1563
[rank 0] epoch=84 valid_batch=1500/1563
[rank 0] epoch=84 valid_batch=2000/1563
[rank 0] epoch=84 valid_batch=2500/1563
[rank 0] epoch=84 valid_batch=3000/1563
test   L_V                   = +0.2960 (19.4%)
    L_V_attractive      = +0.1030 (6.7%)
      L_V_attractive_charged      = +0.0893 (5.9%)
      L_V_attractive_neutral      = +0.0136 (0.9%)
    L_V_repulsive       = +0.1930 (12.7%)
      L_V_repulsive_charged       = +0.0855 (5.6%)
      L_V_repulsive_neutral       = +0.1075 (7.0%)
    L_charged_cluster   = +0.0000 (0.0%)
  L_beta              = +0.0270 (1.8%)
    L_beta_noise        = +0.0000 (0.0%)
    L_beta_sig          = -0.5490 (-36.0%)
    L_beta_suppress     = +0.0000 (0.0%)
    L_beta_track        = +0.5761 (37.8%)
      L_beta_norms_term   = -0.6115 (-40.1%)
      L_beta_logbeta_term = +0.0624 (4.1%)
  L_E   = +1.2026 (78.8%)
    L_E_charge = +0.0000 (0.0%)
    L_E_cond = +0.7039 (46.1%)
    L_E_cluster = +0.4987 (32.7%)
    L_E_w_photon   = +0.0000 (0.0%)
    L_E_w_charged_hadron   = +0.0000 (0.0%)
    L_E_w_neutral_hadron   = +0.0000 (0.0%)
    L_E_w_muon     = +0.0000 (0.0%)
    L_E_w_electron = +0.0000 (0.0%)
Returning 2.5255961418151855
[rank 0] epoch=85 train_batch=500/12500 loss=2.050125
[rank 0] epoch=85 train_batch=1000/12500 loss=2.223409
[rank 0] epoch=85 train_batch=1500/12500 loss=2.180658
[rank 0] epoch=85 train_batch=2000/12500 loss=2.231065
[rank 0] epoch=85 train_batch=2500/12500 loss=2.231548
[rank 0] epoch=85 train_batch=3000/12500 loss=2.081077
[rank 0] epoch=85 train_batch=3500/12500 loss=2.219812
[rank 0] epoch=85 train_batch=4000/12500 loss=2.219874
[rank 0] epoch=85 train_batch=4500/12500 loss=2.222015
[rank 0] epoch=85 train_batch=5000/12500 loss=2.192890
[rank 0] epoch=85 train_batch=5500/12500 loss=2.068050
[rank 0] epoch=85 train_batch=6000/12500 loss=2.039441
[rank 0] epoch=85 train_batch=6500/12500 loss=2.134809
[rank 0] epoch=85 train_batch=7000/12500 loss=2.236450
[rank 0] epoch=85 train_batch=7500/12500 loss=2.080974
[rank 0] epoch=85 train_batch=8000/12500 loss=2.147587
[rank 0] epoch=85 train_batch=8500/12500 loss=2.222351
[rank 0] epoch=85 train_batch=9000/12500 loss=1.992181
[rank 0] epoch=85 train_batch=9500/12500 loss=2.036831
[rank 0] epoch=85 train_batch=10000/12500 loss=2.038702
[rank 0] epoch=85 train_batch=10500/12500 loss=2.102643
[rank 0] epoch=85 train_batch=11000/12500 loss=2.173593
[rank 0] epoch=85 train_batch=11500/12500 loss=2.076487
[rank 0] epoch=85 train_batch=12000/12500 loss=2.081494
[rank 0] epoch=85 train_batch=12500/12500 loss=2.035221
[rank 0] epoch=85 train_batch=13000/12500 loss=2.084226
[rank 0] epoch=85 train_batch=13500/12500 loss=2.118022
[rank 0] epoch=85 train_batch=14000/12500 loss=2.160083
[rank 0] epoch=85 train_batch=14500/12500 loss=2.181467
[rank 0] epoch=85 train_batch=15000/12500 loss=2.150480
[rank 0] epoch=85 train_batch=15500/12500 loss=2.468075
[rank 0] epoch=85 train_batch=16000/12500 loss=2.253934
[rank 0] epoch=85 train_batch=16500/12500 loss=2.124009
[rank 0] epoch=85 train_batch=17000/12500 loss=2.210340
[rank 0] epoch=85 train_batch=17500/12500 loss=2.349671
[rank 0] epoch=85 train_batch=18000/12500 loss=2.325444
[rank 0] epoch=85 train_batch=18500/12500 loss=2.175406
[rank 0] epoch=85 train_batch=19000/12500 loss=2.164591
[rank 0] epoch=85 train_batch=19500/12500 loss=2.449737
[rank 0] epoch=85 train_batch=20000/12500 loss=2.148899
[rank 0] epoch=85 train_batch=20500/12500 loss=2.086127
[rank 0] epoch=85 train_batch=21000/12500 loss=2.301264
[rank 0] epoch=85 train_batch=21500/12500 loss=2.553609
[rank 0] epoch=85 train_batch=22000/12500 loss=2.267507
[rank 0] epoch=85 train_batch=22500/12500 loss=2.220824
[rank 0] epoch=85 train_batch=23000/12500 loss=2.322120
[rank 0] epoch=85 train_batch=23500/12500 loss=2.245553
[rank 0] epoch=85 train_batch=24000/12500 loss=2.207692
[rank 0] epoch=85 train_batch=24500/12500 loss=2.330108
[rank 0] epoch=85 train_batch=25000/12500 loss=2.349110
Training epoch 85
[1.68743629e+00 5.33252840e-02 1.54681770e+00 3.51085662e-02
 6.31931325e-01 5.85208585e-08 5.75472037e-01 3.31555505e-02
 9.99799525e-01 6.33816493e-08 8.70581939e-01 2.92802668e-01
 4.86472905e+00 2.33025980e-01 1.32032308e+00 3.79374010e-01
 3.90653340e+00 3.20386269e-01 4.40176295e+00 7.14932468e-02
 2.66890953e-01 1.36934043e-01 9.34272090e-01 1.37682661e-07
 7.14276353e-01 1.04136968e-01 1.10621467e+00 1.02202963e-07
 3.73325237e-01 1.15010207e-01 1.24989347e+00 8.05379555e-02
 5.15781021e-01 2.25479442e-01 1.06302076e+00 1.64182957e-01
 2.16731699e+00 3.46479789e-02 1.01412664e-01 6.76678005e-02
 1.07680299e+00 1.47861267e-07 7.36531027e-01 3.69886333e-02
 9.46225836e-01 3.40442824e-08 3.09923089e-01 1.29338486e-01
 1.06820849e+00 6.94676621e-02 8.58626203e-01 2.01490413e-01
 1.10092138e+00 1.14802468e-01 2.25476032e+00 3.55495140e-02
 4.47579785e-01 3.43361744e-02 2.44796716e+00 7.53834422e-08
 8.85845849e-01 1.51213832e-02 1.41822951e+00 9.73054992e-08
 2.53263584e-01 2.06745360e-01 1.54138476e+00 1.11343454e-01
 7.29774150e-01 2.34275991e-01 1.22126432e+00 1.18008152e-01
 1.23859022e+00 3.30309444e-02 4.72311135e-01 3.81949803e-02
 1.37839131e+00 1.73377082e-02 4.18448970e-01 2.25022250e-01
 1.52818867e+00 1.12799041e-01 9.84527435e-01 3.31775294e-01
 2.71167326e+00 1.05909275e-01 5.15782627e+00 1.11518159e+00
 8.57839525e+00 6.33351417e-01 4.61330459e+00 3.38752695e+00
 1.54346774e+01 1.18976469e+00 1.43591515e+02 1.06314126e+00
 4.34298119e+01 9.93167778e+00]
train  L_V                   = +0.2751 (22.5%)
 train    L_V_attractive      = +0.1005 (8.2%)
 train      L_V_attractive_charged      = +0.0863 (7.1%)
 train      L_V_attractive_neutral      = +0.0142 (1.2%)
 train    L_V_repulsive       = +0.1746 (14.3%)
 train      L_V_repulsive_charged       = +0.0769 (6.3%)
 train      L_V_repulsive_neutral       = +0.0977 (8.0%)
 train    L_charged_cluster   = +0.0000 (0.0%)
 train  L_beta              = +0.0341 (2.8%)
 train    L_beta_noise        = +0.0000 (0.0%)
 train    L_beta_sig          = -0.5432 (-44.5%)
 train    L_beta_suppress     = +0.0000 (0.0%)
 train    L_beta_track        = +0.5773 (47.3%)
 train      L_beta_norms_term   = -0.6097 (-49.9%)
 train      L_beta_logbeta_term = +0.0665 (5.4%)
 train  L_E   = +0.9121 (74.7%)
 train    L_E_charge = +0.0000 (0.0%)
 train    L_E_cond = +0.4491 (36.8%)
 train    L_E_cluster = +0.4631 (37.9%)
 train    L_E_w_photon   = +0.0000 (0.0%)
 train    L_E_w_charged_hadron   = +0.0000 (0.0%)
 train    L_E_w_neutral_hadron   = +0.0000 (0.0%)
 train    L_E_w_muon     = +0.0000 (0.0%)
 train    L_E_w_electron = +0.0000 (0.0%)
learning rate :  [0.00019945246344205893, 0.0001978158526933439, 0.00019510809880370062, 0.00019135886849137794, 0.00018660923910825467, 0.000180911248587776, 0.00017432732530646558, 0.00016692960410556788, 0.0001587991359666327, 0.000150025, 0.00014070332747542625, 0.000130936248587776, 0.00012083077349723503, 0.00011049761990360197, 0.00010005, 8.960238009639805e-05, 7.926922650276498e-05, 6.916375141222402e-05, 5.939667252457379e-05, 5.0075000000000025e-05, 4.130086403336732e-05, 3.3170395894432155e-05, 2.5772674693534433e-05, 1.9188751412224014e-05, 1.3490760891745352e-05, 8.741131508622033e-06, 4.991901196299404e-06, 2.284147306656121e-06, 6.475365579410847e-07, 1e-07, 0.0001995474186611798, 0.00019819377329140754, 0.00019595132271276903, 0.00019284037490495648, 0.00018888910309305962, 0.00018413329060647658, 0.0001786160068195416, 0.00017238721710860177, 0.00016550333035783126, 0.00015802668811164128, 0.000150025, 0.00014157073054953858, 0.00013274044293357632, 0.00012361410560416728, 0.00011427436808541487, 0.00010480581248658307, 9.529418751341697e-05, 8.582563191458516e-05, 7.648589439583274e-05, 6.735955706642371e-05, 5.852926945046146e-05, 5.0075000000000025e-05, 4.207331188835876e-05, 3.459666964216877e-05, 2.7712782891398233e-05, 2.148399318045841e-05, 1.596670939352343e-05, 1.121089690694041e-05, 7.259625095043547e-06, 4.1486772872309995e-06, 1.9062267085924648e-06, 5.525813388201954e-07, 1e-07, 0.00019963992897982554, 0.00019856231023925348, 0.00019677490804600323, 0.00019429060067383536, 0.00019112728761429417, 0.00018730776061046076, 0.00018285953944192205, 0.00017781467364412804, 0.00017220951159075472, 0.00016608443860283864, 0.00015948358597161347, 0.00015245451299154532, 0.00014504786429452645, 0.00013731700495414186, 0.00012931763598909122, 0.00012110739303607285, 0.00011274543108370053, 0.00010429199825945503, 9.5808001740545e-05, 8.735456891629948e-05, 7.899260696392719e-05, 7.07823640109088e-05, 6.278299504585817e-05]
train loss :  2.221353054046631
[rank 0] epoch=85 valid_batch=500/1563
[rank 0] epoch=85 valid_batch=1000/1563
[rank 0] epoch=85 valid_batch=1500/1563
[rank 0] epoch=85 valid_batch=2000/1563
[rank 0] epoch=85 valid_batch=2500/1563
[rank 0] epoch=85 valid_batch=3000/1563
test   L_V                   = +0.2424 (12.2%)
    L_V_attractive      = +0.0984 (5.0%)
      L_V_attractive_charged      = +0.0852 (4.3%)
      L_V_attractive_neutral      = +0.0132 (0.7%)
    L_V_repulsive       = +0.1440 (7.3%)
      L_V_repulsive_charged       = +0.0612 (3.1%)
      L_V_repulsive_neutral       = +0.0828 (4.2%)
    L_charged_cluster   = +0.0000 (0.0%)
  L_beta              = +0.0490 (2.5%)
    L_beta_noise        = +0.0000 (0.0%)
    L_beta_sig          = -0.5299 (-26.7%)
    L_beta_suppress     = +0.0000 (0.0%)
    L_beta_track        = +0.5789 (29.2%)
      L_beta_norms_term   = -0.6002 (-30.2%)
      L_beta_logbeta_term = +0.0703 (3.5%)
  L_E   = +1.6930 (85.3%)
    L_E_charge = +0.0000 (0.0%)
    L_E_cond = +0.9110 (45.9%)
    L_E_cluster = +0.7820 (39.4%)
    L_E_w_photon   = +0.0000 (0.0%)
    L_E_w_charged_hadron   = +0.0000 (0.0%)
    L_E_w_neutral_hadron   = +0.0000 (0.0%)
    L_E_w_muon     = +0.0000 (0.0%)
    L_E_w_electron = +0.0000 (0.0%)
Returning 2.9843709468841553
[rank 0] epoch=86 train_batch=500/12500 loss=2.144183
[rank 0] epoch=86 train_batch=1000/12500 loss=2.582847
[rank 0] epoch=86 train_batch=1500/12500 loss=2.460673
[rank 0] epoch=86 train_batch=2000/12500 loss=2.109121
[rank 0] epoch=86 train_batch=2500/12500 loss=2.494670
[rank 0] epoch=86 train_batch=3000/12500 loss=2.342001
[rank 0] epoch=86 train_batch=3500/12500 loss=2.285961
[rank 0] epoch=86 train_batch=4000/12500 loss=2.375956
[rank 0] epoch=86 train_batch=4500/12500 loss=2.357556
[rank 0] epoch=86 train_batch=5000/12500 loss=2.131288
[rank 0] epoch=86 train_batch=5500/12500 loss=2.247047
[rank 0] epoch=86 train_batch=6000/12500 loss=2.239419
[rank 0] epoch=86 train_batch=6500/12500 loss=2.031976
[rank 0] epoch=86 train_batch=7000/12500 loss=2.274100
[rank 0] epoch=86 train_batch=7500/12500 loss=2.346329
[rank 0] epoch=86 train_batch=8000/12500 loss=2.114591
[rank 0] epoch=86 train_batch=8500/12500 loss=2.247619
[rank 0] epoch=86 train_batch=9000/12500 loss=2.415178
[rank 0] epoch=86 train_batch=9500/12500 loss=2.148759
[rank 0] epoch=86 train_batch=10000/12500 loss=2.081430
[rank 0] epoch=86 train_batch=10500/12500 loss=2.385288
[rank 0] epoch=86 train_batch=11000/12500 loss=2.233377
[rank 0] epoch=86 train_batch=11500/12500 loss=2.202129
[rank 0] epoch=86 train_batch=12000/12500 loss=2.301613
[rank 0] epoch=86 train_batch=12500/12500 loss=2.367065
[rank 0] epoch=86 train_batch=13000/12500 loss=2.158550
[rank 0] epoch=86 train_batch=13500/12500 loss=2.352437
[rank 0] epoch=86 train_batch=14000/12500 loss=2.524005
[rank 0] epoch=86 train_batch=14500/12500 loss=2.292368
[rank 0] epoch=86 train_batch=15000/12500 loss=2.312030
[rank 0] epoch=86 train_batch=15500/12500 loss=2.438704
[rank 0] epoch=86 train_batch=16000/12500 loss=2.245808
[rank 0] epoch=86 train_batch=16500/12500 loss=2.253478
[rank 0] epoch=86 train_batch=17000/12500 loss=2.142030
[rank 0] epoch=86 train_batch=17500/12500 loss=2.153613
[rank 0] epoch=86 train_batch=18000/12500 loss=2.259840
[rank 0] epoch=86 train_batch=18500/12500 loss=2.345855
[rank 0] epoch=86 train_batch=19000/12500 loss=2.160759
[rank 0] epoch=86 train_batch=19500/12500 loss=2.248727
[rank 0] epoch=86 train_batch=20000/12500 loss=2.230825
[rank 0] epoch=86 train_batch=20500/12500 loss=2.140242
[rank 0] epoch=86 train_batch=21000/12500 loss=2.358829
[rank 0] epoch=86 train_batch=21500/12500 loss=2.117550
[rank 0] epoch=86 train_batch=22000/12500 loss=2.333067
[rank 0] epoch=86 train_batch=22500/12500 loss=2.132205
[rank 0] epoch=86 train_batch=23000/12500 loss=2.459626
[rank 0] epoch=86 train_batch=23500/12500 loss=2.324771
[rank 0] epoch=86 train_batch=24000/12500 loss=2.340520
[rank 0] epoch=86 train_batch=24500/12500 loss=2.303660
[rank 0] epoch=86 train_batch=25000/12500 loss=2.292377
Training epoch 86
[1.73078378e+00 5.52884588e-02 1.57499343e+00 3.65189641e-02
 6.67155611e-01 6.34891679e-08 5.92984270e-01 3.38678045e-02
 1.00211359e+00 6.52199931e-08 8.88706058e-01 2.92757832e-01
 4.92538539e+00 2.26517801e-01 1.33967460e+00 3.80313374e-01
 3.82886429e+00 3.21338809e-01 4.40898362e+00 7.53434586e-02
 2.80290076e-01 1.39106164e-01 9.68239605e-01 1.43952705e-07
 7.34562115e-01 1.04512431e-01 1.08884868e+00 1.04710278e-07
 3.93640800e-01 1.17209397e-01 1.31846515e+00 8.19135861e-02
 5.39097470e-01 2.30153241e-01 1.07987673e+00 1.67163119e-01
 2.17266782e+00 3.67596645e-02 1.10430155e-01 7.16553361e-02
 1.06328605e+00 1.52009248e-07 7.71155754e-01 3.84585809e-02
 9.36556072e-01 3.41455282e-08 3.17420860e-01 1.30878715e-01
 1.08000556e+00 6.92830912e-02 8.64250524e-01 2.08417301e-01
 1.11703295e+00 1.19995680e-01 2.34433848e+00 3.69339073e-02
 4.66436352e-01 3.39777549e-02 2.44240780e+00 7.49364111e-08
 9.01126405e-01 1.46710901e-02 1.45258297e+00 9.94066384e-08
 2.58991080e-01 2.16206178e-01 1.57586845e+00 1.15739570e-01
 7.64313198e-01 2.30844422e-01 1.23165707e+00 1.19826683e-01
 1.24980651e+00 3.31132470e-02 4.90006769e-01 3.81359924e-02
 1.35494638e+00 1.69907170e-02 4.27075971e-01 2.38358280e-01
 1.53510494e+00 1.13769018e-01 9.94681686e-01 3.40203041e-01
 2.73965703e+00 1.11827273e-01 5.15189566e+00 1.17330020e+00
 8.71234059e+00 6.63934906e-01 4.67127117e+00 3.40558779e+00
 1.45824849e+01 1.11003627e+00 1.32908400e+02 1.04577780e+00
 4.32352987e+01 9.94294555e+00]
train  L_V                   = +0.2751 (22.1%)
 train    L_V_attractive      = +0.1004 (8.1%)
 train      L_V_attractive_charged      = +0.0862 (6.9%)
 train      L_V_attractive_neutral      = +0.0141 (1.1%)
 train    L_V_repulsive       = +0.1748 (14.1%)
 train      L_V_repulsive_charged       = +0.0771 (6.2%)
 train      L_V_repulsive_neutral       = +0.0977 (7.9%)
 train    L_charged_cluster   = +0.0000 (0.0%)
 train  L_beta              = +0.0334 (2.7%)
 train    L_beta_noise        = +0.0000 (0.0%)
 train    L_beta_sig          = -0.5438 (-43.7%)
 train    L_beta_suppress     = +0.0000 (0.0%)
 train    L_beta_track        = +0.5771 (46.4%)
 train      L_beta_norms_term   = -0.6104 (-49.1%)
 train      L_beta_logbeta_term = +0.0667 (5.4%)
 train  L_E   = +0.9347 (75.2%)
 train    L_E_charge = +0.0000 (0.0%)
 train    L_E_cond = +0.4454 (35.8%)
 train    L_E_cluster = +0.4893 (39.4%)
 train    L_E_w_photon   = +0.0000 (0.0%)
 train    L_E_w_charged_hadron   = +0.0000 (0.0%)
 train    L_E_w_neutral_hadron   = +0.0000 (0.0%)
 train    L_E_w_muon     = +0.0000 (0.0%)
 train    L_E_w_electron = +0.0000 (0.0%)
learning rate :  [0.00019945246344205893, 0.0001978158526933439, 0.00019510809880370062, 0.00019135886849137794, 0.00018660923910825467, 0.000180911248587776, 0.00017432732530646558, 0.00016692960410556788, 0.0001587991359666327, 0.000150025, 0.00014070332747542625, 0.000130936248587776, 0.00012083077349723503, 0.00011049761990360197, 0.00010005, 8.960238009639805e-05, 7.926922650276498e-05, 6.916375141222402e-05, 5.939667252457379e-05, 5.0075000000000025e-05, 4.130086403336732e-05, 3.3170395894432155e-05, 2.5772674693534433e-05, 1.9188751412224014e-05, 1.3490760891745352e-05, 8.741131508622033e-06, 4.991901196299404e-06, 2.284147306656121e-06, 6.475365579410847e-07, 1e-07, 0.0001995474186611798, 0.00019819377329140754, 0.00019595132271276903, 0.00019284037490495648, 0.00018888910309305962, 0.00018413329060647658, 0.0001786160068195416, 0.00017238721710860177, 0.00016550333035783126, 0.00015802668811164128, 0.000150025, 0.00014157073054953858, 0.00013274044293357632, 0.00012361410560416728, 0.00011427436808541487, 0.00010480581248658307, 9.529418751341697e-05, 8.582563191458516e-05, 7.648589439583274e-05, 6.735955706642371e-05, 5.852926945046146e-05, 5.0075000000000025e-05, 4.207331188835876e-05, 3.459666964216877e-05, 2.7712782891398233e-05, 2.148399318045841e-05, 1.596670939352343e-05, 1.121089690694041e-05, 7.259625095043547e-06, 4.1486772872309995e-06, 1.9062267085924648e-06, 5.525813388201954e-07, 1e-07, 0.00019963992897982554, 0.00019856231023925348, 0.00019677490804600323, 0.00019429060067383536, 0.00019112728761429417, 0.00018730776061046076, 0.00018285953944192205, 0.00017781467364412804, 0.00017220951159075472, 0.00016608443860283864, 0.00015948358597161347, 0.00015245451299154532, 0.00014504786429452645, 0.00013731700495414186, 0.00012931763598909122, 0.00012110739303607285, 0.00011274543108370053, 0.00010429199825945503, 9.5808001740545e-05, 8.735456891629948e-05, 7.899260696392719e-05, 7.07823640109088e-05, 6.278299504585817e-05, 5.5052135705473545e-05]
train loss :  2.2432053089141846
[rank 0] epoch=86 valid_batch=500/1563
[rank 0] epoch=86 valid_batch=1000/1563
[rank 0] epoch=86 valid_batch=1500/1563
[rank 0] epoch=86 valid_batch=2000/1563
[rank 0] epoch=86 valid_batch=2500/1563
[rank 0] epoch=86 valid_batch=3000/1563
test   L_V                   = +0.2835 (18.8%)
    L_V_attractive      = +0.0887 (5.9%)
      L_V_attractive_charged      = +0.0771 (5.1%)
      L_V_attractive_neutral      = +0.0116 (0.8%)
    L_V_repulsive       = +0.1948 (13.0%)
      L_V_repulsive_charged       = +0.0880 (5.9%)
      L_V_repulsive_neutral       = +0.1068 (7.1%)
    L_charged_cluster   = +0.0000 (0.0%)
  L_beta              = +0.0334 (2.2%)
    L_beta_noise        = +0.0000 (0.0%)
    L_beta_sig          = -0.5430 (-36.1%)
    L_beta_suppress     = +0.0000 (0.0%)
    L_beta_track        = +0.5763 (38.3%)
      L_beta_norms_term   = -0.6108 (-40.6%)
      L_beta_logbeta_term = +0.0679 (4.5%)
  L_E   = +1.1873 (78.9%)
    L_E_charge = +0.0000 (0.0%)
    L_E_cond = +0.6428 (42.7%)
    L_E_cluster = +0.5444 (36.2%)
    L_E_w_photon   = +0.0000 (0.0%)
    L_E_w_charged_hadron   = +0.0000 (0.0%)
    L_E_w_neutral_hadron   = +0.0000 (0.0%)
    L_E_w_muon     = +0.0000 (0.0%)
    L_E_w_electron = +0.0000 (0.0%)
Returning 2.504136085510254
[rank 0] epoch=87 train_batch=500/12500 loss=2.186543
[rank 0] epoch=87 train_batch=1000/12500 loss=2.082574
[rank 0] epoch=87 train_batch=1500/12500 loss=2.342779
[rank 0] epoch=87 train_batch=2000/12500 loss=2.147494
[rank 0] epoch=87 train_batch=2500/12500 loss=2.099532
[rank 0] epoch=87 train_batch=3000/12500 loss=2.168236
[rank 0] epoch=87 train_batch=3500/12500 loss=2.184462
[rank 0] epoch=87 train_batch=4000/12500 loss=2.376715
[rank 0] epoch=87 train_batch=4500/12500 loss=2.103640
[rank 0] epoch=87 train_batch=5000/12500 loss=2.169041
[rank 0] epoch=87 train_batch=5500/12500 loss=2.270191
