['train_energyRegression.py', '-i', '/data/suehara/mldata/pfa/murata/ntau_lessSample/train', '-ii', '/data/suehara/mldata/pfa/murata/ntau_lessSample/validation', '--no-split', '--thetaphi', '--cuda', 'cuda:0', '--epochs', '60', '--beta-track', '--force-track-alpha', '--batch-size', '20', '--output-dimension', '5', '--ckptdir', 'checkpoint/energy_regression/reduced_samples/ckpts_gravnet_new02_2025_01_14_212704_outputD5', '--energy-regression', '--betaE-alpha', 'alpha_modifing', '--momentum', '--restart-period', '30', '--momentum-amp']
Using device:  cuda:0
learning rate : 9e-06 ,  weght decay : 0.0001 , regression coefficient : 1
momentum and energy of virtual hits are NOT MC truth
using detected values
thetaphi at main: True
Loading dataset...
ILCDataset: path='/data/suehara/mldata/pfa/murata/ntau_lessSample/train'
filenames=['/data/suehara/mldata/pfa/murata/ntau_lessSample/train/ntau_10GeV_10_1.h5', '/data/suehara/mldata/pfa/murata/ntau_lessSample/train/ntau_10GeV_10_10.h5', '/data/suehara/mldata/pfa/murata/ntau_lessSample/train/ntau_10GeV_10_100.h5', '/data/suehara/mldata/pfa/murata/ntau_lessSample/train/ntau_10GeV_10_101.h5', '/data/suehara/mldata/pfa/murata/ntau_lessSample/train/ntau_10GeV_10_102.h5', '/data/suehara/mldata/pfa/murata/ntau_lessSample/train/ntau_10GeV_10_103.h5', '/data/suehara/mldata/pfa/murata/ntau_lessSample/train/ntau_10GeV_10_104.h5', '/data/suehara/mldata/pfa/murata/ntau_lessSample/train/ntau_10GeV_10_105.h5', '/data/suehara/mldata/pfa/murata/ntau_lessSample/train/ntau_10GeV_10_106.h5', '/data/suehara/mldata/pfa/murata/ntau_lessSample/train/ntau_10GeV_10_107.h5', '/data/suehara/mldata/pfa/murata/ntau_lessSample/train/ntau_10GeV_10_108.h5', '/data/suehara/mldata/pfa/murata/ntau_lessSample/train/ntau_10GeV_10_109.h5', '/data/suehara/mldata/pfa/murata/ntau_lessSample/train/ntau_10GeV_10_11.h5', '/data/suehara/mldata/pfa/murata/ntau_lessSample/train/ntau_10GeV_10_110.h5', '/data/suehara/mldata/pfa/murata/ntau_lessSample/train/ntau_10GeV_10_111.h5', '/data/suehara/mldata/pfa/murata/ntau_lessSample/train/ntau_10GeV_10_112.h5', '/data/suehara/mldata/pfa/murata/ntau_lessSample/train/ntau_10GeV_10_113.h5', '/data/suehara/mldata/pfa/murata/ntau_lessSample/train/ntau_10GeV_10_114.h5', '/data/suehara/mldata/pfa/murata/ntau_lessSample/train/ntau_10GeV_10_115.h5', '/data/suehara/mldata/pfa/murata/ntau_lessSample/train/ntau_10GeV_10_116.h5', '/data/suehara/mldata/pfa/murata/ntau_lessSample/train/ntau_10GeV_10_117.h5', '/data/suehara/mldata/pfa/murata/ntau_lessSample/train/ntau_10GeV_10_118.h5', '/data/suehara/mldata/pfa/murata/ntau_lessSample/train/ntau_10GeV_10_119.h5', '/data/suehara/mldata/pfa/murata/ntau_lessSample/train/ntau_10GeV_10_12.h5', '/data/suehara/mldata/pfa/murata/ntau_lessSample/train/ntau_10GeV_10_120.h5', '/data/suehara/mldata/pfa/murata/ntau_lessSample/train/ntau_10GeV_10_121.h5', '/data/suehara/mldata/pfa/murata/ntau_lessSample/train/ntau_10GeV_10_122.h5', '/data/suehara/mldata/pfa/murata/ntau_lessSample/train/ntau_10GeV_10_123.h5', '/data/suehara/mldata/pfa/murata/ntau_lessSample/train/ntau_10GeV_10_124.h5', '/data/suehara/mldata/pfa/murata/ntau_lessSample/train/ntau_10GeV_10_13.h5', '/data/suehara/mldata/pfa/murata/ntau_lessSample/train/ntau_10GeV_10_14.h5', '/data/suehara/mldata/pfa/murata/ntau_lessSample/train/ntau_10GeV_10_15.h5', '/data/suehara/mldata/pfa/murata/ntau_lessSample/train/ntau_10GeV_10_16.h5', '/data/suehara/mldata/pfa/murata/ntau_lessSample/train/ntau_10GeV_10_17.h5', '/data/suehara/mldata/pfa/murata/ntau_lessSample/train/ntau_10GeV_10_18.h5', '/data/suehara/mldata/pfa/murata/ntau_lessSample/train/ntau_10GeV_10_19.h5', '/data/suehara/mldata/pfa/murata/ntau_lessSample/train/ntau_10GeV_10_2.h5', '/data/suehara/mldata/pfa/murata/ntau_lessSample/train/ntau_10GeV_10_20.h5', '/data/suehara/mldata/pfa/murata/ntau_lessSample/train/ntau_10GeV_10_200.h5', '/data/suehara/mldata/pfa/murata/ntau_lessSample/train/ntau_10GeV_10_201.h5', '/data/suehara/mldata/pfa/murata/ntau_lessSample/train/ntau_10GeV_10_202.h5', '/data/suehara/mldata/pfa/murata/ntau_lessSample/train/ntau_10GeV_10_203.h5', '/data/suehara/mldata/pfa/murata/ntau_lessSample/train/ntau_10GeV_10_204.h5', '/data/suehara/mldata/pfa/murata/ntau_lessSample/train/ntau_10GeV_10_205.h5', '/data/suehara/mldata/pfa/murata/ntau_lessSample/train/ntau_10GeV_10_206.h5', '/data/suehara/mldata/pfa/murata/ntau_lessSample/train/ntau_10GeV_10_207.h5', '/data/suehara/mldata/pfa/murata/ntau_lessSample/train/ntau_10GeV_10_208.h5', '/data/suehara/mldata/pfa/murata/ntau_lessSample/train/ntau_10GeV_10_209.h5', '/data/suehara/mldata/pfa/murata/ntau_lessSample/train/ntau_10GeV_10_21.h5', '/data/suehara/mldata/pfa/murata/ntau_lessSample/train/ntau_10GeV_10_210.h5', '/data/suehara/mldata/pfa/murata/ntau_lessSample/train/ntau_10GeV_10_211.h5', '/data/suehara/mldata/pfa/murata/ntau_lessSample/train/ntau_10GeV_10_212.h5', '/data/suehara/mldata/pfa/murata/ntau_lessSample/train/ntau_10GeV_10_213.h5', '/data/suehara/mldata/pfa/murata/ntau_lessSample/train/ntau_10GeV_10_214.h5', '/data/suehara/mldata/pfa/murata/ntau_lessSample/train/ntau_10GeV_10_215.h5', '/data/suehara/mldata/pfa/murata/ntau_lessSample/train/ntau_10GeV_10_216.h5', '/data/suehara/mldata/pfa/murata/ntau_lessSample/train/ntau_10GeV_10_217.h5', '/data/suehara/mldata/pfa/murata/ntau_lessSample/train/ntau_10GeV_10_218.h5', '/data/suehara/mldata/pfa/murata/ntau_lessSample/train/ntau_10GeV_10_219.h5', '/data/suehara/mldata/pfa/murata/ntau_lessSample/train/ntau_10GeV_10_22.h5', '/data/suehara/mldata/pfa/murata/ntau_lessSample/train/ntau_10GeV_10_220.h5', '/data/suehara/mldata/pfa/murata/ntau_lessSample/train/ntau_10GeV_10_221.h5', '/data/suehara/mldata/pfa/murata/ntau_lessSample/train/ntau_10GeV_10_222.h5', '/data/suehara/mldata/pfa/murata/ntau_lessSample/train/ntau_10GeV_10_223.h5', '/data/suehara/mldata/pfa/murata/ntau_lessSample/train/ntau_10GeV_10_224.h5', '/data/suehara/mldata/pfa/murata/ntau_lessSample/train/ntau_10GeV_10_23.h5', '/data/suehara/mldata/pfa/murata/ntau_lessSample/train/ntau_10GeV_10_24.h5', '/data/suehara/mldata/pfa/murata/ntau_lessSample/train/ntau_10GeV_10_3.h5', '/data/suehara/mldata/pfa/murata/ntau_lessSample/train/ntau_10GeV_10_300.h5', '/data/suehara/mldata/pfa/murata/ntau_lessSample/train/ntau_10GeV_10_301.h5', '/data/suehara/mldata/pfa/murata/ntau_lessSample/train/ntau_10GeV_10_302.h5', '/data/suehara/mldata/pfa/murata/ntau_lessSample/train/ntau_10GeV_10_303.h5', '/data/suehara/mldata/pfa/murata/ntau_lessSample/train/ntau_10GeV_10_304.h5', '/data/suehara/mldata/pfa/murata/ntau_lessSample/train/ntau_10GeV_10_305.h5', '/data/suehara/mldata/pfa/murata/ntau_lessSample/train/ntau_10GeV_10_306.h5', '/data/suehara/mldata/pfa/murata/ntau_lessSample/train/ntau_10GeV_10_307.h5', '/data/suehara/mldata/pfa/murata/ntau_lessSample/train/ntau_10GeV_10_308.h5', '/data/suehara/mldata/pfa/murata/ntau_lessSample/train/ntau_10GeV_10_309.h5', '/data/suehara/mldata/pfa/murata/ntau_lessSample/train/ntau_10GeV_10_310.h5', '/data/suehara/mldata/pfa/murata/ntau_lessSample/train/ntau_10GeV_10_311.h5', '/data/suehara/mldata/pfa/murata/ntau_lessSample/train/ntau_10GeV_10_312.h5', '/data/suehara/mldata/pfa/murata/ntau_lessSample/train/ntau_10GeV_10_313.h5', '/data/suehara/mldata/pfa/murata/ntau_lessSample/train/ntau_10GeV_10_314.h5', '/data/suehara/mldata/pfa/murata/ntau_lessSample/train/ntau_10GeV_10_315.h5', '/data/suehara/mldata/pfa/murata/ntau_lessSample/train/ntau_10GeV_10_316.h5', '/data/suehara/mldata/pfa/murata/ntau_lessSample/train/ntau_10GeV_10_317.h5', '/data/suehara/mldata/pfa/murata/ntau_lessSample/train/ntau_10GeV_10_318.h5', '/data/suehara/mldata/pfa/murata/ntau_lessSample/train/ntau_10GeV_10_319.h5', '/data/suehara/mldata/pfa/murata/ntau_lessSample/train/ntau_10GeV_10_320.h5', '/data/suehara/mldata/pfa/murata/ntau_lessSample/train/ntau_10GeV_10_321.h5', '/data/suehara/mldata/pfa/murata/ntau_lessSample/train/ntau_10GeV_10_322.h5', '/data/suehara/mldata/pfa/murata/ntau_lessSample/train/ntau_10GeV_10_323.h5', '/data/suehara/mldata/pfa/murata/ntau_lessSample/train/ntau_10GeV_10_324.h5', '/data/suehara/mldata/pfa/murata/ntau_lessSample/train/ntau_10GeV_10_4.h5', '/data/suehara/mldata/pfa/murata/ntau_lessSample/train/ntau_10GeV_10_400.h5', '/data/suehara/mldata/pfa/murata/ntau_lessSample/train/ntau_10GeV_10_401.h5', '/data/suehara/mldata/pfa/murata/ntau_lessSample/train/ntau_10GeV_10_402.h5', '/data/suehara/mldata/pfa/murata/ntau_lessSample/train/ntau_10GeV_10_403.h5', '/data/suehara/mldata/pfa/murata/ntau_lessSample/train/ntau_10GeV_10_404.h5', '/data/suehara/mldata/pfa/murata/ntau_lessSample/train/ntau_10GeV_10_405.h5', '/data/suehara/mldata/pfa/murata/ntau_lessSample/train/ntau_10GeV_10_406.h5', '/data/suehara/mldata/pfa/murata/ntau_lessSample/train/ntau_10GeV_10_407.h5', '/data/suehara/mldata/pfa/murata/ntau_lessSample/train/ntau_10GeV_10_408.h5', '/data/suehara/mldata/pfa/murata/ntau_lessSample/train/ntau_10GeV_10_409.h5', '/data/suehara/mldata/pfa/murata/ntau_lessSample/train/ntau_10GeV_10_410.h5', '/data/suehara/mldata/pfa/murata/ntau_lessSample/train/ntau_10GeV_10_411.h5', '/data/suehara/mldata/pfa/murata/ntau_lessSample/train/ntau_10GeV_10_412.h5', '/data/suehara/mldata/pfa/murata/ntau_lessSample/train/ntau_10GeV_10_413.h5', '/data/suehara/mldata/pfa/murata/ntau_lessSample/train/ntau_10GeV_10_414.h5', '/data/suehara/mldata/pfa/murata/ntau_lessSample/train/ntau_10GeV_10_415.h5', '/data/suehara/mldata/pfa/murata/ntau_lessSample/train/ntau_10GeV_10_416.h5', '/data/suehara/mldata/pfa/murata/ntau_lessSample/train/ntau_10GeV_10_417.h5', '/data/suehara/mldata/pfa/murata/ntau_lessSample/train/ntau_10GeV_10_418.h5', '/data/suehara/mldata/pfa/murata/ntau_lessSample/train/ntau_10GeV_10_419.h5', '/data/suehara/mldata/pfa/murata/ntau_lessSample/train/ntau_10GeV_10_420.h5', '/data/suehara/mldata/pfa/murata/ntau_lessSample/train/ntau_10GeV_10_421.h5', '/data/suehara/mldata/pfa/murata/ntau_lessSample/train/ntau_10GeV_10_422.h5', '/data/suehara/mldata/pfa/murata/ntau_lessSample/train/ntau_10GeV_10_423.h5', '/data/suehara/mldata/pfa/murata/ntau_lessSample/train/ntau_10GeV_10_424.h5', '/data/suehara/mldata/pfa/murata/ntau_lessSample/train/ntau_10GeV_10_5.h5', '/data/suehara/mldata/pfa/murata/ntau_lessSample/train/ntau_10GeV_10_500.h5', '/data/suehara/mldata/pfa/murata/ntau_lessSample/train/ntau_10GeV_10_501.h5', '/data/suehara/mldata/pfa/murata/ntau_lessSample/train/ntau_10GeV_10_502.h5', '/data/suehara/mldata/pfa/murata/ntau_lessSample/train/ntau_10GeV_10_503.h5', '/data/suehara/mldata/pfa/murata/ntau_lessSample/train/ntau_10GeV_10_504.h5', '/data/suehara/mldata/pfa/murata/ntau_lessSample/train/ntau_10GeV_10_505.h5', '/data/suehara/mldata/pfa/murata/ntau_lessSample/train/ntau_10GeV_10_506.h5', '/data/suehara/mldata/pfa/murata/ntau_lessSample/train/ntau_10GeV_10_507.h5', '/data/suehara/mldata/pfa/murata/ntau_lessSample/train/ntau_10GeV_10_508.h5', '/data/suehara/mldata/pfa/murata/ntau_lessSample/train/ntau_10GeV_10_509.h5', '/data/suehara/mldata/pfa/murata/ntau_lessSample/train/ntau_10GeV_10_510.h5', '/data/suehara/mldata/pfa/murata/ntau_lessSample/train/ntau_10GeV_10_511.h5', '/data/suehara/mldata/pfa/murata/ntau_lessSample/train/ntau_10GeV_10_512.h5', '/data/suehara/mldata/pfa/murata/ntau_lessSample/train/ntau_10GeV_10_513.h5', '/data/suehara/mldata/pfa/murata/ntau_lessSample/train/ntau_10GeV_10_514.h5', '/data/suehara/mldata/pfa/murata/ntau_lessSample/train/ntau_10GeV_10_515.h5', '/data/suehara/mldata/pfa/murata/ntau_lessSample/train/ntau_10GeV_10_516.h5', '/data/suehara/mldata/pfa/murata/ntau_lessSample/train/ntau_10GeV_10_517.h5', '/data/suehara/mldata/pfa/murata/ntau_lessSample/train/ntau_10GeV_10_518.h5', '/data/suehara/mldata/pfa/murata/ntau_lessSample/train/ntau_10GeV_10_519.h5', '/data/suehara/mldata/pfa/murata/ntau_lessSample/train/ntau_10GeV_10_520.h5', '/data/suehara/mldata/pfa/murata/ntau_lessSample/train/ntau_10GeV_10_521.h5', '/data/suehara/mldata/pfa/murata/ntau_lessSample/train/ntau_10GeV_10_522.h5', '/data/suehara/mldata/pfa/murata/ntau_lessSample/train/ntau_10GeV_10_523.h5', '/data/suehara/mldata/pfa/murata/ntau_lessSample/train/ntau_10GeV_10_524.h5', '/data/suehara/mldata/pfa/murata/ntau_lessSample/train/ntau_10GeV_10_6.h5', '/data/suehara/mldata/pfa/murata/ntau_lessSample/train/ntau_10GeV_10_600.h5', '/data/suehara/mldata/pfa/murata/ntau_lessSample/train/ntau_10GeV_10_601.h5', '/data/suehara/mldata/pfa/murata/ntau_lessSample/train/ntau_10GeV_10_602.h5', '/data/suehara/mldata/pfa/murata/ntau_lessSample/train/ntau_10GeV_10_603.h5', '/data/suehara/mldata/pfa/murata/ntau_lessSample/train/ntau_10GeV_10_604.h5', '/data/suehara/mldata/pfa/murata/ntau_lessSample/train/ntau_10GeV_10_605.h5', '/data/suehara/mldata/pfa/murata/ntau_lessSample/train/ntau_10GeV_10_606.h5', '/data/suehara/mldata/pfa/murata/ntau_lessSample/train/ntau_10GeV_10_607.h5', '/data/suehara/mldata/pfa/murata/ntau_lessSample/train/ntau_10GeV_10_608.h5', '/data/suehara/mldata/pfa/murata/ntau_lessSample/train/ntau_10GeV_10_609.h5', '/data/suehara/mldata/pfa/murata/ntau_lessSample/train/ntau_10GeV_10_610.h5', '/data/suehara/mldata/pfa/murata/ntau_lessSample/train/ntau_10GeV_10_611.h5', '/data/suehara/mldata/pfa/murata/ntau_lessSample/train/ntau_10GeV_10_612.h5', '/data/suehara/mldata/pfa/murata/ntau_lessSample/train/ntau_10GeV_10_613.h5', '/data/suehara/mldata/pfa/murata/ntau_lessSample/train/ntau_10GeV_10_614.h5', '/data/suehara/mldata/pfa/murata/ntau_lessSample/train/ntau_10GeV_10_615.h5', '/data/suehara/mldata/pfa/murata/ntau_lessSample/train/ntau_10GeV_10_616.h5', '/data/suehara/mldata/pfa/murata/ntau_lessSample/train/ntau_10GeV_10_617.h5', '/data/suehara/mldata/pfa/murata/ntau_lessSample/train/ntau_10GeV_10_618.h5', '/data/suehara/mldata/pfa/murata/ntau_lessSample/train/ntau_10GeV_10_619.h5', '/data/suehara/mldata/pfa/murata/ntau_lessSample/train/ntau_10GeV_10_620.h5', '/data/suehara/mldata/pfa/murata/ntau_lessSample/train/ntau_10GeV_10_621.h5', '/data/suehara/mldata/pfa/murata/ntau_lessSample/train/ntau_10GeV_10_622.h5', '/data/suehara/mldata/pfa/murata/ntau_lessSample/train/ntau_10GeV_10_623.h5', '/data/suehara/mldata/pfa/murata/ntau_lessSample/train/ntau_10GeV_10_624.h5', '/data/suehara/mldata/pfa/murata/ntau_lessSample/train/ntau_10GeV_10_7.h5', '/data/suehara/mldata/pfa/murata/ntau_lessSample/train/ntau_10GeV_10_700.h5', '/data/suehara/mldata/pfa/murata/ntau_lessSample/train/ntau_10GeV_10_701.h5', '/data/suehara/mldata/pfa/murata/ntau_lessSample/train/ntau_10GeV_10_702.h5', '/data/suehara/mldata/pfa/murata/ntau_lessSample/train/ntau_10GeV_10_703.h5', '/data/suehara/mldata/pfa/murata/ntau_lessSample/train/ntau_10GeV_10_704.h5', '/data/suehara/mldata/pfa/murata/ntau_lessSample/train/ntau_10GeV_10_705.h5', '/data/suehara/mldata/pfa/murata/ntau_lessSample/train/ntau_10GeV_10_706.h5', '/data/suehara/mldata/pfa/murata/ntau_lessSample/train/ntau_10GeV_10_707.h5', '/data/suehara/mldata/pfa/murata/ntau_lessSample/train/ntau_10GeV_10_708.h5', '/data/suehara/mldata/pfa/murata/ntau_lessSample/train/ntau_10GeV_10_709.h5', '/data/suehara/mldata/pfa/murata/ntau_lessSample/train/ntau_10GeV_10_710.h5', '/data/suehara/mldata/pfa/murata/ntau_lessSample/train/ntau_10GeV_10_711.h5', '/data/suehara/mldata/pfa/murata/ntau_lessSample/train/ntau_10GeV_10_712.h5', '/data/suehara/mldata/pfa/murata/ntau_lessSample/train/ntau_10GeV_10_713.h5', '/data/suehara/mldata/pfa/murata/ntau_lessSample/train/ntau_10GeV_10_714.h5', '/data/suehara/mldata/pfa/murata/ntau_lessSample/train/ntau_10GeV_10_715.h5', '/data/suehara/mldata/pfa/murata/ntau_lessSample/train/ntau_10GeV_10_716.h5', '/data/suehara/mldata/pfa/murata/ntau_lessSample/train/ntau_10GeV_10_717.h5', '/data/suehara/mldata/pfa/murata/ntau_lessSample/train/ntau_10GeV_10_718.h5', '/data/suehara/mldata/pfa/murata/ntau_lessSample/train/ntau_10GeV_10_719.h5', '/data/suehara/mldata/pfa/murata/ntau_lessSample/train/ntau_10GeV_10_720.h5', '/data/suehara/mldata/pfa/murata/ntau_lessSample/train/ntau_10GeV_10_721.h5', '/data/suehara/mldata/pfa/murata/ntau_lessSample/train/ntau_10GeV_10_722.h5', '/data/suehara/mldata/pfa/murata/ntau_lessSample/train/ntau_10GeV_10_723.h5', '/data/suehara/mldata/pfa/murata/ntau_lessSample/train/ntau_10GeV_10_724.h5', '/data/suehara/mldata/pfa/murata/ntau_lessSample/train/ntau_10GeV_10_8.h5', '/data/suehara/mldata/pfa/murata/ntau_lessSample/train/ntau_10GeV_10_9.h5']
Reading file: file='/data/suehara/mldata/pfa/murata/ntau_lessSample/train/ntau_10GeV_10_1.h5'
Reading file: file='/data/suehara/mldata/pfa/murata/ntau_lessSample/train/ntau_10GeV_10_10.h5'
Reading file: file='/data/suehara/mldata/pfa/murata/ntau_lessSample/train/ntau_10GeV_10_100.h5'
Reading file: file='/data/suehara/mldata/pfa/murata/ntau_lessSample/train/ntau_10GeV_10_101.h5'
Reading file: file='/data/suehara/mldata/pfa/murata/ntau_lessSample/train/ntau_10GeV_10_102.h5'
Reading file: file='/data/suehara/mldata/pfa/murata/ntau_lessSample/train/ntau_10GeV_10_103.h5'
Reading file: file='/data/suehara/mldata/pfa/murata/ntau_lessSample/train/ntau_10GeV_10_104.h5'
Reading file: file='/data/suehara/mldata/pfa/murata/ntau_lessSample/train/ntau_10GeV_10_105.h5'
Reading file: file='/data/suehara/mldata/pfa/murata/ntau_lessSample/train/ntau_10GeV_10_106.h5'
Reading file: file='/data/suehara/mldata/pfa/murata/ntau_lessSample/train/ntau_10GeV_10_107.h5'
Reading file: file='/data/suehara/mldata/pfa/murata/ntau_lessSample/train/ntau_10GeV_10_108.h5'
Reading file: file='/data/suehara/mldata/pfa/murata/ntau_lessSample/train/ntau_10GeV_10_109.h5'
Reading file: file='/data/suehara/mldata/pfa/murata/ntau_lessSample/train/ntau_10GeV_10_11.h5'
Reading file: file='/data/suehara/mldata/pfa/murata/ntau_lessSample/train/ntau_10GeV_10_110.h5'
Reading file: file='/data/suehara/mldata/pfa/murata/ntau_lessSample/train/ntau_10GeV_10_111.h5'
Reading file: file='/data/suehara/mldata/pfa/murata/ntau_lessSample/train/ntau_10GeV_10_112.h5'
Reading file: file='/data/suehara/mldata/pfa/murata/ntau_lessSample/train/ntau_10GeV_10_113.h5'
Reading file: file='/data/suehara/mldata/pfa/murata/ntau_lessSample/train/ntau_10GeV_10_114.h5'
Reading file: file='/data/suehara/mldata/pfa/murata/ntau_lessSample/train/ntau_10GeV_10_115.h5'
Reading file: file='/data/suehara/mldata/pfa/murata/ntau_lessSample/train/ntau_10GeV_10_116.h5'
Reading file: file='/data/suehara/mldata/pfa/murata/ntau_lessSample/train/ntau_10GeV_10_117.h5'
Reading file: file='/data/suehara/mldata/pfa/murata/ntau_lessSample/train/ntau_10GeV_10_118.h5'
Reading file: file='/data/suehara/mldata/pfa/murata/ntau_lessSample/train/ntau_10GeV_10_119.h5'
Reading file: file='/data/suehara/mldata/pfa/murata/ntau_lessSample/train/ntau_10GeV_10_12.h5'
Reading file: file='/data/suehara/mldata/pfa/murata/ntau_lessSample/train/ntau_10GeV_10_120.h5'
Reading file: file='/data/suehara/mldata/pfa/murata/ntau_lessSample/train/ntau_10GeV_10_121.h5'
Reading file: file='/data/suehara/mldata/pfa/murata/ntau_lessSample/train/ntau_10GeV_10_122.h5'
Reading file: file='/data/suehara/mldata/pfa/murata/ntau_lessSample/train/ntau_10GeV_10_123.h5'
Reading file: file='/data/suehara/mldata/pfa/murata/ntau_lessSample/train/ntau_10GeV_10_124.h5'
Reading file: file='/data/suehara/mldata/pfa/murata/ntau_lessSample/train/ntau_10GeV_10_13.h5'
Reading file: file='/data/suehara/mldata/pfa/murata/ntau_lessSample/train/ntau_10GeV_10_14.h5'
Reading file: file='/data/suehara/mldata/pfa/murata/ntau_lessSample/train/ntau_10GeV_10_15.h5'
Reading file: file='/data/suehara/mldata/pfa/murata/ntau_lessSample/train/ntau_10GeV_10_16.h5'
Reading file: file='/data/suehara/mldata/pfa/murata/ntau_lessSample/train/ntau_10GeV_10_17.h5'
Reading file: file='/data/suehara/mldata/pfa/murata/ntau_lessSample/train/ntau_10GeV_10_18.h5'
Reading file: file='/data/suehara/mldata/pfa/murata/ntau_lessSample/train/ntau_10GeV_10_19.h5'
Reading file: file='/data/suehara/mldata/pfa/murata/ntau_lessSample/train/ntau_10GeV_10_2.h5'
Reading file: file='/data/suehara/mldata/pfa/murata/ntau_lessSample/train/ntau_10GeV_10_20.h5'
Reading file: file='/data/suehara/mldata/pfa/murata/ntau_lessSample/train/ntau_10GeV_10_200.h5'
Reading file: file='/data/suehara/mldata/pfa/murata/ntau_lessSample/train/ntau_10GeV_10_201.h5'
Reading file: file='/data/suehara/mldata/pfa/murata/ntau_lessSample/train/ntau_10GeV_10_202.h5'
Reading file: file='/data/suehara/mldata/pfa/murata/ntau_lessSample/train/ntau_10GeV_10_203.h5'
Reading file: file='/data/suehara/mldata/pfa/murata/ntau_lessSample/train/ntau_10GeV_10_204.h5'
Reading file: file='/data/suehara/mldata/pfa/murata/ntau_lessSample/train/ntau_10GeV_10_205.h5'
Reading file: file='/data/suehara/mldata/pfa/murata/ntau_lessSample/train/ntau_10GeV_10_206.h5'
Reading file: file='/data/suehara/mldata/pfa/murata/ntau_lessSample/train/ntau_10GeV_10_207.h5'
Reading file: file='/data/suehara/mldata/pfa/murata/ntau_lessSample/train/ntau_10GeV_10_208.h5'
Reading file: file='/data/suehara/mldata/pfa/murata/ntau_lessSample/train/ntau_10GeV_10_209.h5'
Reading file: file='/data/suehara/mldata/pfa/murata/ntau_lessSample/train/ntau_10GeV_10_21.h5'
Reading file: file='/data/suehara/mldata/pfa/murata/ntau_lessSample/train/ntau_10GeV_10_210.h5'
Reading file: file='/data/suehara/mldata/pfa/murata/ntau_lessSample/train/ntau_10GeV_10_211.h5'
Reading file: file='/data/suehara/mldata/pfa/murata/ntau_lessSample/train/ntau_10GeV_10_212.h5'
Reading file: file='/data/suehara/mldata/pfa/murata/ntau_lessSample/train/ntau_10GeV_10_213.h5'
Reading file: file='/data/suehara/mldata/pfa/murata/ntau_lessSample/train/ntau_10GeV_10_214.h5'
Reading file: file='/data/suehara/mldata/pfa/murata/ntau_lessSample/train/ntau_10GeV_10_215.h5'
Reading file: file='/data/suehara/mldata/pfa/murata/ntau_lessSample/train/ntau_10GeV_10_216.h5'
Reading file: file='/data/suehara/mldata/pfa/murata/ntau_lessSample/train/ntau_10GeV_10_217.h5'
Reading file: file='/data/suehara/mldata/pfa/murata/ntau_lessSample/train/ntau_10GeV_10_218.h5'
Reading file: file='/data/suehara/mldata/pfa/murata/ntau_lessSample/train/ntau_10GeV_10_219.h5'
Reading file: file='/data/suehara/mldata/pfa/murata/ntau_lessSample/train/ntau_10GeV_10_22.h5'
Reading file: file='/data/suehara/mldata/pfa/murata/ntau_lessSample/train/ntau_10GeV_10_220.h5'
Reading file: file='/data/suehara/mldata/pfa/murata/ntau_lessSample/train/ntau_10GeV_10_221.h5'
Reading file: file='/data/suehara/mldata/pfa/murata/ntau_lessSample/train/ntau_10GeV_10_222.h5'
Reading file: file='/data/suehara/mldata/pfa/murata/ntau_lessSample/train/ntau_10GeV_10_223.h5'
Reading file: file='/data/suehara/mldata/pfa/murata/ntau_lessSample/train/ntau_10GeV_10_224.h5'
Reading file: file='/data/suehara/mldata/pfa/murata/ntau_lessSample/train/ntau_10GeV_10_23.h5'
Reading file: file='/data/suehara/mldata/pfa/murata/ntau_lessSample/train/ntau_10GeV_10_24.h5'
Reading file: file='/data/suehara/mldata/pfa/murata/ntau_lessSample/train/ntau_10GeV_10_3.h5'
Reading file: file='/data/suehara/mldata/pfa/murata/ntau_lessSample/train/ntau_10GeV_10_300.h5'
Reading file: file='/data/suehara/mldata/pfa/murata/ntau_lessSample/train/ntau_10GeV_10_301.h5'
Reading file: file='/data/suehara/mldata/pfa/murata/ntau_lessSample/train/ntau_10GeV_10_302.h5'
Reading file: file='/data/suehara/mldata/pfa/murata/ntau_lessSample/train/ntau_10GeV_10_303.h5'
Reading file: file='/data/suehara/mldata/pfa/murata/ntau_lessSample/train/ntau_10GeV_10_304.h5'
Reading file: file='/data/suehara/mldata/pfa/murata/ntau_lessSample/train/ntau_10GeV_10_305.h5'
Reading file: file='/data/suehara/mldata/pfa/murata/ntau_lessSample/train/ntau_10GeV_10_306.h5'
Reading file: file='/data/suehara/mldata/pfa/murata/ntau_lessSample/train/ntau_10GeV_10_307.h5'
Reading file: file='/data/suehara/mldata/pfa/murata/ntau_lessSample/train/ntau_10GeV_10_308.h5'
Reading file: file='/data/suehara/mldata/pfa/murata/ntau_lessSample/train/ntau_10GeV_10_309.h5'
Reading file: file='/data/suehara/mldata/pfa/murata/ntau_lessSample/train/ntau_10GeV_10_310.h5'
Reading file: file='/data/suehara/mldata/pfa/murata/ntau_lessSample/train/ntau_10GeV_10_311.h5'
Reading file: file='/data/suehara/mldata/pfa/murata/ntau_lessSample/train/ntau_10GeV_10_312.h5'
Reading file: file='/data/suehara/mldata/pfa/murata/ntau_lessSample/train/ntau_10GeV_10_313.h5'
Reading file: file='/data/suehara/mldata/pfa/murata/ntau_lessSample/train/ntau_10GeV_10_314.h5'
Reading file: file='/data/suehara/mldata/pfa/murata/ntau_lessSample/train/ntau_10GeV_10_315.h5'
Reading file: file='/data/suehara/mldata/pfa/murata/ntau_lessSample/train/ntau_10GeV_10_316.h5'
Reading file: file='/data/suehara/mldata/pfa/murata/ntau_lessSample/train/ntau_10GeV_10_317.h5'
Reading file: file='/data/suehara/mldata/pfa/murata/ntau_lessSample/train/ntau_10GeV_10_318.h5'
Reading file: file='/data/suehara/mldata/pfa/murata/ntau_lessSample/train/ntau_10GeV_10_319.h5'
Reading file: file='/data/suehara/mldata/pfa/murata/ntau_lessSample/train/ntau_10GeV_10_320.h5'
Reading file: file='/data/suehara/mldata/pfa/murata/ntau_lessSample/train/ntau_10GeV_10_321.h5'
Reading file: file='/data/suehara/mldata/pfa/murata/ntau_lessSample/train/ntau_10GeV_10_322.h5'
Reading file: file='/data/suehara/mldata/pfa/murata/ntau_lessSample/train/ntau_10GeV_10_323.h5'
Reading file: file='/data/suehara/mldata/pfa/murata/ntau_lessSample/train/ntau_10GeV_10_324.h5'
Reading file: file='/data/suehara/mldata/pfa/murata/ntau_lessSample/train/ntau_10GeV_10_4.h5'
Reading file: file='/data/suehara/mldata/pfa/murata/ntau_lessSample/train/ntau_10GeV_10_400.h5'
Reading file: file='/data/suehara/mldata/pfa/murata/ntau_lessSample/train/ntau_10GeV_10_401.h5'
Reading file: file='/data/suehara/mldata/pfa/murata/ntau_lessSample/train/ntau_10GeV_10_402.h5'
Reading file: file='/data/suehara/mldata/pfa/murata/ntau_lessSample/train/ntau_10GeV_10_403.h5'
Reading file: file='/data/suehara/mldata/pfa/murata/ntau_lessSample/train/ntau_10GeV_10_404.h5'
Reading file: file='/data/suehara/mldata/pfa/murata/ntau_lessSample/train/ntau_10GeV_10_405.h5'
Reading file: file='/data/suehara/mldata/pfa/murata/ntau_lessSample/train/ntau_10GeV_10_406.h5'
Reading file: file='/data/suehara/mldata/pfa/murata/ntau_lessSample/train/ntau_10GeV_10_407.h5'
Reading file: file='/data/suehara/mldata/pfa/murata/ntau_lessSample/train/ntau_10GeV_10_408.h5'
Reading file: file='/data/suehara/mldata/pfa/murata/ntau_lessSample/train/ntau_10GeV_10_409.h5'
Reading file: file='/data/suehara/mldata/pfa/murata/ntau_lessSample/train/ntau_10GeV_10_410.h5'
Reading file: file='/data/suehara/mldata/pfa/murata/ntau_lessSample/train/ntau_10GeV_10_411.h5'
Reading file: file='/data/suehara/mldata/pfa/murata/ntau_lessSample/train/ntau_10GeV_10_412.h5'
Reading file: file='/data/suehara/mldata/pfa/murata/ntau_lessSample/train/ntau_10GeV_10_413.h5'
Reading file: file='/data/suehara/mldata/pfa/murata/ntau_lessSample/train/ntau_10GeV_10_414.h5'
Reading file: file='/data/suehara/mldata/pfa/murata/ntau_lessSample/train/ntau_10GeV_10_415.h5'
Reading file: file='/data/suehara/mldata/pfa/murata/ntau_lessSample/train/ntau_10GeV_10_416.h5'
Reading file: file='/data/suehara/mldata/pfa/murata/ntau_lessSample/train/ntau_10GeV_10_417.h5'
Reading file: file='/data/suehara/mldata/pfa/murata/ntau_lessSample/train/ntau_10GeV_10_418.h5'
Reading file: file='/data/suehara/mldata/pfa/murata/ntau_lessSample/train/ntau_10GeV_10_419.h5'
Reading file: file='/data/suehara/mldata/pfa/murata/ntau_lessSample/train/ntau_10GeV_10_420.h5'
Reading file: file='/data/suehara/mldata/pfa/murata/ntau_lessSample/train/ntau_10GeV_10_421.h5'
Reading file: file='/data/suehara/mldata/pfa/murata/ntau_lessSample/train/ntau_10GeV_10_422.h5'
Reading file: file='/data/suehara/mldata/pfa/murata/ntau_lessSample/train/ntau_10GeV_10_423.h5'
Reading file: file='/data/suehara/mldata/pfa/murata/ntau_lessSample/train/ntau_10GeV_10_424.h5'
Reading file: file='/data/suehara/mldata/pfa/murata/ntau_lessSample/train/ntau_10GeV_10_5.h5'
Reading file: file='/data/suehara/mldata/pfa/murata/ntau_lessSample/train/ntau_10GeV_10_500.h5'
Reading file: file='/data/suehara/mldata/pfa/murata/ntau_lessSample/train/ntau_10GeV_10_501.h5'
Reading file: file='/data/suehara/mldata/pfa/murata/ntau_lessSample/train/ntau_10GeV_10_502.h5'
Reading file: file='/data/suehara/mldata/pfa/murata/ntau_lessSample/train/ntau_10GeV_10_503.h5'
Reading file: file='/data/suehara/mldata/pfa/murata/ntau_lessSample/train/ntau_10GeV_10_504.h5'
Reading file: file='/data/suehara/mldata/pfa/murata/ntau_lessSample/train/ntau_10GeV_10_505.h5'
Reading file: file='/data/suehara/mldata/pfa/murata/ntau_lessSample/train/ntau_10GeV_10_506.h5'
Reading file: file='/data/suehara/mldata/pfa/murata/ntau_lessSample/train/ntau_10GeV_10_507.h5'
Reading file: file='/data/suehara/mldata/pfa/murata/ntau_lessSample/train/ntau_10GeV_10_508.h5'
Reading file: file='/data/suehara/mldata/pfa/murata/ntau_lessSample/train/ntau_10GeV_10_509.h5'
Reading file: file='/data/suehara/mldata/pfa/murata/ntau_lessSample/train/ntau_10GeV_10_510.h5'
Reading file: file='/data/suehara/mldata/pfa/murata/ntau_lessSample/train/ntau_10GeV_10_511.h5'
Reading file: file='/data/suehara/mldata/pfa/murata/ntau_lessSample/train/ntau_10GeV_10_512.h5'
Reading file: file='/data/suehara/mldata/pfa/murata/ntau_lessSample/train/ntau_10GeV_10_513.h5'
Reading file: file='/data/suehara/mldata/pfa/murata/ntau_lessSample/train/ntau_10GeV_10_514.h5'
Reading file: file='/data/suehara/mldata/pfa/murata/ntau_lessSample/train/ntau_10GeV_10_515.h5'
Reading file: file='/data/suehara/mldata/pfa/murata/ntau_lessSample/train/ntau_10GeV_10_516.h5'
Reading file: file='/data/suehara/mldata/pfa/murata/ntau_lessSample/train/ntau_10GeV_10_517.h5'
Reading file: file='/data/suehara/mldata/pfa/murata/ntau_lessSample/train/ntau_10GeV_10_518.h5'
Reading file: file='/data/suehara/mldata/pfa/murata/ntau_lessSample/train/ntau_10GeV_10_519.h5'
Reading file: file='/data/suehara/mldata/pfa/murata/ntau_lessSample/train/ntau_10GeV_10_520.h5'
Reading file: file='/data/suehara/mldata/pfa/murata/ntau_lessSample/train/ntau_10GeV_10_521.h5'
Reading file: file='/data/suehara/mldata/pfa/murata/ntau_lessSample/train/ntau_10GeV_10_522.h5'
Reading file: file='/data/suehara/mldata/pfa/murata/ntau_lessSample/train/ntau_10GeV_10_523.h5'
Reading file: file='/data/suehara/mldata/pfa/murata/ntau_lessSample/train/ntau_10GeV_10_524.h5'
Reading file: file='/data/suehara/mldata/pfa/murata/ntau_lessSample/train/ntau_10GeV_10_6.h5'
Reading file: file='/data/suehara/mldata/pfa/murata/ntau_lessSample/train/ntau_10GeV_10_600.h5'
Reading file: file='/data/suehara/mldata/pfa/murata/ntau_lessSample/train/ntau_10GeV_10_601.h5'
Reading file: file='/data/suehara/mldata/pfa/murata/ntau_lessSample/train/ntau_10GeV_10_602.h5'
Reading file: file='/data/suehara/mldata/pfa/murata/ntau_lessSample/train/ntau_10GeV_10_603.h5'
Reading file: file='/data/suehara/mldata/pfa/murata/ntau_lessSample/train/ntau_10GeV_10_604.h5'
Reading file: file='/data/suehara/mldata/pfa/murata/ntau_lessSample/train/ntau_10GeV_10_605.h5'
Reading file: file='/data/suehara/mldata/pfa/murata/ntau_lessSample/train/ntau_10GeV_10_606.h5'
Reading file: file='/data/suehara/mldata/pfa/murata/ntau_lessSample/train/ntau_10GeV_10_607.h5'
Reading file: file='/data/suehara/mldata/pfa/murata/ntau_lessSample/train/ntau_10GeV_10_608.h5'
Reading file: file='/data/suehara/mldata/pfa/murata/ntau_lessSample/train/ntau_10GeV_10_609.h5'
Reading file: file='/data/suehara/mldata/pfa/murata/ntau_lessSample/train/ntau_10GeV_10_610.h5'
Reading file: file='/data/suehara/mldata/pfa/murata/ntau_lessSample/train/ntau_10GeV_10_611.h5'
Reading file: file='/data/suehara/mldata/pfa/murata/ntau_lessSample/train/ntau_10GeV_10_612.h5'
Reading file: file='/data/suehara/mldata/pfa/murata/ntau_lessSample/train/ntau_10GeV_10_613.h5'
Reading file: file='/data/suehara/mldata/pfa/murata/ntau_lessSample/train/ntau_10GeV_10_614.h5'
Reading file: file='/data/suehara/mldata/pfa/murata/ntau_lessSample/train/ntau_10GeV_10_615.h5'
Reading file: file='/data/suehara/mldata/pfa/murata/ntau_lessSample/train/ntau_10GeV_10_616.h5'
Reading file: file='/data/suehara/mldata/pfa/murata/ntau_lessSample/train/ntau_10GeV_10_617.h5'
Reading file: file='/data/suehara/mldata/pfa/murata/ntau_lessSample/train/ntau_10GeV_10_618.h5'
Reading file: file='/data/suehara/mldata/pfa/murata/ntau_lessSample/train/ntau_10GeV_10_619.h5'
Reading file: file='/data/suehara/mldata/pfa/murata/ntau_lessSample/train/ntau_10GeV_10_620.h5'
Reading file: file='/data/suehara/mldata/pfa/murata/ntau_lessSample/train/ntau_10GeV_10_621.h5'
Reading file: file='/data/suehara/mldata/pfa/murata/ntau_lessSample/train/ntau_10GeV_10_622.h5'
Reading file: file='/data/suehara/mldata/pfa/murata/ntau_lessSample/train/ntau_10GeV_10_623.h5'
Reading file: file='/data/suehara/mldata/pfa/murata/ntau_lessSample/train/ntau_10GeV_10_624.h5'
Reading file: file='/data/suehara/mldata/pfa/murata/ntau_lessSample/train/ntau_10GeV_10_7.h5'
Reading file: file='/data/suehara/mldata/pfa/murata/ntau_lessSample/train/ntau_10GeV_10_700.h5'
Reading file: file='/data/suehara/mldata/pfa/murata/ntau_lessSample/train/ntau_10GeV_10_701.h5'
Reading file: file='/data/suehara/mldata/pfa/murata/ntau_lessSample/train/ntau_10GeV_10_702.h5'
Reading file: file='/data/suehara/mldata/pfa/murata/ntau_lessSample/train/ntau_10GeV_10_703.h5'
Reading file: file='/data/suehara/mldata/pfa/murata/ntau_lessSample/train/ntau_10GeV_10_704.h5'
Reading file: file='/data/suehara/mldata/pfa/murata/ntau_lessSample/train/ntau_10GeV_10_705.h5'
Reading file: file='/data/suehara/mldata/pfa/murata/ntau_lessSample/train/ntau_10GeV_10_706.h5'
Reading file: file='/data/suehara/mldata/pfa/murata/ntau_lessSample/train/ntau_10GeV_10_707.h5'
Reading file: file='/data/suehara/mldata/pfa/murata/ntau_lessSample/train/ntau_10GeV_10_708.h5'
Reading file: file='/data/suehara/mldata/pfa/murata/ntau_lessSample/train/ntau_10GeV_10_709.h5'
Reading file: file='/data/suehara/mldata/pfa/murata/ntau_lessSample/train/ntau_10GeV_10_710.h5'
Reading file: file='/data/suehara/mldata/pfa/murata/ntau_lessSample/train/ntau_10GeV_10_711.h5'
Reading file: file='/data/suehara/mldata/pfa/murata/ntau_lessSample/train/ntau_10GeV_10_712.h5'
Reading file: file='/data/suehara/mldata/pfa/murata/ntau_lessSample/train/ntau_10GeV_10_713.h5'
Reading file: file='/data/suehara/mldata/pfa/murata/ntau_lessSample/train/ntau_10GeV_10_714.h5'
Reading file: file='/data/suehara/mldata/pfa/murata/ntau_lessSample/train/ntau_10GeV_10_715.h5'
Reading file: file='/data/suehara/mldata/pfa/murata/ntau_lessSample/train/ntau_10GeV_10_716.h5'
Reading file: file='/data/suehara/mldata/pfa/murata/ntau_lessSample/train/ntau_10GeV_10_717.h5'
Reading file: file='/data/suehara/mldata/pfa/murata/ntau_lessSample/train/ntau_10GeV_10_718.h5'
Reading file: file='/data/suehara/mldata/pfa/murata/ntau_lessSample/train/ntau_10GeV_10_719.h5'
Reading file: file='/data/suehara/mldata/pfa/murata/ntau_lessSample/train/ntau_10GeV_10_720.h5'
Reading file: file='/data/suehara/mldata/pfa/murata/ntau_lessSample/train/ntau_10GeV_10_721.h5'
Reading file: file='/data/suehara/mldata/pfa/murata/ntau_lessSample/train/ntau_10GeV_10_722.h5'
Reading file: file='/data/suehara/mldata/pfa/murata/ntau_lessSample/train/ntau_10GeV_10_723.h5'
Reading file: file='/data/suehara/mldata/pfa/murata/ntau_lessSample/train/ntau_10GeV_10_724.h5'
Reading file: file='/data/suehara/mldata/pfa/murata/ntau_lessSample/train/ntau_10GeV_10_8.h5'
Reading file: file='/data/suehara/mldata/pfa/murata/ntau_lessSample/train/ntau_10GeV_10_9.h5'
Making ak_feats...
Making ak_labels...
(382822,)
2.371296507894327
maximum momentum :  182.6862355121472
momentum stdDev:  2.371296507894327
ILCDataset: path='/data/suehara/mldata/pfa/murata/ntau_lessSample/validation'
filenames=['/data/suehara/mldata/pfa/murata/ntau_lessSample/validation/ntau_10GeV_10_800.h5', '/data/suehara/mldata/pfa/murata/ntau_lessSample/validation/ntau_10GeV_10_801.h5', '/data/suehara/mldata/pfa/murata/ntau_lessSample/validation/ntau_10GeV_10_802.h5', '/data/suehara/mldata/pfa/murata/ntau_lessSample/validation/ntau_10GeV_10_803.h5', '/data/suehara/mldata/pfa/murata/ntau_lessSample/validation/ntau_10GeV_10_804.h5', '/data/suehara/mldata/pfa/murata/ntau_lessSample/validation/ntau_10GeV_10_805.h5', '/data/suehara/mldata/pfa/murata/ntau_lessSample/validation/ntau_10GeV_10_806.h5', '/data/suehara/mldata/pfa/murata/ntau_lessSample/validation/ntau_10GeV_10_807.h5', '/data/suehara/mldata/pfa/murata/ntau_lessSample/validation/ntau_10GeV_10_808.h5', '/data/suehara/mldata/pfa/murata/ntau_lessSample/validation/ntau_10GeV_10_809.h5', '/data/suehara/mldata/pfa/murata/ntau_lessSample/validation/ntau_10GeV_10_810.h5', '/data/suehara/mldata/pfa/murata/ntau_lessSample/validation/ntau_10GeV_10_811.h5', '/data/suehara/mldata/pfa/murata/ntau_lessSample/validation/ntau_10GeV_10_812.h5', '/data/suehara/mldata/pfa/murata/ntau_lessSample/validation/ntau_10GeV_10_813.h5', '/data/suehara/mldata/pfa/murata/ntau_lessSample/validation/ntau_10GeV_10_814.h5', '/data/suehara/mldata/pfa/murata/ntau_lessSample/validation/ntau_10GeV_10_815.h5', '/data/suehara/mldata/pfa/murata/ntau_lessSample/validation/ntau_10GeV_10_816.h5', '/data/suehara/mldata/pfa/murata/ntau_lessSample/validation/ntau_10GeV_10_817.h5', '/data/suehara/mldata/pfa/murata/ntau_lessSample/validation/ntau_10GeV_10_818.h5', '/data/suehara/mldata/pfa/murata/ntau_lessSample/validation/ntau_10GeV_10_819.h5', '/data/suehara/mldata/pfa/murata/ntau_lessSample/validation/ntau_10GeV_10_820.h5', '/data/suehara/mldata/pfa/murata/ntau_lessSample/validation/ntau_10GeV_10_821.h5', '/data/suehara/mldata/pfa/murata/ntau_lessSample/validation/ntau_10GeV_10_822.h5', '/data/suehara/mldata/pfa/murata/ntau_lessSample/validation/ntau_10GeV_10_823.h5', '/data/suehara/mldata/pfa/murata/ntau_lessSample/validation/ntau_10GeV_10_824.h5']
Reading file: file='/data/suehara/mldata/pfa/murata/ntau_lessSample/validation/ntau_10GeV_10_800.h5'
Reading file: file='/data/suehara/mldata/pfa/murata/ntau_lessSample/validation/ntau_10GeV_10_801.h5'
Reading file: file='/data/suehara/mldata/pfa/murata/ntau_lessSample/validation/ntau_10GeV_10_802.h5'
Reading file: file='/data/suehara/mldata/pfa/murata/ntau_lessSample/validation/ntau_10GeV_10_803.h5'
Reading file: file='/data/suehara/mldata/pfa/murata/ntau_lessSample/validation/ntau_10GeV_10_804.h5'
Reading file: file='/data/suehara/mldata/pfa/murata/ntau_lessSample/validation/ntau_10GeV_10_805.h5'
Reading file: file='/data/suehara/mldata/pfa/murata/ntau_lessSample/validation/ntau_10GeV_10_806.h5'
Reading file: file='/data/suehara/mldata/pfa/murata/ntau_lessSample/validation/ntau_10GeV_10_807.h5'
Reading file: file='/data/suehara/mldata/pfa/murata/ntau_lessSample/validation/ntau_10GeV_10_808.h5'
Reading file: file='/data/suehara/mldata/pfa/murata/ntau_lessSample/validation/ntau_10GeV_10_809.h5'
Reading file: file='/data/suehara/mldata/pfa/murata/ntau_lessSample/validation/ntau_10GeV_10_810.h5'
Reading file: file='/data/suehara/mldata/pfa/murata/ntau_lessSample/validation/ntau_10GeV_10_811.h5'
Reading file: file='/data/suehara/mldata/pfa/murata/ntau_lessSample/validation/ntau_10GeV_10_812.h5'
Reading file: file='/data/suehara/mldata/pfa/murata/ntau_lessSample/validation/ntau_10GeV_10_813.h5'
Reading file: file='/data/suehara/mldata/pfa/murata/ntau_lessSample/validation/ntau_10GeV_10_814.h5'
Reading file: file='/data/suehara/mldata/pfa/murata/ntau_lessSample/validation/ntau_10GeV_10_815.h5'
Reading file: file='/data/suehara/mldata/pfa/murata/ntau_lessSample/validation/ntau_10GeV_10_816.h5'
Reading file: file='/data/suehara/mldata/pfa/murata/ntau_lessSample/validation/ntau_10GeV_10_817.h5'
Reading file: file='/data/suehara/mldata/pfa/murata/ntau_lessSample/validation/ntau_10GeV_10_818.h5'
Reading file: file='/data/suehara/mldata/pfa/murata/ntau_lessSample/validation/ntau_10GeV_10_819.h5'
Reading file: file='/data/suehara/mldata/pfa/murata/ntau_lessSample/validation/ntau_10GeV_10_820.h5'
Reading file: file='/data/suehara/mldata/pfa/murata/ntau_lessSample/validation/ntau_10GeV_10_821.h5'
Reading file: file='/data/suehara/mldata/pfa/murata/ntau_lessSample/validation/ntau_10GeV_10_822.h5'
Reading file: file='/data/suehara/mldata/pfa/murata/ntau_lessSample/validation/ntau_10GeV_10_823.h5'
Reading file: file='/data/suehara/mldata/pfa/murata/ntau_lessSample/validation/ntau_10GeV_10_824.h5'
Making ak_feats...
Making ak_labels...
(48679,)
2.303129773709233
maximum momentum :  22.632654271654545
momentum stdDev:  2.303129773709233
Training dataset size:  9950
Validating dataset size:  1250
Batch size:  20
Loading GravnetModel
Hello
restart period :  30
Training epoch 0
learning rate :  [8.975622434388817e-06]
train loss :  15.435386657714844
test   L_V                   = +16.1407 (6.4%)
    L_V_attractive      = +1.5826 (0.6%)
    L_V_repulsive       = +14.5582 (5.8%)
    L_charged_cluster   = +0.0000 (0.0%)
  L_beta              = +0.8293 (0.3%)
    L_beta_noise        = +0.0000 (0.0%)
    L_beta_sig          = +0.0174 (0.0%)
    L_beta_track        = +0.8119 (0.3%)
      L_beta_norms_term   = -0.1438 (-0.1%)
      L_beta_logbeta_term = +0.1612 (0.1%)
  L_E = +235.1836 (93.3%)
Returning 253.1536102294922
Training epoch 1
learning rate :  [8.975622434388817e-06, 8.902756823265435e-06]
train loss :  10.848752975463867
test   L_V                   = +10.1993 (4.1%)
    L_V_attractive      = +2.6244 (1.0%)
    L_V_repulsive       = +7.5749 (3.0%)
    L_charged_cluster   = +0.0000 (0.0%)
  L_beta              = +0.9467 (0.4%)
    L_beta_noise        = +0.0000 (0.0%)
    L_beta_sig          = +0.1019 (0.0%)
    L_beta_track        = +0.8448 (0.3%)
      L_beta_norms_term   = -0.0855 (-0.0%)
      L_beta_logbeta_term = +0.1874 (0.1%)
  L_E = +238.8214 (95.5%)
Returning 250.9674072265625
Training epoch 2
learning rate :  [8.975622434388817e-06, 8.902756823265435e-06, 8.782201497513434e-06]
train loss :  7.566891670227051
test   L_V                   = +6.3341 (2.7%)
    L_V_attractive      = +1.8086 (0.8%)
    L_V_repulsive       = +4.5255 (2.0%)
    L_charged_cluster   = +0.0000 (0.0%)
  L_beta              = +1.0060 (0.4%)
    L_beta_noise        = +0.0000 (0.0%)
    L_beta_sig          = +0.1480 (0.1%)
    L_beta_track        = +0.8580 (0.4%)
      L_beta_norms_term   = -0.0592 (-0.0%)
      L_beta_logbeta_term = +0.2072 (0.1%)
  L_E = +224.6407 (96.8%)
Returning 232.98086547851562
Training epoch 3
learning rate :  [8.975622434388817e-06, 8.902756823265435e-06, 8.782201497513434e-06, 8.615277286509573e-06]
train loss :  5.813393592834473
test   L_V                   = +5.0838 (2.2%)
    L_V_attractive      = +1.7740 (0.8%)
    L_V_repulsive       = +3.3098 (1.4%)
    L_charged_cluster   = +0.0000 (0.0%)
  L_beta              = +1.0416 (0.5%)
    L_beta_noise        = +0.0000 (0.0%)
    L_beta_sig          = +0.1750 (0.1%)
    L_beta_track        = +0.8667 (0.4%)
      L_beta_norms_term   = -0.0529 (-0.0%)
      L_beta_logbeta_term = +0.2279 (0.1%)
  L_E = +224.5477 (97.3%)
Returning 231.6731414794922
Training epoch 4
learning rate :  [8.975622434388817e-06, 8.902756823265435e-06, 8.782201497513434e-06, 8.615277286509573e-06, 8.403813046840752e-06]
train loss :  4.898238182067871
test   L_V                   = +3.9739 (1.7%)
    L_V_attractive      = +1.5388 (0.7%)
    L_V_repulsive       = +2.4351 (1.1%)
    L_charged_cluster   = +0.0000 (0.0%)
  L_beta              = +1.0981 (0.5%)
    L_beta_noise        = +0.0000 (0.0%)
    L_beta_sig          = +0.2130 (0.1%)
    L_beta_track        = +0.8851 (0.4%)
      L_beta_norms_term   = -0.0442 (-0.0%)
      L_beta_logbeta_term = +0.2571 (0.1%)
  L_E = +224.4784 (97.8%)
Returning 230.5503692626953
Training epoch 5
learning rate :  [8.975622434388817e-06, 8.902756823265435e-06, 8.782201497513434e-06, 8.615277286509573e-06, 8.403813046840752e-06, 8.150125624968517e-06]
train loss :  3.9214558601379395
test   L_V                   = +3.1278 (1.3%)
    L_V_attractive      = +1.2864 (0.5%)
    L_V_repulsive       = +1.8414 (0.8%)
    L_charged_cluster   = +0.0000 (0.0%)
  L_beta              = +1.1446 (0.5%)
    L_beta_noise        = +0.0000 (0.0%)
    L_beta_sig          = +0.2461 (0.1%)
    L_beta_track        = +0.8984 (0.4%)
      L_beta_norms_term   = -0.0380 (-0.0%)
      L_beta_logbeta_term = +0.2841 (0.1%)
  L_E = +232.3821 (98.2%)
Returning 237.65451049804688
Training epoch 6
learning rate :  [8.975622434388817e-06, 8.902756823265435e-06, 8.782201497513434e-06, 8.615277286509573e-06, 8.403813046840752e-06, 8.150125624968517e-06, 7.856994473374405e-06]
train loss :  3.635892152786255
test   L_V                   = +2.6889 (1.1%)
    L_V_attractive      = +1.1663 (0.5%)
    L_V_repulsive       = +1.5226 (0.6%)
    L_charged_cluster   = +0.0000 (0.0%)
  L_beta              = +1.1817 (0.5%)
    L_beta_noise        = +0.0000 (0.0%)
    L_beta_sig          = +0.2748 (0.1%)
    L_beta_track        = +0.9068 (0.4%)
      L_beta_norms_term   = -0.0347 (-0.0%)
      L_beta_logbeta_term = +0.3096 (0.1%)
  L_E = +237.6501 (98.4%)
Returning 242.52069091796875
Training epoch 7
learning rate :  [8.975622434388817e-06, 8.902756823265435e-06, 8.782201497513434e-06, 8.615277286509573e-06, 8.403813046840752e-06, 8.150125624968517e-06, 7.856994473374405e-06, 7.5276311982969185e-06]
train loss :  3.456818103790283
test   L_V                   = +2.4223 (1.0%)
    L_V_attractive      = +1.0941 (0.5%)
    L_V_repulsive       = +1.3282 (0.5%)
    L_charged_cluster   = +0.0000 (0.0%)
  L_beta              = +1.2315 (0.5%)
    L_beta_noise        = +0.0000 (0.0%)
    L_beta_sig          = +0.3115 (0.1%)
    L_beta_track        = +0.9200 (0.4%)
      L_beta_norms_term   = -0.0317 (-0.0%)
      L_beta_logbeta_term = +0.3432 (0.1%)
  L_E = +239.4695 (98.5%)
Returning 244.1233673095703
Training epoch 8
learning rate :  [8.975622434388817e-06, 8.902756823265435e-06, 8.782201497513434e-06, 8.615277286509573e-06, 8.403813046840752e-06, 8.150125624968517e-06, 7.856994473374405e-06, 7.5276311982969185e-06, 7.165644372701505e-06]
train loss :  4.60996150970459
test   L_V                   = +2.3049 (1.0%)
    L_V_attractive      = +1.0814 (0.5%)
    L_V_repulsive       = +1.2235 (0.5%)
    L_charged_cluster   = +0.0000 (0.0%)
  L_beta              = +1.1830 (0.5%)
    L_beta_noise        = +0.0000 (0.0%)
    L_beta_sig          = +0.2881 (0.1%)
    L_beta_track        = +0.8949 (0.4%)
      L_beta_norms_term   = -0.0307 (-0.0%)
      L_beta_logbeta_term = +0.3188 (0.1%)
  L_E = +232.9578 (98.5%)
Returning 237.4457550048828
Training epoch 9
learning rate :  [8.975622434388817e-06, 8.902756823265435e-06, 8.782201497513434e-06, 8.615277286509573e-06, 8.403813046840752e-06, 8.150125624968517e-06, 7.856994473374405e-06, 7.5276311982969185e-06, 7.165644372701505e-06, 6.7749999999999995e-06]
train loss :  4.610147476196289
test   L_V                   = +2.1804 (0.9%)
    L_V_attractive      = +1.0402 (0.4%)
    L_V_repulsive       = +1.1402 (0.5%)
    L_charged_cluster   = +0.0000 (0.0%)
  L_beta              = +1.1544 (0.5%)
    L_beta_noise        = +0.0000 (0.0%)
    L_beta_sig          = +0.2757 (0.1%)
    L_beta_track        = +0.8787 (0.4%)
      L_beta_norms_term   = -0.0309 (-0.0%)
      L_beta_logbeta_term = +0.3065 (0.1%)
  L_E = +231.5827 (98.6%)
Returning 235.91751098632812
Training epoch 10
learning rate :  [8.975622434388817e-06, 8.902756823265435e-06, 8.782201497513434e-06, 8.615277286509573e-06, 8.403813046840752e-06, 8.150125624968517e-06, 7.856994473374405e-06, 7.5276311982969185e-06, 7.165644372701505e-06, 6.7749999999999995e-06, 6.359978061687311e-06]
train loss :  4.387423992156982
test   L_V                   = +2.0318 (0.9%)
    L_V_attractive      = +0.9775 (0.4%)
    L_V_repulsive       = +1.0543 (0.5%)
    L_charged_cluster   = +0.0000 (0.0%)
  L_beta              = +1.1397 (0.5%)
    L_beta_noise        = +0.0000 (0.0%)
    L_beta_sig          = +0.2704 (0.1%)
    L_beta_track        = +0.8693 (0.4%)
      L_beta_norms_term   = -0.0302 (-0.0%)
      L_beta_logbeta_term = +0.3007 (0.1%)
  L_E = +230.0901 (98.6%)
Returning 234.26161193847656
Training epoch 11
learning rate :  [8.975622434388817e-06, 8.902756823265435e-06, 8.782201497513434e-06, 8.615277286509573e-06, 8.403813046840752e-06, 8.150125624968517e-06, 7.856994473374405e-06, 7.5276311982969185e-06, 7.165644372701505e-06, 6.7749999999999995e-06, 6.359978061687311e-06, 5.925125624968516e-06]
train loss :  4.047240257263184
test   L_V                   = +1.8884 (0.8%)
    L_V_attractive      = +0.9166 (0.4%)
    L_V_repulsive       = +0.9717 (0.4%)
    L_charged_cluster   = +0.0000 (0.0%)
  L_beta              = +1.1257 (0.5%)
    L_beta_noise        = +0.0000 (0.0%)
    L_beta_sig          = +0.2646 (0.1%)
    L_beta_track        = +0.8611 (0.4%)
      L_beta_norms_term   = -0.0301 (-0.0%)
      L_beta_logbeta_term = +0.2947 (0.1%)
  L_E = +228.4541 (98.7%)
Returning 232.4680938720703
Training epoch 12
learning rate :  [8.975622434388817e-06, 8.902756823265435e-06, 8.782201497513434e-06, 8.615277286509573e-06, 8.403813046840752e-06, 8.150125624968517e-06, 7.856994473374405e-06, 7.5276311982969185e-06, 7.165644372701505e-06, 6.7749999999999995e-06, 6.359978061687311e-06, 5.925125624968516e-06, 5.4752070241390275e-06]
train loss :  4.114975929260254
test   L_V                   = +1.7932 (0.8%)
    L_V_attractive      = +0.9159 (0.4%)
    L_V_repulsive       = +0.8773 (0.4%)
    L_charged_cluster   = +0.0000 (0.0%)
  L_beta              = +1.1128 (0.5%)
    L_beta_noise        = +0.0000 (0.0%)
    L_beta_sig          = +0.2598 (0.1%)
    L_beta_track        = +0.8529 (0.4%)
      L_beta_norms_term   = -0.0291 (-0.0%)
      L_beta_logbeta_term = +0.2889 (0.1%)
  L_E = +229.7803 (98.8%)
Returning 233.686279296875
Training epoch 13
learning rate :  [8.975622434388817e-06, 8.902756823265435e-06, 8.782201497513434e-06, 8.615277286509573e-06, 8.403813046840752e-06, 8.150125624968517e-06, 7.856994473374405e-06, 7.5276311982969185e-06, 7.165644372701505e-06, 6.7749999999999995e-06, 6.359978061687311e-06, 5.925125624968516e-06, 5.4752070241390275e-06, 5.015151661541058e-06]
train loss :  3.87498140335083
test   L_V                   = +1.7089 (0.7%)
    L_V_attractive      = +0.8637 (0.4%)
    L_V_repulsive       = +0.8453 (0.4%)
    L_charged_cluster   = +0.0000 (0.0%)
  L_beta              = +1.0927 (0.5%)
    L_beta_noise        = +0.0000 (0.0%)
    L_beta_sig          = +0.2499 (0.1%)
    L_beta_track        = +0.8428 (0.4%)
      L_beta_norms_term   = -0.0298 (-0.0%)
      L_beta_logbeta_term = +0.2796 (0.1%)
  L_E = +227.5611 (98.8%)
Returning 231.36270141601562
Training epoch 14
learning rate :  [8.975622434388817e-06, 8.902756823265435e-06, 8.782201497513434e-06, 8.615277286509573e-06, 8.403813046840752e-06, 8.150125624968517e-06, 7.856994473374405e-06, 7.5276311982969185e-06, 7.165644372701505e-06, 6.7749999999999995e-06, 6.359978061687311e-06, 5.925125624968516e-06, 5.4752070241390275e-06, 5.015151661541058e-06, 4.55e-06]
train loss :  3.8399317264556885
test   L_V                   = +1.7025 (0.7%)
    L_V_attractive      = +0.9226 (0.4%)
    L_V_repulsive       = +0.7800 (0.3%)
    L_charged_cluster   = +0.0000 (0.0%)
  L_beta              = +1.0855 (0.5%)
    L_beta_noise        = +0.0000 (0.0%)
    L_beta_sig          = +0.2485 (0.1%)
    L_beta_track        = +0.8369 (0.4%)
      L_beta_norms_term   = -0.0285 (-0.0%)
      L_beta_logbeta_term = +0.2770 (0.1%)
  L_E = +228.1834 (98.8%)
Returning 231.97140502929688
Training epoch 15
learning rate :  [8.975622434388817e-06, 8.902756823265435e-06, 8.782201497513434e-06, 8.615277286509573e-06, 8.403813046840752e-06, 8.150125624968517e-06, 7.856994473374405e-06, 7.5276311982969185e-06, 7.165644372701505e-06, 6.7749999999999995e-06, 6.359978061687311e-06, 5.925125624968516e-06, 5.4752070241390275e-06, 5.015151661541058e-06, 4.55e-06, 4.084848338458943e-06]
train loss :  4.033960819244385
test   L_V                   = +1.6142 (0.7%)
    L_V_attractive      = +0.8606 (0.4%)
    L_V_repulsive       = +0.7536 (0.3%)
    L_charged_cluster   = +0.0000 (0.0%)
  L_beta              = +1.0607 (0.5%)
    L_beta_noise        = +0.0000 (0.0%)
    L_beta_sig          = +0.2359 (0.1%)
    L_beta_track        = +0.8247 (0.4%)
      L_beta_norms_term   = -0.0300 (-0.0%)
      L_beta_logbeta_term = +0.2660 (0.1%)
  L_E = +226.0989 (98.8%)
Returning 229.7737579345703
Training epoch 16
learning rate :  [8.975622434388817e-06, 8.902756823265435e-06, 8.782201497513434e-06, 8.615277286509573e-06, 8.403813046840752e-06, 8.150125624968517e-06, 7.856994473374405e-06, 7.5276311982969185e-06, 7.165644372701505e-06, 6.7749999999999995e-06, 6.359978061687311e-06, 5.925125624968516e-06, 5.4752070241390275e-06, 5.015151661541058e-06, 4.55e-06, 4.084848338458943e-06, 3.6247929758609713e-06]
train loss :  47.109676361083984
test   L_V                   = +8.4775 (18.3%)
    L_V_attractive      = +7.2983 (15.8%)
    L_V_repulsive       = +1.1792 (2.5%)
    L_charged_cluster   = +0.0000 (0.0%)
  L_beta              = +1.2804 (2.8%)
    L_beta_noise        = +0.0000 (0.0%)
    L_beta_sig          = +0.3413 (0.7%)
    L_beta_track        = +0.9391 (2.0%)
      L_beta_norms_term   = -0.0203 (-0.0%)
      L_beta_logbeta_term = +0.3616 (0.8%)
  L_E = +36.5286 (78.9%)
Returning 47.286502838134766
Training epoch 17
learning rate :  [8.975622434388817e-06, 8.902756823265435e-06, 8.782201497513434e-06, 8.615277286509573e-06, 8.403813046840752e-06, 8.150125624968517e-06, 7.856994473374405e-06, 7.5276311982969185e-06, 7.165644372701505e-06, 6.7749999999999995e-06, 6.359978061687311e-06, 5.925125624968516e-06, 5.4752070241390275e-06, 5.015151661541058e-06, 4.55e-06, 4.084848338458943e-06, 3.6247929758609713e-06, 3.174874375031484e-06]
train loss :  42.95026397705078
test   L_V                   = +5.1300 (12.6%)
    L_V_attractive      = +3.6666 (9.0%)
    L_V_repulsive       = +1.4634 (3.6%)
    L_charged_cluster   = +0.0000 (0.0%)
  L_beta              = +1.3390 (3.3%)
    L_beta_noise        = +0.0000 (0.0%)
    L_beta_sig          = +0.3830 (0.9%)
    L_beta_track        = +0.9560 (2.3%)
      L_beta_norms_term   = -0.0219 (-0.1%)
      L_beta_logbeta_term = +0.4049 (1.0%)
  L_E = +34.3275 (84.1%)
Returning 41.796443939208984
Training epoch 18
learning rate :  [8.975622434388817e-06, 8.902756823265435e-06, 8.782201497513434e-06, 8.615277286509573e-06, 8.403813046840752e-06, 8.150125624968517e-06, 7.856994473374405e-06, 7.5276311982969185e-06, 7.165644372701505e-06, 6.7749999999999995e-06, 6.359978061687311e-06, 5.925125624968516e-06, 5.4752070241390275e-06, 5.015151661541058e-06, 4.55e-06, 4.084848338458943e-06, 3.6247929758609713e-06, 3.174874375031484e-06, 2.7400219383126896e-06]
train loss :  33.990234375
test   L_V                   = +3.8352 (10.7%)
    L_V_attractive      = +2.3553 (6.6%)
    L_V_repulsive       = +1.4799 (4.1%)
    L_charged_cluster   = +0.0000 (0.0%)
  L_beta              = +1.3683 (3.8%)
    L_beta_noise        = +0.0000 (0.0%)
    L_beta_sig          = +0.4087 (1.1%)
    L_beta_track        = +0.9596 (2.7%)
      L_beta_norms_term   = -0.0214 (-0.1%)
      L_beta_logbeta_term = +0.4301 (1.2%)
  L_E = +30.7046 (85.5%)
Returning 36.90816879272461
Training epoch 19
learning rate :  [8.975622434388817e-06, 8.902756823265435e-06, 8.782201497513434e-06, 8.615277286509573e-06, 8.403813046840752e-06, 8.150125624968517e-06, 7.856994473374405e-06, 7.5276311982969185e-06, 7.165644372701505e-06, 6.7749999999999995e-06, 6.359978061687311e-06, 5.925125624968516e-06, 5.4752070241390275e-06, 5.015151661541058e-06, 4.55e-06, 4.084848338458943e-06, 3.6247929758609713e-06, 3.174874375031484e-06, 2.7400219383126896e-06, 2.3250000000000006e-06]
train loss :  30.829017639160156
test   L_V                   = +3.2491 (9.7%)
    L_V_attractive      = +1.7200 (5.1%)
    L_V_repulsive       = +1.5292 (4.6%)
    L_charged_cluster   = +0.0000 (0.0%)
  L_beta              = +1.3782 (4.1%)
    L_beta_noise        = +0.0000 (0.0%)
    L_beta_sig          = +0.4187 (1.2%)
    L_beta_track        = +0.9594 (2.9%)
      L_beta_norms_term   = -0.0212 (-0.1%)
      L_beta_logbeta_term = +0.4400 (1.3%)
  L_E = +28.9145 (86.2%)
Returning 34.54180145263672
Training epoch 20
learning rate :  [8.975622434388817e-06, 8.902756823265435e-06, 8.782201497513434e-06, 8.615277286509573e-06, 8.403813046840752e-06, 8.150125624968517e-06, 7.856994473374405e-06, 7.5276311982969185e-06, 7.165644372701505e-06, 6.7749999999999995e-06, 6.359978061687311e-06, 5.925125624968516e-06, 5.4752070241390275e-06, 5.015151661541058e-06, 4.55e-06, 4.084848338458943e-06, 3.6247929758609713e-06, 3.174874375031484e-06, 2.7400219383126896e-06, 2.3250000000000006e-06, 1.934355627298495e-06]
train loss :  34.29725646972656
test   L_V                   = +2.9802 (9.0%)
    L_V_attractive      = +1.4716 (4.4%)
    L_V_repulsive       = +1.5086 (4.6%)
    L_charged_cluster   = +0.0000 (0.0%)
  L_beta              = +1.3677 (4.1%)
    L_beta_noise        = +0.0000 (0.0%)
    L_beta_sig          = +0.4107 (1.2%)
    L_beta_track        = +0.9570 (2.9%)
      L_beta_norms_term   = -0.0211 (-0.1%)
      L_beta_logbeta_term = +0.4318 (1.3%)
  L_E = +28.8061 (86.9%)
Returning 34.15395736694336
Training epoch 21
learning rate :  [8.975622434388817e-06, 8.902756823265435e-06, 8.782201497513434e-06, 8.615277286509573e-06, 8.403813046840752e-06, 8.150125624968517e-06, 7.856994473374405e-06, 7.5276311982969185e-06, 7.165644372701505e-06, 6.7749999999999995e-06, 6.359978061687311e-06, 5.925125624968516e-06, 5.4752070241390275e-06, 5.015151661541058e-06, 4.55e-06, 4.084848338458943e-06, 3.6247929758609713e-06, 3.174874375031484e-06, 2.7400219383126896e-06, 2.3250000000000006e-06, 1.934355627298495e-06, 1.5723688017030824e-06]
train loss :  41.429534912109375
test   L_V                   = +2.8741 (8.8%)
    L_V_attractive      = +1.3830 (4.2%)
    L_V_repulsive       = +1.4911 (4.6%)
    L_charged_cluster   = +0.0000 (0.0%)
  L_beta              = +1.3696 (4.2%)
    L_beta_noise        = +0.0000 (0.0%)
    L_beta_sig          = +0.4126 (1.3%)
    L_beta_track        = +0.9570 (2.9%)
      L_beta_norms_term   = -0.0218 (-0.1%)
      L_beta_logbeta_term = +0.4344 (1.3%)
  L_E = +28.3218 (87.0%)
Returning 33.56554412841797
Training epoch 22
learning rate :  [8.975622434388817e-06, 8.902756823265435e-06, 8.782201497513434e-06, 8.615277286509573e-06, 8.403813046840752e-06, 8.150125624968517e-06, 7.856994473374405e-06, 7.5276311982969185e-06, 7.165644372701505e-06, 6.7749999999999995e-06, 6.359978061687311e-06, 5.925125624968516e-06, 5.4752070241390275e-06, 5.015151661541058e-06, 4.55e-06, 4.084848338458943e-06, 3.6247929758609713e-06, 3.174874375031484e-06, 2.7400219383126896e-06, 2.3250000000000006e-06, 1.934355627298495e-06, 1.5723688017030824e-06, 1.243005526625595e-06]
train loss :  38.42503356933594
test   L_V                   = +2.7956 (8.8%)
    L_V_attractive      = +1.3517 (4.3%)
    L_V_repulsive       = +1.4439 (4.6%)
    L_charged_cluster   = +0.0000 (0.0%)
  L_beta              = +1.3642 (4.3%)
    L_beta_noise        = +0.0000 (0.0%)
    L_beta_sig          = +0.4091 (1.3%)
    L_beta_track        = +0.9550 (3.0%)
      L_beta_norms_term   = -0.0211 (-0.1%)
      L_beta_logbeta_term = +0.4302 (1.4%)
  L_E = +27.5538 (86.9%)
Returning 32.713592529296875
Training epoch 23
learning rate :  [8.975622434388817e-06, 8.902756823265435e-06, 8.782201497513434e-06, 8.615277286509573e-06, 8.403813046840752e-06, 8.150125624968517e-06, 7.856994473374405e-06, 7.5276311982969185e-06, 7.165644372701505e-06, 6.7749999999999995e-06, 6.359978061687311e-06, 5.925125624968516e-06, 5.4752070241390275e-06, 5.015151661541058e-06, 4.55e-06, 4.084848338458943e-06, 3.6247929758609713e-06, 3.174874375031484e-06, 2.7400219383126896e-06, 2.3250000000000006e-06, 1.934355627298495e-06, 1.5723688017030824e-06, 1.243005526625595e-06, 9.498743750314843e-07]
train loss :  30.709484100341797
test   L_V                   = +2.7672 (8.8%)
    L_V_attractive      = +1.3462 (4.3%)
    L_V_repulsive       = +1.4210 (4.5%)
    L_charged_cluster   = +0.0000 (0.0%)
  L_beta              = +1.3535 (4.3%)
    L_beta_noise        = +0.0000 (0.0%)
    L_beta_sig          = +0.4015 (1.3%)
    L_beta_track        = +0.9520 (3.0%)
      L_beta_norms_term   = -0.0215 (-0.1%)
      L_beta_logbeta_term = +0.4230 (1.3%)
  L_E = +27.3940 (86.9%)
Returning 32.514705657958984
Training epoch 24
learning rate :  [8.975622434388817e-06, 8.902756823265435e-06, 8.782201497513434e-06, 8.615277286509573e-06, 8.403813046840752e-06, 8.150125624968517e-06, 7.856994473374405e-06, 7.5276311982969185e-06, 7.165644372701505e-06, 6.7749999999999995e-06, 6.359978061687311e-06, 5.925125624968516e-06, 5.4752070241390275e-06, 5.015151661541058e-06, 4.55e-06, 4.084848338458943e-06, 3.6247929758609713e-06, 3.174874375031484e-06, 2.7400219383126896e-06, 2.3250000000000006e-06, 1.934355627298495e-06, 1.5723688017030824e-06, 1.243005526625595e-06, 9.498743750314843e-07, 6.961869531592477e-07]
train loss :  31.615554809570312
test   L_V                   = +2.7106 (8.7%)
    L_V_attractive      = +1.2871 (4.1%)
    L_V_repulsive       = +1.4235 (4.6%)
    L_charged_cluster   = +0.0000 (0.0%)
  L_beta              = +1.3484 (4.3%)
    L_beta_noise        = +0.0000 (0.0%)
    L_beta_sig          = +0.3975 (1.3%)
    L_beta_track        = +0.9509 (3.1%)
      L_beta_norms_term   = -0.0215 (-0.1%)
      L_beta_logbeta_term = +0.4190 (1.3%)
  L_E = +26.9820 (86.9%)
Returning 32.04098129272461
Training epoch 25
learning rate :  [8.975622434388817e-06, 8.902756823265435e-06, 8.782201497513434e-06, 8.615277286509573e-06, 8.403813046840752e-06, 8.150125624968517e-06, 7.856994473374405e-06, 7.5276311982969185e-06, 7.165644372701505e-06, 6.7749999999999995e-06, 6.359978061687311e-06, 5.925125624968516e-06, 5.4752070241390275e-06, 5.015151661541058e-06, 4.55e-06, 4.084848338458943e-06, 3.6247929758609713e-06, 3.174874375031484e-06, 2.7400219383126896e-06, 2.3250000000000006e-06, 1.934355627298495e-06, 1.5723688017030824e-06, 1.243005526625595e-06, 9.498743750314843e-07, 6.961869531592477e-07, 4.847227134904256e-07]
train loss :  38.20402145385742
test   L_V                   = +2.6752 (8.6%)
    L_V_attractive      = +1.2880 (4.2%)
    L_V_repulsive       = +1.3872 (4.5%)
    L_charged_cluster   = +0.0000 (0.0%)
  L_beta              = +1.3473 (4.4%)
    L_beta_noise        = +0.0000 (0.0%)
    L_beta_sig          = +0.3965 (1.3%)
    L_beta_track        = +0.9508 (3.1%)
      L_beta_norms_term   = -0.0217 (-0.1%)
      L_beta_logbeta_term = +0.4182 (1.4%)
  L_E = +26.9488 (87.0%)
Returning 31.971210479736328
Training epoch 26
learning rate :  [8.975622434388817e-06, 8.902756823265435e-06, 8.782201497513434e-06, 8.615277286509573e-06, 8.403813046840752e-06, 8.150125624968517e-06, 7.856994473374405e-06, 7.5276311982969185e-06, 7.165644372701505e-06, 6.7749999999999995e-06, 6.359978061687311e-06, 5.925125624968516e-06, 5.4752070241390275e-06, 5.015151661541058e-06, 4.55e-06, 4.084848338458943e-06, 3.6247929758609713e-06, 3.174874375031484e-06, 2.7400219383126896e-06, 2.3250000000000006e-06, 1.934355627298495e-06, 1.5723688017030824e-06, 1.243005526625595e-06, 9.498743750314843e-07, 6.961869531592477e-07, 4.847227134904256e-07, 3.1779850248656677e-07]
train loss :  35.35447692871094
test   L_V                   = +2.6626 (8.6%)
    L_V_attractive      = +1.2688 (4.1%)
    L_V_repulsive       = +1.3938 (4.5%)
    L_charged_cluster   = +0.0000 (0.0%)
  L_beta              = +1.3501 (4.4%)
    L_beta_noise        = +0.0000 (0.0%)
    L_beta_sig          = +0.3988 (1.3%)
    L_beta_track        = +0.9513 (3.1%)
      L_beta_norms_term   = -0.0213 (-0.1%)
      L_beta_logbeta_term = +0.4201 (1.4%)
  L_E = +26.8469 (87.0%)
Returning 31.85953712463379
Training epoch 27
learning rate :  [8.975622434388817e-06, 8.902756823265435e-06, 8.782201497513434e-06, 8.615277286509573e-06, 8.403813046840752e-06, 8.150125624968517e-06, 7.856994473374405e-06, 7.5276311982969185e-06, 7.165644372701505e-06, 6.7749999999999995e-06, 6.359978061687311e-06, 5.925125624968516e-06, 5.4752070241390275e-06, 5.015151661541058e-06, 4.55e-06, 4.084848338458943e-06, 3.6247929758609713e-06, 3.174874375031484e-06, 2.7400219383126896e-06, 2.3250000000000006e-06, 1.934355627298495e-06, 1.5723688017030824e-06, 1.243005526625595e-06, 9.498743750314843e-07, 6.961869531592477e-07, 4.847227134904256e-07, 3.1779850248656677e-07, 1.9724317673456467e-07]
train loss :  29.44861602783203
test   L_V                   = +2.6337 (8.5%)
    L_V_attractive      = +1.2551 (4.1%)
    L_V_repulsive       = +1.3786 (4.5%)
    L_charged_cluster   = +0.0000 (0.0%)
  L_beta              = +1.3502 (4.4%)
    L_beta_noise        = +0.0000 (0.0%)
    L_beta_sig          = +0.3985 (1.3%)
    L_beta_track        = +0.9517 (3.1%)
      L_beta_norms_term   = -0.0215 (-0.1%)
      L_beta_logbeta_term = +0.4200 (1.4%)
  L_E = +26.8764 (87.1%)
Returning 31.860258102416992
Training epoch 28
learning rate :  [8.975622434388817e-06, 8.902756823265435e-06, 8.782201497513434e-06, 8.615277286509573e-06, 8.403813046840752e-06, 8.150125624968517e-06, 7.856994473374405e-06, 7.5276311982969185e-06, 7.165644372701505e-06, 6.7749999999999995e-06, 6.359978061687311e-06, 5.925125624968516e-06, 5.4752070241390275e-06, 5.015151661541058e-06, 4.55e-06, 4.084848338458943e-06, 3.6247929758609713e-06, 3.174874375031484e-06, 2.7400219383126896e-06, 2.3250000000000006e-06, 1.934355627298495e-06, 1.5723688017030824e-06, 1.243005526625595e-06, 9.498743750314843e-07, 6.961869531592477e-07, 4.847227134904256e-07, 3.1779850248656677e-07, 1.9724317673456467e-07, 1.2437756561118386e-07]
train loss :  31.08064079284668
test   L_V                   = +2.6374 (8.6%)
    L_V_attractive      = +1.2624 (4.1%)
    L_V_repulsive       = +1.3750 (4.5%)
    L_charged_cluster   = +0.0000 (0.0%)
  L_beta              = +1.3421 (4.4%)
    L_beta_noise        = +0.0000 (0.0%)
    L_beta_sig          = +0.3929 (1.3%)
    L_beta_track        = +0.9492 (3.1%)
      L_beta_norms_term   = -0.0217 (-0.1%)
      L_beta_logbeta_term = +0.4146 (1.3%)
  L_E = +26.8181 (87.1%)
Returning 31.797658920288086
Training epoch 29
learning rate :  [8.975622434388817e-06, 8.902756823265435e-06, 8.782201497513434e-06, 8.615277286509573e-06, 8.403813046840752e-06, 8.150125624968517e-06, 7.856994473374405e-06, 7.5276311982969185e-06, 7.165644372701505e-06, 6.7749999999999995e-06, 6.359978061687311e-06, 5.925125624968516e-06, 5.4752070241390275e-06, 5.015151661541058e-06, 4.55e-06, 4.084848338458943e-06, 3.6247929758609713e-06, 3.174874375031484e-06, 2.7400219383126896e-06, 2.3250000000000006e-06, 1.934355627298495e-06, 1.5723688017030824e-06, 1.243005526625595e-06, 9.498743750314843e-07, 6.961869531592477e-07, 4.847227134904256e-07, 3.1779850248656677e-07, 1.9724317673456467e-07, 1.2437756561118386e-07, 1e-07]
train loss :  25.248245239257812
test   L_V                   = +2.6580 (8.6%)
    L_V_attractive      = +1.2711 (4.1%)
    L_V_repulsive       = +1.3869 (4.5%)
    L_charged_cluster   = +0.0000 (0.0%)
  L_beta              = +1.3429 (4.4%)
    L_beta_noise        = +0.0000 (0.0%)
    L_beta_sig          = +0.3932 (1.3%)
    L_beta_track        = +0.9497 (3.1%)
      L_beta_norms_term   = -0.0217 (-0.1%)
      L_beta_logbeta_term = +0.4148 (1.3%)
  L_E = +26.7901 (87.0%)
Returning 31.79096794128418
Training epoch 30
learning rate :  [8.975622434388817e-06, 8.902756823265435e-06, 8.782201497513434e-06, 8.615277286509573e-06, 8.403813046840752e-06, 8.150125624968517e-06, 7.856994473374405e-06, 7.5276311982969185e-06, 7.165644372701505e-06, 6.7749999999999995e-06, 6.359978061687311e-06, 5.925125624968516e-06, 5.4752070241390275e-06, 5.015151661541058e-06, 4.55e-06, 4.084848338458943e-06, 3.6247929758609713e-06, 3.174874375031484e-06, 2.7400219383126896e-06, 2.3250000000000006e-06, 1.934355627298495e-06, 1.5723688017030824e-06, 1.243005526625595e-06, 9.498743750314843e-07, 6.961869531592477e-07, 4.847227134904256e-07, 3.1779850248656677e-07, 1.9724317673456467e-07, 1.2437756561118386e-07, 1e-07, 8.979850055450226e-06]
train loss :  28.64358901977539
test   L_V                   = +2.4007 (8.7%)
    L_V_attractive      = +1.1838 (4.3%)
    L_V_repulsive       = +1.2169 (4.4%)
    L_charged_cluster   = +0.0000 (0.0%)
  L_beta              = +1.2860 (4.6%)
    L_beta_noise        = +0.0000 (0.0%)
    L_beta_sig          = +0.3523 (1.3%)
    L_beta_track        = +0.9337 (3.4%)
      L_beta_norms_term   = -0.0217 (-0.1%)
      L_beta_logbeta_term = +0.3740 (1.3%)
  L_E = +24.0331 (86.7%)
Returning 28.71983528137207
Training epoch 31
learning rate :  [8.975622434388817e-06, 8.902756823265435e-06, 8.782201497513434e-06, 8.615277286509573e-06, 8.403813046840752e-06, 8.150125624968517e-06, 7.856994473374405e-06, 7.5276311982969185e-06, 7.165644372701505e-06, 6.7749999999999995e-06, 6.359978061687311e-06, 5.925125624968516e-06, 5.4752070241390275e-06, 5.015151661541058e-06, 4.55e-06, 4.084848338458943e-06, 3.6247929758609713e-06, 3.174874375031484e-06, 2.7400219383126896e-06, 2.3250000000000006e-06, 1.934355627298495e-06, 1.5723688017030824e-06, 1.243005526625595e-06, 9.498743750314843e-07, 6.961869531592477e-07, 4.847227134904256e-07, 3.1779850248656677e-07, 1.9724317673456467e-07, 1.2437756561118386e-07, 1e-07, 8.979850055450226e-06, 8.919582702819045e-06]
train loss :  26.80787467956543
test   L_V                   = +2.2144 (9.2%)
    L_V_attractive      = +1.1881 (4.9%)
    L_V_repulsive       = +1.0264 (4.3%)
    L_charged_cluster   = +0.0000 (0.0%)
  L_beta              = +1.2434 (5.2%)
    L_beta_noise        = +0.0000 (0.0%)
    L_beta_sig          = +0.3239 (1.3%)
    L_beta_track        = +0.9195 (3.8%)
      L_beta_norms_term   = -0.0209 (-0.1%)
      L_beta_logbeta_term = +0.3448 (1.4%)
  L_E = +20.6416 (85.7%)
Returning 25.09937286376953
Training epoch 32
learning rate :  [8.975622434388817e-06, 8.902756823265435e-06, 8.782201497513434e-06, 8.615277286509573e-06, 8.403813046840752e-06, 8.150125624968517e-06, 7.856994473374405e-06, 7.5276311982969185e-06, 7.165644372701505e-06, 6.7749999999999995e-06, 6.359978061687311e-06, 5.925125624968516e-06, 5.4752070241390275e-06, 5.015151661541058e-06, 4.55e-06, 4.084848338458943e-06, 3.6247929758609713e-06, 3.174874375031484e-06, 2.7400219383126896e-06, 2.3250000000000006e-06, 1.934355627298495e-06, 1.5723688017030824e-06, 1.243005526625595e-06, 9.498743750314843e-07, 6.961869531592477e-07, 4.847227134904256e-07, 3.1779850248656677e-07, 1.9724317673456467e-07, 1.2437756561118386e-07, 1e-07, 8.979850055450226e-06, 8.919582702819045e-06, 8.819743732584514e-06]
train loss :  23.587326049804688
test   L_V                   = +2.0897 (10.6%)
    L_V_attractive      = +1.1636 (5.9%)
    L_V_repulsive       = +0.9261 (4.7%)
    L_charged_cluster   = +0.0000 (0.0%)
  L_beta              = +1.2048 (6.1%)
    L_beta_noise        = +0.0000 (0.0%)
    L_beta_sig          = +0.3001 (1.5%)
    L_beta_track        = +0.9047 (4.6%)
      L_beta_norms_term   = -0.0219 (-0.1%)
      L_beta_logbeta_term = +0.3220 (1.6%)
  L_E = +16.4310 (83.3%)
Returning 20.725502014160156
Training epoch 33
learning rate :  [8.975622434388817e-06, 8.902756823265435e-06, 8.782201497513434e-06, 8.615277286509573e-06, 8.403813046840752e-06, 8.150125624968517e-06, 7.856994473374405e-06, 7.5276311982969185e-06, 7.165644372701505e-06, 6.7749999999999995e-06, 6.359978061687311e-06, 5.925125624968516e-06, 5.4752070241390275e-06, 5.015151661541058e-06, 4.55e-06, 4.084848338458943e-06, 3.6247929758609713e-06, 3.174874375031484e-06, 2.7400219383126896e-06, 2.3250000000000006e-06, 1.934355627298495e-06, 1.5723688017030824e-06, 1.243005526625595e-06, 9.498743750314843e-07, 6.961869531592477e-07, 4.847227134904256e-07, 3.1779850248656677e-07, 1.9724317673456467e-07, 1.2437756561118386e-07, 1e-07, 8.979850055450226e-06, 8.919582702819045e-06, 8.819743732584514e-06, 8.681237301921523e-06]
train loss :  19.344833374023438
test   L_V                   = +2.0055 (11.2%)
    L_V_attractive      = +1.1255 (6.3%)
    L_V_repulsive       = +0.8800 (4.9%)
    L_charged_cluster   = +0.0000 (0.0%)
  L_beta              = +1.1594 (6.5%)
    L_beta_noise        = +0.0000 (0.0%)
    L_beta_sig          = +0.2760 (1.5%)
    L_beta_track        = +0.8835 (4.9%)
      L_beta_norms_term   = -0.0239 (-0.1%)
      L_beta_logbeta_term = +0.2998 (1.7%)
  L_E = +14.7622 (82.3%)
Returning 18.92706871032715
Training epoch 34
learning rate :  [8.975622434388817e-06, 8.902756823265435e-06, 8.782201497513434e-06, 8.615277286509573e-06, 8.403813046840752e-06, 8.150125624968517e-06, 7.856994473374405e-06, 7.5276311982969185e-06, 7.165644372701505e-06, 6.7749999999999995e-06, 6.359978061687311e-06, 5.925125624968516e-06, 5.4752070241390275e-06, 5.015151661541058e-06, 4.55e-06, 4.084848338458943e-06, 3.6247929758609713e-06, 3.174874375031484e-06, 2.7400219383126896e-06, 2.3250000000000006e-06, 1.934355627298495e-06, 1.5723688017030824e-06, 1.243005526625595e-06, 9.498743750314843e-07, 6.961869531592477e-07, 4.847227134904256e-07, 3.1779850248656677e-07, 1.9724317673456467e-07, 1.2437756561118386e-07, 1e-07, 8.979850055450226e-06, 8.919582702819045e-06, 8.819743732584514e-06, 8.681237301921523e-06, 8.50531774651441e-06]
train loss :  19.12492561340332
test   L_V                   = +1.9353 (11.6%)
    L_V_attractive      = +1.0913 (6.6%)
    L_V_repulsive       = +0.8440 (5.1%)
    L_charged_cluster   = +0.0000 (0.0%)
  L_beta              = +1.1214 (6.7%)
    L_beta_noise        = +0.0000 (0.0%)
    L_beta_sig          = +0.2586 (1.6%)
    L_beta_track        = +0.8627 (5.2%)
      L_beta_norms_term   = -0.0250 (-0.2%)
      L_beta_logbeta_term = +0.2836 (1.7%)
  L_E = +13.5753 (81.6%)
Returning 17.631999969482422
Training epoch 35
learning rate :  [8.975622434388817e-06, 8.902756823265435e-06, 8.782201497513434e-06, 8.615277286509573e-06, 8.403813046840752e-06, 8.150125624968517e-06, 7.856994473374405e-06, 7.5276311982969185e-06, 7.165644372701505e-06, 6.7749999999999995e-06, 6.359978061687311e-06, 5.925125624968516e-06, 5.4752070241390275e-06, 5.015151661541058e-06, 4.55e-06, 4.084848338458943e-06, 3.6247929758609713e-06, 3.174874375031484e-06, 2.7400219383126896e-06, 2.3250000000000006e-06, 1.934355627298495e-06, 1.5723688017030824e-06, 1.243005526625595e-06, 9.498743750314843e-07, 6.961869531592477e-07, 4.847227134904256e-07, 3.1779850248656677e-07, 1.9724317673456467e-07, 1.2437756561118386e-07, 1e-07, 8.979850055450226e-06, 8.919582702819045e-06, 8.819743732584514e-06, 8.681237301921523e-06, 8.50531774651441e-06, 8.293578221098757e-06]
train loss :  16.5513973236084
test   L_V                   = +1.9017 (12.1%)
    L_V_attractive      = +1.0724 (6.8%)
    L_V_repulsive       = +0.8292 (5.3%)
    L_charged_cluster   = +0.0000 (0.0%)
  L_beta              = +1.0867 (6.9%)
    L_beta_noise        = +0.0000 (0.0%)
    L_beta_sig          = +0.2441 (1.6%)
    L_beta_track        = +0.8426 (5.4%)
      L_beta_norms_term   = -0.0268 (-0.2%)
      L_beta_logbeta_term = +0.2709 (1.7%)
  L_E = +12.6876 (80.9%)
Returning 16.675939559936523
Training epoch 36
learning rate :  [8.975622434388817e-06, 8.902756823265435e-06, 8.782201497513434e-06, 8.615277286509573e-06, 8.403813046840752e-06, 8.150125624968517e-06, 7.856994473374405e-06, 7.5276311982969185e-06, 7.165644372701505e-06, 6.7749999999999995e-06, 6.359978061687311e-06, 5.925125624968516e-06, 5.4752070241390275e-06, 5.015151661541058e-06, 4.55e-06, 4.084848338458943e-06, 3.6247929758609713e-06, 3.174874375031484e-06, 2.7400219383126896e-06, 2.3250000000000006e-06, 1.934355627298495e-06, 1.5723688017030824e-06, 1.243005526625595e-06, 9.498743750314843e-07, 6.961869531592477e-07, 4.847227134904256e-07, 3.1779850248656677e-07, 1.9724317673456467e-07, 1.2437756561118386e-07, 1e-07, 8.979850055450226e-06, 8.919582702819045e-06, 8.819743732584514e-06, 8.681237301921523e-06, 8.50531774651441e-06, 8.293578221098757e-06, 8.047936271605405e-06]
train loss :  27.907377243041992
test   L_V                   = +1.9143 (11.1%)
    L_V_attractive      = +1.0860 (6.3%)
    L_V_repulsive       = +0.8284 (4.8%)
    L_charged_cluster   = +0.0000 (0.0%)
  L_beta              = +1.0629 (6.2%)
    L_beta_noise        = +0.0000 (0.0%)
    L_beta_sig          = +0.2346 (1.4%)
    L_beta_track        = +0.8282 (4.8%)
      L_beta_norms_term   = -0.0284 (-0.2%)
      L_beta_logbeta_term = +0.2630 (1.5%)
  L_E = +14.2914 (82.8%)
Returning 18.268598556518555
Training epoch 37
learning rate :  [8.975622434388817e-06, 8.902756823265435e-06, 8.782201497513434e-06, 8.615277286509573e-06, 8.403813046840752e-06, 8.150125624968517e-06, 7.856994473374405e-06, 7.5276311982969185e-06, 7.165644372701505e-06, 6.7749999999999995e-06, 6.359978061687311e-06, 5.925125624968516e-06, 5.4752070241390275e-06, 5.015151661541058e-06, 4.55e-06, 4.084848338458943e-06, 3.6247929758609713e-06, 3.174874375031484e-06, 2.7400219383126896e-06, 2.3250000000000006e-06, 1.934355627298495e-06, 1.5723688017030824e-06, 1.243005526625595e-06, 9.498743750314843e-07, 6.961869531592477e-07, 4.847227134904256e-07, 3.1779850248656677e-07, 1.9724317673456467e-07, 1.2437756561118386e-07, 1e-07, 8.979850055450226e-06, 8.919582702819045e-06, 8.819743732584514e-06, 8.681237301921523e-06, 8.50531774651441e-06, 8.293578221098757e-06, 8.047936271605405e-06, 7.770616469567563e-06]
train loss :  13.17647933959961
test   L_V                   = +1.8688 (11.5%)
    L_V_attractive      = +1.0568 (6.5%)
    L_V_repulsive       = +0.8120 (5.0%)
    L_charged_cluster   = +0.0000 (0.0%)
  L_beta              = +1.0440 (6.4%)
    L_beta_noise        = +0.0000 (0.0%)
    L_beta_sig          = +0.2296 (1.4%)
    L_beta_track        = +0.8143 (5.0%)
      L_beta_norms_term   = -0.0283 (-0.2%)
      L_beta_logbeta_term = +0.2579 (1.6%)
  L_E = +13.2734 (82.0%)
Returning 17.18619728088379
Training epoch 38
learning rate :  [8.975622434388817e-06, 8.902756823265435e-06, 8.782201497513434e-06, 8.615277286509573e-06, 8.403813046840752e-06, 8.150125624968517e-06, 7.856994473374405e-06, 7.5276311982969185e-06, 7.165644372701505e-06, 6.7749999999999995e-06, 6.359978061687311e-06, 5.925125624968516e-06, 5.4752070241390275e-06, 5.015151661541058e-06, 4.55e-06, 4.084848338458943e-06, 3.6247929758609713e-06, 3.174874375031484e-06, 2.7400219383126896e-06, 2.3250000000000006e-06, 1.934355627298495e-06, 1.5723688017030824e-06, 1.243005526625595e-06, 9.498743750314843e-07, 6.961869531592477e-07, 4.847227134904256e-07, 3.1779850248656677e-07, 1.9724317673456467e-07, 1.2437756561118386e-07, 1e-07, 8.979850055450226e-06, 8.919582702819045e-06, 8.819743732584514e-06, 8.681237301921523e-06, 8.50531774651441e-06, 8.293578221098757e-06, 8.047936271605405e-06, 7.770616469567563e-06, 7.464130266056519e-06]
train loss :  20.63330078125
test   L_V                   = +1.9214 (9.4%)
    L_V_attractive      = +1.1247 (5.5%)
    L_V_repulsive       = +0.7967 (3.9%)
    L_charged_cluster   = +0.0000 (0.0%)
  L_beta              = +1.0367 (5.1%)
    L_beta_noise        = +0.0000 (0.0%)
    L_beta_sig          = +0.2282 (1.1%)
    L_beta_track        = +0.8085 (4.0%)
      L_beta_norms_term   = -0.0281 (-0.1%)
      L_beta_logbeta_term = +0.2563 (1.3%)
  L_E = +17.4260 (85.5%)
Returning 21.38408660888672
Training epoch 39
learning rate :  [8.975622434388817e-06, 8.902756823265435e-06, 8.782201497513434e-06, 8.615277286509573e-06, 8.403813046840752e-06, 8.150125624968517e-06, 7.856994473374405e-06, 7.5276311982969185e-06, 7.165644372701505e-06, 6.7749999999999995e-06, 6.359978061687311e-06, 5.925125624968516e-06, 5.4752070241390275e-06, 5.015151661541058e-06, 4.55e-06, 4.084848338458943e-06, 3.6247929758609713e-06, 3.174874375031484e-06, 2.7400219383126896e-06, 2.3250000000000006e-06, 1.934355627298495e-06, 1.5723688017030824e-06, 1.243005526625595e-06, 9.498743750314843e-07, 6.961869531592477e-07, 4.847227134904256e-07, 3.1779850248656677e-07, 1.9724317673456467e-07, 1.2437756561118386e-07, 1e-07, 8.979850055450226e-06, 8.919582702819045e-06, 8.819743732584514e-06, 8.681237301921523e-06, 8.50531774651441e-06, 8.293578221098757e-06, 8.047936271605405e-06, 7.770616469567563e-06, 7.464130266056519e-06, 7.131253247591831e-06]
train loss :  19.97364044189453
test   L_V                   = +1.8654 (11.1%)
    L_V_attractive      = +1.0619 (6.3%)
    L_V_repulsive       = +0.8034 (4.8%)
    L_charged_cluster   = +0.0000 (0.0%)
  L_beta              = +1.0172 (6.0%)
    L_beta_noise        = +0.0000 (0.0%)
    L_beta_sig          = +0.2215 (1.3%)
    L_beta_track        = +0.7957 (4.7%)
      L_beta_norms_term   = -0.0299 (-0.2%)
      L_beta_logbeta_term = +0.2514 (1.5%)
  L_E = +13.9860 (82.9%)
Returning 17.868593215942383
Training epoch 40
learning rate :  [8.975622434388817e-06, 8.902756823265435e-06, 8.782201497513434e-06, 8.615277286509573e-06, 8.403813046840752e-06, 8.150125624968517e-06, 7.856994473374405e-06, 7.5276311982969185e-06, 7.165644372701505e-06, 6.7749999999999995e-06, 6.359978061687311e-06, 5.925125624968516e-06, 5.4752070241390275e-06, 5.015151661541058e-06, 4.55e-06, 4.084848338458943e-06, 3.6247929758609713e-06, 3.174874375031484e-06, 2.7400219383126896e-06, 2.3250000000000006e-06, 1.934355627298495e-06, 1.5723688017030824e-06, 1.243005526625595e-06, 9.498743750314843e-07, 6.961869531592477e-07, 4.847227134904256e-07, 3.1779850248656677e-07, 1.9724317673456467e-07, 1.2437756561118386e-07, 1e-07, 8.979850055450226e-06, 8.919582702819045e-06, 8.819743732584514e-06, 8.681237301921523e-06, 8.50531774651441e-06, 8.293578221098757e-06, 8.047936271605405e-06, 7.770616469567563e-06, 7.464130266056519e-06, 7.131253247591831e-06, 6.7749999999999995e-06]
train loss :  20.08428192138672
test   L_V                   = +1.8630 (8.9%)
    L_V_attractive      = +1.0762 (5.1%)
    L_V_repulsive       = +0.7867 (3.7%)
    L_charged_cluster   = +0.0000 (0.0%)
  L_beta              = +1.0291 (4.9%)
    L_beta_noise        = +0.0000 (0.0%)
    L_beta_sig          = +0.2256 (1.1%)
    L_beta_track        = +0.8035 (3.8%)
      L_beta_norms_term   = -0.0299 (-0.1%)
      L_beta_logbeta_term = +0.2554 (1.2%)
  L_E = +18.1515 (86.3%)
Returning 22.043609619140625
Training epoch 41
learning rate :  [8.975622434388817e-06, 8.902756823265435e-06, 8.782201497513434e-06, 8.615277286509573e-06, 8.403813046840752e-06, 8.150125624968517e-06, 7.856994473374405e-06, 7.5276311982969185e-06, 7.165644372701505e-06, 6.7749999999999995e-06, 6.359978061687311e-06, 5.925125624968516e-06, 5.4752070241390275e-06, 5.015151661541058e-06, 4.55e-06, 4.084848338458943e-06, 3.6247929758609713e-06, 3.174874375031484e-06, 2.7400219383126896e-06, 2.3250000000000006e-06, 1.934355627298495e-06, 1.5723688017030824e-06, 1.243005526625595e-06, 9.498743750314843e-07, 6.961869531592477e-07, 4.847227134904256e-07, 3.1779850248656677e-07, 1.9724317673456467e-07, 1.2437756561118386e-07, 1e-07, 8.979850055450226e-06, 8.919582702819045e-06, 8.819743732584514e-06, 8.681237301921523e-06, 8.50531774651441e-06, 8.293578221098757e-06, 8.047936271605405e-06, 7.770616469567563e-06, 7.464130266056519e-06, 7.131253247591831e-06, 6.7749999999999995e-06, 6.398596807858395e-06]
train loss :  21.266496658325195
test   L_V                   = +1.8538 (11.2%)
    L_V_attractive      = +1.0672 (6.4%)
    L_V_repulsive       = +0.7865 (4.8%)
    L_charged_cluster   = +0.0000 (0.0%)
  L_beta              = +0.9915 (6.0%)
    L_beta_noise        = +0.0000 (0.0%)
    L_beta_sig          = +0.2122 (1.3%)
    L_beta_track        = +0.7794 (4.7%)
      L_beta_norms_term   = -0.0317 (-0.2%)
      L_beta_logbeta_term = +0.2439 (1.5%)
  L_E = +13.7048 (82.8%)
Returning 17.550067901611328
Training epoch 42
learning rate :  [8.975622434388817e-06, 8.902756823265435e-06, 8.782201497513434e-06, 8.615277286509573e-06, 8.403813046840752e-06, 8.150125624968517e-06, 7.856994473374405e-06, 7.5276311982969185e-06, 7.165644372701505e-06, 6.7749999999999995e-06, 6.359978061687311e-06, 5.925125624968516e-06, 5.4752070241390275e-06, 5.015151661541058e-06, 4.55e-06, 4.084848338458943e-06, 3.6247929758609713e-06, 3.174874375031484e-06, 2.7400219383126896e-06, 2.3250000000000006e-06, 1.934355627298495e-06, 1.5723688017030824e-06, 1.243005526625595e-06, 9.498743750314843e-07, 6.961869531592477e-07, 4.847227134904256e-07, 3.1779850248656677e-07, 1.9724317673456467e-07, 1.2437756561118386e-07, 1e-07, 8.979850055450226e-06, 8.919582702819045e-06, 8.819743732584514e-06, 8.681237301921523e-06, 8.50531774651441e-06, 8.293578221098757e-06, 8.047936271605405e-06, 7.770616469567563e-06, 7.464130266056519e-06, 7.131253247591831e-06, 6.7749999999999995e-06, 6.398596807858395e-06, 6.005452436762526e-06]
train loss :  14.120667457580566
test   L_V                   = +1.8450 (11.0%)
    L_V_attractive      = +1.0560 (6.3%)
    L_V_repulsive       = +0.7890 (4.7%)
    L_charged_cluster   = +0.0000 (0.0%)
  L_beta              = +0.9840 (5.9%)
    L_beta_noise        = +0.0000 (0.0%)
    L_beta_sig          = +0.2100 (1.3%)
    L_beta_track        = +0.7740 (4.6%)
      L_beta_norms_term   = -0.0326 (-0.2%)
      L_beta_logbeta_term = +0.2425 (1.5%)
  L_E = +13.8848 (83.1%)
Returning 17.7138671875
Training epoch 43
learning rate :  [8.975622434388817e-06, 8.902756823265435e-06, 8.782201497513434e-06, 8.615277286509573e-06, 8.403813046840752e-06, 8.150125624968517e-06, 7.856994473374405e-06, 7.5276311982969185e-06, 7.165644372701505e-06, 6.7749999999999995e-06, 6.359978061687311e-06, 5.925125624968516e-06, 5.4752070241390275e-06, 5.015151661541058e-06, 4.55e-06, 4.084848338458943e-06, 3.6247929758609713e-06, 3.174874375031484e-06, 2.7400219383126896e-06, 2.3250000000000006e-06, 1.934355627298495e-06, 1.5723688017030824e-06, 1.243005526625595e-06, 9.498743750314843e-07, 6.961869531592477e-07, 4.847227134904256e-07, 3.1779850248656677e-07, 1.9724317673456467e-07, 1.2437756561118386e-07, 1e-07, 8.979850055450226e-06, 8.919582702819045e-06, 8.819743732584514e-06, 8.681237301921523e-06, 8.50531774651441e-06, 8.293578221098757e-06, 8.047936271605405e-06, 7.770616469567563e-06, 7.464130266056519e-06, 7.131253247591831e-06, 6.7749999999999995e-06, 6.398596807858395e-06, 6.005452436762526e-06, 5.5991272630169515e-06]
train loss :  46.71397018432617
test   L_V                   = +1.9088 (8.7%)
    L_V_attractive      = +1.1442 (5.2%)
    L_V_repulsive       = +0.7645 (3.5%)
    L_charged_cluster   = +0.0000 (0.0%)
  L_beta              = +0.9985 (4.5%)
    L_beta_noise        = +0.0000 (0.0%)
    L_beta_sig          = +0.2166 (1.0%)
    L_beta_track        = +0.7818 (3.5%)
      L_beta_norms_term   = -0.0310 (-0.1%)
      L_beta_logbeta_term = +0.2476 (1.1%)
  L_E = +19.1422 (86.8%)
Returning 23.049427032470703
Training epoch 44
learning rate :  [8.975622434388817e-06, 8.902756823265435e-06, 8.782201497513434e-06, 8.615277286509573e-06, 8.403813046840752e-06, 8.150125624968517e-06, 7.856994473374405e-06, 7.5276311982969185e-06, 7.165644372701505e-06, 6.7749999999999995e-06, 6.359978061687311e-06, 5.925125624968516e-06, 5.4752070241390275e-06, 5.015151661541058e-06, 4.55e-06, 4.084848338458943e-06, 3.6247929758609713e-06, 3.174874375031484e-06, 2.7400219383126896e-06, 2.3250000000000006e-06, 1.934355627298495e-06, 1.5723688017030824e-06, 1.243005526625595e-06, 9.498743750314843e-07, 6.961869531592477e-07, 4.847227134904256e-07, 3.1779850248656677e-07, 1.9724317673456467e-07, 1.2437756561118386e-07, 1e-07, 8.979850055450226e-06, 8.919582702819045e-06, 8.819743732584514e-06, 8.681237301921523e-06, 8.50531774651441e-06, 8.293578221098757e-06, 8.047936271605405e-06, 7.770616469567563e-06, 7.464130266056519e-06, 7.131253247591831e-06, 6.7749999999999995e-06, 6.398596807858395e-06, 6.005452436762526e-06, 5.5991272630169515e-06, 5.183301030316119e-06]
train loss :  18.995323181152344
test   L_V                   = +1.8360 (10.8%)
    L_V_attractive      = +1.0464 (6.2%)
    L_V_repulsive       = +0.7896 (4.7%)
    L_charged_cluster   = +0.0000 (0.0%)
  L_beta              = +0.9718 (5.7%)
    L_beta_noise        = +0.0000 (0.0%)
    L_beta_sig          = +0.2064 (1.2%)
    L_beta_track        = +0.7654 (4.5%)
      L_beta_norms_term   = -0.0336 (-0.2%)
      L_beta_logbeta_term = +0.2399 (1.4%)
  L_E = +14.1244 (83.4%)
Returning 17.932178497314453
Training epoch 45
learning rate :  [8.975622434388817e-06, 8.902756823265435e-06, 8.782201497513434e-06, 8.615277286509573e-06, 8.403813046840752e-06, 8.150125624968517e-06, 7.856994473374405e-06, 7.5276311982969185e-06, 7.165644372701505e-06, 6.7749999999999995e-06, 6.359978061687311e-06, 5.925125624968516e-06, 5.4752070241390275e-06, 5.015151661541058e-06, 4.55e-06, 4.084848338458943e-06, 3.6247929758609713e-06, 3.174874375031484e-06, 2.7400219383126896e-06, 2.3250000000000006e-06, 1.934355627298495e-06, 1.5723688017030824e-06, 1.243005526625595e-06, 9.498743750314843e-07, 6.961869531592477e-07, 4.847227134904256e-07, 3.1779850248656677e-07, 1.9724317673456467e-07, 1.2437756561118386e-07, 1e-07, 8.979850055450226e-06, 8.919582702819045e-06, 8.819743732584514e-06, 8.681237301921523e-06, 8.50531774651441e-06, 8.293578221098757e-06, 8.047936271605405e-06, 7.770616469567563e-06, 7.464130266056519e-06, 7.131253247591831e-06, 6.7749999999999995e-06, 6.398596807858395e-06, 6.005452436762526e-06, 5.5991272630169515e-06, 5.183301030316119e-06, 4.761739525415654e-06]
train loss :  14.462775230407715
test   L_V                   = +1.8533 (11.3%)
    L_V_attractive      = +1.0540 (6.4%)
    L_V_repulsive       = +0.7993 (4.9%)
    L_charged_cluster   = +0.0000 (0.0%)
  L_beta              = +0.9616 (5.8%)
    L_beta_noise        = +0.0000 (0.0%)
    L_beta_sig          = +0.2032 (1.2%)
    L_beta_track        = +0.7585 (4.6%)
      L_beta_norms_term   = -0.0341 (-0.2%)
      L_beta_logbeta_term = +0.2373 (1.4%)
  L_E = +13.6417 (82.9%)
Returning 17.456668853759766
Training epoch 46
learning rate :  [8.975622434388817e-06, 8.902756823265435e-06, 8.782201497513434e-06, 8.615277286509573e-06, 8.403813046840752e-06, 8.150125624968517e-06, 7.856994473374405e-06, 7.5276311982969185e-06, 7.165644372701505e-06, 6.7749999999999995e-06, 6.359978061687311e-06, 5.925125624968516e-06, 5.4752070241390275e-06, 5.015151661541058e-06, 4.55e-06, 4.084848338458943e-06, 3.6247929758609713e-06, 3.174874375031484e-06, 2.7400219383126896e-06, 2.3250000000000006e-06, 1.934355627298495e-06, 1.5723688017030824e-06, 1.243005526625595e-06, 9.498743750314843e-07, 6.961869531592477e-07, 4.847227134904256e-07, 3.1779850248656677e-07, 1.9724317673456467e-07, 1.2437756561118386e-07, 1e-07, 8.979850055450226e-06, 8.919582702819045e-06, 8.819743732584514e-06, 8.681237301921523e-06, 8.50531774651441e-06, 8.293578221098757e-06, 8.047936271605405e-06, 7.770616469567563e-06, 7.464130266056519e-06, 7.131253247591831e-06, 6.7749999999999995e-06, 6.398596807858395e-06, 6.005452436762526e-06, 5.5991272630169515e-06, 5.183301030316119e-06, 4.761739525415654e-06, 4.338260474584347e-06]
train loss :  18.043607711791992
test   L_V                   = +1.8466 (10.8%)
    L_V_attractive      = +1.0581 (6.2%)
    L_V_repulsive       = +0.7885 (4.6%)
    L_charged_cluster   = +0.0000 (0.0%)
  L_beta              = +0.9574 (5.6%)
    L_beta_noise        = +0.0000 (0.0%)
    L_beta_sig          = +0.2020 (1.2%)
    L_beta_track        = +0.7554 (4.4%)
      L_beta_norms_term   = -0.0343 (-0.2%)
      L_beta_logbeta_term = +0.2363 (1.4%)
  L_E = +14.3153 (83.6%)
Returning 18.119285583496094
Training epoch 47
learning rate :  [8.975622434388817e-06, 8.902756823265435e-06, 8.782201497513434e-06, 8.615277286509573e-06, 8.403813046840752e-06, 8.150125624968517e-06, 7.856994473374405e-06, 7.5276311982969185e-06, 7.165644372701505e-06, 6.7749999999999995e-06, 6.359978061687311e-06, 5.925125624968516e-06, 5.4752070241390275e-06, 5.015151661541058e-06, 4.55e-06, 4.084848338458943e-06, 3.6247929758609713e-06, 3.174874375031484e-06, 2.7400219383126896e-06, 2.3250000000000006e-06, 1.934355627298495e-06, 1.5723688017030824e-06, 1.243005526625595e-06, 9.498743750314843e-07, 6.961869531592477e-07, 4.847227134904256e-07, 3.1779850248656677e-07, 1.9724317673456467e-07, 1.2437756561118386e-07, 1e-07, 8.979850055450226e-06, 8.919582702819045e-06, 8.819743732584514e-06, 8.681237301921523e-06, 8.50531774651441e-06, 8.293578221098757e-06, 8.047936271605405e-06, 7.770616469567563e-06, 7.464130266056519e-06, 7.131253247591831e-06, 6.7749999999999995e-06, 6.398596807858395e-06, 6.005452436762526e-06, 5.5991272630169515e-06, 5.183301030316119e-06, 4.761739525415654e-06, 4.338260474584347e-06, 3.916698969683881e-06]
train loss :  21.398500442504883
test   L_V                   = +1.8463 (10.7%)
    L_V_attractive      = +1.0520 (6.1%)
    L_V_repulsive       = +0.7943 (4.6%)
    L_charged_cluster   = +0.0000 (0.0%)
  L_beta              = +0.9533 (5.5%)
    L_beta_noise        = +0.0000 (0.0%)
    L_beta_sig          = +0.2000 (1.2%)
    L_beta_track        = +0.7532 (4.4%)
      L_beta_norms_term   = -0.0350 (-0.2%)
      L_beta_logbeta_term = +0.2350 (1.4%)
  L_E = +14.5014 (83.8%)
Returning 18.300973892211914
Training epoch 48
learning rate :  [8.975622434388817e-06, 8.902756823265435e-06, 8.782201497513434e-06, 8.615277286509573e-06, 8.403813046840752e-06, 8.150125624968517e-06, 7.856994473374405e-06, 7.5276311982969185e-06, 7.165644372701505e-06, 6.7749999999999995e-06, 6.359978061687311e-06, 5.925125624968516e-06, 5.4752070241390275e-06, 5.015151661541058e-06, 4.55e-06, 4.084848338458943e-06, 3.6247929758609713e-06, 3.174874375031484e-06, 2.7400219383126896e-06, 2.3250000000000006e-06, 1.934355627298495e-06, 1.5723688017030824e-06, 1.243005526625595e-06, 9.498743750314843e-07, 6.961869531592477e-07, 4.847227134904256e-07, 3.1779850248656677e-07, 1.9724317673456467e-07, 1.2437756561118386e-07, 1e-07, 8.979850055450226e-06, 8.919582702819045e-06, 8.819743732584514e-06, 8.681237301921523e-06, 8.50531774651441e-06, 8.293578221098757e-06, 8.047936271605405e-06, 7.770616469567563e-06, 7.464130266056519e-06, 7.131253247591831e-06, 6.7749999999999995e-06, 6.398596807858395e-06, 6.005452436762526e-06, 5.5991272630169515e-06, 5.183301030316119e-06, 4.761739525415654e-06, 4.338260474584347e-06, 3.916698969683881e-06, 3.500872736983048e-06]
train loss :  23.258686065673828
test   L_V                   = +1.8586 (10.8%)
    L_V_attractive      = +1.0608 (6.2%)
    L_V_repulsive       = +0.7978 (4.6%)
    L_charged_cluster   = +0.0000 (0.0%)
  L_beta              = +0.9470 (5.5%)
    L_beta_noise        = +0.0000 (0.0%)
    L_beta_sig          = +0.1987 (1.2%)
    L_beta_track        = +0.7483 (4.3%)
      L_beta_norms_term   = -0.0353 (-0.2%)
      L_beta_logbeta_term = +0.2340 (1.4%)
  L_E = +14.4186 (83.7%)
Returning 18.224201202392578
Training epoch 49
learning rate :  [8.975622434388817e-06, 8.902756823265435e-06, 8.782201497513434e-06, 8.615277286509573e-06, 8.403813046840752e-06, 8.150125624968517e-06, 7.856994473374405e-06, 7.5276311982969185e-06, 7.165644372701505e-06, 6.7749999999999995e-06, 6.359978061687311e-06, 5.925125624968516e-06, 5.4752070241390275e-06, 5.015151661541058e-06, 4.55e-06, 4.084848338458943e-06, 3.6247929758609713e-06, 3.174874375031484e-06, 2.7400219383126896e-06, 2.3250000000000006e-06, 1.934355627298495e-06, 1.5723688017030824e-06, 1.243005526625595e-06, 9.498743750314843e-07, 6.961869531592477e-07, 4.847227134904256e-07, 3.1779850248656677e-07, 1.9724317673456467e-07, 1.2437756561118386e-07, 1e-07, 8.979850055450226e-06, 8.919582702819045e-06, 8.819743732584514e-06, 8.681237301921523e-06, 8.50531774651441e-06, 8.293578221098757e-06, 8.047936271605405e-06, 7.770616469567563e-06, 7.464130266056519e-06, 7.131253247591831e-06, 6.7749999999999995e-06, 6.398596807858395e-06, 6.005452436762526e-06, 5.5991272630169515e-06, 5.183301030316119e-06, 4.761739525415654e-06, 4.338260474584347e-06, 3.916698969683881e-06, 3.500872736983048e-06, 3.0945475632374738e-06]
train loss :  14.99832820892334
test   L_V                   = +1.8645 (10.7%)
    L_V_attractive      = +1.0642 (6.1%)
    L_V_repulsive       = +0.8003 (4.6%)
    L_charged_cluster   = +0.0000 (0.0%)
  L_beta              = +0.9417 (5.4%)
    L_beta_noise        = +0.0000 (0.0%)
    L_beta_sig          = +0.1975 (1.1%)
    L_beta_track        = +0.7441 (4.3%)
      L_beta_norms_term   = -0.0356 (-0.2%)
      L_beta_logbeta_term = +0.2331 (1.3%)
  L_E = +14.6811 (84.0%)
Returning 18.487279891967773
Training epoch 50
learning rate :  [8.975622434388817e-06, 8.902756823265435e-06, 8.782201497513434e-06, 8.615277286509573e-06, 8.403813046840752e-06, 8.150125624968517e-06, 7.856994473374405e-06, 7.5276311982969185e-06, 7.165644372701505e-06, 6.7749999999999995e-06, 6.359978061687311e-06, 5.925125624968516e-06, 5.4752070241390275e-06, 5.015151661541058e-06, 4.55e-06, 4.084848338458943e-06, 3.6247929758609713e-06, 3.174874375031484e-06, 2.7400219383126896e-06, 2.3250000000000006e-06, 1.934355627298495e-06, 1.5723688017030824e-06, 1.243005526625595e-06, 9.498743750314843e-07, 6.961869531592477e-07, 4.847227134904256e-07, 3.1779850248656677e-07, 1.9724317673456467e-07, 1.2437756561118386e-07, 1e-07, 8.979850055450226e-06, 8.919582702819045e-06, 8.819743732584514e-06, 8.681237301921523e-06, 8.50531774651441e-06, 8.293578221098757e-06, 8.047936271605405e-06, 7.770616469567563e-06, 7.464130266056519e-06, 7.131253247591831e-06, 6.7749999999999995e-06, 6.398596807858395e-06, 6.005452436762526e-06, 5.5991272630169515e-06, 5.183301030316119e-06, 4.761739525415654e-06, 4.338260474584347e-06, 3.916698969683881e-06, 3.500872736983048e-06, 3.0945475632374738e-06, 2.7014031921416055e-06]
train loss :  33.058982849121094
test   L_V                   = +1.8537 (10.2%)
    L_V_attractive      = +1.0654 (5.9%)
    L_V_repulsive       = +0.7882 (4.3%)
    L_charged_cluster   = +0.0000 (0.0%)
  L_beta              = +0.9455 (5.2%)
    L_beta_noise        = +0.0000 (0.0%)
    L_beta_sig          = +0.1985 (1.1%)
    L_beta_track        = +0.7470 (4.1%)
      L_beta_norms_term   = -0.0352 (-0.2%)
      L_beta_logbeta_term = +0.2337 (1.3%)
  L_E = +15.3632 (84.6%)
Returning 19.16232681274414
Training epoch 51
learning rate :  [8.975622434388817e-06, 8.902756823265435e-06, 8.782201497513434e-06, 8.615277286509573e-06, 8.403813046840752e-06, 8.150125624968517e-06, 7.856994473374405e-06, 7.5276311982969185e-06, 7.165644372701505e-06, 6.7749999999999995e-06, 6.359978061687311e-06, 5.925125624968516e-06, 5.4752070241390275e-06, 5.015151661541058e-06, 4.55e-06, 4.084848338458943e-06, 3.6247929758609713e-06, 3.174874375031484e-06, 2.7400219383126896e-06, 2.3250000000000006e-06, 1.934355627298495e-06, 1.5723688017030824e-06, 1.243005526625595e-06, 9.498743750314843e-07, 6.961869531592477e-07, 4.847227134904256e-07, 3.1779850248656677e-07, 1.9724317673456467e-07, 1.2437756561118386e-07, 1e-07, 8.979850055450226e-06, 8.919582702819045e-06, 8.819743732584514e-06, 8.681237301921523e-06, 8.50531774651441e-06, 8.293578221098757e-06, 8.047936271605405e-06, 7.770616469567563e-06, 7.464130266056519e-06, 7.131253247591831e-06, 6.7749999999999995e-06, 6.398596807858395e-06, 6.005452436762526e-06, 5.5991272630169515e-06, 5.183301030316119e-06, 4.761739525415654e-06, 4.338260474584347e-06, 3.916698969683881e-06, 3.500872736983048e-06, 3.0945475632374738e-06, 2.7014031921416055e-06, 2.3250000000000006e-06]
train loss :  13.795394897460938
test   L_V                   = +1.8453 (9.8%)
    L_V_attractive      = +1.0694 (5.7%)
    L_V_repulsive       = +0.7759 (4.1%)
    L_charged_cluster   = +0.0000 (0.0%)
  L_beta              = +0.9441 (5.0%)
    L_beta_noise        = +0.0000 (0.0%)
    L_beta_sig          = +0.1979 (1.1%)
    L_beta_track        = +0.7462 (4.0%)
      L_beta_norms_term   = -0.0355 (-0.2%)
      L_beta_logbeta_term = +0.2333 (1.2%)
  L_E = +15.9871 (85.1%)
Returning 19.776479721069336
Training epoch 52
learning rate :  [8.975622434388817e-06, 8.902756823265435e-06, 8.782201497513434e-06, 8.615277286509573e-06, 8.403813046840752e-06, 8.150125624968517e-06, 7.856994473374405e-06, 7.5276311982969185e-06, 7.165644372701505e-06, 6.7749999999999995e-06, 6.359978061687311e-06, 5.925125624968516e-06, 5.4752070241390275e-06, 5.015151661541058e-06, 4.55e-06, 4.084848338458943e-06, 3.6247929758609713e-06, 3.174874375031484e-06, 2.7400219383126896e-06, 2.3250000000000006e-06, 1.934355627298495e-06, 1.5723688017030824e-06, 1.243005526625595e-06, 9.498743750314843e-07, 6.961869531592477e-07, 4.847227134904256e-07, 3.1779850248656677e-07, 1.9724317673456467e-07, 1.2437756561118386e-07, 1e-07, 8.979850055450226e-06, 8.919582702819045e-06, 8.819743732584514e-06, 8.681237301921523e-06, 8.50531774651441e-06, 8.293578221098757e-06, 8.047936271605405e-06, 7.770616469567563e-06, 7.464130266056519e-06, 7.131253247591831e-06, 6.7749999999999995e-06, 6.398596807858395e-06, 6.005452436762526e-06, 5.5991272630169515e-06, 5.183301030316119e-06, 4.761739525415654e-06, 4.338260474584347e-06, 3.916698969683881e-06, 3.500872736983048e-06, 3.0945475632374738e-06, 2.7014031921416055e-06, 2.3250000000000006e-06, 1.9687467524081687e-06]
train loss :  17.02547836303711
test   L_V                   = +1.8630 (10.7%)
    L_V_attractive      = +1.0701 (6.1%)
    L_V_repulsive       = +0.7929 (4.5%)
    L_charged_cluster   = +0.0000 (0.0%)
  L_beta              = +0.9385 (5.4%)
    L_beta_noise        = +0.0000 (0.0%)
    L_beta_sig          = +0.1975 (1.1%)
    L_beta_track        = +0.7411 (4.3%)
      L_beta_norms_term   = -0.0358 (-0.2%)
      L_beta_logbeta_term = +0.2333 (1.3%)
  L_E = +14.6344 (83.9%)
Returning 18.43597412109375
Training epoch 53
learning rate :  [8.975622434388817e-06, 8.902756823265435e-06, 8.782201497513434e-06, 8.615277286509573e-06, 8.403813046840752e-06, 8.150125624968517e-06, 7.856994473374405e-06, 7.5276311982969185e-06, 7.165644372701505e-06, 6.7749999999999995e-06, 6.359978061687311e-06, 5.925125624968516e-06, 5.4752070241390275e-06, 5.015151661541058e-06, 4.55e-06, 4.084848338458943e-06, 3.6247929758609713e-06, 3.174874375031484e-06, 2.7400219383126896e-06, 2.3250000000000006e-06, 1.934355627298495e-06, 1.5723688017030824e-06, 1.243005526625595e-06, 9.498743750314843e-07, 6.961869531592477e-07, 4.847227134904256e-07, 3.1779850248656677e-07, 1.9724317673456467e-07, 1.2437756561118386e-07, 1e-07, 8.979850055450226e-06, 8.919582702819045e-06, 8.819743732584514e-06, 8.681237301921523e-06, 8.50531774651441e-06, 8.293578221098757e-06, 8.047936271605405e-06, 7.770616469567563e-06, 7.464130266056519e-06, 7.131253247591831e-06, 6.7749999999999995e-06, 6.398596807858395e-06, 6.005452436762526e-06, 5.5991272630169515e-06, 5.183301030316119e-06, 4.761739525415654e-06, 4.338260474584347e-06, 3.916698969683881e-06, 3.500872736983048e-06, 3.0945475632374738e-06, 2.7014031921416055e-06, 2.3250000000000006e-06, 1.9687467524081687e-06, 1.6358697339434817e-06]
train loss :  29.57410430908203
test   L_V                   = +1.8705 (10.7%)
    L_V_attractive      = +1.0784 (6.2%)
    L_V_repulsive       = +0.7921 (4.5%)
    L_charged_cluster   = +0.0000 (0.0%)
  L_beta              = +0.9333 (5.3%)
    L_beta_noise        = +0.0000 (0.0%)
    L_beta_sig          = +0.1954 (1.1%)
    L_beta_track        = +0.7380 (4.2%)
      L_beta_norms_term   = -0.0361 (-0.2%)
      L_beta_logbeta_term = +0.2315 (1.3%)
  L_E = +14.7226 (84.0%)
Returning 18.526412963867188
Training epoch 54
learning rate :  [8.975622434388817e-06, 8.902756823265435e-06, 8.782201497513434e-06, 8.615277286509573e-06, 8.403813046840752e-06, 8.150125624968517e-06, 7.856994473374405e-06, 7.5276311982969185e-06, 7.165644372701505e-06, 6.7749999999999995e-06, 6.359978061687311e-06, 5.925125624968516e-06, 5.4752070241390275e-06, 5.015151661541058e-06, 4.55e-06, 4.084848338458943e-06, 3.6247929758609713e-06, 3.174874375031484e-06, 2.7400219383126896e-06, 2.3250000000000006e-06, 1.934355627298495e-06, 1.5723688017030824e-06, 1.243005526625595e-06, 9.498743750314843e-07, 6.961869531592477e-07, 4.847227134904256e-07, 3.1779850248656677e-07, 1.9724317673456467e-07, 1.2437756561118386e-07, 1e-07, 8.979850055450226e-06, 8.919582702819045e-06, 8.819743732584514e-06, 8.681237301921523e-06, 8.50531774651441e-06, 8.293578221098757e-06, 8.047936271605405e-06, 7.770616469567563e-06, 7.464130266056519e-06, 7.131253247591831e-06, 6.7749999999999995e-06, 6.398596807858395e-06, 6.005452436762526e-06, 5.5991272630169515e-06, 5.183301030316119e-06, 4.761739525415654e-06, 4.338260474584347e-06, 3.916698969683881e-06, 3.500872736983048e-06, 3.0945475632374738e-06, 2.7014031921416055e-06, 2.3250000000000006e-06, 1.9687467524081687e-06, 1.6358697339434817e-06, 1.3293835304324375e-06]
train loss :  14.689827919006348
test   L_V                   = +1.8827 (10.8%)
    L_V_attractive      = +1.0669 (6.1%)
    L_V_repulsive       = +0.8159 (4.7%)
    L_charged_cluster   = +0.0000 (0.0%)
  L_beta              = +0.9303 (5.4%)
    L_beta_noise        = +0.0000 (0.0%)
    L_beta_sig          = +0.1942 (1.1%)
    L_beta_track        = +0.7360 (4.2%)
      L_beta_norms_term   = -0.0368 (-0.2%)
      L_beta_logbeta_term = +0.2310 (1.3%)
  L_E = +14.5708 (83.8%)
Returning 18.383861541748047
Training epoch 55
learning rate :  [8.975622434388817e-06, 8.902756823265435e-06, 8.782201497513434e-06, 8.615277286509573e-06, 8.403813046840752e-06, 8.150125624968517e-06, 7.856994473374405e-06, 7.5276311982969185e-06, 7.165644372701505e-06, 6.7749999999999995e-06, 6.359978061687311e-06, 5.925125624968516e-06, 5.4752070241390275e-06, 5.015151661541058e-06, 4.55e-06, 4.084848338458943e-06, 3.6247929758609713e-06, 3.174874375031484e-06, 2.7400219383126896e-06, 2.3250000000000006e-06, 1.934355627298495e-06, 1.5723688017030824e-06, 1.243005526625595e-06, 9.498743750314843e-07, 6.961869531592477e-07, 4.847227134904256e-07, 3.1779850248656677e-07, 1.9724317673456467e-07, 1.2437756561118386e-07, 1e-07, 8.979850055450226e-06, 8.919582702819045e-06, 8.819743732584514e-06, 8.681237301921523e-06, 8.50531774651441e-06, 8.293578221098757e-06, 8.047936271605405e-06, 7.770616469567563e-06, 7.464130266056519e-06, 7.131253247591831e-06, 6.7749999999999995e-06, 6.398596807858395e-06, 6.005452436762526e-06, 5.5991272630169515e-06, 5.183301030316119e-06, 4.761739525415654e-06, 4.338260474584347e-06, 3.916698969683881e-06, 3.500872736983048e-06, 3.0945475632374738e-06, 2.7014031921416055e-06, 2.3250000000000006e-06, 1.9687467524081687e-06, 1.6358697339434817e-06, 1.3293835304324375e-06, 1.0520637283945964e-06]
train loss :  19.411880493164062
test   L_V                   = +1.8749 (10.6%)
    L_V_attractive      = +1.0787 (6.1%)
    L_V_repulsive       = +0.7962 (4.5%)
    L_charged_cluster   = +0.0000 (0.0%)
  L_beta              = +0.9322 (5.3%)
    L_beta_noise        = +0.0000 (0.0%)
    L_beta_sig          = +0.1957 (1.1%)
    L_beta_track        = +0.7364 (4.2%)
      L_beta_norms_term   = -0.0365 (-0.2%)
      L_beta_logbeta_term = +0.2322 (1.3%)
  L_E = +14.8309 (84.1%)
Returning 18.637981414794922
Training epoch 56
learning rate :  [8.975622434388817e-06, 8.902756823265435e-06, 8.782201497513434e-06, 8.615277286509573e-06, 8.403813046840752e-06, 8.150125624968517e-06, 7.856994473374405e-06, 7.5276311982969185e-06, 7.165644372701505e-06, 6.7749999999999995e-06, 6.359978061687311e-06, 5.925125624968516e-06, 5.4752070241390275e-06, 5.015151661541058e-06, 4.55e-06, 4.084848338458943e-06, 3.6247929758609713e-06, 3.174874375031484e-06, 2.7400219383126896e-06, 2.3250000000000006e-06, 1.934355627298495e-06, 1.5723688017030824e-06, 1.243005526625595e-06, 9.498743750314843e-07, 6.961869531592477e-07, 4.847227134904256e-07, 3.1779850248656677e-07, 1.9724317673456467e-07, 1.2437756561118386e-07, 1e-07, 8.979850055450226e-06, 8.919582702819045e-06, 8.819743732584514e-06, 8.681237301921523e-06, 8.50531774651441e-06, 8.293578221098757e-06, 8.047936271605405e-06, 7.770616469567563e-06, 7.464130266056519e-06, 7.131253247591831e-06, 6.7749999999999995e-06, 6.398596807858395e-06, 6.005452436762526e-06, 5.5991272630169515e-06, 5.183301030316119e-06, 4.761739525415654e-06, 4.338260474584347e-06, 3.916698969683881e-06, 3.500872736983048e-06, 3.0945475632374738e-06, 2.7014031921416055e-06, 2.3250000000000006e-06, 1.9687467524081687e-06, 1.6358697339434817e-06, 1.3293835304324375e-06, 1.0520637283945964e-06, 8.064217789012431e-07]
train loss :  18.368621826171875
test   L_V                   = +1.8810 (10.6%)
    L_V_attractive      = +1.0784 (6.1%)
    L_V_repulsive       = +0.8026 (4.5%)
    L_charged_cluster   = +0.0000 (0.0%)
  L_beta              = +0.9290 (5.3%)
    L_beta_noise        = +0.0000 (0.0%)
    L_beta_sig          = +0.1938 (1.1%)
    L_beta_track        = +0.7352 (4.2%)
      L_beta_norms_term   = -0.0368 (-0.2%)
      L_beta_logbeta_term = +0.2306 (1.3%)
  L_E = +14.8694 (84.1%)
Returning 18.679359436035156
Training epoch 57
learning rate :  [8.975622434388817e-06, 8.902756823265435e-06, 8.782201497513434e-06, 8.615277286509573e-06, 8.403813046840752e-06, 8.150125624968517e-06, 7.856994473374405e-06, 7.5276311982969185e-06, 7.165644372701505e-06, 6.7749999999999995e-06, 6.359978061687311e-06, 5.925125624968516e-06, 5.4752070241390275e-06, 5.015151661541058e-06, 4.55e-06, 4.084848338458943e-06, 3.6247929758609713e-06, 3.174874375031484e-06, 2.7400219383126896e-06, 2.3250000000000006e-06, 1.934355627298495e-06, 1.5723688017030824e-06, 1.243005526625595e-06, 9.498743750314843e-07, 6.961869531592477e-07, 4.847227134904256e-07, 3.1779850248656677e-07, 1.9724317673456467e-07, 1.2437756561118386e-07, 1e-07, 8.979850055450226e-06, 8.919582702819045e-06, 8.819743732584514e-06, 8.681237301921523e-06, 8.50531774651441e-06, 8.293578221098757e-06, 8.047936271605405e-06, 7.770616469567563e-06, 7.464130266056519e-06, 7.131253247591831e-06, 6.7749999999999995e-06, 6.398596807858395e-06, 6.005452436762526e-06, 5.5991272630169515e-06, 5.183301030316119e-06, 4.761739525415654e-06, 4.338260474584347e-06, 3.916698969683881e-06, 3.500872736983048e-06, 3.0945475632374738e-06, 2.7014031921416055e-06, 2.3250000000000006e-06, 1.9687467524081687e-06, 1.6358697339434817e-06, 1.3293835304324375e-06, 1.0520637283945964e-06, 8.064217789012431e-07, 5.94682253485591e-07]
train loss :  16.294639587402344
test   L_V                   = +1.8904 (10.8%)
    L_V_attractive      = +1.0719 (6.1%)
    L_V_repulsive       = +0.8184 (4.7%)
    L_charged_cluster   = +0.0000 (0.0%)
  L_beta              = +0.9281 (5.3%)
    L_beta_noise        = +0.0000 (0.0%)
    L_beta_sig          = +0.1944 (1.1%)
    L_beta_track        = +0.7337 (4.2%)
      L_beta_norms_term   = -0.0369 (-0.2%)
      L_beta_logbeta_term = +0.2313 (1.3%)
  L_E = +14.6693 (83.9%)
Returning 18.48775291442871
Training epoch 58
learning rate :  [8.975622434388817e-06, 8.902756823265435e-06, 8.782201497513434e-06, 8.615277286509573e-06, 8.403813046840752e-06, 8.150125624968517e-06, 7.856994473374405e-06, 7.5276311982969185e-06, 7.165644372701505e-06, 6.7749999999999995e-06, 6.359978061687311e-06, 5.925125624968516e-06, 5.4752070241390275e-06, 5.015151661541058e-06, 4.55e-06, 4.084848338458943e-06, 3.6247929758609713e-06, 3.174874375031484e-06, 2.7400219383126896e-06, 2.3250000000000006e-06, 1.934355627298495e-06, 1.5723688017030824e-06, 1.243005526625595e-06, 9.498743750314843e-07, 6.961869531592477e-07, 4.847227134904256e-07, 3.1779850248656677e-07, 1.9724317673456467e-07, 1.2437756561118386e-07, 1e-07, 8.979850055450226e-06, 8.919582702819045e-06, 8.819743732584514e-06, 8.681237301921523e-06, 8.50531774651441e-06, 8.293578221098757e-06, 8.047936271605405e-06, 7.770616469567563e-06, 7.464130266056519e-06, 7.131253247591831e-06, 6.7749999999999995e-06, 6.398596807858395e-06, 6.005452436762526e-06, 5.5991272630169515e-06, 5.183301030316119e-06, 4.761739525415654e-06, 4.338260474584347e-06, 3.916698969683881e-06, 3.500872736983048e-06, 3.0945475632374738e-06, 2.7014031921416055e-06, 2.3250000000000006e-06, 1.9687467524081687e-06, 1.6358697339434817e-06, 1.3293835304324375e-06, 1.0520637283945964e-06, 8.064217789012431e-07, 5.94682253485591e-07, 4.1876269807847704e-07]
train loss :  16.392024993896484
test   L_V                   = +1.8840 (10.4%)
    L_V_attractive      = +1.0954 (6.1%)
    L_V_repulsive       = +0.7886 (4.4%)
    L_charged_cluster   = +0.0000 (0.0%)
  L_beta              = +0.9290 (5.1%)
    L_beta_noise        = +0.0000 (0.0%)
    L_beta_sig          = +0.1948 (1.1%)
    L_beta_track        = +0.7342 (4.1%)
      L_beta_norms_term   = -0.0364 (-0.2%)
      L_beta_logbeta_term = +0.2312 (1.3%)
  L_E = +15.2521 (84.4%)
Returning 19.06517219543457
Training epoch 59
learning rate :  [8.975622434388817e-06, 8.902756823265435e-06, 8.782201497513434e-06, 8.615277286509573e-06, 8.403813046840752e-06, 8.150125624968517e-06, 7.856994473374405e-06, 7.5276311982969185e-06, 7.165644372701505e-06, 6.7749999999999995e-06, 6.359978061687311e-06, 5.925125624968516e-06, 5.4752070241390275e-06, 5.015151661541058e-06, 4.55e-06, 4.084848338458943e-06, 3.6247929758609713e-06, 3.174874375031484e-06, 2.7400219383126896e-06, 2.3250000000000006e-06, 1.934355627298495e-06, 1.5723688017030824e-06, 1.243005526625595e-06, 9.498743750314843e-07, 6.961869531592477e-07, 4.847227134904256e-07, 3.1779850248656677e-07, 1.9724317673456467e-07, 1.2437756561118386e-07, 1e-07, 8.979850055450226e-06, 8.919582702819045e-06, 8.819743732584514e-06, 8.681237301921523e-06, 8.50531774651441e-06, 8.293578221098757e-06, 8.047936271605405e-06, 7.770616469567563e-06, 7.464130266056519e-06, 7.131253247591831e-06, 6.7749999999999995e-06, 6.398596807858395e-06, 6.005452436762526e-06, 5.5991272630169515e-06, 5.183301030316119e-06, 4.761739525415654e-06, 4.338260474584347e-06, 3.916698969683881e-06, 3.500872736983048e-06, 3.0945475632374738e-06, 2.7014031921416055e-06, 2.3250000000000006e-06, 1.9687467524081687e-06, 1.6358697339434817e-06, 1.3293835304324375e-06, 1.0520637283945964e-06, 8.064217789012431e-07, 5.94682253485591e-07, 4.1876269807847704e-07, 2.802562674154872e-07]
train loss :  18.731006622314453
test   L_V                   = +1.8837 (10.7%)
    L_V_attractive      = +1.0865 (6.2%)
    L_V_repulsive       = +0.7972 (4.5%)
    L_charged_cluster   = +0.0000 (0.0%)
  L_beta              = +0.9307 (5.3%)
    L_beta_noise        = +0.0000 (0.0%)
    L_beta_sig          = +0.1949 (1.1%)
    L_beta_track        = +0.7358 (4.2%)
      L_beta_norms_term   = -0.0366 (-0.2%)
      L_beta_logbeta_term = +0.2315 (1.3%)
  L_E = +14.8498 (84.1%)
Returning 18.664226531982422
