epoch,group,category,n,mean,std,rms90
0,energy_bin,"1-50 GeV",40292,3.08328,3.829918,2.459378
1,energy_bin,"1-50 GeV",40292,2.820812,3.224291,2.145903
2,energy_bin,"1-50 GeV",40292,0.90347,0.776415,0.238707
3,energy_bin,"1-50 GeV",40292,0.830442,0.438638,0.191003
4,energy_bin,"1-50 GeV",40292,0.923917,0.34388,0.217864
5,energy_bin,"1-50 GeV",40292,0.840241,0.33016,0.169019
6,energy_bin,"1-50 GeV",40292,0.873135,0.325713,0.204747
7,energy_bin,"1-50 GeV",40292,0.93135,0.302355,0.171856
8,energy_bin,"1-50 GeV",40292,0.878113,0.402685,0.16276
9,energy_bin,"1-50 GeV",40292,0.896722,0.324836,0.170918
10,energy_bin,"1-50 GeV",40292,0.921149,0.29402,0.167425
11,energy_bin,"1-50 GeV",40292,0.899384,0.293802,0.166388
12,energy_bin,"1-50 GeV",40292,0.94937,0.323705,0.19522
13,energy_bin,"1-50 GeV",40292,0.901953,0.300725,0.181083
14,energy_bin,"1-50 GeV",40292,0.861963,0.287088,0.17568
15,energy_bin,"1-50 GeV",40292,0.87054,0.357778,0.167075
16,energy_bin,"1-50 GeV",40292,0.96314,0.339949,0.20956
17,energy_bin,"1-50 GeV",40292,0.920303,0.373267,0.177869
18,energy_bin,"1-50 GeV",40292,0.932454,0.306202,0.184217
19,energy_bin,"1-50 GeV",40292,0.889292,0.300267,0.185087
20,energy_bin,"1-50 GeV",40292,0.891987,0.321455,0.179575
21,energy_bin,"1-50 GeV",40292,0.898144,0.301114,0.185223
22,energy_bin,"1-50 GeV",40292,0.905701,0.357218,0.19476
23,energy_bin,"1-50 GeV",40292,0.906799,0.29665,0.183466
24,energy_bin,"1-50 GeV",40292,0.89099,0.29727,0.184871
25,energy_bin,"1-50 GeV",40292,0.877874,0.482953,0.192849
26,energy_bin,"1-50 GeV",40292,0.882993,0.522118,0.194221
27,energy_bin,"1-50 GeV",40292,0.916178,0.30106,0.190615
28,energy_bin,"1-50 GeV",40292,0.909019,0.296224,0.186937
29,energy_bin,"1-50 GeV",40292,0.903706,0.295074,0.183993
30,energy_bin,"1-50 GeV",40292,0.85825,0.307694,0.169641
31,energy_bin,"1-50 GeV",40292,0.796872,0.281294,0.183651
32,energy_bin,"1-50 GeV",40292,0.928923,0.306057,0.178256
33,energy_bin,"1-50 GeV",40292,0.940553,0.3373,0.197693
34,energy_bin,"1-50 GeV",40292,0.909216,0.305548,0.183068
35,energy_bin,"1-50 GeV",40292,0.92694,0.316971,0.196187
36,energy_bin,"1-50 GeV",40292,0.888544,0.309395,0.197675
37,energy_bin,"1-50 GeV",40292,0.969741,0.336441,0.202044
38,energy_bin,"1-50 GeV",40292,0.949494,0.313564,0.17417
39,energy_bin,"1-50 GeV",40292,0.906229,0.297836,0.175195
40,energy_bin,"1-50 GeV",40292,0.941694,0.323268,0.203457
41,energy_bin,"1-50 GeV",40292,0.871252,0.285233,0.165807
42,energy_bin,"1-50 GeV",40292,0.920098,0.306898,0.182518
43,energy_bin,"1-50 GeV",40292,0.880665,0.289216,0.176549
44,energy_bin,"1-50 GeV",40292,0.935009,0.303603,0.168095
45,energy_bin,"1-50 GeV",40292,0.860821,0.290583,0.169886
46,energy_bin,"1-50 GeV",40292,0.85867,0.284491,0.174728
47,energy_bin,"1-50 GeV",40292,0.894565,0.291741,0.169817
48,energy_bin,"1-50 GeV",40292,0.868166,0.285996,0.165904
49,energy_bin,"1-50 GeV",40292,0.897243,0.298139,0.186028
50,energy_bin,"1-50 GeV",40292,0.936043,0.305832,0.194439
51,energy_bin,"1-50 GeV",40292,0.965994,0.313897,0.185292
52,energy_bin,"1-50 GeV",40292,0.91125,0.296444,0.174242
53,energy_bin,"1-50 GeV",40292,0.917613,0.301232,0.184776
54,energy_bin,"1-50 GeV",40292,0.931273,0.308897,0.198342
55,energy_bin,"1-50 GeV",40292,0.923245,0.304242,0.188398
56,energy_bin,"1-50 GeV",40292,0.90389,0.299581,0.1928
57,energy_bin,"1-50 GeV",40292,0.928334,0.303177,0.187464
58,energy_bin,"1-50 GeV",40292,0.904235,0.297741,0.194269
59,energy_bin,"1-50 GeV",40292,0.914702,0.299664,0.195384
60,energy_bin,"1-50 GeV",40292,0.915182,0.30102,0.199318
61,energy_bin,"1-50 GeV",40292,0.908574,0.299597,0.197629
62,energy_bin,"1-50 GeV",40292,0.927056,0.302098,0.189655
63,energy_bin,"1-50 GeV",40292,0.812087,0.272467,0.168728
64,energy_bin,"1-50 GeV",40292,0.896889,0.319328,0.204253
65,energy_bin,"1-50 GeV",40292,0.943223,0.316153,0.18898
66,energy_bin,"1-50 GeV",40292,0.94343,0.318229,0.190933
67,energy_bin,"1-50 GeV",40292,0.892717,1.947994,0.18131
68,energy_bin,"1-50 GeV",40292,0.883559,0.298805,0.176763
69,energy_bin,"1-50 GeV",40292,0.936653,2.79402,0.204927
70,energy_bin,"1-50 GeV",40292,0.912807,0.312478,0.201564
71,energy_bin,"1-50 GeV",40292,0.919146,0.300838,0.165817
72,energy_bin,"1-50 GeV",40292,0.893507,0.287771,0.163225
73,energy_bin,"1-50 GeV",40292,0.902792,0.304971,0.181973
74,energy_bin,"1-50 GeV",40292,0.884927,0.296075,0.172995
75,energy_bin,"1-50 GeV",40292,0.957639,1.338427,0.181046
76,energy_bin,"1-50 GeV",40292,0.910506,0.294749,0.16266
77,energy_bin,"1-50 GeV",40292,0.887389,0.294009,0.181731
78,energy_bin,"1-50 GeV",40292,0.974304,0.32512,0.195886
79,energy_bin,"1-50 GeV",40292,0.889095,0.292247,0.170906
80,energy_bin,"1-50 GeV",40292,0.888855,0.296329,0.181701
81,energy_bin,"1-50 GeV",40292,0.916154,0.308356,0.19434
82,energy_bin,"1-50 GeV",40292,0.909435,0.308373,0.185552
83,energy_bin,"1-50 GeV",40292,0.931717,1.575077,0.188775
84,energy_bin,"1-50 GeV",40292,0.91047,0.301732,0.181919
85,energy_bin,"1-50 GeV",40292,0.918344,0.303428,0.153895
86,energy_bin,"1-50 GeV",40292,0.90968,0.297431,0.147135
87,energy_bin,"1-50 GeV",40292,0.903658,0.302075,0.153008
88,energy_bin,"1-50 GeV",40292,0.885168,0.290168,0.169014
89,energy_bin,"1-50 GeV",40292,0.942262,0.310715,0.179557
90,energy_bin,"1-50 GeV",40292,0.923542,0.304612,0.160349
91,energy_bin,"1-50 GeV",40292,0.939333,0.310292,0.177016
92,energy_bin,"1-50 GeV",40292,0.922336,0.300074,0.170676
93,energy_bin,"1-50 GeV",40292,0.916078,0.298546,0.151416
94,energy_bin,"1-50 GeV",40292,0.916497,0.299787,0.151193
95,energy_bin,"1-50 GeV",40292,0.909926,0.302414,0.188601
96,energy_bin,"1-50 GeV",40292,0.919966,0.298031,0.147205
97,energy_bin,"1-50 GeV",40292,0.913438,0.296787,0.149461
98,energy_bin,"1-50 GeV",40292,0.916453,0.298757,0.154922
99,energy_bin,"1-50 GeV",40292,0.915932,0.300756,0.185325
100,energy_bin,"1-50 GeV",40292,0.929114,0.316347,0.195152
101,energy_bin,"1-50 GeV",40292,0.896088,0.301832,0.188433
102,energy_bin,"1-50 GeV",40292,0.886871,0.313073,0.210424
103,energy_bin,"1-50 GeV",40292,0.954676,0.313107,0.195228
104,energy_bin,"1-50 GeV",40292,0.890589,0.307344,0.213038
105,energy_bin,"1-50 GeV",40292,0.959067,0.337091,0.209703
106,energy_bin,"1-50 GeV",40292,0.934559,0.316936,0.166315
107,energy_bin,"1-50 GeV",40292,0.975385,0.3243,0.174518
108,energy_bin,"1-50 GeV",40292,0.920064,0.300358,0.165806
109,energy_bin,"1-50 GeV",40292,0.922718,0.294763,0.148846
110,energy_bin,"1-50 GeV",40292,0.920622,0.302077,0.171774
111,energy_bin,"1-50 GeV",40292,0.905262,0.301178,0.16099
112,energy_bin,"1-50 GeV",40292,0.944559,0.320357,0.17048
113,energy_bin,"1-50 GeV",40292,0.896541,0.295136,0.145222
114,energy_bin,"1-50 GeV",40292,0.958574,0.312206,0.15339
115,energy_bin,"1-50 GeV",40292,0.922706,0.316762,0.167722
116,energy_bin,"1-50 GeV",40292,0.917042,0.305458,0.1522
117,energy_bin,"1-50 GeV",40292,0.955313,0.339397,0.169256
118,energy_bin,"1-50 GeV",40292,0.893223,0.295516,0.144999
119,energy_bin,"1-50 GeV",40292,0.903346,0.299826,0.156257
120,energy_bin,"1-50 GeV",40292,0.895547,0.292836,0.14612
121,energy_bin,"1-50 GeV",40292,0.907887,0.294297,0.146002
122,energy_bin,"1-50 GeV",40292,0.900005,0.296373,0.151722
123,energy_bin,"1-50 GeV",40292,0.908961,0.309059,0.182104
124,energy_bin,"1-50 GeV",40292,0.928548,0.304686,0.151828
125,energy_bin,"1-50 GeV",40292,0.917026,0.300561,0.153475
126,energy_bin,"1-50 GeV",40292,0.907785,0.303071,0.156044
127,energy_bin,"1-50 GeV",40292,0.905434,0.30459,0.151261
128,energy_bin,"1-50 GeV",40292,0.913656,0.296619,0.144337
129,energy_bin,"1-50 GeV",40292,0.889978,0.298221,0.155662
130,energy_bin,"1-50 GeV",40292,0.900214,0.30395,0.14382
131,energy_bin,"1-50 GeV",40292,0.913559,0.31566,0.15052
132,energy_bin,"1-50 GeV",40292,0.917466,0.321051,0.145508
133,energy_bin,"1-50 GeV",40292,0.908645,0.295243,0.143641
134,energy_bin,"1-50 GeV",40292,0.906337,0.319146,0.142881
135,energy_bin,"1-50 GeV",40292,0.911054,0.302059,0.147628
136,energy_bin,"1-50 GeV",40292,0.904739,0.30189,0.144134
137,energy_bin,"1-50 GeV",40292,0.915842,0.302729,0.149271
138,energy_bin,"1-50 GeV",40292,0.910862,0.296649,0.143299
139,energy_bin,"1-50 GeV",40292,0.913797,0.301172,0.151079
140,energy_bin,"1-50 GeV",40292,0.915459,0.298897,0.14726
141,energy_bin,"1-50 GeV",40292,0.914616,0.299035,0.148298
142,energy_bin,"1-50 GeV",40292,0.879145,0.317332,0.155138
143,energy_bin,"1-50 GeV",40292,0.898612,0.301289,0.159187
144,energy_bin,"1-50 GeV",40292,0.899723,0.305397,0.19807
145,energy_bin,"1-50 GeV",40292,0.862965,0.286878,0.146031
146,energy_bin,"1-50 GeV",40292,0.902748,0.298673,0.163356
147,energy_bin,"1-50 GeV",40292,0.929853,0.319259,0.15032
148,energy_bin,"1-50 GeV",40292,0.913968,0.298037,0.17571
149,energy_bin,"1-50 GeV",40292,0.745197,0.370209,0.316139
150,energy_bin,"1-50 GeV",40292,0.912837,0.294792,0.152384
151,energy_bin,"1-50 GeV",40292,0.890432,0.299074,0.176478
152,energy_bin,"1-50 GeV",40292,0.950736,0.309262,0.164034
153,energy_bin,"1-50 GeV",40292,0.894541,0.329583,0.163842
154,energy_bin,"1-50 GeV",40292,0.910231,0.338142,0.153628
155,energy_bin,"1-50 GeV",40292,0.898874,0.318345,0.173204
156,energy_bin,"1-50 GeV",40292,0.920813,0.297486,0.157512
157,energy_bin,"1-50 GeV",40292,0.921536,0.298074,0.14607
158,energy_bin,"1-50 GeV",40292,0.908615,0.312208,0.14792
159,energy_bin,"1-50 GeV",40292,0.909569,0.328617,0.146511
160,energy_bin,"1-50 GeV",40292,0.909248,0.289152,0.141313
161,energy_bin,"1-50 GeV",40292,0.910797,0.296947,0.156143
162,energy_bin,"1-50 GeV",40292,0.922489,0.296256,0.147297
163,energy_bin,"1-50 GeV",40292,0.922976,0.308439,0.182037
164,energy_bin,"1-50 GeV",40292,0.916365,0.322572,0.181914
165,energy_bin,"1-50 GeV",40292,0.924701,0.304274,0.14921
166,energy_bin,"1-50 GeV",40292,0.919925,0.301781,0.149711
167,energy_bin,"1-50 GeV",40292,0.919513,0.309621,0.148553
168,energy_bin,"1-50 GeV",40292,0.910274,0.326076,0.16662
169,energy_bin,"1-50 GeV",40292,0.917334,0.365236,0.148296
170,energy_bin,"1-50 GeV",40292,0.912697,0.339217,0.142866
171,energy_bin,"1-50 GeV",40292,0.888972,0.301414,0.158532
172,energy_bin,"1-50 GeV",40292,0.920987,0.370806,0.143557
173,energy_bin,"1-50 GeV",40292,0.897264,0.320268,0.156111
174,energy_bin,"1-50 GeV",40292,0.919122,0.318833,0.152222
175,energy_bin,"1-50 GeV",40292,0.918454,0.300116,0.142797
176,energy_bin,"1-50 GeV",40292,0.900782,0.360953,0.14073
177,energy_bin,"1-50 GeV",40292,0.91767,0.298781,0.143881
178,energy_bin,"1-50 GeV",40292,0.908478,0.390094,0.146773
179,energy_bin,"1-50 GeV",40292,0.921622,0.306338,0.140721
180,energy_bin,"1-50 GeV",40292,0.915023,0.418211,0.141372
181,energy_bin,"1-50 GeV",40292,0.913569,0.378231,0.138926
182,energy_bin,"1-50 GeV",40292,0.929091,0.300365,0.143331
183,energy_bin,"1-50 GeV",40292,0.920382,0.366471,0.143946
184,energy_bin,"1-50 GeV",40292,0.915046,0.36218,0.144603
185,energy_bin,"1-50 GeV",40292,0.916332,0.320597,0.141132
186,energy_bin,"1-50 GeV",40292,0.91789,0.398789,0.150336
187,energy_bin,"1-50 GeV",40292,0.905351,0.411903,0.142981
188,energy_bin,"1-50 GeV",40292,0.94386,0.319129,0.154739
189,energy_bin,"1-50 GeV",40292,0.924706,0.303752,0.1509
190,energy_bin,"1-50 GeV",40292,0.919903,0.318095,0.147828
191,energy_bin,"1-50 GeV",40292,0.912855,0.374643,0.153826
192,energy_bin,"1-50 GeV",40292,0.919068,0.302562,0.149842
193,energy_bin,"1-50 GeV",40292,0.879648,0.321536,0.185746
194,energy_bin,"1-50 GeV",40292,0.909509,0.296149,0.143466
195,energy_bin,"1-50 GeV",40292,0.893913,0.290943,0.140515
196,energy_bin,"1-50 GeV",40292,0.906055,0.340396,0.156811
197,energy_bin,"1-50 GeV",40292,0.907854,0.310133,0.162301
198,energy_bin,"1-50 GeV",40292,0.933717,0.350642,0.154129
199,energy_bin,"1-50 GeV",40292,0.872684,0.345187,0.139565
200,energy_bin,"1-50 GeV",40292,0.914403,0.330604,0.145628
201,energy_bin,"1-50 GeV",40292,0.901631,0.342334,0.146808
202,energy_bin,"1-50 GeV",40292,0.896668,0.360851,0.142587
203,energy_bin,"1-50 GeV",40292,0.897437,0.296925,0.14719
204,energy_bin,"1-50 GeV",40292,0.910811,0.306767,0.157002
205,energy_bin,"1-50 GeV",40292,0.917799,0.357277,0.144691
206,energy_bin,"1-50 GeV",40292,0.900072,0.325481,0.168537
207,energy_bin,"1-50 GeV",40292,0.88698,0.35925,0.139433
208,energy_bin,"1-50 GeV",40292,0.897117,0.387675,0.148135
209,energy_bin,"1-50 GeV",40292,0.911357,0.349142,0.146725
210,energy_bin,"1-50 GeV",40292,0.905838,0.369194,0.143277
211,energy_bin,"1-50 GeV",40292,0.91618,0.415027,0.140553
212,energy_bin,"1-50 GeV",40292,0.899514,0.423306,0.139901
213,energy_bin,"1-50 GeV",40292,0.931151,0.363617,0.151631
214,energy_bin,"1-50 GeV",40292,0.911358,0.377245,0.142202
215,energy_bin,"1-50 GeV",40292,0.914731,0.350297,0.148739
216,energy_bin,"1-50 GeV",40292,0.917546,0.344133,0.14728
217,energy_bin,"1-50 GeV",40292,0.904287,0.346802,0.148497
218,energy_bin,"1-50 GeV",40292,0.919543,0.373498,0.146558
219,energy_bin,"1-50 GeV",40292,0.908631,0.42227,0.145437
220,energy_bin,"1-50 GeV",40292,0.912258,0.367248,0.143116
221,energy_bin,"1-50 GeV",40292,0.920796,0.357969,0.144337
222,energy_bin,"1-50 GeV",40292,0.916414,0.370805,0.145957
223,energy_bin,"1-50 GeV",40292,0.898161,0.308096,0.146313
224,energy_bin,"1-50 GeV",40292,0.90402,0.374719,0.141016
225,energy_bin,"1-50 GeV",40292,0.905256,0.370196,0.144768
226,energy_bin,"1-50 GeV",40292,0.910151,0.348645,0.140592
227,energy_bin,"1-50 GeV",40292,0.896858,0.302486,0.153813
228,energy_bin,"1-50 GeV",40292,0.927038,0.38139,0.146356
229,energy_bin,"1-50 GeV",40292,0.907158,0.345182,0.142028
230,energy_bin,"1-50 GeV",40292,0.890275,0.289219,0.140777
231,energy_bin,"1-50 GeV",40292,0.905295,0.356039,0.145735
232,energy_bin,"1-50 GeV",40292,0.904565,0.423567,0.141793
233,energy_bin,"1-50 GeV",40292,0.913117,0.440072,0.141768
234,energy_bin,"1-50 GeV",40292,0.914034,0.380776,0.146616
235,energy_bin,"1-50 GeV",40292,0.918667,0.428575,0.144239
236,energy_bin,"1-50 GeV",40292,0.921411,0.442868,0.143607
237,energy_bin,"1-50 GeV",40292,0.908553,0.393258,0.140832
238,energy_bin,"1-50 GeV",40292,0.897493,0.351682,0.145399
239,energy_bin,"1-50 GeV",40292,0.913729,0.324142,0.151019
240,energy_bin,"1-50 GeV",40292,0.910091,0.317189,0.143175
241,energy_bin,"1-50 GeV",40292,0.879583,0.301082,0.145723
242,energy_bin,"1-50 GeV",40292,0.917698,0.30609,0.144925
243,energy_bin,"1-50 GeV",40292,0.91395,0.311519,0.144674
244,energy_bin,"1-50 GeV",40292,0.914134,0.314944,0.141819
245,energy_bin,"1-50 GeV",40292,0.918599,0.419098,0.153754
246,energy_bin,"1-50 GeV",40292,0.911756,0.308963,0.157108
247,energy_bin,"1-50 GeV",40292,0.915759,0.42585,0.148388
248,energy_bin,"1-50 GeV",40292,0.900601,0.390731,0.145482
249,energy_bin,"1-50 GeV",40292,0.910471,0.373874,0.150816
250,energy_bin,"1-50 GeV",40292,0.915996,0.416312,0.150928
251,energy_bin,"1-50 GeV",40292,0.888975,0.303543,0.163186
252,energy_bin,"1-50 GeV",40292,0.911284,0.302783,0.149524
253,energy_bin,"1-50 GeV",40292,0.908112,0.357291,0.145361
254,energy_bin,"1-50 GeV",40292,0.91146,0.298475,0.144723
255,energy_bin,"1-50 GeV",40292,0.880365,0.290169,0.140547
256,energy_bin,"1-50 GeV",40292,0.893716,0.351821,0.144264
257,energy_bin,"1-50 GeV",40292,0.92662,0.518906,0.145589
258,energy_bin,"1-50 GeV",40292,0.92389,0.388967,0.150562
259,energy_bin,"1-50 GeV",40292,0.917054,0.486038,0.145622
260,energy_bin,"1-50 GeV",40292,0.893186,0.381872,0.139766
261,energy_bin,"1-50 GeV",40292,0.904253,0.589854,0.140106
262,energy_bin,"1-50 GeV",40292,0.90137,0.445385,0.145069
263,energy_bin,"1-50 GeV",40292,0.925196,0.629893,0.144864
264,energy_bin,"1-50 GeV",40292,0.906497,0.296981,0.146419
265,energy_bin,"1-50 GeV",40292,0.906018,0.489443,0.149228
266,energy_bin,"1-50 GeV",40292,0.920307,0.495938,0.141136
267,energy_bin,"1-50 GeV",40292,0.911024,0.437949,0.147525
268,energy_bin,"1-50 GeV",40292,0.928164,0.442777,0.141367
269,energy_bin,"1-50 GeV",40292,0.900872,0.30037,0.151215
270,energy_bin,"1-50 GeV",40292,0.918328,0.446884,0.141545
271,energy_bin,"1-50 GeV",40292,0.913351,0.4369,0.140467
272,energy_bin,"1-50 GeV",40292,0.907664,0.425578,0.140598
273,energy_bin,"1-50 GeV",40292,0.913308,0.481547,0.142322
274,energy_bin,"1-50 GeV",40292,0.91356,0.42275,0.146327
275,energy_bin,"1-50 GeV",40292,0.914123,0.430118,0.144245
276,energy_bin,"1-50 GeV",40292,0.899353,0.393621,0.148749
277,energy_bin,"1-50 GeV",40292,0.858887,0.289142,0.158964
278,energy_bin,"1-50 GeV",40292,0.90879,0.401507,0.145403
279,energy_bin,"1-50 GeV",40292,0.905839,0.418,0.142444
280,energy_bin,"1-50 GeV",40292,0.860825,0.289185,0.156547
281,energy_bin,"1-50 GeV",40292,0.914241,0.413066,0.141118
282,energy_bin,"1-50 GeV",40292,0.90975,0.478727,0.14502
283,energy_bin,"1-50 GeV",40292,0.908706,0.457431,0.145663
284,energy_bin,"1-50 GeV",40292,0.918201,0.517994,0.145706
285,energy_bin,"1-50 GeV",40292,0.924797,0.529082,0.140725
286,energy_bin,"1-50 GeV",40292,0.908312,0.493739,0.139452
287,energy_bin,"1-50 GeV",40292,0.920271,0.586571,0.139478
288,energy_bin,"1-50 GeV",40292,0.905092,0.330293,0.146693
289,energy_bin,"1-50 GeV",40292,0.910814,0.484781,0.142453
290,energy_bin,"1-50 GeV",40292,0.905771,0.302596,0.141684
291,energy_bin,"1-50 GeV",40292,0.924282,0.530211,0.144991
292,energy_bin,"1-50 GeV",40292,0.917083,0.620615,0.139055
293,energy_bin,"1-50 GeV",40292,0.912458,0.526634,0.140754
294,energy_bin,"1-50 GeV",40292,0.912363,0.484707,0.143414
295,energy_bin,"1-50 GeV",40292,0.92846,0.54525,0.141882
296,energy_bin,"1-50 GeV",40292,0.930454,0.641423,0.148961
297,energy_bin,"1-50 GeV",40292,0.890299,0.421294,0.142201
298,energy_bin,"1-50 GeV",40292,0.916562,0.53123,0.144644
299,energy_bin,"1-50 GeV",40292,0.927958,0.381625,0.148426
300,energy_bin,"1-50 GeV",40292,0.913952,0.37836,0.143916
301,energy_bin,"1-50 GeV",40292,0.892431,0.42776,0.1434
302,energy_bin,"1-50 GeV",40292,0.913855,0.384788,0.144197
303,energy_bin,"1-50 GeV",40292,0.845,0.286786,0.156603
304,energy_bin,"1-50 GeV",40292,0.915059,0.45215,0.140671
305,energy_bin,"1-50 GeV",40292,0.903078,0.319983,0.139997
306,energy_bin,"1-50 GeV",40292,0.898971,0.372052,0.141733
307,energy_bin,"1-50 GeV",40292,0.910136,0.357239,0.140482
308,energy_bin,"1-50 GeV",40292,0.888594,0.290745,0.137593
309,energy_bin,"1-50 GeV",40292,0.915179,0.305178,0.145428
310,energy_bin,"1-50 GeV",40292,0.907147,0.348321,0.142716
311,energy_bin,"1-50 GeV",40292,0.91387,0.326929,0.150617
312,energy_bin,"1-50 GeV",40292,0.909658,0.458676,0.143322
313,energy_bin,"1-50 GeV",40292,0.912724,0.361526,0.144337
314,energy_bin,"1-50 GeV",40292,0.899985,0.366467,0.145013
315,energy_bin,"1-50 GeV",40292,0.909545,0.407053,0.15006
316,energy_bin,"1-50 GeV",40292,0.912963,0.436998,0.140038
317,energy_bin,"1-50 GeV",40292,0.90652,0.408985,0.140664
318,energy_bin,"1-50 GeV",40292,0.917389,0.391803,0.14427
319,energy_bin,"1-50 GeV",40292,0.902387,0.410207,0.142693
320,energy_bin,"1-50 GeV",40292,0.911701,0.551428,0.148395
321,energy_bin,"1-50 GeV",40292,0.886834,0.303319,0.142485
322,energy_bin,"1-50 GeV",40292,0.902672,0.426057,0.142595
323,energy_bin,"1-50 GeV",40292,0.914714,0.470414,0.142543
324,energy_bin,"1-50 GeV",40292,0.900587,0.322274,0.144587
325,energy_bin,"1-50 GeV",40292,0.923691,0.573992,0.14627
326,energy_bin,"1-50 GeV",40292,0.904965,0.37913,0.138096
327,energy_bin,"1-50 GeV",40292,0.927872,0.444734,0.140038
328,energy_bin,"1-50 GeV",40292,0.902057,0.305571,0.14056
329,energy_bin,"1-50 GeV",40292,0.915436,0.37654,0.142364
330,energy_bin,"1-50 GeV",40292,0.913503,0.37978,0.145256
331,energy_bin,"1-50 GeV",40292,0.90904,0.336124,0.146975
332,energy_bin,"1-50 GeV",40292,0.897799,0.359143,0.143265
333,energy_bin,"1-50 GeV",40292,0.910201,0.369404,0.140344
334,energy_bin,"1-50 GeV",40292,0.906918,0.637778,0.14611
335,energy_bin,"1-50 GeV",40292,0.906205,0.324333,0.148989
336,energy_bin,"1-50 GeV",40292,0.903747,0.362952,0.141982
337,energy_bin,"1-50 GeV",40292,0.920869,0.560818,0.140397
338,energy_bin,"1-50 GeV",40292,0.911313,0.429386,0.141971
339,energy_bin,"1-50 GeV",40292,0.909615,0.486695,0.139046
340,energy_bin,"1-50 GeV",40292,0.910003,0.351507,0.13867
341,energy_bin,"1-50 GeV",40292,0.919103,0.464167,0.139953
342,energy_bin,"1-50 GeV",40292,0.915746,0.350929,0.14754
343,energy_bin,"1-50 GeV",40292,0.910566,0.357327,0.135969
344,energy_bin,"1-50 GeV",40292,0.912371,0.391381,0.139143
345,energy_bin,"1-50 GeV",40292,0.913691,0.489181,0.139091
346,energy_bin,"1-50 GeV",40292,0.911001,0.375009,0.138208
347,energy_bin,"1-50 GeV",40292,0.912165,0.426878,0.140487
348,energy_bin,"1-50 GeV",40292,0.896127,0.302435,0.142378
349,energy_bin,"1-50 GeV",40292,0.901898,0.322271,0.144313
350,energy_bin,"1-50 GeV",40292,0.914736,0.462546,0.139924
351,energy_bin,"1-50 GeV",40292,0.907414,0.439591,0.139915
352,energy_bin,"1-50 GeV",40292,0.917138,0.42668,0.141481
353,energy_bin,"1-50 GeV",40292,0.906157,0.360106,0.141369
354,energy_bin,"1-50 GeV",40292,0.9127,0.362904,0.143636
355,energy_bin,"1-50 GeV",40292,0.903889,0.369415,0.144281
356,energy_bin,"1-50 GeV",40292,0.902767,0.332243,0.145792
357,energy_bin,"1-50 GeV",40292,0.911185,0.331873,0.146152
358,energy_bin,"1-50 GeV",40292,0.919735,0.404272,0.141027
359,energy_bin,"1-50 GeV",40292,0.892836,0.338026,0.139549
360,energy_bin,"1-50 GeV",40292,0.915569,0.534865,0.142706
361,energy_bin,"1-50 GeV",40292,0.906577,0.378196,0.150478
362,energy_bin,"1-50 GeV",40292,0.915916,0.515567,0.144835
363,energy_bin,"1-50 GeV",40292,0.908661,0.471425,0.141099
364,energy_bin,"1-50 GeV",40292,0.918339,0.412338,0.139507
365,energy_bin,"1-50 GeV",40292,0.920871,0.59193,0.141889
366,energy_bin,"1-50 GeV",40292,0.916181,0.570443,0.141856
367,energy_bin,"1-50 GeV",40292,0.905791,0.59969,0.136338
368,energy_bin,"1-50 GeV",40292,0.900557,0.423134,0.139362
369,energy_bin,"1-50 GeV",40292,0.916761,0.641316,0.13781
370,energy_bin,"1-50 GeV",40292,0.898081,0.374301,0.142643
371,energy_bin,"1-50 GeV",40292,0.919773,0.623622,0.143219
372,energy_bin,"1-50 GeV",40292,0.915914,0.554658,0.139139
373,energy_bin,"1-50 GeV",40292,0.913425,0.492679,0.143053
374,energy_bin,"1-50 GeV",40292,0.903969,0.680626,0.141972
375,energy_bin,"1-50 GeV",40292,0.908767,0.509104,0.134308
376,energy_bin,"1-50 GeV",40292,0.903448,0.558222,0.146465
377,energy_bin,"1-50 GeV",40292,0.910373,0.416677,0.145329
378,energy_bin,"1-50 GeV",40292,0.919555,0.540353,0.141977
379,energy_bin,"1-50 GeV",40292,0.91823,0.410662,0.142233
380,energy_bin,"1-50 GeV",40292,0.91751,0.489541,0.144638
381,energy_bin,"1-50 GeV",40292,0.908722,0.468966,0.141169
382,energy_bin,"1-50 GeV",40292,0.914537,0.520125,0.137677
383,energy_bin,"1-50 GeV",40292,0.905931,0.499525,0.144727
384,energy_bin,"1-50 GeV",40292,0.909274,0.493568,0.138896
385,energy_bin,"1-50 GeV",40292,0.917975,0.470651,0.139215
386,energy_bin,"1-50 GeV",40292,0.919769,0.57818,0.138551
387,energy_bin,"1-50 GeV",40292,0.875591,0.288932,0.144499
388,energy_bin,"1-50 GeV",40292,0.905727,0.410208,0.138984
389,energy_bin,"1-50 GeV",40292,0.91537,0.369389,0.142058
390,energy_bin,"1-50 GeV",40292,0.90147,0.400749,0.138137
391,energy_bin,"1-50 GeV",40292,0.916672,0.550614,0.139943
392,energy_bin,"1-50 GeV",40292,0.912376,0.463695,0.142307
393,energy_bin,"1-50 GeV",40292,0.918361,0.639962,0.140174
394,energy_bin,"1-50 GeV",40292,0.907003,0.514296,0.140218
395,energy_bin,"1-50 GeV",40292,0.91479,0.470321,0.143516
396,energy_bin,"1-50 GeV",40292,0.919878,0.425579,0.142879
397,energy_bin,"1-50 GeV",40292,0.910403,0.514904,0.145261
398,energy_bin,"1-50 GeV",40292,0.915013,0.622842,0.136767
399,energy_bin,"1-50 GeV",40292,0.895354,0.515907,0.142813
400,energy_bin,"1-50 GeV",40292,0.915754,0.305616,0.138731
401,energy_bin,"1-50 GeV",40292,0.911457,0.532219,0.139291
402,energy_bin,"1-50 GeV",40292,0.900637,0.30172,0.149405
403,energy_bin,"1-50 GeV",40292,0.911521,0.561447,0.139914
404,energy_bin,"1-50 GeV",40292,0.91492,0.640381,0.140683
405,energy_bin,"1-50 GeV",40292,0.914763,0.390359,0.140962
406,energy_bin,"1-50 GeV",40292,0.910919,0.306311,0.138067
407,energy_bin,"1-50 GeV",40292,0.906295,0.595404,0.140191
408,energy_bin,"1-50 GeV",40292,0.923367,0.668244,0.140899
409,energy_bin,"1-50 GeV",40292,0.923853,0.541764,0.138799
410,energy_bin,"1-50 GeV",40292,0.921165,0.483153,0.143592
411,energy_bin,"1-50 GeV",40292,0.92254,0.639195,0.144895
412,energy_bin,"1-50 GeV",40292,0.919586,0.586334,0.142079
413,energy_bin,"1-50 GeV",40292,0.902004,0.310297,0.144597
414,energy_bin,"1-50 GeV",40292,0.902153,0.452988,0.142376
415,energy_bin,"1-50 GeV",40292,0.906145,0.576785,0.142025
416,energy_bin,"1-50 GeV",40292,0.916396,0.442266,0.14014
417,energy_bin,"1-50 GeV",40292,0.914672,0.607523,0.140201
418,energy_bin,"1-50 GeV",40292,0.915403,0.615901,0.139265
419,energy_bin,"1-50 GeV",40292,0.911172,0.626857,0.140411
420,energy_bin,"1-50 GeV",40292,0.899073,0.346827,0.140572
421,energy_bin,"1-50 GeV",40292,0.920799,0.718759,0.141546
422,energy_bin,"1-50 GeV",40292,0.819521,0.323018,0.236103
423,energy_bin,"1-50 GeV",40292,0.916711,0.615703,0.141702
424,energy_bin,"1-50 GeV",40292,0.909704,0.456399,0.141525
425,energy_bin,"1-50 GeV",40292,0.904984,0.329624,0.140099
426,energy_bin,"1-50 GeV",40292,0.919231,0.408706,0.141543
427,energy_bin,"1-50 GeV",40292,0.918048,0.63273,0.138885
428,energy_bin,"1-50 GeV",40292,0.903894,0.300816,0.14503
429,energy_bin,"1-50 GeV",40292,0.913141,0.575019,0.13789
430,energy_bin,"1-50 GeV",40292,0.91068,0.318481,0.137264
431,energy_bin,"1-50 GeV",40292,0.923371,0.669529,0.140947
432,energy_bin,"1-50 GeV",40292,0.909994,0.76489,0.142814
433,energy_bin,"1-50 GeV",40292,0.897558,0.297247,0.136513
434,energy_bin,"1-50 GeV",40292,0.913497,0.55177,0.140153
435,energy_bin,"1-50 GeV",40292,0.916524,0.637984,0.139248
436,energy_bin,"1-50 GeV",40292,0.922666,0.643125,0.142577
437,energy_bin,"1-50 GeV",40292,0.913966,0.58242,0.139594
438,energy_bin,"1-50 GeV",40292,0.917064,0.539165,0.143947
439,energy_bin,"1-50 GeV",40292,0.918887,0.703931,0.140324
440,energy_bin,"1-50 GeV",40292,0.91059,0.648385,0.139753
441,energy_bin,"1-50 GeV",40292,0.903778,0.40877,0.136994
442,energy_bin,"1-50 GeV",40292,0.907969,0.566367,0.13865
443,energy_bin,"1-50 GeV",40292,0.916638,0.462093,0.141192
444,energy_bin,"1-50 GeV",40292,0.921524,0.547982,0.140418
445,energy_bin,"1-50 GeV",40292,0.911832,0.542774,0.140186
446,energy_bin,"1-50 GeV",40292,0.911008,0.655919,0.138102
447,energy_bin,"1-50 GeV",40292,0.914811,0.309318,0.140977
448,energy_bin,"1-50 GeV",40292,0.91144,0.472285,0.143218
449,energy_bin,"1-50 GeV",40292,0.91148,0.4676,0.140732
450,energy_bin,"1-50 GeV",40292,0.914418,0.449371,0.144243
451,energy_bin,"1-50 GeV",40292,0.908267,0.418664,0.14275
452,energy_bin,"1-50 GeV",40292,0.917033,0.560862,0.143209
453,energy_bin,"1-50 GeV",40292,0.9215,0.645625,0.141325
454,energy_bin,"1-50 GeV",40292,0.90936,0.486769,0.139286
455,energy_bin,"1-50 GeV",40292,0.912282,0.51894,0.137777
456,energy_bin,"1-50 GeV",40292,0.913718,0.306484,0.139605
457,energy_bin,"1-50 GeV",40292,0.917156,0.53782,0.145581
458,energy_bin,"1-50 GeV",40292,0.909322,0.621604,0.139842
459,energy_bin,"1-50 GeV",40292,0.908786,0.489401,0.142111
460,energy_bin,"1-50 GeV",40292,0.905743,0.460996,0.144295
461,energy_bin,"1-50 GeV",40292,0.917964,0.546752,0.139332
462,energy_bin,"1-50 GeV",40292,0.908214,0.621417,0.142089
463,energy_bin,"1-50 GeV",40292,0.922817,0.635464,0.138203
464,energy_bin,"1-50 GeV",40292,0.901797,0.299076,0.141436
465,energy_bin,"1-50 GeV",40292,0.9025,0.303224,0.140191
466,energy_bin,"1-50 GeV",40292,0.908346,0.558814,0.140906
467,energy_bin,"1-50 GeV",40292,0.905161,0.413409,0.147761
468,energy_bin,"1-50 GeV",40292,0.918075,0.737713,0.141584
469,energy_bin,"1-50 GeV",40292,0.917649,0.81893,0.140746
470,energy_bin,"1-50 GeV",40292,0.913729,0.748791,0.137697
471,energy_bin,"1-50 GeV",40292,0.910644,0.316611,0.14151
472,energy_bin,"1-50 GeV",40292,0.908585,0.599897,0.141208
473,energy_bin,"1-50 GeV",40292,0.915926,0.713506,0.138388
474,energy_bin,"1-50 GeV",40292,0.916692,0.512855,0.144324
475,energy_bin,"1-50 GeV",40292,0.902816,0.481612,0.13929
476,energy_bin,"1-50 GeV",40292,0.905618,0.547115,0.141307
477,energy_bin,"1-50 GeV",40292,0.9003,0.4673,0.146398
478,energy_bin,"1-50 GeV",40292,0.907528,0.299995,0.137538
479,energy_bin,"1-50 GeV",40292,0.9002,0.412686,0.142524
480,energy_bin,"1-50 GeV",40292,0.909353,0.521943,0.144445
481,energy_bin,"1-50 GeV",40292,0.912832,0.66817,0.137285
482,energy_bin,"1-50 GeV",40292,0.913345,0.618693,0.140437
483,energy_bin,"1-50 GeV",40292,0.904469,0.509672,0.142644
484,energy_bin,"1-50 GeV",40292,0.908814,0.438883,0.144421
485,energy_bin,"1-50 GeV",40292,0.919477,0.652705,0.141804
486,energy_bin,"1-50 GeV",40292,0.907736,0.35893,0.139239
487,energy_bin,"1-50 GeV",40292,0.908174,0.498606,0.141433
488,energy_bin,"1-50 GeV",40292,0.904909,0.5669,0.142165
489,energy_bin,"1-50 GeV",40292,0.905568,0.528437,0.14083
490,energy_bin,"1-50 GeV",40292,0.923916,0.558917,0.145562
491,energy_bin,"1-50 GeV",40292,0.921662,0.698696,0.138071
492,energy_bin,"1-50 GeV",40292,0.916082,0.620445,0.142109
493,energy_bin,"1-50 GeV",40292,0.910079,0.618618,0.141495
494,energy_bin,"1-50 GeV",40292,0.918945,0.632406,0.142086
495,energy_bin,"1-50 GeV",40292,0.917833,0.75392,0.141161
496,energy_bin,"1-50 GeV",40292,0.910225,0.319113,0.140464
497,energy_bin,"1-50 GeV",40292,0.910695,0.371994,0.140043
498,energy_bin,"1-50 GeV",40292,0.918513,0.58924,0.14299
499,energy_bin,"1-50 GeV",40292,0.914749,0.6836,0.139998
0,energy_bin,"50-150 GeV",23832,1.254671,1.518438,0.953766
1,energy_bin,"50-150 GeV",23832,1.415382,1.435979,1.142282
2,energy_bin,"50-150 GeV",23832,0.796749,0.143296,0.082978
3,energy_bin,"50-150 GeV",23832,0.877642,0.139659,0.067035
4,energy_bin,"50-150 GeV",23832,0.944024,0.146255,0.07902
5,energy_bin,"50-150 GeV",23832,0.861445,0.129856,0.057127
6,energy_bin,"50-150 GeV",23832,0.919026,0.135106,0.051428
7,energy_bin,"50-150 GeV",23832,0.87801,0.131021,0.055542
8,energy_bin,"50-150 GeV",23832,0.882834,0.226491,0.045518
9,energy_bin,"50-150 GeV",23832,0.888582,0.1396,0.064913
10,energy_bin,"50-150 GeV",23832,0.919201,0.138624,0.066448
11,energy_bin,"50-150 GeV",23832,0.929921,0.135731,0.04453
12,energy_bin,"50-150 GeV",23832,0.966537,0.151987,0.057861
13,energy_bin,"50-150 GeV",23832,0.928959,0.134242,0.045011
14,energy_bin,"50-150 GeV",23832,0.887976,0.13694,0.056017
15,energy_bin,"50-150 GeV",23832,0.883533,0.194092,0.046467
16,energy_bin,"50-150 GeV",23832,0.947736,0.149676,0.045276
17,energy_bin,"50-150 GeV",23832,0.930204,0.201427,0.04876
18,energy_bin,"50-150 GeV",23832,0.921884,0.132329,0.044312
19,energy_bin,"50-150 GeV",23832,0.920873,0.136346,0.039166
20,energy_bin,"50-150 GeV",23832,0.935667,0.162068,0.040004
21,energy_bin,"50-150 GeV",23832,0.910163,0.13126,0.04202
22,energy_bin,"50-150 GeV",23832,0.930686,0.18144,0.041749
23,energy_bin,"50-150 GeV",23832,0.942066,0.131791,0.039113
24,energy_bin,"50-150 GeV",23832,0.899486,0.131998,0.044272
25,energy_bin,"50-150 GeV",23832,0.906751,0.288846,0.0487
26,energy_bin,"50-150 GeV",23832,0.900339,0.301073,0.042416
27,energy_bin,"50-150 GeV",23832,0.929044,0.131506,0.039634
28,energy_bin,"50-150 GeV",23832,0.911996,0.130129,0.043259
29,energy_bin,"50-150 GeV",23832,0.913537,0.129383,0.040314
30,energy_bin,"50-150 GeV",23832,0.92556,0.156131,0.046504
31,energy_bin,"50-150 GeV",23832,0.787228,0.133934,0.08392
32,energy_bin,"50-150 GeV",23832,0.89454,0.1307,0.046441
33,energy_bin,"50-150 GeV",23832,0.908103,0.133664,0.047031
34,energy_bin,"50-150 GeV",23832,0.892844,0.128552,0.050315
35,energy_bin,"50-150 GeV",23832,0.950863,0.138051,0.049362
36,energy_bin,"50-150 GeV",23832,0.905655,0.130868,0.052118
37,energy_bin,"50-150 GeV",23832,0.975485,0.217956,0.095275
38,energy_bin,"50-150 GeV",23832,0.923667,0.149079,0.089136
39,energy_bin,"50-150 GeV",23832,0.905398,0.129885,0.042307
40,energy_bin,"50-150 GeV",23832,0.910308,0.14297,0.077896
41,energy_bin,"50-150 GeV",23832,0.913605,0.13127,0.042757
42,energy_bin,"50-150 GeV",23832,0.920947,0.133219,0.049239
43,energy_bin,"50-150 GeV",23832,0.888331,0.128851,0.043077
44,energy_bin,"50-150 GeV",23832,0.934135,0.13278,0.041705
45,energy_bin,"50-150 GeV",23832,0.901703,0.131842,0.056569
46,energy_bin,"50-150 GeV",23832,0.896473,0.127742,0.040153
47,energy_bin,"50-150 GeV",23832,0.902601,0.128222,0.039503
48,energy_bin,"50-150 GeV",23832,0.854182,0.122919,0.043274
49,energy_bin,"50-150 GeV",23832,0.902026,0.129796,0.049801
50,energy_bin,"50-150 GeV",23832,0.926319,0.132692,0.046283
51,energy_bin,"50-150 GeV",23832,0.968259,0.140465,0.062097
52,energy_bin,"50-150 GeV",23832,0.931966,0.129748,0.040377
53,energy_bin,"50-150 GeV",23832,0.921525,0.130794,0.046041
54,energy_bin,"50-150 GeV",23832,0.93175,0.13109,0.046781
55,energy_bin,"50-150 GeV",23832,0.915537,0.12988,0.045628
56,energy_bin,"50-150 GeV",23832,0.896604,0.130136,0.052229
57,energy_bin,"50-150 GeV",23832,0.914583,0.129627,0.049307
58,energy_bin,"50-150 GeV",23832,0.901101,0.129158,0.048307
59,energy_bin,"50-150 GeV",23832,0.927613,0.129891,0.038504
60,energy_bin,"50-150 GeV",23832,0.919828,0.128769,0.041531
61,energy_bin,"50-150 GeV",23832,0.919735,0.129503,0.039054
62,energy_bin,"50-150 GeV",23832,0.940237,0.13078,0.0397
63,energy_bin,"50-150 GeV",23832,0.861183,0.123923,0.04094
64,energy_bin,"50-150 GeV",23832,0.911229,0.139388,0.070499
65,energy_bin,"50-150 GeV",23832,0.954516,0.140259,0.056355
66,energy_bin,"50-150 GeV",23832,0.940077,0.149837,0.065581
67,energy_bin,"50-150 GeV",23832,0.913812,1.220348,0.046325
68,energy_bin,"50-150 GeV",23832,0.861718,0.121714,0.039289
69,energy_bin,"50-150 GeV",23832,0.913398,1.728679,0.060647
70,energy_bin,"50-150 GeV",23832,0.927496,0.13304,0.045164
71,energy_bin,"50-150 GeV",23832,0.906218,0.132084,0.05783
72,energy_bin,"50-150 GeV",23832,0.864695,0.123996,0.049739
73,energy_bin,"50-150 GeV",23832,0.890443,0.132494,0.063391
74,energy_bin,"50-150 GeV",23832,0.924988,0.129936,0.045898
75,energy_bin,"50-150 GeV",23832,0.940742,0.81256,0.066541
76,energy_bin,"50-150 GeV",23832,0.883042,0.129628,0.055074
77,energy_bin,"50-150 GeV",23832,0.903311,0.125697,0.039971
78,energy_bin,"50-150 GeV",23832,0.952967,0.147415,0.065685
79,energy_bin,"50-150 GeV",23832,0.921269,0.130672,0.044875
80,energy_bin,"50-150 GeV",23832,0.908979,0.129513,0.040975
81,energy_bin,"50-150 GeV",23832,0.959406,0.135088,0.04038
82,energy_bin,"50-150 GeV",23832,0.921758,0.135489,0.05592
83,energy_bin,"50-150 GeV",23832,0.951124,1.004572,0.039372
84,energy_bin,"50-150 GeV",23832,0.918182,0.137491,0.066724
85,energy_bin,"50-150 GeV",23832,0.921815,0.129412,0.04161
86,energy_bin,"50-150 GeV",23832,0.939404,0.132864,0.042576
87,energy_bin,"50-150 GeV",23832,0.898974,0.131011,0.047518
88,energy_bin,"50-150 GeV",23832,0.905179,0.126661,0.039416
89,energy_bin,"50-150 GeV",23832,0.932972,0.129127,0.039835
90,energy_bin,"50-150 GeV",23832,0.934702,0.130896,0.04919
91,energy_bin,"50-150 GeV",23832,0.947649,0.130348,0.038045
92,energy_bin,"50-150 GeV",23832,0.941222,0.130582,0.043952
93,energy_bin,"50-150 GeV",23832,0.939376,0.129336,0.037552
94,energy_bin,"50-150 GeV",23832,0.920416,0.126287,0.039058
95,energy_bin,"50-150 GeV",23832,0.907621,0.129567,0.051278
96,energy_bin,"50-150 GeV",23832,0.925314,0.128281,0.04081
97,energy_bin,"50-150 GeV",23832,0.892876,0.134627,0.070486
98,energy_bin,"50-150 GeV",23832,0.928543,0.127663,0.038567
99,energy_bin,"50-150 GeV",23832,0.924169,0.128764,0.04136
100,energy_bin,"50-150 GeV",23832,0.923778,0.131026,0.042377
101,energy_bin,"50-150 GeV",23832,0.915109,0.127791,0.039691
102,energy_bin,"50-150 GeV",23832,0.922193,0.15003,0.090991
103,energy_bin,"50-150 GeV",23832,0.97591,0.139824,0.058135
104,energy_bin,"50-150 GeV",23832,0.910861,0.128791,0.040737
105,energy_bin,"50-150 GeV",23832,1.023235,0.211804,0.12319
106,energy_bin,"50-150 GeV",23832,0.914278,0.130445,0.054441
107,energy_bin,"50-150 GeV",23832,0.993092,0.145551,0.057089
108,energy_bin,"50-150 GeV",23832,0.936966,0.138947,0.060686
109,energy_bin,"50-150 GeV",23832,0.913,0.128449,0.042358
110,energy_bin,"50-150 GeV",23832,0.916288,0.127721,0.046537
111,energy_bin,"50-150 GeV",23832,0.929674,0.12777,0.041486
112,energy_bin,"50-150 GeV",23832,0.911879,0.146116,0.085003
113,energy_bin,"50-150 GeV",23832,0.921777,0.13098,0.043727
114,energy_bin,"50-150 GeV",23832,0.961358,0.133354,0.043221
115,energy_bin,"50-150 GeV",23832,0.921693,0.134411,0.039216
116,energy_bin,"50-150 GeV",23832,0.911062,0.129014,0.047757
117,energy_bin,"50-150 GeV",23832,0.930503,0.164024,0.074908
118,energy_bin,"50-150 GeV",23832,0.919617,0.126014,0.037526
119,energy_bin,"50-150 GeV",23832,0.92407,0.128209,0.038552
120,energy_bin,"50-150 GeV",23832,0.92078,0.12806,0.042633
121,energy_bin,"50-150 GeV",23832,0.915041,0.126639,0.042207
122,energy_bin,"50-150 GeV",23832,0.914165,0.126652,0.038476
123,energy_bin,"50-150 GeV",23832,0.916599,0.135212,0.048428
124,energy_bin,"50-150 GeV",23832,0.943386,0.1285,0.036842
125,energy_bin,"50-150 GeV",23832,0.91002,0.128246,0.048135
126,energy_bin,"50-150 GeV",23832,0.915922,0.134919,0.064554
127,energy_bin,"50-150 GeV",23832,0.915383,0.130107,0.048363
128,energy_bin,"50-150 GeV",23832,0.930457,0.127651,0.036772
129,energy_bin,"50-150 GeV",23832,0.917764,0.126575,0.03971
130,energy_bin,"50-150 GeV",23832,0.90543,0.135191,0.045897
131,energy_bin,"50-150 GeV",23832,0.921736,0.143335,0.045893
132,energy_bin,"50-150 GeV",23832,0.92197,0.146234,0.038921
133,energy_bin,"50-150 GeV",23832,0.900937,0.129558,0.058631
134,energy_bin,"50-150 GeV",23832,0.911367,0.146996,0.04551
135,energy_bin,"50-150 GeV",23832,0.931617,0.129237,0.037852
136,energy_bin,"50-150 GeV",23832,0.923652,0.131021,0.037966
137,energy_bin,"50-150 GeV",23832,0.926205,0.129568,0.039955
138,energy_bin,"50-150 GeV",23832,0.921425,0.127275,0.039402
139,energy_bin,"50-150 GeV",23832,0.921571,0.127806,0.041686
140,energy_bin,"50-150 GeV",23832,0.931061,0.128302,0.04305
141,energy_bin,"50-150 GeV",23832,0.927605,0.129111,0.04412
142,energy_bin,"50-150 GeV",23832,0.914106,0.147006,0.039657
143,energy_bin,"50-150 GeV",23832,0.906667,0.128699,0.041397
144,energy_bin,"50-150 GeV",23832,0.937715,0.133798,0.043413
145,energy_bin,"50-150 GeV",23832,0.891944,0.129385,0.053631
146,energy_bin,"50-150 GeV",23832,0.914686,0.128777,0.040795
147,energy_bin,"50-150 GeV",23832,0.933495,0.144025,0.049379
148,energy_bin,"50-150 GeV",23832,0.917846,0.128586,0.04546
149,energy_bin,"50-150 GeV",23832,0.687337,0.310065,0.295871
150,energy_bin,"50-150 GeV",23832,0.925122,0.125843,0.038751
151,energy_bin,"50-150 GeV",23832,0.963443,0.131562,0.036902
152,energy_bin,"50-150 GeV",23832,0.946457,0.133673,0.056231
153,energy_bin,"50-150 GeV",23832,0.895112,0.157979,0.044933
154,energy_bin,"50-150 GeV",23832,0.936982,0.163233,0.039309
155,energy_bin,"50-150 GeV",23832,0.919964,0.148577,0.043759
156,energy_bin,"50-150 GeV",23832,0.94424,0.129856,0.03754
157,energy_bin,"50-150 GeV",23832,0.934845,0.132302,0.037593
158,energy_bin,"50-150 GeV",23832,0.917647,0.141187,0.040659
159,energy_bin,"50-150 GeV",23832,0.895243,0.155871,0.043001
160,energy_bin,"50-150 GeV",23832,0.919795,0.125517,0.037431
161,energy_bin,"50-150 GeV",23832,0.930049,0.128542,0.042155
162,energy_bin,"50-150 GeV",23832,0.918656,0.132938,0.060459
163,energy_bin,"50-150 GeV",23832,0.943349,0.133365,0.047626
164,energy_bin,"50-150 GeV",23832,0.931273,0.147394,0.054117
165,energy_bin,"50-150 GeV",23832,0.934013,0.128612,0.040361
166,energy_bin,"50-150 GeV",23832,0.937495,0.12824,0.038333
167,energy_bin,"50-150 GeV",23832,0.927459,0.137724,0.043899
168,energy_bin,"50-150 GeV",23832,0.928156,0.150582,0.037834
169,energy_bin,"50-150 GeV",23832,0.921657,0.184153,0.040599
170,energy_bin,"50-150 GeV",23832,0.932274,0.164368,0.036712
171,energy_bin,"50-150 GeV",23832,0.885033,0.12938,0.046004
172,energy_bin,"50-150 GeV",23832,0.927696,0.189771,0.038533
173,energy_bin,"50-150 GeV",23832,0.909707,0.143932,0.03884
174,energy_bin,"50-150 GeV",23832,0.942799,0.145248,0.041009
175,energy_bin,"50-150 GeV",23832,0.938854,0.130112,0.035642
176,energy_bin,"50-150 GeV",23832,0.905438,0.185139,0.044925
177,energy_bin,"50-150 GeV",23832,0.93222,0.127957,0.038133
178,energy_bin,"50-150 GeV",23832,0.91161,0.205944,0.044014
179,energy_bin,"50-150 GeV",23832,0.940539,0.137104,0.037719
180,energy_bin,"50-150 GeV",23832,0.925606,0.229686,0.038125
181,energy_bin,"50-150 GeV",23832,0.922892,0.198618,0.038791
182,energy_bin,"50-150 GeV",23832,0.942114,0.128925,0.037485
183,energy_bin,"50-150 GeV",23832,0.937062,0.187852,0.037158
184,energy_bin,"50-150 GeV",23832,0.930447,0.182028,0.037201
185,energy_bin,"50-150 GeV",23832,0.93487,0.149363,0.040252
186,energy_bin,"50-150 GeV",23832,0.928199,0.210103,0.040097
187,energy_bin,"50-150 GeV",23832,0.917599,0.228518,0.054874
188,energy_bin,"50-150 GeV",23832,0.949012,0.139282,0.046333
189,energy_bin,"50-150 GeV",23832,0.948165,0.131548,0.047946
190,energy_bin,"50-150 GeV",23832,0.923331,0.14488,0.049336
191,energy_bin,"50-150 GeV",23832,0.938407,0.190138,0.044065
192,energy_bin,"50-150 GeV",23832,0.924036,0.127799,0.04406
193,energy_bin,"50-150 GeV",23832,0.907149,0.148344,0.038072
194,energy_bin,"50-150 GeV",23832,0.923952,0.126993,0.042837
195,energy_bin,"50-150 GeV",23832,0.914311,0.126955,0.038389
196,energy_bin,"50-150 GeV",23832,0.909586,0.15972,0.05942
197,energy_bin,"50-150 GeV",23832,0.851546,0.131882,0.065313
198,energy_bin,"50-150 GeV",23832,0.93067,0.165285,0.042623
199,energy_bin,"50-150 GeV",23832,0.89094,0.171773,0.042785
200,energy_bin,"50-150 GeV",23832,0.933257,0.152753,0.040383
201,energy_bin,"50-150 GeV",23832,0.907149,0.157515,0.043285
202,energy_bin,"50-150 GeV",23832,0.91052,0.183185,0.045926
203,energy_bin,"50-150 GeV",23832,0.901674,0.126337,0.047945
204,energy_bin,"50-150 GeV",23832,0.942353,0.134246,0.051645
205,energy_bin,"50-150 GeV",23832,0.925867,0.175192,0.038716
206,energy_bin,"50-150 GeV",23832,0.878518,0.142908,0.045606
207,energy_bin,"50-150 GeV",23832,0.885341,0.178309,0.046344
208,energy_bin,"50-150 GeV",23832,0.918223,0.200358,0.039756
209,energy_bin,"50-150 GeV",23832,0.940368,0.168418,0.037741
210,energy_bin,"50-150 GeV",23832,0.910146,0.187533,0.040384
211,energy_bin,"50-150 GeV",23832,0.940328,0.225358,0.035578
212,energy_bin,"50-150 GeV",23832,0.906389,0.232997,0.041311
213,energy_bin,"50-150 GeV",23832,0.943017,0.179364,0.042733
214,energy_bin,"50-150 GeV",23832,0.942406,0.195054,0.038472
215,energy_bin,"50-150 GeV",23832,0.912234,0.169229,0.039487
216,energy_bin,"50-150 GeV",23832,0.933705,0.167048,0.037907
217,energy_bin,"50-150 GeV",23832,0.934166,0.17171,0.036706
218,energy_bin,"50-150 GeV",23832,0.920989,0.191849,0.051502
219,energy_bin,"50-150 GeV",23832,0.94048,0.22999,0.037642
220,energy_bin,"50-150 GeV",23832,0.937927,0.187275,0.03528
221,energy_bin,"50-150 GeV",23832,0.934289,0.181564,0.038318
222,energy_bin,"50-150 GeV",23832,0.937583,0.191368,0.038421
223,energy_bin,"50-150 GeV",23832,0.90095,0.136639,0.043179
224,energy_bin,"50-150 GeV",23832,0.915164,0.194346,0.048686
225,energy_bin,"50-150 GeV",23832,0.929277,0.190969,0.040355
226,energy_bin,"50-150 GeV",23832,0.928194,0.172454,0.039238
227,energy_bin,"50-150 GeV",23832,0.881524,0.125886,0.053735
228,energy_bin,"50-150 GeV",23832,0.947678,0.19767,0.039131
229,energy_bin,"50-150 GeV",23832,0.920488,0.170485,0.038362
230,energy_bin,"50-150 GeV",23832,0.889479,0.12568,0.052542
231,energy_bin,"50-150 GeV",23832,0.924072,0.1783,0.040464
232,energy_bin,"50-150 GeV",23832,0.90958,0.233678,0.043855
233,energy_bin,"50-150 GeV",23832,0.928644,0.232788,0.038688
234,energy_bin,"50-150 GeV",23832,0.939936,0.199781,0.036755
235,energy_bin,"50-150 GeV",23832,0.944113,0.235128,0.035466
236,energy_bin,"50-150 GeV",23832,0.942481,0.244022,0.040149
237,energy_bin,"50-150 GeV",23832,0.924452,0.209937,0.038886
238,energy_bin,"50-150 GeV",23832,0.921121,0.177603,0.036739
239,energy_bin,"50-150 GeV",23832,0.913497,0.288529,0.041485
240,energy_bin,"50-150 GeV",23832,0.935026,0.128734,0.036861
241,energy_bin,"50-150 GeV",23832,0.884676,0.13278,0.0478
242,energy_bin,"50-150 GeV",23832,0.929922,0.131126,0.038166
243,energy_bin,"50-150 GeV",23832,0.937164,0.140855,0.038256
244,energy_bin,"50-150 GeV",23832,0.941483,0.139115,0.043545
245,energy_bin,"50-150 GeV",23832,0.921948,0.223617,0.041125
246,energy_bin,"50-150 GeV",23832,0.933092,0.134591,0.041446
247,energy_bin,"50-150 GeV",23832,0.943393,0.234403,0.036141
248,energy_bin,"50-150 GeV",23832,0.921955,0.206294,0.036791
249,energy_bin,"50-150 GeV",23832,0.930785,0.187429,0.038197
250,energy_bin,"50-150 GeV",23832,0.949093,0.225473,0.037534
251,energy_bin,"50-150 GeV",23832,0.894626,0.134574,0.069051
252,energy_bin,"50-150 GeV",23832,0.913677,0.126978,0.043503
253,energy_bin,"50-150 GeV",23832,0.924381,0.177229,0.040246
254,energy_bin,"50-150 GeV",23832,0.912266,0.127118,0.039624
255,energy_bin,"50-150 GeV",23832,0.860052,0.12979,0.063147
256,energy_bin,"50-150 GeV",23832,0.918001,0.176303,0.03898
257,energy_bin,"50-150 GeV",23832,0.932649,0.29918,0.040362
258,energy_bin,"50-150 GeV",23832,0.942821,0.197282,0.039047
259,energy_bin,"50-150 GeV",23832,0.94226,0.278171,0.037074
260,energy_bin,"50-150 GeV",23832,0.911324,0.199419,0.036432
261,energy_bin,"50-150 GeV",23832,0.940887,0.35586,0.036947
262,energy_bin,"50-150 GeV",23832,0.929393,0.250223,0.042607
263,energy_bin,"50-150 GeV",23832,0.94375,0.380821,0.038871
264,energy_bin,"50-150 GeV",23832,0.899148,0.130328,0.060399
265,energy_bin,"50-150 GeV",23832,0.934587,0.278575,0.038722
266,energy_bin,"50-150 GeV",23832,0.951511,0.284766,0.034755
267,energy_bin,"50-150 GeV",23832,0.920418,0.24174,0.045638
268,energy_bin,"50-150 GeV",23832,0.940477,0.24568,0.039027
269,energy_bin,"50-150 GeV",23832,0.880192,0.133642,0.070859
270,energy_bin,"50-150 GeV",23832,0.928047,0.247039,0.039282
271,energy_bin,"50-150 GeV",23832,0.925624,0.24011,0.037484
272,energy_bin,"50-150 GeV",23832,0.937871,0.231484,0.036076
273,energy_bin,"50-150 GeV",23832,0.927939,0.274399,0.038063
274,energy_bin,"50-150 GeV",23832,0.940342,0.226687,0.037238
275,energy_bin,"50-150 GeV",23832,0.938847,0.234079,0.036334
276,energy_bin,"50-150 GeV",23832,0.92008,0.204574,0.043364
277,energy_bin,"50-150 GeV",23832,0.849246,0.150824,0.104195
278,energy_bin,"50-150 GeV",23832,0.938595,0.211981,0.037806
279,energy_bin,"50-150 GeV",23832,0.923187,0.226111,0.04307
280,energy_bin,"50-150 GeV",23832,0.858927,0.146123,0.096936
281,energy_bin,"50-150 GeV",23832,0.929905,0.224667,0.038013
282,energy_bin,"50-150 GeV",23832,0.930565,0.272914,0.038206
283,energy_bin,"50-150 GeV",23832,0.92517,0.257698,0.039554
284,energy_bin,"50-150 GeV",23832,0.950007,0.304134,0.035431
285,energy_bin,"50-150 GeV",23832,0.958221,0.311695,0.035497
286,energy_bin,"50-150 GeV",23832,0.928455,0.287374,0.041653
287,energy_bin,"50-150 GeV",23832,0.94225,0.35563,0.037284
288,energy_bin,"50-150 GeV",23832,0.9141,0.156237,0.043589
289,energy_bin,"50-150 GeV",23832,0.929298,0.280254,0.037179
290,energy_bin,"50-150 GeV",23832,0.909596,0.132109,0.041607
291,energy_bin,"50-150 GeV",23832,0.949309,0.31141,0.036119
292,energy_bin,"50-150 GeV",23832,0.936112,0.379058,0.036122
293,energy_bin,"50-150 GeV",23832,0.934971,0.309892,0.040177
294,energy_bin,"50-150 GeV",23832,0.923213,0.278282,0.038325
295,energy_bin,"50-150 GeV",23832,0.926956,0.322863,0.04304
296,energy_bin,"50-150 GeV",23832,0.943371,0.388306,0.038366
297,energy_bin,"50-150 GeV",23832,0.911871,0.230778,0.039467
298,energy_bin,"50-150 GeV",23832,0.93887,0.311296,0.045357
299,energy_bin,"50-150 GeV",23832,0.919113,0.197958,0.059247
300,energy_bin,"50-150 GeV",23832,0.928543,0.193222,0.037394
301,energy_bin,"50-150 GeV",23832,0.937912,0.237673,0.036235
302,energy_bin,"50-150 GeV",23832,0.932952,0.199816,0.03606
303,energy_bin,"50-150 GeV",23832,0.816978,0.153491,0.109008
304,energy_bin,"50-150 GeV",23832,0.933872,0.251821,0.036624
305,energy_bin,"50-150 GeV",23832,0.919166,0.145293,0.041593
306,energy_bin,"50-150 GeV",23832,0.927753,0.190908,0.038822
307,energy_bin,"50-150 GeV",23832,0.935604,0.177158,0.035444
308,energy_bin,"50-150 GeV",23832,0.889709,0.12554,0.047781
309,energy_bin,"50-150 GeV",23832,0.942857,0.13022,0.037001
310,energy_bin,"50-150 GeV",23832,0.928065,0.16887,0.037855
311,energy_bin,"50-150 GeV",23832,0.936923,0.145877,0.036131
312,energy_bin,"50-150 GeV",23832,0.942591,0.256575,0.034762
313,energy_bin,"50-150 GeV",23832,0.919608,0.180757,0.044468
314,energy_bin,"50-150 GeV",23832,0.919205,0.184752,0.035967
315,energy_bin,"50-150 GeV",23832,0.933815,0.215501,0.038331
316,energy_bin,"50-150 GeV",23832,0.943544,0.240839,0.035177
317,energy_bin,"50-150 GeV",23832,0.924951,0.217921,0.036112
318,energy_bin,"50-150 GeV",23832,0.932092,0.204417,0.036742
319,energy_bin,"50-150 GeV",23832,0.923394,0.222046,0.037978
320,energy_bin,"50-150 GeV",23832,0.941325,0.324528,0.036674
321,energy_bin,"50-150 GeV",23832,0.906473,0.131349,0.039695
322,energy_bin,"50-150 GeV",23832,0.928072,0.230952,0.036063
323,energy_bin,"50-150 GeV",23832,0.932773,0.26398,0.037227
324,energy_bin,"50-150 GeV",23832,0.917088,0.145802,0.038926
325,energy_bin,"50-150 GeV",23832,0.927384,0.339578,0.044931
326,energy_bin,"50-150 GeV",23832,0.937801,0.197339,0.036941
327,energy_bin,"50-150 GeV",23832,0.9413,0.245283,0.0389
328,energy_bin,"50-150 GeV",23832,0.9116,0.133325,0.041858
329,energy_bin,"50-150 GeV",23832,0.934939,0.192463,0.036897
330,energy_bin,"50-150 GeV",23832,0.936202,0.194151,0.036554
331,energy_bin,"50-150 GeV",23832,0.918685,0.156408,0.039313
332,energy_bin,"50-150 GeV",23832,0.907629,0.181694,0.052388
333,energy_bin,"50-150 GeV",23832,0.920637,0.187149,0.038303
334,energy_bin,"50-150 GeV",23832,0.933047,0.384927,0.036759
335,energy_bin,"50-150 GeV",23832,0.923146,0.145766,0.037515
336,energy_bin,"50-150 GeV",23832,0.911793,0.180912,0.039247
337,energy_bin,"50-150 GeV",23832,0.942135,0.332507,0.036269
338,energy_bin,"50-150 GeV",23832,0.939081,0.234361,0.038822
339,energy_bin,"50-150 GeV",23832,0.921895,0.27979,0.037841
340,energy_bin,"50-150 GeV",23832,0.923902,0.174154,0.037569
341,energy_bin,"50-150 GeV",23832,0.936176,0.262001,0.03781
342,energy_bin,"50-150 GeV",23832,0.934071,0.168436,0.036495
343,energy_bin,"50-150 GeV",23832,0.928843,0.179131,0.036608
344,energy_bin,"50-150 GeV",23832,0.928442,0.206023,0.038863
345,energy_bin,"50-150 GeV",23832,0.938972,0.281653,0.035696
346,energy_bin,"50-150 GeV",23832,0.927611,0.193737,0.037171
347,energy_bin,"50-150 GeV",23832,0.931374,0.234187,0.036942
348,energy_bin,"50-150 GeV",23832,0.90013,0.130909,0.042897
349,energy_bin,"50-150 GeV",23832,0.909518,0.145445,0.03917
350,energy_bin,"50-150 GeV",23832,0.931656,0.263296,0.036892
351,energy_bin,"50-150 GeV",23832,0.920756,0.245257,0.040469
352,energy_bin,"50-150 GeV",23832,0.93651,0.233224,0.036744
353,energy_bin,"50-150 GeV",23832,0.918237,0.180361,0.040418
354,energy_bin,"50-150 GeV",23832,0.936499,0.180308,0.036201
355,energy_bin,"50-150 GeV",23832,0.914211,0.179194,0.042426
356,energy_bin,"50-150 GeV",23832,0.914095,0.154744,0.042201
357,energy_bin,"50-150 GeV",23832,0.925771,0.154368,0.042262
358,energy_bin,"50-150 GeV",23832,0.938014,0.213561,0.036588
359,energy_bin,"50-150 GeV",23832,0.908989,0.162647,0.040828
360,energy_bin,"50-150 GeV",23832,0.927821,0.313585,0.044502
361,energy_bin,"50-150 GeV",23832,0.912766,0.190887,0.04284
362,energy_bin,"50-150 GeV",23832,0.933181,0.297863,0.040855
363,energy_bin,"50-150 GeV",23832,0.930062,0.265862,0.037556
364,energy_bin,"50-150 GeV",23832,0.938364,0.222675,0.037024
365,energy_bin,"50-150 GeV",23832,0.913887,0.354417,0.039629
366,energy_bin,"50-150 GeV",23832,0.933509,0.336738,0.038227
367,energy_bin,"50-150 GeV",23832,0.933664,0.361554,0.036195
368,energy_bin,"50-150 GeV",23832,0.912356,0.233263,0.040511
369,energy_bin,"50-150 GeV",23832,0.93427,0.390109,0.035771
370,energy_bin,"50-150 GeV",23832,0.909967,0.193896,0.04651
371,energy_bin,"50-150 GeV",23832,0.938354,0.373705,0.039772
372,energy_bin,"50-150 GeV",23832,0.93946,0.328378,0.035303
373,energy_bin,"50-150 GeV",23832,0.934971,0.282037,0.037893
374,energy_bin,"50-150 GeV",23832,0.914296,0.414927,0.040386
375,energy_bin,"50-150 GeV",23832,0.93288,0.298917,0.035422
376,energy_bin,"50-150 GeV",23832,0.932471,0.330508,0.035452
377,energy_bin,"50-150 GeV",23832,0.911606,0.224694,0.042699
378,energy_bin,"50-150 GeV",23832,0.945713,0.317073,0.03778
379,energy_bin,"50-150 GeV",23832,0.924974,0.219714,0.038214
380,energy_bin,"50-150 GeV",23832,0.933903,0.280842,0.040834
381,energy_bin,"50-150 GeV",23832,0.926078,0.268242,0.038563
382,energy_bin,"50-150 GeV",23832,0.929517,0.304192,0.037099
383,energy_bin,"50-150 GeV",23832,0.922401,0.288893,0.04395
384,energy_bin,"50-150 GeV",23832,0.91977,0.285082,0.040182
385,energy_bin,"50-150 GeV",23832,0.941947,0.270089,0.035527
386,energy_bin,"50-150 GeV",23832,0.940592,0.344559,0.035401
387,energy_bin,"50-150 GeV",23832,0.847043,0.134514,0.076802
388,energy_bin,"50-150 GeV",23832,0.915359,0.223637,0.039479
389,energy_bin,"50-150 GeV",23832,0.927676,0.188698,0.037274
390,energy_bin,"50-150 GeV",23832,0.923121,0.21759,0.038118
391,energy_bin,"50-150 GeV",23832,0.938527,0.325637,0.036452
392,energy_bin,"50-150 GeV",23832,0.939404,0.263764,0.037607
393,energy_bin,"50-150 GeV",23832,0.951412,0.389253,0.034658
394,energy_bin,"50-150 GeV",23832,0.933575,0.301799,0.037304
395,energy_bin,"50-150 GeV",23832,0.931064,0.267459,0.037435
396,energy_bin,"50-150 GeV",23832,0.92841,0.233485,0.042072
397,energy_bin,"50-150 GeV",23832,0.92425,0.301425,0.039866
398,energy_bin,"50-150 GeV",23832,0.934059,0.38014,0.037027
399,energy_bin,"50-150 GeV",23832,0.885782,0.303632,0.052796
400,energy_bin,"50-150 GeV",23832,0.946945,0.134469,0.03543
401,energy_bin,"50-150 GeV",23832,0.935077,0.315312,0.036207
402,energy_bin,"50-150 GeV",23832,0.874322,0.130929,0.066507
403,energy_bin,"50-150 GeV",23832,0.92207,0.335797,0.040025
404,energy_bin,"50-150 GeV",23832,0.933621,0.388281,0.039535
405,energy_bin,"50-150 GeV",23832,0.931295,0.207587,0.036715
406,energy_bin,"50-150 GeV",23832,0.923043,0.134849,0.037784
407,energy_bin,"50-150 GeV",23832,0.923227,0.358662,0.041677
408,energy_bin,"50-150 GeV",23832,0.950629,0.410813,0.035635
409,energy_bin,"50-150 GeV",23832,0.950526,0.324138,0.036347
410,energy_bin,"50-150 GeV",23832,0.941922,0.278044,0.035963
411,energy_bin,"50-150 GeV",23832,0.939162,0.389284,0.036781
412,energy_bin,"50-150 GeV",23832,0.94596,0.350804,0.035712
413,energy_bin,"50-150 GeV",23832,0.91671,0.137937,0.040871
414,energy_bin,"50-150 GeV",23832,0.912426,0.254827,0.03985
415,energy_bin,"50-150 GeV",23832,0.925029,0.34576,0.038294
416,energy_bin,"50-150 GeV",23832,0.931685,0.247581,0.036606
417,energy_bin,"50-150 GeV",23832,0.931024,0.366461,0.036645
418,energy_bin,"50-150 GeV",23832,0.933344,0.372995,0.037092
419,energy_bin,"50-150 GeV",23832,0.922235,0.379519,0.039121
420,energy_bin,"50-150 GeV",23832,0.909698,0.173312,0.040174
421,energy_bin,"50-150 GeV",23832,0.946781,0.447253,0.0359
422,energy_bin,"50-150 GeV",23832,0.755961,0.223368,0.198017
423,energy_bin,"50-150 GeV",23832,0.938561,0.373202,0.036466
424,energy_bin,"50-150 GeV",23832,0.930749,0.258797,0.03712
425,energy_bin,"50-150 GeV",23832,0.925972,0.156347,0.037275
426,energy_bin,"50-150 GeV",23832,0.940856,0.219945,0.035638
427,energy_bin,"50-150 GeV",23832,0.945531,0.38547,0.035101
428,energy_bin,"50-150 GeV",23832,0.918921,0.126741,0.042902
429,energy_bin,"50-150 GeV",23832,0.927766,0.345986,0.037869
430,energy_bin,"50-150 GeV",23832,0.928362,0.146958,0.037983
431,energy_bin,"50-150 GeV",23832,0.934428,0.411532,0.039361
432,energy_bin,"50-150 GeV",23832,0.923377,0.477484,0.038963
433,energy_bin,"50-150 GeV",23832,0.911791,0.130634,0.049049
434,energy_bin,"50-150 GeV",23832,0.933239,0.327251,0.037016
435,energy_bin,"50-150 GeV",23832,0.942525,0.391424,0.034838
436,energy_bin,"50-150 GeV",23832,0.946926,0.395006,0.036925
437,energy_bin,"50-150 GeV",23832,0.932567,0.35289,0.036679
438,energy_bin,"50-150 GeV",23832,0.940444,0.315158,0.036033
439,energy_bin,"50-150 GeV",23832,0.941151,0.43495,0.037474
440,energy_bin,"50-150 GeV",23832,0.920055,0.394686,0.037763
441,energy_bin,"50-150 GeV",23832,0.911404,0.223587,0.041608
442,energy_bin,"50-150 GeV",23832,0.924751,0.337836,0.048124
443,energy_bin,"50-150 GeV",23832,0.937354,0.260591,0.037239
444,energy_bin,"50-150 GeV",23832,0.9342,0.325978,0.038115
445,energy_bin,"50-150 GeV",23832,0.926868,0.321643,0.037994
446,energy_bin,"50-150 GeV",23832,0.933342,0.402801,0.037245
447,energy_bin,"50-150 GeV",23832,0.933012,0.134726,0.045744
448,energy_bin,"50-150 GeV",23832,0.932609,0.268122,0.036686
449,energy_bin,"50-150 GeV",23832,0.93538,0.26668,0.039677
450,energy_bin,"50-150 GeV",23832,0.933975,0.251075,0.037928
451,energy_bin,"50-150 GeV",23832,0.920329,0.228249,0.040513
452,energy_bin,"50-150 GeV",23832,0.93699,0.33526,0.038461
453,energy_bin,"50-150 GeV",23832,0.948374,0.394329,0.035248
454,energy_bin,"50-150 GeV",23832,0.928512,0.281897,0.038693
455,energy_bin,"50-150 GeV",23832,0.931601,0.307089,0.03705
456,energy_bin,"50-150 GeV",23832,0.942299,0.135088,0.035509
457,energy_bin,"50-150 GeV",23832,0.929202,0.31763,0.037691
458,energy_bin,"50-150 GeV",23832,0.930414,0.377452,0.035622
459,energy_bin,"50-150 GeV",23832,0.926882,0.281704,0.037063
460,energy_bin,"50-150 GeV",23832,0.92698,0.260776,0.036612
461,energy_bin,"50-150 GeV",23832,0.939977,0.323199,0.037917
462,energy_bin,"50-150 GeV",23832,0.920409,0.374033,0.037715
463,energy_bin,"50-150 GeV",23832,0.943774,0.386053,0.036668
464,energy_bin,"50-150 GeV",23832,0.920604,0.126844,0.046462
465,energy_bin,"50-150 GeV",23832,0.919956,0.130351,0.043897
466,energy_bin,"50-150 GeV",23832,0.912908,0.333034,0.039708
467,energy_bin,"50-150 GeV",23832,0.91458,0.218908,0.044658
468,energy_bin,"50-150 GeV",23832,0.942078,0.456355,0.035739
469,energy_bin,"50-150 GeV",23832,0.942676,0.510674,0.036757
470,energy_bin,"50-150 GeV",23832,0.934518,0.465667,0.036849
471,energy_bin,"50-150 GeV",23832,0.9369,0.14458,0.037515
472,energy_bin,"50-150 GeV",23832,0.923959,0.362823,0.03817
473,energy_bin,"50-150 GeV",23832,0.935636,0.439186,0.037098
474,energy_bin,"50-150 GeV",23832,0.937312,0.299547,0.036395
475,energy_bin,"50-150 GeV",23832,0.919331,0.277935,0.039089
476,energy_bin,"50-150 GeV",23832,0.922334,0.32742,0.037534
477,energy_bin,"50-150 GeV",23832,0.907683,0.26532,0.041688
478,energy_bin,"50-150 GeV",23832,0.922528,0.128627,0.039937
479,energy_bin,"50-150 GeV",23832,0.901774,0.226507,0.048034
480,energy_bin,"50-150 GeV",23832,0.925662,0.306275,0.039541
481,energy_bin,"50-150 GeV",23832,0.936601,0.410317,0.036494
482,energy_bin,"50-150 GeV",23832,0.935511,0.37564,0.036448
483,energy_bin,"50-150 GeV",23832,0.920645,0.298004,0.041662
484,energy_bin,"50-150 GeV",23832,0.924926,0.2441,0.037523
485,energy_bin,"50-150 GeV",23832,0.94675,0.401441,0.035577
486,energy_bin,"50-150 GeV",23832,0.929312,0.182336,0.037374
487,energy_bin,"50-150 GeV",23832,0.923005,0.291886,0.037704
488,energy_bin,"50-150 GeV",23832,0.922667,0.340815,0.03905
489,energy_bin,"50-150 GeV",23832,0.923398,0.314879,0.039079
490,energy_bin,"50-150 GeV",23832,0.950897,0.33256,0.037328
491,energy_bin,"50-150 GeV",23832,0.941348,0.430879,0.036222
492,energy_bin,"50-150 GeV",23832,0.937638,0.378259,0.036531
493,energy_bin,"50-150 GeV",23832,0.922653,0.375264,0.039053
494,energy_bin,"50-150 GeV",23832,0.939625,0.384454,0.036532
495,energy_bin,"50-150 GeV",23832,0.941889,0.46879,0.036013
496,energy_bin,"50-150 GeV",23832,0.937525,0.145829,0.035753
497,energy_bin,"50-150 GeV",23832,0.936737,0.190329,0.036807
498,energy_bin,"50-150 GeV",23832,0.939082,0.354909,0.038338
499,energy_bin,"50-150 GeV",23832,0.933142,0.419966,0.037494
0,energy_bin,">150 GeV",68,1.113493,1.436512,0.876856
1,energy_bin,">150 GeV",68,1.28299,1.346543,1.172364
2,energy_bin,">150 GeV",68,0.833044,0.121678,0.095243
3,energy_bin,">150 GeV",68,0.893197,0.093428,0.063409
4,energy_bin,">150 GeV",68,0.932475,0.085354,0.064689
5,energy_bin,">150 GeV",68,0.905671,0.08639,0.058723
6,energy_bin,">150 GeV",68,0.928371,0.094832,0.063118
7,energy_bin,">150 GeV",68,0.870741,0.077321,0.050082
8,energy_bin,">150 GeV",68,0.877413,0.065254,0.038617
9,energy_bin,">150 GeV",68,0.883533,0.088781,0.064975
10,energy_bin,">150 GeV",68,0.895043,0.070908,0.061029
11,energy_bin,">150 GeV",68,0.935279,0.076058,0.041439
12,energy_bin,">150 GeV",68,0.952832,0.083829,0.054256
13,energy_bin,">150 GeV",68,0.918393,0.070304,0.045615
14,energy_bin,">150 GeV",68,0.896127,0.082386,0.053356
15,energy_bin,">150 GeV",68,0.876263,0.070898,0.044354
16,energy_bin,">150 GeV",68,0.939311,0.067699,0.040369
17,energy_bin,">150 GeV",68,0.926486,0.078027,0.044962
18,energy_bin,">150 GeV",68,0.913254,0.062464,0.035245
19,energy_bin,">150 GeV",68,0.928704,0.063383,0.031812
20,energy_bin,">150 GeV",68,0.934741,0.068775,0.033463
21,energy_bin,">150 GeV",68,0.898722,0.063072,0.035281
22,energy_bin,">150 GeV",68,0.925541,0.062008,0.035303
23,energy_bin,">150 GeV",68,0.943903,0.061906,0.02824
24,energy_bin,">150 GeV",68,0.887459,0.063587,0.041007
25,energy_bin,">150 GeV",68,0.899066,0.067556,0.048153
26,energy_bin,">150 GeV",68,0.89093,0.065276,0.037352
27,energy_bin,">150 GeV",68,0.930122,0.063279,0.038074
28,energy_bin,">150 GeV",68,0.90871,0.061136,0.036514
29,energy_bin,">150 GeV",68,0.915491,0.068618,0.039889
30,energy_bin,">150 GeV",68,0.926907,0.075469,0.046263
31,energy_bin,">150 GeV",68,0.763225,0.103207,0.089098
32,energy_bin,">150 GeV",68,0.879296,0.073179,0.045478
33,energy_bin,">150 GeV",68,0.903658,0.075884,0.043393
34,energy_bin,">150 GeV",68,0.878531,0.071126,0.04915
35,energy_bin,">150 GeV",68,0.915097,0.066679,0.042273
36,energy_bin,">150 GeV",68,0.895719,0.061724,0.038723
37,energy_bin,">150 GeV",68,0.95669,0.197677,0.087826
38,energy_bin,">150 GeV",68,0.89946,0.104686,0.089604
39,energy_bin,">150 GeV",68,0.901072,0.065682,0.045411
40,energy_bin,">150 GeV",68,0.886044,0.072024,0.060447
41,energy_bin,">150 GeV",68,0.920342,0.073567,0.045464
42,energy_bin,">150 GeV",68,0.902732,0.057365,0.033352
43,energy_bin,">150 GeV",68,0.886908,0.075467,0.045859
44,energy_bin,">150 GeV",68,0.920003,0.06429,0.03512
45,energy_bin,">150 GeV",68,0.89177,0.074986,0.054522
46,energy_bin,">150 GeV",68,0.891096,0.065798,0.040551
47,energy_bin,">150 GeV",68,0.910791,0.071916,0.036554
48,energy_bin,">150 GeV",68,0.848495,0.060938,0.036069
49,energy_bin,">150 GeV",68,0.886777,0.068467,0.048173
50,energy_bin,">150 GeV",68,0.917453,0.077827,0.044588
51,energy_bin,">150 GeV",68,0.930477,0.114675,0.040674
52,energy_bin,">150 GeV",68,0.90928,0.115641,0.024917
53,energy_bin,">150 GeV",68,0.908283,0.060574,0.038603
54,energy_bin,">150 GeV",68,0.914735,0.059867,0.036379
55,energy_bin,">150 GeV",68,0.901108,0.061726,0.035876
56,energy_bin,">150 GeV",68,0.878403,0.064363,0.044591
57,energy_bin,">150 GeV",68,0.894469,0.062955,0.040348
58,energy_bin,">150 GeV",68,0.887638,0.062412,0.042206
59,energy_bin,">150 GeV",68,0.918522,0.06214,0.02835
60,energy_bin,">150 GeV",68,0.910937,0.061782,0.032485
61,energy_bin,">150 GeV",68,0.9149,0.06051,0.031483
62,energy_bin,">150 GeV",68,0.918072,0.125765,0.029366
63,energy_bin,">150 GeV",68,0.867294,0.071122,0.040196
64,energy_bin,">150 GeV",68,0.901474,0.08142,0.066602
65,energy_bin,">150 GeV",68,0.916153,0.070824,0.037959
66,energy_bin,">150 GeV",68,0.898864,0.138604,0.071983
67,energy_bin,">150 GeV",68,0.894865,0.063214,0.038461
68,energy_bin,">150 GeV",68,0.861377,0.097452,0.037638
69,energy_bin,">150 GeV",68,0.876564,0.061507,0.041793
70,energy_bin,">150 GeV",68,0.904416,0.08752,0.039316
71,energy_bin,">150 GeV",68,0.868991,0.055127,0.031135
72,energy_bin,">150 GeV",68,0.850759,0.071229,0.054019
73,energy_bin,">150 GeV",68,0.870128,0.076616,0.060094
74,energy_bin,">150 GeV",68,0.897209,0.060954,0.032193
75,energy_bin,">150 GeV",68,0.921136,0.07047,0.052357
76,energy_bin,">150 GeV",68,0.865754,0.068704,0.055015
77,energy_bin,">150 GeV",68,0.896641,0.064885,0.034832
78,energy_bin,">150 GeV",68,0.909712,0.109216,0.048871
79,energy_bin,">150 GeV",68,0.904453,0.107894,0.041501
80,energy_bin,">150 GeV",68,0.890818,0.125265,0.037024
81,energy_bin,">150 GeV",68,0.935542,0.128707,0.034067
82,energy_bin,">150 GeV",68,0.901198,0.076894,0.056431
83,energy_bin,">150 GeV",68,0.92727,0.125742,0.047809
84,energy_bin,">150 GeV",68,0.887452,0.08169,0.06032
85,energy_bin,">150 GeV",68,0.897709,0.12343,0.041685
86,energy_bin,">150 GeV",68,0.920386,0.069404,0.026663
87,energy_bin,">150 GeV",68,0.877549,0.073308,0.040771
88,energy_bin,">150 GeV",68,0.895445,0.097587,0.044689
89,energy_bin,">150 GeV",68,0.917366,0.070484,0.031353
90,energy_bin,">150 GeV",68,0.909511,0.100468,0.034404
91,energy_bin,">150 GeV",68,0.936373,0.076941,0.036971
92,energy_bin,">150 GeV",68,0.916598,0.12621,0.032812
93,energy_bin,">150 GeV",68,0.926904,0.095542,0.027602
94,energy_bin,">150 GeV",68,0.901541,0.100941,0.027559
95,energy_bin,">150 GeV",68,0.894474,0.069169,0.053621
96,energy_bin,">150 GeV",68,0.90497,0.107588,0.027938
97,energy_bin,">150 GeV",68,0.869574,0.080463,0.069143
98,energy_bin,">150 GeV",68,0.911735,0.114663,0.027398
99,energy_bin,">150 GeV",68,0.911167,0.063715,0.030999
100,energy_bin,">150 GeV",68,0.905568,0.061895,0.035524
101,energy_bin,">150 GeV",68,0.911173,0.064511,0.042674
102,energy_bin,">150 GeV",68,0.879404,0.118304,0.061573
103,energy_bin,">150 GeV",68,0.932168,0.083969,0.034511
104,energy_bin,">150 GeV",68,0.892833,0.120592,0.029894
105,energy_bin,">150 GeV",68,0.958786,0.142618,0.09237
106,energy_bin,">150 GeV",68,0.887495,0.062832,0.048954
107,energy_bin,">150 GeV",68,0.943058,0.115632,0.025314
108,energy_bin,">150 GeV",68,0.901655,0.125977,0.043777
109,energy_bin,">150 GeV",68,0.892775,0.089869,0.037477
110,energy_bin,">150 GeV",68,0.895528,0.113,0.030918
111,energy_bin,">150 GeV",68,0.896981,0.116079,0.027177
112,energy_bin,">150 GeV",68,0.877533,0.098732,0.090383
113,energy_bin,">150 GeV",68,0.906547,0.111836,0.042289
114,energy_bin,">150 GeV",68,0.935845,0.126073,0.027551
115,energy_bin,">150 GeV",68,0.90263,0.126461,0.038118
116,energy_bin,">150 GeV",68,0.893031,0.059235,0.034864
117,energy_bin,">150 GeV",68,0.891297,0.135414,0.07188
118,energy_bin,">150 GeV",68,0.903096,0.112047,0.026801
119,energy_bin,">150 GeV",68,0.904337,0.109014,0.032148
120,energy_bin,">150 GeV",68,0.905548,0.11807,0.030292
121,energy_bin,">150 GeV",68,0.886305,0.117673,0.027106
122,energy_bin,">150 GeV",68,0.896276,0.12324,0.031356
123,energy_bin,">150 GeV",68,0.895081,0.12485,0.041137
124,energy_bin,">150 GeV",68,0.922395,0.124478,0.025941
125,energy_bin,">150 GeV",68,0.887506,0.123736,0.041465
126,energy_bin,">150 GeV",68,0.891947,0.080246,0.06873
127,energy_bin,">150 GeV",68,0.902424,0.067048,0.038487
128,energy_bin,">150 GeV",68,0.919495,0.119431,0.025712
129,energy_bin,">150 GeV",68,0.899252,0.118931,0.028443
130,energy_bin,">150 GeV",68,0.88546,0.122153,0.037973
131,energy_bin,">150 GeV",68,0.898075,0.12322,0.037735
132,energy_bin,">150 GeV",68,0.898439,0.120349,0.027162
133,energy_bin,">150 GeV",68,0.882119,0.069652,0.056933
134,energy_bin,">150 GeV",68,0.886322,0.121731,0.037691
135,energy_bin,">150 GeV",68,0.912891,0.11749,0.024601
136,energy_bin,">150 GeV",68,0.908198,0.12362,0.030177
137,energy_bin,">150 GeV",68,0.910427,0.121261,0.029825
138,energy_bin,">150 GeV",68,0.903503,0.118459,0.024979
139,energy_bin,">150 GeV",68,0.903859,0.119623,0.029976
140,energy_bin,">150 GeV",68,0.908584,0.12109,0.028022
141,energy_bin,">150 GeV",68,0.910295,0.126035,0.039799
142,energy_bin,">150 GeV",68,0.8978,0.122766,0.028873
143,energy_bin,">150 GeV",68,0.880774,0.114052,0.033106
144,energy_bin,">150 GeV",68,0.923966,0.12988,0.046924
145,energy_bin,">150 GeV",68,0.876064,0.125624,0.056125
146,energy_bin,">150 GeV",68,0.906244,0.131128,0.041595
147,energy_bin,">150 GeV",68,0.904251,0.122872,0.035712
148,energy_bin,">150 GeV",68,0.898166,0.103405,0.036557
149,energy_bin,">150 GeV",68,0.647882,0.301505,0.295058
150,energy_bin,">150 GeV",68,0.908371,0.115267,0.030978
151,energy_bin,">150 GeV",68,0.944693,0.120052,0.026009
152,energy_bin,">150 GeV",68,0.904717,0.123099,0.04096
153,energy_bin,">150 GeV",68,0.872945,0.100302,0.039291
154,energy_bin,">150 GeV",68,0.918697,0.109154,0.032889
155,energy_bin,">150 GeV",68,0.897708,0.113766,0.03653
156,energy_bin,">150 GeV",68,0.936459,0.129292,0.026959
157,energy_bin,">150 GeV",68,0.918785,0.129228,0.030047
158,energy_bin,">150 GeV",68,0.900389,0.120262,0.037268
159,energy_bin,">150 GeV",68,0.879052,0.122886,0.040162
160,energy_bin,">150 GeV",68,0.910649,0.124131,0.02493
161,energy_bin,">150 GeV",68,0.915371,0.12544,0.031361
162,energy_bin,">150 GeV",68,0.891211,0.131214,0.068611
163,energy_bin,">150 GeV",68,0.919892,0.128666,0.037785
164,energy_bin,">150 GeV",68,0.907464,0.126878,0.043552
165,energy_bin,">150 GeV",68,0.915994,0.12627,0.032655
166,energy_bin,">150 GeV",68,0.914808,0.127304,0.028177
167,energy_bin,">150 GeV",68,0.899636,0.125708,0.036696
168,energy_bin,">150 GeV",68,0.910341,0.125021,0.030739
169,energy_bin,">150 GeV",68,0.905773,0.124654,0.032682
170,energy_bin,">150 GeV",68,0.916993,0.127168,0.031674
171,energy_bin,">150 GeV",68,0.870449,0.123635,0.044298
172,energy_bin,">150 GeV",68,0.912259,0.127177,0.032273
173,energy_bin,">150 GeV",68,0.896085,0.124976,0.038558
174,energy_bin,">150 GeV",68,0.936394,0.132976,0.04278
175,energy_bin,">150 GeV",68,0.921692,0.126561,0.026027
176,energy_bin,">150 GeV",68,0.882867,0.124089,0.042132
177,energy_bin,">150 GeV",68,0.918106,0.127287,0.033178
178,energy_bin,">150 GeV",68,0.886259,0.125817,0.03924
179,energy_bin,">150 GeV",68,0.924821,0.127501,0.028497
180,energy_bin,">150 GeV",68,0.908357,0.126751,0.032363
181,energy_bin,">150 GeV",68,0.90684,0.126411,0.033029
182,energy_bin,">150 GeV",68,0.92256,0.128373,0.029307
183,energy_bin,">150 GeV",68,0.923852,0.128713,0.030972
184,energy_bin,">150 GeV",68,0.914936,0.126736,0.031951
185,energy_bin,">150 GeV",68,0.91835,0.126472,0.030065
186,energy_bin,">150 GeV",68,0.909914,0.126431,0.035284
187,energy_bin,">150 GeV",68,0.892485,0.132003,0.053604
188,energy_bin,">150 GeV",68,0.918263,0.125764,0.036782
189,energy_bin,">150 GeV",68,0.916588,0.121013,0.022579
190,energy_bin,">150 GeV",68,0.90269,0.126453,0.039225
191,energy_bin,">150 GeV",68,0.915393,0.123683,0.036937
192,energy_bin,">150 GeV",68,0.906145,0.080405,0.044627
193,energy_bin,">150 GeV",68,0.897296,0.110415,0.035778
194,energy_bin,">150 GeV",68,0.903218,0.111475,0.038262
195,energy_bin,">150 GeV",68,0.902464,0.125496,0.034647
196,energy_bin,">150 GeV",68,0.888225,0.119489,0.064303
197,energy_bin,">150 GeV",68,0.829193,0.088397,0.071733
198,energy_bin,">150 GeV",68,0.917541,0.07341,0.03533
199,energy_bin,">150 GeV",68,0.875167,0.119995,0.045
200,energy_bin,">150 GeV",68,0.915433,0.128382,0.033654
201,energy_bin,">150 GeV",68,0.883682,0.094259,0.039652
202,energy_bin,">150 GeV",68,0.888985,0.122984,0.038085
203,energy_bin,">150 GeV",68,0.88838,0.076996,0.03985
204,energy_bin,">150 GeV",68,0.928723,0.095415,0.05294
205,energy_bin,">150 GeV",68,0.903318,0.118023,0.03332
206,energy_bin,">150 GeV",68,0.858117,0.104413,0.043155
207,energy_bin,">150 GeV",68,0.86713,0.121016,0.051512
208,energy_bin,">150 GeV",68,0.904576,0.115623,0.035544
209,energy_bin,">150 GeV",68,0.921382,0.124048,0.027665
210,energy_bin,">150 GeV",68,0.893976,0.124885,0.039962
211,energy_bin,">150 GeV",68,0.926939,0.126777,0.029228
212,energy_bin,">150 GeV",68,0.887651,0.119863,0.037501
213,energy_bin,">150 GeV",68,0.923138,0.122087,0.029644
214,energy_bin,">150 GeV",68,0.931123,0.129011,0.042991
215,energy_bin,">150 GeV",68,0.892406,0.116912,0.037871
216,energy_bin,">150 GeV",68,0.916818,0.119922,0.036461
217,energy_bin,">150 GeV",68,0.916748,0.119759,0.033986
218,energy_bin,">150 GeV",68,0.898135,0.124194,0.05078
219,energy_bin,">150 GeV",68,0.922677,0.125806,0.024141
220,energy_bin,">150 GeV",68,0.920671,0.130083,0.027637
221,energy_bin,">150 GeV",68,0.920841,0.127639,0.03567
222,energy_bin,">150 GeV",68,0.923117,0.127788,0.036128
223,energy_bin,">150 GeV",68,0.88185,0.113292,0.042162
224,energy_bin,">150 GeV",68,0.896274,0.125944,0.045743
225,energy_bin,">150 GeV",68,0.913532,0.128847,0.034136
226,energy_bin,">150 GeV",68,0.911523,0.124933,0.035468
227,energy_bin,">150 GeV",68,0.859761,0.086538,0.057961
228,energy_bin,">150 GeV",68,0.93435,0.130845,0.035607
229,energy_bin,">150 GeV",68,0.903263,0.120737,0.032057
230,energy_bin,">150 GeV",68,0.879225,0.082854,0.044671
231,energy_bin,">150 GeV",68,0.90804,0.125448,0.04037
232,energy_bin,">150 GeV",68,0.891164,0.124691,0.037114
233,energy_bin,">150 GeV",68,0.913816,0.125289,0.030889
234,energy_bin,">150 GeV",68,0.925935,0.129407,0.031822
235,energy_bin,">150 GeV",68,0.930204,0.128399,0.029627
236,energy_bin,">150 GeV",68,0.926668,0.127227,0.030645
237,energy_bin,">150 GeV",68,0.906881,0.125695,0.030409
238,energy_bin,">150 GeV",68,0.909017,0.129121,0.032047
239,energy_bin,">150 GeV",68,0.89116,0.120664,0.037771
240,energy_bin,">150 GeV",68,0.926564,0.125617,0.03404
241,energy_bin,">150 GeV",68,0.862344,0.117868,0.041943
242,energy_bin,">150 GeV",68,0.908914,0.122757,0.032232
243,energy_bin,">150 GeV",68,0.927253,0.129338,0.0311
244,energy_bin,">150 GeV",68,0.922505,0.125307,0.032786
245,energy_bin,">150 GeV",68,0.898603,0.123343,0.034106
246,energy_bin,">150 GeV",68,0.920507,0.122873,0.037029
247,energy_bin,">150 GeV",68,0.921621,0.127273,0.028023
248,energy_bin,">150 GeV",68,0.911911,0.124117,0.031985
249,energy_bin,">150 GeV",68,0.913008,0.125284,0.031935
250,energy_bin,">150 GeV",68,0.935974,0.129874,0.032218
251,energy_bin,">150 GeV",68,0.87984,0.084291,0.071144
252,energy_bin,">150 GeV",68,0.905035,0.06807,0.045237
253,energy_bin,">150 GeV",68,0.908631,0.115707,0.027598
254,energy_bin,">150 GeV",68,0.904565,0.07048,0.032218
255,energy_bin,">150 GeV",68,0.840283,0.080516,0.069022
256,energy_bin,">150 GeV",68,0.907083,0.112346,0.038025
257,energy_bin,">150 GeV",68,0.91442,0.126347,0.03535
258,energy_bin,">150 GeV",68,0.92701,0.121503,0.036544
259,energy_bin,">150 GeV",68,0.923189,0.125747,0.028235
260,energy_bin,">150 GeV",68,0.895516,0.114741,0.029642
261,energy_bin,">150 GeV",68,0.925737,0.127192,0.030136
262,energy_bin,">150 GeV",68,0.918027,0.130916,0.040363
263,energy_bin,">150 GeV",68,0.923232,0.126641,0.027185
264,energy_bin,">150 GeV",68,0.876192,0.096089,0.06077
265,energy_bin,">150 GeV",68,0.914708,0.126376,0.031175
266,energy_bin,">150 GeV",68,0.937171,0.128753,0.029371
267,energy_bin,">150 GeV",68,0.903757,0.125208,0.040975
268,energy_bin,">150 GeV",68,0.921763,0.126776,0.029402
269,energy_bin,">150 GeV",68,0.854738,0.097157,0.076623
270,energy_bin,">150 GeV",68,0.907014,0.123605,0.031452
271,energy_bin,">150 GeV",68,0.909396,0.126526,0.031072
272,energy_bin,">150 GeV",68,0.920178,0.125528,0.028551
273,energy_bin,">150 GeV",68,0.910648,0.126625,0.031671
274,energy_bin,">150 GeV",68,0.928007,0.126921,0.031574
275,energy_bin,">150 GeV",68,0.920025,0.12558,0.02759
276,energy_bin,">150 GeV",68,0.905376,0.119749,0.038274
277,energy_bin,">150 GeV",68,0.834369,0.114003,0.105756
278,energy_bin,">150 GeV",68,0.924688,0.125225,0.030958
279,energy_bin,">150 GeV",68,0.905629,0.122462,0.03809
280,energy_bin,">150 GeV",68,0.844771,0.105449,0.094433
281,energy_bin,">150 GeV",68,0.912091,0.126024,0.033321
282,energy_bin,">150 GeV",68,0.914476,0.126305,0.031948
283,energy_bin,">150 GeV",68,0.903321,0.124469,0.028741
284,energy_bin,">150 GeV",68,0.93488,0.130106,0.029506
285,energy_bin,">150 GeV",68,0.940381,0.130448,0.028815
286,energy_bin,">150 GeV",68,0.910104,0.125931,0.034126
287,energy_bin,">150 GeV",68,0.924969,0.128031,0.030728
288,energy_bin,">150 GeV",68,0.894727,0.122033,0.039579
289,energy_bin,">150 GeV",68,0.913509,0.126858,0.032839
290,energy_bin,">150 GeV",68,0.88787,0.116741,0.032005
291,energy_bin,">150 GeV",68,0.933655,0.129275,0.029408
292,energy_bin,">150 GeV",68,0.917832,0.126123,0.032149
293,energy_bin,">150 GeV",68,0.914833,0.125809,0.03184
294,energy_bin,">150 GeV",68,0.905429,0.126161,0.030748
295,energy_bin,">150 GeV",68,0.900568,0.124924,0.02807
296,energy_bin,">150 GeV",68,0.923948,0.129322,0.034265
297,energy_bin,">150 GeV",68,0.898499,0.124668,0.032065
298,energy_bin,">150 GeV",68,0.918057,0.126489,0.034268
299,energy_bin,">150 GeV",68,0.895537,0.128533,0.056753
300,energy_bin,">150 GeV",68,0.911185,0.123933,0.026388
301,energy_bin,">150 GeV",68,0.927345,0.129128,0.029458
302,energy_bin,">150 GeV",68,0.916212,0.125118,0.026901
303,energy_bin,">150 GeV",68,0.786712,0.134814,0.126844
304,energy_bin,">150 GeV",68,0.917397,0.125008,0.027853
305,energy_bin,">150 GeV",68,0.896047,0.124555,0.040563
306,energy_bin,">150 GeV",68,0.907562,0.125714,0.032416
307,energy_bin,">150 GeV",68,0.920147,0.124104,0.027977
308,energy_bin,">150 GeV",68,0.881453,0.064588,0.047585
309,energy_bin,">150 GeV",68,0.941677,0.060725,0.029652
310,energy_bin,">150 GeV",68,0.914312,0.125258,0.030306
311,energy_bin,">150 GeV",68,0.924387,0.124427,0.026023
312,energy_bin,">150 GeV",68,0.929555,0.127632,0.031752
313,energy_bin,">150 GeV",68,0.897218,0.123936,0.036825
314,energy_bin,">150 GeV",68,0.906073,0.128014,0.039393
315,energy_bin,">150 GeV",68,0.919378,0.130937,0.034403
316,energy_bin,">150 GeV",68,0.928942,0.129744,0.028363
317,energy_bin,">150 GeV",68,0.906078,0.125956,0.029851
318,energy_bin,">150 GeV",68,0.920563,0.128368,0.03241
319,energy_bin,">150 GeV",68,0.911377,0.128664,0.031352
320,energy_bin,">150 GeV",68,0.927235,0.129691,0.029074
321,energy_bin,">150 GeV",68,0.893689,0.123459,0.033388
322,energy_bin,">150 GeV",68,0.911307,0.127003,0.029589
323,energy_bin,">150 GeV",68,0.917306,0.126935,0.030526
324,energy_bin,">150 GeV",68,0.904793,0.12501,0.033898
325,energy_bin,">150 GeV",68,0.906217,0.126561,0.033593
326,energy_bin,">150 GeV",68,0.923785,0.127656,0.033538
327,energy_bin,">150 GeV",68,0.921743,0.128234,0.029867
328,energy_bin,">150 GeV",68,0.895594,0.119276,0.039508
329,energy_bin,">150 GeV",68,0.922309,0.128689,0.032233
330,energy_bin,">150 GeV",68,0.920464,0.128387,0.031767
331,energy_bin,">150 GeV",68,0.909975,0.12856,0.04517
332,energy_bin,">150 GeV",68,0.887373,0.1275,0.050837
333,energy_bin,">150 GeV",68,0.905693,0.12564,0.03757
334,energy_bin,">150 GeV",68,0.91647,0.127971,0.029339
335,energy_bin,">150 GeV",68,0.90966,0.124887,0.03321
336,energy_bin,">150 GeV",68,0.896036,0.12511,0.034142
337,energy_bin,">150 GeV",68,0.922985,0.126817,0.025523
338,energy_bin,">150 GeV",68,0.921637,0.128731,0.034016
339,energy_bin,">150 GeV",68,0.905684,0.12367,0.031218
340,energy_bin,">150 GeV",68,0.907308,0.125958,0.030827
341,energy_bin,">150 GeV",68,0.921619,0.128336,0.030755
342,energy_bin,">150 GeV",68,0.918338,0.125795,0.027672
343,energy_bin,">150 GeV",68,0.913943,0.12598,0.030897
344,energy_bin,">150 GeV",68,0.907756,0.124898,0.033804
345,energy_bin,">150 GeV",68,0.923686,0.127206,0.028392
346,energy_bin,">150 GeV",68,0.912525,0.126753,0.031653
347,energy_bin,">150 GeV",68,0.917795,0.127835,0.036854
348,energy_bin,">150 GeV",68,0.883761,0.124231,0.040686
349,energy_bin,">150 GeV",68,0.896694,0.124436,0.037715
350,energy_bin,">150 GeV",68,0.916645,0.128269,0.030432
351,energy_bin,">150 GeV",68,0.904957,0.125705,0.033359
352,energy_bin,">150 GeV",68,0.92138,0.127032,0.029804
353,energy_bin,">150 GeV",68,0.902526,0.126299,0.035275
354,energy_bin,">150 GeV",68,0.923927,0.127104,0.030329
355,energy_bin,">150 GeV",68,0.898226,0.127397,0.037939
356,energy_bin,">150 GeV",68,0.897559,0.126816,0.040717
357,energy_bin,">150 GeV",68,0.910089,0.125387,0.036664
358,energy_bin,">150 GeV",68,0.920418,0.127679,0.03321
359,energy_bin,">150 GeV",68,0.88996,0.119529,0.034064
360,energy_bin,">150 GeV",68,0.907009,0.128321,0.03831
361,energy_bin,">150 GeV",68,0.89992,0.128051,0.038433
362,energy_bin,">150 GeV",68,0.913781,0.127621,0.03751
363,energy_bin,">150 GeV",68,0.913952,0.126147,0.033055
364,energy_bin,">150 GeV",68,0.919451,0.125495,0.027872
365,energy_bin,">150 GeV",68,0.898265,0.126434,0.032687
366,energy_bin,">150 GeV",68,0.918526,0.12666,0.029235
367,energy_bin,">150 GeV",68,0.922277,0.128213,0.029125
368,energy_bin,">150 GeV",68,0.893196,0.125207,0.038204
369,energy_bin,">150 GeV",68,0.917969,0.129361,0.031402
370,energy_bin,">150 GeV",68,0.886856,0.126397,0.046073
371,energy_bin,">150 GeV",68,0.918951,0.125892,0.031015
372,energy_bin,">150 GeV",68,0.921655,0.124744,0.025165
373,energy_bin,">150 GeV",68,0.920447,0.127254,0.031345
374,energy_bin,">150 GeV",68,0.898503,0.125943,0.034025
375,energy_bin,">150 GeV",68,0.919132,0.127394,0.029725
376,energy_bin,">150 GeV",68,0.920332,0.127079,0.030878
377,energy_bin,">150 GeV",68,0.892221,0.124835,0.039899
378,energy_bin,">150 GeV",68,0.928323,0.12681,0.027348
379,energy_bin,">150 GeV",68,0.910577,0.115877,0.030549
380,energy_bin,">150 GeV",68,0.919021,0.127609,0.034171
381,energy_bin,">150 GeV",68,0.910649,0.125959,0.03254
382,energy_bin,">150 GeV",68,0.912548,0.127238,0.030778
383,energy_bin,">150 GeV",68,0.903206,0.126956,0.039359
384,energy_bin,">150 GeV",68,0.901631,0.125704,0.031718
385,energy_bin,">150 GeV",68,0.927604,0.12716,0.028198
386,energy_bin,">150 GeV",68,0.924392,0.127201,0.032335
387,energy_bin,">150 GeV",68,0.820681,0.105129,0.087117
388,energy_bin,">150 GeV",68,0.900023,0.127058,0.032394
389,energy_bin,">150 GeV",68,0.914636,0.120448,0.029944
390,energy_bin,">150 GeV",68,0.910546,0.126867,0.030792
391,energy_bin,">150 GeV",68,0.922977,0.128783,0.028859
392,energy_bin,">150 GeV",68,0.926723,0.130441,0.03132
393,energy_bin,">150 GeV",68,0.934975,0.127891,0.024726
394,energy_bin,">150 GeV",68,0.917304,0.12648,0.029914
395,energy_bin,">150 GeV",68,0.914682,0.127897,0.030117
396,energy_bin,">150 GeV",68,0.909829,0.127217,0.038056
397,energy_bin,">150 GeV",68,0.905614,0.126828,0.034803
398,energy_bin,">150 GeV",68,0.918224,0.127517,0.029294
399,energy_bin,">150 GeV",68,0.866288,0.126259,0.051588
400,energy_bin,">150 GeV",68,0.933288,0.12649,0.026928
401,energy_bin,">150 GeV",68,0.919517,0.126707,0.02881
402,energy_bin,">150 GeV",68,0.84387,0.109475,0.081469
403,energy_bin,">150 GeV",68,0.904688,0.125919,0.036586
404,energy_bin,">150 GeV",68,0.913465,0.125876,0.027552
405,energy_bin,">150 GeV",68,0.916932,0.125817,0.030659
406,energy_bin,">150 GeV",68,0.910076,0.112,0.032634
407,energy_bin,">150 GeV",68,0.905354,0.125984,0.036354
408,energy_bin,">150 GeV",68,0.932817,0.128905,0.026362
409,energy_bin,">150 GeV",68,0.935677,0.130069,0.030221
410,energy_bin,">150 GeV",68,0.92682,0.127404,0.030621
411,energy_bin,">150 GeV",68,0.921836,0.128438,0.028629
412,energy_bin,">150 GeV",68,0.927756,0.128165,0.027738
413,energy_bin,">150 GeV",68,0.901775,0.125791,0.036728
414,energy_bin,">150 GeV",68,0.898202,0.126631,0.034317
415,energy_bin,">150 GeV",68,0.909152,0.127008,0.033142
416,energy_bin,">150 GeV",68,0.915471,0.125448,0.028204
417,energy_bin,">150 GeV",68,0.915441,0.127313,0.029835
418,energy_bin,">150 GeV",68,0.915875,0.126185,0.02762
419,energy_bin,">150 GeV",68,0.902717,0.126217,0.03332
420,energy_bin,">150 GeV",68,0.895797,0.121578,0.033475
421,energy_bin,">150 GeV",68,0.930996,0.129123,0.029091
422,energy_bin,">150 GeV",68,0.722877,0.205557,0.19736
423,energy_bin,">150 GeV",68,0.922076,0.127518,0.027969
424,energy_bin,">150 GeV",68,0.916086,0.126917,0.03127
425,energy_bin,">150 GeV",68,0.91281,0.122038,0.031188
426,energy_bin,">150 GeV",68,0.926224,0.12504,0.028934
427,energy_bin,">150 GeV",68,0.928713,0.128678,0.027467
428,energy_bin,">150 GeV",68,0.905009,0.123669,0.037336
429,energy_bin,">150 GeV",68,0.912106,0.126345,0.030005
430,energy_bin,">150 GeV",68,0.915572,0.122378,0.029952
431,energy_bin,">150 GeV",68,0.915114,0.128078,0.030876
432,energy_bin,">150 GeV",68,0.902183,0.125958,0.03886
433,energy_bin,">150 GeV",68,0.89748,0.123192,0.049338
434,energy_bin,">150 GeV",68,0.917653,0.126408,0.032522
435,energy_bin,">150 GeV",68,0.929339,0.130524,0.031268
436,energy_bin,">150 GeV",68,0.929991,0.127692,0.027546
437,energy_bin,">150 GeV",68,0.916538,0.128296,0.032554
438,energy_bin,">150 GeV",68,0.923823,0.127185,0.039591
439,energy_bin,">150 GeV",68,0.923767,0.126796,0.03004
440,energy_bin,">150 GeV",68,0.902063,0.12764,0.031973
441,energy_bin,">150 GeV",68,0.892914,0.126728,0.034119
442,energy_bin,">150 GeV",68,0.903677,0.125963,0.039652
443,energy_bin,">150 GeV",68,0.923099,0.12906,0.030687
444,energy_bin,">150 GeV",68,0.915378,0.128148,0.032124
445,energy_bin,">150 GeV",68,0.911249,0.127193,0.033991
446,energy_bin,">150 GeV",68,0.919675,0.130247,0.034341
447,energy_bin,">150 GeV",68,0.908201,0.122038,0.041658
448,energy_bin,">150 GeV",68,0.917305,0.128919,0.032881
449,energy_bin,">150 GeV",68,0.916486,0.126988,0.031513
450,energy_bin,">150 GeV",68,0.91995,0.13036,0.033962
451,energy_bin,">150 GeV",68,0.899571,0.124185,0.031647
452,energy_bin,">150 GeV",68,0.921389,0.128193,0.032436
453,energy_bin,">150 GeV",68,0.932952,0.132143,0.028551
454,energy_bin,">150 GeV",68,0.909731,0.126578,0.030749
455,energy_bin,">150 GeV",68,0.914802,0.127889,0.030521
456,energy_bin,">150 GeV",68,0.92887,0.127492,0.030099
457,energy_bin,">150 GeV",68,0.91307,0.129746,0.03095
458,energy_bin,">150 GeV",68,0.915519,0.127287,0.028747
459,energy_bin,">150 GeV",68,0.913968,0.130543,0.037967
460,energy_bin,">150 GeV",68,0.914236,0.128181,0.035882
461,energy_bin,">150 GeV",68,0.921417,0.127381,0.029597
462,energy_bin,">150 GeV",68,0.90554,0.124789,0.030842
463,energy_bin,">150 GeV",68,0.926514,0.128256,0.03066
464,energy_bin,">150 GeV",68,0.901293,0.116274,0.048876
465,energy_bin,">150 GeV",68,0.90458,0.122846,0.044663
466,energy_bin,">150 GeV",68,0.889788,0.1227,0.027695
467,energy_bin,">150 GeV",68,0.896014,0.127932,0.043357
468,energy_bin,">150 GeV",68,0.925481,0.130834,0.029849
469,energy_bin,">150 GeV",68,0.926073,0.130683,0.027926
470,energy_bin,">150 GeV",68,0.918228,0.130926,0.030505
471,energy_bin,">150 GeV",68,0.924126,0.127095,0.031038
472,energy_bin,">150 GeV",68,0.908582,0.127228,0.033355
473,energy_bin,">150 GeV",68,0.920782,0.128135,0.034242
474,energy_bin,">150 GeV",68,0.922101,0.128345,0.030665
475,energy_bin,">150 GeV",68,0.904867,0.126727,0.032939
476,energy_bin,">150 GeV",68,0.907215,0.12628,0.030857
477,energy_bin,">150 GeV",68,0.889685,0.124612,0.035221
478,energy_bin,">150 GeV",68,0.905459,0.124904,0.034772
479,energy_bin,">150 GeV",68,0.882146,0.126335,0.045661
480,energy_bin,">150 GeV",68,0.909745,0.128336,0.037672
481,energy_bin,">150 GeV",68,0.921535,0.129852,0.029632
482,energy_bin,">150 GeV",68,0.920016,0.129923,0.030934
483,energy_bin,">150 GeV",68,0.906155,0.128466,0.037212
484,energy_bin,">150 GeV",68,0.910483,0.127182,0.030324
485,energy_bin,">150 GeV",68,0.932537,0.130963,0.029268
486,energy_bin,">150 GeV",68,0.914946,0.125659,0.032642
487,energy_bin,">150 GeV",68,0.908535,0.12914,0.03758
488,energy_bin,">150 GeV",68,0.907497,0.128061,0.037782
489,energy_bin,">150 GeV",68,0.906543,0.130069,0.032804
490,energy_bin,">150 GeV",68,0.936189,0.132502,0.034031
491,energy_bin,">150 GeV",68,0.924329,0.130963,0.027989
492,energy_bin,">150 GeV",68,0.923423,0.13019,0.037602
493,energy_bin,">150 GeV",68,0.908072,0.128819,0.033351
494,energy_bin,">150 GeV",68,0.923806,0.127485,0.028822
495,energy_bin,">150 GeV",68,0.927227,0.128927,0.029053
496,energy_bin,">150 GeV",68,0.925865,0.126999,0.030341
497,energy_bin,">150 GeV",68,0.924936,0.126015,0.033299
498,energy_bin,">150 GeV",68,0.923172,0.129886,0.029276
499,energy_bin,">150 GeV",68,0.91632,0.130702,0.029715
0,particle,"Neutron",13032,1.970437,1.663247,0.987759
1,particle,"Neutron",13032,2.128649,1.363008,0.937676
2,particle,"Neutron",13032,0.629541,0.209325,0.130576
3,particle,"Neutron",13032,0.747738,0.234879,0.125845
4,particle,"Neutron",13032,0.869433,0.276457,0.15305
5,particle,"Neutron",13032,0.769708,0.263304,0.140719
6,particle,"Neutron",13032,0.806851,0.257145,0.142507
7,particle,"Neutron",13032,0.832535,0.269662,0.146598
8,particle,"Neutron",13032,0.809742,0.263224,0.147227
9,particle,"Neutron",13032,0.810005,0.26684,0.148245
10,particle,"Neutron",13032,0.847621,0.269072,0.14733
11,particle,"Neutron",13032,0.824622,0.263123,0.146362
12,particle,"Neutron",13032,0.89146,0.285725,0.153377
13,particle,"Neutron",13032,0.854778,0.269341,0.143092
14,particle,"Neutron",13032,0.773159,0.246833,0.130678
15,particle,"Neutron",13032,0.775564,0.241847,0.125047
16,particle,"Neutron",13032,0.866144,0.277996,0.144839
17,particle,"Neutron",13032,0.820823,0.258105,0.129947
18,particle,"Neutron",13032,0.857851,0.270753,0.138106
19,particle,"Neutron",13032,0.827719,0.261107,0.133285
20,particle,"Neutron",13032,0.836747,0.265465,0.135845
21,particle,"Neutron",13032,0.836526,0.266949,0.137924
22,particle,"Neutron",13032,0.85318,0.27099,0.1387
23,particle,"Neutron",13032,0.845731,0.265962,0.137654
24,particle,"Neutron",13032,0.827597,0.261633,0.133474
25,particle,"Neutron",13032,0.833047,0.265039,0.137424
26,particle,"Neutron",13032,0.826141,0.26276,0.134554
27,particle,"Neutron",13032,0.838038,0.263419,0.134538
28,particle,"Neutron",13032,0.8419,0.264987,0.13659
29,particle,"Neutron",13032,0.828283,0.260441,0.133726
30,particle,"Neutron",13032,0.817172,0.260177,0.13697
31,particle,"Neutron",13032,0.768083,0.246248,0.131267
32,particle,"Neutron",13032,0.811137,0.254497,0.132407
33,particle,"Neutron",13032,0.813597,0.254268,0.133332
34,particle,"Neutron",13032,0.795421,0.252791,0.135692
35,particle,"Neutron",13032,0.844738,0.270196,0.140347
36,particle,"Neutron",13032,0.852655,0.268907,0.140525
37,particle,"Neutron",13032,0.940318,0.322815,0.175755
38,particle,"Neutron",13032,0.896966,0.276632,0.137268
39,particle,"Neutron",13032,0.823414,0.258114,0.13072
40,particle,"Neutron",13032,0.881656,0.280163,0.140746
41,particle,"Neutron",13032,0.805678,0.252228,0.129487
42,particle,"Neutron",13032,0.863045,0.273998,0.137929
43,particle,"Neutron",13032,0.80086,0.255233,0.129981
44,particle,"Neutron",13032,0.850557,0.260268,0.129817
45,particle,"Neutron",13032,0.842645,0.268897,0.137615
46,particle,"Neutron",13032,0.796659,0.248687,0.127001
47,particle,"Neutron",13032,0.817022,0.252071,0.125543
48,particle,"Neutron",13032,0.798113,0.251865,0.129191
49,particle,"Neutron",13032,0.829584,0.261549,0.131936
50,particle,"Neutron",13032,0.860957,0.267732,0.135713
51,particle,"Neutron",13032,0.901173,0.27734,0.137681
52,particle,"Neutron",13032,0.849672,0.271257,0.132478
53,particle,"Neutron",13032,0.851699,0.264067,0.130694
54,particle,"Neutron",13032,0.857249,0.265286,0.129431
55,particle,"Neutron",13032,0.844857,0.262637,0.133028
56,particle,"Neutron",13032,0.837962,0.26109,0.131159
57,particle,"Neutron",13032,0.851507,0.262382,0.127899
58,particle,"Neutron",13032,0.839311,0.261612,0.131736
59,particle,"Neutron",13032,0.840489,0.260342,0.128253
60,particle,"Neutron",13032,0.84422,0.261869,0.128914
61,particle,"Neutron",13032,0.834694,0.259599,0.128031
62,particle,"Neutron",13032,0.859412,0.265202,0.130013
63,particle,"Neutron",13032,0.755626,0.23596,0.118848
64,particle,"Neutron",13032,0.876446,0.276535,0.137046
65,particle,"Neutron",13032,0.89196,0.274907,0.135407
66,particle,"Neutron",13032,0.856828,0.276297,0.136067
67,particle,"Neutron",13032,0.847079,0.267572,0.140136
68,particle,"Neutron",13032,0.754304,0.231728,0.118085
69,particle,"Neutron",13032,0.862747,0.277516,0.141188
70,particle,"Neutron",13032,0.83097,0.266816,0.140603
71,particle,"Neutron",13032,0.862801,0.265033,0.12977
72,particle,"Neutron",13032,0.80494,0.249525,0.125476
73,particle,"Neutron",13032,0.847309,0.265793,0.132607
74,particle,"Neutron",13032,0.846796,0.264762,0.133527
75,particle,"Neutron",13032,0.888815,0.274881,0.13564
76,particle,"Neutron",13032,0.829383,0.255761,0.127264
77,particle,"Neutron",13032,0.827095,0.260995,0.133114
78,particle,"Neutron",13032,0.917999,0.284592,0.135711
79,particle,"Neutron",13032,0.832026,0.258428,0.127821
80,particle,"Neutron",13032,0.831337,0.263159,0.130971
81,particle,"Neutron",13032,0.886015,0.276423,0.133377
82,particle,"Neutron",13032,0.864318,0.270692,0.1349
83,particle,"Neutron",13032,0.869474,0.272777,0.131162
84,particle,"Neutron",13032,0.869478,0.270297,0.13174
85,particle,"Neutron",13032,0.844773,0.260643,0.126163
86,particle,"Neutron",13032,0.866022,0.267769,0.128067
87,particle,"Neutron",13032,0.843381,0.259979,0.124465
88,particle,"Neutron",13032,0.832321,0.25812,0.126698
89,particle,"Neutron",13032,0.861533,0.267522,0.130701
90,particle,"Neutron",13032,0.876341,0.272568,0.134261
91,particle,"Neutron",13032,0.869259,0.268769,0.128857
92,particle,"Neutron",13032,0.867442,0.269354,0.130378
93,particle,"Neutron",13032,0.85088,0.262062,0.126388
94,particle,"Neutron",13032,0.851255,0.263401,0.126791
95,particle,"Neutron",13032,0.852981,0.265485,0.126442
96,particle,"Neutron",13032,0.85653,0.264151,0.126571
97,particle,"Neutron",13032,0.866197,0.265579,0.125851
98,particle,"Neutron",13032,0.852911,0.263504,0.125554
99,particle,"Neutron",13032,0.856283,0.26384,0.126019
100,particle,"Neutron",13032,0.859769,0.272618,0.137718
101,particle,"Neutron",13032,0.846575,0.263634,0.125238
102,particle,"Neutron",13032,0.883418,0.281813,0.141648
103,particle,"Neutron",13032,0.89897,0.283763,0.146309
104,particle,"Neutron",13032,0.841675,0.268228,0.132295
105,particle,"Neutron",13032,1.008938,0.339934,0.195816
106,particle,"Neutron",13032,0.865631,0.268688,0.127651
107,particle,"Neutron",13032,0.95323,0.306957,0.159697
108,particle,"Neutron",13032,0.883715,0.279381,0.138808
109,particle,"Neutron",13032,0.847754,0.259921,0.125671
110,particle,"Neutron",13032,0.847894,0.264553,0.131551
111,particle,"Neutron",13032,0.857418,0.265412,0.128241
112,particle,"Neutron",13032,0.891594,0.281876,0.138458
113,particle,"Neutron",13032,0.8304,0.259318,0.12272
114,particle,"Neutron",13032,0.896211,0.275313,0.128447
115,particle,"Neutron",13032,0.851196,0.265213,0.129833
116,particle,"Neutron",13032,0.849373,0.260667,0.122768
117,particle,"Neutron",13032,0.893899,0.27542,0.132057
118,particle,"Neutron",13032,0.848709,0.261601,0.125105
119,particle,"Neutron",13032,0.846333,0.263012,0.127437
120,particle,"Neutron",13032,0.855091,0.264129,0.126084
121,particle,"Neutron",13032,0.862295,0.263517,0.123519
122,particle,"Neutron",13032,0.846277,0.259279,0.120381
123,particle,"Neutron",13032,0.861583,0.267191,0.124923
124,particle,"Neutron",13032,0.857136,0.264708,0.120708
125,particle,"Neutron",13032,0.852781,0.264063,0.126855
126,particle,"Neutron",13032,0.872739,0.27094,0.127093
127,particle,"Neutron",13032,0.862977,0.263372,0.122952
128,particle,"Neutron",13032,0.851861,0.25834,0.121586
129,particle,"Neutron",13032,0.854698,0.265189,0.125419
130,particle,"Neutron",13032,0.847604,0.259643,0.124398
131,particle,"Neutron",13032,0.860559,0.26518,0.121743
132,particle,"Neutron",13032,0.85303,0.260352,0.120156
133,particle,"Neutron",13032,0.860161,0.261601,0.121772
134,particle,"Neutron",13032,0.849348,0.259576,0.120061
135,particle,"Neutron",13032,0.856375,0.26272,0.122258
136,particle,"Neutron",13032,0.848841,0.259694,0.122736
137,particle,"Neutron",13032,0.854155,0.262649,0.124506
138,particle,"Neutron",13032,0.851924,0.26004,0.123191
139,particle,"Neutron",13032,0.860074,0.26459,0.124454
140,particle,"Neutron",13032,0.866887,0.266697,0.123387
141,particle,"Neutron",13032,0.86472,0.263634,0.124279
142,particle,"Neutron",13032,0.803189,0.252172,0.126306
143,particle,"Neutron",13032,0.837833,0.258573,0.127375
144,particle,"Neutron",13032,0.841313,0.266629,0.129992
145,particle,"Neutron",13032,0.827193,0.25565,0.122391
146,particle,"Neutron",13032,0.846445,0.261706,0.12479
147,particle,"Neutron",13032,0.887229,0.27138,0.12757
148,particle,"Neutron",13032,0.851789,0.261946,0.126725
149,particle,"Neutron",13032,0.86001,0.261106,0.130833
150,particle,"Neutron",13032,0.857352,0.262211,0.121046
151,particle,"Neutron",13032,0.862957,0.267519,0.126476
152,particle,"Neutron",13032,0.88968,0.269725,0.122632
153,particle,"Neutron",13032,0.815444,0.254091,0.123093
154,particle,"Neutron",13032,0.864595,0.265333,0.125072
155,particle,"Neutron",13032,0.853619,0.263013,0.125977
156,particle,"Neutron",13032,0.84579,0.259216,0.123927
157,particle,"Neutron",13032,0.855202,0.259267,0.122287
158,particle,"Neutron",13032,0.847975,0.260329,0.124696
159,particle,"Neutron",13032,0.836687,0.255194,0.121612
160,particle,"Neutron",13032,0.845234,0.254108,0.118344
161,particle,"Neutron",13032,0.864064,0.265587,0.123481
162,particle,"Neutron",13032,0.863341,0.262485,0.122138
163,particle,"Neutron",13032,0.88697,0.275034,0.130961
164,particle,"Neutron",13032,0.886601,0.273755,0.130909
165,particle,"Neutron",13032,0.862829,0.26492,0.122474
166,particle,"Neutron",13032,0.869924,0.266021,0.124751
167,particle,"Neutron",13032,0.874213,0.26711,0.12349
168,particle,"Neutron",13032,0.859298,0.264835,0.125604
169,particle,"Neutron",13032,0.861021,0.263464,0.121909
170,particle,"Neutron",13032,0.860819,0.261638,0.12058
171,particle,"Neutron",13032,0.833093,0.257758,0.124333
172,particle,"Neutron",13032,0.856606,0.259377,0.119738
173,particle,"Neutron",13032,0.842005,0.259923,0.123729
174,particle,"Neutron",13032,0.854753,0.262845,0.122952
175,particle,"Neutron",13032,0.865903,0.263788,0.120787
176,particle,"Neutron",13032,0.85457,0.259295,0.119726
177,particle,"Neutron",13032,0.864299,0.263463,0.12098
178,particle,"Neutron",13032,0.851782,0.261721,0.121971
179,particle,"Neutron",13032,0.868979,0.26386,0.121226
180,particle,"Neutron",13032,0.856603,0.260605,0.119908
181,particle,"Neutron",13032,0.85695,0.25892,0.119213
182,particle,"Neutron",13032,0.871801,0.265008,0.121241
183,particle,"Neutron",13032,0.859535,0.261476,0.1208
184,particle,"Neutron",13032,0.855892,0.260195,0.119185
185,particle,"Neutron",13032,0.868201,0.263408,0.121077
186,particle,"Neutron",13032,0.861661,0.262473,0.120727
187,particle,"Neutron",13032,0.870309,0.265437,0.124838
188,particle,"Neutron",13032,0.894392,0.273867,0.125824
189,particle,"Neutron",13032,0.887965,0.271598,0.125962
190,particle,"Neutron",13032,0.870857,0.265822,0.124266
191,particle,"Neutron",13032,0.881739,0.269698,0.123463
192,particle,"Neutron",13032,0.857776,0.264087,0.124465
193,particle,"Neutron",13032,0.830281,0.25663,0.123252
194,particle,"Neutron",13032,0.857615,0.262554,0.12236
195,particle,"Neutron",13032,0.836574,0.254812,0.118607
196,particle,"Neutron",13032,0.862086,0.265544,0.124341
197,particle,"Neutron",13032,0.82988,0.253664,0.12261
198,particle,"Neutron",13032,0.872939,0.26395,0.121928
199,particle,"Neutron",13032,0.825712,0.252737,0.120411
200,particle,"Neutron",13032,0.854158,0.260681,0.123238
201,particle,"Neutron",13032,0.852981,0.259603,0.121524
202,particle,"Neutron",13032,0.857229,0.261029,0.123687
203,particle,"Neutron",13032,0.852373,0.261032,0.12298
204,particle,"Neutron",13032,0.875993,0.273186,0.129131
205,particle,"Neutron",13032,0.858245,0.258459,0.119589
206,particle,"Neutron",13032,0.821688,0.253438,0.124294
207,particle,"Neutron",13032,0.838086,0.255373,0.11831
208,particle,"Neutron",13032,0.852329,0.260748,0.12084
209,particle,"Neutron",13032,0.870922,0.266315,0.121464
210,particle,"Neutron",13032,0.85192,0.259334,0.119916
211,particle,"Neutron",13032,0.864521,0.26103,0.119004
212,particle,"Neutron",13032,0.84344,0.255711,0.117622
213,particle,"Neutron",13032,0.879893,0.272192,0.123091
214,particle,"Neutron",13032,0.852059,0.259937,0.120269
215,particle,"Neutron",13032,0.853693,0.25994,0.121022
216,particle,"Neutron",13032,0.865103,0.264439,0.124229
217,particle,"Neutron",13032,0.858432,0.263099,0.120496
218,particle,"Neutron",13032,0.866323,0.264002,0.121898
219,particle,"Neutron",13032,0.868799,0.266026,0.122909
220,particle,"Neutron",13032,0.859955,0.262864,0.119271
221,particle,"Neutron",13032,0.85469,0.259328,0.119515
222,particle,"Neutron",13032,0.858379,0.260331,0.122963
223,particle,"Neutron",13032,0.847784,0.258661,0.1233
224,particle,"Neutron",13032,0.859219,0.261875,0.119868
225,particle,"Neutron",13032,0.861233,0.263714,0.120501
226,particle,"Neutron",13032,0.862332,0.261333,0.120159
227,particle,"Neutron",13032,0.837856,0.256525,0.117208
228,particle,"Neutron",13032,0.861413,0.260702,0.119211
229,particle,"Neutron",13032,0.856339,0.25854,0.117446
230,particle,"Neutron",13032,0.850665,0.256189,0.117213
231,particle,"Neutron",13032,0.855945,0.261065,0.120677
232,particle,"Neutron",13032,0.855931,0.259014,0.119985
233,particle,"Neutron",13032,0.860967,0.261459,0.118133
234,particle,"Neutron",13032,0.861081,0.263274,0.119637
235,particle,"Neutron",13032,0.867677,0.263922,0.120086
236,particle,"Neutron",13032,0.871952,0.263971,0.120362
237,particle,"Neutron",13032,0.859844,0.260777,0.118394
238,particle,"Neutron",13032,0.844828,0.257261,0.120444
239,particle,"Neutron",13032,0.849299,0.258514,0.120705
240,particle,"Neutron",13032,0.85554,0.259822,0.120255
241,particle,"Neutron",13032,0.841692,0.256237,0.12204
242,particle,"Neutron",13032,0.865375,0.265049,0.121268
243,particle,"Neutron",13032,0.852732,0.262951,0.120835
244,particle,"Neutron",13032,0.875726,0.266319,0.120559
245,particle,"Neutron",13032,0.860338,0.264395,0.122972
246,particle,"Neutron",13032,0.866353,0.267051,0.125267
247,particle,"Neutron",13032,0.86472,0.264369,0.121971
248,particle,"Neutron",13032,0.851538,0.259677,0.119309
249,particle,"Neutron",13032,0.861105,0.263101,0.120065
250,particle,"Neutron",13032,0.870377,0.265706,0.123551
251,particle,"Neutron",13032,0.865016,0.268895,0.12654
252,particle,"Neutron",13032,0.852395,0.257125,0.117674
253,particle,"Neutron",13032,0.864944,0.261858,0.121485
254,particle,"Neutron",13032,0.847005,0.257235,0.121324
255,particle,"Neutron",13032,0.83008,0.252638,0.123104
256,particle,"Neutron",13032,0.8529,0.259808,0.119867
257,particle,"Neutron",13032,0.875183,0.26524,0.120943
258,particle,"Neutron",13032,0.876753,0.267446,0.123672
259,particle,"Neutron",13032,0.862653,0.263327,0.119554
260,particle,"Neutron",13032,0.845678,0.255805,0.115899
261,particle,"Neutron",13032,0.859566,0.26078,0.11915
262,particle,"Neutron",13032,0.851492,0.257503,0.120045
263,particle,"Neutron",13032,0.875684,0.263514,0.119532
264,particle,"Neutron",13032,0.86397,0.259729,0.118301
265,particle,"Neutron",13032,0.865224,0.264986,0.121252
266,particle,"Neutron",13032,0.868852,0.262208,0.119055
267,particle,"Neutron",13032,0.865448,0.263495,0.122334
268,particle,"Neutron",13032,0.877578,0.263251,0.120769
269,particle,"Neutron",13032,0.861201,0.261574,0.123714
270,particle,"Neutron",13032,0.864734,0.26218,0.12045
271,particle,"Neutron",13032,0.858414,0.260469,0.120436
272,particle,"Neutron",13032,0.864201,0.261106,0.118918
273,particle,"Neutron",13032,0.861571,0.261767,0.120745
274,particle,"Neutron",13032,0.869488,0.263931,0.119311
275,particle,"Neutron",13032,0.865354,0.261573,0.119759
276,particle,"Neutron",13032,0.861225,0.263375,0.119489
277,particle,"Neutron",13032,0.857364,0.258835,0.120297
278,particle,"Neutron",13032,0.864519,0.263993,0.120594
279,particle,"Neutron",13032,0.860821,0.261944,0.118905
280,particle,"Neutron",13032,0.86033,0.25888,0.117776
281,particle,"Neutron",13032,0.858443,0.260197,0.118425
282,particle,"Neutron",13032,0.858982,0.262089,0.120851
283,particle,"Neutron",13032,0.857405,0.262464,0.120779
284,particle,"Neutron",13032,0.866886,0.263983,0.120508
285,particle,"Neutron",13032,0.873266,0.264751,0.119704
286,particle,"Neutron",13032,0.861694,0.261587,0.119809
287,particle,"Neutron",13032,0.86294,0.260833,0.118338
288,particle,"Neutron",13032,0.859528,0.261868,0.120086
289,particle,"Neutron",13032,0.858805,0.260709,0.118452
290,particle,"Neutron",13032,0.849588,0.256422,0.117341
291,particle,"Neutron",13032,0.874037,0.265135,0.12143
292,particle,"Neutron",13032,0.863445,0.260263,0.117256
293,particle,"Neutron",13032,0.869928,0.26354,0.118766
294,particle,"Neutron",13032,0.857344,0.260092,0.118932
295,particle,"Neutron",13032,0.867601,0.26098,0.117379
296,particle,"Neutron",13032,0.871721,0.264657,0.121975
297,particle,"Neutron",13032,0.843897,0.256591,0.120245
298,particle,"Neutron",13032,0.879815,0.265737,0.12025
299,particle,"Neutron",13032,0.883299,0.269198,0.123982
300,particle,"Neutron",13032,0.856912,0.260723,0.119388
301,particle,"Neutron",13032,0.848258,0.259994,0.119483
302,particle,"Neutron",13032,0.861087,0.261179,0.118759
303,particle,"Neutron",13032,0.827084,0.253634,0.126315
304,particle,"Neutron",13032,0.860064,0.261016,0.118042
305,particle,"Neutron",13032,0.855035,0.258076,0.116709
306,particle,"Neutron",13032,0.864776,0.260605,0.118156
307,particle,"Neutron",13032,0.860679,0.259919,0.116016
308,particle,"Neutron",13032,0.83563,0.25368,0.119782
309,particle,"Neutron",13032,0.858956,0.262194,0.120668
310,particle,"Neutron",13032,0.86173,0.262923,0.120072
311,particle,"Neutron",13032,0.848112,0.258911,0.118485
312,particle,"Neutron",13032,0.862705,0.262435,0.118167
313,particle,"Neutron",13032,0.859496,0.260562,0.122192
314,particle,"Neutron",13032,0.846022,0.258213,0.119154
315,particle,"Neutron",13032,0.86091,0.26374,0.122941
316,particle,"Neutron",13032,0.864374,0.261448,0.119002
317,particle,"Neutron",13032,0.856165,0.258402,0.117793
318,particle,"Neutron",13032,0.859024,0.260521,0.119613
319,particle,"Neutron",13032,0.852014,0.25847,0.118631
320,particle,"Neutron",13032,0.87218,0.266218,0.121999
321,particle,"Neutron",13032,0.850165,0.259081,0.118539
322,particle,"Neutron",13032,0.860212,0.260075,0.118002
323,particle,"Neutron",13032,0.863292,0.260537,0.119529
324,particle,"Neutron",13032,0.846003,0.257121,0.117521
325,particle,"Neutron",13032,0.876521,0.263425,0.121087
326,particle,"Neutron",13032,0.860128,0.259984,0.119597
327,particle,"Neutron",13032,0.873936,0.265644,0.120604
328,particle,"Neutron",13032,0.854741,0.258978,0.118946
329,particle,"Neutron",13032,0.861822,0.261612,0.118043
330,particle,"Neutron",13032,0.857496,0.260641,0.118453
331,particle,"Neutron",13032,0.847291,0.259414,0.120547
332,particle,"Neutron",13032,0.861722,0.262765,0.120384
333,particle,"Neutron",13032,0.856629,0.25891,0.118128
334,particle,"Neutron",13032,0.863342,0.262856,0.11986
335,particle,"Neutron",13032,0.855454,0.263149,0.121337
336,particle,"Neutron",13032,0.850191,0.25702,0.117337
337,particle,"Neutron",13032,0.866892,0.262598,0.119632
338,particle,"Neutron",13032,0.867572,0.264739,0.121534
339,particle,"Neutron",13032,0.85512,0.258364,0.119287
340,particle,"Neutron",13032,0.854912,0.258358,0.116667
341,particle,"Neutron",13032,0.86925,0.262998,0.119876
342,particle,"Neutron",13032,0.863812,0.263182,0.119952
343,particle,"Neutron",13032,0.858753,0.25885,0.116621
344,particle,"Neutron",13032,0.866171,0.261957,0.118267
345,particle,"Neutron",13032,0.863259,0.26152,0.119661
346,particle,"Neutron",13032,0.860105,0.259654,0.117732
347,particle,"Neutron",13032,0.861625,0.260919,0.120117
348,particle,"Neutron",13032,0.848293,0.25805,0.12073
349,particle,"Neutron",13032,0.846766,0.258078,0.118787
350,particle,"Neutron",13032,0.862754,0.260663,0.119687
351,particle,"Neutron",13032,0.859816,0.26046,0.119995
352,particle,"Neutron",13032,0.867976,0.263024,0.119469
353,particle,"Neutron",13032,0.858675,0.2603,0.11934
354,particle,"Neutron",13032,0.865364,0.263707,0.120569
355,particle,"Neutron",13032,0.859603,0.261585,0.119278
356,particle,"Neutron",13032,0.858144,0.263052,0.122084
357,particle,"Neutron",13032,0.869709,0.26479,0.12164
358,particle,"Neutron",13032,0.870747,0.262972,0.120349
359,particle,"Neutron",13032,0.846361,0.256685,0.118855
360,particle,"Neutron",13032,0.870975,0.263696,0.11899
361,particle,"Neutron",13032,0.861899,0.263144,0.123138
362,particle,"Neutron",13032,0.868138,0.263693,0.120854
363,particle,"Neutron",13032,0.865891,0.26377,0.118796
364,particle,"Neutron",13032,0.868248,0.2625,0.118611
365,particle,"Neutron",13032,0.860651,0.259599,0.122023
366,particle,"Neutron",13032,0.863237,0.261798,0.121963
367,particle,"Neutron",13032,0.852449,0.257707,0.116349
368,particle,"Neutron",13032,0.848934,0.257521,0.120034
369,particle,"Neutron",13032,0.855733,0.257238,0.117902
370,particle,"Neutron",13032,0.860366,0.261403,0.119387
371,particle,"Neutron",13032,0.870607,0.265207,0.12095
372,particle,"Neutron",13032,0.862261,0.261652,0.119995
373,particle,"Neutron",13032,0.861673,0.26163,0.119344
374,particle,"Neutron",13032,0.84134,0.256451,0.118197
375,particle,"Neutron",13032,0.852882,0.258499,0.11879
376,particle,"Neutron",13032,0.855101,0.26165,0.120154
377,particle,"Neutron",13032,0.856925,0.25962,0.119741
378,particle,"Neutron",13032,0.873069,0.265619,0.119317
379,particle,"Neutron",13032,0.859018,0.257983,0.116331
380,particle,"Neutron",13032,0.876439,0.265217,0.121119
381,particle,"Neutron",13032,0.863352,0.2604,0.118044
382,particle,"Neutron",13032,0.861205,0.258373,0.11963
383,particle,"Neutron",13032,0.864786,0.262705,0.121227
384,particle,"Neutron",13032,0.859539,0.260484,0.117446
385,particle,"Neutron",13032,0.863247,0.260135,0.117281
386,particle,"Neutron",13032,0.870916,0.261426,0.118642
387,particle,"Neutron",13032,0.836784,0.252368,0.118906
388,particle,"Neutron",13032,0.851291,0.256702,0.116556
389,particle,"Neutron",13032,0.855544,0.25834,0.117711
390,particle,"Neutron",13032,0.847997,0.258105,0.117657
391,particle,"Neutron",13032,0.8659,0.262186,0.119643
392,particle,"Neutron",13032,0.865708,0.264401,0.120603
393,particle,"Neutron",13032,0.867879,0.262931,0.118494
394,particle,"Neutron",13032,0.86303,0.262561,0.118194
395,particle,"Neutron",13032,0.867922,0.264104,0.120246
396,particle,"Neutron",13032,0.868864,0.263616,0.119212
397,particle,"Neutron",13032,0.860971,0.261371,0.120005
398,particle,"Neutron",13032,0.856509,0.258679,0.116363
399,particle,"Neutron",13032,0.851107,0.257379,0.119611
400,particle,"Neutron",13032,0.866983,0.261818,0.116583
401,particle,"Neutron",13032,0.861764,0.260142,0.118899
402,particle,"Neutron",13032,0.847143,0.257704,0.117667
403,particle,"Neutron",13032,0.858885,0.259053,0.119541
404,particle,"Neutron",13032,0.87167,0.26461,0.120549
405,particle,"Neutron",13032,0.86423,0.261438,0.11955
406,particle,"Neutron",13032,0.858415,0.259782,0.119208
407,particle,"Neutron",13032,0.859998,0.259883,0.11885
408,particle,"Neutron",13032,0.875589,0.264763,0.119818
409,particle,"Neutron",13032,0.871496,0.263461,0.119621
410,particle,"Neutron",13032,0.865245,0.26351,0.118635
411,particle,"Neutron",13032,0.859775,0.261523,0.118509
412,particle,"Neutron",13032,0.867375,0.263722,0.120168
413,particle,"Neutron",13032,0.857758,0.261347,0.120607
414,particle,"Neutron",13032,0.852001,0.260021,0.120249
415,particle,"Neutron",13032,0.858695,0.261383,0.120171
416,particle,"Neutron",13032,0.864614,0.260984,0.118728
417,particle,"Neutron",13032,0.863032,0.261684,0.120013
418,particle,"Neutron",13032,0.865146,0.260742,0.118506
419,particle,"Neutron",13032,0.85692,0.259877,0.118795
420,particle,"Neutron",13032,0.852015,0.258965,0.119367
421,particle,"Neutron",13032,0.868604,0.263743,0.119975
422,particle,"Neutron",13032,0.850631,0.258456,0.130436
423,particle,"Neutron",13032,0.866695,0.262326,0.117983
424,particle,"Neutron",13032,0.860149,0.261319,0.119915
425,particle,"Neutron",13032,0.858496,0.260156,0.118421
426,particle,"Neutron",13032,0.868932,0.262898,0.117605
427,particle,"Neutron",13032,0.868009,0.262199,0.118511
428,particle,"Neutron",13032,0.858358,0.262908,0.11998
429,particle,"Neutron",13032,0.857311,0.258577,0.117891
430,particle,"Neutron",13032,0.859066,0.259655,0.11893
431,particle,"Neutron",13032,0.866643,0.261298,0.119157
432,particle,"Neutron",13032,0.859086,0.261611,0.120181
433,particle,"Neutron",13032,0.860423,0.259387,0.117166
434,particle,"Neutron",13032,0.866528,0.261726,0.119908
435,particle,"Neutron",13032,0.859331,0.259287,0.116387
436,particle,"Neutron",13032,0.875175,0.266179,0.123288
437,particle,"Neutron",13032,0.862023,0.260213,0.119351
438,particle,"Neutron",13032,0.862889,0.262484,0.119033
439,particle,"Neutron",13032,0.872294,0.263221,0.120439
440,particle,"Neutron",13032,0.856231,0.258116,0.118959
441,particle,"Neutron",13032,0.855272,0.258831,0.120002
442,particle,"Neutron",13032,0.872319,0.262305,0.117544
443,particle,"Neutron",13032,0.861215,0.261699,0.120106
444,particle,"Neutron",13032,0.869651,0.262607,0.12015
445,particle,"Neutron",13032,0.859742,0.260187,0.119798
446,particle,"Neutron",13032,0.855319,0.258922,0.120778
447,particle,"Neutron",13032,0.878574,0.265258,0.118444
448,particle,"Neutron",13032,0.855159,0.259672,0.11885
449,particle,"Neutron",13032,0.871007,0.263867,0.120689
450,particle,"Neutron",13032,0.863175,0.263184,0.120347
451,particle,"Neutron",13032,0.85462,0.260558,0.121111
452,particle,"Neutron",13032,0.870506,0.263732,0.121071
453,particle,"Neutron",13032,0.873858,0.263678,0.119419
454,particle,"Neutron",13032,0.861029,0.260941,0.118381
455,particle,"Neutron",13032,0.863036,0.260279,0.118869
456,particle,"Neutron",13032,0.864214,0.260596,0.11804
457,particle,"Neutron",13032,0.861402,0.260781,0.121109
458,particle,"Neutron",13032,0.855685,0.258643,0.118869
459,particle,"Neutron",13032,0.858798,0.26049,0.120683
460,particle,"Neutron",13032,0.854959,0.261134,0.121291
461,particle,"Neutron",13032,0.868694,0.262928,0.120125
462,particle,"Neutron",13032,0.852436,0.258056,0.118834
463,particle,"Neutron",13032,0.867527,0.261287,0.120139
464,particle,"Neutron",13032,0.86647,0.261496,0.119744
465,particle,"Neutron",13032,0.861873,0.261943,0.120874
466,particle,"Neutron",13032,0.849655,0.257117,0.118712
467,particle,"Neutron",13032,0.856373,0.260556,0.121195
468,particle,"Neutron",13032,0.865517,0.262405,0.119829
469,particle,"Neutron",13032,0.867959,0.261801,0.118967
470,particle,"Neutron",13032,0.864665,0.260954,0.118794
471,particle,"Neutron",13032,0.863765,0.262944,0.120637
472,particle,"Neutron",13032,0.861144,0.260812,0.120286
473,particle,"Neutron",13032,0.863917,0.261188,0.118622
474,particle,"Neutron",13032,0.866275,0.263817,0.120866
475,particle,"Neutron",13032,0.853707,0.258944,0.119313
476,particle,"Neutron",13032,0.858104,0.261425,0.120657
477,particle,"Neutron",13032,0.846953,0.259159,0.118859
478,particle,"Neutron",13032,0.862786,0.262286,0.120726
479,particle,"Neutron",13032,0.856103,0.259045,0.11938
480,particle,"Neutron",13032,0.861377,0.261662,0.120111
481,particle,"Neutron",13032,0.861887,0.260224,0.11906
482,particle,"Neutron",13032,0.864071,0.261934,0.119785
483,particle,"Neutron",13032,0.862098,0.262628,0.124061
484,particle,"Neutron",13032,0.856484,0.260189,0.119895
485,particle,"Neutron",13032,0.868594,0.263819,0.121959
486,particle,"Neutron",13032,0.858429,0.261501,0.120622
487,particle,"Neutron",13032,0.857566,0.262022,0.119273
488,particle,"Neutron",13032,0.858096,0.261021,0.121472
489,particle,"Neutron",13032,0.857995,0.260709,0.119032
490,particle,"Neutron",13032,0.870049,0.264504,0.118674
491,particle,"Neutron",13032,0.868309,0.26185,0.118851
492,particle,"Neutron",13032,0.865841,0.262004,0.120544
493,particle,"Neutron",13032,0.861484,0.261489,0.119689
494,particle,"Neutron",13032,0.867447,0.262461,0.120075
495,particle,"Neutron",13032,0.860367,0.2615,0.120695
496,particle,"Neutron",13032,0.861568,0.26068,0.119471
497,particle,"Neutron",13032,0.863966,0.262805,0.120173
498,particle,"Neutron",13032,0.868062,0.26387,0.121347
499,particle,"Neutron",13032,0.864983,0.261441,0.120525
0,particle,"K0",11955,2.26605,1.940966,1.169726
1,particle,"K0",11955,2.524943,1.680763,1.110943
2,particle,"K0",11955,0.710776,0.157682,0.092219
3,particle,"K0",11955,0.845034,0.183401,0.094714
4,particle,"K0",11955,0.988815,0.211013,0.109788
5,particle,"K0",11955,0.873841,0.196164,0.102338
6,particle,"K0",11955,0.915045,0.191977,0.096487
7,particle,"K0",11955,0.941253,0.208086,0.108178
8,particle,"K0",11955,0.917559,0.197899,0.098963
9,particle,"K0",11955,0.921881,0.194841,0.092565
10,particle,"K0",11955,0.964288,0.200532,0.098433
11,particle,"K0",11955,0.93434,0.206603,0.095961
12,particle,"K0",11955,1.013311,0.212606,0.10413
13,particle,"K0",11955,0.965669,0.204445,0.104231
14,particle,"K0",11955,0.873075,0.184603,0.092215
15,particle,"K0",11955,0.874301,0.180343,0.087484
16,particle,"K0",11955,0.983266,0.206122,0.098684
17,particle,"K0",11955,0.925003,0.194238,0.095003
18,particle,"K0",11955,0.97092,0.20351,0.101452
19,particle,"K0",11955,0.938517,0.192756,0.09263
20,particle,"K0",11955,0.944757,0.198382,0.096124
21,particle,"K0",11955,0.947225,0.199119,0.098045
22,particle,"K0",11955,0.967275,0.201725,0.095175
23,particle,"K0",11955,0.957686,0.195566,0.091681
24,particle,"K0",11955,0.937406,0.193803,0.092917
25,particle,"K0",11955,0.943072,0.195526,0.092301
26,particle,"K0",11955,0.932461,0.197927,0.097785
27,particle,"K0",11955,0.948454,0.196128,0.093152
28,particle,"K0",11955,0.951752,0.199355,0.097144
29,particle,"K0",11955,0.935823,0.195731,0.094408
30,particle,"K0",11955,0.929302,0.192779,0.094057
31,particle,"K0",11955,0.866924,0.187263,0.093306
32,particle,"K0",11955,0.915027,0.194837,0.098771
33,particle,"K0",11955,0.915052,0.196676,0.098219
34,particle,"K0",11955,0.900186,0.191312,0.096318
35,particle,"K0",11955,0.966031,0.202368,0.097835
36,particle,"K0",11955,0.965552,0.20566,0.101776
37,particle,"K0",11955,1.090992,0.313686,0.120824
38,particle,"K0",11955,1.014045,0.21188,0.100526
39,particle,"K0",11955,0.932261,0.196626,0.096524
40,particle,"K0",11955,0.998274,0.216637,0.106302
41,particle,"K0",11955,0.912323,0.188603,0.089516
42,particle,"K0",11955,0.976724,0.209773,0.102088
43,particle,"K0",11955,0.902718,0.188683,0.096045
44,particle,"K0",11955,0.957208,0.197754,0.094699
45,particle,"K0",11955,0.951385,0.200312,0.095416
46,particle,"K0",11955,0.898236,0.182465,0.08887
47,particle,"K0",11955,0.923532,0.190228,0.092546
48,particle,"K0",11955,0.89758,0.194104,0.100774
49,particle,"K0",11955,0.936727,0.19493,0.094018
50,particle,"K0",11955,0.972362,0.203485,0.102092
51,particle,"K0",11955,1.01923,0.205072,0.095749
52,particle,"K0",11955,0.958569,0.194551,0.092171
53,particle,"K0",11955,0.963253,0.197226,0.096272
54,particle,"K0",11955,0.970002,0.196706,0.092234
55,particle,"K0",11955,0.95531,0.197004,0.093527
56,particle,"K0",11955,0.949122,0.195784,0.09453
57,particle,"K0",11955,0.963881,0.197056,0.09448
58,particle,"K0",11955,0.948758,0.197432,0.095593
59,particle,"K0",11955,0.949933,0.193237,0.090959
60,particle,"K0",11955,0.953177,0.194507,0.092106
61,particle,"K0",11955,0.942146,0.193597,0.092992
62,particle,"K0",11955,0.971797,0.198035,0.093527
63,particle,"K0",11955,0.852895,0.175802,0.086105
64,particle,"K0",11955,0.994485,0.210244,0.101114
65,particle,"K0",11955,1.010326,0.209602,0.101186
66,particle,"K0",11955,0.974174,0.217551,0.091874
67,particle,"K0",11955,0.955286,0.204559,0.103996
68,particle,"K0",11955,0.849135,0.173308,0.083345
69,particle,"K0",11955,0.982173,0.214163,0.105947
70,particle,"K0",11955,0.936803,0.196507,0.099004
71,particle,"K0",11955,0.975025,0.206612,0.102958
72,particle,"K0",11955,0.908655,0.187013,0.093089
73,particle,"K0",11955,0.956677,0.201016,0.096442
74,particle,"K0",11955,0.959201,0.194502,0.092706
75,particle,"K0",11955,1.00804,0.206768,0.100703
76,particle,"K0",11955,0.937961,0.195672,0.092216
77,particle,"K0",11955,0.933414,0.194264,0.091023
78,particle,"K0",11955,1.043262,0.226411,0.106634
79,particle,"K0",11955,0.940182,0.188655,0.08852
80,particle,"K0",11955,0.936948,0.195451,0.094412
81,particle,"K0",11955,0.999777,0.208401,0.099257
82,particle,"K0",11955,0.979202,0.204681,0.09439
83,particle,"K0",11955,0.984326,0.202977,0.097075
84,particle,"K0",11955,0.981865,0.197505,0.091982
85,particle,"K0",11955,0.949693,0.193523,0.093641
86,particle,"K0",11955,0.979186,0.199487,0.09047
87,particle,"K0",11955,0.952206,0.193922,0.092277
88,particle,"K0",11955,0.938725,0.193155,0.093083
89,particle,"K0",11955,0.975076,0.198914,0.094651
90,particle,"K0",11955,0.991183,0.202121,0.095523
91,particle,"K0",11955,0.981388,0.198946,0.093069
92,particle,"K0",11955,0.978032,0.194676,0.091836
93,particle,"K0",11955,0.959041,0.190632,0.089156
94,particle,"K0",11955,0.95938,0.19355,0.091247
95,particle,"K0",11955,0.963286,0.196843,0.092584
96,particle,"K0",11955,0.964892,0.196411,0.094182
97,particle,"K0",11955,0.97718,0.197953,0.095004
98,particle,"K0",11955,0.962301,0.194301,0.090262
99,particle,"K0",11955,0.965516,0.1943,0.090459
100,particle,"K0",11955,0.97459,0.202198,0.097057
101,particle,"K0",11955,0.955394,0.195951,0.09342
102,particle,"K0",11955,1.004339,0.202519,0.095642
103,particle,"K0",11955,1.020765,0.201007,0.095433
104,particle,"K0",11955,0.951791,0.198342,0.094468
105,particle,"K0",11955,1.143799,0.261397,0.150897
106,particle,"K0",11955,0.975459,0.198699,0.093688
107,particle,"K0",11955,1.071614,0.232647,0.123776
108,particle,"K0",11955,1.00309,0.202467,0.095964
109,particle,"K0",11955,0.953812,0.195506,0.098729
110,particle,"K0",11955,0.954216,0.191133,0.092859
111,particle,"K0",11955,0.969616,0.195864,0.091598
112,particle,"K0",11955,1.008281,0.211754,0.101838
113,particle,"K0",11955,0.935373,0.190755,0.093375
114,particle,"K0",11955,1.010748,0.20543,0.096692
115,particle,"K0",11955,0.961353,0.20076,0.098611
116,particle,"K0",11955,0.956793,0.192724,0.090112
117,particle,"K0",11955,1.006633,0.20173,0.095718
118,particle,"K0",11955,0.955741,0.191253,0.089331
119,particle,"K0",11955,0.955913,0.193304,0.090657
120,particle,"K0",11955,0.962279,0.19045,0.091838
121,particle,"K0",11955,0.967327,0.197857,0.096498
122,particle,"K0",11955,0.953799,0.194236,0.090931
123,particle,"K0",11955,0.970088,0.195399,0.09217
124,particle,"K0",11955,0.966724,0.18992,0.085822
125,particle,"K0",11955,0.959266,0.190641,0.091181
126,particle,"K0",11955,0.983017,0.196787,0.090417
127,particle,"K0",11955,0.96814,0.199033,0.094666
128,particle,"K0",11955,0.957529,0.189187,0.088693
129,particle,"K0",11955,0.964553,0.194573,0.091641
130,particle,"K0",11955,0.950312,0.192089,0.0935
131,particle,"K0",11955,0.967588,0.193875,0.090044
132,particle,"K0",11955,0.958581,0.190088,0.088885
133,particle,"K0",11955,0.968048,0.193185,0.091261
134,particle,"K0",11955,0.95498,0.187464,0.086793
135,particle,"K0",11955,0.964342,0.189878,0.08684
136,particle,"K0",11955,0.954298,0.190526,0.089387
137,particle,"K0",11955,0.959672,0.193172,0.092394
138,particle,"K0",11955,0.955953,0.192629,0.092498
139,particle,"K0",11955,0.967781,0.195172,0.092665
140,particle,"K0",11955,0.976118,0.192597,0.089563
141,particle,"K0",11955,0.970646,0.194551,0.093275
142,particle,"K0",11955,0.902212,0.177637,0.084328
143,particle,"K0",11955,0.943023,0.187948,0.090418
144,particle,"K0",11955,0.947895,0.195935,0.093241
145,particle,"K0",11955,0.92837,0.181412,0.086219
146,particle,"K0",11955,0.952101,0.198277,0.09752
147,particle,"K0",11955,0.997812,0.20538,0.098035
148,particle,"K0",11955,0.957546,0.190492,0.090148
149,particle,"K0",11955,0.966028,0.202947,0.106371
150,particle,"K0",11955,0.96713,0.192167,0.089186
151,particle,"K0",11955,0.974364,0.195701,0.088231
152,particle,"K0",11955,0.997973,0.196907,0.08966
153,particle,"K0",11955,0.914161,0.187051,0.089715
154,particle,"K0",11955,0.973528,0.195279,0.090896
155,particle,"K0",11955,0.960899,0.190675,0.089155
156,particle,"K0",11955,0.950918,0.185917,0.085905
157,particle,"K0",11955,0.961219,0.190792,0.091092
158,particle,"K0",11955,0.952308,0.190203,0.091088
159,particle,"K0",11955,0.939031,0.194955,0.093458
160,particle,"K0",11955,0.945619,0.185401,0.086786
161,particle,"K0",11955,0.972203,0.194492,0.088934
162,particle,"K0",11955,0.970694,0.190091,0.086618
163,particle,"K0",11955,0.998047,0.202297,0.095925
164,particle,"K0",11955,0.998236,0.202884,0.097123
165,particle,"K0",11955,0.968674,0.19302,0.090458
166,particle,"K0",11955,0.980302,0.196392,0.091848
167,particle,"K0",11955,0.980824,0.196649,0.093921
168,particle,"K0",11955,0.967555,0.193878,0.089629
169,particle,"K0",11955,0.965647,0.193132,0.091436
170,particle,"K0",11955,0.968611,0.190992,0.087079
171,particle,"K0",11955,0.937128,0.198911,0.10107
172,particle,"K0",11955,0.959934,0.189493,0.088836
173,particle,"K0",11955,0.947474,0.192906,0.089574
174,particle,"K0",11955,0.959324,0.193635,0.091131
175,particle,"K0",11955,0.972417,0.192936,0.088285
176,particle,"K0",11955,0.958548,0.19202,0.091513
177,particle,"K0",11955,0.969654,0.194686,0.091415
178,particle,"K0",11955,0.952721,0.189279,0.090783
179,particle,"K0",11955,0.975376,0.190889,0.088412
180,particle,"K0",11955,0.961296,0.191336,0.090305
181,particle,"K0",11955,0.961372,0.191018,0.090329
182,particle,"K0",11955,0.977871,0.195455,0.092248
183,particle,"K0",11955,0.964812,0.191311,0.089224
184,particle,"K0",11955,0.960339,0.190212,0.088815
185,particle,"K0",11955,0.974428,0.191156,0.087408
186,particle,"K0",11955,0.966463,0.191246,0.088656
187,particle,"K0",11955,0.978063,0.194744,0.090087
188,particle,"K0",11955,1.006186,0.202374,0.093627
189,particle,"K0",11955,1.000705,0.195325,0.090089
190,particle,"K0",11955,0.97915,0.198682,0.095454
191,particle,"K0",11955,0.992204,0.20095,0.091471
192,particle,"K0",11955,0.965464,0.188913,0.087783
193,particle,"K0",11955,0.931907,0.184839,0.088044
194,particle,"K0",11955,0.964002,0.190136,0.089152
195,particle,"K0",11955,0.936818,0.184804,0.088455
196,particle,"K0",11955,0.970316,0.191541,0.087964
197,particle,"K0",11955,0.930377,0.193307,0.099334
198,particle,"K0",11955,0.979524,0.197447,0.094229
199,particle,"K0",11955,0.928307,0.183167,0.085733
200,particle,"K0",11955,0.957887,0.192649,0.09364
201,particle,"K0",11955,0.958424,0.192979,0.092459
202,particle,"K0",11955,0.964208,0.193498,0.091552
203,particle,"K0",11955,0.95761,0.191168,0.09169
204,particle,"K0",11955,0.984603,0.19493,0.088925
205,particle,"K0",11955,0.963719,0.189447,0.087436
206,particle,"K0",11955,0.92148,0.18593,0.093284
207,particle,"K0",11955,0.939019,0.190016,0.090202
208,particle,"K0",11955,0.955943,0.189301,0.087649
209,particle,"K0",11955,0.979319,0.196559,0.089883
210,particle,"K0",11955,0.953842,0.196451,0.096011
211,particle,"K0",11955,0.970773,0.189978,0.087935
212,particle,"K0",11955,0.945561,0.183063,0.085885
213,particle,"K0",11955,0.989466,0.194774,0.088485
214,particle,"K0",11955,0.95673,0.189526,0.087621
215,particle,"K0",11955,0.958485,0.193546,0.091964
216,particle,"K0",11955,0.972945,0.193335,0.089987
217,particle,"K0",11955,0.965467,0.188599,0.086391
218,particle,"K0",11955,0.972602,0.189375,0.087845
219,particle,"K0",11955,0.97628,0.191725,0.087899
220,particle,"K0",11955,0.967215,0.192464,0.088631
221,particle,"K0",11955,0.958428,0.191643,0.090888
222,particle,"K0",11955,0.960881,0.192356,0.091187
223,particle,"K0",11955,0.953799,0.194159,0.09281
224,particle,"K0",11955,0.965872,0.190919,0.087623
225,particle,"K0",11955,0.967926,0.189944,0.087245
226,particle,"K0",11955,0.968937,0.190924,0.087507
227,particle,"K0",11955,0.940512,0.188206,0.089707
228,particle,"K0",11955,0.96584,0.19202,0.088468
229,particle,"K0",11955,0.960399,0.19149,0.089892
230,particle,"K0",11955,0.952936,0.191986,0.092319
231,particle,"K0",11955,0.96284,0.190684,0.086949
232,particle,"K0",11955,0.961403,0.194951,0.09215
233,particle,"K0",11955,0.965942,0.191392,0.088118
234,particle,"K0",11955,0.96659,0.19154,0.088522
235,particle,"K0",11955,0.974887,0.192811,0.087572
236,particle,"K0",11955,0.979195,0.193566,0.088252
237,particle,"K0",11955,0.964659,0.191306,0.08805
238,particle,"K0",11955,0.947648,0.18688,0.08739
239,particle,"K0",11955,0.949892,0.192973,0.092484
240,particle,"K0",11955,0.95667,0.188204,0.087182
241,particle,"K0",11955,0.942821,0.195996,0.097069
242,particle,"K0",11955,0.973791,0.197054,0.092573
243,particle,"K0",11955,0.953383,0.189407,0.089155
244,particle,"K0",11955,0.979616,0.195325,0.089379
245,particle,"K0",11955,0.966056,0.193416,0.090822
246,particle,"K0",11955,0.975067,0.194972,0.089039
247,particle,"K0",11955,0.970789,0.1942,0.088195
248,particle,"K0",11955,0.95717,0.191381,0.087978
249,particle,"K0",11955,0.968455,0.196225,0.091723
250,particle,"K0",11955,0.978454,0.195145,0.091295
251,particle,"K0",11955,0.97706,0.199991,0.092363
252,particle,"K0",11955,0.958229,0.1885,0.087522
253,particle,"K0",11955,0.968059,0.193531,0.092509
254,particle,"K0",11955,0.949747,0.19024,0.090841
255,particle,"K0",11955,0.931474,0.192692,0.098432
256,particle,"K0",11955,0.957432,0.192641,0.091538
257,particle,"K0",11955,0.98221,0.198062,0.093054
258,particle,"K0",11955,0.984272,0.200037,0.091685
259,particle,"K0",11955,0.968201,0.190463,0.088053
260,particle,"K0",11955,0.948675,0.18716,0.087211
261,particle,"K0",11955,0.962417,0.188083,0.086414
262,particle,"K0",11955,0.954768,0.193021,0.09186
263,particle,"K0",11955,0.983058,0.191601,0.087489
264,particle,"K0",11955,0.970608,0.192218,0.090561
265,particle,"K0",11955,0.972913,0.194579,0.089343
266,particle,"K0",11955,0.975181,0.192806,0.086452
267,particle,"K0",11955,0.971855,0.193888,0.090134
268,particle,"K0",11955,0.983923,0.195597,0.092235
269,particle,"K0",11955,0.967422,0.199108,0.095667
270,particle,"K0",11955,0.970634,0.195167,0.091715
271,particle,"K0",11955,0.963,0.192879,0.090602
272,particle,"K0",11955,0.968621,0.189771,0.085834
273,particle,"K0",11955,0.968944,0.193387,0.088334
274,particle,"K0",11955,0.977042,0.194121,0.088062
275,particle,"K0",11955,0.970746,0.189601,0.086838
276,particle,"K0",11955,0.969784,0.19369,0.088269
277,particle,"K0",11955,0.962168,0.194049,0.092809
278,particle,"K0",11955,0.97136,0.190253,0.085724
279,particle,"K0",11955,0.965646,0.190533,0.086333
280,particle,"K0",11955,0.965581,0.192406,0.090598
281,particle,"K0",11955,0.961592,0.191635,0.090025
282,particle,"K0",11955,0.964511,0.190662,0.087317
283,particle,"K0",11955,0.961055,0.192068,0.090551
284,particle,"K0",11955,0.974449,0.191912,0.086648
285,particle,"K0",11955,0.981042,0.191871,0.086589
286,particle,"K0",11955,0.96572,0.190487,0.087907
287,particle,"K0",11955,0.967837,0.190708,0.088513
288,particle,"K0",11955,0.964787,0.194963,0.091546
289,particle,"K0",11955,0.96231,0.191184,0.088633
290,particle,"K0",11955,0.950924,0.189981,0.092264
291,particle,"K0",11955,0.98181,0.195134,0.089243
292,particle,"K0",11955,0.968955,0.190893,0.088067
293,particle,"K0",11955,0.977176,0.192488,0.087508
294,particle,"K0",11955,0.961037,0.193075,0.091656
295,particle,"K0",11955,0.973314,0.193055,0.091174
296,particle,"K0",11955,0.979046,0.192282,0.088548
297,particle,"K0",11955,0.946016,0.185956,0.085716
298,particle,"K0",11955,0.986816,0.195234,0.09019
299,particle,"K0",11955,0.992802,0.202167,0.095919
300,particle,"K0",11955,0.963319,0.190041,0.087633
301,particle,"K0",11955,0.951469,0.186801,0.084617
302,particle,"K0",11955,0.966321,0.190359,0.087015
303,particle,"K0",11955,0.930106,0.191869,0.097895
304,particle,"K0",11955,0.966233,0.192565,0.088861
305,particle,"K0",11955,0.957644,0.186921,0.085691
306,particle,"K0",11955,0.970265,0.19199,0.087222
307,particle,"K0",11955,0.966186,0.189556,0.085522
308,particle,"K0",11955,0.938129,0.189146,0.089199
309,particle,"K0",11955,0.963832,0.191486,0.087575
310,particle,"K0",11955,0.967691,0.194163,0.087907
311,particle,"K0",11955,0.953414,0.187668,0.084294
312,particle,"K0",11955,0.970771,0.190397,0.086724
313,particle,"K0",11955,0.965071,0.19161,0.089986
314,particle,"K0",11955,0.950312,0.189819,0.087594
315,particle,"K0",11955,0.966614,0.192442,0.091281
316,particle,"K0",11955,0.969501,0.189318,0.0862
317,particle,"K0",11955,0.961355,0.191802,0.089414
318,particle,"K0",11955,0.964131,0.189469,0.088375
319,particle,"K0",11955,0.955189,0.191988,0.091181
320,particle,"K0",11955,0.979127,0.199072,0.09259
321,particle,"K0",11955,0.953376,0.192983,0.091257
322,particle,"K0",11955,0.964236,0.191958,0.088503
323,particle,"K0",11955,0.968006,0.192063,0.089941
324,particle,"K0",11955,0.949599,0.184113,0.08594
325,particle,"K0",11955,0.983136,0.194829,0.08991
326,particle,"K0",11955,0.965886,0.18658,0.083744
327,particle,"K0",11955,0.97914,0.193697,0.089838
328,particle,"K0",11955,0.959079,0.190151,0.089417
329,particle,"K0",11955,0.967662,0.191306,0.088873
330,particle,"K0",11955,0.963242,0.192316,0.089107
331,particle,"K0",11955,0.950626,0.194722,0.092993
332,particle,"K0",11955,0.967214,0.192761,0.088634
333,particle,"K0",11955,0.959004,0.190503,0.089584
334,particle,"K0",11955,0.969763,0.192782,0.088996
335,particle,"K0",11955,0.96081,0.194462,0.090869
336,particle,"K0",11955,0.952294,0.189732,0.08939
337,particle,"K0",11955,0.970195,0.191264,0.088768
338,particle,"K0",11955,0.974537,0.191003,0.08626
339,particle,"K0",11955,0.957972,0.190019,0.089034
340,particle,"K0",11955,0.957703,0.18935,0.088734
341,particle,"K0",11955,0.973965,0.192946,0.090127
342,particle,"K0",11955,0.97049,0.191685,0.087613
343,particle,"K0",11955,0.962109,0.187936,0.086804
344,particle,"K0",11955,0.970892,0.192624,0.089748
345,particle,"K0",11955,0.967776,0.190212,0.087413
346,particle,"K0",11955,0.96422,0.190117,0.087917
347,particle,"K0",11955,0.965852,0.191877,0.089608
348,particle,"K0",11955,0.950647,0.195551,0.095004
349,particle,"K0",11955,0.949213,0.189326,0.089873
350,particle,"K0",11955,0.967262,0.192285,0.089432
351,particle,"K0",11955,0.964704,0.192607,0.090441
352,particle,"K0",11955,0.973493,0.192073,0.088495
353,particle,"K0",11955,0.964168,0.192651,0.090219
354,particle,"K0",11955,0.972512,0.193001,0.087827
355,particle,"K0",11955,0.966145,0.193646,0.090106
356,particle,"K0",11955,0.964647,0.196107,0.091641
357,particle,"K0",11955,0.976809,0.19413,0.088569
358,particle,"K0",11955,0.977915,0.196016,0.089795
359,particle,"K0",11955,0.949581,0.187561,0.087676
360,particle,"K0",11955,0.978399,0.194875,0.089645
361,particle,"K0",11955,0.969148,0.198388,0.09517
362,particle,"K0",11955,0.972794,0.191385,0.088926
363,particle,"K0",11955,0.972559,0.194543,0.08956
364,particle,"K0",11955,0.972714,0.18935,0.088142
365,particle,"K0",11955,0.965004,0.20133,0.098269
366,particle,"K0",11955,0.967823,0.190968,0.089835
367,particle,"K0",11955,0.955544,0.187648,0.085749
368,particle,"K0",11955,0.950965,0.190409,0.091155
369,particle,"K0",11955,0.959434,0.191834,0.089266
370,particle,"K0",11955,0.967192,0.192943,0.088141
371,particle,"K0",11955,0.976742,0.193123,0.090186
372,particle,"K0",11955,0.968852,0.18884,0.085886
373,particle,"K0",11955,0.96594,0.190438,0.088487
374,particle,"K0",11955,0.941932,0.193988,0.092431
375,particle,"K0",11955,0.957684,0.188862,0.086599
376,particle,"K0",11955,0.961427,0.189708,0.085899
377,particle,"K0",11955,0.961755,0.193424,0.09009
378,particle,"K0",11955,0.97879,0.192812,0.089453
379,particle,"K0",11955,0.961758,0.19102,0.090614
380,particle,"K0",11955,0.983436,0.196664,0.091383
381,particle,"K0",11955,0.967342,0.192779,0.089877
382,particle,"K0",11955,0.965794,0.191269,0.08823
383,particle,"K0",11955,0.972158,0.193216,0.087806
384,particle,"K0",11955,0.963013,0.192661,0.091102
385,particle,"K0",11955,0.967832,0.187781,0.085827
386,particle,"K0",11955,0.976767,0.194771,0.089583
387,particle,"K0",11955,0.93621,0.193568,0.096188
388,particle,"K0",11955,0.953525,0.189773,0.090481
389,particle,"K0",11955,0.959006,0.191303,0.089199
390,particle,"K0",11955,0.948852,0.18846,0.089145
391,particle,"K0",11955,0.970285,0.193727,0.089629
392,particle,"K0",11955,0.971826,0.19577,0.091896
393,particle,"K0",11955,0.974713,0.188101,0.085079
394,particle,"K0",11955,0.969422,0.191047,0.085776
395,particle,"K0",11955,0.974951,0.1964,0.090987
396,particle,"K0",11955,0.975941,0.193634,0.088202
397,particle,"K0",11955,0.966603,0.191339,0.088654
398,particle,"K0",11955,0.958787,0.188,0.087758
399,particle,"K0",11955,0.954115,0.195717,0.095239
400,particle,"K0",11955,0.972343,0.188749,0.085228
401,particle,"K0",11955,0.965896,0.19014,0.087964
402,particle,"K0",11955,0.950839,0.192963,0.090906
403,particle,"K0",11955,0.961748,0.193844,0.092959
404,particle,"K0",11955,0.977772,0.195886,0.090537
405,particle,"K0",11955,0.969031,0.195172,0.091165
406,particle,"K0",11955,0.962083,0.194161,0.090924
407,particle,"K0",11955,0.966532,0.191172,0.086998
408,particle,"K0",11955,0.982556,0.192903,0.087543
409,particle,"K0",11955,0.976365,0.191629,0.089101
410,particle,"K0",11955,0.970777,0.19215,0.088773
411,particle,"K0",11955,0.963159,0.189486,0.087784
412,particle,"K0",11955,0.974006,0.190564,0.086403
413,particle,"K0",11955,0.96279,0.193841,0.091188
414,particle,"K0",11955,0.955161,0.192183,0.091337
415,particle,"K0",11955,0.964671,0.193062,0.089009
416,particle,"K0",11955,0.97053,0.19424,0.09041
417,particle,"K0",11955,0.968445,0.194864,0.090754
418,particle,"K0",11955,0.969824,0.191682,0.088999
419,particle,"K0",11955,0.960101,0.190725,0.089757
420,particle,"K0",11955,0.953755,0.194056,0.093718
421,particle,"K0",11955,0.974033,0.191403,0.087866
422,particle,"K0",11955,0.953686,0.206149,0.104868
423,particle,"K0",11955,0.972148,0.191936,0.088821
424,particle,"K0",11955,0.965377,0.19296,0.089826
425,particle,"K0",11955,0.961819,0.190636,0.088713
426,particle,"K0",11955,0.97492,0.19251,0.087786
427,particle,"K0",11955,0.973886,0.190641,0.086725
428,particle,"K0",11955,0.964189,0.191517,0.088972
429,particle,"K0",11955,0.960048,0.19152,0.089497
430,particle,"K0",11955,0.962277,0.189548,0.089003
431,particle,"K0",11955,0.969697,0.195441,0.094201
432,particle,"K0",11955,0.963464,0.195779,0.09133
433,particle,"K0",11955,0.965773,0.191083,0.086772
434,particle,"K0",11955,0.972931,0.195052,0.090889
435,particle,"K0",11955,0.963672,0.188864,0.085548
436,particle,"K0",11955,0.983152,0.195498,0.08949
437,particle,"K0",11955,0.967344,0.195626,0.090917
438,particle,"K0",11955,0.968778,0.190876,0.086305
439,particle,"K0",11955,0.979087,0.19326,0.087375
440,particle,"K0",11955,0.959309,0.193453,0.090079
441,particle,"K0",11955,0.95674,0.19424,0.093886
442,particle,"K0",11955,0.977652,0.191096,0.087127
443,particle,"K0",11955,0.965761,0.189991,0.089137
444,particle,"K0",11955,0.975167,0.19401,0.090476
445,particle,"K0",11955,0.963046,0.194574,0.091542
446,particle,"K0",11955,0.958543,0.189909,0.089117
447,particle,"K0",11955,0.986201,0.1939,0.087929
448,particle,"K0",11955,0.959105,0.189947,0.088269
449,particle,"K0",11955,0.977704,0.192292,0.08925
450,particle,"K0",11955,0.968635,0.191266,0.087903
451,particle,"K0",11955,0.957421,0.19089,0.091602
452,particle,"K0",11955,0.976268,0.19464,0.090311
453,particle,"K0",11955,0.980673,0.194114,0.088312
454,particle,"K0",11955,0.964619,0.190438,0.089143
455,particle,"K0",11955,0.965945,0.19207,0.088689
456,particle,"K0",11955,0.97054,0.188723,0.085483
457,particle,"K0",11955,0.965523,0.194649,0.091451
458,particle,"K0",11955,0.960475,0.191298,0.087914
459,particle,"K0",11955,0.963687,0.193618,0.090746
460,particle,"K0",11955,0.960607,0.192118,0.088965
461,particle,"K0",11955,0.974275,0.192168,0.088813
462,particle,"K0",11955,0.955499,0.191057,0.089569
463,particle,"K0",11955,0.971519,0.189643,0.087814
464,particle,"K0",11955,0.973208,0.191251,0.086366
465,particle,"K0",11955,0.968599,0.19228,0.087528
466,particle,"K0",11955,0.949479,0.19033,0.093044
467,particle,"K0",11955,0.964378,0.194533,0.090457
468,particle,"K0",11955,0.970575,0.192905,0.08945
469,particle,"K0",11955,0.972506,0.192204,0.089912
470,particle,"K0",11955,0.968995,0.192547,0.089647
471,particle,"K0",11955,0.967836,0.191262,0.089024
472,particle,"K0",11955,0.965439,0.193812,0.09062
473,particle,"K0",11955,0.967955,0.1911,0.088603
474,particle,"K0",11955,0.972023,0.194196,0.090137
475,particle,"K0",11955,0.957122,0.191175,0.092184
476,particle,"K0",11955,0.962719,0.193516,0.090415
477,particle,"K0",11955,0.949312,0.191554,0.090748
478,particle,"K0",11955,0.966105,0.192659,0.089602
479,particle,"K0",11955,0.959932,0.194219,0.093175
480,particle,"K0",11955,0.96559,0.194497,0.092212
481,particle,"K0",11955,0.965835,0.191169,0.088731
482,particle,"K0",11955,0.968797,0.193,0.089343
483,particle,"K0",11955,0.968151,0.195526,0.091439
484,particle,"K0",11955,0.96115,0.192227,0.090374
485,particle,"K0",11955,0.973963,0.192252,0.087956
486,particle,"K0",11955,0.962378,0.190501,0.087655
487,particle,"K0",11955,0.962454,0.193252,0.09037
488,particle,"K0",11955,0.962558,0.19358,0.091183
489,particle,"K0",11955,0.961438,0.194585,0.092651
490,particle,"K0",11955,0.976895,0.193641,0.088974
491,particle,"K0",11955,0.972293,0.193085,0.089485
492,particle,"K0",11955,0.971048,0.193796,0.089767
493,particle,"K0",11955,0.966451,0.196379,0.092876
494,particle,"K0",11955,0.972809,0.192655,0.088485
495,particle,"K0",11955,0.964262,0.190135,0.087424
496,particle,"K0",11955,0.966555,0.190952,0.086959
497,particle,"K0",11955,0.968723,0.191529,0.088118
498,particle,"K0",11955,0.972736,0.19411,0.091315
499,particle,"K0",11955,0.969675,0.194263,0.091001
0,particle,"Photon",19748,11.599363,16.265699,5.406833
1,particle,"Photon",19748,9.344953,16.022821,3.302066
2,particle,"Photon",19748,1.182765,2.102561,0.268479
3,particle,"Photon",19748,1.312152,3.118406,0.260874
4,particle,"Photon",19748,1.525141,2.932124,0.332014
5,particle,"Photon",19748,1.304375,1.790448,0.293207
6,particle,"Photon",19748,1.392296,1.721982,0.340366
7,particle,"Photon",19748,1.394334,1.665333,0.325238
8,particle,"Photon",19748,1.294551,1.70263,0.305817
9,particle,"Photon",19748,1.226275,1.390692,0.316355
10,particle,"Photon",19748,1.282837,1.454986,0.304229
11,particle,"Photon",19748,1.18713,1.270792,0.30011
12,particle,"Photon",19748,1.184748,1.307305,0.31605
13,particle,"Photon",19748,1.187891,1.288229,0.313527
14,particle,"Photon",19748,1.066015,1.140986,0.296192
15,particle,"Photon",19748,1.13196,1.244127,0.30889
16,particle,"Photon",19748,1.134945,1.200263,0.327319
17,particle,"Photon",19748,1.138299,1.193702,0.314407
18,particle,"Photon",19748,1.123267,1.136298,0.326678
19,particle,"Photon",19748,1.087933,1.117695,0.322484
20,particle,"Photon",19748,1.065046,1.077624,0.318219
21,particle,"Photon",19748,1.060314,1.073951,0.331776
22,particle,"Photon",19748,1.065966,1.09484,0.339173
23,particle,"Photon",19748,1.091594,1.077952,0.336171
24,particle,"Photon",19748,1.053411,1.049403,0.333156
25,particle,"Photon",19748,1.022244,1.133263,0.339495
26,particle,"Photon",19748,1.027455,1.174309,0.346226
27,particle,"Photon",19748,1.082779,1.076924,0.333378
28,particle,"Photon",19748,1.089673,1.082629,0.336482
29,particle,"Photon",19748,1.069977,1.060013,0.327589
30,particle,"Photon",19748,1.131143,1.145965,0.323825
31,particle,"Photon",19748,1.048318,1.125095,0.330435
32,particle,"Photon",19748,1.195025,1.249692,0.341009
33,particle,"Photon",19748,1.101772,1.14021,0.340065
34,particle,"Photon",19748,1.115261,1.119208,0.301764
35,particle,"Photon",19748,1.126038,1.152172,0.346703
36,particle,"Photon",19748,1.207457,1.249708,0.366274
37,particle,"Photon",19748,1.248644,1.375278,0.362659
38,particle,"Photon",19748,1.262101,1.332942,0.372833
39,particle,"Photon",19748,1.134053,1.231996,0.342658
40,particle,"Photon",19748,1.151147,1.21253,0.358606
41,particle,"Photon",19748,1.147986,1.168529,0.328554
42,particle,"Photon",19748,1.111229,1.176872,0.350164
43,particle,"Photon",19748,1.14452,1.268006,0.342134
44,particle,"Photon",19748,1.192105,1.257403,0.336671
45,particle,"Photon",19748,1.110243,1.152247,0.331148
46,particle,"Photon",19748,1.101836,1.150811,0.340334
47,particle,"Photon",19748,1.129799,1.19802,0.344835
48,particle,"Photon",19748,1.103117,1.18585,0.350758
49,particle,"Photon",19748,1.076943,1.130783,0.346621
50,particle,"Photon",19748,1.150061,1.19225,0.367353
51,particle,"Photon",19748,1.167923,1.192212,0.359953
52,particle,"Photon",19748,1.120351,1.150674,0.341414
53,particle,"Photon",19748,1.129296,1.192164,0.367356
54,particle,"Photon",19748,1.123716,1.175452,0.357964
55,particle,"Photon",19748,1.104324,1.145164,0.355533
56,particle,"Photon",19748,1.101403,1.154062,0.361027
57,particle,"Photon",19748,1.119125,1.163977,0.356349
58,particle,"Photon",19748,1.088565,1.130779,0.36009
59,particle,"Photon",19748,1.090037,1.119452,0.355753
60,particle,"Photon",19748,1.08959,1.124371,0.35871
61,particle,"Photon",19748,1.081798,1.123446,0.362247
62,particle,"Photon",19748,1.112437,1.15042,0.360817
63,particle,"Photon",19748,1.030729,1.081539,0.336304
64,particle,"Photon",19748,1.143348,1.255291,0.366185
65,particle,"Photon",19748,1.188253,1.277146,0.382174
66,particle,"Photon",19748,1.169452,1.241003,0.361332
67,particle,"Photon",19748,1.0897,2.676239,0.351634
68,particle,"Photon",19748,1.156171,2.06453,0.323843
69,particle,"Photon",19748,1.158289,3.73483,0.385753
70,particle,"Photon",19748,1.086757,1.183396,0.353668
71,particle,"Photon",19748,1.153307,1.336014,0.356266
72,particle,"Photon",19748,1.168039,1.230776,0.353796
73,particle,"Photon",19748,1.106987,1.240431,0.369064
74,particle,"Photon",19748,1.112334,1.172985,0.348073
75,particle,"Photon",19748,1.212359,2.038077,0.366082
76,particle,"Photon",19748,1.112643,1.18803,0.330105
77,particle,"Photon",19748,1.103484,1.191564,0.355963
78,particle,"Photon",19748,1.203216,1.333423,0.372644
79,particle,"Photon",19748,1.069447,1.154029,0.339144
80,particle,"Photon",19748,1.066937,1.122392,0.352349
81,particle,"Photon",19748,1.084687,1.124551,0.366746
82,particle,"Photon",19748,1.078676,1.119117,0.36539
83,particle,"Photon",19748,1.110569,2.406828,0.372883
84,particle,"Photon",19748,1.057028,1.055763,0.361864
85,particle,"Photon",19748,1.048423,1.036139,0.352195
86,particle,"Photon",19748,1.071342,1.239299,0.350753
87,particle,"Photon",19748,1.073958,1.155817,0.34204
88,particle,"Photon",19748,1.052877,1.06432,0.33273
89,particle,"Photon",19748,1.087827,1.393373,0.354171
90,particle,"Photon",19748,1.06334,1.051938,0.35684
91,particle,"Photon",19748,1.062477,1.077204,0.352717
92,particle,"Photon",19748,1.066095,1.038077,0.344718
93,particle,"Photon",19748,1.056891,1.028924,0.34801
94,particle,"Photon",19748,1.047533,1.034225,0.346518
95,particle,"Photon",19748,1.046498,1.055405,0.358886
96,particle,"Photon",19748,1.0647,1.043929,0.347573
97,particle,"Photon",19748,1.069738,1.03628,0.348185
98,particle,"Photon",19748,1.051309,1.03802,0.347501
99,particle,"Photon",19748,1.052187,1.047817,0.35383
100,particle,"Photon",19748,1.045625,1.074576,0.354854
101,particle,"Photon",19748,1.04094,1.659763,0.357491
102,particle,"Photon",19748,1.055012,1.057256,0.361752
103,particle,"Photon",19748,1.10407,1.081066,0.348912
104,particle,"Photon",19748,0.984842,0.960633,0.368138
105,particle,"Photon",19748,1.099264,1.085444,0.367877
106,particle,"Photon",19748,1.031094,1.026713,0.357091
107,particle,"Photon",19748,1.078186,1.035813,0.33603
108,particle,"Photon",19748,1.100943,1.094564,0.339596
109,particle,"Photon",19748,1.097754,1.136523,0.332808
110,particle,"Photon",19748,1.098955,1.094783,0.345932
111,particle,"Photon",19748,1.069677,1.087454,0.351939
112,particle,"Photon",19748,1.07523,1.145615,0.368058
113,particle,"Photon",19748,1.049178,1.054294,0.34429
114,particle,"Photon",19748,1.099777,1.063063,0.35163
115,particle,"Photon",19748,1.049708,1.087085,0.369113
116,particle,"Photon",19748,1.035735,1.089506,0.356145
117,particle,"Photon",19748,1.085838,1.149865,0.352551
118,particle,"Photon",19748,1.013166,1.010769,0.346463
119,particle,"Photon",19748,1.05934,1.118646,0.357521
120,particle,"Photon",19748,1.05188,1.03963,0.347238
121,particle,"Photon",19748,1.056657,1.014884,0.336255
122,particle,"Photon",19748,1.04102,1.088045,0.347997
123,particle,"Photon",19748,1.021869,1.045023,0.349303
124,particle,"Photon",19748,1.038669,0.982753,0.345082
125,particle,"Photon",19748,1.026691,0.96626,0.342212
126,particle,"Photon",19748,1.018417,0.993527,0.356625
127,particle,"Photon",19748,1.015328,1.091924,0.369871
128,particle,"Photon",19748,1.021913,0.971706,0.346481
129,particle,"Photon",19748,1.006964,1.008381,0.34889
130,particle,"Photon",19748,1.005578,0.997058,0.350802
131,particle,"Photon",19748,1.024056,1.037542,0.351407
132,particle,"Photon",19748,1.02758,1.033544,0.34848
133,particle,"Photon",19748,1.028479,1.052818,0.344517
134,particle,"Photon",19748,1.013187,1.004868,0.34731
135,particle,"Photon",19748,1.011084,0.997108,0.352349
136,particle,"Photon",19748,1.009217,1.008173,0.351709
137,particle,"Photon",19748,1.012376,1.00888,0.352832
138,particle,"Photon",19748,1.015281,1.010035,0.345814
139,particle,"Photon",19748,1.013104,1.037333,0.350517
140,particle,"Photon",19748,1.025883,0.983753,0.347863
141,particle,"Photon",19748,1.023469,0.975535,0.344789
142,particle,"Photon",19748,1.005236,1.126615,0.34934
143,particle,"Photon",19748,1.00255,0.993586,0.352443
144,particle,"Photon",19748,1.103931,6.936199,0.35011
145,particle,"Photon",19748,1.023308,1.030973,0.325016
146,particle,"Photon",19748,1.029708,1.229206,0.344614
147,particle,"Photon",19748,1.043655,1.187671,0.346419
148,particle,"Photon",19748,1.064457,1.03954,0.34663
149,particle,"Photon",19748,1.079646,0.953027,0.268041
150,particle,"Photon",19748,1.049578,0.996595,0.328571
151,particle,"Photon",19748,1.074629,1.080434,0.343292
152,particle,"Photon",19748,1.102759,1.0911,0.345083
153,particle,"Photon",19748,1.043105,1.078108,0.340968
154,particle,"Photon",19748,1.050983,1.060879,0.344823
155,particle,"Photon",19748,1.043933,1.025601,0.339518
156,particle,"Photon",19748,1.05909,1.021691,0.330758
157,particle,"Photon",19748,1.06092,1.009442,0.330033
158,particle,"Photon",19748,1.042931,1.008274,0.34214
159,particle,"Photon",19748,1.057094,1.071048,0.338957
160,particle,"Photon",19748,1.061362,1.025727,0.332771
161,particle,"Photon",19748,1.02718,0.993456,0.329286
162,particle,"Photon",19748,1.040487,0.999153,0.329363
163,particle,"Photon",19748,1.029379,1.030159,0.351585
164,particle,"Photon",19748,1.015375,0.982902,0.351397
165,particle,"Photon",19748,1.03378,0.98546,0.359094
166,particle,"Photon",19748,1.02184,0.945543,0.353055
167,particle,"Photon",19748,1.022572,0.953455,0.33876
168,particle,"Photon",19748,1.022969,1.085926,0.352762
169,particle,"Photon",19748,1.029031,1.018993,0.346265
170,particle,"Photon",19748,1.025227,1.01217,0.340751
171,particle,"Photon",19748,0.980496,0.978619,0.357427
172,particle,"Photon",19748,1.029796,1.012416,0.355765
173,particle,"Photon",19748,0.987812,0.975194,0.354636
174,particle,"Photon",19748,1.009837,0.990931,0.356084
175,particle,"Photon",19748,1.018457,0.957784,0.336774
176,particle,"Photon",19748,1.007728,0.982783,0.337141
177,particle,"Photon",19748,1.013053,0.971011,0.343429
178,particle,"Photon",19748,1.005111,1.019817,0.340746
179,particle,"Photon",19748,1.024761,0.951478,0.339283
180,particle,"Photon",19748,1.019447,1.039645,0.338352
181,particle,"Photon",19748,1.023236,1.019068,0.34168
182,particle,"Photon",19748,1.024357,0.957607,0.341039
183,particle,"Photon",19748,1.010384,0.973715,0.34124
184,particle,"Photon",19748,1.006089,0.998187,0.351862
185,particle,"Photon",19748,1.022471,0.974728,0.340893
186,particle,"Photon",19748,1.008859,1.046668,0.351516
187,particle,"Photon",19748,1.023347,1.027693,0.332836
188,particle,"Photon",19748,1.036515,1.164265,0.348142
189,particle,"Photon",19748,1.044027,1.008081,0.344377
190,particle,"Photon",19748,1.025348,0.971613,0.352698
191,particle,"Photon",19748,1.02658,1.021045,0.353894
192,particle,"Photon",19748,1.008367,0.960625,0.344254
193,particle,"Photon",19748,0.969377,0.965158,0.351817
194,particle,"Photon",19748,1.022815,0.995924,0.341531
195,particle,"Photon",19748,1.030604,0.997705,0.347155
196,particle,"Photon",19748,0.984279,0.967488,0.3693
197,particle,"Photon",19748,0.982673,0.921762,0.348915
198,particle,"Photon",19748,1.008337,1.014351,0.351279
199,particle,"Photon",19748,0.984439,1.006014,0.353312
200,particle,"Photon",19748,0.998581,0.9771,0.361679
201,particle,"Photon",19748,0.992923,0.958681,0.349754
202,particle,"Photon",19748,0.986584,0.959148,0.345669
203,particle,"Photon",19748,0.971406,0.937407,0.336122
204,particle,"Photon",19748,0.988744,0.989795,0.355403
205,particle,"Photon",19748,0.997411,1.006106,0.347862
206,particle,"Photon",19748,0.982872,0.95615,0.347086
207,particle,"Photon",19748,0.987977,1.095973,0.342908
208,particle,"Photon",19748,0.958981,0.956206,0.353942
209,particle,"Photon",19748,0.995494,0.975683,0.354569
210,particle,"Photon",19748,0.992044,1.066089,0.353685
211,particle,"Photon",19748,1.007718,1.020397,0.351086
212,particle,"Photon",19748,0.994467,0.994768,0.343985
213,particle,"Photon",19748,0.997015,0.98981,0.350221
214,particle,"Photon",19748,0.986453,1.069518,0.354195
215,particle,"Photon",19748,0.994733,1.06608,0.344564
216,particle,"Photon",19748,0.98244,0.907621,0.340048
217,particle,"Photon",19748,0.999002,0.969055,0.344903
218,particle,"Photon",19748,1.006663,0.972581,0.340226
219,particle,"Photon",19748,0.979914,1.010158,0.339349
220,particle,"Photon",19748,0.992746,0.977005,0.335941
221,particle,"Photon",19748,1.003028,0.970943,0.33824
222,particle,"Photon",19748,0.977679,0.944807,0.343109
223,particle,"Photon",19748,0.971519,0.962321,0.338086
224,particle,"Photon",19748,0.983657,0.964179,0.346219
225,particle,"Photon",19748,0.972937,0.931551,0.340591
226,particle,"Photon",19748,0.987855,0.922012,0.343739
227,particle,"Photon",19748,0.936377,0.869627,0.344233
228,particle,"Photon",19748,0.976778,0.958267,0.351597
229,particle,"Photon",19748,0.970485,0.900938,0.345924
230,particle,"Photon",19748,0.972162,0.856957,0.335636
231,particle,"Photon",19748,0.97041,0.929882,0.350911
232,particle,"Photon",19748,0.984783,0.980603,0.344653
233,particle,"Photon",19748,0.979858,0.982145,0.347536
234,particle,"Photon",19748,0.96974,0.944781,0.350207
235,particle,"Photon",19748,0.979856,0.985067,0.350953
236,particle,"Photon",19748,0.981307,0.980039,0.350057
237,particle,"Photon",19748,0.978535,0.952982,0.34461
238,particle,"Photon",19748,0.975065,0.94181,0.347057
239,particle,"Photon",19748,0.994908,1.044864,0.36047
240,particle,"Photon",19748,0.980627,0.912954,0.339984
241,particle,"Photon",19748,0.997606,1.045426,0.338847
242,particle,"Photon",19748,0.98784,0.952817,0.337164
243,particle,"Photon",19748,0.990172,0.998266,0.334299
244,particle,"Photon",19748,0.982665,0.924511,0.339438
245,particle,"Photon",19748,0.989368,0.997038,0.340787
246,particle,"Photon",19748,0.977953,0.931607,0.336501
247,particle,"Photon",19748,0.984269,0.985355,0.346492
248,particle,"Photon",19748,0.975412,0.992109,0.342452
249,particle,"Photon",19748,0.983048,1.336441,0.36078
250,particle,"Photon",19748,0.992212,1.011418,0.352365
251,particle,"Photon",19748,0.974625,0.907538,0.357275
252,particle,"Photon",19748,0.996054,0.925015,0.36838
253,particle,"Photon",19748,0.982165,0.956729,0.34417
254,particle,"Photon",19748,0.988637,0.914341,0.350887
255,particle,"Photon",19748,0.959877,0.903866,0.347742
256,particle,"Photon",19748,0.966314,0.937181,0.348217
257,particle,"Photon",19748,1.008281,1.141055,0.358836
258,particle,"Photon",19748,0.984185,1.13219,0.372279
259,particle,"Photon",19748,0.972353,1.103418,0.356419
260,particle,"Photon",19748,0.966414,0.965143,0.345383
261,particle,"Photon",19748,0.995531,1.172899,0.347147
262,particle,"Photon",19748,0.962658,1.008005,0.347714
263,particle,"Photon",19748,1.003441,1.267939,0.35748
264,particle,"Photon",19748,0.990031,0.89415,0.348227
265,particle,"Photon",19748,0.979433,1.034365,0.362448
266,particle,"Photon",19748,0.976455,1.040459,0.347004
267,particle,"Photon",19748,0.984952,1.022532,0.342562
268,particle,"Photon",19748,1.006004,1.021951,0.352253
269,particle,"Photon",19748,0.975866,0.954605,0.352504
270,particle,"Photon",19748,0.984239,1.013678,0.34411
271,particle,"Photon",19748,0.978249,1.084017,0.346342
272,particle,"Photon",19748,0.975428,1.085473,0.34677
273,particle,"Photon",19748,0.992051,1.10401,0.350605
274,particle,"Photon",19748,0.959479,1.077318,0.358494
275,particle,"Photon",19748,0.971277,0.967515,0.347414
276,particle,"Photon",19748,0.96583,0.94629,0.361602
277,particle,"Photon",19748,0.986402,0.903131,0.33738
278,particle,"Photon",19748,0.959148,0.95652,0.356592
279,particle,"Photon",19748,0.971267,0.982352,0.353876
280,particle,"Photon",19748,0.979739,1.041605,0.337694
281,particle,"Photon",19748,0.973043,1.047971,0.352833
282,particle,"Photon",19748,0.970968,1.077068,0.354626
283,particle,"Photon",19748,0.961103,1.006853,0.35709
284,particle,"Photon",19748,0.971907,1.234131,0.3567
285,particle,"Photon",19748,0.98079,1.067112,0.353433
286,particle,"Photon",19748,0.983442,1.402026,0.351922
287,particle,"Photon",19748,0.984297,1.260808,0.348972
288,particle,"Photon",19748,0.968392,1.14277,0.3542
289,particle,"Photon",19748,0.980951,1.477187,0.351589
290,particle,"Photon",19748,0.968939,1.119128,0.348109
291,particle,"Photon",19748,0.982253,1.19757,0.351988
292,particle,"Photon",19748,0.988369,1.463841,0.34938
293,particle,"Photon",19748,0.984499,1.270731,0.351976
294,particle,"Photon",19748,0.970292,1.159484,0.35112
295,particle,"Photon",19748,0.991854,1.209817,0.349217
296,particle,"Photon",19748,0.99285,1.30363,0.362641
297,particle,"Photon",19748,0.957797,1.044377,0.353324
298,particle,"Photon",19748,0.976098,1.118138,0.365325
299,particle,"Photon",19748,0.994412,1.554644,0.361756
300,particle,"Photon",19748,0.972316,1.358815,0.359175
301,particle,"Photon",19748,0.937557,0.971688,0.346715
302,particle,"Photon",19748,0.994089,1.244217,0.345501
303,particle,"Photon",19748,0.968223,1.068853,0.343786
304,particle,"Photon",19748,0.980331,1.212146,0.34448
305,particle,"Photon",19748,0.967537,1.108343,0.356576
306,particle,"Photon",19748,0.979315,1.375691,0.346234
307,particle,"Photon",19748,0.969015,1.051205,0.354703
308,particle,"Photon",19748,0.96028,0.880167,0.349591
309,particle,"Photon",19748,0.968742,0.935379,0.364847
310,particle,"Photon",19748,0.967283,1.054932,0.357851
311,particle,"Photon",19748,0.949554,0.98597,0.357597
312,particle,"Photon",19748,0.957126,0.989253,0.361048
313,particle,"Photon",19748,0.974896,0.921913,0.358296
314,particle,"Photon",19748,0.952043,0.968284,0.349523
315,particle,"Photon",19748,0.945775,0.933113,0.360313
316,particle,"Photon",19748,0.972338,1.011116,0.355422
317,particle,"Photon",19748,0.986189,1.288232,0.360147
318,particle,"Photon",19748,0.978181,0.998115,0.353056
319,particle,"Photon",19748,0.960825,1.049988,0.351181
320,particle,"Photon",19748,0.959163,1.105339,0.354595
321,particle,"Photon",19748,0.929432,0.889459,0.351752
322,particle,"Photon",19748,0.943322,0.986972,0.359014
323,particle,"Photon",19748,0.963809,1.06717,0.359303
324,particle,"Photon",19748,0.950847,1.103348,0.362466
325,particle,"Photon",19748,0.997843,1.773293,0.357102
326,particle,"Photon",19748,0.966397,1.120667,0.350073
327,particle,"Photon",19748,0.994402,1.257379,0.35887
328,particle,"Photon",19748,0.971294,1.051223,0.357997
329,particle,"Photon",19748,0.966888,1.006832,0.355595
330,particle,"Photon",19748,0.981157,1.061781,0.367047
331,particle,"Photon",19748,0.952649,1.048921,0.356269
332,particle,"Photon",19748,0.955997,0.962056,0.348177
333,particle,"Photon",19748,0.966977,0.968712,0.354101
334,particle,"Photon",19748,0.963203,1.187663,0.355891
335,particle,"Photon",19748,0.948967,0.955541,0.360526
336,particle,"Photon",19748,0.965089,0.944741,0.362071
337,particle,"Photon",19748,0.975906,1.162259,0.352128
338,particle,"Photon",19748,0.971784,1.007312,0.354245
339,particle,"Photon",19748,0.973348,1.052362,0.353075
340,particle,"Photon",19748,0.959816,0.924343,0.35099
341,particle,"Photon",19748,0.9715,0.999554,0.349085
342,particle,"Photon",19748,0.971891,0.989232,0.359978
343,particle,"Photon",19748,0.969956,0.977664,0.349916
344,particle,"Photon",19748,0.970449,0.960916,0.349194
345,particle,"Photon",19748,0.970935,1.069518,0.35073
346,particle,"Photon",19748,0.975172,0.968722,0.3495
347,particle,"Photon",19748,0.97007,0.999464,0.349218
348,particle,"Photon",19748,0.949002,0.900646,0.352499
349,particle,"Photon",19748,0.948873,0.922439,0.354878
350,particle,"Photon",19748,0.969052,1.008255,0.347323
351,particle,"Photon",19748,0.963564,0.996458,0.345991
352,particle,"Photon",19748,0.971946,1.002162,0.352155
353,particle,"Photon",19748,0.959832,0.938282,0.351434
354,particle,"Photon",19748,0.966674,0.995882,0.355825
355,particle,"Photon",19748,0.956061,0.935695,0.353546
356,particle,"Photon",19748,0.948142,0.912035,0.353196
357,particle,"Photon",19748,0.961058,0.915297,0.353665
358,particle,"Photon",19748,0.974489,1.011764,0.352446
359,particle,"Photon",19748,0.95185,0.94014,0.355646
360,particle,"Photon",19748,0.973009,1.099514,0.358833
361,particle,"Photon",19748,0.965138,0.950738,0.35885
362,particle,"Photon",19748,0.949862,1.053098,0.349607
363,particle,"Photon",19748,0.964768,1.116321,0.354296
364,particle,"Photon",19748,0.986546,1.019801,0.355062
365,particle,"Photon",19748,0.985315,1.164201,0.348809
366,particle,"Photon",19748,0.978661,1.354308,0.359366
367,particle,"Photon",19748,0.968133,1.209665,0.342843
368,particle,"Photon",19748,0.957117,0.990411,0.347278
369,particle,"Photon",19748,0.976819,1.173008,0.352898
370,particle,"Photon",19748,0.950186,0.961194,0.347611
371,particle,"Photon",19748,0.977698,1.21203,0.367224
372,particle,"Photon",19748,0.979555,1.217093,0.355413
373,particle,"Photon",19748,0.960663,1.035256,0.355012
374,particle,"Photon",19748,0.958729,1.282791,0.356765
375,particle,"Photon",19748,0.976242,1.115879,0.342103
376,particle,"Photon",19748,0.942482,1.192531,0.357839
377,particle,"Photon",19748,0.980025,1.316055,0.352457
378,particle,"Photon",19748,0.985907,1.469307,0.362915
379,particle,"Photon",19748,0.978749,1.179491,0.354372
380,particle,"Photon",19748,0.980217,1.086196,0.359469
381,particle,"Photon",19748,0.95026,1.122994,0.349596
382,particle,"Photon",19748,0.978645,1.164431,0.353467
383,particle,"Photon",19748,0.960408,1.104328,0.358041
384,particle,"Photon",19748,0.955875,1.028147,0.353092
385,particle,"Photon",19748,0.97748,1.042351,0.355039
386,particle,"Photon",19748,0.976285,1.096123,0.353198
387,particle,"Photon",19748,0.957037,0.933352,0.342627
388,particle,"Photon",19748,0.956801,0.971936,0.356045
389,particle,"Photon",19748,0.964938,0.935101,0.356225
390,particle,"Photon",19748,0.951957,1.014759,0.350103
391,particle,"Photon",19748,0.975944,1.142386,0.352895
392,particle,"Photon",19748,0.96854,1.046071,0.350623
393,particle,"Photon",19748,0.986507,1.28542,0.35567
394,particle,"Photon",19748,0.959834,1.032581,0.350015
395,particle,"Photon",19748,0.986735,1.170713,0.355624
396,particle,"Photon",19748,0.975186,0.968375,0.355636
397,particle,"Photon",19748,0.95732,1.048327,0.355285
398,particle,"Photon",19748,0.983249,1.238573,0.348701
399,particle,"Photon",19748,0.96663,1.151731,0.347302
400,particle,"Photon",19748,0.971277,0.914022,0.353013
401,particle,"Photon",19748,0.961875,1.092543,0.352465
402,particle,"Photon",19748,0.950209,0.950312,0.34877
403,particle,"Photon",19748,0.961893,1.069671,0.353076
404,particle,"Photon",19748,0.965664,1.165962,0.35902
405,particle,"Photon",19748,0.96047,0.914286,0.353493
406,particle,"Photon",19748,0.959447,0.881635,0.353616
407,particle,"Photon",19748,0.964953,1.11248,0.355692
408,particle,"Photon",19748,0.977869,1.281593,0.358676
409,particle,"Photon",19748,0.97177,1.12483,0.354863
410,particle,"Photon",19748,0.959867,1.009505,0.35974
411,particle,"Photon",19748,0.963154,1.21774,0.361712
412,particle,"Photon",19748,0.967298,1.109667,0.362636
413,particle,"Photon",19748,0.949253,0.877791,0.358841
414,particle,"Photon",19748,0.955822,1.029309,0.361367
415,particle,"Photon",19748,0.952223,1.080478,0.355719
416,particle,"Photon",19748,0.968106,0.961157,0.360483
417,particle,"Photon",19748,0.961997,1.128688,0.356312
418,particle,"Photon",19748,0.976877,1.19838,0.353529
419,particle,"Photon",19748,0.96345,1.183541,0.355324
420,particle,"Photon",19748,0.94645,0.892015,0.351716
421,particle,"Photon",19748,0.969326,1.261543,0.356857
422,particle,"Photon",19748,1.013804,0.952622,0.302671
423,particle,"Photon",19748,0.970667,1.166449,0.357199
424,particle,"Photon",19748,0.951239,0.957811,0.357455
425,particle,"Photon",19748,0.956078,0.899488,0.358533
426,particle,"Photon",19748,0.961577,0.961769,0.355464
427,particle,"Photon",19748,0.971352,1.176008,0.355988
428,particle,"Photon",19748,0.95529,1.022022,0.357741
429,particle,"Photon",19748,0.969157,1.103404,0.348036
430,particle,"Photon",19748,0.970698,0.914278,0.352619
431,particle,"Photon",19748,0.990453,1.244179,0.354583
432,particle,"Photon",19748,0.976336,1.373856,0.352986
433,particle,"Photon",19748,0.980276,0.968373,0.344726
434,particle,"Photon",19748,0.964022,1.081911,0.354581
435,particle,"Photon",19748,0.972451,1.217434,0.349309
436,particle,"Photon",19748,0.982307,1.287378,0.360801
437,particle,"Photon",19748,0.972969,1.134003,0.350679
438,particle,"Photon",19748,0.971467,1.092314,0.362517
439,particle,"Photon",19748,0.983726,1.280195,0.347344
440,particle,"Photon",19748,0.98099,1.394586,0.348538
441,particle,"Photon",19748,0.973428,1.181202,0.342638
442,particle,"Photon",19748,0.975099,1.115122,0.351475
443,particle,"Photon",19748,0.971141,1.016834,0.358538
444,particle,"Photon",19748,0.981364,1.140058,0.352014
445,particle,"Photon",19748,0.97558,1.169016,0.361383
446,particle,"Photon",19748,0.971226,1.288471,0.350028
447,particle,"Photon",19748,0.982308,1.212658,0.359434
448,particle,"Photon",19748,0.951746,1.158068,0.362956
449,particle,"Photon",19748,0.969341,1.135137,0.359841
450,particle,"Photon",19748,0.964561,1.122564,0.363504
451,particle,"Photon",19748,0.956168,1.174837,0.360865
452,particle,"Photon",19748,0.968572,1.291244,0.358345
453,particle,"Photon",19748,0.978442,1.314984,0.360135
454,particle,"Photon",19748,0.952994,1.060072,0.351919
455,particle,"Photon",19748,0.971451,1.181391,0.357495
456,particle,"Photon",19748,0.96158,0.971792,0.35671
457,particle,"Photon",19748,0.982795,1.236593,0.360894
458,particle,"Photon",19748,0.969083,1.343524,0.360199
459,particle,"Photon",19748,0.95359,1.219492,0.356274
460,particle,"Photon",19748,0.953623,1.101538,0.36483
461,particle,"Photon",19748,0.973574,1.202978,0.364455
462,particle,"Photon",19748,0.979382,1.501179,0.364526
463,particle,"Photon",19748,0.993449,1.531095,0.35765
464,particle,"Photon",19748,0.957299,0.932213,0.358362
465,particle,"Photon",19748,0.964229,1.414876,0.356335
466,particle,"Photon",19748,0.962503,1.257385,0.352785
467,particle,"Photon",19748,0.961312,1.334891,0.372049
468,particle,"Photon",19748,0.9698,1.388525,0.365062
469,particle,"Photon",19748,0.966594,1.439506,0.36718
470,particle,"Photon",19748,0.96881,1.362222,0.357025
471,particle,"Photon",19748,0.94973,0.886722,0.353354
472,particle,"Photon",19748,0.958625,1.190572,0.356112
473,particle,"Photon",19748,0.975175,1.382662,0.357451
474,particle,"Photon",19748,0.970996,1.172002,0.366454
475,particle,"Photon",19748,0.953913,1.151839,0.354965
476,particle,"Photon",19748,0.96459,1.429973,0.356991
477,particle,"Photon",19748,0.944293,1.091214,0.365297
478,particle,"Photon",19748,0.957467,1.042002,0.350722
479,particle,"Photon",19748,0.956273,1.068184,0.353436
480,particle,"Photon",19748,0.958106,1.151405,0.358957
481,particle,"Photon",19748,0.971565,1.333861,0.353269
482,particle,"Photon",19748,0.957611,1.182049,0.360234
483,particle,"Photon",19748,0.950549,1.133998,0.358501
484,particle,"Photon",19748,0.962757,1.103085,0.363432
485,particle,"Photon",19748,0.967979,1.246667,0.362412
486,particle,"Photon",19748,0.947805,1.016407,0.358523
487,particle,"Photon",19748,0.958722,1.10961,0.35915
488,particle,"Photon",19748,0.953173,1.210785,0.357784
489,particle,"Photon",19748,0.956093,1.228677,0.354405
490,particle,"Photon",19748,0.958308,1.136405,0.368303
491,particle,"Photon",19748,0.976001,1.274525,0.354941
492,particle,"Photon",19748,0.963863,1.225511,0.358063
493,particle,"Photon",19748,0.966843,1.202972,0.360097
494,particle,"Photon",19748,0.970442,1.212122,0.363329
495,particle,"Photon",19748,0.968147,1.344297,0.361568
496,particle,"Photon",19748,0.952646,0.946431,0.356732
497,particle,"Photon",19748,0.957903,1.046591,0.359039
498,particle,"Photon",19748,0.969503,1.288514,0.361419
499,particle,"Photon",19748,0.965756,1.297124,0.355435
0,particle,"Pion",21287,1.527475,3.685461,1.538225
1,particle,"Pion",21287,1.161523,2.908437,1.078402
2,particle,"Pion",21287,1.129792,1.194709,0.202334
3,particle,"Pion",21287,0.879592,0.504087,0.197312
4,particle,"Pion",21287,0.909957,0.369859,0.179189
5,particle,"Pion",21287,0.875097,0.379145,0.141666
6,particle,"Pion",21287,0.910589,0.347892,0.187757
7,particle,"Pion",21287,0.934197,0.330686,0.128435
8,particle,"Pion",21287,0.910219,0.301171,0.122661
9,particle,"Pion",21287,0.943996,0.344676,0.134806
10,particle,"Pion",21287,0.953839,0.316749,0.131953
11,particle,"Pion",21287,0.973106,0.314138,0.110069
12,particle,"Pion",21287,1.000339,0.334426,0.123921
13,particle,"Pion",21287,0.94633,0.296354,0.115727
14,particle,"Pion",21287,0.961786,0.285572,0.104555
15,particle,"Pion",21287,0.952348,0.291588,0.100366
16,particle,"Pion",21287,1.043493,0.354345,0.144435
17,particle,"Pion",21287,1.014361,0.312726,0.10641
18,particle,"Pion",21287,0.982078,0.304159,0.110745
19,particle,"Pion",21287,0.952968,0.274821,0.091274
20,particle,"Pion",21287,0.961356,0.274935,0.088437
21,particle,"Pion",21287,0.948891,0.273168,0.088925
22,particle,"Pion",21287,0.95658,0.276904,0.086984
23,particle,"Pion",21287,0.970579,0.276091,0.087498
24,particle,"Pion",21287,0.937115,0.271898,0.086707
25,particle,"Pion",21287,0.924454,0.272397,0.085076
26,particle,"Pion",21287,0.935107,0.266536,0.084635
27,particle,"Pion",21287,0.98896,0.293491,0.102852
28,particle,"Pion",21287,0.958113,0.278479,0.094699
29,particle,"Pion",21287,0.969784,0.283217,0.096569
30,particle,"Pion",21287,0.922334,0.281294,0.112824
31,particle,"Pion",21287,0.796054,0.292698,0.109382
32,particle,"Pion",21287,1.004349,0.342309,0.123086
33,particle,"Pion",21287,1.047812,0.405621,0.14998
34,particle,"Pion",21287,1.003437,0.345302,0.145974
35,particle,"Pion",21287,1.015339,0.346766,0.117935
36,particle,"Pion",21287,0.904311,0.298152,0.1233
37,particle,"Pion",21287,0.967367,0.322645,0.114937
38,particle,"Pion",21287,0.953282,0.334331,0.123771
39,particle,"Pion",21287,0.973812,0.296947,0.098224
40,particle,"Pion",21287,0.961629,0.335404,0.142889
41,particle,"Pion",21287,0.943581,0.292401,0.097938
42,particle,"Pion",21287,0.96656,0.293197,0.102263
43,particle,"Pion",21287,0.945986,0.283191,0.091632
44,particle,"Pion",21287,1.001027,0.31899,0.109055
45,particle,"Pion",21287,0.888853,0.276607,0.091985
46,particle,"Pion",21287,0.929501,0.268171,0.094477
47,particle,"Pion",21287,0.959378,0.392665,0.0868
48,particle,"Pion",21287,0.911518,0.267993,0.088217
49,particle,"Pion",21287,0.952389,0.279498,0.091312
50,particle,"Pion",21287,0.985095,0.286426,0.096946
51,particle,"Pion",21287,1.013301,0.311975,0.115481
52,particle,"Pion",21287,0.971927,0.281122,0.092556
53,particle,"Pion",21287,0.964388,0.274421,0.086892
54,particle,"Pion",21287,0.99,0.300916,0.102285
55,particle,"Pion",21287,0.98038,0.288965,0.107509
56,particle,"Pion",21287,0.938223,0.268633,0.08636
57,particle,"Pion",21287,0.974608,0.284689,0.103427
58,particle,"Pion",21287,0.947461,0.27629,0.089964
59,particle,"Pion",21287,0.982848,0.276138,0.088451
60,particle,"Pion",21287,0.97445,0.280859,0.095279
61,particle,"Pion",21287,0.975766,0.270438,0.082425
62,particle,"Pion",21287,0.985278,0.276765,0.083805
63,particle,"Pion",21287,0.893451,0.273931,0.094934
64,particle,"Pion",21287,0.896658,0.288708,0.101241
65,particle,"Pion",21287,0.971906,0.283856,0.087194
66,particle,"Pion",21287,1.002073,0.328214,0.129292
67,particle,"Pion",21287,0.931195,0.293526,0.095247
68,particle,"Pion",21287,0.979844,0.31326,0.13447
69,particle,"Pion",21287,0.944995,0.288859,0.101884
70,particle,"Pion",21287,1.008382,0.305772,0.105786
71,particle,"Pion",21287,0.947361,0.292549,0.097055
72,particle,"Pion",21287,0.931894,0.276357,0.099574
73,particle,"Pion",21287,0.968955,3.166563,0.106321
74,particle,"Pion",21287,0.953713,1.898235,0.091983
75,particle,"Pion",21287,0.982056,1.680005,0.098436
76,particle,"Pion",21287,0.954653,0.30251,0.111275
77,particle,"Pion",21287,0.942177,0.275788,0.082669
78,particle,"Pion",21287,0.982425,0.295633,0.109059
79,particle,"Pion",21287,0.957529,0.276478,0.085705
80,particle,"Pion",21287,0.947415,0.274416,0.079489
81,particle,"Pion",21287,0.963333,0.278508,0.08578
82,particle,"Pion",21287,0.942638,0.277164,0.090048
83,particle,"Pion",21287,0.972378,0.274774,0.080303
84,particle,"Pion",21287,0.94039,0.280841,0.094614
85,particle,"Pion",21287,0.985311,0.281988,0.090911
86,particle,"Pion",21287,0.959829,0.276189,0.078312
87,particle,"Pion",21287,0.941419,0.2747,0.088853
88,particle,"Pion",21287,0.932777,0.265927,0.076146
89,particle,"Pion",21287,1.005153,0.296636,0.106547
90,particle,"Pion",21287,0.96193,0.278051,0.087428
91,particle,"Pion",21287,1.007935,0.290497,0.098922
92,particle,"Pion",21287,0.974485,0.2752,0.08431
93,particle,"Pion",21287,0.982806,0.273178,0.080072
94,particle,"Pion",21287,0.974828,0.280914,0.094026
95,particle,"Pion",21287,0.949084,0.277798,0.09217
96,particle,"Pion",21287,0.970338,0.272557,0.083391
97,particle,"Pion",21287,0.920904,0.277369,0.099604
98,particle,"Pion",21287,0.974035,0.276088,0.085818
99,particle,"Pion",21287,0.965605,0.271918,0.081736
100,particle,"Pion",21287,0.988683,0.299783,0.100887
101,particle,"Pion",21287,0.942994,0.277141,0.084731
102,particle,"Pion",21287,0.881428,0.285372,0.102158
103,particle,"Pion",21287,1.011273,0.302972,0.105914
104,particle,"Pion",21287,0.946211,0.282094,0.083616
105,particle,"Pion",21287,0.948788,0.647427,0.097403
106,particle,"Pion",21287,0.987465,0.319852,0.129189
107,particle,"Pion",21287,1.014988,0.300908,0.108017
108,particle,"Pion",21287,0.94455,0.275338,0.087989
109,particle,"Pion",21287,0.973388,0.272291,0.088602
110,particle,"Pion",21287,0.972545,0.283907,0.101061
111,particle,"Pion",21287,0.956467,0.281256,0.084605
112,particle,"Pion",21287,0.956786,0.313821,0.130367
113,particle,"Pion",21287,0.967544,0.280151,0.081977
114,particle,"Pion",21287,1.006134,0.302435,0.095546
115,particle,"Pion",21287,0.991884,0.664809,0.092367
116,particle,"Pion",21287,0.974013,0.299635,0.104326
117,particle,"Pion",21287,0.986458,0.31536,0.134763
118,particle,"Pion",21287,0.953442,0.279095,0.07965
119,particle,"Pion",21287,0.958782,0.275517,0.0805
120,particle,"Pion",21287,0.939971,0.268964,0.078743
121,particle,"Pion",21287,0.941695,0.266151,0.079562
122,particle,"Pion",21287,0.947969,0.267183,0.07829
123,particle,"Pion",21287,0.951942,0.27777,0.086301
124,particle,"Pion",21287,0.99948,0.29278,0.095986
125,particle,"Pion",21287,0.96544,0.281542,0.102085
126,particle,"Pion",21287,0.93249,0.27418,0.086209
127,particle,"Pion",21287,0.943827,0.27565,0.080449
128,particle,"Pion",21287,0.974042,0.273862,0.079785
129,particle,"Pion",21287,0.927747,0.261292,0.075714
130,particle,"Pion",21287,0.94643,0.273921,0.087462
131,particle,"Pion",21287,0.958752,0.275041,0.086872
132,particle,"Pion",21287,0.97322,0.276914,0.087654
133,particle,"Pion",21287,0.930875,0.271961,0.092934
134,particle,"Pion",21287,0.951174,0.271923,0.085704
135,particle,"Pion",21287,0.966675,0.271685,0.079088
136,particle,"Pion",21287,0.963771,0.450843,0.077614
137,particle,"Pion",21287,0.976713,0.279428,0.08623
138,particle,"Pion",21287,0.965079,0.270172,0.08057
139,particle,"Pion",21287,0.961418,0.274228,0.087336
140,particle,"Pion",21287,0.958904,0.271775,0.083483
141,particle,"Pion",21287,0.964494,0.279321,0.090882
142,particle,"Pion",21287,0.967874,0.275729,0.084198
143,particle,"Pion",21287,0.959201,0.294534,0.099893
144,particle,"Pion",21287,0.974673,0.274005,0.085187
145,particle,"Pion",21287,0.891481,0.261907,0.080061
146,particle,"Pion",21287,0.951997,0.266817,0.076143
147,particle,"Pion",21287,0.959218,0.293392,0.081977
148,particle,"Pion",21287,0.964399,0.273547,0.087299
149,particle,"Pion",21287,0.511291,0.373203,0.212355
150,particle,"Pion",21287,0.961242,0.272315,0.082178
151,particle,"Pion",21287,0.945743,0.276407,0.097466
152,particle,"Pion",21287,1.000318,0.314477,0.121117
153,particle,"Pion",21287,0.957473,0.2812,0.09448
154,particle,"Pion",21287,0.95881,0.269435,0.074627
155,particle,"Pion",21287,0.942806,0.265037,0.076187
156,particle,"Pion",21287,1.001748,0.278524,0.087245
157,particle,"Pion",21287,0.982178,0.27327,0.082207
158,particle,"Pion",21287,0.963642,0.281393,0.094475
159,particle,"Pion",21287,0.95677,0.275214,0.099299
160,particle,"Pion",21287,0.967423,0.276231,0.088954
161,particle,"Pion",21287,0.95688,0.272806,0.07957
162,particle,"Pion",21287,0.963431,0.288947,0.110815
163,particle,"Pion",21287,0.961006,0.273079,0.07972
164,particle,"Pion",21287,0.944135,0.266393,0.07974
165,particle,"Pion",21287,0.979824,0.277384,0.09244
166,particle,"Pion",21287,0.965144,0.271011,0.079741
167,particle,"Pion",21287,0.957382,0.268108,0.08003
168,particle,"Pion",21287,0.958151,0.265096,0.075001
169,particle,"Pion",21287,0.966977,0.27609,0.088245
170,particle,"Pion",21287,0.962462,0.269175,0.077516
171,particle,"Pion",21287,0.928057,0.262773,0.086157
172,particle,"Pion",21287,0.975242,0.272582,0.086137
173,particle,"Pion",21287,0.950398,0.26638,0.082268
174,particle,"Pion",21287,0.992409,0.269889,0.078965
175,particle,"Pion",21287,0.972265,0.268796,0.078183
176,particle,"Pion",21287,0.930518,0.259904,0.075436
177,particle,"Pion",21287,0.970686,0.268555,0.07918
178,particle,"Pion",21287,0.957817,0.272608,0.089395
179,particle,"Pion",21287,0.973757,0.272079,0.082307
180,particle,"Pion",21287,0.964518,0.268076,0.080088
181,particle,"Pion",21287,0.957445,0.26355,0.076511
182,particle,"Pion",21287,0.983785,0.270982,0.081931
183,particle,"Pion",21287,0.980951,0.268433,0.081048
184,particle,"Pion",21287,0.973135,0.270182,0.079759
185,particle,"Pion",21287,0.961625,0.267175,0.077501
186,particle,"Pion",21287,0.971263,0.27159,0.084029
187,particle,"Pion",21287,0.924735,0.261902,0.076629
188,particle,"Pion",21287,0.988388,0.288509,0.101537
189,particle,"Pion",21287,0.959168,0.271825,0.079735
190,particle,"Pion",21287,0.949502,0.271843,0.083824
191,particle,"Pion",21287,0.940419,0.267594,0.078443
192,particle,"Pion",21287,0.982314,0.532735,0.102803
193,particle,"Pion",21287,0.935944,0.262321,0.072489
194,particle,"Pion",21287,0.953269,0.266858,0.0768
195,particle,"Pion",21287,0.94785,0.260633,0.073159
196,particle,"Pion",21287,0.9402,0.284731,0.106827
197,particle,"Pion",21287,0.94589,0.803195,0.154813
198,particle,"Pion",21287,0.983366,0.297751,0.108341
199,particle,"Pion",21287,0.90718,0.25381,0.070071
200,particle,"Pion",21287,0.97648,0.281218,0.077882
201,particle,"Pion",21287,0.93461,0.271222,0.074041
202,particle,"Pion",21287,0.923468,0.269334,0.073074
203,particle,"Pion",21287,0.939001,0.42928,0.08589
204,particle,"Pion",21287,0.96247,0.274167,0.078742
205,particle,"Pion",21287,0.966293,0.277964,0.086255
206,particle,"Pion",21287,0.958758,0.318973,0.119794
207,particle,"Pion",21287,0.919369,0.267689,0.087543
208,particle,"Pion",21287,0.947141,0.268924,0.076628
209,particle,"Pion",21287,0.95354,0.26347,0.071193
210,particle,"Pion",21287,0.947083,0.275001,0.078783
211,particle,"Pion",21287,0.966227,0.269217,0.07255
212,particle,"Pion",21287,0.938371,0.266519,0.080687
213,particle,"Pion",21287,0.981924,0.294871,0.101222
214,particle,"Pion",21287,0.976104,0.273441,0.073021
215,particle,"Pion",21287,0.966762,0.412306,0.097782
216,particle,"Pion",21287,0.969554,0.275975,0.083111
217,particle,"Pion",21287,0.953494,0.280408,0.073913
218,particle,"Pion",21287,0.95859,0.28604,0.102002
219,particle,"Pion",21287,0.953098,0.283713,0.072485
220,particle,"Pion",21287,0.964179,0.28935,0.073586
221,particle,"Pion",21287,0.988212,0.63027,0.086768
222,particle,"Pion",21287,0.97835,0.290029,0.083125
223,particle,"Pion",21287,0.9316,0.264791,0.081459
224,particle,"Pion",21287,0.935824,0.277715,0.081248
225,particle,"Pion",21287,0.950024,0.310186,0.081535
226,particle,"Pion",21287,0.950587,0.266053,0.076309
227,particle,"Pion",21287,0.940815,0.301814,0.118867
228,particle,"Pion",21287,0.996728,0.274286,0.082618
229,particle,"Pion",21287,0.94881,0.265869,0.076556
230,particle,"Pion",21287,0.911647,0.27235,0.096186
231,particle,"Pion",21287,0.949192,0.280038,0.081237
232,particle,"Pion",21287,0.929415,0.270642,0.075074
233,particle,"Pion",21287,0.960046,0.278426,0.076838
234,particle,"Pion",21287,0.971933,0.281177,0.077373
235,particle,"Pion",21287,0.972436,0.282356,0.07671
236,particle,"Pion",21287,0.96761,0.275868,0.07277
237,particle,"Pion",21287,0.948907,0.277945,0.076136
238,particle,"Pion",21287,0.950107,0.264634,0.075512
239,particle,"Pion",21287,0.965042,0.277545,0.091447
240,particle,"Pion",21287,0.96946,0.271838,0.072178
241,particle,"Pion",21287,0.893741,0.255634,0.072722
242,particle,"Pion",21287,0.963078,0.281797,0.079278
243,particle,"Pion",21287,0.985253,0.306341,0.091621
244,particle,"Pion",21287,0.962375,0.27706,0.080965
245,particle,"Pion",21287,0.97009,0.280121,0.101711
246,particle,"Pion",21287,0.96381,0.274659,0.088614
247,particle,"Pion",21287,0.972249,0.281512,0.076447
248,particle,"Pion",21287,0.948627,0.267959,0.074886
249,particle,"Pion",21287,0.956458,0.273336,0.07448
250,particle,"Pion",21287,0.970229,0.283703,0.075007
251,particle,"Pion",21287,0.891487,0.268365,0.083749
252,particle,"Pion",21287,0.954635,0.283577,0.091077
253,particle,"Pion",21287,0.947945,0.262526,0.07306
254,particle,"Pion",21287,0.960745,0.278845,0.091899
255,particle,"Pion",21287,0.8933,0.260994,0.090547
256,particle,"Pion",21287,0.933909,0.264331,0.06995
257,particle,"Pion",21287,0.959971,0.274663,0.077686
258,particle,"Pion",21287,0.974584,0.280802,0.082289
259,particle,"Pion",21287,0.978514,0.275914,0.081715
260,particle,"Pion",21287,0.935445,0.25816,0.069473
261,particle,"Pion",21287,0.955192,0.268167,0.06714
262,particle,"Pion",21287,0.95727,0.262276,0.065901
263,particle,"Pion",21287,0.968413,0.281666,0.080357
264,particle,"Pion",21287,0.922048,0.269307,0.096878
265,particle,"Pion",21287,0.943961,0.283186,0.069342
266,particle,"Pion",21287,0.977661,0.269345,0.07407
267,particle,"Pion",21287,0.946917,0.298783,0.087814
268,particle,"Pion",21287,0.965346,0.2748,0.072402
269,particle,"Pion",21287,0.905034,0.27594,0.107314
270,particle,"Pion",21287,0.961701,0.276336,0.079997
271,particle,"Pion",21287,0.963627,0.275871,0.081081
272,particle,"Pion",21287,0.954079,0.269523,0.06706
273,particle,"Pion",21287,0.955519,0.273037,0.080621
274,particle,"Pion",21287,0.961402,0.273418,0.072001
275,particle,"Pion",21287,0.963097,0.266678,0.073298
276,particle,"Pion",21287,0.929181,0.276204,0.072934
277,particle,"Pion",21287,0.816288,0.267872,0.109767
278,particle,"Pion",21287,0.956213,0.266822,0.071454
279,particle,"Pion",21287,0.944068,0.269007,0.078696
280,particle,"Pion",21287,0.829054,0.269651,0.108721
281,particle,"Pion",21287,0.963177,0.266755,0.074388
282,particle,"Pion",21287,0.957746,0.285955,0.079193
283,particle,"Pion",21287,0.956095,0.26711,0.077498
284,particle,"Pion",21287,0.976594,0.282799,0.076012
285,particle,"Pion",21287,0.980124,0.282281,0.072459
286,particle,"Pion",21287,0.952454,0.281447,0.076986
287,particle,"Pion",21287,0.974686,0.280723,0.077742
288,particle,"Pion",21287,0.939762,0.262288,0.079947
289,particle,"Pion",21287,0.962159,0.27996,0.080498
290,particle,"Pion",21287,0.950134,0.2626,0.084355
291,particle,"Pion",21287,0.975175,0.277654,0.078269
292,particle,"Pion",21287,0.961727,0.279018,0.075032
293,particle,"Pion",21287,0.948923,0.274814,0.073819
294,particle,"Pion",21287,0.959924,0.271151,0.083332
295,particle,"Pion",21287,0.967671,0.323345,0.09937
296,particle,"Pion",21287,0.980397,0.288994,0.092449
297,particle,"Pion",21287,0.937151,0.26904,0.081532
298,particle,"Pion",21287,0.945233,0.27246,0.073646
299,particle,"Pion",21287,0.948587,0.281329,0.099283
300,particle,"Pion",21287,0.964449,0.27895,0.085841
301,particle,"Pion",21287,0.957796,0.268362,0.070383
302,particle,"Pion",21287,0.963371,0.273083,0.078348
303,particle,"Pion",21287,0.80717,0.273404,0.120372
304,particle,"Pion",21287,0.966799,0.275823,0.076647
305,particle,"Pion",21287,0.9482,0.266231,0.077772
306,particle,"Pion",21287,0.93406,0.262183,0.068237
307,particle,"Pion",21287,0.963064,0.266703,0.075671
308,particle,"Pion",21287,0.919361,0.26073,0.082904
309,particle,"Pion",21287,0.980095,0.274747,0.075768
310,particle,"Pion",21287,0.950704,0.264895,0.075664
311,particle,"Pion",21287,0.989472,0.283106,0.095798
312,particle,"Pion",21287,0.960255,0.267298,0.070143
313,particle,"Pion",21287,0.951383,0.275322,0.09266
314,particle,"Pion",21287,0.952645,0.267808,0.082644
315,particle,"Pion",21287,0.961665,0.267891,0.079399
316,particle,"Pion",21287,0.964166,0.268121,0.071008
317,particle,"Pion",21287,0.947716,0.263817,0.068586
318,particle,"Pion",21287,0.96999,0.275919,0.084963
319,particle,"Pion",21287,0.95122,0.268489,0.075287
320,particle,"Pion",21287,0.95022,0.266641,0.071296
321,particle,"Pion",21287,0.922559,0.2587,0.073315
322,particle,"Pion",21287,0.948379,0.277478,0.072153
323,particle,"Pion",21287,0.964703,0.27659,0.0814
324,particle,"Pion",21287,0.955128,0.273369,0.087239
325,particle,"Pion",21287,0.953406,0.276842,0.091179
326,particle,"Pion",21287,0.947148,0.283359,0.068577
327,particle,"Pion",21287,0.972126,0.271994,0.076884
328,particle,"Pion",21287,0.93862,0.264507,0.080214
329,particle,"Pion",21287,0.966809,0.285442,0.076722
330,particle,"Pion",21287,0.963962,0.264656,0.068936
331,particle,"Pion",21287,0.9697,0.283684,0.091961
332,particle,"Pion",21287,0.919728,0.263536,0.079789
333,particle,"Pion",21287,0.958541,0.268733,0.083555
334,particle,"Pion",21287,0.946924,0.262685,0.067899
335,particle,"Pion",21287,0.957227,0.267777,0.076659
336,particle,"Pion",21287,0.946228,0.26416,0.080294
337,particle,"Pion",21287,0.97402,0.272813,0.079419
338,particle,"Pion",21287,0.954598,0.266878,0.072664
339,particle,"Pion",21287,0.952723,0.26215,0.075906
340,particle,"Pion",21287,0.959138,0.265782,0.08264
341,particle,"Pion",21287,0.961537,0.27065,0.075586
342,particle,"Pion",21287,0.966094,0.273134,0.083789
343,particle,"Pion",21287,0.958952,0.266633,0.078529
344,particle,"Pion",21287,0.951325,0.263188,0.074233
345,particle,"Pion",21287,0.964875,0.266828,0.07422
346,particle,"Pion",21287,0.954727,0.264021,0.074094
347,particle,"Pion",21287,0.958019,0.264401,0.075554
348,particle,"Pion",21287,0.93096,0.260628,0.081375
349,particle,"Pion",21287,0.951535,0.277355,0.088653
350,particle,"Pion",21287,0.959459,0.266238,0.07825
351,particle,"Pion",21287,0.943177,0.265588,0.080221
352,particle,"Pion",21287,0.963856,0.268608,0.078897
353,particle,"Pion",21287,0.942944,0.263881,0.079877
354,particle,"Pion",21287,0.960261,0.268234,0.074702
355,particle,"Pion",21287,0.935621,0.266374,0.079977
356,particle,"Pion",21287,0.937403,0.263663,0.079027
357,particle,"Pion",21287,0.946852,0.268836,0.082118
358,particle,"Pion",21287,0.962226,0.270257,0.07583
359,particle,"Pion",21287,0.936538,0.265943,0.084186
360,particle,"Pion",21287,0.949114,0.27284,0.085093
361,particle,"Pion",21287,0.936471,0.269803,0.085964
362,particle,"Pion",21287,0.963063,0.274193,0.087448
363,particle,"Pion",21287,0.944186,0.264183,0.068034
364,particle,"Pion",21287,0.961001,0.264291,0.074369
365,particle,"Pion",21287,0.951041,0.270075,0.083068
366,particle,"Pion",21287,0.96343,0.268095,0.077999
367,particle,"Pion",21287,0.960106,0.267217,0.072464
368,particle,"Pion",21287,0.94307,0.275914,0.07723
369,particle,"Pion",21287,0.968483,0.267432,0.074053
370,particle,"Pion",21287,0.92615,0.274,0.080415
371,particle,"Pion",21287,0.961393,0.270161,0.078959
372,particle,"Pion",21287,0.966244,0.268782,0.076733
373,particle,"Pion",21287,0.965416,0.273247,0.082078
374,particle,"Pion",21287,0.957976,0.264685,0.075717
375,particle,"Pion",21287,0.960447,0.269662,0.074897
376,particle,"Pion",21287,0.955273,0.266902,0.07434
377,particle,"Pion",21287,0.9493,0.277492,0.096052
378,particle,"Pion",21287,0.966003,0.27317,0.078285
379,particle,"Pion",21287,0.968741,0.282751,0.093489
380,particle,"Pion",21287,0.948492,0.269512,0.077327
381,particle,"Pion",21287,0.949266,0.271182,0.079006
382,particle,"Pion",21287,0.958347,0.269739,0.078225
383,particle,"Pion",21287,0.93699,0.272347,0.077295
384,particle,"Pion",21287,0.945969,0.272914,0.080657
385,particle,"Pion",21287,0.971012,0.278586,0.077183
386,particle,"Pion",21287,0.960095,0.268487,0.068815
387,particle,"Pion",21287,0.872316,0.282001,0.117743
388,particle,"Pion",21287,0.946713,0.29508,0.076736
389,particle,"Pion",21287,0.967063,0.26707,0.078807
390,particle,"Pion",21287,0.956548,0.280227,0.075453
391,particle,"Pion",21287,0.963071,0.262914,0.068038
392,particle,"Pion",21287,0.954117,0.262508,0.066134
393,particle,"Pion",21287,0.971124,0.268578,0.071051
394,particle,"Pion",21287,0.949331,0.265628,0.072934
395,particle,"Pion",21287,0.950466,0.265171,0.071426
396,particle,"Pion",21287,0.956768,0.271298,0.086883
397,particle,"Pion",21287,0.949182,0.265042,0.078873
398,particle,"Pion",21287,0.968668,0.266009,0.075679
399,particle,"Pion",21287,0.904884,0.261048,0.084021
400,particle,"Pion",21287,0.965643,0.263056,0.068643
401,particle,"Pion",21287,0.95687,0.263477,0.071985
402,particle,"Pion",21287,0.924484,0.306956,0.124513
403,particle,"Pion",21287,0.947864,0.260785,0.07419
404,particle,"Pion",21287,0.947122,0.263381,0.069933
405,particle,"Pion",21287,0.956948,0.264782,0.072227
406,particle,"Pion",21287,0.954826,0.266919,0.076484
407,particle,"Pion",21287,0.935442,0.261715,0.072711
408,particle,"Pion",21287,0.967022,0.272552,0.070391
409,particle,"Pion",21287,0.975298,0.267311,0.070733
410,particle,"Pion",21287,0.975133,0.269094,0.077893
411,particle,"Pion",21287,0.980665,0.268911,0.079265
412,particle,"Pion",21287,0.969407,0.267204,0.072981
413,particle,"Pion",21287,0.938477,0.262256,0.076931
414,particle,"Pion",21287,0.942423,0.264681,0.079676
415,particle,"Pion",21287,0.944138,0.261563,0.07404
416,particle,"Pion",21287,0.955686,0.263923,0.074497
417,particle,"Pion",21287,0.955486,0.263517,0.072567
418,particle,"Pion",21287,0.955256,0.26416,0.076406
419,particle,"Pion",21287,0.95319,0.264505,0.078614
420,particle,"Pion",21287,0.936806,0.260348,0.077894
421,particle,"Pion",21287,0.971521,0.267489,0.074281
422,particle,"Pion",21287,0.685408,0.359336,0.190911
423,particle,"Pion",21287,0.961256,0.265239,0.074075
424,particle,"Pion",21287,0.953132,0.261893,0.073402
425,particle,"Pion",21287,0.949223,0.261255,0.071767
426,particle,"Pion",21287,0.967052,0.266697,0.074867
427,particle,"Pion",21287,0.965965,0.264518,0.070745
428,particle,"Pion",21287,0.943596,0.266778,0.08316
429,particle,"Pion",21287,0.957974,0.264399,0.075291
430,particle,"Pion",21287,0.955589,0.264496,0.081172
431,particle,"Pion",21287,0.963272,0.26409,0.075418
432,particle,"Pion",21287,0.944901,0.262109,0.072933
433,particle,"Pion",21287,0.920143,0.268963,0.082354
434,particle,"Pion",21287,0.9526,0.265354,0.070665
435,particle,"Pion",21287,0.973917,0.271904,0.077264
436,particle,"Pion",21287,0.965792,0.267618,0.072515
437,particle,"Pion",21287,0.954767,0.259845,0.070988
438,particle,"Pion",21287,0.971453,0.270061,0.080615
439,particle,"Pion",21287,0.959463,0.268287,0.078449
440,particle,"Pion",21287,0.949785,0.267792,0.077674
441,particle,"Pion",21287,0.936886,0.261865,0.07673
442,particle,"Pion",21287,0.928475,0.262217,0.075079
443,particle,"Pion",21287,0.967656,0.266004,0.075978
444,particle,"Pion",21287,0.96165,0.269125,0.083495
445,particle,"Pion",21287,0.952231,0.262668,0.07043
446,particle,"Pion",21287,0.960151,0.265765,0.074508
447,particle,"Pion",21287,0.945155,0.267026,0.077633
448,particle,"Pion",21287,0.968793,0.274497,0.08366
449,particle,"Pion",21287,0.946571,0.263814,0.071606
450,particle,"Pion",21287,0.964725,0.279807,0.086968
451,particle,"Pion",21287,0.954515,0.266612,0.08008
452,particle,"Pion",21287,0.961597,0.272921,0.078883
453,particle,"Pion",21287,0.96655,0.269484,0.0686
454,particle,"Pion",21287,0.951212,0.26405,0.076077
455,particle,"Pion",21287,0.955293,0.264403,0.071999
456,particle,"Pion",21287,0.96629,0.265631,0.073232
457,particle,"Pion",21287,0.961754,0.269983,0.079656
458,particle,"Pion",21287,0.955003,0.269334,0.072247
459,particle,"Pion",21287,0.95424,0.269522,0.077444
460,particle,"Pion",21287,0.953507,0.267667,0.075743
461,particle,"Pion",21287,0.963384,0.267611,0.075852
462,particle,"Pion",21287,0.951355,0.266486,0.076896
463,particle,"Pion",21287,0.97102,0.269455,0.07797
464,particle,"Pion",21287,0.931705,0.266727,0.079817
465,particle,"Pion",21287,0.938184,0.267551,0.07993
466,particle,"Pion",21287,0.953657,0.270604,0.083437
467,particle,"Pion",21287,0.937769,0.27134,0.082893
468,particle,"Pion",21287,0.969368,0.269697,0.075476
469,particle,"Pion",21287,0.963906,0.270729,0.074795
470,particle,"Pion",21287,0.954967,0.268095,0.073033
471,particle,"Pion",21287,0.961954,0.265335,0.075443
472,particle,"Pion",21287,0.946527,0.269791,0.07525
473,particle,"Pion",21287,0.957879,0.27005,0.074397
474,particle,"Pion",21287,0.962996,0.270119,0.07273
475,particle,"Pion",21287,0.946039,0.263412,0.075921
476,particle,"Pion",21287,0.942009,0.26522,0.072688
477,particle,"Pion",21287,0.943944,0.271302,0.086899
478,particle,"Pion",21287,0.945957,0.264926,0.078943
479,particle,"Pion",21287,0.924504,0.265695,0.088624
480,particle,"Pion",21287,0.950104,0.265325,0.075894
481,particle,"Pion",21287,0.958678,0.267383,0.072137
482,particle,"Pion",21287,0.955313,0.267436,0.074489
483,particle,"Pion",21287,0.936095,0.270261,0.072692
484,particle,"Pion",21287,0.953318,0.266371,0.076588
485,particle,"Pion",21287,0.969284,0.271034,0.072989
486,particle,"Pion",21287,0.955755,0.264568,0.076225
487,particle,"Pion",21287,0.948125,0.268313,0.075271
488,particle,"Pion",21287,0.94264,0.26689,0.071039
489,particle,"Pion",21287,0.94473,0.265304,0.071674
490,particle,"Pion",21287,0.979962,0.27608,0.075444
491,particle,"Pion",21287,0.9677,0.269081,0.073919
492,particle,"Pion",21287,0.961352,0.266325,0.075721
493,particle,"Pion",21287,0.943226,0.263416,0.073125
494,particle,"Pion",21287,0.96477,0.266979,0.072776
495,particle,"Pion",21287,0.973352,0.27153,0.077815
496,particle,"Pion",21287,0.962777,0.264799,0.076152
497,particle,"Pion",21287,0.960128,0.265261,0.073981
498,particle,"Pion",21287,0.964092,0.270678,0.077332
499,particle,"Pion",21287,0.954604,0.268131,0.075141
0,particle,"Electron",6154,5.451878,8.143075,4.900811
1,particle,"Electron",6154,4.415659,6.792933,3.697026
2,particle,"Electron",6154,1.317019,3.27441,0.280548
3,particle,"Electron",6154,1.146536,2.142062,0.255891
4,particle,"Electron",6154,1.174813,1.289118,0.301261
5,particle,"Electron",6154,1.212614,4.150573,0.247262
6,particle,"Electron",6154,1.171638,2.261186,0.285659
7,particle,"Electron",6154,1.146512,1.351724,0.282247
8,particle,"Electron",6154,1.129189,2.654675,0.249354
9,particle,"Electron",6154,1.144582,2.371981,0.261078
10,particle,"Electron",6154,1.103087,1.57746,0.242749
11,particle,"Electron",6154,1.06077,1.281676,0.236735
12,particle,"Electron",6154,1.083261,1.467998,0.251772
13,particle,"Electron",6154,1.031954,1.189417,0.236965
14,particle,"Electron",6154,1.005257,0.930857,0.233758
15,particle,"Electron",6154,1.04218,1.756044,0.230856
16,particle,"Electron",6154,1.063211,1.017896,0.269586
17,particle,"Electron",6154,1.068067,1.532258,0.246926
18,particle,"Electron",6154,1.013021,0.855035,0.250912
19,particle,"Electron",6154,0.988324,0.953809,0.243754
20,particle,"Electron",6154,0.978326,0.974011,0.272328
21,particle,"Electron",6154,0.964043,0.754137,0.275087
22,particle,"Electron",6154,0.98566,1.444107,0.281397
23,particle,"Electron",6154,0.983997,0.64287,0.281519
24,particle,"Electron",6154,0.955712,0.745254,0.27887
25,particle,"Electron",6154,0.963292,2.412369,0.282126
26,particle,"Electron",6154,0.974379,2.64706,0.286513
27,particle,"Electron",6154,0.987873,0.601355,0.285455
28,particle,"Electron",6154,0.970967,0.613703,0.278207
29,particle,"Electron",6154,0.971952,0.585749,0.278782
30,particle,"Electron",6154,0.978384,0.973272,0.246716
31,particle,"Electron",6154,0.863806,0.556649,0.250922
32,particle,"Electron",6154,1.059055,0.712767,0.266681
33,particle,"Electron",6154,1.056547,0.727016,0.307981
34,particle,"Electron",6154,1.031815,0.684453,0.253905
35,particle,"Electron",6154,1.026247,0.591749,0.293463
36,particle,"Electron",6154,0.98631,0.645805,0.282485
37,particle,"Electron",6154,1.041768,0.699053,0.267714
38,particle,"Electron",6154,1.039819,0.679977,0.295134
39,particle,"Electron",6154,0.999862,0.613778,0.274811
40,particle,"Electron",6154,0.99615,0.6397,0.290877
41,particle,"Electron",6154,0.987671,0.602482,0.241775
42,particle,"Electron",6154,0.980607,0.585516,0.28148
43,particle,"Electron",6154,0.987759,0.578489,0.267229
44,particle,"Electron",6154,1.033269,0.615518,0.275644
45,particle,"Electron",6154,0.93629,0.569293,0.259405
46,particle,"Electron",6154,0.961015,0.539283,0.268878
47,particle,"Electron",6154,1.008677,1.349938,0.276722
48,particle,"Electron",6154,0.947915,0.574747,0.268089
49,particle,"Electron",6154,0.960067,0.517485,0.28208
50,particle,"Electron",6154,1.003204,0.542029,0.291568
51,particle,"Electron",6154,1.025539,0.551818,0.293973
52,particle,"Electron",6154,0.982608,0.548972,0.277212
53,particle,"Electron",6154,0.978352,0.5353,0.284975
54,particle,"Electron",6154,0.996114,0.52825,0.293247
55,particle,"Electron",6154,0.98573,0.538621,0.293325
56,particle,"Electron",6154,0.958792,0.534087,0.284249
57,particle,"Electron",6154,0.983684,0.514376,0.290692
58,particle,"Electron",6154,0.958457,0.521099,0.2887
59,particle,"Electron",6154,0.978723,0.517063,0.292493
60,particle,"Electron",6154,0.973411,0.516013,0.293454
61,particle,"Electron",6154,0.971375,0.517361,0.294804
62,particle,"Electron",6154,0.984084,0.510056,0.293122
63,particle,"Electron",6154,0.906694,0.505991,0.270649
64,particle,"Electron",6154,0.951038,0.657417,0.277793
65,particle,"Electron",6154,1.006366,0.640727,0.293701
66,particle,"Electron",6154,1.028494,0.560938,0.300895
67,particle,"Electron",6154,1.130079,11.216086,0.280296
68,particle,"Electron",6154,1.011822,0.62356,0.282512
69,particle,"Electron",6154,1.24719,16.151944,0.298659
70,particle,"Electron",6154,1.002915,0.557755,0.297261
71,particle,"Electron",6154,0.983398,0.565419,0.281117
72,particle,"Electron",6154,0.986987,0.563024,0.270681
73,particle,"Electron",6154,1.119735,7.676276,0.287902
74,particle,"Electron",6154,1.007192,2.335528,0.273842
75,particle,"Electron",6154,1.143519,7.481231,0.285543
76,particle,"Electron",6154,0.981477,0.54305,0.272751
77,particle,"Electron",6154,0.963553,0.525792,0.277754
78,particle,"Electron",6154,1.013439,0.580893,0.292789
79,particle,"Electron",6154,0.952183,0.496019,0.281263
80,particle,"Electron",6154,0.947811,0.514945,0.285454
81,particle,"Electron",6154,0.957474,0.516684,0.294583
82,particle,"Electron",6154,0.943928,0.506586,0.292549
83,particle,"Electron",6154,1.124079,9.190557,0.300251
84,particle,"Electron",6154,0.937602,0.495068,0.294841
85,particle,"Electron",6154,0.963786,0.504743,0.30039
86,particle,"Electron",6154,0.955016,0.499687,0.284852
87,particle,"Electron",6154,0.956854,0.684712,0.279946
88,particle,"Electron",6154,0.93504,0.496726,0.2723
89,particle,"Electron",6154,0.987928,0.520664,0.30229
90,particle,"Electron",6154,0.9483,0.502296,0.291807
91,particle,"Electron",6154,0.979538,0.51456,0.301014
92,particle,"Electron",6154,0.960888,0.495074,0.28787
93,particle,"Electron",6154,0.958999,0.492496,0.291396
94,particle,"Electron",6154,0.956057,0.5011,0.292287
95,particle,"Electron",6154,0.937623,0.506005,0.294432
96,particle,"Electron",6154,0.956132,0.493681,0.288243
97,particle,"Electron",6154,0.925557,0.498356,0.279787
98,particle,"Electron",6154,0.952734,0.486807,0.291996
99,particle,"Electron",6154,0.946526,0.505221,0.29343
100,particle,"Electron",6154,0.969305,0.537418,0.301704
101,particle,"Electron",6154,0.922648,0.521659,0.294086
102,particle,"Electron",6154,0.89672,0.518825,0.281957
103,particle,"Electron",6154,0.996946,0.510492,0.295467
104,particle,"Electron",6154,0.914806,0.566446,0.31005
105,particle,"Electron",6154,0.97646,1.489153,0.293328
106,particle,"Electron",6154,0.959454,0.585551,0.305837
107,particle,"Electron",6154,0.985945,0.50681,0.29701
108,particle,"Electron",6154,0.956937,0.504867,0.276754
109,particle,"Electron",6154,0.968437,0.499969,0.277182
110,particle,"Electron",6154,0.974389,0.514535,0.286833
111,particle,"Electron",6154,0.950015,0.51042,0.289026
112,particle,"Electron",6154,0.949474,0.529883,0.303511
113,particle,"Electron",6154,0.94927,0.508922,0.291276
114,particle,"Electron",6154,0.999347,0.552177,0.299874
115,particle,"Electron",6154,0.965402,0.643061,0.305956
116,particle,"Electron",6154,0.950328,0.502832,0.303253
117,particle,"Electron",6154,0.983663,0.916128,0.300769
118,particle,"Electron",6154,0.930108,0.485888,0.290528
119,particle,"Electron",6154,0.948664,0.494045,0.291916
120,particle,"Electron",6154,0.933737,0.489485,0.281381
121,particle,"Electron",6154,0.938646,0.488694,0.279801
122,particle,"Electron",6154,0.934178,0.500565,0.288585
123,particle,"Electron",6154,0.935464,0.650633,0.290091
124,particle,"Electron",6154,0.960945,0.48685,0.301393
125,particle,"Electron",6154,0.93791,0.48983,0.291804
126,particle,"Electron",6154,0.915275,0.488133,0.293657
127,particle,"Electron",6154,0.911238,0.497219,0.304031
128,particle,"Electron",6154,0.940051,0.47848,0.296891
129,particle,"Electron",6154,0.902062,0.475922,0.284417
130,particle,"Electron",6154,0.9213,0.641821,0.293686
131,particle,"Electron",6154,0.939893,0.768081,0.293834
132,particle,"Electron",6154,0.951614,0.848651,0.297369
133,particle,"Electron",6154,0.913935,0.476047,0.285098
134,particle,"Electron",6154,0.933409,0.862741,0.292828
135,particle,"Electron",6154,0.934543,0.534722,0.299117
136,particle,"Electron",6154,0.930264,0.571435,0.298389
137,particle,"Electron",6154,0.938313,0.508984,0.300877
138,particle,"Electron",6154,0.931233,0.478613,0.293674
139,particle,"Electron",6154,0.928275,0.503889,0.296992
140,particle,"Electron",6154,0.929872,0.480191,0.292215
141,particle,"Electron",6154,0.933915,0.481804,0.292183
142,particle,"Electron",6154,0.945986,0.838607,0.300919
143,particle,"Electron",6154,0.928333,0.537403,0.298774
144,particle,"Electron",6154,0.945623,0.880368,0.306242
145,particle,"Electron",6154,0.897114,0.541691,0.266768
146,particle,"Electron",6154,0.92324,0.473888,0.289142
147,particle,"Electron",6154,0.947106,0.769821,0.28991
148,particle,"Electron",6154,0.954106,0.50648,0.287138
149,particle,"Electron",6154,0.665941,0.542006,0.34287
150,particle,"Electron",6154,0.946123,0.489595,0.278265
151,particle,"Electron",6154,0.941328,0.504697,0.283042
152,particle,"Electron",6154,0.988314,0.532463,0.293172
153,particle,"Electron",6154,0.960413,1.010836,0.291234
154,particle,"Electron",6154,0.964549,1.090144,0.287457
155,particle,"Electron",6154,0.942947,0.87443,0.27962
156,particle,"Electron",6154,0.972465,0.479278,0.289177
157,particle,"Electron",6154,0.966454,0.562354,0.283493
158,particle,"Electron",6154,0.950578,0.767905,0.289293
159,particle,"Electron",6154,0.958791,1.008137,0.285473
160,particle,"Electron",6154,0.950968,0.479111,0.280123
161,particle,"Electron",6154,0.936626,0.488701,0.278703
162,particle,"Electron",6154,0.942223,0.47936,0.283866
163,particle,"Electron",6154,0.933315,0.521538,0.290548
164,particle,"Electron",6154,0.925497,0.789662,0.288808
165,particle,"Electron",6154,0.947628,0.482946,0.305793
166,particle,"Electron",6154,0.93464,0.473309,0.2964
167,particle,"Electron",6154,0.936281,0.672949,0.286628
168,particle,"Electron",6154,0.939845,0.896752,0.29784
169,particle,"Electron",6154,0.955707,1.33216,0.294251
170,particle,"Electron",6154,0.947103,1.094642,0.29171
171,particle,"Electron",6154,0.895901,0.518919,0.297436
172,particle,"Electron",6154,0.961183,1.386464,0.302357
173,particle,"Electron",6154,0.918904,0.814615,0.300065
174,particle,"Electron",6154,0.953077,0.736675,0.308823
175,particle,"Electron",6154,0.936313,0.518103,0.290687
176,particle,"Electron",6154,0.925215,1.356229,0.281671
177,particle,"Electron",6154,0.929204,0.468586,0.293427
178,particle,"Electron",6154,0.946447,1.578039,0.29235
179,particle,"Electron",6154,0.942685,0.656609,0.292079
180,particle,"Electron",6154,0.958497,1.828109,0.289486
181,particle,"Electron",6154,0.949484,1.499243,0.289222
182,particle,"Electron",6154,0.942803,0.477178,0.294643
183,particle,"Electron",6154,0.957039,1.345415,0.298024
184,particle,"Electron",6154,0.949375,1.293077,0.302212
185,particle,"Electron",6154,0.939943,0.856736,0.291267
186,particle,"Electron",6154,0.955667,1.620902,0.302323
187,particle,"Electron",6154,0.934892,1.784777,0.276671
188,particle,"Electron",6154,0.959169,0.661352,0.29676
189,particle,"Electron",6154,0.934654,0.476849,0.284957
190,particle,"Electron",6154,0.928577,0.769748,0.291533
191,particle,"Electron",6154,0.936337,1.386915,0.290258
192,particle,"Electron",6154,0.938824,0.477644,0.298333
193,particle,"Electron",6154,0.90696,0.897887,0.298287
194,particle,"Electron",6154,0.926432,0.472667,0.29009
195,particle,"Electron",6154,0.930008,0.479572,0.28508
196,particle,"Electron",6154,0.909629,0.99996,0.307924
197,particle,"Electron",6154,0.907829,0.573087,0.29901
198,particle,"Electron",6154,0.94329,1.125498,0.303206
199,particle,"Electron",6154,0.900169,1.235995,0.289597
200,particle,"Electron",6154,0.937124,0.92895,0.310743
201,particle,"Electron",6154,0.910731,1.047754,0.289069
202,particle,"Electron",6154,0.907518,1.335927,0.286278
203,particle,"Electron",6154,0.894789,0.463821,0.288862
204,particle,"Electron",6154,0.920398,0.511545,0.303349
205,particle,"Electron",6154,0.940768,1.245969,0.300948
206,particle,"Electron",6154,0.924219,0.831939,0.302136
207,particle,"Electron",6154,0.91111,1.346272,0.287979
208,particle,"Electron",6154,0.917106,1.53897,0.303935
209,particle,"Electron",6154,0.926284,1.151588,0.300338
210,particle,"Electron",6154,0.924606,1.379089,0.29879
211,particle,"Electron",6154,0.949922,1.775594,0.302148
212,particle,"Electron",6154,0.93299,1.884124,0.293156
213,particle,"Electron",6154,0.943663,1.245233,0.304689
214,particle,"Electron",6154,0.939848,1.439413,0.311254
215,particle,"Electron",6154,0.928075,1.206028,0.299136
216,particle,"Electron",6154,0.931406,1.102265,0.299508
217,particle,"Electron",6154,0.926156,1.186729,0.294433
218,particle,"Electron",6154,0.942376,1.408772,0.294473
219,particle,"Electron",6154,0.929597,1.854007,0.292631
220,particle,"Electron",6154,0.932341,1.399611,0.29345
221,particle,"Electron",6154,0.949803,1.290674,0.298121
222,particle,"Electron",6154,0.934161,1.398298,0.304336
223,particle,"Electron",6154,0.894951,0.713323,0.287999
224,particle,"Electron",6154,0.915286,1.462677,0.292813
225,particle,"Electron",6154,0.914025,1.44757,0.293691
226,particle,"Electron",6154,0.922082,1.189845,0.294817
227,particle,"Electron",6154,0.884906,0.469303,0.302563
228,particle,"Electron",6154,0.949727,1.43394,0.315359
229,particle,"Electron",6154,0.912386,1.158264,0.298392
230,particle,"Electron",6154,0.875276,0.449806,0.282325
231,particle,"Electron",6154,0.913148,1.259389,0.301386
232,particle,"Electron",6154,0.91592,1.8673,0.289717
233,particle,"Electron",6154,0.933259,1.865031,0.300358
234,particle,"Electron",6154,0.929501,1.466868,0.307664
235,particle,"Electron",6154,0.939274,1.875898,0.305942
236,particle,"Electron",6154,0.939059,1.941568,0.304616
237,particle,"Electron",6154,0.921956,1.623525,0.295946
238,particle,"Electron",6154,0.916265,1.216972,0.297354
239,particle,"Electron",6154,0.922568,0.761294,0.30838
240,particle,"Electron",6154,0.916764,0.526011,0.299317
241,particle,"Electron",6154,0.883696,0.659322,0.274193
242,particle,"Electron",6154,0.918548,0.613224,0.294652
243,particle,"Electron",6154,0.932657,0.787713,0.299638
244,particle,"Electron",6154,0.918196,0.667851,0.296124
245,particle,"Electron",6154,0.946444,1.777629,0.298338
246,particle,"Electron",6154,0.915558,0.600896,0.296311
247,particle,"Electron",6154,0.942287,1.875177,0.303363
248,particle,"Electron",6154,0.922581,1.589234,0.296125
249,particle,"Electron",6154,0.922431,1.378304,0.307762
250,particle,"Electron",6154,0.941023,1.779762,0.304836
251,particle,"Electron",6154,0.863355,0.459139,0.288481
252,particle,"Electron",6154,0.916458,0.612912,0.312635
253,particle,"Electron",6154,0.917529,1.271182,0.29644
254,particle,"Electron",6154,0.911825,0.496677,0.305321
255,particle,"Electron",6154,0.865744,0.463104,0.291738
256,particle,"Electron",6154,0.901851,1.217952,0.299156
257,particle,"Electron",6154,0.957784,2.541594,0.305263
258,particle,"Electron",6154,0.935821,1.494635,0.319998
259,particle,"Electron",6154,0.945117,2.290916,0.315657
260,particle,"Electron",6154,0.911292,1.528106,0.295897
261,particle,"Electron",6154,0.957776,3.057704,0.295817
262,particle,"Electron",6154,0.927251,2.012466,0.304969
263,particle,"Electron",6154,0.965644,3.305853,0.307042
264,particle,"Electron",6154,0.889991,0.453981,0.292761
265,particle,"Electron",6154,0.927864,2.344777,0.306699
266,particle,"Electron",6154,0.955589,2.389129,0.309492
267,particle,"Electron",6154,0.931383,1.965284,0.295211
268,particle,"Electron",6154,0.951843,1.989844,0.302123
269,particle,"Electron",6154,0.871779,0.471593,0.292613
270,particle,"Electron",6154,0.938379,2.032347,0.301634
271,particle,"Electron",6154,0.935028,1.956175,0.30423
272,particle,"Electron",6154,0.92662,1.882073,0.301289
273,particle,"Electron",6154,0.942305,2.297713,0.300819
274,particle,"Electron",6154,0.921716,1.819719,0.313036
275,particle,"Electron",6154,0.931676,1.894839,0.306237
276,particle,"Electron",6154,0.903827,1.580709,0.302411
277,particle,"Electron",6154,0.82236,0.446766,0.267441
278,particle,"Electron",6154,0.921523,1.645807,0.309661
279,particle,"Electron",6154,0.922587,1.804456,0.303779
280,particle,"Electron",6154,0.824526,0.456657,0.269259
281,particle,"Electron",6154,0.928733,1.754826,0.308682
282,particle,"Electron",6154,0.931624,2.270473,0.307554
283,particle,"Electron",6154,0.927057,2.101741,0.310166
284,particle,"Electron",6154,0.947091,2.537554,0.314554
285,particle,"Electron",6154,0.955042,2.615697,0.311711
286,particle,"Electron",6154,0.933775,2.393498,0.303836
287,particle,"Electron",6154,0.959095,3.031277,0.308954
288,particle,"Electron",6154,0.899703,0.941684,0.303403
289,particle,"Electron",6154,0.936948,2.313239,0.305992
290,particle,"Electron",6154,0.900032,0.596381,0.303737
291,particle,"Electron",6154,0.951412,2.627938,0.309587
292,particle,"Electron",6154,0.95512,3.258397,0.305341
293,particle,"Electron",6154,0.935822,2.615879,0.301999
294,particle,"Electron",6154,0.934059,2.307053,0.307524
295,particle,"Electron",6154,0.953338,2.735689,0.306398
296,particle,"Electron",6154,0.972717,3.37419,0.316601
297,particle,"Electron",6154,0.910289,1.851425,0.305283
298,particle,"Electron",6154,0.926798,2.622358,0.300964
299,particle,"Electron",6154,0.919829,1.418245,0.305708
300,particle,"Electron",6154,0.922015,1.440629,0.312673
301,particle,"Electron",6154,0.915571,1.887685,0.306093
302,particle,"Electron",6154,0.930507,1.528896,0.300144
303,particle,"Electron",6154,0.807311,0.442274,0.273793
304,particle,"Electron",6154,0.941479,2.076958,0.30249
305,particle,"Electron",6154,0.902847,0.835177,0.308594
306,particle,"Electron",6154,0.906189,1.423642,0.296039
307,particle,"Electron",6154,0.920425,1.248105,0.311177
308,particle,"Electron",6154,0.873937,0.467094,0.293557
309,particle,"Electron",6154,0.913523,0.468653,0.317046
310,particle,"Electron",6154,0.907179,1.154089,0.306595
311,particle,"Electron",6154,0.921084,0.826103,0.321992
312,particle,"Electron",6154,0.928339,2.092481,0.312002
313,particle,"Electron",6154,0.915232,1.284936,0.306405
314,particle,"Electron",6154,0.91273,1.343617,0.30428
315,particle,"Electron",6154,0.91701,1.68435,0.31389
316,particle,"Electron",6154,0.932098,1.936721,0.309046
317,particle,"Electron",6154,0.92212,1.722945,0.305459
318,particle,"Electron",6154,0.934011,1.56784,0.308553
319,particle,"Electron",6154,0.916804,1.744585,0.303784
320,particle,"Electron",6154,0.931232,2.770302,0.306324
321,particle,"Electron",6154,0.865753,0.589753,0.302934
322,particle,"Electron",6154,0.906806,1.87406,0.310582
323,particle,"Electron",6154,0.932219,2.197248,0.312199
324,particle,"Electron",6154,0.898378,0.812928,0.317536
325,particle,"Electron",6154,0.945828,2.924374,0.305604
326,particle,"Electron",6154,0.910526,1.474263,0.303703
327,particle,"Electron",6154,0.946159,1.998541,0.310045
328,particle,"Electron",6154,0.893505,0.611183,0.303869
329,particle,"Electron",6154,0.924918,1.412985,0.313254
330,particle,"Electron",6154,0.928528,1.443609,0.316273
331,particle,"Electron",6154,0.912551,0.971197,0.316889
332,particle,"Electron",6154,0.888568,1.283655,0.294861
333,particle,"Electron",6154,0.916906,1.360072,0.309313
334,particle,"Electron",6154,0.938575,3.360989,0.307091
335,particle,"Electron",6154,0.903108,0.811164,0.315067
336,particle,"Electron",6154,0.910375,1.304219,0.31083
337,particle,"Electron",6154,0.954841,2.859341,0.310224
338,particle,"Electron",6154,0.925908,1.872417,0.306563
339,particle,"Electron",6154,0.933172,2.339611,0.30615
340,particle,"Electron",6154,0.913613,1.205802,0.309367
341,particle,"Electron",6154,0.932255,2.165707,0.305078
342,particle,"Electron",6154,0.91949,1.136564,0.313383
343,particle,"Electron",6154,0.917965,1.261648,0.305996
344,particle,"Electron",6154,0.919148,1.573868,0.303449
345,particle,"Electron",6154,0.938949,2.356598,0.307947
346,particle,"Electron",6154,0.920317,1.432685,0.304941
347,particle,"Electron",6154,0.927727,1.881301,0.304333
348,particle,"Electron",6154,0.880166,0.556218,0.30307
349,particle,"Electron",6154,0.896341,0.836772,0.310144
350,particle,"Electron",6154,0.93337,2.162808,0.304569
351,particle,"Electron",6154,0.917462,1.988046,0.299408
352,particle,"Electron",6154,0.930967,1.869182,0.309062
353,particle,"Electron",6154,0.903901,1.281852,0.304348
354,particle,"Electron",6154,0.915279,1.277905,0.310823
355,particle,"Electron",6154,0.895528,1.272264,0.302879
356,particle,"Electron",6154,0.89066,0.95893,0.305338
357,particle,"Electron",6154,0.901422,0.93029,0.30456
358,particle,"Electron",6154,0.927984,1.672325,0.308158
359,particle,"Electron",6154,0.895717,1.080238,0.305745
360,particle,"Electron",6154,0.936524,2.693088,0.308523
361,particle,"Electron",6154,0.899274,1.410352,0.302387
362,particle,"Electron",6154,0.930394,2.536859,0.30993
363,particle,"Electron",6154,0.923248,2.210001,0.307114
364,particle,"Electron",6154,0.935028,1.744913,0.3078
365,particle,"Electron",6154,0.950693,3.081229,0.300543
366,particle,"Electron",6154,0.947865,2.917236,0.313319
367,particle,"Electron",6154,0.948638,3.126385,0.302306
368,particle,"Electron",6154,0.914193,1.860294,0.301766
369,particle,"Electron",6154,0.961849,3.386684,0.30989
370,particle,"Electron",6154,0.88964,1.429302,0.298501
371,particle,"Electron",6154,0.952214,3.26898,0.314315
372,particle,"Electron",6154,0.953248,2.809713,0.310288
373,particle,"Electron",6154,0.937071,2.361621,0.313175
374,particle,"Electron",6154,0.951166,3.653218,0.312425
375,particle,"Electron",6154,0.941503,2.517591,0.301498
376,particle,"Electron",6154,0.931391,2.822775,0.314319
377,particle,"Electron",6154,0.923617,1.780931,0.306724
378,particle,"Electron",6154,0.946232,2.699599,0.314384
379,particle,"Electron",6154,0.933185,1.722874,0.311415
380,particle,"Electron",6154,0.928404,2.331725,0.304946
381,particle,"Electron",6154,0.913593,2.187293,0.305785
382,particle,"Electron",6154,0.937644,2.575168,0.308177
383,particle,"Electron",6154,0.918292,2.408321,0.30652
384,particle,"Electron",6154,0.920083,2.381221,0.305594
385,particle,"Electron",6154,0.945306,2.205337,0.311443
386,particle,"Electron",6154,0.948655,2.980413,0.306898
387,particle,"Electron",6154,0.844528,0.455288,0.28446
388,particle,"Electron",6154,0.913011,1.739917,0.307676
389,particle,"Electron",6154,0.925227,1.355712,0.311867
390,particle,"Electron",6154,0.914112,1.671794,0.307706
391,particle,"Electron",6154,0.948113,2.773824,0.308498
392,particle,"Electron",6154,0.929496,2.151352,0.303022
393,particle,"Electron",6154,0.965008,3.388381,0.310611
394,particle,"Electron",6154,0.931767,2.52775,0.305568
395,particle,"Electron",6154,0.931331,2.189151,0.305143
396,particle,"Electron",6154,0.929336,1.833065,0.308346
397,particle,"Electron",6154,0.92916,2.524564,0.309137
398,particle,"Electron",6154,0.96445,3.275097,0.305811
399,particle,"Electron",6154,0.903774,2.551401,0.288941
400,particle,"Electron",6154,0.910874,0.590277,0.310157
401,particle,"Electron",6154,0.937812,2.649954,0.309786
402,particle,"Electron",6154,0.876841,0.469993,0.302068
403,particle,"Electron",6154,0.936786,2.857487,0.306465
404,particle,"Electron",6154,0.945504,3.38626,0.307951
405,particle,"Electron",6154,0.920728,1.544391,0.309106
406,particle,"Electron",6154,0.899875,0.615322,0.307811
407,particle,"Electron",6154,0.933515,3.085882,0.303665
408,particle,"Electron",6154,0.962123,3.561035,0.311286
409,particle,"Electron",6154,0.950324,2.698562,0.311874
410,particle,"Electron",6154,0.941103,2.264302,0.316863
411,particle,"Electron",6154,0.963926,3.365588,0.322994
412,particle,"Electron",6154,0.954488,3.008144,0.317338
413,particle,"Electron",6154,0.886993,0.64968,0.307967
414,particle,"Electron",6154,0.915464,2.062509,0.31056
415,particle,"Electron",6154,0.930352,2.957947,0.307575
416,particle,"Electron",6154,0.928686,1.976904,0.30984
417,particle,"Electron",6154,0.944645,3.164461,0.309757
418,particle,"Electron",6154,0.950834,3.232249,0.305442
419,particle,"Electron",6154,0.946432,3.302265,0.308976
420,particle,"Electron",6154,0.89494,1.156249,0.304095
421,particle,"Electron",6154,0.968156,3.894341,0.313508
422,particle,"Electron",6154,0.748093,0.491635,0.271792
423,particle,"Electron",6154,0.951708,3.208605,0.310397
424,particle,"Electron",6154,0.922352,2.080056,0.312579
425,particle,"Electron",6154,0.901554,0.942018,0.310132
426,particle,"Electron",6154,0.927897,1.696193,0.313448
427,particle,"Electron",6154,0.956657,3.332069,0.311835
428,particle,"Electron",6154,0.885298,0.458099,0.307476
429,particle,"Electron",6154,0.945366,2.942187,0.30524
430,particle,"Electron",6154,0.908803,0.809552,0.305059
431,particle,"Electron",6154,0.963398,3.570901,0.306736
432,particle,"Electron",6154,0.960937,4.203683,0.303149
433,particle,"Electron",6154,0.884697,0.552775,0.290223
434,particle,"Electron",6154,0.935214,2.78303,0.308232
435,particle,"Electron",6154,0.962651,3.372525,0.310557
436,particle,"Electron",6154,0.960209,3.385232,0.311624
437,particle,"Electron",6154,0.945742,2.999107,0.305985
438,particle,"Electron",6154,0.950644,2.681999,0.318474
439,particle,"Electron",6154,0.966229,3.80001,0.303298
440,particle,"Electron",6154,0.948258,3.445049,0.303213
441,particle,"Electron",6154,0.911427,1.745725,0.296223
442,particle,"Electron",6154,0.926156,2.902632,0.296995
443,particle,"Electron",6154,0.93784,2.130446,0.311517
444,particle,"Electron",6154,0.945421,2.757281,0.305104
445,particle,"Electron",6154,0.93705,2.711516,0.308158
446,particle,"Electron",6154,0.955206,3.490807,0.307545
447,particle,"Electron",6154,0.89636,0.608563,0.306055
448,particle,"Electron",6154,0.928898,2.192287,0.320453
449,particle,"Electron",6154,0.922192,2.17367,0.308937
450,particle,"Electron",6154,0.930444,2.021523,0.31888
451,particle,"Electron",6154,0.916957,1.77911,0.315056
452,particle,"Electron",6154,0.939877,2.837019,0.312505
453,particle,"Electron",6154,0.956329,3.413778,0.313939
454,particle,"Electron",6154,0.923058,2.327996,0.30743
455,particle,"Electron",6154,0.933729,2.553219,0.309736
456,particle,"Electron",6154,0.907472,0.580766,0.313584
457,particle,"Electron",6154,0.944951,2.689121,0.312113
458,particle,"Electron",6154,0.944064,3.256695,0.313795
459,particle,"Electron",6154,0.922439,2.343958,0.313322
460,particle,"Electron",6154,0.917462,2.11258,0.315979
461,particle,"Electron",6154,0.94469,2.735966,0.317006
462,particle,"Electron",6154,0.945483,3.255711,0.31376
463,particle,"Electron",6154,0.965183,3.346394,0.312734
464,particle,"Electron",6154,0.874662,0.45439,0.305235
465,particle,"Electron",6154,0.885564,0.52916,0.307932
466,particle,"Electron",6154,0.933996,2.839677,0.310646
467,particle,"Electron",6154,0.901029,1.724539,0.316338
468,particle,"Electron",6154,0.964323,4.02161,0.319973
469,particle,"Electron",6154,0.967182,4.528664,0.320539
470,particle,"Electron",6154,0.957714,4.101821,0.310493
471,particle,"Electron",6154,0.90286,0.746246,0.310696
472,particle,"Electron",6154,0.932396,3.128905,0.307264
473,particle,"Electron",6154,0.957545,3.876924,0.3126
474,particle,"Electron",6154,0.934742,2.49641,0.317186
475,particle,"Electron",6154,0.918437,2.287477,0.309538
476,particle,"Electron",6154,0.924345,2.750151,0.306634
477,particle,"Electron",6154,0.909792,2.16426,0.31551
478,particle,"Electron",6154,0.889241,0.493455,0.30475
479,particle,"Electron",6154,0.898875,1.767029,0.301527
480,particle,"Electron",6154,0.926152,2.567024,0.311193
481,particle,"Electron",6154,0.953026,3.588425,0.308221
482,particle,"Electron",6154,0.940168,3.246259,0.312564
483,particle,"Electron",6154,0.911778,2.48479,0.307372
484,particle,"Electron",6154,0.919208,1.948184,0.314425
485,particle,"Electron",6154,0.956401,3.479007,0.318224
486,particle,"Electron",6154,0.908007,1.248298,0.31327
487,particle,"Electron",6154,0.92192,2.404925,0.310225
488,particle,"Electron",6154,0.923915,2.89605,0.309105
489,particle,"Electron",6154,0.922464,2.632659,0.307677
490,particle,"Electron",6154,0.946331,2.814045,0.326154
491,particle,"Electron",6154,0.963521,3.770714,0.310158
492,particle,"Electron",6154,0.947658,3.265085,0.313255
493,particle,"Electron",6154,0.937301,3.247767,0.30712
494,particle,"Electron",6154,0.951668,3.346224,0.316428
495,particle,"Electron",6154,0.969931,4.123557,0.318323
496,particle,"Electron",6154,0.903993,0.785222,0.313308
497,particle,"Electron",6154,0.913819,1.380743,0.31382
498,particle,"Electron",6154,0.945263,3.037094,0.313876
499,particle,"Electron",6154,0.94923,3.680498,0.308588
0,particle,"Muon",2222,0.656599,3.126674,0.006509
1,particle,"Muon",2222,0.466119,2.456842,0.02032
2,particle,"Muon",2222,0.98366,0.839644,0.068671
3,particle,"Muon",2222,0.902208,0.347449,0.108366
4,particle,"Muon",2222,0.920797,0.39948,0.058349
5,particle,"Muon",2222,0.891658,0.327536,0.042955
6,particle,"Muon",2222,0.925217,0.248977,0.070591
7,particle,"Muon",2222,0.936355,0.30407,0.047205
8,particle,"Muon",2222,0.918661,0.28953,0.035588
9,particle,"Muon",2222,0.946536,0.283694,0.088543
10,particle,"Muon",2222,0.961403,0.250245,0.078254
11,particle,"Muon",2222,0.977513,0.226436,0.028781
12,particle,"Muon",2222,0.979329,0.267093,0.037063
13,particle,"Muon",2222,0.959361,0.252214,0.022685
14,particle,"Muon",2222,0.974275,0.220132,0.023602
15,particle,"Muon",2222,0.958267,0.203605,0.034547
16,particle,"Muon",2222,1.024182,0.297394,0.068141
17,particle,"Muon",2222,1.016603,0.246494,0.033567
18,particle,"Muon",2222,0.977612,0.237236,0.048252
19,particle,"Muon",2222,0.95782,0.192001,0.019968
20,particle,"Muon",2222,0.965065,0.192609,0.012493
21,particle,"Muon",2222,0.946297,0.187335,0.029282
22,particle,"Muon",2222,0.957387,0.197559,0.026438
23,particle,"Muon",2222,0.973314,0.191226,0.017153
24,particle,"Muon",2222,0.928242,0.188136,0.036381
25,particle,"Muon",2222,0.909922,0.194169,0.027553
26,particle,"Muon",2222,0.933674,0.20352,0.028908
27,particle,"Muon",2222,0.975016,0.211505,0.024928
28,particle,"Muon",2222,0.947964,0.202191,0.032887
29,particle,"Muon",2222,0.963696,0.201913,0.029355
30,particle,"Muon",2222,0.939701,0.198739,0.051024
31,particle,"Muon",2222,0.763368,0.228527,0.036277
32,particle,"Muon",2222,0.986408,0.275716,0.053924
33,particle,"Muon",2222,1.011693,0.357349,0.054093
34,particle,"Muon",2222,0.978823,0.277396,0.082304
35,particle,"Muon",2222,0.993637,0.273551,0.032702
36,particle,"Muon",2222,0.894954,0.218471,0.040048
37,particle,"Muon",2222,0.94215,0.242484,0.049307
38,particle,"Muon",2222,0.915716,0.269538,0.044377
39,particle,"Muon",2222,0.973663,0.239142,0.041876
40,particle,"Muon",2222,0.915689,0.275659,0.052579
41,particle,"Muon",2222,0.940761,0.203822,0.024659
42,particle,"Muon",2222,0.9573,0.222354,0.042826
43,particle,"Muon",2222,0.943711,0.201485,0.015704
44,particle,"Muon",2222,0.974334,0.242807,0.017341
45,particle,"Muon",2222,0.881779,0.190471,0.019736
46,particle,"Muon",2222,0.930216,0.181717,0.027265
47,particle,"Muon",2222,0.954669,0.186072,0.027709
48,particle,"Muon",2222,0.905186,0.195695,0.034686
49,particle,"Muon",2222,0.931848,0.201162,0.05034
50,particle,"Muon",2222,0.973721,0.214648,0.037392
51,particle,"Muon",2222,0.983334,0.240083,0.043474
52,particle,"Muon",2222,0.960567,0.198347,0.019256
53,particle,"Muon",2222,0.950461,0.199066,0.035345
54,particle,"Muon",2222,0.955395,0.225007,0.04835
55,particle,"Muon",2222,0.961315,0.216475,0.05062
56,particle,"Muon",2222,0.915758,0.196395,0.060056
57,particle,"Muon",2222,0.944586,0.218881,0.061692
58,particle,"Muon",2222,0.932759,0.206053,0.03978
59,particle,"Muon",2222,0.973258,0.207605,0.032341
60,particle,"Muon",2222,0.958953,0.2106,0.034776
61,particle,"Muon",2222,0.972897,0.200866,0.03228
62,particle,"Muon",2222,0.976111,0.20579,0.025789
63,particle,"Muon",2222,0.898062,0.201453,0.024009
64,particle,"Muon",2222,0.897381,0.208184,0.043904
65,particle,"Muon",2222,0.954253,0.205499,0.026992
66,particle,"Muon",2222,0.970336,0.243172,0.068748
67,particle,"Muon",2222,0.926563,0.199336,0.027974
68,particle,"Muon",2222,0.970688,0.257739,0.077637
69,particle,"Muon",2222,0.926288,0.208629,0.069451
70,particle,"Muon",2222,0.997648,0.231405,0.039154
71,particle,"Muon",2222,0.919821,0.226317,0.034066
72,particle,"Muon",2222,0.900066,0.211662,0.065298
73,particle,"Muon",2222,0.906823,0.205434,0.061016
74,particle,"Muon",2222,0.927857,0.179875,0.02603
75,particle,"Muon",2222,0.952469,0.211775,0.049679
76,particle,"Muon",2222,0.93883,0.234826,0.058003
77,particle,"Muon",2222,0.938766,0.210508,0.026073
78,particle,"Muon",2222,0.958435,0.2247,0.068589
79,particle,"Muon",2222,0.919367,0.208327,0.092966
80,particle,"Muon",2222,0.930823,0.20488,0.026001
81,particle,"Muon",2222,0.958398,0.205765,0.01612
82,particle,"Muon",2222,0.924046,0.198876,0.064865
83,particle,"Muon",2222,0.974145,0.196606,0.022861
84,particle,"Muon",2222,0.917955,0.216096,0.061908
85,particle,"Muon",2222,0.964863,0.214168,0.049012
86,particle,"Muon",2222,0.950691,0.199816,0.029701
87,particle,"Muon",2222,0.927308,0.209272,0.041397
88,particle,"Muon",2222,0.930513,0.183522,0.017601
89,particle,"Muon",2222,0.986656,0.221809,0.049415
90,particle,"Muon",2222,0.942276,0.205413,0.040399
91,particle,"Muon",2222,0.99531,0.223305,0.039461
92,particle,"Muon",2222,0.970635,0.204331,0.038078
93,particle,"Muon",2222,0.98088,0.201431,0.026542
94,particle,"Muon",2222,0.963144,0.219369,0.033361
95,particle,"Muon",2222,0.931074,0.215645,0.051246
96,particle,"Muon",2222,0.962225,0.204831,0.032616
97,particle,"Muon",2222,0.896718,0.214655,0.057553
98,particle,"Muon",2222,0.965187,0.212738,0.035137
99,particle,"Muon",2222,0.956033,0.203096,0.04175
100,particle,"Muon",2222,0.976413,0.228982,0.047967
101,particle,"Muon",2222,0.934034,0.200815,0.020848
102,particle,"Muon",2222,0.871644,0.185532,0.039415
103,particle,"Muon",2222,0.993249,0.230751,0.042842
104,particle,"Muon",2222,0.947233,0.208952,0.042639
105,particle,"Muon",2222,0.917097,0.206568,0.0553
106,particle,"Muon",2222,0.960515,0.252909,0.063707
107,particle,"Muon",2222,0.998732,0.242021,0.045012
108,particle,"Muon",2222,0.930396,0.198954,0.03544
109,particle,"Muon",2222,0.968348,0.200744,0.048419
110,particle,"Muon",2222,0.959077,0.199825,0.048396
111,particle,"Muon",2222,0.960905,0.192467,0.028497
112,particle,"Muon",2222,0.917409,0.246521,0.085208
113,particle,"Muon",2222,0.961692,0.21027,0.013103
114,particle,"Muon",2222,0.992994,0.237784,0.035557
115,particle,"Muon",2222,0.974341,0.224007,0.034607
116,particle,"Muon",2222,0.945543,0.249175,0.07294
117,particle,"Muon",2222,0.946807,0.249395,0.07653
118,particle,"Muon",2222,0.947014,0.199744,0.021344
119,particle,"Muon",2222,0.956436,0.192169,0.026889
120,particle,"Muon",2222,0.93162,0.18245,0.018761
121,particle,"Muon",2222,0.94099,0.192083,0.023526
122,particle,"Muon",2222,0.943931,0.193618,0.026971
123,particle,"Muon",2222,0.9363,0.210375,0.042206
124,particle,"Muon",2222,0.989823,0.225432,0.035654
125,particle,"Muon",2222,0.946053,0.213508,0.050683
126,particle,"Muon",2222,0.904864,0.210589,0.07562
127,particle,"Muon",2222,0.914067,0.225242,0.050753
128,particle,"Muon",2222,0.969305,0.202825,0.022744
129,particle,"Muon",2222,0.928181,0.183162,0.018256
130,particle,"Muon",2222,0.932617,0.198851,0.034542
131,particle,"Muon",2222,0.944743,0.205178,0.040214
132,particle,"Muon",2222,0.963283,0.20912,0.036886
133,particle,"Muon",2222,0.909338,0.209178,0.048009
134,particle,"Muon",2222,0.933511,0.204773,0.050502
135,particle,"Muon",2222,0.958745,0.20235,0.031181
136,particle,"Muon",2222,0.954721,0.199752,0.026231
137,particle,"Muon",2222,0.965315,0.213914,0.031216
138,particle,"Muon",2222,0.95854,0.20988,0.029026
139,particle,"Muon",2222,0.946766,0.212364,0.031252
140,particle,"Muon",2222,0.946626,0.200557,0.031443
141,particle,"Muon",2222,0.934559,0.20656,0.040328
142,particle,"Muon",2222,0.966642,0.192463,0.038232
143,particle,"Muon",2222,0.941362,0.217096,0.036696
144,particle,"Muon",2222,0.974544,0.178854,0.032728
145,particle,"Muon",2222,0.888437,0.170431,0.030654
146,particle,"Muon",2222,0.938047,0.186828,0.025598
147,particle,"Muon",2222,0.945358,0.205076,0.044787
148,particle,"Muon",2222,0.951119,0.198808,0.042753
149,particle,"Muon",2222,0.38582,0.271124,0.025343
150,particle,"Muon",2222,0.947742,0.193785,0.03813
151,particle,"Muon",2222,0.960962,0.186879,0.025469
152,particle,"Muon",2222,0.975513,0.267887,0.051207
153,particle,"Muon",2222,0.941643,0.205677,0.044794
154,particle,"Muon",2222,0.952647,0.203833,0.02304
155,particle,"Muon",2222,0.932191,0.18944,0.025487
156,particle,"Muon",2222,0.981703,0.191115,0.03585
157,particle,"Muon",2222,0.970022,0.196665,0.029947
158,particle,"Muon",2222,0.947693,0.212957,0.029695
159,particle,"Muon",2222,0.936372,0.218683,0.042479
160,particle,"Muon",2222,0.950653,0.221323,0.021803
161,particle,"Muon",2222,0.950006,0.210294,0.032092
162,particle,"Muon",2222,0.937096,0.226586,0.057047
163,particle,"Muon",2222,0.956152,0.227255,0.029413
164,particle,"Muon",2222,0.930698,0.201997,0.031396
165,particle,"Muon",2222,0.967044,0.212049,0.037648
166,particle,"Muon",2222,0.964308,0.228342,0.02378
167,particle,"Muon",2222,0.945971,0.209842,0.033412
168,particle,"Muon",2222,0.953291,0.215975,0.029335
169,particle,"Muon",2222,0.951087,0.227838,0.0325
170,particle,"Muon",2222,0.958679,0.213328,0.025417
171,particle,"Muon",2222,0.916864,0.206094,0.037523
172,particle,"Muon",2222,0.968405,0.216713,0.034538
173,particle,"Muon",2222,0.938381,0.213098,0.033043
174,particle,"Muon",2222,0.99104,0.206742,0.020435
175,particle,"Muon",2222,0.968405,0.216082,0.02325
176,particle,"Muon",2222,0.919535,0.212266,0.032413
177,particle,"Muon",2222,0.95869,0.219354,0.025672
178,particle,"Muon",2222,0.94399,0.211717,0.042141
179,particle,"Muon",2222,0.964691,0.213717,0.022798
180,particle,"Muon",2222,0.958676,0.215025,0.028218
181,particle,"Muon",2222,0.950286,0.216154,0.026397
182,particle,"Muon",2222,0.976213,0.219319,0.020783
183,particle,"Muon",2222,0.975698,0.216098,0.022231
184,particle,"Muon",2222,0.961951,0.207226,0.028827
185,particle,"Muon",2222,0.943696,0.214528,0.033846
186,particle,"Muon",2222,0.945681,0.222417,0.048914
187,particle,"Muon",2222,0.909967,0.198919,0.032195
188,particle,"Muon",2222,0.969123,0.254961,0.037543
189,particle,"Muon",2222,0.951768,0.190269,0.02157
190,particle,"Muon",2222,0.936324,0.206967,0.030953
191,particle,"Muon",2222,0.934864,0.194546,0.028728
192,particle,"Muon",2222,0.956712,0.218134,0.049783
193,particle,"Muon",2222,0.935393,0.203811,0.022344
194,particle,"Muon",2222,0.944737,0.192819,0.039587
195,particle,"Muon",2222,0.938379,0.189536,0.015645
196,particle,"Muon",2222,0.916142,0.227579,0.047752
197,particle,"Muon",2222,0.888716,0.270681,0.072744
198,particle,"Muon",2222,0.955468,0.225615,0.031957
199,particle,"Muon",2222,0.899733,0.202304,0.025548
200,particle,"Muon",2222,0.964433,0.213385,0.026988
201,particle,"Muon",2222,0.924834,0.202298,0.03275
202,particle,"Muon",2222,0.913703,0.202127,0.025347
203,particle,"Muon",2222,0.922106,0.205966,0.040527
204,particle,"Muon",2222,0.898698,0.225764,0.086735
205,particle,"Muon",2222,0.944322,0.211089,0.036644
206,particle,"Muon",2222,0.929073,0.239191,0.052533
207,particle,"Muon",2222,0.904249,0.208228,0.037206
208,particle,"Muon",2222,0.940447,0.203557,0.032076
209,particle,"Muon",2222,0.952546,0.204128,0.019898
210,particle,"Muon",2222,0.939506,0.212513,0.026578
211,particle,"Muon",2222,0.966502,0.203523,0.017957
212,particle,"Muon",2222,0.928133,0.203438,0.035087
213,particle,"Muon",2222,0.963943,0.219985,0.031296
214,particle,"Muon",2222,0.981936,0.195082,0.013118
215,particle,"Muon",2222,0.946923,0.217522,0.033418
216,particle,"Muon",2222,0.959866,0.20396,0.025494
217,particle,"Muon",2222,0.952703,0.198714,0.016368
218,particle,"Muon",2222,0.935104,0.224043,0.042167
219,particle,"Muon",2222,0.949444,0.210006,0.019634
220,particle,"Muon",2222,0.96156,0.20692,0.01535
221,particle,"Muon",2222,0.973896,0.206836,0.021492
222,particle,"Muon",2222,0.974826,0.213216,0.018499
223,particle,"Muon",2222,0.922185,0.217036,0.032795
224,particle,"Muon",2222,0.921293,0.212847,0.035733
225,particle,"Muon",2222,0.941269,0.220641,0.023325
226,particle,"Muon",2222,0.940185,0.228439,0.023961
227,particle,"Muon",2222,0.915448,0.248711,0.057331
228,particle,"Muon",2222,0.994724,0.220985,0.023314
229,particle,"Muon",2222,0.939527,0.211053,0.023334
230,particle,"Muon",2222,0.888408,0.218254,0.023721
231,particle,"Muon",2222,0.937627,0.206939,0.026454
232,particle,"Muon",2222,0.91856,0.207013,0.029342
233,particle,"Muon",2222,0.936704,0.216839,0.046237
234,particle,"Muon",2222,0.968451,0.210263,0.017974
235,particle,"Muon",2222,0.965461,0.214099,0.017594
236,particle,"Muon",2222,0.932095,0.216946,0.05791
237,particle,"Muon",2222,0.940743,0.211108,0.026542
238,particle,"Muon",2222,0.941645,0.195349,0.014435
239,particle,"Muon",2222,0.949929,0.207951,0.034353
240,particle,"Muon",2222,0.966695,0.201331,0.018806
241,particle,"Muon",2222,0.889703,0.203881,0.022952
242,particle,"Muon",2222,0.957235,0.21527,0.024459
243,particle,"Muon",2222,0.978447,0.221741,0.021427
244,particle,"Muon",2222,0.943705,0.21596,0.02946
245,particle,"Muon",2222,0.956482,0.228274,0.036839
246,particle,"Muon",2222,0.949815,0.218881,0.032091
247,particle,"Muon",2222,0.97194,0.220662,0.01274
248,particle,"Muon",2222,0.943828,0.193268,0.021565
249,particle,"Muon",2222,0.951549,0.197435,0.021633
250,particle,"Muon",2222,0.966423,0.212417,0.009677
251,particle,"Muon",2222,0.874025,0.198283,0.039664
252,particle,"Muon",2222,0.926272,0.212876,0.046904
253,particle,"Muon",2222,0.93953,0.193628,0.020697
254,particle,"Muon",2222,0.945314,0.21882,0.034614
255,particle,"Muon",2222,0.875496,0.195927,0.051812
256,particle,"Muon",2222,0.930528,0.199094,0.018038
257,particle,"Muon",2222,0.949762,0.211375,0.032083
258,particle,"Muon",2222,0.966081,0.23431,0.027704
259,particle,"Muon",2222,0.966646,0.223666,0.030554
260,particle,"Muon",2222,0.932804,0.196611,0.021691
261,particle,"Muon",2222,0.94016,0.186737,0.029063
262,particle,"Muon",2222,0.931899,0.199946,0.041045
263,particle,"Muon",2222,0.960401,0.214243,0.023364
264,particle,"Muon",2222,0.896137,0.209811,0.046954
265,particle,"Muon",2222,0.939893,0.203413,0.019135
266,particle,"Muon",2222,0.970463,0.203519,0.016872
267,particle,"Muon",2222,0.933205,0.211801,0.028394
268,particle,"Muon",2222,0.958151,0.198275,0.020119
269,particle,"Muon",2222,0.875392,0.219154,0.050521
270,particle,"Muon",2222,0.953267,0.204931,0.026306
271,particle,"Muon",2222,0.957371,0.222342,0.021795
272,particle,"Muon",2222,0.949873,0.202696,0.017538
273,particle,"Muon",2222,0.945571,0.212262,0.024598
274,particle,"Muon",2222,0.945792,0.221617,0.033548
275,particle,"Muon",2222,0.958686,0.207314,0.022813
276,particle,"Muon",2222,0.918923,0.204303,0.019765
277,particle,"Muon",2222,0.773728,0.209133,0.029418
278,particle,"Muon",2222,0.94693,0.198136,0.028234
279,particle,"Muon",2222,0.924804,0.204409,0.033091
280,particle,"Muon",2222,0.790465,0.215592,0.025532
281,particle,"Muon",2222,0.958098,0.205804,0.027161
282,particle,"Muon",2222,0.947797,0.213749,0.025383
283,particle,"Muon",2222,0.946582,0.198912,0.027655
284,particle,"Muon",2222,0.967227,0.211242,0.019545
285,particle,"Muon",2222,0.978007,0.208976,0.016639
286,particle,"Muon",2222,0.918887,0.216768,0.044952
287,particle,"Muon",2222,0.970505,0.215866,0.017646
288,particle,"Muon",2222,0.927391,0.208509,0.029264
289,particle,"Muon",2222,0.952853,0.21402,0.01962
290,particle,"Muon",2222,0.938984,0.208942,0.03525
291,particle,"Muon",2222,0.968768,0.223747,0.016337
292,particle,"Muon",2222,0.956879,0.21489,0.018085
293,particle,"Muon",2222,0.940114,0.209437,0.019914
294,particle,"Muon",2222,0.951096,0.21902,0.022783
295,particle,"Muon",2222,0.946486,0.215912,0.035636
296,particle,"Muon",2222,0.965214,0.21994,0.023382
297,particle,"Muon",2222,0.9247,0.200503,0.019497
298,particle,"Muon",2222,0.939235,0.202418,0.023967
299,particle,"Muon",2222,0.924946,0.236638,0.046974
300,particle,"Muon",2222,0.955253,0.221305,0.028896
301,particle,"Muon",2222,0.954989,0.199876,0.013157
302,particle,"Muon",2222,0.954691,0.202161,0.019363
303,particle,"Muon",2222,0.765269,0.221249,0.053339
304,particle,"Muon",2222,0.960737,0.20469,0.022709
305,particle,"Muon",2222,0.93044,0.217484,0.039877
306,particle,"Muon",2222,0.928599,0.207669,0.01485
307,particle,"Muon",2222,0.949027,0.205923,0.026466
308,particle,"Muon",2222,0.907114,0.205545,0.03647
309,particle,"Muon",2222,0.977238,0.208912,0.018281
310,particle,"Muon",2222,0.938062,0.213133,0.028705
311,particle,"Muon",2222,0.98529,0.235504,0.024113
312,particle,"Muon",2222,0.957412,0.192427,0.01469
313,particle,"Muon",2222,0.936157,0.21085,0.027978
314,particle,"Muon",2222,0.947846,0.206939,0.028624
315,particle,"Muon",2222,0.956807,0.21527,0.012444
316,particle,"Muon",2222,0.959729,0.197051,0.011024
317,particle,"Muon",2222,0.944428,0.214893,0.022926
318,particle,"Muon",2222,0.959489,0.221579,0.020293
319,particle,"Muon",2222,0.94294,0.215551,0.014977
320,particle,"Muon",2222,0.950517,0.209036,0.011797
321,particle,"Muon",2222,0.916266,0.200153,0.019563
322,particle,"Muon",2222,0.943971,0.2186,0.014122
323,particle,"Muon",2222,0.954138,0.219594,0.016067
324,particle,"Muon",2222,0.943995,0.206746,0.032426
325,particle,"Muon",2222,0.934557,0.217707,0.027713
326,particle,"Muon",2222,0.953111,0.198566,0.022814
327,particle,"Muon",2222,0.948478,0.210997,0.041196
328,particle,"Muon",2222,0.928033,0.208179,0.026556
329,particle,"Muon",2222,0.955823,0.214427,0.025126
330,particle,"Muon",2222,0.966326,0.214858,0.017172
331,particle,"Muon",2222,0.966002,0.241378,0.021961
332,particle,"Muon",2222,0.907409,0.199703,0.03348
333,particle,"Muon",2222,0.947227,0.213262,0.021192
334,particle,"Muon",2222,0.944452,0.206196,0.013629
335,particle,"Muon",2222,0.952466,0.215568,0.025551
336,particle,"Muon",2222,0.921359,0.217527,0.039547
337,particle,"Muon",2222,0.9685,0.213925,0.015947
338,particle,"Muon",2222,0.950722,0.203541,0.020594
339,particle,"Muon",2222,0.944359,0.205589,0.0227
340,particle,"Muon",2222,0.952,0.2141,0.024929
341,particle,"Muon",2222,0.954854,0.210489,0.018502
342,particle,"Muon",2222,0.957201,0.216278,0.023703
343,particle,"Muon",2222,0.949622,0.209702,0.019251
344,particle,"Muon",2222,0.94297,0.210755,0.020766
345,particle,"Muon",2222,0.961079,0.212361,0.015923
346,particle,"Muon",2222,0.946097,0.208152,0.023922
347,particle,"Muon",2222,0.952675,0.209999,0.017067
348,particle,"Muon",2222,0.922788,0.212734,0.027051
349,particle,"Muon",2222,0.941012,0.216829,0.028141
350,particle,"Muon",2222,0.952888,0.215591,0.018625
351,particle,"Muon",2222,0.934095,0.217757,0.021575
352,particle,"Muon",2222,0.955578,0.215229,0.018391
353,particle,"Muon",2222,0.935346,0.213742,0.023459
354,particle,"Muon",2222,0.953609,0.22029,0.017765
355,particle,"Muon",2222,0.924974,0.20909,0.026246
356,particle,"Muon",2222,0.927901,0.21584,0.02698
357,particle,"Muon",2222,0.933462,0.215165,0.025243
358,particle,"Muon",2222,0.957042,0.223049,0.017254
359,particle,"Muon",2222,0.92392,0.200504,0.020882
360,particle,"Muon",2222,0.93552,0.20549,0.027513
361,particle,"Muon",2222,0.919117,0.204745,0.018114
362,particle,"Muon",2222,0.950398,0.212053,0.025504
363,particle,"Muon",2222,0.93864,0.219337,0.018317
364,particle,"Muon",2222,0.957429,0.205173,0.019896
365,particle,"Muon",2222,0.939401,0.223094,0.022518
366,particle,"Muon",2222,0.945656,0.2091,0.031883
367,particle,"Muon",2222,0.949674,0.203775,0.015883
368,particle,"Muon",2222,0.930815,0.204978,0.023464
369,particle,"Muon",2222,0.963397,0.219929,0.018754
370,particle,"Muon",2222,0.913833,0.217984,0.031652
371,particle,"Muon",2222,0.948824,0.204753,0.020202
372,particle,"Muon",2222,0.958048,0.208097,0.018551
373,particle,"Muon",2222,0.958527,0.220697,0.021659
374,particle,"Muon",2222,0.954707,0.206075,0.022311
375,particle,"Muon",2222,0.955649,0.195515,0.016855
376,particle,"Muon",2222,0.947555,0.192039,0.01808
377,particle,"Muon",2222,0.934732,0.22746,0.029217
378,particle,"Muon",2222,0.958154,0.21793,0.013881
379,particle,"Muon",2222,0.953859,0.231491,0.017969
380,particle,"Muon",2222,0.943765,0.212809,0.018021
381,particle,"Muon",2222,0.941217,0.211323,0.017458
382,particle,"Muon",2222,0.950825,0.223246,0.018454
383,particle,"Muon",2222,0.924897,0.221451,0.024242
384,particle,"Muon",2222,0.937088,0.212845,0.022807
385,particle,"Muon",2222,0.963028,0.209449,0.013462
386,particle,"Muon",2222,0.959567,0.221897,0.012063
387,particle,"Muon",2222,0.83489,0.242774,0.046346
388,particle,"Muon",2222,0.936896,0.219188,0.021624
389,particle,"Muon",2222,0.959721,0.21948,0.0224
390,particle,"Muon",2222,0.952589,0.211113,0.016254
391,particle,"Muon",2222,0.958781,0.221118,0.01917
392,particle,"Muon",2222,0.958928,0.21139,0.009764
393,particle,"Muon",2222,0.96994,0.214755,0.010988
394,particle,"Muon",2222,0.940384,0.207762,0.019285
395,particle,"Muon",2222,0.943001,0.231234,0.01642
396,particle,"Muon",2222,0.942743,0.219599,0.02819
397,particle,"Muon",2222,0.938098,0.224401,0.027452
398,particle,"Muon",2222,0.956789,0.210903,0.02503
399,particle,"Muon",2222,0.887115,0.210742,0.033227
400,particle,"Muon",2222,0.968233,0.202712,0.017203
401,particle,"Muon",2222,0.953558,0.215266,0.015824
402,particle,"Muon",2222,0.892929,0.261491,0.063256
403,particle,"Muon",2222,0.944011,0.223962,0.022745
404,particle,"Muon",2222,0.943575,0.215566,0.023249
405,particle,"Muon",2222,0.953804,0.215116,0.015973
406,particle,"Muon",2222,0.943787,0.221379,0.023299
407,particle,"Muon",2222,0.927123,0.208258,0.023687
408,particle,"Muon",2222,0.963996,0.214143,0.014619
409,particle,"Muon",2222,0.974403,0.21429,0.012038
410,particle,"Muon",2222,0.972026,0.216033,0.022272
411,particle,"Muon",2222,0.978414,0.219402,0.028834
412,particle,"Muon",2222,0.963973,0.213532,0.019663
413,particle,"Muon",2222,0.932558,0.223268,0.021652
414,particle,"Muon",2222,0.933214,0.224421,0.02471
415,particle,"Muon",2222,0.938158,0.214986,0.021954
416,particle,"Muon",2222,0.949307,0.219821,0.018679
417,particle,"Muon",2222,0.95095,0.223737,0.018015
418,particle,"Muon",2222,0.947876,0.217068,0.016048
419,particle,"Muon",2222,0.946032,0.217067,0.02769
420,particle,"Muon",2222,0.930218,0.222237,0.019295
421,particle,"Muon",2222,0.969254,0.216641,0.015276
422,particle,"Muon",2222,0.593826,0.330813,0.048591
423,particle,"Muon",2222,0.956085,0.212911,0.016422
424,particle,"Muon",2222,0.952106,0.21454,0.018725
425,particle,"Muon",2222,0.946528,0.221943,0.018512
426,particle,"Muon",2222,0.964159,0.222312,0.01857
427,particle,"Muon",2222,0.963814,0.215122,0.01305
428,particle,"Muon",2222,0.930208,0.218599,0.02688
429,particle,"Muon",2222,0.950857,0.215318,0.017272
430,particle,"Muon",2222,0.950158,0.211872,0.021078
431,particle,"Muon",2222,0.956817,0.209572,0.015598
432,particle,"Muon",2222,0.940006,0.225686,0.02161
433,particle,"Muon",2222,0.90333,0.228074,0.023358
434,particle,"Muon",2222,0.949763,0.214225,0.014843
435,particle,"Muon",2222,0.97154,0.219531,0.015082
436,particle,"Muon",2222,0.955388,0.217881,0.022902
437,particle,"Muon",2222,0.954723,0.217223,0.013493
438,particle,"Muon",2222,0.962163,0.217198,0.028977
439,particle,"Muon",2222,0.95213,0.22141,0.018551
440,particle,"Muon",2222,0.942751,0.233716,0.021325
441,particle,"Muon",2222,0.933181,0.226927,0.018652
442,particle,"Muon",2222,0.917595,0.218726,0.022037
443,particle,"Muon",2222,0.96376,0.204245,0.019823
444,particle,"Muon",2222,0.952295,0.224485,0.018206
445,particle,"Muon",2222,0.944684,0.220216,0.028184
446,particle,"Muon",2222,0.95852,0.209501,0.013742
447,particle,"Muon",2222,0.936456,0.238079,0.027055
448,particle,"Muon",2222,0.962567,0.219743,0.018558
449,particle,"Muon",2222,0.934906,0.214073,0.02004
450,particle,"Muon",2222,0.955592,0.228056,0.021352
451,particle,"Muon",2222,0.949827,0.221048,0.032645
452,particle,"Muon",2222,0.953331,0.234268,0.02295
453,particle,"Muon",2222,0.965023,0.22653,0.01311
454,particle,"Muon",2222,0.948789,0.206863,0.023419
455,particle,"Muon",2222,0.947674,0.223281,0.020194
456,particle,"Muon",2222,0.966156,0.216186,0.015831
457,particle,"Muon",2222,0.956113,0.22726,0.018832
458,particle,"Muon",2222,0.956183,0.211975,0.019751
459,particle,"Muon",2222,0.952255,0.222696,0.017076
460,particle,"Muon",2222,0.953425,0.22085,0.021962
461,particle,"Muon",2222,0.955266,0.222509,0.025576
462,particle,"Muon",2222,0.946654,0.214585,0.023863
463,particle,"Muon",2222,0.967738,0.21331,0.019671
464,particle,"Muon",2222,0.923109,0.223382,0.027352
465,particle,"Muon",2222,0.92729,0.224935,0.026312
466,particle,"Muon",2222,0.950095,0.221448,0.029052
467,particle,"Muon",2222,0.931906,0.221012,0.03218
468,particle,"Muon",2222,0.967914,0.221161,0.016475
469,particle,"Muon",2222,0.957571,0.220653,0.016023
470,particle,"Muon",2222,0.951193,0.210561,0.017129
471,particle,"Muon",2222,0.957568,0.216964,0.015014
472,particle,"Muon",2222,0.94024,0.214294,0.020316
473,particle,"Muon",2222,0.954962,0.213689,0.01772
474,particle,"Muon",2222,0.960761,0.225507,0.01784
475,particle,"Muon",2222,0.941404,0.219668,0.018168
476,particle,"Muon",2222,0.940243,0.238899,0.017951
477,particle,"Muon",2222,0.938384,0.237571,0.035122
478,particle,"Muon",2222,0.93956,0.227317,0.02278
479,particle,"Muon",2222,0.911313,0.237637,0.027407
480,particle,"Muon",2222,0.94424,0.236904,0.018603
481,particle,"Muon",2222,0.954293,0.23022,0.013634
482,particle,"Muon",2222,0.954194,0.227895,0.018023
483,particle,"Muon",2222,0.926464,0.221523,0.02471
484,particle,"Muon",2222,0.948265,0.223935,0.019688
485,particle,"Muon",2222,0.967889,0.230174,0.016516
486,particle,"Muon",2222,0.951658,0.225368,0.02357
487,particle,"Muon",2222,0.944092,0.223946,0.01917
488,particle,"Muon",2222,0.940183,0.225859,0.018512
489,particle,"Muon",2222,0.942842,0.237007,0.015884
490,particle,"Muon",2222,0.980455,0.236354,0.017204
491,particle,"Muon",2222,0.962723,0.229239,0.015346
492,particle,"Muon",2222,0.957458,0.241382,0.01652
493,particle,"Muon",2222,0.937417,0.23012,0.018794
494,particle,"Muon",2222,0.954003,0.231163,0.02709
495,particle,"Muon",2222,0.970005,0.223547,0.017329
496,particle,"Muon",2222,0.962161,0.229487,0.015128
497,particle,"Muon",2222,0.955936,0.230746,0.016414
498,particle,"Muon",2222,0.959437,0.233059,0.015285
499,particle,"Muon",2222,0.950993,0.230865,0.016085
