Epoch 0
Pretraining energy response (E_pred / E_true) by true-energy bin:
  1-50 GeV: n=40292 Mean=7.906854 Std=8.163330 RMS90=5.996235
  50-150 GeV: n=23832 Mean=4.094137 Std=3.932620 RMS90=3.339742
  >150 GeV: n=68 Mean=3.514011 Std=3.642517 RMS90=3.133309
Pretraining energy response by particle species:
  Neutron: n=13032 Mean=6.138322 Std=3.499994 RMS90=2.670239
  K0: n=11955 Mean=7.142555 Std=4.009363 RMS90=3.053239
  Photon: n=19748 Mean=25.806546 Std=31.716712 RMS90=9.395738
  Pion: n=21287 Mean=3.277367 Std=7.238015 RMS90=3.095752
  Electron: n=6154 Mean=12.162762 Std=17.267382 RMS90=10.876547
  Muon: n=2222 Mean=1.466728 Std=6.162134 RMS90=0.048439

Epoch 1
Pretraining energy response (E_pred / E_true) by true-energy bin:
  1-50 GeV: n=40292 Mean=7.862909 Std=8.114563 RMS90=5.957632
  50-150 GeV: n=23832 Mean=4.060204 Std=3.900954 RMS90=3.320622
  >150 GeV: n=68 Mean=3.456402 Std=3.581323 RMS90=3.090966
Pretraining energy response by particle species:
  Neutron: n=13032 Mean=6.104746 Std=3.481285 RMS90=2.677199
  K0: n=11955 Mean=7.101443 Std=3.974305 RMS90=3.038863
  Photon: n=19748 Mean=25.757613 Std=31.974721 RMS90=9.370409
  Pion: n=21287 Mean=3.253665 Std=7.166834 RMS90=3.069663
  Electron: n=6154 Mean=12.137492 Std=17.255025 RMS90=10.810181
  Muon: n=2222 Mean=1.461576 Std=6.113454 RMS90=0.048314

Epoch 2
Pretraining energy response (E_pred / E_true) by true-energy bin:
  1-50 GeV: n=40292 Mean=0.899759 Std=0.274967 RMS90=0.149178
  50-150 GeV: n=23832 Mean=0.958990 Std=0.143178 RMS90=0.066063
  >150 GeV: n=68 Mean=0.965682 Std=0.092230 RMS90=0.065942
Pretraining energy response by particle species:
  Neutron: n=13032 Mean=0.862074 Std=0.264639 RMS90=0.143656
  K0: n=11955 Mean=0.966131 Std=0.199597 RMS90=0.109572
  Photon: n=19748 Mean=1.168831 Std=1.332275 RMS90=0.199767
  Pion: n=21287 Mean=0.940176 Std=0.312592 RMS90=0.131739
  Electron: n=6154 Mean=1.033333 Std=1.346278 RMS90=0.175967
  Muon: n=2222 Mean=0.962506 Std=0.324481 RMS90=0.052936

Epoch 3
Pretraining energy response (E_pred / E_true) by true-energy bin:
  1-50 GeV: n=40292 Mean=0.919326 Std=0.273808 RMS90=0.148757
  50-150 GeV: n=23832 Mean=0.944712 Std=0.139051 RMS90=0.063956
  >150 GeV: n=68 Mean=0.955349 Std=0.084406 RMS90=0.051704
Pretraining energy response by particle species:
  Neutron: n=13032 Mean=0.862954 Std=0.257055 RMS90=0.130853
  K0: n=11955 Mean=0.965866 Std=0.197033 RMS90=0.098906
  Photon: n=19748 Mean=1.196046 Std=1.509820 RMS90=0.188532
  Pion: n=21287 Mean=0.935682 Std=0.297611 RMS90=0.135655
  Electron: n=6154 Mean=1.056248 Std=1.990822 RMS90=0.172768
  Muon: n=2222 Mean=0.949258 Std=0.285683 RMS90=0.047829

Epoch 4
Pretraining energy response (E_pred / E_true) by true-energy bin:
  1-50 GeV: n=40292 Mean=0.876708 Std=0.261152 RMS90=0.140702
  50-150 GeV: n=23832 Mean=0.916653 Std=0.134715 RMS90=0.058158
  >150 GeV: n=68 Mean=0.900535 Std=0.082497 RMS90=0.055081
Pretraining energy response by particle species:
  Neutron: n=13032 Mean=0.814963 Std=0.244527 RMS90=0.127247
  K0: n=11955 Mean=0.910177 Std=0.186262 RMS90=0.099206
  Photon: n=19748 Mean=1.093023 Std=1.010185 RMS90=0.175002
  Pion: n=21287 Mean=0.919499 Std=0.287733 RMS90=0.114703
  Electron: n=6154 Mean=0.973753 Std=1.341780 RMS90=0.166171
  Muon: n=2222 Mean=0.910943 Std=0.242035 RMS90=0.042844

Epoch 5
Pretraining energy response (E_pred / E_true) by true-energy bin:
  1-50 GeV: n=40292 Mean=0.867121 Std=0.249049 RMS90=0.124223
  50-150 GeV: n=23832 Mean=0.880612 Std=0.124460 RMS90=0.049684
  >150 GeV: n=68 Mean=0.883630 Std=0.081123 RMS90=0.052242
Pretraining energy response by particle species:
  Neutron: n=13032 Mean=0.810376 Std=0.242173 RMS90=0.124358
  K0: n=11955 Mean=0.901228 Std=0.185450 RMS90=0.099095
  Photon: n=19748 Mean=1.047571 Std=0.920315 RMS90=0.171479
  Pion: n=21287 Mean=0.895778 Std=0.269762 RMS90=0.092665
  Electron: n=6154 Mean=0.949830 Std=1.356604 RMS90=0.147068
  Muon: n=2222 Mean=0.883209 Std=0.223022 RMS90=0.029277

Epoch 6
Pretraining energy response (E_pred / E_true) by true-energy bin:
  1-50 GeV: n=40292 Mean=0.890526 Std=0.249420 RMS90=0.119121
  50-150 GeV: n=23832 Mean=0.932245 Std=0.130161 RMS90=0.047900
  >150 GeV: n=68 Mean=0.926480 Std=0.078916 RMS90=0.048778
Pretraining energy response by particle species:
  Neutron: n=13032 Mean=0.833649 Std=0.246280 RMS90=0.121941
  K0: n=11955 Mean=0.933671 Std=0.184960 RMS90=0.093650
  Photon: n=19748 Mean=1.083436 Std=0.896475 RMS90=0.170171
  Pion: n=21287 Mean=0.930361 Std=0.273963 RMS90=0.085767
  Electron: n=6154 Mean=0.965645 Std=1.308180 RMS90=0.148566
  Muon: n=2222 Mean=0.926479 Std=0.202342 RMS90=0.035146

Epoch 7
Pretraining energy response (E_pred / E_true) by true-energy bin:
  1-50 GeV: n=40292 Mean=0.910109 Std=0.255322 RMS90=0.122218
  50-150 GeV: n=23832 Mean=0.917149 Std=0.133461 RMS90=0.049635
  >150 GeV: n=68 Mean=0.914221 Std=0.085712 RMS90=0.046694
Pretraining energy response by particle species:
  Neutron: n=13032 Mean=0.827490 Std=0.245491 RMS90=0.123380
  K0: n=11955 Mean=0.924539 Std=0.193127 RMS90=0.099502
  Photon: n=19748 Mean=1.097068 Std=0.946828 RMS90=0.172215
  Pion: n=21287 Mean=0.950979 Std=0.282837 RMS90=0.095639
  Electron: n=6154 Mean=0.998179 Std=1.368131 RMS90=0.154085
  Muon: n=2222 Mean=0.959796 Std=0.247800 RMS90=0.043298

Epoch 8
Pretraining energy response (E_pred / E_true) by true-energy bin:
  1-50 GeV: n=40292 Mean=0.946203 Std=0.266883 RMS90=0.131582
  50-150 GeV: n=23832 Mean=0.934009 Std=0.131584 RMS90=0.053007
  >150 GeV: n=68 Mean=0.927020 Std=0.075223 RMS90=0.045539
Pretraining energy response by particle species:
  Neutron: n=13032 Mean=0.863753 Std=0.254530 RMS90=0.126243
  K0: n=11955 Mean=0.962251 Std=0.190816 RMS90=0.096739
  Photon: n=19748 Mean=1.134841 Std=1.273498 RMS90=0.178562
  Pion: n=21287 Mean=0.973020 Std=0.298577 RMS90=0.116466
  Electron: n=6154 Mean=1.004571 Std=1.063523 RMS90=0.165971
  Muon: n=2222 Mean=0.945299 Std=0.253183 RMS90=0.029350

Epoch 9
Pretraining energy response (E_pred / E_true) by true-energy bin:
  1-50 GeV: n=40292 Mean=0.936404 Std=0.256758 RMS90=0.122920
  50-150 GeV: n=23832 Mean=0.949553 Std=0.131717 RMS90=0.049250
  >150 GeV: n=68 Mean=0.950692 Std=0.079923 RMS90=0.043070
Pretraining energy response by particle species:
  Neutron: n=13032 Mean=0.859476 Std=0.252256 RMS90=0.126120
  K0: n=11955 Mean=0.958473 Std=0.188389 RMS90=0.097092
  Photon: n=19748 Mean=1.186411 Std=1.489711 RMS90=0.193381
  Pion: n=21287 Mean=0.974284 Std=0.271944 RMS90=0.096087
  Electron: n=6154 Mean=1.040386 Std=1.483243 RMS90=0.165660
  Muon: n=2222 Mean=0.980268 Std=0.382313 RMS90=0.035747

Epoch 10
Pretraining energy response (E_pred / E_true) by true-energy bin:
  1-50 GeV: n=40292 Mean=0.943638 Std=0.265477 RMS90=0.126335
  50-150 GeV: n=23832 Mean=0.969090 Std=0.140358 RMS90=0.066752
  >150 GeV: n=68 Mean=0.948848 Std=0.080514 RMS90=0.053489
Pretraining energy response by particle species:
  Neutron: n=13032 Mean=0.901414 Std=0.267448 RMS90=0.133433
  K0: n=11955 Mean=1.009565 Std=0.201290 RMS90=0.102367
  Photon: n=19748 Mean=1.116246 Std=1.037344 RMS90=0.176300
  Pion: n=21287 Mean=0.958275 Std=0.283982 RMS90=0.098590
  Electron: n=6154 Mean=1.010127 Std=1.387468 RMS90=0.157175
  Muon: n=2222 Mean=0.956066 Std=0.299374 RMS90=0.033634

Epoch 11
Pretraining energy response (E_pred / E_true) by true-energy bin:
  1-50 GeV: n=40292 Mean=0.889410 Std=0.257999 RMS90=0.127765
  50-150 GeV: n=23832 Mean=0.939834 Std=0.135968 RMS90=0.051071
  >150 GeV: n=68 Mean=0.942487 Std=0.085660 RMS90=0.057015
Pretraining energy response by particle species:
  Neutron: n=13032 Mean=0.829688 Std=0.243538 RMS90=0.119787
  K0: n=11955 Mean=0.925693 Std=0.183803 RMS90=0.091926
  Photon: n=19748 Mean=1.100230 Std=0.983671 RMS90=0.170435
  Pion: n=21287 Mean=0.931714 Std=0.266617 RMS90=0.106993
  Electron: n=6154 Mean=0.987301 Std=1.594373 RMS90=0.150011
  Muon: n=2222 Mean=0.945644 Std=0.208913 RMS90=0.037754

Epoch 12
Pretraining energy response (E_pred / E_true) by true-energy bin:
  1-50 GeV: n=40292 Mean=0.963932 Std=0.276827 RMS90=0.141349
  50-150 GeV: n=23832 Mean=1.006226 Std=0.138572 RMS90=0.046911
  >150 GeV: n=68 Mean=0.996055 Std=0.080747 RMS90=0.039019
Pretraining energy response by particle species:
  Neutron: n=13032 Mean=0.902175 Std=0.269844 RMS90=0.134389
  K0: n=11955 Mean=1.013198 Std=0.197913 RMS90=0.098867
  Photon: n=19748 Mean=1.198994 Std=1.036837 RMS90=0.197965
  Pion: n=21287 Mean=0.989346 Std=0.278835 RMS90=0.102363
  Electron: n=6154 Mean=1.064243 Std=1.896998 RMS90=0.164768
  Muon: n=2222 Mean=1.005372 Std=0.257668 RMS90=0.047241

Epoch 13
Pretraining energy response (E_pred / E_true) by true-energy bin:
  1-50 GeV: n=40292 Mean=0.915364 Std=0.255703 RMS90=0.122508
  50-150 GeV: n=23832 Mean=0.947639 Std=0.127510 RMS90=0.043116
  >150 GeV: n=68 Mean=0.926605 Std=0.075490 RMS90=0.040054
Pretraining energy response by particle species:
  Neutron: n=13032 Mean=0.854043 Std=0.249617 RMS90=0.120049
  K0: n=11955 Mean=0.956894 Std=0.186616 RMS90=0.091157
  Photon: n=19748 Mean=1.127789 Std=1.088488 RMS90=0.177011
  Pion: n=21287 Mean=0.949138 Std=0.269551 RMS90=0.095837
  Electron: n=6154 Mean=1.006645 Std=1.565285 RMS90=0.151891
  Muon: n=2222 Mean=0.951911 Std=0.244570 RMS90=0.022749

Epoch 14
Pretraining energy response (E_pred / E_true) by true-energy bin:
  1-50 GeV: n=40292 Mean=0.917158 Std=0.255099 RMS90=0.118717
  50-150 GeV: n=23832 Mean=0.939034 Std=0.127043 RMS90=0.041494
  >150 GeV: n=68 Mean=0.940671 Std=0.073831 RMS90=0.035395
Pretraining energy response by particle species:
  Neutron: n=13032 Mean=0.849099 Std=0.248163 RMS90=0.121410
  K0: n=11955 Mean=0.948792 Std=0.182229 RMS90=0.089318
  Photon: n=19748 Mean=1.122420 Std=1.332362 RMS90=0.179653
  Pion: n=21287 Mean=0.949268 Std=0.266610 RMS90=0.085239
  Electron: n=6154 Mean=0.991617 Std=1.091663 RMS90=0.153471
  Muon: n=2222 Mean=0.947325 Std=0.241706 RMS90=0.021499

Epoch 15
Pretraining energy response (E_pred / E_true) by true-energy bin:
  1-50 GeV: n=40292 Mean=0.952910 Std=0.264965 RMS90=0.125489
  50-150 GeV: n=23832 Mean=0.976735 Std=0.131725 RMS90=0.048782
  >150 GeV: n=68 Mean=0.940206 Std=0.073993 RMS90=0.032918
Pretraining energy response by particle species:
  Neutron: n=13032 Mean=0.906419 Std=0.266364 RMS90=0.129955
  K0: n=11955 Mean=1.017475 Std=0.197894 RMS90=0.098558
  Photon: n=19748 Mean=1.112148 Std=1.108628 RMS90=0.176104
  Pion: n=21287 Mean=0.972802 Std=0.278454 RMS90=0.089911
  Electron: n=6154 Mean=1.013586 Std=1.540585 RMS90=0.155900
  Muon: n=2222 Mean=0.971193 Std=0.272105 RMS90=0.023003

Epoch 16
Pretraining energy response (E_pred / E_true) by true-energy bin:
  1-50 GeV: n=40292 Mean=0.934774 Std=0.256183 RMS90=0.118099
  50-150 GeV: n=23832 Mean=0.950123 Std=0.126688 RMS90=0.040613
  >150 GeV: n=68 Mean=0.945122 Std=0.078251 RMS90=0.041606
Pretraining energy response by particle species:
  Neutron: n=13032 Mean=0.868452 Std=0.251214 RMS90=0.117300
  K0: n=11955 Mean=0.970288 Std=0.189196 RMS90=0.091757
  Photon: n=19748 Mean=1.129479 Std=0.975875 RMS90=0.179846
  Pion: n=21287 Mean=0.963315 Std=0.268582 RMS90=0.083829
  Electron: n=6154 Mean=1.011679 Std=1.441706 RMS90=0.149419
  Muon: n=2222 Mean=0.970096 Std=0.252192 RMS90=0.027176

Epoch 17
Pretraining energy response (E_pred / E_true) by true-energy bin:
  1-50 GeV: n=40292 Mean=0.946515 Std=0.264195 RMS90=0.123875
  50-150 GeV: n=23832 Mean=0.980093 Std=0.132561 RMS90=0.044769
  >150 GeV: n=68 Mean=0.972981 Std=0.084695 RMS90=0.047658
Pretraining energy response by particle species:
  Neutron: n=13032 Mean=0.875418 Std=0.256202 RMS90=0.121900
  K0: n=11955 Mean=0.978543 Std=0.188479 RMS90=0.090922
  Photon: n=19748 Mean=1.146543 Std=1.221451 RMS90=0.182063
  Pion: n=21287 Mean=0.999190 Std=0.280206 RMS90=0.094606
  Electron: n=6154 Mean=1.052023 Std=1.392637 RMS90=0.155982
  Muon: n=2222 Mean=1.022299 Std=0.320971 RMS90=0.024325

Epoch 18
Pretraining energy response (E_pred / E_true) by true-energy bin:
  1-50 GeV: n=40292 Mean=0.934265 Std=0.255232 RMS90=0.118372
  50-150 GeV: n=23832 Mean=0.952803 Std=0.126899 RMS90=0.043268
  >150 GeV: n=68 Mean=0.938218 Std=0.068697 RMS90=0.028851
Pretraining energy response by particle species:
  Neutron: n=13032 Mean=0.879705 Std=0.255271 RMS90=0.120962
  K0: n=11955 Mean=0.983359 Std=0.187445 RMS90=0.091429
  Photon: n=19748 Mean=1.134068 Std=1.048186 RMS90=0.177696
  Pion: n=21287 Mean=0.949240 Std=0.259301 RMS90=0.080753
  Electron: n=6154 Mean=1.002401 Std=1.429568 RMS90=0.145478
  Muon: n=2222 Mean=0.947464 Std=0.246857 RMS90=0.016806

Epoch 19
Pretraining energy response (E_pred / E_true) by true-energy bin:
  1-50 GeV: n=40292 Mean=0.899384 Std=0.247355 RMS90=0.112760
  50-150 GeV: n=23832 Mean=0.923596 Std=0.124487 RMS90=0.041066
  >150 GeV: n=68 Mean=0.913485 Std=0.071913 RMS90=0.036819
Pretraining energy response by particle species:
  Neutron: n=13032 Mean=0.843176 Std=0.246135 RMS90=0.117819
  K0: n=11955 Mean=0.939920 Std=0.180685 RMS90=0.087235
  Photon: n=19748 Mean=1.097492 Std=0.953689 RMS90=0.170305
  Pion: n=21287 Mean=0.927110 Std=0.258358 RMS90=0.080208
  Electron: n=6154 Mean=0.983501 Std=1.712193 RMS90=0.141062
  Muon: n=2222 Mean=0.920404 Std=0.193275 RMS90=0.016237

Epoch 20
Pretraining energy response (E_pred / E_true) by true-energy bin:
  1-50 GeV: n=40292 Mean=0.920339 Std=0.252138 RMS90=0.113601
  50-150 GeV: n=23832 Mean=0.939597 Std=0.126067 RMS90=0.039068
  >150 GeV: n=68 Mean=0.919538 Std=0.077686 RMS90=0.038193
Pretraining energy response by particle species:
  Neutron: n=13032 Mean=0.847611 Std=0.247834 RMS90=0.119941
  K0: n=11955 Mean=0.948658 Std=0.180730 RMS90=0.089094
  Photon: n=19748 Mean=1.098618 Std=0.968804 RMS90=0.170826
  Pion: n=21287 Mean=0.962868 Std=0.265252 RMS90=0.082633
  Electron: n=6154 Mean=0.994155 Std=1.053948 RMS90=0.143198
  Muon: n=2222 Mean=0.963730 Std=0.198413 RMS90=0.018625

Epoch 21
Pretraining energy response (E_pred / E_true) by true-energy bin:
  1-50 GeV: n=40292 Mean=0.922673 Std=0.250829 RMS90=0.113479
  50-150 GeV: n=23832 Mean=0.927898 Std=0.124922 RMS90=0.040692
  >150 GeV: n=68 Mean=0.916854 Std=0.076759 RMS90=0.030862
Pretraining energy response by particle species:
  Neutron: n=13032 Mean=0.861200 Std=0.249470 RMS90=0.117205
  K0: n=11955 Mean=0.960262 Std=0.187311 RMS90=0.092821
  Photon: n=19748 Mean=1.115092 Std=0.967372 RMS90=0.177100
  Pion: n=21287 Mean=0.940324 Std=0.257258 RMS90=0.077633
  Electron: n=6154 Mean=0.993856 Std=1.330406 RMS90=0.144562
  Muon: n=2222 Mean=0.935044 Std=0.212858 RMS90=0.013902

Epoch 22
Pretraining energy response (E_pred / E_true) by true-energy bin:
  1-50 GeV: n=40292 Mean=0.934591 Std=0.257985 RMS90=0.114944
  50-150 GeV: n=23832 Mean=0.951182 Std=0.128660 RMS90=0.040069
  >150 GeV: n=68 Mean=0.945332 Std=0.078263 RMS90=0.030989
Pretraining energy response by particle species:
  Neutron: n=13032 Mean=0.873465 Std=0.253653 RMS90=0.120502
  K0: n=11955 Mean=0.978213 Std=0.187765 RMS90=0.089841
  Photon: n=19748 Mean=1.109553 Std=0.983794 RMS90=0.174085
  Pion: n=21287 Mean=0.959793 Std=0.265484 RMS90=0.078207
  Electron: n=6154 Mean=1.001673 Std=1.377112 RMS90=0.142864
  Muon: n=2222 Mean=0.964501 Std=0.247980 RMS90=0.017989

Epoch 23
Pretraining energy response (E_pred / E_true) by true-energy bin:
  1-50 GeV: n=40292 Mean=0.928324 Std=0.278511 RMS90=0.113647
  50-150 GeV: n=23832 Mean=0.952353 Std=0.147330 RMS90=0.038999
  >150 GeV: n=68 Mean=0.942850 Std=0.083069 RMS90=0.030574
Pretraining energy response by particle species:
  Neutron: n=13032 Mean=0.869333 Std=0.252017 RMS90=0.119605
  K0: n=11955 Mean=0.973315 Std=0.186063 RMS90=0.089357
  Photon: n=19748 Mean=1.109274 Std=0.988818 RMS90=0.172408
  Pion: n=21287 Mean=0.953198 Std=0.259518 RMS90=0.075620
  Electron: n=6154 Mean=1.001081 Std=1.395538 RMS90=0.141583
  Muon: n=2222 Mean=0.963881 Std=0.225889 RMS90=0.013610

Epoch 24
Pretraining energy response (E_pred / E_true) by true-energy bin:
  1-50 GeV: n=40292 Mean=0.922729 Std=0.263712 RMS90=0.112604
  50-150 GeV: n=23832 Mean=0.927652 Std=0.135800 RMS90=0.042483
  >150 GeV: n=68 Mean=0.914931 Std=0.080912 RMS90=0.028848
Pretraining energy response by particle species:
  Neutron: n=13032 Mean=0.860904 Std=0.249523 RMS90=0.118094
  K0: n=11955 Mean=0.962019 Std=0.184101 RMS90=0.089307
  Photon: n=19748 Mean=1.103060 Std=0.961686 RMS90=0.173847
  Pion: n=21287 Mean=0.939167 Std=0.257896 RMS90=0.077727
  Electron: n=6154 Mean=0.986219 Std=1.277368 RMS90=0.140875
  Muon: n=2222 Mean=0.933715 Std=0.232515 RMS90=0.018782

Epoch 25
Pretraining energy response (E_pred / E_true) by true-energy bin:
  1-50 GeV: n=40292 Mean=0.915021 Std=0.252054 RMS90=0.113341
  50-150 GeV: n=23832 Mean=0.935994 Std=0.127761 RMS90=0.047312
  >150 GeV: n=68 Mean=0.922269 Std=0.077601 RMS90=0.037215
Pretraining energy response by particle species:
  Neutron: n=13032 Mean=0.865792 Std=0.251376 RMS90=0.118900
  K0: n=11955 Mean=0.968086 Std=0.182452 RMS90=0.087040
  Photon: n=19748 Mean=1.101195 Std=0.936978 RMS90=0.171633
  Pion: n=21287 Mean=0.926131 Std=0.255472 RMS90=0.074794
  Electron: n=6154 Mean=0.980620 Std=1.552957 RMS90=0.141428
  Muon: n=2222 Mean=0.925150 Std=0.229386 RMS90=0.014376

Epoch 26
Pretraining energy response (E_pred / E_true) by true-energy bin:
  1-50 GeV: n=40292 Mean=0.912255 Std=0.252682 RMS90=0.111904
  50-150 GeV: n=23832 Mean=0.927225 Std=0.126241 RMS90=0.041197
  >150 GeV: n=68 Mean=0.914139 Std=0.082049 RMS90=0.030382
Pretraining energy response by particle species:
  Neutron: n=13032 Mean=0.858877 Std=0.249257 RMS90=0.117135
  K0: n=11955 Mean=0.957929 Std=0.184089 RMS90=0.088798
  Photon: n=19748 Mean=1.083688 Std=0.919673 RMS90=0.169340
  Pion: n=21287 Mean=0.928952 Std=0.253764 RMS90=0.074690
  Electron: n=6154 Mean=0.972210 Std=1.369689 RMS90=0.137369
  Muon: n=2222 Mean=0.928169 Std=0.218119 RMS90=0.014845

Epoch 27
Pretraining energy response (E_pred / E_true) by true-energy bin:
  1-50 GeV: n=40292 Mean=0.932736 Std=0.253878 RMS90=0.112075
  50-150 GeV: n=23832 Mean=0.943917 Std=0.126510 RMS90=0.038903
  >150 GeV: n=68 Mean=0.939060 Std=0.076099 RMS90=0.028360
Pretraining energy response by particle species:
  Neutron: n=13032 Mean=0.865661 Std=0.250399 RMS90=0.119076
  K0: n=11955 Mean=0.966510 Std=0.184033 RMS90=0.089398
  Photon: n=19748 Mean=1.112910 Std=0.957255 RMS90=0.171923
  Pion: n=21287 Mean=0.959132 Std=0.261015 RMS90=0.076769
  Electron: n=6154 Mean=0.992215 Std=1.089136 RMS90=0.142179
  Muon: n=2222 Mean=0.960456 Std=0.228575 RMS90=0.014231

Epoch 28
Pretraining energy response (E_pred / E_true) by true-energy bin:
  1-50 GeV: n=40292 Mean=0.926419 Std=0.253384 RMS90=0.114662
  50-150 GeV: n=23832 Mean=0.927922 Std=0.126672 RMS90=0.044567
  >150 GeV: n=68 Mean=0.919311 Std=0.078215 RMS90=0.032387
Pretraining energy response by particle species:
  Neutron: n=13032 Mean=0.867480 Std=0.251726 RMS90=0.119142
  K0: n=11955 Mean=0.967729 Std=0.188057 RMS90=0.093298
  Photon: n=19748 Mean=1.119878 Std=0.984605 RMS90=0.176232
  Pion: n=21287 Mean=0.934973 Std=0.256851 RMS90=0.078122
  Electron: n=6154 Mean=0.979909 Std=1.102146 RMS90=0.143737
  Muon: n=2222 Mean=0.930554 Std=0.236162 RMS90=0.012651

Epoch 29
Pretraining energy response (E_pred / E_true) by true-energy bin:
  1-50 GeV: n=40292 Mean=0.926489 Std=0.252800 RMS90=0.111533
  50-150 GeV: n=23832 Mean=0.939645 Std=0.126207 RMS90=0.038397
  >150 GeV: n=68 Mean=0.933848 Std=0.079171 RMS90=0.030862
Pretraining energy response by particle species:
  Neutron: n=13032 Mean=0.859653 Std=0.249359 RMS90=0.119545
  K0: n=11955 Mean=0.960074 Std=0.183471 RMS90=0.088829
  Photon: n=19748 Mean=1.103602 Std=0.949515 RMS90=0.168239
  Pion: n=21287 Mean=0.955705 Std=0.261749 RMS90=0.078458
  Electron: n=6154 Mean=0.990384 Std=1.187499 RMS90=0.143298
  Muon: n=2222 Mean=0.955845 Std=0.226023 RMS90=0.012919

Epoch 30
Pretraining energy response (E_pred / E_true) by true-energy bin:
  1-50 GeV: n=40292 Mean=0.946255 Std=0.281750 RMS90=0.143848
  50-150 GeV: n=23832 Mean=0.993453 Std=0.145793 RMS90=0.053064
  >150 GeV: n=68 Mean=0.955490 Std=0.077717 RMS90=0.045331
Pretraining energy response by particle species:
  Neutron: n=13032 Mean=0.912737 Std=0.273837 RMS90=0.139855
  K0: n=11955 Mean=1.021824 Std=0.205070 RMS90=0.109359
  Photon: n=19748 Mean=1.105362 Std=1.106895 RMS90=0.181920
  Pion: n=21287 Mean=0.962032 Std=0.279667 RMS90=0.101422
  Electron: n=6154 Mean=1.020616 Std=1.562401 RMS90=0.161678
  Muon: n=2222 Mean=0.985227 Std=0.219502 RMS90=0.029702

Epoch 31
Pretraining energy response (E_pred / E_true) by true-energy bin:
  1-50 GeV: n=40292 Mean=0.846080 Std=0.251578 RMS90=0.140633
  50-150 GeV: n=23832 Mean=0.849940 Std=0.161032 RMS90=0.120056
  >150 GeV: n=68 Mean=0.831770 Std=0.125470 RMS90=0.112143
Pretraining energy response by particle species:
  Neutron: n=13032 Mean=0.838190 Std=0.250882 RMS90=0.127194
  K0: n=11955 Mean=0.939361 Std=0.187016 RMS90=0.093819
  Photon: n=19748 Mean=1.070667 Std=1.056841 RMS90=0.171194
  Pion: n=21287 Mean=0.800778 Std=0.279391 RMS90=0.110963
  Electron: n=6154 Mean=0.897932 Std=1.188017 RMS90=0.171463
  Muon: n=2222 Mean=0.771255 Std=0.290176 RMS90=0.036883

Epoch 32
Pretraining energy response (E_pred / E_true) by true-energy bin:
  1-50 GeV: n=40292 Mean=0.884282 Std=0.307172 RMS90=0.133669
  50-150 GeV: n=23832 Mean=0.903533 Std=0.164974 RMS90=0.047666
  >150 GeV: n=68 Mean=0.919101 Std=0.074813 RMS90=0.046726
Pretraining energy response by particle species:
  Neutron: n=13032 Mean=0.804246 Std=0.244008 RMS90=0.123835
  K0: n=11955 Mean=0.899472 Std=0.186887 RMS90=0.095287
  Photon: n=19748 Mean=1.076435 Std=1.007418 RMS90=0.173691
  Pion: n=21287 Mean=0.947954 Std=0.300133 RMS90=0.115654
  Electron: n=6154 Mean=1.006592 Std=1.591780 RMS90=0.164046
  Muon: n=2222 Mean=0.961354 Std=0.354375 RMS90=0.052021

Epoch 33
Pretraining energy response (E_pred / E_true) by true-energy bin:
  1-50 GeV: n=40292 Mean=0.920113 Std=0.264377 RMS90=0.128214
  50-150 GeV: n=23832 Mean=0.934614 Std=0.128208 RMS90=0.049259
  >150 GeV: n=68 Mean=0.909458 Std=0.081628 RMS90=0.048466
Pretraining energy response by particle species:
  Neutron: n=13032 Mean=0.864975 Std=0.254901 RMS90=0.125282
  K0: n=11955 Mean=0.964279 Std=0.196020 RMS90=0.096016
  Photon: n=19748 Mean=1.234430 Std=4.323246 RMS90=0.197809
  Pion: n=21287 Mean=0.950019 Std=0.297980 RMS90=0.098310
  Electron: n=6154 Mean=1.058844 Std=1.851575 RMS90=0.164140
  Muon: n=2222 Mean=0.949039 Std=0.278217 RMS90=0.036907

Epoch 34
Pretraining energy response (E_pred / E_true) by true-energy bin:
  1-50 GeV: n=40292 Mean=0.908923 Std=0.273110 RMS90=0.143155
  50-150 GeV: n=23832 Mean=0.900238 Std=0.129270 RMS90=0.058970
  >150 GeV: n=68 Mean=0.895320 Std=0.078737 RMS90=0.053142
Pretraining energy response by particle species:
  Neutron: n=13032 Mean=0.846390 Std=0.250335 RMS90=0.125025
  K0: n=11955 Mean=0.943335 Std=0.200926 RMS90=0.104712
  Photon: n=19748 Mean=1.214616 Std=4.722150 RMS90=0.196280
  Pion: n=21287 Mean=0.918103 Std=0.318163 RMS90=0.113740
  Electron: n=6154 Mean=1.067530 Std=2.206314 RMS90=0.181619
  Muon: n=2222 Mean=0.930010 Std=0.538166 RMS90=0.045500

Epoch 35
Pretraining energy response (E_pred / E_true) by true-energy bin:
  1-50 GeV: n=40292 Mean=0.870267 Std=0.261373 RMS90=0.133713
  50-150 GeV: n=23832 Mean=0.877003 Std=0.138271 RMS90=0.068999
  >150 GeV: n=68 Mean=0.864180 Std=0.098580 RMS90=0.063024
Pretraining energy response by particle species:
  Neutron: n=13032 Mean=0.769809 Std=0.235247 RMS90=0.119876
  K0: n=11955 Mean=0.858446 Std=0.191857 RMS90=0.096900
  Photon: n=19748 Mean=1.161609 Std=2.054796 RMS90=0.192333
  Pion: n=21287 Mean=0.943716 Std=0.310602 RMS90=0.113985
  Electron: n=6154 Mean=1.148237 Std=3.453482 RMS90=0.173962
  Muon: n=2222 Mean=0.953110 Std=0.494117 RMS90=0.058228

Epoch 36
Pretraining energy response (E_pred / E_true) by true-energy bin:
  1-50 GeV: n=40292 Mean=0.881861 Std=0.261661 RMS90=0.137913
  50-150 GeV: n=23832 Mean=0.882114 Std=0.129273 RMS90=0.057168
  >150 GeV: n=68 Mean=0.858756 Std=0.075077 RMS90=0.037466
Pretraining energy response by particle species:
  Neutron: n=13032 Mean=0.816021 Std=0.246451 RMS90=0.125317
  K0: n=11955 Mean=0.911601 Std=0.189911 RMS90=0.096930
  Photon: n=19748 Mean=1.190119 Std=1.900945 RMS90=0.198231
  Pion: n=21287 Mean=0.894443 Std=0.282226 RMS90=0.103446
  Electron: n=6154 Mean=1.041973 Std=2.322678 RMS90=0.180963
  Muon: n=2222 Mean=0.898364 Std=0.366272 RMS90=0.034635

Epoch 37
Pretraining energy response (E_pred / E_true) by true-energy bin:
  1-50 GeV: n=40292 Mean=0.912801 Std=0.277248 RMS90=0.135728
  50-150 GeV: n=23832 Mean=0.892757 Std=0.126139 RMS90=0.050873
  >150 GeV: n=68 Mean=0.879345 Std=0.073244 RMS90=0.042180
Pretraining energy response by particle species:
  Neutron: n=13032 Mean=0.826998 Std=0.245781 RMS90=0.124430
  K0: n=11955 Mean=0.924016 Std=0.188978 RMS90=0.096929
  Photon: n=19748 Mean=1.159143 Std=1.416806 RMS90=0.187546
  Pion: n=21287 Mean=0.946057 Std=0.369843 RMS90=0.115360
  Electron: n=6154 Mean=1.098526 Std=3.714624 RMS90=0.174062
  Muon: n=2222 Mean=0.933733 Std=0.434503 RMS90=0.043831

Epoch 38
Pretraining energy response (E_pred / E_true) by true-energy bin:
  1-50 GeV: n=40292 Mean=0.897751 Std=0.262242 RMS90=0.133259
  50-150 GeV: n=23832 Mean=0.916150 Std=0.131824 RMS90=0.054349
  >150 GeV: n=68 Mean=0.900955 Std=0.091130 RMS90=0.054387
Pretraining energy response by particle species:
  Neutron: n=13032 Mean=0.813763 Std=0.242222 RMS90=0.120644
  K0: n=11955 Mean=0.906247 Std=0.187151 RMS90=0.096559
  Photon: n=19748 Mean=1.162608 Std=3.676035 RMS90=0.177508
  Pion: n=21287 Mean=0.961290 Std=0.305643 RMS90=0.111829
  Electron: n=6154 Mean=1.085188 Std=2.628559 RMS90=0.175006
  Muon: n=2222 Mean=1.010258 Std=0.604313 RMS90=0.035110

Epoch 39
Pretraining energy response (E_pred / E_true) by true-energy bin:
  1-50 GeV: n=40292 Mean=0.899643 Std=0.268458 RMS90=0.141907
  50-150 GeV: n=23832 Mean=0.937762 Std=0.132189 RMS90=0.053342
  >150 GeV: n=68 Mean=0.909181 Std=0.072173 RMS90=0.037854
Pretraining energy response by particle species:
  Neutron: n=13032 Mean=0.852649 Std=0.259045 RMS90=0.134139
  K0: n=11955 Mean=0.956054 Std=0.200099 RMS90=0.107436
  Photon: n=19748 Mean=1.189503 Std=3.443641 RMS90=0.187989
  Pion: n=21287 Mean=0.933188 Std=0.300635 RMS90=0.118260
  Electron: n=6154 Mean=1.100007 Std=2.892228 RMS90=0.175276
  Muon: n=2222 Mean=0.963127 Std=0.590961 RMS90=0.045651

Epoch 40
Pretraining energy response (E_pred / E_true) by true-energy bin:
  1-50 GeV: n=40292 Mean=0.887022 Std=0.265709 RMS90=0.142914
  50-150 GeV: n=23832 Mean=0.909633 Std=0.131641 RMS90=0.058018
  >150 GeV: n=68 Mean=0.890647 Std=0.081209 RMS90=0.043101
Pretraining energy response by particle species:
  Neutron: n=13032 Mean=0.837077 Std=0.252688 RMS90=0.130295
  K0: n=11955 Mean=0.940647 Std=0.197737 RMS90=0.101824
  Photon: n=19748 Mean=1.280534 Std=11.089726 RMS90=0.196615
  Pion: n=21287 Mean=0.898829 Std=0.288941 RMS90=0.105799
  Electron: n=6154 Mean=1.078556 Std=3.064844 RMS90=0.178487
  Muon: n=2222 Mean=0.887360 Std=0.497472 RMS90=0.037508

Epoch 41
Pretraining energy response (E_pred / E_true) by true-energy bin:
  1-50 GeV: n=40292 Mean=0.941878 Std=0.285670 RMS90=0.152793
  50-150 GeV: n=23832 Mean=0.961819 Std=0.137941 RMS90=0.058640
  >150 GeV: n=68 Mean=0.942321 Std=0.064191 RMS90=0.036902
Pretraining energy response by particle species:
  Neutron: n=13032 Mean=0.886226 Std=0.276149 RMS90=0.142038
  K0: n=11955 Mean=1.001328 Std=0.205778 RMS90=0.103788
  Photon: n=19748 Mean=1.244310 Std=1.572212 RMS90=0.222040
  Pion: n=21287 Mean=0.960090 Std=0.311863 RMS90=0.117133
  Electron: n=6154 Mean=1.101043 Std=2.544256 RMS90=0.197320
  Muon: n=2222 Mean=0.986715 Std=0.336966 RMS90=0.050488

Epoch 42
Pretraining energy response (E_pred / E_true) by true-energy bin:
  1-50 GeV: n=40292 Mean=0.923787 Std=0.266705 RMS90=0.131505
  50-150 GeV: n=23832 Mean=0.929023 Std=0.129654 RMS90=0.051406
  >150 GeV: n=68 Mean=0.904682 Std=0.078258 RMS90=0.043174
Pretraining energy response by particle species:
  Neutron: n=13032 Mean=0.858916 Std=0.258216 RMS90=0.127060
  K0: n=11955 Mean=0.964103 Std=0.198105 RMS90=0.096653
  Photon: n=19748 Mean=1.192479 Std=2.019174 RMS90=0.196697
  Pion: n=21287 Mean=0.959388 Std=0.318121 RMS90=0.108110
  Electron: n=6154 Mean=1.123964 Std=3.287102 RMS90=0.174961
  Muon: n=2222 Mean=0.962306 Std=0.411466 RMS90=0.031730

Epoch 43
Pretraining energy response (E_pred / E_true) by true-energy bin:
  1-50 GeV: n=40292 Mean=0.916089 Std=0.274932 RMS90=0.140670
  50-150 GeV: n=23832 Mean=0.896028 Std=0.132076 RMS90=0.065108
  >150 GeV: n=68 Mean=0.880004 Std=0.094399 RMS90=0.070562
Pretraining energy response by particle species:
  Neutron: n=13032 Mean=0.839665 Std=0.250564 RMS90=0.128431
  K0: n=11955 Mean=0.941822 Std=0.203271 RMS90=0.099228
  Photon: n=19748 Mean=1.215513 Std=1.895707 RMS90=0.205483
  Pion: n=21287 Mean=0.938545 Std=0.342495 RMS90=0.117708
  Electron: n=6154 Mean=1.145841 Std=3.544019 RMS90=0.194843
  Muon: n=2222 Mean=0.941647 Std=0.456969 RMS90=0.051897

Epoch 44
Pretraining energy response (E_pred / E_true) by true-energy bin:
  1-50 GeV: n=40292 Mean=0.916080 Std=0.269392 RMS90=0.136482
  50-150 GeV: n=23832 Mean=0.907317 Std=0.132287 RMS90=0.057327
  >150 GeV: n=68 Mean=0.884600 Std=0.079571 RMS90=0.043041
Pretraining energy response by particle species:
  Neutron: n=13032 Mean=0.840474 Std=0.255051 RMS90=0.130316
  K0: n=11955 Mean=0.939942 Std=0.201067 RMS90=0.105102
  Photon: n=19748 Mean=1.173436 Std=1.946835 RMS90=0.190500
  Pion: n=21287 Mean=0.940905 Std=0.306445 RMS90=0.108010
  Electron: n=6154 Mean=1.067093 Std=2.588493 RMS90=0.174466
  Muon: n=2222 Mean=0.951315 Std=0.352789 RMS90=0.048743

Epoch 45
Pretraining energy response (E_pred / E_true) by true-energy bin:
  1-50 GeV: n=40292 Mean=0.938060 Std=0.275252 RMS90=0.140630
  50-150 GeV: n=23832 Mean=0.952289 Std=0.133263 RMS90=0.051595
  >150 GeV: n=68 Mean=0.930402 Std=0.078502 RMS90=0.041971
Pretraining energy response by particle species:
  Neutron: n=13032 Mean=0.880054 Std=0.265609 RMS90=0.130231
  K0: n=11955 Mean=0.981912 Std=0.202614 RMS90=0.102524
  Photon: n=19748 Mean=1.163116 Std=1.480777 RMS90=0.194152
  Pion: n=21287 Mean=0.966702 Std=0.319061 RMS90=0.108659
  Electron: n=6154 Mean=1.090301 Std=2.407076 RMS90=0.172120
  Muon: n=2222 Mean=0.986394 Std=0.478013 RMS90=0.047823

Epoch 46
Pretraining energy response (E_pred / E_true) by true-energy bin:
  1-50 GeV: n=40292 Mean=0.914321 Std=0.265398 RMS90=0.133922
  50-150 GeV: n=23832 Mean=0.926131 Std=0.131019 RMS90=0.048485
  >150 GeV: n=68 Mean=0.917235 Std=0.077261 RMS90=0.046269
Pretraining energy response by particle species:
  Neutron: n=13032 Mean=0.829855 Std=0.248053 RMS90=0.126741
  K0: n=11955 Mean=0.931315 Std=0.189663 RMS90=0.096030
  Photon: n=19748 Mean=1.168946 Std=1.851398 RMS90=0.192228
  Pion: n=21287 Mean=0.978672 Std=0.319237 RMS90=0.113021
  Electron: n=6154 Mean=1.147820 Std=4.356591 RMS90=0.179440
  Muon: n=2222 Mean=0.981401 Std=0.418516 RMS90=0.051396

Epoch 47
Pretraining energy response (E_pred / E_true) by true-energy bin:
  1-50 GeV: n=40292 Mean=0.850007 Std=0.259139 RMS90=0.144733
  50-150 GeV: n=23832 Mean=0.916286 Std=0.128046 RMS90=0.048840
  >150 GeV: n=68 Mean=0.922173 Std=0.072004 RMS90=0.041843
Pretraining energy response by particle species:
  Neutron: n=13032 Mean=0.825522 Std=0.246748 RMS90=0.121432
  K0: n=11955 Mean=0.925855 Std=0.191731 RMS90=0.096263
  Photon: n=19748 Mean=1.082071 Std=1.457834 RMS90=0.174885
  Pion: n=21287 Mean=0.882859 Std=0.283025 RMS90=0.131298
  Electron: n=6154 Mean=1.017297 Std=2.571730 RMS90=0.162864
  Muon: n=2222 Mean=0.914939 Std=0.393344 RMS90=0.056520

Epoch 48
Pretraining energy response (E_pred / E_true) by true-energy bin:
  1-50 GeV: n=40292 Mean=0.823760 Std=0.243583 RMS90=0.124841
  50-150 GeV: n=23832 Mean=0.848318 Std=0.118164 RMS90=0.042532
  >150 GeV: n=68 Mean=0.861211 Std=0.073164 RMS90=0.040501
Pretraining energy response by particle species:
  Neutron: n=13032 Mean=0.772888 Std=0.229806 RMS90=0.114163
  K0: n=11955 Mean=0.864309 Std=0.184192 RMS90=0.093218
  Photon: n=19748 Mean=1.073862 Std=1.906400 RMS90=0.176969
  Pion: n=21287 Mean=0.848464 Std=0.271655 RMS90=0.101518
  Electron: n=6154 Mean=0.975976 Std=2.588582 RMS90=0.149171
  Muon: n=2222 Mean=0.882523 Std=0.539809 RMS90=0.039961

Epoch 49
Pretraining energy response (E_pred / E_true) by true-energy bin:
  1-50 GeV: n=40292 Mean=0.920892 Std=0.265883 RMS90=0.131201
  50-150 GeV: n=23832 Mean=0.943614 Std=0.130016 RMS90=0.048103
  >150 GeV: n=68 Mean=0.937411 Std=0.071051 RMS90=0.041066
Pretraining energy response by particle species:
  Neutron: n=13032 Mean=0.871281 Std=0.258610 RMS90=0.126453
  K0: n=11955 Mean=0.975985 Std=0.199577 RMS90=0.098912
  Photon: n=19748 Mean=1.155957 Std=1.721088 RMS90=0.189603
  Pion: n=21287 Mean=0.941973 Std=0.286510 RMS90=0.095631
  Electron: n=6154 Mean=1.052407 Std=2.446746 RMS90=0.160147
  Muon: n=2222 Mean=0.961971 Std=0.423489 RMS90=0.029624

Epoch 50
Pretraining energy response (E_pred / E_true) by true-energy bin:
  1-50 GeV: n=40292 Mean=0.901980 Std=0.254759 RMS90=0.122805
  50-150 GeV: n=23832 Mean=0.929663 Std=0.126378 RMS90=0.042611
  >150 GeV: n=68 Mean=0.926146 Std=0.063831 RMS90=0.030232
Pretraining energy response by particle species:
  Neutron: n=13032 Mean=0.847797 Std=0.249783 RMS90=0.120760
  K0: n=11955 Mean=0.949215 Std=0.189330 RMS90=0.093685
  Photon: n=19748 Mean=1.134550 Std=1.516006 RMS90=0.181564
  Pion: n=21287 Mean=0.926508 Std=0.272267 RMS90=0.091901
  Electron: n=6154 Mean=1.037812 Std=2.270002 RMS90=0.152716
  Muon: n=2222 Mean=0.951035 Std=0.412272 RMS90=0.026384

Epoch 51
Pretraining energy response (E_pred / E_true) by true-energy bin:
  1-50 GeV: n=40292 Mean=0.924481 Std=0.260485 RMS90=0.124303
  50-150 GeV: n=23832 Mean=0.944474 Std=0.130671 RMS90=0.047891
  >150 GeV: n=68 Mean=0.935650 Std=0.077474 RMS90=0.037442
Pretraining energy response by particle species:
  Neutron: n=13032 Mean=0.861170 Std=0.255199 RMS90=0.126196
  K0: n=11955 Mean=0.966613 Std=0.194069 RMS90=0.096436
  Photon: n=19748 Mean=1.156055 Std=1.680392 RMS90=0.181513
  Pion: n=21287 Mean=0.958933 Std=0.289398 RMS90=0.094513
  Electron: n=6154 Mean=1.068637 Std=2.565499 RMS90=0.154885
  Muon: n=2222 Mean=0.972934 Std=0.389674 RMS90=0.026792

Epoch 52
Pretraining energy response (E_pred / E_true) by true-energy bin:
  1-50 GeV: n=40292 Mean=0.910021 Std=0.257181 RMS90=0.124162
  50-150 GeV: n=23832 Mean=0.932402 Std=0.130940 RMS90=0.056489
  >150 GeV: n=68 Mean=0.924634 Std=0.080719 RMS90=0.053885
Pretraining energy response by particle species:
  Neutron: n=13032 Mean=0.866444 Std=0.255479 RMS90=0.124282
  K0: n=11955 Mean=0.970078 Std=0.192659 RMS90=0.095412
  Photon: n=19748 Mean=1.152823 Std=1.785408 RMS90=0.178159
  Pion: n=21287 Mean=0.919311 Std=0.275042 RMS90=0.086948
  Electron: n=6154 Mean=1.052221 Std=2.833721 RMS90=0.155306
  Muon: n=2222 Mean=0.929821 Std=0.389984 RMS90=0.022481

Epoch 53
Pretraining energy response (E_pred / E_true) by true-energy bin:
  1-50 GeV: n=40292 Mean=0.879346 Std=0.247690 RMS90=0.115562
  50-150 GeV: n=23832 Mean=0.893375 Std=0.122859 RMS90=0.043088
  >150 GeV: n=68 Mean=0.888481 Std=0.072592 RMS90=0.040886
Pretraining energy response by particle species:
  Neutron: n=13032 Mean=0.819114 Std=0.240556 RMS90=0.116060
  K0: n=11955 Mean=0.916554 Std=0.184053 RMS90=0.089737
  Photon: n=19748 Mean=1.142378 Std=1.674356 RMS90=0.188555
  Pion: n=21287 Mean=0.898140 Std=0.269223 RMS90=0.080488
  Electron: n=6154 Mean=1.027776 Std=2.234500 RMS90=0.156943
  Muon: n=2222 Mean=0.912111 Std=0.368719 RMS90=0.017698

Epoch 54
Pretraining energy response (E_pred / E_true) by true-energy bin:
  1-50 GeV: n=40292 Mean=0.909249 Std=0.254802 RMS90=0.120836
  50-150 GeV: n=23832 Mean=0.921018 Std=0.126326 RMS90=0.046691
  >150 GeV: n=68 Mean=0.910188 Std=0.069629 RMS90=0.038198
Pretraining energy response by particle species:
  Neutron: n=13032 Mean=0.848898 Std=0.248862 RMS90=0.120944
  K0: n=11955 Mean=0.951744 Std=0.190179 RMS90=0.093059
  Photon: n=19748 Mean=1.162172 Std=1.685078 RMS90=0.184615
  Pion: n=21287 Mean=0.924585 Std=0.270666 RMS90=0.084605
  Electron: n=6154 Mean=1.041658 Std=2.076173 RMS90=0.156830
  Muon: n=2222 Mean=0.940649 Std=0.457805 RMS90=0.021814

Epoch 55
Pretraining energy response (E_pred / E_true) by true-energy bin:
  1-50 GeV: n=40292 Mean=0.894359 Std=0.251151 RMS90=0.118880
  50-150 GeV: n=23832 Mean=0.910043 Std=0.124603 RMS90=0.045571
  >150 GeV: n=68 Mean=0.905656 Std=0.073053 RMS90=0.042041
Pretraining energy response by particle species:
  Neutron: n=13032 Mean=0.837110 Std=0.246408 RMS90=0.118855
  K0: n=11955 Mean=0.937530 Std=0.188134 RMS90=0.091995
  Photon: n=19748 Mean=1.136698 Std=1.470014 RMS90=0.179230
  Pion: n=21287 Mean=0.912632 Std=0.267743 RMS90=0.085803
  Electron: n=6154 Mean=1.030686 Std=2.520850 RMS90=0.153213
  Muon: n=2222 Mean=0.926855 Std=0.338952 RMS90=0.021280

Epoch 56
Pretraining energy response (E_pred / E_true) by true-energy bin:
  1-50 GeV: n=40292 Mean=0.896300 Std=0.251014 RMS90=0.116661
  50-150 GeV: n=23832 Mean=0.914912 Std=0.125536 RMS90=0.044111
  >150 GeV: n=68 Mean=0.908279 Std=0.073422 RMS90=0.045904
Pretraining energy response by particle species:
  Neutron: n=13032 Mean=0.831658 Std=0.245523 RMS90=0.119843
  K0: n=11955 Mean=0.932010 Std=0.184901 RMS90=0.090241
  Photon: n=19748 Mean=1.148982 Std=1.822424 RMS90=0.180727
  Pion: n=21287 Mean=0.924135 Std=0.271529 RMS90=0.083090
  Electron: n=6154 Mean=1.046281 Std=2.610568 RMS90=0.152127
  Muon: n=2222 Mean=0.935575 Std=0.387827 RMS90=0.021098

Epoch 57
Pretraining energy response (E_pred / E_true) by true-energy bin:
  1-50 GeV: n=40292 Mean=0.888350 Std=0.246705 RMS90=0.115991
  50-150 GeV: n=23832 Mean=0.874160 Std=0.122038 RMS90=0.047005
  >150 GeV: n=68 Mean=0.867181 Std=0.069791 RMS90=0.042904
Pretraining energy response by particle species:
  Neutron: n=13032 Mean=0.819668 Std=0.239962 RMS90=0.117582
  K0: n=11955 Mean=0.914161 Std=0.186831 RMS90=0.094113
  Photon: n=19748 Mean=1.113231 Std=1.356107 RMS90=0.179306
  Pion: n=21287 Mean=0.899778 Std=0.265931 RMS90=0.086856
  Electron: n=6154 Mean=1.000163 Std=2.449691 RMS90=0.152914
  Muon: n=2222 Mean=0.898400 Std=0.316911 RMS90=0.027828

Epoch 58
Pretraining energy response (E_pred / E_true) by true-energy bin:
  1-50 GeV: n=40292 Mean=0.913580 Std=0.255990 RMS90=0.121576
  50-150 GeV: n=23832 Mean=0.929716 Std=0.128226 RMS90=0.050603
  >150 GeV: n=68 Mean=0.918282 Std=0.072078 RMS90=0.045699
Pretraining energy response by particle species:
  Neutron: n=13032 Mean=0.863306 Std=0.252861 RMS90=0.121692
  K0: n=11955 Mean=0.966320 Std=0.191657 RMS90=0.093147
  Photon: n=19748 Mean=1.153012 Std=1.602347 RMS90=0.181215
  Pion: n=21287 Mean=0.925304 Std=0.274106 RMS90=0.086244
  Electron: n=6154 Mean=1.038337 Std=2.451348 RMS90=0.154506
  Muon: n=2222 Mean=0.935611 Std=0.339675 RMS90=0.017798

Epoch 59
Pretraining energy response (E_pred / E_true) by true-energy bin:
  1-50 GeV: n=40292 Mean=0.910598 Std=0.253504 RMS90=0.117714
  50-150 GeV: n=23832 Mean=0.925952 Std=0.126027 RMS90=0.042867
  >150 GeV: n=68 Mean=0.917753 Std=0.069279 RMS90=0.038793
Pretraining energy response by particle species:
  Neutron: n=13032 Mean=0.849761 Std=0.249015 RMS90=0.120724
  K0: n=11955 Mean=0.952059 Std=0.189012 RMS90=0.091587
  Photon: n=19748 Mean=1.135566 Std=1.475188 RMS90=0.180598
  Pion: n=21287 Mean=0.935098 Std=0.270768 RMS90=0.087933
  Electron: n=6154 Mean=1.043265 Std=2.463695 RMS90=0.150390
  Muon: n=2222 Mean=0.945036 Std=0.324790 RMS90=0.019799

Epoch 60
Pretraining energy response (E_pred / E_true) by true-energy bin:
  1-50 GeV: n=40292 Mean=0.891128 Std=0.247609 RMS90=0.114742
  50-150 GeV: n=23832 Mean=0.887815 Std=0.122412 RMS90=0.046819
  >150 GeV: n=68 Mean=0.882924 Std=0.071050 RMS90=0.044901
Pretraining energy response by particle species:
  Neutron: n=13032 Mean=0.825626 Std=0.241134 RMS90=0.117535
  K0: n=11955 Mean=0.922808 Std=0.185104 RMS90=0.090610
  Photon: n=19748 Mean=1.122150 Std=1.346834 RMS90=0.178361
  Pion: n=21287 Mean=0.905882 Std=0.269590 RMS90=0.086741
  Electron: n=6154 Mean=1.012717 Std=2.396917 RMS90=0.150696
  Muon: n=2222 Mean=0.905513 Std=0.314336 RMS90=0.026532

Epoch 61
Pretraining energy response (E_pred / E_true) by true-energy bin:
  1-50 GeV: n=40292 Mean=0.898677 Std=0.250293 RMS90=0.115356
  50-150 GeV: n=23832 Mean=0.912134 Std=0.123561 RMS90=0.039757
  >150 GeV: n=68 Mean=0.909350 Std=0.071865 RMS90=0.037733
Pretraining energy response by particle species:
  Neutron: n=13032 Mean=0.832883 Std=0.243881 RMS90=0.118731
  K0: n=11955 Mean=0.932011 Std=0.186274 RMS90=0.090911
  Photon: n=19748 Mean=1.130924 Std=1.599908 RMS90=0.179950
  Pion: n=21287 Mean=0.929109 Std=0.270893 RMS90=0.084223
  Electron: n=6154 Mean=1.037444 Std=2.511137 RMS90=0.151390
  Muon: n=2222 Mean=0.946178 Std=0.377669 RMS90=0.017800

Epoch 62
Pretraining energy response (E_pred / E_true) by true-energy bin:
  1-50 GeV: n=40292 Mean=0.919964 Std=0.255821 RMS90=0.118430
  50-150 GeV: n=23832 Mean=0.932876 Std=0.126556 RMS90=0.044143
  >150 GeV: n=68 Mean=0.920464 Std=0.067058 RMS90=0.038568
Pretraining energy response by particle species:
  Neutron: n=13032 Mean=0.858117 Std=0.251462 RMS90=0.121006
  K0: n=11955 Mean=0.961261 Std=0.190647 RMS90=0.092500
  Photon: n=19748 Mean=1.143164 Std=1.383735 RMS90=0.180536
  Pion: n=21287 Mean=0.942602 Std=0.273771 RMS90=0.085911
  Electron: n=6154 Mean=1.039416 Std=2.347714 RMS90=0.151130
  Muon: n=2222 Mean=0.946723 Std=0.311320 RMS90=0.020918

Epoch 63
Pretraining energy response (E_pred / E_true) by true-energy bin:
  1-50 GeV: n=40292 Mean=0.885423 Std=0.261779 RMS90=0.126951
  50-150 GeV: n=23832 Mean=0.881773 Std=0.123967 RMS90=0.047756
  >150 GeV: n=68 Mean=0.864808 Std=0.081520 RMS90=0.049378
Pretraining energy response by particle species:
  Neutron: n=13032 Mean=0.797535 Std=0.236705 RMS90=0.114547
  K0: n=11955 Mean=0.893126 Std=0.186574 RMS90=0.091591
  Photon: n=19748 Mean=1.097071 Std=1.367627 RMS90=0.181080
  Pion: n=21287 Mean=0.945672 Std=0.352406 RMS90=0.111469
  Electron: n=6154 Mean=1.059113 Std=2.657543 RMS90=0.168806
  Muon: n=2222 Mean=0.955853 Std=0.588565 RMS90=0.050545

Epoch 64
Pretraining energy response (E_pred / E_true) by true-energy bin:
  1-50 GeV: n=40292 Mean=0.873604 Std=0.274894 RMS90=0.143540
  50-150 GeV: n=23832 Mean=0.895355 Std=0.129784 RMS90=0.049727
  >150 GeV: n=68 Mean=0.894718 Std=0.081745 RMS90=0.044497
Pretraining energy response by particle species:
  Neutron: n=13032 Mean=0.797971 Std=0.247525 RMS90=0.126258
  K0: n=11955 Mean=0.896921 Std=0.195851 RMS90=0.096814
  Photon: n=19748 Mean=1.239169 Std=3.120129 RMS90=0.210847
  Pion: n=21287 Mean=0.909608 Std=0.296495 RMS90=0.117530
  Electron: n=6154 Mean=1.109866 Std=3.078500 RMS90=0.174521
  Muon: n=2222 Mean=0.947764 Std=0.400682 RMS90=0.048626

Epoch 65
Pretraining energy response (E_pred / E_true) by true-energy bin:
  1-50 GeV: n=40292 Mean=0.859684 Std=0.259430 RMS90=0.139043
  50-150 GeV: n=23832 Mean=0.926314 Std=0.128866 RMS90=0.045914
  >150 GeV: n=68 Mean=0.906424 Std=0.069464 RMS90=0.033579
Pretraining energy response by particle species:
  Neutron: n=13032 Mean=0.823763 Std=0.256004 RMS90=0.131787
  K0: n=11955 Mean=0.927934 Std=0.190149 RMS90=0.097278
  Photon: n=19748 Mean=1.117657 Std=1.995203 RMS90=0.179914
  Pion: n=21287 Mean=0.895185 Std=0.275164 RMS90=0.118110
  Electron: n=6154 Mean=1.018644 Std=2.489703 RMS90=0.162810
  Muon: n=2222 Mean=0.931241 Std=0.464194 RMS90=0.045265

Epoch 66
Pretraining energy response (E_pred / E_true) by true-energy bin:
  1-50 GeV: n=40292 Mean=0.787582 Std=0.271886 RMS90=0.163176
  50-150 GeV: n=23832 Mean=0.838867 Std=0.150330 RMS90=0.090653
  >150 GeV: n=68 Mean=0.841524 Std=0.119774 RMS90=0.079277
Pretraining energy response by particle species:
  Neutron: n=13032 Mean=0.700841 Std=0.215596 RMS90=0.119035
  K0: n=11955 Mean=0.788637 Std=0.180034 RMS90=0.102956
  Photon: n=19748 Mean=1.307653 Std=3.610333 RMS90=0.229061
  Pion: n=21287 Mean=0.852505 Std=0.326896 RMS90=0.163426
  Electron: n=6154 Mean=1.122801 Std=4.068538 RMS90=0.227959
  Muon: n=2222 Mean=0.936567 Std=0.693251 RMS90=0.117967

Epoch 67
Pretraining energy response (E_pred / E_true) by true-energy bin:
  1-50 GeV: n=40292 Mean=0.832628 Std=0.269232 RMS90=0.151781
  50-150 GeV: n=23832 Mean=0.848348 Std=0.141393 RMS90=0.078908
  >150 GeV: n=68 Mean=0.831458 Std=0.096729 RMS90=0.065083
Pretraining energy response by particle species:
  Neutron: n=13032 Mean=0.748216 Std=0.226487 RMS90=0.115480
  K0: n=11955 Mean=0.831575 Std=0.190543 RMS90=0.099338
  Photon: n=19748 Mean=1.160372 Std=2.849399 RMS90=0.193289
  Pion: n=21287 Mean=0.881968 Std=0.310093 RMS90=0.157038
  Electron: n=6154 Mean=1.092781 Std=2.805289 RMS90=0.182962
  Muon: n=2222 Mean=0.975878 Std=0.751724 RMS90=0.088302

Epoch 68
Pretraining energy response (E_pred / E_true) by true-energy bin:
  1-50 GeV: n=40292 Mean=0.918675 Std=0.270695 RMS90=0.138864
  50-150 GeV: n=23832 Mean=0.901061 Std=0.132617 RMS90=0.056531
  >150 GeV: n=68 Mean=0.861898 Std=0.086899 RMS90=0.048637
Pretraining energy response by particle species:
  Neutron: n=13032 Mean=0.822903 Std=0.247466 RMS90=0.124209
  K0: n=11955 Mean=0.918752 Std=0.198065 RMS90=0.107681
  Photon: n=19748 Mean=1.190179 Std=3.099014 RMS90=0.203275
  Pion: n=21287 Mean=0.955911 Std=0.297965 RMS90=0.112522
  Electron: n=6154 Mean=1.111482 Std=2.592801 RMS90=0.177959
  Muon: n=2222 Mean=0.963698 Std=0.337384 RMS90=0.053008

Epoch 69
Pretraining energy response (E_pred / E_true) by true-energy bin:
  1-50 GeV: n=40292 Mean=0.838995 Std=0.263451 RMS90=0.140571
  50-150 GeV: n=23832 Mean=0.896446 Std=0.157699 RMS90=0.097837
  >150 GeV: n=68 Mean=0.907924 Std=0.119583 RMS90=0.091599
Pretraining energy response by particle species:
  Neutron: n=13032 Mean=0.747845 Std=0.224215 RMS90=0.109612
  K0: n=11955 Mean=0.837436 Std=0.176231 RMS90=0.088100
  Photon: n=19748 Mean=1.192932 Std=5.075202 RMS90=0.187990
  Pion: n=21287 Mean=0.927862 Std=0.307664 RMS90=0.143427
  Electron: n=6154 Mean=1.131654 Std=3.804036 RMS90=0.177907
  Muon: n=2222 Mean=0.955166 Std=0.552610 RMS90=0.081562

Epoch 70
Pretraining energy response (E_pred / E_true) by true-energy bin:
  1-50 GeV: n=40292 Mean=0.887232 Std=0.273226 RMS90=0.145595
  50-150 GeV: n=23832 Mean=0.880841 Std=0.131062 RMS90=0.066478
  >150 GeV: n=68 Mean=0.842920 Std=0.065050 RMS90=0.036230
Pretraining energy response by particle species:
  Neutron: n=13032 Mean=0.839892 Std=0.256022 RMS90=0.127262
  K0: n=11955 Mean=0.936255 Std=0.212482 RMS90=0.107168
  Photon: n=19748 Mean=1.257807 Std=4.129688 RMS90=0.205416
  Pion: n=21287 Mean=0.877812 Std=0.304096 RMS90=0.110047
  Electron: n=6154 Mean=1.059824 Std=2.394801 RMS90=0.194037
  Muon: n=2222 Mean=0.914527 Std=0.579818 RMS90=0.062372

Epoch 71
Pretraining energy response (E_pred / E_true) by true-energy bin:
  1-50 GeV: n=40292 Mean=0.887336 Std=0.304026 RMS90=0.163215
  50-150 GeV: n=23832 Mean=0.911886 Std=0.357452 RMS90=0.118998
  >150 GeV: n=68 Mean=0.875915 Std=0.311700 RMS90=0.118472
Pretraining energy response by particle species:
  Neutron: n=13032 Mean=0.815792 Std=0.405633 RMS90=0.166215
  K0: n=11955 Mean=0.915212 Std=0.435896 RMS90=0.153845
  Photon: n=19748 Mean=1.187622 Std=4.094333 RMS90=0.199357
  Pion: n=21287 Mean=0.934121 Std=0.297042 RMS90=0.146927
  Electron: n=6154 Mean=1.098848 Std=3.397473 RMS90=0.196592
  Muon: n=2222 Mean=0.965706 Std=0.548952 RMS90=0.088281

Epoch 72
Pretraining energy response (E_pred / E_true) by true-energy bin:
  1-50 GeV: n=40292 Mean=0.896252 Std=0.299563 RMS90=0.181169
  50-150 GeV: n=23832 Mean=0.948990 Std=0.142028 RMS90=0.063476
  >150 GeV: n=68 Mean=0.897527 Std=0.091025 RMS90=0.053075
Pretraining energy response by particle species:
  Neutron: n=13032 Mean=0.849650 Std=0.267914 RMS90=0.146382
  K0: n=11955 Mean=0.949427 Std=0.209164 RMS90=0.115786
  Photon: n=19748 Mean=1.274415 Std=4.605251 RMS90=0.209778
  Pion: n=21287 Mean=0.918477 Std=0.309675 RMS90=0.158252
  Electron: n=6154 Mean=1.090967 Std=3.047965 RMS90=0.208328
  Muon: n=2222 Mean=0.952851 Std=0.863717 RMS90=0.072741

Epoch 73
Pretraining energy response (E_pred / E_true) by true-energy bin:
  1-50 GeV: n=40292 Mean=0.874385 Std=0.378744 RMS90=0.134109
  50-150 GeV: n=23832 Mean=0.838365 Std=0.131697 RMS90=0.065745
  >150 GeV: n=68 Mean=0.814069 Std=0.088401 RMS90=0.052970
Pretraining energy response by particle species:
  Neutron: n=13032 Mean=0.757445 Std=0.233929 RMS90=0.113806
  K0: n=11955 Mean=0.841702 Std=0.209793 RMS90=0.098692
  Photon: n=19748 Mean=1.224532 Std=4.137405 RMS90=0.205634
  Pion: n=21287 Mean=0.907174 Std=0.287703 RMS90=0.109673
  Electron: n=6154 Mean=1.092850 Std=2.943569 RMS90=0.183089
  Muon: n=2222 Mean=0.925424 Std=0.475992 RMS90=0.050631

Epoch 74
Pretraining energy response (E_pred / E_true) by true-energy bin:
  1-50 GeV: n=40292 Mean=0.906059 Std=0.322821 RMS90=0.140269
  50-150 GeV: n=23832 Mean=0.921017 Std=0.134332 RMS90=0.057202
  >150 GeV: n=68 Mean=0.896488 Std=0.086530 RMS90=0.057667
Pretraining energy response by particle species:
  Neutron: n=13032 Mean=0.839863 Std=0.260007 RMS90=0.132202
  K0: n=11955 Mean=0.937016 Std=0.236833 RMS90=0.105392
  Photon: n=19748 Mean=1.183351 Std=3.748365 RMS90=0.191635
  Pion: n=21287 Mean=0.947041 Std=0.309756 RMS90=0.118565
  Electron: n=6154 Mean=1.057934 Std=2.166067 RMS90=0.186469
  Muon: n=2222 Mean=0.955745 Std=0.417551 RMS90=0.057152

Epoch 75
Pretraining energy response (E_pred / E_true) by true-energy bin:
  1-50 GeV: n=40292 Mean=0.885694 Std=0.292394 RMS90=0.164060
  50-150 GeV: n=23832 Mean=0.895908 Std=0.137857 RMS90=0.067533
  >150 GeV: n=68 Mean=0.882863 Std=0.097553 RMS90=0.071140
Pretraining energy response by particle species:
  Neutron: n=13032 Mean=0.821518 Std=0.254025 RMS90=0.133983
  K0: n=11955 Mean=0.915896 Std=0.196453 RMS90=0.108200
  Photon: n=19748 Mean=1.142867 Std=2.146406 RMS90=0.195513
  Pion: n=21287 Mean=0.924574 Std=0.350249 RMS90=0.157343
  Electron: n=6154 Mean=1.023328 Std=1.961396 RMS90=0.209434
  Muon: n=2222 Mean=0.951910 Std=0.338717 RMS90=0.087638

Epoch 76
Pretraining energy response (E_pred / E_true) by true-energy bin:
  1-50 GeV: n=40292 Mean=0.893557 Std=0.282506 RMS90=0.149173
  50-150 GeV: n=23832 Mean=0.872603 Std=0.136259 RMS90=0.064902
  >150 GeV: n=68 Mean=0.856346 Std=0.090012 RMS90=0.058989
Pretraining energy response by particle species:
  Neutron: n=13032 Mean=0.784135 Std=0.245528 RMS90=0.122401
  K0: n=11955 Mean=0.873257 Std=0.211154 RMS90=0.103002
  Photon: n=19748 Mean=1.205424 Std=4.238237 RMS90=0.205663
  Pion: n=21287 Mean=0.945020 Std=0.308184 RMS90=0.136728
  Electron: n=6154 Mean=1.105926 Std=2.284881 RMS90=0.203238
  Muon: n=2222 Mean=0.995440 Std=0.472842 RMS90=0.058122

Epoch 77
Pretraining energy response (E_pred / E_true) by true-energy bin:
  1-50 GeV: n=40292 Mean=0.850100 Std=0.261032 RMS90=0.136697
  50-150 GeV: n=23832 Mean=0.823098 Std=0.125191 RMS90=0.056947
  >150 GeV: n=68 Mean=0.794433 Std=0.081586 RMS90=0.052184
Pretraining energy response by particle species:
  Neutron: n=13032 Mean=0.758545 Std=0.228856 RMS90=0.118804
  K0: n=11955 Mean=0.843132 Std=0.189908 RMS90=0.101678
  Photon: n=19748 Mean=1.110906 Std=1.549852 RMS90=0.185676
  Pion: n=21287 Mean=0.882874 Std=0.317241 RMS90=0.116771
  Electron: n=6154 Mean=1.007170 Std=1.751005 RMS90=0.185340
  Muon: n=2222 Mean=0.895213 Std=0.374242 RMS90=0.056782

Epoch 78
Pretraining energy response (E_pred / E_true) by true-energy bin:
  1-50 GeV: n=40292 Mean=0.856806 Std=0.273975 RMS90=0.140624
  50-150 GeV: n=23832 Mean=0.812699 Std=0.124484 RMS90=0.056246
  >150 GeV: n=68 Mean=0.780967 Std=0.069178 RMS90=0.044942
Pretraining energy response by particle species:
  Neutron: n=13032 Mean=0.734563 Std=0.220033 RMS90=0.109374
  K0: n=11955 Mean=0.818114 Std=0.176763 RMS90=0.089292
  Photon: n=19748 Mean=1.175047 Std=3.081158 RMS90=0.202219
  Pion: n=21287 Mean=0.915069 Std=0.338361 RMS90=0.125901
  Electron: n=6154 Mean=1.073210 Std=2.578940 RMS90=0.191819
  Muon: n=2222 Mean=0.903991 Std=0.546127 RMS90=0.094662

Epoch 79
Pretraining energy response (E_pred / E_true) by true-energy bin:
  1-50 GeV: n=40292 Mean=0.877747 Std=0.336516 RMS90=0.169070
  50-150 GeV: n=23832 Mean=0.845340 Std=0.123431 RMS90=0.050147
  >150 GeV: n=68 Mean=0.844729 Std=0.082303 RMS90=0.058034
Pretraining energy response by particle species:
  Neutron: n=13032 Mean=0.765985 Std=0.238401 RMS90=0.120124
  K0: n=11955 Mean=0.860301 Std=0.186547 RMS90=0.094281
  Photon: n=19748 Mean=1.313157 Std=4.776096 RMS90=0.235155
  Pion: n=21287 Mean=0.920968 Std=0.473578 RMS90=0.150240
  Electron: n=6154 Mean=1.156396 Std=2.517180 RMS90=0.241030
  Muon: n=2222 Mean=0.957583 Std=0.622859 RMS90=0.067792

Epoch 80
Pretraining energy response (E_pred / E_true) by true-energy bin:
  1-50 GeV: n=40292 Mean=0.801087 Std=0.280327 RMS90=0.168469
  50-150 GeV: n=23832 Mean=0.807080 Std=0.128574 RMS90=0.062631
  >150 GeV: n=68 Mean=0.794252 Std=0.093378 RMS90=0.068145
Pretraining energy response by particle species:
  Neutron: n=13032 Mean=0.715518 Std=0.227083 RMS90=0.121176
  K0: n=11955 Mean=0.801732 Std=0.178100 RMS90=0.098655
  Photon: n=19748 Mean=1.188980 Std=4.200558 RMS90=0.216263
  Pion: n=21287 Mean=0.843439 Std=0.317791 RMS90=0.161157
  Electron: n=6154 Mean=1.076663 Std=3.763931 RMS90=0.214173
  Muon: n=2222 Mean=0.901969 Std=0.400462 RMS90=0.100939

Epoch 81
Pretraining energy response (E_pred / E_true) by true-energy bin:
  1-50 GeV: n=40292 Mean=0.885543 Std=0.317152 RMS90=0.170914
  50-150 GeV: n=23832 Mean=0.890353 Std=0.132368 RMS90=0.057103
  >150 GeV: n=68 Mean=0.854079 Std=0.077272 RMS90=0.052850
Pretraining energy response by particle species:
  Neutron: n=13032 Mean=0.799947 Std=0.256493 RMS90=0.132849
  K0: n=11955 Mean=0.897143 Std=0.203035 RMS90=0.097078
  Photon: n=19748 Mean=1.266791 Std=5.372176 RMS90=0.222149
  Pion: n=21287 Mean=0.936225 Std=0.378082 RMS90=0.160703
  Electron: n=6154 Mean=1.187810 Std=5.538375 RMS90=0.221452
  Muon: n=2222 Mean=0.994500 Std=0.647363 RMS90=0.101490

Epoch 82
Pretraining energy response (E_pred / E_true) by true-energy bin:
  1-50 GeV: n=40292 Mean=0.864423 Std=0.303382 RMS90=0.170094
  50-150 GeV: n=23832 Mean=0.842748 Std=0.130577 RMS90=0.061894
  >150 GeV: n=68 Mean=0.801672 Std=0.092549 RMS90=0.059830
Pretraining energy response by particle species:
  Neutron: n=13032 Mean=0.764365 Std=0.243326 RMS90=0.127682
  K0: n=11955 Mean=0.859700 Std=0.193676 RMS90=0.101074
  Photon: n=19748 Mean=1.232979 Std=4.904036 RMS90=0.220401
  Pion: n=21287 Mean=0.909914 Std=0.393980 RMS90=0.161280
  Electron: n=6154 Mean=1.156375 Std=3.088930 RMS90=0.222367
  Muon: n=2222 Mean=0.906243 Std=0.471194 RMS90=0.113289

Epoch 83
Pretraining energy response (E_pred / E_true) by true-energy bin:
  1-50 GeV: n=40292 Mean=0.866171 Std=0.292454 RMS90=0.156055
  50-150 GeV: n=23832 Mean=0.826683 Std=0.128751 RMS90=0.066655
  >150 GeV: n=68 Mean=0.792905 Std=0.102099 RMS90=0.077697
Pretraining energy response by particle species:
  Neutron: n=13032 Mean=0.769053 Std=0.237812 RMS90=0.122831
  K0: n=11955 Mean=0.858823 Std=0.189674 RMS90=0.100579
  Photon: n=19748 Mean=1.232143 Std=4.946387 RMS90=0.210363
  Pion: n=21287 Mean=0.893101 Std=0.393896 RMS90=0.146273
  Electron: n=6154 Mean=1.121178 Std=4.022058 RMS90=0.212048
  Muon: n=2222 Mean=0.915116 Std=0.478443 RMS90=0.109843

Epoch 84
Pretraining energy response (E_pred / E_true) by true-energy bin:
  1-50 GeV: n=40292 Mean=0.888289 Std=0.309272 RMS90=0.160358
  50-150 GeV: n=23832 Mean=0.838439 Std=0.128985 RMS90=0.065053
  >150 GeV: n=68 Mean=0.814798 Std=0.100721 RMS90=0.070564
Pretraining energy response by particle species:
  Neutron: n=13032 Mean=0.787509 Std=0.245603 RMS90=0.122746
  K0: n=11955 Mean=0.877357 Std=0.195330 RMS90=0.104188
  Photon: n=19748 Mean=1.298535 Std=5.533618 RMS90=0.227295
  Pion: n=21287 Mean=0.914201 Std=0.420446 RMS90=0.152828
  Electron: n=6154 Mean=1.225973 Std=7.899775 RMS90=0.219072
  Muon: n=2222 Mean=0.916018 Std=0.436269 RMS90=0.097821

Epoch 85
Pretraining energy response (E_pred / E_true) by true-energy bin:
  1-50 GeV: n=40292 Mean=0.860316 Std=0.289056 RMS90=0.159893
  50-150 GeV: n=23832 Mean=0.843704 Std=0.134608 RMS90=0.066868
  >150 GeV: n=68 Mean=0.813916 Std=0.095402 RMS90=0.066417
Pretraining energy response by particle species:
  Neutron: n=13032 Mean=0.763161 Std=0.230168 RMS90=0.116723
  K0: n=11955 Mean=0.849573 Std=0.188426 RMS90=0.099603
  Photon: n=19748 Mean=1.242022 Std=4.348749 RMS90=0.205226
  Pion: n=21287 Mean=0.902388 Std=0.381903 RMS90=0.160546
  Electron: n=6154 Mean=1.218530 Std=7.755353 RMS90=0.205463
  Muon: n=2222 Mean=0.952310 Std=0.400062 RMS90=0.100034

Epoch 86
Pretraining energy response (E_pred / E_true) by true-energy bin:
  1-50 GeV: n=40292 Mean=0.867058 Std=0.283585 RMS90=0.157530
  50-150 GeV: n=23832 Mean=0.865541 Std=0.134676 RMS90=0.064380
  >150 GeV: n=68 Mean=0.832953 Std=0.085410 RMS90=0.058424
Pretraining energy response by particle species:
  Neutron: n=13032 Mean=0.781750 Std=0.234937 RMS90=0.118235
  K0: n=11955 Mean=0.869756 Std=0.188209 RMS90=0.097232
  Photon: n=19748 Mean=1.226987 Std=4.030789 RMS90=0.201646
  Pion: n=21287 Mean=0.915892 Std=0.361978 RMS90=0.158516
  Electron: n=6154 Mean=1.189507 Std=5.806212 RMS90=0.202196
  Muon: n=2222 Mean=0.990417 Std=0.845364 RMS90=0.114938

Epoch 87
Pretraining energy response (E_pred / E_true) by true-energy bin:
  1-50 GeV: n=40292 Mean=0.848353 Std=0.283237 RMS90=0.150563
  50-150 GeV: n=23832 Mean=0.833775 Std=0.129998 RMS90=0.063270
  >150 GeV: n=68 Mean=0.812713 Std=0.089407 RMS90=0.061922
Pretraining energy response by particle species:
  Neutron: n=13032 Mean=0.762864 Std=0.232479 RMS90=0.114127
  K0: n=11955 Mean=0.848654 Std=0.187151 RMS90=0.095494
  Photon: n=19748 Mean=1.247544 Std=4.678371 RMS90=0.202071
  Pion: n=21287 Mean=0.876392 Std=0.341866 RMS90=0.146474
  Electron: n=6154 Mean=1.219094 Std=7.452119 RMS90=0.199730
  Muon: n=2222 Mean=0.938769 Std=0.705996 RMS90=0.102312

Epoch 88
Pretraining energy response (E_pred / E_true) by true-energy bin:
  1-50 GeV: n=40292 Mean=0.863528 Std=0.281552 RMS90=0.154515
  50-150 GeV: n=23832 Mean=0.884337 Std=0.132108 RMS90=0.059610
  >150 GeV: n=68 Mean=0.870764 Std=0.083015 RMS90=0.054381
Pretraining energy response by particle species:
  Neutron: n=13032 Mean=0.807044 Std=0.243079 RMS90=0.122273
  K0: n=11955 Mean=0.902285 Std=0.189550 RMS90=0.096718
  Photon: n=19748 Mean=1.214619 Std=4.925219 RMS90=0.199429
  Pion: n=21287 Mean=0.892594 Std=0.319979 RMS90=0.152919
  Electron: n=6154 Mean=1.141427 Std=4.943287 RMS90=0.198709
  Muon: n=2222 Mean=0.910442 Std=0.432577 RMS90=0.098080

Epoch 89
Pretraining energy response (E_pred / E_true) by true-energy bin:
  1-50 GeV: n=40292 Mean=0.852280 Std=0.279490 RMS90=0.149458
  50-150 GeV: n=23832 Mean=0.854149 Std=0.132413 RMS90=0.063806
  >150 GeV: n=68 Mean=0.838708 Std=0.089179 RMS90=0.062494
Pretraining energy response by particle species:
  Neutron: n=13032 Mean=0.771343 Std=0.233382 RMS90=0.115285
  K0: n=11955 Mean=0.861700 Std=0.186202 RMS90=0.096270
  Photon: n=19748 Mean=1.220102 Std=4.149701 RMS90=0.203986
  Pion: n=21287 Mean=0.889804 Std=0.332573 RMS90=0.141951
  Electron: n=6154 Mean=1.173369 Std=4.127252 RMS90=0.194575
  Muon: n=2222 Mean=0.908089 Std=0.379772 RMS90=0.092845

Epoch 90
Pretraining energy response (E_pred / E_true) by true-energy bin:
  1-50 GeV: n=40292 Mean=0.858881 Std=0.272702 RMS90=0.152513
  50-150 GeV: n=23832 Mean=0.884180 Std=0.128715 RMS90=0.056358
  >150 GeV: n=68 Mean=0.865939 Std=0.083332 RMS90=0.055662
Pretraining energy response by particle species:
  Neutron: n=13032 Mean=0.809108 Std=0.243806 RMS90=0.121706
  K0: n=11955 Mean=0.905547 Std=0.189461 RMS90=0.094973
  Photon: n=19748 Mean=1.208733 Std=3.095687 RMS90=0.197934
  Pion: n=21287 Mean=0.885922 Std=0.319472 RMS90=0.145383
  Electron: n=6154 Mean=1.161936 Std=4.964922 RMS90=0.187690
  Muon: n=2222 Mean=0.907306 Std=0.349802 RMS90=0.092541

Epoch 91
Pretraining energy response (E_pred / E_true) by true-energy bin:
  1-50 GeV: n=40292 Mean=0.876615 Std=0.281813 RMS90=0.154347
  50-150 GeV: n=23832 Mean=0.905923 Std=0.131975 RMS90=0.055842
  >150 GeV: n=68 Mean=0.887015 Std=0.086023 RMS90=0.054474
Pretraining energy response by particle species:
  Neutron: n=13032 Mean=0.816858 Std=0.245222 RMS90=0.121411
  K0: n=11955 Mean=0.912923 Std=0.190556 RMS90=0.095811
  Photon: n=19748 Mean=1.282312 Std=6.784273 RMS90=0.201455
  Pion: n=21287 Mean=0.914594 Std=0.324785 RMS90=0.152078
  Electron: n=6154 Mean=1.233054 Std=6.799176 RMS90=0.194567
  Muon: n=2222 Mean=0.956744 Std=0.374984 RMS90=0.078903

Epoch 92
Pretraining energy response (E_pred / E_true) by true-energy bin:
  1-50 GeV: n=40292 Mean=0.899630 Std=0.286047 RMS90=0.154429
  50-150 GeV: n=23832 Mean=0.900782 Std=0.132839 RMS90=0.056692
  >150 GeV: n=68 Mean=0.885786 Std=0.091809 RMS90=0.062001
Pretraining energy response by particle species:
  Neutron: n=13032 Mean=0.828375 Std=0.249307 RMS90=0.125327
  K0: n=11955 Mean=0.925672 Std=0.201203 RMS90=0.103160
  Photon: n=19748 Mean=1.258122 Std=4.869116 RMS90=0.202094
  Pion: n=21287 Mean=0.930413 Std=0.340263 RMS90=0.142643
  Electron: n=6154 Mean=1.249640 Std=7.144411 RMS90=0.193238
  Muon: n=2222 Mean=0.963051 Std=0.440456 RMS90=0.082440

Epoch 93
Pretraining energy response (E_pred / E_true) by true-energy bin:
  1-50 GeV: n=40292 Mean=0.882341 Std=0.277457 RMS90=0.145352
  50-150 GeV: n=23832 Mean=0.892186 Std=0.132334 RMS90=0.057264
  >150 GeV: n=68 Mean=0.876859 Std=0.084895 RMS90=0.051540
Pretraining energy response by particle species:
  Neutron: n=13032 Mean=0.801445 Std=0.239469 RMS90=0.119113
  K0: n=11955 Mean=0.896253 Std=0.189404 RMS90=0.095391
  Photon: n=19748 Mean=1.217290 Std=4.626053 RMS90=0.198661
  Pion: n=21287 Mean=0.930677 Std=0.322202 RMS90=0.137709
  Electron: n=6154 Mean=1.237447 Std=7.839493 RMS90=0.189718
  Muon: n=2222 Mean=0.956796 Std=0.450040 RMS90=0.074830

Epoch 94
Pretraining energy response (E_pred / E_true) by true-energy bin:
  1-50 GeV: n=40292 Mean=0.853740 Std=0.269657 RMS90=0.141142
  50-150 GeV: n=23832 Mean=0.832883 Std=0.129730 RMS90=0.061767
  >150 GeV: n=68 Mean=0.813663 Std=0.090997 RMS90=0.055686
Pretraining energy response by particle species:
  Neutron: n=13032 Mean=0.753388 Std=0.227846 RMS90=0.114483
  K0: n=11955 Mean=0.838835 Std=0.188536 RMS90=0.099664
  Photon: n=19748 Mean=1.211443 Std=4.617285 RMS90=0.197939
  Pion: n=21287 Mean=0.899939 Std=0.324180 RMS90=0.131892
  Electron: n=6154 Mean=1.213120 Std=7.263387 RMS90=0.187279
  Muon: n=2222 Mean=0.933322 Std=0.515523 RMS90=0.071264

Epoch 95
Pretraining energy response (E_pred / E_true) by true-energy bin:
  1-50 GeV: n=40292 Mean=0.852864 Std=0.277800 RMS90=0.146947
  50-150 GeV: n=23832 Mean=0.854155 Std=0.126800 RMS90=0.053791
  >150 GeV: n=68 Mean=0.841515 Std=0.085444 RMS90=0.059038
Pretraining energy response by particle species:
  Neutron: n=13032 Mean=0.770066 Std=0.233451 RMS90=0.114927
  K0: n=11955 Mean=0.858198 Std=0.187017 RMS90=0.093650
  Photon: n=19748 Mean=1.183727 Std=4.001436 RMS90=0.195099
  Pion: n=21287 Mean=0.897157 Std=0.321954 RMS90=0.139256
  Electron: n=6154 Mean=1.212541 Std=8.151890 RMS90=0.186046
  Muon: n=2222 Mean=0.929824 Std=0.534770 RMS90=0.064329

Epoch 96
Pretraining energy response (E_pred / E_true) by true-energy bin:
  1-50 GeV: n=40292 Mean=0.896751 Std=0.280379 RMS90=0.146054
  50-150 GeV: n=23832 Mean=0.910736 Std=0.131342 RMS90=0.053384
  >150 GeV: n=68 Mean=0.885066 Std=0.083026 RMS90=0.049419
Pretraining energy response by particle species:
  Neutron: n=13032 Mean=0.822114 Std=0.246455 RMS90=0.121618
  K0: n=11955 Mean=0.919912 Std=0.192100 RMS90=0.096259
  Photon: n=19748 Mean=1.213831 Std=3.761439 RMS90=0.196199
  Pion: n=21287 Mean=0.945508 Std=0.335138 RMS90=0.143057
  Electron: n=6154 Mean=1.283688 Std=7.927772 RMS90=0.188097
  Muon: n=2222 Mean=0.971875 Std=0.455868 RMS90=0.068301

Epoch 97
Pretraining energy response (E_pred / E_true) by true-energy bin:
  1-50 GeV: n=40292 Mean=0.867837 Std=0.269271 RMS90=0.139507
  50-150 GeV: n=23832 Mean=0.842303 Std=0.125879 RMS90=0.056575
  >150 GeV: n=68 Mean=0.814833 Std=0.088411 RMS90=0.062685
Pretraining energy response by particle species:
  Neutron: n=13032 Mean=0.779287 Std=0.232968 RMS90=0.117077
  K0: n=11955 Mean=0.868697 Std=0.189991 RMS90=0.099720
  Photon: n=19748 Mean=1.245084 Std=11.189040 RMS90=0.195023
  Pion: n=21287 Mean=0.898172 Std=0.328960 RMS90=0.129414
  Electron: n=6154 Mean=1.181625 Std=6.394253 RMS90=0.184465
  Muon: n=2222 Mean=0.914548 Std=0.462891 RMS90=0.068209

Epoch 98
Pretraining energy response (E_pred / E_true) by true-energy bin:
  1-50 GeV: n=40292 Mean=0.870361 Std=0.272350 RMS90=0.143442
  50-150 GeV: n=23832 Mean=0.861273 Std=0.127798 RMS90=0.055399
  >150 GeV: n=68 Mean=0.843232 Std=0.087185 RMS90=0.053708
Pretraining energy response by particle species:
  Neutron: n=13032 Mean=0.781846 Std=0.235203 RMS90=0.117093
  K0: n=11955 Mean=0.872513 Std=0.188690 RMS90=0.097250
  Photon: n=19748 Mean=1.201653 Std=4.749405 RMS90=0.192885
  Pion: n=21287 Mean=0.916638 Std=0.329769 RMS90=0.134445
  Electron: n=6154 Mean=1.222704 Std=7.080455 RMS90=0.183308
  Muon: n=2222 Mean=0.935506 Std=0.522797 RMS90=0.069147

Epoch 99
Pretraining energy response (E_pred / E_true) by true-energy bin:
  1-50 GeV: n=40292 Mean=0.864434 Std=0.273650 RMS90=0.144618
  50-150 GeV: n=23832 Mean=0.858019 Std=0.128781 RMS90=0.056775
  >150 GeV: n=68 Mean=0.841744 Std=0.087482 RMS90=0.058963
Pretraining energy response by particle species:
  Neutron: n=13032 Mean=0.773744 Std=0.233759 RMS90=0.115221
  K0: n=11955 Mean=0.861562 Std=0.187023 RMS90=0.095507
  Photon: n=19748 Mean=1.198907 Std=4.310881 RMS90=0.194396
  Pion: n=21287 Mean=0.914718 Std=0.329098 RMS90=0.133513
  Electron: n=6154 Mean=1.225404 Std=7.656836 RMS90=0.185347
  Muon: n=2222 Mean=0.943447 Std=0.544066 RMS90=0.066141

Epoch 100
Pretraining energy response (E_pred / E_true) by true-energy bin:
  1-50 GeV: n=40292 Mean=0.845950 Std=0.288474 RMS90=0.159504
  50-150 GeV: n=23832 Mean=0.816724 Std=0.134818 RMS90=0.072924
  >150 GeV: n=68 Mean=0.780916 Std=0.105893 RMS90=0.076253
Pretraining energy response by particle species:
  Neutron: n=13032 Mean=0.744815 Std=0.227221 RMS90=0.116763
  K0: n=11955 Mean=0.828171 Std=0.188043 RMS90=0.100914
  Photon: n=19748 Mean=1.240661 Std=2.565563 RMS90=0.217596
  Pion: n=21287 Mean=0.880688 Std=0.354802 RMS90=0.152918
  Electron: n=6154 Mean=1.157799 Std=4.560268 RMS90=0.214932
  Muon: n=2222 Mean=0.878339 Std=0.450209 RMS90=0.117060

Epoch 101
Pretraining energy response (E_pred / E_true) by true-energy bin:
  1-50 GeV: n=40292 Mean=0.931386 Std=0.727956 RMS90=0.190295
  50-150 GeV: n=23832 Mean=0.909096 Std=0.149915 RMS90=0.081791
  >150 GeV: n=68 Mean=0.852590 Std=0.118816 RMS90=0.073543
Pretraining energy response by particle species:
  Neutron: n=13032 Mean=0.872961 Std=0.298982 RMS90=0.153451
  K0: n=11955 Mean=0.979572 Std=0.389185 RMS90=0.132154
  Photon: n=19748 Mean=1.440787 Std=8.986020 RMS90=0.224259
  Pion: n=21287 Mean=0.909100 Std=0.442739 RMS90=0.155686
  Electron: n=6154 Mean=1.175913 Std=4.420820 RMS90=0.215665
  Muon: n=2222 Mean=0.895902 Std=0.674940 RMS90=0.099394

Epoch 102
Pretraining energy response (E_pred / E_true) by true-energy bin:
  1-50 GeV: n=40292 Mean=0.835587 Std=0.281487 RMS90=0.166443
  50-150 GeV: n=23832 Mean=0.794563 Std=0.134758 RMS90=0.075667
  >150 GeV: n=68 Mean=0.775111 Std=0.107766 RMS90=0.075768
Pretraining energy response by particle species:
  Neutron: n=13032 Mean=0.758419 Std=0.237550 RMS90=0.132593
  K0: n=11955 Mean=0.844516 Std=0.200274 RMS90=0.120619
  Photon: n=19748 Mean=1.204632 Std=3.077906 RMS90=0.209282
  Pion: n=21287 Mean=0.830297 Std=0.343824 RMS90=0.146808
  Electron: n=6154 Mean=1.086982 Std=4.958163 RMS90=0.203780
  Muon: n=2222 Mean=0.826363 Std=0.412256 RMS90=0.091920

Epoch 103
Pretraining energy response (E_pred / E_true) by true-energy bin:
  1-50 GeV: n=40292 Mean=0.909726 Std=0.356521 RMS90=0.163918
  50-150 GeV: n=23832 Mean=0.900246 Std=0.137476 RMS90=0.060920
  >150 GeV: n=68 Mean=0.856070 Std=0.089542 RMS90=0.052712
Pretraining energy response by particle species:
  Neutron: n=13032 Mean=0.817442 Std=0.253907 RMS90=0.130319
  K0: n=11955 Mean=0.912681 Std=0.199794 RMS90=0.106088
  Photon: n=19748 Mean=1.245759 Std=2.691761 RMS90=0.209907
  Pion: n=21287 Mean=0.958789 Std=0.404300 RMS90=0.153069
  Electron: n=6154 Mean=1.171875 Std=3.920733 RMS90=0.216214
  Muon: n=2222 Mean=0.976870 Std=0.849892 RMS90=0.087835

Epoch 104
Pretraining energy response (E_pred / E_true) by true-energy bin:
  1-50 GeV: n=40292 Mean=0.859600 Std=0.295232 RMS90=0.148628
  50-150 GeV: n=23832 Mean=0.847773 Std=0.126625 RMS90=0.058362
  >150 GeV: n=68 Mean=0.802997 Std=0.074683 RMS90=0.060726
Pretraining energy response by particle species:
  Neutron: n=13032 Mean=0.783721 Std=0.239751 RMS90=0.118175
  K0: n=11955 Mean=0.870813 Std=0.189882 RMS90=0.098964
  Photon: n=19748 Mean=1.191760 Std=2.352898 RMS90=0.196794
  Pion: n=21287 Mean=0.889887 Std=0.386424 RMS90=0.138845
  Electron: n=6154 Mean=1.154022 Std=4.881628 RMS90=0.196985
  Muon: n=2222 Mean=0.936034 Std=0.652995 RMS90=0.073607

Epoch 105
Pretraining energy response (E_pred / E_true) by true-energy bin:
  1-50 GeV: n=40292 Mean=0.828792 Std=0.276491 RMS90=0.157296
  50-150 GeV: n=23832 Mean=0.850066 Std=0.149678 RMS90=0.085653
  >150 GeV: n=68 Mean=0.833013 Std=0.111024 RMS90=0.080759
Pretraining energy response by particle species:
  Neutron: n=13032 Mean=0.742797 Std=0.226831 RMS90=0.118702
  K0: n=11955 Mean=0.828545 Std=0.183327 RMS90=0.101450
  Photon: n=19748 Mean=1.333838 Std=18.781979 RMS90=0.215022
  Pion: n=21287 Mean=0.886634 Std=0.360171 RMS90=0.158606
  Electron: n=6154 Mean=1.136963 Std=4.036514 RMS90=0.245549
  Muon: n=2222 Mean=1.004475 Std=0.566212 RMS90=0.103262

Epoch 106
Pretraining energy response (E_pred / E_true) by true-energy bin:
  1-50 GeV: n=40292 Mean=0.908309 Std=0.302868 RMS90=0.168789
  50-150 GeV: n=23832 Mean=0.875818 Std=0.137889 RMS90=0.067257
  >150 GeV: n=68 Mean=0.845209 Std=0.086964 RMS90=0.056208
Pretraining energy response by particle species:
  Neutron: n=13032 Mean=0.806109 Std=0.245647 RMS90=0.129172
  K0: n=11955 Mean=0.904003 Std=0.231624 RMS90=0.116815
  Photon: n=19748 Mean=1.293788 Std=3.402374 RMS90=0.229000
  Pion: n=21287 Mean=0.926544 Std=0.336461 RMS90=0.145983
  Electron: n=6154 Mean=1.193483 Std=4.453376 RMS90=0.215975
  Muon: n=2222 Mean=0.967752 Std=0.371329 RMS90=0.088455

Epoch 107
Pretraining energy response (E_pred / E_true) by true-energy bin:
  1-50 GeV: n=40292 Mean=0.887723 Std=0.286361 RMS90=0.154646
  50-150 GeV: n=23832 Mean=0.877412 Std=0.137053 RMS90=0.063514
  >150 GeV: n=68 Mean=0.857788 Std=0.092235 RMS90=0.058721
Pretraining energy response by particle species:
  Neutron: n=13032 Mean=0.799260 Std=0.246471 RMS90=0.128520
  K0: n=11955 Mean=0.890583 Std=0.206290 RMS90=0.109938
  Photon: n=19748 Mean=1.171371 Std=1.627088 RMS90=0.204597
  Pion: n=21287 Mean=0.934685 Std=0.333205 RMS90=0.140469
  Electron: n=6154 Mean=1.063179 Std=1.870154 RMS90=0.192348
  Muon: n=2222 Mean=0.940565 Std=0.370548 RMS90=0.079943

Epoch 108
Pretraining energy response (E_pred / E_true) by true-energy bin:
  1-50 GeV: n=40292 Mean=0.797259 Std=0.261489 RMS90=0.141236
  50-150 GeV: n=23832 Mean=0.799097 Std=0.126163 RMS90=0.064112
  >150 GeV: n=68 Mean=0.787315 Std=0.084478 RMS90=0.051639
Pretraining energy response by particle species:
  Neutron: n=13032 Mean=0.717707 Std=0.217651 RMS90=0.110094
  K0: n=11955 Mean=0.797888 Std=0.183110 RMS90=0.094561
  Photon: n=19748 Mean=1.156711 Std=4.723237 RMS90=0.208920
  Pion: n=21287 Mean=0.840765 Std=0.291716 RMS90=0.135046
  Electron: n=6154 Mean=1.046459 Std=2.911896 RMS90=0.189167
  Muon: n=2222 Mean=0.893518 Std=0.362682 RMS90=0.062381

Epoch 109
Pretraining energy response (E_pred / E_true) by true-energy bin:
  1-50 GeV: n=40292 Mean=0.854378 Std=0.285722 RMS90=0.146721
  50-150 GeV: n=23832 Mean=0.851709 Std=0.127964 RMS90=0.058660
  >150 GeV: n=68 Mean=0.827894 Std=0.080881 RMS90=0.043955
Pretraining energy response by particle species:
  Neutron: n=13032 Mean=0.785529 Std=0.237777 RMS90=0.119810
  K0: n=11955 Mean=0.875661 Std=0.194170 RMS90=0.103187
  Photon: n=19748 Mean=1.182665 Std=1.931807 RMS90=0.200551
  Pion: n=21287 Mean=0.875448 Std=0.303012 RMS90=0.128609
  Electron: n=6154 Mean=1.073399 Std=2.836942 RMS90=0.191776
  Muon: n=2222 Mean=0.870121 Std=0.332109 RMS90=0.070185

Epoch 110
Pretraining energy response (E_pred / E_true) by true-energy bin:
  1-50 GeV: n=40292 Mean=0.879051 Std=0.290011 RMS90=0.164929
  50-150 GeV: n=23832 Mean=0.913384 Std=0.134982 RMS90=0.057430
  >150 GeV: n=68 Mean=0.902838 Std=0.085677 RMS90=0.052986
Pretraining energy response by particle species:
  Neutron: n=13032 Mean=0.825362 Std=0.248009 RMS90=0.124086
  K0: n=11955 Mean=0.919974 Std=0.194405 RMS90=0.101573
  Photon: n=19748 Mean=1.260104 Std=3.374812 RMS90=0.206441
  Pion: n=21287 Mean=0.900330 Std=0.311458 RMS90=0.156974
  Electron: n=6154 Mean=1.159577 Std=3.659130 RMS90=0.202198
  Muon: n=2222 Mean=0.925523 Std=0.383257 RMS90=0.066501

Epoch 111
Pretraining energy response (E_pred / E_true) by true-energy bin:
  1-50 GeV: n=40292 Mean=0.872169 Std=0.355698 RMS90=0.173359
  50-150 GeV: n=23832 Mean=0.918503 Std=0.134065 RMS90=0.055423
  >150 GeV: n=68 Mean=0.885715 Std=0.078211 RMS90=0.043552
Pretraining energy response by particle species:
  Neutron: n=13032 Mean=0.830161 Std=0.260560 RMS90=0.133007
  K0: n=11955 Mean=0.928956 Std=0.208848 RMS90=0.105524
  Photon: n=19748 Mean=1.226125 Std=2.372306 RMS90=0.214737
  Pion: n=21287 Mean=0.904399 Std=0.375173 RMS90=0.166626
  Electron: n=6154 Mean=1.179324 Std=5.336471 RMS90=0.245201
  Muon: n=2222 Mean=0.956183 Std=0.415927 RMS90=0.086261

Epoch 112
Pretraining energy response (E_pred / E_true) by true-energy bin:
  1-50 GeV: n=40292 Mean=0.813102 Std=0.283283 RMS90=0.145997
  50-150 GeV: n=23832 Mean=0.828761 Std=0.138316 RMS90=0.073757
  >150 GeV: n=68 Mean=0.818815 Std=0.089644 RMS90=0.054629
Pretraining energy response by particle species:
  Neutron: n=13032 Mean=0.718816 Std=0.218865 RMS90=0.112640
  K0: n=11955 Mean=0.802502 Std=0.181548 RMS90=0.095445
  Photon: n=19748 Mean=1.161118 Std=2.643258 RMS90=0.208374
  Pion: n=21287 Mean=0.874563 Std=0.302710 RMS90=0.137744
  Electron: n=6154 Mean=1.041786 Std=1.900804 RMS90=0.200782
  Muon: n=2222 Mean=0.914778 Std=0.639568 RMS90=0.115369

Epoch 113
Pretraining energy response (E_pred / E_true) by true-energy bin:
  1-50 GeV: n=40292 Mean=0.878989 Std=0.341089 RMS90=0.159330
  50-150 GeV: n=23832 Mean=0.905613 Std=0.138470 RMS90=0.061287
  >150 GeV: n=68 Mean=0.888427 Std=0.088975 RMS90=0.054606
Pretraining energy response by particle species:
  Neutron: n=13032 Mean=0.809926 Std=0.250266 RMS90=0.127212
  K0: n=11955 Mean=0.903389 Std=0.196825 RMS90=0.103216
  Photon: n=19748 Mean=1.439071 Std=23.247337 RMS90=0.225290
  Pion: n=21287 Mean=0.914767 Std=0.353968 RMS90=0.143862
  Electron: n=6154 Mean=1.306533 Std=9.913034 RMS90=0.220562
  Muon: n=2222 Mean=0.992535 Std=2.340830 RMS90=0.076543

Epoch 114
Pretraining energy response (E_pred / E_true) by true-energy bin:
  1-50 GeV: n=40292 Mean=0.833345 Std=0.290421 RMS90=0.142020
  50-150 GeV: n=23832 Mean=0.818686 Std=0.124065 RMS90=0.058906
  >150 GeV: n=68 Mean=0.781952 Std=0.079168 RMS90=0.053150
Pretraining energy response by particle species:
  Neutron: n=13032 Mean=0.757218 Std=0.243674 RMS90=0.118768
  K0: n=11955 Mean=0.841406 Std=0.186248 RMS90=0.099297
  Photon: n=19748 Mean=1.141304 Std=2.014052 RMS90=0.204035
  Pion: n=21287 Mean=0.854703 Std=0.312439 RMS90=0.123935
  Electron: n=6154 Mean=1.050857 Std=3.465860 RMS90=0.198911
  Muon: n=2222 Mean=0.911578 Std=0.384824 RMS90=0.070368

Epoch 115
Pretraining energy response (E_pred / E_true) by true-energy bin:
  1-50 GeV: n=40292 Mean=0.891370 Std=0.349925 RMS90=0.183503
  50-150 GeV: n=23832 Mean=0.883365 Std=0.135167 RMS90=0.065629
  >150 GeV: n=68 Mean=0.841486 Std=0.084205 RMS90=0.045427
Pretraining energy response by particle species:
  Neutron: n=13032 Mean=0.832888 Std=0.281011 RMS90=0.131485
  K0: n=11955 Mean=0.925052 Std=0.208456 RMS90=0.115483
  Photon: n=19748 Mean=1.273616 Std=3.274213 RMS90=0.229331
  Pion: n=21287 Mean=0.888390 Std=0.331241 RMS90=0.164983
  Electron: n=6154 Mean=1.159102 Std=6.029895 RMS90=0.222039
  Muon: n=2222 Mean=0.901719 Std=0.457323 RMS90=0.071383

Epoch 116
Pretraining energy response (E_pred / E_true) by true-energy bin:
  1-50 GeV: n=40292 Mean=0.825664 Std=0.321828 RMS90=0.175801
  50-150 GeV: n=23832 Mean=0.839302 Std=0.143221 RMS90=0.078295
  >150 GeV: n=68 Mean=0.826692 Std=0.102947 RMS90=0.066670
Pretraining energy response by particle species:
  Neutron: n=13032 Mean=0.739015 Std=0.232193 RMS90=0.121292
  K0: n=11955 Mean=0.824166 Std=0.189723 RMS90=0.104069
  Photon: n=19748 Mean=1.212370 Std=4.604222 RMS90=0.215963
  Pion: n=21287 Mean=0.869894 Std=0.345747 RMS90=0.175743
  Electron: n=6154 Mean=1.142457 Std=5.988639 RMS90=0.251958
  Muon: n=2222 Mean=0.939250 Std=0.423893 RMS90=0.076815

Epoch 117
Pretraining energy response (E_pred / E_true) by true-energy bin:
  1-50 GeV: n=40292 Mean=0.858878 Std=0.299470 RMS90=0.149204
  50-150 GeV: n=23832 Mean=0.831122 Std=0.128922 RMS90=0.059454
  >150 GeV: n=68 Mean=0.795857 Std=0.091635 RMS90=0.057307
Pretraining energy response by particle species:
  Neutron: n=13032 Mean=0.766207 Std=0.234294 RMS90=0.123064
  K0: n=11955 Mean=0.853346 Std=0.196292 RMS90=0.108107
  Photon: n=19748 Mean=1.183641 Std=1.538998 RMS90=0.217540
  Pion: n=21287 Mean=0.881508 Std=0.336276 RMS90=0.128333
  Electron: n=6154 Mean=1.101558 Std=4.124973 RMS90=0.206752
  Muon: n=2222 Mean=0.921682 Std=0.342727 RMS90=0.066094

Epoch 118
Pretraining energy response (E_pred / E_true) by true-energy bin:
  1-50 GeV: n=40292 Mean=0.771795 Std=0.303550 RMS90=0.174247
  50-150 GeV: n=23832 Mean=0.753850 Std=0.138454 RMS90=0.083043
  >150 GeV: n=68 Mean=0.728172 Std=0.107867 RMS90=0.075769
Pretraining energy response by particle species:
  Neutron: n=13032 Mean=0.669723 Std=0.213613 RMS90=0.114728
  K0: n=11955 Mean=0.747079 Std=0.185391 RMS90=0.108320
  Photon: n=19748 Mean=1.181745 Std=4.079172 RMS90=0.225288
  Pion: n=21287 Mean=0.804997 Std=0.326812 RMS90=0.167530
  Electron: n=6154 Mean=0.987676 Std=2.093367 RMS90=0.245755
  Muon: n=2222 Mean=0.837545 Std=0.457734 RMS90=0.100988

Epoch 119
Pretraining energy response (E_pred / E_true) by true-energy bin:
  1-50 GeV: n=40292 Mean=0.877997 Std=0.368425 RMS90=0.155917
  50-150 GeV: n=23832 Mean=0.893546 Std=0.139127 RMS90=0.069698
  >150 GeV: n=68 Mean=0.861774 Std=0.091181 RMS90=0.058707
Pretraining energy response by particle species:
  Neutron: n=13032 Mean=0.783693 Std=0.290568 RMS90=0.119789
  K0: n=11955 Mean=0.873287 Std=0.188028 RMS90=0.094616
  Photon: n=19748 Mean=1.312660 Std=18.791375 RMS90=0.209385
  Pion: n=21287 Mean=0.949140 Std=0.345260 RMS90=0.147441
  Electron: n=6154 Mean=1.459012 Std=19.195264 RMS90=0.205469
  Muon: n=2222 Mean=0.995088 Std=0.445868 RMS90=0.079731

Epoch 120
Pretraining energy response (E_pred / E_true) by true-energy bin:
  1-50 GeV: n=40292 Mean=0.877131 Std=0.344228 RMS90=0.161251
  50-150 GeV: n=23832 Mean=0.787133 Std=0.128176 RMS90=0.066322
  >150 GeV: n=68 Mean=0.754539 Std=0.092806 RMS90=0.058898
Pretraining energy response by particle species:
  Neutron: n=13032 Mean=0.770361 Std=0.239046 RMS90=0.128569
  K0: n=11955 Mean=0.849488 Std=0.208565 RMS90=0.123476
  Photon: n=19748 Mean=1.201141 Std=2.757546 RMS90=0.208550
  Pion: n=21287 Mean=0.878350 Std=0.405959 RMS90=0.154536
  Electron: n=6154 Mean=1.082982 Std=3.630250 RMS90=0.224682
  Muon: n=2222 Mean=0.865875 Std=0.371018 RMS90=0.083816

Epoch 121
Pretraining energy response (E_pred / E_true) by true-energy bin:
  1-50 GeV: n=40292 Mean=0.845528 Std=0.401210 RMS90=0.156507
  50-150 GeV: n=23832 Mean=0.816144 Std=0.127511 RMS90=0.062772
  >150 GeV: n=68 Mean=0.793505 Std=0.087036 RMS90=0.055803
Pretraining energy response by particle species:
  Neutron: n=13032 Mean=0.740472 Std=0.228642 RMS90=0.113195
  K0: n=11955 Mean=0.826072 Std=0.193459 RMS90=0.098824
  Photon: n=19748 Mean=1.171168 Std=2.267296 RMS90=0.212081
  Pion: n=21287 Mean=0.877745 Std=0.347232 RMS90=0.144215
  Electron: n=6154 Mean=1.057439 Std=2.838289 RMS90=0.240819
  Muon: n=2222 Mean=0.900113 Std=0.545516 RMS90=0.069899

Epoch 122
Pretraining energy response (E_pred / E_true) by true-energy bin:
  1-50 GeV: n=40292 Mean=0.864652 Std=0.309280 RMS90=0.143354
  50-150 GeV: n=23832 Mean=0.845420 Std=0.126810 RMS90=0.056390
  >150 GeV: n=68 Mean=0.826732 Std=0.086905 RMS90=0.041162
Pretraining energy response by particle species:
  Neutron: n=13032 Mean=0.773246 Std=0.230197 RMS90=0.116243
  K0: n=11955 Mean=0.858848 Std=0.188032 RMS90=0.098408
  Photon: n=19748 Mean=1.213018 Std=4.439082 RMS90=0.203954
  Pion: n=21287 Mean=0.901595 Std=0.319212 RMS90=0.124993
  Electron: n=6154 Mean=1.063117 Std=2.466490 RMS90=0.195870
  Muon: n=2222 Mean=0.922079 Std=0.328249 RMS90=0.060812

Epoch 123
Pretraining energy response (E_pred / E_true) by true-energy bin:
  1-50 GeV: n=40292 Mean=0.845675 Std=0.328876 RMS90=0.145190
  50-150 GeV: n=23832 Mean=0.802384 Std=0.133383 RMS90=0.068940
  >150 GeV: n=68 Mean=0.786615 Std=0.106071 RMS90=0.065112
Pretraining energy response by particle species:
  Neutron: n=13032 Mean=0.755087 Std=0.234642 RMS90=0.129838
  K0: n=11955 Mean=0.837255 Std=0.202941 RMS90=0.121492
  Photon: n=19748 Mean=1.220852 Std=5.454771 RMS90=0.214915
  Pion: n=21287 Mean=0.863854 Std=0.321280 RMS90=0.124101
  Electron: n=6154 Mean=1.139825 Std=7.946975 RMS90=0.203672
  Muon: n=2222 Mean=0.877880 Std=0.442602 RMS90=0.048650

Epoch 124
Pretraining energy response (E_pred / E_true) by true-energy bin:
  1-50 GeV: n=40292 Mean=0.883080 Std=0.346682 RMS90=0.155252
  50-150 GeV: n=23832 Mean=0.836252 Std=0.147939 RMS90=0.083926
  >150 GeV: n=68 Mean=0.815421 Std=0.106765 RMS90=0.067205
Pretraining energy response by particle species:
  Neutron: n=13032 Mean=0.747962 Std=0.230209 RMS90=0.124725
  K0: n=11955 Mean=0.830847 Std=0.195448 RMS90=0.116580
  Photon: n=19748 Mean=1.200771 Std=2.263630 RMS90=0.212011
  Pion: n=21287 Mean=0.946789 Std=0.351752 RMS90=0.139572
  Electron: n=6154 Mean=1.260449 Std=9.181345 RMS90=0.198694
  Muon: n=2222 Mean=0.970185 Std=0.450058 RMS90=0.054955

Epoch 125
Pretraining energy response (E_pred / E_true) by true-energy bin:
  1-50 GeV: n=40292 Mean=0.844775 Std=0.343368 RMS90=0.140721
  50-150 GeV: n=23832 Mean=0.798450 Std=0.124311 RMS90=0.057029
  >150 GeV: n=68 Mean=0.798240 Std=0.088062 RMS90=0.050760
Pretraining energy response by particle species:
  Neutron: n=13032 Mean=0.735493 Std=0.227562 RMS90=0.115805
  K0: n=11955 Mean=0.816517 Std=0.185567 RMS90=0.103351
  Photon: n=19748 Mean=1.156101 Std=2.248101 RMS90=0.200025
  Pion: n=21287 Mean=0.878966 Std=0.327690 RMS90=0.125387
  Electron: n=6154 Mean=1.172828 Std=8.700647 RMS90=0.192496
  Muon: n=2222 Mean=0.899133 Std=0.404538 RMS90=0.060976

Epoch 126
Pretraining energy response (E_pred / E_true) by true-energy bin:
  1-50 GeV: n=40292 Mean=0.831299 Std=0.374650 RMS90=0.140388
  50-150 GeV: n=23832 Mean=0.795050 Std=0.125219 RMS90=0.060092
  >150 GeV: n=68 Mean=0.780512 Std=0.091422 RMS90=0.056905
Pretraining energy response by particle species:
  Neutron: n=13032 Mean=0.746452 Std=0.232080 RMS90=0.120088
  K0: n=11955 Mean=0.829020 Std=0.194290 RMS90=0.108293
  Photon: n=19748 Mean=1.247927 Std=6.844258 RMS90=0.206090
  Pion: n=21287 Mean=0.847211 Std=0.701590 RMS90=0.118902
  Electron: n=6154 Mean=1.106657 Std=7.261181 RMS90=0.197820
  Muon: n=2222 Mean=0.863328 Std=0.424110 RMS90=0.062191

Epoch 127
Pretraining energy response (E_pred / E_true) by true-energy bin:
  1-50 GeV: n=40292 Mean=0.860072 Std=0.345137 RMS90=0.153886
  50-150 GeV: n=23832 Mean=0.819372 Std=0.136743 RMS90=0.071787
  >150 GeV: n=68 Mean=0.800094 Std=0.097094 RMS90=0.056691
Pretraining energy response by particle species:
  Neutron: n=13032 Mean=0.756174 Std=0.243306 RMS90=0.130214
  K0: n=11955 Mean=0.840448 Std=0.207422 RMS90=0.116167
  Photon: n=19748 Mean=1.284167 Std=5.777778 RMS90=0.220944
  Pion: n=21287 Mean=0.903517 Std=0.615230 RMS90=0.139676
  Electron: n=6154 Mean=1.138719 Std=4.762665 RMS90=0.249192
  Muon: n=2222 Mean=0.932374 Std=0.471412 RMS90=0.092428

Epoch 128
Pretraining energy response (E_pred / E_true) by true-energy bin:
  1-50 GeV: n=40292 Mean=0.870403 Std=0.299541 RMS90=0.142587
  50-150 GeV: n=23832 Mean=0.861060 Std=0.123502 RMS90=0.051411
  >150 GeV: n=68 Mean=0.862103 Std=0.079657 RMS90=0.040361
Pretraining energy response by particle species:
  Neutron: n=13032 Mean=0.792197 Std=0.249693 RMS90=0.117132
  K0: n=11955 Mean=0.882323 Std=0.185684 RMS90=0.094359
  Photon: n=19748 Mean=1.615469 Std=58.903103 RMS90=0.199369
  Pion: n=21287 Mean=0.906080 Std=0.392006 RMS90=0.126639
  Electron: n=6154 Mean=1.112382 Std=5.672556 RMS90=0.193443
  Muon: n=2222 Mean=0.933818 Std=0.447461 RMS90=0.069671

Epoch 129
Pretraining energy response (E_pred / E_true) by true-energy bin:
  1-50 GeV: n=40292 Mean=0.769965 Std=0.286901 RMS90=0.135205
  50-150 GeV: n=23832 Mean=0.660179 Std=0.113878 RMS90=0.062676
  >150 GeV: n=68 Mean=0.650339 Std=0.086710 RMS90=0.056143
Pretraining energy response by particle species:
  Neutron: n=13032 Mean=0.635319 Std=0.200214 RMS90=0.109785
  K0: n=11955 Mean=0.701644 Std=0.180742 RMS90=0.106635
  Photon: n=19748 Mean=1.128197 Std=2.513922 RMS90=0.217836
  Pion: n=21287 Mean=0.774990 Std=0.320176 RMS90=0.124198
  Electron: n=6154 Mean=1.049836 Std=5.482615 RMS90=0.199917
  Muon: n=2222 Mean=0.790742 Std=0.955511 RMS90=0.094023

Epoch 130
Pretraining energy response (E_pred / E_true) by true-energy bin:
  1-50 GeV: n=40292 Mean=0.814855 Std=0.343805 RMS90=0.145769
  50-150 GeV: n=23832 Mean=0.766437 Std=0.131370 RMS90=0.071048
  >150 GeV: n=68 Mean=0.750092 Std=0.100585 RMS90=0.063008
Pretraining energy response by particle species:
  Neutron: n=13032 Mean=0.709501 Std=0.233895 RMS90=0.119471
  K0: n=11955 Mean=0.784322 Std=0.191868 RMS90=0.112672
  Photon: n=19748 Mean=1.250592 Std=10.126670 RMS90=0.217348
  Pion: n=21287 Mean=0.842551 Std=0.339461 RMS90=0.126775
  Electron: n=6154 Mean=1.172109 Std=7.771180 RMS90=0.237447
  Muon: n=2222 Mean=1.018776 Std=6.532710 RMS90=0.062095

Epoch 131
Pretraining energy response (E_pred / E_true) by true-energy bin:
  1-50 GeV: n=40292 Mean=0.835687 Std=0.337985 RMS90=0.135382
  50-150 GeV: n=23832 Mean=0.795421 Std=0.119276 RMS90=0.052876
  >150 GeV: n=68 Mean=0.787986 Std=0.083508 RMS90=0.050615
Pretraining energy response by particle species:
  Neutron: n=13032 Mean=0.736776 Std=0.221615 RMS90=0.111850
  K0: n=11955 Mean=0.819135 Std=0.184308 RMS90=0.097636
  Photon: n=19748 Mean=1.187792 Std=5.292383 RMS90=0.193341
  Pion: n=21287 Mean=0.865675 Std=0.324981 RMS90=0.120187
  Electron: n=6154 Mean=1.128626 Std=6.989754 RMS90=0.186459
  Muon: n=2222 Mean=0.879387 Std=0.353073 RMS90=0.070961

Epoch 132
Pretraining energy response (E_pred / E_true) by true-energy bin:
  1-50 GeV: n=40292 Mean=0.866624 Std=0.377038 RMS90=0.139357
  50-150 GeV: n=23832 Mean=0.864561 Std=0.124953 RMS90=0.052056
  >150 GeV: n=68 Mean=0.858681 Std=0.083906 RMS90=0.047176
Pretraining energy response by particle species:
  Neutron: n=13032 Mean=0.782570 Std=0.234150 RMS90=0.114868
  K0: n=11955 Mean=0.874289 Std=0.185814 RMS90=0.093288
  Photon: n=19748 Mean=1.184407 Std=2.579477 RMS90=0.195338
  Pion: n=21287 Mean=0.906227 Std=0.325929 RMS90=0.121735
  Electron: n=6154 Mean=1.172897 Std=7.542396 RMS90=0.190197
  Muon: n=2222 Mean=0.957098 Std=0.963112 RMS90=0.060015

Epoch 133
Pretraining energy response (E_pred / E_true) by true-energy bin:
  1-50 GeV: n=40292 Mean=0.839069 Std=0.411617 RMS90=0.136805
  50-150 GeV: n=23832 Mean=0.801565 Std=0.119008 RMS90=0.052140
  >150 GeV: n=68 Mean=0.799161 Std=0.084034 RMS90=0.052690
Pretraining energy response by particle species:
  Neutron: n=13032 Mean=0.739427 Std=0.222143 RMS90=0.110446
  K0: n=11955 Mean=0.823368 Std=0.185647 RMS90=0.096171
  Photon: n=19748 Mean=1.229519 Std=9.358343 RMS90=0.197985
  Pion: n=21287 Mean=0.866251 Std=0.348488 RMS90=0.123082
  Electron: n=6154 Mean=1.125881 Std=6.036567 RMS90=0.184004
  Muon: n=2222 Mean=0.901241 Std=0.888939 RMS90=0.059678

Epoch 134
Pretraining energy response (E_pred / E_true) by true-energy bin:
  1-50 GeV: n=40292 Mean=0.799372 Std=0.289578 RMS90=0.131662
  50-150 GeV: n=23832 Mean=0.699153 Std=0.116498 RMS90=0.062944
  >150 GeV: n=68 Mean=0.684319 Std=0.084377 RMS90=0.056176
Pretraining energy response by particle species:
  Neutron: n=13032 Mean=0.677536 Std=0.209875 RMS90=0.113264
  K0: n=11955 Mean=0.750731 Std=0.186402 RMS90=0.109096
  Photon: n=19748 Mean=1.137667 Std=2.798623 RMS90=0.207614
  Pion: n=21287 Mean=0.800234 Std=0.347514 RMS90=0.122639
  Electron: n=6154 Mean=1.279360 Std=18.079127 RMS90=0.194353
  Muon: n=2222 Mean=0.868199 Std=2.173955 RMS90=0.108717

Epoch 135
Pretraining energy response (E_pred / E_true) by true-energy bin:
  1-50 GeV: n=40292 Mean=0.825161 Std=0.348060 RMS90=0.134766
  50-150 GeV: n=23832 Mean=0.778579 Std=0.119919 RMS90=0.054789
  >150 GeV: n=68 Mean=0.775771 Std=0.085673 RMS90=0.048418
Pretraining energy response by particle species:
  Neutron: n=13032 Mean=0.723564 Std=0.221084 RMS90=0.113223
  K0: n=11955 Mean=0.804447 Std=0.186792 RMS90=0.101965
  Photon: n=19748 Mean=1.184249 Std=4.776352 RMS90=0.197653
  Pion: n=21287 Mean=0.847503 Std=0.321839 RMS90=0.120113
  Electron: n=6154 Mean=1.125298 Std=5.793919 RMS90=0.186092
  Muon: n=2222 Mean=0.853749 Std=0.344407 RMS90=0.058929

Epoch 136
Pretraining energy response (E_pred / E_true) by true-energy bin:
  1-50 GeV: n=40292 Mean=0.812583 Std=0.358542 RMS90=0.142305
  50-150 GeV: n=23832 Mean=0.718936 Std=0.121972 RMS90=0.064099
  >150 GeV: n=68 Mean=0.720453 Std=0.098632 RMS90=0.065074
Pretraining energy response by particle species:
  Neutron: n=13032 Mean=0.688387 Std=0.221754 RMS90=0.119077
  K0: n=11955 Mean=0.762863 Std=0.192246 RMS90=0.115641
  Photon: n=19748 Mean=1.205401 Std=4.534908 RMS90=0.221005
  Pion: n=21287 Mean=0.819550 Std=0.340813 RMS90=0.129341
  Electron: n=6154 Mean=1.127158 Std=6.882465 RMS90=0.208604
  Muon: n=2222 Mean=0.858366 Std=1.878951 RMS90=0.074280

Epoch 137
Pretraining energy response (E_pred / E_true) by true-energy bin:
  1-50 GeV: n=40292 Mean=0.828768 Std=0.353203 RMS90=0.141184
  50-150 GeV: n=23832 Mean=0.769537 Std=0.121026 RMS90=0.057625
  >150 GeV: n=68 Mean=0.768745 Std=0.087397 RMS90=0.051007
Pretraining energy response by particle species:
  Neutron: n=13032 Mean=0.727100 Std=0.245077 RMS90=0.116481
  K0: n=11955 Mean=0.806605 Std=0.192318 RMS90=0.107938
  Photon: n=19748 Mean=1.188916 Std=3.538783 RMS90=0.208721
  Pion: n=21287 Mean=0.841449 Std=0.399156 RMS90=0.123997
  Electron: n=6154 Mean=1.162615 Std=7.092271 RMS90=0.196877
  Muon: n=2222 Mean=0.912531 Std=2.580487 RMS90=0.059220

Epoch 138
Pretraining energy response (E_pred / E_true) by true-energy bin:
  1-50 GeV: n=40292 Mean=0.854120 Std=0.331718 RMS90=0.141215
  50-150 GeV: n=23832 Mean=0.841092 Std=0.123433 RMS90=0.051826
  >150 GeV: n=68 Mean=0.836902 Std=0.084831 RMS90=0.046087
Pretraining energy response by particle species:
  Neutron: n=13032 Mean=0.772814 Std=0.233301 RMS90=0.115290
  K0: n=11955 Mean=0.861299 Std=0.188532 RMS90=0.098054
  Photon: n=19748 Mean=1.183020 Std=2.829421 RMS90=0.198988
  Pion: n=21287 Mean=0.881977 Std=0.320090 RMS90=0.126877
  Electron: n=6154 Mean=1.116110 Std=6.011171 RMS90=0.186977
  Muon: n=2222 Mean=0.949370 Std=1.836668 RMS90=0.049681

Epoch 139
Pretraining energy response (E_pred / E_true) by true-energy bin:
  1-50 GeV: n=40292 Mean=0.839184 Std=0.327857 RMS90=0.137092
  50-150 GeV: n=23832 Mean=0.803451 Std=0.120615 RMS90=0.052734
  >150 GeV: n=68 Mean=0.797899 Std=0.084804 RMS90=0.047432
Pretraining energy response by particle species:
  Neutron: n=13032 Mean=0.745724 Std=0.225410 RMS90=0.113551
  K0: n=11955 Mean=0.829857 Std=0.187471 RMS90=0.099823
  Photon: n=19748 Mean=1.155429 Std=2.033972 RMS90=0.203816
  Pion: n=21287 Mean=0.863917 Std=0.365638 RMS90=0.121208
  Electron: n=6154 Mean=1.108166 Std=4.753841 RMS90=0.187768
  Muon: n=2222 Mean=0.934576 Std=2.941188 RMS90=0.058122

Epoch 140
Pretraining energy response (E_pred / E_true) by true-energy bin:
  1-50 GeV: n=40292 Mean=0.841787 Std=0.318061 RMS90=0.131273
  50-150 GeV: n=23832 Mean=0.805002 Std=0.125281 RMS90=0.059965
  >150 GeV: n=68 Mean=0.798461 Std=0.086850 RMS90=0.049450
Pretraining energy response by particle species:
  Neutron: n=13032 Mean=0.732828 Std=0.222543 RMS90=0.110594
  K0: n=11955 Mean=0.813006 Std=0.184218 RMS90=0.098096
  Photon: n=19748 Mean=1.165750 Std=5.352093 RMS90=0.199079
  Pion: n=21287 Mean=0.886561 Std=0.303962 RMS90=0.110432
  Electron: n=6154 Mean=1.063226 Std=4.075763 RMS90=0.183201
  Muon: n=2222 Mean=0.911887 Std=0.427323 RMS90=0.056512

Epoch 141
Pretraining energy response (E_pred / E_true) by true-energy bin:
  1-50 GeV: n=40292 Mean=0.867959 Std=0.398843 RMS90=0.201069
  50-150 GeV: n=23832 Mean=0.895529 Std=0.168267 RMS90=0.117417
  >150 GeV: n=68 Mean=0.857604 Std=0.122656 RMS90=0.106076
Pretraining energy response by particle species:
  Neutron: n=13032 Mean=0.874215 Std=0.281833 RMS90=0.143766
  K0: n=11955 Mean=0.982607 Std=0.210022 RMS90=0.111590
  Photon: n=19748 Mean=1.310962 Std=4.841476 RMS90=0.220463
  Pion: n=21287 Mean=0.813902 Std=0.367562 RMS90=0.166313
  Electron: n=6154 Mean=1.160800 Std=9.325664 RMS90=0.255939
  Muon: n=2222 Mean=0.918761 Std=4.372785 RMS90=0.075179

Epoch 142
Pretraining energy response (E_pred / E_true) by true-energy bin:
  1-50 GeV: n=40292 Mean=0.856803 Std=0.405294 RMS90=0.150954
  50-150 GeV: n=23832 Mean=0.813605 Std=0.122940 RMS90=0.060135
  >150 GeV: n=68 Mean=0.763989 Std=0.097318 RMS90=0.076306
Pretraining energy response by particle species:
  Neutron: n=13032 Mean=0.759080 Std=0.393962 RMS90=0.118432
  K0: n=11955 Mean=0.843211 Std=0.183574 RMS90=0.098160
  Photon: n=19748 Mean=1.289647 Std=5.595896 RMS90=0.218721
  Pion: n=21287 Mean=0.880662 Std=0.394847 RMS90=0.139386
  Electron: n=6154 Mean=1.176252 Std=5.025723 RMS90=0.214867
  Muon: n=2222 Mean=1.003717 Std=3.408376 RMS90=0.076429

Epoch 143
Pretraining energy response (E_pred / E_true) by true-energy bin:
  1-50 GeV: n=40292 Mean=0.771637 Std=0.326128 RMS90=0.148035
  50-150 GeV: n=23832 Mean=0.679280 Std=0.129030 RMS90=0.080756
  >150 GeV: n=68 Mean=0.642505 Std=0.101237 RMS90=0.077716
Pretraining energy response by particle species:
  Neutron: n=13032 Mean=0.637993 Std=0.207296 RMS90=0.117861
  K0: n=11955 Mean=0.706435 Std=0.187065 RMS90=0.115237
  Photon: n=19748 Mean=1.119911 Std=2.154747 RMS90=0.225964
  Pion: n=21287 Mean=0.786853 Std=0.315068 RMS90=0.144011
  Electron: n=6154 Mean=1.101945 Std=6.970308 RMS90=0.208191
  Muon: n=2222 Mean=0.821909 Std=0.326062 RMS90=0.082999

Epoch 144
Pretraining energy response (E_pred / E_true) by true-energy bin:
  1-50 GeV: n=40292 Mean=0.864597 Std=0.313024 RMS90=0.148678
  50-150 GeV: n=23832 Mean=0.855959 Std=0.126997 RMS90=0.056181
  >150 GeV: n=68 Mean=0.826082 Std=0.089153 RMS90=0.058038
Pretraining energy response by particle species:
  Neutron: n=13032 Mean=0.789927 Std=0.240537 RMS90=0.120882
  K0: n=11955 Mean=0.880218 Std=0.193560 RMS90=0.102348
  Photon: n=19748 Mean=1.160420 Std=2.068004 RMS90=0.200725
  Pion: n=21287 Mean=0.898988 Std=0.331303 RMS90=0.132636
  Electron: n=6154 Mean=1.026206 Std=1.795239 RMS90=0.206377
  Muon: n=2222 Mean=1.003363 Std=2.749210 RMS90=0.058535

Epoch 145
Pretraining energy response (E_pred / E_true) by true-energy bin:
  1-50 GeV: n=40292 Mean=0.783288 Std=0.279296 RMS90=0.145573
  50-150 GeV: n=23832 Mean=0.781167 Std=0.141537 RMS90=0.085831
  >150 GeV: n=68 Mean=0.767881 Std=0.091360 RMS90=0.056606
Pretraining energy response by particle species:
  Neutron: n=13032 Mean=0.672833 Std=0.203365 RMS90=0.105164
  K0: n=11955 Mean=0.748455 Std=0.169631 RMS90=0.090773
  Photon: n=19748 Mean=1.179999 Std=5.694188 RMS90=0.210035
  Pion: n=21287 Mean=0.859398 Std=0.324203 RMS90=0.144661
  Electron: n=6154 Mean=1.151734 Std=6.661483 RMS90=0.216695
  Muon: n=2222 Mean=0.873605 Std=0.337830 RMS90=0.089785

Epoch 146
Pretraining energy response (E_pred / E_true) by true-energy bin:
  1-50 GeV: n=40292 Mean=0.808382 Std=0.338964 RMS90=0.149971
  50-150 GeV: n=23832 Mean=0.758624 Std=0.162128 RMS90=0.114559
  >150 GeV: n=68 Mean=0.746512 Std=0.122855 RMS90=0.097888
Pretraining energy response by particle species:
  Neutron: n=13032 Mean=0.636762 Std=0.221531 RMS90=0.105507
  K0: n=11955 Mean=0.704739 Std=0.170687 RMS90=0.097396
  Photon: n=19748 Mean=1.217429 Std=3.979324 RMS90=0.235405
  Pion: n=21287 Mean=0.913162 Std=0.371600 RMS90=0.128972
  Electron: n=6154 Mean=1.130062 Std=2.874047 RMS90=0.212972
  Muon: n=2222 Mean=0.921453 Std=0.382301 RMS90=0.074667

Epoch 147
Pretraining energy response (E_pred / E_true) by true-energy bin:
  1-50 GeV: n=40292 Mean=0.865601 Std=0.333838 RMS90=0.146675
  50-150 GeV: n=23832 Mean=0.859839 Std=0.131741 RMS90=0.062985
  >150 GeV: n=68 Mean=0.812202 Std=0.098039 RMS90=0.079904
Pretraining energy response by particle species:
  Neutron: n=13032 Mean=0.794651 Std=0.241309 RMS90=0.125484
  K0: n=11955 Mean=0.886200 Std=0.191034 RMS90=0.098131
  Photon: n=19748 Mean=2.586000 Std=195.028071 RMS90=0.211508
  Pion: n=21287 Mean=0.896461 Std=0.314321 RMS90=0.124063
  Electron: n=6154 Mean=1.068485 Std=2.039281 RMS90=0.205610
  Muon: n=2222 Mean=0.894744 Std=0.301127 RMS90=0.084468

Epoch 148
Pretraining energy response (E_pred / E_true) by true-energy bin:
  1-50 GeV: n=40292 Mean=0.884757 Std=0.400946 RMS90=0.157309
  50-150 GeV: n=23832 Mean=0.832435 Std=0.134348 RMS90=0.067796
  >150 GeV: n=68 Mean=0.798962 Std=0.083319 RMS90=0.050912
Pretraining energy response by particle species:
  Neutron: n=13032 Mean=0.771566 Std=0.240337 RMS90=0.128844
  K0: n=11955 Mean=0.858410 Std=0.197770 RMS90=0.111131
  Photon: n=19748 Mean=1.187175 Std=3.374494 RMS90=0.220442
  Pion: n=21287 Mean=0.922974 Std=0.326899 RMS90=0.136873
  Electron: n=6154 Mean=1.339721 Std=15.462399 RMS90=0.221750
  Muon: n=2222 Mean=0.931088 Std=0.319533 RMS90=0.084528

Epoch 149
Pretraining energy response (E_pred / E_true) by true-energy bin:
  1-50 GeV: n=40292 Mean=0.679932 Std=0.315109 RMS90=0.254058
  50-150 GeV: n=23832 Mean=0.580998 Std=0.234794 RMS90=0.216820
  >150 GeV: n=68 Mean=0.549918 Std=0.221845 RMS90=0.207177
Pretraining energy response by particle species:
  Neutron: n=13032 Mean=0.711192 Std=0.228477 RMS90=0.130511
  K0: n=11955 Mean=0.791954 Std=0.196189 RMS90=0.119130
  Photon: n=19748 Mean=1.102181 Std=1.287064 RMS90=0.231109
  Pion: n=21287 Mean=0.499663 Std=0.354913 RMS90=0.188696
  Electron: n=6154 Mean=0.718377 Std=1.011313 RMS90=0.324190
  Muon: n=2222 Mean=0.413797 Std=0.347210 RMS90=0.048005

Epoch 150
Pretraining energy response (E_pred / E_true) by true-energy bin:
  1-50 GeV: n=40292 Mean=0.853619 Std=0.467187 RMS90=0.139461
  50-150 GeV: n=23832 Mean=0.795795 Std=0.134338 RMS90=0.070085
  >150 GeV: n=68 Mean=0.772634 Std=0.092077 RMS90=0.069090
Pretraining energy response by particle species:
  Neutron: n=13032 Mean=0.729578 Std=0.223900 RMS90=0.119951
  K0: n=11955 Mean=0.809800 Std=0.187631 RMS90=0.107723
  Photon: n=19748 Mean=1.287348 Std=8.673558 RMS90=0.218101
  Pion: n=21287 Mean=0.896853 Std=0.321946 RMS90=0.122964
  Electron: n=6154 Mean=1.374507 Std=13.974316 RMS90=0.202795
  Muon: n=2222 Mean=0.937865 Std=0.837616 RMS90=0.076042

Epoch 151
Pretraining energy response (E_pred / E_true) by true-energy bin:
  1-50 GeV: n=40292 Mean=0.907419 Std=0.328353 RMS90=0.155342
  50-150 GeV: n=23832 Mean=0.927155 Std=0.135903 RMS90=0.062171
  >150 GeV: n=68 Mean=0.905372 Std=0.087972 RMS90=0.061970
Pretraining energy response by particle species:
  Neutron: n=13032 Mean=0.858561 Std=0.262605 RMS90=0.132491
  K0: n=11955 Mean=0.961674 Std=0.199949 RMS90=0.098266
  Photon: n=19748 Mean=2.676188 Std=199.050727 RMS90=0.212645
  Pion: n=21287 Mean=0.931212 Std=0.324677 RMS90=0.130159
  Electron: n=6154 Mean=1.431860 Std=12.458143 RMS90=0.199420
  Muon: n=2222 Mean=0.964034 Std=0.342528 RMS90=0.059812

Epoch 152
Pretraining energy response (E_pred / E_true) by true-energy bin:
  1-50 GeV: n=40292 Mean=0.838336 Std=0.426683 RMS90=0.146316
  50-150 GeV: n=23832 Mean=0.844628 Std=0.122827 RMS90=0.049374
  >150 GeV: n=68 Mean=0.825243 Std=0.086860 RMS90=0.056327
Pretraining energy response by particle species:
  Neutron: n=13032 Mean=0.780386 Std=0.238385 RMS90=0.121232
  K0: n=11955 Mean=0.872343 Std=0.190294 RMS90=0.097978
  Photon: n=19748 Mean=1.542332 Std=49.786982 RMS90=0.202793
  Pion: n=21287 Mean=0.865106 Std=1.234964 RMS90=0.122039
  Electron: n=6154 Mean=1.231754 Std=10.689866 RMS90=0.186725
  Muon: n=2222 Mean=0.876578 Std=0.277815 RMS90=0.044030

Epoch 153
Pretraining energy response (E_pred / E_true) by true-energy bin:
  1-50 GeV: n=40292 Mean=0.829286 Std=0.345076 RMS90=0.146718
  50-150 GeV: n=23832 Mean=0.763918 Std=0.124239 RMS90=0.068520
  >150 GeV: n=68 Mean=0.734595 Std=0.100239 RMS90=0.082589
Pretraining energy response by particle species:
  Neutron: n=13032 Mean=0.736001 Std=0.225649 RMS90=0.121823
  K0: n=11955 Mean=0.814771 Std=0.188062 RMS90=0.107976
  Photon: n=19748 Mean=3.568503 Std=331.529634 RMS90=0.214051
  Pion: n=21287 Mean=0.834730 Std=0.375516 RMS90=0.135495
  Electron: n=6154 Mean=1.296231 Std=14.708194 RMS90=0.203362
  Muon: n=2222 Mean=0.811756 Std=0.288014 RMS90=0.092358

Epoch 154
Pretraining energy response (E_pred / E_true) by true-energy bin:
  1-50 GeV: n=40292 Mean=0.880251 Std=0.429705 RMS90=0.149887
  50-150 GeV: n=23832 Mean=0.858475 Std=0.131229 RMS90=0.068385
  >150 GeV: n=68 Mean=0.812488 Std=0.110199 RMS90=0.092944
Pretraining energy response by particle species:
  Neutron: n=13032 Mean=0.810242 Std=0.242690 RMS90=0.120894
  K0: n=11955 Mean=0.902524 Std=0.190055 RMS90=0.096408
  Photon: n=19748 Mean=3.422360 Std=307.297394 RMS90=0.211868
  Pion: n=21287 Mean=0.897811 Std=0.331433 RMS90=0.134669
  Electron: n=6154 Mean=1.051542 Std=1.549434 RMS90=0.204922
  Muon: n=2222 Mean=0.887063 Std=0.323730 RMS90=0.081251

Epoch 155
Pretraining energy response (E_pred / E_true) by true-energy bin:
  1-50 GeV: n=40292 Mean=0.878307 Std=0.379070 RMS90=0.163784
  50-150 GeV: n=23832 Mean=0.883483 Std=0.140786 RMS90=0.074450
  >150 GeV: n=68 Mean=0.796231 Std=0.113006 RMS90=0.093247
Pretraining energy response by particle species:
  Neutron: n=13032 Mean=0.798222 Std=0.238763 RMS90=0.116478
  K0: n=11955 Mean=0.892137 Std=0.194403 RMS90=0.091404
  Photon: n=19748 Mean=1.261691 Std=4.221169 RMS90=0.213392
  Pion: n=21287 Mean=0.919262 Std=0.347127 RMS90=0.161092
  Electron: n=6154 Mean=1.173190 Std=4.739782 RMS90=0.218683
  Muon: n=2222 Mean=0.956511 Std=0.366516 RMS90=0.113106

Epoch 156
Pretraining energy response (E_pred / E_true) by true-energy bin:
  1-50 GeV: n=40292 Mean=0.833117 Std=0.346567 RMS90=0.158196
  50-150 GeV: n=23832 Mean=0.839178 Std=0.127663 RMS90=0.058493
  >150 GeV: n=68 Mean=0.806437 Std=0.080904 RMS90=0.048389
Pretraining energy response by particle species:
  Neutron: n=13032 Mean=0.754451 Std=0.229481 RMS90=0.118028
  K0: n=11955 Mean=0.838957 Std=0.187189 RMS90=0.095270
  Photon: n=19748 Mean=3.054899 Std=243.993440 RMS90=0.195607
  Pion: n=21287 Mean=0.879411 Std=0.328924 RMS90=0.152077
  Electron: n=6154 Mean=1.155948 Std=7.016521 RMS90=0.192710
  Muon: n=2222 Mean=0.931476 Std=0.359717 RMS90=0.065425

Epoch 157
Pretraining energy response (E_pred / E_true) by true-energy bin:
  1-50 GeV: n=40292 Mean=0.891037 Std=0.320675 RMS90=0.152263
  50-150 GeV: n=23832 Mean=0.891766 Std=0.128345 RMS90=0.054730
  >150 GeV: n=68 Mean=0.846646 Std=0.097266 RMS90=0.070414
Pretraining energy response by particle species:
  Neutron: n=13032 Mean=0.827558 Std=0.245681 RMS90=0.121207
  K0: n=11955 Mean=0.923828 Std=0.191636 RMS90=0.095768
  Photon: n=19748 Mean=1.252246 Std=3.872229 RMS90=0.205462
  Pion: n=21287 Mean=0.915037 Std=0.335612 RMS90=0.135095
  Electron: n=6154 Mean=1.327094 Std=12.016041 RMS90=0.195289
  Muon: n=2222 Mean=0.941311 Std=0.376936 RMS90=0.060939

Epoch 158
Pretraining energy response (E_pred / E_true) by true-energy bin:
  1-50 GeV: n=40292 Mean=0.884600 Std=0.329192 RMS90=0.148480
  50-150 GeV: n=23832 Mean=0.884268 Std=0.128614 RMS90=0.057770
  >150 GeV: n=68 Mean=0.835950 Std=0.094319 RMS90=0.074958
Pretraining energy response by particle species:
  Neutron: n=13032 Mean=0.829853 Std=0.248715 RMS90=0.123127
  K0: n=11955 Mean=0.930196 Std=0.196355 RMS90=0.096097
  Photon: n=19748 Mean=1.527718 Std=39.799236 RMS90=0.207835
  Pion: n=21287 Mean=0.902676 Std=0.328094 RMS90=0.125974
  Electron: n=6154 Mean=1.252775 Std=11.816525 RMS90=0.194978
  Muon: n=2222 Mean=0.895269 Std=0.293028 RMS90=0.064928

Epoch 159
Pretraining energy response (E_pred / E_true) by true-energy bin:
  1-50 GeV: n=40292 Mean=0.867838 Std=0.322691 RMS90=0.151636
  50-150 GeV: n=23832 Mean=0.854716 Std=0.125294 RMS90=0.058510
  >150 GeV: n=68 Mean=0.824954 Std=0.090641 RMS90=0.066322
Pretraining energy response by particle species:
  Neutron: n=13032 Mean=0.800367 Std=0.242084 RMS90=0.121026
  K0: n=11955 Mean=0.895571 Std=0.186901 RMS90=0.093323
  Photon: n=19748 Mean=1.202317 Std=3.250285 RMS90=0.201921
  Pion: n=21287 Mean=0.885567 Std=0.333644 RMS90=0.133233
  Electron: n=6154 Mean=1.055192 Std=2.089398 RMS90=0.192741
  Muon: n=2222 Mean=0.873714 Std=0.332308 RMS90=0.066984

Epoch 160
Pretraining energy response (E_pred / E_true) by true-energy bin:
  1-50 GeV: n=40292 Mean=0.849958 Std=0.322308 RMS90=0.145187
  50-150 GeV: n=23832 Mean=0.805400 Std=0.122454 RMS90=0.062714
  >150 GeV: n=68 Mean=0.775720 Std=0.091969 RMS90=0.072064
Pretraining energy response by particle species:
  Neutron: n=13032 Mean=0.773222 Std=0.231477 RMS90=0.115591
  K0: n=11955 Mean=0.864334 Std=0.185961 RMS90=0.095321
  Photon: n=19748 Mean=1.204119 Std=3.797971 RMS90=0.203280
  Pion: n=21287 Mean=0.851730 Std=0.328751 RMS90=0.131113
  Electron: n=6154 Mean=1.107341 Std=8.125742 RMS90=0.195916
  Muon: n=2222 Mean=0.843124 Std=0.301589 RMS90=0.062412

Epoch 161
Pretraining energy response (E_pred / E_true) by true-energy bin:
  1-50 GeV: n=40292 Mean=0.858187 Std=0.312162 RMS90=0.164354
  50-150 GeV: n=23832 Mean=0.854765 Std=0.129470 RMS90=0.067605
  >150 GeV: n=68 Mean=0.814951 Std=0.105615 RMS90=0.088883
Pretraining energy response by particle species:
  Neutron: n=13032 Mean=0.799508 Std=0.239142 RMS90=0.119038
  K0: n=11955 Mean=0.896242 Std=0.185754 RMS90=0.092965
  Photon: n=19748 Mean=1.185792 Std=4.148739 RMS90=0.201936
  Pion: n=21287 Mean=0.870062 Std=0.326940 RMS90=0.150337
  Electron: n=6154 Mean=1.085842 Std=7.804498 RMS90=0.197554
  Muon: n=2222 Mean=0.874306 Std=0.304830 RMS90=0.073452

Epoch 162
Pretraining energy response (E_pred / E_true) by true-energy bin:
  1-50 GeV: n=40292 Mean=0.830696 Std=0.298416 RMS90=0.141840
  50-150 GeV: n=23832 Mean=0.788809 Std=0.118745 RMS90=0.058042
  >150 GeV: n=68 Mean=0.749131 Std=0.081692 RMS90=0.065310
Pretraining energy response by particle species:
  Neutron: n=13032 Mean=0.727444 Std=0.217270 RMS90=0.107219
  K0: n=11955 Mean=0.813612 Std=0.175609 RMS90=0.088726
  Photon: n=19748 Mean=1.174657 Std=6.268781 RMS90=0.198454
  Pion: n=21287 Mean=0.864440 Std=0.321411 RMS90=0.132000
  Electron: n=6154 Mean=1.200022 Std=13.221736 RMS90=0.184887
  Muon: n=2222 Mean=0.866813 Std=0.312314 RMS90=0.069394

Epoch 163
Pretraining energy response (E_pred / E_true) by true-energy bin:
  1-50 GeV: n=40292 Mean=0.863393 Std=0.307422 RMS90=0.148435
  50-150 GeV: n=23832 Mean=0.854779 Std=0.123073 RMS90=0.052515
  >150 GeV: n=68 Mean=0.835053 Std=0.078860 RMS90=0.054782
Pretraining energy response by particle species:
  Neutron: n=13032 Mean=0.792951 Std=0.237301 RMS90=0.118797
  K0: n=11955 Mean=0.889639 Std=0.193995 RMS90=0.097529
  Photon: n=19748 Mean=1.162137 Std=3.193838 RMS90=0.204896
  Pion: n=21287 Mean=0.885107 Std=0.313117 RMS90=0.125773
  Electron: n=6154 Mean=1.115915 Std=10.506662 RMS90=0.182363
  Muon: n=2222 Mean=0.897206 Std=0.307874 RMS90=0.061243

Epoch 164
Pretraining energy response (E_pred / E_true) by true-energy bin:
  1-50 GeV: n=40292 Mean=0.852376 Std=0.308671 RMS90=0.149201
  50-150 GeV: n=23832 Mean=0.835380 Std=0.122277 RMS90=0.055082
  >150 GeV: n=68 Mean=0.800687 Std=0.082788 RMS90=0.056966
Pretraining energy response by particle species:
  Neutron: n=13032 Mean=0.767566 Std=0.229969 RMS90=0.113193
  K0: n=11955 Mean=0.860429 Std=0.183266 RMS90=0.091940
  Photon: n=19748 Mean=1.149752 Std=3.248825 RMS90=0.198152
  Pion: n=21287 Mean=0.887131 Std=0.321981 RMS90=0.135445
  Electron: n=6154 Mean=1.186575 Std=11.284176 RMS90=0.188138
  Muon: n=2222 Mean=0.910224 Std=0.306517 RMS90=0.081477

Epoch 165
Pretraining energy response (E_pred / E_true) by true-energy bin:
  1-50 GeV: n=40292 Mean=0.858542 Std=0.300156 RMS90=0.143773
  50-150 GeV: n=23832 Mean=0.834959 Std=0.120485 RMS90=0.049739
  >150 GeV: n=68 Mean=0.814513 Std=0.078544 RMS90=0.050768
Pretraining energy response by particle species:
  Neutron: n=13032 Mean=0.758751 Std=0.226645 RMS90=0.111569
  K0: n=11955 Mean=0.847380 Std=0.179385 RMS90=0.087522
  Photon: n=19748 Mean=1.155822 Std=3.844068 RMS90=0.195534
  Pion: n=21287 Mean=0.910475 Std=0.443673 RMS90=0.129100
  Electron: n=6154 Mean=1.120259 Std=8.726448 RMS90=0.185930
  Muon: n=2222 Mean=0.997241 Std=3.358609 RMS90=0.071102

Epoch 166
Pretraining energy response (E_pred / E_true) by true-energy bin:
  1-50 GeV: n=40292 Mean=0.892724 Std=0.316915 RMS90=0.142447
  50-150 GeV: n=23832 Mean=0.889779 Std=0.126600 RMS90=0.049223
  >150 GeV: n=68 Mean=0.867567 Std=0.078695 RMS90=0.046251
Pretraining energy response by particle species:
  Neutron: n=13032 Mean=0.809653 Std=0.239996 RMS90=0.116932
  K0: n=11955 Mean=0.905394 Std=0.185744 RMS90=0.091391
  Photon: n=19748 Mean=1.153371 Std=2.691789 RMS90=0.202388
  Pion: n=21287 Mean=0.942923 Std=0.339223 RMS90=0.119361
  Electron: n=6154 Mean=1.131009 Std=8.438321 RMS90=0.192317
  Muon: n=2222 Mean=0.960244 Std=0.329818 RMS90=0.073667

Epoch 167
Pretraining energy response (E_pred / E_true) by true-energy bin:
  1-50 GeV: n=40292 Mean=0.873860 Std=0.303283 RMS90=0.141833
  50-150 GeV: n=23832 Mean=0.809440 Std=0.128390 RMS90=0.075096
  >150 GeV: n=68 Mean=0.769455 Std=0.116396 RMS90=0.104414
Pretraining energy response by particle species:
  Neutron: n=13032 Mean=0.786333 Std=0.233792 RMS90=0.111694
  K0: n=11955 Mean=0.873035 Std=0.185908 RMS90=0.093099
  Photon: n=19748 Mean=1.214388 Std=3.771282 RMS90=0.207568
  Pion: n=21287 Mean=0.878102 Std=0.349464 RMS90=0.135526
  Electron: n=6154 Mean=1.108392 Std=9.490209 RMS90=0.196118
  Muon: n=2222 Mean=0.858362 Std=0.344635 RMS90=0.085465

Epoch 168
Pretraining energy response (E_pred / E_true) by true-energy bin:
  1-50 GeV: n=40292 Mean=0.871173 Std=0.317513 RMS90=0.140265
  50-150 GeV: n=23832 Mean=0.821917 Std=0.120079 RMS90=0.051321
  >150 GeV: n=68 Mean=0.805675 Std=0.080927 RMS90=0.054315
Pretraining energy response by particle species:
  Neutron: n=13032 Mean=0.776201 Std=0.231557 RMS90=0.113782
  K0: n=11955 Mean=0.862378 Std=0.189978 RMS90=0.098074
  Photon: n=19748 Mean=1.178462 Std=3.659507 RMS90=0.209254
  Pion: n=21287 Mean=0.894902 Std=0.326908 RMS90=0.118946
  Electron: n=6154 Mean=1.158113 Std=10.463106 RMS90=0.187590
  Muon: n=2222 Mean=0.895268 Std=0.342677 RMS90=0.060087

Epoch 169
Pretraining energy response (E_pred / E_true) by true-energy bin:
  1-50 GeV: n=40292 Mean=0.861467 Std=0.303625 RMS90=0.135198
  50-150 GeV: n=23832 Mean=0.824794 Std=0.121231 RMS90=0.057107
  >150 GeV: n=68 Mean=0.807183 Std=0.087596 RMS90=0.066274
Pretraining energy response by particle species:
  Neutron: n=13032 Mean=0.781399 Std=0.231054 RMS90=0.113867
  K0: n=11955 Mean=0.870409 Std=0.186782 RMS90=0.093881
  Photon: n=19748 Mean=1.163417 Std=3.563216 RMS90=0.198214
  Pion: n=21287 Mean=0.880195 Std=0.319902 RMS90=0.116679
  Electron: n=6154 Mean=1.089639 Std=9.810433 RMS90=0.180657
  Muon: n=2222 Mean=0.859318 Std=0.299040 RMS90=0.059832

Epoch 170
Pretraining energy response (E_pred / E_true) by true-energy bin:
  1-50 GeV: n=40292 Mean=0.869342 Std=0.311765 RMS90=0.133829
  50-150 GeV: n=23832 Mean=0.831669 Std=0.118485 RMS90=0.049590
  >150 GeV: n=68 Mean=0.819211 Std=0.079339 RMS90=0.053865
Pretraining energy response by particle species:
  Neutron: n=13032 Mean=0.782583 Std=0.232915 RMS90=0.113035
  K0: n=11955 Mean=0.871952 Std=0.184937 RMS90=0.092509
  Photon: n=19748 Mean=1.147344 Std=3.558727 RMS90=0.197983
  Pion: n=21287 Mean=0.896656 Std=0.320866 RMS90=0.113884
  Electron: n=6154 Mean=1.083007 Std=8.183160 RMS90=0.179290
  Muon: n=2222 Mean=0.882871 Std=0.301186 RMS90=0.061463

Epoch 171
Pretraining energy response (E_pred / E_true) by true-energy bin:
  1-50 GeV: n=40292 Mean=0.747263 Std=0.285480 RMS90=0.140143
  50-150 GeV: n=23832 Mean=0.672197 Std=0.116877 RMS90=0.062901
  >150 GeV: n=68 Mean=0.664811 Std=0.085041 RMS90=0.061987
Pretraining energy response by particle species:
  Neutron: n=13032 Mean=0.630293 Std=0.201096 RMS90=0.110466
  K0: n=11955 Mean=0.696695 Std=0.179233 RMS90=0.105716
  Photon: n=19748 Mean=1.045586 Std=3.072460 RMS90=0.217296
  Pion: n=21287 Mean=0.778379 Std=0.319986 RMS90=0.116799
  Electron: n=6154 Mean=0.973155 Std=7.824329 RMS90=0.191980
  Muon: n=2222 Mean=0.795038 Std=0.320065 RMS90=0.075699

Epoch 172
Pretraining energy response (E_pred / E_true) by true-energy bin:
  1-50 GeV: n=40292 Mean=0.885691 Std=0.315941 RMS90=0.137110
  50-150 GeV: n=23832 Mean=0.867908 Std=0.123341 RMS90=0.048069
  >150 GeV: n=68 Mean=0.853021 Std=0.078432 RMS90=0.045907
Pretraining energy response by particle species:
  Neutron: n=13032 Mean=0.806960 Std=0.239150 RMS90=0.118039
  K0: n=11955 Mean=0.898978 Std=0.188820 RMS90=0.096954
  Photon: n=19748 Mean=1.172249 Std=3.297915 RMS90=0.199497
  Pion: n=21287 Mean=0.913145 Std=0.301535 RMS90=0.112468
  Electron: n=6154 Mean=1.102837 Std=8.901151 RMS90=0.178425
  Muon: n=2222 Mean=0.930166 Std=0.299624 RMS90=0.045660

Epoch 173
Pretraining energy response (E_pred / E_true) by true-energy bin:
  1-50 GeV: n=40292 Mean=0.838616 Std=0.359032 RMS90=0.134972
  50-150 GeV: n=23832 Mean=0.793924 Std=0.114576 RMS90=0.046221
  >150 GeV: n=68 Mean=0.788948 Std=0.078960 RMS90=0.043496
Pretraining energy response by particle species:
  Neutron: n=13032 Mean=0.746690 Std=0.224293 RMS90=0.109986
  K0: n=11955 Mean=0.829655 Std=0.186505 RMS90=0.095587
  Photon: n=19748 Mean=1.118363 Std=3.265748 RMS90=0.202381
  Pion: n=21287 Mean=0.865024 Std=0.323801 RMS90=0.110350
  Electron: n=6154 Mean=0.973095 Std=2.744916 RMS90=0.179722
  Muon: n=2222 Mean=0.855963 Std=0.308335 RMS90=0.043137

Epoch 174
Pretraining energy response (E_pred / E_true) by true-energy bin:
  1-50 GeV: n=40292 Mean=0.872397 Std=0.338983 RMS90=0.137131
  50-150 GeV: n=23832 Mean=0.844105 Std=0.120526 RMS90=0.044763
  >150 GeV: n=68 Mean=0.833194 Std=0.080035 RMS90=0.039890
Pretraining energy response by particle species:
  Neutron: n=13032 Mean=0.778133 Std=0.232358 RMS90=0.114342
  K0: n=11955 Mean=0.865347 Std=0.184534 RMS90=0.095009
  Photon: n=19748 Mean=1.181273 Std=8.474720 RMS90=0.198958
  Pion: n=21287 Mean=0.919984 Std=0.324846 RMS90=0.114942
  Electron: n=6154 Mean=0.978950 Std=0.889118 RMS90=0.179873
  Muon: n=2222 Mean=0.910971 Std=0.292889 RMS90=0.042984

Epoch 175
Pretraining energy response (E_pred / E_true) by true-energy bin:
  1-50 GeV: n=40292 Mean=0.879278 Std=0.323779 RMS90=0.132302
  50-150 GeV: n=23832 Mean=0.872710 Std=0.121640 RMS90=0.046746
  >150 GeV: n=68 Mean=0.859416 Std=0.076921 RMS90=0.050125
Pretraining energy response by particle species:
  Neutron: n=13032 Mean=0.808447 Std=0.239702 RMS90=0.117180
  K0: n=11955 Mean=0.904354 Std=0.185690 RMS90=0.091147
  Photon: n=19748 Mean=1.146830 Std=2.782787 RMS90=0.190947
  Pion: n=21287 Mean=0.906197 Std=0.302683 RMS90=0.105891
  Electron: n=6154 Mean=1.092132 Std=9.636475 RMS90=0.171004
  Muon: n=2222 Mean=0.906962 Std=0.249037 RMS90=0.043849

Epoch 176
Pretraining energy response (E_pred / E_true) by true-energy bin:
  1-50 GeV: n=40292 Mean=0.862369 Std=0.301272 RMS90=0.129897
  50-150 GeV: n=23832 Mean=0.848108 Std=0.120064 RMS90=0.045006
  >150 GeV: n=68 Mean=0.838971 Std=0.074413 RMS90=0.040226
Pretraining energy response by particle species:
  Neutron: n=13032 Mean=0.785968 Std=0.233326 RMS90=0.113056
  K0: n=11955 Mean=0.875376 Std=0.182786 RMS90=0.093254
  Photon: n=19748 Mean=1.137415 Std=2.919845 RMS90=0.194150
  Pion: n=21287 Mean=0.893369 Std=0.298826 RMS90=0.104321
  Electron: n=6154 Mean=1.076132 Std=9.002276 RMS90=0.171647
  Muon: n=2222 Mean=0.896980 Std=0.279026 RMS90=0.035716

Epoch 177
Pretraining energy response (E_pred / E_true) by true-energy bin:
  1-50 GeV: n=40292 Mean=0.871034 Std=0.334843 RMS90=0.132598
  50-150 GeV: n=23832 Mean=0.853247 Std=0.121131 RMS90=0.045693
  >150 GeV: n=68 Mean=0.838925 Std=0.076831 RMS90=0.046592
Pretraining energy response by particle species:
  Neutron: n=13032 Mean=0.792225 Std=0.236150 RMS90=0.114823
  K0: n=11955 Mean=0.883461 Std=0.187120 RMS90=0.096431
  Photon: n=19748 Mean=1.146148 Std=2.951308 RMS90=0.195020
  Pion: n=21287 Mean=0.901393 Std=0.297732 RMS90=0.106440
  Electron: n=6154 Mean=1.077180 Std=8.802337 RMS90=0.172737
  Muon: n=2222 Mean=0.900529 Std=0.263210 RMS90=0.037903

Epoch 178
Pretraining energy response (E_pred / E_true) by true-energy bin:
  1-50 GeV: n=40292 Mean=0.870949 Std=0.288285 RMS90=0.129995
  50-150 GeV: n=23832 Mean=0.847750 Std=0.120174 RMS90=0.047323
  >150 GeV: n=68 Mean=0.832848 Std=0.076414 RMS90=0.047334
Pretraining energy response by particle species:
  Neutron: n=13032 Mean=0.791240 Std=0.234007 RMS90=0.113812
  K0: n=11955 Mean=0.881821 Std=0.184283 RMS90=0.094134
  Photon: n=19748 Mean=1.149699 Std=2.723496 RMS90=0.195784
  Pion: n=21287 Mean=0.895561 Std=0.297727 RMS90=0.107615
  Electron: n=6154 Mean=1.082704 Std=9.251972 RMS90=0.171155
  Muon: n=2222 Mean=0.898373 Std=0.252936 RMS90=0.045273

Epoch 179
Pretraining energy response (E_pred / E_true) by true-energy bin:
  1-50 GeV: n=40292 Mean=0.890517 Std=0.293068 RMS90=0.131982
  50-150 GeV: n=23832 Mean=0.892440 Std=0.123155 RMS90=0.043478
  >150 GeV: n=68 Mean=0.880972 Std=0.073192 RMS90=0.039800
Pretraining energy response by particle species:
  Neutron: n=13032 Mean=0.821016 Std=0.243730 RMS90=0.118953
  K0: n=11955 Mean=0.918753 Std=0.186973 RMS90=0.091840
  Photon: n=19748 Mean=1.141945 Std=2.690516 RMS90=0.190415
  Pion: n=21287 Mean=0.929523 Std=0.307280 RMS90=0.105909
  Electron: n=6154 Mean=1.096616 Std=9.415603 RMS90=0.171592
  Muon: n=2222 Mean=0.925201 Std=0.258242 RMS90=0.034734

Epoch 180
Pretraining energy response (E_pred / E_true) by true-energy bin:
  1-50 GeV: n=40292 Mean=0.894961 Std=0.294867 RMS90=0.134517
  50-150 GeV: n=23832 Mean=0.895347 Std=0.123846 RMS90=0.042810
  >150 GeV: n=68 Mean=0.881953 Std=0.073057 RMS90=0.040748
Pretraining energy response by particle species:
  Neutron: n=13032 Mean=0.822232 Std=0.244433 RMS90=0.117930
  K0: n=11955 Mean=0.919392 Std=0.187957 RMS90=0.093212
  Photon: n=19748 Mean=1.155494 Std=2.872981 RMS90=0.190269
  Pion: n=21287 Mean=0.934689 Std=0.303660 RMS90=0.102980
  Electron: n=6154 Mean=1.103154 Std=8.942130 RMS90=0.169006
  Muon: n=2222 Mean=0.940736 Std=0.256468 RMS90=0.037703

Epoch 181
Pretraining energy response (E_pred / E_true) by true-energy bin:
  1-50 GeV: n=40292 Mean=0.874784 Std=0.305794 RMS90=0.130876
  50-150 GeV: n=23832 Mean=0.867466 Std=0.121956 RMS90=0.044394
  >150 GeV: n=68 Mean=0.859623 Std=0.075559 RMS90=0.041162
Pretraining energy response by particle species:
  Neutron: n=13032 Mean=0.801085 Std=0.238198 RMS90=0.116137
  K0: n=11955 Mean=0.892405 Std=0.185226 RMS90=0.093949
  Photon: n=19748 Mean=1.159000 Std=3.044678 RMS90=0.193971
  Pion: n=21287 Mean=0.906140 Std=0.299989 RMS90=0.105499
  Electron: n=6154 Mean=1.082291 Std=8.525711 RMS90=0.171305
  Muon: n=2222 Mean=0.911489 Std=0.265853 RMS90=0.034244

Epoch 182
Pretraining energy response (E_pred / E_true) by true-energy bin:
  1-50 GeV: n=40292 Mean=0.888695 Std=0.291838 RMS90=0.132215
  50-150 GeV: n=23832 Mean=0.874631 Std=0.122359 RMS90=0.044905
  >150 GeV: n=68 Mean=0.861080 Std=0.076050 RMS90=0.042695
Pretraining energy response by particle species:
  Neutron: n=13032 Mean=0.811934 Std=0.240609 RMS90=0.118132
  K0: n=11955 Mean=0.906962 Std=0.188188 RMS90=0.094880
  Photon: n=19748 Mean=1.147865 Std=2.785210 RMS90=0.192130
  Pion: n=21287 Mean=0.920348 Std=0.302178 RMS90=0.105047
  Electron: n=6154 Mean=1.078333 Std=8.012710 RMS90=0.169807
  Muon: n=2222 Mean=0.923655 Std=0.257549 RMS90=0.043873

Epoch 183
Pretraining energy response (E_pred / E_true) by true-energy bin:
  1-50 GeV: n=40292 Mean=0.850296 Std=0.320719 RMS90=0.128420
  50-150 GeV: n=23832 Mean=0.805823 Std=0.117003 RMS90=0.047960
  >150 GeV: n=68 Mean=0.790757 Std=0.075059 RMS90=0.046775
Pretraining energy response by particle species:
  Neutron: n=13032 Mean=0.755628 Std=0.225381 RMS90=0.111285
  K0: n=11955 Mean=0.839699 Std=0.181444 RMS90=0.095839
  Photon: n=19748 Mean=1.132081 Std=3.260560 RMS90=0.194019
  Pion: n=21287 Mean=0.875879 Std=0.299261 RMS90=0.107670
  Electron: n=6154 Mean=1.062597 Std=8.644506 RMS90=0.173006
  Muon: n=2222 Mean=0.871881 Std=0.268421 RMS90=0.046879

Epoch 184
Pretraining energy response (E_pred / E_true) by true-energy bin:
  1-50 GeV: n=40292 Mean=0.879005 Std=0.295251 RMS90=0.134453
  50-150 GeV: n=23832 Mean=0.875732 Std=0.121898 RMS90=0.045514
  >150 GeV: n=68 Mean=0.870076 Std=0.076723 RMS90=0.040508
Pretraining energy response by particle species:
  Neutron: n=13032 Mean=0.817042 Std=0.242476 RMS90=0.117352
  K0: n=11955 Mean=0.911569 Std=0.188637 RMS90=0.093267
  Photon: n=19748 Mean=1.146088 Std=3.093746 RMS90=0.198801
  Pion: n=21287 Mean=0.903153 Std=0.304796 RMS90=0.105961
  Electron: n=6154 Mean=1.077793 Std=8.539757 RMS90=0.174683
  Muon: n=2222 Mean=0.907157 Std=0.284594 RMS90=0.033790

Epoch 185
Pretraining energy response (E_pred / E_true) by true-energy bin:
  1-50 GeV: n=40292 Mean=0.875612 Std=0.309026 RMS90=0.131548
  50-150 GeV: n=23832 Mean=0.857852 Std=0.120630 RMS90=0.045993
  >150 GeV: n=68 Mean=0.848613 Std=0.078181 RMS90=0.047303
Pretraining energy response by particle species:
  Neutron: n=13032 Mean=0.801081 Std=0.238090 RMS90=0.115061
  K0: n=11955 Mean=0.892618 Std=0.186418 RMS90=0.094519
  Photon: n=19748 Mean=1.159372 Std=3.555903 RMS90=0.193099
  Pion: n=21287 Mean=0.902634 Std=0.303702 RMS90=0.104042
  Electron: n=6154 Mean=1.077410 Std=9.002260 RMS90=0.174131
  Muon: n=2222 Mean=0.904247 Std=0.267387 RMS90=0.039250

Epoch 186
Pretraining energy response (E_pred / E_true) by true-energy bin:
  1-50 GeV: n=40292 Mean=0.875041 Std=0.312818 RMS90=0.133035
  50-150 GeV: n=23832 Mean=0.859080 Std=0.120558 RMS90=0.044619
  >150 GeV: n=68 Mean=0.854816 Std=0.080680 RMS90=0.044033
Pretraining energy response by particle species:
  Neutron: n=13032 Mean=0.800023 Std=0.237562 RMS90=0.114942
  K0: n=11955 Mean=0.890763 Std=0.186987 RMS90=0.093773
  Photon: n=19748 Mean=1.147716 Std=3.528605 RMS90=0.197570
  Pion: n=21287 Mean=0.906299 Std=0.313352 RMS90=0.105752
  Electron: n=6154 Mean=1.078990 Std=8.429231 RMS90=0.178177
  Muon: n=2222 Mean=0.912664 Std=0.292337 RMS90=0.040211

Epoch 187
Pretraining energy response (E_pred / E_true) by true-energy bin:
  1-50 GeV: n=40292 Mean=0.752433 Std=0.308642 RMS90=0.137011
  50-150 GeV: n=23832 Mean=0.712814 Std=0.128524 RMS90=0.072838
  >150 GeV: n=68 Mean=0.712013 Std=0.099139 RMS90=0.068548
Pretraining energy response by particle species:
  Neutron: n=13032 Mean=0.633411 Std=0.198388 RMS90=0.106963
  K0: n=11955 Mean=0.701939 Std=0.175674 RMS90=0.100054
  Photon: n=19748 Mean=1.076801 Std=2.867225 RMS90=0.213743
  Pion: n=21287 Mean=0.791195 Std=0.277042 RMS90=0.109415
  Electron: n=6154 Mean=0.956749 Std=4.264647 RMS90=0.181790
  Muon: n=2222 Mean=0.822888 Std=0.242157 RMS90=0.051703

Epoch 188
Pretraining energy response (E_pred / E_true) by true-energy bin:
  1-50 GeV: n=40292 Mean=0.848665 Std=0.334373 RMS90=0.145338
  50-150 GeV: n=23832 Mean=0.768996 Std=0.125625 RMS90=0.060020
  >150 GeV: n=68 Mean=0.772046 Std=0.094135 RMS90=0.061829
Pretraining energy response by particle species:
  Neutron: n=13032 Mean=0.711141 Std=0.218440 RMS90=0.115807
  K0: n=11955 Mean=0.787258 Std=0.186835 RMS90=0.109173
  Photon: n=19748 Mean=1.126408 Std=2.684910 RMS90=0.207505
  Pion: n=21287 Mean=0.896534 Std=0.358933 RMS90=0.129413
  Electron: n=6154 Mean=1.000876 Std=2.161485 RMS90=0.199870
  Muon: n=2222 Mean=0.881677 Std=0.330583 RMS90=0.053508

Epoch 189
Pretraining energy response (E_pred / E_true) by true-energy bin:
  1-50 GeV: n=40292 Mean=0.830729 Std=0.506364 RMS90=0.136997
  50-150 GeV: n=23832 Mean=0.761672 Std=0.115412 RMS90=0.051444
  >150 GeV: n=68 Mean=0.752511 Std=0.076658 RMS90=0.047256
Pretraining energy response by particle species:
  Neutron: n=13032 Mean=0.702897 Std=0.214773 RMS90=0.106115
  K0: n=11955 Mean=0.781694 Std=0.176120 RMS90=0.091068
  Photon: n=19748 Mean=1.186334 Std=3.852462 RMS90=0.214684
  Pion: n=21287 Mean=0.862577 Std=0.332478 RMS90=0.112364
  Electron: n=6154 Mean=0.998390 Std=1.256642 RMS90=0.193404
  Muon: n=2222 Mean=0.841961 Std=0.353913 RMS90=0.071284

Epoch 190
Pretraining energy response (E_pred / E_true) by true-energy bin:
  1-50 GeV: n=40292 Mean=0.851875 Std=0.514126 RMS90=0.143704
  50-150 GeV: n=23832 Mean=0.821560 Std=0.123000 RMS90=0.058416
  >150 GeV: n=68 Mean=0.801636 Std=0.090969 RMS90=0.066413
Pretraining energy response by particle species:
  Neutron: n=13032 Mean=0.785132 Std=0.235577 RMS90=0.116423
  K0: n=11955 Mean=0.872573 Std=0.190184 RMS90=0.100508
  Photon: n=19748 Mean=3.358574 Std=310.874981 RMS90=0.201035
  Pion: n=21287 Mean=0.849342 Std=0.302528 RMS90=0.117501
  Electron: n=6154 Mean=1.071019 Std=9.322021 RMS90=0.180527
  Muon: n=2222 Mean=0.847237 Std=0.262610 RMS90=0.059122

Epoch 191
Pretraining energy response (E_pred / E_true) by true-energy bin:
  1-50 GeV: n=40292 Mean=0.841006 Std=0.345298 RMS90=0.141546
  50-150 GeV: n=23832 Mean=0.834714 Std=0.121521 RMS90=0.049239
  >150 GeV: n=68 Mean=0.822277 Std=0.084533 RMS90=0.052023
Pretraining energy response by particle species:
  Neutron: n=13032 Mean=0.772482 Std=0.235124 RMS90=0.117602
  K0: n=11955 Mean=0.862047 Std=0.186983 RMS90=0.096047
  Photon: n=19748 Mean=1.156087 Std=5.236356 RMS90=0.196592
  Pion: n=21287 Mean=0.864805 Std=0.307365 RMS90=0.118208
  Electron: n=6154 Mean=0.955834 Std=1.083329 RMS90=0.180434
  Muon: n=2222 Mean=0.877257 Std=0.262651 RMS90=0.044285

Epoch 192
Pretraining energy response (E_pred / E_true) by true-energy bin:
  1-50 GeV: n=40292 Mean=0.872770 Std=0.329605 RMS90=0.147800
  50-150 GeV: n=23832 Mean=0.852769 Std=0.128920 RMS90=0.056960
  >150 GeV: n=68 Mean=0.822979 Std=0.083106 RMS90=0.048928
Pretraining energy response by particle species:
  Neutron: n=13032 Mean=0.786588 Std=0.240198 RMS90=0.122202
  K0: n=11955 Mean=0.876434 Std=0.196801 RMS90=0.106217
  Photon: n=19748 Mean=1.141728 Std=3.101624 RMS90=0.206412
  Pion: n=21287 Mean=0.912028 Std=0.320221 RMS90=0.124888
  Electron: n=6154 Mean=0.993041 Std=1.536222 RMS90=0.193154
  Muon: n=2222 Mean=0.926288 Std=0.300761 RMS90=0.053983

Epoch 193
Pretraining energy response (E_pred / E_true) by true-energy bin:
  1-50 GeV: n=40292 Mean=0.875070 Std=0.304727 RMS90=0.140945
  50-150 GeV: n=23832 Mean=0.868655 Std=0.130508 RMS90=0.056824
  >150 GeV: n=68 Mean=0.846011 Std=0.092432 RMS90=0.057432
Pretraining energy response by particle species:
  Neutron: n=13032 Mean=0.792218 Std=0.242123 RMS90=0.120576
  K0: n=11955 Mean=0.882221 Std=0.190255 RMS90=0.099561
  Photon: n=19748 Mean=1.132245 Std=2.239885 RMS90=0.201671
  Pion: n=21287 Mean=0.923533 Std=0.310716 RMS90=0.116419
  Electron: n=6154 Mean=0.986177 Std=0.845282 RMS90=0.183728
  Muon: n=2222 Mean=0.942016 Std=0.304499 RMS90=0.057385

Epoch 194
Pretraining energy response (E_pred / E_true) by true-energy bin:
  1-50 GeV: n=40292 Mean=0.870735 Std=0.323024 RMS90=0.136285
  50-150 GeV: n=23832 Mean=0.862049 Std=0.124993 RMS90=0.049134
  >150 GeV: n=68 Mean=0.840111 Std=0.083244 RMS90=0.047225
Pretraining energy response by particle species:
  Neutron: n=13032 Mean=0.786563 Std=0.233624 RMS90=0.117729
  K0: n=11955 Mean=0.877571 Std=0.185579 RMS90=0.094921
  Photon: n=19748 Mean=1.174330 Std=2.745938 RMS90=0.199582
  Pion: n=21287 Mean=0.915323 Std=0.329695 RMS90=0.116683
  Electron: n=6154 Mean=1.099613 Std=7.232302 RMS90=0.179081
  Muon: n=2222 Mean=0.918259 Std=0.280137 RMS90=0.051868

Epoch 195
Pretraining energy response (E_pred / E_true) by true-energy bin:
  1-50 GeV: n=40292 Mean=0.899722 Std=0.305727 RMS90=0.142054
  50-150 GeV: n=23832 Mean=0.911284 Std=0.127996 RMS90=0.049211
  >150 GeV: n=68 Mean=0.884061 Std=0.094172 RMS90=0.061398
Pretraining energy response by particle species:
  Neutron: n=13032 Mean=0.843561 Std=0.252284 RMS90=0.126336
  K0: n=11955 Mean=0.943132 Std=0.197499 RMS90=0.099301
  Photon: n=19748 Mean=1.164296 Std=2.952376 RMS90=0.196832
  Pion: n=21287 Mean=0.930985 Std=0.309435 RMS90=0.114058
  Electron: n=6154 Mean=1.235398 Std=11.583348 RMS90=0.180834
  Muon: n=2222 Mean=0.957354 Std=0.305129 RMS90=0.054163

Epoch 196
Pretraining energy response (E_pred / E_true) by true-energy bin:
  1-50 GeV: n=40292 Mean=0.759464 Std=0.290049 RMS90=0.132148
  50-150 GeV: n=23832 Mean=0.708390 Std=0.125390 RMS90=0.071646
  >150 GeV: n=68 Mean=0.671943 Std=0.086303 RMS90=0.061102
Pretraining energy response by particle species:
  Neutron: n=13032 Mean=0.637274 Std=0.196896 RMS90=0.103315
  K0: n=11955 Mean=0.706066 Std=0.171939 RMS90=0.097589
  Photon: n=19748 Mean=1.118477 Std=3.442169 RMS90=0.203726
  Pion: n=21287 Mean=0.799760 Std=0.299484 RMS90=0.101643
  Electron: n=6154 Mean=1.164018 Std=11.333634 RMS90=0.177422
  Muon: n=2222 Mean=0.788156 Std=0.296763 RMS90=0.055486

Epoch 197
Pretraining energy response (E_pred / E_true) by true-energy bin:
  1-50 GeV: n=40292 Mean=0.775048 Std=0.302606 RMS90=0.132006
  50-150 GeV: n=23832 Mean=0.757383 Std=0.133975 RMS90=0.077762
  >150 GeV: n=68 Mean=0.741048 Std=0.096676 RMS90=0.070418
Pretraining energy response by particle species:
  Neutron: n=13032 Mean=0.669159 Std=0.203863 RMS90=0.106942
  K0: n=11955 Mean=0.741337 Std=0.173403 RMS90=0.096515
  Photon: n=19748 Mean=1.099304 Std=2.766762 RMS90=0.195235
  Pion: n=21287 Mean=0.844736 Std=0.303386 RMS90=0.118523
  Electron: n=6154 Mean=1.032003 Std=8.394861 RMS90=0.175539
  Muon: n=2222 Mean=0.850409 Std=0.324066 RMS90=0.061202

Epoch 198
Pretraining energy response (E_pred / E_true) by true-energy bin:
  1-50 GeV: n=40292 Mean=0.861014 Std=0.313636 RMS90=0.147980
  50-150 GeV: n=23832 Mean=0.845112 Std=0.124915 RMS90=0.057987
  >150 GeV: n=68 Mean=0.802269 Std=0.102514 RMS90=0.081034
Pretraining energy response by particle species:
  Neutron: n=13032 Mean=0.798607 Std=0.240087 RMS90=0.118953
  K0: n=11955 Mean=0.890699 Std=0.190566 RMS90=0.096652
  Photon: n=19748 Mean=1.135825 Std=2.601389 RMS90=0.198195
  Pion: n=21287 Mean=0.879328 Std=0.335083 RMS90=0.130340
  Electron: n=6154 Mean=1.078812 Std=8.944984 RMS90=0.188751
  Muon: n=2222 Mean=0.900187 Std=0.337897 RMS90=0.073410

Epoch 199
Pretraining energy response (E_pred / E_true) by true-energy bin:
  1-50 GeV: n=40292 Mean=0.780269 Std=0.285305 RMS90=0.133151
  50-150 GeV: n=23832 Mean=0.746809 Std=0.117059 RMS90=0.057415
  >150 GeV: n=68 Mean=0.701980 Std=0.084696 RMS90=0.060141
Pretraining energy response by particle species:
  Neutron: n=13032 Mean=0.708658 Std=0.212957 RMS90=0.108609
  K0: n=11955 Mean=0.781079 Std=0.178914 RMS90=0.098146
  Photon: n=19748 Mean=1.083802 Std=1.802970 RMS90=0.201554
  Pion: n=21287 Mean=0.788359 Std=0.280937 RMS90=0.105257
  Electron: n=6154 Mean=0.990708 Std=8.548973 RMS90=0.180358
  Muon: n=2222 Mean=0.783174 Std=0.257201 RMS90=0.056164

Epoch 200
Pretraining energy response (E_pred / E_true) by true-energy bin:
  1-50 GeV: n=40292 Mean=0.879381 Std=0.334940 RMS90=0.139528
  50-150 GeV: n=23832 Mean=0.867105 Std=0.125413 RMS90=0.056461
  >150 GeV: n=68 Mean=0.828825 Std=0.089648 RMS90=0.065525
Pretraining energy response by particle species:
  Neutron: n=13032 Mean=0.795723 Std=0.236010 RMS90=0.115603
  K0: n=11955 Mean=0.886403 Std=0.181741 RMS90=0.088435
  Photon: n=19748 Mean=1.151322 Std=2.278572 RMS90=0.198605
  Pion: n=21287 Mean=0.922247 Std=0.336690 RMS90=0.116910
  Electron: n=6154 Mean=1.106504 Std=8.959657 RMS90=0.187696
  Muon: n=2222 Mean=0.908470 Std=0.297194 RMS90=0.061181

Epoch 201
Pretraining energy response (E_pred / E_true) by true-energy bin:
  1-50 GeV: n=40292 Mean=0.865690 Std=0.319612 RMS90=0.131836
  50-150 GeV: n=23832 Mean=0.864928 Std=0.129398 RMS90=0.056387
  >150 GeV: n=68 Mean=0.842756 Std=0.085551 RMS90=0.047276
Pretraining energy response by particle species:
  Neutron: n=13032 Mean=0.782817 Std=0.233499 RMS90=0.114210
  K0: n=11955 Mean=0.866231 Std=0.180492 RMS90=0.093275
  Photon: n=19748 Mean=1.164536 Std=3.494152 RMS90=0.193928
  Pion: n=21287 Mean=0.919855 Std=0.303659 RMS90=0.113470
  Electron: n=6154 Mean=1.241543 Std=12.095236 RMS90=0.175993
  Muon: n=2222 Mean=0.938213 Std=0.271698 RMS90=0.053272

Epoch 202
Pretraining energy response (E_pred / E_true) by true-energy bin:
  1-50 GeV: n=40292 Mean=0.882667 Std=0.343422 RMS90=0.151440
  50-150 GeV: n=23832 Mean=0.910056 Std=0.126943 RMS90=0.045940
  >150 GeV: n=68 Mean=0.907264 Std=0.082896 RMS90=0.042280
Pretraining energy response by particle species:
  Neutron: n=13032 Mean=0.841213 Std=0.248197 RMS90=0.122183
  K0: n=11955 Mean=0.936418 Std=0.193427 RMS90=0.096590
  Photon: n=19748 Mean=1.134660 Std=2.458989 RMS90=0.196351
  Pion: n=21287 Mean=0.908494 Std=0.306803 RMS90=0.123075
  Electron: n=6154 Mean=1.189558 Std=11.920829 RMS90=0.181514
  Muon: n=2222 Mean=0.944066 Std=0.240053 RMS90=0.062190

Epoch 203
Pretraining energy response (E_pred / E_true) by true-energy bin:
  1-50 GeV: n=40292 Mean=0.840000 Std=0.309505 RMS90=0.134033
  50-150 GeV: n=23832 Mean=0.781915 Std=0.121689 RMS90=0.057239
  >150 GeV: n=68 Mean=0.752944 Std=0.085596 RMS90=0.055477
Pretraining energy response by particle species:
  Neutron: n=13032 Mean=0.757821 Std=0.228692 RMS90=0.120426
  K0: n=11955 Mean=0.837394 Std=0.191308 RMS90=0.111109
  Photon: n=19748 Mean=1.140527 Std=2.698986 RMS90=0.210182
  Pion: n=21287 Mean=0.847045 Std=0.302917 RMS90=0.104272
  Electron: n=6154 Mean=1.172400 Std=12.178583 RMS90=0.181099
  Muon: n=2222 Mean=0.832678 Std=0.276418 RMS90=0.051164

Epoch 204
Pretraining energy response (E_pred / E_true) by true-energy bin:
  1-50 GeV: n=40292 Mean=0.909267 Std=0.342651 RMS90=0.146489
  50-150 GeV: n=23832 Mean=0.931773 Std=0.129072 RMS90=0.047098
  >150 GeV: n=68 Mean=0.906672 Std=0.080472 RMS90=0.045292
Pretraining energy response by particle species:
  Neutron: n=13032 Mean=0.863730 Std=0.259321 RMS90=0.128598
  K0: n=11955 Mean=0.964184 Std=0.200708 RMS90=0.100896
  Photon: n=19748 Mean=1.151544 Std=2.422871 RMS90=0.198330
  Pion: n=21287 Mean=0.949721 Std=0.312298 RMS90=0.122019
  Electron: n=6154 Mean=1.185133 Std=11.055369 RMS90=0.180031
  Muon: n=2222 Mean=0.951369 Std=0.256865 RMS90=0.046273

Epoch 205
Pretraining energy response (E_pred / E_true) by true-energy bin:
  1-50 GeV: n=40292 Mean=0.876405 Std=0.312974 RMS90=0.139808
  50-150 GeV: n=23832 Mean=0.891541 Std=0.123584 RMS90=0.043752
  >150 GeV: n=68 Mean=0.871100 Std=0.077187 RMS90=0.039704
Pretraining energy response by particle species:
  Neutron: n=13032 Mean=0.813159 Std=0.241827 RMS90=0.117898
  K0: n=11955 Mean=0.908379 Std=0.184212 RMS90=0.089323
  Photon: n=19748 Mean=1.138701 Std=2.264900 RMS90=0.200652
  Pion: n=21287 Mean=0.916846 Std=0.301297 RMS90=0.110088
  Electron: n=6154 Mean=1.183534 Std=12.037379 RMS90=0.179278
  Muon: n=2222 Mean=0.928988 Std=0.264217 RMS90=0.047126

Epoch 206
Pretraining energy response (E_pred / E_true) by true-energy bin:
  1-50 GeV: n=40292 Mean=0.790841 Std=0.278148 RMS90=0.137909
  50-150 GeV: n=23832 Mean=0.727589 Std=0.118348 RMS90=0.061980
  >150 GeV: n=68 Mean=0.678924 Std=0.090737 RMS90=0.068680
Pretraining energy response by particle species:
  Neutron: n=13032 Mean=0.711899 Std=0.216360 RMS90=0.112965
  K0: n=11955 Mean=0.784794 Std=0.184045 RMS90=0.108399
  Photon: n=19748 Mean=1.100054 Std=2.912925 RMS90=0.204573
  Pion: n=21287 Mean=0.784493 Std=0.299222 RMS90=0.105596
  Electron: n=6154 Mean=1.021706 Std=7.289687 RMS90=0.182930
  Muon: n=2222 Mean=0.758344 Std=0.271959 RMS90=0.057807

Epoch 207
Pretraining energy response (E_pred / E_true) by true-energy bin:
  1-50 GeV: n=40292 Mean=0.837321 Std=0.280689 RMS90=0.131221
  50-150 GeV: n=23832 Mean=0.852063 Std=0.128195 RMS90=0.054378
  >150 GeV: n=68 Mean=0.845051 Std=0.089303 RMS90=0.050973
Pretraining energy response by particle species:
  Neutron: n=13032 Mean=0.752912 Std=0.225678 RMS90=0.113032
  K0: n=11955 Mean=0.837971 Std=0.175120 RMS90=0.091282
  Photon: n=19748 Mean=1.087769 Std=1.898623 RMS90=0.185955
  Pion: n=21287 Mean=0.898730 Std=0.287075 RMS90=0.109306
  Electron: n=6154 Mean=1.097141 Std=9.265380 RMS90=0.168369
  Muon: n=2222 Mean=0.909041 Std=0.249463 RMS90=0.032938

Epoch 208
Pretraining energy response (E_pred / E_true) by true-energy bin:
  1-50 GeV: n=40292 Mean=0.886185 Std=0.368526 RMS90=0.139803
  50-150 GeV: n=23832 Mean=0.873336 Std=0.123579 RMS90=0.050122
  >150 GeV: n=68 Mean=0.853288 Std=0.084576 RMS90=0.054213
Pretraining energy response by particle species:
  Neutron: n=13032 Mean=0.826423 Std=0.244594 RMS90=0.120930
  K0: n=11955 Mean=0.919206 Std=0.192529 RMS90=0.097844
  Photon: n=19748 Mean=1.191506 Std=4.223545 RMS90=0.200120
  Pion: n=21287 Mean=0.908438 Std=0.321666 RMS90=0.110915
  Electron: n=6154 Mean=0.984392 Std=1.029406 RMS90=0.185580
  Muon: n=2222 Mean=0.902313 Std=0.267856 RMS90=0.063621

Epoch 209
Pretraining energy response (E_pred / E_true) by true-energy bin:
  1-50 GeV: n=40292 Mean=0.850798 Std=0.278242 RMS90=0.131034
  50-150 GeV: n=23832 Mean=0.840911 Std=0.124567 RMS90=0.051793
  >150 GeV: n=68 Mean=0.835341 Std=0.082306 RMS90=0.047719
Pretraining energy response by particle species:
  Neutron: n=13032 Mean=0.770093 Std=0.229968 RMS90=0.116101
  K0: n=11955 Mean=0.857254 Std=0.186226 RMS90=0.098075
  Photon: n=19748 Mean=1.120618 Std=3.477066 RMS90=0.194504
  Pion: n=21287 Mean=0.889705 Std=0.293137 RMS90=0.106310
  Electron: n=6154 Mean=1.347955 Std=25.120075 RMS90=0.172336
  Muon: n=2222 Mean=0.892050 Std=0.251508 RMS90=0.041538

Epoch 210
Pretraining energy response (E_pred / E_true) by true-energy bin:
  1-50 GeV: n=40292 Mean=0.871000 Std=0.302198 RMS90=0.134154
  50-150 GeV: n=23832 Mean=0.862462 Std=0.124143 RMS90=0.048237
  >150 GeV: n=68 Mean=0.847289 Std=0.078953 RMS90=0.045413
Pretraining energy response by particle species:
  Neutron: n=13032 Mean=0.803606 Std=0.244673 RMS90=0.118303
  K0: n=11955 Mean=0.893934 Std=0.189298 RMS90=0.098742
  Photon: n=19748 Mean=1.145518 Std=4.321694 RMS90=0.196659
  Pion: n=21287 Mean=0.901685 Std=0.306037 RMS90=0.106504
  Electron: n=6154 Mean=0.970176 Std=1.067465 RMS90=0.177961
  Muon: n=2222 Mean=0.896255 Std=0.285073 RMS90=0.041360

Epoch 211
Pretraining energy response (E_pred / E_true) by true-energy bin:
  1-50 GeV: n=40292 Mean=0.900247 Std=0.337004 RMS90=0.140474
  50-150 GeV: n=23832 Mean=0.889347 Std=0.123226 RMS90=0.044264
  >150 GeV: n=68 Mean=0.870456 Std=0.077999 RMS90=0.044425
Pretraining energy response by particle species:
  Neutron: n=13032 Mean=0.835248 Std=0.249374 RMS90=0.121237
  K0: n=11955 Mean=0.929823 Std=0.197920 RMS90=0.100400
  Photon: n=19748 Mean=1.148610 Std=3.867785 RMS90=0.193715
  Pion: n=21287 Mean=0.935723 Std=0.326502 RMS90=0.111702
  Electron: n=6154 Mean=1.193990 Std=10.753985 RMS90=0.177180
  Muon: n=2222 Mean=0.920034 Std=0.274606 RMS90=0.039393

Epoch 212
Pretraining energy response (E_pred / E_true) by true-energy bin:
  1-50 GeV: n=40292 Mean=0.834286 Std=0.284876 RMS90=0.132899
  50-150 GeV: n=23832 Mean=0.793514 Std=0.116137 RMS90=0.049025
  >150 GeV: n=68 Mean=0.774958 Std=0.076341 RMS90=0.044524
Pretraining energy response by particle species:
  Neutron: n=13032 Mean=0.751409 Std=0.225057 RMS90=0.111724
  K0: n=11955 Mean=0.834309 Std=0.191012 RMS90=0.103652
  Photon: n=19748 Mean=1.102884 Std=2.601262 RMS90=0.198754
  Pion: n=21287 Mean=0.852394 Std=0.296438 RMS90=0.104107
  Electron: n=6154 Mean=0.962071 Std=3.395171 RMS90=0.171175
  Muon: n=2222 Mean=0.840404 Std=0.259083 RMS90=0.039189

Epoch 213
Pretraining energy response (E_pred / E_true) by true-energy bin:
  1-50 GeV: n=40292 Mean=0.879732 Std=0.299000 RMS90=0.136656
  50-150 GeV: n=23832 Mean=0.879862 Std=0.121327 RMS90=0.044215
  >150 GeV: n=68 Mean=0.858591 Std=0.071532 RMS90=0.039560
Pretraining energy response by particle species:
  Neutron: n=13032 Mean=0.820511 Std=0.246543 RMS90=0.120282
  K0: n=11955 Mean=0.916566 Std=0.195563 RMS90=0.097689
  Photon: n=19748 Mean=1.098450 Std=1.919749 RMS90=0.190111
  Pion: n=21287 Mean=0.905965 Std=0.295362 RMS90=0.104982
  Electron: n=6154 Mean=0.942671 Std=0.572193 RMS90=0.168643
  Muon: n=2222 Mean=0.914636 Std=0.254024 RMS90=0.041162

Epoch 214
Pretraining energy response (E_pred / E_true) by true-energy bin:
  1-50 GeV: n=40292 Mean=0.878418 Std=0.299967 RMS90=0.133713
  50-150 GeV: n=23832 Mean=0.862028 Std=0.123130 RMS90=0.048707
  >150 GeV: n=68 Mean=0.846986 Std=0.073578 RMS90=0.037334
Pretraining energy response by particle species:
  Neutron: n=13032 Mean=0.802069 Std=0.242191 RMS90=0.120448
  K0: n=11955 Mean=0.890515 Std=0.192772 RMS90=0.101042
  Photon: n=19748 Mean=1.138809 Std=3.419357 RMS90=0.196501
  Pion: n=21287 Mean=0.916949 Std=0.301912 RMS90=0.105169
  Electron: n=6154 Mean=1.140660 Std=10.473559 RMS90=0.172659
  Muon: n=2222 Mean=0.921005 Std=0.257254 RMS90=0.038337

Epoch 215
Pretraining energy response (E_pred / E_true) by true-energy bin:
  1-50 GeV: n=40292 Mean=0.870542 Std=0.282829 RMS90=0.134696
  50-150 GeV: n=23832 Mean=0.846276 Std=0.120904 RMS90=0.049066
  >150 GeV: n=68 Mean=0.826111 Std=0.072804 RMS90=0.043813
Pretraining energy response by particle species:
  Neutron: n=13032 Mean=0.792540 Std=0.237923 RMS90=0.117114
  K0: n=11955 Mean=0.882835 Std=0.197088 RMS90=0.101693
  Photon: n=19748 Mean=1.110977 Std=2.125192 RMS90=0.193669
  Pion: n=21287 Mean=0.901515 Std=0.287798 RMS90=0.105461
  Electron: n=6154 Mean=1.050193 Std=8.198370 RMS90=0.169148
  Muon: n=2222 Mean=0.899836 Std=0.255183 RMS90=0.053752

Epoch 216
Pretraining energy response (E_pred / E_true) by true-energy bin:
  1-50 GeV: n=40292 Mean=0.896435 Std=0.321938 RMS90=0.143209
  50-150 GeV: n=23832 Mean=0.867658 Std=0.126524 RMS90=0.054200
  >150 GeV: n=68 Mean=0.836918 Std=0.077581 RMS90=0.044604
Pretraining energy response by particle species:
  Neutron: n=13032 Mean=0.838347 Std=0.254853 RMS90=0.132053
  K0: n=11955 Mean=0.931984 Std=0.210481 RMS90=0.119205
  Photon: n=19748 Mean=1.111154 Std=1.901369 RMS90=0.200694
  Pion: n=21287 Mean=0.909213 Std=0.298706 RMS90=0.105219
  Electron: n=6154 Mean=1.164618 Std=10.764874 RMS90=0.172167
  Muon: n=2222 Mean=0.908516 Std=0.264692 RMS90=0.045189

Epoch 217
Pretraining energy response (E_pred / E_true) by true-energy bin:
  1-50 GeV: n=40292 Mean=0.870499 Std=0.318048 RMS90=0.138881
  50-150 GeV: n=23832 Mean=0.822999 Std=0.125695 RMS90=0.058794
  >150 GeV: n=68 Mean=0.787136 Std=0.074911 RMS90=0.048130
Pretraining energy response by particle species:
  Neutron: n=13032 Mean=0.817828 Std=0.249846 RMS90=0.132019
  K0: n=11955 Mean=0.901378 Std=0.212052 RMS90=0.125091
  Photon: n=19748 Mean=1.088991 Std=2.119687 RMS90=0.199645
  Pion: n=21287 Mean=0.870292 Std=0.294297 RMS90=0.099666
  Electron: n=6154 Mean=1.013155 Std=5.184005 RMS90=0.168610
  Muon: n=2222 Mean=0.864334 Std=0.250746 RMS90=0.038202

Epoch 218
Pretraining energy response (E_pred / E_true) by true-energy bin:
  1-50 GeV: n=40292 Mean=0.908969 Std=0.301551 RMS90=0.137694
  50-150 GeV: n=23832 Mean=0.914078 Std=0.125265 RMS90=0.043367
  >150 GeV: n=68 Mean=0.900712 Std=0.075830 RMS90=0.042842
Pretraining energy response by particle species:
  Neutron: n=13032 Mean=0.857709 Std=0.254882 RMS90=0.125537
  K0: n=11955 Mean=0.957375 Std=0.197631 RMS90=0.098814
  Photon: n=19748 Mean=1.130593 Std=2.129119 RMS90=0.194779
  Pion: n=21287 Mean=0.934209 Std=0.292274 RMS90=0.101604
  Electron: n=6154 Mean=1.120083 Std=9.686355 RMS90=0.171064
  Muon: n=2222 Mean=0.932545 Std=0.235448 RMS90=0.029468

Epoch 219
Pretraining energy response (E_pred / E_true) by true-energy bin:
  1-50 GeV: n=40292 Mean=0.902252 Std=0.299928 RMS90=0.136864
  50-150 GeV: n=23832 Mean=0.896668 Std=0.125016 RMS90=0.048072
  >150 GeV: n=68 Mean=0.866981 Std=0.081829 RMS90=0.045801
Pretraining energy response by particle species:
  Neutron: n=13032 Mean=0.853636 Std=0.253411 RMS90=0.125743
  K0: n=11955 Mean=0.951139 Std=0.200063 RMS90=0.102651
  Photon: n=19748 Mean=1.120714 Std=1.892264 RMS90=0.187487
  Pion: n=21287 Mean=0.917791 Std=0.287832 RMS90=0.098792
  Electron: n=6154 Mean=1.062179 Std=8.652309 RMS90=0.164298
  Muon: n=2222 Mean=0.910876 Std=0.225864 RMS90=0.035826

Epoch 220
Pretraining energy response (E_pred / E_true) by true-energy bin:
  1-50 GeV: n=40292 Mean=0.888586 Std=0.296490 RMS90=0.131591
  50-150 GeV: n=23832 Mean=0.882096 Std=0.124334 RMS90=0.046151
  >150 GeV: n=68 Mean=0.867933 Std=0.081008 RMS90=0.039271
Pretraining energy response by particle species:
  Neutron: n=13032 Mean=0.819544 Std=0.242879 RMS90=0.119173
  K0: n=11955 Mean=0.912742 Std=0.192525 RMS90=0.099049
  Photon: n=19748 Mean=1.100489 Std=1.677485 RMS90=0.188297
  Pion: n=21287 Mean=0.923925 Std=0.287918 RMS90=0.098047
  Electron: n=6154 Mean=1.082510 Std=9.517581 RMS90=0.165318
  Muon: n=2222 Mean=0.917756 Std=0.225349 RMS90=0.033934

Epoch 221
Pretraining energy response (E_pred / E_true) by true-energy bin:
  1-50 GeV: n=40292 Mean=0.884443 Std=0.311326 RMS90=0.132983
  50-150 GeV: n=23832 Mean=0.877574 Std=0.127619 RMS90=0.052347
  >150 GeV: n=68 Mean=0.862821 Std=0.081620 RMS90=0.045766
Pretraining energy response by particle species:
  Neutron: n=13032 Mean=0.806117 Std=0.242401 RMS90=0.119780
  K0: n=11955 Mean=0.896221 Std=0.190884 RMS90=0.099539
  Photon: n=19748 Mean=1.098635 Std=1.912166 RMS90=0.190528
  Pion: n=21287 Mean=0.932034 Std=0.288415 RMS90=0.102151
  Electron: n=6154 Mean=1.113031 Std=9.130567 RMS90=0.163789
  Muon: n=2222 Mean=0.929632 Std=0.230963 RMS90=0.040406

Epoch 222
Pretraining energy response (E_pred / E_true) by true-energy bin:
  1-50 GeV: n=40292 Mean=0.919967 Std=0.310759 RMS90=0.139206
  50-150 GeV: n=23832 Mean=0.911305 Std=0.127386 RMS90=0.046059
  >150 GeV: n=68 Mean=0.887827 Std=0.078143 RMS90=0.038496
Pretraining energy response by particle species:
  Neutron: n=13032 Mean=0.854434 Std=0.255152 RMS90=0.123471
  K0: n=11955 Mean=0.950173 Std=0.199529 RMS90=0.102247
  Photon: n=19748 Mean=1.145634 Std=2.689780 RMS90=0.201084
  Pion: n=21287 Mean=0.954747 Std=0.305174 RMS90=0.105783
  Electron: n=6154 Mean=1.093053 Std=8.176350 RMS90=0.170854
  Muon: n=2222 Mean=0.946540 Std=0.250433 RMS90=0.039684

Epoch 223
Pretraining energy response (E_pred / E_true) by true-energy bin:
  1-50 GeV: n=40292 Mean=0.932926 Std=0.314917 RMS90=0.151075
  50-150 GeV: n=23832 Mean=0.914688 Std=0.132728 RMS90=0.059049
  >150 GeV: n=68 Mean=0.881576 Std=0.079685 RMS90=0.048861
Pretraining energy response by particle species:
  Neutron: n=13032 Mean=0.896685 Std=0.269269 RMS90=0.138343
  K0: n=11955 Mean=0.998493 Std=0.216223 RMS90=0.119971
  Photon: n=19748 Mean=1.141664 Std=2.296790 RMS90=0.202497
  Pion: n=21287 Mean=0.929467 Std=0.298718 RMS90=0.104930
  Electron: n=6154 Mean=1.066601 Std=8.604639 RMS90=0.171872
  Muon: n=2222 Mean=0.911155 Std=0.237179 RMS90=0.030544

Epoch 224
Pretraining energy response (E_pred / E_true) by true-energy bin:
  1-50 GeV: n=40292 Mean=0.896577 Std=0.308741 RMS90=0.130761
  50-150 GeV: n=23832 Mean=0.894373 Std=0.123416 RMS90=0.043994
  >150 GeV: n=68 Mean=0.875020 Std=0.073063 RMS90=0.036345
Pretraining energy response by particle species:
  Neutron: n=13032 Mean=0.841273 Std=0.248083 RMS90=0.121890
  K0: n=11955 Mean=0.937666 Std=0.191276 RMS90=0.097802
  Photon: n=19748 Mean=1.115829 Std=1.766044 RMS90=0.192607
  Pion: n=21287 Mean=0.913745 Std=0.283109 RMS90=0.094526
  Electron: n=6154 Mean=1.063054 Std=8.958484 RMS90=0.164383
  Muon: n=2222 Mean=0.909667 Std=0.230411 RMS90=0.029725

Epoch 225
Pretraining energy response (E_pred / E_true) by true-energy bin:
  1-50 GeV: n=40292 Mean=0.900389 Std=0.321655 RMS90=0.136064
  50-150 GeV: n=23832 Mean=0.899058 Std=0.124315 RMS90=0.045083
  >150 GeV: n=68 Mean=0.880089 Std=0.079555 RMS90=0.042868
Pretraining energy response by particle species:
  Neutron: n=13032 Mean=0.851087 Std=0.251849 RMS90=0.124455
  K0: n=11955 Mean=0.950137 Std=0.196572 RMS90=0.101422
  Photon: n=19748 Mean=1.120931 Std=1.654829 RMS90=0.192765
  Pion: n=21287 Mean=0.907927 Std=0.282226 RMS90=0.095928
  Electron: n=6154 Mean=1.113389 Std=9.669026 RMS90=0.165142
  Muon: n=2222 Mean=0.906575 Std=0.224492 RMS90=0.031874

Epoch 226
Pretraining energy response (E_pred / E_true) by true-energy bin:
  1-50 GeV: n=40292 Mean=0.899483 Std=0.318157 RMS90=0.144588
  50-150 GeV: n=23832 Mean=0.890754 Std=0.128620 RMS90=0.058186
  >150 GeV: n=68 Mean=0.853910 Std=0.083278 RMS90=0.055971
Pretraining energy response by particle species:
  Neutron: n=13032 Mean=0.868790 Std=0.257162 RMS90=0.128355
  K0: n=11955 Mean=0.965506 Std=0.203323 RMS90=0.108752
  Photon: n=19748 Mean=1.114281 Std=1.601414 RMS90=0.196270
  Pion: n=21287 Mean=0.887086 Std=0.286170 RMS90=0.097161
  Electron: n=6154 Mean=1.044068 Std=8.697024 RMS90=0.164279
  Muon: n=2222 Mean=0.880156 Std=0.237573 RMS90=0.033769

Epoch 227
Pretraining energy response (E_pred / E_true) by true-energy bin:
  1-50 GeV: n=40292 Mean=0.847897 Std=0.311347 RMS90=0.140245
  50-150 GeV: n=23832 Mean=0.794122 Std=0.124670 RMS90=0.064150
  >150 GeV: n=68 Mean=0.749988 Std=0.085052 RMS90=0.062124
Pretraining energy response by particle species:
  Neutron: n=13032 Mean=0.801421 Std=0.243197 RMS90=0.127313
  K0: n=11955 Mean=0.885758 Std=0.206961 RMS90=0.121931
  Photon: n=19748 Mean=1.121822 Std=7.787975 RMS90=0.201888
  Pion: n=21287 Mean=0.822124 Std=0.275072 RMS90=0.095363
  Electron: n=6154 Mean=0.889523 Std=0.942449 RMS90=0.169298
  Muon: n=2222 Mean=0.798140 Std=0.226336 RMS90=0.046477

Epoch 228
Pretraining energy response (E_pred / E_true) by true-energy bin:
  1-50 GeV: n=40292 Mean=0.917052 Std=0.336631 RMS90=0.135864
  50-150 GeV: n=23832 Mean=0.909972 Std=0.127947 RMS90=0.046806
  >150 GeV: n=68 Mean=0.889752 Std=0.080394 RMS90=0.035389
Pretraining energy response by particle species:
  Neutron: n=13032 Mean=0.848554 Std=0.252014 RMS90=0.122847
  K0: n=11955 Mean=0.944093 Std=0.199191 RMS90=0.102779
  Photon: n=19748 Mean=1.122305 Std=2.620093 RMS90=0.199119
  Pion: n=21287 Mean=0.955054 Std=0.301133 RMS90=0.100264
  Electron: n=6154 Mean=1.042107 Std=3.842885 RMS90=0.169008
  Muon: n=2222 Mean=0.946808 Std=0.240940 RMS90=0.035651

Epoch 229
Pretraining energy response (E_pred / E_true) by true-energy bin:
  1-50 GeV: n=40292 Mean=0.902141 Std=0.315894 RMS90=0.134984
  50-150 GeV: n=23832 Mean=0.884134 Std=0.124769 RMS90=0.046942
  >150 GeV: n=68 Mean=0.861635 Std=0.074797 RMS90=0.043328
Pretraining energy response by particle species:
  Neutron: n=13032 Mean=0.845054 Std=0.251520 RMS90=0.123180
  K0: n=11955 Mean=0.938942 Std=0.200805 RMS90=0.107410
  Photon: n=19748 Mean=1.100239 Std=1.847260 RMS90=0.199147
  Pion: n=21287 Mean=0.916112 Std=0.290452 RMS90=0.096171
  Electron: n=6154 Mean=0.950014 Std=0.628100 RMS90=0.166175
  Muon: n=2222 Mean=0.902725 Std=0.232611 RMS90=0.033738

Epoch 230
Pretraining energy response (E_pred / E_true) by true-energy bin:
  1-50 GeV: n=40292 Mean=0.891318 Std=0.305629 RMS90=0.138398
  50-150 GeV: n=23832 Mean=0.870657 Std=0.128153 RMS90=0.063954
  >150 GeV: n=68 Mean=0.836645 Std=0.087972 RMS90=0.070788
Pretraining energy response by particle species:
  Neutron: n=13032 Mean=0.853534 Std=0.251643 RMS90=0.123271
  K0: n=11955 Mean=0.948719 Std=0.199113 RMS90=0.104304
  Photon: n=19748 Mean=1.109217 Std=1.680950 RMS90=0.192364
  Pion: n=21287 Mean=0.876767 Std=0.286257 RMS90=0.099511
  Electron: n=6154 Mean=1.070099 Std=8.817412 RMS90=0.163872
  Muon: n=2222 Mean=0.859828 Std=0.236597 RMS90=0.035772

Epoch 231
Pretraining energy response (E_pred / E_true) by true-energy bin:
  1-50 GeV: n=40292 Mean=0.887128 Std=0.309490 RMS90=0.143970
  50-150 GeV: n=23832 Mean=0.852269 Std=0.128891 RMS90=0.059738
  >150 GeV: n=68 Mean=0.818850 Std=0.082353 RMS90=0.049586
Pretraining energy response by particle species:
  Neutron: n=13032 Mean=0.845710 Std=0.255791 RMS90=0.132253
  K0: n=11955 Mean=0.936480 Std=0.213963 RMS90=0.124137
  Photon: n=19748 Mean=1.109519 Std=1.854640 RMS90=0.202420
  Pion: n=21287 Mean=0.870699 Std=0.281633 RMS90=0.094444
  Electron: n=6154 Mean=1.057541 Std=8.672890 RMS90=0.168360
  Muon: n=2222 Mean=0.853778 Std=0.232499 RMS90=0.035796

Epoch 232
Pretraining energy response (E_pred / E_true) by true-energy bin:
  1-50 GeV: n=40292 Mean=0.879800 Std=0.311565 RMS90=0.134274
  50-150 GeV: n=23832 Mean=0.865607 Std=0.122109 RMS90=0.046806
  >150 GeV: n=68 Mean=0.843425 Std=0.076712 RMS90=0.041569
Pretraining energy response by particle species:
  Neutron: n=13032 Mean=0.832613 Std=0.246321 RMS90=0.120899
  K0: n=11955 Mean=0.925076 Std=0.198409 RMS90=0.106235
  Photon: n=19748 Mean=1.098105 Std=1.608227 RMS90=0.192789
  Pion: n=21287 Mean=0.880311 Std=0.276719 RMS90=0.092710
  Electron: n=6154 Mean=0.965624 Std=3.644867 RMS90=0.159838
  Muon: n=2222 Mean=0.875969 Std=0.225032 RMS90=0.030914

Epoch 233
Pretraining energy response (E_pred / E_true) by true-energy bin:
  1-50 GeV: n=40292 Mean=0.912744 Std=0.314441 RMS90=0.139703
  50-150 GeV: n=23832 Mean=0.901436 Std=0.127190 RMS90=0.050002
  >150 GeV: n=68 Mean=0.872034 Std=0.076986 RMS90=0.042132
Pretraining energy response by particle species:
  Neutron: n=13032 Mean=0.868960 Std=0.259106 RMS90=0.129851
  K0: n=11955 Mean=0.967331 Std=0.207377 RMS90=0.111586
  Photon: n=19748 Mean=1.114529 Std=1.874594 RMS90=0.194183
  Pion: n=21287 Mean=0.914544 Std=0.283558 RMS90=0.094801
  Electron: n=6154 Mean=1.107952 Std=9.518889 RMS90=0.162987
  Muon: n=2222 Mean=0.910703 Std=0.227930 RMS90=0.033086

Epoch 234
Pretraining energy response (E_pred / E_true) by true-energy bin:
  1-50 GeV: n=40292 Mean=0.932867 Std=0.325402 RMS90=0.139379
  50-150 GeV: n=23832 Mean=0.925271 Std=0.128465 RMS90=0.048018
  >150 GeV: n=68 Mean=0.905569 Std=0.072984 RMS90=0.035914
Pretraining energy response by particle species:
  Neutron: n=13032 Mean=0.883179 Std=0.261419 RMS90=0.128068
  K0: n=11955 Mean=0.983067 Std=0.204275 RMS90=0.106440
  Photon: n=19748 Mean=1.119445 Std=1.913595 RMS90=0.198169
  Pion: n=21287 Mean=0.948267 Std=0.294107 RMS90=0.098708
  Electron: n=6154 Mean=1.117851 Std=8.129814 RMS90=0.169107
  Muon: n=2222 Mean=0.938615 Std=0.235754 RMS90=0.031797

Epoch 235
Pretraining energy response (E_pred / E_true) by true-energy bin:
  1-50 GeV: n=40292 Mean=0.917998 Std=0.317768 RMS90=0.134570
  50-150 GeV: n=23832 Mean=0.922366 Std=0.127050 RMS90=0.043637
  >150 GeV: n=68 Mean=0.902814 Std=0.079654 RMS90=0.036114
Pretraining energy response by particle species:
  Neutron: n=13032 Mean=0.866154 Std=0.254833 RMS90=0.122916
  K0: n=11955 Mean=0.964182 Std=0.198138 RMS90=0.100771
  Photon: n=19748 Mean=1.125613 Std=2.333397 RMS90=0.194340
  Pion: n=21287 Mean=0.941713 Std=0.287362 RMS90=0.095912
  Electron: n=6154 Mean=0.957450 Std=0.574601 RMS90=0.164231
  Muon: n=2222 Mean=0.943058 Std=0.234564 RMS90=0.029534

Epoch 236
Pretraining energy response (E_pred / E_true) by true-energy bin:
  1-50 GeV: n=40292 Mean=0.923539 Std=0.318474 RMS90=0.136100
  50-150 GeV: n=23832 Mean=0.916780 Std=0.126519 RMS90=0.044746
  >150 GeV: n=68 Mean=0.898931 Std=0.078263 RMS90=0.035924
Pretraining energy response by particle species:
  Neutron: n=13032 Mean=0.870630 Std=0.257461 RMS90=0.124828
  K0: n=11955 Mean=0.969259 Std=0.201711 RMS90=0.104394
  Photon: n=19748 Mean=1.137735 Std=2.614316 RMS90=0.197848
  Pion: n=21287 Mean=0.940130 Std=0.294925 RMS90=0.096472
  Electron: n=6154 Mean=1.148068 Std=10.410610 RMS90=0.169765
  Muon: n=2222 Mean=0.931182 Std=0.233105 RMS90=0.028289

Epoch 237
Pretraining energy response (E_pred / E_true) by true-energy bin:
  1-50 GeV: n=40292 Mean=0.903420 Std=0.310609 RMS90=0.136564
  50-150 GeV: n=23832 Mean=0.885773 Std=0.125971 RMS90=0.050994
  >150 GeV: n=68 Mean=0.859617 Std=0.077457 RMS90=0.044483
Pretraining energy response by particle species:
  Neutron: n=13032 Mean=0.856955 Std=0.254178 RMS90=0.127314
  K0: n=11955 Mean=0.951902 Std=0.204132 RMS90=0.110116
  Photon: n=19748 Mean=1.108489 Std=1.832853 RMS90=0.194114
  Pion: n=21287 Mean=0.904325 Std=0.283638 RMS90=0.094221
  Electron: n=6154 Mean=1.099086 Std=9.962234 RMS90=0.163137
  Muon: n=2222 Mean=0.894898 Std=0.231729 RMS90=0.031409

Epoch 238
Pretraining energy response (E_pred / E_true) by true-energy bin:
  1-50 GeV: n=40292 Mean=0.901383 Std=0.388955 RMS90=0.150245
  50-150 GeV: n=23832 Mean=0.886045 Std=0.131277 RMS90=0.054110
  >150 GeV: n=68 Mean=0.864414 Std=0.081430 RMS90=0.042875
Pretraining energy response by particle species:
  Neutron: n=13032 Mean=0.847239 Std=0.259383 RMS90=0.133183
  K0: n=11955 Mean=0.940464 Std=0.212513 RMS90=0.120224
  Photon: n=19748 Mean=1.127972 Std=2.208811 RMS90=0.211779
  Pion: n=21287 Mean=0.907620 Std=0.416430 RMS90=0.111261
  Electron: n=6154 Mean=1.153202 Std=10.431597 RMS90=0.179602
  Muon: n=2222 Mean=0.912562 Std=0.251560 RMS90=0.032545

Epoch 239
Pretraining energy response (E_pred / E_true) by true-energy bin:
  1-50 GeV: n=40292 Mean=0.853662 Std=0.346335 RMS90=0.145746
  50-150 GeV: n=23832 Mean=0.864942 Std=0.130369 RMS90=0.055230
  >150 GeV: n=68 Mean=0.850932 Std=0.087097 RMS90=0.047173
Pretraining energy response by particle species:
  Neutron: n=13032 Mean=0.786134 Std=0.244407 RMS90=0.123830
  K0: n=11955 Mean=0.879029 Std=0.193943 RMS90=0.102701
  Photon: n=19748 Mean=1.174297 Std=2.965870 RMS90=0.215432
  Pion: n=21287 Mean=0.888680 Std=0.308793 RMS90=0.121520
  Electron: n=6154 Mean=1.106006 Std=4.054226 RMS90=0.187150
  Muon: n=2222 Mean=0.887473 Std=0.213561 RMS90=0.063090

Epoch 240
Pretraining energy response (E_pred / E_true) by true-energy bin:
  1-50 GeV: n=40292 Mean=0.872673 Std=0.376649 RMS90=0.142183
  50-150 GeV: n=23832 Mean=0.882933 Std=0.130301 RMS90=0.053882
  >150 GeV: n=68 Mean=0.886375 Std=0.078177 RMS90=0.050647
Pretraining energy response by particle species:
  Neutron: n=13032 Mean=0.771819 Std=0.238288 RMS90=0.116565
  K0: n=11955 Mean=0.865242 Std=0.179962 RMS90=0.087062
  Photon: n=19748 Mean=1.203547 Std=4.280820 RMS90=0.196030
  Pion: n=21287 Mean=0.931754 Std=0.305177 RMS90=0.121054
  Electron: n=6154 Mean=1.262077 Std=12.330717 RMS90=0.175170
  Muon: n=2222 Mean=0.969551 Std=0.251813 RMS90=0.046859

Epoch 241
Pretraining energy response (E_pred / E_true) by true-energy bin:
  1-50 GeV: n=40292 Mean=0.836551 Std=0.358859 RMS90=0.138747
  50-150 GeV: n=23832 Mean=0.844600 Std=0.125310 RMS90=0.051887
  >150 GeV: n=68 Mean=0.850284 Std=0.077348 RMS90=0.054461
Pretraining energy response by particle species:
  Neutron: n=13032 Mean=0.743146 Std=0.231642 RMS90=0.114619
  K0: n=11955 Mean=0.828722 Std=0.172162 RMS90=0.086302
  Photon: n=19748 Mean=1.373507 Std=18.807985 RMS90=0.216271
  Pion: n=21287 Mean=0.883320 Std=0.356826 RMS90=0.106391
  Electron: n=6154 Mean=1.123471 Std=4.696089 RMS90=0.188811
  Muon: n=2222 Mean=0.907337 Std=0.259034 RMS90=0.046226

Epoch 242
Pretraining energy response (E_pred / E_true) by true-energy bin:
  1-50 GeV: n=40292 Mean=0.895953 Std=0.453940 RMS90=0.153569
  50-150 GeV: n=23832 Mean=0.882120 Std=0.128538 RMS90=0.050333
  >150 GeV: n=68 Mean=0.861598 Std=0.082510 RMS90=0.045343
Pretraining energy response by particle species:
  Neutron: n=13032 Mean=0.827571 Std=0.253891 RMS90=0.126662
  K0: n=11955 Mean=0.923452 Std=0.203226 RMS90=0.110882
  Photon: n=19748 Mean=1.980906 Std=82.369063 RMS90=0.213691
  Pion: n=21287 Mean=0.909620 Std=0.431010 RMS90=0.124917
  Electron: n=6154 Mean=1.879982 Std=36.182671 RMS90=0.184189
  Muon: n=2222 Mean=0.931902 Std=0.429053 RMS90=0.050551

Epoch 243
Pretraining energy response (E_pred / E_true) by true-energy bin:
  1-50 GeV: n=40292 Mean=0.910136 Std=0.351918 RMS90=0.145894
  50-150 GeV: n=23832 Mean=0.931876 Std=0.127808 RMS90=0.043701
  >150 GeV: n=68 Mean=0.922293 Std=0.069522 RMS90=0.047062
Pretraining energy response by particle species:
  Neutron: n=13032 Mean=0.847804 Std=0.255208 RMS90=0.125746
  K0: n=11955 Mean=0.951998 Std=0.193205 RMS90=0.093654
  Photon: n=19748 Mean=1.206082 Std=3.249662 RMS90=0.204460
  Pion: n=21287 Mean=0.943291 Std=0.320909 RMS90=0.122254
  Electron: n=6154 Mean=1.228057 Std=10.941279 RMS90=0.183860
  Muon: n=2222 Mean=1.269758 Std=9.535197 RMS90=0.035021

Epoch 244
Pretraining energy response (E_pred / E_true) by true-energy bin:
  1-50 GeV: n=40292 Mean=0.892297 Std=0.371231 RMS90=0.140657
  50-150 GeV: n=23832 Mean=0.921615 Std=0.128267 RMS90=0.047429
  >150 GeV: n=68 Mean=0.902393 Std=0.075942 RMS90=0.046343
Pretraining energy response by particle species:
  Neutron: n=13032 Mean=0.838852 Std=0.277777 RMS90=0.124997
  K0: n=11955 Mean=0.941985 Std=0.190624 RMS90=0.092615
  Photon: n=19748 Mean=1.323805 Std=12.062364 RMS90=0.195442
  Pion: n=21287 Mean=0.923185 Std=0.293002 RMS90=0.109755
  Electron: n=6154 Mean=1.414153 Std=13.711268 RMS90=0.175161
  Muon: n=2222 Mean=1.159162 Std=8.047177 RMS90=0.037938

Epoch 245
Pretraining energy response (E_pred / E_true) by true-energy bin:
  1-50 GeV: n=40292 Mean=0.834175 Std=0.412675 RMS90=0.136061
  50-150 GeV: n=23832 Mean=0.798672 Std=0.117396 RMS90=0.051962
  >150 GeV: n=68 Mean=0.769721 Std=0.082608 RMS90=0.061878
Pretraining energy response by particle species:
  Neutron: n=13032 Mean=0.759695 Std=0.229868 RMS90=0.111077
  K0: n=11955 Mean=0.846190 Std=0.184538 RMS90=0.096706
  Photon: n=19748 Mean=1.233912 Std=10.388786 RMS90=0.211509
  Pion: n=21287 Mean=0.828270 Std=0.468358 RMS90=0.102266
  Electron: n=6154 Mean=1.841287 Std=53.838312 RMS90=0.179228
  Muon: n=2222 Mean=0.826788 Std=0.250875 RMS90=0.053682

Epoch 246
Pretraining energy response (E_pred / E_true) by true-energy bin:
  1-50 GeV: n=40292 Mean=0.885336 Std=0.471304 RMS90=0.147945
  50-150 GeV: n=23832 Mean=0.869558 Std=0.125726 RMS90=0.058836
  >150 GeV: n=68 Mean=0.853508 Std=0.076480 RMS90=0.053896
Pretraining energy response by particle species:
  Neutron: n=13032 Mean=0.844622 Std=0.268436 RMS90=0.127337
  K0: n=11955 Mean=0.943711 Std=0.198041 RMS90=0.102917
  Photon: n=19748 Mean=1.401474 Std=33.856333 RMS90=0.200942
  Pion: n=21287 Mean=0.874629 Std=0.358936 RMS90=0.105160
  Electron: n=6154 Mean=1.292620 Std=11.972503 RMS90=0.178585
  Muon: n=2222 Mean=0.990132 Std=4.591474 RMS90=0.045426

Epoch 247
Pretraining energy response (E_pred / E_true) by true-energy bin:
  1-50 GeV: n=40292 Mean=0.849029 Std=0.474628 RMS90=0.142726
  50-150 GeV: n=23832 Mean=0.851499 Std=0.145327 RMS90=0.047394
  >150 GeV: n=68 Mean=0.852022 Std=0.078868 RMS90=0.045158
Pretraining energy response by particle species:
  Neutron: n=13032 Mean=0.765080 Std=0.232839 RMS90=0.112823
  K0: n=11955 Mean=0.853725 Std=0.177004 RMS90=0.088047
  Photon: n=19748 Mean=1.221658 Std=7.715654 RMS90=0.203693
  Pion: n=21287 Mean=0.879631 Std=0.298085 RMS90=0.124007
  Electron: n=6154 Mean=1.455089 Std=32.492501 RMS90=0.183318
  Muon: n=2222 Mean=0.902573 Std=0.273509 RMS90=0.050671

Epoch 248
Pretraining energy response (E_pred / E_true) by true-energy bin:
  1-50 GeV: n=40292 Mean=0.846269 Std=0.427078 RMS90=0.131186
  50-150 GeV: n=23832 Mean=0.836864 Std=0.117270 RMS90=0.046280
  >150 GeV: n=68 Mean=0.837215 Std=0.083129 RMS90=0.041604
Pretraining energy response by particle species:
  Neutron: n=13032 Mean=0.786491 Std=0.233606 RMS90=0.113052
  K0: n=11955 Mean=0.875712 Std=0.180652 RMS90=0.089157
  Photon: n=19748 Mean=1.219047 Std=6.051869 RMS90=0.198324
  Pion: n=21287 Mean=0.856575 Std=0.313190 RMS90=0.100738
  Electron: n=6154 Mean=2.059140 Std=70.700365 RMS90=0.175583
  Muon: n=2222 Mean=0.843935 Std=0.253316 RMS90=0.040403

Epoch 249
Pretraining energy response (E_pred / E_true) by true-energy bin:
  1-50 GeV: n=40292 Mean=0.835085 Std=0.460542 RMS90=0.134020
  50-150 GeV: n=23832 Mean=0.800841 Std=0.120827 RMS90=0.052090
  >150 GeV: n=68 Mean=0.775939 Std=0.081836 RMS90=0.048027
Pretraining energy response by particle species:
  Neutron: n=13032 Mean=0.755521 Std=0.258932 RMS90=0.115253
  K0: n=11955 Mean=0.835082 Std=0.185672 RMS90=0.103891
  Photon: n=19748 Mean=1.172037 Std=9.979738 RMS90=0.194455
  Pion: n=21287 Mean=0.849377 Std=0.307957 RMS90=0.107619
  Electron: n=6154 Mean=1.241424 Std=13.912603 RMS90=0.173977
  Muon: n=2222 Mean=0.844672 Std=0.244992 RMS90=0.041157

Epoch 250
Pretraining energy response (E_pred / E_true) by true-energy bin:
  1-50 GeV: n=40292 Mean=0.822382 Std=0.476657 RMS90=0.135909
  50-150 GeV: n=23832 Mean=0.810710 Std=0.117153 RMS90=0.043899
  >150 GeV: n=68 Mean=0.794619 Std=0.087414 RMS90=0.042552
Pretraining energy response by particle species:
  Neutron: n=13032 Mean=0.743177 Std=0.231518 RMS90=0.108321
  K0: n=11955 Mean=0.825397 Std=0.176620 RMS90=0.090191
  Photon: n=19748 Mean=1.213514 Std=8.350342 RMS90=0.200752
  Pion: n=21287 Mean=0.842684 Std=0.321415 RMS90=0.116271
  Electron: n=6154 Mean=1.294846 Std=12.285321 RMS90=0.173626
  Muon: n=2222 Mean=0.869918 Std=0.266143 RMS90=0.037284

Epoch 251
Pretraining energy response (E_pred / E_true) by true-energy bin:
  1-50 GeV: n=40292 Mean=0.694945 Std=0.333118 RMS90=0.150521
  50-150 GeV: n=23832 Mean=0.624469 Std=0.106944 RMS90=0.059533
  >150 GeV: n=68 Mean=0.568650 Std=0.071476 RMS90=0.049107
Pretraining energy response by particle species:
  Neutron: n=13032 Mean=0.600821 Std=0.197336 RMS90=0.113273
  K0: n=11955 Mean=0.670225 Std=0.184828 RMS90=0.110318
  Photon: n=19748 Mean=1.083474 Std=2.799281 RMS90=0.236481
  Pion: n=21287 Mean=0.677245 Std=0.266869 RMS90=0.106598
  Electron: n=6154 Mean=1.238717 Std=16.001251 RMS90=0.205526
  Muon: n=2222 Mean=0.712140 Std=1.118733 RMS90=0.050224

Epoch 252
Pretraining energy response (E_pred / E_true) by true-energy bin:
  1-50 GeV: n=40292 Mean=0.760877 Std=0.375141 RMS90=0.158885
  50-150 GeV: n=23832 Mean=0.705166 Std=0.113279 RMS90=0.060273
  >150 GeV: n=68 Mean=0.651893 Std=0.075253 RMS90=0.052852
Pretraining energy response by particle species:
  Neutron: n=13032 Mean=0.693287 Std=0.226634 RMS90=0.124499
  K0: n=11955 Mean=0.773347 Std=0.205390 RMS90=0.116775
  Photon: n=19748 Mean=1.360455 Std=31.548389 RMS90=0.230287
  Pion: n=21287 Mean=0.738406 Std=0.437428 RMS90=0.120794
  Electron: n=6154 Mean=1.296054 Std=21.100726 RMS90=0.196398
  Muon: n=2222 Mean=0.746461 Std=0.238040 RMS90=0.078006

Epoch 253
Pretraining energy response (E_pred / E_true) by true-energy bin:
  1-50 GeV: n=40292 Mean=0.836403 Std=0.416659 RMS90=0.152633
  50-150 GeV: n=23832 Mean=0.836868 Std=0.119897 RMS90=0.046286
  >150 GeV: n=68 Mean=0.818180 Std=0.078405 RMS90=0.041669
Pretraining energy response by particle species:
  Neutron: n=13032 Mean=0.787450 Std=0.242866 RMS90=0.118936
  K0: n=11955 Mean=0.877267 Std=0.192983 RMS90=0.099717
  Photon: n=19748 Mean=1.225492 Std=13.591512 RMS90=0.193329
  Pion: n=21287 Mean=0.836564 Std=0.310506 RMS90=0.129566
  Electron: n=6154 Mean=1.077053 Std=9.050137 RMS90=0.180722
  Muon: n=2222 Mean=0.911375 Std=1.963526 RMS90=0.056079

Epoch 254
Pretraining energy response (E_pred / E_true) by true-energy bin:
  1-50 GeV: n=40292 Mean=0.762138 Std=0.395709 RMS90=0.150512
  50-150 GeV: n=23832 Mean=0.756898 Std=0.120666 RMS90=0.055501
  >150 GeV: n=68 Mean=0.735320 Std=0.077165 RMS90=0.047484
Pretraining energy response by particle species:
  Neutron: n=13032 Mean=0.699207 Std=0.218879 RMS90=0.115044
  K0: n=11955 Mean=0.779363 Std=0.188536 RMS90=0.105670
  Photon: n=19748 Mean=1.455149 Std=43.770848 RMS90=0.204331
  Pion: n=21287 Mean=0.766123 Std=0.278403 RMS90=0.127431
  Electron: n=6154 Mean=1.546221 Std=39.318504 RMS90=0.186988
  Muon: n=2222 Mean=0.793695 Std=0.282036 RMS90=0.057816

Epoch 255
Pretraining energy response (E_pred / E_true) by true-energy bin:
  1-50 GeV: n=40292 Mean=0.734247 Std=0.410637 RMS90=0.135118
  50-150 GeV: n=23832 Mean=0.686625 Std=0.112085 RMS90=0.055079
  >150 GeV: n=68 Mean=0.652759 Std=0.077046 RMS90=0.054263
Pretraining energy response by particle species:
  Neutron: n=13032 Mean=0.640120 Std=0.205355 RMS90=0.113900
  K0: n=11955 Mean=0.714821 Std=0.173710 RMS90=0.099374
  Photon: n=19748 Mean=1.172623 Std=14.080172 RMS90=0.223250
  Pion: n=21287 Mean=0.737724 Std=0.261352 RMS90=0.099853
  Electron: n=6154 Mean=0.933600 Std=5.137129 RMS90=0.190316
  Muon: n=2222 Mean=0.752398 Std=0.775812 RMS90=0.045627

Epoch 256
Pretraining energy response (E_pred / E_true) by true-energy bin:
  1-50 GeV: n=40292 Mean=0.809045 Std=0.412082 RMS90=0.167259
  50-150 GeV: n=23832 Mean=0.800582 Std=0.121693 RMS90=0.060581
  >150 GeV: n=68 Mean=0.779187 Std=0.080292 RMS90=0.048403
Pretraining energy response by particle species:
  Neutron: n=13032 Mean=0.785670 Std=0.442113 RMS90=0.124720
  K0: n=11955 Mean=0.872286 Std=0.200063 RMS90=0.110264
  Photon: n=19748 Mean=1.128242 Std=3.486283 RMS90=0.198444
  Pion: n=21287 Mean=0.773805 Std=0.285747 RMS90=0.127110
  Electron: n=6154 Mean=0.936738 Std=2.818628 RMS90=0.189510
  Muon: n=2222 Mean=0.784178 Std=0.249237 RMS90=0.052487

Epoch 257
Pretraining energy response (E_pred / E_true) by true-energy bin:
  1-50 GeV: n=40292 Mean=0.835284 Std=0.471654 RMS90=0.138820
  50-150 GeV: n=23832 Mean=0.803771 Std=0.118362 RMS90=0.053706
  >150 GeV: n=68 Mean=0.797294 Std=0.079656 RMS90=0.056382
Pretraining energy response by particle species:
  Neutron: n=13032 Mean=0.765911 Std=0.257855 RMS90=0.114156
  K0: n=11955 Mean=0.853632 Std=0.188031 RMS90=0.096902
  Photon: n=19748 Mean=1.201779 Std=7.599838 RMS90=0.205360
  Pion: n=21287 Mean=0.836007 Std=0.559148 RMS90=0.113271
  Electron: n=6154 Mean=1.939482 Std=74.767123 RMS90=0.186107
  Muon: n=2222 Mean=0.844670 Std=0.271070 RMS90=0.047781

Epoch 258
Pretraining energy response (E_pred / E_true) by true-energy bin:
  1-50 GeV: n=40292 Mean=0.816823 Std=0.590906 RMS90=0.131727
  50-150 GeV: n=23832 Mean=0.805891 Std=0.121861 RMS90=0.053711
  >150 GeV: n=68 Mean=0.804384 Std=0.079671 RMS90=0.044164
Pretraining energy response by particle species:
  Neutron: n=13032 Mean=0.723975 Std=0.270239 RMS90=0.112080
  K0: n=11955 Mean=0.808090 Std=0.177088 RMS90=0.091033
  Photon: n=19748 Mean=1.218003 Std=10.594036 RMS90=0.201781
  Pion: n=21287 Mean=0.852262 Std=0.274735 RMS90=0.107472
  Electron: n=6154 Mean=1.304299 Std=12.164193 RMS90=0.174689
  Muon: n=2222 Mean=0.865569 Std=0.221177 RMS90=0.040021

Epoch 259
Pretraining energy response (E_pred / E_true) by true-energy bin:
  1-50 GeV: n=40292 Mean=0.848365 Std=0.591437 RMS90=0.138399
  50-150 GeV: n=23832 Mean=0.850885 Std=0.126119 RMS90=0.051679
  >150 GeV: n=68 Mean=0.836562 Std=0.076251 RMS90=0.051034
Pretraining energy response by particle species:
  Neutron: n=13032 Mean=0.764332 Std=0.651288 RMS90=0.112495
  K0: n=11955 Mean=0.849702 Std=0.177245 RMS90=0.087044
  Photon: n=19748 Mean=1.292048 Std=14.026871 RMS90=0.206997
  Pion: n=21287 Mean=0.884182 Std=0.290306 RMS90=0.112089
  Electron: n=6154 Mean=1.386541 Std=13.876200 RMS90=0.179934
  Muon: n=2222 Mean=0.973828 Std=3.056675 RMS90=0.052344

Epoch 260
Pretraining energy response (E_pred / E_true) by true-energy bin:
  1-50 GeV: n=40292 Mean=0.789455 Std=0.366794 RMS90=0.140197
  50-150 GeV: n=23832 Mean=0.774858 Std=0.115025 RMS90=0.048423
  >150 GeV: n=68 Mean=0.754743 Std=0.076550 RMS90=0.051889
Pretraining energy response by particle species:
  Neutron: n=13032 Mean=0.719536 Std=0.220608 RMS90=0.111535
  K0: n=11955 Mean=0.804935 Std=0.182773 RMS90=0.096819
  Photon: n=19748 Mean=1.144212 Std=3.909714 RMS90=0.199627
  Pion: n=21287 Mean=0.806439 Std=1.692804 RMS90=0.115421
  Electron: n=6154 Mean=1.077503 Std=10.141945 RMS90=0.176028
  Muon: n=2222 Mean=0.890332 Std=3.166334 RMS90=0.047883

Epoch 261
Pretraining energy response (E_pred / E_true) by true-energy bin:
  1-50 GeV: n=40292 Mean=0.890332 Std=0.586679 RMS90=0.141516
  50-150 GeV: n=23832 Mean=0.884037 Std=0.126565 RMS90=0.056694
  >150 GeV: n=68 Mean=0.856025 Std=0.088378 RMS90=0.067635
Pretraining energy response by particle species:
  Neutron: n=13032 Mean=0.839262 Std=0.251419 RMS90=0.123841
  K0: n=11955 Mean=0.938290 Std=0.192621 RMS90=0.096690
  Photon: n=19748 Mean=1.214955 Std=4.923883 RMS90=0.199857
  Pion: n=21287 Mean=0.889743 Std=0.306859 RMS90=0.111710
  Electron: n=6154 Mean=1.905501 Std=65.923708 RMS90=0.178599
  Muon: n=2222 Mean=0.896657 Std=0.251219 RMS90=0.041352

Epoch 262
Pretraining energy response (E_pred / E_true) by true-energy bin:
  1-50 GeV: n=40292 Mean=0.865340 Std=0.360026 RMS90=0.151319
  50-150 GeV: n=23832 Mean=0.901360 Std=0.125435 RMS90=0.045144
  >150 GeV: n=68 Mean=0.894205 Std=0.076144 RMS90=0.044103
Pretraining energy response by particle species:
  Neutron: n=13032 Mean=0.828112 Std=0.248394 RMS90=0.122895
  K0: n=11955 Mean=0.926650 Std=0.188512 RMS90=0.094397
  Photon: n=19748 Mean=1.254051 Std=10.331336 RMS90=0.203691
  Pion: n=21287 Mean=0.887637 Std=0.300384 RMS90=0.137806
  Electron: n=6154 Mean=1.787478 Std=54.115713 RMS90=0.184137
  Muon: n=2222 Mean=0.915294 Std=0.253853 RMS90=0.039490

Epoch 263
Pretraining energy response (E_pred / E_true) by true-energy bin:
  1-50 GeV: n=40292 Mean=0.842929 Std=0.528782 RMS90=0.136873
  50-150 GeV: n=23832 Mean=0.810791 Std=0.123608 RMS90=0.063598
  >150 GeV: n=68 Mean=0.793883 Std=0.104406 RMS90=0.070728
Pretraining energy response by particle species:
  Neutron: n=13032 Mean=0.777847 Std=0.231290 RMS90=0.116473
  K0: n=11955 Mean=0.866011 Std=0.185763 RMS90=0.097203
  Photon: n=19748 Mean=1.145185 Std=2.334100 RMS90=0.204102
  Pion: n=21287 Mean=0.831238 Std=0.302616 RMS90=0.116830
  Electron: n=6154 Mean=2.271812 Std=60.728586 RMS90=0.185753
  Muon: n=2222 Mean=0.842215 Std=0.243916 RMS90=0.047655

Epoch 264
Pretraining energy response (E_pred / E_true) by true-energy bin:
  1-50 GeV: n=40292 Mean=0.829677 Std=0.522484 RMS90=0.159524
  50-150 GeV: n=23832 Mean=0.814716 Std=0.135125 RMS90=0.079854
  >150 GeV: n=68 Mean=0.794656 Std=0.097055 RMS90=0.075337
Pretraining energy response by particle species:
  Neutron: n=13032 Mean=0.808115 Std=0.617752 RMS90=0.129844
  K0: n=11955 Mean=0.895906 Std=0.200132 RMS90=0.112134
  Photon: n=19748 Mean=1.120542 Std=1.606597 RMS90=0.208394
  Pion: n=21287 Mean=0.785460 Std=0.294474 RMS90=0.111963
  Electron: n=6154 Mean=1.746334 Std=40.207786 RMS90=0.189793
  Muon: n=2222 Mean=0.788189 Std=0.238853 RMS90=0.031880

Epoch 265
Pretraining energy response (E_pred / E_true) by true-energy bin:
  1-50 GeV: n=40292 Mean=0.866394 Std=0.371598 RMS90=0.156012
  50-150 GeV: n=23832 Mean=0.865817 Std=0.182853 RMS90=0.072703
  >150 GeV: n=68 Mean=0.826123 Std=0.099484 RMS90=0.081441
Pretraining energy response by particle species:
  Neutron: n=13032 Mean=0.840626 Std=0.253961 RMS90=0.127933
  K0: n=11955 Mean=0.937037 Std=0.197982 RMS90=0.105229
  Photon: n=19748 Mean=1.149541 Std=3.017072 RMS90=0.204804
  Pion: n=21287 Mean=0.841017 Std=0.296222 RMS90=0.120684
  Electron: n=6154 Mean=1.134875 Std=10.315564 RMS90=0.185736
  Muon: n=2222 Mean=0.853791 Std=0.249670 RMS90=0.040515

Epoch 266
Pretraining energy response (E_pred / E_true) by true-energy bin:
  1-50 GeV: n=40292 Mean=0.891578 Std=0.493565 RMS90=0.146455
  50-150 GeV: n=23832 Mean=0.897752 Std=0.161269 RMS90=0.054264
  >150 GeV: n=68 Mean=0.860436 Std=0.096910 RMS90=0.070380
Pretraining energy response by particle species:
  Neutron: n=13032 Mean=0.840245 Std=0.252237 RMS90=0.123719
  K0: n=11955 Mean=0.941263 Std=0.195283 RMS90=0.094759
  Photon: n=19748 Mean=1.135012 Std=1.761082 RMS90=0.199274
  Pion: n=21287 Mean=0.901129 Std=0.301039 RMS90=0.126021
  Electron: n=6154 Mean=1.670975 Std=51.041932 RMS90=0.180006
  Muon: n=2222 Mean=0.984563 Std=3.369882 RMS90=0.044646

Epoch 267
Pretraining energy response (E_pred / E_true) by true-energy bin:
  1-50 GeV: n=40292 Mean=0.855576 Std=0.296626 RMS90=0.144188
  50-150 GeV: n=23832 Mean=0.805254 Std=0.124371 RMS90=0.066239
  >150 GeV: n=68 Mean=0.785174 Std=0.087137 RMS90=0.068124
Pretraining energy response by particle species:
  Neutron: n=13032 Mean=0.784959 Std=0.236278 RMS90=0.120441
  K0: n=11955 Mean=0.873440 Std=0.190946 RMS90=0.100278
  Photon: n=19748 Mean=1.107274 Std=2.201915 RMS90=0.197349
  Pion: n=21287 Mean=0.853278 Std=0.318093 RMS90=0.134355
  Electron: n=6154 Mean=2.585287 Std=77.940360 RMS90=0.190474
  Muon: n=2222 Mean=0.850599 Std=0.268043 RMS90=0.069131

Epoch 268
Pretraining energy response (E_pred / E_true) by true-energy bin:
  1-50 GeV: n=40292 Mean=0.857753 Std=0.319807 RMS90=0.133981
  50-150 GeV: n=23832 Mean=0.820336 Std=0.120811 RMS90=0.052120
  >150 GeV: n=68 Mean=0.802058 Std=0.086488 RMS90=0.064073
Pretraining energy response by particle species:
  Neutron: n=13032 Mean=0.765957 Std=0.229176 RMS90=0.115330
  K0: n=11955 Mean=0.854811 Std=0.180929 RMS90=0.095526
  Photon: n=19748 Mean=1.113189 Std=2.764606 RMS90=0.189415
  Pion: n=21287 Mean=0.879926 Std=0.296857 RMS90=0.116397
  Electron: n=6154 Mean=2.127605 Std=74.617236 RMS90=0.176462
  Muon: n=2222 Mean=0.888233 Std=0.250100 RMS90=0.061090

Epoch 269
Pretraining energy response (E_pred / E_true) by true-energy bin:
  1-50 GeV: n=40292 Mean=0.846118 Std=0.322064 RMS90=0.148966
  50-150 GeV: n=23832 Mean=0.801126 Std=0.128249 RMS90=0.074048
  >150 GeV: n=68 Mean=0.780039 Std=0.095040 RMS90=0.081282
Pretraining energy response by particle species:
  Neutron: n=13032 Mean=0.788629 Std=0.241560 RMS90=0.120739
  K0: n=11955 Mean=0.877070 Std=0.191893 RMS90=0.104355
  Photon: n=19748 Mean=1.098245 Std=2.598391 RMS90=0.196495
  Pion: n=21287 Mean=0.826570 Std=0.308509 RMS90=0.135264
  Electron: n=6154 Mean=2.590297 Std=89.848569 RMS90=0.192286
  Muon: n=2222 Mean=0.824872 Std=0.267770 RMS90=0.068775

Epoch 270
Pretraining energy response (E_pred / E_true) by true-energy bin:
  1-50 GeV: n=40292 Mean=0.867220 Std=0.321335 RMS90=0.141988
  50-150 GeV: n=23832 Mean=0.829967 Std=0.126776 RMS90=0.066951
  >150 GeV: n=68 Mean=0.793996 Std=0.097670 RMS90=0.086285
Pretraining energy response by particle species:
  Neutron: n=13032 Mean=0.806989 Std=0.241514 RMS90=0.120902
  K0: n=11955 Mean=0.898396 Std=0.189672 RMS90=0.099895
  Photon: n=19748 Mean=1.231641 Std=16.562322 RMS90=0.193308
  Pion: n=21287 Mean=0.859358 Std=0.309299 RMS90=0.124543
  Electron: n=6154 Mean=1.046139 Std=9.079763 RMS90=0.183943
  Muon: n=2222 Mean=0.920584 Std=2.660499 RMS90=0.062892

Epoch 271
Pretraining energy response (E_pred / E_true) by true-energy bin:
  1-50 GeV: n=40292 Mean=0.875901 Std=0.431725 RMS90=0.134305
  50-150 GeV: n=23832 Mean=0.830040 Std=0.127775 RMS90=0.071617
  >150 GeV: n=68 Mean=0.794476 Std=0.109403 RMS90=0.100184
Pretraining energy response by particle species:
  Neutron: n=13032 Mean=0.801960 Std=0.263346 RMS90=0.116742
  K0: n=11955 Mean=0.894879 Std=0.184934 RMS90=0.092967
  Photon: n=19748 Mean=1.228192 Std=11.957121 RMS90=0.190436
  Pion: n=21287 Mean=0.868403 Std=0.296243 RMS90=0.124648
  Electron: n=6154 Mean=1.531674 Std=36.306195 RMS90=0.177889
  Muon: n=2222 Mean=0.890445 Std=0.779425 RMS90=0.080493

Epoch 272
Pretraining energy response (E_pred / E_true) by true-energy bin:
  1-50 GeV: n=40292 Mean=0.924097 Std=0.432807 RMS90=0.147515
  50-150 GeV: n=23832 Mean=0.910472 Std=0.132150 RMS90=0.065134
  >150 GeV: n=68 Mean=0.897708 Std=0.090316 RMS90=0.057415
Pretraining energy response by particle species:
  Neutron: n=13032 Mean=0.877306 Std=0.298934 RMS90=0.124371
  K0: n=11955 Mean=0.979137 Std=0.197535 RMS90=0.097617
  Photon: n=19748 Mean=1.267497 Std=14.555734 RMS90=0.202698
  Pion: n=21287 Mean=0.922544 Std=0.308125 RMS90=0.120287
  Electron: n=6154 Mean=1.669666 Std=39.554906 RMS90=0.184601
  Muon: n=2222 Mean=1.014599 Std=3.449231 RMS90=0.058460

Epoch 273
Pretraining energy response (E_pred / E_true) by true-energy bin:
  1-50 GeV: n=40292 Mean=0.897704 Std=0.437375 RMS90=0.139032
  50-150 GeV: n=23832 Mean=0.881889 Std=0.130406 RMS90=0.067050
  >150 GeV: n=68 Mean=0.866731 Std=0.089793 RMS90=0.067757
Pretraining energy response by particle species:
  Neutron: n=13032 Mean=0.849387 Std=0.286737 RMS90=0.121836
  K0: n=11955 Mean=0.948530 Std=0.190454 RMS90=0.094020
  Photon: n=19748 Mean=1.504310 Std=40.728965 RMS90=0.195855
  Pion: n=21287 Mean=0.894700 Std=0.357363 RMS90=0.111460
  Electron: n=6154 Mean=1.842556 Std=45.843999 RMS90=0.178436
  Muon: n=2222 Mean=0.887780 Std=0.248111 RMS90=0.055330

Epoch 274
Pretraining energy response (E_pred / E_true) by true-energy bin:
  1-50 GeV: n=40292 Mean=0.895841 Std=0.443212 RMS90=0.140842
  50-150 GeV: n=23832 Mean=0.852768 Std=0.130461 RMS90=0.071689
  >150 GeV: n=68 Mean=0.827808 Std=0.094315 RMS90=0.082178
Pretraining energy response by particle species:
  Neutron: n=13032 Mean=0.830744 Std=0.272903 RMS90=0.120247
  K0: n=11955 Mean=0.925561 Std=0.190785 RMS90=0.095862
  Photon: n=19748 Mean=1.241202 Std=11.644039 RMS90=0.198922
  Pion: n=21287 Mean=0.888155 Std=0.314394 RMS90=0.125583
  Electron: n=6154 Mean=1.235139 Std=11.964921 RMS90=0.191033
  Muon: n=2222 Mean=0.894112 Std=0.263063 RMS90=0.076654

Epoch 275
Pretraining energy response (E_pred / E_true) by true-energy bin:
  1-50 GeV: n=40292 Mean=0.879792 Std=0.446167 RMS90=0.138350
  50-150 GeV: n=23832 Mean=0.833110 Std=0.131916 RMS90=0.077551
  >150 GeV: n=68 Mean=0.804338 Std=0.102945 RMS90=0.089889
Pretraining energy response by particle species:
  Neutron: n=13032 Mean=0.825625 Std=0.285950 RMS90=0.119965
  K0: n=11955 Mean=0.918246 Std=0.190200 RMS90=0.097385
  Photon: n=19748 Mean=1.259844 Std=14.992553 RMS90=0.194348
  Pion: n=21287 Mean=0.859147 Std=0.297955 RMS90=0.122618
  Electron: n=6154 Mean=1.112998 Std=10.971600 RMS90=0.181881
  Muon: n=2222 Mean=0.861198 Std=0.259017 RMS90=0.074988

Epoch 276
Pretraining energy response (E_pred / E_true) by true-energy bin:
  1-50 GeV: n=40292 Mean=0.845685 Std=0.393219 RMS90=0.141864
  50-150 GeV: n=23832 Mean=0.792149 Std=0.138351 RMS90=0.092061
  >150 GeV: n=68 Mean=0.751845 Std=0.116513 RMS90=0.104473
Pretraining energy response by particle species:
  Neutron: n=13032 Mean=0.807916 Std=0.275076 RMS90=0.121123
  K0: n=11955 Mean=0.897811 Std=0.191162 RMS90=0.102083
  Photon: n=19748 Mean=1.266122 Std=16.002807 RMS90=0.200436
  Pion: n=21287 Mean=0.800006 Std=0.291345 RMS90=0.119204
  Electron: n=6154 Mean=1.012179 Std=10.334528 RMS90=0.184369
  Muon: n=2222 Mean=0.800543 Std=0.238937 RMS90=0.078969

Epoch 277
Pretraining energy response (E_pred / E_true) by true-energy bin:
  1-50 GeV: n=40292 Mean=0.840988 Std=0.316376 RMS90=0.168838
  50-150 GeV: n=23832 Mean=0.801791 Std=0.167503 RMS90=0.130872
  >150 GeV: n=68 Mean=0.758483 Std=0.158020 RMS90=0.149790
Pretraining energy response by particle species:
  Neutron: n=13032 Mean=0.853379 Std=0.256343 RMS90=0.126957
  K0: n=11955 Mean=0.951679 Std=0.202725 RMS90=0.106332
  Photon: n=19748 Mean=1.274004 Std=27.175541 RMS90=0.191054
  Pion: n=21287 Mean=0.748803 Std=0.286550 RMS90=0.117410
  Electron: n=6154 Mean=0.937782 Std=8.101952 RMS90=0.186800
  Muon: n=2222 Mean=0.755123 Std=1.217368 RMS90=0.063123

Epoch 278
Pretraining energy response (E_pred / E_true) by true-energy bin:
  1-50 GeV: n=40292 Mean=0.875212 Std=0.371069 RMS90=0.135134
  50-150 GeV: n=23832 Mean=0.826617 Std=0.134320 RMS90=0.082563
  >150 GeV: n=68 Mean=0.791094 Std=0.114617 RMS90=0.104677
Pretraining energy response by particle species:
  Neutron: n=13032 Mean=0.812866 Std=0.245648 RMS90=0.119213
  K0: n=11955 Mean=0.907208 Std=0.186282 RMS90=0.094432
  Photon: n=19748 Mean=1.209419 Std=9.845047 RMS90=0.197793
  Pion: n=21287 Mean=0.856524 Std=0.331725 RMS90=0.120065
  Electron: n=6154 Mean=1.239379 Std=13.462442 RMS90=0.181626
  Muon: n=2222 Mean=0.852812 Std=0.238599 RMS90=0.089771

Epoch 279
Pretraining energy response (E_pred / E_true) by true-energy bin:
  1-50 GeV: n=40292 Mean=0.880164 Std=0.467545 RMS90=0.133447
  50-150 GeV: n=23832 Mean=0.839068 Std=0.131018 RMS90=0.076240
  >150 GeV: n=68 Mean=0.807697 Std=0.108440 RMS90=0.096191
Pretraining energy response by particle species:
  Neutron: n=13032 Mean=0.819073 Std=0.243000 RMS90=0.118400
  K0: n=11955 Mean=0.914306 Std=0.186751 RMS90=0.092794
  Photon: n=19748 Mean=1.103548 Std=2.533123 RMS90=0.190197
  Pion: n=21287 Mean=0.869372 Std=0.303480 RMS90=0.116967
  Electron: n=6154 Mean=1.216177 Std=13.012913 RMS90=0.176143
  Muon: n=2222 Mean=0.885609 Std=0.766865 RMS90=0.078667

Epoch 280
Pretraining energy response (E_pred / E_true) by true-energy bin:
  1-50 GeV: n=40292 Mean=0.833461 Std=0.432863 RMS90=0.154170
  50-150 GeV: n=23832 Mean=0.799730 Std=0.146008 RMS90=0.104357
  >150 GeV: n=68 Mean=0.767877 Std=0.128291 RMS90=0.118734
Pretraining energy response by particle species:
  Neutron: n=13032 Mean=0.826532 Std=0.261148 RMS90=0.121787
  K0: n=11955 Mean=0.920993 Std=0.194170 RMS90=0.100694
  Photon: n=19748 Mean=1.152560 Std=9.364569 RMS90=0.190590
  Pion: n=21287 Mean=0.766380 Std=0.725952 RMS90=0.103093
  Electron: n=6154 Mean=1.364997 Std=34.815170 RMS90=0.178698
  Muon: n=2222 Mean=0.890426 Std=5.541611 RMS90=0.049099

Epoch 281
Pretraining energy response (E_pred / E_true) by true-energy bin:
  1-50 GeV: n=40292 Mean=0.900976 Std=0.494887 RMS90=0.135352
  50-150 GeV: n=23832 Mean=0.873194 Std=0.127733 RMS90=0.064006
  >150 GeV: n=68 Mean=0.851097 Std=0.089334 RMS90=0.076213
Pretraining energy response by particle species:
  Neutron: n=13032 Mean=0.835125 Std=0.267968 RMS90=0.120635
  K0: n=11955 Mean=0.932552 Std=0.188512 RMS90=0.091544
  Photon: n=19748 Mean=1.246826 Std=11.577716 RMS90=0.192664
  Pion: n=21287 Mean=0.905628 Std=0.303600 RMS90=0.113517
  Electron: n=6154 Mean=1.651182 Std=42.279590 RMS90=0.178252
  Muon: n=2222 Mean=1.116416 Std=7.264528 RMS90=0.073317

Epoch 282
Pretraining energy response (E_pred / E_true) by true-energy bin:
  1-50 GeV: n=40292 Mean=0.894738 Std=0.505919 RMS90=0.133817
  50-150 GeV: n=23832 Mean=0.861084 Std=0.129740 RMS90=0.069675
  >150 GeV: n=68 Mean=0.830388 Std=0.100232 RMS90=0.086133
Pretraining energy response by particle species:
  Neutron: n=13032 Mean=0.826556 Std=0.258474 RMS90=0.118605
  K0: n=11955 Mean=0.922277 Std=0.186011 RMS90=0.092246
  Photon: n=19748 Mean=1.165689 Std=5.753736 RMS90=0.191412
  Pion: n=21287 Mean=0.892548 Std=0.376480 RMS90=0.113310
  Electron: n=6154 Mean=1.632339 Std=39.164417 RMS90=0.173823
  Muon: n=2222 Mean=0.922601 Std=1.411209 RMS90=0.073859

Epoch 283
Pretraining energy response (E_pred / E_true) by true-energy bin:
  1-50 GeV: n=40292 Mean=0.882768 Std=0.378469 RMS90=0.132808
  50-150 GeV: n=23832 Mean=0.855929 Std=0.153045 RMS90=0.061301
  >150 GeV: n=68 Mean=0.841547 Std=0.086741 RMS90=0.068239
Pretraining energy response by particle species:
  Neutron: n=13032 Mean=0.817836 Std=0.266415 RMS90=0.118452
  K0: n=11955 Mean=0.911252 Std=0.185218 RMS90=0.091160
  Photon: n=19748 Mean=1.196473 Std=10.912510 RMS90=0.195239
  Pion: n=21287 Mean=0.892479 Std=1.234680 RMS90=0.108806
  Electron: n=6154 Mean=1.225238 Std=12.062042 RMS90=0.178160
  Muon: n=2222 Mean=0.918417 Std=1.293502 RMS90=0.067831

Epoch 284
Pretraining energy response (E_pred / E_true) by true-energy bin:
  1-50 GeV: n=40292 Mean=0.906483 Std=0.607231 RMS90=0.134202
  50-150 GeV: n=23832 Mean=0.878326 Std=0.269713 RMS90=0.068654
  >150 GeV: n=68 Mean=0.857071 Std=0.092906 RMS90=0.076425
Pretraining energy response by particle species:
  Neutron: n=13032 Mean=0.845335 Std=0.256269 RMS90=0.122471
  K0: n=11955 Mean=0.943294 Std=0.190074 RMS90=0.094097
  Photon: n=19748 Mean=1.514954 Std=44.377011 RMS90=0.195585
  Pion: n=21287 Mean=0.900842 Std=0.307826 RMS90=0.113298
  Electron: n=6154 Mean=2.959156 Std=102.397390 RMS90=0.180338
  Muon: n=2222 Mean=0.894193 Std=0.244717 RMS90=0.070131

Epoch 285
Pretraining energy response (E_pred / E_true) by true-energy bin:
  1-50 GeV: n=40292 Mean=0.913710 Std=0.350172 RMS90=0.136130
  50-150 GeV: n=23832 Mean=0.886659 Std=0.133162 RMS90=0.072257
  >150 GeV: n=68 Mean=0.857553 Std=0.096968 RMS90=0.082114
Pretraining energy response by particle species:
  Neutron: n=13032 Mean=0.848925 Std=0.251304 RMS90=0.122916
  K0: n=11955 Mean=0.948708 Std=0.188698 RMS90=0.091941
  Photon: n=19748 Mean=1.104628 Std=1.585892 RMS90=0.194868
  Pion: n=21287 Mean=0.916983 Std=0.309472 RMS90=0.121819
  Electron: n=6154 Mean=1.206528 Std=13.823892 RMS90=0.179233
  Muon: n=2222 Mean=0.946738 Std=1.445350 RMS90=0.082469

Epoch 286
Pretraining energy response (E_pred / E_true) by true-energy bin:
  1-50 GeV: n=40292 Mean=0.908814 Std=0.521711 RMS90=0.133211
  50-150 GeV: n=23832 Mean=0.888535 Std=0.127865 RMS90=0.060365
  >150 GeV: n=68 Mean=0.876540 Std=0.081677 RMS90=0.063678
Pretraining energy response by particle species:
  Neutron: n=13032 Mean=0.845665 Std=0.252864 RMS90=0.120257
  K0: n=11955 Mean=0.944959 Std=0.190499 RMS90=0.092994
  Photon: n=19748 Mean=1.301308 Std=13.752046 RMS90=0.196673
  Pion: n=21287 Mean=0.908964 Std=0.304910 RMS90=0.105525
  Electron: n=6154 Mean=2.362796 Std=94.169189 RMS90=0.176927
  Muon: n=2222 Mean=0.908449 Std=0.230232 RMS90=0.058283

Epoch 287
Pretraining energy response (E_pred / E_true) by true-energy bin:
  1-50 GeV: n=40292 Mean=0.915171 Std=0.518700 RMS90=0.134192
  50-150 GeV: n=23832 Mean=0.893249 Std=0.125774 RMS90=0.053566
  >150 GeV: n=68 Mean=0.882252 Std=0.089872 RMS90=0.053562
Pretraining energy response by particle species:
  Neutron: n=13032 Mean=0.840748 Std=0.250097 RMS90=0.119534
  K0: n=11955 Mean=0.938451 Std=0.188290 RMS90=0.092781
  Photon: n=19748 Mean=1.233279 Std=9.811413 RMS90=0.193905
  Pion: n=21287 Mean=0.932765 Std=0.392425 RMS90=0.109752
  Electron: n=6154 Mean=2.459830 Std=93.396009 RMS90=0.172800
  Muon: n=2222 Mean=0.936174 Std=0.232558 RMS90=0.061482

Epoch 288
Pretraining energy response (E_pred / E_true) by true-energy bin:
  1-50 GeV: n=40292 Mean=0.859580 Std=0.445391 RMS90=0.135766
  50-150 GeV: n=23832 Mean=0.803449 Std=0.128172 RMS90=0.074373
  >150 GeV: n=68 Mean=0.778778 Std=0.096042 RMS90=0.082121
Pretraining energy response by particle species:
  Neutron: n=13032 Mean=0.801164 Std=0.259609 RMS90=0.121223
  K0: n=11955 Mean=0.889663 Std=0.195010 RMS90=0.105865
  Photon: n=19748 Mean=1.140917 Std=10.311414 RMS90=0.195313
  Pion: n=21287 Mean=0.832030 Std=0.290914 RMS90=0.114671
  Electron: n=6154 Mean=3.029339 Std=100.223503 RMS90=0.175597
  Muon: n=2222 Mean=0.829952 Std=0.235903 RMS90=0.070661

Epoch 289
Pretraining energy response (E_pred / E_true) by true-energy bin:
  1-50 GeV: n=40292 Mean=0.890465 Std=0.411704 RMS90=0.130170
  50-150 GeV: n=23832 Mean=0.861106 Std=0.125701 RMS90=0.059379
  >150 GeV: n=68 Mean=0.848840 Std=0.087356 RMS90=0.068420
Pretraining energy response by particle species:
  Neutron: n=13032 Mean=0.816937 Std=0.244364 RMS90=0.118904
  K0: n=11955 Mean=0.911191 Std=0.185593 RMS90=0.091725
  Photon: n=19748 Mean=1.221702 Std=14.266560 RMS90=0.193100
  Pion: n=21287 Mean=0.897277 Std=0.304725 RMS90=0.107463
  Electron: n=6154 Mean=1.646319 Std=38.682374 RMS90=0.172792
  Muon: n=2222 Mean=0.899529 Std=0.232691 RMS90=0.064179

Epoch 290
Pretraining energy response (E_pred / E_true) by true-energy bin:
  1-50 GeV: n=40292 Mean=0.871910 Std=0.510319 RMS90=0.131402
  50-150 GeV: n=23832 Mean=0.824782 Std=0.125992 RMS90=0.068357
  >150 GeV: n=68 Mean=0.804402 Std=0.091536 RMS90=0.079156
Pretraining energy response by particle species:
  Neutron: n=13032 Mean=0.802183 Std=0.241836 RMS90=0.115782
  K0: n=11955 Mean=0.892428 Std=0.185164 RMS90=0.094089
  Photon: n=19748 Mean=1.182785 Std=12.762375 RMS90=0.194305
  Pion: n=21287 Mean=0.862405 Std=0.322012 RMS90=0.114486
  Electron: n=6154 Mean=3.258437 Std=109.807474 RMS90=0.176138
  Muon: n=2222 Mean=0.861846 Std=0.253618 RMS90=0.075698

Epoch 291
Pretraining energy response (E_pred / E_true) by true-energy bin:
  1-50 GeV: n=40292 Mean=0.900554 Std=0.388195 RMS90=0.135951
  50-150 GeV: n=23832 Mean=0.875980 Std=0.128392 RMS90=0.064367
  >150 GeV: n=68 Mean=0.848973 Std=0.097673 RMS90=0.072727
Pretraining energy response by particle species:
  Neutron: n=13032 Mean=0.838142 Std=0.247303 RMS90=0.120205
  K0: n=11955 Mean=0.934666 Std=0.187338 RMS90=0.092367
  Photon: n=19748 Mean=1.228676 Std=14.312126 RMS90=0.192732
  Pion: n=21287 Mean=0.900195 Std=0.295185 RMS90=0.112339
  Electron: n=6154 Mean=1.222769 Std=12.529721 RMS90=0.172702
  Muon: n=2222 Mean=0.907023 Std=0.229971 RMS90=0.066692

Epoch 292
Pretraining energy response (E_pred / E_true) by true-energy bin:
  1-50 GeV: n=40292 Mean=0.904978 Std=0.462793 RMS90=0.133077
  50-150 GeV: n=23832 Mean=0.892786 Std=0.172316 RMS90=0.054333
  >150 GeV: n=68 Mean=0.880262 Std=0.085369 RMS90=0.051989
Pretraining energy response by particle species:
  Neutron: n=13032 Mean=0.841951 Std=0.269064 RMS90=0.119625
  K0: n=11955 Mean=0.940141 Std=0.189924 RMS90=0.092574
  Photon: n=19748 Mean=1.139976 Std=2.618684 RMS90=0.194450
  Pion: n=21287 Mean=0.912841 Std=0.300000 RMS90=0.102697
  Electron: n=6154 Mean=1.413325 Std=23.576878 RMS90=0.172735
  Muon: n=2222 Mean=0.918470 Std=0.227427 RMS90=0.049445

Epoch 293
Pretraining energy response (E_pred / E_true) by true-energy bin:
  1-50 GeV: n=40292 Mean=0.890158 Std=0.445905 RMS90=0.132836
  50-150 GeV: n=23832 Mean=0.864560 Std=0.128590 RMS90=0.066167
  >150 GeV: n=68 Mean=0.847819 Std=0.091824 RMS90=0.070269
Pretraining energy response by particle species:
  Neutron: n=13032 Mean=0.829222 Std=0.244926 RMS90=0.119840
  K0: n=11955 Mean=0.924943 Std=0.184485 RMS90=0.090675
  Photon: n=19748 Mean=3.575970 Std=337.701371 RMS90=0.193258
  Pion: n=21287 Mean=0.885227 Std=0.296265 RMS90=0.107434
  Electron: n=6154 Mean=2.217503 Std=57.812422 RMS90=0.176240
  Muon: n=2222 Mean=0.883145 Std=0.231273 RMS90=0.061869

Epoch 294
Pretraining energy response (E_pred / E_true) by true-energy bin:
  1-50 GeV: n=40292 Mean=0.884631 Std=0.484352 RMS90=0.134838
  50-150 GeV: n=23832 Mean=0.835872 Std=0.125855 RMS90=0.065043
  >150 GeV: n=68 Mean=0.814419 Std=0.088034 RMS90=0.073566
Pretraining energy response by particle species:
  Neutron: n=13032 Mean=0.811114 Std=0.259685 RMS90=0.117633
  K0: n=11955 Mean=0.901734 Std=0.189362 RMS90=0.098023
  Photon: n=19748 Mean=1.543832 Std=39.578364 RMS90=0.196957
  Pion: n=21287 Mean=0.883807 Std=0.404450 RMS90=0.118699
  Electron: n=6154 Mean=1.638303 Std=38.750284 RMS90=0.177810
  Muon: n=2222 Mean=1.006763 Std=6.374931 RMS90=0.076947

Epoch 295
Pretraining energy response (E_pred / E_true) by true-energy bin:
  1-50 GeV: n=40292 Mean=0.890150 Std=0.356584 RMS90=0.131360
  50-150 GeV: n=23832 Mean=0.858423 Std=0.122360 RMS90=0.055142
  >150 GeV: n=68 Mean=0.856869 Std=0.079274 RMS90=0.056445
Pretraining energy response by particle species:
  Neutron: n=13032 Mean=0.811037 Std=0.240019 RMS90=0.116891
  K0: n=11955 Mean=0.905916 Std=0.184160 RMS90=0.090911
  Photon: n=19748 Mean=1.110104 Std=1.401788 RMS90=0.190690
  Pion: n=21287 Mean=0.903907 Std=0.304203 RMS90=0.116254
  Electron: n=6154 Mean=1.117591 Std=9.989610 RMS90=0.178724
  Muon: n=2222 Mean=0.912023 Std=0.252261 RMS90=0.053653

Epoch 296
Pretraining energy response (E_pred / E_true) by true-energy bin:
  1-50 GeV: n=40292 Mean=0.900297 Std=0.454179 RMS90=0.132788
  50-150 GeV: n=23832 Mean=0.893433 Std=0.124444 RMS90=0.045652
  >150 GeV: n=68 Mean=0.880774 Std=0.082502 RMS90=0.042648
Pretraining energy response by particle species:
  Neutron: n=13032 Mean=0.824986 Std=0.557447 RMS90=0.120169
  K0: n=11955 Mean=0.915774 Std=0.187289 RMS90=0.093726
  Photon: n=19748 Mean=1.105827 Std=2.245149 RMS90=0.188683
  Pion: n=21287 Mean=0.940415 Std=0.296928 RMS90=0.110170
  Electron: n=6154 Mean=1.186681 Std=10.597055 RMS90=0.170944
  Muon: n=2222 Mean=0.958878 Std=0.357813 RMS90=0.044039

Epoch 297
Pretraining energy response (E_pred / E_true) by true-energy bin:
  1-50 GeV: n=40292 Mean=0.887945 Std=0.402396 RMS90=0.137277
  50-150 GeV: n=23832 Mean=0.859637 Std=0.124667 RMS90=0.058099
  >150 GeV: n=68 Mean=0.825776 Std=0.085429 RMS90=0.076490
Pretraining energy response by particle species:
  Neutron: n=13032 Mean=0.829024 Std=0.247847 RMS90=0.121192
  K0: n=11955 Mean=0.928283 Std=0.472961 RMS90=0.100417
  Photon: n=19748 Mean=1.182404 Std=8.639629 RMS90=0.197479
  Pion: n=21287 Mean=0.885219 Std=0.305945 RMS90=0.108681
  Electron: n=6154 Mean=1.170184 Std=9.719152 RMS90=0.177238
  Muon: n=2222 Mean=0.887085 Std=0.253952 RMS90=0.059374

Epoch 298
Pretraining energy response (E_pred / E_true) by true-energy bin:
  1-50 GeV: n=40292 Mean=0.902103 Std=0.535438 RMS90=0.136776
  50-150 GeV: n=23832 Mean=0.893522 Std=0.123787 RMS90=0.047195
  >150 GeV: n=68 Mean=0.865206 Std=0.068238 RMS90=0.047663
Pretraining energy response by particle species:
  Neutron: n=13032 Mean=0.837380 Std=0.675523 RMS90=0.120301
  K0: n=11955 Mean=0.927848 Std=0.189026 RMS90=0.095513
  Photon: n=19748 Mean=1.152245 Std=3.127916 RMS90=0.193867
  Pion: n=21287 Mean=0.925478 Std=0.300945 RMS90=0.108679
  Electron: n=6154 Mean=1.142010 Std=11.312474 RMS90=0.174989
  Muon: n=2222 Mean=0.943502 Std=0.264641 RMS90=0.052555

Epoch 299
Pretraining energy response (E_pred / E_true) by true-energy bin:
  1-50 GeV: n=40292 Mean=0.822353 Std=0.369642 RMS90=0.127518
  50-150 GeV: n=23832 Mean=0.761597 Std=0.114150 RMS90=0.057977
  >150 GeV: n=68 Mean=0.726830 Std=0.089477 RMS90=0.072869
Pretraining energy response by particle species:
  Neutron: n=13032 Mean=0.751464 Std=0.238979 RMS90=0.113008
  K0: n=11955 Mean=0.835065 Std=0.190138 RMS90=0.102182
  Photon: n=19748 Mean=1.237585 Std=18.168398 RMS90=0.195460
  Pion: n=21287 Mean=0.807048 Std=0.297834 RMS90=0.103403
  Electron: n=6154 Mean=1.112207 Std=8.703044 RMS90=0.170297
  Muon: n=2222 Mean=0.803420 Std=0.262631 RMS90=0.060031

Epoch 300
Pretraining energy response (E_pred / E_true) by true-energy bin:
  1-50 GeV: n=40292 Mean=0.831017 Std=0.501448 RMS90=0.125923
  50-150 GeV: n=23832 Mean=0.786958 Std=0.117632 RMS90=0.053142
  >150 GeV: n=68 Mean=0.750434 Std=0.075361 RMS90=0.053996
Pretraining energy response by particle species:
  Neutron: n=13032 Mean=0.737177 Std=0.248403 RMS90=0.109598
  K0: n=11955 Mean=0.817388 Std=0.179776 RMS90=0.095254
  Photon: n=19748 Mean=1.122457 Std=3.552735 RMS90=0.196176
  Pion: n=21287 Mean=0.848286 Std=0.275417 RMS90=0.105441
  Electron: n=6154 Mean=1.582830 Std=36.808139 RMS90=0.171899
  Muon: n=2222 Mean=0.956015 Std=4.647772 RMS90=0.057670

Epoch 301
Pretraining energy response (E_pred / E_true) by true-energy bin:
  1-50 GeV: n=40292 Mean=0.861085 Std=0.362873 RMS90=0.131029
  50-150 GeV: n=23832 Mean=0.864192 Std=0.123106 RMS90=0.046514
  >150 GeV: n=68 Mean=0.849255 Std=0.103149 RMS90=0.050524
Pretraining energy response by particle species:
  Neutron: n=13032 Mean=0.776616 Std=0.231786 RMS90=0.110922
  K0: n=11955 Mean=0.867539 Std=0.179034 RMS90=0.086802
  Photon: n=19748 Mean=1.138790 Std=4.155124 RMS90=0.189802
  Pion: n=21287 Mean=0.904142 Std=0.299348 RMS90=0.105509
  Electron: n=6154 Mean=1.488183 Std=25.052085 RMS90=0.164251
  Muon: n=2222 Mean=0.992180 Std=3.371104 RMS90=0.042564

Epoch 302
Pretraining energy response (E_pred / E_true) by true-energy bin:
  1-50 GeV: n=40292 Mean=0.872034 Std=0.356004 RMS90=0.126798
  50-150 GeV: n=23832 Mean=0.834274 Std=0.116655 RMS90=0.043624
  >150 GeV: n=68 Mean=0.814612 Std=0.070909 RMS90=0.043970
Pretraining energy response by particle species:
  Neutron: n=13032 Mean=0.778998 Std=0.232028 RMS90=0.111930
  K0: n=11955 Mean=0.870325 Std=0.183376 RMS90=0.092032
  Photon: n=19748 Mean=1.106014 Std=2.024863 RMS90=0.190227
  Pion: n=21287 Mean=0.916265 Std=2.266151 RMS90=0.100113
  Electron: n=6154 Mean=1.320275 Std=16.538273 RMS90=0.169978
  Muon: n=2222 Mean=0.899576 Std=0.236968 RMS90=0.047108

Epoch 303
Pretraining energy response (E_pred / E_true) by true-energy bin:
  1-50 GeV: n=40292 Mean=0.796186 Std=0.327819 RMS90=0.134276
  50-150 GeV: n=23832 Mean=0.751979 Std=0.124666 RMS90=0.076457
  >150 GeV: n=68 Mean=0.725480 Std=0.101962 RMS90=0.088786
Pretraining energy response by particle species:
  Neutron: n=13032 Mean=0.746328 Std=0.224383 RMS90=0.113658
  K0: n=11955 Mean=0.829190 Std=0.181224 RMS90=0.098842
  Photon: n=19748 Mean=1.076067 Std=1.433644 RMS90=0.188973
  Pion: n=21287 Mean=0.764056 Std=0.287258 RMS90=0.105992
  Electron: n=6154 Mean=0.948985 Std=6.777060 RMS90=0.179613
  Muon: n=2222 Mean=0.741581 Std=0.253872 RMS90=0.037726

Epoch 304
Pretraining energy response (E_pred / E_true) by true-energy bin:
  1-50 GeV: n=40292 Mean=0.890406 Std=0.316380 RMS90=0.137631
  50-150 GeV: n=23832 Mean=0.892857 Std=0.122929 RMS90=0.044828
  >150 GeV: n=68 Mean=0.867970 Std=0.086897 RMS90=0.044900
Pretraining energy response by particle species:
  Neutron: n=13032 Mean=0.831381 Std=0.279560 RMS90=0.124035
  K0: n=11955 Mean=0.928489 Std=0.188962 RMS90=0.095171
  Photon: n=19748 Mean=1.115180 Std=2.019522 RMS90=0.191576
  Pion: n=21287 Mean=0.917845 Std=0.299649 RMS90=0.112282
  Electron: n=6154 Mean=1.285254 Std=13.923282 RMS90=0.171878
  Muon: n=2222 Mean=0.924731 Std=0.227204 RMS90=0.041346

Epoch 305
Pretraining energy response (E_pred / E_true) by true-energy bin:
  1-50 GeV: n=40292 Mean=0.892357 Std=0.434569 RMS90=0.135820
  50-150 GeV: n=23832 Mean=0.868986 Std=0.122413 RMS90=0.051103
  >150 GeV: n=68 Mean=0.834676 Std=0.080465 RMS90=0.059934
Pretraining energy response by particle species:
  Neutron: n=13032 Mean=0.810165 Std=0.243538 RMS90=0.117246
  K0: n=11955 Mean=0.905854 Std=0.186057 RMS90=0.090881
  Photon: n=19748 Mean=1.156066 Std=3.896153 RMS90=0.199988
  Pion: n=21287 Mean=0.921620 Std=0.336868 RMS90=0.109038
  Electron: n=6154 Mean=1.689735 Std=47.464327 RMS90=0.179424
  Muon: n=2222 Mean=1.188932 Std=11.529753 RMS90=0.062208

Epoch 306
Pretraining energy response (E_pred / E_true) by true-energy bin:
  1-50 GeV: n=40292 Mean=0.897402 Std=0.507900 RMS90=0.136660
  50-150 GeV: n=23832 Mean=0.852677 Std=0.123802 RMS90=0.059243
  >150 GeV: n=68 Mean=0.835123 Std=0.089454 RMS90=0.060693
Pretraining energy response by particle species:
  Neutron: n=13032 Mean=0.824233 Std=0.246735 RMS90=0.118033
  K0: n=11955 Mean=0.919390 Std=0.191845 RMS90=0.096933
  Photon: n=19748 Mean=1.158661 Std=2.869768 RMS90=0.207167
  Pion: n=21287 Mean=0.888827 Std=0.297073 RMS90=0.112928
  Electron: n=6154 Mean=1.189345 Std=11.133498 RMS90=0.179413
  Muon: n=2222 Mean=1.047258 Std=6.088154 RMS90=0.055668

Epoch 307
Pretraining energy response (E_pred / E_true) by true-energy bin:
  1-50 GeV: n=40292 Mean=0.913106 Std=0.590161 RMS90=0.136363
  50-150 GeV: n=23832 Mean=0.889863 Std=0.122307 RMS90=0.046962
  >150 GeV: n=68 Mean=0.870024 Std=0.071059 RMS90=0.041064
Pretraining energy response by particle species:
  Neutron: n=13032 Mean=0.847658 Std=0.548217 RMS90=0.119725
  K0: n=11955 Mean=0.939029 Std=0.193763 RMS90=0.097006
  Photon: n=19748 Mean=1.172813 Std=2.676433 RMS90=0.209860
  Pion: n=21287 Mean=0.934922 Std=1.436558 RMS90=0.102410
  Electron: n=6154 Mean=1.481442 Std=24.709117 RMS90=0.182870
  Muon: n=2222 Mean=0.942558 Std=0.544669 RMS90=0.043818

Epoch 308
Pretraining energy response (E_pred / E_true) by true-energy bin:
  1-50 GeV: n=40292 Mean=0.745795 Std=0.620861 RMS90=0.126933
  50-150 GeV: n=23832 Mean=0.687412 Std=0.111235 RMS90=0.054546
  >150 GeV: n=68 Mean=0.656323 Std=0.072427 RMS90=0.051740
Pretraining energy response by particle species:
  Neutron: n=13032 Mean=0.657033 Std=0.564149 RMS90=0.106848
  K0: n=11955 Mean=0.723191 Std=0.173703 RMS90=0.099916
  Photon: n=19748 Mean=1.196729 Std=12.888435 RMS90=0.205724
  Pion: n=21287 Mean=0.731799 Std=0.246331 RMS90=0.084234
  Electron: n=6154 Mean=0.964702 Std=7.947287 RMS90=0.180373
  Muon: n=2222 Mean=0.736092 Std=0.295917 RMS90=0.040208

Epoch 309
Pretraining energy response (E_pred / E_true) by true-energy bin:
  1-50 GeV: n=40292 Mean=0.921356 Std=0.790371 RMS90=0.140413
  50-150 GeV: n=23832 Mean=0.920444 Std=0.126669 RMS90=0.043821
  >150 GeV: n=68 Mean=0.888412 Std=0.127815 RMS90=0.042331
Pretraining energy response by particle species:
  Neutron: n=13032 Mean=0.849064 Std=0.302302 RMS90=0.122897
  K0: n=11955 Mean=0.948941 Std=0.194589 RMS90=0.093740
  Photon: n=19748 Mean=1.405156 Std=11.363495 RMS90=0.209461
  Pion: n=21287 Mean=0.943668 Std=0.313564 RMS90=0.108461
  Electron: n=6154 Mean=2.984117 Std=111.457544 RMS90=0.185443
  Muon: n=2222 Mean=0.965404 Std=0.253980 RMS90=0.037437

Epoch 310
Pretraining energy response (E_pred / E_true) by true-energy bin:
  1-50 GeV: n=40292 Mean=0.868278 Std=0.769867 RMS90=0.134013
  50-150 GeV: n=23832 Mean=0.866273 Std=0.120487 RMS90=0.043755
  >150 GeV: n=68 Mean=0.861103 Std=0.078277 RMS90=0.047070
Pretraining energy response by particle species:
  Neutron: n=13032 Mean=0.798588 Std=0.240403 RMS90=0.115544
  K0: n=11955 Mean=0.893342 Std=0.181826 RMS90=0.088965
  Photon: n=19748 Mean=1.236740 Std=10.638479 RMS90=0.195734
  Pion: n=21287 Mean=0.889386 Std=0.911213 RMS90=0.102848
  Electron: n=6154 Mean=1.216061 Std=11.138814 RMS90=0.169621
  Muon: n=2222 Mean=1.189466 Std=13.160202 RMS90=0.031420

Epoch 311
Pretraining energy response (E_pred / E_true) by true-energy bin:
  1-50 GeV: n=40292 Mean=0.886954 Std=0.420107 RMS90=0.136101
  50-150 GeV: n=23832 Mean=0.870492 Std=0.123901 RMS90=0.056391
  >150 GeV: n=68 Mean=0.837863 Std=0.084661 RMS90=0.068828
Pretraining energy response by particle species:
  Neutron: n=13032 Mean=0.816267 Std=0.250379 RMS90=0.118714
  K0: n=11955 Mean=0.915843 Std=0.188639 RMS90=0.089978
  Photon: n=19748 Mean=1.157500 Std=5.141793 RMS90=0.197268
  Pion: n=21287 Mean=0.904767 Std=1.296794 RMS90=0.107512
  Electron: n=6154 Mean=1.630584 Std=37.131061 RMS90=0.175810
  Muon: n=2222 Mean=1.118559 Std=10.102505 RMS90=0.056375

Epoch 312
Pretraining energy response (E_pred / E_true) by true-energy bin:
  1-50 GeV: n=40292 Mean=0.865149 Std=0.436522 RMS90=0.131956
  50-150 GeV: n=23832 Mean=0.880258 Std=0.124483 RMS90=0.044158
  >150 GeV: n=68 Mean=0.885610 Std=0.083825 RMS90=0.054093
Pretraining energy response by particle species:
  Neutron: n=13032 Mean=0.780122 Std=0.234298 RMS90=0.114322
  K0: n=11955 Mean=0.873149 Std=0.175779 RMS90=0.085309
  Photon: n=19748 Mean=1.694169 Std=61.106478 RMS90=0.193956
  Pion: n=21287 Mean=0.911119 Std=0.294672 RMS90=0.103175
  Electron: n=6154 Mean=2.358855 Std=52.728189 RMS90=0.170946
  Muon: n=2222 Mean=1.211116 Std=11.961833 RMS90=0.033082

Epoch 313
Pretraining energy response (E_pred / E_true) by true-energy bin:
  1-50 GeV: n=40292 Mean=0.819239 Std=0.484503 RMS90=0.136561
  50-150 GeV: n=23832 Mean=0.800141 Std=0.117454 RMS90=0.049190
  >150 GeV: n=68 Mean=0.801868 Std=0.075869 RMS90=0.044065
Pretraining energy response by particle species:
  Neutron: n=13032 Mean=0.749780 Std=0.226271 RMS90=0.112548
  K0: n=11955 Mean=0.840825 Std=0.397501 RMS90=0.096868
  Photon: n=19748 Mean=1.144358 Std=5.700266 RMS90=0.191011
  Pion: n=21287 Mean=0.829554 Std=1.471764 RMS90=0.103749
  Electron: n=6154 Mean=1.507301 Std=32.471242 RMS90=0.168203
  Muon: n=2222 Mean=0.943299 Std=3.974977 RMS90=0.034622

Epoch 314
Pretraining energy response (E_pred / E_true) by true-energy bin:
  1-50 GeV: n=40292 Mean=0.877592 Std=0.634034 RMS90=0.134198
  50-150 GeV: n=23832 Mean=0.858793 Std=0.120503 RMS90=0.050070
  >150 GeV: n=68 Mean=0.858080 Std=0.071772 RMS90=0.048806
Pretraining energy response by particle species:
  Neutron: n=13032 Mean=0.819003 Std=0.641846 RMS90=0.115307
  K0: n=11955 Mean=0.911745 Std=0.392712 RMS90=0.091914
  Photon: n=19748 Mean=1.185905 Std=9.051025 RMS90=0.191304
  Pion: n=21287 Mean=0.876432 Std=0.289654 RMS90=0.106491
  Electron: n=6154 Mean=1.307145 Std=13.582822 RMS90=0.165899
  Muon: n=2222 Mean=0.892221 Std=0.248791 RMS90=0.048232

Epoch 315
Pretraining energy response (E_pred / E_true) by true-energy bin:
  1-50 GeV: n=40292 Mean=0.892434 Std=0.667278 RMS90=0.130977
  50-150 GeV: n=23832 Mean=0.899223 Std=0.122301 RMS90=0.041401
  >150 GeV: n=68 Mean=0.893974 Std=0.077441 RMS90=0.038023
Pretraining energy response by particle species:
  Neutron: n=13032 Mean=0.824854 Std=0.245742 RMS90=0.117058
  K0: n=11955 Mean=0.922005 Std=0.182832 RMS90=0.088652
  Photon: n=19748 Mean=3.766794 Std=369.960418 RMS90=0.191279
  Pion: n=21287 Mean=0.925616 Std=0.836591 RMS90=0.103426
  Electron: n=6154 Mean=1.762934 Std=41.283297 RMS90=0.167758
  Muon: n=2222 Mean=1.208887 Std=13.014223 RMS90=0.032988

Epoch 316
Pretraining energy response (E_pred / E_true) by true-energy bin:
  1-50 GeV: n=40292 Mean=0.917897 Std=0.657004 RMS90=0.138518
  50-150 GeV: n=23832 Mean=0.920615 Std=0.125170 RMS90=0.044231
  >150 GeV: n=68 Mean=0.904437 Std=0.075299 RMS90=0.046375
Pretraining energy response by particle species:
  Neutron: n=13032 Mean=0.853863 Std=0.253013 RMS90=0.120706
  K0: n=11955 Mean=0.956146 Std=0.187347 RMS90=0.090578
  Photon: n=19748 Mean=1.123264 Std=2.219354 RMS90=0.196391
  Pion: n=21287 Mean=0.947710 Std=1.070491 RMS90=0.106327
  Electron: n=6154 Mean=1.641165 Std=27.761763 RMS90=0.171988
  Muon: n=2222 Mean=0.981768 Std=1.590742 RMS90=0.035699

Epoch 317
Pretraining energy response (E_pred / E_true) by true-energy bin:
  1-50 GeV: n=40292 Mean=0.882535 Std=0.665754 RMS90=0.136653
  50-150 GeV: n=23832 Mean=0.871821 Std=0.121485 RMS90=0.043502
  >150 GeV: n=68 Mean=0.866745 Std=0.067782 RMS90=0.042556
Pretraining energy response by particle species:
  Neutron: n=13032 Mean=0.810605 Std=0.588316 RMS90=0.115944
  K0: n=11955 Mean=0.898078 Std=0.183541 RMS90=0.092027
  Photon: n=19748 Mean=1.164668 Std=4.606568 RMS90=0.197450
  Pion: n=21287 Mean=0.914515 Std=1.526488 RMS90=0.105573
  Electron: n=6154 Mean=2.123171 Std=47.522461 RMS90=0.175762
  Muon: n=2222 Mean=1.265397 Std=12.766771 RMS90=0.038171

Epoch 318
Pretraining energy response (E_pred / E_true) by true-energy bin:
  1-50 GeV: n=40292 Mean=0.893781 Std=0.494568 RMS90=0.134589
  50-150 GeV: n=23832 Mean=0.891838 Std=0.123232 RMS90=0.048371
  >150 GeV: n=68 Mean=0.857154 Std=0.083149 RMS90=0.056715
Pretraining energy response by particle species:
  Neutron: n=13032 Mean=0.838520 Std=0.248612 RMS90=0.120355
  K0: n=11955 Mean=0.935528 Std=0.187616 RMS90=0.092369
  Photon: n=19748 Mean=1.194283 Std=8.034299 RMS90=0.196260
  Pion: n=21287 Mean=0.912644 Std=1.435724 RMS90=0.096858
  Electron: n=6154 Mean=1.240918 Std=12.419071 RMS90=0.167182
  Muon: n=2222 Mean=0.934609 Std=1.294305 RMS90=0.038229

Epoch 319
Pretraining energy response (E_pred / E_true) by true-energy bin:
  1-50 GeV: n=40292 Mean=0.904755 Std=0.614356 RMS90=0.138668
  50-150 GeV: n=23832 Mean=0.901373 Std=0.125692 RMS90=0.051662
  >150 GeV: n=68 Mean=0.873385 Std=0.075809 RMS90=0.051030
Pretraining energy response by particle species:
  Neutron: n=13032 Mean=0.846920 Std=0.252048 RMS90=0.121920
  K0: n=11955 Mean=0.946869 Std=0.188713 RMS90=0.092778
  Photon: n=19748 Mean=1.238574 Std=9.909397 RMS90=0.199456
  Pion: n=21287 Mean=0.919202 Std=0.792854 RMS90=0.105985
  Electron: n=6154 Mean=1.613540 Std=34.708269 RMS90=0.175777
  Muon: n=2222 Mean=0.950726 Std=1.209097 RMS90=0.042761

Epoch 320
Pretraining energy response (E_pred / E_true) by true-energy bin:
  1-50 GeV: n=40292 Mean=0.858070 Std=0.426850 RMS90=0.131642
  50-150 GeV: n=23832 Mean=0.870015 Std=0.124441 RMS90=0.046286
  >150 GeV: n=68 Mean=0.854650 Std=0.092899 RMS90=0.036489
Pretraining energy response by particle species:
  Neutron: n=13032 Mean=0.793310 Std=0.237720 RMS90=0.118635
  K0: n=11955 Mean=0.884296 Std=0.194137 RMS90=0.096329
  Photon: n=19748 Mean=1.077167 Std=1.420732 RMS90=0.186977
  Pion: n=21287 Mean=0.895289 Std=0.901854 RMS90=0.103429
  Electron: n=6154 Mean=1.610835 Std=27.618171 RMS90=0.161035
  Muon: n=2222 Mean=0.906533 Std=0.215756 RMS90=0.032522

Epoch 321
Pretraining energy response (E_pred / E_true) by true-energy bin:
  1-50 GeV: n=40292 Mean=0.885154 Std=0.404391 RMS90=0.141252
  50-150 GeV: n=23832 Mean=0.886548 Std=0.123413 RMS90=0.050335
  >150 GeV: n=68 Mean=0.871197 Std=0.070321 RMS90=0.051132
Pretraining energy response by particle species:
  Neutron: n=13032 Mean=0.854767 Std=0.255560 RMS90=0.124987
  K0: n=11955 Mean=0.953613 Std=0.201275 RMS90=0.104052
  Photon: n=19748 Mean=1.269846 Std=26.448312 RMS90=0.189979
  Pion: n=21287 Mean=0.879148 Std=0.290348 RMS90=0.095732
  Electron: n=6154 Mean=1.718106 Std=32.697161 RMS90=0.161110
  Muon: n=2222 Mean=0.962811 Std=3.467951 RMS90=0.025676

Epoch 322
Pretraining energy response (E_pred / E_true) by true-energy bin:
  1-50 GeV: n=40292 Mean=0.853003 Std=0.336224 RMS90=0.127984
  50-150 GeV: n=23832 Mean=0.805819 Std=0.126686 RMS90=0.060444
  >150 GeV: n=68 Mean=0.769292 Std=0.076665 RMS90=0.049272
Pretraining energy response by particle species:
  Neutron: n=13032 Mean=0.757458 Std=0.250445 RMS90=0.119086
  K0: n=11955 Mean=0.840430 Std=0.192719 RMS90=0.109063
  Photon: n=19748 Mean=1.188832 Std=7.654293 RMS90=0.201580
  Pion: n=21287 Mean=0.879988 Std=0.320873 RMS90=0.101209
  Electron: n=6154 Mean=2.284876 Std=54.158163 RMS90=0.176955
  Muon: n=2222 Mean=0.882740 Std=0.301542 RMS90=0.049201

Epoch 323
Pretraining energy response (E_pred / E_true) by true-energy bin:
  1-50 GeV: n=40292 Mean=0.899702 Std=0.345759 RMS90=0.142651
  50-150 GeV: n=23832 Mean=0.924242 Std=0.125221 RMS90=0.042331
  >150 GeV: n=68 Mean=0.899492 Std=0.125475 RMS90=0.040008
Pretraining energy response by particle species:
  Neutron: n=13032 Mean=0.858192 Std=0.277127 RMS90=0.125468
  K0: n=11955 Mean=0.960946 Std=0.194023 RMS90=0.095530
  Photon: n=19748 Mean=1.108815 Std=1.726419 RMS90=0.192385
  Pion: n=21287 Mean=0.927717 Std=1.453097 RMS90=0.111337
  Electron: n=6154 Mean=1.188986 Std=10.247976 RMS90=0.171105
  Muon: n=2222 Mean=0.938690 Std=0.228819 RMS90=0.028651

Epoch 324
Pretraining energy response (E_pred / E_true) by true-energy bin:
  1-50 GeV: n=40292 Mean=0.823912 Std=0.305907 RMS90=0.130624
  50-150 GeV: n=23832 Mean=0.795044 Std=0.123146 RMS90=0.051490
  >150 GeV: n=68 Mean=0.780220 Std=0.105848 RMS90=0.043982
Pretraining energy response by particle species:
  Neutron: n=13032 Mean=0.751586 Std=0.228111 RMS90=0.116696
  K0: n=11955 Mean=0.831940 Std=0.186927 RMS90=0.107283
  Photon: n=19748 Mean=1.110455 Std=3.778460 RMS90=0.192776
  Pion: n=21287 Mean=0.844648 Std=1.381446 RMS90=0.100813
  Electron: n=6154 Mean=2.685404 Std=73.406089 RMS90=0.170713
  Muon: n=2222 Mean=0.917239 Std=3.068721 RMS90=0.032494

Epoch 325
Pretraining energy response (E_pred / E_true) by true-energy bin:
  1-50 GeV: n=40292 Mean=0.788707 Std=1.377700 RMS90=0.132722
  50-150 GeV: n=23832 Mean=0.743367 Std=0.844309 RMS90=0.048201
  >150 GeV: n=68 Mean=0.716814 Std=0.071859 RMS90=0.041154
Pretraining energy response by particle species:
  Neutron: n=13032 Mean=0.730212 Std=0.652189 RMS90=0.117973
  K0: n=11955 Mean=0.799881 Std=0.195769 RMS90=0.113952
  Photon: n=19748 Mean=1.064359 Std=3.060292 RMS90=0.195317
  Pion: n=21287 Mean=0.763938 Std=0.282825 RMS90=0.095308
  Electron: n=6154 Mean=1.166160 Std=11.660507 RMS90=0.165091
  Muon: n=2222 Mean=0.774430 Std=0.216086 RMS90=0.024532

Epoch 326
Pretraining energy response (E_pred / E_true) by true-energy bin:
  1-50 GeV: n=40292 Mean=0.820427 Std=0.459074 RMS90=0.123047
  50-150 GeV: n=23832 Mean=0.774315 Std=0.122689 RMS90=0.052838
  >150 GeV: n=68 Mean=0.762211 Std=0.083639 RMS90=0.047550
Pretraining energy response by particle species:
  Neutron: n=13032 Mean=0.714040 Std=0.531184 RMS90=0.109849
  K0: n=11955 Mean=0.785260 Std=0.176769 RMS90=0.100529
  Photon: n=19748 Mean=1.062873 Std=1.978051 RMS90=0.187817
  Pion: n=21287 Mean=0.862358 Std=0.824008 RMS90=0.095539
  Electron: n=6154 Mean=1.380031 Std=24.015397 RMS90=0.164414
  Muon: n=2222 Mean=0.845348 Std=0.249834 RMS90=0.029415

Epoch 327
Pretraining energy response (E_pred / E_true) by true-energy bin:
  1-50 GeV: n=40292 Mean=0.878871 Std=1.822227 RMS90=0.129623
  50-150 GeV: n=23832 Mean=0.858198 Std=0.983513 RMS90=0.055237
  >150 GeV: n=68 Mean=0.837944 Std=0.085360 RMS90=0.044927
Pretraining energy response by particle species:
  Neutron: n=13032 Mean=0.770884 Std=0.230443 RMS90=0.113677
  K0: n=11955 Mean=0.861068 Std=0.512291 RMS90=0.098584
  Photon: n=19748 Mean=1.229503 Std=11.734501 RMS90=0.188571
  Pion: n=21287 Mean=0.911327 Std=0.290007 RMS90=0.103453
  Electron: n=6154 Mean=1.464907 Std=25.281965 RMS90=0.170248
  Muon: n=2222 Mean=0.978671 Std=2.363266 RMS90=0.032438

Epoch 328
Pretraining energy response (E_pred / E_true) by true-energy bin:
  1-50 GeV: n=40292 Mean=0.844195 Std=0.367734 RMS90=0.177173
  50-150 GeV: n=23832 Mean=0.823317 Std=0.127589 RMS90=0.062883
  >150 GeV: n=68 Mean=0.777327 Std=0.079008 RMS90=0.046631
Pretraining energy response by particle species:
  Neutron: n=13032 Mean=0.834613 Std=0.262422 RMS90=0.142094
  K0: n=11955 Mean=0.927268 Std=0.222486 RMS90=0.132257
  Photon: n=19748 Mean=1.187236 Std=9.138396 RMS90=0.204035
  Pion: n=21287 Mean=0.796721 Std=0.284461 RMS90=0.132793
  Electron: n=6154 Mean=1.226890 Std=11.864182 RMS90=0.176885
  Muon: n=2222 Mean=0.899300 Std=3.984713 RMS90=0.030456

Epoch 329
Pretraining energy response (E_pred / E_true) by true-energy bin:
  1-50 GeV: n=40292 Mean=0.822311 Std=0.330877 RMS90=0.150848
  50-150 GeV: n=23832 Mean=0.803066 Std=0.121934 RMS90=0.053758
  >150 GeV: n=68 Mean=0.763694 Std=0.081912 RMS90=0.051208
Pretraining energy response by particle species:
  Neutron: n=13032 Mean=0.779965 Std=0.259555 RMS90=0.125920
  K0: n=11955 Mean=0.863651 Std=0.200539 RMS90=0.114213
  Photon: n=19748 Mean=1.189661 Std=9.759142 RMS90=0.203168
  Pion: n=21287 Mean=0.817139 Std=1.485393 RMS90=0.119804
  Electron: n=6154 Mean=1.675846 Std=33.599119 RMS90=0.178507
  Muon: n=2222 Mean=0.829762 Std=0.225856 RMS90=0.034075

Epoch 330
Pretraining energy response (E_pred / E_true) by true-energy bin:
  1-50 GeV: n=40292 Mean=0.855108 Std=0.406774 RMS90=0.146469
  50-150 GeV: n=23832 Mean=0.834426 Std=0.122372 RMS90=0.051707
  >150 GeV: n=68 Mean=0.783482 Std=0.082167 RMS90=0.054759
Pretraining energy response by particle species:
  Neutron: n=13032 Mean=0.798044 Std=0.257749 RMS90=0.123464
  K0: n=11955 Mean=0.884298 Std=0.194913 RMS90=0.107312
  Photon: n=19748 Mean=1.235465 Std=9.948810 RMS90=0.203399
  Pion: n=21287 Mean=0.864390 Std=1.546521 RMS90=0.120767
  Electron: n=6154 Mean=1.848195 Std=50.784223 RMS90=0.179643
  Muon: n=2222 Mean=0.872766 Std=0.221120 RMS90=0.043024

Epoch 331
Pretraining energy response (E_pred / E_true) by true-energy bin:
  1-50 GeV: n=40292 Mean=0.830190 Std=0.413143 RMS90=0.152832
  50-150 GeV: n=23832 Mean=0.818467 Std=0.124785 RMS90=0.060021
  >150 GeV: n=68 Mean=0.762449 Std=0.092795 RMS90=0.065541
Pretraining energy response by particle species:
  Neutron: n=13032 Mean=0.794211 Std=0.244402 RMS90=0.126831
  K0: n=11955 Mean=0.882037 Std=0.197993 RMS90=0.109220
  Photon: n=19748 Mean=1.211645 Std=10.727077 RMS90=0.203643
  Pion: n=21287 Mean=0.816323 Std=0.290223 RMS90=0.123748
  Electron: n=6154 Mean=2.784468 Std=91.897600 RMS90=0.179191
  Muon: n=2222 Mean=0.866182 Std=1.625054 RMS90=0.050898

Epoch 332
Pretraining energy response (E_pred / E_true) by true-energy bin:
  1-50 GeV: n=40292 Mean=0.776952 Std=0.440930 RMS90=0.121062
  50-150 GeV: n=23832 Mean=0.733684 Std=0.113058 RMS90=0.049513
  >150 GeV: n=68 Mean=0.721674 Std=0.102733 RMS90=0.047126
Pretraining energy response by particle species:
  Neutron: n=13032 Mean=0.692243 Std=0.207549 RMS90=0.105510
  K0: n=11955 Mean=0.765531 Std=0.182259 RMS90=0.099830
  Photon: n=19748 Mean=1.091988 Std=4.860852 RMS90=0.192214
  Pion: n=21287 Mean=0.789760 Std=0.329152 RMS90=0.089601
  Electron: n=6154 Mean=1.059995 Std=10.217333 RMS90=0.161051
  Muon: n=2222 Mean=0.918885 Std=5.167889 RMS90=0.030681

Epoch 333
Pretraining energy response (E_pred / E_true) by true-energy bin:
  1-50 GeV: n=40292 Mean=0.853774 Std=0.563551 RMS90=0.138841
  50-150 GeV: n=23832 Mean=0.825292 Std=0.123057 RMS90=0.052569
  >150 GeV: n=68 Mean=0.786902 Std=0.085397 RMS90=0.054385
Pretraining energy response by particle species:
  Neutron: n=13032 Mean=0.796487 Std=0.240796 RMS90=0.120896
  K0: n=11955 Mean=0.880883 Std=0.197935 RMS90=0.108896
  Photon: n=19748 Mean=1.114098 Std=2.582912 RMS90=0.198041
  Pion: n=21287 Mean=0.847660 Std=0.287818 RMS90=0.107547
  Electron: n=6154 Mean=2.145324 Std=72.081084 RMS90=0.174098
  Muon: n=2222 Mean=0.889276 Std=1.602208 RMS90=0.037535

Epoch 334
Pretraining energy response (E_pred / E_true) by true-energy bin:
  1-50 GeV: n=40292 Mean=0.823217 Std=0.354442 RMS90=0.140152
  50-150 GeV: n=23832 Mean=0.801855 Std=0.121942 RMS90=0.052597
  >150 GeV: n=68 Mean=0.767629 Std=0.077358 RMS90=0.041810
Pretraining energy response by particle species:
  Neutron: n=13032 Mean=0.765935 Std=0.236667 RMS90=0.119325
  K0: n=11955 Mean=0.846388 Std=0.194461 RMS90=0.110509
  Photon: n=19748 Mean=1.117706 Std=4.051901 RMS90=0.196281
  Pion: n=21287 Mean=0.837526 Std=1.549982 RMS90=0.109884
  Electron: n=6154 Mean=1.254518 Std=12.342792 RMS90=0.171138
  Muon: n=2222 Mean=0.915931 Std=3.608923 RMS90=0.034586

Epoch 335
Pretraining energy response (E_pred / E_true) by true-energy bin:
  1-50 GeV: n=40292 Mean=0.845874 Std=0.505533 RMS90=0.135270
  50-150 GeV: n=23832 Mean=0.804666 Std=0.122342 RMS90=0.053227
  >150 GeV: n=68 Mean=0.757920 Std=0.080822 RMS90=0.050681
Pretraining energy response by particle species:
  Neutron: n=13032 Mean=0.785047 Std=0.239408 RMS90=0.122621
  K0: n=11955 Mean=0.866117 Std=0.202050 RMS90=0.116930
  Photon: n=19748 Mean=1.182027 Std=8.417792 RMS90=0.198739
  Pion: n=21287 Mean=0.844755 Std=1.451381 RMS90=0.101253
  Electron: n=6154 Mean=1.323430 Std=17.558122 RMS90=0.170305
  Muon: n=2222 Mean=0.889858 Std=1.656082 RMS90=0.035256

Epoch 336
Pretraining energy response (E_pred / E_true) by true-energy bin:
  1-50 GeV: n=40292 Mean=0.848909 Std=0.350118 RMS90=0.150449
  50-150 GeV: n=23832 Mean=0.827124 Std=0.126998 RMS90=0.058913
  >150 GeV: n=68 Mean=0.762913 Std=0.113285 RMS90=0.071631
Pretraining energy response by particle species:
  Neutron: n=13032 Mean=0.804833 Std=0.248999 RMS90=0.125401
  K0: n=11955 Mean=0.892115 Std=0.201506 RMS90=0.113239
  Photon: n=19748 Mean=1.170228 Std=6.183593 RMS90=0.207729
  Pion: n=21287 Mean=0.836866 Std=0.307074 RMS90=0.118067
  Electron: n=6154 Mean=2.187740 Std=75.991654 RMS90=0.178357
  Muon: n=2222 Mean=0.854915 Std=0.230559 RMS90=0.049499

Epoch 337
Pretraining energy response (E_pred / E_true) by true-energy bin:
  1-50 GeV: n=40292 Mean=0.873527 Std=0.418970 RMS90=0.132252
  50-150 GeV: n=23832 Mean=0.841008 Std=0.125277 RMS90=0.051147
  >150 GeV: n=68 Mean=0.812679 Std=0.075169 RMS90=0.045474
Pretraining energy response by particle species:
  Neutron: n=13032 Mean=0.793494 Std=0.237664 RMS90=0.119710
  K0: n=11955 Mean=0.877656 Std=0.195905 RMS90=0.107356
  Photon: n=19748 Mean=1.208728 Std=8.088032 RMS90=0.199447
  Pion: n=21287 Mean=0.893075 Std=0.296812 RMS90=0.101885
  Electron: n=6154 Mean=1.139617 Std=10.144391 RMS90=0.171895
  Muon: n=2222 Mean=0.936932 Std=1.603445 RMS90=0.031189

Epoch 338
Pretraining energy response (E_pred / E_true) by true-energy bin:
  1-50 GeV: n=40292 Mean=0.831475 Std=0.806749 RMS90=0.124220
  50-150 GeV: n=23832 Mean=0.789635 Std=0.405913 RMS90=0.049772
  >150 GeV: n=68 Mean=0.759826 Std=0.105078 RMS90=0.045713
Pretraining energy response by particle species:
  Neutron: n=13032 Mean=0.740005 Std=0.332416 RMS90=0.111732
  K0: n=11955 Mean=0.818947 Std=0.485567 RMS90=0.101750
  Photon: n=19748 Mean=1.156917 Std=6.913835 RMS90=0.196766
  Pion: n=21287 Mean=0.851491 Std=1.481135 RMS90=0.092155
  Electron: n=6154 Mean=2.118703 Std=46.588835 RMS90=0.167262
  Muon: n=2222 Mean=1.044868 Std=6.109181 RMS90=0.026824

Epoch 339
Pretraining energy response (E_pred / E_true) by true-energy bin:
  1-50 GeV: n=40292 Mean=0.851470 Std=0.460915 RMS90=0.130299
  50-150 GeV: n=23832 Mean=0.828740 Std=0.253688 RMS90=0.050901
  >150 GeV: n=68 Mean=0.798619 Std=0.092486 RMS90=0.047314
Pretraining energy response by particle species:
  Neutron: n=13032 Mean=0.770937 Std=0.251551 RMS90=0.114474
  K0: n=11955 Mean=0.852526 Std=0.188002 RMS90=0.101913
  Photon: n=19748 Mean=1.159203 Std=5.006110 RMS90=0.195729
  Pion: n=21287 Mean=0.869903 Std=0.280911 RMS90=0.102247
  Electron: n=6154 Mean=1.485058 Std=26.249366 RMS90=0.171431
  Muon: n=2222 Mean=0.914494 Std=1.431878 RMS90=0.033544

Epoch 340
Pretraining energy response (E_pred / E_true) by true-energy bin:
  1-50 GeV: n=40292 Mean=0.854452 Std=0.359824 RMS90=0.134014
  50-150 GeV: n=23832 Mean=0.831223 Std=0.121269 RMS90=0.048870
  >150 GeV: n=68 Mean=0.800166 Std=0.076918 RMS90=0.049437
Pretraining energy response by particle species:
  Neutron: n=13032 Mean=0.785068 Std=0.237546 RMS90=0.115325
  K0: n=11955 Mean=0.868684 Std=0.188026 RMS90=0.101773
  Photon: n=19748 Mean=1.190256 Std=9.799930 RMS90=0.196166
  Pion: n=21287 Mean=0.866957 Std=0.284491 RMS90=0.111164
  Electron: n=6154 Mean=1.746780 Std=35.052621 RMS90=0.175540
  Muon: n=2222 Mean=0.911198 Std=1.513237 RMS90=0.039185

Epoch 341
Pretraining energy response (E_pred / E_true) by true-energy bin:
  1-50 GeV: n=40292 Mean=0.864363 Std=0.376164 RMS90=0.125219
  50-150 GeV: n=23832 Mean=0.840471 Std=0.119052 RMS90=0.042955
  >150 GeV: n=68 Mean=0.829734 Std=0.080281 RMS90=0.033519
Pretraining energy response by particle species:
  Neutron: n=13032 Mean=0.788852 Std=0.233743 RMS90=0.113774
  K0: n=11955 Mean=0.875876 Std=0.187552 RMS90=0.098059
  Photon: n=19748 Mean=1.210018 Std=8.834170 RMS90=0.185998
  Pion: n=21287 Mean=0.886434 Std=0.362790 RMS90=0.093174
  Electron: n=6154 Mean=1.181649 Std=12.575388 RMS90=0.159612
  Muon: n=2222 Mean=0.923002 Std=1.622848 RMS90=0.028405

Epoch 342
Pretraining energy response (E_pred / E_true) by true-energy bin:
  1-50 GeV: n=40292 Mean=0.834360 Std=0.392781 RMS90=0.132836
  50-150 GeV: n=23832 Mean=0.797554 Std=0.119837 RMS90=0.050179
  >150 GeV: n=68 Mean=0.757481 Std=0.079200 RMS90=0.054171
Pretraining energy response by particle species:
  Neutron: n=13032 Mean=0.766347 Std=0.261471 RMS90=0.117094
  K0: n=11955 Mean=0.846640 Std=0.191692 RMS90=0.107878
  Photon: n=19748 Mean=1.148453 Std=5.662854 RMS90=0.194383
  Pion: n=21287 Mean=0.832851 Std=0.274462 RMS90=0.102381
  Electron: n=6154 Mean=1.537443 Std=31.837515 RMS90=0.169289
  Muon: n=2222 Mean=0.876100 Std=1.558345 RMS90=0.036031

Epoch 343
Pretraining energy response (E_pred / E_true) by true-energy bin:
  1-50 GeV: n=40292 Mean=0.835435 Std=0.408180 RMS90=0.130635
  50-150 GeV: n=23832 Mean=0.811103 Std=0.119795 RMS90=0.047987
  >150 GeV: n=68 Mean=0.782189 Std=0.076204 RMS90=0.046870
Pretraining energy response by particle species:
  Neutron: n=13032 Mean=0.773255 Std=0.233199 RMS90=0.115623
  K0: n=11955 Mean=0.855748 Std=0.190356 RMS90=0.104867
  Photon: n=19748 Mean=1.153082 Std=8.620368 RMS90=0.196387
  Pion: n=21287 Mean=0.838621 Std=0.286931 RMS90=0.097111
  Electron: n=6154 Mean=1.452299 Std=25.731724 RMS90=0.168461
  Muon: n=2222 Mean=1.166743 Std=13.515745 RMS90=0.028462

Epoch 344
Pretraining energy response (E_pred / E_true) by true-energy bin:
  1-50 GeV: n=40292 Mean=0.812255 Std=0.382018 RMS90=0.124541
  50-150 GeV: n=23832 Mean=0.773868 Std=0.117247 RMS90=0.048619
  >150 GeV: n=68 Mean=0.751935 Std=0.077489 RMS90=0.040249
Pretraining energy response by particle species:
  Neutron: n=13032 Mean=0.731342 Std=0.220196 RMS90=0.111085
  K0: n=11955 Mean=0.810492 Std=0.454281 RMS90=0.102042
  Photon: n=19748 Mean=1.166456 Std=9.809724 RMS90=0.190942
  Pion: n=21287 Mean=0.826070 Std=0.277445 RMS90=0.095716
  Electron: n=6154 Mean=1.082296 Std=9.762325 RMS90=0.163785
  Muon: n=2222 Mean=0.831254 Std=0.257272 RMS90=0.029517

Epoch 345
Pretraining energy response (E_pred / E_true) by true-energy bin:
  1-50 GeV: n=40292 Mean=0.874587 Std=0.374122 RMS90=0.133196
  50-150 GeV: n=23832 Mean=0.863179 Std=0.124403 RMS90=0.047797
  >150 GeV: n=68 Mean=0.837358 Std=0.104474 RMS90=0.038115
Pretraining energy response by particle species:
  Neutron: n=13032 Mean=0.811961 Std=0.242702 RMS90=0.119887
  K0: n=11955 Mean=0.899990 Std=0.195195 RMS90=0.104984
  Photon: n=19748 Mean=1.201810 Std=9.694530 RMS90=0.194205
  Pion: n=21287 Mean=0.892593 Std=0.304180 RMS90=0.101979
  Electron: n=6154 Mean=1.417509 Std=26.051506 RMS90=0.169751
  Muon: n=2222 Mean=1.131995 Std=6.879093 RMS90=0.027172

Epoch 346
Pretraining energy response (E_pred / E_true) by true-energy bin:
  1-50 GeV: n=40292 Mean=0.850957 Std=0.458715 RMS90=0.129173
  50-150 GeV: n=23832 Mean=0.825641 Std=0.122650 RMS90=0.049906
  >150 GeV: n=68 Mean=0.796126 Std=0.081155 RMS90=0.042030
Pretraining energy response by particle species:
  Neutron: n=13032 Mean=0.780717 Std=0.234179 RMS90=0.118141
  K0: n=11955 Mean=0.863105 Std=0.192211 RMS90=0.105895
  Photon: n=19748 Mean=1.258860 Std=11.579217 RMS90=0.192794
  Pion: n=21287 Mean=0.872959 Std=1.511362 RMS90=0.099286
  Electron: n=6154 Mean=1.070089 Std=9.167354 RMS90=0.167054
  Muon: n=2222 Mean=0.908002 Std=1.705977 RMS90=0.030186

Epoch 347
Pretraining energy response (E_pred / E_true) by true-energy bin:
  1-50 GeV: n=40292 Mean=0.862391 Std=0.564398 RMS90=0.124261
  50-150 GeV: n=23832 Mean=0.828762 Std=0.122001 RMS90=0.047827
  >150 GeV: n=68 Mean=0.810692 Std=0.088762 RMS90=0.041144
Pretraining energy response by particle species:
  Neutron: n=13032 Mean=0.781057 Std=0.232992 RMS90=0.116639
  K0: n=11955 Mean=0.863921 Std=0.192161 RMS90=0.104387
  Photon: n=19748 Mean=1.133687 Std=4.635462 RMS90=0.191651
  Pion: n=21287 Mean=0.878473 Std=0.319451 RMS90=0.091328
  Electron: n=6154 Mean=1.716362 Std=42.197895 RMS90=0.165066
  Muon: n=2222 Mean=0.882320 Std=0.260633 RMS90=0.026750

Epoch 348
Pretraining energy response (E_pred / E_true) by true-energy bin:
  1-50 GeV: n=40292 Mean=0.826226 Std=0.318391 RMS90=0.136868
  50-150 GeV: n=23832 Mean=0.798701 Std=0.121100 RMS90=0.053317
  >150 GeV: n=68 Mean=0.750342 Std=0.084120 RMS90=0.061927
Pretraining energy response by particle species:
  Neutron: n=13032 Mean=0.770067 Std=0.258347 RMS90=0.119191
  K0: n=11955 Mean=0.849892 Std=0.190643 RMS90=0.106973
  Photon: n=19748 Mean=1.382152 Std=32.113530 RMS90=0.197294
  Pion: n=21287 Mean=0.838890 Std=2.100361 RMS90=0.105004
  Electron: n=6154 Mean=2.526021 Std=80.699634 RMS90=0.171606
  Muon: n=2222 Mean=0.858892 Std=1.242202 RMS90=0.037351

Epoch 349
Pretraining energy response (E_pred / E_true) by true-energy bin:
  1-50 GeV: n=40292 Mean=0.829550 Std=0.444477 RMS90=0.155967
  50-150 GeV: n=23832 Mean=0.800879 Std=0.121749 RMS90=0.054444
  >150 GeV: n=68 Mean=0.751028 Std=0.080703 RMS90=0.047752
Pretraining energy response by particle species:
  Neutron: n=13032 Mean=0.782299 Std=0.264011 RMS90=0.126681
  K0: n=11955 Mean=0.865232 Std=0.201485 RMS90=0.115053
  Photon: n=19748 Mean=1.126097 Std=5.495993 RMS90=0.203285
  Pion: n=21287 Mean=0.821932 Std=1.304726 RMS90=0.128152
  Electron: n=6154 Mean=2.180815 Std=74.702349 RMS90=0.178476
  Muon: n=2222 Mean=0.927970 Std=3.001339 RMS90=0.046502

Epoch 350
Pretraining energy response (E_pred / E_true) by true-energy bin:
  1-50 GeV: n=40292 Mean=0.844807 Std=0.435310 RMS90=0.123922
  50-150 GeV: n=23832 Mean=0.808389 Std=0.119854 RMS90=0.047932
  >150 GeV: n=68 Mean=0.795962 Std=0.086681 RMS90=0.043264
Pretraining energy response by particle species:
  Neutron: n=13032 Mean=0.765019 Std=0.228224 RMS90=0.115033
  K0: n=11955 Mean=0.846325 Std=0.191118 RMS90=0.105553
  Photon: n=19748 Mean=1.200995 Std=9.214118 RMS90=0.189820
  Pion: n=21287 Mean=0.860636 Std=0.279825 RMS90=0.091546
  Electron: n=6154 Mean=1.095291 Std=10.762762 RMS90=0.159115
  Muon: n=2222 Mean=0.895055 Std=1.371922 RMS90=0.028601

Epoch 351
Pretraining energy response (E_pred / E_true) by true-energy bin:
  1-50 GeV: n=40292 Mean=0.869801 Std=0.505217 RMS90=0.130766
  50-150 GeV: n=23832 Mean=0.854031 Std=0.120208 RMS90=0.043138
  >150 GeV: n=68 Mean=0.845601 Std=0.075899 RMS90=0.038370
Pretraining energy response by particle species:
  Neutron: n=13032 Mean=0.804872 Std=0.238755 RMS90=0.118833
  K0: n=11955 Mean=0.893408 Std=0.192591 RMS90=0.100330
  Photon: n=19748 Mean=1.187256 Std=7.752158 RMS90=0.187232
  Pion: n=21287 Mean=0.882456 Std=0.283615 RMS90=0.094269
  Electron: n=6154 Mean=1.149575 Std=11.375792 RMS90=0.163100
  Muon: n=2222 Mean=0.918497 Std=1.383531 RMS90=0.025034

Epoch 352
Pretraining energy response (E_pred / E_true) by true-energy bin:
  1-50 GeV: n=40292 Mean=0.840974 Std=0.479330 RMS90=0.129815
  50-150 GeV: n=23832 Mean=0.814470 Std=0.121176 RMS90=0.048941
  >150 GeV: n=68 Mean=0.788878 Std=0.078354 RMS90=0.042053
Pretraining energy response by particle species:
  Neutron: n=13032 Mean=0.769792 Std=0.231490 RMS90=0.116393
  K0: n=11955 Mean=0.851870 Std=0.193177 RMS90=0.106196
  Photon: n=19748 Mean=1.190772 Std=7.683305 RMS90=0.193365
  Pion: n=21287 Mean=0.849529 Std=0.274316 RMS90=0.095880
  Electron: n=6154 Mean=1.165038 Std=10.737865 RMS90=0.163077
  Muon: n=2222 Mean=0.970992 Std=5.319657 RMS90=0.026883

Epoch 353
Pretraining energy response (E_pred / E_true) by true-energy bin:
  1-50 GeV: n=40292 Mean=0.815464 Std=0.433266 RMS90=0.124964
  50-150 GeV: n=23832 Mean=0.771167 Std=0.118039 RMS90=0.048880
  >150 GeV: n=68 Mean=0.744885 Std=0.079525 RMS90=0.044004
Pretraining energy response by particle species:
  Neutron: n=13032 Mean=0.733853 Std=0.220592 RMS90=0.111957
  K0: n=11955 Mean=0.809730 Std=0.189902 RMS90=0.104769
  Photon: n=19748 Mean=1.110915 Std=5.640482 RMS90=0.199137
  Pion: n=21287 Mean=0.819508 Std=0.266106 RMS90=0.094435
  Electron: n=6154 Mean=1.432836 Std=25.211777 RMS90=0.165149
  Muon: n=2222 Mean=1.200816 Std=13.579360 RMS90=0.028920

Epoch 354
Pretraining energy response (E_pred / E_true) by true-energy bin:
  1-50 GeV: n=40292 Mean=0.849796 Std=0.357826 RMS90=0.134901
  50-150 GeV: n=23832 Mean=0.819247 Std=0.123784 RMS90=0.051607
  >150 GeV: n=68 Mean=0.780642 Std=0.082048 RMS90=0.058202
Pretraining energy response by particle species:
  Neutron: n=13032 Mean=0.787816 Std=0.261719 RMS90=0.118784
  K0: n=11955 Mean=0.869583 Std=0.195357 RMS90=0.109674
  Photon: n=19748 Mean=1.203431 Std=7.702116 RMS90=0.197834
  Pion: n=21287 Mean=0.851210 Std=0.287296 RMS90=0.100115
  Electron: n=6154 Mean=2.468978 Std=84.220606 RMS90=0.169886
  Muon: n=2222 Mean=1.002217 Std=5.599237 RMS90=0.034863

Epoch 355
Pretraining energy response (E_pred / E_true) by true-energy bin:
  1-50 GeV: n=40292 Mean=0.769773 Std=0.490517 RMS90=0.139536
  50-150 GeV: n=23832 Mean=0.735232 Std=0.111023 RMS90=0.049028
  >150 GeV: n=68 Mean=0.690161 Std=0.066913 RMS90=0.039177
Pretraining energy response by particle species:
  Neutron: n=13032 Mean=0.710170 Std=0.220869 RMS90=0.115308
  K0: n=11955 Mean=0.785786 Std=0.190360 RMS90=0.108592
  Photon: n=19748 Mean=1.161786 Std=11.115626 RMS90=0.197080
  Pion: n=21287 Mean=0.759447 Std=0.252761 RMS90=0.107249
  Electron: n=6154 Mean=1.029944 Std=10.044803 RMS90=0.169807
  Muon: n=2222 Mean=0.814744 Std=1.652435 RMS90=0.033402

Epoch 356
Pretraining energy response (E_pred / E_true) by true-energy bin:
  1-50 GeV: n=40292 Mean=0.820352 Std=0.491393 RMS90=0.125588
  50-150 GeV: n=23832 Mean=0.772892 Std=0.116490 RMS90=0.048444
  >150 GeV: n=68 Mean=0.738882 Std=0.077967 RMS90=0.048483
Pretraining energy response by particle species:
  Neutron: n=13032 Mean=0.742855 Std=0.224230 RMS90=0.114133
  K0: n=11955 Mean=0.820124 Std=0.187545 RMS90=0.104510
  Photon: n=19748 Mean=1.166327 Std=7.764299 RMS90=0.197631
  Pion: n=21287 Mean=0.819011 Std=0.271489 RMS90=0.092247
  Electron: n=6154 Mean=1.189895 Std=12.486373 RMS90=0.167579
  Muon: n=2222 Mean=0.815749 Std=0.220077 RMS90=0.033475

Epoch 357
Pretraining energy response (E_pred / E_true) by true-energy bin:
  1-50 GeV: n=40292 Mean=0.823082 Std=0.316200 RMS90=0.124535
  50-150 GeV: n=23832 Mean=0.783958 Std=0.116877 RMS90=0.047535
  >150 GeV: n=68 Mean=0.762913 Std=0.082087 RMS90=0.040896
Pretraining energy response by particle species:
  Neutron: n=13032 Mean=0.746549 Std=0.224235 RMS90=0.113209
  K0: n=11955 Mean=0.825127 Std=0.191269 RMS90=0.105596
  Photon: n=19748 Mean=1.128663 Std=6.992077 RMS90=0.190640
  Pion: n=21287 Mean=0.832294 Std=0.342995 RMS90=0.091863
  Electron: n=6154 Mean=1.120781 Std=10.848538 RMS90=0.159668
  Muon: n=2222 Mean=1.085865 Std=9.033861 RMS90=0.028205

Epoch 358
Pretraining energy response (E_pred / E_true) by true-energy bin:
  1-50 GeV: n=40292 Mean=0.853546 Std=0.390888 RMS90=0.124560
  50-150 GeV: n=23832 Mean=0.831165 Std=0.127202 RMS90=0.053992
  >150 GeV: n=68 Mean=0.827934 Std=0.087116 RMS90=0.046897
Pretraining energy response by particle species:
  Neutron: n=13032 Mean=0.753820 Std=0.224346 RMS90=0.110691
  K0: n=11955 Mean=0.836803 Std=0.180894 RMS90=0.097134
  Photon: n=19748 Mean=1.102199 Std=3.101689 RMS90=0.185513
  Pion: n=21287 Mean=0.906236 Std=0.829931 RMS90=0.096350
  Electron: n=6154 Mean=1.073813 Std=10.687792 RMS90=0.169475
  Muon: n=2222 Mean=1.184747 Std=11.946002 RMS90=0.023994

Epoch 359
Pretraining energy response (E_pred / E_true) by true-energy bin:
  1-50 GeV: n=40292 Mean=0.810155 Std=0.448383 RMS90=0.133190
  50-150 GeV: n=23832 Mean=0.782250 Std=0.118287 RMS90=0.051149
  >150 GeV: n=68 Mean=0.737185 Std=0.073165 RMS90=0.041718
Pretraining energy response by particle species:
  Neutron: n=13032 Mean=0.748732 Std=0.259046 RMS90=0.116958
  K0: n=11955 Mean=0.826968 Std=0.191283 RMS90=0.107536
  Photon: n=19748 Mean=1.115740 Std=4.558132 RMS90=0.195387
  Pion: n=21287 Mean=0.814965 Std=0.272260 RMS90=0.102752
  Electron: n=6154 Mean=1.118451 Std=13.510355 RMS90=0.168285
  Muon: n=2222 Mean=1.100739 Std=11.640851 RMS90=0.034712

Epoch 360
Pretraining energy response (E_pred / E_true) by true-energy bin:
  1-50 GeV: n=40292 Mean=0.815559 Std=0.347346 RMS90=0.123975
  50-150 GeV: n=23832 Mean=0.783966 Std=0.115666 RMS90=0.045185
  >150 GeV: n=68 Mean=0.760879 Std=0.076232 RMS90=0.041270
Pretraining energy response by particle species:
  Neutron: n=13032 Mean=0.742037 Std=0.224402 RMS90=0.112325
  K0: n=11955 Mean=0.820978 Std=0.186831 RMS90=0.100142
  Photon: n=19748 Mean=1.548689 Std=54.859689 RMS90=0.191362
  Pion: n=21287 Mean=0.834086 Std=0.363297 RMS90=0.093395
  Electron: n=6154 Mean=2.260648 Std=79.237402 RMS90=0.168473
  Muon: n=2222 Mean=0.862468 Std=1.470393 RMS90=0.026562

Epoch 361
Pretraining energy response (E_pred / E_true) by true-energy bin:
  1-50 GeV: n=40292 Mean=0.803782 Std=0.642807 RMS90=0.136726
  50-150 GeV: n=23832 Mean=0.766838 Std=0.115687 RMS90=0.048622
  >150 GeV: n=68 Mean=0.739404 Std=0.071721 RMS90=0.039272
Pretraining energy response by particle species:
  Neutron: n=13032 Mean=0.734685 Std=0.229215 RMS90=0.115840
  K0: n=11955 Mean=0.814218 Std=0.194207 RMS90=0.109085
  Photon: n=19748 Mean=1.086418 Std=4.385444 RMS90=0.195108
  Pion: n=21287 Mean=0.798524 Std=0.267584 RMS90=0.105614
  Electron: n=6154 Mean=1.775809 Std=29.554545 RMS90=0.171756
  Muon: n=2222 Mean=0.801123 Std=0.228306 RMS90=0.032111

Epoch 362
Pretraining energy response (E_pred / E_true) by true-energy bin:
  1-50 GeV: n=40292 Mean=0.905182 Std=0.764330 RMS90=0.132030
  50-150 GeV: n=23832 Mean=0.887212 Std=0.123001 RMS90=0.041690
  >150 GeV: n=68 Mean=0.877329 Std=0.074503 RMS90=0.034290
Pretraining energy response by particle species:
  Neutron: n=13032 Mean=0.822968 Std=0.244633 RMS90=0.118379
  K0: n=11955 Mean=0.916148 Std=0.188744 RMS90=0.095286
  Photon: n=19748 Mean=1.298578 Std=14.950083 RMS90=0.191197
  Pion: n=21287 Mean=0.925746 Std=0.316303 RMS90=0.104515
  Electron: n=6154 Mean=1.224628 Std=12.958944 RMS90=0.173154
  Muon: n=2222 Mean=1.075578 Std=5.485487 RMS90=0.027693

Epoch 363
Pretraining energy response (E_pred / E_true) by true-energy bin:
  1-50 GeV: n=40292 Mean=0.832166 Std=0.584187 RMS90=0.126958
  50-150 GeV: n=23832 Mean=0.776854 Std=0.129585 RMS90=0.057149
  >150 GeV: n=68 Mean=0.759730 Std=0.092021 RMS90=0.055119
Pretraining energy response by particle species:
  Neutron: n=13032 Mean=0.711607 Std=0.213092 RMS90=0.110092
  K0: n=11955 Mean=0.785157 Std=0.177365 RMS90=0.099749
  Photon: n=19748 Mean=1.180787 Std=9.565566 RMS90=0.191826
  Pion: n=21287 Mean=0.876887 Std=0.769781 RMS90=0.100190
  Electron: n=6154 Mean=1.441949 Std=25.140351 RMS90=0.168564
  Muon: n=2222 Mean=0.859420 Std=0.249703 RMS90=0.025966

Epoch 364
Pretraining energy response (E_pred / E_true) by true-energy bin:
  1-50 GeV: n=40292 Mean=0.883495 Std=0.455737 RMS90=0.125951
  50-150 GeV: n=23832 Mean=0.874686 Std=0.131287 RMS90=0.041289
  >150 GeV: n=68 Mean=0.857050 Std=0.085290 RMS90=0.037293
Pretraining energy response by particle species:
  Neutron: n=13032 Mean=0.801892 Std=0.255826 RMS90=0.114242
  K0: n=11955 Mean=0.891105 Std=0.179617 RMS90=0.088974
  Photon: n=19748 Mean=1.286056 Std=11.253679 RMS90=0.195261
  Pion: n=21287 Mean=0.920645 Std=0.972500 RMS90=0.096051
  Electron: n=6154 Mean=1.296878 Std=13.728699 RMS90=0.171051
  Muon: n=2222 Mean=1.016609 Std=4.538800 RMS90=0.031045

Epoch 365
Pretraining energy response (E_pred / E_true) by true-energy bin:
  1-50 GeV: n=40292 Mean=0.901613 Std=0.544616 RMS90=0.132624
  50-150 GeV: n=23832 Mean=0.867356 Std=0.121699 RMS90=0.046486
  >150 GeV: n=68 Mean=0.847106 Std=0.083464 RMS90=0.039854
Pretraining energy response by particle species:
  Neutron: n=13032 Mean=0.823733 Std=0.263650 RMS90=0.118810
  K0: n=11955 Mean=0.912794 Std=0.191618 RMS90=0.099151
  Photon: n=19748 Mean=1.140836 Std=2.175234 RMS90=0.196023
  Pion: n=21287 Mean=0.921405 Std=0.378582 RMS90=0.103770
  Electron: n=6154 Mean=1.355104 Std=13.819740 RMS90=0.180337
  Muon: n=2222 Mean=0.905678 Std=0.301607 RMS90=0.029520

Epoch 366
Pretraining energy response (E_pred / E_true) by true-energy bin:
  1-50 GeV: n=40292 Mean=0.872678 Std=0.489861 RMS90=0.145722
  50-150 GeV: n=23832 Mean=0.885456 Std=0.122426 RMS90=0.046347
  >150 GeV: n=68 Mean=0.850368 Std=0.098912 RMS90=0.047270
Pretraining energy response by particle species:
  Neutron: n=13032 Mean=0.833268 Std=0.283236 RMS90=0.121267
  K0: n=11955 Mean=0.926442 Std=0.186177 RMS90=0.092596
  Photon: n=19748 Mean=1.654572 Std=52.606788 RMS90=0.198128
  Pion: n=21287 Mean=0.872695 Std=0.399325 RMS90=0.113589
  Electron: n=6154 Mean=1.373697 Std=16.839561 RMS90=0.177507
  Muon: n=2222 Mean=0.900610 Std=0.316677 RMS90=0.031120

Epoch 367
Pretraining energy response (E_pred / E_true) by true-energy bin:
  1-50 GeV: n=40292 Mean=0.902172 Std=0.547031 RMS90=0.137229
  50-150 GeV: n=23832 Mean=0.902129 Std=0.130464 RMS90=0.043534
  >150 GeV: n=68 Mean=0.885487 Std=0.077694 RMS90=0.034724
Pretraining energy response by particle species:
  Neutron: n=13032 Mean=0.844494 Std=0.250934 RMS90=0.123007
  K0: n=11955 Mean=0.943768 Std=0.278336 RMS90=0.096776
  Photon: n=19748 Mean=1.133683 Std=4.073656 RMS90=0.188794
  Pion: n=21287 Mean=0.920523 Std=0.326650 RMS90=0.107951
  Electron: n=6154 Mean=1.198356 Std=10.864290 RMS90=0.171790
  Muon: n=2222 Mean=0.991394 Std=3.267366 RMS90=0.028265

Epoch 368
Pretraining energy response (E_pred / E_true) by true-energy bin:
  1-50 GeV: n=40292 Mean=0.836284 Std=0.559787 RMS90=0.125268
  50-150 GeV: n=23832 Mean=0.814742 Std=0.124017 RMS90=0.048316
  >150 GeV: n=68 Mean=0.803823 Std=0.083180 RMS90=0.048307
Pretraining energy response by particle species:
  Neutron: n=13032 Mean=0.754019 Std=0.225871 RMS90=0.112477
  K0: n=11955 Mean=0.836328 Std=0.387045 RMS90=0.097519
  Photon: n=19748 Mean=1.230215 Std=12.215052 RMS90=0.191630
  Pion: n=21287 Mean=0.857831 Std=0.293435 RMS90=0.095717
  Electron: n=6154 Mean=1.502132 Std=26.049046 RMS90=0.166381
  Muon: n=2222 Mean=0.853140 Std=0.222821 RMS90=0.023124

Epoch 369
Pretraining energy response (E_pred / E_true) by true-energy bin:
  1-50 GeV: n=40292 Mean=0.851354 Std=0.407952 RMS90=0.135103
  50-150 GeV: n=23832 Mean=0.857287 Std=0.127453 RMS90=0.053491
  >150 GeV: n=68 Mean=0.845270 Std=0.125550 RMS90=0.043774
Pretraining energy response by particle species:
  Neutron: n=13032 Mean=0.771345 Std=0.240197 RMS90=0.112008
  K0: n=11955 Mean=0.857251 Std=0.178487 RMS90=0.092466
  Photon: n=19748 Mean=1.199488 Std=9.309979 RMS90=0.193513
  Pion: n=21287 Mean=0.889650 Std=0.296072 RMS90=0.111405
  Electron: n=6154 Mean=1.495602 Std=22.350137 RMS90=0.171748
  Muon: n=2222 Mean=0.909936 Std=0.346703 RMS90=0.030140

Epoch 370
Pretraining energy response (E_pred / E_true) by true-energy bin:
  1-50 GeV: n=40292 Mean=0.803797 Std=0.335054 RMS90=0.127610
  50-150 GeV: n=23832 Mean=0.770031 Std=0.124378 RMS90=0.058015
  >150 GeV: n=68 Mean=0.745961 Std=0.086527 RMS90=0.055859
Pretraining energy response by particle species:
  Neutron: n=13032 Mean=0.713977 Std=0.227153 RMS90=0.111424
  K0: n=11955 Mean=0.786698 Std=0.179965 RMS90=0.101600
  Photon: n=19748 Mean=1.138647 Std=8.772342 RMS90=0.200709
  Pion: n=21287 Mean=0.827144 Std=0.285086 RMS90=0.096838
  Electron: n=6154 Mean=1.437541 Std=24.957706 RMS90=0.170289
  Muon: n=2222 Mean=0.866474 Std=1.556412 RMS90=0.027803

Epoch 371
Pretraining energy response (E_pred / E_true) by true-energy bin:
  1-50 GeV: n=40292 Mean=0.913947 Std=0.411248 RMS90=0.138094
  50-150 GeV: n=23832 Mean=0.913002 Std=0.124346 RMS90=0.043305
  >150 GeV: n=68 Mean=0.894478 Std=0.075131 RMS90=0.041828
Pretraining energy response by particle species:
  Neutron: n=13032 Mean=0.862698 Std=0.267026 RMS90=0.121153
  K0: n=11955 Mean=0.959784 Std=0.195057 RMS90=0.097283
  Photon: n=19748 Mean=1.180488 Std=8.890212 RMS90=0.195731
  Pion: n=21287 Mean=0.931867 Std=0.946841 RMS90=0.098774
  Electron: n=6154 Mean=1.497517 Std=25.900505 RMS90=0.172352
  Muon: n=2222 Mean=0.926203 Std=0.279029 RMS90=0.022599

Epoch 372
Pretraining energy response (E_pred / E_true) by true-energy bin:
  1-50 GeV: n=40292 Mean=0.905114 Std=0.602471 RMS90=0.136197
  50-150 GeV: n=23832 Mean=0.908963 Std=0.124272 RMS90=0.044499
  >150 GeV: n=68 Mean=0.893498 Std=0.070064 RMS90=0.037875
Pretraining energy response by particle species:
  Neutron: n=13032 Mean=0.852672 Std=0.269621 RMS90=0.121854
  K0: n=11955 Mean=0.949858 Std=0.191329 RMS90=0.094001
  Photon: n=19748 Mean=1.208184 Std=9.212751 RMS90=0.192237
  Pion: n=21287 Mean=0.916670 Std=0.312742 RMS90=0.099322
  Electron: n=6154 Mean=1.987569 Std=45.078161 RMS90=0.169884
  Muon: n=2222 Mean=0.961257 Std=1.683424 RMS90=0.025331

Epoch 373
Pretraining energy response (E_pred / E_true) by true-energy bin:
  1-50 GeV: n=40292 Mean=0.880682 Std=0.688370 RMS90=0.126295
  50-150 GeV: n=23832 Mean=0.879740 Std=0.123691 RMS90=0.044458
  >150 GeV: n=68 Mean=0.856649 Std=0.076048 RMS90=0.035325
Pretraining energy response by particle species:
  Neutron: n=13032 Mean=0.799212 Std=0.676542 RMS90=0.113479
  K0: n=11955 Mean=0.885256 Std=0.431272 RMS90=0.087416
  Photon: n=19748 Mean=1.137341 Std=2.428169 RMS90=0.189513
  Pion: n=21287 Mean=0.927656 Std=0.973668 RMS90=0.095766
  Electron: n=6154 Mean=1.149887 Std=10.386826 RMS90=0.171186
  Muon: n=2222 Mean=0.929535 Std=0.289821 RMS90=0.025450

Epoch 374
Pretraining energy response (E_pred / E_true) by true-energy bin:
  1-50 GeV: n=40292 Mean=0.880916 Std=0.595260 RMS90=0.133905
  50-150 GeV: n=23832 Mean=0.888428 Std=0.124307 RMS90=0.042906
  >150 GeV: n=68 Mean=0.866367 Std=0.094256 RMS90=0.041984
Pretraining energy response by particle species:
  Neutron: n=13032 Mean=0.809088 Std=0.255753 RMS90=0.115499
  K0: n=11955 Mean=0.900938 Std=0.184360 RMS90=0.089441
  Photon: n=19748 Mean=1.290944 Std=16.914990 RMS90=0.191880
  Pion: n=21287 Mean=0.919900 Std=1.585439 RMS90=0.105421
  Electron: n=6154 Mean=2.358561 Std=69.908664 RMS90=0.166547
  Muon: n=2222 Mean=0.925494 Std=0.223462 RMS90=0.023779

Epoch 375
Pretraining energy response (E_pred / E_true) by true-energy bin:
  1-50 GeV: n=40292 Mean=0.914837 Std=0.440666 RMS90=0.134766
  50-150 GeV: n=23832 Mean=0.918288 Std=0.124885 RMS90=0.044516
  >150 GeV: n=68 Mean=0.904909 Std=0.066498 RMS90=0.034824
Pretraining energy response by particle species:
  Neutron: n=13032 Mean=0.858676 Std=0.253771 RMS90=0.122674
  K0: n=11955 Mean=0.959694 Std=0.190629 RMS90=0.093765
  Photon: n=19748 Mean=1.190118 Std=8.764393 RMS90=0.190652
  Pion: n=21287 Mean=0.932638 Std=0.293771 RMS90=0.100155
  Electron: n=6154 Mean=2.387738 Std=83.523560 RMS90=0.172354
  Muon: n=2222 Mean=0.965483 Std=1.277015 RMS90=0.028266

Epoch 376
Pretraining energy response (E_pred / E_true) by true-energy bin:
  1-50 GeV: n=40292 Mean=0.867917 Std=0.448910 RMS90=0.133268
  50-150 GeV: n=23832 Mean=0.874542 Std=0.121020 RMS90=0.041363
  >150 GeV: n=68 Mean=0.864542 Std=0.075284 RMS90=0.035364
Pretraining energy response by particle species:
  Neutron: n=13032 Mean=0.808878 Std=0.255000 RMS90=0.116747
  K0: n=11955 Mean=0.898161 Std=0.184097 RMS90=0.093559
  Photon: n=19748 Mean=1.392789 Std=33.116940 RMS90=0.188265
  Pion: n=21287 Mean=0.887035 Std=0.304484 RMS90=0.099545
  Electron: n=6154 Mean=1.147536 Std=10.930679 RMS90=0.168164
  Muon: n=2222 Mean=0.889792 Std=0.234932 RMS90=0.036823

Epoch 377
Pretraining energy response (E_pred / E_true) by true-energy bin:
  1-50 GeV: n=40292 Mean=0.849377 Std=1.064009 RMS90=0.144884
  50-150 GeV: n=23832 Mean=0.841040 Std=0.607308 RMS90=0.051596
  >150 GeV: n=68 Mean=0.786915 Std=0.099477 RMS90=0.054858
Pretraining energy response by particle species:
  Neutron: n=13032 Mean=0.794112 Std=0.253697 RMS90=0.121792
  K0: n=11955 Mean=0.878407 Std=0.191521 RMS90=0.106318
  Photon: n=19748 Mean=1.187904 Std=9.709056 RMS90=0.198863
  Pion: n=21287 Mean=0.842772 Std=0.279624 RMS90=0.108503
  Electron: n=6154 Mean=2.175148 Std=50.142584 RMS90=0.174270
  Muon: n=2222 Mean=0.861282 Std=0.211738 RMS90=0.033124

Epoch 378
Pretraining energy response (E_pred / E_true) by true-energy bin:
  1-50 GeV: n=40292 Mean=0.866268 Std=0.469904 RMS90=0.127384
  50-150 GeV: n=23832 Mean=0.868080 Std=0.124383 RMS90=0.045642
  >150 GeV: n=68 Mean=0.858800 Std=0.088822 RMS90=0.043349
Pretraining energy response by particle species:
  Neutron: n=13032 Mean=0.789509 Std=0.252857 RMS90=0.115561
  K0: n=11955 Mean=0.876401 Std=0.182069 RMS90=0.092453
  Photon: n=19748 Mean=1.156169 Std=8.091819 RMS90=0.186925
  Pion: n=21287 Mean=0.901843 Std=0.340770 RMS90=0.098834
  Electron: n=6154 Mean=1.951062 Std=48.297984 RMS90=0.163023
  Muon: n=2222 Mean=0.984160 Std=3.639394 RMS90=0.026980

Epoch 379
Pretraining energy response (E_pred / E_true) by true-energy bin:
  1-50 GeV: n=40292 Mean=0.870177 Std=0.434126 RMS90=0.141727
  50-150 GeV: n=23832 Mean=0.861968 Std=0.126245 RMS90=0.049834
  >150 GeV: n=68 Mean=0.842508 Std=0.075558 RMS90=0.043134
Pretraining energy response by particle species:
  Neutron: n=13032 Mean=0.816818 Std=0.245540 RMS90=0.122958
  K0: n=11955 Mean=0.904803 Std=0.199834 RMS90=0.110719
  Photon: n=19748 Mean=1.159178 Std=8.867807 RMS90=0.193114
  Pion: n=21287 Mean=0.872899 Std=0.340974 RMS90=0.101065
  Electron: n=6154 Mean=1.655923 Std=47.524237 RMS90=0.167728
  Muon: n=2222 Mean=0.992466 Std=4.948628 RMS90=0.030956

Epoch 380
Pretraining energy response (E_pred / E_true) by true-energy bin:
  1-50 GeV: n=40292 Mean=0.895831 Std=0.485665 RMS90=0.134441
  50-150 GeV: n=23832 Mean=0.880521 Std=0.132391 RMS90=0.048831
  >150 GeV: n=68 Mean=0.858933 Std=0.077618 RMS90=0.042368
Pretraining energy response by particle species:
  Neutron: n=13032 Mean=0.850909 Std=0.254769 RMS90=0.126528
  K0: n=11955 Mean=0.945556 Std=0.206505 RMS90=0.109312
  Photon: n=19748 Mean=1.154601 Std=5.435910 RMS90=0.189748
  Pion: n=21287 Mean=0.888113 Std=0.273581 RMS90=0.087780
  Electron: n=6154 Mean=1.283050 Std=14.758833 RMS90=0.160737
  Muon: n=2222 Mean=0.885965 Std=0.215613 RMS90=0.027588

Epoch 381
Pretraining energy response (E_pred / E_true) by true-energy bin:
  1-50 GeV: n=40292 Mean=0.855379 Std=0.310301 RMS90=0.125004
  50-150 GeV: n=23832 Mean=0.841339 Std=0.123250 RMS90=0.048747
  >150 GeV: n=68 Mean=0.827723 Std=0.086813 RMS90=0.045517
Pretraining energy response by particle species:
  Neutron: n=13032 Mean=0.789387 Std=0.234845 RMS90=0.117051
  K0: n=11955 Mean=0.873956 Std=0.190206 RMS90=0.101334
  Photon: n=19748 Mean=1.144617 Std=7.622200 RMS90=0.188871
  Pion: n=21287 Mean=0.870106 Std=0.309789 RMS90=0.088442
  Electron: n=6154 Mean=2.421491 Std=86.983059 RMS90=0.163281
  Muon: n=2222 Mean=0.952886 Std=3.657815 RMS90=0.030994

Epoch 382
Pretraining energy response (E_pred / E_true) by true-energy bin:
  1-50 GeV: n=40292 Mean=0.869386 Std=0.507302 RMS90=0.150625
  50-150 GeV: n=23832 Mean=0.852617 Std=0.138277 RMS90=0.054120
  >150 GeV: n=68 Mean=0.822137 Std=0.073075 RMS90=0.044749
Pretraining energy response by particle species:
  Neutron: n=13032 Mean=0.826221 Std=0.288841 RMS90=0.133847
  K0: n=11955 Mean=0.918346 Std=0.506388 RMS90=0.120672
  Photon: n=19748 Mean=2.449999 Std=181.390339 RMS90=0.201774
  Pion: n=21287 Mean=0.856241 Std=0.277320 RMS90=0.112026
  Electron: n=6154 Mean=2.121795 Std=83.254049 RMS90=0.173956
  Muon: n=2222 Mean=0.882083 Std=0.213993 RMS90=0.031526

Epoch 383
Pretraining energy response (E_pred / E_true) by true-energy bin:
  1-50 GeV: n=40292 Mean=0.864028 Std=0.561276 RMS90=0.134202
  50-150 GeV: n=23832 Mean=0.835444 Std=0.123930 RMS90=0.050869
  >150 GeV: n=68 Mean=0.806464 Std=0.073993 RMS90=0.044841
Pretraining energy response by particle species:
  Neutron: n=13032 Mean=0.809022 Std=0.254176 RMS90=0.122654
  K0: n=11955 Mean=0.893581 Std=0.198183 RMS90=0.109262
  Photon: n=19748 Mean=1.185521 Std=11.307145 RMS90=0.192551
  Pion: n=21287 Mean=0.855759 Std=0.280691 RMS90=0.092549
  Electron: n=6154 Mean=1.679928 Std=34.457437 RMS90=0.163298
  Muon: n=2222 Mean=0.856012 Std=0.212899 RMS90=0.032315

Epoch 384
Pretraining energy response (E_pred / E_true) by true-energy bin:
  1-50 GeV: n=40292 Mean=0.911143 Std=0.417530 RMS90=0.133628
  50-150 GeV: n=23832 Mean=0.902006 Std=0.125462 RMS90=0.051764
  >150 GeV: n=68 Mean=0.875919 Std=0.088834 RMS90=0.055367
Pretraining energy response by particle species:
  Neutron: n=13032 Mean=0.860477 Std=0.253677 RMS90=0.121937
  K0: n=11955 Mean=0.958642 Std=0.194461 RMS90=0.098335
  Photon: n=19748 Mean=1.217205 Std=9.423012 RMS90=0.194305
  Pion: n=21287 Mean=0.909564 Std=0.293953 RMS90=0.090901
  Electron: n=6154 Mean=2.114736 Std=39.400124 RMS90=0.164171
  Muon: n=2222 Mean=0.903308 Std=0.232574 RMS90=0.031388

Epoch 385
Pretraining energy response (E_pred / E_true) by true-energy bin:
  1-50 GeV: n=40292 Mean=0.832588 Std=0.350631 RMS90=0.130556
  50-150 GeV: n=23832 Mean=0.814613 Std=0.124028 RMS90=0.054381
  >150 GeV: n=68 Mean=0.797257 Std=0.087252 RMS90=0.045830
Pretraining energy response by particle species:
  Neutron: n=13032 Mean=0.754412 Std=0.225715 RMS90=0.113805
  K0: n=11955 Mean=0.834248 Std=0.186121 RMS90=0.103029
  Photon: n=19748 Mean=1.167283 Std=8.394435 RMS90=0.189859
  Pion: n=21287 Mean=0.850173 Std=0.268319 RMS90=0.101609
  Electron: n=6154 Mean=1.428669 Std=25.426949 RMS90=0.159758
  Muon: n=2222 Mean=0.868116 Std=0.210533 RMS90=0.034225

Epoch 386
Pretraining energy response (E_pred / E_true) by true-energy bin:
  1-50 GeV: n=40292 Mean=0.888476 Std=0.363302 RMS90=0.127697
  50-150 GeV: n=23832 Mean=0.876298 Std=0.123567 RMS90=0.044895
  >150 GeV: n=68 Mean=0.861945 Std=0.074333 RMS90=0.043650
Pretraining energy response by particle species:
  Neutron: n=13032 Mean=0.822466 Std=0.283135 RMS90=0.120818
  K0: n=11955 Mean=0.911187 Std=0.191794 RMS90=0.101275
  Photon: n=19748 Mean=1.147183 Std=7.512833 RMS90=0.188029
  Pion: n=21287 Mean=0.907467 Std=0.294609 RMS90=0.095862
  Electron: n=6154 Mean=1.184122 Std=11.739684 RMS90=0.162402
  Muon: n=2222 Mean=0.917964 Std=0.217682 RMS90=0.031876

Epoch 387
Pretraining energy response (E_pred / E_true) by true-energy bin:
  1-50 GeV: n=40292 Mean=0.827759 Std=0.418291 RMS90=0.138522
  50-150 GeV: n=23832 Mean=0.797204 Std=0.120064 RMS90=0.055616
  >150 GeV: n=68 Mean=0.766515 Std=0.080634 RMS90=0.049534
Pretraining energy response by particle species:
  Neutron: n=13032 Mean=0.787324 Std=0.238013 RMS90=0.123298
  K0: n=11955 Mean=0.869542 Std=0.195859 RMS90=0.111886
  Photon: n=19748 Mean=1.126373 Std=7.620653 RMS90=0.188563
  Pion: n=21287 Mean=0.798622 Std=0.275188 RMS90=0.086766
  Electron: n=6154 Mean=1.586397 Std=30.755877 RMS90=0.163795
  Muon: n=2222 Mean=0.788691 Std=0.210897 RMS90=0.028004

Epoch 388
Pretraining energy response (E_pred / E_true) by true-energy bin:
  1-50 GeV: n=40292 Mean=0.843202 Std=0.488932 RMS90=0.145620
  50-150 GeV: n=23832 Mean=0.832652 Std=0.123572 RMS90=0.050841
  >150 GeV: n=68 Mean=0.810155 Std=0.079517 RMS90=0.043366
Pretraining energy response by particle species:
  Neutron: n=13032 Mean=0.795770 Std=0.259149 RMS90=0.125811
  K0: n=11955 Mean=0.880383 Std=0.196739 RMS90=0.111480
  Photon: n=19748 Mean=1.147589 Std=9.104557 RMS90=0.193287
  Pion: n=21287 Mean=0.841675 Std=0.296470 RMS90=0.110085
  Electron: n=6154 Mean=2.130362 Std=85.303851 RMS90=0.169738
  Muon: n=2222 Mean=1.047703 Std=6.240045 RMS90=0.029804

Epoch 389
Pretraining energy response (E_pred / E_true) by true-energy bin:
  1-50 GeV: n=40292 Mean=0.846777 Std=0.451957 RMS90=0.136981
  50-150 GeV: n=23832 Mean=0.840412 Std=0.122979 RMS90=0.050485
  >150 GeV: n=68 Mean=0.815161 Std=0.076316 RMS90=0.042947
Pretraining energy response by particle species:
  Neutron: n=13032 Mean=0.791016 Std=0.244003 RMS90=0.119058
  K0: n=11955 Mean=0.875006 Std=0.191399 RMS90=0.104906
  Photon: n=19748 Mean=1.132730 Std=8.660683 RMS90=0.187540
  Pion: n=21287 Mean=0.860136 Std=0.282852 RMS90=0.107073
  Electron: n=6154 Mean=1.388467 Std=25.885493 RMS90=0.163862
  Muon: n=2222 Mean=0.877392 Std=0.205370 RMS90=0.032879

Epoch 390
Pretraining energy response (E_pred / E_true) by true-energy bin:
  1-50 GeV: n=40292 Mean=0.871566 Std=0.440460 RMS90=0.135727
  50-150 GeV: n=23832 Mean=0.847433 Std=0.125509 RMS90=0.052299
  >150 GeV: n=68 Mean=0.817835 Std=0.083399 RMS90=0.043429
Pretraining energy response by particle species:
  Neutron: n=13032 Mean=0.819164 Std=0.247208 RMS90=0.127917
  K0: n=11955 Mean=0.905902 Std=0.203346 RMS90=0.115763
  Photon: n=19748 Mean=1.140278 Std=7.789384 RMS90=0.192555
  Pion: n=21287 Mean=0.863764 Std=0.306227 RMS90=0.090410
  Electron: n=6154 Mean=1.117909 Std=10.778152 RMS90=0.161242
  Muon: n=2222 Mean=0.898913 Std=1.481772 RMS90=0.030191

Epoch 391
Pretraining energy response (E_pred / E_true) by true-energy bin:
  1-50 GeV: n=40292 Mean=0.877243 Std=0.392399 RMS90=0.143895
  50-150 GeV: n=23832 Mean=0.882006 Std=0.124624 RMS90=0.047638
  >150 GeV: n=68 Mean=0.862147 Std=0.090294 RMS90=0.038234
Pretraining energy response by particle species:
  Neutron: n=13032 Mean=0.839165 Std=0.251327 RMS90=0.125300
  K0: n=11955 Mean=0.931344 Std=0.197485 RMS90=0.105552
  Photon: n=19748 Mean=1.165819 Std=8.498365 RMS90=0.194479
  Pion: n=21287 Mean=0.891921 Std=1.704623 RMS90=0.104287
  Electron: n=6154 Mean=1.054233 Std=9.885848 RMS90=0.167338
  Muon: n=2222 Mean=0.891711 Std=0.213590 RMS90=0.028276

Epoch 392
Pretraining energy response (E_pred / E_true) by true-energy bin:
  1-50 GeV: n=40292 Mean=0.908445 Std=0.411523 RMS90=0.125779
  50-150 GeV: n=23832 Mean=0.893967 Std=0.125864 RMS90=0.045146
  >150 GeV: n=68 Mean=0.873699 Std=0.081123 RMS90=0.041314
Pretraining energy response by particle species:
  Neutron: n=13032 Mean=0.832976 Std=0.245812 RMS90=0.121484
  K0: n=11955 Mean=0.925720 Std=0.190021 RMS90=0.096357
  Photon: n=19748 Mean=1.115049 Std=1.382490 RMS90=0.189345
  Pion: n=21287 Mean=0.939721 Std=1.455224 RMS90=0.093903
  Electron: n=6154 Mean=1.447890 Std=23.470658 RMS90=0.164376
  Muon: n=2222 Mean=0.924227 Std=0.262205 RMS90=0.032651

Epoch 393
Pretraining energy response (E_pred / E_true) by true-energy bin:
  1-50 GeV: n=40292 Mean=0.882921 Std=0.447570 RMS90=0.126753
  50-150 GeV: n=23832 Mean=0.879864 Std=0.126937 RMS90=0.048011
  >150 GeV: n=68 Mean=0.865819 Std=0.101131 RMS90=0.038899
Pretraining energy response by particle species:
  Neutron: n=13032 Mean=0.804419 Std=0.591290 RMS90=0.116819
  K0: n=11955 Mean=0.888117 Std=0.184095 RMS90=0.094706
  Photon: n=19748 Mean=1.112798 Std=2.188919 RMS90=0.186263
  Pion: n=21287 Mean=0.921944 Std=0.337139 RMS90=0.091861
  Electron: n=6154 Mean=1.150287 Std=10.975867 RMS90=0.163063
  Muon: n=2222 Mean=0.923884 Std=0.208760 RMS90=0.027295

Epoch 394
Pretraining energy response (E_pred / E_true) by true-energy bin:
  1-50 GeV: n=40292 Mean=0.895338 Std=0.460649 RMS90=0.139961
  50-150 GeV: n=23832 Mean=0.881236 Std=0.126202 RMS90=0.049657
  >150 GeV: n=68 Mean=0.853361 Std=0.093150 RMS90=0.045313
Pretraining energy response by particle species:
  Neutron: n=13032 Mean=0.847036 Std=0.254453 RMS90=0.129757
  K0: n=11955 Mean=0.940540 Std=0.204934 RMS90=0.112593
  Photon: n=19748 Mean=1.167747 Std=7.931345 RMS90=0.192936
  Pion: n=21287 Mean=0.891918 Std=0.328788 RMS90=0.094036
  Electron: n=6154 Mean=1.444789 Std=24.899718 RMS90=0.161969
  Muon: n=2222 Mean=0.972815 Std=3.577602 RMS90=0.027655

Epoch 395
Pretraining energy response (E_pred / E_true) by true-energy bin:
  1-50 GeV: n=40292 Mean=0.872704 Std=0.484677 RMS90=0.149727
  50-150 GeV: n=23832 Mean=0.861341 Std=0.126306 RMS90=0.052265
  >150 GeV: n=68 Mean=0.826601 Std=0.096336 RMS90=0.046454
Pretraining energy response by particle species:
  Neutron: n=13032 Mean=0.833924 Std=0.255252 RMS90=0.129169
  K0: n=11955 Mean=0.924502 Std=0.206101 RMS90=0.114360
  Photon: n=19748 Mean=1.176923 Std=8.786320 RMS90=0.194199
  Pion: n=21287 Mean=0.857076 Std=0.305764 RMS90=0.103285
  Electron: n=6154 Mean=1.841870 Std=48.725211 RMS90=0.165114
  Muon: n=2222 Mean=0.968628 Std=4.715211 RMS90=0.027541

Epoch 396
Pretraining energy response (E_pred / E_true) by true-energy bin:
  1-50 GeV: n=40292 Mean=0.844822 Std=0.355037 RMS90=0.144513
  50-150 GeV: n=23832 Mean=0.829955 Std=0.124146 RMS90=0.055397
  >150 GeV: n=68 Mean=0.794316 Std=0.099922 RMS90=0.054656
Pretraining energy response by particle species:
  Neutron: n=13032 Mean=0.807190 Std=0.254532 RMS90=0.123953
  K0: n=11955 Mean=0.892505 Std=0.196812 RMS90=0.109434
  Photon: n=19748 Mean=1.184656 Std=8.710206 RMS90=0.192954
  Pion: n=21287 Mean=0.833050 Std=1.438971 RMS90=0.099075
  Electron: n=6154 Mean=1.394647 Std=24.065105 RMS90=0.165216
  Muon: n=2222 Mean=0.823339 Std=0.198504 RMS90=0.026942

Epoch 397
Pretraining energy response (E_pred / E_true) by true-energy bin:
  1-50 GeV: n=40292 Mean=0.867153 Std=0.441458 RMS90=0.143883
  50-150 GeV: n=23832 Mean=0.856203 Std=0.125027 RMS90=0.053057
  >150 GeV: n=68 Mean=0.808605 Std=0.100454 RMS90=0.056744
Pretraining energy response by particle species:
  Neutron: n=13032 Mean=0.820112 Std=0.246917 RMS90=0.124489
  K0: n=11955 Mean=0.911170 Std=0.195289 RMS90=0.104687
  Photon: n=19748 Mean=1.239359 Std=9.993893 RMS90=0.201930
  Pion: n=21287 Mean=0.856794 Std=0.285775 RMS90=0.101506
  Electron: n=6154 Mean=1.798954 Std=49.670706 RMS90=0.170192
  Muon: n=2222 Mean=0.940465 Std=3.422474 RMS90=0.034101

Epoch 398
Pretraining energy response (E_pred / E_true) by true-energy bin:
  1-50 GeV: n=40292 Mean=0.911757 Std=0.527948 RMS90=0.139812
  50-150 GeV: n=23832 Mean=0.910137 Std=0.125272 RMS90=0.044109
  >150 GeV: n=68 Mean=0.882928 Std=0.103480 RMS90=0.037054
Pretraining energy response by particle species:
  Neutron: n=13032 Mean=0.858747 Std=0.255157 RMS90=0.126081
  K0: n=11955 Mean=0.956712 Std=0.197696 RMS90=0.100672
  Photon: n=19748 Mean=1.116731 Std=1.666093 RMS90=0.191059
  Pion: n=21287 Mean=0.917826 Std=0.298572 RMS90=0.101532
  Electron: n=6154 Mean=1.426624 Std=27.239684 RMS90=0.165135
  Muon: n=2222 Mean=0.930290 Std=0.210940 RMS90=0.028580

Epoch 399
Pretraining energy response (E_pred / E_true) by true-energy bin:
  1-50 GeV: n=40292 Mean=0.838716 Std=0.336265 RMS90=0.155874
  50-150 GeV: n=23832 Mean=0.805840 Std=0.130801 RMS90=0.067987
  >150 GeV: n=68 Mean=0.761307 Std=0.087046 RMS90=0.061722
Pretraining energy response by particle species:
  Neutron: n=13032 Mean=0.818671 Std=0.255541 RMS90=0.142054
  K0: n=11955 Mean=0.905197 Std=0.217974 RMS90=0.132804
  Photon: n=19748 Mean=1.086626 Std=2.778244 RMS90=0.188964
  Pion: n=21287 Mean=0.793037 Std=0.284861 RMS90=0.093082
  Electron: n=6154 Mean=1.059370 Std=10.510983 RMS90=0.161918
  Muon: n=2222 Mean=0.786540 Std=0.195730 RMS90=0.025271

Epoch 400
Pretraining energy response (E_pred / E_true) by true-energy bin:
  1-50 GeV: n=40292 Mean=0.914952 Std=0.335350 RMS90=0.128983
  50-150 GeV: n=23832 Mean=0.914082 Std=0.128159 RMS90=0.045347
  >150 GeV: n=68 Mean=0.893108 Std=0.094631 RMS90=0.040532
Pretraining energy response by particle species:
  Neutron: n=13032 Mean=0.855282 Std=0.252987 RMS90=0.124688
  K0: n=11955 Mean=0.950954 Std=0.193272 RMS90=0.099206
  Photon: n=19748 Mean=1.107720 Std=1.398633 RMS90=0.191398
  Pion: n=21287 Mean=0.936497 Std=0.298304 RMS90=0.091171
  Electron: n=6154 Mean=1.625287 Std=31.204867 RMS90=0.163872
  Muon: n=2222 Mean=0.933758 Std=0.232683 RMS90=0.025885

Epoch 401
Pretraining energy response (E_pred / E_true) by true-energy bin:
  1-50 GeV: n=40292 Mean=0.916545 Std=0.461643 RMS90=0.139800
  50-150 GeV: n=23832 Mean=0.918018 Std=0.127516 RMS90=0.048232
  >150 GeV: n=68 Mean=0.890314 Std=0.080615 RMS90=0.043047
Pretraining energy response by particle species:
  Neutron: n=13032 Mean=0.870116 Std=0.269951 RMS90=0.127810
  K0: n=11955 Mean=0.967700 Std=0.197156 RMS90=0.102202
  Photon: n=19748 Mean=1.113470 Std=1.605556 RMS90=0.196681
  Pion: n=21287 Mean=0.922545 Std=0.328202 RMS90=0.096293
  Electron: n=6154 Mean=1.873435 Std=52.946946 RMS90=0.170675
  Muon: n=2222 Mean=1.046063 Std=4.401095 RMS90=0.026905

Epoch 402
Pretraining energy response (E_pred / E_true) by true-energy bin:
  1-50 GeV: n=40292 Mean=0.874533 Std=0.377540 RMS90=0.139769
  50-150 GeV: n=23832 Mean=0.855905 Std=0.127156 RMS90=0.056808
  >150 GeV: n=68 Mean=0.821106 Std=0.084148 RMS90=0.052986
Pretraining energy response by particle species:
  Neutron: n=13032 Mean=0.831968 Std=0.257046 RMS90=0.128070
  K0: n=11955 Mean=0.920193 Std=0.200716 RMS90=0.113437
  Photon: n=19748 Mean=1.088625 Std=1.514493 RMS90=0.191851
  Pion: n=21287 Mean=0.868649 Std=0.914143 RMS90=0.091548
  Electron: n=6154 Mean=1.570759 Std=29.262661 RMS90=0.160320
  Muon: n=2222 Mean=0.852875 Std=0.202982 RMS90=0.025759

Epoch 403
Pretraining energy response (E_pred / E_true) by true-energy bin:
  1-50 GeV: n=40292 Mean=0.890239 Std=0.397565 RMS90=0.145165
  50-150 GeV: n=23832 Mean=0.886379 Std=0.126600 RMS90=0.049776
  >150 GeV: n=68 Mean=0.847045 Std=0.081346 RMS90=0.047078
Pretraining energy response by particle species:
  Neutron: n=13032 Mean=0.841555 Std=0.269154 RMS90=0.126012
  K0: n=11955 Mean=0.933159 Std=0.197586 RMS90=0.105646
  Photon: n=19748 Mean=1.165553 Std=4.131533 RMS90=0.198619
  Pion: n=21287 Mean=0.891308 Std=0.292484 RMS90=0.107971
  Electron: n=6154 Mean=1.111891 Std=10.726915 RMS90=0.170397
  Muon: n=2222 Mean=0.964475 Std=2.915193 RMS90=0.028941

Epoch 404
Pretraining energy response (E_pred / E_true) by true-energy bin:
  1-50 GeV: n=40292 Mean=0.904743 Std=0.568723 RMS90=0.142012
  50-150 GeV: n=23832 Mean=0.897976 Std=0.127215 RMS90=0.048699
  >150 GeV: n=68 Mean=0.865577 Std=0.094168 RMS90=0.039772
Pretraining energy response by particle species:
  Neutron: n=13032 Mean=0.863284 Std=0.697799 RMS90=0.129384
  K0: n=11955 Mean=0.952971 Std=0.202490 RMS90=0.109382
  Photon: n=19748 Mean=1.181306 Std=10.636367 RMS90=0.195168
  Pion: n=21287 Mean=0.906773 Std=0.321100 RMS90=0.099423
  Electron: n=6154 Mean=2.168147 Std=60.065074 RMS90=0.169495
  Muon: n=2222 Mean=0.910482 Std=0.211787 RMS90=0.025502

Epoch 405
Pretraining energy response (E_pred / E_true) by true-energy bin:
  1-50 GeV: n=40292 Mean=0.907555 Std=0.402684 RMS90=0.135815
  50-150 GeV: n=23832 Mean=0.908570 Std=0.125181 RMS90=0.044311
  >150 GeV: n=68 Mean=0.887442 Std=0.091863 RMS90=0.033672
Pretraining energy response by particle species:
  Neutron: n=13032 Mean=0.858376 Std=0.271230 RMS90=0.124923
  K0: n=11955 Mean=0.954452 Std=0.195454 RMS90=0.100644
  Photon: n=19748 Mean=1.109550 Std=1.883905 RMS90=0.192366
  Pion: n=21287 Mean=0.919141 Std=0.389390 RMS90=0.094319
  Electron: n=6154 Mean=1.574782 Std=29.082780 RMS90=0.165686
  Muon: n=2222 Mean=0.919195 Std=0.227186 RMS90=0.022233

Epoch 406
Pretraining energy response (E_pred / E_true) by true-energy bin:
  1-50 GeV: n=40292 Mean=0.892628 Std=0.470744 RMS90=0.143307
  50-150 GeV: n=23832 Mean=0.901625 Std=0.124485 RMS90=0.044219
  >150 GeV: n=68 Mean=0.871724 Std=0.089935 RMS90=0.032610
Pretraining energy response by particle species:
  Neutron: n=13032 Mean=0.850411 Std=0.254648 RMS90=0.126435
  K0: n=11955 Mean=0.947390 Std=0.197338 RMS90=0.102329
  Photon: n=19748 Mean=1.104895 Std=2.320007 RMS90=0.189649
  Pion: n=21287 Mean=0.901782 Std=0.350297 RMS90=0.104293
  Electron: n=6154 Mean=1.587268 Std=29.319002 RMS90=0.163128
  Muon: n=2222 Mean=0.913809 Std=0.207508 RMS90=0.023061

Epoch 407
Pretraining energy response (E_pred / E_true) by true-energy bin:
  1-50 GeV: n=40292 Mean=0.860645 Std=0.411936 RMS90=0.145462
  50-150 GeV: n=23832 Mean=0.844183 Std=0.126032 RMS90=0.053238
  >150 GeV: n=68 Mean=0.808636 Std=0.093088 RMS90=0.043107
Pretraining energy response by particle species:
  Neutron: n=13032 Mean=0.816858 Std=0.260564 RMS90=0.127047
  K0: n=11955 Mean=0.903685 Std=0.200029 RMS90=0.113786
  Photon: n=19748 Mean=1.091521 Std=1.766189 RMS90=0.194884
  Pion: n=21287 Mean=0.849927 Std=0.330662 RMS90=0.102632
  Electron: n=6154 Mean=1.507860 Std=28.004508 RMS90=0.162163
  Muon: n=2222 Mean=0.850494 Std=0.202440 RMS90=0.027340

Epoch 408
Pretraining energy response (E_pred / E_true) by true-energy bin:
  1-50 GeV: n=40292 Mean=0.910060 Std=0.523217 RMS90=0.137213
  50-150 GeV: n=23832 Mean=0.909822 Std=0.126290 RMS90=0.045096
  >150 GeV: n=68 Mean=0.882933 Std=0.096502 RMS90=0.036559
Pretraining energy response by particle species:
  Neutron: n=13032 Mean=0.858654 Std=0.570074 RMS90=0.124727
  K0: n=11955 Mean=0.950236 Std=0.195612 RMS90=0.101865
  Photon: n=19748 Mean=1.184454 Std=11.410689 RMS90=0.192913
  Pion: n=21287 Mean=0.923745 Std=0.317731 RMS90=0.094190
  Electron: n=6154 Mean=1.238927 Std=13.430361 RMS90=0.164172
  Muon: n=2222 Mean=0.928714 Std=0.215132 RMS90=0.023201

Epoch 409
Pretraining energy response (E_pred / E_true) by true-energy bin:
  1-50 GeV: n=40292 Mean=0.915156 Std=0.340088 RMS90=0.133385
  50-150 GeV: n=23832 Mean=0.913322 Std=0.136617 RMS90=0.047771
  >150 GeV: n=68 Mean=0.889100 Std=0.102556 RMS90=0.035984
Pretraining energy response by particle species:
  Neutron: n=13032 Mean=0.862230 Std=0.255871 RMS90=0.126994
  K0: n=11955 Mean=0.956545 Std=0.199656 RMS90=0.107280
  Photon: n=19748 Mean=1.105540 Std=1.473781 RMS90=0.192562
  Pion: n=21287 Mean=0.932806 Std=0.291024 RMS90=0.094773
  Electron: n=6154 Mean=1.592849 Std=30.328180 RMS90=0.162348
  Muon: n=2222 Mean=1.026783 Std=4.258948 RMS90=0.025047

Epoch 410
Pretraining energy response (E_pred / E_true) by true-energy bin:
  1-50 GeV: n=40292 Mean=0.889486 Std=0.378642 RMS90=0.133507
  50-150 GeV: n=23832 Mean=0.883895 Std=0.130087 RMS90=0.051948
  >150 GeV: n=68 Mean=0.853708 Std=0.096060 RMS90=0.042591
Pretraining energy response by particle species:
  Neutron: n=13032 Mean=0.834230 Std=0.249961 RMS90=0.128786
  K0: n=11955 Mean=0.922886 Std=0.200546 RMS90=0.112023
  Photon: n=19748 Mean=1.111207 Std=2.669668 RMS90=0.194262
  Pion: n=21287 Mean=0.905668 Std=0.313810 RMS90=0.096487
  Electron: n=6154 Mean=1.468697 Std=24.915555 RMS90=0.162512
  Muon: n=2222 Mean=0.911840 Std=0.210420 RMS90=0.025298

Epoch 411
Pretraining energy response (E_pred / E_true) by true-energy bin:
  1-50 GeV: n=40292 Mean=0.896080 Std=0.578361 RMS90=0.147787
  50-150 GeV: n=23832 Mean=0.889958 Std=0.126979 RMS90=0.049616
  >150 GeV: n=68 Mean=0.853220 Std=0.088610 RMS90=0.043286
Pretraining energy response by particle species:
  Neutron: n=13032 Mean=0.846684 Std=0.704166 RMS90=0.124068
  K0: n=11955 Mean=0.933078 Std=0.196720 RMS90=0.102695
  Photon: n=19748 Mean=1.256210 Std=10.875185 RMS90=0.203340
  Pion: n=21287 Mean=0.910144 Std=1.489229 RMS90=0.115468
  Electron: n=6154 Mean=2.558730 Std=73.326956 RMS90=0.176751
  Muon: n=2222 Mean=0.916630 Std=0.216864 RMS90=0.032359

Epoch 412
Pretraining energy response (E_pred / E_true) by true-energy bin:
  1-50 GeV: n=40292 Mean=0.885748 Std=0.400880 RMS90=0.140574
  50-150 GeV: n=23832 Mean=0.878120 Std=0.127231 RMS90=0.051397
  >150 GeV: n=68 Mean=0.841505 Std=0.080349 RMS90=0.045318
Pretraining energy response by particle species:
  Neutron: n=13032 Mean=0.836897 Std=0.292454 RMS90=0.126874
  K0: n=11955 Mean=0.926446 Std=0.198640 RMS90=0.108707
  Photon: n=19748 Mean=1.160244 Std=5.390233 RMS90=0.195748
  Pion: n=21287 Mean=0.898669 Std=1.507663 RMS90=0.100909
  Electron: n=6154 Mean=2.098251 Std=58.875049 RMS90=0.167188
  Muon: n=2222 Mean=0.893996 Std=0.207230 RMS90=0.026749

Epoch 413
Pretraining energy response (E_pred / E_true) by true-energy bin:
  1-50 GeV: n=40292 Mean=0.882501 Std=0.380315 RMS90=0.143901
  50-150 GeV: n=23832 Mean=0.867024 Std=0.130141 RMS90=0.058073
  >150 GeV: n=68 Mean=0.825344 Std=0.076652 RMS90=0.049669
Pretraining energy response by particle species:
  Neutron: n=13032 Mean=0.842237 Std=0.255516 RMS90=0.132486
  K0: n=11955 Mean=0.933626 Std=0.206142 RMS90=0.117465
  Photon: n=19748 Mean=1.101681 Std=2.035825 RMS90=0.193915
  Pion: n=21287 Mean=0.881914 Std=1.462906 RMS90=0.095415
  Electron: n=6154 Mean=2.180313 Std=57.145373 RMS90=0.161247
  Muon: n=2222 Mean=0.868895 Std=0.195771 RMS90=0.025215

Epoch 414
Pretraining energy response (E_pred / E_true) by true-energy bin:
  1-50 GeV: n=40292 Mean=0.874058 Std=0.549990 RMS90=0.157676
  50-150 GeV: n=23832 Mean=0.854740 Std=0.129509 RMS90=0.061195
  >150 GeV: n=68 Mean=0.802782 Std=0.096729 RMS90=0.061165
Pretraining energy response by particle species:
  Neutron: n=13032 Mean=0.844015 Std=0.658858 RMS90=0.130361
  K0: n=11955 Mean=0.929554 Std=0.206314 RMS90=0.115498
  Photon: n=19748 Mean=1.535866 Std=47.429049 RMS90=0.205300
  Pion: n=21287 Mean=0.845189 Std=0.289849 RMS90=0.114554
  Electron: n=6154 Mean=1.017823 Std=9.048448 RMS90=0.177781
  Muon: n=2222 Mean=0.858434 Std=0.212039 RMS90=0.035531

Epoch 415
Pretraining energy response (E_pred / E_true) by true-energy bin:
  1-50 GeV: n=40292 Mean=0.864015 Std=0.587885 RMS90=0.147955
  50-150 GeV: n=23832 Mean=0.847795 Std=0.128121 RMS90=0.055289
  >150 GeV: n=68 Mean=0.811054 Std=0.080117 RMS90=0.044407
Pretraining energy response by particle species:
  Neutron: n=13032 Mean=0.826827 Std=0.559583 RMS90=0.132072
  K0: n=11955 Mean=0.910875 Std=0.206954 RMS90=0.119056
  Photon: n=19748 Mean=1.108438 Std=2.854445 RMS90=0.194946
  Pion: n=21287 Mean=0.857589 Std=1.456574 RMS90=0.105859
  Electron: n=6154 Mean=1.572352 Std=28.497328 RMS90=0.163042
  Muon: n=2222 Mean=0.854293 Std=0.200989 RMS90=0.025982

Epoch 416
Pretraining energy response (E_pred / E_true) by true-energy bin:
  1-50 GeV: n=40292 Mean=0.872728 Std=0.440826 RMS90=0.157866
  50-150 GeV: n=23832 Mean=0.855626 Std=0.131511 RMS90=0.060959
  >150 GeV: n=68 Mean=0.805431 Std=0.081861 RMS90=0.053514
Pretraining energy response by particle species:
  Neutron: n=13032 Mean=0.844950 Std=0.277133 RMS90=0.138113
  K0: n=11955 Mean=0.934928 Std=0.214593 RMS90=0.125548
  Photon: n=19748 Mean=1.165669 Std=5.538112 RMS90=0.200568
  Pion: n=21287 Mean=0.843975 Std=0.291888 RMS90=0.109295
  Electron: n=6154 Mean=1.723579 Std=52.590691 RMS90=0.170282
  Muon: n=2222 Mean=0.853538 Std=0.202029 RMS90=0.029050

Epoch 417
Pretraining energy response (E_pred / E_true) by true-energy bin:
  1-50 GeV: n=40292 Mean=0.895311 Std=0.428725 RMS90=0.148866
  50-150 GeV: n=23832 Mean=0.891031 Std=0.129758 RMS90=0.052886
  >150 GeV: n=68 Mean=0.856808 Std=0.076102 RMS90=0.036782
Pretraining energy response by particle species:
  Neutron: n=13032 Mean=0.856831 Std=0.272860 RMS90=0.134861
  K0: n=11955 Mean=0.951022 Std=0.210688 RMS90=0.118474
  Photon: n=19748 Mean=1.110936 Std=2.743135 RMS90=0.193640
  Pion: n=21287 Mean=0.906463 Std=1.577315 RMS90=0.106347
  Electron: n=6154 Mean=1.625472 Std=28.369703 RMS90=0.162851
  Muon: n=2222 Mean=0.904683 Std=0.206883 RMS90=0.024741

Epoch 418
Pretraining energy response (E_pred / E_true) by true-energy bin:
  1-50 GeV: n=40292 Mean=0.902113 Std=0.350627 RMS90=0.138361
  50-150 GeV: n=23832 Mean=0.899109 Std=0.127233 RMS90=0.048599
  >150 GeV: n=68 Mean=0.879227 Std=0.086636 RMS90=0.033250
Pretraining energy response by particle species:
  Neutron: n=13032 Mean=0.858093 Std=0.256242 RMS90=0.128269
  K0: n=11955 Mean=0.952608 Std=0.201790 RMS90=0.108594
  Photon: n=19748 Mean=1.103802 Std=1.752959 RMS90=0.191694
  Pion: n=21287 Mean=0.904709 Std=0.287844 RMS90=0.092561
  Electron: n=6154 Mean=1.205428 Std=12.942095 RMS90=0.163732
  Muon: n=2222 Mean=0.909741 Std=0.212991 RMS90=0.021916

Epoch 419
Pretraining energy response (E_pred / E_true) by true-energy bin:
  1-50 GeV: n=40292 Mean=0.888014 Std=0.364818 RMS90=0.135272
  50-150 GeV: n=23832 Mean=0.884582 Std=0.126103 RMS90=0.048252
  >150 GeV: n=68 Mean=0.858096 Std=0.084910 RMS90=0.042708
Pretraining energy response by particle species:
  Neutron: n=13032 Mean=0.836335 Std=0.249418 RMS90=0.124716
  K0: n=11955 Mean=0.927917 Std=0.195229 RMS90=0.104863
  Photon: n=19748 Mean=1.116350 Std=2.317271 RMS90=0.195294
  Pion: n=21287 Mean=0.896536 Std=0.330379 RMS90=0.095825
  Electron: n=6154 Mean=1.432499 Std=18.872576 RMS90=0.161548
  Muon: n=2222 Mean=0.898892 Std=0.202271 RMS90=0.023820

Epoch 420
Pretraining energy response (E_pred / E_true) by true-energy bin:
  1-50 GeV: n=40292 Mean=0.903511 Std=0.361180 RMS90=0.136647
  50-150 GeV: n=23832 Mean=0.910167 Std=0.124460 RMS90=0.044233
  >150 GeV: n=68 Mean=0.887405 Std=0.074751 RMS90=0.036712
Pretraining energy response by particle species:
  Neutron: n=13032 Mean=0.855127 Std=0.253564 RMS90=0.123731
  K0: n=11955 Mean=0.953056 Std=0.193919 RMS90=0.097185
  Photon: n=19748 Mean=1.125656 Std=2.364001 RMS90=0.195553
  Pion: n=21287 Mean=0.927852 Std=1.489589 RMS90=0.100491
  Electron: n=6154 Mean=2.035344 Std=55.811841 RMS90=0.171915
  Muon: n=2222 Mean=0.925462 Std=0.219947 RMS90=0.023913

Epoch 421
Pretraining energy response (E_pred / E_true) by true-energy bin:
  1-50 GeV: n=40292 Mean=0.895112 Std=0.371648 RMS90=0.135408
  50-150 GeV: n=23832 Mean=0.892374 Std=0.126103 RMS90=0.046749
  >150 GeV: n=68 Mean=0.872577 Std=0.097174 RMS90=0.035391
Pretraining energy response by particle species:
  Neutron: n=13032 Mean=0.845527 Std=0.251462 RMS90=0.125015
  K0: n=11955 Mean=0.937824 Std=0.199270 RMS90=0.106570
  Photon: n=19748 Mean=1.094647 Std=1.678017 RMS90=0.192869
  Pion: n=21287 Mean=0.903485 Std=0.289990 RMS90=0.092745
  Electron: n=6154 Mean=1.713033 Std=37.442969 RMS90=0.160231
  Muon: n=2222 Mean=0.911594 Std=0.227037 RMS90=0.022762

Epoch 422
Pretraining energy response (E_pred / E_true) by true-energy bin:
  1-50 GeV: n=40292 Mean=0.720507 Std=0.353511 RMS90=0.241422
  50-150 GeV: n=23832 Mean=0.692986 Std=0.184907 RMS90=0.155505
  >150 GeV: n=68 Mean=0.657416 Std=0.149945 RMS90=0.139764
Pretraining energy response by particle species:
  Neutron: n=13032 Mean=0.795939 Std=0.245403 RMS90=0.131630
  K0: n=11955 Mean=0.879012 Std=0.206235 RMS90=0.123273
  Photon: n=19748 Mean=1.048419 Std=1.698003 RMS90=0.182957
  Pion: n=21287 Mean=0.561547 Std=0.758696 RMS90=0.114056
  Electron: n=6154 Mean=1.165693 Std=29.179855 RMS90=0.228031
  Muon: n=2222 Mean=0.520047 Std=0.214278 RMS90=0.021206

Epoch 423
Pretraining energy response (E_pred / E_true) by true-energy bin:
  1-50 GeV: n=40292 Mean=0.901639 Std=0.412363 RMS90=0.135836
  50-150 GeV: n=23832 Mean=0.888959 Std=0.127351 RMS90=0.049633
  >150 GeV: n=68 Mean=0.861731 Std=0.075980 RMS90=0.041899
Pretraining energy response by particle species:
  Neutron: n=13032 Mean=0.845221 Std=0.265426 RMS90=0.127274
  K0: n=11955 Mean=0.936564 Std=0.199927 RMS90=0.108725
  Photon: n=19748 Mean=1.112561 Std=1.845321 RMS90=0.195151
  Pion: n=21287 Mean=0.909631 Std=0.336432 RMS90=0.094979
  Electron: n=6154 Mean=1.632885 Std=29.130106 RMS90=0.160292
  Muon: n=2222 Mean=0.910104 Std=0.206580 RMS90=0.025401

Epoch 424
Pretraining energy response (E_pred / E_true) by true-energy bin:
  1-50 GeV: n=40292 Mean=0.867012 Std=0.453918 RMS90=0.147337
  50-150 GeV: n=23832 Mean=0.853765 Std=0.129168 RMS90=0.055663
  >150 GeV: n=68 Mean=0.813734 Std=0.085563 RMS90=0.044682
Pretraining energy response by particle species:
  Neutron: n=13032 Mean=0.827175 Std=0.311558 RMS90=0.133123
  K0: n=11955 Mean=0.914689 Std=0.208914 RMS90=0.121377
  Photon: n=19748 Mean=1.120341 Std=3.122741 RMS90=0.195691
  Pion: n=21287 Mean=0.873394 Std=1.702379 RMS90=0.104282
  Electron: n=6154 Mean=1.121711 Std=11.885709 RMS90=0.165175
  Muon: n=2222 Mean=0.867461 Std=0.197033 RMS90=0.025132

Epoch 425
Pretraining energy response (E_pred / E_true) by true-energy bin:
  1-50 GeV: n=40292 Mean=0.898774 Std=0.587170 RMS90=0.144955
  50-150 GeV: n=23832 Mean=0.906819 Std=0.125332 RMS90=0.043450
  >150 GeV: n=68 Mean=0.881796 Std=0.085357 RMS90=0.040707
Pretraining energy response by particle species:
  Neutron: n=13032 Mean=0.849944 Std=0.742717 RMS90=0.121377
  K0: n=11955 Mean=0.938909 Std=0.191591 RMS90=0.095936
  Photon: n=19748 Mean=1.221832 Std=9.755685 RMS90=0.200931
  Pion: n=21287 Mean=0.913897 Std=0.391332 RMS90=0.109727
  Electron: n=6154 Mean=1.109813 Std=10.081702 RMS90=0.175657
  Muon: n=2222 Mean=0.935625 Std=0.226934 RMS90=0.024856

Epoch 426
Pretraining energy response (E_pred / E_true) by true-energy bin:
  1-50 GeV: n=40292 Mean=0.897163 Std=0.381003 RMS90=0.142277
  50-150 GeV: n=23832 Mean=0.888389 Std=0.129093 RMS90=0.052244
  >150 GeV: n=68 Mean=0.858013 Std=0.078834 RMS90=0.040431
Pretraining energy response by particle species:
  Neutron: n=13032 Mean=0.851906 Std=0.257057 RMS90=0.130176
  K0: n=11955 Mean=0.944497 Std=0.206564 RMS90=0.116018
  Photon: n=19748 Mean=1.143446 Std=7.012828 RMS90=0.193264
  Pion: n=21287 Mean=0.898782 Std=0.323927 RMS90=0.098204
  Electron: n=6154 Mean=1.086195 Std=10.700732 RMS90=0.161320
  Muon: n=2222 Mean=0.902962 Std=0.208596 RMS90=0.024756

Epoch 427
Pretraining energy response (E_pred / E_true) by true-energy bin:
  1-50 GeV: n=40292 Mean=0.902674 Std=0.407753 RMS90=0.141123
  50-150 GeV: n=23832 Mean=0.901830 Std=0.126092 RMS90=0.046341
  >150 GeV: n=68 Mean=0.875890 Std=0.069054 RMS90=0.037404
Pretraining energy response by particle species:
  Neutron: n=13032 Mean=0.853244 Std=0.255347 RMS90=0.126603
  K0: n=11955 Mean=0.949525 Std=0.199340 RMS90=0.105686
  Photon: n=19748 Mean=1.141812 Std=2.974664 RMS90=0.193195
  Pion: n=21287 Mean=0.923386 Std=1.561230 RMS90=0.100359
  Electron: n=6154 Mean=2.246967 Std=61.085037 RMS90=0.165803
  Muon: n=2222 Mean=0.996190 Std=3.642339 RMS90=0.023256

Epoch 428
Pretraining energy response (E_pred / E_true) by true-energy bin:
  1-50 GeV: n=40292 Mean=0.872591 Std=0.384462 RMS90=0.138131
  50-150 GeV: n=23832 Mean=0.863541 Std=0.127833 RMS90=0.050867
  >150 GeV: n=68 Mean=0.839692 Std=0.074989 RMS90=0.040035
Pretraining energy response by particle species:
  Neutron: n=13032 Mean=0.817050 Std=0.244594 RMS90=0.125680
  K0: n=11955 Mean=0.902746 Std=0.197186 RMS90=0.110157
  Photon: n=19748 Mean=1.136470 Std=8.035364 RMS90=0.195034
  Pion: n=21287 Mean=0.882977 Std=0.317239 RMS90=0.098582
  Electron: n=6154 Mean=1.539405 Std=27.213517 RMS90=0.164820
  Muon: n=2222 Mean=0.885806 Std=0.214250 RMS90=0.028333

Epoch 429
Pretraining energy response (E_pred / E_true) by true-energy bin:
  1-50 GeV: n=40292 Mean=0.850513 Std=0.350188 RMS90=0.139637
  50-150 GeV: n=23832 Mean=0.849045 Std=0.128284 RMS90=0.049638
  >150 GeV: n=68 Mean=0.817895 Std=0.093103 RMS90=0.042944
Pretraining energy response by particle species:
  Neutron: n=13032 Mean=0.797702 Std=0.238751 RMS90=0.120078
  K0: n=11955 Mean=0.882406 Std=0.194163 RMS90=0.105739
  Photon: n=19748 Mean=1.084742 Std=2.532028 RMS90=0.192088
  Pion: n=21287 Mean=0.860896 Std=0.337931 RMS90=0.104240
  Electron: n=6154 Mean=1.268433 Std=23.522110 RMS90=0.163282
  Muon: n=2222 Mean=0.863798 Std=0.213650 RMS90=0.029090

Epoch 430
Pretraining energy response (E_pred / E_true) by true-energy bin:
  1-50 GeV: n=40292 Mean=0.913777 Std=0.435517 RMS90=0.140545
  50-150 GeV: n=23832 Mean=0.913778 Std=0.128704 RMS90=0.051706
  >150 GeV: n=68 Mean=0.879749 Std=0.085057 RMS90=0.047310
Pretraining energy response by particle species:
  Neutron: n=13032 Mean=0.871385 Std=0.258889 RMS90=0.126291
  K0: n=11955 Mean=0.970536 Std=0.198509 RMS90=0.102331
  Photon: n=19748 Mean=1.138018 Std=2.112642 RMS90=0.198757
  Pion: n=21287 Mean=0.910668 Std=0.303093 RMS90=0.097669
  Electron: n=6154 Mean=1.189007 Std=11.932277 RMS90=0.167383
  Muon: n=2222 Mean=0.996278 Std=3.846090 RMS90=0.030068

Epoch 431
Pretraining energy response (E_pred / E_true) by true-energy bin:
  1-50 GeV: n=40292 Mean=0.887606 Std=0.484030 RMS90=0.135588
  50-150 GeV: n=23832 Mean=0.895358 Std=0.125255 RMS90=0.044848
  >150 GeV: n=68 Mean=0.874173 Std=0.083581 RMS90=0.039873
Pretraining energy response by particle species:
  Neutron: n=13032 Mean=0.837258 Std=0.629556 RMS90=0.123035
  K0: n=11955 Mean=0.925165 Std=0.190980 RMS90=0.098546
  Photon: n=19748 Mean=1.116961 Std=2.840068 RMS90=0.195675
  Pion: n=21287 Mean=0.904057 Std=0.287658 RMS90=0.103029
  Electron: n=6154 Mean=3.605160 Std=112.937826 RMS90=0.169410
  Muon: n=2222 Mean=0.919483 Std=0.225290 RMS90=0.027448

Epoch 432
Pretraining energy response (E_pred / E_true) by true-energy bin:
  1-50 GeV: n=40292 Mean=0.874518 Std=0.444399 RMS90=0.137003
  50-150 GeV: n=23832 Mean=0.864540 Std=0.129360 RMS90=0.050434
  >150 GeV: n=68 Mean=0.841823 Std=0.088074 RMS90=0.043635
Pretraining energy response by particle species:
  Neutron: n=13032 Mean=0.819554 Std=0.245167 RMS90=0.123496
  K0: n=11955 Mean=0.905452 Std=0.197713 RMS90=0.110287
  Photon: n=19748 Mean=1.096952 Std=1.968148 RMS90=0.195083
  Pion: n=21287 Mean=0.876655 Std=0.283367 RMS90=0.100475
  Electron: n=6154 Mean=1.377178 Std=25.912799 RMS90=0.167696
  Muon: n=2222 Mean=0.889593 Std=0.233021 RMS90=0.028781

Epoch 433
Pretraining energy response (E_pred / E_true) by true-energy bin:
  1-50 GeV: n=40292 Mean=0.868479 Std=0.311088 RMS90=0.135082
  50-150 GeV: n=23832 Mean=0.859839 Std=0.125249 RMS90=0.051663
  >150 GeV: n=68 Mean=0.845472 Std=0.078635 RMS90=0.046754
Pretraining energy response by particle species:
  Neutron: n=13032 Mean=0.815327 Std=0.242114 RMS90=0.121726
  K0: n=11955 Mean=0.903034 Std=0.191273 RMS90=0.102805
  Photon: n=19748 Mean=1.117393 Std=2.747828 RMS90=0.190983
  Pion: n=21287 Mean=0.865824 Std=0.294423 RMS90=0.092540
  Electron: n=6154 Mean=1.175825 Std=12.974936 RMS90=0.162976
  Muon: n=2222 Mean=0.869099 Std=0.227558 RMS90=0.027951

Epoch 434
Pretraining energy response (E_pred / E_true) by true-energy bin:
  1-50 GeV: n=40292 Mean=0.887399 Std=0.430763 RMS90=0.144003
  50-150 GeV: n=23832 Mean=0.877449 Std=0.127279 RMS90=0.049214
  >150 GeV: n=68 Mean=0.846844 Std=0.069485 RMS90=0.041209
Pretraining energy response by particle species:
  Neutron: n=13032 Mean=0.837122 Std=0.273389 RMS90=0.127865
  K0: n=11955 Mean=0.932085 Std=0.206278 RMS90=0.109792
  Photon: n=19748 Mean=1.124091 Std=2.897574 RMS90=0.203547
  Pion: n=21287 Mean=0.883691 Std=0.284694 RMS90=0.104562
  Electron: n=6154 Mean=2.383946 Std=64.882166 RMS90=0.174384
  Muon: n=2222 Mean=0.993972 Std=3.945867 RMS90=0.030078

Epoch 435
Pretraining energy response (E_pred / E_true) by true-energy bin:
  1-50 GeV: n=40292 Mean=0.849302 Std=0.403708 RMS90=0.138945
  50-150 GeV: n=23832 Mean=0.836550 Std=0.123840 RMS90=0.049385
  >150 GeV: n=68 Mean=0.815716 Std=0.081075 RMS90=0.040710
Pretraining energy response by particle species:
  Neutron: n=13032 Mean=0.788579 Std=0.239550 RMS90=0.123305
  K0: n=11955 Mean=0.875190 Std=0.194894 RMS90=0.108600
  Photon: n=19748 Mean=1.083505 Std=2.347254 RMS90=0.193095
  Pion: n=21287 Mean=0.857673 Std=0.381235 RMS90=0.106612
  Electron: n=6154 Mean=1.744013 Std=51.435641 RMS90=0.168261
  Muon: n=2222 Mean=0.869551 Std=0.219436 RMS90=0.029924

Epoch 436
Pretraining energy response (E_pred / E_true) by true-energy bin:
  1-50 GeV: n=40292 Mean=0.915999 Std=0.453825 RMS90=0.139145
  50-150 GeV: n=23832 Mean=0.905086 Std=0.124467 RMS90=0.047029
  >150 GeV: n=68 Mean=0.879986 Std=0.088903 RMS90=0.043928
Pretraining energy response by particle species:
  Neutron: n=13032 Mean=0.859690 Std=0.257160 RMS90=0.127109
  K0: n=11955 Mean=0.960815 Std=0.200714 RMS90=0.102427
  Photon: n=19748 Mean=1.187218 Std=5.269639 RMS90=0.194628
  Pion: n=21287 Mean=0.918512 Std=0.311603 RMS90=0.098085
  Electron: n=6154 Mean=1.205190 Std=11.629563 RMS90=0.168355
  Muon: n=2222 Mean=0.929864 Std=0.227601 RMS90=0.030914

Epoch 437
Pretraining energy response (E_pred / E_true) by true-energy bin:
  1-50 GeV: n=40292 Mean=0.926531 Std=0.345666 RMS90=0.169024
  50-150 GeV: n=23832 Mean=0.912752 Std=0.131634 RMS90=0.058768
  >150 GeV: n=68 Mean=0.884547 Std=0.076169 RMS90=0.040689
Pretraining energy response by particle species:
  Neutron: n=13032 Mean=0.903802 Std=0.277414 RMS90=0.144699
  K0: n=11955 Mean=1.010455 Std=0.227012 RMS90=0.128936
  Photon: n=19748 Mean=1.186485 Std=8.672151 RMS90=0.209325
  Pion: n=21287 Mean=0.896926 Std=0.304464 RMS90=0.107414
  Electron: n=6154 Mean=1.024645 Std=4.662172 RMS90=0.179651
  Muon: n=2222 Mean=0.913998 Std=0.225216 RMS90=0.027927

Epoch 438
Pretraining energy response (E_pred / E_true) by true-energy bin:
  1-50 GeV: n=40292 Mean=0.880917 Std=0.510853 RMS90=0.152023
  50-150 GeV: n=23832 Mean=0.874134 Std=0.126558 RMS90=0.050696
  >150 GeV: n=68 Mean=0.859389 Std=0.089619 RMS90=0.041939
Pretraining energy response by particle species:
  Neutron: n=13032 Mean=0.833676 Std=0.253881 RMS90=0.130119
  K0: n=11955 Mean=0.926558 Std=0.205345 RMS90=0.112687
  Photon: n=19748 Mean=1.159756 Std=8.975736 RMS90=0.199917
  Pion: n=21287 Mean=0.878552 Std=0.295620 RMS90=0.118262
  Electron: n=6154 Mean=1.199226 Std=13.152481 RMS90=0.174909
  Muon: n=2222 Mean=0.913327 Std=0.244000 RMS90=0.030857

Epoch 439
Pretraining energy response (E_pred / E_true) by true-energy bin:
  1-50 GeV: n=40292 Mean=0.905043 Std=0.316057 RMS90=0.152103
  50-150 GeV: n=23832 Mean=0.872217 Std=0.130913 RMS90=0.065447
  >150 GeV: n=68 Mean=0.839311 Std=0.080784 RMS90=0.059153
Pretraining energy response by particle species:
  Neutron: n=13032 Mean=0.875099 Std=0.266590 RMS90=0.138923
  K0: n=11955 Mean=0.973554 Std=0.216215 RMS90=0.123284
  Photon: n=19748 Mean=1.397419 Std=31.387085 RMS90=0.196404
  Pion: n=21287 Mean=0.868738 Std=0.290271 RMS90=0.093274
  Electron: n=6154 Mean=1.094935 Std=10.019480 RMS90=0.165967
  Muon: n=2222 Mean=0.872814 Std=0.241203 RMS90=0.030022

Epoch 440
Pretraining energy response (E_pred / E_true) by true-energy bin:
  1-50 GeV: n=40292 Mean=0.881789 Std=0.504405 RMS90=0.149074
  50-150 GeV: n=23832 Mean=0.862229 Std=0.134527 RMS90=0.055409
  >150 GeV: n=68 Mean=0.841886 Std=0.076031 RMS90=0.046040
Pretraining energy response by particle species:
  Neutron: n=13032 Mean=0.843000 Std=0.261101 RMS90=0.130187
  K0: n=11955 Mean=0.933710 Std=0.208015 RMS90=0.118141
  Photon: n=19748 Mean=1.267590 Std=15.549045 RMS90=0.195719
  Pion: n=21287 Mean=0.859256 Std=0.347602 RMS90=0.099144
  Electron: n=6154 Mean=1.776818 Std=35.172997 RMS90=0.166837
  Muon: n=2222 Mean=0.865713 Std=0.202172 RMS90=0.025605

Epoch 441
Pretraining energy response (E_pred / E_true) by true-energy bin:
  1-50 GeV: n=40292 Mean=0.859475 Std=0.394645 RMS90=0.128245
  50-150 GeV: n=23832 Mean=0.844060 Std=0.121745 RMS90=0.048210
  >150 GeV: n=68 Mean=0.824767 Std=0.080383 RMS90=0.052772
Pretraining energy response by particle species:
  Neutron: n=13032 Mean=0.791775 Std=0.234252 RMS90=0.117360
  K0: n=11955 Mean=0.877240 Std=0.183906 RMS90=0.096991
  Photon: n=19748 Mean=1.175275 Std=7.898632 RMS90=0.191113
  Pion: n=21287 Mean=0.867329 Std=0.281750 RMS90=0.090298
  Electron: n=6154 Mean=1.521597 Std=28.684341 RMS90=0.161417
  Muon: n=2222 Mean=0.868124 Std=0.226370 RMS90=0.026186

Epoch 442
Pretraining energy response (E_pred / E_true) by true-energy bin:
  1-50 GeV: n=40292 Mean=0.874758 Std=0.389111 RMS90=0.160560
  50-150 GeV: n=23832 Mean=0.881395 Std=0.128408 RMS90=0.055123
  >150 GeV: n=68 Mean=0.848923 Std=0.079329 RMS90=0.048833
Pretraining energy response by particle species:
  Neutron: n=13032 Mean=0.859922 Std=0.336686 RMS90=0.132664
  K0: n=11955 Mean=0.956342 Std=0.205579 RMS90=0.113280
  Photon: n=19748 Mean=1.137042 Std=4.522518 RMS90=0.193941
  Pion: n=21287 Mean=0.850535 Std=0.285231 RMS90=0.114213
  Electron: n=6154 Mean=1.584932 Std=29.883429 RMS90=0.171297
  Muon: n=2222 Mean=0.869458 Std=0.198366 RMS90=0.025432

Epoch 443
Pretraining energy response (E_pred / E_true) by true-energy bin:
  1-50 GeV: n=40292 Mean=0.865900 Std=0.611360 RMS90=0.140776
  50-150 GeV: n=23832 Mean=0.853313 Std=0.129107 RMS90=0.048982
  >150 GeV: n=68 Mean=0.824052 Std=0.074632 RMS90=0.043685
Pretraining energy response by particle species:
  Neutron: n=13032 Mean=0.807040 Std=0.240672 RMS90=0.118429
  K0: n=11955 Mean=0.894951 Std=0.191770 RMS90=0.104961
  Photon: n=19748 Mean=1.195435 Std=8.867828 RMS90=0.192608
  Pion: n=21287 Mean=0.865923 Std=0.315323 RMS90=0.113773
  Electron: n=6154 Mean=1.607132 Std=29.850830 RMS90=0.165899
  Muon: n=2222 Mean=0.883800 Std=0.213250 RMS90=0.028442

Epoch 444
Pretraining energy response (E_pred / E_true) by true-energy bin:
  1-50 GeV: n=40292 Mean=0.837159 Std=0.451451 RMS90=0.149870
  50-150 GeV: n=23832 Mean=0.844849 Std=0.127910 RMS90=0.047468
  >150 GeV: n=68 Mean=0.820229 Std=0.074290 RMS90=0.040515
Pretraining energy response by particle species:
  Neutron: n=13032 Mean=0.800735 Std=0.628528 RMS90=0.122211
  K0: n=11955 Mean=0.883096 Std=0.189226 RMS90=0.101229
  Photon: n=19748 Mean=1.124788 Std=7.955953 RMS90=0.192909
  Pion: n=21287 Mean=0.838751 Std=0.274891 RMS90=0.118910
  Electron: n=6154 Mean=1.528688 Std=49.194205 RMS90=0.168190
  Muon: n=2222 Mean=0.860095 Std=0.206202 RMS90=0.031002

Epoch 445
Pretraining energy response (E_pred / E_true) by true-energy bin:
  1-50 GeV: n=40292 Mean=0.889161 Std=0.432120 RMS90=0.148825
  50-150 GeV: n=23832 Mean=0.888389 Std=0.127407 RMS90=0.051386
  >150 GeV: n=68 Mean=0.863816 Std=0.093154 RMS90=0.041503
Pretraining energy response by particle species:
  Neutron: n=13032 Mean=0.841606 Std=0.252489 RMS90=0.126139
  K0: n=11955 Mean=0.935175 Std=0.196476 RMS90=0.105136
  Photon: n=19748 Mean=1.200527 Std=9.292331 RMS90=0.203860
  Pion: n=21287 Mean=0.888008 Std=0.294633 RMS90=0.117055
  Electron: n=6154 Mean=1.410523 Std=25.111060 RMS90=0.176876
  Muon: n=2222 Mean=0.905616 Std=0.272969 RMS90=0.033442

Epoch 446
Pretraining energy response (E_pred / E_true) by true-energy bin:
  1-50 GeV: n=40292 Mean=0.868339 Std=0.527391 RMS90=0.133405
  50-150 GeV: n=23832 Mean=0.879680 Std=0.124628 RMS90=0.044595
  >150 GeV: n=68 Mean=0.868813 Std=0.077119 RMS90=0.040378
Pretraining energy response by particle species:
  Neutron: n=13032 Mean=0.803999 Std=0.238817 RMS90=0.116544
  K0: n=11955 Mean=0.894555 Std=0.184206 RMS90=0.093816
  Photon: n=19748 Mean=1.152218 Std=8.054039 RMS90=0.186691
  Pion: n=21287 Mean=0.892159 Std=0.281348 RMS90=0.103119
  Electron: n=6154 Mean=1.179748 Std=12.824442 RMS90=0.164380
  Muon: n=2222 Mean=1.031070 Std=4.414388 RMS90=0.027479

Epoch 447
Pretraining energy response (E_pred / E_true) by true-energy bin:
  1-50 GeV: n=40292 Mean=0.898930 Std=0.557546 RMS90=0.148263
  50-150 GeV: n=23832 Mean=0.906795 Std=0.125334 RMS90=0.044274
  >150 GeV: n=68 Mean=0.888046 Std=0.079153 RMS90=0.038495
Pretraining energy response by particle species:
  Neutron: n=13032 Mean=0.855921 Std=0.255118 RMS90=0.125850
  K0: n=11955 Mean=0.954580 Std=0.198763 RMS90=0.101199
  Photon: n=19748 Mean=1.179463 Std=8.144199 RMS90=0.194866
  Pion: n=21287 Mean=0.903258 Std=0.300498 RMS90=0.111284
  Electron: n=6154 Mean=2.169814 Std=68.974469 RMS90=0.169516
  Muon: n=2222 Mean=1.191268 Std=12.776690 RMS90=0.029851

Epoch 448
Pretraining energy response (E_pred / E_true) by true-energy bin:
  1-50 GeV: n=40292 Mean=0.828080 Std=0.440690 RMS90=0.149572
  50-150 GeV: n=23832 Mean=0.831273 Std=0.122729 RMS90=0.048775
  >150 GeV: n=68 Mean=0.804236 Std=0.096124 RMS90=0.043343
Pretraining energy response by particle species:
  Neutron: n=13032 Mean=0.782438 Std=0.235610 RMS90=0.120565
  K0: n=11955 Mean=0.867262 Std=0.190936 RMS90=0.104224
  Photon: n=19748 Mean=1.052493 Std=1.652437 RMS90=0.189837
  Pion: n=21287 Mean=0.830114 Std=0.344068 RMS90=0.115896
  Electron: n=6154 Mean=1.654672 Std=56.109358 RMS90=0.170274
  Muon: n=2222 Mean=0.845905 Std=0.202035 RMS90=0.033893

Epoch 449
Pretraining energy response (E_pred / E_true) by true-energy bin:
  1-50 GeV: n=40292 Mean=0.882744 Std=0.506485 RMS90=0.145090
  50-150 GeV: n=23832 Mean=0.882883 Std=0.124304 RMS90=0.046915
  >150 GeV: n=68 Mean=0.863311 Std=0.085000 RMS90=0.045011
Pretraining energy response by particle species:
  Neutron: n=13032 Mean=0.837921 Std=0.249046 RMS90=0.124170
  K0: n=11955 Mean=0.931757 Std=0.196383 RMS90=0.102820
  Photon: n=19748 Mean=1.272451 Std=19.531317 RMS90=0.190469
  Pion: n=21287 Mean=0.878597 Std=0.291955 RMS90=0.110855
  Electron: n=6154 Mean=1.417118 Std=21.304830 RMS90=0.167815
  Muon: n=2222 Mean=1.150216 Std=7.787607 RMS90=0.024650

Epoch 450
Pretraining energy response (E_pred / E_true) by true-energy bin:
  1-50 GeV: n=40292 Mean=0.855740 Std=0.628912 RMS90=0.152201
  50-150 GeV: n=23832 Mean=0.843894 Std=0.122313 RMS90=0.052828
  >150 GeV: n=68 Mean=0.794886 Std=0.089050 RMS90=0.065706
Pretraining energy response by particle species:
  Neutron: n=13032 Mean=0.816111 Std=0.590236 RMS90=0.121597
  K0: n=11955 Mean=0.898227 Std=0.191332 RMS90=0.101816
  Photon: n=19748 Mean=1.174141 Std=7.020012 RMS90=0.192303
  Pion: n=21287 Mean=0.836651 Std=0.354085 RMS90=0.119302
  Electron: n=6154 Mean=0.954531 Std=3.782380 RMS90=0.174144
  Muon: n=2222 Mean=0.854539 Std=0.211239 RMS90=0.045667

Epoch 451
Pretraining energy response (E_pred / E_true) by true-energy bin:
  1-50 GeV: n=40292 Mean=0.840655 Std=0.434503 RMS90=0.156961
  50-150 GeV: n=23832 Mean=0.821934 Std=0.128229 RMS90=0.065338
  >150 GeV: n=68 Mean=0.756636 Std=0.100675 RMS90=0.077195
Pretraining energy response by particle species:
  Neutron: n=13032 Mean=0.810178 Std=0.527319 RMS90=0.127104
  K0: n=11955 Mean=0.892358 Std=0.198764 RMS90=0.112618
  Photon: n=19748 Mean=1.406311 Std=39.973722 RMS90=0.195119
  Pion: n=21287 Mean=0.812643 Std=0.308105 RMS90=0.117891
  Electron: n=6154 Mean=1.135678 Std=12.730386 RMS90=0.177166
  Muon: n=2222 Mean=1.029382 Std=8.549569 RMS90=0.045917

Epoch 452
Pretraining energy response (E_pred / E_true) by true-energy bin:
  1-50 GeV: n=40292 Mean=0.877652 Std=0.501351 RMS90=0.158110
  50-150 GeV: n=23832 Mean=0.872621 Std=0.126280 RMS90=0.051777
  >150 GeV: n=68 Mean=0.832479 Std=0.078115 RMS90=0.042570
Pretraining energy response by particle species:
  Neutron: n=13032 Mean=0.837043 Std=0.254180 RMS90=0.130828
  K0: n=11955 Mean=0.930020 Std=0.203261 RMS90=0.111328
  Photon: n=19748 Mean=1.185870 Std=11.019392 RMS90=0.194790
  Pion: n=21287 Mean=0.867897 Std=0.292596 RMS90=0.123657
  Electron: n=6154 Mean=1.559192 Std=29.072279 RMS90=0.172646
  Muon: n=2222 Mean=1.125058 Std=11.029073 RMS90=0.032850

Epoch 453
Pretraining energy response (E_pred / E_true) by true-energy bin:
  1-50 GeV: n=40292 Mean=0.912465 Std=0.568644 RMS90=0.137277
  50-150 GeV: n=23832 Mean=0.909306 Std=0.149563 RMS90=0.042115
  >150 GeV: n=68 Mean=0.892491 Std=0.078336 RMS90=0.039607
Pretraining energy response by particle species:
  Neutron: n=13032 Mean=0.853168 Std=0.255163 RMS90=0.125672
  K0: n=11955 Mean=0.951593 Std=0.197845 RMS90=0.100775
  Photon: n=19748 Mean=1.136284 Std=2.340301 RMS90=0.191992
  Pion: n=21287 Mean=0.924343 Std=0.296896 RMS90=0.097328
  Electron: n=6154 Mean=1.600507 Std=28.825733 RMS90=0.169067
  Muon: n=2222 Mean=1.027338 Std=4.254442 RMS90=0.022278

Epoch 454
Pretraining energy response (E_pred / E_true) by true-energy bin:
  1-50 GeV: n=40292 Mean=0.851355 Std=0.532153 RMS90=0.153579
  50-150 GeV: n=23832 Mean=0.854910 Std=0.125545 RMS90=0.047735
  >150 GeV: n=68 Mean=0.828464 Std=0.078254 RMS90=0.039504
Pretraining energy response by particle species:
  Neutron: n=13032 Mean=0.810109 Std=0.242839 RMS90=0.123157
  K0: n=11955 Mean=0.898514 Std=0.194498 RMS90=0.106516
  Photon: n=19748 Mean=1.101932 Std=2.574292 RMS90=0.194244
  Pion: n=21287 Mean=0.846012 Std=0.282367 RMS90=0.119284
  Electron: n=6154 Mean=1.518243 Std=25.905146 RMS90=0.173420
  Muon: n=2222 Mean=0.880334 Std=0.442700 RMS90=0.030572

Epoch 455
Pretraining energy response (E_pred / E_true) by true-energy bin:
  1-50 GeV: n=40292 Mean=0.892237 Std=0.617371 RMS90=0.149018
  50-150 GeV: n=23832 Mean=0.878460 Std=0.126226 RMS90=0.049605
  >150 GeV: n=68 Mean=0.851554 Std=0.079958 RMS90=0.038860
Pretraining energy response by particle species:
  Neutron: n=13032 Mean=0.842367 Std=0.254697 RMS90=0.130358
  K0: n=11955 Mean=0.939325 Std=0.359250 RMS90=0.112063
  Photon: n=19748 Mean=1.306633 Std=31.119782 RMS90=0.192633
  Pion: n=21287 Mean=0.885809 Std=0.293148 RMS90=0.104321
  Electron: n=6154 Mean=1.317365 Std=17.906507 RMS90=0.169549
  Muon: n=2222 Mean=0.897193 Std=0.213899 RMS90=0.024603

Epoch 456
Pretraining energy response (E_pred / E_true) by true-energy bin:
  1-50 GeV: n=40292 Mean=0.876559 Std=0.539485 RMS90=0.138373
  50-150 GeV: n=23832 Mean=0.868569 Std=0.127090 RMS90=0.048647
  >150 GeV: n=68 Mean=0.851634 Std=0.081407 RMS90=0.042349
Pretraining energy response by particle species:
  Neutron: n=13032 Mean=0.814700 Std=0.244266 RMS90=0.125216
  K0: n=11955 Mean=0.904579 Std=0.192976 RMS90=0.106685
  Photon: n=19748 Mean=1.090899 Std=2.001182 RMS90=0.194491
  Pion: n=21287 Mean=0.886080 Std=0.282048 RMS90=0.103185
  Electron: n=6154 Mean=1.256156 Std=17.765560 RMS90=0.167856
  Muon: n=2222 Mean=0.897223 Std=0.202771 RMS90=0.023125

Epoch 457
Pretraining energy response (E_pred / E_true) by true-energy bin:
  1-50 GeV: n=40292 Mean=0.888391 Std=0.677477 RMS90=0.150144
  50-150 GeV: n=23832 Mean=0.865603 Std=0.126804 RMS90=0.052548
  >150 GeV: n=68 Mean=0.830732 Std=0.081371 RMS90=0.044400
Pretraining energy response by particle species:
  Neutron: n=13032 Mean=0.841603 Std=0.744003 RMS90=0.131004
  K0: n=11955 Mean=0.927566 Std=0.204608 RMS90=0.114547
  Photon: n=19748 Mean=1.098100 Std=1.734148 RMS90=0.194926
  Pion: n=21287 Mean=0.871013 Std=0.289478 RMS90=0.104767
  Electron: n=6154 Mean=1.350388 Std=23.703244 RMS90=0.168503
  Muon: n=2222 Mean=0.907598 Std=1.552908 RMS90=0.024101

Epoch 458
Pretraining energy response (E_pred / E_true) by true-energy bin:
  1-50 GeV: n=40292 Mean=0.878233 Std=0.446915 RMS90=0.146783
  50-150 GeV: n=23832 Mean=0.878720 Std=0.125773 RMS90=0.046270
  >150 GeV: n=68 Mean=0.850245 Std=0.081198 RMS90=0.036445
Pretraining energy response by particle species:
  Neutron: n=13032 Mean=0.825098 Std=0.246973 RMS90=0.125103
  K0: n=11955 Mean=0.916442 Std=0.192882 RMS90=0.102223
  Photon: n=19748 Mean=1.080479 Std=2.044628 RMS90=0.191949
  Pion: n=21287 Mean=0.886960 Std=0.279463 RMS90=0.110074
  Electron: n=6154 Mean=1.704606 Std=40.648457 RMS90=0.171513
  Muon: n=2222 Mean=1.036173 Std=4.689446 RMS90=0.027838

Epoch 459
Pretraining energy response (E_pred / E_true) by true-energy bin:
  1-50 GeV: n=40292 Mean=0.835531 Std=0.570007 RMS90=0.165336
  50-150 GeV: n=23832 Mean=0.823285 Std=0.129500 RMS90=0.066346
  >150 GeV: n=68 Mean=0.780329 Std=0.083767 RMS90=0.058389
Pretraining energy response by particle species:
  Neutron: n=13032 Mean=0.818697 Std=0.251706 RMS90=0.133094
  K0: n=11955 Mean=0.906478 Std=0.206367 RMS90=0.118919
  Photon: n=19748 Mean=1.146997 Std=7.057041 RMS90=0.194233
  Pion: n=21287 Mean=0.792761 Std=0.353028 RMS90=0.114856
  Electron: n=6154 Mean=1.162974 Std=21.872870 RMS90=0.171014
  Muon: n=2222 Mean=0.797833 Std=0.202942 RMS90=0.026246

Epoch 460
Pretraining energy response (E_pred / E_true) by true-energy bin:
  1-50 GeV: n=40292 Mean=0.839600 Std=0.435035 RMS90=0.173454
  50-150 GeV: n=23832 Mean=0.834196 Std=0.125697 RMS90=0.056273
  >150 GeV: n=68 Mean=0.789855 Std=0.080242 RMS90=0.047358
Pretraining energy response by particle species:
  Neutron: n=13032 Mean=0.822619 Std=0.518932 RMS90=0.132332
  K0: n=11955 Mean=0.907049 Std=0.205582 RMS90=0.118567
  Photon: n=19748 Mean=1.186834 Std=10.478828 RMS90=0.197574
  Pion: n=21287 Mean=0.805970 Std=0.278025 RMS90=0.133745
  Electron: n=6154 Mean=1.432814 Std=27.584681 RMS90=0.181077
  Muon: n=2222 Mean=0.912515 Std=3.994367 RMS90=0.033990

Epoch 461
Pretraining energy response (E_pred / E_true) by true-energy bin:
  1-50 GeV: n=40292 Mean=0.909892 Std=0.617060 RMS90=0.138024
  50-150 GeV: n=23832 Mean=0.905555 Std=0.127249 RMS90=0.044607
  >150 GeV: n=68 Mean=0.876949 Std=0.077238 RMS90=0.041704
Pretraining energy response by particle species:
  Neutron: n=13032 Mean=0.845262 Std=0.261180 RMS90=0.123118
  K0: n=11955 Mean=0.943271 Std=0.455859 RMS90=0.099363
  Photon: n=19748 Mean=1.587904 Std=43.232676 RMS90=0.195234
  Pion: n=21287 Mean=0.921992 Std=0.290439 RMS90=0.102656
  Electron: n=6154 Mean=1.785385 Std=54.925240 RMS90=0.168629
  Muon: n=2222 Mean=0.934757 Std=0.214892 RMS90=0.028299

Epoch 462
Pretraining energy response (E_pred / E_true) by true-energy bin:
  1-50 GeV: n=40292 Mean=0.884825 Std=0.694000 RMS90=0.149138
  50-150 GeV: n=23832 Mean=0.890074 Std=0.125360 RMS90=0.047043
  >150 GeV: n=68 Mean=0.859431 Std=0.083680 RMS90=0.046512
Pretraining energy response by particle species:
  Neutron: n=13032 Mean=0.850036 Std=0.920048 RMS90=0.125653
  K0: n=11955 Mean=0.938072 Std=0.495688 RMS90=0.100508
  Photon: n=19748 Mean=1.156415 Std=9.209207 RMS90=0.195018
  Pion: n=21287 Mean=0.885402 Std=0.291320 RMS90=0.111671
  Electron: n=6154 Mean=1.020698 Std=5.807790 RMS90=0.170698
  Muon: n=2222 Mean=0.948983 Std=1.840267 RMS90=0.026211

Epoch 463
Pretraining energy response (E_pred / E_true) by true-energy bin:
  1-50 GeV: n=40292 Mean=0.910448 Std=0.306504 RMS90=0.130444
  50-150 GeV: n=23832 Mean=0.910412 Std=0.126959 RMS90=0.042362
  >150 GeV: n=68 Mean=0.893486 Std=0.088946 RMS90=0.037284
Pretraining energy response by particle species:
  Neutron: n=13032 Mean=0.838998 Std=0.248892 RMS90=0.120873
  K0: n=11955 Mean=0.935011 Std=0.190701 RMS90=0.096308
  Photon: n=19748 Mean=1.594451 Std=46.215290 RMS90=0.189695
  Pion: n=21287 Mean=0.941767 Std=0.296665 RMS90=0.093874
  Electron: n=6154 Mean=1.090271 Std=10.542241 RMS90=0.163343
  Muon: n=2222 Mean=1.139773 Std=7.526666 RMS90=0.024722

Epoch 464
Pretraining energy response (E_pred / E_true) by true-energy bin:
  1-50 GeV: n=40292 Mean=0.874636 Std=0.434701 RMS90=0.157383
  50-150 GeV: n=23832 Mean=0.872629 Std=0.125928 RMS90=0.054399
  >150 GeV: n=68 Mean=0.832704 Std=0.084672 RMS90=0.050638
Pretraining energy response by particle species:
  Neutron: n=13032 Mean=0.847251 Std=0.255193 RMS90=0.129954
  K0: n=11955 Mean=0.941426 Std=0.203103 RMS90=0.111251
  Photon: n=19748 Mean=1.372932 Std=30.745053 RMS90=0.193350
  Pion: n=21287 Mean=0.862158 Std=1.418240 RMS90=0.113619
  Electron: n=6154 Mean=1.069742 Std=10.969026 RMS90=0.170649
  Muon: n=2222 Mean=0.869046 Std=0.205564 RMS90=0.028656

Epoch 465
Pretraining energy response (E_pred / E_true) by true-energy bin:
  1-50 GeV: n=40292 Mean=0.889467 Std=0.331811 RMS90=0.148070
  50-150 GeV: n=23832 Mean=0.891620 Std=0.125849 RMS90=0.049889
  >150 GeV: n=68 Mean=0.852379 Std=0.078180 RMS90=0.049426
Pretraining energy response by particle species:
  Neutron: n=13032 Mean=0.852988 Std=0.257513 RMS90=0.129834
  K0: n=11955 Mean=0.949852 Std=0.204709 RMS90=0.109127
  Photon: n=19748 Mean=1.447424 Std=33.397373 RMS90=0.190857
  Pion: n=21287 Mean=0.886830 Std=0.281940 RMS90=0.107366
  Electron: n=6154 Mean=1.311158 Std=18.358954 RMS90=0.164712
  Muon: n=2222 Mean=1.034207 Std=4.788185 RMS90=0.028865

Epoch 466
Pretraining energy response (E_pred / E_true) by true-energy bin:
  1-50 GeV: n=40292 Mean=0.886373 Std=0.536106 RMS90=0.146636
  50-150 GeV: n=23832 Mean=0.881285 Std=0.127828 RMS90=0.050911
  >150 GeV: n=68 Mean=0.845019 Std=0.080463 RMS90=0.042972
Pretraining energy response by particle species:
  Neutron: n=13032 Mean=0.830257 Std=0.254239 RMS90=0.126427
  K0: n=11955 Mean=0.920280 Std=0.197536 RMS90=0.107081
  Photon: n=19748 Mean=1.186887 Std=9.256359 RMS90=0.190161
  Pion: n=21287 Mean=0.890170 Std=0.283239 RMS90=0.115030
  Electron: n=6154 Mean=1.373206 Std=26.357918 RMS90=0.168420
  Muon: n=2222 Mean=0.945100 Std=1.594056 RMS90=0.033315

Epoch 467
Pretraining energy response (E_pred / E_true) by true-energy bin:
  1-50 GeV: n=40292 Mean=0.824020 Std=0.516523 RMS90=0.186712
  50-150 GeV: n=23832 Mean=0.785538 Std=0.132349 RMS90=0.077276
  >150 GeV: n=68 Mean=0.703066 Std=0.103699 RMS90=0.086968
Pretraining energy response by particle species:
  Neutron: n=13032 Mean=0.814518 Std=0.587570 RMS90=0.146043
  K0: n=11955 Mean=0.900213 Std=0.224676 RMS90=0.135496
  Photon: n=19748 Mean=1.094063 Std=5.531529 RMS90=0.208362
  Pion: n=21287 Mean=0.752298 Std=0.281634 RMS90=0.127749
  Electron: n=6154 Mean=1.898068 Std=48.116576 RMS90=0.189270
  Muon: n=2222 Mean=0.771762 Std=0.208780 RMS90=0.051378

Epoch 468
Pretraining energy response (E_pred / E_true) by true-energy bin:
  1-50 GeV: n=40292 Mean=0.897213 Std=0.539879 RMS90=0.144072
  50-150 GeV: n=23832 Mean=0.896608 Std=0.126648 RMS90=0.047655
  >150 GeV: n=68 Mean=0.860688 Std=0.079835 RMS90=0.041253
Pretraining energy response by particle species:
  Neutron: n=13032 Mean=0.842579 Std=0.252008 RMS90=0.124889
  K0: n=11955 Mean=0.942777 Std=0.491341 RMS90=0.103710
  Photon: n=19748 Mean=1.259742 Std=11.483903 RMS90=0.190511
  Pion: n=21287 Mean=0.907253 Std=0.282198 RMS90=0.111711
  Electron: n=6154 Mean=0.933810 Std=0.552823 RMS90=0.167685
  Muon: n=2222 Mean=0.960876 Std=1.582966 RMS90=0.031468

Epoch 469
Pretraining energy response (E_pred / E_true) by true-energy bin:
  1-50 GeV: n=40292 Mean=0.896040 Std=0.472337 RMS90=0.142480
  50-150 GeV: n=23832 Mean=0.899188 Std=0.129861 RMS90=0.046490
  >150 GeV: n=68 Mean=0.871410 Std=0.083989 RMS90=0.039779
Pretraining energy response by particle species:
  Neutron: n=13032 Mean=0.844780 Std=0.254441 RMS90=0.126435
  K0: n=11955 Mean=0.942029 Std=0.196070 RMS90=0.102267
  Photon: n=19748 Mean=1.163068 Std=5.088750 RMS90=0.195866
  Pion: n=21287 Mean=0.903462 Std=0.304784 RMS90=0.105531
  Electron: n=6154 Mean=1.318127 Std=22.996311 RMS90=0.169901
  Muon: n=2222 Mean=0.927230 Std=0.208919 RMS90=0.032080

Epoch 470
Pretraining energy response (E_pred / E_true) by true-energy bin:
  1-50 GeV: n=40292 Mean=0.878584 Std=0.636396 RMS90=0.136841
  50-150 GeV: n=23832 Mean=0.871702 Std=0.126834 RMS90=0.048633
  >150 GeV: n=68 Mean=0.835406 Std=0.082257 RMS90=0.048616
Pretraining energy response by particle species:
  Neutron: n=13032 Mean=0.821242 Std=0.707440 RMS90=0.119903
  K0: n=11955 Mean=0.909508 Std=0.436171 RMS90=0.102983
  Photon: n=19748 Mean=1.193164 Std=9.896504 RMS90=0.188724
  Pion: n=21287 Mean=0.885864 Std=0.282740 RMS90=0.102364
  Electron: n=6154 Mean=1.302469 Std=14.088922 RMS90=0.159486
  Muon: n=2222 Mean=0.899632 Std=0.213319 RMS90=0.030208

Epoch 471
Pretraining energy response (E_pred / E_true) by true-energy bin:
  1-50 GeV: n=40292 Mean=0.906268 Std=0.395366 RMS90=0.138434
  50-150 GeV: n=23832 Mean=0.915390 Std=0.131303 RMS90=0.045499
  >150 GeV: n=68 Mean=0.885438 Std=0.085866 RMS90=0.046457
Pretraining energy response by particle species:
  Neutron: n=13032 Mean=0.847461 Std=0.253001 RMS90=0.124245
  K0: n=11955 Mean=0.946319 Std=0.242480 RMS90=0.097241
  Photon: n=19748 Mean=1.437533 Std=32.759508 RMS90=0.193491
  Pion: n=21287 Mean=0.924531 Std=0.279415 RMS90=0.105314
  Electron: n=6154 Mean=1.342279 Std=16.896871 RMS90=0.174765
  Muon: n=2222 Mean=0.972810 Std=1.699205 RMS90=0.028197

Epoch 472
Pretraining energy response (E_pred / E_true) by true-energy bin:
  1-50 GeV: n=40292 Mean=0.853457 Std=0.355178 RMS90=0.174252
  50-150 GeV: n=23832 Mean=0.844402 Std=0.124539 RMS90=0.055962
  >150 GeV: n=68 Mean=0.788423 Std=0.082044 RMS90=0.051672
Pretraining energy response by particle species:
  Neutron: n=13032 Mean=0.831690 Std=0.256982 RMS90=0.135155
  K0: n=11955 Mean=0.925311 Std=0.224558 RMS90=0.122429
  Photon: n=19748 Mean=1.191646 Std=9.931240 RMS90=0.193535
  Pion: n=21287 Mean=0.822539 Std=0.285752 RMS90=0.133345
  Electron: n=6154 Mean=1.251274 Std=24.033047 RMS90=0.173607
  Muon: n=2222 Mean=0.843209 Std=0.208741 RMS90=0.041595

Epoch 473
Pretraining energy response (E_pred / E_true) by true-energy bin:
  1-50 GeV: n=40292 Mean=0.885665 Std=0.438257 RMS90=0.137509
  50-150 GeV: n=23832 Mean=0.878246 Std=0.124850 RMS90=0.047642
  >150 GeV: n=68 Mean=0.838326 Std=0.080809 RMS90=0.049426
Pretraining energy response by particle species:
  Neutron: n=13032 Mean=0.824270 Std=0.246366 RMS90=0.122414
  K0: n=11955 Mean=0.916977 Std=0.192591 RMS90=0.100983
  Photon: n=19748 Mean=1.160895 Std=9.253159 RMS90=0.191094
  Pion: n=21287 Mean=0.894955 Std=0.280257 RMS90=0.099993
  Electron: n=6154 Mean=1.207695 Std=13.252580 RMS90=0.165195
  Muon: n=2222 Mean=1.028914 Std=4.304092 RMS90=0.032917

Epoch 474
Pretraining energy response (E_pred / E_true) by true-energy bin:
  1-50 GeV: n=40292 Mean=0.882208 Std=0.499477 RMS90=0.155420
  50-150 GeV: n=23832 Mean=0.879308 Std=0.124962 RMS90=0.051314
  >150 GeV: n=68 Mean=0.834026 Std=0.079438 RMS90=0.046565
Pretraining energy response by particle species:
  Neutron: n=13032 Mean=0.837619 Std=0.253433 RMS90=0.128324
  K0: n=11955 Mean=0.932943 Std=0.200660 RMS90=0.107263
  Photon: n=19748 Mean=1.131125 Std=3.327769 RMS90=0.196633
  Pion: n=21287 Mean=0.885071 Std=1.443486 RMS90=0.121611
  Electron: n=6154 Mean=1.459618 Std=25.119650 RMS90=0.175040
  Muon: n=2222 Mean=0.897752 Std=0.210557 RMS90=0.042863

Epoch 475
Pretraining energy response (E_pred / E_true) by true-energy bin:
  1-50 GeV: n=40292 Mean=0.856108 Std=0.481244 RMS90=0.159665
  50-150 GeV: n=23832 Mean=0.841413 Std=0.124909 RMS90=0.055587
  >150 GeV: n=68 Mean=0.786227 Std=0.079711 RMS90=0.051425
Pretraining energy response by particle species:
  Neutron: n=13032 Mean=0.824031 Std=0.253141 RMS90=0.133797
  K0: n=11955 Mean=0.915189 Std=0.218987 RMS90=0.120434
  Photon: n=19748 Mean=1.140242 Std=7.946123 RMS90=0.189306
  Pion: n=21287 Mean=0.828542 Std=0.275386 RMS90=0.118076
  Electron: n=6154 Mean=1.202029 Std=22.796027 RMS90=0.169683
  Muon: n=2222 Mean=0.875515 Std=1.546932 RMS90=0.038809

Epoch 476
Pretraining energy response (E_pred / E_true) by true-energy bin:
  1-50 GeV: n=40292 Mean=0.874657 Std=0.489108 RMS90=0.135470
  50-150 GeV: n=23832 Mean=0.859876 Std=0.125103 RMS90=0.049515
  >150 GeV: n=68 Mean=0.827384 Std=0.081041 RMS90=0.041725
Pretraining energy response by particle species:
  Neutron: n=13032 Mean=0.818432 Std=0.706809 RMS90=0.124100
  K0: n=11955 Mean=0.902205 Std=0.196704 RMS90=0.108708
  Photon: n=19748 Mean=1.372519 Std=31.428093 RMS90=0.189373
  Pion: n=21287 Mean=0.880977 Std=0.278976 RMS90=0.095477
  Electron: n=6154 Mean=1.489556 Std=25.180904 RMS90=0.162584
  Muon: n=2222 Mean=1.018081 Std=4.639070 RMS90=0.025062

Epoch 477
Pretraining energy response (E_pred / E_true) by true-energy bin:
  1-50 GeV: n=40292 Mean=0.857772 Std=0.396327 RMS90=0.161941
  50-150 GeV: n=23832 Mean=0.835683 Std=0.125528 RMS90=0.058977
  >150 GeV: n=68 Mean=0.775702 Std=0.081024 RMS90=0.057472
Pretraining energy response by particle species:
  Neutron: n=13032 Mean=0.820495 Std=0.260199 RMS90=0.132111
  K0: n=11955 Mean=0.911507 Std=0.208710 RMS90=0.118527
  Photon: n=19748 Mean=1.116573 Std=3.393601 RMS90=0.198844
  Pion: n=21287 Mean=0.831230 Std=0.289475 RMS90=0.119630
  Electron: n=6154 Mean=1.907629 Std=48.039562 RMS90=0.180387
  Muon: n=2222 Mean=0.970093 Std=4.455950 RMS90=0.045541

Epoch 478
Pretraining energy response (E_pred / E_true) by true-energy bin:
  1-50 GeV: n=40292 Mean=0.893763 Std=0.526932 RMS90=0.132045
  50-150 GeV: n=23832 Mean=0.888493 Std=0.131483 RMS90=0.043309
  >150 GeV: n=68 Mean=0.863702 Std=0.094485 RMS90=0.045528
Pretraining energy response by particle species:
  Neutron: n=13032 Mean=0.840111 Std=0.708981 RMS90=0.121794
  K0: n=11955 Mean=0.929365 Std=0.192381 RMS90=0.099472
  Photon: n=19748 Mean=1.178730 Std=8.895968 RMS90=0.189097
  Pion: n=21287 Mean=0.901068 Std=0.290347 RMS90=0.092068
  Electron: n=6154 Mean=1.399298 Std=24.578048 RMS90=0.160713
  Muon: n=2222 Mean=0.938711 Std=1.424017 RMS90=0.021939

Epoch 479
Pretraining energy response (E_pred / E_true) by true-energy bin:
  1-50 GeV: n=40292 Mean=0.849429 Std=0.366223 RMS90=0.165036
  50-150 GeV: n=23832 Mean=0.829678 Std=0.123570 RMS90=0.057056
  >150 GeV: n=68 Mean=0.777358 Std=0.081365 RMS90=0.056208
Pretraining energy response by particle species:
  Neutron: n=13032 Mean=0.819286 Std=0.250159 RMS90=0.130149
  K0: n=11955 Mean=0.910490 Std=0.216691 RMS90=0.119768
  Photon: n=19748 Mean=1.121392 Std=4.244753 RMS90=0.193824
  Pion: n=21287 Mean=0.816672 Std=0.314147 RMS90=0.121317
  Electron: n=6154 Mean=1.327268 Std=24.323981 RMS90=0.171289
  Muon: n=2222 Mean=0.865217 Std=1.698792 RMS90=0.037805

Epoch 480
Pretraining energy response (E_pred / E_true) by true-energy bin:
  1-50 GeV: n=40292 Mean=0.871395 Std=0.359575 RMS90=0.152451
  50-150 GeV: n=23832 Mean=0.867432 Std=0.124685 RMS90=0.050674
  >150 GeV: n=68 Mean=0.824562 Std=0.079061 RMS90=0.048761
Pretraining energy response by particle species:
  Neutron: n=13032 Mean=0.832989 Std=0.251525 RMS90=0.128390
  K0: n=11955 Mean=0.926622 Std=0.200736 RMS90=0.109451
  Photon: n=19748 Mean=1.139989 Std=5.941984 RMS90=0.191882
  Pion: n=21287 Mean=0.860780 Std=0.281898 RMS90=0.114555
  Electron: n=6154 Mean=1.006800 Std=5.202218 RMS90=0.167313
  Muon: n=2222 Mean=0.876330 Std=0.202146 RMS90=0.033104

Epoch 481
Pretraining energy response (E_pred / E_true) by true-energy bin:
  1-50 GeV: n=40292 Mean=0.901522 Std=0.619030 RMS90=0.132891
  50-150 GeV: n=23832 Mean=0.903385 Std=0.145923 RMS90=0.042096
  >150 GeV: n=68 Mean=0.879533 Std=0.095186 RMS90=0.046165
Pretraining energy response by particle species:
  Neutron: n=13032 Mean=0.841850 Std=0.739996 RMS90=0.120136
  K0: n=11955 Mean=0.934536 Std=0.388638 RMS90=0.095384
  Photon: n=19748 Mean=1.239815 Std=10.598425 RMS90=0.188834
  Pion: n=21287 Mean=0.919489 Std=0.290206 RMS90=0.095544
  Electron: n=6154 Mean=1.105492 Std=10.851502 RMS90=0.165292
  Muon: n=2222 Mean=0.928595 Std=0.211033 RMS90=0.024581

Epoch 482
Pretraining energy response (E_pred / E_true) by true-energy bin:
  1-50 GeV: n=40292 Mean=0.908032 Std=0.524216 RMS90=0.141327
  50-150 GeV: n=23832 Mean=0.906021 Std=0.127026 RMS90=0.045787
  >150 GeV: n=68 Mean=0.872845 Std=0.088315 RMS90=0.041929
Pretraining energy response by particle species:
  Neutron: n=13032 Mean=0.848805 Std=0.310601 RMS90=0.123991
  K0: n=11955 Mean=0.949293 Std=0.519931 RMS90=0.100352
  Photon: n=19748 Mean=1.176988 Std=9.037643 RMS90=0.195781
  Pion: n=21287 Mean=0.918021 Std=0.286675 RMS90=0.101935
  Electron: n=6154 Mean=1.484139 Std=27.797188 RMS90=0.168145
  Muon: n=2222 Mean=0.931669 Std=0.212392 RMS90=0.030184

Epoch 483
Pretraining energy response (E_pred / E_true) by true-energy bin:
  1-50 GeV: n=40292 Mean=0.856152 Std=0.466975 RMS90=0.153040
  50-150 GeV: n=23832 Mean=0.838367 Std=0.122769 RMS90=0.051371
  >150 GeV: n=68 Mean=0.796216 Std=0.078390 RMS90=0.045528
Pretraining energy response by particle species:
  Neutron: n=13032 Mean=0.819384 Std=0.248502 RMS90=0.129536
  K0: n=11955 Mean=0.913921 Std=0.458372 RMS90=0.117664
  Photon: n=19748 Mean=1.183722 Std=10.983333 RMS90=0.190913
  Pion: n=21287 Mean=0.830317 Std=0.270304 RMS90=0.102674
  Electron: n=6154 Mean=1.204235 Std=13.262298 RMS90=0.165109
  Muon: n=2222 Mean=0.842712 Std=0.199478 RMS90=0.026351

Epoch 484
Pretraining energy response (E_pred / E_true) by true-energy bin:
  1-50 GeV: n=40292 Mean=0.876817 Std=0.495762 RMS90=0.153829
  50-150 GeV: n=23832 Mean=0.865828 Std=0.129380 RMS90=0.054917
  >150 GeV: n=68 Mean=0.816938 Std=0.077751 RMS90=0.049999
Pretraining energy response by particle species:
  Neutron: n=13032 Mean=0.834244 Std=0.252525 RMS90=0.130921
  K0: n=11955 Mean=0.925683 Std=0.204271 RMS90=0.114116
  Photon: n=19748 Mean=1.187851 Std=9.393925 RMS90=0.193344
  Pion: n=21287 Mean=0.865122 Std=0.357899 RMS90=0.112479
  Electron: n=6154 Mean=1.397040 Std=26.263269 RMS90=0.172342
  Muon: n=2222 Mean=0.874834 Std=0.204889 RMS90=0.037978

Epoch 485
Pretraining energy response (E_pred / E_true) by true-energy bin:
  1-50 GeV: n=40292 Mean=0.879981 Std=0.467730 RMS90=0.154910
  50-150 GeV: n=23832 Mean=0.869293 Std=0.131808 RMS90=0.052868
  >150 GeV: n=68 Mean=0.826837 Std=0.076585 RMS90=0.041514
Pretraining energy response by particle species:
  Neutron: n=13032 Mean=0.845611 Std=0.621390 RMS90=0.133208
  K0: n=11955 Mean=0.934121 Std=0.216247 RMS90=0.119339
  Photon: n=19748 Mean=1.119935 Std=4.668111 RMS90=0.195849
  Pion: n=21287 Mean=0.869212 Std=0.386200 RMS90=0.108583
  Electron: n=6154 Mean=1.353374 Std=25.822728 RMS90=0.170117
  Muon: n=2222 Mean=1.000078 Std=5.676006 RMS90=0.034113

Epoch 486
Pretraining energy response (E_pred / E_true) by true-energy bin:
  1-50 GeV: n=40292 Mean=0.886662 Std=0.471190 RMS90=0.136711
  50-150 GeV: n=23832 Mean=0.888154 Std=0.129203 RMS90=0.046651
  >150 GeV: n=68 Mean=0.854664 Std=0.086115 RMS90=0.042022
Pretraining energy response by particle species:
  Neutron: n=13032 Mean=0.820819 Std=0.244459 RMS90=0.120858
  K0: n=11955 Mean=0.913089 Std=0.189519 RMS90=0.098683
  Photon: n=19748 Mean=1.514535 Std=52.103596 RMS90=0.189247
  Pion: n=21287 Mean=0.904539 Std=0.284973 RMS90=0.107149
  Electron: n=6154 Mean=1.150130 Std=11.690076 RMS90=0.167288
  Muon: n=2222 Mean=0.924099 Std=0.207762 RMS90=0.028541

Epoch 487
Pretraining energy response (E_pred / E_true) by true-energy bin:
  1-50 GeV: n=40292 Mean=0.844847 Std=0.393891 RMS90=0.178765
  50-150 GeV: n=23832 Mean=0.833571 Std=0.126069 RMS90=0.055981
  >150 GeV: n=68 Mean=0.778616 Std=0.077639 RMS90=0.046686
Pretraining energy response by particle species:
  Neutron: n=13032 Mean=0.822524 Std=0.255725 RMS90=0.138324
  K0: n=11955 Mean=0.917619 Std=0.421765 RMS90=0.127750
  Photon: n=19748 Mean=1.116785 Std=7.869155 RMS90=0.193720
  Pion: n=21287 Mean=0.807847 Std=0.282670 RMS90=0.136091
  Electron: n=6154 Mean=1.767178 Std=47.420654 RMS90=0.175025
  Muon: n=2222 Mean=0.830694 Std=0.200163 RMS90=0.038671

Epoch 488
Pretraining energy response (E_pred / E_true) by true-energy bin:
  1-50 GeV: n=40292 Mean=0.830989 Std=0.599250 RMS90=0.152345
  50-150 GeV: n=23832 Mean=0.822857 Std=0.121641 RMS90=0.049478
  >150 GeV: n=68 Mean=0.780390 Std=0.075907 RMS90=0.043231
Pretraining energy response by particle species:
  Neutron: n=13032 Mean=0.787546 Std=0.238912 RMS90=0.121501
  K0: n=11955 Mean=0.877236 Std=0.446587 RMS90=0.108972
  Photon: n=19748 Mean=1.125455 Std=8.709996 RMS90=0.186091
  Pion: n=21287 Mean=0.816049 Std=0.275148 RMS90=0.115757
  Electron: n=6154 Mean=1.095293 Std=11.696210 RMS90=0.166543
  Muon: n=2222 Mean=0.952968 Std=4.272913 RMS90=0.034758

Epoch 489
Pretraining energy response (E_pred / E_true) by true-energy bin:
  1-50 GeV: n=40292 Mean=0.868055 Std=0.422339 RMS90=0.139501
  50-150 GeV: n=23832 Mean=0.866856 Std=0.125686 RMS90=0.046240
  >150 GeV: n=68 Mean=0.837633 Std=0.086440 RMS90=0.042781
Pretraining energy response by particle species:
  Neutron: n=13032 Mean=0.810599 Std=0.242019 RMS90=0.120591
  K0: n=11955 Mean=0.905880 Std=0.472425 RMS90=0.101555
  Photon: n=19748 Mean=1.220912 Std=10.818717 RMS90=0.189796
  Pion: n=21287 Mean=0.876632 Std=0.282472 RMS90=0.107533
  Electron: n=6154 Mean=1.072332 Std=10.651271 RMS90=0.166259
  Muon: n=2222 Mean=0.891405 Std=0.206953 RMS90=0.028314

Epoch 490
Pretraining energy response (E_pred / E_true) by true-energy bin:
  1-50 GeV: n=40292 Mean=0.862253 Std=0.499480 RMS90=0.178963
  50-150 GeV: n=23832 Mean=0.841572 Std=0.130457 RMS90=0.060142
  >150 GeV: n=68 Mean=0.778853 Std=0.076229 RMS90=0.047661
Pretraining energy response by particle species:
  Neutron: n=13032 Mean=0.829571 Std=0.259752 RMS90=0.141858
  K0: n=11955 Mean=0.922041 Std=0.224583 RMS90=0.132745
  Photon: n=19748 Mean=1.258849 Std=27.316319 RMS90=0.201211
  Pion: n=21287 Mean=0.828677 Std=0.292189 RMS90=0.135950
  Electron: n=6154 Mean=1.277164 Std=23.829740 RMS90=0.179371
  Muon: n=2222 Mean=1.058620 Std=9.673405 RMS90=0.047983

Epoch 491
Pretraining energy response (E_pred / E_true) by true-energy bin:
  1-50 GeV: n=40292 Mean=0.907150 Std=0.468116 RMS90=0.131572
  50-150 GeV: n=23832 Mean=0.901167 Std=0.127744 RMS90=0.042593
  >150 GeV: n=68 Mean=0.878296 Std=0.107139 RMS90=0.042387
Pretraining energy response by particle species:
  Neutron: n=13032 Mean=0.838777 Std=0.248203 RMS90=0.120593
  K0: n=11955 Mean=0.937813 Std=0.377293 RMS90=0.098206
  Photon: n=19748 Mean=1.486555 Std=36.145830 RMS90=0.187827
  Pion: n=21287 Mean=0.926583 Std=0.286515 RMS90=0.096302
  Electron: n=6154 Mean=1.288110 Std=18.335054 RMS90=0.161988
  Muon: n=2222 Mean=0.969361 Std=1.585447 RMS90=0.022048

Epoch 492
Pretraining energy response (E_pred / E_true) by true-energy bin:
  1-50 GeV: n=40292 Mean=0.889549 Std=0.660421 RMS90=0.150797
  50-150 GeV: n=23832 Mean=0.889023 Std=0.143177 RMS90=0.048407
  >150 GeV: n=68 Mean=0.857433 Std=0.080864 RMS90=0.041192
Pretraining energy response by particle species:
  Neutron: n=13032 Mean=0.843574 Std=0.255039 RMS90=0.128201
  K0: n=11955 Mean=0.940025 Std=0.211216 RMS90=0.107953
  Photon: n=19748 Mean=1.145374 Std=4.636653 RMS90=0.196499
  Pion: n=21287 Mean=0.881577 Std=0.288185 RMS90=0.110312
  Electron: n=6154 Mean=1.817041 Std=32.569533 RMS90=0.171121
  Muon: n=2222 Mean=0.897797 Std=0.214283 RMS90=0.033173

Epoch 493
Pretraining energy response (E_pred / E_true) by true-energy bin:
  1-50 GeV: n=40292 Mean=0.890360 Std=0.508634 RMS90=0.141838
  50-150 GeV: n=23832 Mean=0.883408 Std=0.127169 RMS90=0.048850
  >150 GeV: n=68 Mean=0.843506 Std=0.080224 RMS90=0.048456
Pretraining energy response by particle species:
  Neutron: n=13032 Mean=0.838801 Std=0.251312 RMS90=0.126186
  K0: n=11955 Mean=0.937470 Std=0.448249 RMS90=0.106496
  Photon: n=19748 Mean=1.149150 Std=8.278228 RMS90=0.191424
  Pion: n=21287 Mean=0.890264 Std=0.372524 RMS90=0.105009
  Electron: n=6154 Mean=2.255686 Std=54.903224 RMS90=0.166827
  Muon: n=2222 Mean=0.898507 Std=0.206637 RMS90=0.031133

Epoch 494
Pretraining energy response (E_pred / E_true) by true-energy bin:
  1-50 GeV: n=40292 Mean=0.916933 Std=0.601597 RMS90=0.139190
  50-150 GeV: n=23832 Mean=0.919738 Std=0.152256 RMS90=0.044434
  >150 GeV: n=68 Mean=0.896096 Std=0.080411 RMS90=0.036530
Pretraining energy response by particle species:
  Neutron: n=13032 Mean=0.865938 Std=0.633354 RMS90=0.122311
  K0: n=11955 Mean=0.959435 Std=0.200712 RMS90=0.098134
  Photon: n=19748 Mean=1.413530 Std=31.288256 RMS90=0.196798
  Pion: n=21287 Mean=0.927912 Std=0.292937 RMS90=0.101887
  Electron: n=6154 Mean=1.400547 Std=26.270527 RMS90=0.165461
  Muon: n=2222 Mean=1.290063 Std=11.548380 RMS90=0.029722

Epoch 495
Pretraining energy response (E_pred / E_true) by true-energy bin:
  1-50 GeV: n=40292 Mean=0.899217 Std=0.627177 RMS90=0.137635
  50-150 GeV: n=23832 Mean=0.898394 Std=0.166573 RMS90=0.043681
  >150 GeV: n=68 Mean=0.872494 Std=0.096778 RMS90=0.042361
Pretraining energy response by particle species:
  Neutron: n=13032 Mean=0.838166 Std=0.249413 RMS90=0.122792
  K0: n=11955 Mean=0.938019 Std=0.502703 RMS90=0.098941
  Photon: n=19748 Mean=1.257542 Std=10.607167 RMS90=0.190588
  Pion: n=21287 Mean=0.909857 Std=0.285143 RMS90=0.097245
  Electron: n=6154 Mean=1.068471 Std=5.639946 RMS90=0.164048
  Muon: n=2222 Mean=0.955558 Std=1.643357 RMS90=0.025327

Epoch 496
Pretraining energy response (E_pred / E_true) by true-energy bin:
  1-50 GeV: n=40292 Mean=0.878588 Std=0.441755 RMS90=0.133410
  50-150 GeV: n=23832 Mean=0.878323 Std=0.128028 RMS90=0.046850
  >150 GeV: n=68 Mean=0.847395 Std=0.085327 RMS90=0.044181
Pretraining energy response by particle species:
  Neutron: n=13032 Mean=0.814066 Std=0.242234 RMS90=0.118754
  K0: n=11955 Mean=0.910175 Std=0.458300 RMS90=0.099344
  Photon: n=19748 Mean=1.181736 Std=9.941821 RMS90=0.187897
  Pion: n=21287 Mean=0.896987 Std=0.281347 RMS90=0.101451
  Electron: n=6154 Mean=1.304411 Std=18.051651 RMS90=0.166024
  Muon: n=2222 Mean=0.910551 Std=0.209720 RMS90=0.028764

Epoch 497
Pretraining energy response (E_pred / E_true) by true-energy bin:
  1-50 GeV: n=40292 Mean=0.895254 Std=0.497150 RMS90=0.135955
  50-150 GeV: n=23832 Mean=0.887226 Std=0.137309 RMS90=0.047874
  >150 GeV: n=68 Mean=0.856287 Std=0.079984 RMS90=0.045377
Pretraining energy response by particle species:
  Neutron: n=13032 Mean=0.834232 Std=0.248392 RMS90=0.122321
  K0: n=11955 Mean=0.932153 Std=0.492329 RMS90=0.103784
  Photon: n=19748 Mean=1.192140 Std=9.614096 RMS90=0.193134
  Pion: n=21287 Mean=0.903798 Std=0.283310 RMS90=0.097228
  Electron: n=6154 Mean=2.141159 Std=54.195690 RMS90=0.163284
  Muon: n=2222 Mean=0.911730 Std=0.211477 RMS90=0.031607

Epoch 498
Pretraining energy response (E_pred / E_true) by true-energy bin:
  1-50 GeV: n=40292 Mean=0.886579 Std=0.418312 RMS90=0.135141
  50-150 GeV: n=23832 Mean=0.878032 Std=0.126561 RMS90=0.047731
  >150 GeV: n=68 Mean=0.845043 Std=0.081451 RMS90=0.044345
Pretraining energy response by particle species:
  Neutron: n=13032 Mean=0.822823 Std=0.245706 RMS90=0.121390
  K0: n=11955 Mean=0.914893 Std=0.207345 RMS90=0.104163
  Photon: n=19748 Mean=1.164556 Std=8.605698 RMS90=0.188331
  Pion: n=21287 Mean=0.898032 Std=0.285997 RMS90=0.100281
  Electron: n=6154 Mean=1.115880 Std=10.874493 RMS90=0.160523
  Muon: n=2222 Mean=0.907475 Std=0.209713 RMS90=0.027973

Epoch 499
Pretraining energy response (E_pred / E_true) by true-energy bin:
  1-50 GeV: n=40292 Mean=0.898339 Std=0.611327 RMS90=0.134714
  50-150 GeV: n=23832 Mean=0.891239 Std=0.131595 RMS90=0.045863
  >150 GeV: n=68 Mean=0.859521 Std=0.090588 RMS90=0.044410
Pretraining energy response by particle species:
  Neutron: n=13032 Mean=0.842338 Std=0.723460 RMS90=0.125498
  K0: n=11955 Mean=0.934513 Std=0.455591 RMS90=0.102108
  Photon: n=19748 Mean=1.186886 Std=9.383733 RMS90=0.189300
  Pion: n=21287 Mean=0.906641 Std=0.290365 RMS90=0.095403
  Electron: n=6154 Mean=1.194201 Std=12.481697 RMS90=0.164936
  Muon: n=2222 Mean=0.915880 Std=0.210256 RMS90=0.026388

