cuda:0
thetaphi at main: True
Loading dataset...
Using ILCStreamingDataset (shuffle_buffer=256, files_per_chunk=32, seed=1001)
ILCStreamingDataset: path=/data/suehara/mldata/pfa/murata/data/tc/tc_nnqq_2M, files=20000, events~=2000000, shuffle_buffer=256, files_per_chunk=32
Using ILCStreamingDataset (shuffle_buffer=256, files_per_chunk=32, seed=1001)
ILCStreamingDataset: path=/data/suehara/mldata/pfa/murata/data/tc/tc_nnqq_new/train, files=716, events~=94400, shuffle_buffer=256, files_per_chunk=32
Training dataset size:  2000000
Validating dataset size:  94400
Batch size:  128
Loading GravnetModel
Hello
restart period :  30
DDP scheduler setup: local_batch_size=32, local_epoch_size=500000, world_size=4
[rank 0] epoch=0 train_batch=2000/15625 loss=1.061599
[rank 0] epoch=0 train_batch=4000/15625 loss=1.053378
[rank 0] epoch=0 train_batch=6000/15625 loss=1.047432
[rank 0] epoch=0 train_batch=8000/15625 loss=1.044723
[rank 0] epoch=0 train_batch=10000/15625 loss=1.052445
[rank 0] epoch=0 train_batch=12000/15625 loss=1.057833
[rank 0] epoch=0 train_batch=14000/15625 loss=1.051153
Training epoch 0
[2.45984525e-01 2.56377504e-03 1.10802524e+00 3.17510994e-03
 6.95486476e-01 3.00803362e-07 2.92390512e-01 4.75207977e-03
 7.51984996e-01 3.56862888e-08 3.20250015e-02 1.27820118e-02
 4.19172454e-01 1.71242482e-02 2.27524253e-02 9.61657463e-03
 2.60872112e-01 1.19444931e-02 2.81744079e-01 8.45625127e-03
 1.42777099e-02 2.82049499e-03 1.22632440e-01 4.39694775e-08
 4.94048004e-02 2.74154899e-03 7.82709280e-02 2.51019931e-08
 5.05437558e-03 2.25256947e-03 5.91004302e-02 2.85081500e-03
 4.12663230e-03 2.31333715e-03 5.87012633e-02 3.01077425e-03
 8.07168385e-02 1.71998203e-03 3.78822256e-03 8.11394801e-04
 2.25785894e-02 1.40170438e-08 1.15578963e-02 5.95178747e-04
 2.85703696e-02 7.65575185e-09 1.55932633e-03 6.23472288e-04
 2.22335218e-02 8.87682852e-04 1.43545265e-03 7.56885291e-04
 2.43107845e-02 1.09333551e-03 3.99426269e-02 5.52252522e-04
 1.95054100e-03 7.22667938e-04 4.28647239e-03 9.88933731e-10
 8.96686357e-03 4.60287163e-04 2.36281614e-02 4.97291387e-10
 1.11201773e-03 3.29605024e-04 1.45694030e-02 4.72889877e-04
 9.03289898e-04 4.64243877e-04 1.53032528e-02 6.26819711e-04
 3.05178973e-02 2.61562284e-04 1.18771979e-03 6.50073679e-04
 8.43273215e-02 1.91635034e-03 2.98232291e-03 1.49118946e-03
 5.73799189e-02 2.43566172e-03 3.40802624e-03 1.51723074e-03
 5.74422254e-02 2.41512989e-03 4.10022079e-03 1.55347326e-03
 6.00652222e-02 2.26375855e-03 4.86719428e-03 2.77554844e-03
 5.10432249e-02 3.85026615e-03 4.12685135e-02 6.05106432e-03
 3.97021132e-02 1.17883000e-02]
train  L_V                   = +0.0712 (1.3%)
 train    L_V_attractive      = +0.0380 (0.7%)
 train      L_V_attractive_charged      = +0.0182 (0.3%)
 train      L_V_attractive_neutral      = +0.0198 (0.4%)
 train    L_V_repulsive       = +0.0332 (0.6%)
 train      L_V_repulsive_charged       = +0.0156 (0.3%)
 train      L_V_repulsive_neutral       = +0.0176 (0.3%)
 train    L_charged_cluster   = +0.0000 (0.0%)
 train  L_beta              = +2.4609 (44.8%)
 train    L_beta_noise        = +0.0000 (0.0%)
 train    L_beta_sig          = +1.4640 (26.7%)
 train    L_beta_suppress     = +0.0000 (0.0%)
 train    L_beta_track        = +0.9969 (18.1%)
 train      L_beta_norms_term   = -0.0013 (-0.0%)
 train      L_beta_logbeta_term = +1.4653 (26.7%)
 train  L_E   = +2.9605 (53.9%)
 train    L_E_charge = +0.0000 (0.0%)
 train    L_E_cond = +1.0227 (18.6%)
 train    L_E_cluster = +1.9378 (35.3%)
 train    L_E_w_photon   = +0.0000 (0.0%)
 train    L_E_w_charged_hadron   = +0.0000 (0.0%)
 train    L_E_w_neutral_hadron   = +0.0000 (0.0%)
 train    L_E_w_muon     = +0.0000 (0.0%)
 train    L_E_w_electron = +0.0000 (0.0%)
learning rate :  [0.00039890465297888624]
train loss :  1.071226954460144
test   L_V                   = +0.0950 (1.5%)
    L_V_attractive      = +0.0512 (0.8%)
      L_V_attractive_charged      = +0.0247 (0.4%)
      L_V_attractive_neutral      = +0.0265 (0.4%)
    L_V_repulsive       = +0.0438 (0.7%)
      L_V_repulsive_charged       = +0.0216 (0.3%)
      L_V_repulsive_neutral       = +0.0222 (0.3%)
    L_charged_cluster   = +0.0000 (0.0%)
  L_beta              = +3.0484 (47.2%)
    L_beta_noise        = +0.0000 (0.0%)
    L_beta_sig          = +2.0486 (31.7%)
    L_beta_suppress     = +0.0000 (0.0%)
    L_beta_track        = +0.9999 (15.5%)
      L_beta_norms_term   = -0.0000 (-0.0%)
      L_beta_logbeta_term = +2.0486 (31.8%)
  L_E   = +3.3089 (51.3%)
    L_E_charge = +0.0000 (0.0%)
    L_E_cond = +1.1183 (17.3%)
    L_E_cluster = +2.1906 (34.0%)
    L_E_w_photon   = +0.0000 (0.0%)
    L_E_w_charged_hadron   = +0.0000 (0.0%)
    L_E_w_neutral_hadron   = +0.0000 (0.0%)
    L_E_w_muon     = +0.0000 (0.0%)
    L_E_w_electron = +0.0000 (0.0%)
Returning 1.0950016975402832
[rank 0] epoch=1 train_batch=2000/15625 loss=1.087275
[rank 0] epoch=1 train_batch=4000/15625 loss=1.112100
[rank 0] epoch=1 train_batch=6000/15625 loss=1.092173
[rank 0] epoch=1 train_batch=8000/15625 loss=1.080798
[rank 0] epoch=1 train_batch=10000/15625 loss=1.073973
[rank 0] epoch=1 train_batch=12000/15625 loss=1.079731
[rank 0] epoch=1 train_batch=14000/15625 loss=1.087347
Training epoch 1
[3.06133057e+00 2.04301339e-02 1.00057537e+01 1.74481026e-02
 7.49027536e+00 2.94640303e-06 1.46638110e+00 1.72214317e-02
 1.73589606e+00 4.62864987e-08 2.07964689e-01 1.43646370e-01
 1.79608082e+00 1.19172875e-01 1.78721037e-01 1.34919610e-01
 1.56468927e+00 1.16842291e-01 2.40705877e+00 1.08793518e-01
 1.54645986e-01 2.89941683e-02 1.13466240e+00 2.81039246e-07
 4.99919516e-01 2.62904962e-02 4.59412680e-01 1.88202391e-07
 3.90208536e-02 2.88092666e-02 2.99917805e-01 2.24141444e-02
 3.07334358e-02 2.46892718e-02 2.97158081e-01 2.23514596e-02
 4.52695412e-01 1.85465074e-02 2.40913676e-02 1.84767420e-03
 1.62762618e-01 2.10458901e-07 5.49372704e-02 1.61757341e-03
 4.79262237e-02 1.45842407e-07 3.90143821e-03 2.33913986e-03
 3.22130744e-02 2.27873910e-03 3.37524035e-03 2.24362587e-03
 3.51184469e-02 2.36858669e-03 4.27122909e-02 1.51449799e-03
 2.32782170e-03 8.96170528e-04 7.60773056e-03 7.20448216e-09
 1.32454290e-02 5.48939979e-04 2.04909929e-02 7.83242409e-10
 1.35949088e-03 7.88107182e-04 9.16644096e-03 5.93067567e-04
 9.20531258e-04 6.72588589e-04 9.19225725e-03 5.81207548e-04
 1.34981672e-02 3.81476616e-04 1.10481005e-03 5.01404192e-04
 4.26067737e-02 9.04337131e-04 2.10411839e-03 9.49952094e-04
 2.00305492e-02 1.00228286e-03 1.71011937e-03 9.28024245e-04
 1.98222519e-02 1.07390062e-03 1.98423509e-03 9.35344771e-04
 1.94869695e-02 9.12986457e-04 1.63264417e-03 1.27890255e-03
 1.84452530e-02 1.15419746e-03 1.59808253e-02 1.21885123e-03
 1.50295794e-02 2.98479895e-07]
train  L_V                   = +0.0856 (1.1%)
 train    L_V_attractive      = +0.0531 (0.7%)
 train      L_V_attractive_charged      = +0.0247 (0.3%)
 train      L_V_attractive_neutral      = +0.0284 (0.4%)
 train    L_V_repulsive       = +0.0325 (0.4%)
 train      L_V_repulsive_charged       = +0.0155 (0.2%)
 train      L_V_repulsive_neutral       = +0.0170 (0.2%)
 train    L_charged_cluster   = +0.0000 (0.0%)
 train  L_beta              = +4.3087 (57.4%)
 train    L_beta_noise        = +0.0000 (0.0%)
 train    L_beta_sig          = +3.3087 (44.1%)
 train    L_beta_suppress     = +0.0000 (0.0%)
 train    L_beta_track        = +1.0000 (13.3%)
 train      L_beta_norms_term   = -0.0000 (-0.0%)
 train      L_beta_logbeta_term = +3.3087 (44.1%)
 train  L_E   = +3.1138 (41.5%)
 train    L_E_charge = +0.0000 (0.0%)
 train    L_E_cond = +1.0949 (14.6%)
 train    L_E_cluster = +2.0189 (26.9%)
 train    L_E_w_photon   = +0.0000 (0.0%)
 train    L_E_w_charged_hadron   = +0.0000 (0.0%)
 train    L_E_w_neutral_hadron   = +0.0000 (0.0%)
 train    L_E_w_muon     = +0.0000 (0.0%)
 train    L_E_w_electron = +0.0000 (0.0%)
learning rate :  [0.00039890465297888624, 0.00039563061276672447]
train loss :  1.085602879524231
test   L_V                   = +0.0731 (0.9%)
    L_V_attractive      = +0.0452 (0.6%)
      L_V_attractive_charged      = +0.0192 (0.2%)
      L_V_attractive_neutral      = +0.0260 (0.3%)
    L_V_repulsive       = +0.0279 (0.3%)
      L_V_repulsive_charged       = +0.0128 (0.2%)
      L_V_repulsive_neutral       = +0.0151 (0.2%)
    L_charged_cluster   = +0.0000 (0.0%)
  L_beta              = +4.9159 (61.0%)
    L_beta_noise        = +0.0000 (0.0%)
    L_beta_sig          = +3.9159 (48.6%)
    L_beta_suppress     = +0.0000 (0.0%)
    L_beta_track        = +1.0000 (12.4%)
      L_beta_norms_term   = -0.0000 (-0.0%)
      L_beta_logbeta_term = +3.9159 (48.6%)
  L_E   = +3.0652 (38.1%)
    L_E_charge = +0.0000 (0.0%)
    L_E_cond = +0.9972 (12.4%)
    L_E_cluster = +2.0680 (25.7%)
    L_E_w_photon   = +0.0000 (0.0%)
    L_E_w_charged_hadron   = +0.0000 (0.0%)
    L_E_w_neutral_hadron   = +0.0000 (0.0%)
    L_E_w_muon     = +0.0000 (0.0%)
    L_E_w_electron = +0.0000 (0.0%)
Returning 1.0730870962142944
[rank 0] epoch=2 train_batch=2000/15625 loss=2.105264
[rank 0] epoch=2 train_batch=4000/15625 loss=2.199223
[rank 0] epoch=2 train_batch=6000/15625 loss=2.075354
[rank 0] epoch=2 train_batch=8000/15625 loss=2.063922
[rank 0] epoch=2 train_batch=10000/15625 loss=2.056360
[rank 0] epoch=2 train_batch=12000/15625 loss=2.028602
[rank 0] epoch=2 train_batch=14000/15625 loss=2.005021
Training epoch 2
[5.42923009e+00 4.73227981e-02 1.41680765e+01 2.32682755e-02
 9.66482503e+00 3.90476761e-06 1.86269325e+00 1.59490831e-02
 4.85817331e+00 2.42099454e-08 6.34092119e-01 4.19584715e-01
 5.56222947e+00 2.14883412e-01 3.59179031e-01 3.10360003e-01
 3.17710580e+00 2.25194190e-01 5.10270073e+00 1.91399997e-01
 2.89050136e-01 7.07052475e-02 1.59536587e+00 2.80631299e-07
 9.59764332e-01 5.64586868e-02 7.68292228e-01 1.95073071e-07
 8.74246293e-02 6.90058226e-02 6.90879191e-01 4.83906984e-02
 7.41576172e-02 5.83418962e-02 6.52283605e-01 4.88811863e-02
 8.26502972e-01 3.11348692e-02 4.06341411e-02 4.26017245e-03
 2.60186454e-01 3.34260483e-07 8.65768703e-02 3.01044272e-03
 8.38886284e-02 2.73466385e-07 9.13568821e-03 6.09475262e-03
 7.47229602e-02 5.84606329e-03 9.41111205e-03 6.17315104e-03
 8.50454910e-02 6.11580168e-03 1.04858753e-01 4.11639223e-03
 6.67496870e-03 2.89364328e-03 1.32666734e-02 1.63603665e-08
 4.17229574e-02 1.14153392e-03 4.39422753e-02 1.38649214e-09
 3.91383342e-03 2.47831272e-03 2.27146390e-02 1.58141064e-03
 2.74905443e-03 2.26542410e-03 2.33772156e-02 1.75512501e-03
 5.83634156e-02 1.88171765e-03 5.98576840e-03 3.37666212e-03
 4.65753948e-01 5.41381152e-03 3.36394669e-02 8.11016878e-03
 2.44582647e-01 7.13727040e-03 3.17362763e-02 8.88384578e-03
 2.79170504e-01 7.86285454e-03 3.64412106e-02 1.08781186e-02
 3.34480804e-01 7.97700198e-03 4.01343922e-02 1.86688971e-02
 5.23742785e-01 1.73823503e-02 3.74212908e-01 2.46470753e-02
 2.25268330e-01 7.51231500e-03]
train  L_V                   = +0.3476 (8.4%)
 train    L_V_attractive      = +0.2020 (4.9%)
 train      L_V_attractive_charged      = +0.1564 (3.8%)
 train      L_V_attractive_neutral      = +0.0455 (1.1%)
 train    L_V_repulsive       = +0.1457 (3.5%)
 train      L_V_repulsive_charged       = +0.0793 (1.9%)
 train      L_V_repulsive_neutral       = +0.0664 (1.6%)
 train    L_charged_cluster   = +0.0000 (0.0%)
 train  L_beta              = +0.7402 (17.9%)
 train    L_beta_noise        = +0.0000 (0.0%)
 train    L_beta_sig          = +0.0471 (1.1%)
 train    L_beta_suppress     = +0.0000 (0.0%)
 train    L_beta_track        = +0.6931 (16.8%)
 train      L_beta_norms_term   = -0.1017 (-2.5%)
 train      L_beta_logbeta_term = +0.1488 (3.6%)
 train  L_E   = +3.0459 (73.7%)
 train    L_E_charge = +0.0000 (0.0%)
 train    L_E_cond = +0.9288 (22.5%)
 train    L_E_cluster = +2.1171 (51.2%)
 train    L_E_w_photon   = +0.0000 (0.0%)
 train    L_E_w_charged_hadron   = +0.0000 (0.0%)
 train    L_E_w_neutral_hadron   = +0.0000 (0.0%)
 train    L_E_w_muon     = +0.0000 (0.0%)
 train    L_E_w_electron = +0.0000 (0.0%)
learning rate :  [0.00039890465297888624, 0.00039563061276672447, 0.000390213750433216]
train loss :  2.087790012359619
test   L_V                   = +0.3905 (7.9%)
    L_V_attractive      = +0.2655 (5.4%)
      L_V_attractive_charged      = +0.1894 (3.8%)
      L_V_attractive_neutral      = +0.0761 (1.5%)
    L_V_repulsive       = +0.1251 (2.5%)
      L_V_repulsive_charged       = +0.0732 (1.5%)
      L_V_repulsive_neutral       = +0.0519 (1.1%)
    L_charged_cluster   = +0.0000 (0.0%)
  L_beta              = +0.9269 (18.8%)
    L_beta_noise        = +0.0000 (0.0%)
    L_beta_sig          = +0.1864 (3.8%)
    L_beta_suppress     = +0.0000 (0.0%)
    L_beta_track        = +0.7405 (15.0%)
      L_beta_norms_term   = -0.0180 (-0.4%)
      L_beta_logbeta_term = +0.2044 (4.2%)
  L_E   = +3.6053 (73.2%)
    L_E_charge = +0.0000 (0.0%)
    L_E_cond = +1.0293 (20.9%)
    L_E_cluster = +2.5760 (52.3%)
    L_E_w_photon   = +0.0000 (0.0%)
    L_E_w_charged_hadron   = +0.0000 (0.0%)
    L_E_w_neutral_hadron   = +0.0000 (0.0%)
    L_E_w_muon     = +0.0000 (0.0%)
    L_E_w_electron = +0.0000 (0.0%)
Returning 2.317455291748047
[rank 0] epoch=3 train_batch=2000/15625 loss=2.175031
[rank 0] epoch=3 train_batch=4000/15625 loss=2.160620
[rank 0] epoch=3 train_batch=6000/15625 loss=2.240535
[rank 0] epoch=3 train_batch=8000/15625 loss=2.194154
[rank 0] epoch=3 train_batch=10000/15625 loss=2.274931
[rank 0] epoch=3 train_batch=12000/15625 loss=2.232534
[rank 0] epoch=3 train_batch=14000/15625 loss=2.263107
Training epoch 3
[1.76676423e+01 3.71303808e-01 5.89236987e+01 1.43142744e-01
 3.23436165e+01 1.18933165e-05 8.56259437e+00 8.21158765e-02
 1.27628477e+01 8.48651077e-08 2.01332141e+00 2.87274879e+00
 8.98235459e+00 1.00152096e+00 1.50301413e+00 1.70022059e+00
 8.55512594e+00 8.80486124e-01 1.76027339e+01 8.86793596e-01
 1.38169676e+00 3.57854601e-01 6.80503907e+00 1.11136824e-06
 3.97832769e+00 2.23637719e-01 2.26532240e+00 1.02898963e-06
 3.06692584e-01 4.27724113e-01 1.79606188e+00 1.72948167e-01
 2.48603695e-01 2.50956278e-01 1.91052384e+00 1.64398476e-01
 2.70187902e+00 1.10017596e-01 1.26933623e-01 1.64582573e-02
 6.76344101e-01 1.43186477e-06 2.78194876e-01 1.43860853e-02
 2.15100706e-01 2.21628967e-06 2.22148083e-02 1.32404752e-02
 1.47137538e-01 1.09971290e-02 1.93935416e-02 1.37636224e-02
 1.44754821e-01 1.19148252e-02 2.04365694e-01 8.62037336e-03
 1.02175438e-02 2.78052902e-03 1.70362913e-02 5.76529756e-08
 1.04064246e-01 1.37908902e-03 7.16727429e-02 3.18306185e-09
 7.13741365e-03 5.47757624e-03 3.97229248e-02 2.95165889e-03
 5.00011961e-03 3.96573188e-03 3.75184502e-02 2.79556222e-03
 7.58899074e-02 2.42141254e-03 5.78894129e-03 2.74147247e-03
 2.00713408e-01 3.93519255e-03 1.08938944e-02 5.49694871e-03
 7.81431115e-02 4.04396354e-03 8.62151482e-03 4.38460011e-03
 6.16054251e-02 2.96858717e-03 7.72091344e-03 4.40573688e-03
 6.42031522e-02 2.93558470e-03 9.12367897e-03 9.50957142e-03
 1.18607123e-01 7.75969937e-03 1.64486769e-01 1.47195599e-02
 1.04437552e-01 5.06412309e-03]
train  L_V                   = +0.2920 (6.1%)
 train    L_V_attractive      = +0.1873 (3.9%)
 train      L_V_attractive_charged      = +0.1242 (2.6%)
 train      L_V_attractive_neutral      = +0.0631 (1.3%)
 train    L_V_repulsive       = +0.1047 (2.2%)
 train      L_V_repulsive_charged       = +0.0605 (1.3%)
 train      L_V_repulsive_neutral       = +0.0442 (0.9%)
 train    L_charged_cluster   = +0.0000 (0.0%)
 train  L_beta              = +0.9397 (19.6%)
 train    L_beta_noise        = +0.0000 (0.0%)
 train    L_beta_sig          = +0.1721 (3.6%)
 train    L_beta_suppress     = +0.0000 (0.0%)
 train    L_beta_track        = +0.7676 (16.1%)
 train      L_beta_norms_term   = -0.0171 (-0.4%)
 train      L_beta_logbeta_term = +0.1892 (4.0%)
 train  L_E   = +3.5510 (74.2%)
 train    L_E_charge = +0.0000 (0.0%)
 train    L_E_cond = +1.0282 (21.5%)
 train    L_E_cluster = +2.5228 (52.7%)
 train    L_E_w_photon   = +0.0000 (0.0%)
 train    L_E_w_charged_hadron   = +0.0000 (0.0%)
 train    L_E_w_neutral_hadron   = +0.0000 (0.0%)
 train    L_E_w_muon     = +0.0000 (0.0%)
 train    L_E_w_electron = +0.0000 (0.0%)
learning rate :  [0.00039890465297888624, 0.00039563061276672447, 0.000390213750433216, 0.00038271341425563806]
train loss :  2.231718063354492
test   L_V                   = +0.6481 (12.6%)
    L_V_attractive      = +0.2200 (4.3%)
      L_V_attractive_charged      = +0.1229 (2.4%)
      L_V_attractive_neutral      = +0.0971 (1.9%)
    L_V_repulsive       = +0.4282 (8.3%)
      L_V_repulsive_charged       = +0.1606 (3.1%)
      L_V_repulsive_neutral       = +0.2675 (5.2%)
    L_charged_cluster   = +0.0000 (0.0%)
  L_beta              = +0.9775 (19.0%)
    L_beta_noise        = +0.0000 (0.0%)
    L_beta_sig          = +0.1840 (3.6%)
    L_beta_suppress     = +0.0000 (0.0%)
    L_beta_track        = +0.7934 (15.4%)
      L_beta_norms_term   = -0.0171 (-0.3%)
      L_beta_logbeta_term = +0.2011 (3.9%)
  L_E   = +3.5136 (68.4%)
    L_E_charge = +0.0000 (0.0%)
    L_E_cond = +0.9963 (19.4%)
    L_E_cluster = +2.5173 (49.0%)
    L_E_w_photon   = +0.0000 (0.0%)
    L_E_w_charged_hadron   = +0.0000 (0.0%)
    L_E_w_neutral_hadron   = +0.0000 (0.0%)
    L_E_w_muon     = +0.0000 (0.0%)
    L_E_w_electron = +0.0000 (0.0%)
Returning 2.6255877017974854
[rank 0] epoch=4 train_batch=2000/15625 loss=3.390589
[rank 0] epoch=4 train_batch=4000/15625 loss=3.425142
[rank 0] epoch=4 train_batch=6000/15625 loss=3.388850
[rank 0] epoch=4 train_batch=8000/15625 loss=3.540264
[rank 0] epoch=4 train_batch=10000/15625 loss=3.335554
[rank 0] epoch=4 train_batch=12000/15625 loss=3.545701
[rank 0] epoch=4 train_batch=14000/15625 loss=3.499858
Training epoch 4
[2.89252877e+01 7.40637963e-01 1.74995035e+02 4.25235046e-01
 1.21979572e+02 1.11876897e-04 2.71446974e+01 2.24884969e-01
 5.04453236e+01 1.87148683e-07 1.00153004e+01 1.22005982e+01
 3.23233604e+01 3.49223733e+00 5.66159941e+00 6.05299566e+00
 2.46101061e+01 2.49762969e+00 4.72892141e+01 2.39469558e+00
 3.65093793e+00 1.01164017e+00 1.15369722e+01 3.03433033e-06
 9.24286385e+00 5.84338829e-01 5.29329240e+00 7.64305580e-06
 7.17956618e-01 1.25660960e+00 4.47988289e+00 4.57875317e-01
 6.00834469e-01 5.54954636e-01 4.48652221e+00 3.72471809e-01
 5.35061713e+00 1.74022261e-01 2.04947612e-01 2.88806429e-02
 9.96323527e-01 3.58315789e-06 5.25329964e-01 2.15813762e-02
 4.25454369e-01 9.78883298e-06 5.22041722e-02 3.61673591e-02
 3.40047461e-01 2.63947032e-02 4.98267457e-02 3.79081929e-02
 3.39079476e-01 2.97026879e-02 5.20224890e-01 2.32413244e-02
 2.80151348e-02 7.78441091e-03 3.45678692e-02 1.47625283e-07
 2.13616522e-01 1.57970453e-03 1.43163471e-01 5.14803340e-09
 1.87702318e-02 1.83249654e-02 1.08858985e-01 8.30998188e-03
 1.60970116e-02 1.48229523e-02 1.12048867e-01 9.37389911e-03
 2.39832513e-01 8.20827471e-03 2.00676665e-02 1.16015208e-02
 6.39032727e-01 1.76694090e-02 4.14205959e-02 2.54918933e-02
 2.75361087e-01 1.83586939e-02 3.46698628e-02 1.77367915e-02
 2.42470522e-01 1.20206473e-02 3.87058825e-02 1.87105257e-02
 2.51505510e-01 1.19057638e-02 5.89302871e-02 6.99067755e-02
 5.06804765e-01 8.05014661e-02 1.82591937e+00 4.76297258e-01
 7.31010916e+00 2.27292756e+00]
train  L_V                   = +0.2988 (12.3%)
 train    L_V_attractive      = +0.1883 (7.8%)
 train      L_V_attractive_charged      = +0.1225 (5.0%)
 train      L_V_attractive_neutral      = +0.0658 (2.7%)
 train    L_V_repulsive       = +0.1105 (4.5%)
 train      L_V_repulsive_charged       = +0.0636 (2.6%)
 train      L_V_repulsive_neutral       = +0.0469 (1.9%)
 train    L_charged_cluster   = +0.0000 (0.0%)
 train  L_beta              = +0.9532 (39.2%)
 train    L_beta_noise        = +0.0000 (0.0%)
 train    L_beta_sig          = +0.1824 (7.5%)
 train    L_beta_suppress     = +0.0000 (0.0%)
 train    L_beta_track        = +0.7708 (31.7%)
 train      L_beta_norms_term   = -0.0152 (-0.6%)
 train      L_beta_logbeta_term = +0.1976 (8.1%)
 train  L_E   = +1.1770 (48.5%)
 train    L_E_charge = +0.0000 (0.0%)
 train    L_E_cond = +0.7121 (29.3%)
 train    L_E_cluster = +0.4649 (19.1%)
 train    L_E_w_photon   = +0.0000 (0.0%)
 train    L_E_w_charged_hadron   = +0.0000 (0.0%)
 train    L_E_w_neutral_hadron   = +0.0000 (0.0%)
 train    L_E_w_muon     = +0.0000 (0.0%)
 train    L_E_w_electron = +0.0000 (0.0%)
learning rate :  [0.00039890465297888624, 0.00039563061276672447, 0.000390213750433216, 0.00038271341425563806, 0.0003732117794866986]
train loss :  3.4289960861206055
test   L_V                   = +0.2822 (10.8%)
    L_V_attractive      = +0.1595 (6.1%)
      L_V_attractive_charged      = +0.1032 (4.0%)
      L_V_attractive_neutral      = +0.0564 (2.2%)
    L_V_repulsive       = +0.1227 (4.7%)
      L_V_repulsive_charged       = +0.0596 (2.3%)
      L_V_repulsive_neutral       = +0.0630 (2.4%)
    L_charged_cluster   = +0.0000 (0.0%)
  L_beta              = +1.0826 (41.6%)
    L_beta_noise        = +0.0000 (0.0%)
    L_beta_sig          = +0.2388 (9.2%)
    L_beta_suppress     = +0.0000 (0.0%)
    L_beta_track        = +0.8439 (32.4%)
      L_beta_norms_term   = -0.0134 (-0.5%)
      L_beta_logbeta_term = +0.2521 (9.7%)
  L_E   = +1.2371 (47.5%)
    L_E_charge = +0.0000 (0.0%)
    L_E_cond = +0.7480 (28.7%)
    L_E_cluster = +0.4891 (18.8%)
    L_E_w_photon   = +0.0000 (0.0%)
    L_E_w_charged_hadron   = +0.0000 (0.0%)
    L_E_w_neutral_hadron   = +0.0000 (0.0%)
    L_E_w_muon     = +0.0000 (0.0%)
    L_E_w_electron = +0.0000 (0.0%)
Returning 3.601907730102539
[rank 0] epoch=5 train_batch=2000/15625 loss=3.231762
[rank 0] epoch=5 train_batch=4000/15625 loss=3.155374
[rank 0] epoch=5 train_batch=6000/15625 loss=3.204728
[rank 0] epoch=5 train_batch=8000/15625 loss=3.137058
[rank 0] epoch=5 train_batch=10000/15625 loss=3.470079
[rank 0] epoch=5 train_batch=12000/15625 loss=3.286268
[rank 0] epoch=5 train_batch=14000/15625 loss=3.147056
Training epoch 5
[2.59339848e+01 7.05117537e-01 1.17141455e+02 3.68845408e-01
 7.58685363e+01 6.13046489e-05 2.10727781e+01 1.69014542e-01
 2.91487982e+01 8.77718566e-08 7.25299944e+00 9.88901202e+00
 1.97077427e+01 2.36351766e+00 3.39990291e+00 3.81669062e+00
 1.29575368e+01 1.35345943e+00 2.80255300e+01 1.27809812e+00
 1.90910459e+00 6.54181572e-01 4.44921641e+00 1.01069037e-06
 5.49955567e+00 3.34979225e-01 3.01863529e+00 1.53731999e-06
 4.42470916e-01 8.41557031e-01 2.39843341e+00 2.71755875e-01
 3.18416787e-01 2.71225084e-01 2.05764441e+00 1.74983498e-01
 2.65867428e+00 7.44079502e-02 7.61063619e-02 1.56723369e-02
 2.86659644e-01 9.06480350e-07 1.85036148e-01 9.28568564e-03
 2.02070824e-01 3.52688290e-06 3.03878637e-02 2.21547691e-02
 1.85992286e-01 1.56830748e-02 3.14225889e-02 2.52829121e-02
 2.13981913e-01 1.90793517e-02 3.48562243e-01 1.51654617e-02
 1.83645392e-02 7.51174196e-03 1.70124644e-02 8.26728541e-08
 1.19438576e-01 7.39759519e-04 8.86917014e-02 3.42679188e-09
 1.29773460e-02 1.09101355e-02 7.30880674e-02 5.66448874e-03
 1.24524630e-02 1.01789416e-02 8.65354658e-02 6.76905866e-03
 2.36508167e-01 8.68401931e-03 1.92188308e-02 1.12211228e-02
 4.95803939e-01 1.38368959e-02 4.51956419e-02 2.44309652e-02
 2.74645064e-01 1.62394989e-02 3.98126287e-02 1.97749812e-02
 2.48108844e-01 1.24823254e-02 4.70017069e-02 1.91050965e-02
 2.39015245e-01 1.03393686e-02 9.27085682e-02 4.06631485e-02
 3.92280707e-01 3.33832011e-02 1.08750095e+00 3.42967827e-01
 5.30209993e+00 2.00623399e+00]
train  L_V                   = +0.3231 (14.3%)
 train    L_V_attractive      = +0.2071 (9.2%)
 train      L_V_attractive_charged      = +0.1457 (6.5%)
 train      L_V_attractive_neutral      = +0.0614 (2.7%)
 train    L_V_repulsive       = +0.1161 (5.1%)
 train      L_V_repulsive_charged       = +0.0685 (3.0%)
 train      L_V_repulsive_neutral       = +0.0476 (2.1%)
 train    L_charged_cluster   = +0.0000 (0.0%)
 train  L_beta              = +0.9121 (40.4%)
 train    L_beta_noise        = +0.0000 (0.0%)
 train    L_beta_sig          = +0.1751 (7.8%)
 train    L_beta_suppress     = +0.0000 (0.0%)
 train    L_beta_track        = +0.7370 (32.6%)
 train      L_beta_norms_term   = -0.0166 (-0.7%)
 train      L_beta_logbeta_term = +0.1917 (8.5%)
 train  L_E   = +1.0225 (45.3%)
 train    L_E_charge = +0.0000 (0.0%)
 train    L_E_cond = +0.6155 (27.3%)
 train    L_E_cluster = +0.4070 (18.0%)
 train    L_E_w_photon   = +0.0000 (0.0%)
 train    L_E_w_charged_hadron   = +0.0000 (0.0%)
 train    L_E_w_neutral_hadron   = +0.0000 (0.0%)
 train    L_E_w_muon     = +0.0000 (0.0%)
 train    L_E_w_electron = +0.0000 (0.0%)
learning rate :  [0.00039890465297888624, 0.00039563061276672447, 0.000390213750433216, 0.00038271341425563806, 0.0003732117794866986, 0.00036181294802527074]
train loss :  3.2577626705169678
test   L_V                   = +0.4607 (17.2%)
    L_V_attractive      = +0.1787 (6.7%)
      L_V_attractive_charged      = +0.1107 (4.1%)
      L_V_attractive_neutral      = +0.0681 (2.5%)
    L_V_repulsive       = +0.2820 (10.5%)
      L_V_repulsive_charged       = +0.1563 (5.8%)
      L_V_repulsive_neutral       = +0.1257 (4.7%)
    L_charged_cluster   = +0.0000 (0.0%)
  L_beta              = +1.0085 (37.6%)
    L_beta_noise        = +0.0000 (0.0%)
    L_beta_sig          = +0.2057 (7.7%)
    L_beta_suppress     = +0.0000 (0.0%)
    L_beta_track        = +0.8028 (29.9%)
      L_beta_norms_term   = -0.0177 (-0.7%)
      L_beta_logbeta_term = +0.2235 (8.3%)
  L_E   = +1.2157 (45.3%)
    L_E_charge = +0.0000 (0.0%)
    L_E_cond = +0.7305 (27.2%)
    L_E_cluster = +0.4852 (18.1%)
    L_E_w_photon   = +0.0000 (0.0%)
    L_E_w_charged_hadron   = +0.0000 (0.0%)
    L_E_w_neutral_hadron   = +0.0000 (0.0%)
    L_E_w_muon     = +0.0000 (0.0%)
    L_E_w_electron = +0.0000 (0.0%)
Returning 3.684929609298706
[rank 0] epoch=6 train_batch=2000/15625 loss=3.327395
[rank 0] epoch=6 train_batch=4000/15625 loss=3.448929
[rank 0] epoch=6 train_batch=6000/15625 loss=3.448931
[rank 0] epoch=6 train_batch=8000/15625 loss=3.375324
[rank 0] epoch=6 train_batch=10000/15625 loss=3.601858
[rank 0] epoch=6 train_batch=12000/15625 loss=4.014948
[rank 0] epoch=6 train_batch=14000/15625 loss=3.729450
Training epoch 6
[2.48619477e+01 1.20464004e+00 1.32863582e+02 6.67840519e-01
 3.01286920e+01 2.14640190e-05 4.18264317e+01 4.89976575e-01
 5.51916317e+01 3.83088702e-07 1.47063754e+01 2.13260687e+01
 3.53436479e+01 5.57253662e+00 8.16790143e+00 9.07729771e+00
 2.89616178e+01 3.17127011e+00 5.40437845e+01 2.57475530e+00
 4.26716937e+00 1.91199067e+00 1.00338118e+01 2.66281929e-06
 1.15511653e+01 8.21148286e-01 5.37955061e+00 1.49235230e-05
 9.76232569e-01 1.91672358e+00 5.64006613e+00 7.29106205e-01
 1.00806534e+00 9.61771648e-01 6.88509377e+00 6.60258646e-01
 7.87014673e+00 1.10880446e-01 1.46249751e-01 4.19025578e-02
 3.59261620e-01 2.71541705e-06 3.79178666e-01 2.24249759e-02
 5.30899815e-01 8.61860829e-05 8.17146918e-02 5.24131699e-02
 4.83983838e-01 3.73140142e-02 8.79413014e-02 6.60815516e-02
 5.51278104e-01 4.54385299e-02 8.12945973e-01 3.00797467e-02
 3.94702074e-02 2.11992888e-02 2.29204384e-02 3.65959478e-07
 2.41933353e-01 9.35731397e-04 2.41952519e-01 4.27113355e-08
 3.08821938e-02 2.51711029e-02 1.84634662e-01 1.31408742e-02
 3.31507970e-02 2.85622221e-02 2.21654894e-01 1.79348236e-02
 5.54285646e-01 1.82162222e-02 4.62930409e-02 3.03163817e-02
 1.15071360e+00 3.23451511e-02 8.74661876e-02 5.74350942e-02
 5.17090295e-01 3.45152362e-02 6.43994632e-02 4.65275438e-02
 3.96460999e-01 2.60492692e-02 4.24611175e-02 3.19682613e-02
 2.61251713e-01 1.73931065e-02 5.33362130e-02 3.58688648e-02
 2.43980746e-01 2.66822497e-02 8.50707919e-01 2.24987069e-01
 4.91386182e+00 1.62851090e+00]
train  L_V                   = +0.3360 (13.0%)
 train    L_V_attractive      = +0.1827 (7.1%)
 train      L_V_attractive_charged      = +0.1162 (4.5%)
 train      L_V_attractive_neutral      = +0.0666 (2.6%)
 train    L_V_repulsive       = +0.1532 (5.9%)
 train      L_V_repulsive_charged       = +0.0807 (3.1%)
 train      L_V_repulsive_neutral       = +0.0725 (2.8%)
 train    L_charged_cluster   = +0.0000 (0.0%)
 train  L_beta              = +1.0216 (39.6%)
 train    L_beta_noise        = +0.0000 (0.0%)
 train    L_beta_sig          = +0.2170 (8.4%)
 train    L_beta_suppress     = +0.0000 (0.0%)
 train    L_beta_track        = +0.8046 (31.2%)
 train      L_beta_norms_term   = -0.0182 (-0.7%)
 train      L_beta_logbeta_term = +0.2352 (9.1%)
 train  L_E   = +1.2197 (47.3%)
 train    L_E_charge = +0.0000 (0.0%)
 train    L_E_cond = +0.7385 (28.7%)
 train    L_E_cluster = +0.4811 (18.7%)
 train    L_E_w_photon   = +0.0000 (0.0%)
 train    L_E_w_charged_hadron   = +0.0000 (0.0%)
 train    L_E_w_neutral_hadron   = +0.0000 (0.0%)
 train    L_E_w_muon     = +0.0000 (0.0%)
 train    L_E_w_electron = +0.0000 (0.0%)
learning rate :  [0.00039890465297888624, 0.00039563061276672447, 0.000390213750433216, 0.00038271341425563806, 0.0003732117794866986, 0.00036181294802527074, 0.000348641807854205]
train loss :  3.5772321224212646
test   L_V                   = +38.0511 (93.9%)
    L_V_attractive      = +37.4923 (92.6%)
      L_V_attractive_charged      = +13.9713 (34.5%)
      L_V_attractive_neutral      = +23.5210 (58.1%)
    L_V_repulsive       = +0.5588 (1.4%)
      L_V_repulsive_charged       = +0.2384 (0.6%)
      L_V_repulsive_neutral       = +0.3204 (0.8%)
    L_charged_cluster   = +0.0000 (0.0%)
  L_beta              = +1.1284 (2.8%)
    L_beta_noise        = +0.0000 (0.0%)
    L_beta_sig          = +0.2472 (0.6%)
    L_beta_suppress     = +0.0000 (0.0%)
    L_beta_track        = +0.8811 (2.2%)
      L_beta_norms_term   = -0.0383 (-0.1%)
      L_beta_logbeta_term = +0.2856 (0.7%)
  L_E   = +1.3258 (3.3%)
    L_E_charge = +0.0000 (0.0%)
    L_E_cond = +0.7947 (2.0%)
    L_E_cluster = +0.5310 (1.3%)
    L_E_w_photon   = +0.0000 (0.0%)
    L_E_w_charged_hadron   = +0.0000 (0.0%)
    L_E_w_neutral_hadron   = +0.0000 (0.0%)
    L_E_w_muon     = +0.0000 (0.0%)
    L_E_w_electron = +0.0000 (0.0%)
Returning 41.50519561767578
[rank 0] epoch=7 train_batch=2000/15625 loss=3.672532
[rank 0] epoch=7 train_batch=4000/15625 loss=3.564440
[rank 0] epoch=7 train_batch=6000/15625 loss=3.722679
[rank 0] epoch=7 train_batch=8000/15625 loss=3.535478
[rank 0] epoch=7 train_batch=10000/15625 loss=3.176454
[rank 0] epoch=7 train_batch=12000/15625 loss=3.128771
[rank 0] epoch=7 train_batch=14000/15625 loss=3.024472
Training epoch 7
[2.64650930e+01 3.29876901e+00 1.61309556e+02 2.22913684e+00
 4.82902209e+01 7.17348351e-05 6.40455190e+01 1.25232599e+00
 7.45057507e+01 6.44053238e-07 1.51945069e+01 2.51791637e+01
 3.25852323e+01 6.04790433e+00 6.61645360e+00 9.03652050e+00
 2.45277003e+01 2.87620761e+00 4.42102814e+01 2.19361625e+00
 3.99777115e+00 1.60755486e+00 9.33581435e+00 3.83437096e-06
 1.00334763e+01 5.94844032e-01 4.26610868e+00 8.70709513e-06
 7.10539735e-01 1.30499908e+00 2.98053653e+00 3.77709933e-01
 5.47558500e-01 7.02812421e-01 3.68821540e+00 4.16878418e-01
 4.62027865e+00 1.24469684e-01 1.65688620e-01 6.25315223e-02
 3.23219566e-01 2.55878454e-06 4.22503377e-01 3.76074987e-02
 5.74887177e-01 2.13699499e-04 9.58420898e-02 6.80411875e-02
 5.69204893e-01 4.56295802e-02 1.07504378e-01 7.86135746e-02
 6.48259462e-01 5.39443730e-02 9.27744795e-01 2.74032820e-02
 3.27801600e-02 2.12444543e-02 1.36603606e-02 5.63813596e-07
 2.44675444e-01 5.37391300e-04 2.65979865e-01 8.99240617e-08
 2.61197612e-02 1.82736511e-02 1.35174329e-01 9.80631714e-03
 2.65394325e-02 2.69185703e-02 1.80207771e-01 1.57760306e-02
 4.95331314e-01 1.38694578e-02 3.94062511e-02 3.14600324e-02
 1.45503154e+00 3.88876861e-02 8.02444668e-02 5.63527603e-02
 4.67660342e-01 3.35200499e-02 6.67198931e-02 4.93450115e-02
 3.81088577e-01 2.61208465e-02 6.46169621e-02 3.98596023e-02
 3.24382314e-01 2.12270340e-02 1.03019833e-01 5.08049824e-02
 4.08333694e-01 3.41857871e-02 1.08547547e+00 2.23533726e-01
 6.32169188e+00 1.97069535e+00]
train  L_V                   = +0.3473 (14.5%)
 train    L_V_attractive      = +0.1991 (8.3%)
 train      L_V_attractive_charged      = +0.1357 (5.7%)
 train      L_V_attractive_neutral      = +0.0634 (2.7%)
 train    L_V_repulsive       = +0.1482 (6.2%)
 train      L_V_repulsive_charged       = +0.0806 (3.4%)
 train      L_V_repulsive_neutral       = +0.0677 (2.8%)
 train    L_charged_cluster   = +0.0000 (0.0%)
 train  L_beta              = +0.9664 (40.5%)
 train    L_beta_noise        = +0.0000 (0.0%)
 train    L_beta_sig          = +0.2009 (8.4%)
 train    L_beta_suppress     = +0.0000 (0.0%)
 train    L_beta_track        = +0.7655 (32.1%)
 train      L_beta_norms_term   = -0.0185 (-0.8%)
 train      L_beta_logbeta_term = +0.2194 (9.2%)
 train  L_E   = +1.0746 (45.0%)
 train    L_E_charge = +0.0000 (0.0%)
 train    L_E_cond = +0.6460 (27.0%)
 train    L_E_cluster = +0.4285 (17.9%)
 train    L_E_w_photon   = +0.0000 (0.0%)
 train    L_E_w_charged_hadron   = +0.0000 (0.0%)
 train    L_E_w_neutral_hadron   = +0.0000 (0.0%)
 train    L_E_w_muon     = +0.0000 (0.0%)
 train    L_E_w_electron = +0.0000 (0.0%)
learning rate :  [0.00039890465297888624, 0.00039563061276672447, 0.000390213750433216, 0.00038271341425563806, 0.0003732117794866986, 0.00036181294802527074, 0.000348641807854205, 0.0003338426647414537]
train loss :  3.3883209228515625
test   L_V                   = +0.4417 (20.4%)
    L_V_attractive      = +0.2940 (13.6%)
      L_V_attractive_charged      = +0.2080 (9.6%)
      L_V_attractive_neutral      = +0.0860 (4.0%)
    L_V_repulsive       = +0.1476 (6.8%)
      L_V_repulsive_charged       = +0.0895 (4.1%)
      L_V_repulsive_neutral       = +0.0581 (2.7%)
    L_charged_cluster   = +0.0000 (0.0%)
  L_beta              = +0.8697 (40.2%)
    L_beta_noise        = +0.0000 (0.0%)
    L_beta_sig          = +0.1507 (7.0%)
    L_beta_suppress     = +0.0000 (0.0%)
    L_beta_track        = +0.7189 (33.2%)
      L_beta_norms_term   = -0.0201 (-0.9%)
      L_beta_logbeta_term = +0.1708 (7.9%)
  L_E   = +0.8518 (39.4%)
    L_E_charge = +0.0000 (0.0%)
    L_E_cond = +0.4927 (22.8%)
    L_E_cluster = +0.3591 (16.6%)
    L_E_w_photon   = +0.0000 (0.0%)
    L_E_w_charged_hadron   = +0.0000 (0.0%)
    L_E_w_neutral_hadron   = +0.0000 (0.0%)
    L_E_w_muon     = +0.0000 (0.0%)
    L_E_w_electron = +0.0000 (0.0%)
Returning 3.1631040573120117
[rank 0] epoch=8 train_batch=2000/15625 loss=3.035051
[rank 0] epoch=8 train_batch=4000/15625 loss=2.986794
[rank 0] epoch=8 train_batch=6000/15625 loss=3.016992
[rank 0] epoch=8 train_batch=8000/15625 loss=3.126537
[rank 0] epoch=8 train_batch=10000/15625 loss=2.963144
[rank 0] epoch=8 train_batch=12000/15625 loss=3.020402
[rank 0] epoch=8 train_batch=14000/15625 loss=2.928999
Training epoch 8
[2.00670002e+01 5.80935313e-01 6.87305068e+01 4.57435109e-01
 3.42242871e+01 5.31495866e-05 1.67579909e+01 1.74534766e-01
 1.54001966e+01 7.20996026e-08 3.32898862e+00 7.15496112e+00
 5.91004108e+00 1.01138121e+00 8.91000524e-01 1.41399915e+00
 2.47139309e+00 3.26120148e-01 5.09408674e+00 2.34298390e-01
 3.81924485e-01 2.27086125e-01 1.21003784e+00 1.67883174e-07
 6.37033227e-01 6.95180357e-02 2.47818344e-01 3.82897103e-08
 4.15166411e-02 1.63732871e-01 1.22843732e-01 2.46337265e-02
 1.82336578e-02 2.95430037e-02 1.12092029e-01 1.33087268e-02
 2.47429192e-01 1.04855396e-02 1.55618218e-02 1.00449044e-02
 2.36112771e-02 1.15111181e-07 3.03845993e-02 2.92934273e-03
 3.36666646e-02 2.36433545e-06 6.76546217e-03 5.64758826e-03
 3.43598174e-02 3.02069980e-03 7.54901324e-03 5.66089123e-03
 4.04182765e-02 3.56187708e-03 6.75335635e-02 2.70773293e-03
 5.90952027e-03 7.86686421e-03 9.23007597e-04 1.68418335e-08
 1.41598638e-02 3.53375836e-05 1.33628887e-02 1.13072687e-09
 1.43034511e-03 1.29798901e-03 7.55186583e-03 6.10404771e-04
 1.82002774e-03 2.24687371e-03 1.21566642e-02 1.19142132e-03
 4.34986172e-02 1.76096931e-03 6.38354653e-03 1.06822888e-02
 4.98808498e-01 1.72273635e-02 3.83745472e-02 2.10718641e-02
 2.03215404e-01 1.12796588e-02 5.36993310e-02 2.52384855e-02
 2.65802188e-01 1.26857162e-02 1.07681859e-01 2.78400792e-02
 3.72072067e-01 1.39488490e-02 2.61119946e-01 8.61641214e-02
 8.46728328e-01 4.83257050e-02 1.31805850e+00 2.77791117e-01
 6.05615472e+00 2.63859972e+00]
train  L_V                   = +0.3398 (16.9%)
 train    L_V_attractive      = +0.2259 (11.2%)
 train      L_V_attractive_charged      = +0.1697 (8.4%)
 train      L_V_attractive_neutral      = +0.0562 (2.8%)
 train    L_V_repulsive       = +0.1139 (5.7%)
 train      L_V_repulsive_charged       = +0.0686 (3.4%)
 train      L_V_repulsive_neutral       = +0.0453 (2.3%)
 train    L_charged_cluster   = +0.0000 (0.0%)
 train  L_beta              = +0.8563 (42.6%)
 train    L_beta_noise        = +0.0000 (0.0%)
 train    L_beta_sig          = +0.1574 (7.8%)
 train    L_beta_suppress     = +0.0000 (0.0%)
 train    L_beta_track        = +0.6990 (34.8%)
 train      L_beta_norms_term   = -0.0175 (-0.9%)
 train      L_beta_logbeta_term = +0.1748 (8.7%)
 train  L_E   = +0.8140 (40.5%)
 train    L_E_charge = +0.0000 (0.0%)
 train    L_E_cond = +0.4693 (23.3%)
 train    L_E_cluster = +0.3447 (17.1%)
 train    L_E_w_photon   = +0.0000 (0.0%)
 train    L_E_w_charged_hadron   = +0.0000 (0.0%)
 train    L_E_w_neutral_hadron   = +0.0000 (0.0%)
 train    L_E_w_muon     = +0.0000 (0.0%)
 train    L_E_w_electron = +0.0000 (0.0%)
learning rate :  [0.00039890465297888624, 0.00039563061276672447, 0.000390213750433216, 0.00038271341425563806, 0.0003732117794866986, 0.00036181294802527074, 0.000348641807854205, 0.0003338426647414537, 0.00031757766119588004]
train loss :  3.0101490020751953
test   L_V                   = +2590.2498 (99.9%)
    L_V_attractive      = +2590.1074 (99.9%)
      L_V_attractive_charged      = +1467.8317 (56.6%)
      L_V_attractive_neutral      = +1122.2814 (43.3%)
    L_V_repulsive       = +0.1203 (0.0%)
      L_V_repulsive_charged       = +0.0707 (0.0%)
      L_V_repulsive_neutral       = +0.0496 (0.0%)
    L_charged_cluster   = +0.0000 (0.0%)
  L_beta              = +0.8873 (0.0%)
    L_beta_noise        = +0.0000 (0.0%)
    L_beta_sig          = +0.1797 (0.0%)
    L_beta_suppress     = +0.0000 (0.0%)
    L_beta_track        = +0.7076 (0.0%)
      L_beta_norms_term   = -0.0167 (-0.0%)
      L_beta_logbeta_term = +0.1964 (0.0%)
  L_E   = +0.8789 (0.0%)
    L_E_charge = +0.0000 (0.0%)
    L_E_cond = +0.4944 (0.0%)
    L_E_cluster = +0.3845 (0.0%)
    L_E_w_photon   = +0.0000 (0.0%)
    L_E_w_charged_hadron   = +0.0000 (0.0%)
    L_E_w_neutral_hadron   = +0.0000 (0.0%)
    L_E_w_muon     = +0.0000 (0.0%)
    L_E_w_electron = +0.0000 (0.0%)
Returning 2593.015869140625
[rank 0] epoch=9 train_batch=2000/15625 loss=2.935920
[rank 0] epoch=9 train_batch=4000/15625 loss=2.976418
[rank 0] epoch=9 train_batch=6000/15625 loss=2.952576
[rank 0] epoch=9 train_batch=8000/15625 loss=2.980949
[rank 0] epoch=9 train_batch=10000/15625 loss=3.003241
[rank 0] epoch=9 train_batch=12000/15625 loss=2.960437
[rank 0] epoch=9 train_batch=14000/15625 loss=2.998639
Training epoch 9
[2.16079415e+01 5.26937428e-01 7.59518571e+01 3.75408573e-01
 4.22822492e+01 8.91492053e-05 1.57423123e+01 1.26946130e-01
 1.32379668e+01 5.83153578e-08 4.07544073e+00 1.02504874e+01
 5.59089976e+00 1.31751110e+00 9.68951568e-01 1.78878451e+00
 2.20284291e+00 3.44297765e-01 4.98585405e+00 2.34285524e-01
 3.53726813e-01 2.35238539e-01 1.07751516e+00 1.42437819e-07
 5.79284039e-01 7.67239222e-02 2.80148505e-01 1.18623068e-08
 4.26331891e-02 1.64134817e-01 1.05496373e-01 2.37431248e-02
 1.87461489e-02 2.97159623e-02 1.09519585e-01 1.25489527e-02
 1.97228548e-01 9.33163416e-03 1.68236082e-02 8.44882189e-03
 3.53916896e-02 5.54290281e-08 2.99867015e-02 2.90746420e-03
 2.93403935e-02 1.18181385e-07 5.64911307e-03 5.39462824e-03
 2.89115102e-02 2.83926869e-03 7.43131743e-03 6.49699355e-03
 4.21618122e-02 4.06845122e-03 7.13607861e-02 3.18440494e-03
 5.32298804e-03 6.39176390e-03 9.66695638e-04 5.77565375e-09
 7.00974356e-03 4.05332737e-05 7.97745369e-03 3.83187488e-10
 1.13194086e-03 9.90222261e-04 5.90944711e-03 4.41159843e-04
 1.45146641e-03 1.62216710e-03 9.02759299e-03 7.82322224e-04
 3.15823929e-02 1.33218614e-03 5.31355131e-03 8.92017541e-03
 1.86141417e-01 8.98990753e-03 3.23764478e-02 2.07071870e-02
 1.77380184e-01 1.04970176e-02 6.80667633e-02 2.63800393e-02
 2.74032393e-01 1.31949406e-02 1.14915017e-01 2.77671183e-02
 3.83522486e-01 1.41460749e-02 3.22403548e-01 1.03242569e-01
 8.72416200e-01 4.60611771e-02 1.29621135e+00 2.54412955e-01
 5.35106973e+00 2.55308806e+00]
train  L_V                   = +0.3427 (17.3%)
 train    L_V_attractive      = +0.2303 (11.6%)
 train      L_V_attractive_charged      = +0.1744 (8.8%)
 train      L_V_attractive_neutral      = +0.0558 (2.8%)
 train    L_V_repulsive       = +0.1125 (5.7%)
 train      L_V_repulsive_charged       = +0.0675 (3.4%)
 train      L_V_repulsive_neutral       = +0.0450 (2.3%)
 train    L_charged_cluster   = +0.0000 (0.0%)
 train  L_beta              = +0.8465 (42.8%)
 train    L_beta_noise        = +0.0000 (0.0%)
 train    L_beta_sig          = +0.1536 (7.8%)
 train    L_beta_suppress     = +0.0000 (0.0%)
 train    L_beta_track        = +0.6929 (35.0%)
 train      L_beta_norms_term   = -0.0175 (-0.9%)
 train      L_beta_logbeta_term = +0.1711 (8.7%)
 train  L_E   = +0.7880 (39.9%)
 train    L_E_charge = +0.0000 (0.0%)
 train    L_E_cond = +0.4513 (22.8%)
 train    L_E_cluster = +0.3367 (17.0%)
 train    L_E_w_photon   = +0.0000 (0.0%)
 train    L_E_w_charged_hadron   = +0.0000 (0.0%)
 train    L_E_w_neutral_hadron   = +0.0000 (0.0%)
 train    L_E_w_muon     = +0.0000 (0.0%)
 train    L_E_w_electron = +0.0000 (0.0%)
learning rate :  [0.00039890465297888624, 0.00039563061276672447, 0.000390213750433216, 0.00038271341425563806, 0.0003732117794866986, 0.00036181294802527074, 0.000348641807854205, 0.0003338426647414537, 0.00031757766119588004, 0.00030002500000000004]
train loss :  2.9772541522979736
test   L_V                   = +6.4658 (79.3%)
    L_V_attractive      = +6.3200 (77.6%)
      L_V_attractive_charged      = +1.4156 (17.4%)
      L_V_attractive_neutral      = +4.9044 (60.2%)
    L_V_repulsive       = +0.1458 (1.8%)
      L_V_repulsive_charged       = +0.0809 (1.0%)
      L_V_repulsive_neutral       = +0.0649 (0.8%)
    L_charged_cluster   = +0.0000 (0.0%)
  L_beta              = +0.8812 (10.8%)
    L_beta_noise        = +0.0000 (0.0%)
    L_beta_sig          = +0.1760 (2.2%)
    L_beta_suppress     = +0.0000 (0.0%)
    L_beta_track        = +0.7052 (8.7%)
      L_beta_norms_term   = -0.0167 (-0.2%)
      L_beta_logbeta_term = +0.1927 (2.4%)
  L_E   = +0.8022 (9.8%)
    L_E_charge = +0.0000 (0.0%)
    L_E_cond = +0.4671 (5.7%)
    L_E_cluster = +0.3351 (4.1%)
    L_E_w_photon   = +0.0000 (0.0%)
    L_E_w_charged_hadron   = +0.0000 (0.0%)
    L_E_w_neutral_hadron   = +0.0000 (0.0%)
    L_E_w_muon     = +0.0000 (0.0%)
    L_E_w_electron = +0.0000 (0.0%)
Returning 9.149176597595215
[rank 0] epoch=10 train_batch=2000/15625 loss=2.965652
[rank 0] epoch=10 train_batch=4000/15625 loss=2.890285
[rank 0] epoch=10 train_batch=6000/15625 loss=2.913894
[rank 0] epoch=10 train_batch=8000/15625 loss=3.021636
[rank 0] epoch=10 train_batch=10000/15625 loss=3.043244
[rank 0] epoch=10 train_batch=12000/15625 loss=2.890537
[rank 0] epoch=10 train_batch=14000/15625 loss=2.965413
Training epoch 10
[1.75943416e+01 4.27283239e-01 4.83856905e+01 3.22513349e-01
 2.59062569e+01 4.95465364e-05 9.28501550e+00 9.43199733e-02
 8.76046098e+00 3.26712130e-08 2.20447836e+00 7.59450049e+00
 3.40419101e+00 8.97580532e-01 5.61408125e-01 1.22529105e+00
 1.61273412e+00 2.36406811e-01 5.06757703e+00 1.58023684e-01
 3.02789961e-01 2.62211747e-01 6.40110238e-01 9.21220596e-08
 5.12265407e-01 8.89455079e-02 3.28163681e-01 1.43544851e-08
 4.00024322e-02 1.80547630e-01 7.53125932e-02 2.64645603e-02
 1.65872163e-02 3.13753556e-02 9.79009487e-02 1.21018459e-02
 2.44238729e-01 1.19672318e-02 2.41210999e-02 1.54912804e-02
 4.14496902e-02 8.06597216e-08 4.43625333e-02 4.63019936e-03
 5.40045016e-02 1.39912469e-07 1.22925230e-02 8.61571270e-03
 6.50507731e-02 4.89102274e-03 1.27088461e-02 8.61466435e-03
 6.29316627e-02 5.13772288e-03 1.01842208e-01 4.62209601e-03
 9.47324636e-03 1.03298694e-02 1.63731072e-03 1.01723925e-08
 5.78877895e-03 3.83590125e-05 9.70889813e-03 2.08356396e-10
 1.26699202e-03 9.31989209e-04 6.57050548e-03 4.43439314e-04
 1.52309327e-03 1.60100244e-03 8.94117971e-03 7.34105711e-04
 3.04530012e-02 1.51043853e-03 5.73641221e-03 1.31634345e-02
 2.50219325e-01 1.26810868e-02 4.14954651e-02 2.86199862e-02
 2.43142512e-01 1.54704937e-02 9.32237323e-02 3.44085997e-02
 4.01242859e-01 1.65551049e-02 1.06179695e-01 3.44000367e-02
 4.31106491e-01 1.78565808e-02 3.51345126e-01 1.11337824e-01
 9.26371225e-01 5.04294356e-02 1.20384777e+00 2.29492494e-01
 4.61129111e+00 2.42872698e+00]
train  L_V                   = +0.3414 (17.2%)
 train    L_V_attractive      = +0.2278 (11.5%)
 train      L_V_attractive_charged      = +0.1719 (8.7%)
 train      L_V_attractive_neutral      = +0.0559 (2.8%)
 train    L_V_repulsive       = +0.1136 (5.7%)
 train      L_V_repulsive_charged       = +0.0684 (3.5%)
 train      L_V_repulsive_neutral       = +0.0452 (2.3%)
 train    L_charged_cluster   = +0.0000 (0.0%)
 train  L_beta              = +0.8510 (42.9%)
 train    L_beta_noise        = +0.0000 (0.0%)
 train    L_beta_sig          = +0.1553 (7.8%)
 train    L_beta_suppress     = +0.0000 (0.0%)
 train    L_beta_track        = +0.6957 (35.1%)
 train      L_beta_norms_term   = -0.0177 (-0.9%)
 train      L_beta_logbeta_term = +0.1730 (8.7%)
 train  L_E   = +0.7906 (39.9%)
 train    L_E_charge = +0.0000 (0.0%)
 train    L_E_cond = +0.4526 (22.8%)
 train    L_E_cluster = +0.3380 (17.0%)
 train    L_E_w_photon   = +0.0000 (0.0%)
 train    L_E_w_charged_hadron   = +0.0000 (0.0%)
 train    L_E_w_neutral_hadron   = +0.0000 (0.0%)
 train    L_E_w_muon     = +0.0000 (0.0%)
 train    L_E_w_electron = +0.0000 (0.0%)
learning rate :  [0.00039890465297888624, 0.00039563061276672447, 0.000390213750433216, 0.00038271341425563806, 0.0003732117794866986, 0.00036181294802527074, 0.000348641807854205, 0.0003338426647414537, 0.00031757766119588004, 0.00030002500000000004, 0.0002813769917830063]
train loss :  2.9831106662750244
test   L_V                   = +2019487.6250 (100.0%)
    L_V_attractive      = +2019487.6250 (100.0%)
      L_V_attractive_charged      = +1393423.7500 (69.0%)
      L_V_attractive_neutral      = +626063.8125 (31.0%)
    L_V_repulsive       = +0.1187 (0.0%)
      L_V_repulsive_charged       = +0.0709 (0.0%)
      L_V_repulsive_neutral       = +0.0478 (0.0%)
    L_charged_cluster   = +0.0000 (0.0%)
  L_beta              = +0.8751 (0.0%)
    L_beta_noise        = +0.0000 (0.0%)
    L_beta_sig          = +0.1634 (0.0%)
    L_beta_suppress     = +0.0000 (0.0%)
    L_beta_track        = +0.7117 (0.0%)
      L_beta_norms_term   = -0.0174 (-0.0%)
      L_beta_logbeta_term = +0.1808 (0.0%)
  L_E   = +0.7868 (0.0%)
    L_E_charge = +0.0000 (0.0%)
    L_E_cond = +0.4325 (0.0%)
    L_E_cluster = +0.3543 (0.0%)
    L_E_w_photon   = +0.0000 (0.0%)
    L_E_w_charged_hadron   = +0.0000 (0.0%)
    L_E_w_neutral_hadron   = +0.0000 (0.0%)
    L_E_w_muon     = +0.0000 (0.0%)
    L_E_w_electron = +0.0000 (0.0%)
Returning 2019490.25
[rank 0] epoch=11 train_batch=2000/15625 loss=2.877992
[rank 0] epoch=11 train_batch=4000/15625 loss=3.185991
[rank 0] epoch=11 train_batch=6000/15625 loss=2.956080
[rank 0] epoch=11 train_batch=8000/15625 loss=3.045424
[rank 0] epoch=11 train_batch=10000/15625 loss=3.012707
[rank 0] epoch=11 train_batch=12000/15625 loss=2.963416
[rank 0] epoch=11 train_batch=14000/15625 loss=2.980150
Training epoch 11
[2.60617323e+01 1.90219992e+00 1.21006990e+02 1.25076871e+00
 6.46113500e+01 2.12028775e-04 3.32701267e+01 3.83956556e-01
 3.36731729e+01 1.43865642e-07 6.90510627e+00 2.17372264e+01
 1.08443552e+01 3.27210449e+00 1.88035523e+00 4.29862785e+00
 5.29686625e+00 8.60740363e-01 1.20835868e+01 6.18168608e-01
 9.30383837e-01 9.43490630e-01 3.43212019e+00 6.62449660e-07
 1.32742862e+00 2.90433743e-01 1.20725340e+00 1.55228482e-07
 1.83822616e-01 3.98577119e-01 5.30289982e-01 8.25459275e-02
 9.59409059e-02 1.12911666e-01 5.66499150e-01 5.55898322e-02
 8.24324662e-01 3.65414180e-02 5.61067356e-02 2.45291760e-02
 1.39712919e-01 3.44821331e-07 1.27482536e-01 1.12582324e-02
 1.41767052e-01 2.29798393e-06 2.51740742e-02 1.59300904e-02
 1.47230777e-01 9.74204385e-03 2.30094231e-02 1.33217397e-02
 1.20693586e-01 7.88052075e-03 1.45070639e-01 6.01113586e-03
 1.05795836e-02 9.68611598e-03 2.38737153e-03 2.32914380e-08
 1.17486751e-02 6.36431601e-05 1.41221436e-02 5.04749421e-10
 2.55346391e-03 1.74710934e-03 1.49353486e-02 8.22008320e-04
 2.63823142e-03 2.34172535e-03 1.49457909e-02 1.06262335e-03
 3.78033687e-02 1.92702804e-03 5.31880897e-03 1.18410579e-02
 2.39967330e-01 1.09037533e-02 3.51905479e-02 1.72542774e-02
 2.24749570e-01 9.67019433e-03 5.70470899e-02 2.44197244e-02
 2.68454412e-01 1.09998313e-02 8.80593258e-02 2.97380629e-02
 3.26766886e-01 1.41364392e-02 3.28652337e-01 9.67567312e-02
 8.13477119e-01 4.38898408e-02 1.04271493e+00 1.74162256e-01
 3.74576006e+00 2.07744921e+00]
train  L_V                   = +0.3412 (17.1%)
 train    L_V_attractive      = +0.2246 (11.3%)
 train      L_V_attractive_charged      = +0.1693 (8.5%)
 train      L_V_attractive_neutral      = +0.0553 (2.8%)
 train    L_V_repulsive       = +0.1165 (5.8%)
 train      L_V_repulsive_charged       = +0.0695 (3.5%)
 train      L_V_repulsive_neutral       = +0.0470 (2.4%)
 train    L_charged_cluster   = +0.0000 (0.0%)
 train  L_beta              = +0.8520 (42.7%)
 train    L_beta_noise        = +0.0000 (0.0%)
 train    L_beta_sig          = +0.1546 (7.8%)
 train    L_beta_suppress     = +0.0000 (0.0%)
 train    L_beta_track        = +0.6974 (35.0%)
 train      L_beta_norms_term   = -0.0173 (-0.9%)
 train      L_beta_logbeta_term = +0.1719 (8.6%)
 train  L_E   = +0.8016 (40.2%)
 train    L_E_charge = +0.0000 (0.0%)
 train    L_E_cond = +0.4583 (23.0%)
 train    L_E_cluster = +0.3432 (17.2%)
 train    L_E_w_photon   = +0.0000 (0.0%)
 train    L_E_w_charged_hadron   = +0.0000 (0.0%)
 train    L_E_w_neutral_hadron   = +0.0000 (0.0%)
 train    L_E_w_muon     = +0.0000 (0.0%)
 train    L_E_w_electron = +0.0000 (0.0%)
learning rate :  [0.00039890465297888624, 0.00039563061276672447, 0.000390213750433216, 0.00038271341425563806, 0.0003732117794866986, 0.00036181294802527074, 0.000348641807854205, 0.0003338426647414537, 0.00031757766119588004, 0.00030002500000000004, 0.0002813769917830063, 0.00026183794802527076]
train loss :  2.9947409629821777
test   L_V                   = +0.3923 (17.1%)
    L_V_attractive      = +0.2581 (11.3%)
      L_V_attractive_charged      = +0.2064 (9.0%)
      L_V_attractive_neutral      = +0.0517 (2.3%)
    L_V_repulsive       = +0.1342 (5.9%)
      L_V_repulsive_charged       = +0.0740 (3.2%)
      L_V_repulsive_neutral       = +0.0602 (2.6%)
    L_charged_cluster   = +0.0000 (0.0%)
  L_beta              = +0.9410 (41.0%)
    L_beta_noise        = +0.0000 (0.0%)
    L_beta_sig          = +0.2070 (9.0%)
    L_beta_suppress     = +0.0000 (0.0%)
    L_beta_track        = +0.7340 (32.0%)
      L_beta_norms_term   = -0.0170 (-0.7%)
      L_beta_logbeta_term = +0.2240 (9.8%)
  L_E   = +0.9602 (41.9%)
    L_E_charge = +0.0000 (0.0%)
    L_E_cond = +0.5874 (25.6%)
    L_E_cluster = +0.3728 (16.3%)
    L_E_w_photon   = +0.0000 (0.0%)
    L_E_w_charged_hadron   = +0.0000 (0.0%)
    L_E_w_neutral_hadron   = +0.0000 (0.0%)
    L_E_w_muon     = +0.0000 (0.0%)
    L_E_w_electron = +0.0000 (0.0%)
Returning 3.293471574783325
[rank 0] epoch=12 train_batch=2000/15625 loss=2.927463
[rank 0] epoch=12 train_batch=4000/15625 loss=2.948194
[rank 0] epoch=12 train_batch=6000/15625 loss=2.936400
[rank 0] epoch=12 train_batch=8000/15625 loss=3.112260
[rank 0] epoch=12 train_batch=10000/15625 loss=2.983695
[rank 0] epoch=12 train_batch=12000/15625 loss=2.997427
[rank 0] epoch=12 train_batch=14000/15625 loss=2.944471
Training epoch 12
[2.75580821e+01 2.62356640e+00 1.25803112e+02 1.27519799e+00
 6.70900572e+01 2.24807170e-04 3.19851651e+01 3.93451410e-01
 3.42640463e+01 1.43847236e-07 8.74960527e+00 2.14970066e+01
 1.07888363e+01 3.06468026e+00 1.95897348e+00 4.05481561e+00
 4.20202963e+00 7.29004913e-01 9.88957143e+00 4.71223275e-01
 6.82148307e-01 7.49768447e-01 2.27486532e+00 3.31336221e-07
 9.56629002e-01 2.26582484e-01 7.67162689e-01 5.79401744e-08
 1.37639544e-01 3.29650860e-01 3.91156942e-01 5.55916240e-02
 7.34453866e-02 8.32430708e-02 3.91644223e-01 3.94468245e-02
 9.55028415e-01 4.44343253e-02 7.05419931e-02 3.61206314e-02
 1.46960311e-01 2.75216003e-07 1.81796362e-01 1.77483257e-02
 1.37340587e-01 6.93293445e-07 3.02227310e-02 2.48223061e-02
 1.49305640e-01 1.30657456e-02 3.52425479e-02 2.61524772e-02
 1.72283945e-01 1.54802450e-02 2.39252175e-01 8.52791381e-03
 1.38398426e-02 9.28233309e-03 3.35025954e-03 2.30377930e-08
 3.77116492e-02 2.12929919e-04 3.54143291e-02 1.97101353e-09
 7.22600618e-03 8.32447399e-03 3.67411877e-02 3.33060436e-03
 7.92424682e-03 4.08959041e-03 3.25116480e-02 2.06479573e-03
 6.13816535e-02 2.96478915e-03 8.60003485e-03 1.07415731e-02
 2.62906495e-01 9.68460357e-03 3.17701610e-02 1.74118264e-02
 1.85859794e-01 9.11106109e-03 4.95606576e-02 2.26382643e-02
 2.42065039e-01 1.00281509e-02 8.37804481e-02 2.58547752e-02
 3.05257388e-01 1.10335645e-02 3.73092566e-01 1.07119054e-01
 8.37740062e-01 4.28604378e-02 9.88154199e-01 1.57855288e-01
 3.60199698e+00 2.02234296e+00]
train  L_V                   = +0.3405 (17.2%)
 train    L_V_attractive      = +0.2286 (11.6%)
 train      L_V_attractive_charged      = +0.1726 (8.7%)
 train      L_V_attractive_neutral      = +0.0559 (2.8%)
 train    L_V_repulsive       = +0.1119 (5.7%)
 train      L_V_repulsive_charged       = +0.0668 (3.4%)
 train      L_V_repulsive_neutral       = +0.0451 (2.3%)
 train    L_charged_cluster   = +0.0000 (0.0%)
 train  L_beta              = +0.8466 (42.8%)
 train    L_beta_noise        = +0.0000 (0.0%)
 train    L_beta_sig          = +0.1527 (7.7%)
 train    L_beta_suppress     = +0.0000 (0.0%)
 train    L_beta_track        = +0.6939 (35.1%)
 train      L_beta_norms_term   = -0.0171 (-0.9%)
 train      L_beta_logbeta_term = +0.1698 (8.6%)
 train  L_E   = +0.7902 (40.0%)
 train    L_E_charge = +0.0000 (0.0%)
 train    L_E_cond = +0.4530 (22.9%)
 train    L_E_cluster = +0.3372 (17.1%)
 train    L_E_w_photon   = +0.0000 (0.0%)
 train    L_E_w_charged_hadron   = +0.0000 (0.0%)
 train    L_E_w_neutral_hadron   = +0.0000 (0.0%)
 train    L_E_w_muon     = +0.0000 (0.0%)
 train    L_E_w_electron = +0.0000 (0.0%)
learning rate :  [0.00039890465297888624, 0.00039563061276672447, 0.000390213750433216, 0.00038271341425563806, 0.0003732117794866986, 0.00036181294802527074, 0.000348641807854205, 0.0003338426647414537, 0.00031757766119588004, 0.00030002500000000004, 0.0002813769917830063, 0.00026183794802527076, 0.00024162194257901096]
train loss :  2.9772467613220215
test   L_V                   = +0.8877 (32.7%)
    L_V_attractive      = +0.5834 (21.5%)
      L_V_attractive_charged      = +0.3489 (12.9%)
      L_V_attractive_neutral      = +0.2345 (8.6%)
    L_V_repulsive       = +0.3043 (11.2%)
      L_V_repulsive_charged       = +0.1657 (6.1%)
      L_V_repulsive_neutral       = +0.1386 (5.1%)
    L_charged_cluster   = +0.0000 (0.0%)
  L_beta              = +0.8211 (30.3%)
    L_beta_noise        = +0.0000 (0.0%)
    L_beta_sig          = +0.1087 (4.0%)
    L_beta_suppress     = +0.0000 (0.0%)
    L_beta_track        = +0.7124 (26.3%)
      L_beta_norms_term   = -0.0205 (-0.8%)
      L_beta_logbeta_term = +0.1292 (4.8%)
  L_E   = +1.0024 (37.0%)
    L_E_charge = +0.0000 (0.0%)
    L_E_cond = +0.5474 (20.2%)
    L_E_cluster = +0.4549 (16.8%)
    L_E_w_photon   = +0.0000 (0.0%)
    L_E_w_charged_hadron   = +0.0000 (0.0%)
    L_E_w_neutral_hadron   = +0.0000 (0.0%)
    L_E_w_muon     = +0.0000 (0.0%)
    L_E_w_electron = +0.0000 (0.0%)
Returning 3.7112088203430176
[rank 0] epoch=13 train_batch=2000/15625 loss=2.978455
[rank 0] epoch=13 train_batch=4000/15625 loss=3.712228
[rank 0] epoch=13 train_batch=6000/15625 loss=3.171298
[rank 0] epoch=13 train_batch=8000/15625 loss=3.122782
[rank 0] epoch=13 train_batch=10000/15625 loss=2.985546
[rank 0] epoch=13 train_batch=12000/15625 loss=3.051347
[rank 0] epoch=13 train_batch=14000/15625 loss=2.938739
Training epoch 13
[2.90477021e+01 3.86251854e+00 1.59664872e+02 1.96577724e+00
 8.94882052e+01 4.11255957e-04 4.62288306e+01 6.78299861e-01
 5.00210839e+01 2.31363420e-07 1.25899042e+01 2.46467337e+01
 2.02148267e+01 4.34464944e+00 3.68612782e+00 5.96833222e+00
 9.49247729e+00 1.37824129e+00 2.27385633e+01 1.11833646e+00
 1.75877814e+00 7.92184767e-01 5.87998184e+00 9.92735674e-07
 2.42832330e+00 2.13161148e-01 1.01968448e+00 5.58476774e-08
 1.80739119e-01 1.00579389e+00 3.77330049e-01 1.36391697e-01
 1.02125485e-01 2.14943765e-01 4.84460430e-01 7.22333713e-02
 9.52109732e-01 3.64459439e-02 7.70178628e-02 3.24142523e-02
 1.31968222e-01 1.09885450e-07 1.66837130e-01 1.27418163e-02
 1.68246441e-01 4.34313033e-07 2.80981807e-02 2.38451039e-02
 1.59067458e-01 1.29123493e-02 3.07635361e-02 2.15569043e-02
 1.60282986e-01 1.19000790e-02 1.90898256e-01 7.13027277e-03
 1.81913670e-02 1.44088912e-02 2.75878479e-03 1.54509548e-08
 2.16692555e-02 1.05111437e-04 2.48551552e-02 7.44308306e-10
 3.67107737e-03 3.13914470e-03 2.03161858e-02 1.50345181e-03
 3.35714302e-03 3.97434274e-03 1.91232499e-02 1.55595681e-03
 4.30406722e-02 2.11688807e-03 9.49641213e-03 2.17233907e-02
 5.36488108e-01 1.91806218e-02 6.95330233e-02 4.03988083e-02
 3.37666377e-01 2.04528498e-02 7.09812631e-02 3.39188966e-02
 3.27159639e-01 1.53298575e-02 9.54833761e-02 3.93195690e-02
 3.39107239e-01 1.81350648e-02 2.67158389e-01 9.03530050e-02
 6.52205937e-01 4.51363694e-02 8.85994668e-01 1.38295116e-01
 3.42799321e+00 1.91445377e+00]
train  L_V                   = +0.3438 (16.6%)
 train    L_V_attractive      = +0.2229 (10.8%)
 train      L_V_attractive_charged      = +0.1668 (8.1%)
 train      L_V_attractive_neutral      = +0.0562 (2.7%)
 train    L_V_repulsive       = +0.1209 (5.9%)
 train      L_V_repulsive_charged       = +0.0711 (3.4%)
 train      L_V_repulsive_neutral       = +0.0498 (2.4%)
 train    L_charged_cluster   = +0.0000 (0.0%)
 train  L_beta              = +0.8687 (42.1%)
 train    L_beta_noise        = +0.0000 (0.0%)
 train    L_beta_sig          = +0.1617 (7.8%)
 train    L_beta_suppress     = +0.0000 (0.0%)
 train    L_beta_track        = +0.7071 (34.2%)
 train      L_beta_norms_term   = -0.0175 (-0.8%)
 train      L_beta_logbeta_term = +0.1792 (8.7%)
 train  L_E   = +0.8527 (41.3%)
 train    L_E_charge = +0.0000 (0.0%)
 train    L_E_cond = +0.4955 (24.0%)
 train    L_E_cluster = +0.3572 (17.3%)
 train    L_E_w_photon   = +0.0000 (0.0%)
 train    L_E_w_charged_hadron   = +0.0000 (0.0%)
 train    L_E_w_neutral_hadron   = +0.0000 (0.0%)
 train    L_E_w_muon     = +0.0000 (0.0%)
 train    L_E_w_electron = +0.0000 (0.0%)
learning rate :  [0.00039890465297888624, 0.00039563061276672447, 0.000390213750433216, 0.00038271341425563806, 0.0003732117794866986, 0.00036181294802527074, 0.000348641807854205, 0.0003338426647414537, 0.00031757766119588004, 0.00030002500000000004, 0.0002813769917830063, 0.00026183794802527076, 0.00024162194257901096, 0.00022095046623036733]
train loss :  3.0652949810028076
test   L_V                   = +0.3579 (16.7%)
    L_V_attractive      = +0.2409 (11.2%)
      L_V_attractive_charged      = +0.1845 (8.6%)
      L_V_attractive_neutral      = +0.0563 (2.6%)
    L_V_repulsive       = +0.1170 (5.5%)
      L_V_repulsive_charged       = +0.0661 (3.1%)
      L_V_repulsive_neutral       = +0.0510 (2.4%)
    L_charged_cluster   = +0.0000 (0.0%)
  L_beta              = +0.8909 (41.6%)
    L_beta_noise        = +0.0000 (0.0%)
    L_beta_sig          = +0.1786 (8.3%)
    L_beta_suppress     = +0.0000 (0.0%)
    L_beta_track        = +0.7123 (33.3%)
      L_beta_norms_term   = -0.0162 (-0.8%)
      L_beta_logbeta_term = +0.1948 (9.1%)
  L_E   = +0.8923 (41.7%)
    L_E_charge = +0.0000 (0.0%)
    L_E_cond = +0.5355 (25.0%)
    L_E_cluster = +0.3568 (16.7%)
    L_E_w_photon   = +0.0000 (0.0%)
    L_E_w_charged_hadron   = +0.0000 (0.0%)
    L_E_w_neutral_hadron   = +0.0000 (0.0%)
    L_E_w_muon     = +0.0000 (0.0%)
    L_E_w_electron = +0.0000 (0.0%)
Returning 3.1410927772521973
[rank 0] epoch=14 train_batch=2000/15625 loss=3.104509
[rank 0] epoch=14 train_batch=4000/15625 loss=3.107485
[rank 0] epoch=14 train_batch=6000/15625 loss=2.985889
[rank 0] epoch=14 train_batch=8000/15625 loss=3.117308
[rank 0] epoch=14 train_batch=10000/15625 loss=3.044147
[rank 0] epoch=14 train_batch=12000/15625 loss=3.006281
[rank 0] epoch=14 train_batch=14000/15625 loss=2.992373
Training epoch 14
[2.75918357e+01 2.45856894e+00 1.32409810e+02 9.69802282e-01
 7.49582627e+01 1.43103265e-04 2.71394326e+01 3.04269627e-01
 3.15903536e+01 9.81277762e-08 8.27748836e+00 1.64874559e+01
 1.19836657e+01 2.28326871e+00 2.21349756e+00 3.53825932e+00
 5.61350218e+00 7.64101059e-01 1.33771785e+01 6.75803333e-01
 1.01864877e+00 2.67194839e-01 2.85920325e+00 1.05339912e-06
 1.71769105e+00 6.87686129e-02 8.04256158e-01 9.59437707e-08
 1.59650719e-01 4.38472167e-01 4.08341137e-01 6.87130580e-02
 8.74442788e-02 1.10880722e-01 4.34214449e-01 4.35720588e-02
 8.83744984e-01 4.16354235e-02 8.81416486e-02 3.49557173e-02
 1.68773038e-01 1.20075133e-07 2.10453720e-01 1.67373670e-02
 1.92079105e-01 1.01035799e-07 4.22679945e-02 3.80777552e-02
 2.20223420e-01 2.06395793e-02 4.39264534e-02 2.62984714e-02
 2.22536569e-01 1.63206858e-02 2.22361709e-01 6.12568421e-03
 1.36341951e-02 7.50972264e-03 2.89446036e-03 1.96541071e-08
 1.80091047e-02 6.34142554e-05 1.25183927e-02 1.28296412e-09
 2.63513844e-03 3.16969748e-03 1.39195373e-02 1.12655527e-03
 2.97020972e-03 2.38632775e-03 1.66341841e-02 1.07796380e-03
 3.57517101e-02 1.70887500e-03 6.71806371e-03 1.03618207e-02
 3.58965980e-01 8.85830491e-03 4.24338987e-02 2.25096478e-02
 2.12069804e-01 1.08604249e-02 5.80374011e-02 2.25744800e-02
 2.48370605e-01 1.00316849e-02 7.39207373e-02 2.08293699e-02
 2.47295378e-01 8.76453886e-03 3.06294142e-01 9.14230585e-02
 6.37159733e-01 4.12386366e-02 8.59617120e-01 1.28453372e-01
 3.12053137e+00 1.85363896e+00]
train  L_V                   = +0.3481 (17.2%)
 train    L_V_attractive      = +0.2285 (11.3%)
 train      L_V_attractive_charged      = +0.1734 (8.6%)
 train      L_V_attractive_neutral      = +0.0551 (2.7%)
 train    L_V_repulsive       = +0.1196 (5.9%)
 train      L_V_repulsive_charged       = +0.0695 (3.4%)
 train      L_V_repulsive_neutral       = +0.0501 (2.5%)
 train    L_charged_cluster   = +0.0000 (0.0%)
 train  L_beta              = +0.8545 (42.2%)
 train    L_beta_noise        = +0.0000 (0.0%)
 train    L_beta_sig          = +0.1565 (7.7%)
 train    L_beta_suppress     = +0.0000 (0.0%)
 train    L_beta_track        = +0.6980 (34.5%)
 train      L_beta_norms_term   = -0.0178 (-0.9%)
 train      L_beta_logbeta_term = +0.1743 (8.6%)
 train  L_E   = +0.8212 (40.6%)
 train    L_E_charge = +0.0000 (0.0%)
 train    L_E_cond = +0.4725 (23.3%)
 train    L_E_cluster = +0.3487 (17.2%)
 train    L_E_w_photon   = +0.0000 (0.0%)
 train    L_E_w_charged_hadron   = +0.0000 (0.0%)
 train    L_E_w_neutral_hadron   = +0.0000 (0.0%)
 train    L_E_w_muon     = +0.0000 (0.0%)
 train    L_E_w_electron = +0.0000 (0.0%)
learning rate :  [0.00039890465297888624, 0.00039563061276672447, 0.000390213750433216, 0.00038271341425563806, 0.0003732117794866986, 0.00036181294802527074, 0.000348641807854205, 0.0003338426647414537, 0.00031757766119588004, 0.00030002500000000004, 0.0002813769917830063, 0.00026183794802527076, 0.00024162194257901096, 0.00022095046623036733, 0.00020005]
train loss :  3.0238687992095947
test   L_V                   = +391.2401 (99.5%)
    L_V_attractive      = +391.1026 (99.5%)
      L_V_attractive_charged      = +361.7625 (92.0%)
      L_V_attractive_neutral      = +29.3408 (7.5%)
    L_V_repulsive       = +0.1371 (0.0%)
      L_V_repulsive_charged       = +0.0723 (0.0%)
      L_V_repulsive_neutral       = +0.0648 (0.0%)
    L_charged_cluster   = +0.0000 (0.0%)
  L_beta              = +0.9394 (0.2%)
    L_beta_noise        = +0.0000 (0.0%)
    L_beta_sig          = +0.1934 (0.0%)
    L_beta_suppress     = +0.0000 (0.0%)
    L_beta_track        = +0.7460 (0.2%)
      L_beta_norms_term   = -0.0166 (-0.0%)
      L_beta_logbeta_term = +0.2100 (0.1%)
  L_E   = +0.9724 (0.2%)
    L_E_charge = +0.0000 (0.0%)
    L_E_cond = +0.5895 (0.1%)
    L_E_cluster = +0.3828 (0.1%)
    L_E_w_photon   = +0.0000 (0.0%)
    L_E_w_charged_hadron   = +0.0000 (0.0%)
    L_E_w_neutral_hadron   = +0.0000 (0.0%)
    L_E_w_muon     = +0.0000 (0.0%)
    L_E_w_electron = +0.0000 (0.0%)
Returning 394.1518859863281
[rank 0] epoch=15 train_batch=2000/15625 loss=3.017150
[rank 0] epoch=15 train_batch=4000/15625 loss=3.058205
[rank 0] epoch=15 train_batch=6000/15625 loss=3.009733
[rank 0] epoch=15 train_batch=8000/15625 loss=2.983027
[rank 0] epoch=15 train_batch=10000/15625 loss=3.165158
[rank 0] epoch=15 train_batch=12000/15625 loss=3.007139
[rank 0] epoch=15 train_batch=14000/15625 loss=3.020432
Training epoch 15
[2.96938632e+01 4.06296619e+00 1.73178578e+02 1.78316319e+00
 9.94142732e+01 2.43714329e-04 4.27949748e+01 5.45510649e-01
 5.12081213e+01 1.58287140e-07 1.32652167e+01 2.70062188e+01
 2.05148144e+01 4.13639134e+00 3.90905838e+00 6.42476390e+00
 9.62020789e+00 1.28196787e+00 1.88139156e+01 9.30273636e-01
 1.72671086e+00 4.77197909e-01 3.65382490e+00 9.93485653e-07
 2.93163372e+00 1.23941531e-01 1.14427063e+00 9.53492742e-08
 2.25819190e-01 8.82202172e-01 6.66975241e-01 1.26731294e-01
 1.38175501e-01 1.97383900e-01 7.14998216e-01 8.14121472e-02
 1.40541966e+00 5.11677364e-02 8.68774924e-02 2.50204688e-02
 1.59710633e-01 2.89488990e-07 2.35066521e-01 1.08807166e-02
 1.64667824e-01 1.89518741e-06 2.93174795e-02 2.91774981e-02
 1.59039775e-01 1.60966245e-02 3.63706957e-02 2.37145459e-02
 1.86755657e-01 1.47928806e-02 1.95734821e-01 4.78819487e-03
 1.13807486e-02 9.44714466e-03 2.72446724e-03 6.65311003e-08
 1.53242837e-02 4.70708571e-05 1.45171680e-02 3.38307599e-09
 2.18273469e-03 2.29733362e-03 1.08989861e-02 9.65056446e-04
 2.64163361e-03 2.90539609e-03 1.45035882e-02 1.40823142e-03
 4.60698460e-02 2.15245966e-03 7.71385296e-03 1.36887268e-02
 3.27112951e-01 1.09666875e-02 3.87869641e-02 1.96472044e-02
 1.87632823e-01 9.08432698e-03 5.42309263e-02 2.29266576e-02
 2.42141250e-01 1.03616873e-02 6.98234151e-02 2.27058828e-02
 2.26713827e-01 1.00312072e-02 2.79531249e-01 8.44663876e-02
 5.77392797e-01 3.72806491e-02 8.26927136e-01 1.10645341e-01
 3.08580423e+00 1.70481134e+00]
train  L_V                   = +0.3568 (17.5%)
 train    L_V_attractive      = +0.2321 (11.4%)
 train      L_V_attractive_charged      = +0.1786 (8.7%)
 train      L_V_attractive_neutral      = +0.0535 (2.6%)
 train    L_V_repulsive       = +0.1248 (6.1%)
 train      L_V_repulsive_charged       = +0.0718 (3.5%)
 train      L_V_repulsive_neutral       = +0.0529 (2.6%)
 train    L_charged_cluster   = +0.0000 (0.0%)
 train  L_beta              = +0.8547 (41.9%)
 train    L_beta_noise        = +0.0000 (0.0%)
 train    L_beta_sig          = +0.1581 (7.7%)
 train    L_beta_suppress     = +0.0000 (0.0%)
 train    L_beta_track        = +0.6966 (34.1%)
 train      L_beta_norms_term   = -0.0183 (-0.9%)
 train      L_beta_logbeta_term = +0.1764 (8.6%)
 train  L_E   = +0.8300 (40.7%)
 train    L_E_charge = +0.0000 (0.0%)
 train    L_E_cond = +0.4767 (23.4%)
 train    L_E_cluster = +0.3533 (17.3%)
 train    L_E_w_photon   = +0.0000 (0.0%)
 train    L_E_w_charged_hadron   = +0.0000 (0.0%)
 train    L_E_w_neutral_hadron   = +0.0000 (0.0%)
 train    L_E_w_muon     = +0.0000 (0.0%)
 train    L_E_w_electron = +0.0000 (0.0%)
learning rate :  [0.00039890465297888624, 0.00039563061276672447, 0.000390213750433216, 0.00038271341425563806, 0.0003732117794866986, 0.00036181294802527074, 0.000348641807854205, 0.0003338426647414537, 0.00031757766119588004, 0.00030002500000000004, 0.0002813769917830063, 0.00026183794802527076, 0.00024162194257901096, 0.00022095046623036733, 0.00020005, 0.00017914953376963274]
train loss :  3.041543483734131
test   L_V                   = +12.7419 (88.4%)
    L_V_attractive      = +12.5950 (87.4%)
      L_V_attractive_charged      = +8.1640 (56.6%)
      L_V_attractive_neutral      = +4.4310 (30.7%)
    L_V_repulsive       = +0.1470 (1.0%)
      L_V_repulsive_charged       = +0.0814 (0.6%)
      L_V_repulsive_neutral       = +0.0656 (0.5%)
    L_charged_cluster   = +0.0000 (0.0%)
  L_beta              = +0.8720 (6.0%)
    L_beta_noise        = +0.0000 (0.0%)
    L_beta_sig          = +0.1680 (1.2%)
    L_beta_suppress     = +0.0000 (0.0%)
    L_beta_track        = +0.7040 (4.9%)
      L_beta_norms_term   = -0.0169 (-0.1%)
      L_beta_logbeta_term = +0.1849 (1.3%)
  L_E   = +0.8001 (5.6%)
    L_E_charge = +0.0000 (0.0%)
    L_E_cond = +0.4568 (3.2%)
    L_E_cluster = +0.3433 (2.4%)
    L_E_w_photon   = +0.0000 (0.0%)
    L_E_w_charged_hadron   = +0.0000 (0.0%)
    L_E_w_neutral_hadron   = +0.0000 (0.0%)
    L_E_w_muon     = +0.0000 (0.0%)
    L_E_w_electron = +0.0000 (0.0%)
Returning 15.414010047912598
[rank 0] epoch=16 train_batch=2000/15625 loss=2.959088
[rank 0] epoch=16 train_batch=4000/15625 loss=2.981684
[rank 0] epoch=16 train_batch=6000/15625 loss=2.998942
[rank 0] epoch=16 train_batch=8000/15625 loss=2.993775
[rank 0] epoch=16 train_batch=10000/15625 loss=3.163531
[rank 0] epoch=16 train_batch=12000/15625 loss=3.067581
[rank 0] epoch=16 train_batch=14000/15625 loss=3.082841
Training epoch 16
[3.07862110e+01 6.02545160e+00 2.04188985e+02 2.83022654e+00
 1.08650516e+02 2.60388271e-04 6.13744025e+01 9.33182684e-01
 8.05793971e+01 2.39896790e-07 2.03136469e+01 3.96099826e+01
 2.95363115e+01 6.53600752e+00 5.38590592e+00 9.66334411e+00
 1.22033369e+01 1.72965756e+00 2.28271942e+01 1.14632048e+00
 1.80127647e+00 6.83465158e-01 3.56583694e+00 9.65002223e-07
 2.98859126e+00 1.83769140e-01 1.39629897e+00 1.62654467e-07
 3.03601061e-01 1.00519711e+00 1.17227963e+00 1.82704874e-01
 2.80702212e-01 3.10304148e-01 1.69695283e+00 1.59011293e-01
 2.41721838e+00 9.66069484e-02 1.30295090e-01 3.81407743e-02
 3.09381587e-01 8.23849826e-07 2.63738717e-01 1.86149898e-02
 2.21560472e-01 5.41803729e-06 4.41245040e-02 4.46881929e-02
 2.62265591e-01 2.53808186e-02 8.22422205e-02 4.12844163e-02
 3.75126944e-01 2.55871563e-02 3.04633308e-01 6.80344501e-03
 1.19920662e-02 9.10726388e-03 4.63201936e-03 1.18077552e-07
 2.77405859e-02 8.39204159e-05 3.22488142e-02 8.66501138e-09
 4.41880889e-03 3.88850598e-03 2.42443902e-02 1.80540600e-03
 4.39312439e-03 4.04785691e-03 2.42359212e-02 2.07644182e-03
 7.48910255e-02 3.28378227e-03 8.83710016e-03 1.25050398e-02
 3.23054476e-01 1.03408700e-02 4.62280753e-02 2.50183547e-02
 2.39820835e-01 1.15299347e-02 5.68247418e-02 2.65451104e-02
 2.64964515e-01 1.21455146e-02 6.62082287e-02 2.34693963e-02
 2.39374341e-01 1.06388050e-02 2.82638572e-01 8.56234455e-02
 5.67067280e-01 3.59939707e-02 7.57917248e-01 9.71549824e-02
 2.97926495e+00 1.56352203e+00]
train  L_V                   = +0.3559 (17.4%)
 train    L_V_attractive      = +0.2320 (11.3%)
 train      L_V_attractive_charged      = +0.1788 (8.7%)
 train      L_V_attractive_neutral      = +0.0532 (2.6%)
 train    L_V_repulsive       = +0.1239 (6.0%)
 train      L_V_repulsive_charged       = +0.0710 (3.5%)
 train      L_V_repulsive_neutral       = +0.0529 (2.6%)
 train    L_charged_cluster   = +0.0000 (0.0%)
 train  L_beta              = +0.8537 (41.7%)
 train    L_beta_noise        = +0.0000 (0.0%)
 train    L_beta_sig          = +0.1571 (7.7%)
 train    L_beta_suppress     = +0.0000 (0.0%)
 train    L_beta_track        = +0.6966 (34.0%)
 train      L_beta_norms_term   = -0.0184 (-0.9%)
 train      L_beta_logbeta_term = +0.1755 (8.6%)
 train  L_E   = +0.8399 (41.0%)
 train    L_E_charge = +0.0000 (0.0%)
 train    L_E_cond = +0.4836 (23.6%)
 train    L_E_cluster = +0.3563 (17.4%)
 train    L_E_w_photon   = +0.0000 (0.0%)
 train    L_E_w_charged_hadron   = +0.0000 (0.0%)
 train    L_E_w_neutral_hadron   = +0.0000 (0.0%)
 train    L_E_w_muon     = +0.0000 (0.0%)
 train    L_E_w_electron = +0.0000 (0.0%)
learning rate :  [0.00039890465297888624, 0.00039563061276672447, 0.000390213750433216, 0.00038271341425563806, 0.0003732117794866986, 0.00036181294802527074, 0.000348641807854205, 0.0003338426647414537, 0.00031757766119588004, 0.00030002500000000004, 0.0002813769917830063, 0.00026183794802527076, 0.00024162194257901096, 0.00022095046623036733, 0.00020005, 0.00017914953376963274, 0.00015847805742098906]
train loss :  3.0495400428771973
test   L_V                   = +42.0701 (95.5%)
    L_V_attractive      = +41.7523 (94.8%)
      L_V_attractive_charged      = +14.8823 (33.8%)
      L_V_attractive_neutral      = +26.8701 (61.0%)
    L_V_repulsive       = +0.3178 (0.7%)
      L_V_repulsive_charged       = +0.1656 (0.4%)
      L_V_repulsive_neutral       = +0.1522 (0.3%)
    L_charged_cluster   = +0.0000 (0.0%)
  L_beta              = +0.8641 (2.0%)
    L_beta_noise        = +0.0000 (0.0%)
    L_beta_sig          = +0.1522 (0.3%)
    L_beta_suppress     = +0.0000 (0.0%)
    L_beta_track        = +0.7119 (1.6%)
      L_beta_norms_term   = -0.0220 (-0.0%)
      L_beta_logbeta_term = +0.1742 (0.4%)
  L_E   = +1.1268 (2.6%)
    L_E_charge = +0.0000 (0.0%)
    L_E_cond = +0.6887 (1.6%)
    L_E_cluster = +0.4381 (1.0%)
    L_E_w_photon   = +0.0000 (0.0%)
    L_E_w_charged_hadron   = +0.0000 (0.0%)
    L_E_w_neutral_hadron   = +0.0000 (0.0%)
    L_E_w_muon     = +0.0000 (0.0%)
    L_E_w_electron = +0.0000 (0.0%)
Returning 45.060977935791016
[rank 0] epoch=17 train_batch=2000/15625 loss=3.019707
[rank 0] epoch=17 train_batch=4000/15625 loss=2.990967
[rank 0] epoch=17 train_batch=6000/15625 loss=3.081023
[rank 0] epoch=17 train_batch=8000/15625 loss=3.047397
[rank 0] epoch=17 train_batch=10000/15625 loss=3.144871
[rank 0] epoch=17 train_batch=12000/15625 loss=3.139454
[rank 0] epoch=17 train_batch=14000/15625 loss=3.036373
Training epoch 17
[3.06991119e+01 6.10433583e+00 2.07851231e+02 3.56343005e+00
 1.08256913e+02 3.65150306e-04 7.00758222e+01 1.27412947e+00
 8.99784287e+01 4.60543973e-07 2.04922921e+01 3.89198610e+01
 3.00524690e+01 6.43817399e+00 4.83029728e+00 8.95640088e+00
 1.13652056e+01 1.68741694e+00 2.34783866e+01 1.22328483e+00
 1.99129610e+00 1.14708586e+00 4.25311201e+00 1.20491790e-06
 3.25560704e+00 3.03846609e-01 1.45272274e+00 8.64231782e-08
 2.27060298e-01 1.27479721e+00 6.30968871e-01 1.86353227e-01
 1.74041045e-01 2.54822870e-01 9.06875532e-01 1.03380730e-01
 1.53937583e+00 5.90174008e-02 9.72122609e-02 3.69774818e-02
 1.87523164e-01 5.54249985e-07 2.25386831e-01 1.34622964e-02
 1.82319869e-01 3.29248603e-06 3.65080447e-02 3.19887965e-02
 2.16706338e-01 1.83595332e-02 4.59998673e-02 2.94853713e-02
 2.27984019e-01 1.78383441e-02 2.46967884e-01 7.93829372e-03
 1.83800606e-02 1.99450081e-02 4.06593945e-03 7.55711915e-08
 3.26272853e-02 1.67743462e-04 4.47353592e-02 7.30440717e-09
 6.03311494e-03 7.21775925e-03 3.47836157e-02 3.23774240e-03
 7.06376718e-03 6.03481131e-03 3.68904363e-02 3.10567310e-03
 9.56475627e-02 4.40351014e-03 1.16810407e-02 2.42300419e-02
 4.76613808e-01 1.68756119e-02 6.20367010e-02 3.23675740e-02
 3.17847956e-01 1.51537898e-02 6.57310030e-02 3.06281008e-02
 3.22622496e-01 1.41390310e-02 6.79628066e-02 2.53146772e-02
 2.80677713e-01 1.06428834e-02 2.55385649e-01 8.06158895e-02
 5.51671342e-01 3.62320474e-02 7.25056692e-01 9.48652342e-02
 3.25821392e+00 1.58434871e+00]
train  L_V                   = +0.3550 (17.2%)
 train    L_V_attractive      = +0.2307 (11.2%)
 train      L_V_attractive_charged      = +0.1776 (8.6%)
 train      L_V_attractive_neutral      = +0.0530 (2.6%)
 train    L_V_repulsive       = +0.1243 (6.0%)
 train      L_V_repulsive_charged       = +0.0716 (3.5%)
 train      L_V_repulsive_neutral       = +0.0527 (2.5%)
 train    L_charged_cluster   = +0.0000 (0.0%)
 train  L_beta              = +0.8578 (41.5%)
 train    L_beta_noise        = +0.0000 (0.0%)
 train    L_beta_sig          = +0.1590 (7.7%)
 train    L_beta_suppress     = +0.0000 (0.0%)
 train    L_beta_track        = +0.6988 (33.8%)
 train      L_beta_norms_term   = -0.0184 (-0.9%)
 train      L_beta_logbeta_term = +0.1774 (8.6%)
 train  L_E   = +0.8545 (41.3%)
 train    L_E_charge = +0.0000 (0.0%)
 train    L_E_cond = +0.4941 (23.9%)
 train    L_E_cluster = +0.3604 (17.4%)
 train    L_E_w_photon   = +0.0000 (0.0%)
 train    L_E_w_charged_hadron   = +0.0000 (0.0%)
 train    L_E_w_neutral_hadron   = +0.0000 (0.0%)
 train    L_E_w_muon     = +0.0000 (0.0%)
 train    L_E_w_electron = +0.0000 (0.0%)
learning rate :  [0.00039890465297888624, 0.00039563061276672447, 0.000390213750433216, 0.00038271341425563806, 0.0003732117794866986, 0.00036181294802527074, 0.000348641807854205, 0.0003338426647414537, 0.00031757766119588004, 0.00030002500000000004, 0.0002813769917830063, 0.00026183794802527076, 0.00024162194257901096, 0.00022095046623036733, 0.00020005, 0.00017914953376963274, 0.00015847805742098906, 0.0001382620519747293]
train loss :  3.0673444271087646
test   L_V                   = +1271.6918 (99.8%)
    L_V_attractive      = +1270.4417 (99.7%)
      L_V_attractive_charged      = +1232.4275 (96.7%)
      L_V_attractive_neutral      = +38.0105 (3.0%)
    L_V_repulsive       = +1.2525 (0.1%)
      L_V_repulsive_charged       = +0.5719 (0.0%)
      L_V_repulsive_neutral       = +0.6806 (0.1%)
    L_charged_cluster   = +0.0000 (0.0%)
  L_beta              = +1.0864 (0.1%)
    L_beta_noise        = +0.0000 (0.0%)
    L_beta_sig          = +0.2846 (0.0%)
    L_beta_suppress     = +0.0000 (0.0%)
    L_beta_track        = +0.8017 (0.1%)
      L_beta_norms_term   = -0.0149 (-0.0%)
      L_beta_logbeta_term = +0.2996 (0.0%)
  L_E   = +1.5200 (0.1%)
    L_E_charge = +0.0000 (0.0%)
    L_E_cond = +0.8945 (0.1%)
    L_E_cluster = +0.6255 (0.0%)
    L_E_w_photon   = +0.0000 (0.0%)
    L_E_w_charged_hadron   = +0.0000 (0.0%)
    L_E_w_neutral_hadron   = +0.0000 (0.0%)
    L_E_w_muon     = +0.0000 (0.0%)
    L_E_w_electron = +0.0000 (0.0%)
Returning 1275.298095703125
[rank 0] epoch=18 train_batch=2000/15625 loss=3.151934
[rank 0] epoch=18 train_batch=4000/15625 loss=3.103521
[rank 0] epoch=18 train_batch=6000/15625 loss=3.141410
[rank 0] epoch=18 train_batch=8000/15625 loss=3.292913
[rank 0] epoch=18 train_batch=10000/15625 loss=3.045084
[rank 0] epoch=18 train_batch=12000/15625 loss=3.004577
[rank 0] epoch=18 train_batch=14000/15625 loss=3.043703
Training epoch 18
[3.09408542e+01 7.58682612e+00 2.30001121e+02 5.91472936e+00
 1.09060830e+02 3.43878974e-04 1.02611786e+02 2.30508612e+00
 1.49343920e+02 6.81206024e-07 3.17347990e+01 4.91659204e+01
 5.74368905e+01 1.10306627e+01 8.14993333e+00 1.48505189e+01
 2.04356823e+01 2.97798010e+00 4.60862026e+01 2.27173738e+00
 3.92300594e+00 2.10517407e+00 8.02821297e+00 1.45694317e-06
 6.26602111e+00 5.16131656e-01 2.50892715e+00 1.05349267e-07
 3.63276696e-01 2.28688960e+00 7.38990173e-01 2.44763856e-01
 1.97901336e-01 3.20338331e-01 1.05521556e+00 1.19799652e-01
 2.18809515e+00 8.83225907e-02 1.26663064e-01 6.48278674e-02
 2.66059225e-01 2.98276809e-07 3.39456836e-01 3.47407054e-02
 2.40144399e-01 3.29214916e-06 5.81726435e-02 6.36069925e-02
 3.46281606e-01 3.55829334e-02 7.37685691e-02 5.26301342e-02
 4.12896626e-01 3.38270264e-02 3.13779860e-01 6.07661380e-03
 1.25468897e-02 1.00993191e-02 4.03550520e-03 9.03526635e-08
 2.30468188e-02 7.13540473e-05 2.73462822e-02 7.69808991e-09
 3.46637217e-03 3.33512632e-03 2.17525315e-02 1.62320271e-03
 4.25169925e-03 3.82863814e-03 2.42173063e-02 2.11196750e-03
 8.24000937e-02 3.94759867e-03 9.13688530e-03 1.45896519e-02
 3.98240014e-01 1.29224065e-02 4.54287264e-02 3.10998341e-02
 2.40293490e-01 1.45000515e-02 5.66742819e-02 2.74834993e-02
 2.79651184e-01 1.23633601e-02 7.07132888e-02 2.70743693e-02
 2.70265940e-01 1.23537347e-02 2.26533425e-01 7.55542322e-02
 5.34541255e-01 3.39447505e-02 6.68518205e-01 8.26359949e-02
 3.14054758e+00 1.50408849e+00]
train  L_V                   = +0.3527 (16.9%)
 train    L_V_attractive      = +0.2287 (11.0%)
 train      L_V_attractive_charged      = +0.1744 (8.4%)
 train      L_V_attractive_neutral      = +0.0543 (2.6%)
 train    L_V_repulsive       = +0.1240 (5.9%)
 train      L_V_repulsive_charged       = +0.0717 (3.4%)
 train      L_V_repulsive_neutral       = +0.0522 (2.5%)
 train    L_charged_cluster   = +0.0000 (0.0%)
 train  L_beta              = +0.8620 (41.3%)
 train    L_beta_noise        = +0.0000 (0.0%)
 train    L_beta_sig          = +0.1610 (7.7%)
 train    L_beta_suppress     = +0.0000 (0.0%)
 train    L_beta_track        = +0.7010 (33.6%)
 train      L_beta_norms_term   = -0.0180 (-0.9%)
 train      L_beta_logbeta_term = +0.1791 (8.6%)
 train  L_E   = +0.8704 (41.7%)
 train    L_E_charge = +0.0000 (0.0%)
 train    L_E_cond = +0.5056 (24.2%)
 train    L_E_cluster = +0.3648 (17.5%)
 train    L_E_w_photon   = +0.0000 (0.0%)
 train    L_E_w_charged_hadron   = +0.0000 (0.0%)
 train    L_E_w_neutral_hadron   = +0.0000 (0.0%)
 train    L_E_w_muon     = +0.0000 (0.0%)
 train    L_E_w_electron = +0.0000 (0.0%)
learning rate :  [0.00039890465297888624, 0.00039563061276672447, 0.000390213750433216, 0.00038271341425563806, 0.0003732117794866986, 0.00036181294802527074, 0.000348641807854205, 0.0003338426647414537, 0.00031757766119588004, 0.00030002500000000004, 0.0002813769917830063, 0.00026183794802527076, 0.00024162194257901096, 0.00022095046623036733, 0.00020005, 0.00017914953376963274, 0.00015847805742098906, 0.0001382620519747293, 0.00011872300821699378]
train loss :  3.085162401199341
test   L_V                   = +1.6849 (44.8%)
    L_V_attractive      = +0.9869 (26.2%)
      L_V_attractive_charged      = +0.4991 (13.3%)
      L_V_attractive_neutral      = +0.4878 (13.0%)
    L_V_repulsive       = +0.6980 (18.6%)
      L_V_repulsive_charged       = +0.3577 (9.5%)
      L_V_repulsive_neutral       = +0.3403 (9.0%)
    L_charged_cluster   = +0.0000 (0.0%)
  L_beta              = +0.8462 (22.5%)
    L_beta_noise        = +0.0000 (0.0%)
    L_beta_sig          = +0.1306 (3.5%)
    L_beta_suppress     = +0.0000 (0.0%)
    L_beta_track        = +0.7156 (19.0%)
      L_beta_norms_term   = -0.0268 (-0.7%)
      L_beta_logbeta_term = +0.1575 (4.2%)
  L_E   = +1.2289 (32.7%)
    L_E_charge = +0.0000 (0.0%)
    L_E_cond = +0.7149 (19.0%)
    L_E_cluster = +0.5140 (13.7%)
    L_E_w_photon   = +0.0000 (0.0%)
    L_E_w_charged_hadron   = +0.0000 (0.0%)
    L_E_w_neutral_hadron   = +0.0000 (0.0%)
    L_E_w_muon     = +0.0000 (0.0%)
    L_E_w_electron = +0.0000 (0.0%)
Returning 4.759988307952881
[rank 0] epoch=19 train_batch=2000/15625 loss=3.027173
[rank 0] epoch=19 train_batch=4000/15625 loss=2.971156
[rank 0] epoch=19 train_batch=6000/15625 loss=3.150464
[rank 0] epoch=19 train_batch=8000/15625 loss=3.075101
[rank 0] epoch=19 train_batch=10000/15625 loss=3.025306
[rank 0] epoch=19 train_batch=12000/15625 loss=3.017725
[rank 0] epoch=19 train_batch=14000/15625 loss=3.119370
Training epoch 19
[3.04558179e+01 5.72660883e+00 2.06961634e+02 3.87830408e+00
 9.25850935e+01 3.86676635e-04 8.42479841e+01 1.65556819e+00
 1.21003884e+02 1.13369961e-06 2.65755076e+01 4.48029506e+01
 4.98618995e+01 9.05768085e+00 6.54823240e+00 1.21706455e+01
 1.93084912e+01 2.60723311e+00 4.06452488e+01 2.02797282e+00
 4.17024710e+00 2.11475195e+00 7.37633549e+00 1.08940073e-05
 7.48224814e+00 5.35454819e-01 2.47280492e+00 8.81317277e-07
 4.50900892e-01 2.05388631e+00 1.38595336e+00 2.51809127e-01
 2.72171454e-01 3.18693121e-01 1.53596374e+00 1.27400736e-01
 2.14476724e+00 8.42969659e-02 1.51754397e-01 5.68176878e-02
 3.21111739e-01 5.97580676e-07 3.77536176e-01 2.80892880e-02
 3.89566590e-01 1.00648517e-05 6.92367580e-02 5.25951719e-02
 3.39273521e-01 2.76318234e-02 6.47830179e-02 4.32127848e-02
 3.47138331e-01 2.65492625e-02 3.25875414e-01 9.81805742e-03
 1.51901950e-02 1.35393730e-02 6.55563392e-03 1.45868795e-07
 2.25391510e-02 1.04153512e-04 2.87306875e-02 7.16562883e-09
 5.81477725e-03 4.42038978e-03 3.76592920e-02 2.11866136e-03
 5.64910188e-03 4.39966377e-03 3.13893500e-02 2.36601724e-03
 9.24723121e-02 4.26841083e-03 1.04784021e-02 1.83840972e-02
 5.18494448e-01 1.61054387e-02 5.12653428e-02 4.44431369e-02
 2.88571038e-01 2.14469242e-02 5.63572746e-02 2.56005968e-02
 2.79944406e-01 1.14055582e-02 7.20839188e-02 2.77882549e-02
 2.73327722e-01 1.25826526e-02 2.24748127e-01 7.47363890e-02
 4.99657348e-01 3.22743250e-02 6.63091165e-01 7.44612377e-02
 2.85043400e+00 1.41549653e+00]
train  L_V                   = +0.3483 (16.9%)
 train    L_V_attractive      = +0.2283 (11.1%)
 train      L_V_attractive_charged      = +0.1733 (8.4%)
 train      L_V_attractive_neutral      = +0.0550 (2.7%)
 train    L_V_repulsive       = +0.1200 (5.8%)
 train      L_V_repulsive_charged       = +0.0698 (3.4%)
 train      L_V_repulsive_neutral       = +0.0502 (2.4%)
 train    L_charged_cluster   = +0.0000 (0.0%)
 train  L_beta              = +0.8565 (41.5%)
 train    L_beta_noise        = +0.0000 (0.0%)
 train    L_beta_sig          = +0.1578 (7.6%)
 train    L_beta_suppress     = +0.0000 (0.0%)
 train    L_beta_track        = +0.6987 (33.8%)
 train      L_beta_norms_term   = -0.0176 (-0.9%)
 train      L_beta_logbeta_term = +0.1754 (8.5%)
 train  L_E   = +0.8601 (41.7%)
 train    L_E_charge = +0.0000 (0.0%)
 train    L_E_cond = +0.4981 (24.1%)
 train    L_E_cluster = +0.3620 (17.5%)
 train    L_E_w_photon   = +0.0000 (0.0%)
 train    L_E_w_charged_hadron   = +0.0000 (0.0%)
 train    L_E_w_neutral_hadron   = +0.0000 (0.0%)
 train    L_E_w_muon     = +0.0000 (0.0%)
 train    L_E_w_electron = +0.0000 (0.0%)
learning rate :  [0.00039890465297888624, 0.00039563061276672447, 0.000390213750433216, 0.00038271341425563806, 0.0003732117794866986, 0.00036181294802527074, 0.000348641807854205, 0.0003338426647414537, 0.00031757766119588004, 0.00030002500000000004, 0.0002813769917830063, 0.00026183794802527076, 0.00024162194257901096, 0.00022095046623036733, 0.00020005, 0.00017914953376963274, 0.00015847805742098906, 0.0001382620519747293, 0.00011872300821699378, 0.00010007500000000005]
train loss :  3.0648934841156006
test   L_V                   = +21.1421 (90.5%)
    L_V_attractive      = +20.8847 (89.4%)
      L_V_attractive_charged      = +6.3059 (27.0%)
      L_V_attractive_neutral      = +14.5788 (62.4%)
    L_V_repulsive       = +0.2574 (1.1%)
      L_V_repulsive_charged       = +0.1383 (0.6%)
      L_V_repulsive_neutral       = +0.1191 (0.5%)
    L_charged_cluster   = +0.0000 (0.0%)
  L_beta              = +0.9378 (4.0%)
    L_beta_noise        = +0.0000 (0.0%)
    L_beta_sig          = +0.2034 (0.9%)
    L_beta_suppress     = +0.0000 (0.0%)
    L_beta_track        = +0.7344 (3.1%)
      L_beta_norms_term   = -0.0198 (-0.1%)
      L_beta_logbeta_term = +0.2232 (1.0%)
  L_E   = +1.2760 (5.5%)
    L_E_charge = +0.0000 (0.0%)
    L_E_cond = +0.7630 (3.3%)
    L_E_cluster = +0.5130 (2.2%)
    L_E_w_photon   = +0.0000 (0.0%)
    L_E_w_charged_hadron   = +0.0000 (0.0%)
    L_E_w_neutral_hadron   = +0.0000 (0.0%)
    L_E_w_muon     = +0.0000 (0.0%)
    L_E_w_electron = +0.0000 (0.0%)
Returning 24.35592269897461
[rank 0] epoch=20 train_batch=2000/15625 loss=3.098918
[rank 0] epoch=20 train_batch=4000/15625 loss=2.997687
[rank 0] epoch=20 train_batch=6000/15625 loss=3.027650
[rank 0] epoch=20 train_batch=8000/15625 loss=2.979311
[rank 0] epoch=20 train_batch=10000/15625 loss=2.960198
[rank 0] epoch=20 train_batch=12000/15625 loss=3.085132
[rank 0] epoch=20 train_batch=14000/15625 loss=3.116873
Training epoch 20
[2.98301730e+01 4.20771808e+00 1.76775976e+02 2.34099014e+00
 9.02162206e+01 2.87562500e-04 5.40912578e+01 8.30039658e-01
 7.63810045e+01 3.08384363e-07 1.62584099e+01 3.29106742e+01
 2.69861105e+01 5.23248647e+00 3.53649937e+00 7.01360593e+00
 9.15226303e+00 1.29534532e+00 1.92590376e+01 9.81518097e-01
 1.82568335e+00 1.07729381e+00 3.27758802e+00 9.67601453e-07
 3.28038104e+00 2.79497752e-01 1.31082407e+00 1.33930542e-07
 2.14108302e-01 1.08096728e+00 5.99452050e-01 1.44801857e-01
 1.44838205e-01 2.06563428e-01 9.02937341e-01 9.62215121e-02
 1.34432983e+00 5.90373692e-02 1.21791654e-01 5.71719324e-02
 2.14609892e-01 4.16436567e-07 3.23584452e-01 2.91721809e-02
 2.19609714e-01 5.33780976e-06 4.75217144e-02 4.95088088e-02
 2.61261972e-01 2.59911847e-02 5.50232935e-02 3.79570704e-02
 2.71622883e-01 2.19226298e-02 2.76352554e-01 7.30967065e-03
 1.34338046e-02 1.16288985e-02 4.90624795e-03 1.97121271e-07
 2.83988890e-02 1.06754954e-04 2.93382337e-02 9.17559661e-09
 5.85712639e-03 4.35285165e-03 3.74185758e-02 2.27251057e-03
 5.91420839e-03 4.40755775e-03 3.45605756e-02 2.38503106e-03
 1.13285748e-01 5.12114831e-03 1.07218347e-02 1.47886235e-02
 2.96389962e-01 1.10036248e-02 5.52703901e-02 2.63196410e-02
 2.76926466e-01 1.20290991e-02 6.83338566e-02 2.18198145e-02
 3.48627871e-01 9.02194128e-03 7.85827256e-02 2.31581018e-02
 3.05411683e-01 9.95357702e-03 2.83403668e-01 7.85147459e-02
 6.03513633e-01 3.13302199e-02 7.73668522e-01 7.95332803e-02
 2.68153633e+00 1.44642659e+00]
train  L_V                   = +0.3458 (17.2%)
 train    L_V_attractive      = +0.2285 (11.4%)
 train      L_V_attractive_charged      = +0.1743 (8.7%)
 train      L_V_attractive_neutral      = +0.0543 (2.7%)
 train    L_V_repulsive       = +0.1172 (5.8%)
 train      L_V_repulsive_charged       = +0.0684 (3.4%)
 train      L_V_repulsive_neutral       = +0.0489 (2.4%)
 train    L_charged_cluster   = +0.0000 (0.0%)
 train  L_beta              = +0.8484 (42.1%)
 train    L_beta_noise        = +0.0000 (0.0%)
 train    L_beta_sig          = +0.1534 (7.6%)
 train    L_beta_suppress     = +0.0000 (0.0%)
 train    L_beta_track        = +0.6950 (34.5%)
 train      L_beta_norms_term   = -0.0178 (-0.9%)
 train      L_beta_logbeta_term = +0.1712 (8.5%)
 train  L_E   = +0.8190 (40.7%)
 train    L_E_charge = +0.0000 (0.0%)
 train    L_E_cond = +0.4694 (23.3%)
 train    L_E_cluster = +0.3496 (17.4%)
 train    L_E_w_photon   = +0.0000 (0.0%)
 train    L_E_w_charged_hadron   = +0.0000 (0.0%)
 train    L_E_w_neutral_hadron   = +0.0000 (0.0%)
 train    L_E_w_muon     = +0.0000 (0.0%)
 train    L_E_w_electron = +0.0000 (0.0%)
learning rate :  [0.00039890465297888624, 0.00039563061276672447, 0.000390213750433216, 0.00038271341425563806, 0.0003732117794866986, 0.00036181294802527074, 0.000348641807854205, 0.0003338426647414537, 0.00031757766119588004, 0.00030002500000000004, 0.0002813769917830063, 0.00026183794802527076, 0.00024162194257901096, 0.00022095046623036733, 0.00020005, 0.00017914953376963274, 0.00015847805742098906, 0.0001382620519747293, 0.00011872300821699378, 0.00010007500000000005, 8.252233880412002e-05]
train loss :  3.01312518119812
test   L_V                   = +4.7428 (73.4%)
    L_V_attractive      = +4.5940 (71.1%)
      L_V_attractive_charged      = +3.2169 (49.8%)
      L_V_attractive_neutral      = +1.3772 (21.3%)
    L_V_repulsive       = +0.1488 (2.3%)
      L_V_repulsive_charged       = +0.0826 (1.3%)
      L_V_repulsive_neutral       = +0.0662 (1.0%)
    L_charged_cluster   = +0.0000 (0.0%)
  L_beta              = +0.8737 (13.5%)
    L_beta_noise        = +0.0000 (0.0%)
    L_beta_sig          = +0.1631 (2.5%)
    L_beta_suppress     = +0.0000 (0.0%)
    L_beta_track        = +0.7107 (11.0%)
      L_beta_norms_term   = -0.0192 (-0.3%)
      L_beta_logbeta_term = +0.1823 (2.8%)
  L_E   = +0.8443 (13.1%)
    L_E_charge = +0.0000 (0.0%)
    L_E_cond = +0.4798 (7.4%)
    L_E_cluster = +0.3645 (5.6%)
    L_E_w_photon   = +0.0000 (0.0%)
    L_E_w_charged_hadron   = +0.0000 (0.0%)
    L_E_w_neutral_hadron   = +0.0000 (0.0%)
    L_E_w_muon     = +0.0000 (0.0%)
    L_E_w_electron = +0.0000 (0.0%)
Returning 7.4608588218688965
[rank 0] epoch=21 train_batch=2000/15625 loss=3.021622
[rank 0] epoch=21 train_batch=4000/15625 loss=2.970433
[rank 0] epoch=21 train_batch=6000/15625 loss=3.002656
[rank 0] epoch=21 train_batch=8000/15625 loss=3.015307
[rank 0] epoch=21 train_batch=10000/15625 loss=2.996515
[rank 0] epoch=21 train_batch=12000/15625 loss=3.031379
[rank 0] epoch=21 train_batch=14000/15625 loss=2.979222
Training epoch 21
[3.12868170e+01 6.74069000e+00 2.18272768e+02 3.56678437e+00
 1.12776034e+02 2.96203405e-04 7.65046179e+01 1.25971820e+00
 1.14254506e+02 3.63449435e-07 2.56741769e+01 4.30588989e+01
 4.24293638e+01 7.61494611e+00 5.94137088e+00 1.06882090e+01
 1.41238626e+01 1.95387049e+00 2.81264888e+01 1.43146522e+00
 3.31811983e+00 2.22130448e+00 5.37257748e+00 1.24163074e-06
 5.98173877e+00 6.24944543e-01 2.61569088e+00 1.97913256e-07
 4.27082749e-01 2.45226864e+00 1.98432201e+00 3.58572636e-01
 4.72979748e-01 6.11872830e-01 3.36805462e+00 3.69938927e-01
 3.04357508e+00 9.85173635e-02 1.29549814e-01 4.57214282e-02
 3.79923355e-01 1.05422690e-06 4.81738688e-01 2.55186589e-02
 2.27103268e-01 1.98442494e-05 4.41459678e-02 3.98510112e-02
 2.49595704e-01 2.44797379e-02 5.82095594e-02 3.58332707e-02
 2.80823245e-01 2.25354946e-02 2.42983552e-01 5.87607048e-03
 1.06510701e-02 6.20706282e-03 4.89241328e-03 3.22609922e-07
 4.13673589e-02 8.24897731e-05 3.81918134e-02 1.41185277e-08
 5.35575129e-03 5.05097527e-03 2.96876612e-02 2.17989638e-03
 5.99014019e-03 5.26889567e-03 3.11871009e-02 2.62338249e-03
 9.80842372e-02 4.04226446e-03 1.05763451e-02 8.82042255e-03
 2.03370397e-01 6.96627783e-03 5.02920628e-02 2.53723032e-02
 2.56344052e-01 1.17091147e-02 6.38405900e-02 2.30715165e-02
 3.59715794e-01 9.50053569e-03 8.48829006e-02 3.40218750e-02
 3.36297909e-01 1.46997134e-02 2.86982514e-01 8.51603330e-02
 6.32132709e-01 3.29530256e-02 7.62189494e-01 7.95330493e-02
 2.77743630e+00 1.40689450e+00]
train  L_V                   = +0.3479 (17.3%)
 train    L_V_attractive      = +0.2308 (11.5%)
 train      L_V_attractive_charged      = +0.1766 (8.8%)
 train      L_V_attractive_neutral      = +0.0542 (2.7%)
 train    L_V_repulsive       = +0.1171 (5.8%)
 train      L_V_repulsive_charged       = +0.0684 (3.4%)
 train      L_V_repulsive_neutral       = +0.0488 (2.4%)
 train    L_charged_cluster   = +0.0000 (0.0%)
 train  L_beta              = +0.8463 (42.1%)
 train    L_beta_noise        = +0.0000 (0.0%)
 train    L_beta_sig          = +0.1529 (7.6%)
 train    L_beta_suppress     = +0.0000 (0.0%)
 train    L_beta_track        = +0.6933 (34.5%)
 train      L_beta_norms_term   = -0.0180 (-0.9%)
 train      L_beta_logbeta_term = +0.1710 (8.5%)
 train  L_E   = +0.8151 (40.6%)
 train    L_E_charge = +0.0000 (0.0%)
 train    L_E_cond = +0.4669 (23.2%)
 train    L_E_cluster = +0.3482 (17.3%)
 train    L_E_w_photon   = +0.0000 (0.0%)
 train    L_E_w_charged_hadron   = +0.0000 (0.0%)
 train    L_E_w_neutral_hadron   = +0.0000 (0.0%)
 train    L_E_w_muon     = +0.0000 (0.0%)
 train    L_E_w_electron = +0.0000 (0.0%)
learning rate :  [0.00039890465297888624, 0.00039563061276672447, 0.000390213750433216, 0.00038271341425563806, 0.0003732117794866986, 0.00036181294802527074, 0.000348641807854205, 0.0003338426647414537, 0.00031757766119588004, 0.00030002500000000004, 0.0002813769917830063, 0.00026183794802527076, 0.00024162194257901096, 0.00022095046623036733, 0.00020005, 0.00017914953376963274, 0.00015847805742098906, 0.0001382620519747293, 0.00011872300821699378, 0.00010007500000000005, 8.252233880412002e-05, 6.625733525854636e-05]
train loss :  3.009324312210083
test   L_V                   = +9.9771 (85.1%)
    L_V_attractive      = +9.7264 (83.0%)
      L_V_attractive_charged      = +7.2245 (61.6%)
      L_V_attractive_neutral      = +2.5019 (21.3%)
    L_V_repulsive       = +0.2507 (2.1%)
      L_V_repulsive_charged       = +0.1380 (1.2%)
      L_V_repulsive_neutral       = +0.1127 (1.0%)
    L_charged_cluster   = +0.0000 (0.0%)
  L_beta              = +0.8675 (7.4%)
    L_beta_noise        = +0.0000 (0.0%)
    L_beta_sig          = +0.1618 (1.4%)
    L_beta_suppress     = +0.0000 (0.0%)
    L_beta_track        = +0.7057 (6.0%)
      L_beta_norms_term   = -0.0180 (-0.2%)
      L_beta_logbeta_term = +0.1799 (1.5%)
  L_E   = +0.8757 (7.5%)
    L_E_charge = +0.0000 (0.0%)
    L_E_cond = +0.4999 (4.3%)
    L_E_cluster = +0.3758 (3.2%)
    L_E_w_photon   = +0.0000 (0.0%)
    L_E_w_charged_hadron   = +0.0000 (0.0%)
    L_E_w_neutral_hadron   = +0.0000 (0.0%)
    L_E_w_muon     = +0.0000 (0.0%)
    L_E_w_electron = +0.0000 (0.0%)
Returning 12.720294952392578
[rank 0] epoch=22 train_batch=2000/15625 loss=3.119050
[rank 0] epoch=22 train_batch=4000/15625 loss=3.051969
[rank 0] epoch=22 train_batch=6000/15625 loss=2.984807
[rank 0] epoch=22 train_batch=8000/15625 loss=2.980429
[rank 0] epoch=22 train_batch=10000/15625 loss=2.997118
[rank 0] epoch=22 train_batch=12000/15625 loss=3.024764
[rank 0] epoch=22 train_batch=14000/15625 loss=3.024523
Training epoch 22
[3.17541895e+01 8.98680462e+00 2.43659718e+02 5.64821393e+00
 1.23651761e+02 4.78393084e-04 9.93846458e+01 2.06378011e+00
 1.57562458e+02 6.35901738e-07 3.55462879e+01 5.18543163e+01
 7.13904131e+01 1.17439612e+01 1.05397483e+01 1.67125063e+01
 3.26986832e+01 4.11538234e+00 7.53425398e+01 3.64960073e+00
 9.77045933e+00 5.65682117e+00 1.19148077e+01 2.46435824e-06
 1.86592583e+01 1.64762431e+00 6.63886192e+00 4.14699928e-07
 1.00083512e+00 7.77209850e+00 3.13751489e+00 8.80544787e-01
 6.91733010e-01 1.10864703e+00 4.37914545e+00 4.80794903e-01
 5.95365502e+00 2.34592217e-01 2.88738845e-01 1.15917726e-01
 9.36387268e-01 1.79863985e-06 7.13006066e-01 6.38042234e-02
 3.83730984e-01 2.06875783e-05 7.97326533e-02 9.88641203e-02
 4.82868315e-01 5.21794437e-02 1.11261845e-01 7.11234205e-02
 6.13838387e-01 4.62559639e-02 5.65116635e-01 1.18015543e-02
 1.64782155e-02 9.54289449e-03 9.88840167e-03 3.17088183e-07
 3.98272763e-02 1.23150790e-04 4.02961367e-02 8.03522063e-09
 7.95975602e-03 8.34691985e-03 4.54408179e-02 3.28672899e-03
 8.14167013e-03 6.95865676e-03 4.49195298e-02 3.59866753e-03
 1.16265462e-01 4.82261130e-03 1.40945530e-02 1.28386893e-02
 2.93790388e-01 9.78082760e-03 5.74136522e-02 2.79069337e-02
 2.86637109e-01 1.31049217e-02 6.75325977e-02 2.41484822e-02
 3.66111697e-01 1.01227904e-02 8.82758261e-02 3.06062977e-02
 3.43316290e-01 1.32215873e-02 2.73000495e-01 8.30133640e-02
 6.31534130e-01 3.23751731e-02 7.09054803e-01 7.60735555e-02
 2.66529132e+00 1.32381696e+00]
train  L_V                   = +0.3468 (17.2%)
 train    L_V_attractive      = +0.2304 (11.4%)
 train      L_V_attractive_charged      = +0.1764 (8.7%)
 train      L_V_attractive_neutral      = +0.0541 (2.7%)
 train    L_V_repulsive       = +0.1163 (5.8%)
 train      L_V_repulsive_charged       = +0.0680 (3.4%)
 train      L_V_repulsive_neutral       = +0.0484 (2.4%)
 train    L_charged_cluster   = +0.0000 (0.0%)
 train  L_beta              = +0.8467 (42.0%)
 train    L_beta_noise        = +0.0000 (0.0%)
 train    L_beta_sig          = +0.1530 (7.6%)
 train    L_beta_suppress     = +0.0000 (0.0%)
 train    L_beta_track        = +0.6937 (34.4%)
 train      L_beta_norms_term   = -0.0180 (-0.9%)
 train      L_beta_logbeta_term = +0.1710 (8.5%)
 train  L_E   = +0.8241 (40.8%)
 train    L_E_charge = +0.0000 (0.0%)
 train    L_E_cond = +0.4738 (23.5%)
 train    L_E_cluster = +0.3504 (17.4%)
 train    L_E_w_photon   = +0.0000 (0.0%)
 train    L_E_w_charged_hadron   = +0.0000 (0.0%)
 train    L_E_w_neutral_hadron   = +0.0000 (0.0%)
 train    L_E_w_muon     = +0.0000 (0.0%)
 train    L_E_w_electron = +0.0000 (0.0%)
learning rate :  [0.00039890465297888624, 0.00039563061276672447, 0.000390213750433216, 0.00038271341425563806, 0.0003732117794866986, 0.00036181294802527074, 0.000348641807854205, 0.0003338426647414537, 0.00031757766119588004, 0.00030002500000000004, 0.0002813769917830063, 0.00026183794802527076, 0.00024162194257901096, 0.00022095046623036733, 0.00020005, 0.00017914953376963274, 0.00015847805742098906, 0.0001382620519747293, 0.00011872300821699378, 0.00010007500000000005, 8.252233880412002e-05, 6.625733525854636e-05, 5.1458192145795003e-05]
train loss :  3.0176093578338623
test   L_V                   = +47.7088 (96.4%)
    L_V_attractive      = +46.9384 (94.8%)
      L_V_attractive_charged      = +12.4360 (25.1%)
      L_V_attractive_neutral      = +34.5025 (69.7%)
    L_V_repulsive       = +0.7703 (1.6%)
      L_V_repulsive_charged       = +0.3586 (0.7%)
      L_V_repulsive_neutral       = +0.4117 (0.8%)
    L_charged_cluster   = +0.0000 (0.0%)
  L_beta              = +0.8657 (1.7%)
    L_beta_noise        = +0.0000 (0.0%)
    L_beta_sig          = +0.1610 (0.3%)
    L_beta_suppress     = +0.0000 (0.0%)
    L_beta_track        = +0.7047 (1.4%)
      L_beta_norms_term   = -0.0175 (-0.0%)
      L_beta_logbeta_term = +0.1785 (0.4%)
  L_E   = +0.9138 (1.8%)
    L_E_charge = +0.0000 (0.0%)
    L_E_cond = +0.5423 (1.1%)
    L_E_cluster = +0.3716 (0.8%)
    L_E_w_photon   = +0.0000 (0.0%)
    L_E_w_charged_hadron   = +0.0000 (0.0%)
    L_E_w_neutral_hadron   = +0.0000 (0.0%)
    L_E_w_muon     = +0.0000 (0.0%)
    L_E_w_electron = +0.0000 (0.0%)
Returning 50.488311767578125
[rank 0] epoch=23 train_batch=2000/15625 loss=2.975259
[rank 0] epoch=23 train_batch=4000/15625 loss=3.103359
[rank 0] epoch=23 train_batch=6000/15625 loss=2.928236
[rank 0] epoch=23 train_batch=8000/15625 loss=2.928448
[rank 0] epoch=23 train_batch=10000/15625 loss=3.007833
[rank 0] epoch=23 train_batch=12000/15625 loss=3.009758
[rank 0] epoch=23 train_batch=14000/15625 loss=2.978886
Training epoch 23
[3.19645731e+01 8.58199685e+00 2.49702142e+02 4.75439026e+00
 1.30755834e+02 1.36102234e-03 1.00832073e+02 1.81832960e+00
 1.58458981e+02 2.07027462e-06 3.41759736e+01 5.26550995e+01
 5.77193361e+01 1.09687637e+01 8.88514687e+00 1.53441580e+01
 2.00884725e+01 2.78619228e+00 3.33814610e+01 1.79822843e+00
 3.78566169e+00 3.27099518e+00 6.89721495e+00 2.09292623e-06
 5.90678729e+00 9.27454966e-01 2.86888716e+00 2.29709061e-07
 4.75400097e-01 3.07894398e+00 1.83456639e+00 3.98581964e-01
 4.61178869e-01 6.37790057e-01 3.14793046e+00 3.52396074e-01
 4.48141292e+00 1.91226901e-01 2.00558871e-01 6.51401417e-02
 6.30518517e-01 1.39678515e-06 5.18581735e-01 3.48357414e-02
 2.42400241e-01 1.62656498e-05 4.68462150e-02 4.57084349e-02
 2.49883593e-01 2.53232529e-02 6.10195727e-02 4.65624452e-02
 3.01905041e-01 2.75581980e-02 3.70757177e-01 1.32691949e-02
 1.76625607e-02 1.37691680e-02 8.22613209e-03 3.53043502e-07
 4.53299913e-02 1.67161100e-04 4.86193184e-02 7.33841543e-09
 9.93103208e-03 1.00295567e-02 5.61084979e-02 3.97847335e-03
 1.00500865e-02 7.73371804e-03 5.22777913e-02 4.11202411e-03
 1.20361621e-01 4.83800219e-03 1.84449884e-02 1.67820818e-02
 2.61376680e-01 9.06884101e-03 5.27706138e-02 3.26052901e-02
 2.62676020e-01 1.55176902e-02 7.06951917e-02 2.50324224e-02
 3.83887267e-01 1.07084405e-02 9.68910560e-02 2.91764997e-02
 4.02841558e-01 1.28219486e-02 2.94521954e-01 8.72964796e-02
 6.80824960e-01 3.31544592e-02 7.64700946e-01 7.87107544e-02
 2.52516240e+00 1.28262057e+00]
train  L_V                   = +0.3473 (17.4%)
 train    L_V_attractive      = +0.2314 (11.6%)
 train      L_V_attractive_charged      = +0.1775 (8.9%)
 train      L_V_attractive_neutral      = +0.0539 (2.7%)
 train    L_V_repulsive       = +0.1159 (5.8%)
 train      L_V_repulsive_charged       = +0.0678 (3.4%)
 train      L_V_repulsive_neutral       = +0.0481 (2.4%)
 train    L_charged_cluster   = +0.0000 (0.0%)
 train  L_beta              = +0.8422 (42.1%)
 train    L_beta_noise        = +0.0000 (0.0%)
 train    L_beta_sig          = +0.1508 (7.5%)
 train    L_beta_suppress     = +0.0000 (0.0%)
 train    L_beta_track        = +0.6914 (34.6%)
 train      L_beta_norms_term   = -0.0182 (-0.9%)
 train      L_beta_logbeta_term = +0.1690 (8.4%)
 train  L_E   = +0.8114 (40.6%)
 train    L_E_charge = +0.0000 (0.0%)
 train    L_E_cond = +0.4641 (23.2%)
 train    L_E_cluster = +0.3473 (17.4%)
 train    L_E_w_photon   = +0.0000 (0.0%)
 train    L_E_w_charged_hadron   = +0.0000 (0.0%)
 train    L_E_w_neutral_hadron   = +0.0000 (0.0%)
 train    L_E_w_muon     = +0.0000 (0.0%)
 train    L_E_w_electron = +0.0000 (0.0%)
learning rate :  [0.00039890465297888624, 0.00039563061276672447, 0.000390213750433216, 0.00038271341425563806, 0.0003732117794866986, 0.00036181294802527074, 0.000348641807854205, 0.0003338426647414537, 0.00031757766119588004, 0.00030002500000000004, 0.0002813769917830063, 0.00026183794802527076, 0.00024162194257901096, 0.00022095046623036733, 0.00020005, 0.00017914953376963274, 0.00015847805742098906, 0.0001382620519747293, 0.00011872300821699378, 0.00010007500000000005, 8.252233880412002e-05, 6.625733525854636e-05, 5.1458192145795003e-05, 3.8287051974729284e-05]
train loss :  3.000870943069458
test   L_V                   = +2.8566 (62.1%)
    L_V_attractive      = +2.7241 (59.2%)
      L_V_attractive_charged      = +1.6640 (36.2%)
      L_V_attractive_neutral      = +1.0602 (23.1%)
    L_V_repulsive       = +0.1325 (2.9%)
      L_V_repulsive_charged       = +0.0755 (1.6%)
      L_V_repulsive_neutral       = +0.0569 (1.2%)
    L_charged_cluster   = +0.0000 (0.0%)
  L_beta              = +0.8606 (18.7%)
    L_beta_noise        = +0.0000 (0.0%)
    L_beta_sig          = +0.1574 (3.4%)
    L_beta_suppress     = +0.0000 (0.0%)
    L_beta_track        = +0.7032 (15.3%)
      L_beta_norms_term   = -0.0174 (-0.4%)
      L_beta_logbeta_term = +0.1748 (3.8%)
  L_E   = +0.8806 (19.2%)
    L_E_charge = +0.0000 (0.0%)
    L_E_cond = +0.5161 (11.2%)
    L_E_cluster = +0.3646 (7.9%)
    L_E_w_photon   = +0.0000 (0.0%)
    L_E_w_charged_hadron   = +0.0000 (0.0%)
    L_E_w_neutral_hadron   = +0.0000 (0.0%)
    L_E_w_muon     = +0.0000 (0.0%)
    L_E_w_electron = +0.0000 (0.0%)
Returning 5.5977864265441895
[rank 0] epoch=24 train_batch=2000/15625 loss=2.950109
[rank 0] epoch=24 train_batch=4000/15625 loss=3.096258
[rank 0] epoch=24 train_batch=6000/15625 loss=3.054605
[rank 0] epoch=24 train_batch=8000/15625 loss=3.025145
[rank 0] epoch=24 train_batch=10000/15625 loss=2.979133
[rank 0] epoch=24 train_batch=12000/15625 loss=3.121231
[rank 0] epoch=24 train_batch=14000/15625 loss=3.127323
Training epoch 24
[3.18035222e+01 7.62204419e+00 2.42382553e+02 3.89221978e+00
 1.24782424e+02 4.14035482e-04 9.36429872e+01 1.56776547e+00
 1.53056806e+02 6.10248702e-07 3.67082669e+01 5.16826229e+01
 7.53867719e+01 1.10174450e+01 1.06384115e+01 1.59250476e+01
 3.28099087e+01 3.96881308e+00 8.03518200e+01 3.85936151e+00
 1.09307668e+01 4.50166261e+00 1.06373278e+01 2.40764314e-06
 2.17852807e+01 1.40699943e+00 7.84976871e+00 4.40436550e-07
 1.22762377e+00 9.19007742e+00 3.87228837e+00 1.14160859e+00
 8.33965378e-01 1.45883481e+00 5.01853464e+00 6.26994440e-01
 8.42378053e+00 4.05612335e-01 4.02320868e-01 6.01342360e-02
 1.34937693e+00 1.63754392e-06 7.45823448e-01 3.39004153e-02
 2.78421692e-01 2.82373140e-05 4.67995852e-02 3.97765738e-02
 2.34832079e-01 2.28544490e-02 5.16400386e-02 3.74009889e-02
 2.64375526e-01 2.42140363e-02 3.38023894e-01 1.01068880e-02
 1.49329348e-02 7.74190072e-03 8.49091342e-03 3.18631079e-07
 3.84260538e-02 1.11968028e-04 3.93304175e-02 5.30903507e-09
 8.86958760e-03 9.55783625e-03 5.09821739e-02 3.68529808e-03
 9.16175940e-03 7.46708120e-03 5.10048790e-02 4.02733715e-03
 1.12996942e-01 4.42698658e-03 1.57696391e-02 1.06563176e-02
 2.48868118e-01 7.38322813e-03 4.83822414e-02 2.63467113e-02
 2.34410533e-01 1.24795121e-02 6.89211044e-02 2.39128123e-02
 4.21538722e-01 9.79848378e-03 9.71333903e-02 3.10388052e-02
 4.03589542e-01 1.37518309e-02 2.78715150e-01 8.34229964e-02
 6.78751883e-01 3.24618507e-02 7.48725622e-01 7.54125763e-02
 2.43845097e+00 1.21737837e+00]
train  L_V                   = +0.3482 (17.4%)
 train    L_V_attractive      = +0.2315 (11.5%)
 train      L_V_attractive_charged      = +0.1778 (8.9%)
 train      L_V_attractive_neutral      = +0.0538 (2.7%)
 train    L_V_repulsive       = +0.1166 (5.8%)
 train      L_V_repulsive_charged       = +0.0680 (3.4%)
 train      L_V_repulsive_neutral       = +0.0486 (2.4%)
 train    L_charged_cluster   = +0.0000 (0.0%)
 train  L_beta              = +0.8444 (42.1%)
 train    L_beta_noise        = +0.0000 (0.0%)
 train    L_beta_sig          = +0.1521 (7.6%)
 train    L_beta_suppress     = +0.0000 (0.0%)
 train    L_beta_track        = +0.6923 (34.5%)
 train      L_beta_norms_term   = -0.0180 (-0.9%)
 train      L_beta_logbeta_term = +0.1701 (8.5%)
 train  L_E   = +0.8130 (40.5%)
 train    L_E_charge = +0.0000 (0.0%)
 train    L_E_cond = +0.4656 (23.2%)
 train    L_E_cluster = +0.3473 (17.3%)
 train    L_E_w_photon   = +0.0000 (0.0%)
 train    L_E_w_charged_hadron   = +0.0000 (0.0%)
 train    L_E_w_neutral_hadron   = +0.0000 (0.0%)
 train    L_E_w_muon     = +0.0000 (0.0%)
 train    L_E_w_electron = +0.0000 (0.0%)
learning rate :  [0.00039890465297888624, 0.00039563061276672447, 0.000390213750433216, 0.00038271341425563806, 0.0003732117794866986, 0.00036181294802527074, 0.000348641807854205, 0.0003338426647414537, 0.00031757766119588004, 0.00030002500000000004, 0.0002813769917830063, 0.00026183794802527076, 0.00024162194257901096, 0.00022095046623036733, 0.00020005, 0.00017914953376963274, 0.00015847805742098906, 0.0001382620519747293, 0.00011872300821699378, 0.00010007500000000005, 8.252233880412002e-05, 6.625733525854636e-05, 5.1458192145795003e-05, 3.8287051974729284e-05, 2.688822051330148e-05]
train loss :  3.0055603981018066
test   L_V                   = +475.7190 (99.6%)
    L_V_attractive      = +472.7409 (99.0%)
      L_V_attractive_charged      = +358.6382 (75.1%)
      L_V_attractive_neutral      = +114.1028 (23.9%)
    L_V_repulsive       = +2.9783 (0.6%)
      L_V_repulsive_charged       = +1.4597 (0.3%)
      L_V_repulsive_neutral       = +1.5187 (0.3%)
    L_charged_cluster   = +0.0000 (0.0%)
  L_beta              = +0.8966 (0.2%)
    L_beta_noise        = +0.0000 (0.0%)
    L_beta_sig          = +0.1890 (0.0%)
    L_beta_suppress     = +0.0000 (0.0%)
    L_beta_track        = +0.7076 (0.1%)
      L_beta_norms_term   = -0.0181 (-0.0%)
      L_beta_logbeta_term = +0.2071 (0.0%)
  L_E   = +0.9539 (0.2%)
    L_E_charge = +0.0000 (0.0%)
    L_E_cond = +0.5390 (0.1%)
    L_E_cluster = +0.4149 (0.1%)
    L_E_w_photon   = +0.0000 (0.0%)
    L_E_w_charged_hadron   = +0.0000 (0.0%)
    L_E_w_neutral_hadron   = +0.0000 (0.0%)
    L_E_w_muon     = +0.0000 (0.0%)
    L_E_w_electron = +0.0000 (0.0%)
Returning 478.56951904296875
[rank 0] epoch=25 train_batch=2000/15625 loss=3.024414
[rank 0] epoch=25 train_batch=4000/15625 loss=2.996504
[rank 0] epoch=25 train_batch=6000/15625 loss=2.995525
[rank 0] epoch=25 train_batch=8000/15625 loss=3.061806
[rank 0] epoch=25 train_batch=10000/15625 loss=2.981987
[rank 0] epoch=25 train_batch=12000/15625 loss=2.973877
[rank 0] epoch=25 train_batch=14000/15625 loss=2.919022
Training epoch 25
[3.15902787e+01 6.54808832e+00 2.30381833e+02 3.13190082e+00
 1.19038313e+02 3.62588505e-04 8.27196446e+01 1.29259654e+00
 1.34028269e+02 5.53341093e-07 3.31181670e+01 4.75580759e+01
 6.94382279e+01 9.38691185e+00 9.06546127e+00 1.35949545e+01
 2.79572813e+01 3.30382573e+00 6.67483645e+01 3.02362530e+00
 9.34251556e+00 3.33392626e+00 8.92849331e+00 2.13647048e-06
 1.86744426e+01 1.05992675e+00 6.74989897e+00 5.13801911e-07
 1.15195660e+00 7.72732215e+00 4.61042493e+00 1.12424668e+00
 1.12140070e+00 1.65851588e+00 6.88228478e+00 8.11056706e-01
 1.03296595e+01 4.84515451e-01 4.68836723e-01 6.34066500e-02
 1.05394916e+00 2.20270778e-06 9.67481487e-01 3.42462828e-02
 3.57706969e-01 3.96449196e-05 5.31221618e-02 4.77496482e-02
 2.54950615e-01 2.55709986e-02 5.42098190e-02 3.84060384e-02
 2.82180618e-01 2.42634325e-02 3.21260935e-01 8.10117658e-03
 1.59049514e-02 9.14270792e-03 8.45575170e-03 3.63384928e-07
 4.43955763e-02 1.13767228e-04 4.47677755e-02 5.76113400e-09
 9.74167328e-03 9.19685618e-03 5.51961766e-02 3.92443433e-03
 9.63302006e-03 8.24471917e-03 5.40820351e-02 4.42330721e-03
 1.15481753e-01 4.61125554e-03 1.67837656e-02 1.20405529e-02
 2.67255791e-01 8.41791681e-03 5.35425562e-02 2.46560319e-02
 2.53121117e-01 1.16595098e-02 7.10403441e-02 2.45946560e-02
 4.30040889e-01 1.00257325e-02 9.81317206e-02 3.10134999e-02
 4.06593743e-01 1.34156751e-02 2.84892142e-01 8.54795936e-02
 7.17550456e-01 3.33448737e-02 7.34152600e-01 7.34384069e-02
 2.37431108e+00 1.16971332e+00]
train  L_V                   = +0.3474 (17.3%)
 train    L_V_attractive      = +0.2320 (11.6%)
 train      L_V_attractive_charged      = +0.1776 (8.9%)
 train      L_V_attractive_neutral      = +0.0544 (2.7%)
 train    L_V_repulsive       = +0.1154 (5.8%)
 train      L_V_repulsive_charged       = +0.0673 (3.4%)
 train      L_V_repulsive_neutral       = +0.0481 (2.4%)
 train    L_charged_cluster   = +0.0000 (0.0%)
 train  L_beta              = +0.8444 (42.1%)
 train    L_beta_noise        = +0.0000 (0.0%)
 train    L_beta_sig          = +0.1515 (7.6%)
 train    L_beta_suppress     = +0.0000 (0.0%)
 train    L_beta_track        = +0.6929 (34.6%)
 train      L_beta_norms_term   = -0.0179 (-0.9%)
 train      L_beta_logbeta_term = +0.1694 (8.5%)
 train  L_E   = +0.8121 (40.5%)
 train    L_E_charge = +0.0000 (0.0%)
 train    L_E_cond = +0.4651 (23.2%)
 train    L_E_cluster = +0.3471 (17.3%)
 train    L_E_w_photon   = +0.0000 (0.0%)
 train    L_E_w_charged_hadron   = +0.0000 (0.0%)
 train    L_E_w_neutral_hadron   = +0.0000 (0.0%)
 train    L_E_w_muon     = +0.0000 (0.0%)
 train    L_E_w_electron = +0.0000 (0.0%)
learning rate :  [0.00039890465297888624, 0.00039563061276672447, 0.000390213750433216, 0.00038271341425563806, 0.0003732117794866986, 0.00036181294802527074, 0.000348641807854205, 0.0003338426647414537, 0.00031757766119588004, 0.00030002500000000004, 0.0002813769917830063, 0.00026183794802527076, 0.00024162194257901096, 0.00022095046623036733, 0.00020005, 0.00017914953376963274, 0.00015847805742098906, 0.0001382620519747293, 0.00011872300821699378, 0.00010007500000000005, 8.252233880412002e-05, 6.625733525854636e-05, 5.1458192145795003e-05, 3.8287051974729284e-05, 2.688822051330148e-05, 1.7386585744361935e-05]
train loss :  3.0039172172546387
test   L_V                   = +1.5083 (46.7%)
    L_V_attractive      = +0.7640 (23.6%)
      L_V_attractive_charged      = +0.5895 (18.2%)
      L_V_attractive_neutral      = +0.1745 (5.4%)
    L_V_repulsive       = +0.7443 (23.0%)
      L_V_repulsive_charged       = +0.3776 (11.7%)
      L_V_repulsive_neutral       = +0.3667 (11.3%)
    L_charged_cluster   = +0.0000 (0.0%)
  L_beta              = +0.8514 (26.3%)
    L_beta_noise        = +0.0000 (0.0%)
    L_beta_sig          = +0.1465 (4.5%)
    L_beta_suppress     = +0.0000 (0.0%)
    L_beta_track        = +0.7049 (21.8%)
      L_beta_norms_term   = -0.0185 (-0.6%)
      L_beta_logbeta_term = +0.1650 (5.1%)
  L_E   = +0.8729 (27.0%)
    L_E_charge = +0.0000 (0.0%)
    L_E_cond = +0.5060 (15.7%)
    L_E_cluster = +0.3669 (11.4%)
    L_E_w_photon   = +0.0000 (0.0%)
    L_E_w_charged_hadron   = +0.0000 (0.0%)
    L_E_w_neutral_hadron   = +0.0000 (0.0%)
    L_E_w_muon     = +0.0000 (0.0%)
    L_E_w_electron = +0.0000 (0.0%)
Returning 4.232565879821777
[rank 0] epoch=26 train_batch=2000/15625 loss=2.965516
[rank 0] epoch=26 train_batch=4000/15625 loss=2.964261
[rank 0] epoch=26 train_batch=6000/15625 loss=3.047556
[rank 0] epoch=26 train_batch=8000/15625 loss=3.001248
[rank 0] epoch=26 train_batch=10000/15625 loss=3.029914
[rank 0] epoch=26 train_batch=12000/15625 loss=3.011916
[rank 0] epoch=26 train_batch=14000/15625 loss=2.982454
Training epoch 26
[3.17480089e+01 7.32979909e+00 2.35545108e+02 3.34725279e+00
 1.20936943e+02 2.71271805e-04 8.41253921e+01 1.32210263e+00
 1.35285703e+02 4.57438649e-07 3.24004062e+01 4.62518411e+01
 6.15386596e+01 7.71278623e+00 7.53283777e+00 1.14519792e+01
 2.13658636e+01 2.44127108e+00 4.48279963e+01 2.01208851e+00
 5.41427695e+00 2.18252281e+00 7.67015353e+00 2.04147013e-06
 9.98080346e+00 7.12155473e-01 4.38895130e+00 5.02752337e-07
 8.82166451e-01 4.88195520e+00 5.04596744e+00 1.07017666e+00
 1.63287021e+00 1.98600554e+00 1.10627419e+01 1.18240986e+00
 1.15524238e+01 5.04449755e-01 5.86869640e-01 7.47184172e-02
 7.80223402e-01 3.05673473e-06 1.33230207e+00 4.10394720e-02
 4.73708859e-01 4.95043707e-05 6.78621131e-02 7.43858094e-02
 3.54443235e-01 3.86771026e-02 8.27247797e-02 5.56748830e-02
 4.53584604e-01 3.50967171e-02 4.29138970e-01 9.30692985e-03
 1.76710111e-02 7.70183345e-03 1.02009117e-02 4.23293868e-07
 4.64660499e-02 1.14483289e-04 4.75054089e-02 6.49749293e-09
 1.01777597e-02 9.53802457e-03 5.82624522e-02 4.24665360e-03
 1.03844142e-02 9.07280497e-03 5.82034507e-02 4.77741057e-03
 1.14092917e-01 4.33068089e-03 1.69671084e-02 1.04333769e-02
 2.55351029e-01 7.95919082e-03 5.96080139e-02 3.06448345e-02
 2.88085383e-01 1.45559384e-02 8.26727698e-02 2.68160909e-02
 4.99608720e-01 1.12167133e-02 1.05454860e-01 3.19452658e-02
 4.30002316e-01 1.39662392e-02 2.97375930e-01 8.85315296e-02
 7.34151960e-01 3.34996730e-02 7.62826068e-01 7.35603714e-02
 2.34429658e+00 1.14026123e+00]
train  L_V                   = +0.3464 (17.4%)
 train    L_V_attractive      = +0.2322 (11.7%)
 train      L_V_attractive_charged      = +0.1784 (9.0%)
 train      L_V_attractive_neutral      = +0.0538 (2.7%)
 train    L_V_repulsive       = +0.1142 (5.7%)
 train      L_V_repulsive_charged       = +0.0669 (3.4%)
 train      L_V_repulsive_neutral       = +0.0474 (2.4%)
 train    L_charged_cluster   = +0.0000 (0.0%)
 train  L_beta              = +0.8403 (42.2%)
 train    L_beta_noise        = +0.0000 (0.0%)
 train    L_beta_sig          = +0.1496 (7.5%)
 train    L_beta_suppress     = +0.0000 (0.0%)
 train    L_beta_track        = +0.6908 (34.7%)
 train      L_beta_norms_term   = -0.0181 (-0.9%)
 train      L_beta_logbeta_term = +0.1676 (8.4%)
 train  L_E   = +0.8044 (40.4%)
 train    L_E_charge = +0.0000 (0.0%)
 train    L_E_cond = +0.4594 (23.1%)
 train    L_E_cluster = +0.3450 (17.3%)
 train    L_E_w_photon   = +0.0000 (0.0%)
 train    L_E_w_charged_hadron   = +0.0000 (0.0%)
 train    L_E_w_neutral_hadron   = +0.0000 (0.0%)
 train    L_E_w_muon     = +0.0000 (0.0%)
 train    L_E_w_electron = +0.0000 (0.0%)
learning rate :  [0.00039890465297888624, 0.00039563061276672447, 0.000390213750433216, 0.00038271341425563806, 0.0003732117794866986, 0.00036181294802527074, 0.000348641807854205, 0.0003338426647414537, 0.00031757766119588004, 0.00030002500000000004, 0.0002813769917830063, 0.00026183794802527076, 0.00024162194257901096, 0.00022095046623036733, 0.00020005, 0.00017914953376963274, 0.00015847805742098906, 0.0001382620519747293, 0.00011872300821699378, 0.00010007500000000005, 8.252233880412002e-05, 6.625733525854636e-05, 5.1458192145795003e-05, 3.8287051974729284e-05, 2.688822051330148e-05, 1.7386585744361935e-05, 9.886249566784053e-06]
train loss :  2.991161346435547
test   L_V                   = +0.8111 (32.8%)
    L_V_attractive      = +0.6552 (26.5%)
      L_V_attractive_charged      = +0.2483 (10.0%)
      L_V_attractive_neutral      = +0.4069 (16.4%)
    L_V_repulsive       = +0.1559 (6.3%)
      L_V_repulsive_charged       = +0.0868 (3.5%)
      L_V_repulsive_neutral       = +0.0691 (2.8%)
    L_charged_cluster   = +0.0000 (0.0%)
  L_beta              = +0.8522 (34.4%)
    L_beta_noise        = +0.0000 (0.0%)
    L_beta_sig          = +0.1487 (6.0%)
    L_beta_suppress     = +0.0000 (0.0%)
    L_beta_track        = +0.7036 (28.4%)
      L_beta_norms_term   = -0.0196 (-0.8%)
      L_beta_logbeta_term = +0.1682 (6.8%)
  L_E   = +0.8113 (32.8%)
    L_E_charge = +0.0000 (0.0%)
    L_E_cond = +0.4541 (18.3%)
    L_E_cluster = +0.3572 (14.4%)
    L_E_w_photon   = +0.0000 (0.0%)
    L_E_w_charged_hadron   = +0.0000 (0.0%)
    L_E_w_neutral_hadron   = +0.0000 (0.0%)
    L_E_w_muon     = +0.0000 (0.0%)
    L_E_w_electron = +0.0000 (0.0%)
Returning 3.474696159362793
[rank 0] epoch=27 train_batch=2000/15625 loss=3.059996
[rank 0] epoch=27 train_batch=4000/15625 loss=3.061719
[rank 0] epoch=27 train_batch=6000/15625 loss=2.996180
[rank 0] epoch=27 train_batch=8000/15625 loss=2.939823
[rank 0] epoch=27 train_batch=10000/15625 loss=2.985143
[rank 0] epoch=27 train_batch=12000/15625 loss=2.919935
[rank 0] epoch=27 train_batch=14000/15625 loss=2.940974
Training epoch 27
[3.17379052e+01 7.13228840e+00 2.34264245e+02 3.11827885e+00
 1.22147254e+02 2.50672641e-04 8.11995798e+01 1.20177694e+00
 1.28447956e+02 3.94154927e-07 3.06688931e+01 4.50456738e+01
 5.64162790e+01 7.11460379e+00 6.73653966e+00 1.06493787e+01
 1.85609950e+01 2.19943397e+00 4.34315972e+01 1.96475282e+00
 4.55849578e+00 1.75350717e+00 7.09116340e+00 2.05712717e-06
 9.01905715e+00 5.69315577e-01 4.12339716e+00 6.88342020e-07
 8.30483185e-01 4.27342611e+00 5.11651362e+00 1.03374791e+00
 1.43379262e+00 1.62792960e+00 9.67926887e+00 9.92013210e-01
 8.95876970e+00 3.89334543e-01 4.35882075e-01 6.61769647e-02
 6.97983565e-01 2.90866859e-06 1.03035924e+00 3.65097847e-02
 3.60525233e-01 5.18767345e-05 5.74660776e-02 6.14807017e-02
 3.13710852e-01 3.48095709e-02 7.53852207e-02 5.28697228e-02
 4.21486127e-01 3.37324340e-02 3.71939995e-01 8.34348687e-03
 1.68886574e-02 8.09592917e-03 9.01792392e-03 4.26710620e-07
 4.49673341e-02 1.01318526e-04 4.49548413e-02 7.52379367e-09
 8.75592607e-03 8.66271740e-03 5.00172843e-02 3.76428340e-03
 9.27732206e-03 8.43936041e-03 5.28765723e-02 4.39005011e-03
 1.11692647e-01 4.31166033e-03 1.67308200e-02 1.13978082e-02
 2.72060261e-01 8.35258486e-03 6.22738163e-02 3.22240048e-02
 2.89138815e-01 1.46474018e-02 8.25370241e-02 2.88280627e-02
 5.11070384e-01 1.14574847e-02 1.10499196e-01 3.27579743e-02
 4.67360204e-01 1.48362384e-02 3.08913874e-01 9.10414909e-02
 7.52292250e-01 3.39004550e-02 7.89993911e-01 7.38857007e-02
 2.29846039e+00 1.11350305e+00]
train  L_V                   = +0.3468 (17.5%)
 train    L_V_attractive      = +0.2329 (11.7%)
 train      L_V_attractive_charged      = +0.1789 (9.0%)
 train      L_V_attractive_neutral      = +0.0540 (2.7%)
 train    L_V_repulsive       = +0.1139 (5.7%)
 train      L_V_repulsive_charged       = +0.0665 (3.4%)
 train      L_V_repulsive_neutral       = +0.0473 (2.4%)
 train    L_charged_cluster   = +0.0000 (0.0%)
 train  L_beta              = +0.8394 (42.3%)
 train    L_beta_noise        = +0.0000 (0.0%)
 train    L_beta_sig          = +0.1492 (7.5%)
 train    L_beta_suppress     = +0.0000 (0.0%)
 train    L_beta_track        = +0.6902 (34.8%)
 train      L_beta_norms_term   = -0.0181 (-0.9%)
 train      L_beta_logbeta_term = +0.1673 (8.4%)
 train  L_E   = +0.7992 (40.3%)
 train    L_E_charge = +0.0000 (0.0%)
 train    L_E_cond = +0.4557 (23.0%)
 train    L_E_cluster = +0.3435 (17.3%)
 train    L_E_w_photon   = +0.0000 (0.0%)
 train    L_E_w_charged_hadron   = +0.0000 (0.0%)
 train    L_E_w_neutral_hadron   = +0.0000 (0.0%)
 train    L_E_w_muon     = +0.0000 (0.0%)
 train    L_E_w_electron = +0.0000 (0.0%)
learning rate :  [0.00039890465297888624, 0.00039563061276672447, 0.000390213750433216, 0.00038271341425563806, 0.0003732117794866986, 0.00036181294802527074, 0.000348641807854205, 0.0003338426647414537, 0.00031757766119588004, 0.00030002500000000004, 0.0002813769917830063, 0.00026183794802527076, 0.00024162194257901096, 0.00022095046623036733, 0.00020005, 0.00017914953376963274, 0.00015847805742098906, 0.0001382620519747293, 0.00011872300821699378, 0.00010007500000000005, 8.252233880412002e-05, 6.625733525854636e-05, 5.1458192145795003e-05, 3.8287051974729284e-05, 2.688822051330148e-05, 1.7386585744361935e-05, 9.886249566784053e-06, 4.469387233275552e-06]
train loss :  2.9853355884552
test   L_V                   = +1.3195 (43.8%)
    L_V_attractive      = +1.0811 (35.9%)
      L_V_attractive_charged      = +0.4053 (13.5%)
      L_V_attractive_neutral      = +0.6757 (22.4%)
    L_V_repulsive       = +0.2385 (7.9%)
      L_V_repulsive_charged       = +0.1288 (4.3%)
      L_V_repulsive_neutral       = +0.1096 (3.6%)
    L_charged_cluster   = +0.0000 (0.0%)
  L_beta              = +0.8476 (28.1%)
    L_beta_noise        = +0.0000 (0.0%)
    L_beta_sig          = +0.1454 (4.8%)
    L_beta_suppress     = +0.0000 (0.0%)
    L_beta_track        = +0.7021 (23.3%)
      L_beta_norms_term   = -0.0203 (-0.7%)
      L_beta_logbeta_term = +0.1658 (5.5%)
  L_E   = +0.8455 (28.1%)
    L_E_charge = +0.0000 (0.0%)
    L_E_cond = +0.4799 (15.9%)
    L_E_cluster = +0.3657 (12.1%)
    L_E_w_photon   = +0.0000 (0.0%)
    L_E_w_charged_hadron   = +0.0000 (0.0%)
    L_E_w_neutral_hadron   = +0.0000 (0.0%)
    L_E_w_muon     = +0.0000 (0.0%)
    L_E_w_electron = +0.0000 (0.0%)
Returning 4.012622356414795
[rank 0] epoch=28 train_batch=2000/15625 loss=3.018307
[rank 0] epoch=28 train_batch=4000/15625 loss=2.982577
[rank 0] epoch=28 train_batch=6000/15625 loss=2.979844
[rank 0] epoch=28 train_batch=8000/15625 loss=2.929683
[rank 0] epoch=28 train_batch=10000/15625 loss=2.937553
[rank 0] epoch=28 train_batch=12000/15625 loss=2.990781
[rank 0] epoch=28 train_batch=14000/15625 loss=2.930671
Training epoch 28
[3.18147163e+01 7.38048451e+00 2.38090420e+02 3.34683831e+00
 1.24845295e+02 2.88506130e-04 8.37359371e+01 1.28684695e+00
 1.33458845e+02 4.33231607e-07 3.17528410e+01 4.61581666e+01
 6.03902913e+01 7.78376663e+00 7.34508830e+00 1.15250629e+01
 2.13542192e+01 2.51966467e+00 5.16284559e+01 2.32048674e+00
 5.79608165e+00 2.05874925e+00 7.79082242e+00 2.35763771e-06
 1.20063979e+01 6.77924365e-01 5.09347176e+00 1.00625580e-06
 1.01898100e+00 5.29464710e+00 6.00136113e+00 1.20581480e+00
 1.60889030e+00 1.78088833e+00 1.05811421e+01 1.06886942e+00
 9.63394446e+00 4.16435749e-01 4.42286529e-01 6.65680714e-02
 8.92519519e-01 3.11592129e-06 1.06597277e+00 3.71675318e-02
 3.54554379e-01 6.46649265e-05 5.57741572e-02 5.63569083e-02
 2.87957725e-01 3.14729351e-02 6.37847097e-02 4.72963954e-02
 3.54220700e-01 3.02705483e-02 3.50237201e-01 7.95770825e-03
 1.51892309e-02 7.49572471e-03 8.62899844e-03 4.68677539e-07
 4.95530247e-02 1.24474857e-04 5.19203449e-02 8.75967035e-09
 9.51024083e-03 8.58978550e-03 5.49254849e-02 3.73970940e-03
 9.25118788e-03 8.35340502e-03 5.28921847e-02 4.42736252e-03
 1.14237960e-01 4.46861560e-03 1.65950221e-02 1.03072716e-02
 2.50968505e-01 7.59956500e-03 5.89236981e-02 2.94256694e-02
 2.70873046e-01 1.38519967e-02 8.04829403e-02 2.73497934e-02
 5.08990006e-01 1.14497282e-02 1.12117559e-01 3.41443212e-02
 4.76245766e-01 1.57373768e-02 3.09996683e-01 9.17825625e-02
 7.53025190e-01 3.39390486e-02 7.92902273e-01 7.32048416e-02
 2.24865089e+00 1.07734391e+00]
train  L_V                   = +0.3465 (17.5%)
 train    L_V_attractive      = +0.2328 (11.7%)
 train      L_V_attractive_charged      = +0.1790 (9.0%)
 train      L_V_attractive_neutral      = +0.0537 (2.7%)
 train    L_V_repulsive       = +0.1138 (5.7%)
 train      L_V_repulsive_charged       = +0.0665 (3.4%)
 train      L_V_repulsive_neutral       = +0.0473 (2.4%)
 train    L_charged_cluster   = +0.0000 (0.0%)
 train  L_beta              = +0.8387 (42.3%)
 train    L_beta_noise        = +0.0000 (0.0%)
 train    L_beta_sig          = +0.1486 (7.5%)
 train    L_beta_suppress     = +0.0000 (0.0%)
 train    L_beta_track        = +0.6900 (34.8%)
 train      L_beta_norms_term   = -0.0182 (-0.9%)
 train      L_beta_logbeta_term = +0.1668 (8.4%)
 train  L_E   = +0.7973 (40.2%)
 train    L_E_charge = +0.0000 (0.0%)
 train    L_E_cond = +0.4543 (22.9%)
 train    L_E_cluster = +0.3430 (17.3%)
 train    L_E_w_photon   = +0.0000 (0.0%)
 train    L_E_w_charged_hadron   = +0.0000 (0.0%)
 train    L_E_w_neutral_hadron   = +0.0000 (0.0%)
 train    L_E_w_muon     = +0.0000 (0.0%)
 train    L_E_w_electron = +0.0000 (0.0%)
learning rate :  [0.00039890465297888624, 0.00039563061276672447, 0.000390213750433216, 0.00038271341425563806, 0.0003732117794866986, 0.00036181294802527074, 0.000348641807854205, 0.0003338426647414537, 0.00031757766119588004, 0.00030002500000000004, 0.0002813769917830063, 0.00026183794802527076, 0.00024162194257901096, 0.00022095046623036733, 0.00020005, 0.00017914953376963274, 0.00015847805742098906, 0.0001382620519747293, 0.00011872300821699378, 0.00010007500000000005, 8.252233880412002e-05, 6.625733525854636e-05, 5.1458192145795003e-05, 3.8287051974729284e-05, 2.688822051330148e-05, 1.7386585744361935e-05, 9.886249566784053e-06, 4.469387233275552e-06, 1.1953470211137557e-06]
train loss :  2.982438087463379
test   L_V                   = +33.2971 (95.2%)
    L_V_attractive      = +32.6466 (93.4%)
      L_V_attractive_charged      = +10.2253 (29.2%)
      L_V_attractive_neutral      = +22.4213 (64.1%)
    L_V_repulsive       = +0.6505 (1.9%)
      L_V_repulsive_charged       = +0.3044 (0.9%)
      L_V_repulsive_neutral       = +0.3461 (1.0%)
    L_charged_cluster   = +0.0000 (0.0%)
  L_beta              = +0.8459 (2.4%)
    L_beta_noise        = +0.0000 (0.0%)
    L_beta_sig          = +0.1436 (0.4%)
    L_beta_suppress     = +0.0000 (0.0%)
    L_beta_track        = +0.7023 (2.0%)
      L_beta_norms_term   = -0.0202 (-0.1%)
      L_beta_logbeta_term = +0.1638 (0.5%)
  L_E   = +0.8165 (2.3%)
    L_E_charge = +0.0000 (0.0%)
    L_E_cond = +0.4571 (1.3%)
    L_E_cluster = +0.3593 (1.0%)
    L_E_w_photon   = +0.0000 (0.0%)
    L_E_w_charged_hadron   = +0.0000 (0.0%)
    L_E_w_neutral_hadron   = +0.0000 (0.0%)
    L_E_w_muon     = +0.0000 (0.0%)
    L_E_w_electron = +0.0000 (0.0%)
Returning 35.95943069458008
[rank 0] epoch=29 train_batch=2000/15625 loss=2.984957
[rank 0] epoch=29 train_batch=4000/15625 loss=3.065041
[rank 0] epoch=29 train_batch=6000/15625 loss=2.969367
[rank 0] epoch=29 train_batch=8000/15625 loss=2.970653
[rank 0] epoch=29 train_batch=10000/15625 loss=2.989725
[rank 0] epoch=29 train_batch=12000/15625 loss=2.986162
[rank 0] epoch=29 train_batch=14000/15625 loss=2.921624
Training epoch 29
[3.17552045e+01 7.24743918e+00 2.36623464e+02 3.42870294e+00
 1.23982652e+02 2.89966445e-04 8.24298259e+01 1.32352852e+00
 1.32436495e+02 4.40695146e-07 3.13845144e+01 4.59294103e+01
 6.09391815e+01 7.88958373e+00 7.47845747e+00 1.16527803e+01
 2.23006801e+01 2.62640536e+00 5.28699648e+01 2.37046079e+00
 5.98287995e+00 2.13689173e+00 7.88741192e+00 2.40243689e-06
 1.25372956e+01 6.98620836e-01 5.20225438e+00 1.04076473e-06
 1.04506029e+00 5.32669436e+00 6.11398708e+00 1.15963233e+00
 1.60359375e+00 1.77617506e+00 1.05476182e+01 1.05441665e+00
 9.69918754e+00 4.20358805e-01 4.34939392e-01 6.38228705e-02
 9.10311282e-01 3.00579798e-06 1.03977811e+00 3.56161601e-02
 3.44075992e-01 6.60260052e-05 5.44842951e-02 5.45166218e-02
 2.79207925e-01 3.03053681e-02 6.10442983e-02 4.40564692e-02
 3.38488373e-01 2.80979186e-02 3.35867063e-01 7.45461135e-03
 1.44834801e-02 7.38743974e-03 7.95250491e-03 4.46817119e-07
 4.57724708e-02 9.62259132e-05 4.59184158e-02 8.47991169e-09
 8.33998107e-03 7.91801077e-03 4.71192846e-02 3.41979548e-03
 8.49704643e-03 7.59169725e-03 4.83872782e-02 3.99101800e-03
 1.05262931e-01 4.21000670e-03 1.58833184e-02 1.01443430e-02
 2.42949478e-01 7.29253707e-03 5.89418005e-02 2.78675595e-02
 2.68554388e-01 1.31577474e-02 7.78877685e-02 2.60544594e-02
 5.08019232e-01 1.08624275e-02 1.11865529e-01 3.39634447e-02
 4.80739707e-01 1.56255320e-02 3.12568646e-01 9.26240917e-02
 7.59719541e-01 3.41478311e-02 7.91866224e-01 7.26216905e-02
 2.22337853e+00 1.05883929e+00]
train  L_V                   = +0.3464 (17.5%)
 train    L_V_attractive      = +0.2330 (11.8%)
 train      L_V_attractive_charged      = +0.1792 (9.0%)
 train      L_V_attractive_neutral      = +0.0537 (2.7%)
 train    L_V_repulsive       = +0.1135 (5.7%)
 train      L_V_repulsive_charged       = +0.0663 (3.3%)
 train      L_V_repulsive_neutral       = +0.0472 (2.4%)
 train    L_charged_cluster   = +0.0000 (0.0%)
 train  L_beta              = +0.8381 (42.3%)
 train    L_beta_noise        = +0.0000 (0.0%)
 train    L_beta_sig          = +0.1484 (7.5%)
 train    L_beta_suppress     = +0.0000 (0.0%)
 train    L_beta_track        = +0.6898 (34.8%)
 train      L_beta_norms_term   = -0.0183 (-0.9%)
 train      L_beta_logbeta_term = +0.1666 (8.4%)
 train  L_E   = +0.7965 (40.2%)
 train    L_E_charge = +0.0000 (0.0%)
 train    L_E_cond = +0.4538 (22.9%)
 train    L_E_cluster = +0.3427 (17.3%)
 train    L_E_w_photon   = +0.0000 (0.0%)
 train    L_E_w_charged_hadron   = +0.0000 (0.0%)
 train    L_E_w_neutral_hadron   = +0.0000 (0.0%)
 train    L_E_w_muon     = +0.0000 (0.0%)
 train    L_E_w_electron = +0.0000 (0.0%)
learning rate :  [0.00039890465297888624, 0.00039563061276672447, 0.000390213750433216, 0.00038271341425563806, 0.0003732117794866986, 0.00036181294802527074, 0.000348641807854205, 0.0003338426647414537, 0.00031757766119588004, 0.00030002500000000004, 0.0002813769917830063, 0.00026183794802527076, 0.00024162194257901096, 0.00022095046623036733, 0.00020005, 0.00017914953376963274, 0.00015847805742098906, 0.0001382620519747293, 0.00011872300821699378, 0.00010007500000000005, 8.252233880412002e-05, 6.625733525854636e-05, 5.1458192145795003e-05, 3.8287051974729284e-05, 2.688822051330148e-05, 1.7386585744361935e-05, 9.886249566784053e-06, 4.469387233275552e-06, 1.1953470211137557e-06, 1e-07]
train loss :  2.9810447692871094
test   L_V                   = +78.3984 (97.9%)
    L_V_attractive      = +78.2449 (97.7%)
      L_V_attractive_charged      = +36.9399 (46.1%)
      L_V_attractive_neutral      = +41.3049 (51.6%)
    L_V_repulsive       = +0.1536 (0.2%)
      L_V_repulsive_charged       = +0.0868 (0.1%)
      L_V_repulsive_neutral       = +0.0668 (0.1%)
    L_charged_cluster   = +0.0000 (0.0%)
  L_beta              = +0.8483 (1.1%)
    L_beta_noise        = +0.0000 (0.0%)
    L_beta_sig          = +0.1460 (0.2%)
    L_beta_suppress     = +0.0000 (0.0%)
    L_beta_track        = +0.7024 (0.9%)
      L_beta_norms_term   = -0.0192 (-0.0%)
      L_beta_logbeta_term = +0.1652 (0.2%)
  L_E   = +0.8052 (1.0%)
    L_E_charge = +0.0000 (0.0%)
    L_E_cond = +0.4611 (0.6%)
    L_E_cluster = +0.3442 (0.4%)
    L_E_w_photon   = +0.0000 (0.0%)
    L_E_w_charged_hadron   = +0.0000 (0.0%)
    L_E_w_neutral_hadron   = +0.0000 (0.0%)
    L_E_w_muon     = +0.0000 (0.0%)
    L_E_w_electron = +0.0000 (0.0%)
Returning 81.052001953125
[rank 0] epoch=30 train_batch=2000/15625 loss=3.000329
[rank 0] epoch=30 train_batch=4000/15625 loss=2.937123
[rank 0] epoch=30 train_batch=6000/15625 loss=3.022896
[rank 0] epoch=30 train_batch=8000/15625 loss=3.025580
[rank 0] epoch=30 train_batch=10000/15625 loss=3.008854
[rank 0] epoch=30 train_batch=12000/15625 loss=3.009932
[rank 0] epoch=30 train_batch=14000/15625 loss=3.047832
Training epoch 30
[2.23210614e+01 1.92254475e+00 9.92312359e+01 1.06813487e+00
 4.42432784e+01 1.54036723e-04 2.83739061e+01 4.45148580e-01
 4.25706387e+01 2.07212506e-07 9.04003364e+00 1.80732809e+01
 1.40093865e+01 2.64260754e+00 1.82898819e+00 3.61752709e+00
 4.33330123e+00 6.18157093e-01 8.85273293e+00 4.11902489e-01
 7.60828336e-01 5.83428354e-01 1.31178741e+00 3.35849912e-07
 1.26619062e+00 1.72655387e-01 6.94623386e-01 5.86383234e-08
 1.13095799e-01 5.77273023e-01 4.36289287e-01 8.33503989e-02
 1.06514973e-01 1.26336331e-01 6.47980924e-01 6.25206720e-02
 8.75688454e-01 3.37929389e-02 6.82898710e-02 2.34297863e-02
 1.55895190e-01 2.55528338e-07 1.54423773e-01 1.06775627e-02
 9.11856551e-02 3.01031186e-06 2.11429594e-02 2.16698870e-02
 1.09980336e-01 1.09369374e-02 2.52182378e-02 2.00761550e-02
 1.26459070e-01 1.19435704e-02 1.62268588e-01 5.72756703e-03
 1.09694159e-02 7.03897752e-03 2.71705562e-03 6.70484501e-08
 2.16875669e-02 7.04149504e-05 2.28396379e-02 1.86135473e-09
 3.65513760e-03 3.63094711e-03 2.02842111e-02 1.40956639e-03
 3.46506621e-03 3.21055734e-03 2.00395559e-02 1.58181000e-03
 5.42121738e-02 2.36243054e-03 8.77436279e-03 9.56689337e-03
 2.23716901e-01 8.01622268e-03 3.81651954e-02 2.21316342e-02
 1.81182763e-01 9.66335751e-03 5.09483245e-02 2.02204873e-02
 2.39634726e-01 8.09951207e-03 6.90076244e-02 2.23000819e-02
 2.65345836e-01 9.74409413e-03 2.74279860e-01 8.85573222e-02
 6.01264928e-01 3.88861672e-02 8.14698872e-01 9.47940989e-02
 3.73979961e+00 2.09839120e+00]
train  L_V                   = +0.3495 (17.2%)
 train    L_V_attractive      = +0.2306 (11.3%)
 train      L_V_attractive_charged      = +0.1763 (8.7%)
 train      L_V_attractive_neutral      = +0.0543 (2.7%)
 train    L_V_repulsive       = +0.1189 (5.8%)
 train      L_V_repulsive_charged       = +0.0693 (3.4%)
 train      L_V_repulsive_neutral       = +0.0496 (2.4%)
 train    L_charged_cluster   = +0.0000 (0.0%)
 train  L_beta              = +0.8532 (41.9%)
 train    L_beta_noise        = +0.0000 (0.0%)
 train    L_beta_sig          = +0.1565 (7.7%)
 train    L_beta_suppress     = +0.0000 (0.0%)
 train    L_beta_track        = +0.6968 (34.2%)
 train      L_beta_norms_term   = -0.0177 (-0.9%)
 train      L_beta_logbeta_term = +0.1741 (8.5%)
 train  L_E   = +0.8344 (41.0%)
 train    L_E_charge = +0.0000 (0.0%)
 train    L_E_cond = +0.4803 (23.6%)
 train    L_E_cluster = +0.3542 (17.4%)
 train    L_E_w_photon   = +0.0000 (0.0%)
 train    L_E_w_charged_hadron   = +0.0000 (0.0%)
 train    L_E_w_neutral_hadron   = +0.0000 (0.0%)
 train    L_E_w_muon     = +0.0000 (0.0%)
 train    L_E_w_electron = +0.0000 (0.0%)
learning rate :  [0.00039890465297888624, 0.00039563061276672447, 0.000390213750433216, 0.00038271341425563806, 0.0003732117794866986, 0.00036181294802527074, 0.000348641807854205, 0.0003338426647414537, 0.00031757766119588004, 0.00030002500000000004, 0.0002813769917830063, 0.00026183794802527076, 0.00024162194257901096, 0.00022095046623036733, 0.00020005, 0.00017914953376963274, 0.00015847805742098906, 0.0001382620519747293, 0.00011872300821699378, 0.00010007500000000005, 8.252233880412002e-05, 6.625733525854636e-05, 5.1458192145795003e-05, 3.8287051974729284e-05, 2.688822051330148e-05, 1.7386585744361935e-05, 9.886249566784053e-06, 4.469387233275552e-06, 1.1953470211137557e-06, 1e-07, 0.0003990946109184883]
train loss :  3.037210702896118
test   L_V                   = +3.1356 (66.1%)
    L_V_attractive      = +3.0084 (63.4%)
      L_V_attractive_charged      = +0.2628 (5.5%)
      L_V_attractive_neutral      = +2.7456 (57.9%)
    L_V_repulsive       = +0.1272 (2.7%)
      L_V_repulsive_charged       = +0.0727 (1.5%)
      L_V_repulsive_neutral       = +0.0545 (1.1%)
    L_charged_cluster   = +0.0000 (0.0%)
  L_beta              = +0.8494 (17.9%)
    L_beta_noise        = +0.0000 (0.0%)
    L_beta_sig          = +0.1452 (3.1%)
    L_beta_suppress     = +0.0000 (0.0%)
    L_beta_track        = +0.7042 (14.8%)
      L_beta_norms_term   = -0.0182 (-0.4%)
      L_beta_logbeta_term = +0.1634 (3.4%)
  L_E   = +0.7605 (16.0%)
    L_E_charge = +0.0000 (0.0%)
    L_E_cond = +0.4299 (9.1%)
    L_E_cluster = +0.3306 (7.0%)
    L_E_w_photon   = +0.0000 (0.0%)
    L_E_w_charged_hadron   = +0.0000 (0.0%)
    L_E_w_neutral_hadron   = +0.0000 (0.0%)
    L_E_w_muon     = +0.0000 (0.0%)
    L_E_w_electron = +0.0000 (0.0%)
Returning 5.745473861694336
[rank 0] epoch=31 train_batch=2000/15625 loss=3.116366
[rank 0] epoch=31 train_batch=4000/15625 loss=2.927729
[rank 0] epoch=31 train_batch=6000/15625 loss=2.891827
[rank 0] epoch=31 train_batch=8000/15625 loss=2.937026
[rank 0] epoch=31 train_batch=10000/15625 loss=2.873878
[rank 0] epoch=31 train_batch=12000/15625 loss=2.898190
[rank 0] epoch=31 train_batch=14000/15625 loss=2.990364
Training epoch 31
[8.51600350e+00 3.95260699e-01 1.73332509e+01 1.46179895e-01
 5.69495978e+00 6.17031066e-06 5.99883500e+00 7.60610501e-02
 5.39474405e+00 1.81879342e-08 1.60406219e+00 2.90375261e+00
 9.10660602e+00 3.30331840e-01 2.73309880e-01 4.37156421e-01
 1.58053044e+00 1.35501150e-01 4.43444893e+00 1.29905391e-01
 1.90696792e-01 1.03910272e-01 2.36061752e-01 4.68022413e-08
 3.10176401e-01 2.70584693e-02 1.48530724e-01 6.17051810e-09
 2.00678344e-02 1.02232005e-01 2.19953041e-02 8.18665349e-03
 3.59241079e-03 9.11349649e-03 1.05578367e-02 1.63816898e-03
 3.36728224e-02 1.71961476e-03 1.27150253e-02 6.41819261e-03
 7.35382743e-03 4.15157409e-09 1.04043837e-02 9.45400776e-04
 9.35349589e-03 2.82320672e-09 2.62625916e-03 1.88208049e-03
 1.21367555e-02 9.74762893e-04 3.24829863e-03 2.44231118e-03
 1.39729772e-02 1.11290084e-03 2.59330040e-02 1.28477235e-03
 5.77945915e-03 5.52249176e-03 3.13132483e-04 9.43008422e-10
 1.08747359e-03 3.21710852e-05 7.70663992e-03 1.17058528e-10
 9.00902090e-04 7.72187540e-04 3.88909536e-03 3.12815211e-04
 8.25212151e-04 8.17519569e-04 3.87020904e-03 3.33953832e-04
 1.06761979e-02 5.24175151e-04 2.82469428e-03 7.22236386e-03
 1.72115410e-01 6.01029530e-03 4.04942095e-02 2.07904837e-02
 1.77610342e-01 8.43122799e-03 5.37107149e-02 2.14146706e-02
 2.08317651e-01 7.72762571e-03 7.78127433e-02 2.32714644e-02
 2.20277645e-01 9.45916740e-03 2.64237822e-01 1.03639992e-01
 6.51552866e-01 5.07312545e-02 8.01983381e-01 9.80607627e-02
 4.72677186e+00 2.61272258e+00]
train  L_V                   = +0.3483 (17.5%)
 train    L_V_attractive      = +0.2308 (11.6%)
 train      L_V_attractive_charged      = +0.1746 (8.8%)
 train      L_V_attractive_neutral      = +0.0562 (2.8%)
 train    L_V_repulsive       = +0.1175 (5.9%)
 train      L_V_repulsive_charged       = +0.0673 (3.4%)
 train      L_V_repulsive_neutral       = +0.0502 (2.5%)
 train    L_charged_cluster   = +0.0000 (0.0%)
 train  L_beta              = +0.8506 (42.8%)
 train    L_beta_noise        = +0.0000 (0.0%)
 train    L_beta_sig          = +0.1533 (7.7%)
 train    L_beta_suppress     = +0.0000 (0.0%)
 train    L_beta_track        = +0.6973 (35.1%)
 train      L_beta_norms_term   = -0.0174 (-0.9%)
 train      L_beta_logbeta_term = +0.1707 (8.6%)
 train  L_E   = +0.7896 (39.7%)
 train    L_E_charge = +0.0000 (0.0%)
 train    L_E_cond = +0.4677 (23.5%)
 train    L_E_cluster = +0.3219 (16.2%)
 train    L_E_w_photon   = +0.0000 (0.0%)
 train    L_E_w_charged_hadron   = +0.0000 (0.0%)
 train    L_E_w_neutral_hadron   = +0.0000 (0.0%)
 train    L_E_w_muon     = +0.0000 (0.0%)
 train    L_E_w_electron = +0.0000 (0.0%)
learning rate :  [0.00039890465297888624, 0.00039563061276672447, 0.000390213750433216, 0.00038271341425563806, 0.0003732117794866986, 0.00036181294802527074, 0.000348641807854205, 0.0003338426647414537, 0.00031757766119588004, 0.00030002500000000004, 0.0002813769917830063, 0.00026183794802527076, 0.00024162194257901096, 0.00022095046623036733, 0.00020005, 0.00017914953376963274, 0.00015847805742098906, 0.0001382620519747293, 0.00011872300821699378, 0.00010007500000000005, 8.252233880412002e-05, 6.625733525854636e-05, 5.1458192145795003e-05, 3.8287051974729284e-05, 2.688822051330148e-05, 1.7386585744361935e-05, 9.886249566784053e-06, 4.469387233275552e-06, 1.1953470211137557e-06, 1e-07, 0.0003990946109184883, 0.0003963866430176782]
train loss :  2.988558292388916
test   L_V                   = +39100.5391 (100.0%)
    L_V_attractive      = +39100.4883 (100.0%)
      L_V_attractive_charged      = +38058.9609 (97.3%)
      L_V_attractive_neutral      = +1041.5457 (2.7%)
    L_V_repulsive       = +0.1392 (0.0%)
      L_V_repulsive_charged       = +0.0729 (0.0%)
      L_V_repulsive_neutral       = +0.0663 (0.0%)
    L_charged_cluster   = +0.0000 (0.0%)
  L_beta              = +0.8805 (0.0%)
    L_beta_noise        = +0.0000 (0.0%)
    L_beta_sig          = +0.1713 (0.0%)
    L_beta_suppress     = +0.0000 (0.0%)
    L_beta_track        = +0.7092 (0.0%)
      L_beta_norms_term   = -0.0166 (-0.0%)
      L_beta_logbeta_term = +0.1879 (0.0%)
  L_E   = +0.8524 (0.0%)
    L_E_charge = +0.0000 (0.0%)
    L_E_cond = +0.5246 (0.0%)
    L_E_cluster = +0.3278 (0.0%)
    L_E_w_photon   = +0.0000 (0.0%)
    L_E_w_charged_hadron   = +0.0000 (0.0%)
    L_E_w_neutral_hadron   = +0.0000 (0.0%)
    L_E_w_muon     = +0.0000 (0.0%)
    L_E_w_electron = +0.0000 (0.0%)
Returning 39103.26953125
[rank 0] epoch=32 train_batch=2000/15625 loss=2.931514
[rank 0] epoch=32 train_batch=4000/15625 loss=2.937742
[rank 0] epoch=32 train_batch=6000/15625 loss=2.868006
[rank 0] epoch=32 train_batch=8000/15625 loss=2.955143
[rank 0] epoch=32 train_batch=10000/15625 loss=2.942133
[rank 0] epoch=32 train_batch=12000/15625 loss=2.893158
[rank 0] epoch=32 train_batch=14000/15625 loss=2.874158
Training epoch 32
[5.31235154e+00 1.54677187e-01 8.27168223e+00 6.07377563e-02
 2.32724207e+00 2.95004595e-06 1.82662786e+00 2.85152238e-02
 2.27616684e+00 8.76160412e-09 9.62547145e-01 1.35808741e+00
 7.48824139e+00 1.59723285e-01 1.78365955e-01 2.13880049e-01
 1.22070488e+00 8.92297909e-02 3.58839390e+00 8.54573679e-02
 1.03799063e-01 5.67735074e-02 1.21769387e-01 1.79380474e-08
 1.47796778e-01 1.36474570e-02 9.29517807e-02 1.84796328e-09
 9.64209675e-03 5.01128517e-02 8.47072481e-03 3.57733283e-03
 1.23308654e-03 3.79013270e-03 2.43559132e-03 4.98478492e-04
 1.36268717e-02 7.36105463e-04 1.07913380e-02 3.96862345e-03
 2.04419161e-03 3.22072957e-10 1.87560221e-03 2.84498401e-04
 1.66537918e-03 8.94592450e-11 5.30096129e-04 5.67721802e-04
 2.07284856e-03 2.06895025e-04 7.63930572e-04 7.59427206e-04
 3.09711267e-03 3.29329140e-04 8.20032805e-03 4.11097158e-04
 4.10167450e-03 3.64881375e-03 8.02323986e-05 6.61999210e-11
 3.74525216e-05 3.23524716e-06 8.59789747e-04 4.04813604e-11
 1.08246811e-04 1.69233937e-04 3.62248664e-04 4.18652791e-05
 1.13342882e-04 1.25973693e-04 5.65739835e-04 4.97748504e-05
 2.41048457e-03 1.22897642e-04 1.52728891e-03 4.89637462e-03
 1.61468050e-01 4.32664904e-03 3.61220454e-02 1.46981305e-02
 1.45620070e-01 5.43333352e-03 4.67879473e-02 1.89380190e-02
 1.62259269e-01 6.15353334e-03 6.76946194e-02 2.30986996e-02
 1.91375584e-01 8.49146026e-03 3.42939217e-01 1.15155586e-01
 6.58534400e-01 5.06368830e-02 8.55936372e-01 9.56332319e-02
 4.92506413e+00 2.83725658e+00]
train  L_V                   = +0.3539 (18.4%)
 train    L_V_attractive      = +0.2394 (12.5%)
 train      L_V_attractive_charged      = +0.1855 (9.7%)
 train      L_V_attractive_neutral      = +0.0539 (2.8%)
 train    L_V_repulsive       = +0.1145 (6.0%)
 train      L_V_repulsive_charged       = +0.0645 (3.4%)
 train      L_V_repulsive_neutral       = +0.0499 (2.6%)
 train    L_charged_cluster   = +0.0000 (0.0%)
 train  L_beta              = +0.8298 (43.2%)
 train    L_beta_noise        = +0.0000 (0.0%)
 train    L_beta_sig          = +0.1434 (7.5%)
 train    L_beta_suppress     = +0.0000 (0.0%)
 train    L_beta_track        = +0.6864 (35.7%)
 train      L_beta_norms_term   = -0.0181 (-0.9%)
 train      L_beta_logbeta_term = +0.1615 (8.4%)
 train  L_E   = +0.7386 (38.4%)
 train    L_E_charge = +0.0000 (0.0%)
 train    L_E_cond = +0.4416 (23.0%)
 train    L_E_cluster = +0.2970 (15.5%)
 train    L_E_w_photon   = +0.0000 (0.0%)
 train    L_E_w_charged_hadron   = +0.0000 (0.0%)
 train    L_E_w_neutral_hadron   = +0.0000 (0.0%)
 train    L_E_w_muon     = +0.0000 (0.0%)
 train    L_E_w_electron = +0.0000 (0.0%)
learning rate :  [0.00039890465297888624, 0.00039563061276672447, 0.000390213750433216, 0.00038271341425563806, 0.0003732117794866986, 0.00036181294802527074, 0.000348641807854205, 0.0003338426647414537, 0.00031757766119588004, 0.00030002500000000004, 0.0002813769917830063, 0.00026183794802527076, 0.00024162194257901096, 0.00022095046623036733, 0.00020005, 0.00017914953376963274, 0.00015847805742098906, 0.0001382620519747293, 0.00011872300821699378, 0.00010007500000000005, 8.252233880412002e-05, 6.625733525854636e-05, 5.1458192145795003e-05, 3.8287051974729284e-05, 2.688822051330148e-05, 1.7386585744361935e-05, 9.886249566784053e-06, 4.469387233275552e-06, 1.1953470211137557e-06, 1e-07, 0.0003990946109184883, 0.0003963866430176782, 0.0003919006200742188]
train loss :  2.922272205352783
test   L_V                   = +0.3513 (15.0%)
    L_V_attractive      = +0.2354 (10.1%)
      L_V_attractive_charged      = +0.1917 (8.2%)
      L_V_attractive_neutral      = +0.0436 (1.9%)
    L_V_repulsive       = +0.1159 (5.0%)
      L_V_repulsive_charged       = +0.0588 (2.5%)
      L_V_repulsive_neutral       = +0.0571 (2.4%)
    L_charged_cluster   = +0.0000 (0.0%)
  L_beta              = +0.9467 (40.5%)
    L_beta_noise        = +0.0000 (0.0%)
    L_beta_sig          = +0.2052 (8.8%)
    L_beta_suppress     = +0.0000 (0.0%)
    L_beta_track        = +0.7415 (31.7%)
      L_beta_norms_term   = -0.0151 (-0.6%)
      L_beta_logbeta_term = +0.2203 (9.4%)
  L_E   = +1.0383 (44.4%)
    L_E_charge = +0.0000 (0.0%)
    L_E_cond = +0.6865 (29.4%)
    L_E_cluster = +0.3518 (15.1%)
    L_E_w_photon   = +0.0000 (0.0%)
    L_E_w_charged_hadron   = +0.0000 (0.0%)
    L_E_w_neutral_hadron   = +0.0000 (0.0%)
    L_E_w_muon     = +0.0000 (0.0%)
    L_E_w_electron = +0.0000 (0.0%)
Returning 3.3362505435943604
[rank 0] epoch=33 train_batch=2000/15625 loss=2.856915
[rank 0] epoch=33 train_batch=4000/15625 loss=2.888119
[rank 0] epoch=33 train_batch=6000/15625 loss=2.887234
[rank 0] epoch=33 train_batch=8000/15625 loss=2.913771
[rank 0] epoch=33 train_batch=10000/15625 loss=3.916708
[rank 0] epoch=33 train_batch=12000/15625 loss=3.092148
[rank 0] epoch=33 train_batch=14000/15625 loss=3.035889
Training epoch 33
[3.71905734e+00 1.36542891e-01 6.85618568e+00 5.78308913e-02
 2.26722790e+00 2.30321462e-06 1.69595619e+00 2.44734597e-02
 2.27034636e+00 1.10237037e-08 9.71114553e-01 1.23079986e+00
 7.19367954e+00 1.86111463e-01 2.55532016e-01 2.53403753e-01
 1.51434993e+00 1.17257226e-01 4.21199513e+00 9.70900731e-02
 1.21232250e-01 7.57345670e-02 2.00418728e-01 4.81175282e-08
 1.85260957e-01 1.78613526e-02 1.41614421e-01 6.70535860e-09
 2.37111695e-02 5.25068608e-02 4.61393361e-02 7.69498138e-03
 9.58862414e-03 1.34902711e-02 3.50334178e-02 4.04417165e-03
 6.19767956e-02 3.07208263e-03 2.11990945e-02 7.50527404e-03
 8.67542755e-03 3.37217531e-08 1.47262674e-02 9.28039712e-04
 1.29591124e-02 5.21091017e-09 4.10284594e-03 3.14880352e-03
 1.74532002e-02 1.43210751e-03 5.30424270e-03 4.61757035e-03
 2.06297752e-02 1.96674882e-03 3.53497521e-02 1.56824442e-03
 9.61758447e-03 6.03180658e-03 3.31383112e-04 6.46499451e-10
 6.32687662e-04 4.02434954e-05 1.12913190e-02 1.40972340e-10
 1.24767985e-03 1.60827112e-03 4.99474289e-03 4.14068475e-04
 8.66796772e-04 9.30156482e-04 4.09752684e-03 3.44283618e-04
 1.29458550e-02 6.49598453e-04 4.32422285e-03 8.07263426e-03
 2.38770339e-01 6.73264144e-03 5.14106541e-02 2.92991584e-02
 2.06433335e-01 1.15545407e-02 5.77624197e-02 2.84526733e-02
 2.09296369e-01 1.01363556e-02 6.49283493e-02 2.78969593e-02
 1.90232512e-01 1.03726969e-02 3.42688592e-01 1.23367419e-01
 6.04924753e-01 5.72975958e-02 7.70343266e-01 9.16218309e-02
 4.33473475e+00 2.60479194e+00]
train  L_V                   = +0.3549 (18.0%)
 train    L_V_attractive      = +0.2304 (11.7%)
 train      L_V_attractive_charged      = +0.1768 (8.9%)
 train      L_V_attractive_neutral      = +0.0536 (2.7%)
 train    L_V_repulsive       = +0.1245 (6.3%)
 train      L_V_repulsive_charged       = +0.0692 (3.5%)
 train      L_V_repulsive_neutral       = +0.0553 (2.8%)
 train    L_charged_cluster   = +0.0000 (0.0%)
 train  L_beta              = +0.8477 (42.9%)
 train    L_beta_noise        = +0.0000 (0.0%)
 train    L_beta_sig          = +0.1490 (7.5%)
 train    L_beta_suppress     = +0.0000 (0.0%)
 train    L_beta_track        = +0.6987 (35.4%)
 train      L_beta_norms_term   = -0.0191 (-1.0%)
 train      L_beta_logbeta_term = +0.1681 (8.5%)
 train  L_E   = +0.7725 (39.1%)
 train    L_E_charge = +0.0000 (0.0%)
 train    L_E_cond = +0.4629 (23.4%)
 train    L_E_cluster = +0.3096 (15.7%)
 train    L_E_w_photon   = +0.0000 (0.0%)
 train    L_E_w_charged_hadron   = +0.0000 (0.0%)
 train    L_E_w_neutral_hadron   = +0.0000 (0.0%)
 train    L_E_w_muon     = +0.0000 (0.0%)
 train    L_E_w_electron = +0.0000 (0.0%)
learning rate :  [0.00039890465297888624, 0.00039563061276672447, 0.000390213750433216, 0.00038271341425563806, 0.0003732117794866986, 0.00036181294802527074, 0.000348641807854205, 0.0003338426647414537, 0.00031757766119588004, 0.00030002500000000004, 0.0002813769917830063, 0.00026183794802527076, 0.00024162194257901096, 0.00022095046623036733, 0.00020005, 0.00017914953376963274, 0.00015847805742098906, 0.0001382620519747293, 0.00011872300821699378, 0.00010007500000000005, 8.252233880412002e-05, 6.625733525854636e-05, 5.1458192145795003e-05, 3.8287051974729284e-05, 2.688822051330148e-05, 1.7386585744361935e-05, 9.886249566784053e-06, 4.469387233275552e-06, 1.1953470211137557e-06, 1e-07, 0.0003990946109184883, 0.0003963866430176782, 0.0003919006200742188, 0.0003856771682065637]
train loss :  2.975106716156006
test   L_V                   = +37.3805 (95.5%)
    L_V_attractive      = +37.2258 (95.1%)
      L_V_attractive_charged      = +11.6247 (29.7%)
      L_V_attractive_neutral      = +25.6011 (65.4%)
    L_V_repulsive       = +0.1547 (0.4%)
      L_V_repulsive_charged       = +0.0836 (0.2%)
      L_V_repulsive_neutral       = +0.0711 (0.2%)
    L_charged_cluster   = +0.0000 (0.0%)
  L_beta              = +0.8480 (2.2%)
    L_beta_noise        = +0.0000 (0.0%)
    L_beta_sig          = +0.1409 (0.4%)
    L_beta_suppress     = +0.0000 (0.0%)
    L_beta_track        = +0.7071 (1.8%)
      L_beta_norms_term   = -0.0210 (-0.1%)
      L_beta_logbeta_term = +0.1619 (0.4%)
  L_E   = +0.9223 (2.4%)
    L_E_charge = +0.0000 (0.0%)
    L_E_cond = +0.4994 (1.3%)
    L_E_cluster = +0.4229 (1.1%)
    L_E_w_photon   = +0.0000 (0.0%)
    L_E_w_charged_hadron   = +0.0000 (0.0%)
    L_E_w_neutral_hadron   = +0.0000 (0.0%)
    L_E_w_muon     = +0.0000 (0.0%)
    L_E_w_electron = +0.0000 (0.0%)
Returning 40.15085983276367
[rank 0] epoch=34 train_batch=2000/15625 loss=2.812508
[rank 0] epoch=34 train_batch=4000/15625 loss=2.974351
[rank 0] epoch=34 train_batch=6000/15625 loss=2.957937
[rank 0] epoch=34 train_batch=8000/15625 loss=3.036730
[rank 0] epoch=34 train_batch=10000/15625 loss=2.903994
[rank 0] epoch=34 train_batch=12000/15625 loss=3.070418
[rank 0] epoch=34 train_batch=14000/15625 loss=2.865348
Training epoch 34
[1.17152864e+00 5.26329552e-02 2.42278597e+00 3.88380115e-02
 6.57334602e-01 1.71514170e-06 8.47860279e-01 1.73606256e-02
 1.57161066e+00 2.12934360e-08 7.83345197e-01 4.92723808e-01
 5.77363366e+00 1.30896877e-01 2.26414308e-01 1.82022962e-01
 1.45460433e+00 1.11077162e-01 3.98614316e+00 9.09187065e-02
 1.29106742e-01 1.06627080e-01 1.17424120e-01 1.19172420e-07
 2.29601696e-01 2.51176300e-02 2.24215637e-01 1.65501721e-07
 3.76463169e-02 7.44243311e-02 1.01259575e-01 1.92160867e-02
 2.34312516e-02 3.10222106e-02 8.63123343e-02 1.08605220e-02
 1.44202656e-01 6.94697192e-03 4.68455557e-02 2.90274564e-02
 1.72212401e-02 4.17791703e-08 4.93219443e-02 2.90854842e-03
 5.51646056e-02 1.44394588e-08 1.41594603e-02 1.18554584e-02
 5.39979911e-02 4.72241469e-03 1.38595623e-02 1.36145973e-02
 4.72720293e-02 4.62175675e-03 7.33122157e-02 3.76778411e-03
 1.77251913e-02 2.56555363e-02 9.16181454e-04 6.49834151e-09
 2.65921919e-03 7.35641720e-05 2.39312755e-02 3.49657866e-10
 5.60464204e-03 3.37507279e-03 1.87272622e-02 1.37862432e-03
 5.38292120e-03 4.39089087e-03 2.45049879e-02 1.68582282e-03
 4.72250354e-02 2.37556351e-03 9.98382084e-03 3.25360556e-02
 3.29237277e-01 1.39202886e-02 7.54464054e-02 5.03243563e-02
 3.11472176e-01 1.91543417e-02 6.24574673e-02 2.65136233e-02
 2.28506159e-01 9.35980559e-03 6.80237808e-02 2.59436952e-02
 2.03351068e-01 9.43601507e-03 4.33445854e-01 1.54068176e-01
 6.86405518e-01 7.39776868e-02 6.98736435e-01 9.67921220e-02
 4.37992056e+00 2.82955433e+00]
train  L_V                   = +0.3495 (17.7%)
 train    L_V_attractive      = +0.2255 (11.4%)
 train      L_V_attractive_charged      = +0.1728 (8.8%)
 train      L_V_attractive_neutral      = +0.0527 (2.7%)
 train    L_V_repulsive       = +0.1239 (6.3%)
 train      L_V_repulsive_charged       = +0.0697 (3.5%)
 train      L_V_repulsive_neutral       = +0.0542 (2.7%)
 train    L_charged_cluster   = +0.0000 (0.0%)
 train  L_beta              = +0.8492 (43.0%)
 train    L_beta_noise        = +0.0000 (0.0%)
 train    L_beta_sig          = +0.1493 (7.6%)
 train    L_beta_suppress     = +0.0000 (0.0%)
 train    L_beta_track        = +0.7000 (35.5%)
 train      L_beta_norms_term   = -0.0199 (-1.0%)
 train      L_beta_logbeta_term = +0.1691 (8.6%)
 train  L_E   = +0.7758 (39.3%)
 train    L_E_charge = +0.0000 (0.0%)
 train    L_E_cond = +0.4620 (23.4%)
 train    L_E_cluster = +0.3138 (15.9%)
 train    L_E_w_photon   = +0.0000 (0.0%)
 train    L_E_w_charged_hadron   = +0.0000 (0.0%)
 train    L_E_w_neutral_hadron   = +0.0000 (0.0%)
 train    L_E_w_muon     = +0.0000 (0.0%)
 train    L_E_w_electron = +0.0000 (0.0%)
learning rate :  [0.00039890465297888624, 0.00039563061276672447, 0.000390213750433216, 0.00038271341425563806, 0.0003732117794866986, 0.00036181294802527074, 0.000348641807854205, 0.0003338426647414537, 0.00031757766119588004, 0.00030002500000000004, 0.0002813769917830063, 0.00026183794802527076, 0.00024162194257901096, 0.00022095046623036733, 0.00020005, 0.00017914953376963274, 0.00015847805742098906, 0.0001382620519747293, 0.00011872300821699378, 0.00010007500000000005, 8.252233880412002e-05, 6.625733525854636e-05, 5.1458192145795003e-05, 3.8287051974729284e-05, 2.688822051330148e-05, 1.7386585744361935e-05, 9.886249566784053e-06, 4.469387233275552e-06, 1.1953470211137557e-06, 1e-07, 0.0003990946109184883, 0.0003963866430176782, 0.0003919006200742188, 0.0003856771682065637, 0.00037777264795855195]
train loss :  2.9745066165924072
test   L_V                   = +29790.7109 (100.0%)
    L_V_attractive      = +29790.6465 (100.0%)
      L_V_attractive_charged      = +10716.8066 (36.0%)
      L_V_attractive_neutral      = +19073.8652 (64.0%)
    L_V_repulsive       = +0.1144 (0.0%)
      L_V_repulsive_charged       = +0.0623 (0.0%)
      L_V_repulsive_neutral       = +0.0520 (0.0%)
    L_charged_cluster   = +0.0000 (0.0%)
  L_beta              = +0.8731 (0.0%)
    L_beta_noise        = +0.0000 (0.0%)
    L_beta_sig          = +0.1661 (0.0%)
    L_beta_suppress     = +0.0000 (0.0%)
    L_beta_track        = +0.7070 (0.0%)
      L_beta_norms_term   = -0.0180 (-0.0%)
      L_beta_logbeta_term = +0.1841 (0.0%)
  L_E   = +0.8673 (0.0%)
    L_E_charge = +0.0000 (0.0%)
    L_E_cond = +0.5409 (0.0%)
    L_E_cluster = +0.3263 (0.0%)
    L_E_w_photon   = +0.0000 (0.0%)
    L_E_w_charged_hadron   = +0.0000 (0.0%)
    L_E_w_neutral_hadron   = +0.0000 (0.0%)
    L_E_w_muon     = +0.0000 (0.0%)
    L_E_w_electron = +0.0000 (0.0%)
Returning 29793.451171875
[rank 0] epoch=35 train_batch=2000/15625 loss=2.883388
[rank 0] epoch=35 train_batch=4000/15625 loss=2.903509
[rank 0] epoch=35 train_batch=6000/15625 loss=3.106255
[rank 0] epoch=35 train_batch=8000/15625 loss=2.833345
[rank 0] epoch=35 train_batch=10000/15625 loss=2.955406
[rank 0] epoch=35 train_batch=12000/15625 loss=2.974294
[rank 0] epoch=35 train_batch=14000/15625 loss=2.952909
Training epoch 35
[9.50471725e-01 3.62039264e-02 2.35465855e+00 2.24488664e-02
 7.47350113e-01 2.17464695e-06 8.14213062e-01 1.10630049e-02
 1.35695731e+00 7.43775181e-09 7.86899954e-01 6.71102559e-01
 5.14053164e+00 1.47088951e-01 2.55375998e-01 2.27758069e-01
 1.42988778e+00 1.23378118e-01 3.69614904e+00 8.55971322e-02
 9.27615084e-02 5.78751379e-02 1.15493478e-01 3.49262253e-08
 1.87896927e-01 1.54843263e-02 1.65613494e-01 6.41266884e-08
 2.88144304e-02 7.88379386e-02 6.16868369e-02 1.19170239e-02
 1.41265325e-02 2.26377500e-02 4.09755909e-02 4.96151009e-03
 9.31724280e-02 4.60002903e-03 1.84900652e-02 6.81765460e-03
 1.45278173e-02 1.27506182e-08 1.58272544e-02 1.12101140e-03
 1.48498000e-02 1.06431021e-08 3.42056809e-03 2.92621092e-03
 1.20199522e-02 9.89847468e-04 3.17950559e-03 3.08376491e-03
 1.13169515e-02 1.07384313e-03 1.78235425e-02 8.74786922e-04
 5.58443424e-03 5.00748227e-03 4.36924286e-04 1.77698135e-09
 5.50066626e-04 1.88645856e-05 6.76721272e-03 2.24293325e-10
 8.83201167e-04 7.04793665e-04 3.45953448e-03 2.54850588e-04
 9.15237257e-04 9.79383134e-04 4.02102561e-03 3.45910940e-04
 1.04812937e-02 5.08088103e-04 3.60339827e-03 6.88654173e-03
 1.37951554e-01 4.67383784e-03 3.85052153e-02 1.95639504e-02
 1.77382040e-01 7.59752666e-03 4.79371232e-02 1.74181301e-02
 1.56389379e-01 5.45266340e-03 6.59953726e-02 1.95587686e-02
 1.85270999e-01 7.17152379e-03 4.58516289e-01 1.56001242e-01
 6.75903208e-01 6.52149105e-02 6.67596289e-01 9.24710874e-02
 4.15457666e+00 2.91939816e+00]
train  L_V                   = +0.3522 (18.3%)
 train    L_V_attractive      = +0.2315 (12.0%)
 train      L_V_attractive_charged      = +0.1809 (9.4%)
 train      L_V_attractive_neutral      = +0.0507 (2.6%)
 train    L_V_repulsive       = +0.1207 (6.3%)
 train      L_V_repulsive_charged       = +0.0674 (3.5%)
 train      L_V_repulsive_neutral       = +0.0533 (2.8%)
 train    L_charged_cluster   = +0.0000 (0.0%)
 train  L_beta              = +0.8313 (43.1%)
 train    L_beta_noise        = +0.0000 (0.0%)
 train    L_beta_sig          = +0.1422 (7.4%)
 train    L_beta_suppress     = +0.0000 (0.0%)
 train    L_beta_track        = +0.6891 (35.7%)
 train      L_beta_norms_term   = -0.0211 (-1.1%)
 train      L_beta_logbeta_term = +0.1633 (8.5%)
 train  L_E   = +0.7462 (38.7%)
 train    L_E_charge = +0.0000 (0.0%)
 train    L_E_cond = +0.4456 (23.1%)
 train    L_E_cluster = +0.3006 (15.6%)
 train    L_E_w_photon   = +0.0000 (0.0%)
 train    L_E_w_charged_hadron   = +0.0000 (0.0%)
 train    L_E_w_neutral_hadron   = +0.0000 (0.0%)
 train    L_E_w_muon     = +0.0000 (0.0%)
 train    L_E_w_electron = +0.0000 (0.0%)
learning rate :  [0.00039890465297888624, 0.00039563061276672447, 0.000390213750433216, 0.00038271341425563806, 0.0003732117794866986, 0.00036181294802527074, 0.000348641807854205, 0.0003338426647414537, 0.00031757766119588004, 0.00030002500000000004, 0.0002813769917830063, 0.00026183794802527076, 0.00024162194257901096, 0.00022095046623036733, 0.00020005, 0.00017914953376963274, 0.00015847805742098906, 0.0001382620519747293, 0.00011872300821699378, 0.00010007500000000005, 8.252233880412002e-05, 6.625733525854636e-05, 5.1458192145795003e-05, 3.8287051974729284e-05, 2.688822051330148e-05, 1.7386585744361935e-05, 9.886249566784053e-06, 4.469387233275552e-06, 1.1953470211137557e-06, 1e-07, 0.0003990946109184883, 0.0003963866430176782, 0.0003919006200742188, 0.0003856771682065637, 0.00037777264795855195, 0.0003682586438895947]
train loss :  2.9296886920928955
test   L_V                   = +740277.0625 (100.0%)
    L_V_attractive      = +740276.9375 (100.0%)
      L_V_attractive_charged      = +151651.8438 (20.5%)
      L_V_attractive_neutral      = +588624.9375 (79.5%)
    L_V_repulsive       = +0.5510 (0.0%)
      L_V_repulsive_charged       = +0.2407 (0.0%)
      L_V_repulsive_neutral       = +0.3103 (0.0%)
    L_charged_cluster   = +0.0000 (0.0%)
  L_beta              = +1.0324 (0.0%)
    L_beta_noise        = +0.0000 (0.0%)
    L_beta_sig          = +0.2882 (0.0%)
    L_beta_suppress     = +0.0000 (0.0%)
    L_beta_track        = +0.7442 (0.0%)
      L_beta_norms_term   = -0.0235 (-0.0%)
      L_beta_logbeta_term = +0.3117 (0.0%)
  L_E   = +1.8456 (0.0%)
    L_E_charge = +0.0000 (0.0%)
    L_E_cond = +0.8779 (0.0%)
    L_E_cluster = +0.9678 (0.0%)
    L_E_w_photon   = +0.0000 (0.0%)
    L_E_w_charged_hadron   = +0.0000 (0.0%)
    L_E_w_neutral_hadron   = +0.0000 (0.0%)
    L_E_w_muon     = +0.0000 (0.0%)
    L_E_w_electron = +0.0000 (0.0%)
Returning 740281.0
[rank 0] epoch=36 train_batch=2000/15625 loss=2.947206
[rank 0] epoch=36 train_batch=4000/15625 loss=2.921287
[rank 0] epoch=36 train_batch=6000/15625 loss=2.971639
[rank 0] epoch=36 train_batch=8000/15625 loss=2.907928
[rank 0] epoch=36 train_batch=10000/15625 loss=3.103811
[rank 0] epoch=36 train_batch=12000/15625 loss=2.863388
[rank 0] epoch=36 train_batch=14000/15625 loss=2.876715
Training epoch 36
[1.03398025e+00 3.25196057e-02 2.69537286e+00 1.60832185e-02
 9.23913887e-01 1.38442282e-06 7.06906241e-01 7.54407256e-03
 1.23081521e+00 3.92771385e-09 8.41767064e-01 7.34822401e-01
 5.13329727e+00 1.39818572e-01 2.16739212e-01 2.01113451e-01
 1.27641207e+00 1.13203848e-01 3.13679156e+00 6.40030231e-02
 8.32760290e-02 5.72161132e-02 1.32750794e-01 2.43618047e-08
 1.58943720e-01 1.08574462e-02 1.31452034e-01 2.24477551e-08
 2.12143038e-02 7.08889022e-02 5.03552809e-02 8.34342900e-03
 1.22511718e-02 1.87271619e-02 3.46206824e-02 4.14743016e-03
 7.40438552e-02 3.75632235e-03 1.78412873e-02 7.74133559e-03
 1.14896993e-02 5.45885140e-09 1.03083807e-02 8.08265575e-04
 1.11887816e-02 6.42537003e-10 2.42587077e-03 3.53362031e-03
 7.50581510e-03 8.55216232e-04 2.19030115e-03 2.38243701e-03
 7.43739156e-03 7.82339114e-04 1.30331818e-02 6.33577730e-04
 6.18999901e-03 6.50733116e-03 2.55337002e-04 4.32946320e-10
 1.76965582e-04 9.37736112e-06 2.76720827e-03 5.49307673e-11
 4.69504900e-04 3.50152247e-04 2.06634700e-03 1.37979933e-04
 5.31389310e-04 4.50141547e-04 2.23891850e-03 1.57362444e-04
 4.37911499e-03 2.17600977e-04 5.11494244e-03 9.32372706e-03
 1.79735646e-01 6.73434470e-03 2.85594835e-02 1.40774835e-02
 1.31238065e-01 5.05275958e-03 4.09283093e-02 1.68803389e-02
 1.27114758e-01 5.11436606e-03 5.94408740e-02 1.91982150e-02
 1.58936432e-01 6.83223129e-03 4.60208509e-01 1.47994132e-01
 6.37029671e-01 5.86949763e-02 6.36980589e-01 8.37546671e-02
 3.79636170e+00 2.88665432e+00]
train  L_V                   = +0.3491 (18.2%)
 train    L_V_attractive      = +0.2300 (12.0%)
 train      L_V_attractive_charged      = +0.1798 (9.4%)
 train      L_V_attractive_neutral      = +0.0502 (2.6%)
 train    L_V_repulsive       = +0.1191 (6.2%)
 train      L_V_repulsive_charged       = +0.0659 (3.4%)
 train      L_V_repulsive_neutral       = +0.0531 (2.8%)
 train    L_charged_cluster   = +0.0000 (0.0%)
 train  L_beta              = +0.8280 (43.1%)
 train    L_beta_noise        = +0.0000 (0.0%)
 train    L_beta_sig          = +0.1397 (7.3%)
 train    L_beta_suppress     = +0.0000 (0.0%)
 train    L_beta_track        = +0.6882 (35.9%)
 train      L_beta_norms_term   = -0.0220 (-1.1%)
 train      L_beta_logbeta_term = +0.1617 (8.4%)
 train  L_E   = +0.7423 (38.7%)
 train    L_E_charge = +0.0000 (0.0%)
 train    L_E_cond = +0.4425 (23.1%)
 train    L_E_cluster = +0.2999 (15.6%)
 train    L_E_w_photon   = +0.0000 (0.0%)
 train    L_E_w_charged_hadron   = +0.0000 (0.0%)
 train    L_E_w_neutral_hadron   = +0.0000 (0.0%)
 train    L_E_w_muon     = +0.0000 (0.0%)
 train    L_E_w_electron = +0.0000 (0.0%)
learning rate :  [0.00039890465297888624, 0.00039563061276672447, 0.000390213750433216, 0.00038271341425563806, 0.0003732117794866986, 0.00036181294802527074, 0.000348641807854205, 0.0003338426647414537, 0.00031757766119588004, 0.00030002500000000004, 0.0002813769917830063, 0.00026183794802527076, 0.00024162194257901096, 0.00022095046623036733, 0.00020005, 0.00017914953376963274, 0.00015847805742098906, 0.0001382620519747293, 0.00011872300821699378, 0.00010007500000000005, 8.252233880412002e-05, 6.625733525854636e-05, 5.1458192145795003e-05, 3.8287051974729284e-05, 2.688822051330148e-05, 1.7386585744361935e-05, 9.886249566784053e-06, 4.469387233275552e-06, 1.1953470211137557e-06, 1e-07, 0.0003990946109184883, 0.0003963866430176782, 0.0003919006200742188, 0.0003856771682065637, 0.00037777264795855195, 0.0003682586438895947, 0.00035722131629382036]
train loss :  2.9194040298461914
test   L_V                   = +241.9417 (99.4%)
    L_V_attractive      = +241.8070 (99.3%)
      L_V_attractive_charged      = +238.3547 (97.9%)
      L_V_attractive_neutral      = +3.4523 (1.4%)
    L_V_repulsive       = +0.1348 (0.1%)
      L_V_repulsive_charged       = +0.0714 (0.0%)
      L_V_repulsive_neutral       = +0.0633 (0.0%)
    L_charged_cluster   = +0.0000 (0.0%)
  L_beta              = +0.8327 (0.3%)
    L_beta_noise        = +0.0000 (0.0%)
    L_beta_sig          = +0.1349 (0.1%)
    L_beta_suppress     = +0.0000 (0.0%)
    L_beta_track        = +0.6978 (0.3%)
      L_beta_norms_term   = -0.0244 (-0.0%)
      L_beta_logbeta_term = +0.1593 (0.1%)
  L_E   = +0.6981 (0.3%)
    L_E_charge = +0.0000 (0.0%)
    L_E_cond = +0.3905 (0.2%)
    L_E_cluster = +0.3076 (0.1%)
    L_E_w_photon   = +0.0000 (0.0%)
    L_E_w_charged_hadron   = +0.0000 (0.0%)
    L_E_w_neutral_hadron   = +0.0000 (0.0%)
    L_E_w_muon     = +0.0000 (0.0%)
    L_E_w_electron = +0.0000 (0.0%)
Returning 244.47251892089844
[rank 0] epoch=37 train_batch=2000/15625 loss=2.788436
[rank 0] epoch=37 train_batch=4000/15625 loss=2.883191
[rank 0] epoch=37 train_batch=6000/15625 loss=2.878706
[rank 0] epoch=37 train_batch=8000/15625 loss=2.889010
[rank 0] epoch=37 train_batch=10000/15625 loss=2.926639
[rank 0] epoch=37 train_batch=12000/15625 loss=3.090347
[rank 0] epoch=37 train_batch=14000/15625 loss=2.845326
Training epoch 37
[1.57994402e+00 5.32507221e-02 4.49266752e+00 2.54656678e-02
 2.87846171e+00 3.74455687e-06 1.05538599e+00 1.10784639e-02
 1.61430175e+00 3.63192802e-09 1.00652321e+00 1.03871249e+00
 4.86069694e+00 1.95204989e-01 3.67276325e-01 3.26009037e-01
 1.81342918e+00 1.66613728e-01 4.14109563e+00 1.33705561e-01
 2.21684057e-01 9.22118367e-02 2.45153665e-01 8.66565953e-08
 5.23641192e-01 2.34401097e-02 3.59594430e-01 2.74154671e-08
 4.83845129e-02 9.33843402e-02 9.40719006e-02 1.35611620e-02
 2.02430408e-02 2.93602909e-02 7.07069607e-02 7.11854004e-03
 1.31464157e-01 6.79245777e-03 2.62853613e-02 8.46932033e-03
 2.45089757e-02 8.42687787e-09 1.03106132e-02 9.40381013e-04
 1.19339082e-02 9.50789766e-10 3.07440617e-03 3.17156186e-03
 1.27229267e-02 1.00996477e-03 3.37478046e-03 2.77110863e-03
 1.23035078e-02 1.02838015e-03 1.60170597e-02 6.89362991e-04
 1.01883995e-02 7.39231085e-03 1.72499459e-04 3.45137541e-10
 1.65795664e-04 6.33876078e-06 1.67174610e-03 3.94789355e-11
 3.58131916e-04 2.60094765e-04 1.39074805e-03 9.56393691e-05
 3.35455965e-04 3.67195101e-04 1.34038910e-03 1.13235903e-04
 2.96668698e-03 1.50539032e-04 3.91443369e-03 9.14851859e-03
 2.01247200e-01 6.78902803e-03 4.75658813e-02 2.89268692e-02
 1.94053057e-01 1.09528253e-02 6.25872413e-02 3.06133253e-02
 2.01213866e-01 9.83263474e-03 9.83696672e-02 3.12768512e-02
 2.36658288e-01 1.07432003e-02 4.94286356e-01 1.71664273e-01
 7.23719667e-01 7.25311291e-02 7.46658621e-01 9.20131751e-02
 3.45563981e+00 2.74317193e+00]
train  L_V                   = +0.3511 (18.0%)
 train    L_V_attractive      = +0.2273 (11.6%)
 train      L_V_attractive_charged      = +0.1766 (9.0%)
 train      L_V_attractive_neutral      = +0.0507 (2.6%)
 train    L_V_repulsive       = +0.1238 (6.3%)
 train      L_V_repulsive_charged       = +0.0684 (3.5%)
 train      L_V_repulsive_neutral       = +0.0554 (2.8%)
 train    L_charged_cluster   = +0.0000 (0.0%)
 train  L_beta              = +0.8382 (42.9%)
 train    L_beta_noise        = +0.0000 (0.0%)
 train    L_beta_sig          = +0.1436 (7.3%)
 train    L_beta_suppress     = +0.0000 (0.0%)
 train    L_beta_track        = +0.6946 (35.5%)
 train      L_beta_norms_term   = -0.0223 (-1.1%)
 train      L_beta_logbeta_term = +0.1658 (8.5%)
 train  L_E   = +0.7653 (39.2%)
 train    L_E_charge = +0.0000 (0.0%)
 train    L_E_cond = +0.4588 (23.5%)
 train    L_E_cluster = +0.3065 (15.7%)
 train    L_E_w_photon   = +0.0000 (0.0%)
 train    L_E_w_charged_hadron   = +0.0000 (0.0%)
 train    L_E_w_neutral_hadron   = +0.0000 (0.0%)
 train    L_E_w_muon     = +0.0000 (0.0%)
 train    L_E_w_electron = +0.0000 (0.0%)
learning rate :  [0.00039890465297888624, 0.00039563061276672447, 0.000390213750433216, 0.00038271341425563806, 0.0003732117794866986, 0.00036181294802527074, 0.000348641807854205, 0.0003338426647414537, 0.00031757766119588004, 0.00030002500000000004, 0.0002813769917830063, 0.00026183794802527076, 0.00024162194257901096, 0.00022095046623036733, 0.00020005, 0.00017914953376963274, 0.00015847805742098906, 0.0001382620519747293, 0.00011872300821699378, 0.00010007500000000005, 8.252233880412002e-05, 6.625733525854636e-05, 5.1458192145795003e-05, 3.8287051974729284e-05, 2.688822051330148e-05, 1.7386585744361935e-05, 9.886249566784053e-06, 4.469387233275552e-06, 1.1953470211137557e-06, 1e-07, 0.0003990946109184883, 0.0003963866430176782, 0.0003919006200742188, 0.0003856771682065637, 0.00037777264795855195, 0.0003682586438895947, 0.00035722131629382036, 0.00034476062091910877]
train loss :  2.95454740524292
test   L_V                   = +5.9356 (78.5%)
    L_V_attractive      = +5.7741 (76.4%)
      L_V_attractive_charged      = +3.9130 (51.7%)
      L_V_attractive_neutral      = +1.8610 (24.6%)
    L_V_repulsive       = +0.1616 (2.1%)
      L_V_repulsive_charged       = +0.0847 (1.1%)
      L_V_repulsive_neutral       = +0.0769 (1.0%)
    L_charged_cluster   = +0.0000 (0.0%)
  L_beta              = +0.8532 (11.3%)
    L_beta_noise        = +0.0000 (0.0%)
    L_beta_sig          = +0.1456 (1.9%)
    L_beta_suppress     = +0.0000 (0.0%)
    L_beta_track        = +0.7076 (9.4%)
      L_beta_norms_term   = -0.0252 (-0.3%)
      L_beta_logbeta_term = +0.1708 (2.3%)
  L_E   = +0.7735 (10.2%)
    L_E_charge = +0.0000 (0.0%)
    L_E_cond = +0.4290 (5.7%)
    L_E_cluster = +0.3445 (4.6%)
    L_E_w_photon   = +0.0000 (0.0%)
    L_E_w_charged_hadron   = +0.0000 (0.0%)
    L_E_w_neutral_hadron   = +0.0000 (0.0%)
    L_E_w_muon     = +0.0000 (0.0%)
    L_E_w_electron = +0.0000 (0.0%)
Returning 8.562337875366211
[rank 0] epoch=38 train_batch=2000/15625 loss=2.898891
[rank 0] epoch=38 train_batch=4000/15625 loss=2.911315
[rank 0] epoch=38 train_batch=6000/15625 loss=3.038417
[rank 0] epoch=38 train_batch=8000/15625 loss=2.862865
[rank 0] epoch=38 train_batch=10000/15625 loss=2.899902
[rank 0] epoch=38 train_batch=12000/15625 loss=2.926841
[rank 0] epoch=38 train_batch=14000/15625 loss=2.982636
Training epoch 38
[9.35494146e-01 5.02136450e-02 2.58139538e+00 3.28998352e-02
 1.40437488e+00 4.34141401e-06 8.42022174e-01 1.22850786e-02
 1.43749760e+00 8.88239994e-09 8.95040497e-01 6.78774671e-01
 5.13495070e+00 1.77146805e-01 2.92340672e-01 2.55476867e-01
 1.50674032e+00 1.32493047e-01 3.61092334e+00 8.31745088e-02
 1.47960026e-01 1.23184639e-01 2.57076331e-01 1.53870668e-06
 3.10032507e-01 3.72849479e-02 3.31482772e-01 1.16086668e-07
 4.46108626e-02 8.63911902e-02 1.19248259e-01 1.56004596e-02
 2.01194437e-02 2.46928754e-02 7.72029792e-02 7.81205312e-03
 1.06138123e-01 5.32104683e-03 2.46519199e-02 7.84629582e-03
 1.37866571e-02 1.05997806e-07 2.54940921e-02 1.56860084e-03
 3.52773492e-02 8.11598067e-09 7.77189380e-03 6.05470864e-03
 2.77738263e-02 2.28089167e-03 6.35177237e-03 5.08342942e-03
 1.99736309e-02 1.57238701e-03 2.86609518e-02 1.42415524e-03
 7.62731402e-03 4.68058370e-03 7.63397310e-04 1.07022766e-09
 2.86005124e-04 2.34109490e-05 7.12217016e-03 3.25176977e-11
 1.09744094e-03 8.15580642e-04 6.47667431e-03 4.37744239e-04
 1.42593057e-03 4.63070982e-04 5.41738647e-03 2.04354439e-04
 4.85031111e-03 1.56791946e-04 4.11761291e-03 6.29519281e-03
 2.02131414e-01 5.49936965e-03 3.38815399e-02 1.79006967e-02
 1.29410841e-01 6.50420189e-03 4.79698618e-02 2.01014849e-02
 1.38950335e-01 6.23582476e-03 6.53447437e-02 2.34699117e-02
 1.84010736e-01 8.12443049e-03 5.13976291e-01 1.68895905e-01
 6.51551913e-01 6.13278957e-02 6.99483448e-01 8.54809511e-02
 3.21533124e+00 2.57850257e+00]
train  L_V                   = +0.3553 (18.4%)
 train    L_V_attractive      = +0.2327 (12.1%)
 train      L_V_attractive_charged      = +0.1819 (9.4%)
 train      L_V_attractive_neutral      = +0.0508 (2.6%)
 train    L_V_repulsive       = +0.1226 (6.4%)
 train      L_V_repulsive_charged       = +0.0676 (3.5%)
 train      L_V_repulsive_neutral       = +0.0550 (2.9%)
 train    L_charged_cluster   = +0.0000 (0.0%)
 train  L_beta              = +0.8323 (43.2%)
 train    L_beta_noise        = +0.0000 (0.0%)
 train    L_beta_sig          = +0.1409 (7.3%)
 train    L_beta_suppress     = +0.0000 (0.0%)
 train    L_beta_track        = +0.6913 (35.9%)
 train      L_beta_norms_term   = -0.0223 (-1.2%)
 train      L_beta_logbeta_term = +0.1632 (8.5%)
 train  L_E   = +0.7396 (38.4%)
 train    L_E_charge = +0.0000 (0.0%)
 train    L_E_cond = +0.4397 (22.8%)
 train    L_E_cluster = +0.2999 (15.6%)
 train    L_E_w_photon   = +0.0000 (0.0%)
 train    L_E_w_charged_hadron   = +0.0000 (0.0%)
 train    L_E_w_neutral_hadron   = +0.0000 (0.0%)
 train    L_E_w_muon     = +0.0000 (0.0%)
 train    L_E_w_electron = +0.0000 (0.0%)
learning rate :  [0.00039890465297888624, 0.00039563061276672447, 0.000390213750433216, 0.00038271341425563806, 0.0003732117794866986, 0.00036181294802527074, 0.000348641807854205, 0.0003338426647414537, 0.00031757766119588004, 0.00030002500000000004, 0.0002813769917830063, 0.00026183794802527076, 0.00024162194257901096, 0.00022095046623036733, 0.00020005, 0.00017914953376963274, 0.00015847805742098906, 0.0001382620519747293, 0.00011872300821699378, 0.00010007500000000005, 8.252233880412002e-05, 6.625733525854636e-05, 5.1458192145795003e-05, 3.8287051974729284e-05, 2.688822051330148e-05, 1.7386585744361935e-05, 9.886249566784053e-06, 4.469387233275552e-06, 1.1953470211137557e-06, 1e-07, 0.0003990946109184883, 0.0003963866430176782, 0.0003919006200742188, 0.0003856771682065637, 0.00037777264795855195, 0.0003682586438895947, 0.00035722131629382036, 0.00034476062091910877, 0.0003309894037523598]
train loss :  2.9271838665008545
test   L_V                   = +256.9279 (99.4%)
    L_V_attractive      = +256.7175 (99.3%)
      L_V_attractive_charged      = +237.3077 (91.8%)
      L_V_attractive_neutral      = +19.4098 (7.5%)
    L_V_repulsive       = +0.2103 (0.1%)
      L_V_repulsive_charged       = +0.1093 (0.0%)
      L_V_repulsive_neutral       = +0.1011 (0.0%)
    L_charged_cluster   = +0.0000 (0.0%)
  L_beta              = +0.8311 (0.3%)
    L_beta_noise        = +0.0000 (0.0%)
    L_beta_sig          = +0.1286 (0.0%)
    L_beta_suppress     = +0.0000 (0.0%)
    L_beta_track        = +0.7025 (0.3%)
      L_beta_norms_term   = -0.0234 (-0.0%)
      L_beta_logbeta_term = +0.1520 (0.1%)
  L_E   = +0.7293 (0.3%)
    L_E_charge = +0.0000 (0.0%)
    L_E_cond = +0.4185 (0.2%)
    L_E_cluster = +0.3109 (0.1%)
    L_E_w_photon   = +0.0000 (0.0%)
    L_E_w_charged_hadron   = +0.0000 (0.0%)
    L_E_w_neutral_hadron   = +0.0000 (0.0%)
    L_E_w_muon     = +0.0000 (0.0%)
    L_E_w_electron = +0.0000 (0.0%)
Returning 259.4883117675781
[rank 0] epoch=39 train_batch=2000/15625 loss=2.909239
[rank 0] epoch=39 train_batch=4000/15625 loss=2.910834
[rank 0] epoch=39 train_batch=6000/15625 loss=2.870399
[rank 0] epoch=39 train_batch=8000/15625 loss=2.858600
[rank 0] epoch=39 train_batch=10000/15625 loss=2.879826
[rank 0] epoch=39 train_batch=12000/15625 loss=2.832704
[rank 0] epoch=39 train_batch=14000/15625 loss=2.925429
Training epoch 39
[1.25555737e+00 3.59215259e-02 2.67529358e+00 1.46733239e-02
 1.63364038e+00 1.26686118e-06 6.40177552e-01 4.34938148e-03
 1.12288255e+00 1.79122439e-09 7.55214451e-01 6.91953534e-01
 4.67334552e+00 1.10310207e-01 1.74081830e-01 1.54722418e-01
 1.11788424e+00 9.07911722e-02 3.63179688e+00 7.13066887e-02
 1.05216465e-01 6.62839942e-02 2.25224505e-01 2.47871085e-08
 2.13928136e-01 1.74952902e-02 1.80779510e-01 3.34603866e-09
 2.47421138e-02 6.99784909e-02 3.73103905e-02 6.41112019e-03
 7.83699466e-03 1.09054795e-02 2.76825974e-02 2.82983616e-03
 5.44748901e-02 2.70517533e-03 1.29136595e-02 3.09506315e-03
 9.14624269e-03 4.78329609e-09 4.86120964e-03 2.71976650e-04
 5.73828544e-03 4.48963387e-10 1.10251993e-03 9.16811667e-04
 4.03291229e-03 2.97397195e-04 9.87490011e-04 9.41688565e-04
 3.30879944e-03 3.17275052e-04 4.92952840e-03 2.34993145e-04
 3.79858059e-03 3.29263195e-03 7.25264164e-05 1.07437535e-10
 7.60659521e-05 2.17811957e-06 6.33728351e-04 9.06167727e-12
 1.57833113e-04 1.54297383e-04 8.22807505e-04 7.17609815e-05
 1.65639231e-04 1.31638275e-04 6.99488520e-04 5.02177616e-05
 1.46945224e-03 6.95166643e-05 1.46209200e-03 4.13419707e-03
 1.72736006e-01 3.83830908e-03 2.70883603e-02 1.26805162e-02
 9.73210896e-02 4.36291572e-03 4.49012154e-02 1.60079099e-02
 1.23760296e-01 4.72317386e-03 5.70020549e-02 1.82649064e-02
 1.58706028e-01 6.36054822e-03 5.78163948e-01 1.77746920e-01
 6.96875991e-01 5.54904920e-02 7.19298747e-01 8.88795434e-02
 3.14388396e+00 2.78593807e+00]
train  L_V                   = +0.3590 (18.9%)
 train    L_V_attractive      = +0.2386 (12.6%)
 train      L_V_attractive_charged      = +0.1888 (9.9%)
 train      L_V_attractive_neutral      = +0.0498 (2.6%)
 train    L_V_repulsive       = +0.1204 (6.3%)
 train      L_V_repulsive_charged       = +0.0663 (3.5%)
 train      L_V_repulsive_neutral       = +0.0541 (2.8%)
 train    L_charged_cluster   = +0.0000 (0.0%)
 train  L_beta              = +0.8232 (43.3%)
 train    L_beta_noise        = +0.0000 (0.0%)
 train    L_beta_sig          = +0.1385 (7.3%)
 train    L_beta_suppress     = +0.0000 (0.0%)
 train    L_beta_track        = +0.6847 (36.0%)
 train      L_beta_norms_term   = -0.0219 (-1.2%)
 train      L_beta_logbeta_term = +0.1605 (8.4%)
 train  L_E   = +0.7184 (37.8%)
 train    L_E_charge = +0.0000 (0.0%)
 train    L_E_cond = +0.4278 (22.5%)
 train    L_E_cluster = +0.2906 (15.3%)
 train    L_E_w_photon   = +0.0000 (0.0%)
 train    L_E_w_charged_hadron   = +0.0000 (0.0%)
 train    L_E_w_neutral_hadron   = +0.0000 (0.0%)
 train    L_E_w_muon     = +0.0000 (0.0%)
 train    L_E_w_electron = +0.0000 (0.0%)
learning rate :  [0.00039890465297888624, 0.00039563061276672447, 0.000390213750433216, 0.00038271341425563806, 0.0003732117794866986, 0.00036181294802527074, 0.000348641807854205, 0.0003338426647414537, 0.00031757766119588004, 0.00030002500000000004, 0.0002813769917830063, 0.00026183794802527076, 0.00024162194257901096, 0.00022095046623036733, 0.00020005, 0.00017914953376963274, 0.00015847805742098906, 0.0001382620519747293, 0.00011872300821699378, 0.00010007500000000005, 8.252233880412002e-05, 6.625733525854636e-05, 5.1458192145795003e-05, 3.8287051974729284e-05, 2.688822051330148e-05, 1.7386585744361935e-05, 9.886249566784053e-06, 4.469387233275552e-06, 1.1953470211137557e-06, 1e-07, 0.0003990946109184883, 0.0003963866430176782, 0.0003919006200742188, 0.0003856771682065637, 0.00037777264795855195, 0.0003682586438895947, 0.00035722131629382036, 0.00034476062091910877, 0.0003309894037523598, 0.00031603237906876113]
train loss :  2.9006288051605225
test   L_V                   = +3454.0005 (100.0%)
    L_V_attractive      = +3453.8755 (100.0%)
      L_V_attractive_charged      = +3074.2571 (89.0%)
      L_V_attractive_neutral      = +379.6272 (11.0%)
    L_V_repulsive       = +0.1278 (0.0%)
      L_V_repulsive_charged       = +0.0693 (0.0%)
      L_V_repulsive_neutral       = +0.0585 (0.0%)
    L_charged_cluster   = +0.0000 (0.0%)
  L_beta              = +0.8334 (0.0%)
    L_beta_noise        = +0.0000 (0.0%)
    L_beta_sig          = +0.1369 (0.0%)
    L_beta_suppress     = +0.0000 (0.0%)
    L_beta_track        = +0.6966 (0.0%)
      L_beta_norms_term   = -0.0216 (-0.0%)
      L_beta_logbeta_term = +0.1584 (0.0%)
  L_E   = +0.7116 (0.0%)
    L_E_charge = +0.0000 (0.0%)
    L_E_cond = +0.3933 (0.0%)
    L_E_cluster = +0.3183 (0.0%)
    L_E_w_photon   = +0.0000 (0.0%)
    L_E_w_charged_hadron   = +0.0000 (0.0%)
    L_E_w_neutral_hadron   = +0.0000 (0.0%)
    L_E_w_muon     = +0.0000 (0.0%)
    L_E_w_electron = +0.0000 (0.0%)
Returning 3456.545654296875
[rank 0] epoch=40 train_batch=2000/15625 loss=2.958201
[rank 0] epoch=40 train_batch=4000/15625 loss=2.890678
[rank 0] epoch=40 train_batch=6000/15625 loss=2.945747
[rank 0] epoch=40 train_batch=8000/15625 loss=2.856070
[rank 0] epoch=40 train_batch=10000/15625 loss=2.832278
[rank 0] epoch=40 train_batch=12000/15625 loss=2.875066
[rank 0] epoch=40 train_batch=14000/15625 loss=2.785723
Training epoch 40
[6.67877794e-01 1.61679900e-02 1.27307321e+00 6.20667732e-03
 8.24241303e-01 8.14210435e-07 2.83248802e-01 2.12912955e-03
 7.00147942e-01 9.29913536e-10 4.71560324e-01 2.60923375e-01
 3.99570308e+00 5.63452043e-02 1.15758751e-01 9.16978404e-02
 7.72758588e-01 6.83386739e-02 2.43478037e+00 3.14648185e-02
 2.28231960e-02 2.60871136e-02 2.30155380e-02 2.53658320e-09
 2.78620002e-02 3.11581110e-03 2.63134025e-02 3.52797854e-10
 3.75064713e-03 1.22235961e-02 5.71452897e-03 1.21594293e-03
 1.54108226e-03 2.19978849e-03 6.79084379e-03 6.91189504e-04
 1.86325087e-02 9.60172219e-04 5.88107857e-03 2.01052936e-03
 1.91949523e-03 1.09118260e-09 2.70863975e-03 5.08300087e-05
 2.06555780e-03 1.30354030e-10 5.03083597e-04 5.91379864e-04
 1.50266547e-03 1.80290259e-04 5.61192501e-04 7.86872798e-04
 1.73253527e-03 2.03029078e-04 3.22041032e-03 1.69947904e-04
 2.78797514e-03 2.60136291e-03 1.98426496e-05 2.06799972e-11
 8.74532265e-06 1.75428810e-07 3.87547493e-05 7.42888018e-13
 1.05351537e-05 1.03035782e-05 5.48415358e-05 3.77551184e-06
 1.77685340e-05 1.04716481e-05 7.45102053e-05 4.01347801e-06
 1.31453160e-04 6.67244938e-06 1.23021634e-03 3.15825344e-03
 1.05343885e-01 2.79777077e-03 2.45901126e-02 1.19493691e-02
 9.02424476e-02 4.26079622e-03 3.95321650e-02 1.60944387e-02
 1.15336031e-01 4.57442159e-03 5.65484516e-02 2.12722155e-02
 1.65831803e-01 6.47251646e-03 6.73815162e-01 2.10598497e-01
 8.09672790e-01 6.24080262e-02 7.82821899e-01 1.05088907e-01
 3.05291745e+00 3.01902285e+00]
train  L_V                   = +0.3604 (19.3%)
 train    L_V_attractive      = +0.2443 (13.1%)
 train      L_V_attractive_charged      = +0.1944 (10.4%)
 train      L_V_attractive_neutral      = +0.0499 (2.7%)
 train    L_V_repulsive       = +0.1161 (6.2%)
 train      L_V_repulsive_charged       = +0.0644 (3.4%)
 train      L_V_repulsive_neutral       = +0.0516 (2.8%)
 train    L_charged_cluster   = +0.0000 (0.0%)
 train  L_beta              = +0.8130 (43.4%)
 train    L_beta_noise        = +0.0000 (0.0%)
 train    L_beta_sig          = +0.1331 (7.1%)
 train    L_beta_suppress     = +0.0000 (0.0%)
 train    L_beta_track        = +0.6799 (36.3%)
 train      L_beta_norms_term   = -0.0218 (-1.2%)
 train      L_beta_logbeta_term = +0.1549 (8.3%)
 train  L_E   = +0.6984 (37.3%)
 train    L_E_charge = +0.0000 (0.0%)
 train    L_E_cond = +0.4134 (22.1%)
 train    L_E_cluster = +0.2850 (15.2%)
 train    L_E_w_photon   = +0.0000 (0.0%)
 train    L_E_w_charged_hadron   = +0.0000 (0.0%)
 train    L_E_w_neutral_hadron   = +0.0000 (0.0%)
 train    L_E_w_muon     = +0.0000 (0.0%)
 train    L_E_w_electron = +0.0000 (0.0%)
learning rate :  [0.00039890465297888624, 0.00039563061276672447, 0.000390213750433216, 0.00038271341425563806, 0.0003732117794866986, 0.00036181294802527074, 0.000348641807854205, 0.0003338426647414537, 0.00031757766119588004, 0.00030002500000000004, 0.0002813769917830063, 0.00026183794802527076, 0.00024162194257901096, 0.00022095046623036733, 0.00020005, 0.00017914953376963274, 0.00015847805742098906, 0.0001382620519747293, 0.00011872300821699378, 0.00010007500000000005, 8.252233880412002e-05, 6.625733525854636e-05, 5.1458192145795003e-05, 3.8287051974729284e-05, 2.688822051330148e-05, 1.7386585744361935e-05, 9.886249566784053e-06, 4.469387233275552e-06, 1.1953470211137557e-06, 1e-07, 0.0003990946109184883, 0.0003963866430176782, 0.0003919006200742188, 0.0003856771682065637, 0.00037777264795855195, 0.0003682586438895947, 0.00035722131629382036, 0.00034476062091910877, 0.0003309894037523598, 0.00031603237906876113, 0.00030002500000000004]
train loss :  2.8717968463897705
test   L_V                   = +7.3914 (82.9%)
    L_V_attractive      = +7.2717 (81.6%)
      L_V_attractive_charged      = +1.6706 (18.7%)
      L_V_attractive_neutral      = +5.6011 (62.8%)
    L_V_repulsive       = +0.1196 (1.3%)
      L_V_repulsive_charged       = +0.0635 (0.7%)
      L_V_repulsive_neutral       = +0.0561 (0.6%)
    L_charged_cluster   = +0.0000 (0.0%)
  L_beta              = +0.8283 (9.3%)
    L_beta_noise        = +0.0000 (0.0%)
    L_beta_sig          = +0.1378 (1.5%)
    L_beta_suppress     = +0.0000 (0.0%)
    L_beta_track        = +0.6905 (7.7%)
      L_beta_norms_term   = -0.0220 (-0.2%)
      L_beta_logbeta_term = +0.1598 (1.8%)
  L_E   = +0.6947 (7.8%)
    L_E_charge = +0.0000 (0.0%)
    L_E_cond = +0.4149 (4.7%)
    L_E_cluster = +0.2798 (3.1%)
    L_E_w_photon   = +0.0000 (0.0%)
    L_E_w_charged_hadron   = +0.0000 (0.0%)
    L_E_w_neutral_hadron   = +0.0000 (0.0%)
    L_E_w_muon     = +0.0000 (0.0%)
    L_E_w_electron = +0.0000 (0.0%)
Returning 9.914318084716797
[rank 0] epoch=41 train_batch=2000/15625 loss=2.847795
[rank 0] epoch=41 train_batch=4000/15625 loss=2.869248
[rank 0] epoch=41 train_batch=6000/15625 loss=2.838717
[rank 0] epoch=41 train_batch=8000/15625 loss=2.826885
[rank 0] epoch=41 train_batch=10000/15625 loss=2.929895
[rank 0] epoch=41 train_batch=12000/15625 loss=2.839578
[rank 0] epoch=41 train_batch=14000/15625 loss=2.897021
Training epoch 41
[2.07713303e+00 3.78996004e-02 3.82937168e+00 1.36295826e-02
 3.84959118e+00 2.03506532e-06 5.93768472e-01 3.54070007e-03
 1.02516537e+00 1.29031268e-09 6.63976480e-01 6.88573336e-01
 4.33332374e+00 1.02313756e-01 1.69162112e-01 1.52555652e-01
 9.34985218e-01 7.93375312e-02 2.24187618e+00 4.70035229e-02
 5.37420989e-02 4.92302734e-02 1.27655681e-01 1.28188193e-08
 7.72252720e-02 6.65736772e-03 3.94181401e-02 9.18382885e-10
 6.97867336e-03 3.16526266e-02 1.24074814e-02 3.45632203e-03
 4.88255512e-03 5.65857359e-03 2.62001541e-02 2.36901378e-03
 5.82624766e-02 2.77311632e-03 9.00216416e-03 2.48302087e-03
 9.30346906e-03 7.96271497e-09 3.52228663e-03 1.32718152e-04
 2.88859512e-03 2.51430127e-10 7.14116640e-04 6.38848529e-04
 2.18914839e-03 2.09019540e-04 6.98438690e-04 6.80162407e-04
 2.30286932e-03 2.25729203e-04 4.30096737e-03 2.17887174e-04
 3.06917768e-03 2.91521302e-03 6.44965134e-05 7.02521831e-11
 3.75680630e-05 1.04140348e-06 2.36061410e-04 5.14819476e-12
 7.49712849e-05 3.92367714e-05 3.45212833e-04 1.40766401e-05
 4.02402805e-05 1.80086650e-05 1.66511908e-04 5.73290271e-06
 1.68048872e-04 8.54537587e-06 1.71628987e-03 3.77882103e-03
 1.16663441e-01 3.84169227e-03 2.69451690e-02 1.32560714e-02
 9.66474791e-02 4.51525440e-03 4.20530043e-02 1.66212402e-02
 1.17781570e-01 4.47412442e-03 4.98435397e-02 1.61331093e-02
 1.48049191e-01 4.75260366e-03 6.77106265e-01 2.16420502e-01
 7.98550767e-01 6.24460863e-02 7.47507085e-01 9.81376357e-02
 2.73372873e+00 2.82035846e+00]
train  L_V                   = +0.3622 (19.5%)
 train    L_V_attractive      = +0.2489 (13.4%)
 train      L_V_attractive_charged      = +0.1992 (10.7%)
 train      L_V_attractive_neutral      = +0.0497 (2.7%)
 train    L_V_repulsive       = +0.1134 (6.1%)
 train      L_V_repulsive_charged       = +0.0621 (3.3%)
 train      L_V_repulsive_neutral       = +0.0512 (2.8%)
 train    L_charged_cluster   = +0.0000 (0.0%)
 train  L_beta              = +0.8011 (43.1%)
 train    L_beta_noise        = +0.0000 (0.0%)
 train    L_beta_sig          = +0.1251 (6.7%)
 train    L_beta_suppress     = +0.0000 (0.0%)
 train    L_beta_track        = +0.6760 (36.4%)
 train      L_beta_norms_term   = -0.0239 (-1.3%)
 train      L_beta_logbeta_term = +0.1490 (8.0%)
 train  L_E   = +0.6951 (37.4%)
 train    L_E_charge = +0.0000 (0.0%)
 train    L_E_cond = +0.4131 (22.2%)
 train    L_E_cluster = +0.2820 (15.2%)
 train    L_E_w_photon   = +0.0000 (0.0%)
 train    L_E_w_charged_hadron   = +0.0000 (0.0%)
 train    L_E_w_neutral_hadron   = +0.0000 (0.0%)
 train    L_E_w_muon     = +0.0000 (0.0%)
 train    L_E_w_electron = +0.0000 (0.0%)
learning rate :  [0.00039890465297888624, 0.00039563061276672447, 0.000390213750433216, 0.00038271341425563806, 0.0003732117794866986, 0.00036181294802527074, 0.000348641807854205, 0.0003338426647414537, 0.00031757766119588004, 0.00030002500000000004, 0.0002813769917830063, 0.00026183794802527076, 0.00024162194257901096, 0.00022095046623036733, 0.00020005, 0.00017914953376963274, 0.00015847805742098906, 0.0001382620519747293, 0.00011872300821699378, 0.00010007500000000005, 8.252233880412002e-05, 6.625733525854636e-05, 5.1458192145795003e-05, 3.8287051974729284e-05, 2.688822051330148e-05, 1.7386585744361935e-05, 9.886249566784053e-06, 4.469387233275552e-06, 1.1953470211137557e-06, 1e-07, 0.0003990946109184883, 0.0003963866430176782, 0.0003919006200742188, 0.0003856771682065637, 0.00037777264795855195, 0.0003682586438895947, 0.00035722131629382036, 0.00034476062091910877, 0.0003309894037523598, 0.00031603237906876113, 0.00030002500000000004, 0.0002831122318497272]
train loss :  2.8584585189819336
test   L_V                   = +7.4876 (82.0%)
    L_V_attractive      = +7.3613 (80.6%)
      L_V_attractive_charged      = +4.3024 (47.1%)
      L_V_attractive_neutral      = +3.0589 (33.5%)
    L_V_repulsive       = +0.1263 (1.4%)
      L_V_repulsive_charged       = +0.0674 (0.7%)
      L_V_repulsive_neutral       = +0.0589 (0.6%)
    L_charged_cluster   = +0.0000 (0.0%)
  L_beta              = +0.8578 (9.4%)
    L_beta_noise        = +0.0000 (0.0%)
    L_beta_sig          = +0.1689 (1.8%)
    L_beta_suppress     = +0.0000 (0.0%)
    L_beta_track        = +0.6889 (7.5%)
      L_beta_norms_term   = -0.0201 (-0.2%)
      L_beta_logbeta_term = +0.1890 (2.1%)
  L_E   = +0.7878 (8.6%)
    L_E_charge = +0.0000 (0.0%)
    L_E_cond = +0.4930 (5.4%)
    L_E_cluster = +0.2949 (3.2%)
    L_E_w_photon   = +0.0000 (0.0%)
    L_E_w_charged_hadron   = +0.0000 (0.0%)
    L_E_w_neutral_hadron   = +0.0000 (0.0%)
    L_E_w_muon     = +0.0000 (0.0%)
    L_E_w_electron = +0.0000 (0.0%)
Returning 10.133224487304688
[rank 0] epoch=42 train_batch=2000/15625 loss=2.755214
[rank 0] epoch=42 train_batch=4000/15625 loss=2.931559
[rank 0] epoch=42 train_batch=6000/15625 loss=2.846298
[rank 0] epoch=42 train_batch=8000/15625 loss=2.803916
[rank 0] epoch=42 train_batch=10000/15625 loss=2.832411
[rank 0] epoch=42 train_batch=12000/15625 loss=2.936454
[rank 0] epoch=42 train_batch=14000/15625 loss=2.828743
Training epoch 42
[6.28102003e-01 1.48526390e-02 1.07292055e+00 3.85936904e-03
 8.56043001e-01 4.24400334e-07 1.87708492e-01 1.10942532e-03
 6.84300735e-01 7.29954965e-10 4.59088736e-01 1.86960211e-01
 3.53853798e+00 6.90345750e-02 1.22528693e-01 7.57955189e-02
 8.26316260e-01 5.84927875e-02 1.13215380e+00 1.75522482e-02
 1.96457825e-02 2.66846991e-02 1.58459783e-02 1.66986703e-09
 1.13625750e-02 1.46454408e-03 8.72254912e-03 1.69877112e-10
 1.46993690e-03 4.91985527e-03 2.47316946e-03 4.74495970e-04
 7.89016743e-04 9.38478065e-04 3.84554140e-03 3.61498525e-04
 1.07283832e-02 5.63626581e-04 3.92813578e-03 1.96635711e-03
 1.32231419e-03 7.92386130e-10 8.20651498e-04 2.28939030e-05
 6.57993393e-04 3.06191294e-11 1.49778597e-04 1.35137092e-04
 5.11819578e-04 4.80048595e-05 1.99547083e-04 1.85431242e-04
 6.70830193e-04 6.72282422e-05 1.72914140e-03 9.02294010e-05
 1.80113266e-03 3.18228550e-03 9.05822249e-06 1.28408138e-11
 2.24627020e-06 4.16024193e-08 8.19835387e-06 4.24016069e-13
 3.35142975e-06 1.99874277e-06 1.34182402e-05 6.74042470e-07
 2.68965345e-06 1.14721358e-06 1.09735980e-05 3.89655012e-07
 1.37968561e-05 6.98672582e-07 1.44114926e-03 3.44683930e-03
 1.04188558e-01 3.27564350e-03 2.26852726e-02 1.19657309e-02
 8.69997064e-02 3.92239127e-03 3.77736816e-02 1.52239564e-02
 1.19955803e-01 4.49229486e-03 4.90875915e-02 1.79279766e-02
 1.48970973e-01 5.04752090e-03 7.27294430e-01 2.40599976e-01
 8.47099740e-01 6.45430513e-02 7.59453622e-01 9.86175037e-02
 2.72311928e+00 2.83429898e+00]
train  L_V                   = +0.3622 (19.7%)
 train    L_V_attractive      = +0.2519 (13.7%)
 train      L_V_attractive_charged      = +0.2023 (11.0%)
 train      L_V_attractive_neutral      = +0.0497 (2.7%)
 train    L_V_repulsive       = +0.1103 (6.0%)
 train      L_V_repulsive_charged       = +0.0605 (3.3%)
 train      L_V_repulsive_neutral       = +0.0498 (2.7%)
 train    L_charged_cluster   = +0.0000 (0.0%)
 train  L_beta              = +0.7934 (43.1%)
 train    L_beta_noise        = +0.0000 (0.0%)
 train    L_beta_sig          = +0.1193 (6.5%)
 train    L_beta_suppress     = +0.0000 (0.0%)
 train    L_beta_track        = +0.6741 (36.6%)
 train      L_beta_norms_term   = -0.0247 (-1.3%)
 train      L_beta_logbeta_term = +0.1440 (7.8%)
 train  L_E   = +0.6840 (37.2%)
 train    L_E_charge = +0.0000 (0.0%)
 train    L_E_cond = +0.4045 (22.0%)
 train    L_E_cluster = +0.2795 (15.2%)
 train    L_E_w_photon   = +0.0000 (0.0%)
 train    L_E_w_charged_hadron   = +0.0000 (0.0%)
 train    L_E_w_neutral_hadron   = +0.0000 (0.0%)
 train    L_E_w_muon     = +0.0000 (0.0%)
 train    L_E_w_electron = +0.0000 (0.0%)
learning rate :  [0.00039890465297888624, 0.00039563061276672447, 0.000390213750433216, 0.00038271341425563806, 0.0003732117794866986, 0.00036181294802527074, 0.000348641807854205, 0.0003338426647414537, 0.00031757766119588004, 0.00030002500000000004, 0.0002813769917830063, 0.00026183794802527076, 0.00024162194257901096, 0.00022095046623036733, 0.00020005, 0.00017914953376963274, 0.00015847805742098906, 0.0001382620519747293, 0.00011872300821699378, 0.00010007500000000005, 8.252233880412002e-05, 6.625733525854636e-05, 5.1458192145795003e-05, 3.8287051974729284e-05, 2.688822051330148e-05, 1.7386585744361935e-05, 9.886249566784053e-06, 4.469387233275552e-06, 1.1953470211137557e-06, 1e-07, 0.0003990946109184883, 0.0003963866430176782, 0.0003919006200742188, 0.0003856771682065637, 0.00037777264795855195, 0.0003682586438895947, 0.00035722131629382036, 0.00034476062091910877, 0.0003309894037523598, 0.00031603237906876113, 0.00030002500000000004, 0.0002831122318497272, 0.00026544723926531853]
train loss :  2.8397011756896973
test   L_V                   = +45.6581 (96.7%)
    L_V_attractive      = +45.5451 (96.4%)
      L_V_attractive_charged      = +11.1420 (23.6%)
      L_V_attractive_neutral      = +34.4031 (72.8%)
    L_V_repulsive       = +0.1130 (0.2%)
      L_V_repulsive_charged       = +0.0605 (0.1%)
      L_V_repulsive_neutral       = +0.0525 (0.1%)
    L_charged_cluster   = +0.0000 (0.0%)
  L_beta              = +0.8314 (1.8%)
    L_beta_noise        = +0.0000 (0.0%)
    L_beta_sig          = +0.1429 (0.3%)
    L_beta_suppress     = +0.0000 (0.0%)
    L_beta_track        = +0.6885 (1.5%)
      L_beta_norms_term   = -0.0227 (-0.0%)
      L_beta_logbeta_term = +0.1656 (0.4%)
  L_E   = +0.7497 (1.6%)
    L_E_charge = +0.0000 (0.0%)
    L_E_cond = +0.4653 (1.0%)
    L_E_cluster = +0.2844 (0.6%)
    L_E_w_photon   = +0.0000 (0.0%)
    L_E_w_charged_hadron   = +0.0000 (0.0%)
    L_E_w_neutral_hadron   = +0.0000 (0.0%)
    L_E_w_muon     = +0.0000 (0.0%)
    L_E_w_electron = +0.0000 (0.0%)
Returning 48.23918151855469
[rank 0] epoch=43 train_batch=2000/15625 loss=2.820567
[rank 0] epoch=43 train_batch=4000/15625 loss=2.766866
[rank 0] epoch=43 train_batch=6000/15625 loss=2.890908
[rank 0] epoch=43 train_batch=8000/15625 loss=2.752518
[rank 0] epoch=43 train_batch=10000/15625 loss=2.815382
[rank 0] epoch=43 train_batch=12000/15625 loss=2.836941
[rank 0] epoch=43 train_batch=14000/15625 loss=2.823446
Training epoch 43
[1.41869190e+00 3.08740018e-02 2.73530219e+00 8.25843667e-03
 2.94843366e+00 1.05960599e-06 3.58819834e-01 1.97343839e-03
 9.30270322e-01 8.81815932e-10 5.92973071e-01 3.72854901e-01
 3.82280709e+00 9.76533283e-02 1.75595807e-01 1.14472748e-01
 9.72298335e-01 7.37043308e-02 1.26883189e+00 2.61931736e-02
 3.79954683e-02 3.30952427e-02 2.28973959e-02 1.55640371e-09
 6.91225508e-03 1.43196034e-03 6.75190822e-03 1.22941693e-10
 1.16694542e-03 4.17798275e-03 2.20322660e-03 4.02140653e-04
 9.63206927e-04 1.16688671e-03 4.60470241e-03 4.79599838e-04
 1.70667332e-02 9.20901055e-04 1.30244975e-02 5.06686364e-03
 6.07923516e-04 1.73361045e-10 8.93945438e-04 8.60938907e-05
 5.87605010e-04 1.99428715e-11 1.69855490e-04 1.74117180e-04
 5.81080612e-04 5.86756898e-05 2.06373918e-04 2.23129553e-04
 7.04789870e-04 7.13222397e-05 1.81764881e-03 9.44399279e-05
 5.88680259e-03 6.39603768e-03 3.05493231e-06 6.46623483e-12
 1.65690791e-06 1.97356408e-08 3.02466996e-06 3.06648741e-13
 1.32292233e-06 1.45944662e-06 5.92435896e-06 4.20995553e-07
 2.54640047e-06 9.50066392e-07 9.75046868e-06 2.85000041e-07
 8.06292135e-06 4.20637362e-07 1.66084737e-03 6.99601210e-03
 2.06257936e-01 5.85015379e-03 4.51888599e-02 3.29666181e-02
 1.71032776e-01 1.07068268e-02 6.59454157e-02 3.38149591e-02
 2.43135740e-01 1.14819857e-02 9.29734513e-02 2.63536035e-02
 2.10724136e-01 7.44662780e-03 7.51879209e-01 2.74496292e-01
 8.90890772e-01 7.20380170e-02 7.85011438e-01 1.02747519e-01
 2.63063267e+00 2.77247904e+00]
train  L_V                   = +0.3621 (19.4%)
 train    L_V_attractive      = +0.2494 (13.4%)
 train      L_V_attractive_charged      = +0.1991 (10.7%)
 train      L_V_attractive_neutral      = +0.0503 (2.7%)
 train    L_V_repulsive       = +0.1127 (6.0%)
 train      L_V_repulsive_charged       = +0.0623 (3.3%)
 train      L_V_repulsive_neutral       = +0.0504 (2.7%)
 train    L_charged_cluster   = +0.0000 (0.0%)
 train  L_beta              = +0.8030 (43.0%)
 train    L_beta_noise        = +0.0000 (0.0%)
 train    L_beta_sig          = +0.1228 (6.6%)
 train    L_beta_suppress     = +0.0000 (0.0%)
 train    L_beta_track        = +0.6802 (36.4%)
 train      L_beta_norms_term   = -0.0247 (-1.3%)
 train      L_beta_logbeta_term = +0.1475 (7.9%)
 train  L_E   = +0.7015 (37.6%)
 train    L_E_charge = +0.0000 (0.0%)
 train    L_E_cond = +0.4131 (22.1%)
 train    L_E_cluster = +0.2884 (15.5%)
 train    L_E_w_photon   = +0.0000 (0.0%)
 train    L_E_w_charged_hadron   = +0.0000 (0.0%)
 train    L_E_w_neutral_hadron   = +0.0000 (0.0%)
 train    L_E_w_muon     = +0.0000 (0.0%)
 train    L_E_w_electron = +0.0000 (0.0%)
learning rate :  [0.00039890465297888624, 0.00039563061276672447, 0.000390213750433216, 0.00038271341425563806, 0.0003732117794866986, 0.00036181294802527074, 0.000348641807854205, 0.0003338426647414537, 0.00031757766119588004, 0.00030002500000000004, 0.0002813769917830063, 0.00026183794802527076, 0.00024162194257901096, 0.00022095046623036733, 0.00020005, 0.00017914953376963274, 0.00015847805742098906, 0.0001382620519747293, 0.00011872300821699378, 0.00010007500000000005, 8.252233880412002e-05, 6.625733525854636e-05, 5.1458192145795003e-05, 3.8287051974729284e-05, 2.688822051330148e-05, 1.7386585744361935e-05, 9.886249566784053e-06, 4.469387233275552e-06, 1.1953470211137557e-06, 1e-07, 0.0003990946109184883, 0.0003963866430176782, 0.0003919006200742188, 0.0003856771682065637, 0.00037777264795855195, 0.0003682586438895947, 0.00035722131629382036, 0.00034476062091910877, 0.0003309894037523598, 0.00031603237906876113, 0.00030002500000000004, 0.0002831122318497272, 0.00026544723926531853, 0.00024718999915511003]
train loss :  2.8666138648986816
test   L_V                   = +16.9029 (88.2%)
    L_V_attractive      = +16.7732 (87.5%)
      L_V_attractive_charged      = +0.7350 (3.8%)
      L_V_attractive_neutral      = +16.0382 (83.7%)
    L_V_repulsive       = +0.1297 (0.7%)
      L_V_repulsive_charged       = +0.0656 (0.3%)
      L_V_repulsive_neutral       = +0.0640 (0.3%)
    L_charged_cluster   = +0.0000 (0.0%)
  L_beta              = +1.0061 (5.3%)
    L_beta_noise        = +0.0000 (0.0%)
    L_beta_sig          = +0.2079 (1.1%)
    L_beta_suppress     = +0.0000 (0.0%)
    L_beta_track        = +0.7983 (4.2%)
      L_beta_norms_term   = -0.0174 (-0.1%)
      L_beta_logbeta_term = +0.2252 (1.2%)
  L_E   = +1.2526 (6.5%)
    L_E_charge = +0.0000 (0.0%)
    L_E_cond = +0.7583 (4.0%)
    L_E_cluster = +0.4943 (2.6%)
    L_E_w_photon   = +0.0000 (0.0%)
    L_E_w_charged_hadron   = +0.0000 (0.0%)
    L_E_w_neutral_hadron   = +0.0000 (0.0%)
    L_E_w_muon     = +0.0000 (0.0%)
    L_E_w_electron = +0.0000 (0.0%)
Returning 20.16162109375
[rank 0] epoch=44 train_batch=2000/15625 loss=3.031103
[rank 0] epoch=44 train_batch=4000/15625 loss=3.040453
[rank 0] epoch=44 train_batch=6000/15625 loss=3.017651
[rank 0] epoch=44 train_batch=8000/15625 loss=3.020211
[rank 0] epoch=44 train_batch=10000/15625 loss=2.959660
[rank 0] epoch=44 train_batch=12000/15625 loss=2.909856
[rank 0] epoch=44 train_batch=14000/15625 loss=2.975416
Training epoch 44
[7.33157245e+00 2.36029458e-01 1.27703261e+01 8.38991390e-02
 1.25272358e+01 1.57986058e-05 2.39901017e+00 1.73089247e-02
 3.20177806e+00 5.06469697e-09 1.30709305e+00 2.02037263e+00
 3.31009735e+00 3.06782022e-01 4.40096650e-01 4.40626347e-01
 1.29595940e+00 1.67131202e-01 2.65636196e+00 1.28093403e-01
 1.56551705e-01 1.21750156e-01 2.49217660e-01 2.60661536e-08
 7.54172695e-02 1.83132564e-02 8.17676651e-02 3.67607521e-09
 1.94647637e-02 5.23622794e-02 5.76829385e-02 7.90998995e-03
 1.73447763e-02 1.97853921e-02 7.55780666e-02 6.96760949e-03
 1.92406763e-01 1.01939522e-02 5.78503946e-02 3.98603796e-02
 1.23702170e-02 1.48106617e-08 3.51027323e-02 3.57197173e-03
 2.99612228e-02 2.78910278e-09 1.11932349e-02 8.15616116e-03
 4.34132050e-02 3.82012614e-03 1.07886446e-02 8.61290873e-03
 3.96106274e-02 2.65977024e-03 5.35626743e-02 2.83727927e-03
 4.85095077e-02 3.42911996e-02 6.03404446e-05 6.17035629e-11
 5.52403296e-05 4.42816026e-06 1.12405341e-03 2.02891323e-11
 6.37334265e-04 2.02833559e-04 2.73252224e-03 8.48429160e-05
 1.40396779e-04 3.11847485e-05 6.80558477e-04 1.07964526e-05
 4.42344759e-04 2.26241871e-05 4.82995007e-03 3.74494531e-02
 4.56963482e-01 1.85744695e-02 1.10729553e-01 8.01773850e-02
 3.57634248e-01 2.73886963e-02 1.45988653e-01 1.05651298e-01
 4.56841010e-01 3.07805469e-02 5.76833259e-01 7.80387743e-02
 8.23556469e-01 2.41514747e-02 6.32810653e-01 3.39712421e-01
 9.28659712e-01 1.30990026e-01 1.24097701e+00 1.17644519e-01
 2.26517080e+00 2.14624019e+00]
train  L_V                   = +0.3243 (16.3%)
 train    L_V_attractive      = +0.2078 (10.5%)
 train      L_V_attractive_charged      = +0.1540 (7.8%)
 train      L_V_attractive_neutral      = +0.0538 (2.7%)
 train    L_V_repulsive       = +0.1165 (5.9%)
 train      L_V_repulsive_charged       = +0.0700 (3.5%)
 train      L_V_repulsive_neutral       = +0.0465 (2.3%)
 train    L_charged_cluster   = +0.0000 (0.0%)
 train  L_beta              = +0.8604 (43.4%)
 train    L_beta_noise        = +0.0000 (0.0%)
 train    L_beta_sig          = +0.1475 (7.4%)
 train    L_beta_suppress     = +0.0000 (0.0%)
 train    L_beta_track        = +0.7128 (35.9%)
 train      L_beta_norms_term   = -0.0198 (-1.0%)
 train      L_beta_logbeta_term = +0.1674 (8.4%)
 train  L_E   = +0.7998 (40.3%)
 train    L_E_charge = +0.0000 (0.0%)
 train    L_E_cond = +0.4592 (23.1%)
 train    L_E_cluster = +0.3406 (17.2%)
 train    L_E_w_photon   = +0.0000 (0.0%)
 train    L_E_w_charged_hadron   = +0.0000 (0.0%)
 train    L_E_w_neutral_hadron   = +0.0000 (0.0%)
 train    L_E_w_muon     = +0.0000 (0.0%)
 train    L_E_w_electron = +0.0000 (0.0%)
learning rate :  [0.00039890465297888624, 0.00039563061276672447, 0.000390213750433216, 0.00038271341425563806, 0.0003732117794866986, 0.00036181294802527074, 0.000348641807854205, 0.0003338426647414537, 0.00031757766119588004, 0.00030002500000000004, 0.0002813769917830063, 0.00026183794802527076, 0.00024162194257901096, 0.00022095046623036733, 0.00020005, 0.00017914953376963274, 0.00015847805742098906, 0.0001382620519747293, 0.00011872300821699378, 0.00010007500000000005, 8.252233880412002e-05, 6.625733525854636e-05, 5.1458192145795003e-05, 3.8287051974729284e-05, 2.688822051330148e-05, 1.7386585744361935e-05, 9.886249566784053e-06, 4.469387233275552e-06, 1.1953470211137557e-06, 1e-07, 0.0003990946109184883, 0.0003963866430176782, 0.0003919006200742188, 0.0003856771682065637, 0.00037777264795855195, 0.0003682586438895947, 0.00035722131629382036, 0.00034476062091910877, 0.0003309894037523598, 0.00031603237906876113, 0.00030002500000000004, 0.0002831122318497272, 0.00026544723926531853, 0.00024718999915511003, 0.00022850585191274341]
train loss :  2.984443187713623
test   L_V                   = +2051.1841 (99.9%)
    L_V_attractive      = +2051.0647 (99.9%)
      L_V_attractive_charged      = +572.6779 (27.9%)
      L_V_attractive_neutral      = +1478.3702 (72.0%)
    L_V_repulsive       = +0.1419 (0.0%)
      L_V_repulsive_charged       = +0.0794 (0.0%)
      L_V_repulsive_neutral       = +0.0624 (0.0%)
    L_charged_cluster   = +0.0000 (0.0%)
  L_beta              = +0.8565 (0.0%)
    L_beta_noise        = +0.0000 (0.0%)
    L_beta_sig          = +0.1413 (0.0%)
    L_beta_suppress     = +0.0000 (0.0%)
    L_beta_track        = +0.7152 (0.0%)
      L_beta_norms_term   = -0.0203 (-0.0%)
      L_beta_logbeta_term = +0.1616 (0.0%)
  L_E   = +0.7965 (0.0%)
    L_E_charge = +0.0000 (0.0%)
    L_E_cond = +0.4742 (0.0%)
    L_E_cluster = +0.3223 (0.0%)
    L_E_w_photon   = +0.0000 (0.0%)
    L_E_w_charged_hadron   = +0.0000 (0.0%)
    L_E_w_neutral_hadron   = +0.0000 (0.0%)
    L_E_w_muon     = +0.0000 (0.0%)
    L_E_w_electron = +0.0000 (0.0%)
Returning 2053.837158203125
[rank 0] epoch=45 train_batch=2000/15625 loss=2.869332
[rank 0] epoch=45 train_batch=4000/15625 loss=2.946519
[rank 0] epoch=45 train_batch=6000/15625 loss=2.853708
[rank 0] epoch=45 train_batch=8000/15625 loss=2.899490
[rank 0] epoch=45 train_batch=10000/15625 loss=2.829732
[rank 0] epoch=45 train_batch=12000/15625 loss=2.811174
[rank 0] epoch=45 train_batch=14000/15625 loss=2.966609
Training epoch 45
[6.33848518e+00 1.18537695e-01 1.02623402e+01 3.48559421e-02
 9.97163715e+00 1.04747204e-05 1.20864093e+00 8.89174053e-03
 2.01280287e+00 3.21912232e-09 1.10902270e+00 1.60553941e+00
 3.19851769e+00 1.79701826e-01 2.56984610e-01 3.00141191e-01
 1.04927341e+00 1.27648437e-01 2.10591954e+00 8.77542144e-02
 1.15889429e-01 5.49969366e-02 1.98956708e-01 2.30889397e-08
 5.20685262e-02 9.49259385e-03 5.91947409e-02 2.10358244e-09
 1.20425580e-02 2.51915065e-02 3.84196170e-02 5.54053164e-03
 1.33927994e-02 1.37578143e-02 5.54392892e-02 4.95957521e-03
 1.01396298e-01 5.41920644e-03 3.67349664e-02 1.32036805e-02
 2.86565518e-03 1.25305380e-09 7.00410209e-03 8.67183602e-04
 6.53286635e-03 3.08429534e-10 2.59927617e-03 1.43920356e-03
 1.15720284e-02 7.29291468e-04 2.50425358e-03 1.81051509e-03
 9.28371033e-03 5.78828162e-04 1.16678250e-02 6.01499431e-04
 2.18305537e-02 1.03149963e-02 9.42033142e-05 2.25526544e-10
 9.40168271e-05 2.01107104e-06 3.81345163e-04 4.82841217e-11
 1.11077457e-04 7.47528517e-05 5.48929054e-04 3.06268466e-05
 1.30577878e-04 1.72485649e-04 6.38971872e-04 5.79265248e-05
 1.07618222e-03 5.28847265e-05 3.20948056e-03 1.42660322e-02
 3.45364280e-01 9.22408135e-03 8.52248602e-02 6.52813098e-02
 2.71147560e-01 2.15743486e-02 1.15391807e-01 6.71528251e-02
 3.38725514e-01 1.83932943e-02 5.62158626e-01 1.06992900e-01
 8.40325680e-01 3.30976137e-02 8.39084544e-01 4.31494414e-01
 1.22566279e+00 1.89680361e-01 1.44407123e+00 1.69923046e-01
 3.21178033e+00 2.94326894e+00]
train  L_V                   = +0.3250 (17.3%)
 train    L_V_attractive      = +0.2150 (11.4%)
 train      L_V_attractive_charged      = +0.1622 (8.6%)
 train      L_V_attractive_neutral      = +0.0527 (2.8%)
 train    L_V_repulsive       = +0.1101 (5.8%)
 train      L_V_repulsive_charged       = +0.0647 (3.4%)
 train      L_V_repulsive_neutral       = +0.0454 (2.4%)
 train    L_charged_cluster   = +0.0000 (0.0%)
 train  L_beta              = +0.8370 (44.4%)
 train    L_beta_noise        = +0.0000 (0.0%)
 train    L_beta_sig          = +0.1353 (7.2%)
 train    L_beta_suppress     = +0.0000 (0.0%)
 train    L_beta_track        = +0.7017 (37.2%)
 train      L_beta_norms_term   = -0.0211 (-1.1%)
 train      L_beta_logbeta_term = +0.1563 (8.3%)
 train  L_E   = +0.7219 (38.3%)
 train    L_E_charge = +0.0000 (0.0%)
 train    L_E_cond = +0.4280 (22.7%)
 train    L_E_cluster = +0.2939 (15.6%)
 train    L_E_w_photon   = +0.0000 (0.0%)
 train    L_E_w_charged_hadron   = +0.0000 (0.0%)
 train    L_E_w_neutral_hadron   = +0.0000 (0.0%)
 train    L_E_w_muon     = +0.0000 (0.0%)
 train    L_E_w_electron = +0.0000 (0.0%)
learning rate :  [0.00039890465297888624, 0.00039563061276672447, 0.000390213750433216, 0.00038271341425563806, 0.0003732117794866986, 0.00036181294802527074, 0.000348641807854205, 0.0003338426647414537, 0.00031757766119588004, 0.00030002500000000004, 0.0002813769917830063, 0.00026183794802527076, 0.00024162194257901096, 0.00022095046623036733, 0.00020005, 0.00017914953376963274, 0.00015847805742098906, 0.0001382620519747293, 0.00011872300821699378, 0.00010007500000000005, 8.252233880412002e-05, 6.625733525854636e-05, 5.1458192145795003e-05, 3.8287051974729284e-05, 2.688822051330148e-05, 1.7386585744361935e-05, 9.886249566784053e-06, 4.469387233275552e-06, 1.1953470211137557e-06, 1e-07, 0.0003990946109184883, 0.0003963866430176782, 0.0003919006200742188, 0.0003856771682065637, 0.00037777264795855195, 0.0003682586438895947, 0.00035722131629382036, 0.00034476062091910877, 0.0003309894037523598, 0.00031603237906876113, 0.00030002500000000004, 0.0002831122318497272, 0.00026544723926531853, 0.00024718999915511003, 0.00022850585191274341, 0.00020956400406895733]
train loss :  2.8839118480682373
test   L_V                   = +2188.3140 (99.9%)
    L_V_attractive      = +2188.1973 (99.9%)
      L_V_attractive_charged      = +59.5217 (2.7%)
      L_V_attractive_neutral      = +2128.6609 (97.2%)
    L_V_repulsive       = +0.1250 (0.0%)
      L_V_repulsive_charged       = +0.0686 (0.0%)
      L_V_repulsive_neutral       = +0.0564 (0.0%)
    L_charged_cluster   = +0.0000 (0.0%)
  L_beta              = +0.8928 (0.0%)
    L_beta_noise        = +0.0000 (0.0%)
    L_beta_sig          = +0.1751 (0.0%)
    L_beta_suppress     = +0.0000 (0.0%)
    L_beta_track        = +0.7177 (0.0%)
      L_beta_norms_term   = -0.0175 (-0.0%)
      L_beta_logbeta_term = +0.1927 (0.0%)
  L_E   = +0.8981 (0.0%)
    L_E_charge = +0.0000 (0.0%)
    L_E_cond = +0.5800 (0.0%)
    L_E_cluster = +0.3180 (0.0%)
    L_E_w_photon   = +0.0000 (0.0%)
    L_E_w_charged_hadron   = +0.0000 (0.0%)
    L_E_w_neutral_hadron   = +0.0000 (0.0%)
    L_E_w_muon     = +0.0000 (0.0%)
    L_E_w_electron = +0.0000 (0.0%)
Returning 2191.10498046875
[rank 0] epoch=46 train_batch=2000/15625 loss=2.855343
[rank 0] epoch=46 train_batch=4000/15625 loss=2.779331
[rank 0] epoch=46 train_batch=6000/15625 loss=2.933558
[rank 0] epoch=46 train_batch=8000/15625 loss=2.834691
[rank 0] epoch=46 train_batch=10000/15625 loss=2.836084
[rank 0] epoch=46 train_batch=12000/15625 loss=2.793125
[rank 0] epoch=46 train_batch=14000/15625 loss=2.803187
Training epoch 46
[2.37181902e+00 3.91541586e-02 3.45985367e+00 8.61424769e-03
 3.54610245e+00 2.22121932e-06 4.74667941e-01 2.20753481e-03
 1.20588368e+00 1.14619215e-09 7.16022612e-01 6.78928770e-01
 2.74940685e+00 1.07888226e-01 2.01251399e-01 1.92518375e-01
 8.69576877e-01 1.00121104e-01 1.77879267e+00 6.35490171e-02
 7.99270938e-02 2.81640916e-02 2.93737110e-02 2.34348027e-09
 8.46088366e-03 1.60280499e-03 7.56381346e-03 3.21388322e-10
 1.92510165e-03 5.17938620e-03 5.02140762e-03 5.32283619e-04
 1.54582189e-03 1.53469683e-03 7.19721492e-03 6.21123943e-04
 2.98698693e-02 1.68092722e-03 3.02681558e-02 1.18977129e-02
 1.14394884e-03 4.83309498e-10 3.09085046e-03 9.66929775e-05
 2.26489757e-03 6.84758777e-11 6.57068387e-04 5.93570438e-04
 2.14377328e-03 2.06402699e-04 7.16738308e-04 9.13020598e-04
 2.54566067e-03 2.81399453e-04 5.45600371e-03 2.80616900e-04
 1.48431184e-02 1.16625448e-02 2.79627300e-07 4.19392302e-13
 4.26378544e-07 2.29773698e-08 6.02097582e-06 6.91972795e-14
 1.01084610e-06 8.31818221e-07 4.53639685e-06 4.27336520e-07
 1.64066691e-06 1.35867201e-06 6.21469865e-06 4.50986091e-07
 3.11436332e-05 1.65757047e-06 1.95066761e-03 1.39879533e-02
 2.85290040e-01 7.40475317e-03 7.92004518e-02 5.40988230e-02
 2.31205800e-01 1.89526773e-02 9.11607435e-02 5.30710604e-02
 2.90478022e-01 1.57591779e-02 4.83739314e-01 8.19052318e-02
 7.60460973e-01 2.36119926e-02 9.20780763e-01 4.28946910e-01
 1.44885568e+00 1.89064509e-01 1.64205692e+00 1.78770436e-01
 3.49669403e+00 3.21320127e+00]
train  L_V                   = +0.3286 (17.7%)
 train    L_V_attractive      = +0.2209 (11.9%)
 train      L_V_attractive_charged      = +0.1684 (9.1%)
 train      L_V_attractive_neutral      = +0.0525 (2.8%)
 train    L_V_repulsive       = +0.1077 (5.8%)
 train      L_V_repulsive_charged       = +0.0621 (3.4%)
 train      L_V_repulsive_neutral       = +0.0456 (2.5%)
 train    L_charged_cluster   = +0.0000 (0.0%)
 train  L_beta              = +0.8234 (44.4%)
 train    L_beta_noise        = +0.0000 (0.0%)
 train    L_beta_sig          = +0.1266 (6.8%)
 train    L_beta_suppress     = +0.0000 (0.0%)
 train    L_beta_track        = +0.6968 (37.6%)
 train      L_beta_norms_term   = -0.0231 (-1.2%)
 train      L_beta_logbeta_term = +0.1497 (8.1%)
 train  L_E   = +0.7004 (37.8%)
 train    L_E_charge = +0.0000 (0.0%)
 train    L_E_cond = +0.4169 (22.5%)
 train    L_E_cluster = +0.2835 (15.3%)
 train    L_E_w_photon   = +0.0000 (0.0%)
 train    L_E_w_charged_hadron   = +0.0000 (0.0%)
 train    L_E_w_neutral_hadron   = +0.0000 (0.0%)
 train    L_E_w_muon     = +0.0000 (0.0%)
 train    L_E_w_electron = +0.0000 (0.0%)
learning rate :  [0.00039890465297888624, 0.00039563061276672447, 0.000390213750433216, 0.00038271341425563806, 0.0003732117794866986, 0.00036181294802527074, 0.000348641807854205, 0.0003338426647414537, 0.00031757766119588004, 0.00030002500000000004, 0.0002813769917830063, 0.00026183794802527076, 0.00024162194257901096, 0.00022095046623036733, 0.00020005, 0.00017914953376963274, 0.00015847805742098906, 0.0001382620519747293, 0.00011872300821699378, 0.00010007500000000005, 8.252233880412002e-05, 6.625733525854636e-05, 5.1458192145795003e-05, 3.8287051974729284e-05, 2.688822051330148e-05, 1.7386585744361935e-05, 9.886249566784053e-06, 4.469387233275552e-06, 1.1953470211137557e-06, 1e-07, 0.0003990946109184883, 0.0003963866430176782, 0.0003919006200742188, 0.0003856771682065637, 0.00037777264795855195, 0.0003682586438895947, 0.00035722131629382036, 0.00034476062091910877, 0.0003309894037523598, 0.00031603237906876113, 0.00030002500000000004, 0.0002831122318497272, 0.00026544723926531853, 0.00024718999915511003, 0.00022850585191274341, 0.00020956400406895733, 0.00019053599593104275]
train loss :  2.852384090423584
test   L_V                   = +376.3410 (99.6%)
    L_V_attractive      = +376.2155 (99.5%)
      L_V_attractive_charged      = +57.1034 (15.1%)
      L_V_attractive_neutral      = +319.1116 (84.4%)
    L_V_repulsive       = +0.1260 (0.0%)
      L_V_repulsive_charged       = +0.0686 (0.0%)
      L_V_repulsive_neutral       = +0.0574 (0.0%)
    L_charged_cluster   = +0.0000 (0.0%)
  L_beta              = +0.8460 (0.2%)
    L_beta_noise        = +0.0000 (0.0%)
    L_beta_sig          = +0.1370 (0.0%)
    L_beta_suppress     = +0.0000 (0.0%)
    L_beta_track        = +0.7090 (0.2%)
      L_beta_norms_term   = -0.0218 (-0.0%)
      L_beta_logbeta_term = +0.1589 (0.0%)
  L_E   = +0.8020 (0.2%)
    L_E_charge = +0.0000 (0.0%)
    L_E_cond = +0.4913 (0.1%)
    L_E_cluster = +0.3107 (0.1%)
    L_E_w_photon   = +0.0000 (0.0%)
    L_E_w_charged_hadron   = +0.0000 (0.0%)
    L_E_w_neutral_hadron   = +0.0000 (0.0%)
    L_E_w_muon     = +0.0000 (0.0%)
    L_E_w_electron = +0.0000 (0.0%)
Returning 378.98907470703125
[rank 0] epoch=47 train_batch=2000/15625 loss=2.954298
[rank 0] epoch=47 train_batch=4000/15625 loss=2.858308
[rank 0] epoch=47 train_batch=6000/15625 loss=2.946990
[rank 0] epoch=47 train_batch=8000/15625 loss=2.787122
[rank 0] epoch=47 train_batch=10000/15625 loss=2.937070
[rank 0] epoch=47 train_batch=12000/15625 loss=2.883658
[rank 0] epoch=47 train_batch=14000/15625 loss=2.781713
Training epoch 47
[3.15071433e+00 6.14881738e-02 4.11561090e+00 1.45281222e-02
 4.03589876e+00 2.52500082e-06 4.58905434e-01 2.87201935e-03
 9.87028420e-01 1.00501825e-09 6.49830591e-01 7.88023429e-01
 2.48014038e+00 9.81818786e-02 1.95121207e-01 1.72833300e-01
 7.67844876e-01 8.66074170e-02 2.03039103e+00 6.64460702e-02
 7.40338732e-02 3.72257844e-02 4.11651954e-02 2.18181875e-09
 1.07470850e-02 1.46856692e-03 1.17224086e-02 3.26693450e-10
 3.72436306e-03 5.74303242e-03 1.10308374e-02 8.67695552e-04
 6.68853568e-03 5.91783217e-03 1.97572143e-02 1.91797872e-03
 5.23798579e-02 2.91158975e-03 3.03032682e-02 1.87481263e-02
 1.99393778e-03 8.65744068e-10 5.18925161e-03 1.44166231e-04
 3.85363593e-03 9.32981366e-11 1.39817750e-03 1.09339443e-03
 4.83215410e-03 4.76933471e-04 1.95725524e-03 2.82838271e-03
 6.95678311e-03 7.15735335e-04 1.23500059e-02 7.00490971e-04
 1.76923421e-02 1.72298908e-02 1.91474046e-05 9.81995330e-11
 2.91500936e-04 3.29739467e-06 6.19915689e-04 2.05557768e-11
 6.42891270e-05 1.75750252e-04 3.97278155e-04 6.14403814e-05
 1.23933127e-04 3.99119280e-04 7.90819013e-04 1.23669763e-04
 1.90230816e-03 1.09422816e-04 2.32900366e-03 1.89364908e-02
 3.02892434e-01 1.05905127e-02 8.74117788e-02 6.34582892e-02
 2.55538373e-01 2.15850994e-02 8.17930695e-02 4.71079138e-02
 2.76477704e-01 1.40254451e-02 4.54691666e-01 7.06893063e-02
 7.04789058e-01 2.19030441e-02 1.01525267e+00 4.25044571e-01
 1.58793800e+00 1.80693912e-01 1.83474743e+00 1.65081671e-01
 3.17031516e+00 2.89577136e+00]
train  L_V                   = +0.3358 (18.2%)
 train    L_V_attractive      = +0.2286 (12.4%)
 train      L_V_attractive_charged      = +0.1758 (9.5%)
 train      L_V_attractive_neutral      = +0.0527 (2.9%)
 train    L_V_repulsive       = +0.1072 (5.8%)
 train      L_V_repulsive_charged       = +0.0613 (3.3%)
 train      L_V_repulsive_neutral       = +0.0459 (2.5%)
 train    L_charged_cluster   = +0.0000 (0.0%)
 train  L_beta              = +0.8165 (44.2%)
 train    L_beta_noise        = +0.0000 (0.0%)
 train    L_beta_sig          = +0.1243 (6.7%)
 train    L_beta_suppress     = +0.0000 (0.0%)
 train    L_beta_track        = +0.6923 (37.4%)
 train      L_beta_norms_term   = -0.0234 (-1.3%)
 train      L_beta_logbeta_term = +0.1477 (8.0%)
 train  L_E   = +0.6963 (37.7%)
 train    L_E_charge = +0.0000 (0.0%)
 train    L_E_cond = +0.4142 (22.4%)
 train    L_E_cluster = +0.2821 (15.3%)
 train    L_E_w_photon   = +0.0000 (0.0%)
 train    L_E_w_charged_hadron   = +0.0000 (0.0%)
 train    L_E_w_neutral_hadron   = +0.0000 (0.0%)
 train    L_E_w_muon     = +0.0000 (0.0%)
 train    L_E_w_electron = +0.0000 (0.0%)
learning rate :  [0.00039890465297888624, 0.00039563061276672447, 0.000390213750433216, 0.00038271341425563806, 0.0003732117794866986, 0.00036181294802527074, 0.000348641807854205, 0.0003338426647414537, 0.00031757766119588004, 0.00030002500000000004, 0.0002813769917830063, 0.00026183794802527076, 0.00024162194257901096, 0.00022095046623036733, 0.00020005, 0.00017914953376963274, 0.00015847805742098906, 0.0001382620519747293, 0.00011872300821699378, 0.00010007500000000005, 8.252233880412002e-05, 6.625733525854636e-05, 5.1458192145795003e-05, 3.8287051974729284e-05, 2.688822051330148e-05, 1.7386585744361935e-05, 9.886249566784053e-06, 4.469387233275552e-06, 1.1953470211137557e-06, 1e-07, 0.0003990946109184883, 0.0003963866430176782, 0.0003919006200742188, 0.0003856771682065637, 0.00037777264795855195, 0.0003682586438895947, 0.00035722131629382036, 0.00034476062091910877, 0.0003309894037523598, 0.00031603237906876113, 0.00030002500000000004, 0.0002831122318497272, 0.00026544723926531853, 0.00024718999915511003, 0.00022850585191274341, 0.00020956400406895733, 0.00019053599593104275, 0.00017159414808725666]
train loss :  2.848642349243164
test   L_V                   = +1.7111 (53.0%)
    L_V_attractive      = +1.5437 (47.8%)
      L_V_attractive_charged      = +0.2471 (7.7%)
      L_V_attractive_neutral      = +1.2966 (40.2%)
    L_V_repulsive       = +0.1673 (5.2%)
      L_V_repulsive_charged       = +0.0854 (2.6%)
      L_V_repulsive_neutral       = +0.0820 (2.5%)
    L_charged_cluster   = +0.0000 (0.0%)
  L_beta              = +0.8188 (25.4%)
    L_beta_noise        = +0.0000 (0.0%)
    L_beta_sig          = +0.1155 (3.6%)
    L_beta_suppress     = +0.0000 (0.0%)
    L_beta_track        = +0.7033 (21.8%)
      L_beta_norms_term   = -0.0275 (-0.9%)
      L_beta_logbeta_term = +0.1430 (4.4%)
  L_E   = +0.6969 (21.6%)
    L_E_charge = +0.0000 (0.0%)
    L_E_cond = +0.4109 (12.7%)
    L_E_cluster = +0.2860 (8.9%)
    L_E_w_photon   = +0.0000 (0.0%)
    L_E_w_charged_hadron   = +0.0000 (0.0%)
    L_E_w_neutral_hadron   = +0.0000 (0.0%)
    L_E_w_muon     = +0.0000 (0.0%)
    L_E_w_electron = +0.0000 (0.0%)
Returning 4.226751327514648
[rank 0] epoch=48 train_batch=2000/15625 loss=2.862112
[rank 0] epoch=48 train_batch=4000/15625 loss=2.806821
[rank 0] epoch=48 train_batch=6000/15625 loss=2.807462
[rank 0] epoch=48 train_batch=8000/15625 loss=2.832386
[rank 0] epoch=48 train_batch=10000/15625 loss=2.829747
[rank 0] epoch=48 train_batch=12000/15625 loss=2.807661
[rank 0] epoch=48 train_batch=14000/15625 loss=2.921942
Training epoch 48
[1.61161474e+00 4.22224569e-02 1.95721133e+00 1.13590397e-02
 1.53982452e+00 1.72133203e-06 2.93201979e-01 2.32226319e-03
 7.43174082e-01 7.53445437e-10 5.04795452e-01 4.33427025e-01
 2.13460229e+00 8.25052965e-02 1.80140408e-01 1.59137931e-01
 7.72677006e-01 8.93765987e-02 2.02068137e+00 6.18193556e-02
 6.45700664e-02 3.15138006e-02 1.25563716e-02 1.40534183e-09
 5.22793491e-03 1.11538667e-03 4.83281343e-03 1.09381727e-10
 1.29861892e-03 3.01167371e-03 3.38307579e-03 4.13928933e-04
 1.07464971e-03 1.19201119e-03 5.52740367e-03 5.42864303e-04
 2.33266284e-02 1.25905947e-03 2.54593964e-02 1.41253826e-02
 5.72964134e-04 1.77565452e-10 1.93214243e-03 1.68311599e-04
 1.45116361e-03 4.94528504e-11 5.06173098e-04 3.89533673e-04
 1.66143180e-03 1.57624170e-04 5.57765925e-04 5.52435319e-04
 2.03735931e-03 1.69732321e-04 4.20938351e-03 2.25579336e-04
 1.50337340e-02 1.37907663e-02 3.84235485e-06 1.42532086e-11
 1.57744511e-05 1.14075266e-06 1.59035476e-04 3.10102512e-12
 1.08189538e-05 1.87666527e-05 4.54937932e-05 5.62286038e-06
 1.31303783e-05 1.78445677e-05 5.14056443e-05 5.66722209e-06
 1.10558768e-04 5.84473751e-06 1.47192229e-03 1.76851381e-02
 2.70134663e-01 9.01340837e-03 7.35834264e-02 6.08925591e-02
 2.12979324e-01 1.89844865e-02 8.30253102e-02 4.83262899e-02
 2.58653805e-01 1.41444507e-02 4.44275517e-01 6.36786681e-02
 6.43066881e-01 2.02439246e-02 1.03462961e+00 4.09544176e-01
 1.52650225e+00 1.71271747e-01 1.71932676e+00 1.51775158e-01
 2.93806928e+00 2.68983175e+00]
train  L_V                   = +0.3390 (18.4%)
 train    L_V_attractive      = +0.2322 (12.6%)
 train      L_V_attractive_charged      = +0.1793 (9.7%)
 train      L_V_attractive_neutral      = +0.0529 (2.9%)
 train    L_V_repulsive       = +0.1068 (5.8%)
 train      L_V_repulsive_charged       = +0.0611 (3.3%)
 train      L_V_repulsive_neutral       = +0.0457 (2.5%)
 train    L_charged_cluster   = +0.0000 (0.0%)
 train  L_beta              = +0.8129 (44.0%)
 train    L_beta_noise        = +0.0000 (0.0%)
 train    L_beta_sig          = +0.1227 (6.7%)
 train    L_beta_suppress     = +0.0000 (0.0%)
 train    L_beta_track        = +0.6902 (37.4%)
 train      L_beta_norms_term   = -0.0238 (-1.3%)
 train      L_beta_logbeta_term = +0.1465 (7.9%)
 train  L_E   = +0.6936 (37.6%)
 train    L_E_charge = +0.0000 (0.0%)
 train    L_E_cond = +0.4120 (22.3%)
 train    L_E_cluster = +0.2816 (15.3%)
 train    L_E_w_photon   = +0.0000 (0.0%)
 train    L_E_w_charged_hadron   = +0.0000 (0.0%)
 train    L_E_w_neutral_hadron   = +0.0000 (0.0%)
 train    L_E_w_muon     = +0.0000 (0.0%)
 train    L_E_w_electron = +0.0000 (0.0%)
learning rate :  [0.00039890465297888624, 0.00039563061276672447, 0.000390213750433216, 0.00038271341425563806, 0.0003732117794866986, 0.00036181294802527074, 0.000348641807854205, 0.0003338426647414537, 0.00031757766119588004, 0.00030002500000000004, 0.0002813769917830063, 0.00026183794802527076, 0.00024162194257901096, 0.00022095046623036733, 0.00020005, 0.00017914953376963274, 0.00015847805742098906, 0.0001382620519747293, 0.00011872300821699378, 0.00010007500000000005, 8.252233880412002e-05, 6.625733525854636e-05, 5.1458192145795003e-05, 3.8287051974729284e-05, 2.688822051330148e-05, 1.7386585744361935e-05, 9.886249566784053e-06, 4.469387233275552e-06, 1.1953470211137557e-06, 1e-07, 0.0003990946109184883, 0.0003963866430176782, 0.0003919006200742188, 0.0003856771682065637, 0.00037777264795855195, 0.0003682586438895947, 0.00035722131629382036, 0.00034476062091910877, 0.0003309894037523598, 0.00031603237906876113, 0.00030002500000000004, 0.0002831122318497272, 0.00026544723926531853, 0.00024718999915511003, 0.00022850585191274341, 0.00020956400406895733, 0.00019053599593104275, 0.00017159414808725666, 0.00015291000084489]
train loss :  2.845510721206665
test   L_V                   = +0.4200 (19.4%)
    L_V_attractive      = +0.2992 (13.8%)
      L_V_attractive_charged      = +0.2271 (10.5%)
      L_V_attractive_neutral      = +0.0722 (3.3%)
    L_V_repulsive       = +0.1208 (5.6%)
      L_V_repulsive_charged       = +0.0664 (3.1%)
      L_V_repulsive_neutral       = +0.0544 (2.5%)
    L_charged_cluster   = +0.0000 (0.0%)
  L_beta              = +0.8343 (38.6%)
    L_beta_noise        = +0.0000 (0.0%)
    L_beta_sig          = +0.1293 (6.0%)
    L_beta_suppress     = +0.0000 (0.0%)
    L_beta_track        = +0.7050 (32.6%)
      L_beta_norms_term   = -0.0232 (-1.1%)
      L_beta_logbeta_term = +0.1525 (7.1%)
  L_E   = +0.9074 (42.0%)
    L_E_charge = +0.0000 (0.0%)
    L_E_cond = +0.5792 (26.8%)
    L_E_cluster = +0.3282 (15.2%)
    L_E_w_photon   = +0.0000 (0.0%)
    L_E_w_charged_hadron   = +0.0000 (0.0%)
    L_E_w_neutral_hadron   = +0.0000 (0.0%)
    L_E_w_muon     = +0.0000 (0.0%)
    L_E_w_electron = +0.0000 (0.0%)
Returning 3.1617162227630615
[rank 0] epoch=49 train_batch=2000/15625 loss=2.867584
[rank 0] epoch=49 train_batch=4000/15625 loss=2.791526
[rank 0] epoch=49 train_batch=6000/15625 loss=2.836882
[rank 0] epoch=49 train_batch=8000/15625 loss=2.777223
[rank 0] epoch=49 train_batch=10000/15625 loss=2.848644
[rank 0] epoch=49 train_batch=12000/15625 loss=2.880904
[rank 0] epoch=49 train_batch=14000/15625 loss=2.910318
Training epoch 49
[2.23172007e+00 4.87989366e-02 2.75134009e+00 1.65853966e-02
 2.19385067e+00 3.45986092e-06 3.84448114e-01 4.04368331e-03
 8.11123711e-01 9.95384511e-10 5.07054438e-01 6.21707052e-01
 2.00742483e+00 8.44356647e-02 1.76525019e-01 1.61165780e-01
 7.34389865e-01 8.53204187e-02 1.80654044e+00 5.21111134e-02
 5.90319232e-02 2.97340571e-02 2.48350850e-02 3.16389592e-09
 7.23642820e-03 1.17053643e-03 7.42426851e-03 3.19361247e-10
 2.42414328e-03 3.24656804e-03 6.46082181e-03 5.35989855e-04
 1.48642305e-03 1.47522424e-03 7.26852084e-03 6.02207094e-04
 2.36117128e-02 1.31647338e-03 1.94378145e-02 1.26675701e-02
 1.49028663e-03 5.84444045e-10 1.54387588e-03 1.43516006e-04
 1.19843466e-03 5.41311416e-11 4.68289426e-04 3.96245723e-04
 1.73178600e-03 1.48155770e-04 4.36598196e-04 3.97444163e-04
 1.57186759e-03 1.11845784e-04 2.48887579e-03 1.30175699e-04
 1.13630962e-02 1.27524883e-02 1.88209382e-05 1.11915319e-10
 3.90328183e-05 2.52725594e-06 3.42865861e-04 1.08678618e-11
 2.23455224e-05 3.71248838e-05 9.36783438e-05 1.06625127e-05
 2.42854522e-05 4.01265866e-05 1.14699977e-04 1.32498410e-05
 2.74126049e-04 1.44533387e-05 2.22647986e-03 1.52903070e-02
 2.18456109e-01 8.58250388e-03 6.12210891e-02 4.87998066e-02
 1.97934287e-01 1.72808390e-02 8.06255558e-02 4.73142483e-02
 2.46846352e-01 1.32788908e-02 4.28006026e-01 5.56546041e-02
 5.99265012e-01 1.83253794e-02 1.08604976e+00 4.06468175e-01
 1.50160883e+00 1.65204503e-01 1.64711867e+00 1.45607262e-01
 2.79245198e+00 2.58768964e+00]
train  L_V                   = +0.3411 (18.5%)
 train    L_V_attractive      = +0.2343 (12.7%)
 train      L_V_attractive_charged      = +0.1812 (9.8%)
 train      L_V_attractive_neutral      = +0.0531 (2.9%)
 train    L_V_repulsive       = +0.1068 (5.8%)
 train      L_V_repulsive_charged       = +0.0609 (3.3%)
 train      L_V_repulsive_neutral       = +0.0459 (2.5%)
 train    L_charged_cluster   = +0.0000 (0.0%)
 train  L_beta              = +0.8106 (44.0%)
 train    L_beta_noise        = +0.0000 (0.0%)
 train    L_beta_sig          = +0.1217 (6.6%)
 train    L_beta_suppress     = +0.0000 (0.0%)
 train    L_beta_track        = +0.6889 (37.4%)
 train      L_beta_norms_term   = -0.0240 (-1.3%)
 train      L_beta_logbeta_term = +0.1458 (7.9%)
 train  L_E   = +0.6916 (37.5%)
 train    L_E_charge = +0.0000 (0.0%)
 train    L_E_cond = +0.4109 (22.3%)
 train    L_E_cluster = +0.2808 (15.2%)
 train    L_E_w_photon   = +0.0000 (0.0%)
 train    L_E_w_charged_hadron   = +0.0000 (0.0%)
 train    L_E_w_neutral_hadron   = +0.0000 (0.0%)
 train    L_E_w_muon     = +0.0000 (0.0%)
 train    L_E_w_electron = +0.0000 (0.0%)
learning rate :  [0.00039890465297888624, 0.00039563061276672447, 0.000390213750433216, 0.00038271341425563806, 0.0003732117794866986, 0.00036181294802527074, 0.000348641807854205, 0.0003338426647414537, 0.00031757766119588004, 0.00030002500000000004, 0.0002813769917830063, 0.00026183794802527076, 0.00024162194257901096, 0.00022095046623036733, 0.00020005, 0.00017914953376963274, 0.00015847805742098906, 0.0001382620519747293, 0.00011872300821699378, 0.00010007500000000005, 8.252233880412002e-05, 6.625733525854636e-05, 5.1458192145795003e-05, 3.8287051974729284e-05, 2.688822051330148e-05, 1.7386585744361935e-05, 9.886249566784053e-06, 4.469387233275552e-06, 1.1953470211137557e-06, 1e-07, 0.0003990946109184883, 0.0003963866430176782, 0.0003919006200742188, 0.0003856771682065637, 0.00037777264795855195, 0.0003682586438895947, 0.00035722131629382036, 0.00034476062091910877, 0.0003309894037523598, 0.00031603237906876113, 0.00030002500000000004, 0.0002831122318497272, 0.00026544723926531853, 0.00024718999915511003, 0.00022850585191274341, 0.00020956400406895733, 0.00019053599593104275, 0.00017159414808725666, 0.00015291000084489, 0.00013465276073468155]
train loss :  2.8433544635772705
test   L_V                   = +12.3835 (88.6%)
    L_V_attractive      = +12.2579 (87.7%)
      L_V_attractive_charged      = +3.0802 (22.0%)
      L_V_attractive_neutral      = +9.1777 (65.7%)
    L_V_repulsive       = +0.1256 (0.9%)
      L_V_repulsive_charged       = +0.0681 (0.5%)
      L_V_repulsive_neutral       = +0.0575 (0.4%)
    L_charged_cluster   = +0.0000 (0.0%)
  L_beta              = +0.8251 (5.9%)
    L_beta_noise        = +0.0000 (0.0%)
    L_beta_sig          = +0.1253 (0.9%)
    L_beta_suppress     = +0.0000 (0.0%)
    L_beta_track        = +0.6999 (5.0%)
      L_beta_norms_term   = -0.0242 (-0.2%)
      L_beta_logbeta_term = +0.1495 (1.1%)
  L_E   = +0.7695 (5.5%)
    L_E_charge = +0.0000 (0.0%)
    L_E_cond = +0.4700 (3.4%)
    L_E_cluster = +0.2995 (2.1%)
    L_E_w_photon   = +0.0000 (0.0%)
    L_E_w_charged_hadron   = +0.0000 (0.0%)
    L_E_w_neutral_hadron   = +0.0000 (0.0%)
    L_E_w_muon     = +0.0000 (0.0%)
    L_E_w_electron = +0.0000 (0.0%)
Returning 14.978049278259277
[rank 0] epoch=50 train_batch=2000/15625 loss=2.841864
[rank 0] epoch=50 train_batch=4000/15625 loss=2.764943
[rank 0] epoch=50 train_batch=6000/15625 loss=2.910521
[rank 0] epoch=50 train_batch=8000/15625 loss=2.915349
[rank 0] epoch=50 train_batch=10000/15625 loss=2.901937
[rank 0] epoch=50 train_batch=12000/15625 loss=2.791048
[rank 0] epoch=50 train_batch=14000/15625 loss=2.755695
Training epoch 50
[1.27431378e+00 2.66318882e-02 1.58099137e+00 6.26597721e-03
 1.24250298e+00 7.94693656e-07 2.09094849e-01 1.58249509e-03
 6.35860729e-01 5.64509603e-10 4.46876156e-01 2.97126294e-01
 2.12644903e+00 7.35769315e-02 2.02320907e-01 1.46664085e-01
 8.72301182e-01 9.47750061e-02 2.34727007e+00 6.75690906e-02
 4.17774044e-02 2.02190417e-02 1.93805213e-02 1.97509976e-09
 3.84552039e-03 7.51597854e-04 4.06989346e-03 1.54312078e-10
 1.11488631e-03 1.91223727e-03 2.85867252e-03 2.68406310e-04
 7.23903021e-04 6.86798671e-04 3.14198131e-03 2.60328230e-04
 1.25074529e-02 7.02582940e-04 1.51677113e-02 8.30543020e-03
 5.70188770e-04 2.22680514e-10 8.03827492e-04 6.27273256e-05
 5.97698254e-04 2.46743909e-11 2.17845511e-04 2.04581669e-04
 7.64028735e-04 7.26085975e-05 2.11973296e-04 2.52948095e-04
 7.51053395e-04 7.28895107e-05 1.44353294e-03 7.59766645e-05
 7.52632970e-03 7.68377180e-03 7.10835484e-06 5.03151993e-11
 1.16705153e-05 8.43429938e-07 1.71031742e-04 7.03724279e-12
 1.30670837e-05 1.66333239e-05 4.70012440e-05 5.06872441e-06
 1.43378709e-05 1.58280665e-05 5.36881729e-05 5.32842453e-06
 1.64962102e-04 8.61468430e-06 1.38040656e-03 1.00190363e-02
 1.63917316e-01 5.92941941e-03 5.28463318e-02 3.59604425e-02
 1.66728493e-01 1.33749106e-02 7.90972704e-02 4.64587850e-02
 2.31006742e-01 1.26695061e-02 3.96335372e-01 5.10051683e-02
 5.60321727e-01 1.72962630e-02 1.17837913e+00 4.12628792e-01
 1.54804948e+00 1.68698026e-01 1.59117469e+00 1.41760670e-01
 2.70397542e+00 2.53294084e+00]
train  L_V                   = +0.3425 (18.6%)
 train    L_V_attractive      = +0.2355 (12.8%)
 train      L_V_attractive_charged      = +0.1824 (9.9%)
 train      L_V_attractive_neutral      = +0.0531 (2.9%)
 train    L_V_repulsive       = +0.1070 (5.8%)
 train      L_V_repulsive_charged       = +0.0606 (3.3%)
 train      L_V_repulsive_neutral       = +0.0464 (2.5%)
 train    L_charged_cluster   = +0.0000 (0.0%)
 train  L_beta              = +0.8061 (43.9%)
 train    L_beta_noise        = +0.0000 (0.0%)
 train    L_beta_sig          = +0.1194 (6.5%)
 train    L_beta_suppress     = +0.0000 (0.0%)
 train    L_beta_track        = +0.6867 (37.4%)
 train      L_beta_norms_term   = -0.0249 (-1.4%)
 train      L_beta_logbeta_term = +0.1443 (7.9%)
 train  L_E   = +0.6889 (37.5%)
 train    L_E_charge = +0.0000 (0.0%)
 train    L_E_cond = +0.4087 (22.2%)
 train    L_E_cluster = +0.2802 (15.2%)
 train    L_E_w_photon   = +0.0000 (0.0%)
 train    L_E_w_charged_hadron   = +0.0000 (0.0%)
 train    L_E_w_neutral_hadron   = +0.0000 (0.0%)
 train    L_E_w_muon     = +0.0000 (0.0%)
 train    L_E_w_electron = +0.0000 (0.0%)
learning rate :  [0.00039890465297888624, 0.00039563061276672447, 0.000390213750433216, 0.00038271341425563806, 0.0003732117794866986, 0.00036181294802527074, 0.000348641807854205, 0.0003338426647414537, 0.00031757766119588004, 0.00030002500000000004, 0.0002813769917830063, 0.00026183794802527076, 0.00024162194257901096, 0.00022095046623036733, 0.00020005, 0.00017914953376963274, 0.00015847805742098906, 0.0001382620519747293, 0.00011872300821699378, 0.00010007500000000005, 8.252233880412002e-05, 6.625733525854636e-05, 5.1458192145795003e-05, 3.8287051974729284e-05, 2.688822051330148e-05, 1.7386585744361935e-05, 9.886249566784053e-06, 4.469387233275552e-06, 1.1953470211137557e-06, 1e-07, 0.0003990946109184883, 0.0003963866430176782, 0.0003919006200742188, 0.0003856771682065637, 0.00037777264795855195, 0.0003682586438895947, 0.00035722131629382036, 0.00034476062091910877, 0.0003309894037523598, 0.00031603237906876113, 0.00030002500000000004, 0.0002831122318497272, 0.00026544723926531853, 0.00024718999915511003, 0.00022850585191274341, 0.00020956400406895733, 0.00019053599593104275, 0.00017159414808725666, 0.00015291000084489, 0.00013465276073468155, 0.00011698776815027284]
train loss :  2.837498664855957
test   L_V                   = +287.0176 (99.4%)
    L_V_attractive      = +286.8580 (99.4%)
      L_V_attractive_charged      = +42.3908 (14.7%)
      L_V_attractive_neutral      = +244.4669 (84.7%)
    L_V_repulsive       = +0.1598 (0.1%)
      L_V_repulsive_charged       = +0.0850 (0.0%)
      L_V_repulsive_neutral       = +0.0749 (0.0%)
    L_charged_cluster   = +0.0000 (0.0%)
  L_beta              = +0.8459 (0.3%)
    L_beta_noise        = +0.0000 (0.0%)
    L_beta_sig          = +0.1497 (0.1%)
    L_beta_suppress     = +0.0000 (0.0%)
    L_beta_track        = +0.6963 (0.2%)
      L_beta_norms_term   = -0.0221 (-0.0%)
      L_beta_logbeta_term = +0.1718 (0.1%)
  L_E   = +0.7851 (0.3%)
    L_E_charge = +0.0000 (0.0%)
    L_E_cond = +0.4968 (0.2%)
    L_E_cluster = +0.2884 (0.1%)
    L_E_w_photon   = +0.0000 (0.0%)
    L_E_w_charged_hadron   = +0.0000 (0.0%)
    L_E_w_neutral_hadron   = +0.0000 (0.0%)
    L_E_w_muon     = +0.0000 (0.0%)
    L_E_w_electron = +0.0000 (0.0%)
Returning 289.6487121582031
[rank 0] epoch=51 train_batch=2000/15625 loss=2.858121
[rank 0] epoch=51 train_batch=4000/15625 loss=2.833181
[rank 0] epoch=51 train_batch=6000/15625 loss=2.804800
[rank 0] epoch=51 train_batch=8000/15625 loss=2.801968
[rank 0] epoch=51 train_batch=10000/15625 loss=2.818337
[rank 0] epoch=51 train_batch=12000/15625 loss=2.836501
[rank 0] epoch=51 train_batch=14000/15625 loss=2.858739
Training epoch 51
[2.26645943e+00 5.14592197e-02 2.55345845e+00 1.65415575e-02
 2.11172872e+00 1.78530560e-06 4.04520378e-01 3.40711198e-03
 7.69111190e-01 7.91923758e-10 4.60064373e-01 4.90947084e-01
 1.98629870e+00 7.93841756e-02 2.03502808e-01 1.73049296e-01
 9.33145739e-01 1.01733257e-01 2.40565398e+00 6.19885839e-02
 5.68538333e-02 3.07491350e-02 1.42184357e-02 2.07514199e-09
 7.27750664e-03 1.34172620e-03 7.37343056e-03 1.32201855e-10
 2.10343631e-03 3.55934497e-03 6.27299424e-03 5.38601460e-04
 1.50515434e-03 1.30184334e-03 6.65374915e-03 5.43397532e-04
 2.20114511e-02 1.21378685e-03 2.41694316e-02 1.48695290e-02
 8.76269990e-04 4.13001770e-10 2.60496249e-03 1.25817207e-04
 1.75537927e-03 8.17807834e-11 6.06827124e-04 6.25775757e-04
 2.17524314e-03 2.22785555e-04 6.92611050e-04 8.66684464e-04
 2.45397894e-03 2.40304652e-04 3.80481346e-03 1.98109812e-04
 1.34376142e-02 1.34947906e-02 1.25472283e-05 9.17435154e-11
 2.25694692e-05 6.35085566e-07 1.48856692e-04 1.24040213e-11
 1.43916937e-05 3.16230433e-05 6.32835060e-05 7.96915809e-06
 1.60185938e-05 2.36975694e-05 7.07067116e-05 7.61958737e-06
 1.65068350e-04 8.60426020e-06 1.72580195e-03 1.61045872e-02
 2.26414452e-01 9.53607010e-03 6.68237222e-02 4.87134853e-02
 1.99887035e-01 1.68107006e-02 9.18400587e-02 5.19625703e-02
 2.39289245e-01 1.41464211e-02 3.95531321e-01 5.10045824e-02
 5.54003680e-01 1.69692949e-02 1.21690633e+00 4.07237186e-01
 1.61648699e+00 1.68093099e-01 1.56651918e+00 1.41103843e-01
 2.55898547e+00 2.39965436e+00]
train  L_V                   = +0.3425 (18.7%)
 train    L_V_attractive      = +0.2353 (12.8%)
 train      L_V_attractive_charged      = +0.1822 (9.9%)
 train      L_V_attractive_neutral      = +0.0531 (2.9%)
 train    L_V_repulsive       = +0.1072 (5.8%)
 train      L_V_repulsive_charged       = +0.0607 (3.3%)
 train      L_V_repulsive_neutral       = +0.0465 (2.5%)
 train    L_charged_cluster   = +0.0000 (0.0%)
 train  L_beta              = +0.8052 (43.9%)
 train    L_beta_noise        = +0.0000 (0.0%)
 train    L_beta_sig          = +0.1188 (6.5%)
 train    L_beta_suppress     = +0.0000 (0.0%)
 train    L_beta_track        = +0.6863 (37.4%)
 train      L_beta_norms_term   = -0.0253 (-1.4%)
 train      L_beta_logbeta_term = +0.1441 (7.9%)
 train  L_E   = +0.6865 (37.4%)
 train    L_E_charge = +0.0000 (0.0%)
 train    L_E_cond = +0.4060 (22.1%)
 train    L_E_cluster = +0.2805 (15.3%)
 train    L_E_w_photon   = +0.0000 (0.0%)
 train    L_E_w_charged_hadron   = +0.0000 (0.0%)
 train    L_E_w_neutral_hadron   = +0.0000 (0.0%)
 train    L_E_w_muon     = +0.0000 (0.0%)
 train    L_E_w_electron = +0.0000 (0.0%)
learning rate :  [0.00039890465297888624, 0.00039563061276672447, 0.000390213750433216, 0.00038271341425563806, 0.0003732117794866986, 0.00036181294802527074, 0.000348641807854205, 0.0003338426647414537, 0.00031757766119588004, 0.00030002500000000004, 0.0002813769917830063, 0.00026183794802527076, 0.00024162194257901096, 0.00022095046623036733, 0.00020005, 0.00017914953376963274, 0.00015847805742098906, 0.0001382620519747293, 0.00011872300821699378, 0.00010007500000000005, 8.252233880412002e-05, 6.625733525854636e-05, 5.1458192145795003e-05, 3.8287051974729284e-05, 2.688822051330148e-05, 1.7386585744361935e-05, 9.886249566784053e-06, 4.469387233275552e-06, 1.1953470211137557e-06, 1e-07, 0.0003990946109184883, 0.0003963866430176782, 0.0003919006200742188, 0.0003856771682065637, 0.00037777264795855195, 0.0003682586438895947, 0.00035722131629382036, 0.00034476062091910877, 0.0003309894037523598, 0.00031603237906876113, 0.00030002500000000004, 0.0002831122318497272, 0.00026544723926531853, 0.00024718999915511003, 0.00022850585191274341, 0.00020956400406895733, 0.00019053599593104275, 0.00017159414808725666, 0.00015291000084489, 0.00013465276073468155, 0.00011698776815027284, 0.00010007500000000005]
train loss :  2.834216594696045
test   L_V                   = +44.1573 (96.6%)
    L_V_attractive      = +44.0106 (96.2%)
      L_V_attractive_charged      = +10.1146 (22.1%)
      L_V_attractive_neutral      = +33.8959 (74.1%)
    L_V_repulsive       = +0.1467 (0.3%)
      L_V_repulsive_charged       = +0.0772 (0.2%)
      L_V_repulsive_neutral       = +0.0696 (0.2%)
    L_charged_cluster   = +0.0000 (0.0%)
  L_beta              = +0.8103 (1.8%)
    L_beta_noise        = +0.0000 (0.0%)
    L_beta_sig          = +0.1094 (0.2%)
    L_beta_suppress     = +0.0000 (0.0%)
    L_beta_track        = +0.7009 (1.5%)
      L_beta_norms_term   = -0.0286 (-0.1%)
      L_beta_logbeta_term = +0.1380 (0.3%)
  L_E   = +0.7585 (1.7%)
    L_E_charge = +0.0000 (0.0%)
    L_E_cond = +0.4290 (0.9%)
    L_E_cluster = +0.3295 (0.7%)
    L_E_w_photon   = +0.0000 (0.0%)
    L_E_w_charged_hadron   = +0.0000 (0.0%)
    L_E_w_neutral_hadron   = +0.0000 (0.0%)
    L_E_w_muon     = +0.0000 (0.0%)
    L_E_w_electron = +0.0000 (0.0%)
Returning 46.72618103027344
[rank 0] epoch=52 train_batch=2000/15625 loss=2.802257
[rank 0] epoch=52 train_batch=4000/15625 loss=2.893407
[rank 0] epoch=52 train_batch=6000/15625 loss=2.903091
[rank 0] epoch=52 train_batch=8000/15625 loss=2.790181
[rank 0] epoch=52 train_batch=10000/15625 loss=2.794869
[rank 0] epoch=52 train_batch=12000/15625 loss=2.860688
[rank 0] epoch=52 train_batch=14000/15625 loss=2.740566
Training epoch 52
[1.43874446e+00 3.56294657e-02 1.56574748e+00 1.18808879e-02
 1.14800970e+00 1.06488129e-06 2.99624730e-01 2.64171443e-03
 6.95819091e-01 7.35219721e-10 4.65973611e-01 3.27704661e-01
 2.12072291e+00 7.05828324e-02 1.91272671e-01 1.44886770e-01
 8.74450552e-01 9.02806094e-02 1.89061499e+00 4.07854632e-02
 4.78276869e-02 2.08571273e-02 1.93059354e-02 2.44177048e-09
 6.92746373e-03 6.28222462e-04 6.25630115e-03 1.16888465e-10
 2.24642557e-03 2.34180724e-03 7.97380589e-03 5.51641422e-04
 1.58321575e-03 1.24695539e-03 7.29647099e-03 5.37257070e-04
 1.83103531e-02 9.97096034e-04 1.68653613e-02 1.03334742e-02
 5.16824989e-04 1.91969005e-10 1.26506370e-03 1.13516535e-04
 1.02507307e-03 4.96489468e-11 2.96395532e-04 2.35711212e-04
 1.16025530e-03 1.01969282e-04 3.84401310e-04 3.84337202e-04
 1.41489874e-03 1.20185888e-04 2.15810142e-03 1.12357231e-04
 8.94885145e-03 9.06574045e-03 1.87566025e-05 6.37798575e-11
 5.65220595e-05 4.86200125e-06 1.27317752e-03 4.55491141e-10
 3.49103950e-05 2.00541248e-05 1.44495263e-04 5.70232215e-06
 1.59002962e-05 1.22200648e-05 6.47416056e-05 4.13577335e-06
 1.29082966e-04 6.64331833e-06 1.17972688e-03 1.18176492e-02
 1.72783506e-01 6.94932863e-03 5.77586953e-02 4.34821624e-02
 1.76387797e-01 1.45459856e-02 8.54768351e-02 4.99325762e-02
 2.16927391e-01 1.38631896e-02 4.02708413e-01 5.27651537e-02
 5.52552018e-01 1.76942801e-02 1.23162977e+00 4.02509943e-01
 1.58931080e+00 1.65056708e-01 1.54771915e+00 1.40827089e-01
 2.54314499e+00 2.36548719e+00]
train  L_V                   = +0.3425 (18.8%)
 train    L_V_attractive      = +0.2359 (12.9%)
 train      L_V_attractive_charged      = +0.1828 (10.0%)
 train      L_V_attractive_neutral      = +0.0530 (2.9%)
 train    L_V_repulsive       = +0.1066 (5.8%)
 train      L_V_repulsive_charged       = +0.0603 (3.3%)
 train      L_V_repulsive_neutral       = +0.0463 (2.5%)
 train    L_charged_cluster   = +0.0000 (0.0%)
 train  L_beta              = +0.8015 (43.9%)
 train    L_beta_noise        = +0.0000 (0.0%)
 train    L_beta_sig          = +0.1165 (6.4%)
 train    L_beta_suppress     = +0.0000 (0.0%)
 train    L_beta_track        = +0.6850 (37.6%)
 train      L_beta_norms_term   = -0.0261 (-1.4%)
 train      L_beta_logbeta_term = +0.1426 (7.8%)
 train  L_E   = +0.6801 (37.3%)
 train    L_E_charge = +0.0000 (0.0%)
 train    L_E_cond = +0.4012 (22.0%)
 train    L_E_cluster = +0.2789 (15.3%)
 train    L_E_w_photon   = +0.0000 (0.0%)
 train    L_E_w_charged_hadron   = +0.0000 (0.0%)
 train    L_E_w_neutral_hadron   = +0.0000 (0.0%)
 train    L_E_w_muon     = +0.0000 (0.0%)
 train    L_E_w_electron = +0.0000 (0.0%)
learning rate :  [0.00039890465297888624, 0.00039563061276672447, 0.000390213750433216, 0.00038271341425563806, 0.0003732117794866986, 0.00036181294802527074, 0.000348641807854205, 0.0003338426647414537, 0.00031757766119588004, 0.00030002500000000004, 0.0002813769917830063, 0.00026183794802527076, 0.00024162194257901096, 0.00022095046623036733, 0.00020005, 0.00017914953376963274, 0.00015847805742098906, 0.0001382620519747293, 0.00011872300821699378, 0.00010007500000000005, 8.252233880412002e-05, 6.625733525854636e-05, 5.1458192145795003e-05, 3.8287051974729284e-05, 2.688822051330148e-05, 1.7386585744361935e-05, 9.886249566784053e-06, 4.469387233275552e-06, 1.1953470211137557e-06, 1e-07, 0.0003990946109184883, 0.0003963866430176782, 0.0003919006200742188, 0.0003856771682065637, 0.00037777264795855195, 0.0003682586438895947, 0.00035722131629382036, 0.00034476062091910877, 0.0003309894037523598, 0.00031603237906876113, 0.00030002500000000004, 0.0002831122318497272, 0.00026544723926531853, 0.00024718999915511003, 0.00022850585191274341, 0.00020956400406895733, 0.00019053599593104275, 0.00017159414808725666, 0.00015291000084489, 0.00013465276073468155, 0.00011698776815027284, 0.00010007500000000005, 8.406762093123896e-05]
train loss :  2.8241031169891357
test   L_V                   = +104.1447 (98.5%)
    L_V_attractive      = +104.0346 (98.4%)
      L_V_attractive_charged      = +54.9135 (51.9%)
      L_V_attractive_neutral      = +49.1211 (46.5%)
    L_V_repulsive       = +0.1101 (0.1%)
      L_V_repulsive_charged       = +0.0612 (0.1%)
      L_V_repulsive_neutral       = +0.0489 (0.0%)
    L_charged_cluster   = +0.0000 (0.0%)
  L_beta              = +0.8414 (0.8%)
    L_beta_noise        = +0.0000 (0.0%)
    L_beta_sig          = +0.1415 (0.1%)
    L_beta_suppress     = +0.0000 (0.0%)
    L_beta_track        = +0.6998 (0.7%)
      L_beta_norms_term   = -0.0231 (-0.0%)
      L_beta_logbeta_term = +0.1646 (0.2%)
  L_E   = +0.7394 (0.7%)
    L_E_charge = +0.0000 (0.0%)
    L_E_cond = +0.4367 (0.4%)
    L_E_cluster = +0.3027 (0.3%)
    L_E_w_photon   = +0.0000 (0.0%)
    L_E_w_charged_hadron   = +0.0000 (0.0%)
    L_E_w_neutral_hadron   = +0.0000 (0.0%)
    L_E_w_muon     = +0.0000 (0.0%)
    L_E_w_electron = +0.0000 (0.0%)
Returning 106.72552490234375
[rank 0] epoch=53 train_batch=2000/15625 loss=2.784889
[rank 0] epoch=53 train_batch=4000/15625 loss=2.779808
[rank 0] epoch=53 train_batch=6000/15625 loss=2.773018
[rank 0] epoch=53 train_batch=8000/15625 loss=2.825631
[rank 0] epoch=53 train_batch=10000/15625 loss=2.802085
[rank 0] epoch=53 train_batch=12000/15625 loss=2.806623
[rank 0] epoch=53 train_batch=14000/15625 loss=2.784223
Training epoch 53
[8.59715615e-01 2.16088125e-02 1.04378988e+00 5.45999857e-03
 7.13758878e-01 5.51126976e-07 2.11716630e-01 1.59950626e-03
 6.47264916e-01 6.33012811e-10 4.30738345e-01 2.03675015e-01
 1.98944450e+00 5.75356248e-02 1.79753702e-01 1.30578040e-01
 8.62236604e-01 8.85276091e-02 1.64114935e+00 3.22956334e-02
 4.83537744e-02 2.56232466e-02 8.80753282e-03 8.54053317e-10
 4.12520664e-03 5.99222409e-04 3.42681131e-03 6.32032204e-11
 1.02028773e-03 1.79962638e-03 3.26609642e-03 2.99408128e-04
 1.07434446e-03 9.60755013e-04 5.06532424e-03 4.21291192e-04
 1.62946687e-02 8.83316525e-04 1.50545655e-02 1.18654246e-02
 3.17344626e-04 1.10640988e-10 8.46319523e-04 6.03710442e-05
 6.95544818e-04 2.84103788e-11 2.14009025e-04 1.70809875e-04
 8.15288886e-04 7.87978929e-05 2.90902738e-04 3.11426378e-04
 1.12491371e-03 9.28643719e-05 1.85755688e-03 9.90935012e-05
 7.22830428e-03 1.15940296e-02 2.99932044e-06 1.84157694e-11
 4.54055502e-06 1.75093940e-07 4.11808875e-05 1.49359929e-12
 3.15444172e-06 4.97642683e-06 1.59464356e-05 1.53324442e-06
 2.85345035e-06 4.16948966e-06 1.33527860e-05 1.32395327e-06
 2.48839481e-05 1.28603596e-06 1.10273467e-03 1.48871221e-02
 1.72216422e-01 8.32561271e-03 6.39420611e-02 5.01842372e-02
 2.02650482e-01 1.67174641e-02 9.67328429e-02 5.35126470e-02
 2.28701706e-01 1.50395614e-02 4.21209490e-01 5.47048355e-02
 5.69133511e-01 1.82339273e-02 1.25903850e+00 3.98976535e-01
 1.58469172e+00 1.63175263e-01 1.51368720e+00 1.35063036e-01
 2.46623200e+00 2.24136938e+00]
train  L_V                   = +0.3429 (18.8%)
 train    L_V_attractive      = +0.2363 (13.0%)
 train      L_V_attractive_charged      = +0.1836 (10.1%)
 train      L_V_attractive_neutral      = +0.0527 (2.9%)
 train    L_V_repulsive       = +0.1066 (5.9%)
 train      L_V_repulsive_charged       = +0.0601 (3.3%)
 train      L_V_repulsive_neutral       = +0.0465 (2.6%)
 train    L_charged_cluster   = +0.0000 (0.0%)
 train  L_beta              = +0.7991 (43.9%)
 train    L_beta_noise        = +0.0000 (0.0%)
 train    L_beta_sig          = +0.1149 (6.3%)
 train    L_beta_suppress     = +0.0000 (0.0%)
 train    L_beta_track        = +0.6842 (37.6%)
 train      L_beta_norms_term   = -0.0267 (-1.5%)
 train      L_beta_logbeta_term = +0.1416 (7.8%)
 train  L_E   = +0.6771 (37.2%)
 train    L_E_charge = +0.0000 (0.0%)
 train    L_E_cond = +0.3989 (21.9%)
 train    L_E_cluster = +0.2782 (15.3%)
 train    L_E_w_photon   = +0.0000 (0.0%)
 train    L_E_w_charged_hadron   = +0.0000 (0.0%)
 train    L_E_w_neutral_hadron   = +0.0000 (0.0%)
 train    L_E_w_muon     = +0.0000 (0.0%)
 train    L_E_w_electron = +0.0000 (0.0%)
learning rate :  [0.00039890465297888624, 0.00039563061276672447, 0.000390213750433216, 0.00038271341425563806, 0.0003732117794866986, 0.00036181294802527074, 0.000348641807854205, 0.0003338426647414537, 0.00031757766119588004, 0.00030002500000000004, 0.0002813769917830063, 0.00026183794802527076, 0.00024162194257901096, 0.00022095046623036733, 0.00020005, 0.00017914953376963274, 0.00015847805742098906, 0.0001382620519747293, 0.00011872300821699378, 0.00010007500000000005, 8.252233880412002e-05, 6.625733525854636e-05, 5.1458192145795003e-05, 3.8287051974729284e-05, 2.688822051330148e-05, 1.7386585744361935e-05, 9.886249566784053e-06, 4.469387233275552e-06, 1.1953470211137557e-06, 1e-07, 0.0003990946109184883, 0.0003963866430176782, 0.0003919006200742188, 0.0003856771682065637, 0.00037777264795855195, 0.0003682586438895947, 0.00035722131629382036, 0.00034476062091910877, 0.0003309894037523598, 0.00031603237906876113, 0.00030002500000000004, 0.0002831122318497272, 0.00026544723926531853, 0.00024718999915511003, 0.00022850585191274341, 0.00020956400406895733, 0.00019053599593104275, 0.00017159414808725666, 0.00015291000084489, 0.00013465276073468155, 0.00011698776815027284, 0.00010007500000000005, 8.406762093123896e-05, 6.911059624764027e-05]
train loss :  2.8191659450531006
test   L_V                   = +4.6883 (76.0%)
    L_V_attractive      = +4.5685 (74.0%)
      L_V_attractive_charged      = +3.0466 (49.4%)
      L_V_attractive_neutral      = +1.5219 (24.7%)
    L_V_repulsive       = +0.1199 (1.9%)
      L_V_repulsive_charged       = +0.0645 (1.0%)
      L_V_repulsive_neutral       = +0.0553 (0.9%)
    L_charged_cluster   = +0.0000 (0.0%)
  L_beta              = +0.8205 (13.3%)
    L_beta_noise        = +0.0000 (0.0%)
    L_beta_sig          = +0.1221 (2.0%)
    L_beta_suppress     = +0.0000 (0.0%)
    L_beta_track        = +0.6984 (11.3%)
      L_beta_norms_term   = -0.0261 (-0.4%)
      L_beta_logbeta_term = +0.1481 (2.4%)
  L_E   = +0.6619 (10.7%)
    L_E_charge = +0.0000 (0.0%)
    L_E_cond = +0.3845 (6.2%)
    L_E_cluster = +0.2774 (4.5%)
    L_E_w_photon   = +0.0000 (0.0%)
    L_E_w_charged_hadron   = +0.0000 (0.0%)
    L_E_w_neutral_hadron   = +0.0000 (0.0%)
    L_E_w_muon     = +0.0000 (0.0%)
    L_E_w_electron = +0.0000 (0.0%)
Returning 7.170722484588623
[rank 0] epoch=54 train_batch=2000/15625 loss=2.939397
[rank 0] epoch=54 train_batch=4000/15625 loss=2.920313
[rank 0] epoch=54 train_batch=6000/15625 loss=2.871052
[rank 0] epoch=54 train_batch=8000/15625 loss=2.964046
[rank 0] epoch=54 train_batch=10000/15625 loss=2.766107
[rank 0] epoch=54 train_batch=12000/15625 loss=2.815697
[rank 0] epoch=54 train_batch=14000/15625 loss=2.785171
Training epoch 54
[1.43951345e+00 4.23861091e-02 1.67193880e+00 1.18749755e-02
 1.29984411e+00 1.04650648e-06 3.47504365e-01 3.02507413e-03
 8.41982575e-01 9.30460110e-10 5.16867996e-01 4.69871919e-01
 2.35655743e+00 1.36792383e-01 2.72063326e-01 1.88961703e-01
 1.08206883e+00 1.05139086e-01 1.91360818e+00 4.99816430e-02
 7.25349496e-02 3.96451357e-02 1.57908977e-02 1.21678420e-09
 6.52120798e-03 6.07432857e-04 4.45453201e-03 7.58953033e-11
 1.27793614e-03 1.87676348e-03 5.18434300e-03 4.45328846e-04
 1.38857111e-03 1.37202319e-03 6.95195101e-03 6.39456676e-04
 2.47025764e-02 1.31137721e-03 2.05403059e-02 1.95838019e-02
 3.62406845e-04 1.34443957e-10 1.17974240e-03 6.17698688e-05
 9.62560439e-04 3.44312041e-11 2.84743557e-04 2.24726480e-04
 1.06939809e-03 1.00851588e-04 4.43846054e-04 5.39799812e-04
 1.50294412e-03 1.55521644e-04 2.69425415e-03 1.44625215e-04
 1.07120733e-02 1.72252490e-02 4.78694465e-06 2.15725818e-11
 8.86974102e-06 3.85541660e-07 7.79981948e-05 5.64671915e-12
 3.92578319e-06 7.49277136e-06 1.63928557e-05 2.12430795e-06
 4.56356588e-06 9.28080693e-06 2.09544819e-05 2.91201784e-06
 4.27457519e-05 2.23081451e-06 2.39129937e-03 2.36024764e-02
 2.46654369e-01 1.22294671e-02 8.80421111e-02 7.13995875e-02
 3.00413636e-01 2.23111321e-02 1.09708683e-01 5.01972988e-02
 2.60714562e-01 1.40169960e-02 4.15061448e-01 5.60775223e-02
 5.68037215e-01 1.86647631e-02 1.23568671e+00 3.90599770e-01
 1.51561055e+00 1.59203711e-01 1.43707890e+00 1.30228103e-01
 2.36627156e+00 2.15459561e+00]
train  L_V                   = +0.3444 (18.9%)
 train    L_V_attractive      = +0.2374 (13.0%)
 train      L_V_attractive_charged      = +0.1847 (10.1%)
 train      L_V_attractive_neutral      = +0.0527 (2.9%)
 train    L_V_repulsive       = +0.1071 (5.9%)
 train      L_V_repulsive_charged       = +0.0603 (3.3%)
 train      L_V_repulsive_neutral       = +0.0468 (2.6%)
 train    L_charged_cluster   = +0.0000 (0.0%)
 train  L_beta              = +0.7989 (43.8%)
 train    L_beta_noise        = +0.0000 (0.0%)
 train    L_beta_sig          = +0.1146 (6.3%)
 train    L_beta_suppress     = +0.0000 (0.0%)
 train    L_beta_track        = +0.6843 (37.5%)
 train      L_beta_norms_term   = -0.0268 (-1.5%)
 train      L_beta_logbeta_term = +0.1414 (7.8%)
 train  L_E   = +0.6793 (37.3%)
 train    L_E_charge = +0.0000 (0.0%)
 train    L_E_cond = +0.4008 (22.0%)
 train    L_E_cluster = +0.2785 (15.3%)
 train    L_E_w_photon   = +0.0000 (0.0%)
 train    L_E_w_charged_hadron   = +0.0000 (0.0%)
 train    L_E_w_neutral_hadron   = +0.0000 (0.0%)
 train    L_E_w_muon     = +0.0000 (0.0%)
 train    L_E_w_electron = +0.0000 (0.0%)
learning rate :  [0.00039890465297888624, 0.00039563061276672447, 0.000390213750433216, 0.00038271341425563806, 0.0003732117794866986, 0.00036181294802527074, 0.000348641807854205, 0.0003338426647414537, 0.00031757766119588004, 0.00030002500000000004, 0.0002813769917830063, 0.00026183794802527076, 0.00024162194257901096, 0.00022095046623036733, 0.00020005, 0.00017914953376963274, 0.00015847805742098906, 0.0001382620519747293, 0.00011872300821699378, 0.00010007500000000005, 8.252233880412002e-05, 6.625733525854636e-05, 5.1458192145795003e-05, 3.8287051974729284e-05, 2.688822051330148e-05, 1.7386585744361935e-05, 9.886249566784053e-06, 4.469387233275552e-06, 1.1953470211137557e-06, 1e-07, 0.0003990946109184883, 0.0003963866430176782, 0.0003919006200742188, 0.0003856771682065637, 0.00037777264795855195, 0.0003682586438895947, 0.00035722131629382036, 0.00034476062091910877, 0.0003309894037523598, 0.00031603237906876113, 0.00030002500000000004, 0.0002831122318497272, 0.00026544723926531853, 0.00024718999915511003, 0.00022850585191274341, 0.00020956400406895733, 0.00019053599593104275, 0.00017159414808725666, 0.00015291000084489, 0.00013465276073468155, 0.00011698776815027284, 0.00010007500000000005, 8.406762093123896e-05, 6.911059624764027e-05, 5.5339379080891216e-05]
train loss :  2.8226723670959473
test   L_V                   = +17.6903 (91.6%)
    L_V_attractive      = +17.5587 (91.0%)
      L_V_attractive_charged      = +5.4790 (28.4%)
      L_V_attractive_neutral      = +12.0797 (62.6%)
    L_V_repulsive       = +0.1315 (0.7%)
      L_V_repulsive_charged       = +0.0694 (0.4%)
      L_V_repulsive_neutral       = +0.0621 (0.3%)
    L_charged_cluster   = +0.0000 (0.0%)
  L_beta              = +0.8314 (4.3%)
    L_beta_noise        = +0.0000 (0.0%)
    L_beta_sig          = +0.1326 (0.7%)
    L_beta_suppress     = +0.0000 (0.0%)
    L_beta_track        = +0.6988 (3.6%)
      L_beta_norms_term   = -0.0241 (-0.1%)
      L_beta_logbeta_term = +0.1567 (0.8%)
  L_E   = +0.7828 (4.1%)
    L_E_charge = +0.0000 (0.0%)
    L_E_cond = +0.4921 (2.5%)
    L_E_cluster = +0.2907 (1.5%)
    L_E_w_photon   = +0.0000 (0.0%)
    L_E_w_charged_hadron   = +0.0000 (0.0%)
    L_E_w_neutral_hadron   = +0.0000 (0.0%)
    L_E_w_muon     = +0.0000 (0.0%)
    L_E_w_electron = +0.0000 (0.0%)
Returning 20.30447769165039
[rank 0] epoch=55 train_batch=2000/15625 loss=2.751792
[rank 0] epoch=55 train_batch=4000/15625 loss=2.817977
[rank 0] epoch=55 train_batch=6000/15625 loss=2.824661
[rank 0] epoch=55 train_batch=8000/15625 loss=2.812412
[rank 0] epoch=55 train_batch=10000/15625 loss=2.802143
[rank 0] epoch=55 train_batch=12000/15625 loss=2.888234
[rank 0] epoch=55 train_batch=14000/15625 loss=2.750940
Training epoch 55
[2.08603369e+00 4.19369029e-02 2.48524535e+00 1.05710886e-02
 2.01711313e+00 1.43991742e-06 4.20692948e-01 2.62510609e-03
 1.02860821e+00 1.00324002e-09 6.69344928e-01 5.14405310e-01
 2.80372085e+00 9.23605303e-02 2.38158756e-01 1.66695260e-01
 1.03691508e+00 9.93640200e-02 1.81450490e+00 4.53188035e-02
 6.01782245e-02 3.03914377e-02 1.06736438e-02 8.52542362e-10
 3.89958734e-03 7.34245535e-04 3.76537921e-03 9.65799272e-11
 1.12694426e-03 1.92194922e-03 4.03109218e-03 3.85885165e-04
 1.09490882e-03 1.12109667e-03 4.99161867e-03 4.66563137e-04
 1.98062870e-02 1.09007433e-03 1.77325166e-02 1.41997206e-02
 6.85565182e-04 2.52429200e-10 1.61555727e-03 7.54971210e-05
 1.29539529e-03 4.82276570e-11 4.20951490e-04 2.81282011e-04
 1.47945541e-03 1.24790956e-04 5.25193328e-04 4.86459837e-04
 1.63378365e-03 1.43853668e-04 2.85491041e-03 1.49654678e-04
 8.02306126e-03 1.38643402e-02 7.12020934e-06 3.71093369e-11
 7.84955677e-06 2.70821339e-07 5.63376204e-05 4.76710934e-12
 3.86748477e-06 8.32256636e-06 1.74166085e-05 2.25110844e-06
 4.62641291e-06 7.46064594e-06 1.96424357e-05 2.33377585e-06
 4.08770539e-05 2.15034429e-06 2.07595961e-03 1.75153318e-02
 2.18925973e-01 9.78988980e-03 8.11760628e-02 6.71760924e-02
 2.67331968e-01 2.18382184e-02 1.04456292e-01 5.28919800e-02
 2.30715673e-01 1.47521257e-02 4.38499733e-01 5.96891455e-02
 5.85584587e-01 1.96390028e-02 1.28328558e+00 3.97095456e-01
 1.54404196e+00 1.60018725e-01 1.41764676e+00 1.27993686e-01
 2.31329769e+00 2.09110431e+00]
train  L_V                   = +0.3427 (18.9%)
 train    L_V_attractive      = +0.2361 (13.0%)
 train      L_V_attractive_charged      = +0.1836 (10.1%)
 train      L_V_attractive_neutral      = +0.0525 (2.9%)
 train    L_V_repulsive       = +0.1066 (5.9%)
 train      L_V_repulsive_charged       = +0.0600 (3.3%)
 train      L_V_repulsive_neutral       = +0.0466 (2.6%)
 train    L_charged_cluster   = +0.0000 (0.0%)
 train  L_beta              = +0.7978 (43.9%)
 train    L_beta_noise        = +0.0000 (0.0%)
 train    L_beta_sig          = +0.1140 (6.3%)
 train    L_beta_suppress     = +0.0000 (0.0%)
 train    L_beta_track        = +0.6838 (37.6%)
 train      L_beta_norms_term   = -0.0270 (-1.5%)
 train      L_beta_logbeta_term = +0.1410 (7.8%)
 train  L_E   = +0.6765 (37.2%)
 train    L_E_charge = +0.0000 (0.0%)
 train    L_E_cond = +0.3988 (21.9%)
 train    L_E_cluster = +0.2778 (15.3%)
 train    L_E_w_photon   = +0.0000 (0.0%)
 train    L_E_w_charged_hadron   = +0.0000 (0.0%)
 train    L_E_w_neutral_hadron   = +0.0000 (0.0%)
 train    L_E_w_muon     = +0.0000 (0.0%)
 train    L_E_w_electron = +0.0000 (0.0%)
learning rate :  [0.00039890465297888624, 0.00039563061276672447, 0.000390213750433216, 0.00038271341425563806, 0.0003732117794866986, 0.00036181294802527074, 0.000348641807854205, 0.0003338426647414537, 0.00031757766119588004, 0.00030002500000000004, 0.0002813769917830063, 0.00026183794802527076, 0.00024162194257901096, 0.00022095046623036733, 0.00020005, 0.00017914953376963274, 0.00015847805742098906, 0.0001382620519747293, 0.00011872300821699378, 0.00010007500000000005, 8.252233880412002e-05, 6.625733525854636e-05, 5.1458192145795003e-05, 3.8287051974729284e-05, 2.688822051330148e-05, 1.7386585744361935e-05, 9.886249566784053e-06, 4.469387233275552e-06, 1.1953470211137557e-06, 1e-07, 0.0003990946109184883, 0.0003963866430176782, 0.0003919006200742188, 0.0003856771682065637, 0.00037777264795855195, 0.0003682586438895947, 0.00035722131629382036, 0.00034476062091910877, 0.0003309894037523598, 0.00031603237906876113, 0.00030002500000000004, 0.0002831122318497272, 0.00026544723926531853, 0.00024718999915511003, 0.00022850585191274341, 0.00020956400406895733, 0.00019053599593104275, 0.00017159414808725666, 0.00015291000084489, 0.00013465276073468155, 0.00011698776815027284, 0.00010007500000000005, 8.406762093123896e-05, 6.911059624764027e-05, 5.5339379080891216e-05, 4.287868370617969e-05]
train loss :  2.817040205001831
test   L_V                   = +1285.0166 (99.9%)
    L_V_attractive      = +1284.8956 (99.9%)
      L_V_attractive_charged      = +77.6822 (6.0%)
      L_V_attractive_neutral      = +1207.2124 (93.8%)
    L_V_repulsive       = +0.1240 (0.0%)
      L_V_repulsive_charged       = +0.0673 (0.0%)
      L_V_repulsive_neutral       = +0.0567 (0.0%)
    L_charged_cluster   = +0.0000 (0.0%)
  L_beta              = +0.8149 (0.1%)
    L_beta_noise        = +0.0000 (0.0%)
    L_beta_sig          = +0.1192 (0.0%)
    L_beta_suppress     = +0.0000 (0.0%)
    L_beta_track        = +0.6957 (0.1%)
      L_beta_norms_term   = -0.0272 (-0.0%)
      L_beta_logbeta_term = +0.1464 (0.0%)
  L_E   = +0.6896 (0.1%)
    L_E_charge = +0.0000 (0.0%)
    L_E_cond = +0.3979 (0.0%)
    L_E_cluster = +0.2917 (0.0%)
    L_E_w_photon   = +0.0000 (0.0%)
    L_E_w_charged_hadron   = +0.0000 (0.0%)
    L_E_w_neutral_hadron   = +0.0000 (0.0%)
    L_E_w_muon     = +0.0000 (0.0%)
    L_E_w_electron = +0.0000 (0.0%)
Returning 1287.5211181640625
[rank 0] epoch=56 train_batch=2000/15625 loss=2.776061
[rank 0] epoch=56 train_batch=4000/15625 loss=2.858240
[rank 0] epoch=56 train_batch=6000/15625 loss=2.769451
[rank 0] epoch=56 train_batch=8000/15625 loss=2.830804
[rank 0] epoch=56 train_batch=10000/15625 loss=2.793423
[rank 0] epoch=56 train_batch=12000/15625 loss=2.800545
[rank 0] epoch=56 train_batch=14000/15625 loss=2.831125
Training epoch 56
[1.43593852e+00 3.17422644e-02 1.73156637e+00 8.55754122e-03
 1.40417674e+00 1.07549299e-06 3.09195728e-01 2.28473178e-03
 8.31065150e-01 8.46522934e-10 5.93519177e-01 3.16830907e-01
 2.56074277e+00 5.93788488e-02 1.93863055e-01 1.44649190e-01
 9.41788811e-01 9.26895113e-02 1.47096477e+00 3.36099724e-02
 5.55426577e-02 2.69124493e-02 9.07595274e-03 7.58438348e-10
 3.92390923e-03 6.30154905e-04 3.29990182e-03 7.28572085e-11
 8.95410166e-04 1.83761187e-03 3.30522365e-03 3.50755750e-04
 9.17954031e-04 1.00045219e-03 4.66672261e-03 4.54089634e-04
 1.52775900e-02 8.29257524e-04 1.77088575e-02 1.40669411e-02
 5.29282593e-04 2.78291458e-10 1.06964171e-03 6.54237816e-05
 9.48043877e-04 3.51239811e-11 2.83780495e-04 2.69335996e-04
 1.25039298e-03 1.24319684e-04 4.03379844e-04 4.50058527e-04
 1.33649709e-03 1.25160903e-04 2.66383867e-03 1.43951845e-04
 7.50399496e-03 1.44668698e-02 1.00587210e-05 5.11801378e-11
 1.91115973e-05 1.18004879e-06 2.62831100e-04 1.36126382e-11
 1.46032534e-05 2.82653073e-05 5.43409735e-05 8.44673957e-06
 1.70278570e-05 1.34528235e-05 5.87454035e-05 4.31556616e-06
 1.03593555e-04 5.51468948e-06 1.60104381e-03 1.75713929e-02
 1.95803327e-01 9.08626863e-03 8.71215836e-02 7.48462539e-02
 2.89362527e-01 2.47229182e-02 1.22124886e-01 6.07771195e-02
 2.53058746e-01 1.70418427e-02 4.67486409e-01 6.58093321e-02
 6.22999988e-01 2.15001186e-02 1.33126872e+00 4.01136573e-01
 1.59458946e+00 1.61185157e-01 1.41715860e+00 1.26742003e-01
 2.24511587e+00 2.00727396e+00]
train  L_V                   = +0.3412 (18.8%)
 train    L_V_attractive      = +0.2350 (13.0%)
 train      L_V_attractive_charged      = +0.1826 (10.1%)
 train      L_V_attractive_neutral      = +0.0525 (2.9%)
 train    L_V_repulsive       = +0.1061 (5.9%)
 train      L_V_repulsive_charged       = +0.0598 (3.3%)
 train      L_V_repulsive_neutral       = +0.0464 (2.6%)
 train    L_charged_cluster   = +0.0000 (0.0%)
 train  L_beta              = +0.7968 (44.0%)
 train    L_beta_noise        = +0.0000 (0.0%)
 train    L_beta_sig          = +0.1132 (6.2%)
 train    L_beta_suppress     = +0.0000 (0.0%)
 train    L_beta_track        = +0.6836 (37.7%)
 train      L_beta_norms_term   = -0.0272 (-1.5%)
 train      L_beta_logbeta_term = +0.1404 (7.7%)
 train  L_E   = +0.6745 (37.2%)
 train    L_E_charge = +0.0000 (0.0%)
 train    L_E_cond = +0.3971 (21.9%)
 train    L_E_cluster = +0.2773 (15.3%)
 train    L_E_w_photon   = +0.0000 (0.0%)
 train    L_E_w_charged_hadron   = +0.0000 (0.0%)
 train    L_E_w_neutral_hadron   = +0.0000 (0.0%)
 train    L_E_w_muon     = +0.0000 (0.0%)
 train    L_E_w_electron = +0.0000 (0.0%)
learning rate :  [0.00039890465297888624, 0.00039563061276672447, 0.000390213750433216, 0.00038271341425563806, 0.0003732117794866986, 0.00036181294802527074, 0.000348641807854205, 0.0003338426647414537, 0.00031757766119588004, 0.00030002500000000004, 0.0002813769917830063, 0.00026183794802527076, 0.00024162194257901096, 0.00022095046623036733, 0.00020005, 0.00017914953376963274, 0.00015847805742098906, 0.0001382620519747293, 0.00011872300821699378, 0.00010007500000000005, 8.252233880412002e-05, 6.625733525854636e-05, 5.1458192145795003e-05, 3.8287051974729284e-05, 2.688822051330148e-05, 1.7386585744361935e-05, 9.886249566784053e-06, 4.469387233275552e-06, 1.1953470211137557e-06, 1e-07, 0.0003990946109184883, 0.0003963866430176782, 0.0003919006200742188, 0.0003856771682065637, 0.00037777264795855195, 0.0003682586438895947, 0.00035722131629382036, 0.00034476062091910877, 0.0003309894037523598, 0.00031603237906876113, 0.00030002500000000004, 0.0002831122318497272, 0.00026544723926531853, 0.00024718999915511003, 0.00022850585191274341, 0.00020956400406895733, 0.00019053599593104275, 0.00017159414808725666, 0.00015291000084489, 0.00013465276073468155, 0.00011698776815027284, 0.00010007500000000005, 8.406762093123896e-05, 6.911059624764027e-05, 5.5339379080891216e-05, 4.287868370617969e-05, 3.18413561104053e-05]
train loss :  2.812448740005493
test   L_V                   = +240.3091 (99.4%)
    L_V_attractive      = +240.1920 (99.3%)
      L_V_attractive_charged      = +136.1692 (56.3%)
      L_V_attractive_neutral      = +104.0218 (43.0%)
    L_V_repulsive       = +0.1182 (0.0%)
      L_V_repulsive_charged       = +0.0641 (0.0%)
      L_V_repulsive_neutral       = +0.0541 (0.0%)
    L_charged_cluster   = +0.0000 (0.0%)
  L_beta              = +0.8151 (0.3%)
    L_beta_noise        = +0.0000 (0.0%)
    L_beta_sig          = +0.1180 (0.0%)
    L_beta_suppress     = +0.0000 (0.0%)
    L_beta_track        = +0.6970 (0.3%)
      L_beta_norms_term   = -0.0267 (-0.0%)
      L_beta_logbeta_term = +0.1447 (0.1%)
  L_E   = +0.6937 (0.3%)
    L_E_charge = +0.0000 (0.0%)
    L_E_cond = +0.4198 (0.2%)
    L_E_cluster = +0.2739 (0.1%)
    L_E_w_photon   = +0.0000 (0.0%)
    L_E_w_charged_hadron   = +0.0000 (0.0%)
    L_E_w_neutral_hadron   = +0.0000 (0.0%)
    L_E_w_muon     = +0.0000 (0.0%)
    L_E_w_electron = +0.0000 (0.0%)
Returning 242.8178253173828
[rank 0] epoch=57 train_batch=2000/15625 loss=2.791634
[rank 0] epoch=57 train_batch=4000/15625 loss=2.751000
[rank 0] epoch=57 train_batch=6000/15625 loss=2.817163
[rank 0] epoch=57 train_batch=8000/15625 loss=2.899540
[rank 0] epoch=57 train_batch=10000/15625 loss=2.847501
[rank 0] epoch=57 train_batch=12000/15625 loss=2.878865
[rank 0] epoch=57 train_batch=14000/15625 loss=2.845075
Training epoch 57
[1.61897268e+00 3.64242584e-02 2.07970880e+00 1.34782683e-02
 1.68047520e+00 7.43975814e-06 3.99655175e-01 5.43093475e-03
 1.08130247e+00 6.92024458e-09 7.53880320e-01 4.75143525e-01
 3.24433107e+00 1.32137109e-01 2.97362787e-01 2.04914185e-01
 1.26520211e+00 1.17479226e-01 1.79013957e+00 4.70201043e-02
 7.91331162e-02 4.41139640e-02 1.50967856e-02 8.39229116e-10
 1.34773040e-02 1.60056352e-03 1.17299531e-02 2.71149635e-10
 4.98750618e-03 5.60517454e-03 1.73377691e-02 1.59327274e-03
 4.98485807e-03 6.11824915e-03 1.87819019e-02 1.75268294e-03
 4.46861640e-02 2.40950807e-03 2.53500973e-02 2.48044853e-02
 7.64201423e-04 3.06664501e-10 2.59927337e-03 1.13594755e-04
 2.68178733e-03 9.65543931e-11 8.00861234e-04 5.67929490e-04
 2.76442134e-03 2.72210895e-04 1.07230517e-03 1.44661419e-03
 4.44110618e-03 5.54659260e-04 1.53176629e-02 8.65870432e-04
 1.21020301e-02 2.53154636e-02 1.08561749e-05 5.83698398e-11
 2.66866258e-05 1.28885107e-06 2.92940565e-04 1.97403582e-11
 2.07735192e-05 3.58898913e-05 7.46124263e-05 9.93346282e-06
 2.34842791e-05 1.94045280e-05 8.42930239e-05 6.22966464e-06
 1.44289683e-04 7.65454142e-06 2.43018944e-03 2.93532400e-02
 2.65034334e-01 1.32245369e-02 1.10660662e-01 9.62734098e-02
 3.82134380e-01 3.15585587e-02 1.32182056e-01 5.89229783e-02
 2.81562402e-01 1.64760141e-02 4.61084676e-01 6.63849458e-02
 6.27974883e-01 2.16915286e-02 1.30995624e+00 3.98284466e-01
 1.56305904e+00 1.59983069e-01 1.38399730e+00 1.25037405e-01
 2.21701134e+00 1.97090360e+00]
train  L_V                   = +0.3421 (18.9%)
 train    L_V_attractive      = +0.2358 (13.0%)
 train      L_V_attractive_charged      = +0.1834 (10.1%)
 train      L_V_attractive_neutral      = +0.0524 (2.9%)
 train    L_V_repulsive       = +0.1064 (5.9%)
 train      L_V_repulsive_charged       = +0.0598 (3.3%)
 train      L_V_repulsive_neutral       = +0.0465 (2.6%)
 train    L_charged_cluster   = +0.0000 (0.0%)
 train  L_beta              = +0.7966 (43.9%)
 train    L_beta_noise        = +0.0000 (0.0%)
 train    L_beta_sig          = +0.1130 (6.2%)
 train    L_beta_suppress     = +0.0000 (0.0%)
 train    L_beta_track        = +0.6836 (37.7%)
 train      L_beta_norms_term   = -0.0274 (-1.5%)
 train      L_beta_logbeta_term = +0.1404 (7.7%)
 train  L_E   = +0.6748 (37.2%)
 train    L_E_charge = +0.0000 (0.0%)
 train    L_E_cond = +0.3974 (21.9%)
 train    L_E_cluster = +0.2774 (15.3%)
 train    L_E_w_photon   = +0.0000 (0.0%)
 train    L_E_w_charged_hadron   = +0.0000 (0.0%)
 train    L_E_w_neutral_hadron   = +0.0000 (0.0%)
 train    L_E_w_muon     = +0.0000 (0.0%)
 train    L_E_w_electron = +0.0000 (0.0%)
learning rate :  [0.00039890465297888624, 0.00039563061276672447, 0.000390213750433216, 0.00038271341425563806, 0.0003732117794866986, 0.00036181294802527074, 0.000348641807854205, 0.0003338426647414537, 0.00031757766119588004, 0.00030002500000000004, 0.0002813769917830063, 0.00026183794802527076, 0.00024162194257901096, 0.00022095046623036733, 0.00020005, 0.00017914953376963274, 0.00015847805742098906, 0.0001382620519747293, 0.00011872300821699378, 0.00010007500000000005, 8.252233880412002e-05, 6.625733525854636e-05, 5.1458192145795003e-05, 3.8287051974729284e-05, 2.688822051330148e-05, 1.7386585744361935e-05, 9.886249566784053e-06, 4.469387233275552e-06, 1.1953470211137557e-06, 1e-07, 0.0003990946109184883, 0.0003963866430176782, 0.0003919006200742188, 0.0003856771682065637, 0.00037777264795855195, 0.0003682586438895947, 0.00035722131629382036, 0.00034476062091910877, 0.0003309894037523598, 0.00031603237906876113, 0.00030002500000000004, 0.0002831122318497272, 0.00026544723926531853, 0.00024718999915511003, 0.00022850585191274341, 0.00020956400406895733, 0.00019053599593104275, 0.00017159414808725666, 0.00015291000084489, 0.00013465276073468155, 0.00011698776815027284, 0.00010007500000000005, 8.406762093123896e-05, 6.911059624764027e-05, 5.5339379080891216e-05, 4.287868370617969e-05, 3.18413561104053e-05, 2.2327352041448074e-05]
train loss :  2.8136050701141357
test   L_V                   = +0.6796 (32.3%)
    L_V_attractive      = +0.5588 (26.5%)
      L_V_attractive_charged      = +0.3608 (17.1%)
      L_V_attractive_neutral      = +0.1980 (9.4%)
    L_V_repulsive       = +0.1208 (5.7%)
      L_V_repulsive_charged       = +0.0647 (3.1%)
      L_V_repulsive_neutral       = +0.0561 (2.7%)
    L_charged_cluster   = +0.0000 (0.0%)
  L_beta              = +0.8093 (38.4%)
    L_beta_noise        = +0.0000 (0.0%)
    L_beta_sig          = +0.1115 (5.3%)
    L_beta_suppress     = +0.0000 (0.0%)
    L_beta_track        = +0.6978 (33.1%)
      L_beta_norms_term   = -0.0286 (-1.4%)
      L_beta_logbeta_term = +0.1401 (6.7%)
  L_E   = +0.6170 (29.3%)
    L_E_charge = +0.0000 (0.0%)
    L_E_cond = +0.3440 (16.3%)
    L_E_cluster = +0.2730 (13.0%)
    L_E_w_photon   = +0.0000 (0.0%)
    L_E_w_charged_hadron   = +0.0000 (0.0%)
    L_E_w_neutral_hadron   = +0.0000 (0.0%)
    L_E_w_muon     = +0.0000 (0.0%)
    L_E_w_electron = +0.0000 (0.0%)
Returning 3.1058712005615234
[rank 0] epoch=58 train_batch=2000/15625 loss=2.810003
[rank 0] epoch=58 train_batch=4000/15625 loss=2.864580
[rank 0] epoch=58 train_batch=6000/15625 loss=2.758669
[rank 0] epoch=58 train_batch=8000/15625 loss=2.785055
[rank 0] epoch=58 train_batch=10000/15625 loss=2.822826
[rank 0] epoch=58 train_batch=12000/15625 loss=2.772172
[rank 0] epoch=58 train_batch=14000/15625 loss=2.831455
Training epoch 58
[1.79215408e+00 4.21132991e-02 2.34332673e+00 1.21477926e-02
 1.97081222e+00 1.31441969e-06 4.57736502e-01 3.10901971e-03
 1.20476717e+00 1.32962117e-09 8.45893392e-01 4.64847428e-01
 3.51209035e+00 9.52831635e-02 2.61498069e-01 1.86486227e-01
 1.15166652e+00 1.06444156e-01 1.56808703e+00 3.99094731e-02
 7.47543387e-02 3.98852841e-02 1.67052949e-02 8.84056085e-10
 4.59971058e-03 9.55963655e-04 4.41485970e-03 1.04030603e-10
 1.05770728e-03 2.33055789e-03 4.09182630e-03 4.13984474e-04
 1.05203284e-03 1.14067799e-03 5.08618364e-03 4.73558025e-04
 1.75422518e-02 9.34141695e-04 2.26173838e-02 1.89549560e-02
 8.18274797e-04 3.39013250e-10 1.72572572e-03 9.71309238e-05
 1.37923922e-03 5.71806255e-11 4.29443066e-04 3.88396915e-04
 1.75165508e-03 1.55122290e-04 6.68541055e-04 7.29061993e-04
 2.11967030e-03 2.02543006e-04 4.71858077e-03 2.57919782e-04
 9.82739046e-03 2.09817478e-02 9.61235378e-06 6.63265028e-11
 1.88822368e-05 8.04786130e-07 1.99045316e-04 9.29636153e-12
 1.54983309e-05 2.56461044e-05 5.94510617e-05 7.18752068e-06
 1.57873363e-05 1.41759373e-05 5.86901201e-05 4.51900855e-06
 1.00545501e-04 5.26351184e-06 1.81589096e-03 2.48249982e-02
 2.47730719e-01 1.23231329e-02 1.09651028e-01 9.95140964e-02
 3.81125488e-01 3.26109960e-02 1.40530642e-01 6.33257119e-02
 2.81167773e-01 1.77969921e-02 4.86845340e-01 7.09968794e-02
 6.65238754e-01 2.28199797e-02 1.35844953e+00 4.00044512e-01
 1.62074612e+00 1.59912673e-01 1.39776065e+00 1.23214658e-01
 2.14704459e+00 1.85855566e+00]
train  L_V                   = +0.3408 (18.8%)
 train    L_V_attractive      = +0.2348 (13.0%)
 train      L_V_attractive_charged      = +0.1824 (10.1%)
 train      L_V_attractive_neutral      = +0.0524 (2.9%)
 train    L_V_repulsive       = +0.1060 (5.9%)
 train      L_V_repulsive_charged       = +0.0597 (3.3%)
 train      L_V_repulsive_neutral       = +0.0464 (2.6%)
 train    L_charged_cluster   = +0.0000 (0.0%)
 train  L_beta              = +0.7956 (44.0%)
 train    L_beta_noise        = +0.0000 (0.0%)
 train    L_beta_sig          = +0.1123 (6.2%)
 train    L_beta_suppress     = +0.0000 (0.0%)
 train    L_beta_track        = +0.6834 (37.8%)
 train      L_beta_norms_term   = -0.0276 (-1.5%)
 train      L_beta_logbeta_term = +0.1399 (7.7%)
 train  L_E   = +0.6723 (37.2%)
 train    L_E_charge = +0.0000 (0.0%)
 train    L_E_cond = +0.3954 (21.9%)
 train    L_E_cluster = +0.2770 (15.3%)
 train    L_E_w_photon   = +0.0000 (0.0%)
 train    L_E_w_charged_hadron   = +0.0000 (0.0%)
 train    L_E_w_neutral_hadron   = +0.0000 (0.0%)
 train    L_E_w_muon     = +0.0000 (0.0%)
 train    L_E_w_electron = +0.0000 (0.0%)
learning rate :  [0.00039890465297888624, 0.00039563061276672447, 0.000390213750433216, 0.00038271341425563806, 0.0003732117794866986, 0.00036181294802527074, 0.000348641807854205, 0.0003338426647414537, 0.00031757766119588004, 0.00030002500000000004, 0.0002813769917830063, 0.00026183794802527076, 0.00024162194257901096, 0.00022095046623036733, 0.00020005, 0.00017914953376963274, 0.00015847805742098906, 0.0001382620519747293, 0.00011872300821699378, 0.00010007500000000005, 8.252233880412002e-05, 6.625733525854636e-05, 5.1458192145795003e-05, 3.8287051974729284e-05, 2.688822051330148e-05, 1.7386585744361935e-05, 9.886249566784053e-06, 4.469387233275552e-06, 1.1953470211137557e-06, 1e-07, 0.0003990946109184883, 0.0003963866430176782, 0.0003919006200742188, 0.0003856771682065637, 0.00037777264795855195, 0.0003682586438895947, 0.00035722131629382036, 0.00034476062091910877, 0.0003309894037523598, 0.00031603237906876113, 0.00030002500000000004, 0.0002831122318497272, 0.00026544723926531853, 0.00024718999915511003, 0.00022850585191274341, 0.00020956400406895733, 0.00019053599593104275, 0.00017159414808725666, 0.00015291000084489, 0.00013465276073468155, 0.00011698776815027284, 0.00010007500000000005, 8.406762093123896e-05, 6.911059624764027e-05, 5.5339379080891216e-05, 4.287868370617969e-05, 3.18413561104053e-05, 2.2327352041448074e-05, 1.4422831793436292e-05]
train loss :  2.808746814727783
test   L_V                   = +51.8998 (97.2%)
    L_V_attractive      = +51.7799 (97.0%)
      L_V_attractive_charged      = +40.5933 (76.1%)
      L_V_attractive_neutral      = +11.1866 (21.0%)
    L_V_repulsive       = +0.1199 (0.2%)
      L_V_repulsive_charged       = +0.0646 (0.1%)
      L_V_repulsive_neutral       = +0.0553 (0.1%)
    L_charged_cluster   = +0.0000 (0.0%)
  L_beta              = +0.8105 (1.5%)
    L_beta_noise        = +0.0000 (0.0%)
    L_beta_sig          = +0.1142 (0.2%)
    L_beta_suppress     = +0.0000 (0.0%)
    L_beta_track        = +0.6963 (1.3%)
      L_beta_norms_term   = -0.0283 (-0.1%)
      L_beta_logbeta_term = +0.1424 (0.3%)
  L_E   = +0.6662 (1.2%)
    L_E_charge = +0.0000 (0.0%)
    L_E_cond = +0.3909 (0.7%)
    L_E_cluster = +0.2752 (0.5%)
    L_E_w_photon   = +0.0000 (0.0%)
    L_E_w_charged_hadron   = +0.0000 (0.0%)
    L_E_w_neutral_hadron   = +0.0000 (0.0%)
    L_E_w_muon     = +0.0000 (0.0%)
    L_E_w_electron = +0.0000 (0.0%)
Returning 54.37641143798828
[rank 0] epoch=59 train_batch=2000/15625 loss=2.899673
[rank 0] epoch=59 train_batch=4000/15625 loss=2.819984
[rank 0] epoch=59 train_batch=6000/15625 loss=2.758271
[rank 0] epoch=59 train_batch=8000/15625 loss=2.854804
[rank 0] epoch=59 train_batch=10000/15625 loss=2.776244
[rank 0] epoch=59 train_batch=12000/15625 loss=2.821676
[rank 0] epoch=59 train_batch=14000/15625 loss=2.775471
Training epoch 59
[1.97689122e+00 3.90256851e-02 2.48215459e+00 9.50256246e-03
 2.17432963e+00 1.34120661e-06 4.07752768e-01 2.56737905e-03
 1.13344335e+00 1.18318842e-09 8.22190174e-01 4.26959757e-01
 3.44736862e+00 6.66732111e-02 2.23171346e-01 1.65881724e-01
 1.06165688e+00 1.01589273e-01 1.40776238e+00 3.73816107e-02
 7.16574098e-02 3.68652011e-02 1.49186282e-02 9.33279529e-10
 3.23259275e-03 5.06812021e-04 3.04730687e-03 9.33809192e-11
 8.86504998e-04 1.51124563e-03 3.67809930e-03 3.48624390e-04
 9.46323820e-04 1.04037942e-03 4.98568364e-03 4.91863900e-04
 1.71079944e-02 9.20613687e-04 2.36668701e-02 1.89674694e-02
 7.77999074e-04 3.66184823e-10 1.97696802e-03 1.03803986e-04
 1.56826549e-03 5.80515300e-11 4.53725294e-04 3.70648579e-04
 1.77952491e-03 1.47041396e-04 6.44444409e-04 7.43712216e-04
 2.06803065e-03 2.05985958e-04 4.65159199e-03 2.54550276e-04
 9.53239606e-03 2.09925014e-02 1.02307423e-05 9.21089722e-11
 1.80777234e-05 8.66162501e-07 2.10195228e-04 6.47590967e-12
 1.64367697e-05 2.54503328e-05 6.77890079e-05 7.28932801e-06
 1.48554963e-05 1.50300505e-05 5.44386214e-05 4.63930599e-06
 1.06303198e-04 5.49762723e-06 1.81684188e-03 2.50989522e-02
 2.36761840e-01 1.19954075e-02 1.08356754e-01 1.01582618e-01
 3.81894275e-01 3.34141157e-02 1.54737735e-01 6.95424903e-02
 2.99444315e-01 1.97542049e-02 4.99487928e-01 7.57838924e-02
 7.02403888e-01 2.40649904e-02 1.38699884e+00 4.02018679e-01
 1.67847372e+00 1.61495726e-01 1.39784348e+00 1.22119987e-01
 2.09299378e+00 1.78675862e+00]
train  L_V                   = +0.3400 (18.8%)
 train    L_V_attractive      = +0.2343 (13.0%)
 train      L_V_attractive_charged      = +0.1819 (10.1%)
 train      L_V_attractive_neutral      = +0.0523 (2.9%)
 train    L_V_repulsive       = +0.1058 (5.9%)
 train      L_V_repulsive_charged       = +0.0595 (3.3%)
 train      L_V_repulsive_neutral       = +0.0462 (2.6%)
 train    L_charged_cluster   = +0.0000 (0.0%)
 train  L_beta              = +0.7951 (44.0%)
 train    L_beta_noise        = +0.0000 (0.0%)
 train    L_beta_sig          = +0.1119 (6.2%)
 train    L_beta_suppress     = +0.0000 (0.0%)
 train    L_beta_track        = +0.6832 (37.8%)
 train      L_beta_norms_term   = -0.0278 (-1.5%)
 train      L_beta_logbeta_term = +0.1396 (7.7%)
 train  L_E   = +0.6708 (37.1%)
 train    L_E_charge = +0.0000 (0.0%)
 train    L_E_cond = +0.3940 (21.8%)
 train    L_E_cluster = +0.2767 (15.3%)
 train    L_E_w_photon   = +0.0000 (0.0%)
 train    L_E_w_charged_hadron   = +0.0000 (0.0%)
 train    L_E_w_neutral_hadron   = +0.0000 (0.0%)
 train    L_E_w_muon     = +0.0000 (0.0%)
 train    L_E_w_electron = +0.0000 (0.0%)
learning rate :  [0.00039890465297888624, 0.00039563061276672447, 0.000390213750433216, 0.00038271341425563806, 0.0003732117794866986, 0.00036181294802527074, 0.000348641807854205, 0.0003338426647414537, 0.00031757766119588004, 0.00030002500000000004, 0.0002813769917830063, 0.00026183794802527076, 0.00024162194257901096, 0.00022095046623036733, 0.00020005, 0.00017914953376963274, 0.00015847805742098906, 0.0001382620519747293, 0.00011872300821699378, 0.00010007500000000005, 8.252233880412002e-05, 6.625733525854636e-05, 5.1458192145795003e-05, 3.8287051974729284e-05, 2.688822051330148e-05, 1.7386585744361935e-05, 9.886249566784053e-06, 4.469387233275552e-06, 1.1953470211137557e-06, 1e-07, 0.0003990946109184883, 0.0003963866430176782, 0.0003919006200742188, 0.0003856771682065637, 0.00037777264795855195, 0.0003682586438895947, 0.00035722131629382036, 0.00034476062091910877, 0.0003309894037523598, 0.00031603237906876113, 0.00030002500000000004, 0.0002831122318497272, 0.00026544723926531853, 0.00024718999915511003, 0.00022850585191274341, 0.00020956400406895733, 0.00019053599593104275, 0.00017159414808725666, 0.00015291000084489, 0.00013465276073468155, 0.00011698776815027284, 0.00010007500000000005, 8.406762093123896e-05, 6.911059624764027e-05, 5.5339379080891216e-05, 4.287868370617969e-05, 3.18413561104053e-05, 2.2327352041448074e-05, 1.4422831793436292e-05, 8.199379925781274e-06]
train loss :  2.805859327316284
test   L_V                   = +374.0609 (99.6%)
    L_V_attractive      = +373.9414 (99.6%)
      L_V_attractive_charged      = +108.6510 (28.9%)
      L_V_attractive_neutral      = +265.2906 (70.7%)
    L_V_repulsive       = +0.1187 (0.0%)
      L_V_repulsive_charged       = +0.0639 (0.0%)
      L_V_repulsive_neutral       = +0.0548 (0.0%)
    L_charged_cluster   = +0.0000 (0.0%)
  L_beta              = +0.8118 (0.2%)
    L_beta_noise        = +0.0000 (0.0%)
    L_beta_sig          = +0.1139 (0.0%)
    L_beta_suppress     = +0.0000 (0.0%)
    L_beta_track        = +0.6980 (0.2%)
      L_beta_norms_term   = -0.0283 (-0.0%)
      L_beta_logbeta_term = +0.1422 (0.0%)
  L_E   = +0.6146 (0.2%)
    L_E_charge = +0.0000 (0.0%)
    L_E_cond = +0.3414 (0.1%)
    L_E_cluster = +0.2732 (0.1%)
    L_E_w_photon   = +0.0000 (0.0%)
    L_E_w_charged_hadron   = +0.0000 (0.0%)
    L_E_w_neutral_hadron   = +0.0000 (0.0%)
    L_E_w_muon     = +0.0000 (0.0%)
    L_E_w_electron = +0.0000 (0.0%)
Returning 376.48736572265625
[rank 0] epoch=60 train_batch=2000/15625 loss=2.767447
[rank 0] epoch=60 train_batch=4000/15625 loss=2.945848
[rank 0] epoch=60 train_batch=6000/15625 loss=2.755413
[rank 0] epoch=60 train_batch=8000/15625 loss=2.772994
[rank 0] epoch=60 train_batch=10000/15625 loss=2.778246
[rank 0] epoch=60 train_batch=12000/15625 loss=2.757322
[rank 0] epoch=60 train_batch=14000/15625 loss=2.808806
Training epoch 60
[2.17347454e+00 4.31303838e-02 2.66356236e+00 1.05863860e-02
 2.38729157e+00 1.52048998e-06 4.47695790e-01 2.78802978e-03
 1.23398475e+00 1.30939452e-09 8.73614188e-01 4.84654106e-01
 3.63597737e+00 6.99025967e-02 2.32225942e-01 1.73891569e-01
 1.09616648e+00 1.03395321e-01 1.39478424e+00 3.89924254e-02
 7.49726572e-02 3.88769117e-02 1.97164662e-02 1.22609561e-09
 4.07081568e-03 7.67328284e-04 4.09404246e-03 1.23838725e-10
 1.11495256e-03 2.04949619e-03 4.29525669e-03 4.30726990e-04
 1.12153025e-03 1.22179345e-03 5.54021306e-03 5.40721518e-04
 1.84043588e-02 9.96778922e-04 2.52560218e-02 1.93079594e-02
 8.20683686e-04 4.18850717e-10 2.25158571e-03 9.73641218e-05
 1.75823012e-03 6.22444630e-11 5.02621697e-04 3.90639247e-04
 1.89067556e-03 1.56834299e-04 6.67182380e-04 7.67734721e-04
 2.13297569e-03 2.13394431e-04 4.69998000e-03 2.56401229e-04
 9.56408116e-03 2.14124247e-02 1.10345572e-05 1.04216829e-10
 2.81975761e-05 1.48034849e-06 3.49879804e-04 1.14033894e-11
 2.07916587e-05 4.00744909e-05 7.79428580e-05 1.13792520e-05
 2.14098570e-05 2.07007086e-05 7.58974076e-05 6.29954651e-06
 1.44896219e-04 7.51946385e-06 1.71087621e-03 2.58401213e-02
 2.45072728e-01 1.22371334e-02 1.17324257e-01 1.11760858e-01
 4.17204934e-01 3.66102792e-02 1.64794995e-01 7.25880767e-02
 3.13115117e-01 2.06622878e-02 5.05801845e-01 7.83069153e-02
 7.24593453e-01 2.47396749e-02 1.40560136e+00 4.04168656e-01
 1.71605532e+00 1.63039650e-01 1.39527227e+00 1.21446817e-01
 2.06767091e+00 1.75454049e+00]
train  L_V                   = +0.3397 (18.8%)
 train    L_V_attractive      = +0.2341 (13.0%)
 train      L_V_attractive_charged      = +0.1817 (10.1%)
 train      L_V_attractive_neutral      = +0.0523 (2.9%)
 train    L_V_repulsive       = +0.1057 (5.9%)
 train      L_V_repulsive_charged       = +0.0595 (3.3%)
 train      L_V_repulsive_neutral       = +0.0462 (2.6%)
 train    L_charged_cluster   = +0.0000 (0.0%)
 train  L_beta              = +0.7949 (44.0%)
 train    L_beta_noise        = +0.0000 (0.0%)
 train    L_beta_sig          = +0.1118 (6.2%)
 train    L_beta_suppress     = +0.0000 (0.0%)
 train    L_beta_track        = +0.6831 (37.9%)
 train      L_beta_norms_term   = -0.0278 (-1.5%)
 train      L_beta_logbeta_term = +0.1396 (7.7%)
 train  L_E   = +0.6700 (37.1%)
 train    L_E_charge = +0.0000 (0.0%)
 train    L_E_cond = +0.3933 (21.8%)
 train    L_E_cluster = +0.2766 (15.3%)
 train    L_E_w_photon   = +0.0000 (0.0%)
 train    L_E_w_charged_hadron   = +0.0000 (0.0%)
 train    L_E_w_neutral_hadron   = +0.0000 (0.0%)
 train    L_E_w_muon     = +0.0000 (0.0%)
 train    L_E_w_electron = +0.0000 (0.0%)
learning rate :  [0.00039890465297888624, 0.00039563061276672447, 0.000390213750433216, 0.00038271341425563806, 0.0003732117794866986, 0.00036181294802527074, 0.000348641807854205, 0.0003338426647414537, 0.00031757766119588004, 0.00030002500000000004, 0.0002813769917830063, 0.00026183794802527076, 0.00024162194257901096, 0.00022095046623036733, 0.00020005, 0.00017914953376963274, 0.00015847805742098906, 0.0001382620519747293, 0.00011872300821699378, 0.00010007500000000005, 8.252233880412002e-05, 6.625733525854636e-05, 5.1458192145795003e-05, 3.8287051974729284e-05, 2.688822051330148e-05, 1.7386585744361935e-05, 9.886249566784053e-06, 4.469387233275552e-06, 1.1953470211137557e-06, 1e-07, 0.0003990946109184883, 0.0003963866430176782, 0.0003919006200742188, 0.0003856771682065637, 0.00037777264795855195, 0.0003682586438895947, 0.00035722131629382036, 0.00034476062091910877, 0.0003309894037523598, 0.00031603237906876113, 0.00030002500000000004, 0.0002831122318497272, 0.00026544723926531853, 0.00024718999915511003, 0.00022850585191274341, 0.00020956400406895733, 0.00019053599593104275, 0.00017159414808725666, 0.00015291000084489, 0.00013465276073468155, 0.00011698776815027284, 0.00010007500000000005, 8.406762093123896e-05, 6.911059624764027e-05, 5.5339379080891216e-05, 4.287868370617969e-05, 3.18413561104053e-05, 2.2327352041448074e-05, 1.4422831793436292e-05, 8.199379925781274e-06, 3.713356982321794e-06]
train loss :  2.804588794708252
test   L_V                   = +4147.7852 (100.0%)
    L_V_attractive      = +4147.6484 (100.0%)
      L_V_attractive_charged      = +2768.8323 (66.7%)
      L_V_attractive_neutral      = +1378.8279 (33.2%)
    L_V_repulsive       = +0.1104 (0.0%)
      L_V_repulsive_charged       = +0.0605 (0.0%)
      L_V_repulsive_neutral       = +0.0499 (0.0%)
    L_charged_cluster   = +0.0000 (0.0%)
  L_beta              = +0.8190 (0.0%)
    L_beta_noise        = +0.0000 (0.0%)
    L_beta_sig          = +0.1210 (0.0%)
    L_beta_suppress     = +0.0000 (0.0%)
    L_beta_track        = +0.6980 (0.0%)
      L_beta_norms_term   = -0.0280 (-0.0%)
      L_beta_logbeta_term = +0.1490 (0.0%)
  L_E   = +0.6604 (0.0%)
    L_E_charge = +0.0000 (0.0%)
    L_E_cond = +0.3629 (0.0%)
    L_E_cluster = +0.2974 (0.0%)
    L_E_w_photon   = +0.0000 (0.0%)
    L_E_w_charged_hadron   = +0.0000 (0.0%)
    L_E_w_neutral_hadron   = +0.0000 (0.0%)
    L_E_w_muon     = +0.0000 (0.0%)
    L_E_w_electron = +0.0000 (0.0%)
Returning 4150.26416015625
[rank 0] epoch=61 train_batch=2000/15625 loss=2.805788
[rank 0] epoch=61 train_batch=4000/15625 loss=2.808723
[rank 0] epoch=61 train_batch=6000/15625 loss=2.790338
[rank 0] epoch=61 train_batch=8000/15625 loss=2.796775
[rank 0] epoch=61 train_batch=10000/15625 loss=2.814319
[rank 0] epoch=61 train_batch=12000/15625 loss=2.815257
[rank 0] epoch=61 train_batch=14000/15625 loss=2.789001
Training epoch 61
[2.18296782e+00 4.02427206e-02 2.74195072e+00 9.88556639e-03
 2.46773522e+00 1.54555458e-06 4.30564523e-01 2.63996639e-03
 1.22988053e+00 1.27881469e-09 8.77949569e-01 4.55637155e-01
 3.68074165e+00 6.60282016e-02 2.28395053e-01 1.65863122e-01
 1.08255541e+00 1.01339579e-01 1.34687946e+00 3.82075824e-02
 7.60856407e-02 3.98105216e-02 1.87448489e-02 1.16545163e-09
 4.04083172e-03 7.21013627e-04 3.91009049e-03 1.19748482e-10
 1.08989600e-03 2.03549084e-03 4.32848854e-03 4.17489241e-04
 1.07767568e-03 1.16158167e-03 5.56248073e-03 5.35491149e-04
 1.76359115e-02 9.51515701e-04 2.60322034e-02 1.98007034e-02
 8.51711424e-04 4.39662428e-10 2.41212772e-03 1.08883719e-04
 1.91613833e-03 6.83785580e-11 5.54009754e-04 4.27282145e-04
 2.10492973e-03 1.70932157e-04 7.23102801e-04 8.31063689e-04
 2.34966980e-03 2.28297155e-04 5.01050813e-03 2.72731393e-04
 9.91487797e-03 2.20842202e-02 1.14166208e-05 1.01573055e-10
 3.12153639e-05 1.61030253e-06 3.77464515e-04 1.34613114e-11
 2.23984695e-05 4.46803898e-05 8.27527913e-05 1.26647473e-05
 2.35883385e-05 2.19195025e-05 8.20272756e-05 6.64262921e-06
 1.53780219e-04 7.99980616e-06 1.74787471e-03 2.65917234e-02
 2.46945725e-01 1.24704787e-02 1.20969572e-01 1.16310587e-01
 4.34137079e-01 3.81670950e-02 1.70072310e-01 7.44866829e-02
 3.22416286e-01 2.12640299e-02 5.11183043e-01 8.00197895e-02
 7.40655913e-01 2.52086332e-02 1.42295160e+00 4.06533304e-01
 1.74774286e+00 1.64135168e-01 1.39990301e+00 1.20954935e-01
 2.04809778e+00 1.71735820e+00]
train  L_V                   = +0.3395 (18.8%)
 train    L_V_attractive      = +0.2339 (13.0%)
 train      L_V_attractive_charged      = +0.1815 (10.1%)
 train      L_V_attractive_neutral      = +0.0523 (2.9%)
 train    L_V_repulsive       = +0.1056 (5.9%)
 train      L_V_repulsive_charged       = +0.0594 (3.3%)
 train      L_V_repulsive_neutral       = +0.0461 (2.6%)
 train    L_charged_cluster   = +0.0000 (0.0%)
 train  L_beta              = +0.7948 (44.1%)
 train    L_beta_noise        = +0.0000 (0.0%)
 train    L_beta_sig          = +0.1117 (6.2%)
 train    L_beta_suppress     = +0.0000 (0.0%)
 train    L_beta_track        = +0.6831 (37.9%)
 train      L_beta_norms_term   = -0.0278 (-1.5%)
 train      L_beta_logbeta_term = +0.1395 (7.7%)
 train  L_E   = +0.6693 (37.1%)
 train    L_E_charge = +0.0000 (0.0%)
 train    L_E_cond = +0.3927 (21.8%)
 train    L_E_cluster = +0.2766 (15.3%)
 train    L_E_w_photon   = +0.0000 (0.0%)
 train    L_E_w_charged_hadron   = +0.0000 (0.0%)
 train    L_E_w_neutral_hadron   = +0.0000 (0.0%)
 train    L_E_w_muon     = +0.0000 (0.0%)
 train    L_E_w_electron = +0.0000 (0.0%)
learning rate :  [0.00039890465297888624, 0.00039563061276672447, 0.000390213750433216, 0.00038271341425563806, 0.0003732117794866986, 0.00036181294802527074, 0.000348641807854205, 0.0003338426647414537, 0.00031757766119588004, 0.00030002500000000004, 0.0002813769917830063, 0.00026183794802527076, 0.00024162194257901096, 0.00022095046623036733, 0.00020005, 0.00017914953376963274, 0.00015847805742098906, 0.0001382620519747293, 0.00011872300821699378, 0.00010007500000000005, 8.252233880412002e-05, 6.625733525854636e-05, 5.1458192145795003e-05, 3.8287051974729284e-05, 2.688822051330148e-05, 1.7386585744361935e-05, 9.886249566784053e-06, 4.469387233275552e-06, 1.1953470211137557e-06, 1e-07, 0.0003990946109184883, 0.0003963866430176782, 0.0003919006200742188, 0.0003856771682065637, 0.00037777264795855195, 0.0003682586438895947, 0.00035722131629382036, 0.00034476062091910877, 0.0003309894037523598, 0.00031603237906876113, 0.00030002500000000004, 0.0002831122318497272, 0.00026544723926531853, 0.00024718999915511003, 0.00022850585191274341, 0.00020956400406895733, 0.00019053599593104275, 0.00017159414808725666, 0.00015291000084489, 0.00013465276073468155, 0.00011698776815027284, 0.00010007500000000005, 8.406762093123896e-05, 6.911059624764027e-05, 5.5339379080891216e-05, 4.287868370617969e-05, 3.18413561104053e-05, 2.2327352041448074e-05, 1.4422831793436292e-05, 8.199379925781274e-06, 3.713356982321794e-06, 1.0053890815117365e-06]
train loss :  2.803579092025757
test   L_V                   = +290573.3438 (100.0%)
    L_V_attractive      = +290573.3438 (100.0%)
      L_V_attractive_charged      = +206301.2500 (71.0%)
      L_V_attractive_neutral      = +84272.0312 (29.0%)
    L_V_repulsive       = +0.1097 (0.0%)
      L_V_repulsive_charged       = +0.0602 (0.0%)
      L_V_repulsive_neutral       = +0.0494 (0.0%)
    L_charged_cluster   = +0.0000 (0.0%)
  L_beta              = +0.8120 (0.0%)
    L_beta_noise        = +0.0000 (0.0%)
    L_beta_sig          = +0.1151 (0.0%)
    L_beta_suppress     = +0.0000 (0.0%)
    L_beta_track        = +0.6969 (0.0%)
      L_beta_norms_term   = -0.0277 (-0.0%)
      L_beta_logbeta_term = +0.1428 (0.0%)
  L_E   = +0.6507 (0.0%)
    L_E_charge = +0.0000 (0.0%)
    L_E_cond = +0.3685 (0.0%)
    L_E_cluster = +0.2822 (0.0%)
    L_E_w_photon   = +0.0000 (0.0%)
    L_E_w_charged_hadron   = +0.0000 (0.0%)
    L_E_w_neutral_hadron   = +0.0000 (0.0%)
    L_E_w_muon     = +0.0000 (0.0%)
    L_E_w_electron = +0.0000 (0.0%)
Returning 290575.8125
[rank 0] epoch=62 train_batch=2000/15625 loss=2.888078
[rank 0] epoch=62 train_batch=4000/15625 loss=2.822411
[rank 0] epoch=62 train_batch=6000/15625 loss=2.781118
[rank 0] epoch=62 train_batch=8000/15625 loss=2.842972
[rank 0] epoch=62 train_batch=10000/15625 loss=2.737838
[rank 0] epoch=62 train_batch=12000/15625 loss=2.811378
[rank 0] epoch=62 train_batch=14000/15625 loss=2.747794
Training epoch 62
[2.17685207e+00 4.50021307e-02 2.84641106e+00 1.10327773e-02
 2.53038120e+00 1.65835020e-06 4.69668939e-01 2.89491985e-03
 1.28603039e+00 1.36793055e-09 9.01042004e-01 4.89046815e-01
 3.72327683e+00 6.90946874e-02 2.33659421e-01 1.72897640e-01
 1.10061933e+00 1.03170680e-01 1.36175984e+00 3.95138423e-02
 7.85847290e-02 4.11056461e-02 1.71466057e-02 1.10663926e-09
 3.92050091e-03 7.22317323e-04 3.78565185e-03 1.09565652e-10
 1.03861105e-03 2.02321739e-03 4.13149839e-03 4.10141805e-04
 1.01683520e-03 1.13980584e-03 5.23489561e-03 5.29196761e-04
 1.77481555e-02 9.58102375e-04 2.69670518e-02 2.02237563e-02
 8.31893942e-04 4.49531539e-10 2.44015970e-03 1.08176023e-04
 1.91931445e-03 6.83203635e-11 5.66028710e-04 4.48536639e-04
 2.17763430e-03 1.80142663e-04 7.58394445e-04 8.62014575e-04
 2.44930155e-03 2.38924214e-04 5.17123314e-03 2.80477430e-04
 1.02351683e-02 2.24878745e-02 1.12476019e-05 8.95870705e-11
 3.18870329e-05 1.68102156e-06 3.93075872e-04 1.47505845e-11
 2.25884106e-05 4.52819888e-05 8.16941778e-05 1.26916532e-05
 2.37841952e-05 2.15847562e-05 8.19817490e-05 6.53052617e-06
 1.50456801e-04 7.85552577e-06 1.73314992e-03 2.70976735e-02
 2.55269024e-01 1.27586618e-02 1.25614132e-01 1.21276951e-01
 4.49231679e-01 3.96496585e-02 1.72215916e-01 7.48630536e-02
 3.25960068e-01 2.14048426e-02 5.09167805e-01 7.99782261e-02
 7.40835776e-01 2.51861474e-02 1.41760721e+00 4.03914898e-01
 1.74301216e+00 1.63008931e-01 1.38831380e+00 1.19805580e-01
 2.02100595e+00 1.68128425e+00]
train  L_V                   = +0.3394 (18.8%)
 train    L_V_attractive      = +0.2338 (13.0%)
 train      L_V_attractive_charged      = +0.1815 (10.1%)
 train      L_V_attractive_neutral      = +0.0524 (2.9%)
 train    L_V_repulsive       = +0.1056 (5.9%)
 train      L_V_repulsive_charged       = +0.0595 (3.3%)
 train      L_V_repulsive_neutral       = +0.0461 (2.6%)
 train    L_charged_cluster   = +0.0000 (0.0%)
 train  L_beta              = +0.7948 (44.1%)
 train    L_beta_noise        = +0.0000 (0.0%)
 train    L_beta_sig          = +0.1116 (6.2%)
 train    L_beta_suppress     = +0.0000 (0.0%)
 train    L_beta_track        = +0.6831 (37.9%)
 train      L_beta_norms_term   = -0.0279 (-1.5%)
 train      L_beta_logbeta_term = +0.1395 (7.7%)
 train  L_E   = +0.6692 (37.1%)
 train    L_E_charge = +0.0000 (0.0%)
 train    L_E_cond = +0.3927 (21.8%)
 train    L_E_cluster = +0.2765 (15.3%)
 train    L_E_w_photon   = +0.0000 (0.0%)
 train    L_E_w_charged_hadron   = +0.0000 (0.0%)
 train    L_E_w_neutral_hadron   = +0.0000 (0.0%)
 train    L_E_w_muon     = +0.0000 (0.0%)
 train    L_E_w_electron = +0.0000 (0.0%)
learning rate :  [0.00039890465297888624, 0.00039563061276672447, 0.000390213750433216, 0.00038271341425563806, 0.0003732117794866986, 0.00036181294802527074, 0.000348641807854205, 0.0003338426647414537, 0.00031757766119588004, 0.00030002500000000004, 0.0002813769917830063, 0.00026183794802527076, 0.00024162194257901096, 0.00022095046623036733, 0.00020005, 0.00017914953376963274, 0.00015847805742098906, 0.0001382620519747293, 0.00011872300821699378, 0.00010007500000000005, 8.252233880412002e-05, 6.625733525854636e-05, 5.1458192145795003e-05, 3.8287051974729284e-05, 2.688822051330148e-05, 1.7386585744361935e-05, 9.886249566784053e-06, 4.469387233275552e-06, 1.1953470211137557e-06, 1e-07, 0.0003990946109184883, 0.0003963866430176782, 0.0003919006200742188, 0.0003856771682065637, 0.00037777264795855195, 0.0003682586438895947, 0.00035722131629382036, 0.00034476062091910877, 0.0003309894037523598, 0.00031603237906876113, 0.00030002500000000004, 0.0002831122318497272, 0.00026544723926531853, 0.00024718999915511003, 0.00022850585191274341, 0.00020956400406895733, 0.00019053599593104275, 0.00017159414808725666, 0.00015291000084489, 0.00013465276073468155, 0.00011698776815027284, 0.00010007500000000005, 8.406762093123896e-05, 6.911059624764027e-05, 5.5339379080891216e-05, 4.287868370617969e-05, 3.18413561104053e-05, 2.2327352041448074e-05, 1.4422831793436292e-05, 8.199379925781274e-06, 3.713356982321794e-06, 1.0053890815117365e-06, 1e-07]
train loss :  2.8034231662750244
test   L_V                   = +3935.0940 (100.0%)
    L_V_attractive      = +3935.0093 (100.0%)
      L_V_attractive_charged      = +2841.8494 (72.2%)
      L_V_attractive_neutral      = +1093.1583 (27.8%)
    L_V_repulsive       = +0.1185 (0.0%)
      L_V_repulsive_charged       = +0.0642 (0.0%)
      L_V_repulsive_neutral       = +0.0543 (0.0%)
    L_charged_cluster   = +0.0000 (0.0%)
  L_beta              = +0.8110 (0.0%)
    L_beta_noise        = +0.0000 (0.0%)
    L_beta_sig          = +0.1145 (0.0%)
    L_beta_suppress     = +0.0000 (0.0%)
    L_beta_track        = +0.6965 (0.0%)
      L_beta_norms_term   = -0.0282 (-0.0%)
      L_beta_logbeta_term = +0.1427 (0.0%)
  L_E   = +0.6501 (0.0%)
    L_E_charge = +0.0000 (0.0%)
    L_E_cond = +0.3697 (0.0%)
    L_E_cluster = +0.2804 (0.0%)
    L_E_w_photon   = +0.0000 (0.0%)
    L_E_w_charged_hadron   = +0.0000 (0.0%)
    L_E_w_neutral_hadron   = +0.0000 (0.0%)
    L_E_w_muon     = +0.0000 (0.0%)
    L_E_w_electron = +0.0000 (0.0%)
Returning 3937.55517578125
[rank 0] epoch=63 train_batch=2000/15625 loss=2.823065
[rank 0] epoch=63 train_batch=4000/15625 loss=2.776975
[rank 0] epoch=63 train_batch=6000/15625 loss=2.772636
[rank 0] epoch=63 train_batch=8000/15625 loss=3.036733
[rank 0] epoch=63 train_batch=10000/15625 loss=2.985976
[rank 0] epoch=63 train_batch=12000/15625 loss=2.823661
[rank 0] epoch=63 train_batch=14000/15625 loss=2.847515
Training epoch 63
[2.91321223e+00 5.48670000e-02 3.55932686e+00 1.90606801e-02
 3.06902667e+00 3.04485938e-06 4.87493210e-01 4.83011667e-03
 9.79790288e-01 2.93691034e-09 6.30487856e-01 6.92068441e-01
 2.84782546e+00 1.05561115e-01 2.34155370e-01 1.82380142e-01
 9.46135828e-01 1.04014926e-01 1.88987151e+00 5.38978658e-02
 7.74371109e-02 3.76925550e-02 2.88770701e-02 2.38469845e-08
 1.53254566e-02 2.25228339e-03 1.32458036e-02 3.68641076e-09
 2.40548761e-03 5.07199266e-03 7.91024792e-03 9.11338133e-04
 1.72616277e-03 1.83432585e-03 8.61176335e-03 8.10418789e-04
 3.30507794e-02 1.76979095e-03 2.52784246e-02 1.60629115e-02
 3.19213538e-03 2.12351472e-09 6.55270218e-03 1.03973676e-03
 6.00831121e-03 8.02599121e-10 1.97701285e-03 1.40884823e-03
 8.38741014e-03 6.91064951e-04 2.16537192e-03 1.04257207e-03
 5.20035130e-03 2.84317706e-04 6.30792128e-03 3.33779986e-04
 1.67375226e-02 1.19564052e-02 7.49049465e-07 2.41936617e-12
 1.52179397e-06 3.43151439e-08 5.50343169e-06 3.89806169e-13
 7.92270555e-07 2.25837726e-06 3.26156658e-06 5.03093852e-07
 9.01157036e-07 6.82526952e-07 2.65938432e-06 1.87499566e-07
 5.74088919e-06 3.05892900e-07 4.03093695e-03 1.50398211e-02
 2.31182818e-01 1.04630308e-02 5.78064336e-02 3.38354322e-02
 1.70062943e-01 1.16638326e-02 6.35300734e-02 3.97307830e-02
 2.04840764e-01 1.12326745e-02 2.98649285e-01 5.06536438e-02
 5.00269292e-01 1.58024504e-02 1.17483992e+00 3.97783624e-01
 1.70240649e+00 1.75135854e-01 1.78553497e+00 1.54024254e-01
 3.10954276e+00 3.25024555e+00]
train  L_V                   = +0.3512 (18.8%)
 train    L_V_attractive      = +0.2408 (12.9%)
 train      L_V_attractive_charged      = +0.1888 (10.1%)
 train      L_V_attractive_neutral      = +0.0521 (2.8%)
 train    L_V_repulsive       = +0.1104 (5.9%)
 train      L_V_repulsive_charged       = +0.0625 (3.4%)
 train      L_V_repulsive_neutral       = +0.0479 (2.6%)
 train    L_charged_cluster   = +0.0000 (0.0%)
 train  L_beta              = +0.8100 (43.5%)
 train    L_beta_noise        = +0.0000 (0.0%)
 train    L_beta_sig          = +0.1233 (6.6%)
 train    L_beta_suppress     = +0.0000 (0.0%)
 train    L_beta_track        = +0.6866 (36.8%)
 train      L_beta_norms_term   = -0.0245 (-1.3%)
 train      L_beta_logbeta_term = +0.1479 (7.9%)
 train  L_E   = +0.7025 (37.7%)
 train    L_E_charge = +0.0000 (0.0%)
 train    L_E_cond = +0.4175 (22.4%)
 train    L_E_cluster = +0.2850 (15.3%)
 train    L_E_w_photon   = +0.0000 (0.0%)
 train    L_E_w_charged_hadron   = +0.0000 (0.0%)
 train    L_E_w_neutral_hadron   = +0.0000 (0.0%)
 train    L_E_w_muon     = +0.0000 (0.0%)
 train    L_E_w_electron = +0.0000 (0.0%)
learning rate :  [0.00039890465297888624, 0.00039563061276672447, 0.000390213750433216, 0.00038271341425563806, 0.0003732117794866986, 0.00036181294802527074, 0.000348641807854205, 0.0003338426647414537, 0.00031757766119588004, 0.00030002500000000004, 0.0002813769917830063, 0.00026183794802527076, 0.00024162194257901096, 0.00022095046623036733, 0.00020005, 0.00017914953376963274, 0.00015847805742098906, 0.0001382620519747293, 0.00011872300821699378, 0.00010007500000000005, 8.252233880412002e-05, 6.625733525854636e-05, 5.1458192145795003e-05, 3.8287051974729284e-05, 2.688822051330148e-05, 1.7386585744361935e-05, 9.886249566784053e-06, 4.469387233275552e-06, 1.1953470211137557e-06, 1e-07, 0.0003990946109184883, 0.0003963866430176782, 0.0003919006200742188, 0.0003856771682065637, 0.00037777264795855195, 0.0003682586438895947, 0.00035722131629382036, 0.00034476062091910877, 0.0003309894037523598, 0.00031603237906876113, 0.00030002500000000004, 0.0002831122318497272, 0.00026544723926531853, 0.00024718999915511003, 0.00022850585191274341, 0.00020956400406895733, 0.00019053599593104275, 0.00017159414808725666, 0.00015291000084489, 0.00013465276073468155, 0.00011698776815027284, 0.00010007500000000005, 8.406762093123896e-05, 6.911059624764027e-05, 5.5339379080891216e-05, 4.287868370617969e-05, 3.18413561104053e-05, 2.2327352041448074e-05, 1.4422831793436292e-05, 8.199379925781274e-06, 3.713356982321794e-06, 1.0053890815117365e-06, 1e-07, 0.0003992796778340782]
train loss :  2.8636889457702637
test   L_V                   = +235.4144 (99.2%)
    L_V_attractive      = +235.3028 (99.2%)
      L_V_attractive_charged      = +177.5371 (74.8%)
      L_V_attractive_neutral      = +57.7655 (24.3%)
    L_V_repulsive       = +0.1119 (0.0%)
      L_V_repulsive_charged       = +0.0639 (0.0%)
      L_V_repulsive_neutral       = +0.0480 (0.0%)
    L_charged_cluster   = +0.0000 (0.0%)
  L_beta              = +0.8681 (0.4%)
    L_beta_noise        = +0.0000 (0.0%)
    L_beta_sig          = +0.1704 (0.1%)
    L_beta_suppress     = +0.0000 (0.0%)
    L_beta_track        = +0.6977 (0.3%)
      L_beta_norms_term   = -0.0188 (-0.0%)
      L_beta_logbeta_term = +0.1892 (0.1%)
  L_E   = +0.9522 (0.4%)
    L_E_charge = +0.0000 (0.0%)
    L_E_cond = +0.6211 (0.3%)
    L_E_cluster = +0.3311 (0.1%)
    L_E_w_photon   = +0.0000 (0.0%)
    L_E_w_charged_hadron   = +0.0000 (0.0%)
    L_E_w_neutral_hadron   = +0.0000 (0.0%)
    L_E_w_muon     = +0.0000 (0.0%)
    L_E_w_electron = +0.0000 (0.0%)
Returning 238.2347412109375
[rank 0] epoch=64 train_batch=2000/15625 loss=2.828464
[rank 0] epoch=64 train_batch=4000/15625 loss=2.830577
[rank 0] epoch=64 train_batch=6000/15625 loss=2.791651
[rank 0] epoch=64 train_batch=8000/15625 loss=2.802101
[rank 0] epoch=64 train_batch=10000/15625 loss=2.809359
[rank 0] epoch=64 train_batch=12000/15625 loss=2.782598
[rank 0] epoch=64 train_batch=14000/15625 loss=2.882104
Training epoch 64
[2.80423108e+00 4.26887668e-02 3.02967137e+00 9.64654185e-03
 2.59796691e+00 2.03467667e-06 3.97045780e-01 2.28117875e-03
 7.59545510e-01 9.49035372e-10 5.28625988e-01 7.34185316e-01
 2.30452309e+00 1.12949893e-01 2.48698147e-01 1.82913223e-01
 9.36726028e-01 1.01029266e-01 2.12130183e+00 3.88032400e-02
 5.65853070e-02 2.25629867e-02 2.04597501e-02 2.78376424e-09
 5.12041573e-03 5.95226920e-04 4.16777762e-03 4.06107833e-10
 1.15443054e-03 1.52829556e-03 2.83979418e-03 2.37531536e-04
 6.97947878e-04 7.93469841e-04 3.07445959e-03 3.05835520e-04
 1.27976086e-02 6.39406307e-04 2.18224908e-02 9.14014953e-03
 2.58785371e-04 6.48831882e-11 5.59784219e-04 4.81171637e-05
 5.59636868e-04 1.00171210e-10 1.60682053e-04 1.53172548e-04
 6.84353341e-04 6.93166531e-05 2.82328869e-04 2.54821381e-04
 1.20248224e-03 8.51504791e-05 2.28292431e-03 1.23144459e-04
 1.02693435e-02 7.74890090e-03 1.30554538e-06 4.16200748e-12
 5.69262891e-07 3.44409258e-08 5.44773777e-06 1.12878355e-12
 1.43472168e-06 9.72387008e-07 6.04961390e-06 3.48834311e-07
 2.02823440e-06 1.70549077e-06 8.99248383e-06 6.30554269e-07
 4.15871974e-05 2.21515535e-06 1.55548510e-03 1.00302371e-02
 1.91237785e-01 6.96073135e-03 4.71044973e-02 3.02499530e-02
 1.44358941e-01 9.87565499e-03 5.99375294e-02 3.35730212e-02
 1.80842023e-01 9.34833264e-03 2.46053119e-01 4.39266124e-02
 4.08044547e-01 1.34590038e-02 1.26460505e+00 3.78730516e-01
 1.58239708e+00 1.65926113e-01 1.54170193e+00 1.47697509e-01
 3.05947767e+00 3.32349970e+00]
train  L_V                   = +0.3497 (19.0%)
 train    L_V_attractive      = +0.2418 (13.1%)
 train      L_V_attractive_charged      = +0.1894 (10.3%)
 train      L_V_attractive_neutral      = +0.0524 (2.8%)
 train    L_V_repulsive       = +0.1079 (5.9%)
 train      L_V_repulsive_charged       = +0.0616 (3.3%)
 train      L_V_repulsive_neutral       = +0.0463 (2.5%)
 train    L_charged_cluster   = +0.0000 (0.0%)
 train  L_beta              = +0.8035 (43.6%)
 train    L_beta_noise        = +0.0000 (0.0%)
 train    L_beta_sig          = +0.1198 (6.5%)
 train    L_beta_suppress     = +0.0000 (0.0%)
 train    L_beta_track        = +0.6837 (37.1%)
 train      L_beta_norms_term   = -0.0256 (-1.4%)
 train      L_beta_logbeta_term = +0.1453 (7.9%)
 train  L_E   = +0.6892 (37.4%)
 train    L_E_charge = +0.0000 (0.0%)
 train    L_E_cond = +0.4084 (22.2%)
 train    L_E_cluster = +0.2808 (15.2%)
 train    L_E_w_photon   = +0.0000 (0.0%)
 train    L_E_w_charged_hadron   = +0.0000 (0.0%)
 train    L_E_w_neutral_hadron   = +0.0000 (0.0%)
 train    L_E_w_muon     = +0.0000 (0.0%)
 train    L_E_w_electron = +0.0000 (0.0%)
learning rate :  [0.00039890465297888624, 0.00039563061276672447, 0.000390213750433216, 0.00038271341425563806, 0.0003732117794866986, 0.00036181294802527074, 0.000348641807854205, 0.0003338426647414537, 0.00031757766119588004, 0.00030002500000000004, 0.0002813769917830063, 0.00026183794802527076, 0.00024162194257901096, 0.00022095046623036733, 0.00020005, 0.00017914953376963274, 0.00015847805742098906, 0.0001382620519747293, 0.00011872300821699378, 0.00010007500000000005, 8.252233880412002e-05, 6.625733525854636e-05, 5.1458192145795003e-05, 3.8287051974729284e-05, 2.688822051330148e-05, 1.7386585744361935e-05, 9.886249566784053e-06, 4.469387233275552e-06, 1.1953470211137557e-06, 1e-07, 0.0003990946109184883, 0.0003963866430176782, 0.0003919006200742188, 0.0003856771682065637, 0.00037777264795855195, 0.0003682586438895947, 0.00035722131629382036, 0.00034476062091910877, 0.0003309894037523598, 0.00031603237906876113, 0.00030002500000000004, 0.0002831122318497272, 0.00026544723926531853, 0.00024718999915511003, 0.00022850585191274341, 0.00020956400406895733, 0.00019053599593104275, 0.00017159414808725666, 0.00015291000084489, 0.00013465276073468155, 0.00011698776815027284, 0.00010007500000000005, 8.406762093123896e-05, 6.911059624764027e-05, 5.5339379080891216e-05, 4.287868370617969e-05, 3.18413561104053e-05, 2.2327352041448074e-05, 1.4422831793436292e-05, 8.199379925781274e-06, 3.713356982321794e-06, 1.0053890815117365e-06, 1e-07, 0.0003992796778340782, 0.0003971239012740243]
train loss :  2.8423969745635986
test   L_V                   = +90.6812 (97.0%)
    L_V_attractive      = +90.2649 (96.5%)
      L_V_attractive_charged      = +35.6711 (38.2%)
      L_V_attractive_neutral      = +54.5939 (58.4%)
    L_V_repulsive       = +0.4163 (0.4%)
      L_V_repulsive_charged       = +0.2088 (0.2%)
      L_V_repulsive_neutral       = +0.2075 (0.2%)
    L_charged_cluster   = +0.0000 (0.0%)
  L_beta              = +1.0537 (1.1%)
    L_beta_noise        = +0.0000 (0.0%)
    L_beta_sig          = +0.2996 (0.3%)
    L_beta_suppress     = +0.0000 (0.0%)
    L_beta_track        = +0.7541 (0.8%)
      L_beta_norms_term   = -0.0186 (-0.0%)
      L_beta_logbeta_term = +0.3182 (0.3%)
  L_E   = +1.7664 (1.9%)
    L_E_charge = +0.0000 (0.0%)
    L_E_cond = +1.0568 (1.1%)
    L_E_cluster = +0.7096 (0.8%)
    L_E_w_photon   = +0.0000 (0.0%)
    L_E_w_charged_hadron   = +0.0000 (0.0%)
    L_E_w_neutral_hadron   = +0.0000 (0.0%)
    L_E_w_muon     = +0.0000 (0.0%)
    L_E_w_electron = +0.0000 (0.0%)
Returning 94.5013427734375
[rank 0] epoch=65 train_batch=2000/15625 loss=2.823352
[rank 0] epoch=65 train_batch=4000/15625 loss=2.782115
[rank 0] epoch=65 train_batch=6000/15625 loss=2.805904
[rank 0] epoch=65 train_batch=8000/15625 loss=2.750958
[rank 0] epoch=65 train_batch=10000/15625 loss=2.849616
[rank 0] epoch=65 train_batch=12000/15625 loss=2.931079
[rank 0] epoch=65 train_batch=14000/15625 loss=2.828982
Training epoch 65
[2.41822236e+00 4.16913468e-02 2.91132504e+00 8.19275810e-03
 2.64515646e+00 1.93942936e-06 3.76675952e-01 2.09903862e-03
 8.84984321e-01 8.62406661e-10 5.61013591e-01 6.28776031e-01
 2.37892770e+00 1.02842415e-01 2.27190411e-01 1.81263523e-01
 9.64994921e-01 9.70831542e-02 3.05871268e+00 5.23007101e-02
 7.18373631e-02 2.42024691e-02 1.75654888e-02 2.51502000e-09
 5.84593001e-03 3.44778686e-04 3.76310469e-03 3.89044111e-10
 1.10660548e-03 1.20434263e-03 4.46708446e-03 3.19167618e-04
 1.19447890e-03 1.34196264e-03 5.65501649e-03 5.54548535e-04
 2.12298942e-02 8.07267920e-04 2.42174939e-02 1.30914180e-02
 9.00870461e-05 2.46367084e-11 2.51738618e-04 2.77824403e-05
 3.16398912e-04 6.62748835e-11 9.25692583e-05 8.02424929e-05
 3.73300891e-04 3.70310799e-05 1.66917603e-04 1.37721006e-04
 5.98369791e-04 4.91616013e-05 1.35758943e-03 7.30465725e-05
 9.29664560e-03 9.95599139e-03 4.10294120e-08 2.35284139e-13
 1.21766552e-08 1.12775993e-09 3.08565809e-07 4.19368845e-13
 8.90203166e-07 1.38562213e-06 2.34567367e-06 2.96081347e-07
 1.58618597e-06 1.74652738e-06 5.93759769e-06 4.81802655e-07
 1.72181831e-05 9.20971579e-07 3.40744973e-03 1.12176477e-02
 2.01119346e-01 8.00189954e-03 5.13285101e-02 4.46920071e-02
 1.69277840e-01 1.44561274e-02 6.63717684e-02 3.80177814e-02
 1.91577344e-01 1.06291473e-02 2.24376324e-01 3.93847438e-02
 3.90139579e-01 1.20306603e-02 1.27565151e+00 3.50919593e-01
 1.52941600e+00 1.60393981e-01 1.36418804e+00 1.41209871e-01
 3.00814874e+00 3.28794576e+00]
train  L_V                   = +0.3523 (19.1%)
 train    L_V_attractive      = +0.2422 (13.1%)
 train      L_V_attractive_charged      = +0.1900 (10.3%)
 train      L_V_attractive_neutral      = +0.0521 (2.8%)
 train    L_V_repulsive       = +0.1101 (6.0%)
 train      L_V_repulsive_charged       = +0.0630 (3.4%)
 train      L_V_repulsive_neutral       = +0.0472 (2.6%)
 train    L_charged_cluster   = +0.0000 (0.0%)
 train  L_beta              = +0.8027 (43.5%)
 train    L_beta_noise        = +0.0000 (0.0%)
 train    L_beta_sig          = +0.1191 (6.5%)
 train    L_beta_suppress     = +0.0000 (0.0%)
 train    L_beta_track        = +0.6836 (37.1%)
 train      L_beta_norms_term   = -0.0270 (-1.5%)
 train      L_beta_logbeta_term = +0.1462 (7.9%)
 train  L_E   = +0.6898 (37.4%)
 train    L_E_charge = +0.0000 (0.0%)
 train    L_E_cond = +0.4088 (22.2%)
 train    L_E_cluster = +0.2810 (15.2%)
 train    L_E_w_photon   = +0.0000 (0.0%)
 train    L_E_w_charged_hadron   = +0.0000 (0.0%)
 train    L_E_w_neutral_hadron   = +0.0000 (0.0%)
 train    L_E_w_muon     = +0.0000 (0.0%)
 train    L_E_w_electron = +0.0000 (0.0%)
learning rate :  [0.00039890465297888624, 0.00039563061276672447, 0.000390213750433216, 0.00038271341425563806, 0.0003732117794866986, 0.00036181294802527074, 0.000348641807854205, 0.0003338426647414537, 0.00031757766119588004, 0.00030002500000000004, 0.0002813769917830063, 0.00026183794802527076, 0.00024162194257901096, 0.00022095046623036733, 0.00020005, 0.00017914953376963274, 0.00015847805742098906, 0.0001382620519747293, 0.00011872300821699378, 0.00010007500000000005, 8.252233880412002e-05, 6.625733525854636e-05, 5.1458192145795003e-05, 3.8287051974729284e-05, 2.688822051330148e-05, 1.7386585744361935e-05, 9.886249566784053e-06, 4.469387233275552e-06, 1.1953470211137557e-06, 1e-07, 0.0003990946109184883, 0.0003963866430176782, 0.0003919006200742188, 0.0003856771682065637, 0.00037777264795855195, 0.0003682586438895947, 0.00035722131629382036, 0.00034476062091910877, 0.0003309894037523598, 0.00031603237906876113, 0.00030002500000000004, 0.0002831122318497272, 0.00026544723926531853, 0.00024718999915511003, 0.00022850585191274341, 0.00020956400406895733, 0.00019053599593104275, 0.00017159414808725666, 0.00015291000084489, 0.00013465276073468155, 0.00011698776815027284, 0.00010007500000000005, 8.406762093123896e-05, 6.911059624764027e-05, 5.5339379080891216e-05, 4.287868370617969e-05, 3.18413561104053e-05, 2.2327352041448074e-05, 1.4422831793436292e-05, 8.199379925781274e-06, 3.713356982321794e-06, 1.0053890815117365e-06, 1e-07, 0.0003992796778340782, 0.0003971239012740243, 0.00039354820273935316]
train loss :  2.8448679447174072
test   L_V                   = +55.1690 (97.1%)
    L_V_attractive      = +55.0442 (96.9%)
      L_V_attractive_charged      = +1.1047 (1.9%)
      L_V_attractive_neutral      = +53.9395 (95.0%)
    L_V_repulsive       = +0.1248 (0.2%)
      L_V_repulsive_charged       = +0.0683 (0.1%)
      L_V_repulsive_neutral       = +0.0566 (0.1%)
    L_charged_cluster   = +0.0000 (0.0%)
  L_beta              = +0.8237 (1.5%)
    L_beta_noise        = +0.0000 (0.0%)
    L_beta_sig          = +0.1228 (0.2%)
    L_beta_suppress     = +0.0000 (0.0%)
    L_beta_track        = +0.7009 (1.2%)
      L_beta_norms_term   = -0.0285 (-0.1%)
      L_beta_logbeta_term = +0.1513 (0.3%)
  L_E   = +0.8009 (1.4%)
    L_E_charge = +0.0000 (0.0%)
    L_E_cond = +0.5114 (0.9%)
    L_E_cluster = +0.2895 (0.5%)
    L_E_w_photon   = +0.0000 (0.0%)
    L_E_w_charged_hadron   = +0.0000 (0.0%)
    L_E_w_neutral_hadron   = +0.0000 (0.0%)
    L_E_w_muon     = +0.0000 (0.0%)
    L_E_w_electron = +0.0000 (0.0%)
Returning 57.793582916259766
[rank 0] epoch=66 train_batch=2000/15625 loss=2.768010
[rank 0] epoch=66 train_batch=4000/15625 loss=3.029706
[rank 0] epoch=66 train_batch=6000/15625 loss=2.892916
[rank 0] epoch=66 train_batch=8000/15625 loss=2.825715
[rank 0] epoch=66 train_batch=10000/15625 loss=2.830905
[rank 0] epoch=66 train_batch=12000/15625 loss=2.807665
[rank 0] epoch=66 train_batch=14000/15625 loss=2.845228
Training epoch 66
[6.15923789e+00 1.67833078e-01 7.50494517e+00 3.35101156e-02
 7.66804982e+00 6.64877744e-06 1.02412392e+00 6.28508755e-03
 1.29273688e+00 2.33653578e-09 6.55679048e-01 1.38637189e+00
 2.45955663e+00 1.37694317e-01 2.39732096e-01 2.15953322e-01
 7.28617064e-01 7.24090948e-02 2.22616425e+00 4.81799717e-02
 6.00272795e-02 2.70420925e-02 2.99973907e-02 3.91082206e-09
 6.69318871e-03 1.08953762e-03 5.15259468e-03 1.83419801e-10
 1.81049903e-03 3.50153289e-03 7.56427122e-03 6.87680682e-04
 2.02874820e-03 2.02447314e-03 9.40446402e-03 8.09087358e-04
 3.48406813e-02 1.37862669e-03 2.61798108e-02 1.24677467e-02
 2.66389313e-04 7.68396217e-11 4.75945260e-04 5.42740774e-05
 5.63707848e-04 1.32348211e-10 1.93615874e-04 1.86322289e-04
 7.32732060e-04 7.56664706e-05 3.08112437e-04 2.33692264e-04
 1.01121879e-03 8.05256186e-05 2.41671677e-03 1.27036140e-04
 1.37296311e-02 1.06239892e-02 7.37291751e-08 1.10343667e-13
 8.55459601e-10 7.37983139e-11 1.28150136e-08 2.52333187e-16
 1.94956684e-08 1.96838020e-08 6.64146237e-08 5.83266720e-09
 3.76384672e-08 3.10877859e-08 1.29822427e-07 1.01170387e-08
 4.55084917e-07 2.45659717e-08 4.52573181e-03 1.43209754e-02
 1.99616529e-01 7.42960726e-03 4.66903329e-02 3.18457910e-02
 1.43526197e-01 9.89723613e-03 5.66336801e-02 3.12023473e-02
 1.75072733e-01 9.06396652e-03 1.97523560e-01 3.29477061e-02
 3.37658001e-01 1.03082548e-02 1.28275601e+00 3.25504690e-01
 1.54529232e+00 1.52272798e-01 1.43187644e+00 1.41715326e-01
 3.00849272e+00 3.13581545e+00]
train  L_V                   = +0.3543 (19.3%)
 train    L_V_attractive      = +0.2417 (13.2%)
 train      L_V_attractive_charged      = +0.1896 (10.3%)
 train      L_V_attractive_neutral      = +0.0521 (2.8%)
 train    L_V_repulsive       = +0.1127 (6.1%)
 train      L_V_repulsive_charged       = +0.0646 (3.5%)
 train      L_V_repulsive_neutral       = +0.0481 (2.6%)
 train    L_charged_cluster   = +0.0000 (0.0%)
 train  L_beta              = +0.7969 (43.5%)
 train    L_beta_noise        = +0.0000 (0.0%)
 train    L_beta_sig          = +0.1143 (6.2%)
 train    L_beta_suppress     = +0.0000 (0.0%)
 train    L_beta_track        = +0.6826 (37.2%)
 train      L_beta_norms_term   = -0.0327 (-1.8%)
 train      L_beta_logbeta_term = +0.1470 (8.0%)
 train  L_E   = +0.6818 (37.2%)
 train    L_E_charge = +0.0000 (0.0%)
 train    L_E_cond = +0.4011 (21.9%)
 train    L_E_cluster = +0.2807 (15.3%)
 train    L_E_w_photon   = +0.0000 (0.0%)
 train    L_E_w_charged_hadron   = +0.0000 (0.0%)
 train    L_E_w_neutral_hadron   = +0.0000 (0.0%)
 train    L_E_w_muon     = +0.0000 (0.0%)
 train    L_E_w_electron = +0.0000 (0.0%)
learning rate :  [0.00039890465297888624, 0.00039563061276672447, 0.000390213750433216, 0.00038271341425563806, 0.0003732117794866986, 0.00036181294802527074, 0.000348641807854205, 0.0003338426647414537, 0.00031757766119588004, 0.00030002500000000004, 0.0002813769917830063, 0.00026183794802527076, 0.00024162194257901096, 0.00022095046623036733, 0.00020005, 0.00017914953376963274, 0.00015847805742098906, 0.0001382620519747293, 0.00011872300821699378, 0.00010007500000000005, 8.252233880412002e-05, 6.625733525854636e-05, 5.1458192145795003e-05, 3.8287051974729284e-05, 2.688822051330148e-05, 1.7386585744361935e-05, 9.886249566784053e-06, 4.469387233275552e-06, 1.1953470211137557e-06, 1e-07, 0.0003990946109184883, 0.0003963866430176782, 0.0003919006200742188, 0.0003856771682065637, 0.00037777264795855195, 0.0003682586438895947, 0.00035722131629382036, 0.00034476062091910877, 0.0003309894037523598, 0.00031603237906876113, 0.00030002500000000004, 0.0002831122318497272, 0.00026544723926531853, 0.00024718999915511003, 0.00022850585191274341, 0.00020956400406895733, 0.00019053599593104275, 0.00017159414808725666, 0.00015291000084489, 0.00013465276073468155, 0.00011698776815027284, 0.00010007500000000005, 8.406762093123896e-05, 6.911059624764027e-05, 5.5339379080891216e-05, 4.287868370617969e-05, 3.18413561104053e-05, 2.2327352041448074e-05, 1.4422831793436292e-05, 8.199379925781274e-06, 3.713356982321794e-06, 1.0053890815117365e-06, 1e-07, 0.0003992796778340782, 0.0003971239012740243, 0.00039354820273935316, 0.0003885783452199438]
train loss :  2.833014488220215
test   L_V                   = +0.3685 (20.1%)
    L_V_attractive      = +0.2362 (12.9%)
      L_V_attractive_charged      = +0.1840 (10.0%)
      L_V_attractive_neutral      = +0.0522 (2.8%)
    L_V_repulsive       = +0.1323 (7.2%)
      L_V_repulsive_charged       = +0.0729 (4.0%)
      L_V_repulsive_neutral       = +0.0595 (3.2%)
    L_charged_cluster   = +0.0000 (0.0%)
  L_beta              = +0.8078 (44.0%)
    L_beta_noise        = +0.0000 (0.0%)
    L_beta_sig          = +0.1136 (6.2%)
    L_beta_suppress     = +0.0000 (0.0%)
    L_beta_track        = +0.6942 (37.8%)
      L_beta_norms_term   = -0.0298 (-1.6%)
      L_beta_logbeta_term = +0.1434 (7.8%)
  L_E   = +0.6587 (35.9%)
    L_E_charge = +0.0000 (0.0%)
    L_E_cond = +0.3827 (20.9%)
    L_E_cluster = +0.2760 (15.0%)
    L_E_w_photon   = +0.0000 (0.0%)
    L_E_w_charged_hadron   = +0.0000 (0.0%)
    L_E_w_neutral_hadron   = +0.0000 (0.0%)
    L_E_w_muon     = +0.0000 (0.0%)
    L_E_w_electron = +0.0000 (0.0%)
Returning 2.835020065307617
[rank 0] epoch=67 train_batch=2000/15625 loss=2.755975
[rank 0] epoch=67 train_batch=4000/15625 loss=2.809262
[rank 0] epoch=67 train_batch=6000/15625 loss=2.866907
[rank 0] epoch=67 train_batch=8000/15625 loss=2.909354
[rank 0] epoch=67 train_batch=10000/15625 loss=2.874434
[rank 0] epoch=67 train_batch=12000/15625 loss=2.836876
[rank 0] epoch=67 train_batch=14000/15625 loss=2.948754
Training epoch 67
[9.98254327e+00 3.82963924e-01 1.34122347e+01 8.78938871e-02
 1.03637039e+01 9.95668170e-06 2.34226206e+00 1.60950342e-02
 2.41704303e+00 8.11423774e-09 8.57675324e-01 1.90042009e+00
 2.75008382e+00 2.12755420e-01 3.30698080e-01 3.27537474e-01
 9.38005048e-01 1.03754652e-01 2.68106425e+00 9.48972652e-02
 1.43083694e-01 6.15692369e-02 3.29721919e-02 4.67458256e-09
 1.31077600e-02 2.70069368e-03 1.09057240e-02 6.65330449e-10
 2.83657383e-03 6.34765928e-03 9.48161284e-03 8.90085888e-04
 2.46395851e-03 2.52074718e-03 9.08945584e-03 8.04507646e-04
 4.12206446e-02 1.83428640e-03 8.73971925e-02 2.37974231e-02
 4.72814629e-04 1.15694739e-10 7.64420360e-04 1.19791221e-04
 6.84072341e-04 4.04949584e-11 3.22231995e-04 3.13558940e-04
 1.25419524e-03 1.32875641e-04 5.85288392e-04 6.16515441e-04
 2.04300789e-03 2.05254940e-04 6.75231002e-03 3.62301049e-04
 3.06398628e-02 2.10759893e-02 1.21585290e-06 1.65892731e-12
 6.63349479e-07 6.84251981e-08 1.09234063e-05 1.36201792e-12
 5.55443635e-06 1.24762204e-05 1.63494745e-05 2.36594984e-06
 1.25244527e-05 1.95535424e-05 4.01500289e-05 4.64504254e-06
 1.75226051e-04 9.24451299e-06 1.56753273e-02 2.84536923e-02
 6.33259385e-01 1.66334123e-02 9.97627877e-02 9.49605030e-02
 2.94723569e-01 2.55145066e-02 8.24700648e-02 4.03893265e-02
 2.38873892e-01 1.19069210e-02 1.81620652e-01 4.12141425e-02
 3.31393330e-01 1.30216296e-02 1.30195980e+00 3.41246829e-01
 1.44688838e+00 1.58349862e-01 1.20629497e+00 1.51030714e-01
 2.61728622e+00 3.09474524e+00]
train  L_V                   = +0.3524 (18.6%)
 train    L_V_attractive      = +0.2367 (12.5%)
 train      L_V_attractive_charged      = +0.1843 (9.7%)
 train      L_V_attractive_neutral      = +0.0524 (2.8%)
 train    L_V_repulsive       = +0.1157 (6.1%)
 train      L_V_repulsive_charged       = +0.0665 (3.5%)
 train      L_V_repulsive_neutral       = +0.0491 (2.6%)
 train    L_charged_cluster   = +0.0000 (0.0%)
 train  L_beta              = +0.8197 (43.2%)
 train    L_beta_noise        = +0.0000 (0.0%)
 train    L_beta_sig          = +0.1276 (6.7%)
 train    L_beta_suppress     = +0.0000 (0.0%)
 train    L_beta_track        = +0.6921 (36.5%)
 train      L_beta_norms_term   = -0.0258 (-1.4%)
 train      L_beta_logbeta_term = +0.1534 (8.1%)
 train  L_E   = +0.7263 (38.3%)
 train    L_E_charge = +0.0000 (0.0%)
 train    L_E_cond = +0.4318 (22.7%)
 train    L_E_cluster = +0.2945 (15.5%)
 train    L_E_w_photon   = +0.0000 (0.0%)
 train    L_E_w_charged_hadron   = +0.0000 (0.0%)
 train    L_E_w_neutral_hadron   = +0.0000 (0.0%)
 train    L_E_w_muon     = +0.0000 (0.0%)
 train    L_E_w_electron = +0.0000 (0.0%)
learning rate :  [0.00039890465297888624, 0.00039563061276672447, 0.000390213750433216, 0.00038271341425563806, 0.0003732117794866986, 0.00036181294802527074, 0.000348641807854205, 0.0003338426647414537, 0.00031757766119588004, 0.00030002500000000004, 0.0002813769917830063, 0.00026183794802527076, 0.00024162194257901096, 0.00022095046623036733, 0.00020005, 0.00017914953376963274, 0.00015847805742098906, 0.0001382620519747293, 0.00011872300821699378, 0.00010007500000000005, 8.252233880412002e-05, 6.625733525854636e-05, 5.1458192145795003e-05, 3.8287051974729284e-05, 2.688822051330148e-05, 1.7386585744361935e-05, 9.886249566784053e-06, 4.469387233275552e-06, 1.1953470211137557e-06, 1e-07, 0.0003990946109184883, 0.0003963866430176782, 0.0003919006200742188, 0.0003856771682065637, 0.00037777264795855195, 0.0003682586438895947, 0.00035722131629382036, 0.00034476062091910877, 0.0003309894037523598, 0.00031603237906876113, 0.00030002500000000004, 0.0002831122318497272, 0.00026544723926531853, 0.00024718999915511003, 0.00022850585191274341, 0.00020956400406895733, 0.00019053599593104275, 0.00017159414808725666, 0.00015291000084489, 0.00013465276073468155, 0.00011698776815027284, 0.00010007500000000005, 8.406762093123896e-05, 6.911059624764027e-05, 5.5339379080891216e-05, 4.287868370617969e-05, 3.18413561104053e-05, 2.2327352041448074e-05, 1.4422831793436292e-05, 8.199379925781274e-06, 3.713356982321794e-06, 1.0053890815117365e-06, 1e-07, 0.0003992796778340782, 0.0003971239012740243, 0.00039354820273935316, 0.0003885783452199438, 0.00038225013665310777]
train loss :  2.8984484672546387
test   L_V                   = +1.1979 (35.2%)
    L_V_attractive      = +0.5798 (17.1%)
      L_V_attractive_charged      = +0.3688 (10.9%)
      L_V_attractive_neutral      = +0.2110 (6.2%)
    L_V_repulsive       = +0.6181 (18.2%)
      L_V_repulsive_charged       = +0.3382 (10.0%)
      L_V_repulsive_neutral       = +0.2799 (8.2%)
    L_charged_cluster   = +0.0000 (0.0%)
  L_beta              = +0.9330 (27.5%)
    L_beta_noise        = +0.0000 (0.0%)
    L_beta_sig          = +0.1950 (5.7%)
    L_beta_suppress     = +0.0000 (0.0%)
    L_beta_track        = +0.7380 (21.7%)
      L_beta_norms_term   = -0.0210 (-0.6%)
      L_beta_logbeta_term = +0.2160 (6.4%)
  L_E   = +1.2678 (37.3%)
    L_E_charge = +0.0000 (0.0%)
    L_E_cond = +0.8042 (23.7%)
    L_E_cluster = +0.4636 (13.6%)
    L_E_w_photon   = +0.0000 (0.0%)
    L_E_w_charged_hadron   = +0.0000 (0.0%)
    L_E_w_neutral_hadron   = +0.0000 (0.0%)
    L_E_w_muon     = +0.0000 (0.0%)
    L_E_w_electron = +0.0000 (0.0%)
Returning 4.398771286010742
[rank 0] epoch=68 train_batch=2000/15625 loss=2.811092
[rank 0] epoch=68 train_batch=4000/15625 loss=2.783176
[rank 0] epoch=68 train_batch=6000/15625 loss=2.844319
[rank 0] epoch=68 train_batch=8000/15625 loss=2.914746
[rank 0] epoch=68 train_batch=10000/15625 loss=2.912750
[rank 0] epoch=68 train_batch=12000/15625 loss=2.912743
[rank 0] epoch=68 train_batch=14000/15625 loss=2.790892
Training epoch 68
[5.07241323e+00 8.57648169e-02 6.24137007e+00 1.66472177e-02
 5.72454906e+00 3.69494649e-06 6.78660737e-01 3.74049315e-03
 1.34086104e+00 5.40104459e-09 5.23846209e-01 7.28346739e-01
 2.08923605e+00 1.62295786e-01 3.13722895e-01 1.44823772e-01
 7.22212165e-01 7.03672565e-02 2.36752284e+00 5.58002211e-02
 5.01915327e-02 1.85842551e-02 6.85923848e-03 1.25487288e-09
 4.10279292e-03 1.10747908e-03 3.45072636e-03 1.23708046e-10
 7.76833020e-04 2.33668031e-03 2.54944253e-03 2.59663132e-04
 5.75794045e-04 6.27410248e-04 1.91456030e-03 1.77076875e-04
 9.21847358e-03 5.12415143e-04 3.18949219e-02 6.29128454e-03
 1.41894405e-04 3.97018736e-11 2.88495052e-04 5.56088587e-05
 3.39954334e-04 4.99944616e-11 1.35880841e-04 1.24082795e-04
 5.29644313e-04 5.45372145e-05 2.70836999e-04 2.62185021e-04
 1.01768747e-03 9.27772354e-05 3.69135288e-03 1.97943703e-04
 1.24898951e-02 5.37311064e-03 3.41245093e-07 3.56155074e-13
 9.28544844e-07 1.05958269e-07 1.46793939e-05 1.33382679e-12
 3.77955435e-06 9.25962446e-06 1.06663193e-05 1.88156436e-06
 5.97808657e-06 1.18378378e-05 2.57393567e-05 3.00337798e-06
 1.03329843e-04 5.49515017e-06 6.16714033e-03 7.23994564e-03
 2.72840647e-01 4.72445053e-03 3.95323402e-02 2.70709423e-02
 1.27624749e-01 8.74094595e-03 5.17690431e-02 2.34827404e-02
 1.50868818e-01 6.70655335e-03 1.39600574e-01 3.52758382e-02
 2.82560405e-01 1.10641782e-02 1.59044949e+00 3.55902371e-01
 1.49030555e+00 1.67354806e-01 1.00492210e+00 1.51069532e-01
 2.49760778e+00 3.07461475e+00]
train  L_V                   = +0.3407 (18.4%)
 train    L_V_attractive      = +0.2311 (12.5%)
 train      L_V_attractive_charged      = +0.1782 (9.6%)
 train      L_V_attractive_neutral      = +0.0529 (2.9%)
 train    L_V_repulsive       = +0.1096 (5.9%)
 train      L_V_repulsive_charged       = +0.0632 (3.4%)
 train      L_V_repulsive_neutral       = +0.0465 (2.5%)
 train    L_charged_cluster   = +0.0000 (0.0%)
 train  L_beta              = +0.8137 (44.0%)
 train    L_beta_noise        = +0.0000 (0.0%)
 train    L_beta_sig          = +0.1240 (6.7%)
 train    L_beta_suppress     = +0.0000 (0.0%)
 train    L_beta_track        = +0.6896 (37.3%)
 train      L_beta_norms_term   = -0.0256 (-1.4%)
 train      L_beta_logbeta_term = +0.1496 (8.1%)
 train  L_E   = +0.6955 (37.6%)
 train    L_E_charge = +0.0000 (0.0%)
 train    L_E_cond = +0.4123 (22.3%)
 train    L_E_cluster = +0.2832 (15.3%)
 train    L_E_w_photon   = +0.0000 (0.0%)
 train    L_E_w_charged_hadron   = +0.0000 (0.0%)
 train    L_E_w_neutral_hadron   = +0.0000 (0.0%)
 train    L_E_w_muon     = +0.0000 (0.0%)
 train    L_E_w_electron = +0.0000 (0.0%)
learning rate :  [0.00039890465297888624, 0.00039563061276672447, 0.000390213750433216, 0.00038271341425563806, 0.0003732117794866986, 0.00036181294802527074, 0.000348641807854205, 0.0003338426647414537, 0.00031757766119588004, 0.00030002500000000004, 0.0002813769917830063, 0.00026183794802527076, 0.00024162194257901096, 0.00022095046623036733, 0.00020005, 0.00017914953376963274, 0.00015847805742098906, 0.0001382620519747293, 0.00011872300821699378, 0.00010007500000000005, 8.252233880412002e-05, 6.625733525854636e-05, 5.1458192145795003e-05, 3.8287051974729284e-05, 2.688822051330148e-05, 1.7386585744361935e-05, 9.886249566784053e-06, 4.469387233275552e-06, 1.1953470211137557e-06, 1e-07, 0.0003990946109184883, 0.0003963866430176782, 0.0003919006200742188, 0.0003856771682065637, 0.00037777264795855195, 0.0003682586438895947, 0.00035722131629382036, 0.00034476062091910877, 0.0003309894037523598, 0.00031603237906876113, 0.00030002500000000004, 0.0002831122318497272, 0.00026544723926531853, 0.00024718999915511003, 0.00022850585191274341, 0.00020956400406895733, 0.00019053599593104275, 0.00017159414808725666, 0.00015291000084489, 0.00013465276073468155, 0.00011698776815027284, 0.00010007500000000005, 8.406762093123896e-05, 6.911059624764027e-05, 5.5339379080891216e-05, 4.287868370617969e-05, 3.18413561104053e-05, 2.2327352041448074e-05, 1.4422831793436292e-05, 8.199379925781274e-06, 3.713356982321794e-06, 1.0053890815117365e-06, 1e-07, 0.0003992796778340782, 0.0003971239012740243, 0.00039354820273935316, 0.0003885783452199438, 0.00038225013665310777, 0.0003746091719265796]
train loss :  2.84989333152771
test   L_V                   = +0.4494 (21.0%)
    L_V_attractive      = +0.2992 (14.0%)
      L_V_attractive_charged      = +0.2021 (9.5%)
      L_V_attractive_neutral      = +0.0971 (4.5%)
    L_V_repulsive       = +0.1502 (7.0%)
      L_V_repulsive_charged       = +0.0813 (3.8%)
      L_V_repulsive_neutral       = +0.0690 (3.2%)
    L_charged_cluster   = +0.0000 (0.0%)
  L_beta              = +0.8082 (37.8%)
    L_beta_noise        = +0.0000 (0.0%)
    L_beta_sig          = +0.1095 (5.1%)
    L_beta_suppress     = +0.0000 (0.0%)
    L_beta_track        = +0.6987 (32.7%)
      L_beta_norms_term   = -0.0326 (-1.5%)
      L_beta_logbeta_term = +0.1421 (6.6%)
  L_E   = +0.8798 (41.2%)
    L_E_charge = +0.0000 (0.0%)
    L_E_cond = +0.5935 (27.8%)
    L_E_cluster = +0.2863 (13.4%)
    L_E_w_photon   = +0.0000 (0.0%)
    L_E_w_charged_hadron   = +0.0000 (0.0%)
    L_E_w_neutral_hadron   = +0.0000 (0.0%)
    L_E_w_muon     = +0.0000 (0.0%)
    L_E_w_electron = +0.0000 (0.0%)
Returning 3.1374034881591797
[rank 0] epoch=69 train_batch=2000/15625 loss=2.802951
[rank 0] epoch=69 train_batch=4000/15625 loss=2.942111
[rank 0] epoch=69 train_batch=6000/15625 loss=2.889799
[rank 0] epoch=69 train_batch=8000/15625 loss=3.050179
[rank 0] epoch=69 train_batch=10000/15625 loss=2.867933
[rank 0] epoch=69 train_batch=12000/15625 loss=2.978923
[rank 0] epoch=69 train_batch=14000/15625 loss=2.852641
Training epoch 69
[1.27708233e+01 3.74063730e-01 2.62653362e+01 9.19713425e-02
 2.33974227e+01 3.54968871e-05 3.49771072e+00 2.34910489e-02
 4.03011046e+00 3.14820294e-08 1.94146385e+00 3.13284919e+00
 5.12596839e+00 3.45235466e-01 5.94883247e-01 5.87560167e-01
 1.51061524e+00 2.03982220e-01 3.29333205e+00 1.52774306e-01
 2.46605850e-01 7.24131898e-02 3.41358714e-02 1.82451965e-08
 2.57787727e-02 6.82230870e-03 2.33887216e-02 1.89816026e-09
 3.50327112e-03 1.43281619e-02 1.05178772e-02 1.73998601e-03
 4.24395796e-03 3.84840723e-03 1.13904622e-02 9.65156448e-04
 3.68370245e-02 1.99416406e-03 1.47936992e-01 3.29100327e-02
 3.99984247e-03 9.79003291e-10 8.90840621e-03 1.96580199e-03
 8.98508648e-03 4.82340514e-10 3.70819704e-03 2.46091954e-03
 1.09925319e-02 8.87413859e-04 3.69696053e-03 3.89339970e-03
 1.11695535e-02 1.20225861e-03 2.75628558e-02 1.41421651e-03
 7.49577263e-02 2.22595327e-02 7.52321713e-05 2.94168525e-10
 1.07263827e-04 1.04129471e-05 2.11170456e-03 2.91490798e-11
 1.60539312e-04 3.05017855e-04 7.06148130e-04 8.70903340e-05
 4.02875882e-04 2.03739395e-04 1.43159250e-03 5.90947610e-05
 3.05722871e-03 1.57560319e-04 2.29530779e-02 2.85715207e-02
 1.01983854e+00 1.54236346e-02 2.42717086e-01 2.07835079e-01
 7.91912315e-01 6.79360477e-02 3.22807951e-01 1.34291659e-01
 8.20596679e-01 3.62769749e-02 3.91027470e-01 3.00978180e-01
 1.12337049e+00 8.60508565e-02 1.55509471e+00 6.46182972e-01
 1.58902312e+00 3.16320195e-01 1.16397529e+00 3.08319039e-01
 2.71855767e+00 3.23319400e+00]
train  L_V                   = +0.3345 (17.1%)
 train    L_V_attractive      = +0.2103 (10.7%)
 train      L_V_attractive_charged      = +0.1573 (8.0%)
 train      L_V_attractive_neutral      = +0.0530 (2.7%)
 train    L_V_repulsive       = +0.1242 (6.3%)
 train      L_V_repulsive_charged       = +0.0725 (3.7%)
 train      L_V_repulsive_neutral       = +0.0517 (2.6%)
 train    L_charged_cluster   = +0.0000 (0.0%)
 train  L_beta              = +0.8597 (43.9%)
 train    L_beta_noise        = +0.0000 (0.0%)
 train    L_beta_sig          = +0.1471 (7.5%)
 train    L_beta_suppress     = +0.0000 (0.0%)
 train    L_beta_track        = +0.7126 (36.4%)
 train      L_beta_norms_term   = -0.0218 (-1.1%)
 train      L_beta_logbeta_term = +0.1689 (8.6%)
 train  L_E   = +0.7655 (39.1%)
 train    L_E_charge = +0.0000 (0.0%)
 train    L_E_cond = +0.4599 (23.5%)
 train    L_E_cluster = +0.3057 (15.6%)
 train    L_E_w_photon   = +0.0000 (0.0%)
 train    L_E_w_charged_hadron   = +0.0000 (0.0%)
 train    L_E_w_neutral_hadron   = +0.0000 (0.0%)
 train    L_E_w_muon     = +0.0000 (0.0%)
 train    L_E_w_electron = +0.0000 (0.0%)
learning rate :  [0.00039890465297888624, 0.00039563061276672447, 0.000390213750433216, 0.00038271341425563806, 0.0003732117794866986, 0.00036181294802527074, 0.000348641807854205, 0.0003338426647414537, 0.00031757766119588004, 0.00030002500000000004, 0.0002813769917830063, 0.00026183794802527076, 0.00024162194257901096, 0.00022095046623036733, 0.00020005, 0.00017914953376963274, 0.00015847805742098906, 0.0001382620519747293, 0.00011872300821699378, 0.00010007500000000005, 8.252233880412002e-05, 6.625733525854636e-05, 5.1458192145795003e-05, 3.8287051974729284e-05, 2.688822051330148e-05, 1.7386585744361935e-05, 9.886249566784053e-06, 4.469387233275552e-06, 1.1953470211137557e-06, 1e-07, 0.0003990946109184883, 0.0003963866430176782, 0.0003919006200742188, 0.0003856771682065637, 0.00037777264795855195, 0.0003682586438895947, 0.00035722131629382036, 0.00034476062091910877, 0.0003309894037523598, 0.00031603237906876113, 0.00030002500000000004, 0.0002831122318497272, 0.00026544723926531853, 0.00024718999915511003, 0.00022850585191274341, 0.00020956400406895733, 0.00019053599593104275, 0.00017159414808725666, 0.00015291000084489, 0.00013465276073468155, 0.00011698776815027284, 0.00010007500000000005, 8.406762093123896e-05, 6.911059624764027e-05, 5.5339379080891216e-05, 4.287868370617969e-05, 3.18413561104053e-05, 2.2327352041448074e-05, 1.4422831793436292e-05, 8.199379925781274e-06, 3.713356982321794e-06, 1.0053890815117365e-06, 1e-07, 0.0003992796778340782, 0.0003971239012740243, 0.00039354820273935316, 0.0003885783452199438, 0.00038225013665310777, 0.0003746091719265796, 0.00036571050436630625]
train loss :  2.959693431854248
test   L_V                   = +0.3189 (16.3%)
    L_V_attractive      = +0.1983 (10.2%)
      L_V_attractive_charged      = +0.1514 (7.8%)
      L_V_attractive_neutral      = +0.0469 (2.4%)
    L_V_repulsive       = +0.1206 (6.2%)
      L_V_repulsive_charged       = +0.0689 (3.5%)
      L_V_repulsive_neutral       = +0.0518 (2.7%)
    L_charged_cluster   = +0.0000 (0.0%)
  L_beta              = +0.8794 (45.0%)
    L_beta_noise        = +0.0000 (0.0%)
    L_beta_sig          = +0.1651 (8.5%)
    L_beta_suppress     = +0.0000 (0.0%)
    L_beta_track        = +0.7144 (36.6%)
      L_beta_norms_term   = -0.0188 (-1.0%)
      L_beta_logbeta_term = +0.1839 (9.4%)
  L_E   = +0.7543 (38.6%)
    L_E_charge = +0.0000 (0.0%)
    L_E_cond = +0.4615 (23.6%)
    L_E_cluster = +0.2929 (15.0%)
    L_E_w_photon   = +0.0000 (0.0%)
    L_E_w_charged_hadron   = +0.0000 (0.0%)
    L_E_w_neutral_hadron   = +0.0000 (0.0%)
    L_E_w_muon     = +0.0000 (0.0%)
    L_E_w_electron = +0.0000 (0.0%)
Returning 2.9527244567871094
[rank 0] epoch=70 train_batch=2000/15625 loss=2.895740
[rank 0] epoch=70 train_batch=4000/15625 loss=2.858848
[rank 0] epoch=70 train_batch=6000/15625 loss=2.890034
[rank 0] epoch=70 train_batch=8000/15625 loss=2.845681
[rank 0] epoch=70 train_batch=10000/15625 loss=2.866723
[rank 0] epoch=70 train_batch=12000/15625 loss=2.815384
[rank 0] epoch=70 train_batch=14000/15625 loss=2.831231
Training epoch 70
[9.08156856e+00 9.35097130e-02 1.56860224e+01 2.36500375e-02
 1.45779802e+01 1.00233577e-05 1.04012176e+00 6.04997357e-03
 2.23181014e+00 8.96761230e-09 1.11562108e+00 1.65617188e+00
 4.37052760e+00 2.02218190e-01 4.61320397e-01 4.11027519e-01
 1.72104361e+00 1.80810207e-01 2.69292319e+00 1.23532111e-01
 1.29357665e-01 2.56010992e-02 1.35100340e-02 2.58687705e-09
 5.34667061e-03 1.34980373e-03 4.98383215e-03 3.73140939e-10
 6.97793455e-04 2.97890914e-03 2.09448228e-03 2.76228059e-04
 4.72920445e-04 4.96605925e-04 1.26582843e-03 1.05348780e-04
 1.26245201e-02 7.00876749e-04 8.26952285e-02 1.13220547e-02
 1.76982133e-04 3.02373548e-11 7.76997586e-04 1.24672210e-04
 6.84116640e-04 2.37359546e-11 3.58390701e-04 2.78965954e-04
 1.10762652e-03 8.98362304e-05 3.70489310e-04 3.92863366e-04
 1.23088388e-03 1.33223116e-04 3.66589082e-03 1.90398503e-04
 2.90161918e-02 9.85338251e-03 3.12908029e-07 6.98497605e-13
 4.04919529e-07 4.36004926e-08 7.68034601e-06 5.64068445e-12
 2.00276213e-06 5.61618762e-06 6.24366056e-06 1.09977484e-06
 3.53871058e-06 7.05198732e-06 1.89070727e-05 1.99687237e-06
 1.37794876e-04 7.09091909e-06 1.38819261e-02 1.22442667e-02
 4.38201890e-01 6.75809007e-03 1.30849195e-01 1.32587447e-01
 4.37891484e-01 3.82039489e-02 1.30027830e-01 5.07857293e-02
 3.40189553e-01 1.48676613e-02 1.58753829e-01 2.05400826e-01
 6.56066753e-01 5.93080023e-02 2.32201596e+00 5.89511086e-01
 1.65165412e+00 2.93364683e-01 1.20466902e+00 2.60888531e-01
 2.97787870e+00 3.37476094e+00]
train  L_V                   = +0.3341 (17.8%)
 train    L_V_attractive      = +0.2223 (11.9%)
 train      L_V_attractive_charged      = +0.1696 (9.1%)
 train      L_V_attractive_neutral      = +0.0528 (2.8%)
 train    L_V_repulsive       = +0.1118 (6.0%)
 train      L_V_repulsive_charged       = +0.0652 (3.5%)
 train      L_V_repulsive_neutral       = +0.0466 (2.5%)
 train    L_charged_cluster   = +0.0000 (0.0%)
 train  L_beta              = +0.8299 (44.3%)
 train    L_beta_noise        = +0.0000 (0.0%)
 train    L_beta_sig          = +0.1354 (7.2%)
 train    L_beta_suppress     = +0.0000 (0.0%)
 train    L_beta_track        = +0.6945 (37.1%)
 train      L_beta_norms_term   = -0.0208 (-1.1%)
 train      L_beta_logbeta_term = +0.1562 (8.3%)
 train  L_E   = +0.7090 (37.9%)
 train    L_E_charge = +0.0000 (0.0%)
 train    L_E_cond = +0.4244 (22.7%)
 train    L_E_cluster = +0.2846 (15.2%)
 train    L_E_w_photon   = +0.0000 (0.0%)
 train    L_E_w_charged_hadron   = +0.0000 (0.0%)
 train    L_E_w_neutral_hadron   = +0.0000 (0.0%)
 train    L_E_w_muon     = +0.0000 (0.0%)
 train    L_E_w_electron = +0.0000 (0.0%)
learning rate :  [0.00039890465297888624, 0.00039563061276672447, 0.000390213750433216, 0.00038271341425563806, 0.0003732117794866986, 0.00036181294802527074, 0.000348641807854205, 0.0003338426647414537, 0.00031757766119588004, 0.00030002500000000004, 0.0002813769917830063, 0.00026183794802527076, 0.00024162194257901096, 0.00022095046623036733, 0.00020005, 0.00017914953376963274, 0.00015847805742098906, 0.0001382620519747293, 0.00011872300821699378, 0.00010007500000000005, 8.252233880412002e-05, 6.625733525854636e-05, 5.1458192145795003e-05, 3.8287051974729284e-05, 2.688822051330148e-05, 1.7386585744361935e-05, 9.886249566784053e-06, 4.469387233275552e-06, 1.1953470211137557e-06, 1e-07, 0.0003990946109184883, 0.0003963866430176782, 0.0003919006200742188, 0.0003856771682065637, 0.00037777264795855195, 0.0003682586438895947, 0.00035722131629382036, 0.00034476062091910877, 0.0003309894037523598, 0.00031603237906876113, 0.00030002500000000004, 0.0002831122318497272, 0.00026544723926531853, 0.00024718999915511003, 0.00022850585191274341, 0.00020956400406895733, 0.00019053599593104275, 0.00017159414808725666, 0.00015291000084489, 0.00013465276073468155, 0.00011698776815027284, 0.00010007500000000005, 8.406762093123896e-05, 6.911059624764027e-05, 5.5339379080891216e-05, 4.287868370617969e-05, 3.18413561104053e-05, 2.2327352041448074e-05, 1.4422831793436292e-05, 8.199379925781274e-06, 3.713356982321794e-06, 1.0053890815117365e-06, 1e-07, 0.0003992796778340782, 0.0003971239012740243, 0.00039354820273935316, 0.0003885783452199438, 0.00038225013665310777, 0.0003746091719265796, 0.00036571050436630625, 0.000355618249075972]
train loss :  2.8730101585388184
test   L_V                   = +56.0531 (97.3%)
    L_V_attractive      = +55.9395 (97.1%)
      L_V_attractive_charged      = +48.9536 (85.0%)
      L_V_attractive_neutral      = +6.9859 (12.1%)
    L_V_repulsive       = +0.1136 (0.2%)
      L_V_repulsive_charged       = +0.0642 (0.1%)
      L_V_repulsive_neutral       = +0.0494 (0.1%)
    L_charged_cluster   = +0.0000 (0.0%)
  L_beta              = +0.8468 (1.5%)
    L_beta_noise        = +0.0000 (0.0%)
    L_beta_sig          = +0.1423 (0.2%)
    L_beta_suppress     = +0.0000 (0.0%)
    L_beta_track        = +0.7045 (1.2%)
      L_beta_norms_term   = -0.0200 (-0.0%)
      L_beta_logbeta_term = +0.1623 (0.3%)
  L_E   = +0.7094 (1.2%)
    L_E_charge = +0.0000 (0.0%)
    L_E_cond = +0.4317 (0.7%)
    L_E_cluster = +0.2776 (0.5%)
    L_E_w_photon   = +0.0000 (0.0%)
    L_E_w_charged_hadron   = +0.0000 (0.0%)
    L_E_w_neutral_hadron   = +0.0000 (0.0%)
    L_E_w_muon     = +0.0000 (0.0%)
    L_E_w_electron = +0.0000 (0.0%)
Returning 58.60930633544922
[rank 0] epoch=71 train_batch=2000/15625 loss=2.769448
[rank 0] epoch=71 train_batch=4000/15625 loss=2.909266
[rank 0] epoch=71 train_batch=6000/15625 loss=3.131033
[rank 0] epoch=71 train_batch=8000/15625 loss=2.816329
[rank 0] epoch=71 train_batch=10000/15625 loss=2.866221
[rank 0] epoch=71 train_batch=12000/15625 loss=2.991563
[rank 0] epoch=71 train_batch=14000/15625 loss=2.797179
Training epoch 71
[6.07061693e+00 5.16615914e-02 7.23891898e+00 9.84269807e-03
 6.37640045e+00 6.87103373e-06 5.04417366e-01 2.91788457e-03
 1.22825788e+00 3.64308755e-09 8.07803821e-01 9.15041384e-01
 3.54231292e+00 1.43586383e-01 3.76727793e-01 3.01353475e-01
 1.52288077e+00 1.44762122e-01 2.31413075e+00 8.12322807e-02
 1.03289520e-01 2.47819467e-02 5.94517844e-03 1.09703880e-09
 2.05578134e-03 6.09835507e-04 1.46094202e-03 7.78319626e-11
 2.11629701e-04 1.19813745e-03 4.01157794e-04 9.67668246e-05
 1.09089640e-04 1.56332288e-04 2.60892092e-04 2.48734378e-05
 3.11329243e-03 1.74117120e-04 4.81116417e-02 1.22411691e-02
 1.78669428e-04 3.40532127e-11 1.34010183e-04 2.61993557e-05
 2.03503611e-04 3.67143057e-11 1.11344984e-04 1.46593421e-04
 4.45062857e-04 4.89834443e-05 2.18282569e-04 2.27791520e-04
 7.96414730e-04 7.41632085e-05 2.44199887e-03 1.30311591e-04
 2.16328039e-02 9.74894942e-03 4.55452070e-09 3.30953166e-15
 2.46378166e-07 2.88260349e-08 3.54071590e-06 8.98217215e-13
 4.93591102e-07 5.23056798e-07 8.80993801e-07 1.77363741e-07
 4.79399211e-07 1.50646244e-06 1.85462534e-06 2.91026046e-07
 4.53202155e-06 2.42744096e-07 1.74732568e-02 1.11837559e-02
 2.97812310e-01 7.62032750e-03 1.10783596e-01 7.64991494e-02
 3.59803958e-01 2.24402706e-02 1.07051110e-01 4.35050427e-02
 3.09989079e-01 1.24975376e-02 1.17731473e-01 1.04489279e-01
 4.56769154e-01 3.05680823e-02 2.12830359e+00 5.29715286e-01
 1.55410910e+00 2.66429203e-01 1.22630594e+00 2.30875605e-01
 2.39713497e+00 3.09025259e+00]
train  L_V                   = +0.3380 (18.0%)
 train    L_V_attractive      = +0.2265 (12.0%)
 train      L_V_attractive_charged      = +0.1733 (9.2%)
 train      L_V_attractive_neutral      = +0.0531 (2.8%)
 train    L_V_repulsive       = +0.1115 (5.9%)
 train      L_V_repulsive_charged       = +0.0648 (3.4%)
 train      L_V_repulsive_neutral       = +0.0467 (2.5%)
 train    L_charged_cluster   = +0.0000 (0.0%)
 train  L_beta              = +0.8308 (44.2%)
 train    L_beta_noise        = +0.0000 (0.0%)
 train    L_beta_sig          = +0.1358 (7.2%)
 train    L_beta_suppress     = +0.0000 (0.0%)
 train    L_beta_track        = +0.6949 (37.0%)
 train      L_beta_norms_term   = -0.0202 (-1.1%)
 train      L_beta_logbeta_term = +0.1561 (8.3%)
 train  L_E   = +0.7107 (37.8%)
 train    L_E_charge = +0.0000 (0.0%)
 train    L_E_cond = +0.4219 (22.4%)
 train    L_E_cluster = +0.2888 (15.4%)
 train    L_E_w_photon   = +0.0000 (0.0%)
 train    L_E_w_charged_hadron   = +0.0000 (0.0%)
 train    L_E_w_neutral_hadron   = +0.0000 (0.0%)
 train    L_E_w_muon     = +0.0000 (0.0%)
 train    L_E_w_electron = +0.0000 (0.0%)
learning rate :  [0.00039890465297888624, 0.00039563061276672447, 0.000390213750433216, 0.00038271341425563806, 0.0003732117794866986, 0.00036181294802527074, 0.000348641807854205, 0.0003338426647414537, 0.00031757766119588004, 0.00030002500000000004, 0.0002813769917830063, 0.00026183794802527076, 0.00024162194257901096, 0.00022095046623036733, 0.00020005, 0.00017914953376963274, 0.00015847805742098906, 0.0001382620519747293, 0.00011872300821699378, 0.00010007500000000005, 8.252233880412002e-05, 6.625733525854636e-05, 5.1458192145795003e-05, 3.8287051974729284e-05, 2.688822051330148e-05, 1.7386585744361935e-05, 9.886249566784053e-06, 4.469387233275552e-06, 1.1953470211137557e-06, 1e-07, 0.0003990946109184883, 0.0003963866430176782, 0.0003919006200742188, 0.0003856771682065637, 0.00037777264795855195, 0.0003682586438895947, 0.00035722131629382036, 0.00034476062091910877, 0.0003309894037523598, 0.00031603237906876113, 0.00030002500000000004, 0.0002831122318497272, 0.00026544723926531853, 0.00024718999915511003, 0.00022850585191274341, 0.00020956400406895733, 0.00019053599593104275, 0.00017159414808725666, 0.00015291000084489, 0.00013465276073468155, 0.00011698776815027284, 0.00010007500000000005, 8.406762093123896e-05, 6.911059624764027e-05, 5.5339379080891216e-05, 4.287868370617969e-05, 3.18413561104053e-05, 2.2327352041448074e-05, 1.4422831793436292e-05, 8.199379925781274e-06, 3.713356982321794e-06, 1.0053890815117365e-06, 1e-07, 0.0003992796778340782, 0.0003971239012740243, 0.00039354820273935316, 0.0003885783452199438, 0.00038225013665310777, 0.0003746091719265796, 0.00036571050436630625, 0.000355618249075972, 0.00034440512098620716]
train loss :  2.879465103149414
test   L_V                   = +0.4319 (16.2%)
    L_V_attractive      = +0.2635 (9.9%)
      L_V_attractive_charged      = +0.2288 (8.6%)
      L_V_attractive_neutral      = +0.0347 (1.3%)
    L_V_repulsive       = +0.1684 (6.3%)
      L_V_repulsive_charged       = +0.0849 (3.2%)
      L_V_repulsive_neutral       = +0.0834 (3.1%)
    L_charged_cluster   = +0.0000 (0.0%)
  L_beta              = +1.0159 (38.0%)
    L_beta_noise        = +0.0000 (0.0%)
    L_beta_sig          = +0.2740 (10.2%)
    L_beta_suppress     = +0.0000 (0.0%)
    L_beta_track        = +0.7419 (27.8%)
      L_beta_norms_term   = -0.0132 (-0.5%)
      L_beta_logbeta_term = +0.2872 (10.7%)
  L_E   = +1.2257 (45.8%)
    L_E_charge = +0.0000 (0.0%)
    L_E_cond = +0.8325 (31.1%)
    L_E_cluster = +0.3932 (14.7%)
    L_E_w_photon   = +0.0000 (0.0%)
    L_E_w_charged_hadron   = +0.0000 (0.0%)
    L_E_w_neutral_hadron   = +0.0000 (0.0%)
    L_E_w_muon     = +0.0000 (0.0%)
    L_E_w_electron = +0.0000 (0.0%)
Returning 3.6734235286712646
[rank 0] epoch=72 train_batch=2000/15625 loss=2.841807
[rank 0] epoch=72 train_batch=4000/15625 loss=2.801773
[rank 0] epoch=72 train_batch=6000/15625 loss=3.186251
[rank 0] epoch=72 train_batch=8000/15625 loss=2.871075
[rank 0] epoch=72 train_batch=10000/15625 loss=2.865410
[rank 0] epoch=72 train_batch=12000/15625 loss=2.888279
[rank 0] epoch=72 train_batch=14000/15625 loss=2.944992
Training epoch 72
[3.96055898e+00 3.65164626e-02 4.65881362e+00 8.64626600e-03
 4.09722055e+00 4.48221771e-06 3.66596032e-01 2.67300770e-03
 1.04862598e+00 3.33690867e-09 7.96781579e-01 6.30281656e-01
 3.57511109e+00 1.29833478e-01 3.04313600e-01 2.13522122e-01
 8.05150551e-01 1.02418666e-01 1.64946409e+00 5.73558165e-02
 9.29407526e-02 2.87380639e-02 5.41626339e-03 9.93697235e-10
 5.02965138e-03 6.93220417e-04 1.94060345e-03 6.61930911e-11
 8.70648513e-04 1.97695547e-03 3.29750312e-03 3.16586544e-04
 1.29521799e-03 1.62422194e-03 5.96588975e-03 6.85294940e-04
 1.79510695e-02 8.89479352e-04 3.33134012e-02 1.65799036e-02
 1.14409146e-03 5.57477132e-10 2.41168908e-03 5.77013364e-04
 5.41103198e-03 5.10249204e-10 1.93840858e-03 1.83493062e-03
 7.33812900e-03 7.90356653e-04 1.26167084e-03 7.38106475e-04
 3.26233642e-03 1.98974929e-04 3.38170204e-03 1.70914296e-04
 1.68184038e-02 1.22890573e-02 3.20318555e-07 1.14019968e-12
 4.42684060e-07 4.34474487e-08 1.59939434e-05 5.37414735e-12
 5.38950321e-06 1.08174490e-05 2.27951618e-05 4.12986812e-06
 3.86229843e-05 5.51931827e-05 1.34024152e-04 1.34492135e-05
 3.22472842e-04 1.70067092e-05 7.50225871e-03 1.50114536e-02
 2.52907116e-01 9.27316399e-03 9.74360304e-02 5.15960983e-02
 2.83091538e-01 1.42297008e-02 1.02117823e-01 3.92832947e-02
 2.79081642e-01 1.10701653e-02 1.08500993e-01 7.35892340e-02
 4.14904038e-01 2.22650533e-02 2.08967048e+00 4.79053027e-01
 1.44486231e+00 2.53836167e-01 1.22887643e+00 2.23722273e-01
 2.27900323e+00 3.06131961e+00]
train  L_V                   = +0.3453 (18.5%)
 train    L_V_attractive      = +0.2344 (12.6%)
 train      L_V_attractive_charged      = +0.1817 (9.7%)
 train      L_V_attractive_neutral      = +0.0526 (2.8%)
 train    L_V_repulsive       = +0.1109 (5.9%)
 train      L_V_repulsive_charged       = +0.0640 (3.4%)
 train      L_V_repulsive_neutral       = +0.0469 (2.5%)
 train    L_charged_cluster   = +0.0000 (0.0%)
 train  L_beta              = +0.8212 (44.0%)
 train    L_beta_noise        = +0.0000 (0.0%)
 train    L_beta_sig          = +0.1323 (7.1%)
 train    L_beta_suppress     = +0.0000 (0.0%)
 train    L_beta_track        = +0.6888 (36.9%)
 train      L_beta_norms_term   = -0.0204 (-1.1%)
 train      L_beta_logbeta_term = +0.1528 (8.2%)
 train  L_E   = +0.7008 (37.5%)
 train    L_E_charge = +0.0000 (0.0%)
 train    L_E_cond = +0.4173 (22.3%)
 train    L_E_cluster = +0.2835 (15.2%)
 train    L_E_w_photon   = +0.0000 (0.0%)
 train    L_E_w_charged_hadron   = +0.0000 (0.0%)
 train    L_E_w_neutral_hadron   = +0.0000 (0.0%)
 train    L_E_w_muon     = +0.0000 (0.0%)
 train    L_E_w_electron = +0.0000 (0.0%)
learning rate :  [0.00039890465297888624, 0.00039563061276672447, 0.000390213750433216, 0.00038271341425563806, 0.0003732117794866986, 0.00036181294802527074, 0.000348641807854205, 0.0003338426647414537, 0.00031757766119588004, 0.00030002500000000004, 0.0002813769917830063, 0.00026183794802527076, 0.00024162194257901096, 0.00022095046623036733, 0.00020005, 0.00017914953376963274, 0.00015847805742098906, 0.0001382620519747293, 0.00011872300821699378, 0.00010007500000000005, 8.252233880412002e-05, 6.625733525854636e-05, 5.1458192145795003e-05, 3.8287051974729284e-05, 2.688822051330148e-05, 1.7386585744361935e-05, 9.886249566784053e-06, 4.469387233275552e-06, 1.1953470211137557e-06, 1e-07, 0.0003990946109184883, 0.0003963866430176782, 0.0003919006200742188, 0.0003856771682065637, 0.00037777264795855195, 0.0003682586438895947, 0.00035722131629382036, 0.00034476062091910877, 0.0003309894037523598, 0.00031603237906876113, 0.00030002500000000004, 0.0002831122318497272, 0.00026544723926531853, 0.00024718999915511003, 0.00022850585191274341, 0.00020956400406895733, 0.00019053599593104275, 0.00017159414808725666, 0.00015291000084489, 0.00013465276073468155, 0.00011698776815027284, 0.00010007500000000005, 8.406762093123896e-05, 6.911059624764027e-05, 5.5339379080891216e-05, 4.287868370617969e-05, 3.18413561104053e-05, 2.2327352041448074e-05, 1.4422831793436292e-05, 8.199379925781274e-06, 3.713356982321794e-06, 1.0053890815117365e-06, 1e-07, 0.0003992796778340782, 0.0003971239012740243, 0.00039354820273935316, 0.0003885783452199438, 0.00038225013665310777, 0.0003746091719265796, 0.00036571050436630625, 0.000355618249075972, 0.00034440512098620716, 0.0003321519109418468]
train loss :  2.867271900177002
test   L_V                   = +0.3826 (20.5%)
    L_V_attractive      = +0.2617 (14.0%)
      L_V_attractive_charged      = +0.2034 (10.9%)
      L_V_attractive_neutral      = +0.0583 (3.1%)
    L_V_repulsive       = +0.1209 (6.5%)
      L_V_repulsive_charged       = +0.0673 (3.6%)
      L_V_repulsive_neutral       = +0.0536 (2.9%)
    L_charged_cluster   = +0.0000 (0.0%)
  L_beta              = +0.8210 (43.9%)
    L_beta_noise        = +0.0000 (0.0%)
    L_beta_sig          = +0.1206 (6.5%)
    L_beta_suppress     = +0.0000 (0.0%)
    L_beta_track        = +0.7003 (37.5%)
      L_beta_norms_term   = -0.0219 (-1.2%)
      L_beta_logbeta_term = +0.1425 (7.6%)
  L_E   = +0.6653 (35.6%)
    L_E_charge = +0.0000 (0.0%)
    L_E_cond = +0.3584 (19.2%)
    L_E_cluster = +0.3068 (16.4%)
    L_E_w_photon   = +0.0000 (0.0%)
    L_E_w_charged_hadron   = +0.0000 (0.0%)
    L_E_w_neutral_hadron   = +0.0000 (0.0%)
    L_E_w_muon     = +0.0000 (0.0%)
    L_E_w_electron = +0.0000 (0.0%)
Returning 2.868844985961914
[rank 0] epoch=73 train_batch=2000/15625 loss=2.846596
[rank 0] epoch=73 train_batch=4000/15625 loss=2.939223
[rank 0] epoch=73 train_batch=6000/15625 loss=2.855530
[rank 0] epoch=73 train_batch=8000/15625 loss=2.910327
[rank 0] epoch=73 train_batch=10000/15625 loss=2.854548
[rank 0] epoch=73 train_batch=12000/15625 loss=2.815067
[rank 0] epoch=73 train_batch=14000/15625 loss=2.799927
Training epoch 73
[4.29077316e+00 2.63697703e-02 5.59481762e+00 5.25557693e-03
 5.12949769e+00 2.90692367e-06 2.99413470e-01 1.65899222e-03
 9.05958179e-01 1.99182385e-09 5.28199786e-01 6.41260159e-01
 2.20291816e+00 1.04126621e-01 2.46029298e-01 1.38917571e-01
 6.46076291e-01 6.89554983e-02 1.04094849e+00 2.25991183e-02
 4.58913315e-02 1.37364892e-02 2.81670744e-03 4.68143619e-10
 2.21694374e-03 2.17570977e-04 1.41275769e-03 3.98922844e-11
 4.67692516e-04 7.96531466e-04 2.28519205e-03 2.20538115e-04
 7.21227341e-04 9.75503887e-04 3.54887437e-03 3.93148096e-04
 1.53950846e-02 8.31084972e-04 2.10752374e-02 7.77693922e-03
 2.25402139e-05 2.03170310e-11 1.49447902e-04 4.93847642e-06
 1.85629777e-04 1.93680764e-10 4.94939292e-05 4.19088989e-05
 2.06843972e-04 2.08044034e-05 6.33582737e-05 3.76905512e-05
 2.01257951e-04 1.24313607e-05 2.54043394e-04 1.34589979e-05
 8.40835403e-03 5.77509965e-03 3.48353546e-08 7.35561721e-14
 2.90756464e-09 3.39576730e-10 9.64761630e-08 6.67695681e-14
 3.95876924e-07 9.39137983e-07 1.95679477e-06 3.54177360e-07
 2.61078182e-06 2.21886709e-06 9.12275819e-06 5.49115335e-07
 1.66158140e-05 8.71221381e-07 7.20744748e-03 7.03941950e-03
 1.91080607e-01 4.77763159e-03 5.32849609e-02 2.32879264e-02
 1.54340953e-01 7.28145054e-03 8.51098417e-02 3.06861360e-02
 2.18953910e-01 7.88892334e-03 8.95152014e-02 6.47783322e-02
 3.86250426e-01 1.98961433e-02 2.28188183e+00 4.61652837e-01
 1.45025021e+00 2.52400810e-01 1.24172651e+00 2.23661678e-01
 2.35886464e+00 3.28016245e+00]
train  L_V                   = +0.3414 (18.5%)
 train    L_V_attractive      = +0.2342 (12.7%)
 train      L_V_attractive_charged      = +0.1815 (9.8%)
 train      L_V_attractive_neutral      = +0.0526 (2.9%)
 train    L_V_repulsive       = +0.1072 (5.8%)
 train      L_V_repulsive_charged       = +0.0615 (3.3%)
 train      L_V_repulsive_neutral       = +0.0457 (2.5%)
 train    L_charged_cluster   = +0.0000 (0.0%)
 train  L_beta              = +0.8120 (44.0%)
 train    L_beta_noise        = +0.0000 (0.0%)
 train    L_beta_sig          = +0.1256 (6.8%)
 train    L_beta_suppress     = +0.0000 (0.0%)
 train    L_beta_track        = +0.6863 (37.2%)
 train      L_beta_norms_term   = -0.0216 (-1.2%)
 train      L_beta_logbeta_term = +0.1472 (8.0%)
 train  L_E   = +0.6907 (37.5%)
 train    L_E_charge = +0.0000 (0.0%)
 train    L_E_cond = +0.4102 (22.2%)
 train    L_E_cluster = +0.2805 (15.2%)
 train    L_E_w_photon   = +0.0000 (0.0%)
 train    L_E_w_charged_hadron   = +0.0000 (0.0%)
 train    L_E_w_neutral_hadron   = +0.0000 (0.0%)
 train    L_E_w_muon     = +0.0000 (0.0%)
 train    L_E_w_electron = +0.0000 (0.0%)
learning rate :  [0.00039890465297888624, 0.00039563061276672447, 0.000390213750433216, 0.00038271341425563806, 0.0003732117794866986, 0.00036181294802527074, 0.000348641807854205, 0.0003338426647414537, 0.00031757766119588004, 0.00030002500000000004, 0.0002813769917830063, 0.00026183794802527076, 0.00024162194257901096, 0.00022095046623036733, 0.00020005, 0.00017914953376963274, 0.00015847805742098906, 0.0001382620519747293, 0.00011872300821699378, 0.00010007500000000005, 8.252233880412002e-05, 6.625733525854636e-05, 5.1458192145795003e-05, 3.8287051974729284e-05, 2.688822051330148e-05, 1.7386585744361935e-05, 9.886249566784053e-06, 4.469387233275552e-06, 1.1953470211137557e-06, 1e-07, 0.0003990946109184883, 0.0003963866430176782, 0.0003919006200742188, 0.0003856771682065637, 0.00037777264795855195, 0.0003682586438895947, 0.00035722131629382036, 0.00034476062091910877, 0.0003309894037523598, 0.00031603237906876113, 0.00030002500000000004, 0.0002831122318497272, 0.00026544723926531853, 0.00024718999915511003, 0.00022850585191274341, 0.00020956400406895733, 0.00019053599593104275, 0.00017159414808725666, 0.00015291000084489, 0.00013465276073468155, 0.00011698776815027284, 0.00010007500000000005, 8.406762093123896e-05, 6.911059624764027e-05, 5.5339379080891216e-05, 4.287868370617969e-05, 3.18413561104053e-05, 2.2327352041448074e-05, 1.4422831793436292e-05, 8.199379925781274e-06, 3.713356982321794e-06, 1.0053890815117365e-06, 1e-07, 0.0003992796778340782, 0.0003971239012740243, 0.00039354820273935316, 0.0003885783452199438, 0.00038225013665310777, 0.0003746091719265796, 0.00036571050436630625, 0.000355618249075972, 0.00034440512098620716, 0.0003321519109418468, 0.0003189469036020421]
train loss :  2.844060182571411
test   L_V                   = +0.5941 (22.7%)
    L_V_attractive      = +0.3583 (13.7%)
      L_V_attractive_charged      = +0.2421 (9.2%)
      L_V_attractive_neutral      = +0.1162 (4.4%)
    L_V_repulsive       = +0.2358 (9.0%)
      L_V_repulsive_charged       = +0.1093 (4.2%)
      L_V_repulsive_neutral       = +0.1265 (4.8%)
    L_charged_cluster   = +0.0000 (0.0%)
  L_beta              = +0.9694 (37.0%)
    L_beta_noise        = +0.0000 (0.0%)
    L_beta_sig          = +0.2437 (9.3%)
    L_beta_suppress     = +0.0000 (0.0%)
    L_beta_track        = +0.7257 (27.7%)
      L_beta_norms_term   = -0.0192 (-0.7%)
      L_beta_logbeta_term = +0.2629 (10.0%)
  L_E   = +1.0560 (40.3%)
    L_E_charge = +0.0000 (0.0%)
    L_E_cond = +0.7254 (27.7%)
    L_E_cluster = +0.3305 (12.6%)
    L_E_w_photon   = +0.0000 (0.0%)
    L_E_w_charged_hadron   = +0.0000 (0.0%)
    L_E_w_neutral_hadron   = +0.0000 (0.0%)
    L_E_w_muon     = +0.0000 (0.0%)
    L_E_w_electron = +0.0000 (0.0%)
Returning 3.6195178031921387
[rank 0] epoch=74 train_batch=2000/15625 loss=2.822628
[rank 0] epoch=74 train_batch=4000/15625 loss=2.793881
[rank 0] epoch=74 train_batch=6000/15625 loss=2.907409
[rank 0] epoch=74 train_batch=8000/15625 loss=2.828059
[rank 0] epoch=74 train_batch=10000/15625 loss=2.842727
[rank 0] epoch=74 train_batch=12000/15625 loss=2.782093
[rank 0] epoch=74 train_batch=14000/15625 loss=2.820292
Training epoch 74
[5.35774746e+00 3.30654353e-02 5.87875586e+00 5.95303124e-03
 5.70676595e+00 4.35005514e-06 3.69196541e-01 1.88396439e-03
 1.16546804e+00 2.00168066e-09 5.02793145e-01 1.01740244e+00
 1.59085839e+00 1.33624754e-01 2.98796194e-01 2.18738423e-01
 9.41171074e-01 9.59348200e-02 1.37648999e+00 2.51044851e-02
 7.81228689e-02 2.41556111e-02 1.28211046e-02 1.28371775e-09
 5.76563568e-03 6.34531777e-04 3.77338506e-03 1.08101712e-10
 8.88749313e-04 2.23987797e-03 3.15884924e-03 4.16313256e-04
 1.10400891e-03 1.54622585e-03 5.29223198e-03 5.75380765e-04
 3.20145675e-02 1.75538415e-03 4.59515255e-02 1.30698147e-02
 2.91065762e-05 9.96863295e-12 6.64605698e-05 9.41654847e-06
 6.24136641e-05 9.67046281e-12 3.03341690e-05 3.11912090e-05
 1.28805006e-04 1.35757475e-05 1.02431635e-04 1.43948161e-04
 4.26862994e-04 5.02660220e-05 2.50917558e-03 1.35757545e-04
 1.14544316e-02 1.03305969e-02 3.64183884e-09 3.20792686e-15
 1.78320869e-10 1.67997264e-11 2.18280622e-09 5.47563404e-16
 9.40891608e-10 1.78161370e-09 4.02715502e-09 5.32541855e-10
 2.41494869e-09 2.81197546e-09 1.02139119e-08 7.75388266e-10
 3.41971269e-08 1.78425548e-09 8.48803098e-03 1.21772920e-02
 3.00040234e-01 7.11924133e-03 6.21559686e-02 3.56856153e-02
 1.67146992e-01 9.28746825e-03 6.62451550e-02 2.91048397e-02
 1.86124034e-01 7.81094129e-03 8.19426319e-02 7.14085472e-02
 3.43661899e-01 2.24149699e-02 2.32312940e+00 4.43738904e-01
 1.32810030e+00 2.26173037e-01 1.19325364e+00 2.05630145e-01
 2.03272002e+00 2.94659473e+00]
train  L_V                   = +0.3450 (18.7%)
 train    L_V_attractive      = +0.2367 (12.8%)
 train      L_V_attractive_charged      = +0.1842 (10.0%)
 train      L_V_attractive_neutral      = +0.0525 (2.8%)
 train    L_V_repulsive       = +0.1083 (5.9%)
 train      L_V_repulsive_charged       = +0.0616 (3.3%)
 train      L_V_repulsive_neutral       = +0.0467 (2.5%)
 train    L_charged_cluster   = +0.0000 (0.0%)
 train  L_beta              = +0.8102 (43.9%)
 train    L_beta_noise        = +0.0000 (0.0%)
 train    L_beta_sig          = +0.1250 (6.8%)
 train    L_beta_suppress     = +0.0000 (0.0%)
 train    L_beta_track        = +0.6852 (37.1%)
 train      L_beta_norms_term   = -0.0219 (-1.2%)
 train      L_beta_logbeta_term = +0.1469 (8.0%)
 train  L_E   = +0.6917 (37.5%)
 train    L_E_charge = +0.0000 (0.0%)
 train    L_E_cond = +0.4112 (22.3%)
 train    L_E_cluster = +0.2805 (15.2%)
 train    L_E_w_photon   = +0.0000 (0.0%)
 train    L_E_w_charged_hadron   = +0.0000 (0.0%)
 train    L_E_w_neutral_hadron   = +0.0000 (0.0%)
 train    L_E_w_muon     = +0.0000 (0.0%)
 train    L_E_w_electron = +0.0000 (0.0%)
learning rate :  [0.00039890465297888624, 0.00039563061276672447, 0.000390213750433216, 0.00038271341425563806, 0.0003732117794866986, 0.00036181294802527074, 0.000348641807854205, 0.0003338426647414537, 0.00031757766119588004, 0.00030002500000000004, 0.0002813769917830063, 0.00026183794802527076, 0.00024162194257901096, 0.00022095046623036733, 0.00020005, 0.00017914953376963274, 0.00015847805742098906, 0.0001382620519747293, 0.00011872300821699378, 0.00010007500000000005, 8.252233880412002e-05, 6.625733525854636e-05, 5.1458192145795003e-05, 3.8287051974729284e-05, 2.688822051330148e-05, 1.7386585744361935e-05, 9.886249566784053e-06, 4.469387233275552e-06, 1.1953470211137557e-06, 1e-07, 0.0003990946109184883, 0.0003963866430176782, 0.0003919006200742188, 0.0003856771682065637, 0.00037777264795855195, 0.0003682586438895947, 0.00035722131629382036, 0.00034476062091910877, 0.0003309894037523598, 0.00031603237906876113, 0.00030002500000000004, 0.0002831122318497272, 0.00026544723926531853, 0.00024718999915511003, 0.00022850585191274341, 0.00020956400406895733, 0.00019053599593104275, 0.00017159414808725666, 0.00015291000084489, 0.00013465276073468155, 0.00011698776815027284, 0.00010007500000000005, 8.406762093123896e-05, 6.911059624764027e-05, 5.5339379080891216e-05, 4.287868370617969e-05, 3.18413561104053e-05, 2.2327352041448074e-05, 1.4422831793436292e-05, 8.199379925781274e-06, 3.713356982321794e-06, 1.0053890815117365e-06, 1e-07, 0.0003992796778340782, 0.0003971239012740243, 0.00039354820273935316, 0.0003885783452199438, 0.00038225013665310777, 0.0003746091719265796, 0.00036571050436630625, 0.000355618249075972, 0.00034440512098620716, 0.0003321519109418468, 0.0003189469036020421, 0.0003048852413472685]
train loss :  2.8468427658081055
test   L_V                   = +203.8349 (99.3%)
    L_V_attractive      = +203.7214 (99.2%)
      L_V_attractive_charged      = +132.6870 (64.6%)
      L_V_attractive_neutral      = +71.0348 (34.6%)
    L_V_repulsive       = +0.1131 (0.1%)
      L_V_repulsive_charged       = +0.0631 (0.0%)
      L_V_repulsive_neutral       = +0.0500 (0.0%)
    L_charged_cluster   = +0.0000 (0.0%)
  L_beta              = +0.8296 (0.4%)
    L_beta_noise        = +0.0000 (0.0%)
    L_beta_sig          = +0.1320 (0.1%)
    L_beta_suppress     = +0.0000 (0.0%)
    L_beta_track        = +0.6976 (0.3%)
      L_beta_norms_term   = -0.0219 (-0.0%)
      L_beta_logbeta_term = +0.1539 (0.1%)
  L_E   = +0.6501 (0.3%)
    L_E_charge = +0.0000 (0.0%)
    L_E_cond = +0.3694 (0.2%)
    L_E_cluster = +0.2807 (0.1%)
    L_E_w_photon   = +0.0000 (0.0%)
    L_E_w_charged_hadron   = +0.0000 (0.0%)
    L_E_w_neutral_hadron   = +0.0000 (0.0%)
    L_E_w_muon     = +0.0000 (0.0%)
    L_E_w_electron = +0.0000 (0.0%)
Returning 206.3146514892578
[rank 0] epoch=75 train_batch=2000/15625 loss=2.762864
[rank 0] epoch=75 train_batch=4000/15625 loss=2.804919
[rank 0] epoch=75 train_batch=6000/15625 loss=2.747429
[rank 0] epoch=75 train_batch=8000/15625 loss=2.835834
[rank 0] epoch=75 train_batch=10000/15625 loss=2.825416
[rank 0] epoch=75 train_batch=12000/15625 loss=2.824881
[rank 0] epoch=75 train_batch=14000/15625 loss=2.745280
Training epoch 75
[5.81459996e+00 4.88179419e-02 6.28416418e+00 8.65396095e-03
 6.01741359e+00 4.19279950e-06 3.56348775e-01 2.14067016e-03
 1.09205465e+00 1.83521377e-09 4.95300773e-01 9.70873155e-01
 1.57335413e+00 1.20663244e-01 2.61052630e-01 2.05731635e-01
 9.11766824e-01 9.74870898e-02 1.27486548e+00 1.95468677e-02
 5.68964083e-02 1.37754911e-02 1.04785102e-02 2.05264640e-09
 5.46789480e-03 5.26810710e-04 4.66326446e-03 1.09880122e-10
 1.30686711e-03 2.52155069e-03 6.07701363e-03 7.24608716e-04
 1.73987225e-03 2.21323460e-03 8.46958389e-03 9.01003499e-04
 1.78963974e-02 3.39140918e-04 1.77233890e-02 6.77462940e-03
 1.07434171e-04 4.68826002e-11 5.15325390e-04 7.81688862e-05
 7.15597693e-04 1.44087534e-10 1.97786265e-04 1.95495614e-04
 7.85066180e-04 8.23360580e-05 4.27988019e-04 5.37532452e-04
 1.69758682e-03 1.97611348e-04 6.34029271e-03 3.17150594e-04
 1.18198027e-02 5.01597829e-03 4.65599998e-08 9.25558951e-14
 1.51483918e-09 1.40067173e-10 2.88284972e-08 1.09884361e-16
 7.71134239e-09 1.50053745e-08 3.88083227e-08 4.51170390e-09
 1.96992892e-08 2.87564170e-08 6.37415579e-08 6.42763775e-09
 1.22725993e-07 6.76844120e-09 7.27318195e-03 6.17134433e-03
 1.67102530e-01 4.05079891e-03 4.22465047e-02 2.22264700e-02
 1.19254649e-01 6.04262184e-03 6.55915811e-02 2.50213591e-02
 1.64969084e-01 6.30505718e-03 8.86997167e-02 8.05656892e-02
 3.79791447e-01 2.49967697e-02 2.47746616e+00 4.51028211e-01
 1.40411615e+00 2.29908906e-01 1.24851248e+00 2.08700040e-01
 2.03046540e+00 2.91393051e+00]
train  L_V                   = +0.3430 (18.7%)
 train    L_V_attractive      = +0.2364 (12.9%)
 train      L_V_attractive_charged      = +0.1845 (10.1%)
 train      L_V_attractive_neutral      = +0.0520 (2.8%)
 train    L_V_repulsive       = +0.1066 (5.8%)
 train      L_V_repulsive_charged       = +0.0607 (3.3%)
 train      L_V_repulsive_neutral       = +0.0459 (2.5%)
 train    L_charged_cluster   = +0.0000 (0.0%)
 train  L_beta              = +0.8024 (43.9%)
 train    L_beta_noise        = +0.0000 (0.0%)
 train    L_beta_sig          = +0.1190 (6.5%)
 train    L_beta_suppress     = +0.0000 (0.0%)
 train    L_beta_track        = +0.6834 (37.4%)
 train      L_beta_norms_term   = -0.0244 (-1.3%)
 train      L_beta_logbeta_term = +0.1434 (7.8%)
 train  L_E   = +0.6842 (37.4%)
 train    L_E_charge = +0.0000 (0.0%)
 train    L_E_cond = +0.4050 (22.1%)
 train    L_E_cluster = +0.2792 (15.3%)
 train    L_E_w_photon   = +0.0000 (0.0%)
 train    L_E_w_charged_hadron   = +0.0000 (0.0%)
 train    L_E_w_neutral_hadron   = +0.0000 (0.0%)
 train    L_E_w_muon     = +0.0000 (0.0%)
 train    L_E_w_electron = +0.0000 (0.0%)
learning rate :  [0.00039890465297888624, 0.00039563061276672447, 0.000390213750433216, 0.00038271341425563806, 0.0003732117794866986, 0.00036181294802527074, 0.000348641807854205, 0.0003338426647414537, 0.00031757766119588004, 0.00030002500000000004, 0.0002813769917830063, 0.00026183794802527076, 0.00024162194257901096, 0.00022095046623036733, 0.00020005, 0.00017914953376963274, 0.00015847805742098906, 0.0001382620519747293, 0.00011872300821699378, 0.00010007500000000005, 8.252233880412002e-05, 6.625733525854636e-05, 5.1458192145795003e-05, 3.8287051974729284e-05, 2.688822051330148e-05, 1.7386585744361935e-05, 9.886249566784053e-06, 4.469387233275552e-06, 1.1953470211137557e-06, 1e-07, 0.0003990946109184883, 0.0003963866430176782, 0.0003919006200742188, 0.0003856771682065637, 0.00037777264795855195, 0.0003682586438895947, 0.00035722131629382036, 0.00034476062091910877, 0.0003309894037523598, 0.00031603237906876113, 0.00030002500000000004, 0.0002831122318497272, 0.00026544723926531853, 0.00024718999915511003, 0.00022850585191274341, 0.00020956400406895733, 0.00019053599593104275, 0.00017159414808725666, 0.00015291000084489, 0.00013465276073468155, 0.00011698776815027284, 0.00010007500000000005, 8.406762093123896e-05, 6.911059624764027e-05, 5.5339379080891216e-05, 4.287868370617969e-05, 3.18413561104053e-05, 2.2327352041448074e-05, 1.4422831793436292e-05, 8.199379925781274e-06, 3.713356982321794e-06, 1.0053890815117365e-06, 1e-07, 0.0003992796778340782, 0.0003971239012740243, 0.00039354820273935316, 0.0003885783452199438, 0.00038225013665310777, 0.0003746091719265796, 0.00036571050436630625, 0.000355618249075972, 0.00034440512098620716, 0.0003321519109418468, 0.0003189469036020421, 0.0003048852413472685, 0.00029006823877629376]
train loss :  2.82961106300354
test   L_V                   = +0.5092 (19.8%)
    L_V_attractive      = +0.3611 (14.1%)
      L_V_attractive_charged      = +0.3301 (12.9%)
      L_V_attractive_neutral      = +0.0310 (1.2%)
    L_V_repulsive       = +0.1480 (5.8%)
      L_V_repulsive_charged       = +0.0750 (2.9%)
      L_V_repulsive_neutral       = +0.0731 (2.8%)
    L_charged_cluster   = +0.0000 (0.0%)
  L_beta              = +0.9549 (37.2%)
    L_beta_noise        = +0.0000 (0.0%)
    L_beta_sig          = +0.2242 (8.7%)
    L_beta_suppress     = +0.0000 (0.0%)
    L_beta_track        = +0.7307 (28.5%)
      L_beta_norms_term   = -0.0160 (-0.6%)
      L_beta_logbeta_term = +0.2403 (9.4%)
  L_E   = +1.1016 (42.9%)
    L_E_charge = +0.0000 (0.0%)
    L_E_cond = +0.7699 (30.0%)
    L_E_cluster = +0.3317 (12.9%)
    L_E_w_photon   = +0.0000 (0.0%)
    L_E_w_charged_hadron   = +0.0000 (0.0%)
    L_E_w_neutral_hadron   = +0.0000 (0.0%)
    L_E_w_muon     = +0.0000 (0.0%)
    L_E_w_electron = +0.0000 (0.0%)
Returning 3.5656683444976807
[rank 0] epoch=76 train_batch=2000/15625 loss=2.889511
[rank 0] epoch=76 train_batch=4000/15625 loss=2.722549
[rank 0] epoch=76 train_batch=6000/15625 loss=2.775765
[rank 0] epoch=76 train_batch=8000/15625 loss=2.767009
[rank 0] epoch=76 train_batch=10000/15625 loss=2.874147
[rank 0] epoch=76 train_batch=12000/15625 loss=2.805871
[rank 0] epoch=76 train_batch=14000/15625 loss=2.922618
Training epoch 76
[6.25533173e+00 8.13982030e-02 8.83896675e+00 1.55068350e-02
 8.08957225e+00 6.43945213e-06 5.61158597e-01 3.57391189e-03
 1.45097855e+00 3.15938528e-09 8.55936751e-01 1.60638454e+00
 1.69870231e+00 1.50907662e-01 2.72335490e-01 2.20687263e-01
 8.28054239e-01 8.05392975e-02 9.46034158e-01 1.75192965e-02
 5.66652167e-02 1.14357441e-02 1.66062303e-02 3.84119133e-09
 1.02985735e-02 9.48878543e-04 5.82923126e-03 1.73911566e-10
 1.96068971e-03 3.83830079e-03 9.54243956e-03 1.13529496e-03
 3.19200446e-03 4.28897291e-03 1.56762721e-02 1.75427851e-03
 2.71548274e-02 2.38268738e-04 1.49141955e-02 4.26887290e-03
 1.21668329e-04 5.86474928e-11 5.97727211e-04 1.03801694e-04
 8.20271294e-04 1.41299117e-10 3.42493787e-04 3.57772751e-04
 1.33535760e-03 1.54128774e-04 7.80359606e-04 8.47725320e-04
 2.81756853e-03 3.04317219e-04 9.61395748e-03 4.85427657e-04
 9.62632899e-03 3.10228254e-03 1.83803865e-08 5.87639156e-14
 4.46678204e-10 1.70197690e-11 2.89465076e-09 4.39114497e-17
 2.17256217e-09 5.88253671e-09 1.07621654e-08 1.47624724e-09
 4.08668020e-09 6.51991867e-09 1.28096524e-08 1.40558019e-09
 2.86797285e-08 1.53889461e-09 4.32429745e-03 3.88903921e-03
 1.38300507e-01 2.64031077e-03 3.58716135e-02 2.00718723e-02
 1.02056735e-01 5.00188132e-03 6.53541709e-02 2.16918701e-02
 1.58887055e-01 5.34554646e-03 8.70404529e-02 7.66268019e-02
 3.81051603e-01 2.35621957e-02 2.55290217e+00 4.48770796e-01
 1.43633702e+00 2.34179757e-01 1.26640340e+00 2.08489746e-01
 1.90902435e+00 2.86248429e+00]
train  L_V                   = +0.3487 (19.0%)
 train    L_V_attractive      = +0.2406 (13.1%)
 train      L_V_attractive_charged      = +0.1886 (10.3%)
 train      L_V_attractive_neutral      = +0.0520 (2.8%)
 train    L_V_repulsive       = +0.1081 (5.9%)
 train      L_V_repulsive_charged       = +0.0615 (3.4%)
 train      L_V_repulsive_neutral       = +0.0467 (2.5%)
 train    L_charged_cluster   = +0.0000 (0.0%)
 train  L_beta              = +0.8003 (43.7%)
 train    L_beta_noise        = +0.0000 (0.0%)
 train    L_beta_sig          = +0.1184 (6.5%)
 train    L_beta_suppress     = +0.0000 (0.0%)
 train    L_beta_track        = +0.6819 (37.2%)
 train      L_beta_norms_term   = -0.0253 (-1.4%)
 train      L_beta_logbeta_term = +0.1437 (7.8%)
 train  L_E   = +0.6828 (37.3%)
 train    L_E_charge = +0.0000 (0.0%)
 train    L_E_cond = +0.4042 (22.1%)
 train    L_E_cluster = +0.2786 (15.2%)
 train    L_E_w_photon   = +0.0000 (0.0%)
 train    L_E_w_charged_hadron   = +0.0000 (0.0%)
 train    L_E_w_neutral_hadron   = +0.0000 (0.0%)
 train    L_E_w_muon     = +0.0000 (0.0%)
 train    L_E_w_electron = +0.0000 (0.0%)
learning rate :  [0.00039890465297888624, 0.00039563061276672447, 0.000390213750433216, 0.00038271341425563806, 0.0003732117794866986, 0.00036181294802527074, 0.000348641807854205, 0.0003338426647414537, 0.00031757766119588004, 0.00030002500000000004, 0.0002813769917830063, 0.00026183794802527076, 0.00024162194257901096, 0.00022095046623036733, 0.00020005, 0.00017914953376963274, 0.00015847805742098906, 0.0001382620519747293, 0.00011872300821699378, 0.00010007500000000005, 8.252233880412002e-05, 6.625733525854636e-05, 5.1458192145795003e-05, 3.8287051974729284e-05, 2.688822051330148e-05, 1.7386585744361935e-05, 9.886249566784053e-06, 4.469387233275552e-06, 1.1953470211137557e-06, 1e-07, 0.0003990946109184883, 0.0003963866430176782, 0.0003919006200742188, 0.0003856771682065637, 0.00037777264795855195, 0.0003682586438895947, 0.00035722131629382036, 0.00034476062091910877, 0.0003309894037523598, 0.00031603237906876113, 0.00030002500000000004, 0.0002831122318497272, 0.00026544723926531853, 0.00024718999915511003, 0.00022850585191274341, 0.00020956400406895733, 0.00019053599593104275, 0.00017159414808725666, 0.00015291000084489, 0.00013465276073468155, 0.00011698776815027284, 0.00010007500000000005, 8.406762093123896e-05, 6.911059624764027e-05, 5.5339379080891216e-05, 4.287868370617969e-05, 3.18413561104053e-05, 2.2327352041448074e-05, 1.4422831793436292e-05, 8.199379925781274e-06, 3.713356982321794e-06, 1.0053890815117365e-06, 1e-07, 0.0003992796778340782, 0.0003971239012740243, 0.00039354820273935316, 0.0003885783452199438, 0.00038225013665310777, 0.0003746091719265796, 0.00036571050436630625, 0.000355618249075972, 0.00034440512098620716, 0.0003321519109418468, 0.0003189469036020421, 0.0003048852413472685, 0.00029006823877629376, 0.00027460265273217277]
train loss :  2.8318378925323486
test   L_V                   = +0.8565 (36.2%)
    L_V_attractive      = +0.7388 (31.3%)
      L_V_attractive_charged      = +0.4908 (20.8%)
      L_V_attractive_neutral      = +0.2481 (10.5%)
    L_V_repulsive       = +0.1176 (5.0%)
      L_V_repulsive_charged       = +0.0652 (2.8%)
      L_V_repulsive_neutral       = +0.0524 (2.2%)
    L_charged_cluster   = +0.0000 (0.0%)
  L_beta              = +0.8417 (35.6%)
    L_beta_noise        = +0.0000 (0.0%)
    L_beta_sig          = +0.1462 (6.2%)
    L_beta_suppress     = +0.0000 (0.0%)
    L_beta_track        = +0.6955 (29.4%)
      L_beta_norms_term   = -0.0218 (-0.9%)
      L_beta_logbeta_term = +0.1680 (7.1%)
  L_E   = +0.6656 (28.2%)
    L_E_charge = +0.0000 (0.0%)
    L_E_cond = +0.3755 (15.9%)
    L_E_cluster = +0.2901 (12.3%)
    L_E_w_photon   = +0.0000 (0.0%)
    L_E_w_charged_hadron   = +0.0000 (0.0%)
    L_E_w_neutral_hadron   = +0.0000 (0.0%)
    L_E_w_muon     = +0.0000 (0.0%)
    L_E_w_electron = +0.0000 (0.0%)
Returning 3.363779067993164
[rank 0] epoch=77 train_batch=2000/15625 loss=2.813096
[rank 0] epoch=77 train_batch=4000/15625 loss=2.844958
[rank 0] epoch=77 train_batch=6000/15625 loss=2.873940
[rank 0] epoch=77 train_batch=8000/15625 loss=2.852175
[rank 0] epoch=77 train_batch=10000/15625 loss=2.818759
[rank 0] epoch=77 train_batch=12000/15625 loss=2.807430
[rank 0] epoch=77 train_batch=14000/15625 loss=2.889350
Training epoch 77
[5.73530482e+00 1.41676374e-01 1.17347013e+01 3.49367483e-02
 1.00129246e+01 1.10185533e-05 9.35530297e-01 6.46994351e-03
 2.03676770e+00 5.10813466e-09 9.20346352e-01 1.65912621e+00
 1.75845664e+00 1.83918655e-01 2.93996856e-01 2.57651608e-01
 8.33148794e-01 7.54184783e-02 9.42397846e-01 1.46864450e-02
 5.80141540e-02 1.11110342e-02 1.21424593e-02 3.18274251e-09
 1.12306519e-02 8.18169498e-04 1.00631759e-02 3.16112117e-10
 3.51397122e-03 4.35070298e-03 1.49547939e-02 1.56841005e-03
 5.44998934e-03 6.40926457e-03 2.58704962e-02 2.73271385e-03
 4.87725341e-02 4.90502656e-04 1.59630654e-02 4.29174656e-03
 3.01367687e-04 1.69559670e-10 1.00168195e-03 6.25397311e-05
 1.31617082e-03 2.80118690e-10 4.90020628e-04 5.42777401e-04
 1.97717098e-03 2.39697150e-04 1.17068705e-03 1.15238734e-03
 3.99870854e-03 4.08925316e-04 1.35504129e-02 6.92491879e-04
 1.46779096e-02 2.90290772e-03 8.77278718e-06 6.71196500e-11
 4.04201606e-05 1.22210254e-07 2.40680472e-05 6.61342178e-09
 5.31066580e-06 8.19139953e-06 2.37741005e-05 2.82609180e-06
 7.10981876e-06 5.99437808e-06 2.92786530e-05 1.64041860e-06
 5.14878367e-05 2.55603882e-06 2.39091108e-03 3.40312150e-03
 1.43477646e-01 2.66178904e-03 3.62106029e-02 2.09383704e-02
 1.01961386e-01 5.48986807e-03 6.67443736e-02 2.26128953e-02
 1.55244187e-01 5.53462725e-03 8.71806718e-02 7.86464487e-02
 3.80915341e-01 2.41189235e-02 2.63218472e+00 4.41874593e-01
 1.42976116e+00 2.31836928e-01 1.24007809e+00 2.06299701e-01
 1.74647329e+00 2.81726225e+00]
train  L_V                   = +0.3541 (19.2%)
 train    L_V_attractive      = +0.2438 (13.2%)
 train      L_V_attractive_charged      = +0.1918 (10.4%)
 train      L_V_attractive_neutral      = +0.0520 (2.8%)
 train    L_V_repulsive       = +0.1104 (6.0%)
 train      L_V_repulsive_charged       = +0.0627 (3.4%)
 train      L_V_repulsive_neutral       = +0.0477 (2.6%)
 train    L_charged_cluster   = +0.0000 (0.0%)
 train  L_beta              = +0.8028 (43.5%)
 train    L_beta_noise        = +0.0000 (0.0%)
 train    L_beta_sig          = +0.1221 (6.6%)
 train    L_beta_suppress     = +0.0000 (0.0%)
 train    L_beta_track        = +0.6807 (36.9%)
 train      L_beta_norms_term   = -0.0250 (-1.4%)
 train      L_beta_logbeta_term = +0.1470 (8.0%)
 train  L_E   = +0.6886 (37.3%)
 train    L_E_charge = +0.0000 (0.0%)
 train    L_E_cond = +0.4097 (22.2%)
 train    L_E_cluster = +0.2789 (15.1%)
 train    L_E_w_photon   = +0.0000 (0.0%)
 train    L_E_w_charged_hadron   = +0.0000 (0.0%)
 train    L_E_w_neutral_hadron   = +0.0000 (0.0%)
 train    L_E_w_muon     = +0.0000 (0.0%)
 train    L_E_w_electron = +0.0000 (0.0%)
learning rate :  [0.00039890465297888624, 0.00039563061276672447, 0.000390213750433216, 0.00038271341425563806, 0.0003732117794866986, 0.00036181294802527074, 0.000348641807854205, 0.0003338426647414537, 0.00031757766119588004, 0.00030002500000000004, 0.0002813769917830063, 0.00026183794802527076, 0.00024162194257901096, 0.00022095046623036733, 0.00020005, 0.00017914953376963274, 0.00015847805742098906, 0.0001382620519747293, 0.00011872300821699378, 0.00010007500000000005, 8.252233880412002e-05, 6.625733525854636e-05, 5.1458192145795003e-05, 3.8287051974729284e-05, 2.688822051330148e-05, 1.7386585744361935e-05, 9.886249566784053e-06, 4.469387233275552e-06, 1.1953470211137557e-06, 1e-07, 0.0003990946109184883, 0.0003963866430176782, 0.0003919006200742188, 0.0003856771682065637, 0.00037777264795855195, 0.0003682586438895947, 0.00035722131629382036, 0.00034476062091910877, 0.0003309894037523598, 0.00031603237906876113, 0.00030002500000000004, 0.0002831122318497272, 0.00026544723926531853, 0.00024718999915511003, 0.00022850585191274341, 0.00020956400406895733, 0.00019053599593104275, 0.00017159414808725666, 0.00015291000084489, 0.00013465276073468155, 0.00011698776815027284, 0.00010007500000000005, 8.406762093123896e-05, 6.911059624764027e-05, 5.5339379080891216e-05, 4.287868370617969e-05, 3.18413561104053e-05, 2.2327352041448074e-05, 1.4422831793436292e-05, 8.199379925781274e-06, 3.713356982321794e-06, 1.0053890815117365e-06, 1e-07, 0.0003992796778340782, 0.0003971239012740243, 0.00039354820273935316, 0.0003885783452199438, 0.00038225013665310777, 0.0003746091719265796, 0.00036571050436630625, 0.000355618249075972, 0.00034440512098620716, 0.0003321519109418468, 0.0003189469036020421, 0.0003048852413472685, 0.00029006823877629376, 0.00027460265273217277, 0.00025859991311674626]
train loss :  2.845517873764038
test   L_V                   = +0.4105 (18.2%)
    L_V_attractive      = +0.2789 (12.4%)
      L_V_attractive_charged      = +0.2423 (10.7%)
      L_V_attractive_neutral      = +0.0366 (1.6%)
    L_V_repulsive       = +0.1317 (5.8%)
      L_V_repulsive_charged       = +0.0715 (3.2%)
      L_V_repulsive_neutral       = +0.0602 (2.7%)
    L_charged_cluster   = +0.0000 (0.0%)
  L_beta              = +0.8717 (38.7%)
    L_beta_noise        = +0.0000 (0.0%)
    L_beta_sig          = +0.1781 (7.9%)
    L_beta_suppress     = +0.0000 (0.0%)
    L_beta_track        = +0.6936 (30.8%)
      L_beta_norms_term   = -0.0194 (-0.9%)
      L_beta_logbeta_term = +0.1975 (8.8%)
  L_E   = +0.9717 (43.1%)
    L_E_charge = +0.0000 (0.0%)
    L_E_cond = +0.6711 (29.8%)
    L_E_cluster = +0.3006 (13.3%)
    L_E_w_photon   = +0.0000 (0.0%)
    L_E_w_charged_hadron   = +0.0000 (0.0%)
    L_E_w_neutral_hadron   = +0.0000 (0.0%)
    L_E_w_muon     = +0.0000 (0.0%)
    L_E_w_electron = +0.0000 (0.0%)
Returning 3.253896713256836
[rank 0] epoch=78 train_batch=2000/15625 loss=2.774476
[rank 0] epoch=78 train_batch=4000/15625 loss=2.763445
[rank 0] epoch=78 train_batch=6000/15625 loss=2.801633
[rank 0] epoch=78 train_batch=8000/15625 loss=2.874718
[rank 0] epoch=78 train_batch=10000/15625 loss=2.863525
[rank 0] epoch=78 train_batch=12000/15625 loss=2.814429
[rank 0] epoch=78 train_batch=14000/15625 loss=2.865361
Training epoch 78
[6.32200483e+00 1.17193994e-01 9.68836360e+00 2.09574809e-02
 8.48321560e+00 6.02681059e-06 6.60843187e-01 4.18541481e-03
 1.36848484e+00 2.58262376e-09 6.21211004e-01 1.44482721e+00
 1.40109212e+00 1.33585362e-01 2.66153626e-01 1.96936919e-01
 8.34468883e-01 7.24634261e-02 9.93568586e-01 2.23334707e-02
 6.33325362e-02 1.41766642e-02 9.99822812e-03 1.52493433e-09
 1.03145199e-02 6.60213675e-04 1.17089226e-02 3.33429697e-10
 4.12813969e-03 5.18422258e-03 1.76471471e-02 1.92344536e-03
 5.37969439e-03 5.02928636e-03 2.34883251e-02 2.27641019e-03
 4.72079261e-02 1.23547737e-03 1.83158083e-02 7.10168479e-03
 2.01408669e-04 1.19527140e-10 9.74912330e-04 1.09535191e-04
 1.24152179e-03 3.34992070e-10 4.88941276e-04 4.50624574e-04
 2.06081439e-03 2.10432843e-04 1.35867592e-03 8.23870388e-04
 3.82986050e-03 3.00666709e-04 9.63151367e-03 4.20213359e-04
 1.09952950e-02 5.50993254e-03 7.33356251e-10 6.79759735e-15
 9.91655690e-10 6.88762889e-11 1.58425737e-08 1.91367813e-14
 1.74060927e-07 1.32347701e-07 6.82454398e-07 5.65470825e-08
 8.50155884e-07 7.74306253e-07 2.99428483e-06 2.52736893e-07
 8.17109807e-06 4.51127812e-07 3.05937508e-05 6.74249064e-03
 1.72174493e-01 4.11819022e-03 4.13145394e-02 2.16408629e-02
 1.12161766e-01 6.04723807e-03 6.99851369e-02 2.28517045e-02
 1.61496729e-01 5.50361794e-03 9.06489287e-02 7.70319939e-02
 3.83487709e-01 2.36691424e-02 2.70018474e+00 4.36927111e-01
 1.42934705e+00 2.28649077e-01 1.20517946e+00 2.04761042e-01
 1.87010545e+00 2.80301677e+00]
train  L_V                   = +0.3521 (19.2%)
 train    L_V_attractive      = +0.2435 (13.3%)
 train      L_V_attractive_charged      = +0.1914 (10.4%)
 train      L_V_attractive_neutral      = +0.0521 (2.8%)
 train    L_V_repulsive       = +0.1085 (5.9%)
 train      L_V_repulsive_charged       = +0.0618 (3.4%)
 train      L_V_repulsive_neutral       = +0.0467 (2.5%)
 train    L_charged_cluster   = +0.0000 (0.0%)
 train  L_beta              = +0.7983 (43.6%)
 train    L_beta_noise        = +0.0000 (0.0%)
 train    L_beta_sig          = +0.1188 (6.5%)
 train    L_beta_suppress     = +0.0000 (0.0%)
 train    L_beta_track        = +0.6795 (37.1%)
 train      L_beta_norms_term   = -0.0257 (-1.4%)
 train      L_beta_logbeta_term = +0.1445 (7.9%)
 train  L_E   = +0.6821 (37.2%)
 train    L_E_charge = +0.0000 (0.0%)
 train    L_E_cond = +0.4036 (22.0%)
 train    L_E_cluster = +0.2785 (15.2%)
 train    L_E_w_photon   = +0.0000 (0.0%)
 train    L_E_w_charged_hadron   = +0.0000 (0.0%)
 train    L_E_w_neutral_hadron   = +0.0000 (0.0%)
 train    L_E_w_muon     = +0.0000 (0.0%)
 train    L_E_w_electron = +0.0000 (0.0%)
learning rate :  [0.00039890465297888624, 0.00039563061276672447, 0.000390213750433216, 0.00038271341425563806, 0.0003732117794866986, 0.00036181294802527074, 0.000348641807854205, 0.0003338426647414537, 0.00031757766119588004, 0.00030002500000000004, 0.0002813769917830063, 0.00026183794802527076, 0.00024162194257901096, 0.00022095046623036733, 0.00020005, 0.00017914953376963274, 0.00015847805742098906, 0.0001382620519747293, 0.00011872300821699378, 0.00010007500000000005, 8.252233880412002e-05, 6.625733525854636e-05, 5.1458192145795003e-05, 3.8287051974729284e-05, 2.688822051330148e-05, 1.7386585744361935e-05, 9.886249566784053e-06, 4.469387233275552e-06, 1.1953470211137557e-06, 1e-07, 0.0003990946109184883, 0.0003963866430176782, 0.0003919006200742188, 0.0003856771682065637, 0.00037777264795855195, 0.0003682586438895947, 0.00035722131629382036, 0.00034476062091910877, 0.0003309894037523598, 0.00031603237906876113, 0.00030002500000000004, 0.0002831122318497272, 0.00026544723926531853, 0.00024718999915511003, 0.00022850585191274341, 0.00020956400406895733, 0.00019053599593104275, 0.00017159414808725666, 0.00015291000084489, 0.00013465276073468155, 0.00011698776815027284, 0.00010007500000000005, 8.406762093123896e-05, 6.911059624764027e-05, 5.5339379080891216e-05, 4.287868370617969e-05, 3.18413561104053e-05, 2.2327352041448074e-05, 1.4422831793436292e-05, 8.199379925781274e-06, 3.713356982321794e-06, 1.0053890815117365e-06, 1e-07, 0.0003992796778340782, 0.0003971239012740243, 0.00039354820273935316, 0.0003885783452199438, 0.00038225013665310777, 0.0003746091719265796, 0.00036571050436630625, 0.000355618249075972, 0.00034440512098620716, 0.0003321519109418468, 0.0003189469036020421, 0.0003048852413472685, 0.00029006823877629376, 0.00027460265273217277, 0.00025859991311674626, 0.0002421753200356455]
train loss :  2.8324403762817383
test   L_V                   = +48.9865 (97.1%)
    L_V_attractive      = +48.7254 (96.6%)
      L_V_attractive_charged      = +0.2133 (0.4%)
      L_V_attractive_neutral      = +48.5122 (96.2%)
    L_V_repulsive       = +0.2611 (0.5%)
      L_V_repulsive_charged       = +0.1404 (0.3%)
      L_V_repulsive_neutral       = +0.1207 (0.2%)
    L_charged_cluster   = +0.0000 (0.0%)
  L_beta              = +0.7975 (1.6%)
    L_beta_noise        = +0.0000 (0.0%)
    L_beta_sig          = +0.1151 (0.2%)
    L_beta_suppress     = +0.0000 (0.0%)
    L_beta_track        = +0.6824 (1.4%)
      L_beta_norms_term   = -0.0306 (-0.1%)
      L_beta_logbeta_term = +0.1457 (0.3%)
  L_E   = +0.6414 (1.3%)
    L_E_charge = +0.0000 (0.0%)
    L_E_cond = +0.3624 (0.7%)
    L_E_cluster = +0.2789 (0.6%)
    L_E_w_photon   = +0.0000 (0.0%)
    L_E_w_charged_hadron   = +0.0000 (0.0%)
    L_E_w_neutral_hadron   = +0.0000 (0.0%)
    L_E_w_muon     = +0.0000 (0.0%)
    L_E_w_electron = +0.0000 (0.0%)
Returning 51.42538070678711
[rank 0] epoch=79 train_batch=2000/15625 loss=2.816878
[rank 0] epoch=79 train_batch=4000/15625 loss=2.922141
[rank 0] epoch=79 train_batch=6000/15625 loss=2.839913
[rank 0] epoch=79 train_batch=8000/15625 loss=2.833127
[rank 0] epoch=79 train_batch=10000/15625 loss=2.768816
[rank 0] epoch=79 train_batch=12000/15625 loss=2.763942
[rank 0] epoch=79 train_batch=14000/15625 loss=2.812316
Training epoch 79
[7.77227064e+00 3.30369595e-01 1.50434162e+01 7.88884521e-02
 1.27150151e+01 1.48433723e-05 1.68669521e+00 1.48924170e-02
 2.40533023e+00 7.84034843e-09 1.18815894e+00 2.79831777e+00
 1.73052259e+00 2.56880021e-01 3.24558207e-01 3.54464530e-01
 8.32036551e-01 8.25834313e-02 1.13576425e+00 2.71969656e-02
 6.70680029e-02 1.55723321e-02 2.33352177e-02 5.45575186e-09
 2.11456781e-02 1.93333798e-03 1.76026084e-02 4.05933240e-10
 3.76591220e-03 1.00935488e-02 1.45941742e-02 1.81525452e-03
 3.81032549e-03 4.02600115e-03 1.59118021e-02 1.58556421e-03
 4.02662327e-02 1.49754030e-03 1.79333984e-02 4.86916969e-03
 6.25872385e-04 2.55455177e-10 1.47669563e-03 8.07534999e-05
 1.93122379e-03 3.36405840e-10 7.96545432e-04 8.63221754e-04
 2.80459239e-03 3.46150356e-04 1.30859667e-03 1.44572189e-03
 4.68287434e-03 5.19899943e-04 1.26842498e-02 6.21492995e-04
 1.19827685e-02 3.43949445e-03 4.14332684e-10 1.48419886e-15
 5.93363109e-09 2.08592412e-10 4.36364339e-08 1.58038185e-15
 5.50981497e-09 5.14114253e-09 2.57713796e-08 2.47913530e-09
 1.77030731e-08 9.66405800e-09 8.13478844e-08 3.65570431e-09
 1.72462056e-07 9.06350595e-09 3.95098048e-07 3.80450130e-03
 1.53407112e-01 3.13801079e-03 3.91396645e-02 2.25580489e-02
 1.08758555e-01 5.95303562e-03 7.42140361e-02 2.38830576e-02
 1.67413309e-01 5.87911048e-03 9.84542791e-02 8.37255426e-02
 3.97281274e-01 2.57227831e-02 2.82621807e+00 4.49373609e-01
 1.45376517e+00 2.31497022e-01 1.19104066e+00 2.04295319e-01
 1.74166324e+00 2.72233938e+00]
train  L_V                   = +0.3535 (19.2%)
 train    L_V_attractive      = +0.2440 (13.3%)
 train      L_V_attractive_charged      = +0.1921 (10.4%)
 train      L_V_attractive_neutral      = +0.0519 (2.8%)
 train    L_V_repulsive       = +0.1095 (6.0%)
 train      L_V_repulsive_charged       = +0.0625 (3.4%)
 train      L_V_repulsive_neutral       = +0.0469 (2.6%)
 train    L_charged_cluster   = +0.0000 (0.0%)
 train  L_beta              = +0.8000 (43.5%)
 train    L_beta_noise        = +0.0000 (0.0%)
 train    L_beta_sig          = +0.1208 (6.6%)
 train    L_beta_suppress     = +0.0000 (0.0%)
 train    L_beta_track        = +0.6791 (36.9%)
 train      L_beta_norms_term   = -0.0255 (-1.4%)
 train      L_beta_logbeta_term = +0.1464 (8.0%)
 train  L_E   = +0.6856 (37.3%)
 train    L_E_charge = +0.0000 (0.0%)
 train    L_E_cond = +0.4073 (22.1%)
 train    L_E_cluster = +0.2784 (15.1%)
 train    L_E_w_photon   = +0.0000 (0.0%)
 train    L_E_w_charged_hadron   = +0.0000 (0.0%)
 train    L_E_w_neutral_hadron   = +0.0000 (0.0%)
 train    L_E_w_muon     = +0.0000 (0.0%)
 train    L_E_w_electron = +0.0000 (0.0%)
learning rate :  [0.00039890465297888624, 0.00039563061276672447, 0.000390213750433216, 0.00038271341425563806, 0.0003732117794866986, 0.00036181294802527074, 0.000348641807854205, 0.0003338426647414537, 0.00031757766119588004, 0.00030002500000000004, 0.0002813769917830063, 0.00026183794802527076, 0.00024162194257901096, 0.00022095046623036733, 0.00020005, 0.00017914953376963274, 0.00015847805742098906, 0.0001382620519747293, 0.00011872300821699378, 0.00010007500000000005, 8.252233880412002e-05, 6.625733525854636e-05, 5.1458192145795003e-05, 3.8287051974729284e-05, 2.688822051330148e-05, 1.7386585744361935e-05, 9.886249566784053e-06, 4.469387233275552e-06, 1.1953470211137557e-06, 1e-07, 0.0003990946109184883, 0.0003963866430176782, 0.0003919006200742188, 0.0003856771682065637, 0.00037777264795855195, 0.0003682586438895947, 0.00035722131629382036, 0.00034476062091910877, 0.0003309894037523598, 0.00031603237906876113, 0.00030002500000000004, 0.0002831122318497272, 0.00026544723926531853, 0.00024718999915511003, 0.00022850585191274341, 0.00020956400406895733, 0.00019053599593104275, 0.00017159414808725666, 0.00015291000084489, 0.00013465276073468155, 0.00011698776815027284, 0.00010007500000000005, 8.406762093123896e-05, 6.911059624764027e-05, 5.5339379080891216e-05, 4.287868370617969e-05, 3.18413561104053e-05, 2.2327352041448074e-05, 1.4422831793436292e-05, 8.199379925781274e-06, 3.713356982321794e-06, 1.0053890815117365e-06, 1e-07, 0.0003992796778340782, 0.0003971239012740243, 0.00039354820273935316, 0.0003885783452199438, 0.00038225013665310777, 0.0003746091719265796, 0.00036571050436630625, 0.000355618249075972, 0.00034440512098620716, 0.0003321519109418468, 0.0003189469036020421, 0.0003048852413472685, 0.00029006823877629376, 0.00027460265273217277, 0.00025859991311674626, 0.0002421753200356455, 0.0002254472130583884]
train loss :  2.839108943939209
test   L_V                   = +0.3718 (20.2%)
    L_V_attractive      = +0.2514 (13.7%)
      L_V_attractive_charged      = +0.1989 (10.8%)
      L_V_attractive_neutral      = +0.0525 (2.9%)
    L_V_repulsive       = +0.1203 (6.5%)
      L_V_repulsive_charged       = +0.0677 (3.7%)
      L_V_repulsive_neutral       = +0.0526 (2.9%)
    L_charged_cluster   = +0.0000 (0.0%)
  L_beta              = +0.8118 (44.1%)
    L_beta_noise        = +0.0000 (0.0%)
    L_beta_sig          = +0.1208 (6.6%)
    L_beta_suppress     = +0.0000 (0.0%)
    L_beta_track        = +0.6910 (37.5%)
      L_beta_norms_term   = -0.0260 (-1.4%)
      L_beta_logbeta_term = +0.1469 (8.0%)
  L_E   = +0.6577 (35.7%)
    L_E_charge = +0.0000 (0.0%)
    L_E_cond = +0.3846 (20.9%)
    L_E_cluster = +0.2731 (14.8%)
    L_E_w_photon   = +0.0000 (0.0%)
    L_E_w_charged_hadron   = +0.0000 (0.0%)
    L_E_w_neutral_hadron   = +0.0000 (0.0%)
    L_E_w_muon     = +0.0000 (0.0%)
    L_E_w_electron = +0.0000 (0.0%)
Returning 2.8413219451904297
[rank 0] epoch=80 train_batch=2000/15625 loss=2.854572
[rank 0] epoch=80 train_batch=4000/15625 loss=2.813604
[rank 0] epoch=80 train_batch=6000/15625 loss=2.850054
[rank 0] epoch=80 train_batch=8000/15625 loss=2.877598
[rank 0] epoch=80 train_batch=10000/15625 loss=2.802913
[rank 0] epoch=80 train_batch=12000/15625 loss=2.902135
[rank 0] epoch=80 train_batch=14000/15625 loss=2.843616
Training epoch 80
[6.34218175e+00 1.83318551e-01 9.80751985e+00 3.53555198e-02
 8.61923294e+00 6.61759085e-06 9.15915190e-01 6.67560411e-03
 1.71021225e+00 3.33547469e-09 9.81691306e-01 1.70866443e+00
 1.59070216e+00 1.58605804e-01 2.78581516e-01 2.20167827e-01
 7.88020138e-01 7.04694573e-02 1.04262329e+00 1.83502628e-02
 6.38576625e-02 1.04242521e-02 9.43192715e-03 1.89625460e-09
 1.04870176e-02 7.71302397e-04 8.27266631e-03 2.14335035e-10
 2.07176379e-03 3.22011091e-03 9.28620196e-03 1.07820226e-03
 3.43220441e-03 3.46257322e-03 1.37733084e-02 1.39609560e-03
 3.59656169e-02 7.77545336e-04 1.75102725e-02 4.08323417e-03
 1.93377984e-04 9.33485129e-11 6.70588006e-04 5.59623016e-05
 9.04829959e-04 1.08820866e-10 4.78229463e-04 6.10377665e-04
 1.62639010e-03 2.22606295e-04 8.80233890e-04 1.04943473e-03
 3.11493630e-03 3.74319203e-04 9.70547939e-03 4.77466535e-04
 1.00792647e-02 2.94825325e-03 1.37340876e-11 7.38692866e-17
 2.25363272e-11 5.04817039e-13 9.80739550e-11 1.02329663e-16
 6.61979607e-11 4.80303516e-11 2.97207327e-10 2.14469846e-11
 9.39127747e-11 3.89899323e-11 3.93772629e-10 1.52753458e-11
 8.81491965e-10 4.60949334e-11 5.85437813e-08 3.34698624e-03
 1.57534765e-01 2.54158779e-03 4.34975568e-02 2.38036266e-02
 1.11242443e-01 5.59372130e-03 7.99984240e-02 2.50606908e-02
 1.84384997e-01 6.49413651e-03 1.07076024e-01 8.52439697e-02
 4.21430143e-01 2.62759731e-02 2.92744865e+00 4.66063534e-01
 1.48642760e+00 2.40185260e-01 1.17608998e+00 2.09006375e-01
 1.71403803e+00 2.67200402e+00]
train  L_V                   = +0.3530 (19.2%)
 train    L_V_attractive      = +0.2443 (13.3%)
 train      L_V_attractive_charged      = +0.1925 (10.5%)
 train      L_V_attractive_neutral      = +0.0518 (2.8%)
 train    L_V_repulsive       = +0.1088 (5.9%)
 train      L_V_repulsive_charged       = +0.0621 (3.4%)
 train      L_V_repulsive_neutral       = +0.0467 (2.5%)
 train    L_charged_cluster   = +0.0000 (0.0%)
 train  L_beta              = +0.7980 (43.5%)
 train    L_beta_noise        = +0.0000 (0.0%)
 train    L_beta_sig          = +0.1193 (6.5%)
 train    L_beta_suppress     = +0.0000 (0.0%)
 train    L_beta_track        = +0.6787 (37.0%)
 train      L_beta_norms_term   = -0.0258 (-1.4%)
 train      L_beta_logbeta_term = +0.1450 (7.9%)
 train  L_E   = +0.6829 (37.2%)
 train    L_E_charge = +0.0000 (0.0%)
 train    L_E_cond = +0.4048 (22.1%)
 train    L_E_cluster = +0.2781 (15.2%)
 train    L_E_w_photon   = +0.0000 (0.0%)
 train    L_E_w_charged_hadron   = +0.0000 (0.0%)
 train    L_E_w_neutral_hadron   = +0.0000 (0.0%)
 train    L_E_w_muon     = +0.0000 (0.0%)
 train    L_E_w_electron = +0.0000 (0.0%)
learning rate :  [0.00039890465297888624, 0.00039563061276672447, 0.000390213750433216, 0.00038271341425563806, 0.0003732117794866986, 0.00036181294802527074, 0.000348641807854205, 0.0003338426647414537, 0.00031757766119588004, 0.00030002500000000004, 0.0002813769917830063, 0.00026183794802527076, 0.00024162194257901096, 0.00022095046623036733, 0.00020005, 0.00017914953376963274, 0.00015847805742098906, 0.0001382620519747293, 0.00011872300821699378, 0.00010007500000000005, 8.252233880412002e-05, 6.625733525854636e-05, 5.1458192145795003e-05, 3.8287051974729284e-05, 2.688822051330148e-05, 1.7386585744361935e-05, 9.886249566784053e-06, 4.469387233275552e-06, 1.1953470211137557e-06, 1e-07, 0.0003990946109184883, 0.0003963866430176782, 0.0003919006200742188, 0.0003856771682065637, 0.00037777264795855195, 0.0003682586438895947, 0.00035722131629382036, 0.00034476062091910877, 0.0003309894037523598, 0.00031603237906876113, 0.00030002500000000004, 0.0002831122318497272, 0.00026544723926531853, 0.00024718999915511003, 0.00022850585191274341, 0.00020956400406895733, 0.00019053599593104275, 0.00017159414808725666, 0.00015291000084489, 0.00013465276073468155, 0.00011698776815027284, 0.00010007500000000005, 8.406762093123896e-05, 6.911059624764027e-05, 5.5339379080891216e-05, 4.287868370617969e-05, 3.18413561104053e-05, 2.2327352041448074e-05, 1.4422831793436292e-05, 8.199379925781274e-06, 3.713356982321794e-06, 1.0053890815117365e-06, 1e-07, 0.0003992796778340782, 0.0003971239012740243, 0.00039354820273935316, 0.0003885783452199438, 0.00038225013665310777, 0.0003746091719265796, 0.00036571050436630625, 0.000355618249075972, 0.00034440512098620716, 0.0003321519109418468, 0.0003189469036020421, 0.0003048852413472685, 0.00029006823877629376, 0.00027460265273217277, 0.00025859991311674626, 0.0002421753200356455, 0.0002254472130583884, 0.00020853611857906987]
train loss :  2.833889961242676
test   L_V                   = +0.3457 (17.9%)
    L_V_attractive      = +0.2412 (12.5%)
      L_V_attractive_charged      = +0.1932 (10.0%)
      L_V_attractive_neutral      = +0.0480 (2.5%)
    L_V_repulsive       = +0.1045 (5.4%)
      L_V_repulsive_charged       = +0.0581 (3.0%)
      L_V_repulsive_neutral       = +0.0463 (2.4%)
    L_charged_cluster   = +0.0000 (0.0%)
  L_beta              = +0.8280 (43.0%)
    L_beta_noise        = +0.0000 (0.0%)
    L_beta_sig          = +0.1355 (7.0%)
    L_beta_suppress     = +0.0000 (0.0%)
    L_beta_track        = +0.6925 (35.9%)
      L_beta_norms_term   = -0.0233 (-1.2%)
      L_beta_logbeta_term = +0.1588 (8.2%)
  L_E   = +0.7532 (39.1%)
    L_E_charge = +0.0000 (0.0%)
    L_E_cond = +0.4737 (24.6%)
    L_E_cluster = +0.2795 (14.5%)
    L_E_w_photon   = +0.0000 (0.0%)
    L_E_w_charged_hadron   = +0.0000 (0.0%)
    L_E_w_neutral_hadron   = +0.0000 (0.0%)
    L_E_w_muon     = +0.0000 (0.0%)
    L_E_w_electron = +0.0000 (0.0%)
Returning 2.9268593788146973
[rank 0] epoch=81 train_batch=2000/15625 loss=2.832339
[rank 0] epoch=81 train_batch=4000/15625 loss=2.781993
[rank 0] epoch=81 train_batch=6000/15625 loss=2.742610
[rank 0] epoch=81 train_batch=8000/15625 loss=2.885908
[rank 0] epoch=81 train_batch=10000/15625 loss=2.773332
[rank 0] epoch=81 train_batch=12000/15625 loss=2.840023
[rank 0] epoch=81 train_batch=14000/15625 loss=2.855494
Training epoch 81
[4.65420650e+00 9.53666558e-02 6.03684190e+00 1.59567496e-02
 5.66047647e+00 4.84290915e-06 5.33490489e-01 3.63947766e-03
 1.45734669e+00 2.32359166e-09 8.10550600e-01 1.11720940e+00
 1.79235707e+00 1.20465089e-01 2.76940705e-01 1.79234293e-01
 8.26274312e-01 7.49045241e-02 1.00673232e+00 1.34577354e-02
 7.04706051e-02 7.03946407e-03 5.27339318e-03 1.07384828e-09
 9.96534430e-03 4.47081786e-04 9.19963573e-03 2.96907925e-10
 2.58980790e-03 2.86040417e-03 1.11446803e-02 1.20842833e-03
 4.28742568e-03 4.67848917e-03 1.71220811e-02 1.84450586e-03
 3.98022362e-02 5.52881618e-04 1.73041391e-02 3.45027701e-03
 1.67044934e-04 9.19760061e-11 8.15366202e-04 8.66748005e-05
 9.37549245e-04 9.34962366e-11 5.51014001e-04 9.27634705e-04
 2.15572152e-03 3.28698413e-04 1.23387517e-03 1.30513845e-03
 4.74555022e-03 5.56722656e-04 1.21604049e-02 4.98054578e-04
 9.13464864e-03 2.50576577e-03 6.98574616e-13 6.29699952e-18
 6.58065803e-13 1.52499327e-14 2.95066340e-12 9.65364642e-19
 7.79080452e-11 3.80015082e-11 2.89052907e-10 1.46842253e-11
 1.06414197e-10 4.45017719e-11 4.42566557e-10 1.84211373e-11
 9.92687766e-10 5.18081012e-11 4.85226166e-08 2.90418071e-03
 1.78303988e-01 2.14952394e-03 5.11329828e-02 2.53572442e-02
 1.25210557e-01 6.14421488e-03 8.95421755e-02 2.69148050e-02
 2.14609095e-01 7.32764561e-03 1.21092893e-01 9.11618516e-02
 4.70577215e-01 2.81557073e-02 3.13159148e+00 4.90062329e-01
 1.58304456e+00 2.51933223e-01 1.20939310e+00 2.12555906e-01
 1.77454295e+00 2.58806693e+00]
train  L_V                   = +0.3520 (19.3%)
 train    L_V_attractive      = +0.2445 (13.4%)
 train      L_V_attractive_charged      = +0.1925 (10.6%)
 train      L_V_attractive_neutral      = +0.0520 (2.9%)
 train    L_V_repulsive       = +0.1075 (5.9%)
 train      L_V_repulsive_charged       = +0.0611 (3.4%)
 train      L_V_repulsive_neutral       = +0.0464 (2.6%)
 train    L_charged_cluster   = +0.0000 (0.0%)
 train  L_beta              = +0.7931 (43.6%)
 train    L_beta_noise        = +0.0000 (0.0%)
 train    L_beta_sig          = +0.1150 (6.3%)
 train    L_beta_suppress     = +0.0000 (0.0%)
 train    L_beta_track        = +0.6781 (37.3%)
 train      L_beta_norms_term   = -0.0268 (-1.5%)
 train      L_beta_logbeta_term = +0.1418 (7.8%)
 train  L_E   = +0.6746 (37.1%)
 train    L_E_charge = +0.0000 (0.0%)
 train    L_E_cond = +0.3973 (21.8%)
 train    L_E_cluster = +0.2773 (15.2%)
 train    L_E_w_photon   = +0.0000 (0.0%)
 train    L_E_w_charged_hadron   = +0.0000 (0.0%)
 train    L_E_w_neutral_hadron   = +0.0000 (0.0%)
 train    L_E_w_muon     = +0.0000 (0.0%)
 train    L_E_w_electron = +0.0000 (0.0%)
learning rate :  [0.00039890465297888624, 0.00039563061276672447, 0.000390213750433216, 0.00038271341425563806, 0.0003732117794866986, 0.00036181294802527074, 0.000348641807854205, 0.0003338426647414537, 0.00031757766119588004, 0.00030002500000000004, 0.0002813769917830063, 0.00026183794802527076, 0.00024162194257901096, 0.00022095046623036733, 0.00020005, 0.00017914953376963274, 0.00015847805742098906, 0.0001382620519747293, 0.00011872300821699378, 0.00010007500000000005, 8.252233880412002e-05, 6.625733525854636e-05, 5.1458192145795003e-05, 3.8287051974729284e-05, 2.688822051330148e-05, 1.7386585744361935e-05, 9.886249566784053e-06, 4.469387233275552e-06, 1.1953470211137557e-06, 1e-07, 0.0003990946109184883, 0.0003963866430176782, 0.0003919006200742188, 0.0003856771682065637, 0.00037777264795855195, 0.0003682586438895947, 0.00035722131629382036, 0.00034476062091910877, 0.0003309894037523598, 0.00031603237906876113, 0.00030002500000000004, 0.0002831122318497272, 0.00026544723926531853, 0.00024718999915511003, 0.00022850585191274341, 0.00020956400406895733, 0.00019053599593104275, 0.00017159414808725666, 0.00015291000084489, 0.00013465276073468155, 0.00011698776815027284, 0.00010007500000000005, 8.406762093123896e-05, 6.911059624764027e-05, 5.5339379080891216e-05, 4.287868370617969e-05, 3.18413561104053e-05, 2.2327352041448074e-05, 1.4422831793436292e-05, 8.199379925781274e-06, 3.713356982321794e-06, 1.0053890815117365e-06, 1e-07, 0.0003992796778340782, 0.0003971239012740243, 0.00039354820273935316, 0.0003885783452199438, 0.00038225013665310777, 0.0003746091719265796, 0.00036571050436630625, 0.000355618249075972, 0.00034440512098620716, 0.0003321519109418468, 0.0003189469036020421, 0.0003048852413472685, 0.00029006823877629376, 0.00027460265273217277, 0.00025859991311674626, 0.0002421753200356455, 0.0002254472130583884, 0.00020853611857906987, 0.0001915638814209302]
train loss :  2.819779872894287
test   L_V                   = +0.4018 (19.9%)
    L_V_attractive      = +0.2734 (13.6%)
      L_V_attractive_charged      = +0.2184 (10.8%)
      L_V_attractive_neutral      = +0.0550 (2.7%)
    L_V_repulsive       = +0.1284 (6.4%)
      L_V_repulsive_charged       = +0.0713 (3.5%)
      L_V_repulsive_neutral       = +0.0571 (2.8%)
    L_charged_cluster   = +0.0000 (0.0%)
  L_beta              = +0.7910 (39.3%)
    L_beta_noise        = +0.0000 (0.0%)
    L_beta_sig          = +0.1058 (5.3%)
    L_beta_suppress     = +0.0000 (0.0%)
    L_beta_track        = +0.6852 (34.0%)
      L_beta_norms_term   = -0.0295 (-1.5%)
      L_beta_logbeta_term = +0.1353 (6.7%)
  L_E   = +0.8218 (40.8%)
    L_E_charge = +0.0000 (0.0%)
    L_E_cond = +0.5301 (26.3%)
    L_E_cluster = +0.2917 (14.5%)
    L_E_w_photon   = +0.0000 (0.0%)
    L_E_w_charged_hadron   = +0.0000 (0.0%)
    L_E_w_neutral_hadron   = +0.0000 (0.0%)
    L_E_w_muon     = +0.0000 (0.0%)
    L_E_w_electron = +0.0000 (0.0%)
Returning 3.014539957046509
[rank 0] epoch=82 train_batch=2000/15625 loss=2.844761
[rank 0] epoch=82 train_batch=4000/15625 loss=2.804520
[rank 0] epoch=82 train_batch=6000/15625 loss=2.730688
[rank 0] epoch=82 train_batch=8000/15625 loss=2.856575
[rank 0] epoch=82 train_batch=10000/15625 loss=2.818408
[rank 0] epoch=82 train_batch=12000/15625 loss=2.802932
[rank 0] epoch=82 train_batch=14000/15625 loss=2.808202
Training epoch 82
[4.71454435e+00 8.56834553e-02 6.10939649e+00 1.48116557e-02
 5.72263598e+00 4.37825371e-06 5.05297672e-01 3.43377033e-03
 1.36014537e+00 2.16662816e-09 8.01546528e-01 1.14540350e+00
 1.69931261e+00 1.25514674e-01 2.90065264e-01 1.90433954e-01
 8.47384708e-01 8.15640701e-02 1.05305078e+00 1.36593996e-02
 8.16328542e-02 7.55264834e-03 1.49705406e-02 1.45733218e-09
 1.35072116e-02 6.04294349e-04 1.23479009e-02 3.85150702e-10
 3.36237027e-03 3.81602141e-03 1.51010089e-02 1.64203494e-03
 4.85062338e-03 5.16577597e-03 1.92108088e-02 2.04823050e-03
 4.38212453e-02 5.50381533e-04 2.04215217e-02 3.60211198e-03
 2.03431384e-04 1.17027830e-10 1.31666294e-03 1.41919498e-04
 1.18545542e-03 1.14353794e-10 8.23251857e-04 1.41000152e-03
 3.28228725e-03 4.96950360e-04 1.73164268e-03 1.73180732e-03
 6.45269410e-03 7.49505169e-04 1.46844091e-02 5.62990547e-04
 9.63185369e-03 2.77490173e-03 2.61895804e-12 1.21670212e-17
 6.43648789e-12 9.13466046e-14 2.24622269e-11 8.47372211e-18
 9.73212104e-10 5.09942970e-10 4.03049156e-09 2.37209306e-10
 2.05008166e-09 1.07455954e-09 7.21197298e-09 4.00947631e-10
 3.50548605e-08 1.83192185e-09 6.24390242e-08 3.17417392e-03
 2.10870908e-01 2.24738817e-03 6.07375144e-02 2.85317598e-02
 1.46184752e-01 7.00044747e-03 9.93928604e-02 2.91318828e-02
 2.43961007e-01 8.18576511e-03 1.38857090e-01 9.81936011e-02
 5.23118828e-01 3.01808678e-02 3.36088197e+00 5.19949656e-01
 1.68862277e+00 2.65465987e-01 1.25380705e+00 2.16879932e-01
 1.77927515e+00 2.61560512e+00]
train  L_V                   = +0.3533 (19.4%)
 train    L_V_attractive      = +0.2449 (13.5%)
 train      L_V_attractive_charged      = +0.1928 (10.6%)
 train      L_V_attractive_neutral      = +0.0521 (2.9%)
 train    L_V_repulsive       = +0.1083 (6.0%)
 train      L_V_repulsive_charged       = +0.0616 (3.4%)
 train      L_V_repulsive_neutral       = +0.0468 (2.6%)
 train    L_charged_cluster   = +0.0000 (0.0%)
 train  L_beta              = +0.7925 (43.6%)
 train    L_beta_noise        = +0.0000 (0.0%)
 train    L_beta_sig          = +0.1146 (6.3%)
 train    L_beta_suppress     = +0.0000 (0.0%)
 train    L_beta_track        = +0.6779 (37.3%)
 train      L_beta_norms_term   = -0.0276 (-1.5%)
 train      L_beta_logbeta_term = +0.1423 (7.8%)
 train  L_E   = +0.6731 (37.0%)
 train    L_E_charge = +0.0000 (0.0%)
 train    L_E_cond = +0.3960 (21.8%)
 train    L_E_cluster = +0.2771 (15.2%)
 train    L_E_w_photon   = +0.0000 (0.0%)
 train    L_E_w_charged_hadron   = +0.0000 (0.0%)
 train    L_E_w_neutral_hadron   = +0.0000 (0.0%)
 train    L_E_w_muon     = +0.0000 (0.0%)
 train    L_E_w_electron = +0.0000 (0.0%)
learning rate :  [0.00039890465297888624, 0.00039563061276672447, 0.000390213750433216, 0.00038271341425563806, 0.0003732117794866986, 0.00036181294802527074, 0.000348641807854205, 0.0003338426647414537, 0.00031757766119588004, 0.00030002500000000004, 0.0002813769917830063, 0.00026183794802527076, 0.00024162194257901096, 0.00022095046623036733, 0.00020005, 0.00017914953376963274, 0.00015847805742098906, 0.0001382620519747293, 0.00011872300821699378, 0.00010007500000000005, 8.252233880412002e-05, 6.625733525854636e-05, 5.1458192145795003e-05, 3.8287051974729284e-05, 2.688822051330148e-05, 1.7386585744361935e-05, 9.886249566784053e-06, 4.469387233275552e-06, 1.1953470211137557e-06, 1e-07, 0.0003990946109184883, 0.0003963866430176782, 0.0003919006200742188, 0.0003856771682065637, 0.00037777264795855195, 0.0003682586438895947, 0.00035722131629382036, 0.00034476062091910877, 0.0003309894037523598, 0.00031603237906876113, 0.00030002500000000004, 0.0002831122318497272, 0.00026544723926531853, 0.00024718999915511003, 0.00022850585191274341, 0.00020956400406895733, 0.00019053599593104275, 0.00017159414808725666, 0.00015291000084489, 0.00013465276073468155, 0.00011698776815027284, 0.00010007500000000005, 8.406762093123896e-05, 6.911059624764027e-05, 5.5339379080891216e-05, 4.287868370617969e-05, 3.18413561104053e-05, 2.2327352041448074e-05, 1.4422831793436292e-05, 8.199379925781274e-06, 3.713356982321794e-06, 1.0053890815117365e-06, 1e-07, 0.0003992796778340782, 0.0003971239012740243, 0.00039354820273935316, 0.0003885783452199438, 0.00038225013665310777, 0.0003746091719265796, 0.00036571050436630625, 0.000355618249075972, 0.00034440512098620716, 0.0003321519109418468, 0.0003189469036020421, 0.0003048852413472685, 0.00029006823877629376, 0.00027460265273217277, 0.00025859991311674626, 0.0002421753200356455, 0.0002254472130583884, 0.00020853611857906987, 0.0001915638814209302, 0.00017465278694161161]
train loss :  2.818861961364746
test   L_V                   = +3.5214 (70.5%)
    L_V_attractive      = +3.4000 (68.0%)
      L_V_attractive_charged      = +3.3110 (66.2%)
      L_V_attractive_neutral      = +0.0890 (1.8%)
    L_V_repulsive       = +0.1215 (2.4%)
      L_V_repulsive_charged       = +0.0684 (1.4%)
      L_V_repulsive_neutral       = +0.0531 (1.1%)
    L_charged_cluster   = +0.0000 (0.0%)
  L_beta              = +0.8081 (16.2%)
    L_beta_noise        = +0.0000 (0.0%)
    L_beta_sig          = +0.1190 (2.4%)
    L_beta_suppress     = +0.0000 (0.0%)
    L_beta_track        = +0.6890 (13.8%)
      L_beta_norms_term   = -0.0277 (-0.6%)
      L_beta_logbeta_term = +0.1468 (2.9%)
  L_E   = +0.6682 (13.4%)
    L_E_charge = +0.0000 (0.0%)
    L_E_cond = +0.3965 (7.9%)
    L_E_cluster = +0.2717 (5.4%)
    L_E_w_photon   = +0.0000 (0.0%)
    L_E_w_charged_hadron   = +0.0000 (0.0%)
    L_E_w_neutral_hadron   = +0.0000 (0.0%)
    L_E_w_muon     = +0.0000 (0.0%)
    L_E_w_electron = +0.0000 (0.0%)
Returning 5.997715473175049
[rank 0] epoch=83 train_batch=2000/15625 loss=2.776174
[rank 0] epoch=83 train_batch=4000/15625 loss=2.781418
[rank 0] epoch=83 train_batch=6000/15625 loss=2.881207
[rank 0] epoch=83 train_batch=8000/15625 loss=2.918586
[rank 0] epoch=83 train_batch=10000/15625 loss=2.889021
[rank 0] epoch=83 train_batch=12000/15625 loss=2.752789
[rank 0] epoch=83 train_batch=14000/15625 loss=2.822010
Training epoch 83
[4.87575341e+00 8.95927188e-02 5.94012550e+00 1.53327984e-02
 5.66584990e+00 4.33780757e-06 5.30030608e-01 3.50524709e-03
 1.24400181e+00 1.99308427e-09 7.61926752e-01 1.05142660e+00
 1.63404699e+00 1.26861624e-01 3.04353590e-01 1.96898630e-01
 8.88828829e-01 8.90063925e-02 1.09516611e+00 1.27697150e-02
 8.71875930e-02 8.67575277e-03 7.14733652e-03 1.30801192e-09
 1.65768304e-02 6.26514780e-04 1.47229086e-02 4.61757949e-10
 4.04014040e-03 4.05952210e-03 1.95482842e-02 1.95728191e-03
 6.07407183e-03 6.41097078e-03 2.43187056e-02 2.64832407e-03
 5.37149697e-02 5.09051286e-04 2.19432147e-02 4.28286398e-03
 2.87482463e-04 1.57246984e-10 1.84115797e-03 1.27088015e-04
 1.43295781e-03 1.41358496e-10 1.32833092e-03 2.12106786e-03
 4.74218776e-03 7.05511111e-04 2.24616508e-03 2.30708172e-03
 8.42375452e-03 9.75329741e-04 1.69112137e-02 6.77597154e-04
 9.53852556e-03 3.35989883e-03 8.02833572e-11 3.22356170e-15
 2.83406286e-10 3.59449459e-12 6.59211002e-10 1.14058863e-16
 5.85444131e-09 6.47766696e-09 2.64445792e-08 2.16104852e-09
 2.09968199e-08 1.16620382e-08 9.90074635e-08 4.92011032e-09
 4.77569683e-07 2.48218391e-08 1.94785580e-07 3.76653526e-03
 2.33882762e-01 2.74787494e-03 7.11459414e-02 3.19783787e-02
 1.65947316e-01 8.10794427e-03 1.08834399e-01 3.15189097e-02
 2.71536603e-01 9.16867914e-03 1.57082531e-01 1.04982836e-01
 5.78048635e-01 3.19826380e-02 3.55396249e+00 5.43454087e-01
 1.77291145e+00 2.75175625e-01 1.27982734e+00 2.18178360e-01
 1.78364605e+00 2.58375471e+00]
train  L_V                   = +0.3538 (19.5%)
 train    L_V_attractive      = +0.2452 (13.5%)
 train      L_V_attractive_charged      = +0.1931 (10.6%)
 train      L_V_attractive_neutral      = +0.0521 (2.9%)
 train    L_V_repulsive       = +0.1086 (6.0%)
 train      L_V_repulsive_charged       = +0.0616 (3.4%)
 train      L_V_repulsive_neutral       = +0.0470 (2.6%)
 train    L_charged_cluster   = +0.0000 (0.0%)
 train  L_beta              = +0.7909 (43.6%)
 train    L_beta_noise        = +0.0000 (0.0%)
 train    L_beta_sig          = +0.1133 (6.2%)
 train    L_beta_suppress     = +0.0000 (0.0%)
 train    L_beta_track        = +0.6776 (37.3%)
 train      L_beta_norms_term   = -0.0286 (-1.6%)
 train      L_beta_logbeta_term = +0.1419 (7.8%)
 train  L_E   = +0.6701 (36.9%)
 train    L_E_charge = +0.0000 (0.0%)
 train    L_E_cond = +0.3933 (21.7%)
 train    L_E_cluster = +0.2768 (15.3%)
 train    L_E_w_photon   = +0.0000 (0.0%)
 train    L_E_w_charged_hadron   = +0.0000 (0.0%)
 train    L_E_w_neutral_hadron   = +0.0000 (0.0%)
 train    L_E_w_muon     = +0.0000 (0.0%)
 train    L_E_w_electron = +0.0000 (0.0%)
learning rate :  [0.00039890465297888624, 0.00039563061276672447, 0.000390213750433216, 0.00038271341425563806, 0.0003732117794866986, 0.00036181294802527074, 0.000348641807854205, 0.0003338426647414537, 0.00031757766119588004, 0.00030002500000000004, 0.0002813769917830063, 0.00026183794802527076, 0.00024162194257901096, 0.00022095046623036733, 0.00020005, 0.00017914953376963274, 0.00015847805742098906, 0.0001382620519747293, 0.00011872300821699378, 0.00010007500000000005, 8.252233880412002e-05, 6.625733525854636e-05, 5.1458192145795003e-05, 3.8287051974729284e-05, 2.688822051330148e-05, 1.7386585744361935e-05, 9.886249566784053e-06, 4.469387233275552e-06, 1.1953470211137557e-06, 1e-07, 0.0003990946109184883, 0.0003963866430176782, 0.0003919006200742188, 0.0003856771682065637, 0.00037777264795855195, 0.0003682586438895947, 0.00035722131629382036, 0.00034476062091910877, 0.0003309894037523598, 0.00031603237906876113, 0.00030002500000000004, 0.0002831122318497272, 0.00026544723926531853, 0.00024718999915511003, 0.00022850585191274341, 0.00020956400406895733, 0.00019053599593104275, 0.00017159414808725666, 0.00015291000084489, 0.00013465276073468155, 0.00011698776815027284, 0.00010007500000000005, 8.406762093123896e-05, 6.911059624764027e-05, 5.5339379080891216e-05, 4.287868370617969e-05, 3.18413561104053e-05, 2.2327352041448074e-05, 1.4422831793436292e-05, 8.199379925781274e-06, 3.713356982321794e-06, 1.0053890815117365e-06, 1e-07, 0.0003992796778340782, 0.0003971239012740243, 0.00039354820273935316, 0.0003885783452199438, 0.00038225013665310777, 0.0003746091719265796, 0.00036571050436630625, 0.000355618249075972, 0.00034440512098620716, 0.0003321519109418468, 0.0003189469036020421, 0.0003048852413472685, 0.00029006823877629376, 0.00027460265273217277, 0.00025859991311674626, 0.0002421753200356455, 0.0002254472130583884, 0.00020853611857906987, 0.0001915638814209302, 0.00017465278694161161, 0.00015792467996435458]
train loss :  2.814814567565918
test   L_V                   = +0.3477 (18.5%)
    L_V_attractive      = +0.2296 (12.2%)
      L_V_attractive_charged      = +0.1807 (9.6%)
      L_V_attractive_neutral      = +0.0489 (2.6%)
    L_V_repulsive       = +0.1181 (6.3%)
      L_V_repulsive_charged       = +0.0650 (3.5%)
      L_V_repulsive_neutral       = +0.0531 (2.8%)
    L_charged_cluster   = +0.0000 (0.0%)
  L_beta              = +0.8422 (44.8%)
    L_beta_noise        = +0.0000 (0.0%)
    L_beta_sig          = +0.1501 (8.0%)
    L_beta_suppress     = +0.0000 (0.0%)
    L_beta_track        = +0.6921 (36.8%)
      L_beta_norms_term   = -0.0242 (-1.3%)
      L_beta_logbeta_term = +0.1743 (9.3%)
  L_E   = +0.6902 (36.7%)
    L_E_charge = +0.0000 (0.0%)
    L_E_cond = +0.4145 (22.0%)
    L_E_cluster = +0.2758 (14.7%)
    L_E_w_photon   = +0.0000 (0.0%)
    L_E_w_charged_hadron   = +0.0000 (0.0%)
    L_E_w_neutral_hadron   = +0.0000 (0.0%)
    L_E_w_muon     = +0.0000 (0.0%)
    L_E_w_electron = +0.0000 (0.0%)
Returning 2.8801651000976562
[rank 0] epoch=84 train_batch=2000/15625 loss=2.825210
[rank 0] epoch=84 train_batch=4000/15625 loss=2.846174
[rank 0] epoch=84 train_batch=6000/15625 loss=2.787879
[rank 0] epoch=84 train_batch=8000/15625 loss=2.830096
[rank 0] epoch=84 train_batch=10000/15625 loss=2.758126
[rank 0] epoch=84 train_batch=12000/15625 loss=2.821149
[rank 0] epoch=84 train_batch=14000/15625 loss=2.793979
Training epoch 84
[4.97259915e+00 5.85916792e-02 6.11384556e+00 9.62233716e-03
 5.72470508e+00 3.76485066e-06 4.30047361e-01 2.73071326e-03
 1.33810043e+00 2.10190430e-09 7.88615228e-01 8.20413369e-01
 1.92078652e+00 1.10655912e-01 3.01232525e-01 1.80749597e-01
 9.66993891e-01 9.47675740e-02 1.13782554e+00 1.33474317e-02
 9.83848576e-02 9.19454493e-03 8.60150519e-03 1.24694317e-09
 1.85767682e-02 6.54509337e-04 1.64526488e-02 4.92813710e-10
 4.71998687e-03 4.76899052e-03 2.39236603e-02 2.31046386e-03
 7.02047156e-03 7.54133348e-03 2.90183806e-02 3.35739184e-03
 5.81641798e-02 5.34500783e-04 2.61661525e-02 4.62677920e-03
 3.78896305e-04 1.82244928e-10 2.35456874e-03 1.95535400e-04
 1.74425523e-03 1.48067563e-10 1.72751137e-03 3.08325644e-03
 6.23507966e-03 9.71329835e-04 2.84667643e-03 2.89569259e-03
 1.01070935e-02 1.17297579e-03 2.09277036e-02 7.93704457e-04
 9.41439419e-03 3.71730065e-03 1.79905463e-12 1.04802980e-17
 6.37899164e-13 3.39562522e-14 5.82312406e-12 1.65879159e-19
 5.52646446e-12 8.09006439e-12 3.03660416e-11 3.52808092e-12
 2.68196072e-11 1.12982162e-11 1.31779763e-10 5.03702695e-12
 4.42798850e-10 2.30028614e-11 6.86732429e-08 4.01224410e-03
 2.77000625e-01 3.01220427e-03 8.82481844e-02 3.47670639e-02
 1.92126272e-01 9.20844415e-03 1.25583377e-01 3.58408457e-02
 3.12273578e-01 1.05623400e-02 1.79662554e-01 1.18838871e-01
 6.63024849e-01 3.59162654e-02 3.68096932e+00 5.64317441e-01
 1.82947683e+00 2.82241685e-01 1.30688558e+00 2.20950006e-01
 1.73982585e+00 2.48794234e+00]
train  L_V                   = +0.3544 (19.6%)
 train    L_V_attractive      = +0.2457 (13.6%)
 train      L_V_attractive_charged      = +0.1936 (10.7%)
 train      L_V_attractive_neutral      = +0.0520 (2.9%)
 train    L_V_repulsive       = +0.1087 (6.0%)
 train      L_V_repulsive_charged       = +0.0614 (3.4%)
 train      L_V_repulsive_neutral       = +0.0473 (2.6%)
 train    L_charged_cluster   = +0.0000 (0.0%)
 train  L_beta              = +0.7896 (43.6%)
 train    L_beta_noise        = +0.0000 (0.0%)
 train    L_beta_sig          = +0.1122 (6.2%)
 train    L_beta_suppress     = +0.0000 (0.0%)
 train    L_beta_track        = +0.6774 (37.4%)
 train      L_beta_norms_term   = -0.0291 (-1.6%)
 train      L_beta_logbeta_term = +0.1413 (7.8%)
 train  L_E   = +0.6678 (36.9%)
 train    L_E_charge = +0.0000 (0.0%)
 train    L_E_cond = +0.3913 (21.6%)
 train    L_E_cluster = +0.2765 (15.3%)
 train    L_E_w_photon   = +0.0000 (0.0%)
 train    L_E_w_charged_hadron   = +0.0000 (0.0%)
 train    L_E_w_neutral_hadron   = +0.0000 (0.0%)
 train    L_E_w_muon     = +0.0000 (0.0%)
 train    L_E_w_electron = +0.0000 (0.0%)
learning rate :  [0.00039890465297888624, 0.00039563061276672447, 0.000390213750433216, 0.00038271341425563806, 0.0003732117794866986, 0.00036181294802527074, 0.000348641807854205, 0.0003338426647414537, 0.00031757766119588004, 0.00030002500000000004, 0.0002813769917830063, 0.00026183794802527076, 0.00024162194257901096, 0.00022095046623036733, 0.00020005, 0.00017914953376963274, 0.00015847805742098906, 0.0001382620519747293, 0.00011872300821699378, 0.00010007500000000005, 8.252233880412002e-05, 6.625733525854636e-05, 5.1458192145795003e-05, 3.8287051974729284e-05, 2.688822051330148e-05, 1.7386585744361935e-05, 9.886249566784053e-06, 4.469387233275552e-06, 1.1953470211137557e-06, 1e-07, 0.0003990946109184883, 0.0003963866430176782, 0.0003919006200742188, 0.0003856771682065637, 0.00037777264795855195, 0.0003682586438895947, 0.00035722131629382036, 0.00034476062091910877, 0.0003309894037523598, 0.00031603237906876113, 0.00030002500000000004, 0.0002831122318497272, 0.00026544723926531853, 0.00024718999915511003, 0.00022850585191274341, 0.00020956400406895733, 0.00019053599593104275, 0.00017159414808725666, 0.00015291000084489, 0.00013465276073468155, 0.00011698776815027284, 0.00010007500000000005, 8.406762093123896e-05, 6.911059624764027e-05, 5.5339379080891216e-05, 4.287868370617969e-05, 3.18413561104053e-05, 2.2327352041448074e-05, 1.4422831793436292e-05, 8.199379925781274e-06, 3.713356982321794e-06, 1.0053890815117365e-06, 1e-07, 0.0003992796778340782, 0.0003971239012740243, 0.00039354820273935316, 0.0003885783452199438, 0.00038225013665310777, 0.0003746091719265796, 0.00036571050436630625, 0.000355618249075972, 0.00034440512098620716, 0.0003321519109418468, 0.0003189469036020421, 0.0003048852413472685, 0.00029006823877629376, 0.00027460265273217277, 0.00025859991311674626, 0.0002421753200356455, 0.0002254472130583884, 0.00020853611857906987, 0.0001915638814209302, 0.00017465278694161161, 0.00015792467996435458, 0.00014150008688325376]
train loss :  2.8117117881774902
test   L_V                   = +0.5416 (25.1%)
    L_V_attractive      = +0.4039 (18.7%)
      L_V_attractive_charged      = +0.2055 (9.5%)
      L_V_attractive_neutral      = +0.1984 (9.2%)
    L_V_repulsive       = +0.1376 (6.4%)
      L_V_repulsive_charged       = +0.0780 (3.6%)
      L_V_repulsive_neutral       = +0.0596 (2.8%)
    L_charged_cluster   = +0.0000 (0.0%)
  L_beta              = +0.8223 (38.1%)
    L_beta_noise        = +0.0000 (0.0%)
    L_beta_sig          = +0.1387 (6.4%)
    L_beta_suppress     = +0.0000 (0.0%)
    L_beta_track        = +0.6836 (31.7%)
      L_beta_norms_term   = -0.0255 (-1.2%)
      L_beta_logbeta_term = +0.1642 (7.6%)
  L_E   = +0.7956 (36.8%)
    L_E_charge = +0.0000 (0.0%)
    L_E_cond = +0.5131 (23.8%)
    L_E_cluster = +0.2825 (13.1%)
    L_E_w_photon   = +0.0000 (0.0%)
    L_E_w_charged_hadron   = +0.0000 (0.0%)
    L_E_w_neutral_hadron   = +0.0000 (0.0%)
    L_E_w_muon     = +0.0000 (0.0%)
    L_E_w_electron = +0.0000 (0.0%)
Returning 3.1594576835632324
[rank 0] epoch=85 train_batch=2000/15625 loss=2.814438
[rank 0] epoch=85 train_batch=4000/15625 loss=2.767692
[rank 0] epoch=85 train_batch=6000/15625 loss=2.750662
[rank 0] epoch=85 train_batch=8000/15625 loss=2.800187
[rank 0] epoch=85 train_batch=10000/15625 loss=2.949738
[rank 0] epoch=85 train_batch=12000/15625 loss=2.788758
[rank 0] epoch=85 train_batch=14000/15625 loss=2.790323
Training epoch 85
[4.89708512e+00 1.09204957e-01 6.28504357e+00 2.78694280e-02
 5.50467871e+00 7.82201381e-06 7.38523123e-01 5.74578785e-03
 1.65114434e+00 4.01751691e-09 1.00762382e+00 9.49504148e-01
 2.21672444e+00 1.55028357e-01 3.61445912e-01 2.53068724e-01
 1.05502036e+00 1.09792895e-01 1.18469008e+00 1.56018427e-02
 1.06146705e-01 1.10568985e-02 1.19751054e-02 1.96821492e-09
 2.31480161e-02 9.35671764e-04 2.31643066e-02 5.84709786e-10
 7.20332905e-03 8.49784533e-03 3.48595436e-02 3.69136603e-03
 8.33250105e-03 9.06937373e-03 3.51185572e-02 4.10179441e-03
 7.05821200e-02 7.71719341e-04 3.08697642e-02 4.82991125e-03
 5.41159436e-04 2.21888768e-10 2.45129239e-03 1.15580203e-04
 2.08172149e-03 1.70241615e-10 2.10608589e-03 3.56937548e-03
 7.23653723e-03 1.13445605e-03 3.56445897e-03 3.43540763e-03
 1.17451561e-02 1.35384217e-03 2.33274927e-02 8.77256919e-04
 1.08407480e-02 3.86106618e-03 8.99356151e-11 3.68783577e-16
 4.53021567e-07 3.72810902e-09 7.46584355e-07 3.60647470e-15
 5.33198256e-07 1.62962014e-07 2.30449888e-06 7.17788075e-08
 9.65291831e-08 2.46488389e-08 3.02736109e-07 8.42954579e-09
 6.42542292e-07 3.34497745e-08 9.01079651e-07 4.07709222e-03
 3.03959413e-01 3.12637162e-03 9.62384831e-02 3.72842333e-02
 2.04299520e-01 1.00404051e-02 1.34261773e-01 3.92263906e-02
 3.35720394e-01 1.17374588e-02 1.90275628e-01 1.23738641e-01
 6.99640565e-01 3.72722197e-02 3.80616620e+00 5.82420559e-01
 1.86088642e+00 2.86693645e-01 1.30678713e+00 2.21458299e-01
 1.72333612e+00 2.45232083e+00]
train  L_V                   = +0.3558 (19.6%)
 train    L_V_attractive      = +0.2467 (13.6%)
 train      L_V_attractive_charged      = +0.1946 (10.7%)
 train      L_V_attractive_neutral      = +0.0521 (2.9%)
 train    L_V_repulsive       = +0.1091 (6.0%)
 train      L_V_repulsive_charged       = +0.0616 (3.4%)
 train      L_V_repulsive_neutral       = +0.0475 (2.6%)
 train    L_charged_cluster   = +0.0000 (0.0%)
 train  L_beta              = +0.7892 (43.6%)
 train    L_beta_noise        = +0.0000 (0.0%)
 train    L_beta_sig          = +0.1121 (6.2%)
 train    L_beta_suppress     = +0.0000 (0.0%)
 train    L_beta_track        = +0.6772 (37.4%)
 train      L_beta_norms_term   = -0.0293 (-1.6%)
 train      L_beta_logbeta_term = +0.1414 (7.8%)
 train  L_E   = +0.6658 (36.8%)
 train    L_E_charge = +0.0000 (0.0%)
 train    L_E_cond = +0.3896 (21.5%)
 train    L_E_cluster = +0.2763 (15.3%)
 train    L_E_w_photon   = +0.0000 (0.0%)
 train    L_E_w_charged_hadron   = +0.0000 (0.0%)
 train    L_E_w_neutral_hadron   = +0.0000 (0.0%)
 train    L_E_w_muon     = +0.0000 (0.0%)
 train    L_E_w_electron = +0.0000 (0.0%)
learning rate :  [0.00039890465297888624, 0.00039563061276672447, 0.000390213750433216, 0.00038271341425563806, 0.0003732117794866986, 0.00036181294802527074, 0.000348641807854205, 0.0003338426647414537, 0.00031757766119588004, 0.00030002500000000004, 0.0002813769917830063, 0.00026183794802527076, 0.00024162194257901096, 0.00022095046623036733, 0.00020005, 0.00017914953376963274, 0.00015847805742098906, 0.0001382620519747293, 0.00011872300821699378, 0.00010007500000000005, 8.252233880412002e-05, 6.625733525854636e-05, 5.1458192145795003e-05, 3.8287051974729284e-05, 2.688822051330148e-05, 1.7386585744361935e-05, 9.886249566784053e-06, 4.469387233275552e-06, 1.1953470211137557e-06, 1e-07, 0.0003990946109184883, 0.0003963866430176782, 0.0003919006200742188, 0.0003856771682065637, 0.00037777264795855195, 0.0003682586438895947, 0.00035722131629382036, 0.00034476062091910877, 0.0003309894037523598, 0.00031603237906876113, 0.00030002500000000004, 0.0002831122318497272, 0.00026544723926531853, 0.00024718999915511003, 0.00022850585191274341, 0.00020956400406895733, 0.00019053599593104275, 0.00017159414808725666, 0.00015291000084489, 0.00013465276073468155, 0.00011698776815027284, 0.00010007500000000005, 8.406762093123896e-05, 6.911059624764027e-05, 5.5339379080891216e-05, 4.287868370617969e-05, 3.18413561104053e-05, 2.2327352041448074e-05, 1.4422831793436292e-05, 8.199379925781274e-06, 3.713356982321794e-06, 1.0053890815117365e-06, 1e-07, 0.0003992796778340782, 0.0003971239012740243, 0.00039354820273935316, 0.0003885783452199438, 0.00038225013665310777, 0.0003746091719265796, 0.00036571050436630625, 0.000355618249075972, 0.00034440512098620716, 0.0003321519109418468, 0.0003189469036020421, 0.0003048852413472685, 0.00029006823877629376, 0.00027460265273217277, 0.00025859991311674626, 0.0002421753200356455, 0.0002254472130583884, 0.00020853611857906987, 0.0001915638814209302, 0.00017465278694161161, 0.00015792467996435458, 0.00014150008688325376, 0.0001254973472678273]
train loss :  2.8108298778533936
test   L_V                   = +117.8970 (98.8%)
    L_V_attractive      = +117.7640 (98.7%)
      L_V_attractive_charged      = +5.2385 (4.4%)
      L_V_attractive_neutral      = +112.5256 (94.3%)
    L_V_repulsive       = +0.1330 (0.1%)
      L_V_repulsive_charged       = +0.0716 (0.1%)
      L_V_repulsive_neutral       = +0.0614 (0.1%)
    L_charged_cluster   = +0.0000 (0.0%)
  L_beta              = +0.7996 (0.7%)
    L_beta_noise        = +0.0000 (0.0%)
    L_beta_sig          = +0.1110 (0.1%)
    L_beta_suppress     = +0.0000 (0.0%)
    L_beta_track        = +0.6886 (0.6%)
      L_beta_norms_term   = -0.0332 (-0.0%)
      L_beta_logbeta_term = +0.1442 (0.1%)
  L_E   = +0.6611 (0.6%)
    L_E_charge = +0.0000 (0.0%)
    L_E_cond = +0.3890 (0.3%)
    L_E_cluster = +0.2721 (0.2%)
    L_E_w_photon   = +0.0000 (0.0%)
    L_E_w_charged_hadron   = +0.0000 (0.0%)
    L_E_w_neutral_hadron   = +0.0000 (0.0%)
    L_E_w_muon     = +0.0000 (0.0%)
    L_E_w_electron = +0.0000 (0.0%)
Returning 120.35767364501953
[rank 0] epoch=86 train_batch=2000/15625 loss=2.810398
[rank 0] epoch=86 train_batch=4000/15625 loss=2.836900
[rank 0] epoch=86 train_batch=6000/15625 loss=2.792591
[rank 0] epoch=86 train_batch=8000/15625 loss=2.814374
[rank 0] epoch=86 train_batch=10000/15625 loss=2.814435
[rank 0] epoch=86 train_batch=12000/15625 loss=2.769538
[rank 0] epoch=86 train_batch=14000/15625 loss=2.725029
Training epoch 86
[5.34544585e+00 1.53246777e-01 7.99185709e+00 3.71217120e-02
 6.97701512e+00 1.40235396e-05 1.05785252e+00 8.72990323e-03
 2.40506757e+00 5.40525445e-09 1.59137240e+00 1.81389301e+00
 2.64972109e+00 2.54723241e-01 4.51461482e-01 3.80103262e-01
 1.15020924e+00 1.25117857e-01 1.34447070e+00 2.23138499e-02
 1.20571939e-01 1.93801963e-02 4.53951214e-02 3.28795805e-09
 3.21486328e-02 1.88642529e-03 3.36053046e-02 6.97207611e-10
 9.52538479e-03 1.27503220e-02 4.63616235e-02 4.85464049e-03
 9.68070952e-03 1.04066601e-02 3.92877588e-02 4.67125558e-03
 8.00096771e-02 1.10258167e-03 3.52281421e-02 8.18020206e-03
 7.25822743e-04 2.69785106e-10 2.49350081e-03 8.50221241e-05
 2.33225932e-03 1.86925656e-10 2.24600243e-03 3.73123700e-03
 7.47651366e-03 1.15577905e-03 3.94787414e-03 4.00295403e-03
 1.29183929e-02 1.48174016e-03 2.64531064e-02 1.07229697e-03
 1.10056971e-02 5.41695348e-03 1.15651272e-07 7.26776909e-13
 7.30288538e-07 8.17196302e-09 1.59245221e-06 5.03402164e-14
 2.35353679e-07 3.04935535e-07 1.14415171e-06 1.33155722e-07
 5.15263856e-07 1.57223689e-07 2.04084816e-06 6.00998938e-08
 5.26002511e-06 2.72147063e-07 1.18393388e-05 5.50358751e-03
 3.49315223e-01 4.93005086e-03 1.12432943e-01 3.97700696e-02
 2.25379975e-01 1.09752972e-02 1.43410505e-01 4.18528807e-02
 3.55208642e-01 1.26112251e-02 2.05002091e-01 1.33625473e-01
 7.51278971e-01 3.99323490e-02 3.93856750e+00 5.95257674e-01
 1.90814847e+00 2.89799942e-01 1.32969878e+00 2.21654397e-01
 1.65564955e+00 2.34953784e+00]
train  L_V                   = +0.3568 (19.7%)
 train    L_V_attractive      = +0.2472 (13.6%)
 train      L_V_attractive_charged      = +0.1951 (10.8%)
 train      L_V_attractive_neutral      = +0.0521 (2.9%)
 train    L_V_repulsive       = +0.1096 (6.0%)
 train      L_V_repulsive_charged       = +0.0619 (3.4%)
 train      L_V_repulsive_neutral       = +0.0477 (2.6%)
 train    L_charged_cluster   = +0.0000 (0.0%)
 train  L_beta              = +0.7896 (43.6%)
 train    L_beta_noise        = +0.0000 (0.0%)
 train    L_beta_sig          = +0.1125 (6.2%)
 train    L_beta_suppress     = +0.0000 (0.0%)
 train    L_beta_track        = +0.6771 (37.4%)
 train      L_beta_norms_term   = -0.0293 (-1.6%)
 train      L_beta_logbeta_term = +0.1418 (7.8%)
 train  L_E   = +0.6657 (36.7%)
 train    L_E_charge = +0.0000 (0.0%)
 train    L_E_cond = +0.3894 (21.5%)
 train    L_E_cluster = +0.2763 (15.2%)
 train    L_E_w_photon   = +0.0000 (0.0%)
 train    L_E_w_charged_hadron   = +0.0000 (0.0%)
 train    L_E_w_neutral_hadron   = +0.0000 (0.0%)
 train    L_E_w_muon     = +0.0000 (0.0%)
 train    L_E_w_electron = +0.0000 (0.0%)
learning rate :  [0.00039890465297888624, 0.00039563061276672447, 0.000390213750433216, 0.00038271341425563806, 0.0003732117794866986, 0.00036181294802527074, 0.000348641807854205, 0.0003338426647414537, 0.00031757766119588004, 0.00030002500000000004, 0.0002813769917830063, 0.00026183794802527076, 0.00024162194257901096, 0.00022095046623036733, 0.00020005, 0.00017914953376963274, 0.00015847805742098906, 0.0001382620519747293, 0.00011872300821699378, 0.00010007500000000005, 8.252233880412002e-05, 6.625733525854636e-05, 5.1458192145795003e-05, 3.8287051974729284e-05, 2.688822051330148e-05, 1.7386585744361935e-05, 9.886249566784053e-06, 4.469387233275552e-06, 1.1953470211137557e-06, 1e-07, 0.0003990946109184883, 0.0003963866430176782, 0.0003919006200742188, 0.0003856771682065637, 0.00037777264795855195, 0.0003682586438895947, 0.00035722131629382036, 0.00034476062091910877, 0.0003309894037523598, 0.00031603237906876113, 0.00030002500000000004, 0.0002831122318497272, 0.00026544723926531853, 0.00024718999915511003, 0.00022850585191274341, 0.00020956400406895733, 0.00019053599593104275, 0.00017159414808725666, 0.00015291000084489, 0.00013465276073468155, 0.00011698776815027284, 0.00010007500000000005, 8.406762093123896e-05, 6.911059624764027e-05, 5.5339379080891216e-05, 4.287868370617969e-05, 3.18413561104053e-05, 2.2327352041448074e-05, 1.4422831793436292e-05, 8.199379925781274e-06, 3.713356982321794e-06, 1.0053890815117365e-06, 1e-07, 0.0003992796778340782, 0.0003971239012740243, 0.00039354820273935316, 0.0003885783452199438, 0.00038225013665310777, 0.0003746091719265796, 0.00036571050436630625, 0.000355618249075972, 0.00034440512098620716, 0.0003321519109418468, 0.0003189469036020421, 0.0003048852413472685, 0.00029006823877629376, 0.00027460265273217277, 0.00025859991311674626, 0.0002421753200356455, 0.0002254472130583884, 0.00020853611857906987, 0.0001915638814209302, 0.00017465278694161161, 0.00015792467996435458, 0.00014150008688325376, 0.0001254973472678273, 0.0001100317612237062]
train loss :  2.8121466636657715
test   L_V                   = +0.8920 (34.9%)
    L_V_attractive      = +0.7995 (31.3%)
      L_V_attractive_charged      = +0.3087 (12.1%)
      L_V_attractive_neutral      = +0.4908 (19.2%)
    L_V_repulsive       = +0.0925 (3.6%)
      L_V_repulsive_charged       = +0.0509 (2.0%)
      L_V_repulsive_neutral       = +0.0416 (1.6%)
    L_charged_cluster   = +0.0000 (0.0%)
  L_beta              = +0.8168 (32.0%)
    L_beta_noise        = +0.0000 (0.0%)
    L_beta_sig          = +0.1225 (4.8%)
    L_beta_suppress     = +0.0000 (0.0%)
    L_beta_track        = +0.6943 (27.2%)
      L_beta_norms_term   = -0.0237 (-0.9%)
      L_beta_logbeta_term = +0.1462 (5.7%)
  L_E   = +0.8461 (33.1%)
    L_E_charge = +0.0000 (0.0%)
    L_E_cond = +0.5530 (21.6%)
    L_E_cluster = +0.2931 (11.5%)
    L_E_w_photon   = +0.0000 (0.0%)
    L_E_w_charged_hadron   = +0.0000 (0.0%)
    L_E_w_neutral_hadron   = +0.0000 (0.0%)
    L_E_w_muon     = +0.0000 (0.0%)
    L_E_w_electron = +0.0000 (0.0%)
Returning 3.554825782775879
[rank 0] epoch=87 train_batch=2000/15625 loss=2.843398
[rank 0] epoch=87 train_batch=4000/15625 loss=2.739385
[rank 0] epoch=87 train_batch=6000/15625 loss=2.816906
[rank 0] epoch=87 train_batch=8000/15625 loss=2.786152
[rank 0] epoch=87 train_batch=10000/15625 loss=2.897038
[rank 0] epoch=87 train_batch=12000/15625 loss=2.745833
[rank 0] epoch=87 train_batch=14000/15625 loss=2.810295
Training epoch 87
[6.63626626e+00 2.02024406e-01 1.07706913e+01 5.05707751e-02
 9.18414373e+00 1.63451520e-05 1.30391907e+00 1.05631349e-02
 2.70861859e+00 6.57193036e-09 1.64956306e+00 1.69523637e+00
 3.01313218e+00 2.29503163e-01 4.52192240e-01 3.66570629e-01
 1.28893238e+00 1.42847395e-01 1.44211315e+00 3.56136493e-02
 1.36010266e-01 2.74374974e-02 4.19265003e-02 3.67433421e-09
 5.04858186e-02 3.06016016e-03 5.12238560e-02 1.50607697e-09
 1.72090351e-02 2.26966400e-02 6.91242797e-02 7.88256616e-03
 1.51553809e-02 1.75071952e-02 5.49039022e-02 6.27637040e-03
 1.07651681e-01 2.89029614e-03 4.93341422e-02 1.59100056e-02
 5.70324435e-04 3.24387458e-10 2.86900824e-03 1.12283690e-04
 3.17750027e-03 2.99383963e-10 2.40953554e-03 4.18959893e-03
 9.45531300e-03 1.49498617e-03 6.60883593e-03 7.71493924e-03
 2.01614879e-02 2.37231691e-03 3.94291917e-02 1.86765508e-03
 1.46624563e-02 1.27353980e-02 3.03365822e-07 4.25516973e-13
 1.78375909e-05 5.68410462e-07 1.07464183e-04 5.84181554e-13
 6.35586696e-06 3.26530507e-06 3.11444323e-05 1.69356746e-06
 6.30002542e-06 1.52162053e-06 1.71559598e-05 4.64020475e-07
 3.53601541e-05 1.83042272e-06 2.53852538e-05 1.24576813e-02
 4.32811743e-01 7.41381203e-03 1.34127713e-01 4.99608541e-02
 2.65070737e-01 1.34911081e-02 1.56783014e-01 4.80386737e-02
 3.76172444e-01 1.38706094e-02 2.16045577e-01 1.42299526e-01
 7.90547541e-01 4.22235160e-02 3.92865998e+00 5.97329984e-01
 1.90039600e+00 2.87712594e-01 1.32263949e+00 2.19394171e-01
 1.55117087e+00 2.22203817e+00]
train  L_V                   = +0.3580 (19.7%)
 train    L_V_attractive      = +0.2478 (13.6%)
 train      L_V_attractive_charged      = +0.1957 (10.8%)
 train      L_V_attractive_neutral      = +0.0521 (2.9%)
 train    L_V_repulsive       = +0.1102 (6.1%)
 train      L_V_repulsive_charged       = +0.0623 (3.4%)
 train      L_V_repulsive_neutral       = +0.0480 (2.6%)
 train    L_charged_cluster   = +0.0000 (0.0%)
 train  L_beta              = +0.7919 (43.6%)
 train    L_beta_noise        = +0.0000 (0.0%)
 train    L_beta_sig          = +0.1143 (6.3%)
 train    L_beta_suppress     = +0.0000 (0.0%)
 train    L_beta_track        = +0.6775 (37.3%)
 train      L_beta_norms_term   = -0.0287 (-1.6%)
 train      L_beta_logbeta_term = +0.1430 (7.9%)
 train  L_E   = +0.6679 (36.7%)
 train    L_E_charge = +0.0000 (0.0%)
 train    L_E_cond = +0.3912 (21.5%)
 train    L_E_cluster = +0.2767 (15.2%)
 train    L_E_w_photon   = +0.0000 (0.0%)
 train    L_E_w_charged_hadron   = +0.0000 (0.0%)
 train    L_E_w_neutral_hadron   = +0.0000 (0.0%)
 train    L_E_w_muon     = +0.0000 (0.0%)
 train    L_E_w_electron = +0.0000 (0.0%)
learning rate :  [0.00039890465297888624, 0.00039563061276672447, 0.000390213750433216, 0.00038271341425563806, 0.0003732117794866986, 0.00036181294802527074, 0.000348641807854205, 0.0003338426647414537, 0.00031757766119588004, 0.00030002500000000004, 0.0002813769917830063, 0.00026183794802527076, 0.00024162194257901096, 0.00022095046623036733, 0.00020005, 0.00017914953376963274, 0.00015847805742098906, 0.0001382620519747293, 0.00011872300821699378, 0.00010007500000000005, 8.252233880412002e-05, 6.625733525854636e-05, 5.1458192145795003e-05, 3.8287051974729284e-05, 2.688822051330148e-05, 1.7386585744361935e-05, 9.886249566784053e-06, 4.469387233275552e-06, 1.1953470211137557e-06, 1e-07, 0.0003990946109184883, 0.0003963866430176782, 0.0003919006200742188, 0.0003856771682065637, 0.00037777264795855195, 0.0003682586438895947, 0.00035722131629382036, 0.00034476062091910877, 0.0003309894037523598, 0.00031603237906876113, 0.00030002500000000004, 0.0002831122318497272, 0.00026544723926531853, 0.00024718999915511003, 0.00022850585191274341, 0.00020956400406895733, 0.00019053599593104275, 0.00017159414808725666, 0.00015291000084489, 0.00013465276073468155, 0.00011698776815027284, 0.00010007500000000005, 8.406762093123896e-05, 6.911059624764027e-05, 5.5339379080891216e-05, 4.287868370617969e-05, 3.18413561104053e-05, 2.2327352041448074e-05, 1.4422831793436292e-05, 8.199379925781274e-06, 3.713356982321794e-06, 1.0053890815117365e-06, 1e-07, 0.0003992796778340782, 0.0003971239012740243, 0.00039354820273935316, 0.0003885783452199438, 0.00038225013665310777, 0.0003746091719265796, 0.00036571050436630625, 0.000355618249075972, 0.00034440512098620716, 0.0003321519109418468, 0.0003189469036020421, 0.0003048852413472685, 0.00029006823877629376, 0.00027460265273217277, 0.00025859991311674626, 0.0002421753200356455, 0.0002254472130583884, 0.00020853611857906987, 0.0001915638814209302, 0.00017465278694161161, 0.00015792467996435458, 0.00014150008688325376, 0.0001254973472678273, 0.0001100317612237062, 9.521475865273155e-05]
train loss :  2.8177361488342285
test   L_V                   = +172.9991 (99.0%)
    L_V_attractive      = +172.8748 (98.9%)
      L_V_attractive_charged      = +54.9016 (31.4%)
      L_V_attractive_neutral      = +117.9731 (67.5%)
    L_V_repulsive       = +0.1242 (0.1%)
      L_V_repulsive_charged       = +0.0692 (0.0%)
      L_V_repulsive_neutral       = +0.0549 (0.0%)
    L_charged_cluster   = +0.0000 (0.0%)
  L_beta              = +0.8267 (0.5%)
    L_beta_noise        = +0.0000 (0.0%)
    L_beta_sig          = +0.1391 (0.1%)
    L_beta_suppress     = +0.0000 (0.0%)
    L_beta_track        = +0.6876 (0.4%)
      L_beta_norms_term   = -0.0218 (-0.0%)
      L_beta_logbeta_term = +0.1609 (0.1%)
  L_E   = +0.9637 (0.6%)
    L_E_charge = +0.0000 (0.0%)
    L_E_cond = +0.6630 (0.4%)
    L_E_cluster = +0.3007 (0.2%)
    L_E_w_photon   = +0.0000 (0.0%)
    L_E_w_charged_hadron   = +0.0000 (0.0%)
    L_E_w_neutral_hadron   = +0.0000 (0.0%)
    L_E_w_muon     = +0.0000 (0.0%)
    L_E_w_electron = +0.0000 (0.0%)
Returning 175.7894287109375
[rank 0] epoch=88 train_batch=2000/15625 loss=2.927294
[rank 0] epoch=88 train_batch=4000/15625 loss=2.773003
[rank 0] epoch=88 train_batch=6000/15625 loss=2.768070
[rank 0] epoch=88 train_batch=8000/15625 loss=2.765245
[rank 0] epoch=88 train_batch=10000/15625 loss=2.814199
[rank 0] epoch=88 train_batch=12000/15625 loss=2.771671
[rank 0] epoch=88 train_batch=14000/15625 loss=2.816549
Training epoch 88
[7.32996146e+00 2.31585565e-01 1.25595982e+01 6.39081229e-02
 1.06052400e+01 2.12755670e-05 1.49908845e+00 1.26117168e-02
 2.65183975e+00 8.25857696e-09 1.54548831e+00 1.41007687e+00
 3.17672146e+00 2.21831691e-01 4.55992405e-01 3.47660126e-01
 1.28938508e+00 1.40619191e-01 1.48831693e+00 3.21670378e-02
 1.35413256e-01 1.92943614e-02 2.31012681e-02 5.03335836e-09
 4.64053222e-02 1.71491675e-03 5.14681279e-02 1.30327166e-09
 1.82930183e-02 2.19598459e-02 7.97749456e-02 8.73398533e-03
 1.60044545e-02 1.75260621e-02 5.90201540e-02 6.68470430e-03
 1.06936871e-01 2.47241162e-03 4.70266444e-02 9.87899309e-03
 2.01083547e-03 8.36811157e-10 7.32903263e-03 3.01529349e-04
 7.69955702e-03 4.11235191e-10 4.58925308e-03 6.65036733e-03
 1.84326558e-02 2.53353318e-03 7.13018782e-03 8.10527140e-03
 2.50847514e-02 2.92086000e-03 3.35060729e-02 1.17163720e-03
 1.33832837e-02 6.21848241e-03 8.28337427e-05 4.61802869e-09
 2.41442102e-04 8.38000540e-07 1.54209856e-04 1.46284242e-07
 4.42071925e-05 3.72875401e-05 2.47481195e-04 1.60030949e-05
 1.96342760e-05 6.88510870e-06 1.96079054e-04 2.47795583e-06
 1.57275635e-04 8.56024410e-06 5.35063503e-06 5.82902730e-03
 4.05153931e-01 5.31330505e-03 1.44856114e-01 4.37278990e-02
 2.59388408e-01 1.25310676e-02 1.64096062e-01 4.68127675e-02
 3.87855969e-01 1.38590893e-02 2.26069194e-01 1.46614164e-01
 8.33634445e-01 4.34790718e-02 3.90710140e+00 5.93561910e-01
 1.87283746e+00 2.83144036e-01 1.30050160e+00 2.14029616e-01
 1.49146576e+00 2.10906995e+00]
train  L_V                   = +0.3576 (19.7%)
 train    L_V_attractive      = +0.2477 (13.7%)
 train      L_V_attractive_charged      = +0.1956 (10.8%)
 train      L_V_attractive_neutral      = +0.0522 (2.9%)
 train    L_V_repulsive       = +0.1099 (6.1%)
 train      L_V_repulsive_charged       = +0.0621 (3.4%)
 train      L_V_repulsive_neutral       = +0.0478 (2.6%)
 train    L_charged_cluster   = +0.0000 (0.0%)
 train  L_beta              = +0.7910 (43.6%)
 train    L_beta_noise        = +0.0000 (0.0%)
 train    L_beta_sig          = +0.1138 (6.3%)
 train    L_beta_suppress     = +0.0000 (0.0%)
 train    L_beta_track        = +0.6772 (37.3%)
 train      L_beta_norms_term   = -0.0289 (-1.6%)
 train      L_beta_logbeta_term = +0.1426 (7.9%)
 train  L_E   = +0.6659 (36.7%)
 train    L_E_charge = +0.0000 (0.0%)
 train    L_E_cond = +0.3896 (21.5%)
 train    L_E_cluster = +0.2763 (15.2%)
 train    L_E_w_photon   = +0.0000 (0.0%)
 train    L_E_w_charged_hadron   = +0.0000 (0.0%)
 train    L_E_w_neutral_hadron   = +0.0000 (0.0%)
 train    L_E_w_muon     = +0.0000 (0.0%)
 train    L_E_w_electron = +0.0000 (0.0%)
learning rate :  [0.00039890465297888624, 0.00039563061276672447, 0.000390213750433216, 0.00038271341425563806, 0.0003732117794866986, 0.00036181294802527074, 0.000348641807854205, 0.0003338426647414537, 0.00031757766119588004, 0.00030002500000000004, 0.0002813769917830063, 0.00026183794802527076, 0.00024162194257901096, 0.00022095046623036733, 0.00020005, 0.00017914953376963274, 0.00015847805742098906, 0.0001382620519747293, 0.00011872300821699378, 0.00010007500000000005, 8.252233880412002e-05, 6.625733525854636e-05, 5.1458192145795003e-05, 3.8287051974729284e-05, 2.688822051330148e-05, 1.7386585744361935e-05, 9.886249566784053e-06, 4.469387233275552e-06, 1.1953470211137557e-06, 1e-07, 0.0003990946109184883, 0.0003963866430176782, 0.0003919006200742188, 0.0003856771682065637, 0.00037777264795855195, 0.0003682586438895947, 0.00035722131629382036, 0.00034476062091910877, 0.0003309894037523598, 0.00031603237906876113, 0.00030002500000000004, 0.0002831122318497272, 0.00026544723926531853, 0.00024718999915511003, 0.00022850585191274341, 0.00020956400406895733, 0.00019053599593104275, 0.00017159414808725666, 0.00015291000084489, 0.00013465276073468155, 0.00011698776815027284, 0.00010007500000000005, 8.406762093123896e-05, 6.911059624764027e-05, 5.5339379080891216e-05, 4.287868370617969e-05, 3.18413561104053e-05, 2.2327352041448074e-05, 1.4422831793436292e-05, 8.199379925781274e-06, 3.713356982321794e-06, 1.0053890815117365e-06, 1e-07, 0.0003992796778340782, 0.0003971239012740243, 0.00039354820273935316, 0.0003885783452199438, 0.00038225013665310777, 0.0003746091719265796, 0.00036571050436630625, 0.000355618249075972, 0.00034440512098620716, 0.0003321519109418468, 0.0003189469036020421, 0.0003048852413472685, 0.00029006823877629376, 0.00027460265273217277, 0.00025859991311674626, 0.0002421753200356455, 0.0002254472130583884, 0.00020853611857906987, 0.0001915638814209302, 0.00017465278694161161, 0.00015792467996435458, 0.00014150008688325376, 0.0001254973472678273, 0.0001100317612237062, 9.521475865273155e-05, 8.115309639795791e-05]
train loss :  2.8145461082458496
test   L_V                   = +6780.1797 (100.0%)
    L_V_attractive      = +6780.0859 (100.0%)
      L_V_attractive_charged      = +4388.0034 (64.7%)
      L_V_attractive_neutral      = +2392.0835 (35.3%)
    L_V_repulsive       = +0.1077 (0.0%)
      L_V_repulsive_charged       = +0.0600 (0.0%)
      L_V_repulsive_neutral       = +0.0476 (0.0%)
    L_charged_cluster   = +0.0000 (0.0%)
  L_beta              = +0.8058 (0.0%)
    L_beta_noise        = +0.0000 (0.0%)
    L_beta_sig          = +0.1158 (0.0%)
    L_beta_suppress     = +0.0000 (0.0%)
    L_beta_track        = +0.6900 (0.0%)
      L_beta_norms_term   = -0.0277 (-0.0%)
      L_beta_logbeta_term = +0.1435 (0.0%)
  L_E   = +0.7457 (0.0%)
    L_E_charge = +0.0000 (0.0%)
    L_E_cond = +0.4688 (0.0%)
    L_E_cluster = +0.2770 (0.0%)
    L_E_w_photon   = +0.0000 (0.0%)
    L_E_w_charged_hadron   = +0.0000 (0.0%)
    L_E_w_neutral_hadron   = +0.0000 (0.0%)
    L_E_w_muon     = +0.0000 (0.0%)
    L_E_w_electron = +0.0000 (0.0%)
Returning 6782.73095703125
[rank 0] epoch=89 train_batch=2000/15625 loss=2.848100
[rank 0] epoch=89 train_batch=4000/15625 loss=2.790550
[rank 0] epoch=89 train_batch=6000/15625 loss=2.809598
[rank 0] epoch=89 train_batch=8000/15625 loss=2.746000
[rank 0] epoch=89 train_batch=10000/15625 loss=2.807405
[rank 0] epoch=89 train_batch=12000/15625 loss=2.916651
[rank 0] epoch=89 train_batch=14000/15625 loss=2.804737
Training epoch 89
[8.00226973e+00 2.35249575e-01 1.38941528e+01 6.13295093e-02
 1.20630497e+01 2.26295529e-05 1.49381915e+00 1.20133564e-02
 2.63684210e+00 7.64121465e-09 1.53622050e+00 1.37549769e+00
 3.30820302e+00 2.12701217e-01 4.72117319e-01 3.43443837e-01
 1.30220176e+00 1.42975356e-01 1.36739775e+00 2.35129036e-02
 1.36626695e-01 1.59564289e-02 2.46403856e-02 2.21187906e-09
 5.23325316e-02 1.11218769e-03 5.92249183e-02 9.64833599e-10
 2.23727710e-02 2.70358882e-02 1.07486449e-01 1.11538245e-02
 1.27319312e-02 1.28032730e-02 5.12306142e-02 5.72871745e-03
 9.04796143e-02 1.15464517e-03 4.76116200e-02 8.29867539e-03
 8.34932164e-04 2.70592809e-10 3.28086226e-03 1.56143484e-04
 3.34358887e-03 2.06676969e-10 2.71383762e-03 4.90162657e-03
 1.09941313e-02 1.68628703e-03 5.20954782e-03 5.50950128e-03
 1.72366590e-02 1.87235232e-03 3.17256024e-02 1.15625929e-03
 1.39130173e-02 5.74358981e-03 5.70267820e-07 9.90876444e-12
 3.29218698e-06 3.54260634e-09 9.14832359e-07 6.63473994e-12
 1.83210970e-07 5.94231403e-07 1.24470795e-06 2.71503822e-07
 5.20060000e-07 2.76460720e-07 1.43327445e-06 5.33926411e-08
 1.39382995e-06 6.93467312e-08 1.02549227e-05 5.85897426e-03
 4.34389121e-01 4.80695500e-03 1.54363148e-01 4.43944955e-02
 2.74754047e-01 1.29148335e-02 1.73753658e-01 5.02013310e-02
 4.12723525e-01 1.48543287e-02 2.39095832e-01 1.58334070e-01
 8.94276436e-01 4.67760272e-02 4.04136396e+00 6.09456556e-01
 1.92748320e+00 2.87628684e-01 1.33335360e+00 2.15913511e-01
 1.48602620e+00 2.03741204e+00]
train  L_V                   = +0.3569 (19.7%)
 train    L_V_attractive      = +0.2474 (13.7%)
 train      L_V_attractive_charged      = +0.1953 (10.8%)
 train      L_V_attractive_neutral      = +0.0521 (2.9%)
 train    L_V_repulsive       = +0.1095 (6.1%)
 train      L_V_repulsive_charged       = +0.0619 (3.4%)
 train      L_V_repulsive_neutral       = +0.0476 (2.6%)
 train    L_charged_cluster   = +0.0000 (0.0%)
 train  L_beta              = +0.7895 (43.7%)
 train    L_beta_noise        = +0.0000 (0.0%)
 train    L_beta_sig          = +0.1125 (6.2%)
 train    L_beta_suppress     = +0.0000 (0.0%)
 train    L_beta_track        = +0.6770 (37.4%)
 train      L_beta_norms_term   = -0.0294 (-1.6%)
 train      L_beta_logbeta_term = +0.1419 (7.8%)
 train  L_E   = +0.6617 (36.6%)
 train    L_E_charge = +0.0000 (0.0%)
 train    L_E_cond = +0.3860 (21.3%)
 train    L_E_cluster = +0.2757 (15.2%)
 train    L_E_w_photon   = +0.0000 (0.0%)
 train    L_E_w_charged_hadron   = +0.0000 (0.0%)
 train    L_E_w_neutral_hadron   = +0.0000 (0.0%)
 train    L_E_w_muon     = +0.0000 (0.0%)
 train    L_E_w_electron = +0.0000 (0.0%)
learning rate :  [0.00039890465297888624, 0.00039563061276672447, 0.000390213750433216, 0.00038271341425563806, 0.0003732117794866986, 0.00036181294802527074, 0.000348641807854205, 0.0003338426647414537, 0.00031757766119588004, 0.00030002500000000004, 0.0002813769917830063, 0.00026183794802527076, 0.00024162194257901096, 0.00022095046623036733, 0.00020005, 0.00017914953376963274, 0.00015847805742098906, 0.0001382620519747293, 0.00011872300821699378, 0.00010007500000000005, 8.252233880412002e-05, 6.625733525854636e-05, 5.1458192145795003e-05, 3.8287051974729284e-05, 2.688822051330148e-05, 1.7386585744361935e-05, 9.886249566784053e-06, 4.469387233275552e-06, 1.1953470211137557e-06, 1e-07, 0.0003990946109184883, 0.0003963866430176782, 0.0003919006200742188, 0.0003856771682065637, 0.00037777264795855195, 0.0003682586438895947, 0.00035722131629382036, 0.00034476062091910877, 0.0003309894037523598, 0.00031603237906876113, 0.00030002500000000004, 0.0002831122318497272, 0.00026544723926531853, 0.00024718999915511003, 0.00022850585191274341, 0.00020956400406895733, 0.00019053599593104275, 0.00017159414808725666, 0.00015291000084489, 0.00013465276073468155, 0.00011698776815027284, 0.00010007500000000005, 8.406762093123896e-05, 6.911059624764027e-05, 5.5339379080891216e-05, 4.287868370617969e-05, 3.18413561104053e-05, 2.2327352041448074e-05, 1.4422831793436292e-05, 8.199379925781274e-06, 3.713356982321794e-06, 1.0053890815117365e-06, 1e-07, 0.0003992796778340782, 0.0003971239012740243, 0.00039354820273935316, 0.0003885783452199438, 0.00038225013665310777, 0.0003746091719265796, 0.00036571050436630625, 0.000355618249075972, 0.00034440512098620716, 0.0003321519109418468, 0.0003189469036020421, 0.0003048852413472685, 0.00029006823877629376, 0.00027460265273217277, 0.00025859991311674626, 0.0002421753200356455, 0.0002254472130583884, 0.00020853611857906987, 0.0001915638814209302, 0.00017465278694161161, 0.00015792467996435458, 0.00014150008688325376, 0.0001254973472678273, 0.0001100317612237062, 9.521475865273155e-05, 8.115309639795791e-05, 6.794808905815326e-05]
train loss :  2.808166980743408
test   L_V                   = +200.2355 (99.0%)
    L_V_attractive      = +200.1095 (99.0%)
      L_V_attractive_charged      = +7.3012 (3.6%)
      L_V_attractive_neutral      = +192.8106 (95.3%)
    L_V_repulsive       = +0.1262 (0.1%)
      L_V_repulsive_charged       = +0.0774 (0.0%)
      L_V_repulsive_neutral       = +0.0487 (0.0%)
    L_charged_cluster   = +0.0000 (0.0%)
  L_beta              = +0.8512 (0.4%)
    L_beta_noise        = +0.0000 (0.0%)
    L_beta_sig          = +0.1605 (0.1%)
    L_beta_suppress     = +0.0000 (0.0%)
    L_beta_track        = +0.6907 (0.3%)
      L_beta_norms_term   = -0.0157 (-0.0%)
      L_beta_logbeta_term = +0.1762 (0.1%)
  L_E   = +1.1454 (0.6%)
    L_E_charge = +0.0000 (0.0%)
    L_E_cond = +0.7848 (0.4%)
    L_E_cluster = +0.3606 (0.2%)
    L_E_w_photon   = +0.0000 (0.0%)
    L_E_w_charged_hadron   = +0.0000 (0.0%)
    L_E_w_neutral_hadron   = +0.0000 (0.0%)
    L_E_w_muon     = +0.0000 (0.0%)
    L_E_w_electron = +0.0000 (0.0%)
Returning 203.2320556640625
[rank 0] epoch=90 train_batch=2000/15625 loss=2.817772
[rank 0] epoch=90 train_batch=4000/15625 loss=2.779169
[rank 0] epoch=90 train_batch=6000/15625 loss=2.829490
[rank 0] epoch=90 train_batch=8000/15625 loss=2.781543
[rank 0] epoch=90 train_batch=10000/15625 loss=2.866275
[rank 0] epoch=90 train_batch=12000/15625 loss=2.803880
[rank 0] epoch=90 train_batch=14000/15625 loss=2.792178
Training epoch 90
[9.56838851e+00 2.98035469e-01 1.79100646e+01 1.14072762e-01
 1.56474423e+01 3.92402255e-05 2.01382792e+00 2.37717894e-02
 3.50742814e+00 1.42095238e-08 1.91901243e+00 1.87401809e+00
 4.03349510e+00 3.19472682e-01 5.85594786e-01 4.63887844e-01
 1.42707617e+00 1.55111811e-01 1.45004801e+00 2.94534043e-02
 1.41961444e-01 2.03168184e-02 3.81337729e-02 4.50681597e-09
 7.00117990e-02 2.00787928e-03 8.22036666e-02 1.41834637e-09
 2.65585720e-02 3.21246432e-02 1.34114245e-01 1.27263869e-02
 1.57729711e-02 1.53787698e-02 6.24444278e-02 6.85459616e-03
 9.63117677e-02 1.27752400e-03 5.20293583e-02 9.06388572e-03
 1.10883644e-03 3.18830431e-10 3.72633534e-03 1.48102198e-04
 3.64363511e-03 2.39515453e-10 3.15340361e-03 5.25859834e-03
 1.30345757e-02 1.93569283e-03 6.77812852e-03 6.09193823e-03
 2.08812493e-02 2.23559924e-03 3.47231684e-02 1.26329485e-03
 1.60101554e-02 6.54203937e-03 9.80319684e-06 8.99435102e-11
 1.65967485e-05 6.42337543e-08 1.04446263e-05 3.26517378e-10
 3.52853672e-06 5.25744725e-06 2.11849601e-05 2.25631115e-06
 3.75368529e-06 1.61079088e-06 2.36950947e-05 5.34777190e-07
 2.43330387e-05 1.27096884e-06 6.56128888e-07 6.52204044e-03
 4.62749730e-01 5.24672455e-03 1.64644503e-01 4.70031007e-02
 2.88794550e-01 1.37002222e-02 1.83675247e-01 5.26919993e-02
 4.29906037e-01 1.54468401e-02 2.48168852e-01 1.65158766e-01
 9.25824782e-01 4.86770386e-02 4.09344151e+00 6.16831789e-01
 1.94281291e+00 2.89963149e-01 1.33804692e+00 2.15094207e-01
 1.40334050e+00 1.91120217e+00]
train  L_V                   = +0.3571 (19.7%)
 train    L_V_attractive      = +0.2474 (13.7%)
 train      L_V_attractive_charged      = +0.1953 (10.8%)
 train      L_V_attractive_neutral      = +0.0521 (2.9%)
 train    L_V_repulsive       = +0.1097 (6.1%)
 train      L_V_repulsive_charged       = +0.0620 (3.4%)
 train      L_V_repulsive_neutral       = +0.0477 (2.6%)
 train    L_charged_cluster   = +0.0000 (0.0%)
 train  L_beta              = +0.7898 (43.7%)
 train    L_beta_noise        = +0.0000 (0.0%)
 train    L_beta_sig          = +0.1127 (6.2%)
 train    L_beta_suppress     = +0.0000 (0.0%)
 train    L_beta_track        = +0.6771 (37.4%)
 train      L_beta_norms_term   = -0.0294 (-1.6%)
 train      L_beta_logbeta_term = +0.1421 (7.9%)
 train  L_E   = +0.6620 (36.6%)
 train    L_E_charge = +0.0000 (0.0%)
 train    L_E_cond = +0.3863 (21.4%)
 train    L_E_cluster = +0.2757 (15.2%)
 train    L_E_w_photon   = +0.0000 (0.0%)
 train    L_E_w_charged_hadron   = +0.0000 (0.0%)
 train    L_E_w_neutral_hadron   = +0.0000 (0.0%)
 train    L_E_w_muon     = +0.0000 (0.0%)
 train    L_E_w_electron = +0.0000 (0.0%)
learning rate :  [0.00039890465297888624, 0.00039563061276672447, 0.000390213750433216, 0.00038271341425563806, 0.0003732117794866986, 0.00036181294802527074, 0.000348641807854205, 0.0003338426647414537, 0.00031757766119588004, 0.00030002500000000004, 0.0002813769917830063, 0.00026183794802527076, 0.00024162194257901096, 0.00022095046623036733, 0.00020005, 0.00017914953376963274, 0.00015847805742098906, 0.0001382620519747293, 0.00011872300821699378, 0.00010007500000000005, 8.252233880412002e-05, 6.625733525854636e-05, 5.1458192145795003e-05, 3.8287051974729284e-05, 2.688822051330148e-05, 1.7386585744361935e-05, 9.886249566784053e-06, 4.469387233275552e-06, 1.1953470211137557e-06, 1e-07, 0.0003990946109184883, 0.0003963866430176782, 0.0003919006200742188, 0.0003856771682065637, 0.00037777264795855195, 0.0003682586438895947, 0.00035722131629382036, 0.00034476062091910877, 0.0003309894037523598, 0.00031603237906876113, 0.00030002500000000004, 0.0002831122318497272, 0.00026544723926531853, 0.00024718999915511003, 0.00022850585191274341, 0.00020956400406895733, 0.00019053599593104275, 0.00017159414808725666, 0.00015291000084489, 0.00013465276073468155, 0.00011698776815027284, 0.00010007500000000005, 8.406762093123896e-05, 6.911059624764027e-05, 5.5339379080891216e-05, 4.287868370617969e-05, 3.18413561104053e-05, 2.2327352041448074e-05, 1.4422831793436292e-05, 8.199379925781274e-06, 3.713356982321794e-06, 1.0053890815117365e-06, 1e-07, 0.0003992796778340782, 0.0003971239012740243, 0.00039354820273935316, 0.0003885783452199438, 0.00038225013665310777, 0.0003746091719265796, 0.00036571050436630625, 0.000355618249075972, 0.00034440512098620716, 0.0003321519109418468, 0.0003189469036020421, 0.0003048852413472685, 0.00029006823877629376, 0.00027460265273217277, 0.00025859991311674626, 0.0002421753200356455, 0.0002254472130583884, 0.00020853611857906987, 0.0001915638814209302, 0.00017465278694161161, 0.00015792467996435458, 0.00014150008688325376, 0.0001254973472678273, 0.0001100317612237062, 9.521475865273155e-05, 8.115309639795791e-05, 6.794808905815326e-05, 5.5694879013792844e-05]
train loss :  2.8088371753692627
test   L_V                   = +14502.0205 (100.0%)
    L_V_attractive      = +14501.8867 (100.0%)
      L_V_attractive_charged      = +5477.6445 (37.8%)
      L_V_attractive_neutral      = +9024.3096 (62.2%)
    L_V_repulsive       = +0.1342 (0.0%)
      L_V_repulsive_charged       = +0.0806 (0.0%)
      L_V_repulsive_neutral       = +0.0536 (0.0%)
    L_charged_cluster   = +0.0000 (0.0%)
  L_beta              = +0.8498 (0.0%)
    L_beta_noise        = +0.0000 (0.0%)
    L_beta_sig          = +0.1576 (0.0%)
    L_beta_suppress     = +0.0000 (0.0%)
    L_beta_track        = +0.6922 (0.0%)
      L_beta_norms_term   = -0.0164 (-0.0%)
      L_beta_logbeta_term = +0.1740 (0.0%)
  L_E   = +1.1216 (0.0%)
    L_E_charge = +0.0000 (0.0%)
    L_E_cond = +0.7862 (0.0%)
    L_E_cluster = +0.3354 (0.0%)
    L_E_w_photon   = +0.0000 (0.0%)
    L_E_w_charged_hadron   = +0.0000 (0.0%)
    L_E_w_neutral_hadron   = +0.0000 (0.0%)
    L_E_w_muon     = +0.0000 (0.0%)
    L_E_w_electron = +0.0000 (0.0%)
Returning 14504.9921875
[rank 0] epoch=91 train_batch=2000/15625 loss=2.826662
[rank 0] epoch=91 train_batch=4000/15625 loss=2.799950
[rank 0] epoch=91 train_batch=6000/15625 loss=2.873230
[rank 0] epoch=91 train_batch=8000/15625 loss=2.761908
[rank 0] epoch=91 train_batch=10000/15625 loss=2.766862
[rank 0] epoch=91 train_batch=12000/15625 loss=2.743833
[rank 0] epoch=91 train_batch=14000/15625 loss=2.829707
Training epoch 91
[9.84519506e+00 3.52280765e-01 1.93335477e+01 1.10977031e-01
 1.70313742e+01 2.42017097e-04 2.36046251e+00 2.52865102e-02
 3.89749919e+00 7.00839546e-08 2.30051649e+00 2.33293768e+00
 4.29777231e+00 3.25512528e-01 6.11796594e-01 4.70342874e-01
 1.53804398e+00 1.59596291e-01 1.51536972e+00 3.46088007e-02
 1.50925314e-01 2.99035150e-02 3.97983363e-02 5.50665892e-09
 8.38339868e-02 2.57532322e-03 9.67272606e-02 1.87610292e-09
 3.22454557e-02 3.98057431e-02 1.64391579e-01 1.56141615e-02
 1.93715226e-02 1.85751989e-02 7.45578020e-02 8.16355116e-03
 1.15665324e-01 2.40730148e-03 6.28662896e-02 1.64170094e-02
 1.11120022e-03 3.19899615e-10 4.78763984e-03 2.47842859e-04
 4.78484568e-03 2.94173962e-10 3.70228718e-03 5.93768622e-03
 1.55671182e-02 2.28522582e-03 8.22749206e-03 6.97788966e-03
 2.31950140e-02 2.46536128e-03 5.10166590e-02 2.27450849e-03
 1.92606143e-02 1.36013240e-02 1.71594996e-06 2.10007439e-11
 2.74712406e-06 1.14082033e-08 1.92877787e-06 5.54728385e-11
 4.67852635e-07 1.20045645e-06 3.01871277e-06 4.40480615e-07
 6.18323145e-07 1.82306162e-07 3.57391021e-06 6.39555522e-08
 5.52619169e-06 2.88606316e-07 2.44132656e-06 1.28666271e-02
 5.19308699e-01 6.44212988e-03 1.76149276e-01 5.12097792e-02
 3.05265377e-01 1.47987648e-02 1.92992853e-01 5.51169664e-02
 4.44826306e-01 1.60853970e-02 2.55750996e-01 1.71416623e-01
 9.60057809e-01 5.04892813e-02 4.10001430e+00 6.14739273e-01
 1.93710169e+00 2.88511324e-01 1.33126320e+00 2.12945480e-01
 1.36007744e+00 1.84116101e+00]
train  L_V                   = +0.3570 (19.8%)
 train    L_V_attractive      = +0.2474 (13.7%)
 train      L_V_attractive_charged      = +0.1953 (10.8%)
 train      L_V_attractive_neutral      = +0.0521 (2.9%)
 train    L_V_repulsive       = +0.1096 (6.1%)
 train      L_V_repulsive_charged       = +0.0620 (3.4%)
 train      L_V_repulsive_neutral       = +0.0477 (2.6%)
 train    L_charged_cluster   = +0.0000 (0.0%)
 train  L_beta              = +0.7895 (43.7%)
 train    L_beta_noise        = +0.0000 (0.0%)
 train    L_beta_sig          = +0.1125 (6.2%)
 train    L_beta_suppress     = +0.0000 (0.0%)
 train    L_beta_track        = +0.6770 (37.5%)
 train      L_beta_norms_term   = -0.0295 (-1.6%)
 train      L_beta_logbeta_term = +0.1420 (7.9%)
 train  L_E   = +0.6607 (36.6%)
 train    L_E_charge = +0.0000 (0.0%)
 train    L_E_cond = +0.3851 (21.3%)
 train    L_E_cluster = +0.2756 (15.2%)
 train    L_E_w_photon   = +0.0000 (0.0%)
 train    L_E_w_charged_hadron   = +0.0000 (0.0%)
 train    L_E_w_neutral_hadron   = +0.0000 (0.0%)
 train    L_E_w_muon     = +0.0000 (0.0%)
 train    L_E_w_electron = +0.0000 (0.0%)
learning rate :  [0.00039890465297888624, 0.00039563061276672447, 0.000390213750433216, 0.00038271341425563806, 0.0003732117794866986, 0.00036181294802527074, 0.000348641807854205, 0.0003338426647414537, 0.00031757766119588004, 0.00030002500000000004, 0.0002813769917830063, 0.00026183794802527076, 0.00024162194257901096, 0.00022095046623036733, 0.00020005, 0.00017914953376963274, 0.00015847805742098906, 0.0001382620519747293, 0.00011872300821699378, 0.00010007500000000005, 8.252233880412002e-05, 6.625733525854636e-05, 5.1458192145795003e-05, 3.8287051974729284e-05, 2.688822051330148e-05, 1.7386585744361935e-05, 9.886249566784053e-06, 4.469387233275552e-06, 1.1953470211137557e-06, 1e-07, 0.0003990946109184883, 0.0003963866430176782, 0.0003919006200742188, 0.0003856771682065637, 0.00037777264795855195, 0.0003682586438895947, 0.00035722131629382036, 0.00034476062091910877, 0.0003309894037523598, 0.00031603237906876113, 0.00030002500000000004, 0.0002831122318497272, 0.00026544723926531853, 0.00024718999915511003, 0.00022850585191274341, 0.00020956400406895733, 0.00019053599593104275, 0.00017159414808725666, 0.00015291000084489, 0.00013465276073468155, 0.00011698776815027284, 0.00010007500000000005, 8.406762093123896e-05, 6.911059624764027e-05, 5.5339379080891216e-05, 4.287868370617969e-05, 3.18413561104053e-05, 2.2327352041448074e-05, 1.4422831793436292e-05, 8.199379925781274e-06, 3.713356982321794e-06, 1.0053890815117365e-06, 1e-07, 0.0003992796778340782, 0.0003971239012740243, 0.00039354820273935316, 0.0003885783452199438, 0.00038225013665310777, 0.0003746091719265796, 0.00036571050436630625, 0.000355618249075972, 0.00034440512098620716, 0.0003321519109418468, 0.0003189469036020421, 0.0003048852413472685, 0.00029006823877629376, 0.00027460265273217277, 0.00025859991311674626, 0.0002421753200356455, 0.0002254472130583884, 0.00020853611857906987, 0.0001915638814209302, 0.00017465278694161161, 0.00015792467996435458, 0.00014150008688325376, 0.0001254973472678273, 0.0001100317612237062, 9.521475865273155e-05, 8.115309639795791e-05, 6.794808905815326e-05, 5.5694879013792844e-05, 4.448175092402807e-05]
train loss :  2.8072404861450195
test   L_V                   = +35518.7148 (100.0%)
    L_V_attractive      = +35518.6016 (100.0%)
      L_V_attractive_charged      = +12857.8340 (36.2%)
      L_V_attractive_neutral      = +22660.7500 (63.8%)
    L_V_repulsive       = +0.1335 (0.0%)
      L_V_repulsive_charged       = +0.0770 (0.0%)
      L_V_repulsive_neutral       = +0.0564 (0.0%)
    L_charged_cluster   = +0.0000 (0.0%)
  L_beta              = +0.8663 (0.0%)
    L_beta_noise        = +0.0000 (0.0%)
    L_beta_sig          = +0.1660 (0.0%)
    L_beta_suppress     = +0.0000 (0.0%)
    L_beta_track        = +0.7004 (0.0%)
      L_beta_norms_term   = -0.0152 (-0.0%)
      L_beta_logbeta_term = +0.1812 (0.0%)
  L_E   = +1.1625 (0.0%)
    L_E_charge = +0.0000 (0.0%)
    L_E_cond = +0.7925 (0.0%)
    L_E_cluster = +0.3700 (0.0%)
    L_E_w_photon   = +0.0000 (0.0%)
    L_E_w_charged_hadron   = +0.0000 (0.0%)
    L_E_w_neutral_hadron   = +0.0000 (0.0%)
    L_E_w_muon     = +0.0000 (0.0%)
    L_E_w_electron = +0.0000 (0.0%)
Returning 35521.74609375
[rank 0] epoch=92 train_batch=2000/15625 loss=2.796753
[rank 0] epoch=92 train_batch=4000/15625 loss=2.736604
[rank 0] epoch=92 train_batch=6000/15625 loss=2.734721
[rank 0] epoch=92 train_batch=8000/15625 loss=2.830793
[rank 0] epoch=92 train_batch=10000/15625 loss=2.769084
[rank 0] epoch=92 train_batch=12000/15625 loss=2.824246
[rank 0] epoch=92 train_batch=14000/15625 loss=2.825981
Training epoch 92
[8.73379813e+00 3.15040982e-01 1.58017264e+01 9.85102886e-02
 1.39000347e+01 2.63422009e-05 2.13735326e+00 1.97770136e-02
 3.60888765e+00 1.30112374e-08 2.11048610e+00 2.05569560e+00
 4.14103549e+00 3.10248372e-01 6.00634845e-01 4.75780192e-01
 1.54010878e+00 1.64793312e-01 1.49491879e+00 3.45550303e-02
 1.50315702e-01 2.61146866e-02 4.37330507e-02 5.55355233e-09
 9.73569725e-02 2.81658938e-03 1.18040007e-01 2.38652513e-09
 3.90196231e-02 4.93459622e-02 2.03990749e-01 1.96114886e-02
 2.42808085e-02 2.31273100e-02 9.27020253e-02 9.97265230e-03
 1.11211817e-01 1.72689244e-03 6.32419770e-02 1.21930762e-02
 1.26881726e-03 3.42743788e-10 5.30661696e-03 1.60950377e-04
 4.52131123e-03 2.87171286e-10 4.02881388e-03 6.69257683e-03
 1.56824993e-02 2.45277414e-03 8.89637172e-03 7.32915831e-03
 2.36853627e-02 2.61389740e-03 4.31419335e-02 1.75733411e-03
 1.96161171e-02 8.75447508e-03 7.90480056e-07 8.50539838e-12
 1.24673257e-06 4.46210451e-09 8.77116571e-07 1.26975473e-10
 2.64312751e-07 4.12338555e-07 1.53941580e-06 1.75336390e-07
 2.86506942e-07 7.04945452e-08 1.71723632e-06 2.74865266e-08
 2.08870624e-06 1.09113715e-07 2.57391073e-07 8.52115766e-03
 5.05592815e-01 6.96228671e-03 1.79908891e-01 5.25579565e-02
 3.13748710e-01 1.52058977e-02 1.94248702e-01 5.55205939e-02
 4.52851319e-01 1.63703164e-02 2.57813510e-01 1.70635306e-01
 9.72442758e-01 5.02230794e-02 4.03238499e+00 6.07079118e-01
 1.90825246e+00 2.84801317e-01 1.31132513e+00 2.09697933e-01
 1.31983307e+00 1.74838185e+00]
train  L_V                   = +0.3569 (19.8%)
 train    L_V_attractive      = +0.2473 (13.7%)
 train      L_V_attractive_charged      = +0.1952 (10.8%)
 train      L_V_attractive_neutral      = +0.0521 (2.9%)
 train    L_V_repulsive       = +0.1096 (6.1%)
 train      L_V_repulsive_charged       = +0.0619 (3.4%)
 train      L_V_repulsive_neutral       = +0.0478 (2.6%)
 train    L_charged_cluster   = +0.0000 (0.0%)
 train  L_beta              = +0.7886 (43.7%)
 train    L_beta_noise        = +0.0000 (0.0%)
 train    L_beta_sig          = +0.1116 (6.2%)
 train    L_beta_suppress     = +0.0000 (0.0%)
 train    L_beta_track        = +0.6770 (37.5%)
 train      L_beta_norms_term   = -0.0299 (-1.7%)
 train      L_beta_logbeta_term = +0.1416 (7.8%)
 train  L_E   = +0.6592 (36.5%)
 train    L_E_charge = +0.0000 (0.0%)
 train    L_E_cond = +0.3838 (21.3%)
 train    L_E_cluster = +0.2754 (15.3%)
 train    L_E_w_photon   = +0.0000 (0.0%)
 train    L_E_w_charged_hadron   = +0.0000 (0.0%)
 train    L_E_w_neutral_hadron   = +0.0000 (0.0%)
 train    L_E_w_muon     = +0.0000 (0.0%)
 train    L_E_w_electron = +0.0000 (0.0%)
learning rate :  [0.00039890465297888624, 0.00039563061276672447, 0.000390213750433216, 0.00038271341425563806, 0.0003732117794866986, 0.00036181294802527074, 0.000348641807854205, 0.0003338426647414537, 0.00031757766119588004, 0.00030002500000000004, 0.0002813769917830063, 0.00026183794802527076, 0.00024162194257901096, 0.00022095046623036733, 0.00020005, 0.00017914953376963274, 0.00015847805742098906, 0.0001382620519747293, 0.00011872300821699378, 0.00010007500000000005, 8.252233880412002e-05, 6.625733525854636e-05, 5.1458192145795003e-05, 3.8287051974729284e-05, 2.688822051330148e-05, 1.7386585744361935e-05, 9.886249566784053e-06, 4.469387233275552e-06, 1.1953470211137557e-06, 1e-07, 0.0003990946109184883, 0.0003963866430176782, 0.0003919006200742188, 0.0003856771682065637, 0.00037777264795855195, 0.0003682586438895947, 0.00035722131629382036, 0.00034476062091910877, 0.0003309894037523598, 0.00031603237906876113, 0.00030002500000000004, 0.0002831122318497272, 0.00026544723926531853, 0.00024718999915511003, 0.00022850585191274341, 0.00020956400406895733, 0.00019053599593104275, 0.00017159414808725666, 0.00015291000084489, 0.00013465276073468155, 0.00011698776815027284, 0.00010007500000000005, 8.406762093123896e-05, 6.911059624764027e-05, 5.5339379080891216e-05, 4.287868370617969e-05, 3.18413561104053e-05, 2.2327352041448074e-05, 1.4422831793436292e-05, 8.199379925781274e-06, 3.713356982321794e-06, 1.0053890815117365e-06, 1e-07, 0.0003992796778340782, 0.0003971239012740243, 0.00039354820273935316, 0.0003885783452199438, 0.00038225013665310777, 0.0003746091719265796, 0.00036571050436630625, 0.000355618249075972, 0.00034440512098620716, 0.0003321519109418468, 0.0003189469036020421, 0.0003048852413472685, 0.00029006823877629376, 0.00027460265273217277, 0.00025859991311674626, 0.0002421753200356455, 0.0002254472130583884, 0.00020853611857906987, 0.0001915638814209302, 0.00017465278694161161, 0.00015792467996435458, 0.00014150008688325376, 0.0001254973472678273, 0.0001100317612237062, 9.521475865273155e-05, 8.115309639795791e-05, 6.794808905815326e-05, 5.5694879013792844e-05, 4.448175092402807e-05, 3.438949563369378e-05]
train loss :  2.8047146797180176
test   L_V                   = +1683346.6250 (100.0%)
    L_V_attractive      = +1683346.6250 (100.0%)
      L_V_attractive_charged      = +57770.1367 (3.4%)
      L_V_attractive_neutral      = +1625576.6250 (96.6%)
    L_V_repulsive       = +0.1345 (0.0%)
      L_V_repulsive_charged       = +0.0753 (0.0%)
      L_V_repulsive_neutral       = +0.0592 (0.0%)
    L_charged_cluster   = +0.0000 (0.0%)
  L_beta              = +0.8923 (0.0%)
    L_beta_noise        = +0.0000 (0.0%)
    L_beta_sig          = +0.1754 (0.0%)
    L_beta_suppress     = +0.0000 (0.0%)
    L_beta_track        = +0.7169 (0.0%)
      L_beta_norms_term   = -0.0147 (-0.0%)
      L_beta_logbeta_term = +0.1901 (0.0%)
  L_E   = +1.2120 (0.0%)
    L_E_charge = +0.0000 (0.0%)
    L_E_cond = +0.8048 (0.0%)
    L_E_cluster = +0.4072 (0.0%)
    L_E_w_photon   = +0.0000 (0.0%)
    L_E_w_charged_hadron   = +0.0000 (0.0%)
    L_E_w_neutral_hadron   = +0.0000 (0.0%)
    L_E_w_muon     = +0.0000 (0.0%)
    L_E_w_electron = +0.0000 (0.0%)
Returning 1683349.75
[rank 0] epoch=93 train_batch=2000/15625 loss=2.846854
[rank 0] epoch=93 train_batch=4000/15625 loss=2.819930
[rank 0] epoch=93 train_batch=6000/15625 loss=2.858625
[rank 0] epoch=93 train_batch=8000/15625 loss=2.763575
[rank 0] epoch=93 train_batch=10000/15625 loss=2.857355
[rank 0] epoch=93 train_batch=12000/15625 loss=2.833217
[rank 0] epoch=93 train_batch=14000/15625 loss=3.096723
Training epoch 93
[9.32110735e+00 2.84670478e-01 1.51260229e+01 8.56133726e-02
 1.36954486e+01 1.72117904e-05 1.81965453e+00 1.83087847e-02
 3.18376312e+00 9.18432918e-09 2.02549859e+00 1.99182599e+00
 3.96278972e+00 2.70291170e-01 5.70507988e-01 4.14639008e-01
 1.51019891e+00 1.58212442e-01 1.45700036e+00 3.27698554e-02
 1.53065204e-01 2.69362241e-02 4.58688311e-02 5.38823964e-09
 1.16491798e-01 3.21019472e-03 1.55833804e-01 2.74096990e-09
 4.32635461e-02 5.44696089e-02 2.33220661e-01 2.17109039e-02
 2.81535094e-02 2.57690062e-02 1.05179816e-01 1.10158051e-02
 1.19496612e-01 2.07645056e-03 6.78053350e-02 1.25544058e-02
 1.64265604e-03 4.19521335e-10 6.28568218e-03 2.03050191e-04
 5.37327413e-03 3.34495891e-10 5.13726352e-03 8.47068282e-03
 1.85545229e-02 2.87378142e-03 1.09326761e-02 8.60676100e-03
 2.76639386e-02 3.04852315e-03 4.77662030e-02 1.93792224e-03
 2.17003507e-02 8.83541940e-03 5.44447971e-06 6.68663374e-11
 1.27094768e-05 4.17372428e-08 6.78977489e-06 1.13183987e-10
 2.07494366e-06 3.33407956e-06 1.14002644e-05 1.28707539e-06
 2.23492404e-06 6.62412852e-07 1.31874724e-05 2.71675696e-07
 2.34553414e-05 1.23103442e-06 7.29280612e-07 8.12271484e-03
 5.25393276e-01 7.09418826e-03 1.88851184e-01 5.53699515e-02
 3.27202064e-01 1.60291639e-02 2.02033940e-01 5.75802155e-02
 4.64593173e-01 1.68137514e-02 2.63586100e-01 1.75508939e-01
 9.99848409e-01 5.15234980e-02 4.04050182e+00 6.06085552e-01
 1.90485094e+00 2.83364331e-01 1.31082551e+00 2.08133914e-01
 1.29144145e+00 1.68452317e+00]
train  L_V                   = +0.3565 (19.8%)
 train    L_V_attractive      = +0.2471 (13.7%)
 train      L_V_attractive_charged      = +0.1950 (10.8%)
 train      L_V_attractive_neutral      = +0.0521 (2.9%)
 train    L_V_repulsive       = +0.1094 (6.1%)
 train      L_V_repulsive_charged       = +0.0618 (3.4%)
 train      L_V_repulsive_neutral       = +0.0477 (2.6%)
 train    L_charged_cluster   = +0.0000 (0.0%)
 train  L_beta              = +0.7883 (43.7%)
 train    L_beta_noise        = +0.0000 (0.0%)
 train    L_beta_sig          = +0.1113 (6.2%)
 train    L_beta_suppress     = +0.0000 (0.0%)
 train    L_beta_track        = +0.6769 (37.5%)
 train      L_beta_norms_term   = -0.0300 (-1.7%)
 train      L_beta_logbeta_term = +0.1414 (7.8%)
 train  L_E   = +0.6580 (36.5%)
 train    L_E_charge = +0.0000 (0.0%)
 train    L_E_cond = +0.3827 (21.2%)
 train    L_E_cluster = +0.2753 (15.3%)
 train    L_E_w_photon   = +0.0000 (0.0%)
 train    L_E_w_charged_hadron   = +0.0000 (0.0%)
 train    L_E_w_neutral_hadron   = +0.0000 (0.0%)
 train    L_E_w_muon     = +0.0000 (0.0%)
 train    L_E_w_electron = +0.0000 (0.0%)
learning rate :  [0.00039890465297888624, 0.00039563061276672447, 0.000390213750433216, 0.00038271341425563806, 0.0003732117794866986, 0.00036181294802527074, 0.000348641807854205, 0.0003338426647414537, 0.00031757766119588004, 0.00030002500000000004, 0.0002813769917830063, 0.00026183794802527076, 0.00024162194257901096, 0.00022095046623036733, 0.00020005, 0.00017914953376963274, 0.00015847805742098906, 0.0001382620519747293, 0.00011872300821699378, 0.00010007500000000005, 8.252233880412002e-05, 6.625733525854636e-05, 5.1458192145795003e-05, 3.8287051974729284e-05, 2.688822051330148e-05, 1.7386585744361935e-05, 9.886249566784053e-06, 4.469387233275552e-06, 1.1953470211137557e-06, 1e-07, 0.0003990946109184883, 0.0003963866430176782, 0.0003919006200742188, 0.0003856771682065637, 0.00037777264795855195, 0.0003682586438895947, 0.00035722131629382036, 0.00034476062091910877, 0.0003309894037523598, 0.00031603237906876113, 0.00030002500000000004, 0.0002831122318497272, 0.00026544723926531853, 0.00024718999915511003, 0.00022850585191274341, 0.00020956400406895733, 0.00019053599593104275, 0.00017159414808725666, 0.00015291000084489, 0.00013465276073468155, 0.00011698776815027284, 0.00010007500000000005, 8.406762093123896e-05, 6.911059624764027e-05, 5.5339379080891216e-05, 4.287868370617969e-05, 3.18413561104053e-05, 2.2327352041448074e-05, 1.4422831793436292e-05, 8.199379925781274e-06, 3.713356982321794e-06, 1.0053890815117365e-06, 1e-07, 0.0003992796778340782, 0.0003971239012740243, 0.00039354820273935316, 0.0003885783452199438, 0.00038225013665310777, 0.0003746091719265796, 0.00036571050436630625, 0.000355618249075972, 0.00034440512098620716, 0.0003321519109418468, 0.0003189469036020421, 0.0003048852413472685, 0.00029006823877629376, 0.00027460265273217277, 0.00025859991311674626, 0.0002421753200356455, 0.0002254472130583884, 0.00020853611857906987, 0.0001915638814209302, 0.00017465278694161161, 0.00015792467996435458, 0.00014150008688325376, 0.0001254973472678273, 0.0001100317612237062, 9.521475865273155e-05, 8.115309639795791e-05, 6.794808905815326e-05, 5.5694879013792844e-05, 4.448175092402807e-05, 3.438949563369378e-05, 2.549082807342043e-05]
train loss :  2.802755832672119
test   L_V                   = +35.5332 (94.7%)
    L_V_attractive      = +35.4188 (94.4%)
      L_V_attractive_charged      = +14.3263 (38.2%)
      L_V_attractive_neutral      = +21.0925 (56.2%)
    L_V_repulsive       = +0.1144 (0.3%)
      L_V_repulsive_charged       = +0.0657 (0.2%)
      L_V_repulsive_neutral       = +0.0487 (0.1%)
    L_charged_cluster   = +0.0000 (0.0%)
  L_beta              = +0.8589 (2.3%)
    L_beta_noise        = +0.0000 (0.0%)
    L_beta_sig          = +0.1562 (0.4%)
    L_beta_suppress     = +0.0000 (0.0%)
    L_beta_track        = +0.7027 (1.9%)
      L_beta_norms_term   = -0.0160 (-0.0%)
      L_beta_logbeta_term = +0.1722 (0.5%)
  L_E   = +1.1106 (3.0%)
    L_E_charge = +0.0000 (0.0%)
    L_E_cond = +0.7811 (2.1%)
    L_E_cluster = +0.3295 (0.9%)
    L_E_w_photon   = +0.0000 (0.0%)
    L_E_w_charged_hadron   = +0.0000 (0.0%)
    L_E_w_neutral_hadron   = +0.0000 (0.0%)
    L_E_w_muon     = +0.0000 (0.0%)
    L_E_w_electron = +0.0000 (0.0%)
Returning 38.50271224975586
[rank 0] epoch=94 train_batch=2000/15625 loss=2.828736
[rank 0] epoch=94 train_batch=4000/15625 loss=2.825207
[rank 0] epoch=94 train_batch=6000/15625 loss=2.769985
[rank 0] epoch=94 train_batch=8000/15625 loss=2.891521
[rank 0] epoch=94 train_batch=10000/15625 loss=2.761165
[rank 0] epoch=94 train_batch=12000/15625 loss=2.813525
[rank 0] epoch=94 train_batch=14000/15625 loss=2.859891
Training epoch 94
[9.15295740e+00 2.67608243e-01 1.53064442e+01 7.55579267e-02
 1.38874249e+01 2.26142008e-05 1.74502113e+00 1.75757693e-02
 3.22195544e+00 1.04827057e-08 2.02262380e+00 1.96456475e+00
 4.18133480e+00 2.68221860e-01 6.01420568e-01 4.23315821e-01
 1.55044258e+00 1.61032056e-01 1.44715158e+00 3.02300541e-02
 1.49927002e-01 2.73325371e-02 4.84291617e-02 4.92805190e-09
 1.34109219e-01 3.56311826e-03 1.83396033e-01 3.01931019e-09
 4.81679454e-02 6.00096365e-02 2.62532028e-01 2.38063213e-02
 3.39327892e-02 3.32507334e-02 1.32119786e-01 1.42069891e-02
 1.22054133e-01 1.71876973e-03 6.77886590e-02 1.23237182e-02
 2.03862748e-03 4.68475038e-10 7.35289454e-03 2.06043869e-04
 6.27084585e-03 3.70880707e-10 6.35066070e-03 1.03644445e-02
 2.13927649e-02 3.35566876e-03 1.28652883e-02 9.96567470e-03
 3.20068751e-02 3.55761124e-03 5.08701100e-02 2.01865058e-03
 2.27605311e-02 8.73239365e-03 4.37100352e-06 5.57632686e-11
 9.13742574e-06 1.00414960e-07 1.31168384e-05 3.51231544e-10
 3.67504645e-06 2.49622951e-06 2.05445486e-05 9.03878111e-07
 1.98566920e-06 5.18046594e-07 1.27095616e-05 1.65367648e-07
 1.26617471e-05 6.63145644e-07 8.97249211e-07 8.00061346e-03
 5.27383007e-01 7.11751647e-03 1.93105831e-01 5.63327300e-02
 3.32461922e-01 1.60983285e-02 2.04767323e-01 5.91545492e-02
 4.72614186e-01 1.72482248e-02 2.69162881e-01 1.82672700e-01
 1.01676432e+00 5.35380030e-02 4.06061280e+00 6.02984803e-01
 1.90479013e+00 2.81425351e-01 1.31257036e+00 2.05948219e-01
 1.23954013e+00 1.57552263e+00]
train  L_V                   = +0.3560 (19.8%)
 train    L_V_attractive      = +0.2467 (13.7%)
 train      L_V_attractive_charged      = +0.1946 (10.8%)
 train      L_V_attractive_neutral      = +0.0521 (2.9%)
 train    L_V_repulsive       = +0.1093 (6.1%)
 train      L_V_repulsive_charged       = +0.0617 (3.4%)
 train      L_V_repulsive_neutral       = +0.0476 (2.6%)
 train    L_charged_cluster   = +0.0000 (0.0%)
 train  L_beta              = +0.7879 (43.8%)
 train    L_beta_noise        = +0.0000 (0.0%)
 train    L_beta_sig          = +0.1110 (6.2%)
 train    L_beta_suppress     = +0.0000 (0.0%)
 train    L_beta_track        = +0.6769 (37.6%)
 train      L_beta_norms_term   = -0.0301 (-1.7%)
 train      L_beta_logbeta_term = +0.1412 (7.8%)
 train  L_E   = +0.6565 (36.5%)
 train    L_E_charge = +0.0000 (0.0%)
 train    L_E_cond = +0.3814 (21.2%)
 train    L_E_cluster = +0.2752 (15.3%)
 train    L_E_w_photon   = +0.0000 (0.0%)
 train    L_E_w_charged_hadron   = +0.0000 (0.0%)
 train    L_E_w_neutral_hadron   = +0.0000 (0.0%)
 train    L_E_w_muon     = +0.0000 (0.0%)
 train    L_E_w_electron = +0.0000 (0.0%)
learning rate :  [0.00039890465297888624, 0.00039563061276672447, 0.000390213750433216, 0.00038271341425563806, 0.0003732117794866986, 0.00036181294802527074, 0.000348641807854205, 0.0003338426647414537, 0.00031757766119588004, 0.00030002500000000004, 0.0002813769917830063, 0.00026183794802527076, 0.00024162194257901096, 0.00022095046623036733, 0.00020005, 0.00017914953376963274, 0.00015847805742098906, 0.0001382620519747293, 0.00011872300821699378, 0.00010007500000000005, 8.252233880412002e-05, 6.625733525854636e-05, 5.1458192145795003e-05, 3.8287051974729284e-05, 2.688822051330148e-05, 1.7386585744361935e-05, 9.886249566784053e-06, 4.469387233275552e-06, 1.1953470211137557e-06, 1e-07, 0.0003990946109184883, 0.0003963866430176782, 0.0003919006200742188, 0.0003856771682065637, 0.00037777264795855195, 0.0003682586438895947, 0.00035722131629382036, 0.00034476062091910877, 0.0003309894037523598, 0.00031603237906876113, 0.00030002500000000004, 0.0002831122318497272, 0.00026544723926531853, 0.00024718999915511003, 0.00022850585191274341, 0.00020956400406895733, 0.00019053599593104275, 0.00017159414808725666, 0.00015291000084489, 0.00013465276073468155, 0.00011698776815027284, 0.00010007500000000005, 8.406762093123896e-05, 6.911059624764027e-05, 5.5339379080891216e-05, 4.287868370617969e-05, 3.18413561104053e-05, 2.2327352041448074e-05, 1.4422831793436292e-05, 8.199379925781274e-06, 3.713356982321794e-06, 1.0053890815117365e-06, 1e-07, 0.0003992796778340782, 0.0003971239012740243, 0.00039354820273935316, 0.0003885783452199438, 0.00038225013665310777, 0.0003746091719265796, 0.00036571050436630625, 0.000355618249075972, 0.00034440512098620716, 0.0003321519109418468, 0.0003189469036020421, 0.0003048852413472685, 0.00029006823877629376, 0.00027460265273217277, 0.00025859991311674626, 0.0002421753200356455, 0.0002254472130583884, 0.00020853611857906987, 0.0001915638814209302, 0.00017465278694161161, 0.00015792467996435458, 0.00014150008688325376, 0.0001254973472678273, 0.0001100317612237062, 9.521475865273155e-05, 8.115309639795791e-05, 6.794808905815326e-05, 5.5694879013792844e-05, 4.448175092402807e-05, 3.438949563369378e-05, 2.549082807342043e-05, 1.7849863346892246e-05]
train loss :  2.800410032272339
test   L_V                   = +81724.1406 (100.0%)
    L_V_attractive      = +81724.0703 (100.0%)
      L_V_attractive_charged      = +71744.7891 (87.8%)
      L_V_attractive_neutral      = +9979.2910 (12.2%)
    L_V_repulsive       = +0.1711 (0.0%)
      L_V_repulsive_charged       = +0.0926 (0.0%)
      L_V_repulsive_neutral       = +0.0785 (0.0%)
    L_charged_cluster   = +0.0000 (0.0%)
  L_beta              = +0.7779 (0.0%)
    L_beta_noise        = +0.0000 (0.0%)
    L_beta_sig          = +0.0954 (0.0%)
    L_beta_suppress     = +0.0000 (0.0%)
    L_beta_track        = +0.6825 (0.0%)
      L_beta_norms_term   = -0.0359 (-0.0%)
      L_beta_logbeta_term = +0.1313 (0.0%)
  L_E   = +0.9944 (0.0%)
    L_E_charge = +0.0000 (0.0%)
    L_E_cond = +0.6611 (0.0%)
    L_E_cluster = +0.3332 (0.0%)
    L_E_w_photon   = +0.0000 (0.0%)
    L_E_w_charged_hadron   = +0.0000 (0.0%)
    L_E_w_neutral_hadron   = +0.0000 (0.0%)
    L_E_w_muon     = +0.0000 (0.0%)
    L_E_w_electron = +0.0000 (0.0%)
Returning 81726.9140625
[rank 0] epoch=95 train_batch=2000/15625 loss=2.887446
[rank 0] epoch=95 train_batch=4000/15625 loss=2.804693
[rank 0] epoch=95 train_batch=6000/15625 loss=2.770959
[rank 0] epoch=95 train_batch=8000/15625 loss=2.813988
[rank 0] epoch=95 train_batch=10000/15625 loss=2.751535
[rank 0] epoch=95 train_batch=12000/15625 loss=2.789676
[rank 0] epoch=95 train_batch=14000/15625 loss=2.750100
Training epoch 95
[9.34043444e+00 2.69481154e-01 1.62594500e+01 5.97778844e-02
 1.47711120e+01 1.96009906e-05 1.69309718e+00 1.24109983e-02
 3.09539904e+00 7.87384854e-09 2.04704722e+00 1.95753751e+00
 4.12079950e+00 2.38019724e-01 5.79590193e-01 3.83295769e-01
 1.54081649e+00 1.54477450e-01 1.42278328e+00 2.89955565e-02
 1.48820680e-01 2.56066482e-02 4.78556763e-02 3.66581212e-09
 1.43571212e-01 3.34728089e-03 1.98341157e-01 3.23448713e-09
 5.03020031e-02 6.26725391e-02 2.79880943e-01 2.55789181e-02
 3.72614524e-02 3.52472487e-02 1.40681782e-01 1.49582587e-02
 1.27155248e-01 1.88012906e-03 6.92129901e-02 1.25344134e-02
 1.84149351e-03 4.38075478e-10 7.66832461e-03 2.12899000e-04
 6.79922954e-03 3.78911361e-10 6.81297316e-03 1.14546798e-02
 2.27234615e-02 3.66979791e-03 1.40246032e-02 1.04146072e-02
 3.41179306e-02 3.82038634e-03 5.41999518e-02 2.17876480e-03
 2.24446604e-02 8.88022749e-03 2.10957210e-06 2.88871532e-11
 4.69579516e-06 1.95001084e-08 3.27971791e-06 1.78415862e-10
 9.81662296e-07 1.22582813e-06 5.23368509e-06 5.01036073e-07
 8.87336337e-07 2.42386538e-07 5.50267934e-06 9.11783454e-08
 7.44147724e-06 3.90033191e-07 2.97888107e-07 8.32883316e-03
 5.31790439e-01 7.19963747e-03 1.96944863e-01 5.69395854e-02
 3.36606292e-01 1.62397523e-02 2.06980638e-01 5.99249615e-02
 4.77303998e-01 1.74048204e-02 2.70492182e-01 1.83378237e-01
 1.02403044e+00 5.37366623e-02 4.00424076e+00 5.95939976e-01
 1.87928673e+00 2.77947831e-01 1.29438691e+00 2.03136364e-01
 1.21969447e+00 1.54749583e+00]
train  L_V                   = +0.3562 (19.8%)
 train    L_V_attractive      = +0.2468 (13.7%)
 train      L_V_attractive_charged      = +0.1947 (10.8%)
 train      L_V_attractive_neutral      = +0.0521 (2.9%)
 train    L_V_repulsive       = +0.1093 (6.1%)
 train      L_V_repulsive_charged       = +0.0617 (3.4%)
 train      L_V_repulsive_neutral       = +0.0476 (2.6%)
 train    L_charged_cluster   = +0.0000 (0.0%)
 train  L_beta              = +0.7879 (43.8%)
 train    L_beta_noise        = +0.0000 (0.0%)
 train    L_beta_sig          = +0.1110 (6.2%)
 train    L_beta_suppress     = +0.0000 (0.0%)
 train    L_beta_track        = +0.6769 (37.6%)
 train      L_beta_norms_term   = -0.0302 (-1.7%)
 train      L_beta_logbeta_term = +0.1412 (7.8%)
 train  L_E   = +0.6559 (36.4%)
 train    L_E_charge = +0.0000 (0.0%)
 train    L_E_cond = +0.3808 (21.2%)
 train    L_E_cluster = +0.2751 (15.3%)
 train    L_E_w_photon   = +0.0000 (0.0%)
 train    L_E_w_charged_hadron   = +0.0000 (0.0%)
 train    L_E_w_neutral_hadron   = +0.0000 (0.0%)
 train    L_E_w_muon     = +0.0000 (0.0%)
 train    L_E_w_electron = +0.0000 (0.0%)
learning rate :  [0.00039890465297888624, 0.00039563061276672447, 0.000390213750433216, 0.00038271341425563806, 0.0003732117794866986, 0.00036181294802527074, 0.000348641807854205, 0.0003338426647414537, 0.00031757766119588004, 0.00030002500000000004, 0.0002813769917830063, 0.00026183794802527076, 0.00024162194257901096, 0.00022095046623036733, 0.00020005, 0.00017914953376963274, 0.00015847805742098906, 0.0001382620519747293, 0.00011872300821699378, 0.00010007500000000005, 8.252233880412002e-05, 6.625733525854636e-05, 5.1458192145795003e-05, 3.8287051974729284e-05, 2.688822051330148e-05, 1.7386585744361935e-05, 9.886249566784053e-06, 4.469387233275552e-06, 1.1953470211137557e-06, 1e-07, 0.0003990946109184883, 0.0003963866430176782, 0.0003919006200742188, 0.0003856771682065637, 0.00037777264795855195, 0.0003682586438895947, 0.00035722131629382036, 0.00034476062091910877, 0.0003309894037523598, 0.00031603237906876113, 0.00030002500000000004, 0.0002831122318497272, 0.00026544723926531853, 0.00024718999915511003, 0.00022850585191274341, 0.00020956400406895733, 0.00019053599593104275, 0.00017159414808725666, 0.00015291000084489, 0.00013465276073468155, 0.00011698776815027284, 0.00010007500000000005, 8.406762093123896e-05, 6.911059624764027e-05, 5.5339379080891216e-05, 4.287868370617969e-05, 3.18413561104053e-05, 2.2327352041448074e-05, 1.4422831793436292e-05, 8.199379925781274e-06, 3.713356982321794e-06, 1.0053890815117365e-06, 1e-07, 0.0003992796778340782, 0.0003971239012740243, 0.00039354820273935316, 0.0003885783452199438, 0.00038225013665310777, 0.0003746091719265796, 0.00036571050436630625, 0.000355618249075972, 0.00034440512098620716, 0.0003321519109418468, 0.0003189469036020421, 0.0003048852413472685, 0.00029006823877629376, 0.00027460265273217277, 0.00025859991311674626, 0.0002421753200356455, 0.0002254472130583884, 0.00020853611857906987, 0.0001915638814209302, 0.00017465278694161161, 0.00015792467996435458, 0.00014150008688325376, 0.0001254973472678273, 0.0001100317612237062, 9.521475865273155e-05, 8.115309639795791e-05, 6.794808905815326e-05, 5.5694879013792844e-05, 4.448175092402807e-05, 3.438949563369378e-05, 2.549082807342043e-05, 1.7849863346892246e-05, 1.1521654780056213e-05]
train loss :  2.799910545349121
test   L_V                   = +19999.8691 (100.0%)
    L_V_attractive      = +19999.7676 (100.0%)
      L_V_attractive_charged      = +1502.0759 (7.5%)
      L_V_attractive_neutral      = +18497.6934 (92.5%)
    L_V_repulsive       = +0.1180 (0.0%)
      L_V_repulsive_charged       = +0.0644 (0.0%)
      L_V_repulsive_neutral       = +0.0537 (0.0%)
    L_charged_cluster   = +0.0000 (0.0%)
  L_beta              = +0.8111 (0.0%)
    L_beta_noise        = +0.0000 (0.0%)
    L_beta_sig          = +0.1193 (0.0%)
    L_beta_suppress     = +0.0000 (0.0%)
    L_beta_track        = +0.6918 (0.0%)
      L_beta_norms_term   = -0.0292 (-0.0%)
      L_beta_logbeta_term = +0.1485 (0.0%)
  L_E   = +0.6164 (0.0%)
    L_E_charge = +0.0000 (0.0%)
    L_E_cond = +0.3460 (0.0%)
    L_E_cluster = +0.2704 (0.0%)
    L_E_w_photon   = +0.0000 (0.0%)
    L_E_w_charged_hadron   = +0.0000 (0.0%)
    L_E_w_neutral_hadron   = +0.0000 (0.0%)
    L_E_w_muon     = +0.0000 (0.0%)
    L_E_w_electron = +0.0000 (0.0%)
Returning 20002.296875
[rank 0] epoch=96 train_batch=2000/15625 loss=2.742394
[rank 0] epoch=96 train_batch=4000/15625 loss=2.808949
[rank 0] epoch=96 train_batch=6000/15625 loss=2.736620
[rank 0] epoch=96 train_batch=8000/15625 loss=3.098407
[rank 0] epoch=96 train_batch=10000/15625 loss=2.833448
[rank 0] epoch=96 train_batch=12000/15625 loss=2.803462
[rank 0] epoch=96 train_batch=14000/15625 loss=2.817255
Training epoch 96
[9.71941504e+00 2.98854109e-01 1.71114087e+01 7.77594335e-02
 1.55188179e+01 2.34355414e-05 1.84891417e+00 1.80412683e-02
 3.35803229e+00 9.50696671e-09 2.13276286e+00 2.01140190e+00
 4.36192056e+00 2.46070710e-01 6.13765331e-01 3.97845127e-01
 1.57818540e+00 1.58044580e-01 1.43723982e+00 3.03039935e-02
 1.50565544e-01 2.69332039e-02 5.03783850e-02 3.89782953e-09
 1.55977306e-01 3.58665343e-03 2.19583358e-01 3.59153566e-09
 5.32551858e-02 6.62756467e-02 2.98250684e-01 2.71960097e-02
 3.97553707e-02 3.78313106e-02 1.51207703e-01 1.59806114e-02
 1.33016007e-01 1.68422402e-03 7.17255877e-02 1.29771095e-02
 2.20277407e-03 4.57609877e-10 8.85923656e-03 2.62395942e-04
 7.59968872e-03 4.11709738e-10 7.85753181e-03 1.31581898e-02
 2.55366015e-02 4.17085759e-03 1.59184904e-02 1.20714184e-02
 3.75520403e-02 4.24446611e-03 5.68261701e-02 2.26321182e-03
 2.31172407e-02 9.21670134e-03 1.04140040e-06 1.44247397e-11
 2.36866722e-06 9.83099225e-09 1.56510744e-06 6.55532678e-11
 4.92332967e-07 6.57098210e-07 2.56204658e-06 2.58781440e-07
 4.65271996e-07 1.10797959e-07 2.85765549e-06 4.24388537e-08
 3.33705544e-06 1.73569535e-07 2.11330257e-07 8.59017849e-03
 5.47081347e-01 7.56280603e-03 2.01133418e-01 5.85420215e-02
 3.44055068e-01 1.66462515e-02 2.10098428e-01 6.07556433e-02
 4.83889122e-01 1.76405295e-02 2.73814236e-01 1.87128433e-01
 1.03868811e+00 5.47429784e-02 4.01961251e+00 5.93614174e-01
 1.88473018e+00 2.76832476e-01 1.29924896e+00 2.01807266e-01
 1.17434778e+00 1.45034523e+00]
train  L_V                   = +0.3562 (19.8%)
 train    L_V_attractive      = +0.2468 (13.7%)
 train      L_V_attractive_charged      = +0.1947 (10.8%)
 train      L_V_attractive_neutral      = +0.0521 (2.9%)
 train    L_V_repulsive       = +0.1093 (6.1%)
 train      L_V_repulsive_charged       = +0.0617 (3.4%)
 train      L_V_repulsive_neutral       = +0.0476 (2.6%)
 train    L_charged_cluster   = +0.0000 (0.0%)
 train  L_beta              = +0.7878 (43.8%)
 train    L_beta_noise        = +0.0000 (0.0%)
 train    L_beta_sig          = +0.1109 (6.2%)
 train    L_beta_suppress     = +0.0000 (0.0%)
 train    L_beta_track        = +0.6768 (37.6%)
 train      L_beta_norms_term   = -0.0302 (-1.7%)
 train      L_beta_logbeta_term = +0.1412 (7.8%)
 train  L_E   = +0.6553 (36.4%)
 train    L_E_charge = +0.0000 (0.0%)
 train    L_E_cond = +0.3803 (21.1%)
 train    L_E_cluster = +0.2750 (15.3%)
 train    L_E_w_photon   = +0.0000 (0.0%)
 train    L_E_w_charged_hadron   = +0.0000 (0.0%)
 train    L_E_w_neutral_hadron   = +0.0000 (0.0%)
 train    L_E_w_muon     = +0.0000 (0.0%)
 train    L_E_w_electron = +0.0000 (0.0%)
learning rate :  [0.00039890465297888624, 0.00039563061276672447, 0.000390213750433216, 0.00038271341425563806, 0.0003732117794866986, 0.00036181294802527074, 0.000348641807854205, 0.0003338426647414537, 0.00031757766119588004, 0.00030002500000000004, 0.0002813769917830063, 0.00026183794802527076, 0.00024162194257901096, 0.00022095046623036733, 0.00020005, 0.00017914953376963274, 0.00015847805742098906, 0.0001382620519747293, 0.00011872300821699378, 0.00010007500000000005, 8.252233880412002e-05, 6.625733525854636e-05, 5.1458192145795003e-05, 3.8287051974729284e-05, 2.688822051330148e-05, 1.7386585744361935e-05, 9.886249566784053e-06, 4.469387233275552e-06, 1.1953470211137557e-06, 1e-07, 0.0003990946109184883, 0.0003963866430176782, 0.0003919006200742188, 0.0003856771682065637, 0.00037777264795855195, 0.0003682586438895947, 0.00035722131629382036, 0.00034476062091910877, 0.0003309894037523598, 0.00031603237906876113, 0.00030002500000000004, 0.0002831122318497272, 0.00026544723926531853, 0.00024718999915511003, 0.00022850585191274341, 0.00020956400406895733, 0.00019053599593104275, 0.00017159414808725666, 0.00015291000084489, 0.00013465276073468155, 0.00011698776815027284, 0.00010007500000000005, 8.406762093123896e-05, 6.911059624764027e-05, 5.5339379080891216e-05, 4.287868370617969e-05, 3.18413561104053e-05, 2.2327352041448074e-05, 1.4422831793436292e-05, 8.199379925781274e-06, 3.713356982321794e-06, 1.0053890815117365e-06, 1e-07, 0.0003992796778340782, 0.0003971239012740243, 0.00039354820273935316, 0.0003885783452199438, 0.00038225013665310777, 0.0003746091719265796, 0.00036571050436630625, 0.000355618249075972, 0.00034440512098620716, 0.0003321519109418468, 0.0003189469036020421, 0.0003048852413472685, 0.00029006823877629376, 0.00027460265273217277, 0.00025859991311674626, 0.0002421753200356455, 0.0002254472130583884, 0.00020853611857906987, 0.0001915638814209302, 0.00017465278694161161, 0.00015792467996435458, 0.00014150008688325376, 0.0001254973472678273, 0.0001100317612237062, 9.521475865273155e-05, 8.115309639795791e-05, 6.794808905815326e-05, 5.5694879013792844e-05, 4.448175092402807e-05, 3.438949563369378e-05, 2.549082807342043e-05, 1.7849863346892246e-05, 1.1521654780056213e-05, 6.5517972606469006e-06]
train loss :  2.7992749214172363
test   L_V                   = +36888.6758 (100.0%)
    L_V_attractive      = +36888.5898 (100.0%)
      L_V_attractive_charged      = +1019.2642 (2.8%)
      L_V_attractive_neutral      = +35869.4922 (97.2%)
    L_V_repulsive       = +0.1120 (0.0%)
      L_V_repulsive_charged       = +0.0616 (0.0%)
      L_V_repulsive_neutral       = +0.0504 (0.0%)
    L_charged_cluster   = +0.0000 (0.0%)
  L_beta              = +0.9072 (0.0%)
    L_beta_noise        = +0.0000 (0.0%)
    L_beta_sig          = +0.1801 (0.0%)
    L_beta_suppress     = +0.0000 (0.0%)
    L_beta_track        = +0.7272 (0.0%)
      L_beta_norms_term   = -0.0136 (-0.0%)
      L_beta_logbeta_term = +0.1937 (0.0%)
  L_E   = +1.1703 (0.0%)
    L_E_charge = +0.0000 (0.0%)
    L_E_cond = +0.8041 (0.0%)
    L_E_cluster = +0.3662 (0.0%)
    L_E_w_photon   = +0.0000 (0.0%)
    L_E_w_charged_hadron   = +0.0000 (0.0%)
    L_E_w_neutral_hadron   = +0.0000 (0.0%)
    L_E_w_muon     = +0.0000 (0.0%)
    L_E_w_electron = +0.0000 (0.0%)
Returning 36891.75390625
[rank 0] epoch=97 train_batch=2000/15625 loss=2.735035
[rank 0] epoch=97 train_batch=4000/15625 loss=2.770526
[rank 0] epoch=97 train_batch=6000/15625 loss=2.812769
[rank 0] epoch=97 train_batch=8000/15625 loss=2.837123
[rank 0] epoch=97 train_batch=10000/15625 loss=2.783517
[rank 0] epoch=97 train_batch=12000/15625 loss=2.756465
[rank 0] epoch=97 train_batch=14000/15625 loss=2.774752
Training epoch 97
[1.01119655e+01 3.41055078e-01 1.86065248e+01 8.13932194e-02
 1.68296138e+01 2.23585055e-05 2.14184587e+00 1.62843214e-02
 3.75990268e+00 9.97848535e-09 2.44317750e+00 2.44314554e+00
 4.55549128e+00 2.89766457e-01 6.62791900e-01 4.50044460e-01
 1.60651218e+00 1.59715477e-01 1.45638909e+00 3.21004195e-02
 1.50695574e-01 2.86398318e-02 5.34634180e-02 4.65669046e-09
 1.62395643e-01 3.97533213e-03 2.31236255e-01 3.89846674e-09
 5.44035841e-02 6.84590227e-02 3.06199161e-01 2.83927898e-02
 4.22506171e-02 4.05348297e-02 1.60706562e-01 1.70769830e-02
 1.40072713e-01 1.78027392e-03 7.30278744e-02 1.35845340e-02
 2.50595744e-03 5.04204064e-10 9.62891969e-03 3.11170689e-04
 8.20886399e-03 4.46969124e-10 8.60465376e-03 1.43505428e-02
 2.78264728e-02 4.58164750e-03 1.74320755e-02 1.33157462e-02
 4.08316111e-02 4.67158861e-03 6.03102476e-02 2.40364906e-03
 2.37835441e-02 9.71735516e-03 1.36741772e-06 1.79377507e-11
 3.03867414e-06 1.26017373e-08 1.96658554e-06 5.06233329e-11
 6.14786922e-07 8.15736382e-07 3.18219396e-06 3.17786416e-07
 5.57369044e-07 1.54140444e-07 3.39903144e-06 5.75167032e-08
 4.63581144e-06 2.41952335e-07 2.51101822e-07 8.95041712e-03
 5.51314607e-01 7.84728653e-03 2.01207039e-01 5.84890709e-02
 3.43950751e-01 1.65699968e-02 2.08988592e-01 6.05860277e-02
 4.80899202e-01 1.74961686e-02 2.71176972e-01 1.85981175e-01
 1.02812763e+00 5.43758688e-02 3.92207745e+00 5.78527640e-01
 1.83731976e+00 2.69741241e-01 1.26776964e+00 1.96948341e-01
 1.14165717e+00 1.39582540e+00]
train  L_V                   = +0.3560 (19.8%)
 train    L_V_attractive      = +0.2467 (13.7%)
 train      L_V_attractive_charged      = +0.1946 (10.8%)
 train      L_V_attractive_neutral      = +0.0521 (2.9%)
 train    L_V_repulsive       = +0.1092 (6.1%)
 train      L_V_repulsive_charged       = +0.0617 (3.4%)
 train      L_V_repulsive_neutral       = +0.0476 (2.6%)
 train    L_charged_cluster   = +0.0000 (0.0%)
 train  L_beta              = +0.7878 (43.8%)
 train    L_beta_noise        = +0.0000 (0.0%)
 train    L_beta_sig          = +0.1109 (6.2%)
 train    L_beta_suppress     = +0.0000 (0.0%)
 train    L_beta_track        = +0.6769 (37.6%)
 train      L_beta_norms_term   = -0.0302 (-1.7%)
 train      L_beta_logbeta_term = +0.1411 (7.8%)
 train  L_E   = +0.6546 (36.4%)
 train    L_E_charge = +0.0000 (0.0%)
 train    L_E_cond = +0.3797 (21.1%)
 train    L_E_cluster = +0.2749 (15.3%)
 train    L_E_w_photon   = +0.0000 (0.0%)
 train    L_E_w_charged_hadron   = +0.0000 (0.0%)
 train    L_E_w_neutral_hadron   = +0.0000 (0.0%)
 train    L_E_w_muon     = +0.0000 (0.0%)
 train    L_E_w_electron = +0.0000 (0.0%)
learning rate :  [0.00039890465297888624, 0.00039563061276672447, 0.000390213750433216, 0.00038271341425563806, 0.0003732117794866986, 0.00036181294802527074, 0.000348641807854205, 0.0003338426647414537, 0.00031757766119588004, 0.00030002500000000004, 0.0002813769917830063, 0.00026183794802527076, 0.00024162194257901096, 0.00022095046623036733, 0.00020005, 0.00017914953376963274, 0.00015847805742098906, 0.0001382620519747293, 0.00011872300821699378, 0.00010007500000000005, 8.252233880412002e-05, 6.625733525854636e-05, 5.1458192145795003e-05, 3.8287051974729284e-05, 2.688822051330148e-05, 1.7386585744361935e-05, 9.886249566784053e-06, 4.469387233275552e-06, 1.1953470211137557e-06, 1e-07, 0.0003990946109184883, 0.0003963866430176782, 0.0003919006200742188, 0.0003856771682065637, 0.00037777264795855195, 0.0003682586438895947, 0.00035722131629382036, 0.00034476062091910877, 0.0003309894037523598, 0.00031603237906876113, 0.00030002500000000004, 0.0002831122318497272, 0.00026544723926531853, 0.00024718999915511003, 0.00022850585191274341, 0.00020956400406895733, 0.00019053599593104275, 0.00017159414808725666, 0.00015291000084489, 0.00013465276073468155, 0.00011698776815027284, 0.00010007500000000005, 8.406762093123896e-05, 6.911059624764027e-05, 5.5339379080891216e-05, 4.287868370617969e-05, 3.18413561104053e-05, 2.2327352041448074e-05, 1.4422831793436292e-05, 8.199379925781274e-06, 3.713356982321794e-06, 1.0053890815117365e-06, 1e-07, 0.0003992796778340782, 0.0003971239012740243, 0.00039354820273935316, 0.0003885783452199438, 0.00038225013665310777, 0.0003746091719265796, 0.00036571050436630625, 0.000355618249075972, 0.00034440512098620716, 0.0003321519109418468, 0.0003189469036020421, 0.0003048852413472685, 0.00029006823877629376, 0.00027460265273217277, 0.00025859991311674626, 0.0002421753200356455, 0.0002254472130583884, 0.00020853611857906987, 0.0001915638814209302, 0.00017465278694161161, 0.00015792467996435458, 0.00014150008688325376, 0.0001254973472678273, 0.0001100317612237062, 9.521475865273155e-05, 8.115309639795791e-05, 6.794808905815326e-05, 5.5694879013792844e-05, 4.448175092402807e-05, 3.438949563369378e-05, 2.549082807342043e-05, 1.7849863346892246e-05, 1.1521654780056213e-05, 6.5517972606469006e-06, 2.976098725975694e-06]
train loss :  2.798370838165283
test   L_V                   = +44641.8555 (100.0%)
    L_V_attractive      = +44641.8008 (100.0%)
      L_V_attractive_charged      = +32251.5586 (72.2%)
      L_V_attractive_neutral      = +12390.1240 (27.8%)
    L_V_repulsive       = +0.0976 (0.0%)
      L_V_repulsive_charged       = +0.0538 (0.0%)
      L_V_repulsive_neutral       = +0.0438 (0.0%)
    L_charged_cluster   = +0.0000 (0.0%)
  L_beta              = +0.8812 (0.0%)
    L_beta_noise        = +0.0000 (0.0%)
    L_beta_sig          = +0.1662 (0.0%)
    L_beta_suppress     = +0.0000 (0.0%)
    L_beta_track        = +0.7151 (0.0%)
      L_beta_norms_term   = -0.0148 (-0.0%)
      L_beta_logbeta_term = +0.1810 (0.0%)
  L_E   = +1.1214 (0.0%)
    L_E_charge = +0.0000 (0.0%)
    L_E_cond = +0.7888 (0.0%)
    L_E_cluster = +0.3326 (0.0%)
    L_E_w_photon   = +0.0000 (0.0%)
    L_E_w_charged_hadron   = +0.0000 (0.0%)
    L_E_w_neutral_hadron   = +0.0000 (0.0%)
    L_E_w_muon     = +0.0000 (0.0%)
    L_E_w_electron = +0.0000 (0.0%)
Returning 44644.859375
[rank 0] epoch=98 train_batch=2000/15625 loss=2.781749
[rank 0] epoch=98 train_batch=4000/15625 loss=2.866671
[rank 0] epoch=98 train_batch=6000/15625 loss=2.873142
[rank 0] epoch=98 train_batch=8000/15625 loss=2.789778
[rank 0] epoch=98 train_batch=10000/15625 loss=2.823959
[rank 0] epoch=98 train_batch=12000/15625 loss=2.756119
[rank 0] epoch=98 train_batch=14000/15625 loss=2.794041
Training epoch 98
[1.01360246e+01 3.48504564e-01 1.89596838e+01 8.60769729e-02
 1.70193147e+01 2.37730356e-05 2.16915235e+00 1.70617493e-02
 3.80610704e+00 1.00211732e-08 2.51158960e+00 2.54626923e+00
 4.57552405e+00 2.89276004e-01 6.64770013e-01 4.48624454e-01
 1.61376970e+00 1.60292204e-01 1.47476546e+00 3.28504514e-02
 1.50414596e-01 2.86407274e-02 5.42364078e-02 4.93221644e-09
 1.65171835e-01 3.95874701e-03 2.34934805e-01 3.92886495e-09
 5.51611604e-02 6.93427283e-02 3.12537551e-01 2.84595865e-02
 4.33594444e-02 4.22732589e-02 1.66592308e-01 1.77818132e-02
 1.43540642e-01 1.78684466e-03 7.34560087e-02 1.37812330e-02
 2.67174055e-03 5.08413026e-10 9.86609129e-03 3.25971466e-04
 8.42676717e-03 4.56826963e-10 8.74369424e-03 1.45554579e-02
 2.83713539e-02 4.68427725e-03 1.77761705e-02 1.35740715e-02
 4.15464905e-02 4.76318757e-03 6.15567122e-02 2.47932405e-03
 2.36805740e-02 9.76817047e-03 1.70539326e-06 2.20051917e-11
 3.94523633e-06 1.72932620e-08 2.57990109e-06 7.34992307e-11
 8.20113258e-07 9.88307997e-07 4.15834816e-06 3.92528460e-07
 7.23599611e-07 2.10301250e-07 4.48685724e-06 7.67300466e-08
 5.87182092e-06 3.05992634e-07 2.68502533e-07 8.97230616e-03
 5.57305396e-01 7.92403038e-03 2.03719948e-01 5.91209047e-02
 3.47924943e-01 1.66889988e-02 2.10389946e-01 6.08632247e-02
 4.83249514e-01 1.75995507e-02 2.73298162e-01 1.87384885e-01
 1.03420357e+00 5.47708448e-02 3.93217504e+00 5.78708745e-01
 1.83955957e+00 2.69895998e-01 1.26882219e+00 1.96853125e-01
 1.13443266e+00 1.37520359e+00]
train  L_V                   = +0.3559 (19.8%)
 train    L_V_attractive      = +0.2467 (13.7%)
 train      L_V_attractive_charged      = +0.1946 (10.8%)
 train      L_V_attractive_neutral      = +0.0521 (2.9%)
 train    L_V_repulsive       = +0.1092 (6.1%)
 train      L_V_repulsive_charged       = +0.0617 (3.4%)
 train      L_V_repulsive_neutral       = +0.0475 (2.6%)
 train    L_charged_cluster   = +0.0000 (0.0%)
 train  L_beta              = +0.7877 (43.8%)
 train    L_beta_noise        = +0.0000 (0.0%)
 train    L_beta_sig          = +0.1108 (6.2%)
 train    L_beta_suppress     = +0.0000 (0.0%)
 train    L_beta_track        = +0.6769 (37.7%)
 train      L_beta_norms_term   = -0.0302 (-1.7%)
 train      L_beta_logbeta_term = +0.1410 (7.8%)
 train  L_E   = +0.6542 (36.4%)
 train    L_E_charge = +0.0000 (0.0%)
 train    L_E_cond = +0.3793 (21.1%)
 train    L_E_cluster = +0.2749 (15.3%)
 train    L_E_w_photon   = +0.0000 (0.0%)
 train    L_E_w_charged_hadron   = +0.0000 (0.0%)
 train    L_E_w_neutral_hadron   = +0.0000 (0.0%)
 train    L_E_w_muon     = +0.0000 (0.0%)
 train    L_E_w_electron = +0.0000 (0.0%)
learning rate :  [0.00039890465297888624, 0.00039563061276672447, 0.000390213750433216, 0.00038271341425563806, 0.0003732117794866986, 0.00036181294802527074, 0.000348641807854205, 0.0003338426647414537, 0.00031757766119588004, 0.00030002500000000004, 0.0002813769917830063, 0.00026183794802527076, 0.00024162194257901096, 0.00022095046623036733, 0.00020005, 0.00017914953376963274, 0.00015847805742098906, 0.0001382620519747293, 0.00011872300821699378, 0.00010007500000000005, 8.252233880412002e-05, 6.625733525854636e-05, 5.1458192145795003e-05, 3.8287051974729284e-05, 2.688822051330148e-05, 1.7386585744361935e-05, 9.886249566784053e-06, 4.469387233275552e-06, 1.1953470211137557e-06, 1e-07, 0.0003990946109184883, 0.0003963866430176782, 0.0003919006200742188, 0.0003856771682065637, 0.00037777264795855195, 0.0003682586438895947, 0.00035722131629382036, 0.00034476062091910877, 0.0003309894037523598, 0.00031603237906876113, 0.00030002500000000004, 0.0002831122318497272, 0.00026544723926531853, 0.00024718999915511003, 0.00022850585191274341, 0.00020956400406895733, 0.00019053599593104275, 0.00017159414808725666, 0.00015291000084489, 0.00013465276073468155, 0.00011698776815027284, 0.00010007500000000005, 8.406762093123896e-05, 6.911059624764027e-05, 5.5339379080891216e-05, 4.287868370617969e-05, 3.18413561104053e-05, 2.2327352041448074e-05, 1.4422831793436292e-05, 8.199379925781274e-06, 3.713356982321794e-06, 1.0053890815117365e-06, 1e-07, 0.0003992796778340782, 0.0003971239012740243, 0.00039354820273935316, 0.0003885783452199438, 0.00038225013665310777, 0.0003746091719265796, 0.00036571050436630625, 0.000355618249075972, 0.00034440512098620716, 0.0003321519109418468, 0.0003189469036020421, 0.0003048852413472685, 0.00029006823877629376, 0.00027460265273217277, 0.00025859991311674626, 0.0002421753200356455, 0.0002254472130583884, 0.00020853611857906987, 0.0001915638814209302, 0.00017465278694161161, 0.00015792467996435458, 0.00014150008688325376, 0.0001254973472678273, 0.0001100317612237062, 9.521475865273155e-05, 8.115309639795791e-05, 6.794808905815326e-05, 5.5694879013792844e-05, 4.448175092402807e-05, 3.438949563369378e-05, 2.549082807342043e-05, 1.7849863346892246e-05, 1.1521654780056213e-05, 6.5517972606469006e-06, 2.976098725975694e-06, 8.203221659218221e-07]
train loss :  2.797724485397339
test   L_V                   = +7769.3218 (100.0%)
    L_V_attractive      = +7769.2163 (100.0%)
      L_V_attractive_charged      = +590.3514 (7.6%)
      L_V_attractive_neutral      = +7178.9258 (92.4%)
    L_V_repulsive       = +0.1231 (0.0%)
      L_V_repulsive_charged       = +0.0684 (0.0%)
      L_V_repulsive_neutral       = +0.0547 (0.0%)
    L_charged_cluster   = +0.0000 (0.0%)
  L_beta              = +0.8417 (0.0%)
    L_beta_noise        = +0.0000 (0.0%)
    L_beta_sig          = +0.1404 (0.0%)
    L_beta_suppress     = +0.0000 (0.0%)
    L_beta_track        = +0.7013 (0.0%)
      L_beta_norms_term   = -0.0194 (-0.0%)
      L_beta_logbeta_term = +0.1598 (0.0%)
  L_E   = +1.0646 (0.0%)
    L_E_charge = +0.0000 (0.0%)
    L_E_cond = +0.7530 (0.0%)
    L_E_cluster = +0.3116 (0.0%)
    L_E_w_photon   = +0.0000 (0.0%)
    L_E_w_charged_hadron   = +0.0000 (0.0%)
    L_E_w_neutral_hadron   = +0.0000 (0.0%)
    L_E_w_muon     = +0.0000 (0.0%)
    L_E_w_electron = +0.0000 (0.0%)
Returning 7772.22802734375
[rank 0] epoch=99 train_batch=2000/15625 loss=2.775648
[rank 0] epoch=99 train_batch=4000/15625 loss=2.744750
[rank 0] epoch=99 train_batch=6000/15625 loss=2.858858
[rank 0] epoch=99 train_batch=8000/15625 loss=2.897652
[rank 0] epoch=99 train_batch=10000/15625 loss=2.776331
[rank 0] epoch=99 train_batch=12000/15625 loss=2.727027
[rank 0] epoch=99 train_batch=14000/15625 loss=2.756595
Training epoch 99
[1.02669026e+01 3.77445617e-01 1.97140267e+01 9.93494973e-02
 1.76302768e+01 3.55820830e-05 2.28053200e+00 2.09259862e-02
 3.98057190e+00 1.15604741e-08 2.64516952e+00 2.72405819e+00
 4.69092532e+00 3.09263644e-01 6.88679862e-01 4.74943514e-01
 1.63913347e+00 1.63359177e-01 1.47067815e+00 3.31175047e-02
 1.50296642e-01 2.93512121e-02 5.57439179e-02 4.99763688e-09
 1.68570266e-01 4.27693413e-03 2.39947246e-01 4.03303854e-09
 5.59076787e-02 7.04394814e-02 3.16687982e-01 2.88866352e-02
 4.36812456e-02 4.22482345e-02 1.67482693e-01 1.77605838e-02
 1.44298142e-01 1.81442165e-03 7.27354342e-02 1.36037725e-02
 2.76694205e-03 5.03332875e-10 9.96047533e-03 3.41459300e-04
 8.65042539e-03 4.51642141e-10 8.75380586e-03 1.45843960e-02
 2.85550708e-02 4.69996784e-03 1.77693075e-02 1.35448848e-02
 4.15222953e-02 4.76383328e-03 6.08381230e-02 2.44322323e-03
 2.31562423e-02 9.61503047e-03 1.90258204e-06 2.32431706e-11
 3.59383446e-06 1.74489078e-08 2.68838747e-06 8.61156722e-11
 8.66710043e-07 9.99097017e-07 4.40048029e-06 3.97039778e-07
 7.33706659e-07 2.00391804e-07 4.53181341e-06 7.75106374e-08
 6.19128030e-06 3.21900880e-07 2.63810508e-07 8.86797084e-03
 5.54594427e-01 7.82594624e-03 2.02596590e-01 5.89509967e-02
 3.45131411e-01 1.66683429e-02 2.09790152e-01 6.09606918e-02
 4.82619989e-01 1.76604229e-02 2.72039413e-01 1.87351058e-01
 1.03221850e+00 5.47839398e-02 3.93818458e+00 5.78678472e-01
 1.84151289e+00 2.69734247e-01 1.26996738e+00 1.96660208e-01
 1.12993393e+00 1.37225140e+00]
train  L_V                   = +0.3559 (19.8%)
 train    L_V_attractive      = +0.2466 (13.7%)
 train      L_V_attractive_charged      = +0.1945 (10.8%)
 train      L_V_attractive_neutral      = +0.0521 (2.9%)
 train    L_V_repulsive       = +0.1093 (6.1%)
 train      L_V_repulsive_charged       = +0.0617 (3.4%)
 train      L_V_repulsive_neutral       = +0.0476 (2.6%)
 train    L_charged_cluster   = +0.0000 (0.0%)
 train  L_beta              = +0.7877 (43.8%)
 train    L_beta_noise        = +0.0000 (0.0%)
 train    L_beta_sig          = +0.1108 (6.2%)
 train    L_beta_suppress     = +0.0000 (0.0%)
 train    L_beta_track        = +0.6769 (37.7%)
 train      L_beta_norms_term   = -0.0302 (-1.7%)
 train      L_beta_logbeta_term = +0.1410 (7.8%)
 train  L_E   = +0.6539 (36.4%)
 train    L_E_charge = +0.0000 (0.0%)
 train    L_E_cond = +0.3790 (21.1%)
 train    L_E_cluster = +0.2749 (15.3%)
 train    L_E_w_photon   = +0.0000 (0.0%)
 train    L_E_w_charged_hadron   = +0.0000 (0.0%)
 train    L_E_w_neutral_hadron   = +0.0000 (0.0%)
 train    L_E_w_muon     = +0.0000 (0.0%)
 train    L_E_w_electron = +0.0000 (0.0%)
learning rate :  [0.00039890465297888624, 0.00039563061276672447, 0.000390213750433216, 0.00038271341425563806, 0.0003732117794866986, 0.00036181294802527074, 0.000348641807854205, 0.0003338426647414537, 0.00031757766119588004, 0.00030002500000000004, 0.0002813769917830063, 0.00026183794802527076, 0.00024162194257901096, 0.00022095046623036733, 0.00020005, 0.00017914953376963274, 0.00015847805742098906, 0.0001382620519747293, 0.00011872300821699378, 0.00010007500000000005, 8.252233880412002e-05, 6.625733525854636e-05, 5.1458192145795003e-05, 3.8287051974729284e-05, 2.688822051330148e-05, 1.7386585744361935e-05, 9.886249566784053e-06, 4.469387233275552e-06, 1.1953470211137557e-06, 1e-07, 0.0003990946109184883, 0.0003963866430176782, 0.0003919006200742188, 0.0003856771682065637, 0.00037777264795855195, 0.0003682586438895947, 0.00035722131629382036, 0.00034476062091910877, 0.0003309894037523598, 0.00031603237906876113, 0.00030002500000000004, 0.0002831122318497272, 0.00026544723926531853, 0.00024718999915511003, 0.00022850585191274341, 0.00020956400406895733, 0.00019053599593104275, 0.00017159414808725666, 0.00015291000084489, 0.00013465276073468155, 0.00011698776815027284, 0.00010007500000000005, 8.406762093123896e-05, 6.911059624764027e-05, 5.5339379080891216e-05, 4.287868370617969e-05, 3.18413561104053e-05, 2.2327352041448074e-05, 1.4422831793436292e-05, 8.199379925781274e-06, 3.713356982321794e-06, 1.0053890815117365e-06, 1e-07, 0.0003992796778340782, 0.0003971239012740243, 0.00039354820273935316, 0.0003885783452199438, 0.00038225013665310777, 0.0003746091719265796, 0.00036571050436630625, 0.000355618249075972, 0.00034440512098620716, 0.0003321519109418468, 0.0003189469036020421, 0.0003048852413472685, 0.00029006823877629376, 0.00027460265273217277, 0.00025859991311674626, 0.0002421753200356455, 0.0002254472130583884, 0.00020853611857906987, 0.0001915638814209302, 0.00017465278694161161, 0.00015792467996435458, 0.00014150008688325376, 0.0001254973472678273, 0.0001100317612237062, 9.521475865273155e-05, 8.115309639795791e-05, 6.794808905815326e-05, 5.5694879013792844e-05, 4.448175092402807e-05, 3.438949563369378e-05, 2.549082807342043e-05, 1.7849863346892246e-05, 1.1521654780056213e-05, 6.5517972606469006e-06, 2.976098725975694e-06, 8.203221659218221e-07, 1e-07]
train loss :  2.797450542449951
test   L_V                   = +1224.6155 (99.8%)
    L_V_attractive      = +1224.4896 (99.8%)
      L_V_attractive_charged      = +36.9886 (3.0%)
      L_V_attractive_neutral      = +1187.5035 (96.8%)
    L_V_repulsive       = +0.1252 (0.0%)
      L_V_repulsive_charged       = +0.0705 (0.0%)
      L_V_repulsive_neutral       = +0.0547 (0.0%)
    L_charged_cluster   = +0.0000 (0.0%)
  L_beta              = +0.8213 (0.1%)
    L_beta_noise        = +0.0000 (0.0%)
    L_beta_sig          = +0.1284 (0.0%)
    L_beta_suppress     = +0.0000 (0.0%)
    L_beta_track        = +0.6929 (0.1%)
      L_beta_norms_term   = -0.0212 (-0.0%)
      L_beta_logbeta_term = +0.1497 (0.0%)
  L_E   = +1.0307 (0.1%)
    L_E_charge = +0.0000 (0.0%)
    L_E_cond = +0.7216 (0.1%)
    L_E_cluster = +0.3091 (0.0%)
    L_E_w_photon   = +0.0000 (0.0%)
    L_E_w_charged_hadron   = +0.0000 (0.0%)
    L_E_w_neutral_hadron   = +0.0000 (0.0%)
    L_E_w_muon     = +0.0000 (0.0%)
    L_E_w_electron = +0.0000 (0.0%)
Returning 1227.4674072265625
[rank 0] epoch=100 train_batch=2000/15625 loss=2.818597
[rank 0] epoch=100 train_batch=4000/15625 loss=2.813130
[rank 0] epoch=100 train_batch=6000/15625 loss=3.033671
[rank 0] epoch=100 train_batch=8000/15625 loss=2.828356
[rank 0] epoch=100 train_batch=10000/15625 loss=2.770754
[rank 0] epoch=100 train_batch=12000/15625 loss=2.905043
[rank 0] epoch=100 train_batch=14000/15625 loss=2.786787
Training epoch 100
[8.11075557e+00 1.88205636e-01 1.64712106e+01 4.11061024e-02
 1.47853844e+01 1.62333687e-05 1.55533745e+00 1.01077055e-02
 3.05435233e+00 7.03905568e-09 2.12320273e+00 2.40737892e+00
 2.91818089e+00 2.44124211e-01 4.18876823e-01 3.76463071e-01
 1.16019177e+00 1.35196829e-01 1.64257403e+00 4.90593148e-02
 1.17186063e-01 2.35128569e-02 2.47147009e-02 2.67187237e-09
 2.87230588e-02 1.31334313e-03 3.83835642e-02 6.21937117e-10
 1.28376473e-02 1.26427360e-02 6.40057235e-02 5.07532679e-03
 8.40564105e-03 9.72063548e-03 3.89187313e-02 3.79664454e-03
 9.94452208e-02 2.97202842e-03 4.64411621e-02 1.18378493e-02
 6.02887887e-04 3.27239340e-10 5.57314271e-03 2.01465862e-04
 3.60221965e-03 5.23782181e-10 2.20630230e-03 2.87734085e-03
 9.46029890e-03 1.15203861e-03 5.42820713e-03 5.95433214e-03
 1.75934638e-02 2.05275545e-03 3.12723862e-02 1.34659991e-03
 1.86546514e-02 8.50971964e-03 7.73597245e-05 2.44895043e-09
 2.93390988e-04 3.72940810e-07 1.38579785e-04 1.12559996e-07
 3.65217061e-05 2.30550713e-05 1.41599592e-04 1.27981451e-05
 1.94295613e-05 4.10240448e-06 1.30626829e-04 1.58199075e-06
 8.56114358e-05 4.49964057e-06 5.27588911e-06 8.57218600e-03
 3.86131739e-01 6.91789610e-03 1.22929563e-01 4.26480977e-02
 2.54038359e-01 1.24623480e-02 1.61037109e-01 4.28998723e-02
 3.70889630e-01 1.25182205e-02 2.08418319e-01 1.29965614e-01
 7.80433165e-01 3.83335937e-02 3.79679448e+00 6.26497817e-01
 1.88191479e+00 2.97156031e-01 1.32460056e+00 2.33288483e-01
 1.94639373e+00 3.07023481e+00]
train  L_V                   = +0.3595 (19.6%)
 train    L_V_attractive      = +0.2485 (13.6%)
 train      L_V_attractive_charged      = +0.1967 (10.7%)
 train      L_V_attractive_neutral      = +0.0518 (2.8%)
 train    L_V_repulsive       = +0.1110 (6.1%)
 train      L_V_repulsive_charged       = +0.0624 (3.4%)
 train      L_V_repulsive_neutral       = +0.0486 (2.7%)
 train    L_charged_cluster   = +0.0000 (0.0%)
 train  L_beta              = +0.7935 (43.3%)
 train    L_beta_noise        = +0.0000 (0.0%)
 train    L_beta_sig          = +0.1159 (6.3%)
 train    L_beta_suppress     = +0.0000 (0.0%)
 train    L_beta_track        = +0.6776 (37.0%)
 train      L_beta_norms_term   = -0.0284 (-1.5%)
 train      L_beta_logbeta_term = +0.1443 (7.9%)
 train  L_E   = +0.6803 (37.1%)
 train    L_E_charge = +0.0000 (0.0%)
 train    L_E_cond = +0.4012 (21.9%)
 train    L_E_cluster = +0.2790 (15.2%)
 train    L_E_w_photon   = +0.0000 (0.0%)
 train    L_E_w_charged_hadron   = +0.0000 (0.0%)
 train    L_E_w_neutral_hadron   = +0.0000 (0.0%)
 train    L_E_w_muon     = +0.0000 (0.0%)
 train    L_E_w_electron = +0.0000 (0.0%)
learning rate :  [0.00039890465297888624, 0.00039563061276672447, 0.000390213750433216, 0.00038271341425563806, 0.0003732117794866986, 0.00036181294802527074, 0.000348641807854205, 0.0003338426647414537, 0.00031757766119588004, 0.00030002500000000004, 0.0002813769917830063, 0.00026183794802527076, 0.00024162194257901096, 0.00022095046623036733, 0.00020005, 0.00017914953376963274, 0.00015847805742098906, 0.0001382620519747293, 0.00011872300821699378, 0.00010007500000000005, 8.252233880412002e-05, 6.625733525854636e-05, 5.1458192145795003e-05, 3.8287051974729284e-05, 2.688822051330148e-05, 1.7386585744361935e-05, 9.886249566784053e-06, 4.469387233275552e-06, 1.1953470211137557e-06, 1e-07, 0.0003990946109184883, 0.0003963866430176782, 0.0003919006200742188, 0.0003856771682065637, 0.00037777264795855195, 0.0003682586438895947, 0.00035722131629382036, 0.00034476062091910877, 0.0003309894037523598, 0.00031603237906876113, 0.00030002500000000004, 0.0002831122318497272, 0.00026544723926531853, 0.00024718999915511003, 0.00022850585191274341, 0.00020956400406895733, 0.00019053599593104275, 0.00017159414808725666, 0.00015291000084489, 0.00013465276073468155, 0.00011698776815027284, 0.00010007500000000005, 8.406762093123896e-05, 6.911059624764027e-05, 5.5339379080891216e-05, 4.287868370617969e-05, 3.18413561104053e-05, 2.2327352041448074e-05, 1.4422831793436292e-05, 8.199379925781274e-06, 3.713356982321794e-06, 1.0053890815117365e-06, 1e-07, 0.0003992796778340782, 0.0003971239012740243, 0.00039354820273935316, 0.0003885783452199438, 0.00038225013665310777, 0.0003746091719265796, 0.00036571050436630625, 0.000355618249075972, 0.00034440512098620716, 0.0003321519109418468, 0.0003189469036020421, 0.0003048852413472685, 0.00029006823877629376, 0.00027460265273217277, 0.00025859991311674626, 0.0002421753200356455, 0.0002254472130583884, 0.00020853611857906987, 0.0001915638814209302, 0.00017465278694161161, 0.00015792467996435458, 0.00014150008688325376, 0.0001254973472678273, 0.0001100317612237062, 9.521475865273155e-05, 8.115309639795791e-05, 6.794808905815326e-05, 5.5694879013792844e-05, 4.448175092402807e-05, 3.438949563369378e-05, 2.549082807342043e-05, 1.7849863346892246e-05, 1.1521654780056213e-05, 6.5517972606469006e-06, 2.976098725975694e-06, 8.203221659218221e-07, 1e-07, 0.0002796193148626822]
train loss :  2.8332836627960205
test   L_V                   = +444278.0000 (100.0%)
    L_V_attractive      = +444277.8750 (100.0%)
      L_V_attractive_charged      = +316760.3438 (71.3%)
      L_V_attractive_neutral      = +127517.4688 (28.7%)
    L_V_repulsive       = +0.1584 (0.0%)
      L_V_repulsive_charged       = +0.0857 (0.0%)
      L_V_repulsive_neutral       = +0.0727 (0.0%)
    L_charged_cluster   = +0.0000 (0.0%)
  L_beta              = +0.9054 (0.0%)
    L_beta_noise        = +0.0000 (0.0%)
    L_beta_sig          = +0.2160 (0.0%)
    L_beta_suppress     = +0.0000 (0.0%)
    L_beta_track        = +0.6894 (0.0%)
      L_beta_norms_term   = -0.0150 (-0.0%)
      L_beta_logbeta_term = +0.2310 (0.0%)
  L_E   = +1.2020 (0.0%)
    L_E_charge = +0.0000 (0.0%)
    L_E_cond = +0.8015 (0.0%)
    L_E_cluster = +0.4005 (0.0%)
    L_E_w_photon   = +0.0000 (0.0%)
    L_E_w_charged_hadron   = +0.0000 (0.0%)
    L_E_w_neutral_hadron   = +0.0000 (0.0%)
    L_E_w_muon     = +0.0000 (0.0%)
    L_E_w_electron = +0.0000 (0.0%)
Returning 444281.09375
[rank 0] epoch=101 train_batch=2000/15625 loss=2.822473
[rank 0] epoch=101 train_batch=4000/15625 loss=2.829811
[rank 0] epoch=101 train_batch=6000/15625 loss=2.861668
[rank 0] epoch=101 train_batch=8000/15625 loss=2.871491
[rank 0] epoch=101 train_batch=10000/15625 loss=2.783517
[rank 0] epoch=101 train_batch=12000/15625 loss=2.814196
[rank 0] epoch=101 train_batch=14000/15625 loss=2.826536
Training epoch 101
[6.46858818e+00 8.76125988e-02 1.18186753e+01 2.16978016e-02
 1.08618022e+01 1.55955867e-05 9.23215316e-01 6.27299195e-03
 2.07382655e+00 6.02099193e-09 1.63874033e+00 1.95642617e+00
 2.35331816e+00 2.27045915e-01 4.60250114e-01 4.19151967e-01
 1.31657076e+00 1.76618364e-01 2.05942655e+00 8.28933977e-02
 1.36170725e-01 5.61193632e-02 1.61010118e-02 3.80930467e-09
 1.83517766e-02 2.16046102e-03 2.40831644e-02 2.87734346e-10
 4.90627534e-03 6.55213886e-03 2.04110338e-02 1.89128291e-03
 4.45192760e-03 5.30905950e-03 1.84150530e-02 2.17418018e-03
 6.58604154e-02 2.38401206e-03 6.60721154e-02 3.03710135e-02
 1.80004438e-04 6.17346546e-11 1.26029476e-03 3.15742668e-04
 1.16171208e-03 1.90747341e-10 9.10067663e-04 7.35444243e-04
 4.17363276e-03 2.92694565e-04 2.89852815e-03 2.05351164e-03
 8.74734766e-03 7.46299763e-04 2.95933696e-02 1.48952041e-03
 2.35200471e-02 2.25374447e-02 3.47157488e-08 1.32417812e-13
 5.20224306e-07 6.00441365e-08 1.80433593e-05 7.65291536e-13
 1.02275567e-05 3.68117319e-06 3.30627192e-05 2.42719625e-06
 5.44471774e-05 3.56400837e-05 1.59250774e-04 9.96397096e-06
 1.75555257e-04 9.23343209e-06 8.76835955e-06 2.43555329e-02
 4.61018559e-01 1.46192949e-02 1.09355321e-01 5.97096606e-02
 2.83272513e-01 1.77172243e-02 1.49856589e-01 4.64305943e-02
 3.44600525e-01 1.31714439e-02 2.17585414e-01 1.22618156e-01
 6.07815358e-01 3.60455421e-02 3.17528093e+00 5.26436065e-01
 1.62416854e+00 2.54209156e-01 1.13878013e+00 2.03478450e-01
 1.70778763e+00 2.74459461e+00]
train  L_V                   = +0.3580 (19.3%)
 train    L_V_attractive      = +0.2457 (13.3%)
 train      L_V_attractive_charged      = +0.1936 (10.4%)
 train      L_V_attractive_neutral      = +0.0522 (2.8%)
 train    L_V_repulsive       = +0.1122 (6.1%)
 train      L_V_repulsive_charged       = +0.0630 (3.4%)
 train      L_V_repulsive_neutral       = +0.0492 (2.7%)
 train    L_charged_cluster   = +0.0000 (0.0%)
 train  L_beta              = +0.8009 (43.2%)
 train    L_beta_noise        = +0.0000 (0.0%)
 train    L_beta_sig          = +0.1211 (6.5%)
 train    L_beta_suppress     = +0.0000 (0.0%)
 train    L_beta_track        = +0.6799 (36.7%)
 train      L_beta_norms_term   = -0.0259 (-1.4%)
 train      L_beta_logbeta_term = +0.1470 (7.9%)
 train  L_E   = +0.6953 (37.5%)
 train    L_E_charge = +0.0000 (0.0%)
 train    L_E_cond = +0.4132 (22.3%)
 train    L_E_cluster = +0.2822 (15.2%)
 train    L_E_w_photon   = +0.0000 (0.0%)
 train    L_E_w_charged_hadron   = +0.0000 (0.0%)
 train    L_E_w_neutral_hadron   = +0.0000 (0.0%)
 train    L_E_w_muon     = +0.0000 (0.0%)
 train    L_E_w_electron = +0.0000 (0.0%)
learning rate :  [0.00039890465297888624, 0.00039563061276672447, 0.000390213750433216, 0.00038271341425563806, 0.0003732117794866986, 0.00036181294802527074, 0.000348641807854205, 0.0003338426647414537, 0.00031757766119588004, 0.00030002500000000004, 0.0002813769917830063, 0.00026183794802527076, 0.00024162194257901096, 0.00022095046623036733, 0.00020005, 0.00017914953376963274, 0.00015847805742098906, 0.0001382620519747293, 0.00011872300821699378, 0.00010007500000000005, 8.252233880412002e-05, 6.625733525854636e-05, 5.1458192145795003e-05, 3.8287051974729284e-05, 2.688822051330148e-05, 1.7386585744361935e-05, 9.886249566784053e-06, 4.469387233275552e-06, 1.1953470211137557e-06, 1e-07, 0.0003990946109184883, 0.0003963866430176782, 0.0003919006200742188, 0.0003856771682065637, 0.00037777264795855195, 0.0003682586438895947, 0.00035722131629382036, 0.00034476062091910877, 0.0003309894037523598, 0.00031603237906876113, 0.00030002500000000004, 0.0002831122318497272, 0.00026544723926531853, 0.00024718999915511003, 0.00022850585191274341, 0.00020956400406895733, 0.00019053599593104275, 0.00017159414808725666, 0.00015291000084489, 0.00013465276073468155, 0.00011698776815027284, 0.00010007500000000005, 8.406762093123896e-05, 6.911059624764027e-05, 5.5339379080891216e-05, 4.287868370617969e-05, 3.18413561104053e-05, 2.2327352041448074e-05, 1.4422831793436292e-05, 8.199379925781274e-06, 3.713356982321794e-06, 1.0053890815117365e-06, 1e-07, 0.0003992796778340782, 0.0003971239012740243, 0.00039354820273935316, 0.0003885783452199438, 0.00038225013665310777, 0.0003746091719265796, 0.00036571050436630625, 0.000355618249075972, 0.00034440512098620716, 0.0003321519109418468, 0.0003189469036020421, 0.0003048852413472685, 0.00029006823877629376, 0.00027460265273217277, 0.00025859991311674626, 0.0002421753200356455, 0.0002254472130583884, 0.00020853611857906987, 0.0001915638814209302, 0.00017465278694161161, 0.00015792467996435458, 0.00014150008688325376, 0.0001254973472678273, 0.0001100317612237062, 9.521475865273155e-05, 8.115309639795791e-05, 6.794808905815326e-05, 5.5694879013792844e-05, 4.448175092402807e-05, 3.438949563369378e-05, 2.549082807342043e-05, 1.7849863346892246e-05, 1.1521654780056213e-05, 6.5517972606469006e-06, 2.976098725975694e-06, 8.203221659218221e-07, 1e-07, 0.0002796193148626822, 0.0002783896695144165]
train loss :  2.8542609214782715
test   L_V                   = +1.7170 (50.7%)
    L_V_attractive      = +1.5614 (46.1%)
      L_V_attractive_charged      = +0.5638 (16.6%)
      L_V_attractive_neutral      = +0.9976 (29.4%)
    L_V_repulsive       = +0.1556 (4.6%)
      L_V_repulsive_charged       = +0.0836 (2.5%)
      L_V_repulsive_neutral       = +0.0720 (2.1%)
    L_charged_cluster   = +0.0000 (0.0%)
  L_beta              = +0.8093 (23.9%)
    L_beta_noise        = +0.0000 (0.0%)
    L_beta_sig          = +0.1225 (3.6%)
    L_beta_suppress     = +0.0000 (0.0%)
    L_beta_track        = +0.6868 (20.3%)
      L_beta_norms_term   = -0.0278 (-0.8%)
      L_beta_logbeta_term = +0.1503 (4.4%)
  L_E   = +0.8635 (25.5%)
    L_E_charge = +0.0000 (0.0%)
    L_E_cond = +0.5621 (16.6%)
    L_E_cluster = +0.3014 (8.9%)
    L_E_w_photon   = +0.0000 (0.0%)
    L_E_w_charged_hadron   = +0.0000 (0.0%)
    L_E_w_neutral_hadron   = +0.0000 (0.0%)
    L_E_w_muon     = +0.0000 (0.0%)
    L_E_w_electron = +0.0000 (0.0%)
Returning 4.389832973480225
[rank 0] epoch=102 train_batch=2000/15625 loss=2.851958
[rank 0] epoch=102 train_batch=4000/15625 loss=2.810733
[rank 0] epoch=102 train_batch=6000/15625 loss=2.931440
[rank 0] epoch=102 train_batch=8000/15625 loss=2.862886
[rank 0] epoch=102 train_batch=10000/15625 loss=2.854174
[rank 0] epoch=102 train_batch=12000/15625 loss=2.792190
[rank 0] epoch=102 train_batch=14000/15625 loss=2.798519
Training epoch 102
[8.14439541e+00 7.31635258e-02 1.07519810e+01 1.52884155e-02
 1.03197813e+01 8.20609762e-06 7.26048397e-01 4.37031482e-03
 1.60781141e+00 2.63399499e-09 1.66593322e+00 2.15728383e+00
 1.76723811e+00 1.95264821e-01 4.02978372e-01 3.56838438e-01
 1.13630302e+00 1.48932565e-01 2.51377999e+00 6.72237011e-02
 1.05013413e-01 5.21566498e-02 2.39657923e-02 3.86847833e-09
 2.13063432e-02 2.03145524e-03 1.05140240e-02 2.55343931e-10
 2.03971057e-03 5.15975745e-03 5.80645070e-03 6.04886591e-04
 1.41345297e-03 1.54487074e-03 5.29958469e-03 5.98316929e-04
 2.09352142e-02 6.83310781e-04 4.59773380e-02 2.01943763e-02
 3.03181783e-05 1.74405512e-11 4.42512783e-04 5.51106136e-05
 3.98069819e-04 6.49624666e-11 2.27839868e-04 2.27170911e-04
 1.04668360e-03 9.70561359e-05 4.21461740e-04 3.77021282e-04
 1.41988064e-03 1.52009344e-04 4.36855115e-03 2.06753253e-04
 1.36982821e-02 1.50475355e-02 1.44795948e-07 1.24248213e-12
 1.87735841e-07 6.74312025e-09 1.49254481e-06 7.59759615e-14
 3.15200142e-06 8.74679027e-06 1.56487282e-05 3.07393977e-06
 1.49473063e-05 4.34530043e-06 6.15752494e-05 1.60684347e-06
 6.83645379e-05 3.55209953e-06 1.52228157e-06 1.52077090e-02
 2.93120184e-01 1.30477054e-02 8.93281816e-02 4.50088064e-02
 2.04829020e-01 1.39149475e-02 1.24174407e-01 3.76069918e-02
 2.79034416e-01 9.92575042e-03 1.76123160e-01 1.01545137e-01
 5.56441312e-01 2.74982120e-02 3.25330528e+00 5.28376049e-01
 1.64809233e+00 2.60218231e-01 1.12239785e+00 2.06991822e-01
 1.91635539e+00 2.75468350e+00]
train  L_V                   = +0.3607 (19.5%)
 train    L_V_attractive      = +0.2483 (13.4%)
 train      L_V_attractive_charged      = +0.1972 (10.6%)
 train      L_V_attractive_neutral      = +0.0511 (2.8%)
 train    L_V_repulsive       = +0.1124 (6.1%)
 train      L_V_repulsive_charged       = +0.0625 (3.4%)
 train      L_V_repulsive_neutral       = +0.0499 (2.7%)
 train    L_charged_cluster   = +0.0000 (0.0%)
 train  L_beta              = +0.7992 (43.1%)
 train    L_beta_noise        = +0.0000 (0.0%)
 train    L_beta_sig          = +0.1199 (6.5%)
 train    L_beta_suppress     = +0.0000 (0.0%)
 train    L_beta_track        = +0.6793 (36.7%)
 train      L_beta_norms_term   = -0.0259 (-1.4%)
 train      L_beta_logbeta_term = +0.1458 (7.9%)
 train  L_E   = +0.6923 (37.4%)
 train    L_E_charge = +0.0000 (0.0%)
 train    L_E_cond = +0.4105 (22.2%)
 train    L_E_cluster = +0.2817 (15.2%)
 train    L_E_w_photon   = +0.0000 (0.0%)
 train    L_E_w_charged_hadron   = +0.0000 (0.0%)
 train    L_E_w_neutral_hadron   = +0.0000 (0.0%)
 train    L_E_w_muon     = +0.0000 (0.0%)
 train    L_E_w_electron = +0.0000 (0.0%)
learning rate :  [0.00039890465297888624, 0.00039563061276672447, 0.000390213750433216, 0.00038271341425563806, 0.0003732117794866986, 0.00036181294802527074, 0.000348641807854205, 0.0003338426647414537, 0.00031757766119588004, 0.00030002500000000004, 0.0002813769917830063, 0.00026183794802527076, 0.00024162194257901096, 0.00022095046623036733, 0.00020005, 0.00017914953376963274, 0.00015847805742098906, 0.0001382620519747293, 0.00011872300821699378, 0.00010007500000000005, 8.252233880412002e-05, 6.625733525854636e-05, 5.1458192145795003e-05, 3.8287051974729284e-05, 2.688822051330148e-05, 1.7386585744361935e-05, 9.886249566784053e-06, 4.469387233275552e-06, 1.1953470211137557e-06, 1e-07, 0.0003990946109184883, 0.0003963866430176782, 0.0003919006200742188, 0.0003856771682065637, 0.00037777264795855195, 0.0003682586438895947, 0.00035722131629382036, 0.00034476062091910877, 0.0003309894037523598, 0.00031603237906876113, 0.00030002500000000004, 0.0002831122318497272, 0.00026544723926531853, 0.00024718999915511003, 0.00022850585191274341, 0.00020956400406895733, 0.00019053599593104275, 0.00017159414808725666, 0.00015291000084489, 0.00013465276073468155, 0.00011698776815027284, 0.00010007500000000005, 8.406762093123896e-05, 6.911059624764027e-05, 5.5339379080891216e-05, 4.287868370617969e-05, 3.18413561104053e-05, 2.2327352041448074e-05, 1.4422831793436292e-05, 8.199379925781274e-06, 3.713356982321794e-06, 1.0053890815117365e-06, 1e-07, 0.0003992796778340782, 0.0003971239012740243, 0.00039354820273935316, 0.0003885783452199438, 0.00038225013665310777, 0.0003746091719265796, 0.00036571050436630625, 0.000355618249075972, 0.00034440512098620716, 0.0003321519109418468, 0.0003189469036020421, 0.0003048852413472685, 0.00029006823877629376, 0.00027460265273217277, 0.00025859991311674626, 0.0002421753200356455, 0.0002254472130583884, 0.00020853611857906987, 0.0001915638814209302, 0.00017465278694161161, 0.00015792467996435458, 0.00014150008688325376, 0.0001254973472678273, 0.0001100317612237062, 9.521475865273155e-05, 8.115309639795791e-05, 6.794808905815326e-05, 5.5694879013792844e-05, 4.448175092402807e-05, 3.438949563369378e-05, 2.549082807342043e-05, 1.7849863346892246e-05, 1.1521654780056213e-05, 6.5517972606469006e-06, 2.976098725975694e-06, 8.203221659218221e-07, 1e-07, 0.0002796193148626822, 0.0002783896695144165, 0.00027634828000305334]
train loss :  2.8521533012390137
test   L_V                   = +147.4349 (98.6%)
    L_V_attractive      = +147.3251 (98.6%)
      L_V_attractive_charged      = +117.9583 (78.9%)
      L_V_attractive_neutral      = +29.3669 (19.6%)
    L_V_repulsive       = +0.1098 (0.1%)
      L_V_repulsive_charged       = +0.0516 (0.0%)
      L_V_repulsive_neutral       = +0.0582 (0.0%)
    L_charged_cluster   = +0.0000 (0.0%)
  L_beta              = +0.9124 (0.6%)
    L_beta_noise        = +0.0000 (0.0%)
    L_beta_sig          = +0.1848 (0.1%)
    L_beta_suppress     = +0.0000 (0.0%)
    L_beta_track        = +0.7276 (0.5%)
      L_beta_norms_term   = -0.0169 (-0.0%)
      L_beta_logbeta_term = +0.2017 (0.1%)
  L_E   = +1.1135 (0.7%)
    L_E_charge = +0.0000 (0.0%)
    L_E_cond = +0.7446 (0.5%)
    L_E_cluster = +0.3689 (0.2%)
    L_E_w_photon   = +0.0000 (0.0%)
    L_E_w_charged_hadron   = +0.0000 (0.0%)
    L_E_w_neutral_hadron   = +0.0000 (0.0%)
    L_E_w_muon     = +0.0000 (0.0%)
    L_E_w_electron = +0.0000 (0.0%)
Returning 150.46087646484375
[rank 0] epoch=103 train_batch=2000/15625 loss=2.954378
[rank 0] epoch=103 train_batch=4000/15625 loss=2.773791
[rank 0] epoch=103 train_batch=6000/15625 loss=2.814323
[rank 0] epoch=103 train_batch=8000/15625 loss=2.767461
[rank 0] epoch=103 train_batch=10000/15625 loss=2.778594
[rank 0] epoch=103 train_batch=12000/15625 loss=2.796860
[rank 0] epoch=103 train_batch=14000/15625 loss=2.832335
Training epoch 103
[4.36055587e+00 6.73574658e-02 6.03596578e+00 1.59198746e-02
 5.72288811e+00 4.14404386e-06 6.58336889e-01 4.71318553e-03
 1.37793385e+00 2.20243666e-09 1.53928035e+00 1.63478587e+00
 1.95699600e+00 1.97396131e-01 4.45889442e-01 2.94733941e-01
 1.05397398e+00 1.10571619e-01 1.72404053e+00 4.23849248e-02
 7.92222215e-02 2.26186094e-02 1.20602945e-02 1.94913987e-09
 1.26861175e-02 1.04983074e-03 8.39996805e-03 1.49930439e-10
 2.40061740e-03 3.56153312e-03 9.67345697e-03 1.08494723e-03
 2.16041580e-03 2.57441084e-03 9.73876865e-03 1.02221803e-03
 4.15702529e-02 1.22306557e-03 2.96373891e-02 1.05674896e-02
 2.18587227e-05 1.73994929e-11 8.62254150e-04 1.09703052e-04
 6.84948172e-04 1.65655871e-10 3.44271016e-04 5.48268095e-04
 1.46407033e-03 2.25194441e-04 1.02353611e-03 1.14504520e-03
 3.49386258e-03 4.24020417e-04 7.50250733e-03 2.61010382e-04
 8.54213826e-03 6.45909752e-03 5.52152629e-10 1.20081321e-15
 1.69407200e-08 1.89948593e-09 5.12683551e-07 5.10057594e-14
 5.03267625e-07 3.63268245e-07 2.43250326e-06 1.74192781e-07
 2.13109822e-06 1.30687868e-06 7.40560704e-06 4.49171466e-07
 1.09940260e-05 5.80564066e-07 1.24077076e-05 6.50854572e-03
 1.80756799e-01 5.44676757e-03 7.30853258e-02 3.32940409e-02
 1.55606394e-01 1.04728030e-02 1.08401546e-01 3.13816970e-02
 2.76183902e-01 7.83886499e-03 1.66948367e-01 7.42015393e-02
 6.16123246e-01 2.17988312e-02 3.36999373e+00 5.39447869e-01
 1.71253458e+00 2.65475859e-01 1.17529296e+00 2.10381611e-01
 2.01847395e+00 2.81577695e+00]
train  L_V                   = +0.3618 (19.8%)
 train    L_V_attractive      = +0.2508 (13.7%)
 train      L_V_attractive_charged      = +0.2003 (11.0%)
 train      L_V_attractive_neutral      = +0.0506 (2.8%)
 train    L_V_repulsive       = +0.1110 (6.1%)
 train      L_V_repulsive_charged       = +0.0613 (3.4%)
 train      L_V_repulsive_neutral       = +0.0497 (2.7%)
 train    L_charged_cluster   = +0.0000 (0.0%)
 train  L_beta              = +0.7881 (43.1%)
 train    L_beta_noise        = +0.0000 (0.0%)
 train    L_beta_sig          = +0.1126 (6.2%)
 train    L_beta_suppress     = +0.0000 (0.0%)
 train    L_beta_track        = +0.6755 (36.9%)
 train      L_beta_norms_term   = -0.0284 (-1.6%)
 train      L_beta_logbeta_term = +0.1409 (7.7%)
 train  L_E   = +0.6785 (37.1%)
 train    L_E_charge = +0.0000 (0.0%)
 train    L_E_cond = +0.3999 (21.9%)
 train    L_E_cluster = +0.2785 (15.2%)
 train    L_E_w_photon   = +0.0000 (0.0%)
 train    L_E_w_charged_hadron   = +0.0000 (0.0%)
 train    L_E_w_neutral_hadron   = +0.0000 (0.0%)
 train    L_E_w_muon     = +0.0000 (0.0%)
 train    L_E_w_electron = +0.0000 (0.0%)
learning rate :  [0.00039890465297888624, 0.00039563061276672447, 0.000390213750433216, 0.00038271341425563806, 0.0003732117794866986, 0.00036181294802527074, 0.000348641807854205, 0.0003338426647414537, 0.00031757766119588004, 0.00030002500000000004, 0.0002813769917830063, 0.00026183794802527076, 0.00024162194257901096, 0.00022095046623036733, 0.00020005, 0.00017914953376963274, 0.00015847805742098906, 0.0001382620519747293, 0.00011872300821699378, 0.00010007500000000005, 8.252233880412002e-05, 6.625733525854636e-05, 5.1458192145795003e-05, 3.8287051974729284e-05, 2.688822051330148e-05, 1.7386585744361935e-05, 9.886249566784053e-06, 4.469387233275552e-06, 1.1953470211137557e-06, 1e-07, 0.0003990946109184883, 0.0003963866430176782, 0.0003919006200742188, 0.0003856771682065637, 0.00037777264795855195, 0.0003682586438895947, 0.00035722131629382036, 0.00034476062091910877, 0.0003309894037523598, 0.00031603237906876113, 0.00030002500000000004, 0.0002831122318497272, 0.00026544723926531853, 0.00024718999915511003, 0.00022850585191274341, 0.00020956400406895733, 0.00019053599593104275, 0.00017159414808725666, 0.00015291000084489, 0.00013465276073468155, 0.00011698776815027284, 0.00010007500000000005, 8.406762093123896e-05, 6.911059624764027e-05, 5.5339379080891216e-05, 4.287868370617969e-05, 3.18413561104053e-05, 2.2327352041448074e-05, 1.4422831793436292e-05, 8.199379925781274e-06, 3.713356982321794e-06, 1.0053890815117365e-06, 1e-07, 0.0003992796778340782, 0.0003971239012740243, 0.00039354820273935316, 0.0003885783452199438, 0.00038225013665310777, 0.0003746091719265796, 0.00036571050436630625, 0.000355618249075972, 0.00034440512098620716, 0.0003321519109418468, 0.0003189469036020421, 0.0003048852413472685, 0.00029006823877629376, 0.00027460265273217277, 0.00025859991311674626, 0.0002421753200356455, 0.0002254472130583884, 0.00020853611857906987, 0.0001915638814209302, 0.00017465278694161161, 0.00015792467996435458, 0.00014150008688325376, 0.0001254973472678273, 0.0001100317612237062, 9.521475865273155e-05, 8.115309639795791e-05, 6.794808905815326e-05, 5.5694879013792844e-05, 4.448175092402807e-05, 3.438949563369378e-05, 2.549082807342043e-05, 1.7849863346892246e-05, 1.1521654780056213e-05, 6.5517972606469006e-06, 2.976098725975694e-06, 8.203221659218221e-07, 1e-07, 0.0002796193148626822, 0.0002783896695144165, 0.00027634828000305334, 0.00027350712601396834]
train loss :  2.8283162117004395
test   L_V                   = +0.3894 (17.1%)
    L_V_attractive      = +0.2614 (11.5%)
      L_V_attractive_charged      = +0.2070 (9.1%)
      L_V_attractive_neutral      = +0.0544 (2.4%)
    L_V_repulsive       = +0.1281 (5.6%)
      L_V_repulsive_charged       = +0.0651 (2.9%)
      L_V_repulsive_neutral       = +0.0630 (2.8%)
    L_charged_cluster   = +0.0000 (0.0%)
  L_beta              = +0.8283 (36.4%)
    L_beta_noise        = +0.0000 (0.0%)
    L_beta_sig          = +0.1267 (5.6%)
    L_beta_suppress     = +0.0000 (0.0%)
    L_beta_track        = +0.7016 (30.8%)
      L_beta_norms_term   = -0.0233 (-1.0%)
      L_beta_logbeta_term = +0.1500 (6.6%)
  L_E   = +1.0586 (46.5%)
    L_E_charge = +0.0000 (0.0%)
    L_E_cond = +0.6676 (29.3%)
    L_E_cluster = +0.3910 (17.2%)
    L_E_w_photon   = +0.0000 (0.0%)
    L_E_w_charged_hadron   = +0.0000 (0.0%)
    L_E_w_neutral_hadron   = +0.0000 (0.0%)
    L_E_w_muon     = +0.0000 (0.0%)
    L_E_w_electron = +0.0000 (0.0%)
Returning 3.2763614654541016
[rank 0] epoch=104 train_batch=2000/15625 loss=2.853995
[rank 0] epoch=104 train_batch=4000/15625 loss=2.852283
[rank 0] epoch=104 train_batch=6000/15625 loss=2.887619
[rank 0] epoch=104 train_batch=8000/15625 loss=2.852340
[rank 0] epoch=104 train_batch=10000/15625 loss=2.871272
[rank 0] epoch=104 train_batch=12000/15625 loss=2.830020
[rank 0] epoch=104 train_batch=14000/15625 loss=2.884550
Training epoch 104
[1.38979074e+01 1.25857125e-01 3.31796103e+01 3.10385999e-02
 3.12909876e+01 2.24027527e-05 1.50679058e+00 9.99962628e-03
 3.26072869e+00 6.14681689e-09 4.55753682e+00 4.07654174e+00
 3.06426947e+00 3.59068022e-01 6.36425370e-01 5.18734721e-01
 1.26912943e+00 1.48116444e-01 1.75439917e+00 7.33860179e-02
 1.03584037e-01 4.00512181e-02 8.55761223e-02 2.84376236e-08
 8.61690952e-02 3.36518968e-03 2.69336659e-02 2.38568981e-09
 5.52880108e-03 1.20275186e-02 8.61346716e-03 1.31905538e-03
 2.78038943e-03 4.58152981e-03 1.17657682e-02 1.71973118e-03
 5.29088994e-02 1.95769131e-03 3.15006021e-02 1.39656894e-02
 1.85852079e-04 8.21529343e-11 1.31011008e-03 1.96047662e-04
 1.28085778e-03 2.32069758e-10 5.56003369e-04 7.74064520e-04
 2.50352305e-03 3.33029577e-04 1.39216635e-03 1.38992265e-03
 4.77074388e-03 5.23880889e-04 8.98670537e-03 2.77397552e-04
 1.05248830e-02 9.63617582e-03 4.31742695e-09 2.78398576e-14
 1.38765624e-07 3.61959046e-09 1.15417483e-06 1.41111954e-13
 8.12987012e-07 1.10270109e-06 4.38906034e-06 4.46326458e-07
 5.12723206e-06 2.55991036e-06 2.13349329e-05 1.05403106e-06
 7.22079238e-05 3.73309324e-06 1.07896175e-04 1.00978472e-02
 1.87445852e-01 7.80647367e-03 6.77484991e-02 3.36965971e-02
 1.51738582e-01 1.07538752e-02 1.01237689e-01 3.05827192e-02
 2.59664960e-01 7.38833985e-03 1.68190224e-01 7.00456763e-02
 5.94196711e-01 2.05029400e-02 3.23243888e+00 5.34143880e-01
 1.64507090e+00 2.60452610e-01 1.13958805e+00 2.06004600e-01
 1.77154668e+00 2.75678264e+00]
train  L_V                   = +0.3681 (19.9%)
 train    L_V_attractive      = +0.2532 (13.7%)
 train      L_V_attractive_charged      = +0.2033 (11.0%)
 train      L_V_attractive_neutral      = +0.0499 (2.7%)
 train    L_V_repulsive       = +0.1149 (6.2%)
 train      L_V_repulsive_charged       = +0.0628 (3.4%)
 train      L_V_repulsive_neutral       = +0.0522 (2.8%)
 train    L_charged_cluster   = +0.0000 (0.0%)
 train  L_beta              = +0.7928 (42.8%)
 train    L_beta_noise        = +0.0000 (0.0%)
 train    L_beta_sig          = +0.1169 (6.3%)
 train    L_beta_suppress     = +0.0000 (0.0%)
 train    L_beta_track        = +0.6760 (36.5%)
 train      L_beta_norms_term   = -0.0284 (-1.5%)
 train      L_beta_logbeta_term = +0.1453 (7.8%)
 train  L_E   = +0.6922 (37.4%)
 train    L_E_charge = +0.0000 (0.0%)
 train    L_E_cond = +0.4113 (22.2%)
 train    L_E_cluster = +0.2809 (15.2%)
 train    L_E_w_photon   = +0.0000 (0.0%)
 train    L_E_w_charged_hadron   = +0.0000 (0.0%)
 train    L_E_w_neutral_hadron   = +0.0000 (0.0%)
 train    L_E_w_muon     = +0.0000 (0.0%)
 train    L_E_w_electron = +0.0000 (0.0%)
learning rate :  [0.00039890465297888624, 0.00039563061276672447, 0.000390213750433216, 0.00038271341425563806, 0.0003732117794866986, 0.00036181294802527074, 0.000348641807854205, 0.0003338426647414537, 0.00031757766119588004, 0.00030002500000000004, 0.0002813769917830063, 0.00026183794802527076, 0.00024162194257901096, 0.00022095046623036733, 0.00020005, 0.00017914953376963274, 0.00015847805742098906, 0.0001382620519747293, 0.00011872300821699378, 0.00010007500000000005, 8.252233880412002e-05, 6.625733525854636e-05, 5.1458192145795003e-05, 3.8287051974729284e-05, 2.688822051330148e-05, 1.7386585744361935e-05, 9.886249566784053e-06, 4.469387233275552e-06, 1.1953470211137557e-06, 1e-07, 0.0003990946109184883, 0.0003963866430176782, 0.0003919006200742188, 0.0003856771682065637, 0.00037777264795855195, 0.0003682586438895947, 0.00035722131629382036, 0.00034476062091910877, 0.0003309894037523598, 0.00031603237906876113, 0.00030002500000000004, 0.0002831122318497272, 0.00026544723926531853, 0.00024718999915511003, 0.00022850585191274341, 0.00020956400406895733, 0.00019053599593104275, 0.00017159414808725666, 0.00015291000084489, 0.00013465276073468155, 0.00011698776815027284, 0.00010007500000000005, 8.406762093123896e-05, 6.911059624764027e-05, 5.5339379080891216e-05, 4.287868370617969e-05, 3.18413561104053e-05, 2.2327352041448074e-05, 1.4422831793436292e-05, 8.199379925781274e-06, 3.713356982321794e-06, 1.0053890815117365e-06, 1e-07, 0.0003992796778340782, 0.0003971239012740243, 0.00039354820273935316, 0.0003885783452199438, 0.00038225013665310777, 0.0003746091719265796, 0.00036571050436630625, 0.000355618249075972, 0.00034440512098620716, 0.0003321519109418468, 0.0003189469036020421, 0.0003048852413472685, 0.00029006823877629376, 0.00027460265273217277, 0.00025859991311674626, 0.0002421753200356455, 0.0002254472130583884, 0.00020853611857906987, 0.0001915638814209302, 0.00017465278694161161, 0.00015792467996435458, 0.00014150008688325376, 0.0001254973472678273, 0.0001100317612237062, 9.521475865273155e-05, 8.115309639795791e-05, 6.794808905815326e-05, 5.5694879013792844e-05, 4.448175092402807e-05, 3.438949563369378e-05, 2.549082807342043e-05, 1.7849863346892246e-05, 1.1521654780056213e-05, 6.5517972606469006e-06, 2.976098725975694e-06, 8.203221659218221e-07, 1e-07, 0.0002796193148626822, 0.0002783896695144165, 0.00027634828000305334, 0.00027350712601396834, 0.0002698828805685047]
train loss :  2.8532068729400635
test   L_V                   = +13726.7607 (100.0%)
    L_V_attractive      = +13726.5801 (100.0%)
      L_V_attractive_charged      = +1295.3695 (9.4%)
      L_V_attractive_neutral      = +12431.2852 (90.5%)
    L_V_repulsive       = +0.1816 (0.0%)
      L_V_repulsive_charged       = +0.0946 (0.0%)
      L_V_repulsive_neutral       = +0.0870 (0.0%)
    L_charged_cluster   = +0.0000 (0.0%)
  L_beta              = +0.9041 (0.0%)
    L_beta_noise        = +0.0000 (0.0%)
    L_beta_sig          = +0.1649 (0.0%)
    L_beta_suppress     = +0.0000 (0.0%)
    L_beta_track        = +0.7392 (0.0%)
      L_beta_norms_term   = -0.0213 (-0.0%)
      L_beta_logbeta_term = +0.1862 (0.0%)
  L_E   = +1.2236 (0.0%)
    L_E_charge = +0.0000 (0.0%)
    L_E_cond = +0.7594 (0.0%)
    L_E_cluster = +0.4642 (0.0%)
    L_E_w_photon   = +0.0000 (0.0%)
    L_E_w_charged_hadron   = +0.0000 (0.0%)
    L_E_w_neutral_hadron   = +0.0000 (0.0%)
    L_E_w_muon     = +0.0000 (0.0%)
    L_E_w_electron = +0.0000 (0.0%)
Returning 13729.888671875
[rank 0] epoch=105 train_batch=2000/15625 loss=2.795117
[rank 0] epoch=105 train_batch=4000/15625 loss=2.811449
[rank 0] epoch=105 train_batch=6000/15625 loss=2.815391
[rank 0] epoch=105 train_batch=8000/15625 loss=2.872311
[rank 0] epoch=105 train_batch=10000/15625 loss=2.882012
[rank 0] epoch=105 train_batch=12000/15625 loss=2.818763
[rank 0] epoch=105 train_batch=14000/15625 loss=2.727623
Training epoch 105
[9.47857622e+00 5.93462722e-02 1.44086009e+01 1.28171572e-02
 1.44053560e+01 1.24118440e-05 8.29607020e-01 4.97012460e-03
 2.01353219e+00 4.15188434e-09 2.47507850e+00 1.93606678e+00
 3.22421267e+00 2.53306258e-01 6.85803554e-01 4.28693321e-01
 1.72887461e+00 2.02938643e-01 2.52769940e+00 1.11980883e-01
 1.65637899e-01 5.10414588e-02 2.47758228e-01 1.05805491e-07
 2.48885775e-01 4.91780453e-03 6.41885313e-02 5.52822366e-09
 1.57899988e-02 3.23389976e-02 1.47107358e-02 2.42454954e-03
 3.12339991e-03 4.50736149e-03 9.29126625e-03 1.15512031e-03
 4.83415274e-02 1.98055100e-03 3.38555196e-02 1.71599725e-02
 5.14480205e-04 3.14751006e-10 2.03047506e-03 1.82181105e-04
 1.69537854e-03 2.58750125e-10 5.80763437e-04 9.28176967e-04
 2.40342049e-03 3.54624631e-04 1.14694595e-03 1.28222912e-03
 3.85679528e-03 4.36967076e-04 1.04008551e-02 4.89224485e-04
 8.03453136e-03 1.36713847e-02 1.36160384e-06 6.20485176e-12
 1.07003005e-06 1.04487452e-07 3.63284007e-05 4.61272466e-11
 1.94701624e-05 2.28389851e-05 6.21169457e-05 6.70165998e-06
 7.87779862e-05 9.51866409e-05 2.18278648e-04 2.25995206e-05
 5.45330140e-04 2.88881817e-05 7.08931924e-03 1.44378189e-02
 2.14146502e-01 9.71623571e-03 5.65399987e-02 3.62183143e-02
 1.49279426e-01 1.16523404e-02 9.34495136e-02 3.00411165e-02
 2.25384536e-01 7.26031023e-03 1.29605966e-01 5.51155779e-02
 4.95520231e-01 1.61637264e-02 2.86323796e+00 4.86897645e-01
 1.48028552e+00 2.40209849e-01 1.04644482e+00 1.91040452e-01
 1.60334133e+00 2.66823609e+00]
train  L_V                   = +0.3688 (19.7%)
 train    L_V_attractive      = +0.2533 (13.6%)
 train      L_V_attractive_charged      = +0.2034 (10.9%)
 train      L_V_attractive_neutral      = +0.0499 (2.7%)
 train    L_V_repulsive       = +0.1155 (6.2%)
 train      L_V_repulsive_charged       = +0.0634 (3.4%)
 train      L_V_repulsive_neutral       = +0.0521 (2.8%)
 train    L_charged_cluster   = +0.0000 (0.0%)
 train  L_beta              = +0.7992 (42.8%)
 train    L_beta_noise        = +0.0000 (0.0%)
 train    L_beta_sig          = +0.1222 (6.5%)
 train    L_beta_suppress     = +0.0000 (0.0%)
 train    L_beta_track        = +0.6770 (36.2%)
 train      L_beta_norms_term   = -0.0260 (-1.4%)
 train      L_beta_logbeta_term = +0.1482 (7.9%)
 train  L_E   = +0.7010 (37.5%)
 train    L_E_charge = +0.0000 (0.0%)
 train    L_E_cond = +0.4166 (22.3%)
 train    L_E_cluster = +0.2844 (15.2%)
 train    L_E_w_photon   = +0.0000 (0.0%)
 train    L_E_w_charged_hadron   = +0.0000 (0.0%)
 train    L_E_w_neutral_hadron   = +0.0000 (0.0%)
 train    L_E_w_muon     = +0.0000 (0.0%)
 train    L_E_w_electron = +0.0000 (0.0%)
learning rate :  [0.00039890465297888624, 0.00039563061276672447, 0.000390213750433216, 0.00038271341425563806, 0.0003732117794866986, 0.00036181294802527074, 0.000348641807854205, 0.0003338426647414537, 0.00031757766119588004, 0.00030002500000000004, 0.0002813769917830063, 0.00026183794802527076, 0.00024162194257901096, 0.00022095046623036733, 0.00020005, 0.00017914953376963274, 0.00015847805742098906, 0.0001382620519747293, 0.00011872300821699378, 0.00010007500000000005, 8.252233880412002e-05, 6.625733525854636e-05, 5.1458192145795003e-05, 3.8287051974729284e-05, 2.688822051330148e-05, 1.7386585744361935e-05, 9.886249566784053e-06, 4.469387233275552e-06, 1.1953470211137557e-06, 1e-07, 0.0003990946109184883, 0.0003963866430176782, 0.0003919006200742188, 0.0003856771682065637, 0.00037777264795855195, 0.0003682586438895947, 0.00035722131629382036, 0.00034476062091910877, 0.0003309894037523598, 0.00031603237906876113, 0.00030002500000000004, 0.0002831122318497272, 0.00026544723926531853, 0.00024718999915511003, 0.00022850585191274341, 0.00020956400406895733, 0.00019053599593104275, 0.00017159414808725666, 0.00015291000084489, 0.00013465276073468155, 0.00011698776815027284, 0.00010007500000000005, 8.406762093123896e-05, 6.911059624764027e-05, 5.5339379080891216e-05, 4.287868370617969e-05, 3.18413561104053e-05, 2.2327352041448074e-05, 1.4422831793436292e-05, 8.199379925781274e-06, 3.713356982321794e-06, 1.0053890815117365e-06, 1e-07, 0.0003992796778340782, 0.0003971239012740243, 0.00039354820273935316, 0.0003885783452199438, 0.00038225013665310777, 0.0003746091719265796, 0.00036571050436630625, 0.000355618249075972, 0.00034440512098620716, 0.0003321519109418468, 0.0003189469036020421, 0.0003048852413472685, 0.00029006823877629376, 0.00027460265273217277, 0.00025859991311674626, 0.0002421753200356455, 0.0002254472130583884, 0.00020853611857906987, 0.0001915638814209302, 0.00017465278694161161, 0.00015792467996435458, 0.00014150008688325376, 0.0001254973472678273, 0.0001100317612237062, 9.521475865273155e-05, 8.115309639795791e-05, 6.794808905815326e-05, 5.5694879013792844e-05, 4.448175092402807e-05, 3.438949563369378e-05, 2.549082807342043e-05, 1.7849863346892246e-05, 1.1521654780056213e-05, 6.5517972606469006e-06, 2.976098725975694e-06, 8.203221659218221e-07, 1e-07, 0.0002796193148626822, 0.0002783896695144165, 0.00027634828000305334, 0.00027350712601396834, 0.0002698828805685047, 0.00026549681218005416]
train loss :  2.8690218925476074
test   L_V                   = +0.9726 (33.5%)
    L_V_attractive      = +0.8299 (28.5%)
      L_V_attractive_charged      = +0.6338 (21.8%)
      L_V_attractive_neutral      = +0.1961 (6.7%)
    L_V_repulsive       = +0.1427 (4.9%)
      L_V_repulsive_charged       = +0.0755 (2.6%)
      L_V_repulsive_neutral       = +0.0672 (2.3%)
    L_charged_cluster   = +0.0000 (0.0%)
  L_beta              = +0.8841 (30.4%)
    L_beta_noise        = +0.0000 (0.0%)
    L_beta_sig          = +0.1781 (6.1%)
    L_beta_suppress     = +0.0000 (0.0%)
    L_beta_track        = +0.7060 (24.3%)
      L_beta_norms_term   = -0.0198 (-0.7%)
      L_beta_logbeta_term = +0.1979 (6.8%)
  L_E   = +1.0505 (36.1%)
    L_E_charge = +0.0000 (0.0%)
    L_E_cond = +0.7091 (24.4%)
    L_E_cluster = +0.3414 (11.7%)
    L_E_w_photon   = +0.0000 (0.0%)
    L_E_w_charged_hadron   = +0.0000 (0.0%)
    L_E_w_neutral_hadron   = +0.0000 (0.0%)
    L_E_w_muon     = +0.0000 (0.0%)
    L_E_w_electron = +0.0000 (0.0%)
Returning 3.9071879386901855
[rank 0] epoch=106 train_batch=2000/15625 loss=2.907789
[rank 0] epoch=106 train_batch=4000/15625 loss=2.752067
[rank 0] epoch=106 train_batch=6000/15625 loss=2.936677
[rank 0] epoch=106 train_batch=8000/15625 loss=2.806102
[rank 0] epoch=106 train_batch=10000/15625 loss=2.837094
[rank 0] epoch=106 train_batch=12000/15625 loss=2.838408
[rank 0] epoch=106 train_batch=14000/15625 loss=2.904055
Training epoch 106
[4.88036678e+00 6.54993712e-02 6.65457578e+00 3.02986227e-02
 6.72090050e+00 8.04884287e-05 7.35366969e-01 1.37960541e-02
 1.67093057e+00 4.50328040e-08 1.61874635e+00 1.23542321e+00
 2.65155256e+00 2.50681204e-01 6.45094114e-01 4.52242046e-01
 1.86167992e+00 2.02415357e-01 3.33390768e+00 1.48629754e-01
 1.93106737e-01 1.36798292e-01 1.41697573e-01 4.93055855e-07
 2.55085496e-01 1.25807992e-02 1.45895261e-01 2.42092721e-08
 2.82834538e-02 3.12142580e-02 6.30147985e-02 6.76591055e-03
 1.09428560e-02 1.28395506e-02 2.73702889e-02 2.43508600e-03
 6.57613646e-02 2.92917272e-03 7.64909284e-02 5.63847778e-02
 1.61722936e-03 1.31501508e-09 3.86722654e-03 3.64061976e-04
 4.07761260e-03 3.05986193e-10 1.02997317e-03 1.49420517e-03
 2.85365658e-03 3.35471487e-04 1.14851055e-03 1.33377611e-03
 3.33369464e-03 4.00355719e-04 1.06013711e-02 5.05962847e-04
 1.38068481e-02 4.36651923e-02 1.28695096e-05 8.63201088e-11
 6.90477614e-07 7.57517063e-08 2.52453988e-05 8.97473829e-12
 4.25150118e-04 2.13093218e-04 1.23927519e-03 7.07764237e-05
 5.33210851e-04 4.09637984e-04 1.12411130e-03 7.84575981e-05
 1.02273216e-03 5.60240562e-05 1.20181646e-03 4.75124688e-02
 4.06649857e-01 2.88028277e-02 7.74375550e-02 4.94640912e-02
 1.98283777e-01 1.54355203e-02 1.10199100e-01 4.15254055e-02
 2.60632677e-01 9.36991496e-03 1.39087050e-01 7.18331711e-02
 5.23272612e-01 2.08139992e-02 2.89554664e+00 5.16874122e-01
 1.47049581e+00 2.42738696e-01 1.04748341e+00 1.95897520e-01
 1.64958874e+00 2.78146931e+00]
train  L_V                   = +0.3672 (19.6%)
 train    L_V_attractive      = +0.2523 (13.5%)
 train      L_V_attractive_charged      = +0.2018 (10.8%)
 train      L_V_attractive_neutral      = +0.0505 (2.7%)
 train    L_V_repulsive       = +0.1150 (6.1%)
 train      L_V_repulsive_charged       = +0.0639 (3.4%)
 train      L_V_repulsive_neutral       = +0.0511 (2.7%)
 train    L_charged_cluster   = +0.0000 (0.0%)
 train  L_beta              = +0.8043 (43.0%)
 train    L_beta_noise        = +0.0000 (0.0%)
 train    L_beta_sig          = +0.1260 (6.7%)
 train    L_beta_suppress     = +0.0000 (0.0%)
 train    L_beta_track        = +0.6784 (36.3%)
 train      L_beta_norms_term   = -0.0243 (-1.3%)
 train      L_beta_logbeta_term = +0.1503 (8.0%)
 train  L_E   = +0.6983 (37.3%)
 train    L_E_charge = +0.0000 (0.0%)
 train    L_E_cond = +0.4144 (22.2%)
 train    L_E_cluster = +0.2838 (15.2%)
 train    L_E_w_photon   = +0.0000 (0.0%)
 train    L_E_w_charged_hadron   = +0.0000 (0.0%)
 train    L_E_w_neutral_hadron   = +0.0000 (0.0%)
 train    L_E_w_muon     = +0.0000 (0.0%)
 train    L_E_w_electron = +0.0000 (0.0%)
learning rate :  [0.00039890465297888624, 0.00039563061276672447, 0.000390213750433216, 0.00038271341425563806, 0.0003732117794866986, 0.00036181294802527074, 0.000348641807854205, 0.0003338426647414537, 0.00031757766119588004, 0.00030002500000000004, 0.0002813769917830063, 0.00026183794802527076, 0.00024162194257901096, 0.00022095046623036733, 0.00020005, 0.00017914953376963274, 0.00015847805742098906, 0.0001382620519747293, 0.00011872300821699378, 0.00010007500000000005, 8.252233880412002e-05, 6.625733525854636e-05, 5.1458192145795003e-05, 3.8287051974729284e-05, 2.688822051330148e-05, 1.7386585744361935e-05, 9.886249566784053e-06, 4.469387233275552e-06, 1.1953470211137557e-06, 1e-07, 0.0003990946109184883, 0.0003963866430176782, 0.0003919006200742188, 0.0003856771682065637, 0.00037777264795855195, 0.0003682586438895947, 0.00035722131629382036, 0.00034476062091910877, 0.0003309894037523598, 0.00031603237906876113, 0.00030002500000000004, 0.0002831122318497272, 0.00026544723926531853, 0.00024718999915511003, 0.00022850585191274341, 0.00020956400406895733, 0.00019053599593104275, 0.00017159414808725666, 0.00015291000084489, 0.00013465276073468155, 0.00011698776815027284, 0.00010007500000000005, 8.406762093123896e-05, 6.911059624764027e-05, 5.5339379080891216e-05, 4.287868370617969e-05, 3.18413561104053e-05, 2.2327352041448074e-05, 1.4422831793436292e-05, 8.199379925781274e-06, 3.713356982321794e-06, 1.0053890815117365e-06, 1e-07, 0.0003992796778340782, 0.0003971239012740243, 0.00039354820273935316, 0.0003885783452199438, 0.00038225013665310777, 0.0003746091719265796, 0.00036571050436630625, 0.000355618249075972, 0.00034440512098620716, 0.0003321519109418468, 0.0003189469036020421, 0.0003048852413472685, 0.00029006823877629376, 0.00027460265273217277, 0.00025859991311674626, 0.0002421753200356455, 0.0002254472130583884, 0.00020853611857906987, 0.0001915638814209302, 0.00017465278694161161, 0.00015792467996435458, 0.00014150008688325376, 0.0001254973472678273, 0.0001100317612237062, 9.521475865273155e-05, 8.115309639795791e-05, 6.794808905815326e-05, 5.5694879013792844e-05, 4.448175092402807e-05, 3.438949563369378e-05, 2.549082807342043e-05, 1.7849863346892246e-05, 1.1521654780056213e-05, 6.5517972606469006e-06, 2.976098725975694e-06, 8.203221659218221e-07, 1e-07, 0.0002796193148626822, 0.0002783896695144165, 0.00027634828000305334, 0.00027350712601396834, 0.0002698828805685047, 0.00026549681218005416, 0.00026037466004196364]
train loss :  2.869821310043335
test   L_V                   = +10.2316 (85.9%)
    L_V_attractive      = +10.0694 (84.5%)
      L_V_attractive_charged      = +0.6690 (5.6%)
      L_V_attractive_neutral      = +9.4004 (78.9%)
    L_V_repulsive       = +0.1622 (1.4%)
      L_V_repulsive_charged       = +0.0801 (0.7%)
      L_V_repulsive_neutral       = +0.0820 (0.7%)
    L_charged_cluster   = +0.0000 (0.0%)
  L_beta              = +0.8475 (7.1%)
    L_beta_noise        = +0.0000 (0.0%)
    L_beta_sig          = +0.1491 (1.3%)
    L_beta_suppress     = +0.0000 (0.0%)
    L_beta_track        = +0.6985 (5.9%)
      L_beta_norms_term   = -0.0249 (-0.2%)
      L_beta_logbeta_term = +0.1740 (1.5%)
  L_E   = +0.8357 (7.0%)
    L_E_charge = +0.0000 (0.0%)
    L_E_cond = +0.5415 (4.5%)
    L_E_cluster = +0.2942 (2.5%)
    L_E_w_photon   = +0.0000 (0.0%)
    L_E_w_charged_hadron   = +0.0000 (0.0%)
    L_E_w_neutral_hadron   = +0.0000 (0.0%)
    L_E_w_muon     = +0.0000 (0.0%)
    L_E_w_electron = +0.0000 (0.0%)
Returning 12.914834976196289
[rank 0] epoch=107 train_batch=2000/15625 loss=2.846120
[rank 0] epoch=107 train_batch=4000/15625 loss=2.844523
[rank 0] epoch=107 train_batch=6000/15625 loss=2.808336
[rank 0] epoch=107 train_batch=8000/15625 loss=2.842650
[rank 0] epoch=107 train_batch=10000/15625 loss=2.887133
[rank 0] epoch=107 train_batch=12000/15625 loss=2.825747
[rank 0] epoch=107 train_batch=14000/15625 loss=2.988364
Training epoch 107
[4.77326822e+00 4.99038383e-02 6.50080035e+00 1.02097357e-02
 7.03756483e+00 7.74501665e-06 5.63106764e-01 3.42840658e-03
 1.33416230e+00 3.56101035e-09 1.59256610e+00 1.15105835e+00
 2.47923636e+00 1.79945621e-01 6.11223422e-01 3.95559970e-01
 1.57796940e+00 1.81437203e-01 2.48859106e+00 8.99730895e-02
 1.75578402e-01 7.94210761e-02 1.37516616e-01 1.20547078e-07
 2.46467044e-01 6.09780807e-03 7.32460502e-02 1.20890056e-08
 1.87035249e-02 3.73977996e-02 1.48666107e-02 2.61704417e-03
 3.86102989e-03 6.42224929e-03 1.33760802e-02 1.83355117e-03
 5.18821972e-02 2.38465730e-03 4.29046063e-02 2.60810899e-02
 2.93249115e-04 1.33767153e-10 6.57059996e-04 6.18373744e-05
 5.46365188e-04 1.61654744e-10 2.36538799e-04 4.13557570e-04
 1.01160450e-03 1.54754513e-04 6.36908899e-04 6.99067250e-04
 2.32481507e-03 2.68410970e-04 6.10899768e-03 2.82912633e-04
 6.32822301e-03 2.02008282e-02 1.66894176e-07 1.32594345e-13
 5.94105419e-08 6.00471730e-09 1.96334422e-06 6.95792345e-12
 2.89176069e-05 1.73741071e-05 7.67013361e-05 5.51553082e-06
 4.66049330e-05 4.06332694e-05 9.75876236e-05 7.73380930e-06
 1.20349539e-04 6.48899771e-06 1.63138311e-04 2.26253531e-02
 2.59554018e-01 1.50486965e-02 6.59537590e-02 3.62791071e-02
 1.62458254e-01 1.13521404e-02 9.45945868e-02 4.00138401e-02
 2.26047350e-01 9.26240660e-03 1.35726460e-01 6.21681494e-02
 4.67887502e-01 1.69247178e-02 3.08551514e+00 5.52628640e-01
 1.56582311e+00 2.56233917e-01 1.09154248e+00 1.99587449e-01
 1.76678956e+00 2.67507632e+00]
train  L_V                   = +0.3667 (19.7%)
 train    L_V_attractive      = +0.2547 (13.7%)
 train      L_V_attractive_charged      = +0.2038 (11.0%)
 train      L_V_attractive_neutral      = +0.0509 (2.7%)
 train    L_V_repulsive       = +0.1120 (6.0%)
 train      L_V_repulsive_charged       = +0.0629 (3.4%)
 train      L_V_repulsive_neutral       = +0.0491 (2.6%)
 train    L_charged_cluster   = +0.0000 (0.0%)
 train  L_beta              = +0.8014 (43.1%)
 train    L_beta_noise        = +0.0000 (0.0%)
 train    L_beta_sig          = +0.1250 (6.7%)
 train    L_beta_suppress     = +0.0000 (0.0%)
 train    L_beta_track        = +0.6764 (36.4%)
 train      L_beta_norms_term   = -0.0239 (-1.3%)
 train      L_beta_logbeta_term = +0.1489 (8.0%)
 train  L_E   = +0.6921 (37.2%)
 train    L_E_charge = +0.0000 (0.0%)
 train    L_E_cond = +0.4062 (21.8%)
 train    L_E_cluster = +0.2858 (15.4%)
 train    L_E_w_photon   = +0.0000 (0.0%)
 train    L_E_w_charged_hadron   = +0.0000 (0.0%)
 train    L_E_w_neutral_hadron   = +0.0000 (0.0%)
 train    L_E_w_muon     = +0.0000 (0.0%)
 train    L_E_w_electron = +0.0000 (0.0%)
learning rate :  [0.00039890465297888624, 0.00039563061276672447, 0.000390213750433216, 0.00038271341425563806, 0.0003732117794866986, 0.00036181294802527074, 0.000348641807854205, 0.0003338426647414537, 0.00031757766119588004, 0.00030002500000000004, 0.0002813769917830063, 0.00026183794802527076, 0.00024162194257901096, 0.00022095046623036733, 0.00020005, 0.00017914953376963274, 0.00015847805742098906, 0.0001382620519747293, 0.00011872300821699378, 0.00010007500000000005, 8.252233880412002e-05, 6.625733525854636e-05, 5.1458192145795003e-05, 3.8287051974729284e-05, 2.688822051330148e-05, 1.7386585744361935e-05, 9.886249566784053e-06, 4.469387233275552e-06, 1.1953470211137557e-06, 1e-07, 0.0003990946109184883, 0.0003963866430176782, 0.0003919006200742188, 0.0003856771682065637, 0.00037777264795855195, 0.0003682586438895947, 0.00035722131629382036, 0.00034476062091910877, 0.0003309894037523598, 0.00031603237906876113, 0.00030002500000000004, 0.0002831122318497272, 0.00026544723926531853, 0.00024718999915511003, 0.00022850585191274341, 0.00020956400406895733, 0.00019053599593104275, 0.00017159414808725666, 0.00015291000084489, 0.00013465276073468155, 0.00011698776815027284, 0.00010007500000000005, 8.406762093123896e-05, 6.911059624764027e-05, 5.5339379080891216e-05, 4.287868370617969e-05, 3.18413561104053e-05, 2.2327352041448074e-05, 1.4422831793436292e-05, 8.199379925781274e-06, 3.713356982321794e-06, 1.0053890815117365e-06, 1e-07, 0.0003992796778340782, 0.0003971239012740243, 0.00039354820273935316, 0.0003885783452199438, 0.00038225013665310777, 0.0003746091719265796, 0.00036571050436630625, 0.000355618249075972, 0.00034440512098620716, 0.0003321519109418468, 0.0003189469036020421, 0.0003048852413472685, 0.00029006823877629376, 0.00027460265273217277, 0.00025859991311674626, 0.0002421753200356455, 0.0002254472130583884, 0.00020853611857906987, 0.0001915638814209302, 0.00017465278694161161, 0.00015792467996435458, 0.00014150008688325376, 0.0001254973472678273, 0.0001100317612237062, 9.521475865273155e-05, 8.115309639795791e-05, 6.794808905815326e-05, 5.5694879013792844e-05, 4.448175092402807e-05, 3.438949563369378e-05, 2.549082807342043e-05, 1.7849863346892246e-05, 1.1521654780056213e-05, 6.5517972606469006e-06, 2.976098725975694e-06, 8.203221659218221e-07, 1e-07, 0.0002796193148626822, 0.0002783896695144165, 0.00027634828000305334, 0.00027350712601396834, 0.0002698828805685047, 0.00026549681218005416, 0.00026037466004196364, 0.00025454648297971365]
train loss :  2.860105037689209
test   L_V                   = +2108.4600 (99.9%)
    L_V_attractive      = +2108.3252 (99.9%)
      L_V_attractive_charged      = +29.5155 (1.4%)
      L_V_attractive_neutral      = +2078.7964 (98.5%)
    L_V_repulsive       = +0.1482 (0.0%)
      L_V_repulsive_charged       = +0.0818 (0.0%)
      L_V_repulsive_neutral       = +0.0663 (0.0%)
    L_charged_cluster   = +0.0000 (0.0%)
  L_beta              = +0.8531 (0.0%)
    L_beta_noise        = +0.0000 (0.0%)
    L_beta_sig          = +0.1533 (0.0%)
    L_beta_suppress     = +0.0000 (0.0%)
    L_beta_track        = +0.6998 (0.0%)
      L_beta_norms_term   = -0.0187 (-0.0%)
      L_beta_logbeta_term = +0.1720 (0.0%)
  L_E   = +1.2485 (0.1%)
    L_E_charge = +0.0000 (0.0%)
    L_E_cond = +0.7741 (0.0%)
    L_E_cluster = +0.4745 (0.0%)
    L_E_w_photon   = +0.0000 (0.0%)
    L_E_w_charged_hadron   = +0.0000 (0.0%)
    L_E_w_neutral_hadron   = +0.0000 (0.0%)
    L_E_w_muon     = +0.0000 (0.0%)
    L_E_w_electron = +0.0000 (0.0%)
Returning 2111.5615234375
[rank 0] epoch=108 train_batch=2000/15625 loss=2.837826
[rank 0] epoch=108 train_batch=4000/15625 loss=2.799188
[rank 0] epoch=108 train_batch=6000/15625 loss=2.873605
[rank 0] epoch=108 train_batch=8000/15625 loss=2.868055
[rank 0] epoch=108 train_batch=10000/15625 loss=2.810033
[rank 0] epoch=108 train_batch=12000/15625 loss=2.809136
[rank 0] epoch=108 train_batch=14000/15625 loss=2.877442
Training epoch 108
[4.97545254e+00 2.29921294e-02 5.28740587e+00 3.98378582e-03
 5.64285343e+00 3.04732218e-06 2.81909157e-01 1.56313044e-03
 8.58382445e-01 1.76939307e-09 8.69604811e-01 5.77204993e-01
 1.96602975e+00 1.19539953e-01 4.36321424e-01 2.91232775e-01
 1.28707816e+00 1.60327472e-01 2.70219406e+00 9.95530889e-02
 1.53601709e-01 6.48240777e-02 1.35024952e-01 5.01696775e-08
 1.96296131e-01 4.82757447e-03 5.37122128e-02 1.46561142e-08
 1.32253011e-02 2.12078355e-02 9.98991167e-03 1.57495571e-03
 2.72296329e-03 3.83446037e-03 1.11384997e-02 1.27693509e-03
 4.84256631e-02 2.25040103e-03 6.75707678e-02 2.48975583e-02
 3.63624390e-05 2.47038327e-11 6.22745367e-05 7.98017182e-06
 6.51706401e-05 9.47365264e-12 2.12742624e-05 3.05735706e-05
 8.42142301e-05 1.11423656e-05 3.01614923e-05 1.90622766e-05
 7.05500505e-05 6.49055243e-06 2.25778457e-04 1.22618507e-05
 2.85332026e-03 1.86712742e-02 2.72669756e-10 7.74746792e-16
 1.29211775e-10 1.53987077e-11 4.02199567e-09 3.99531803e-14
 3.35235270e-08 1.99210566e-08 1.16079432e-07 1.03557061e-08
 5.76688164e-08 5.77073534e-08 1.69619745e-07 1.45155439e-08
 3.01318192e-07 1.65818791e-08 1.04967404e-06 1.85215644e-02
 2.84421820e-01 1.50832603e-02 6.86773845e-02 3.25309905e-02
 1.76354310e-01 9.29478208e-03 9.91557420e-02 3.65852979e-02
 2.28289263e-01 8.24675079e-03 1.40024698e-01 7.30415209e-02
 5.19909882e-01 1.84641809e-02 2.97420775e+00 5.57846803e-01
 1.49492234e+00 2.60218468e-01 1.02541489e+00 2.05909835e-01
 1.88968023e+00 2.72719328e+00]
train  L_V                   = +0.3689 (19.7%)
 train    L_V_attractive      = +0.2546 (13.6%)
 train      L_V_attractive_charged      = +0.2043 (10.9%)
 train      L_V_attractive_neutral      = +0.0503 (2.7%)
 train    L_V_repulsive       = +0.1143 (6.1%)
 train      L_V_repulsive_charged       = +0.0638 (3.4%)
 train      L_V_repulsive_neutral       = +0.0504 (2.7%)
 train    L_charged_cluster   = +0.0000 (0.0%)
 train  L_beta              = +0.8068 (43.1%)
 train    L_beta_noise        = +0.0000 (0.0%)
 train    L_beta_sig          = +0.1299 (6.9%)
 train    L_beta_suppress     = +0.0000 (0.0%)
 train    L_beta_track        = +0.6769 (36.2%)
 train      L_beta_norms_term   = -0.0224 (-1.2%)
 train      L_beta_logbeta_term = +0.1523 (8.1%)
 train  L_E   = +0.6969 (37.2%)
 train    L_E_charge = +0.0000 (0.0%)
 train    L_E_cond = +0.4111 (22.0%)
 train    L_E_cluster = +0.2858 (15.3%)
 train    L_E_w_photon   = +0.0000 (0.0%)
 train    L_E_w_charged_hadron   = +0.0000 (0.0%)
 train    L_E_w_neutral_hadron   = +0.0000 (0.0%)
 train    L_E_w_muon     = +0.0000 (0.0%)
 train    L_E_w_electron = +0.0000 (0.0%)
learning rate :  [0.00039890465297888624, 0.00039563061276672447, 0.000390213750433216, 0.00038271341425563806, 0.0003732117794866986, 0.00036181294802527074, 0.000348641807854205, 0.0003338426647414537, 0.00031757766119588004, 0.00030002500000000004, 0.0002813769917830063, 0.00026183794802527076, 0.00024162194257901096, 0.00022095046623036733, 0.00020005, 0.00017914953376963274, 0.00015847805742098906, 0.0001382620519747293, 0.00011872300821699378, 0.00010007500000000005, 8.252233880412002e-05, 6.625733525854636e-05, 5.1458192145795003e-05, 3.8287051974729284e-05, 2.688822051330148e-05, 1.7386585744361935e-05, 9.886249566784053e-06, 4.469387233275552e-06, 1.1953470211137557e-06, 1e-07, 0.0003990946109184883, 0.0003963866430176782, 0.0003919006200742188, 0.0003856771682065637, 0.00037777264795855195, 0.0003682586438895947, 0.00035722131629382036, 0.00034476062091910877, 0.0003309894037523598, 0.00031603237906876113, 0.00030002500000000004, 0.0002831122318497272, 0.00026544723926531853, 0.00024718999915511003, 0.00022850585191274341, 0.00020956400406895733, 0.00019053599593104275, 0.00017159414808725666, 0.00015291000084489, 0.00013465276073468155, 0.00011698776815027284, 0.00010007500000000005, 8.406762093123896e-05, 6.911059624764027e-05, 5.5339379080891216e-05, 4.287868370617969e-05, 3.18413561104053e-05, 2.2327352041448074e-05, 1.4422831793436292e-05, 8.199379925781274e-06, 3.713356982321794e-06, 1.0053890815117365e-06, 1e-07, 0.0003992796778340782, 0.0003971239012740243, 0.00039354820273935316, 0.0003885783452199438, 0.00038225013665310777, 0.0003746091719265796, 0.00036571050436630625, 0.000355618249075972, 0.00034440512098620716, 0.0003321519109418468, 0.0003189469036020421, 0.0003048852413472685, 0.00029006823877629376, 0.00027460265273217277, 0.00025859991311674626, 0.0002421753200356455, 0.0002254472130583884, 0.00020853611857906987, 0.0001915638814209302, 0.00017465278694161161, 0.00015792467996435458, 0.00014150008688325376, 0.0001254973472678273, 0.0001100317612237062, 9.521475865273155e-05, 8.115309639795791e-05, 6.794808905815326e-05, 5.5694879013792844e-05, 4.448175092402807e-05, 3.438949563369378e-05, 2.549082807342043e-05, 1.7849863346892246e-05, 1.1521654780056213e-05, 6.5517972606469006e-06, 2.976098725975694e-06, 8.203221659218221e-07, 1e-07, 0.0002796193148626822, 0.0002783896695144165, 0.00027634828000305334, 0.00027350712601396834, 0.0002698828805685047, 0.00026549681218005416, 0.00026037466004196364, 0.00025454648297971365, 0.0002480464830537782]
train loss :  2.8725857734680176
test   L_V                   = +0.6083 (26.1%)
    L_V_attractive      = +0.4694 (20.2%)
      L_V_attractive_charged      = +0.2302 (9.9%)
      L_V_attractive_neutral      = +0.2392 (10.3%)
    L_V_repulsive       = +0.1390 (6.0%)
      L_V_repulsive_charged       = +0.0757 (3.3%)
      L_V_repulsive_neutral       = +0.0632 (2.7%)
    L_charged_cluster   = +0.0000 (0.0%)
  L_beta              = +0.8388 (36.0%)
    L_beta_noise        = +0.0000 (0.0%)
    L_beta_sig          = +0.1501 (6.4%)
    L_beta_suppress     = +0.0000 (0.0%)
    L_beta_track        = +0.6886 (29.6%)
      L_beta_norms_term   = -0.0228 (-1.0%)
      L_beta_logbeta_term = +0.1730 (7.4%)
  L_E   = +0.8817 (37.9%)
    L_E_charge = +0.0000 (0.0%)
    L_E_cond = +0.5836 (25.1%)
    L_E_cluster = +0.2982 (12.8%)
    L_E_w_photon   = +0.0000 (0.0%)
    L_E_w_charged_hadron   = +0.0000 (0.0%)
    L_E_w_neutral_hadron   = +0.0000 (0.0%)
    L_E_w_muon     = +0.0000 (0.0%)
    L_E_w_electron = +0.0000 (0.0%)
Returning 3.3287978172302246
[rank 0] epoch=109 train_batch=2000/15625 loss=2.878694
[rank 0] epoch=109 train_batch=4000/15625 loss=2.762191
[rank 0] epoch=109 train_batch=6000/15625 loss=2.776206
[rank 0] epoch=109 train_batch=8000/15625 loss=2.807967
[rank 0] epoch=109 train_batch=10000/15625 loss=2.866030
[rank 0] epoch=109 train_batch=12000/15625 loss=2.782792
[rank 0] epoch=109 train_batch=14000/15625 loss=2.829822
Training epoch 109
[3.13356800e+00 1.99282525e-02 2.59347439e+00 3.40606297e-03
 2.65463249e+00 2.02952411e-06 2.21359993e-01 1.33848196e-03
 7.17719240e-01 1.48990740e-09 6.06049188e-01 3.18934785e-01
 1.56729048e+00 8.73425499e-02 4.06333271e-01 2.40095320e-01
 1.16278930e+00 1.32670045e-01 1.87037723e+00 5.89745984e-02
 7.93415212e-02 4.11339685e-02 7.18608753e-02 2.24478425e-08
 8.63278342e-02 4.28963031e-03 2.86254951e-02 4.56971378e-09
 7.49313749e-03 1.09388722e-02 8.85451794e-03 1.30078114e-03
 2.73718382e-03 3.51017549e-03 1.21853946e-02 1.37861586e-03
 3.59689073e-02 1.51381470e-03 5.01570356e-02 1.46042102e-02
 1.62419040e-05 6.08585283e-12 1.66163294e-05 3.74767673e-06
 1.71147353e-05 2.26932352e-12 8.20735926e-06 9.93852519e-06
 2.53450060e-05 2.99480912e-06 1.45100849e-05 8.58772556e-06
 4.29276309e-05 3.01994790e-06 8.13386211e-05 4.24981741e-06
 1.28490793e-02 1.02479546e-02 1.98526299e-21 8.19407372e-23
 3.79452075e-10 4.49963747e-11 1.63289209e-08 6.72989403e-16
 1.73574952e-09 1.98694680e-09 8.56944940e-09 8.90770205e-10
 2.29599993e-09 6.80208203e-10 1.14238917e-08 3.25285876e-10
 1.39937571e-08 7.26530048e-10 1.79297785e-07 1.04389944e-02
 1.67765556e-01 8.03144785e-03 4.74914270e-02 2.18201548e-02
 1.23975156e-01 7.02014971e-03 8.37331745e-02 3.80319908e-02
 2.16654264e-01 8.32295218e-03 1.54581145e-01 5.41871639e-02
 5.67408377e-01 1.42477913e-02 3.17138128e+00 5.87893457e-01
 1.57633415e+00 2.60497635e-01 1.09056062e+00 2.08875539e-01
 1.94126675e+00 2.74288724e+00]
train  L_V                   = +0.3660 (20.0%)
 train    L_V_attractive      = +0.2563 (14.0%)
 train      L_V_attractive_charged      = +0.2051 (11.2%)
 train      L_V_attractive_neutral      = +0.0512 (2.8%)
 train    L_V_repulsive       = +0.1098 (6.0%)
 train      L_V_repulsive_charged       = +0.0615 (3.4%)
 train      L_V_repulsive_neutral       = +0.0483 (2.6%)
 train    L_charged_cluster   = +0.0000 (0.0%)
 train  L_beta              = +0.7966 (43.4%)
 train    L_beta_noise        = +0.0000 (0.0%)
 train    L_beta_sig          = +0.1215 (6.6%)
 train    L_beta_suppress     = +0.0000 (0.0%)
 train    L_beta_track        = +0.6751 (36.8%)
 train      L_beta_norms_term   = -0.0244 (-1.3%)
 train      L_beta_logbeta_term = +0.1460 (8.0%)
 train  L_E   = +0.6712 (36.6%)
 train    L_E_charge = +0.0000 (0.0%)
 train    L_E_cond = +0.3930 (21.4%)
 train    L_E_cluster = +0.2781 (15.2%)
 train    L_E_w_photon   = +0.0000 (0.0%)
 train    L_E_w_charged_hadron   = +0.0000 (0.0%)
 train    L_E_w_neutral_hadron   = +0.0000 (0.0%)
 train    L_E_w_muon     = +0.0000 (0.0%)
 train    L_E_w_electron = +0.0000 (0.0%)
learning rate :  [0.00039890465297888624, 0.00039563061276672447, 0.000390213750433216, 0.00038271341425563806, 0.0003732117794866986, 0.00036181294802527074, 0.000348641807854205, 0.0003338426647414537, 0.00031757766119588004, 0.00030002500000000004, 0.0002813769917830063, 0.00026183794802527076, 0.00024162194257901096, 0.00022095046623036733, 0.00020005, 0.00017914953376963274, 0.00015847805742098906, 0.0001382620519747293, 0.00011872300821699378, 0.00010007500000000005, 8.252233880412002e-05, 6.625733525854636e-05, 5.1458192145795003e-05, 3.8287051974729284e-05, 2.688822051330148e-05, 1.7386585744361935e-05, 9.886249566784053e-06, 4.469387233275552e-06, 1.1953470211137557e-06, 1e-07, 0.0003990946109184883, 0.0003963866430176782, 0.0003919006200742188, 0.0003856771682065637, 0.00037777264795855195, 0.0003682586438895947, 0.00035722131629382036, 0.00034476062091910877, 0.0003309894037523598, 0.00031603237906876113, 0.00030002500000000004, 0.0002831122318497272, 0.00026544723926531853, 0.00024718999915511003, 0.00022850585191274341, 0.00020956400406895733, 0.00019053599593104275, 0.00017159414808725666, 0.00015291000084489, 0.00013465276073468155, 0.00011698776815027284, 0.00010007500000000005, 8.406762093123896e-05, 6.911059624764027e-05, 5.5339379080891216e-05, 4.287868370617969e-05, 3.18413561104053e-05, 2.2327352041448074e-05, 1.4422831793436292e-05, 8.199379925781274e-06, 3.713356982321794e-06, 1.0053890815117365e-06, 1e-07, 0.0003992796778340782, 0.0003971239012740243, 0.00039354820273935316, 0.0003885783452199438, 0.00038225013665310777, 0.0003746091719265796, 0.00036571050436630625, 0.000355618249075972, 0.00034440512098620716, 0.0003321519109418468, 0.0003189469036020421, 0.0003048852413472685, 0.00029006823877629376, 0.00027460265273217277, 0.00025859991311674626, 0.0002421753200356455, 0.0002254472130583884, 0.00020853611857906987, 0.0001915638814209302, 0.00017465278694161161, 0.00015792467996435458, 0.00014150008688325376, 0.0001254973472678273, 0.0001100317612237062, 9.521475865273155e-05, 8.115309639795791e-05, 6.794808905815326e-05, 5.5694879013792844e-05, 4.448175092402807e-05, 3.438949563369378e-05, 2.549082807342043e-05, 1.7849863346892246e-05, 1.1521654780056213e-05, 6.5517972606469006e-06, 2.976098725975694e-06, 8.203221659218221e-07, 1e-07, 0.0002796193148626822, 0.0002783896695144165, 0.00027634828000305334, 0.00027350712601396834, 0.0002698828805685047, 0.00026549681218005416, 0.00026037466004196364, 0.00025454648297971365, 0.0002480464830537782, 0.00024091280484833414]
train loss :  2.833756685256958
test   L_V                   = +82.4652 (98.1%)
    L_V_attractive      = +82.3458 (98.0%)
      L_V_attractive_charged      = +15.7096 (18.7%)
      L_V_attractive_neutral      = +66.6365 (79.3%)
    L_V_repulsive       = +0.1194 (0.1%)
      L_V_repulsive_charged       = +0.0668 (0.1%)
      L_V_repulsive_neutral       = +0.0526 (0.1%)
    L_charged_cluster   = +0.0000 (0.0%)
  L_beta              = +0.8122 (1.0%)
    L_beta_noise        = +0.0000 (0.0%)
    L_beta_sig          = +0.1244 (0.1%)
    L_beta_suppress     = +0.0000 (0.0%)
    L_beta_track        = +0.6877 (0.8%)
      L_beta_norms_term   = -0.0246 (-0.0%)
      L_beta_logbeta_term = +0.1490 (0.2%)
  L_E   = +0.7556 (0.9%)
    L_E_charge = +0.0000 (0.0%)
    L_E_cond = +0.4667 (0.6%)
    L_E_cluster = +0.2888 (0.3%)
    L_E_w_photon   = +0.0000 (0.0%)
    L_E_w_charged_hadron   = +0.0000 (0.0%)
    L_E_w_neutral_hadron   = +0.0000 (0.0%)
    L_E_w_muon     = +0.0000 (0.0%)
    L_E_w_electron = +0.0000 (0.0%)
Returning 85.03289794921875
[rank 0] epoch=110 train_batch=2000/15625 loss=2.813648
[rank 0] epoch=110 train_batch=4000/15625 loss=2.880650
[rank 0] epoch=110 train_batch=6000/15625 loss=2.839967
[rank 0] epoch=110 train_batch=8000/15625 loss=2.790375
[rank 0] epoch=110 train_batch=10000/15625 loss=2.795518
[rank 0] epoch=110 train_batch=12000/15625 loss=2.851699
[rank 0] epoch=110 train_batch=14000/15625 loss=2.824328
Training epoch 110
[3.64565765e+00 2.04072831e-02 3.20172180e+00 3.49048507e-03
 3.94428766e+00 1.90232806e-06 2.03988748e-01 1.32156684e-03
 7.41415170e-01 1.44964780e-09 5.73592278e-01 3.47284727e-01
 1.40838633e+00 7.73787761e-02 4.65746198e-01 2.11876841e-01
 1.19118929e+00 1.21059827e-01 1.55742129e+00 3.82836450e-02
 5.40709279e-02 3.18207685e-02 2.20574788e-02 6.27070315e-09
 4.51500456e-02 1.69779039e-03 1.71862009e-02 1.33517387e-09
 4.42886709e-03 6.77884795e-03 1.22274888e-02 1.63779153e-03
 4.17174308e-03 5.07696842e-03 1.78333649e-02 2.11900318e-03
 3.53757149e-02 8.61286095e-04 4.05047264e-02 1.24040755e-02
 1.72483887e-05 5.38047004e-12 2.39637623e-05 5.58177131e-06
 3.02820593e-05 3.42303256e-12 1.35294425e-05 1.20545890e-05
 4.66097563e-05 4.11655356e-06 2.17250027e-05 1.66676008e-05
 6.11045236e-05 5.24213326e-06 2.84334916e-04 1.48717167e-05
 9.88297604e-03 8.69838320e-03 0.00000000e+00 0.00000000e+00
 0.00000000e+00 0.00000000e+00 0.00000000e+00 0.00000000e+00
 0.00000000e+00 0.00000000e+00 0.00000000e+00 0.00000000e+00
 0.00000000e+00 0.00000000e+00 0.00000000e+00 0.00000000e+00
 0.00000000e+00 0.00000000e+00 1.50051981e-07 8.99373225e-03
 1.61072689e-01 7.35096258e-03 5.19460490e-02 2.67048821e-02
 1.48084378e-01 8.12138950e-03 9.77819745e-02 4.75265934e-02
 2.89819831e-01 1.05063949e-02 1.97478438e-01 4.99652674e-02
 8.18434607e-01 1.36471709e-02 3.36673277e+00 5.97779830e-01
 1.65442104e+00 2.64637252e-01 1.14260887e+00 2.15317144e-01
 1.99789708e+00 2.66084586e+00]
train  L_V                   = +0.3686 (20.3%)
 train    L_V_attractive      = +0.2584 (14.2%)
 train      L_V_attractive_charged      = +0.2066 (11.4%)
 train      L_V_attractive_neutral      = +0.0519 (2.9%)
 train    L_V_repulsive       = +0.1101 (6.1%)
 train      L_V_repulsive_charged       = +0.0622 (3.4%)
 train      L_V_repulsive_neutral       = +0.0480 (2.6%)
 train    L_charged_cluster   = +0.0000 (0.0%)
 train  L_beta              = +0.7933 (43.6%)
 train    L_beta_noise        = +0.0000 (0.0%)
 train    L_beta_sig          = +0.1191 (6.6%)
 train    L_beta_suppress     = +0.0000 (0.0%)
 train    L_beta_track        = +0.6742 (37.1%)
 train      L_beta_norms_term   = -0.0276 (-1.5%)
 train      L_beta_logbeta_term = +0.1467 (8.1%)
 train  L_E   = +0.6564 (36.1%)
 train    L_E_charge = +0.0000 (0.0%)
 train    L_E_cond = +0.3797 (20.9%)
 train    L_E_cluster = +0.2766 (15.2%)
 train    L_E_w_photon   = +0.0000 (0.0%)
 train    L_E_w_charged_hadron   = +0.0000 (0.0%)
 train    L_E_w_neutral_hadron   = +0.0000 (0.0%)
 train    L_E_w_muon     = +0.0000 (0.0%)
 train    L_E_w_electron = +0.0000 (0.0%)
learning rate :  [0.00039890465297888624, 0.00039563061276672447, 0.000390213750433216, 0.00038271341425563806, 0.0003732117794866986, 0.00036181294802527074, 0.000348641807854205, 0.0003338426647414537, 0.00031757766119588004, 0.00030002500000000004, 0.0002813769917830063, 0.00026183794802527076, 0.00024162194257901096, 0.00022095046623036733, 0.00020005, 0.00017914953376963274, 0.00015847805742098906, 0.0001382620519747293, 0.00011872300821699378, 0.00010007500000000005, 8.252233880412002e-05, 6.625733525854636e-05, 5.1458192145795003e-05, 3.8287051974729284e-05, 2.688822051330148e-05, 1.7386585744361935e-05, 9.886249566784053e-06, 4.469387233275552e-06, 1.1953470211137557e-06, 1e-07, 0.0003990946109184883, 0.0003963866430176782, 0.0003919006200742188, 0.0003856771682065637, 0.00037777264795855195, 0.0003682586438895947, 0.00035722131629382036, 0.00034476062091910877, 0.0003309894037523598, 0.00031603237906876113, 0.00030002500000000004, 0.0002831122318497272, 0.00026544723926531853, 0.00024718999915511003, 0.00022850585191274341, 0.00020956400406895733, 0.00019053599593104275, 0.00017159414808725666, 0.00015291000084489, 0.00013465276073468155, 0.00011698776815027284, 0.00010007500000000005, 8.406762093123896e-05, 6.911059624764027e-05, 5.5339379080891216e-05, 4.287868370617969e-05, 3.18413561104053e-05, 2.2327352041448074e-05, 1.4422831793436292e-05, 8.199379925781274e-06, 3.713356982321794e-06, 1.0053890815117365e-06, 1e-07, 0.0003992796778340782, 0.0003971239012740243, 0.00039354820273935316, 0.0003885783452199438, 0.00038225013665310777, 0.0003746091719265796, 0.00036571050436630625, 0.000355618249075972, 0.00034440512098620716, 0.0003321519109418468, 0.0003189469036020421, 0.0003048852413472685, 0.00029006823877629376, 0.00027460265273217277, 0.00025859991311674626, 0.0002421753200356455, 0.0002254472130583884, 0.00020853611857906987, 0.0001915638814209302, 0.00017465278694161161, 0.00015792467996435458, 0.00014150008688325376, 0.0001254973472678273, 0.0001100317612237062, 9.521475865273155e-05, 8.115309639795791e-05, 6.794808905815326e-05, 5.5694879013792844e-05, 4.448175092402807e-05, 3.438949563369378e-05, 2.549082807342043e-05, 1.7849863346892246e-05, 1.1521654780056213e-05, 6.5517972606469006e-06, 2.976098725975694e-06, 8.203221659218221e-07, 1e-07, 0.0002796193148626822, 0.0002783896695144165, 0.00027634828000305334, 0.00027350712601396834, 0.0002698828805685047, 0.00026549681218005416, 0.00026037466004196364, 0.00025454648297971365, 0.0002480464830537782, 0.00024091280484833414, 0.00023318731162367336]
train loss :  2.818251371383667
test   L_V                   = +103626728.0000 (100.0%)
    L_V_attractive      = +103626728.0000 (100.0%)
      L_V_attractive_charged      = +93321336.0000 (90.1%)
      L_V_attractive_neutral      = +10305410.0000 (9.9%)
    L_V_repulsive       = +0.1155 (0.0%)
      L_V_repulsive_charged       = +0.0670 (0.0%)
      L_V_repulsive_neutral       = +0.0485 (0.0%)
    L_charged_cluster   = +0.0000 (0.0%)
  L_beta              = +0.8201 (0.0%)
    L_beta_noise        = +0.0000 (0.0%)
    L_beta_sig          = +0.1326 (0.0%)
    L_beta_suppress     = +0.0000 (0.0%)
    L_beta_track        = +0.6875 (0.0%)
      L_beta_norms_term   = -0.0226 (-0.0%)
      L_beta_logbeta_term = +0.1552 (0.0%)
  L_E   = +0.8207 (0.0%)
    L_E_charge = +0.0000 (0.0%)
    L_E_cond = +0.5134 (0.0%)
    L_E_cluster = +0.3073 (0.0%)
    L_E_w_photon   = +0.0000 (0.0%)
    L_E_w_charged_hadron   = +0.0000 (0.0%)
    L_E_w_neutral_hadron   = +0.0000 (0.0%)
    L_E_w_muon     = +0.0000 (0.0%)
    L_E_w_electron = +0.0000 (0.0%)
Returning 103626728.0
[rank 0] epoch=111 train_batch=2000/15625 loss=2.741345
[rank 0] epoch=111 train_batch=4000/15625 loss=2.836865
[rank 0] epoch=111 train_batch=6000/15625 loss=2.754619
[rank 0] epoch=111 train_batch=8000/15625 loss=2.807307
[rank 0] epoch=111 train_batch=10000/15625 loss=2.788952
[rank 0] epoch=111 train_batch=12000/15625 loss=2.760128
[rank 0] epoch=111 train_batch=14000/15625 loss=2.820704
Training epoch 111
[4.07229079e+00 2.01482962e-02 3.39750102e+00 3.36351172e-03
 4.30445534e+00 1.97393181e-06 1.99463772e-01 1.21137134e-03
 7.04422211e-01 1.60905389e-09 5.73662795e-01 3.67681874e-01
 1.42104605e+00 8.16438922e-02 5.56829454e-01 2.22363384e-01
 1.35406747e+00 1.24124159e-01 1.48107324e+00 3.24444576e-02
 6.52387072e-02 3.52452424e-02 3.28738514e-02 6.86664709e-09
 7.00470064e-02 3.49989837e-03 2.42251096e-02 1.99238463e-09
 7.89552903e-03 9.51955506e-03 2.52000656e-02 2.18187427e-03
 6.97538408e-03 7.51478271e-03 2.83355027e-02 3.21227808e-03
 4.38102020e-02 8.74387942e-04 3.94395952e-02 1.18609464e-02
 1.07227931e-05 5.56253224e-12 6.14142648e-06 1.27025872e-06
 8.47684294e-06 1.47139257e-12 2.41371748e-06 2.41577085e-06
 6.80348335e-06 6.65995546e-07 2.64626315e-06 1.78786201e-06
 6.96745806e-06 4.14053420e-07 1.17733685e-05 6.24272782e-07
 6.38200612e-03 8.77356510e-03 2.60064622e-12 7.72153160e-18
 3.99458865e-12 4.89073027e-13 1.04076652e-10 2.97090711e-16
 1.23652392e-08 7.80255177e-09 5.19776666e-08 4.58494301e-09
 2.58797515e-08 2.38436526e-08 1.16109480e-07 9.16983571e-09
 3.07323422e-07 1.65044342e-08 1.59364754e-07 8.49093937e-03
 1.59437982e-01 7.08668373e-03 6.12129654e-02 3.09734609e-02
 1.72966345e-01 9.69515690e-03 1.15555396e-01 5.54696809e-02
 3.44718041e-01 1.19101941e-02 2.39522090e-01 5.44577971e-02
 1.05855365e+00 1.49410043e-02 3.45600390e+00 6.09552466e-01
 1.68759329e+00 2.69535446e-01 1.16634897e+00 2.18394571e-01
 1.99214682e+00 2.66426355e+00]
train  L_V                   = +0.3688 (20.3%)
 train    L_V_attractive      = +0.2580 (14.2%)
 train      L_V_attractive_charged      = +0.2065 (11.4%)
 train      L_V_attractive_neutral      = +0.0514 (2.8%)
 train    L_V_repulsive       = +0.1108 (6.1%)
 train      L_V_repulsive_charged       = +0.0621 (3.4%)
 train      L_V_repulsive_neutral       = +0.0487 (2.7%)
 train    L_charged_cluster   = +0.0000 (0.0%)
 train  L_beta              = +0.7905 (43.6%)
 train    L_beta_noise        = +0.0000 (0.0%)
 train    L_beta_sig          = +0.1168 (6.4%)
 train    L_beta_suppress     = +0.0000 (0.0%)
 train    L_beta_track        = +0.6737 (37.2%)
 train      L_beta_norms_term   = -0.0287 (-1.6%)
 train      L_beta_logbeta_term = +0.1455 (8.0%)
 train  L_E   = +0.6538 (36.1%)
 train    L_E_charge = +0.0000 (0.0%)
 train    L_E_cond = +0.3775 (20.8%)
 train    L_E_cluster = +0.2763 (15.2%)
 train    L_E_w_photon   = +0.0000 (0.0%)
 train    L_E_w_charged_hadron   = +0.0000 (0.0%)
 train    L_E_w_neutral_hadron   = +0.0000 (0.0%)
 train    L_E_w_muon     = +0.0000 (0.0%)
 train    L_E_w_electron = +0.0000 (0.0%)
learning rate :  [0.00039890465297888624, 0.00039563061276672447, 0.000390213750433216, 0.00038271341425563806, 0.0003732117794866986, 0.00036181294802527074, 0.000348641807854205, 0.0003338426647414537, 0.00031757766119588004, 0.00030002500000000004, 0.0002813769917830063, 0.00026183794802527076, 0.00024162194257901096, 0.00022095046623036733, 0.00020005, 0.00017914953376963274, 0.00015847805742098906, 0.0001382620519747293, 0.00011872300821699378, 0.00010007500000000005, 8.252233880412002e-05, 6.625733525854636e-05, 5.1458192145795003e-05, 3.8287051974729284e-05, 2.688822051330148e-05, 1.7386585744361935e-05, 9.886249566784053e-06, 4.469387233275552e-06, 1.1953470211137557e-06, 1e-07, 0.0003990946109184883, 0.0003963866430176782, 0.0003919006200742188, 0.0003856771682065637, 0.00037777264795855195, 0.0003682586438895947, 0.00035722131629382036, 0.00034476062091910877, 0.0003309894037523598, 0.00031603237906876113, 0.00030002500000000004, 0.0002831122318497272, 0.00026544723926531853, 0.00024718999915511003, 0.00022850585191274341, 0.00020956400406895733, 0.00019053599593104275, 0.00017159414808725666, 0.00015291000084489, 0.00013465276073468155, 0.00011698776815027284, 0.00010007500000000005, 8.406762093123896e-05, 6.911059624764027e-05, 5.5339379080891216e-05, 4.287868370617969e-05, 3.18413561104053e-05, 2.2327352041448074e-05, 1.4422831793436292e-05, 8.199379925781274e-06, 3.713356982321794e-06, 1.0053890815117365e-06, 1e-07, 0.0003992796778340782, 0.0003971239012740243, 0.00039354820273935316, 0.0003885783452199438, 0.00038225013665310777, 0.0003746091719265796, 0.00036571050436630625, 0.000355618249075972, 0.00034440512098620716, 0.0003321519109418468, 0.0003189469036020421, 0.0003048852413472685, 0.00029006823877629376, 0.00027460265273217277, 0.00025859991311674626, 0.0002421753200356455, 0.0002254472130583884, 0.00020853611857906987, 0.0001915638814209302, 0.00017465278694161161, 0.00015792467996435458, 0.00014150008688325376, 0.0001254973472678273, 0.0001100317612237062, 9.521475865273155e-05, 8.115309639795791e-05, 6.794808905815326e-05, 5.5694879013792844e-05, 4.448175092402807e-05, 3.438949563369378e-05, 2.549082807342043e-05, 1.7849863346892246e-05, 1.1521654780056213e-05, 6.5517972606469006e-06, 2.976098725975694e-06, 8.203221659218221e-07, 1e-07, 0.0002796193148626822, 0.0002783896695144165, 0.00027634828000305334, 0.00027350712601396834, 0.0002698828805685047, 0.00026549681218005416, 0.00026037466004196364, 0.00025454648297971365, 0.0002480464830537782, 0.00024091280484833414, 0.00023318731162367336, 0.0002249153396459455]
train loss :  2.8131520748138428
test   L_V                   = +6075234.0000 (100.0%)
    L_V_attractive      = +6075234.0000 (100.0%)
      L_V_attractive_charged      = +3121757.7500 (51.4%)
      L_V_attractive_neutral      = +2953477.0000 (48.6%)
    L_V_repulsive       = +0.1306 (0.0%)
      L_V_repulsive_charged       = +0.0714 (0.0%)
      L_V_repulsive_neutral       = +0.0592 (0.0%)
    L_charged_cluster   = +0.0000 (0.0%)
  L_beta              = +0.7999 (0.0%)
    L_beta_noise        = +0.0000 (0.0%)
    L_beta_sig          = +0.1122 (0.0%)
    L_beta_suppress     = +0.0000 (0.0%)
    L_beta_track        = +0.6877 (0.0%)
      L_beta_norms_term   = -0.0314 (-0.0%)
      L_beta_logbeta_term = +0.1436 (0.0%)
  L_E   = +0.6272 (0.0%)
    L_E_charge = +0.0000 (0.0%)
    L_E_cond = +0.3543 (0.0%)
    L_E_cluster = +0.2728 (0.0%)
    L_E_w_photon   = +0.0000 (0.0%)
    L_E_w_charged_hadron   = +0.0000 (0.0%)
    L_E_w_neutral_hadron   = +0.0000 (0.0%)
    L_E_w_muon     = +0.0000 (0.0%)
    L_E_w_electron = +0.0000 (0.0%)
Returning 6075236.5
[rank 0] epoch=112 train_batch=2000/15625 loss=2.789214
[rank 0] epoch=112 train_batch=4000/15625 loss=2.934276
[rank 0] epoch=112 train_batch=6000/15625 loss=2.848384
