['train_clustering_ddp.py', '-i', '/data/suehara/mldata/pfa/murata/data/tc/tc_nnqq/train', '-ii', '/data/suehara/mldata/pfa/murata/data/tc/tc_nnqq/validation', '--no-split', '--thetaphi', '--gnn-model-ckpt', 'checkpoint/energy_regression/ckpts_gravnet_new02_2025_09_10_154302_outputD5/ckpt_495_1.pth.tar', '--cuda', 'cuda:1', '--epochs', '500', '--beta-track', '--force-track-alpha', '--batch-size', '100', '--output-dimension', '5', '--ckptdir', 'checkpoint/clustering/ckpts_gravnet_new02_2025_10_08_183945_outputD5', '--learning-rate', '1e-4', '--lr-policy', 'cosineReduce', '--energy-regression', '--energy-regression-cluster', '--momentum', '--momentum-amp', '--loss-specify', '--ddp', '--lcr-block']
cuda:1
Loading model from checkpoint checkpoint/energy_regression/ckpts_gravnet_new02_2025_09_10_154302_outputD5/ckpt_495_1.pth.tar
Loading model from ckpt='checkpoint/energy_regression/ckpts_gravnet_new02_2025_09_10_154302_outputD5/ckpt_495_1.pth.tar'
input_dim=11
Hello
thetaphi at main: True
Loading dataset...
ILCDataset: path='/data/suehara/mldata/pfa/murata/data/tc/tc_nnqq/train'
filenames=['/data/suehara/mldata/pfa/murata/data/tc/tc_nnqq/train/nnqq_10_uu_eL_pR.h5', '/data/suehara/mldata/pfa/murata/data/tc/tc_nnqq/train/nnqq_11_uu_eL_pR.h5', '/data/suehara/mldata/pfa/murata/data/tc/tc_nnqq/train/nnqq_12_uu_eL_pR.h5', '/data/suehara/mldata/pfa/murata/data/tc/tc_nnqq/train/nnqq_13_uu_eL_pR.h5', '/data/suehara/mldata/pfa/murata/data/tc/tc_nnqq/train/nnqq_14_uu_eL_pR.h5', '/data/suehara/mldata/pfa/murata/data/tc/tc_nnqq/train/nnqq_15_uu_eL_pR.h5', '/data/suehara/mldata/pfa/murata/data/tc/tc_nnqq/train/nnqq_16_uu_eL_pR.h5', '/data/suehara/mldata/pfa/murata/data/tc/tc_nnqq/train/nnqq_17_uu_eL_pR.h5', '/data/suehara/mldata/pfa/murata/data/tc/tc_nnqq/train/nnqq_18_uu_eL_pR.h5', '/data/suehara/mldata/pfa/murata/data/tc/tc_nnqq/train/nnqq_19_uu_eL_pR.h5', '/data/suehara/mldata/pfa/murata/data/tc/tc_nnqq/train/nnqq_1_uu_eL_pR.h5', '/data/suehara/mldata/pfa/murata/data/tc/tc_nnqq/train/nnqq_26_uu_eR_pL.h5', '/data/suehara/mldata/pfa/murata/data/tc/tc_nnqq/train/nnqq_27_uu_eR_pL.h5', '/data/suehara/mldata/pfa/murata/data/tc/tc_nnqq/train/nnqq_28_uu_eR_pL.h5', '/data/suehara/mldata/pfa/murata/data/tc/tc_nnqq/train/nnqq_29_uu_eR_pL.h5', '/data/suehara/mldata/pfa/murata/data/tc/tc_nnqq/train/nnqq_2_uu_eL_pR.h5', '/data/suehara/mldata/pfa/murata/data/tc/tc_nnqq/train/nnqq_30_uu_eR_pL.h5', '/data/suehara/mldata/pfa/murata/data/tc/tc_nnqq/train/nnqq_31_uu_eR_pL.h5', '/data/suehara/mldata/pfa/murata/data/tc/tc_nnqq/train/nnqq_32_uu_eR_pL.h5', '/data/suehara/mldata/pfa/murata/data/tc/tc_nnqq/train/nnqq_33_uu_eR_pL.h5', '/data/suehara/mldata/pfa/murata/data/tc/tc_nnqq/train/nnqq_34_uu_eR_pL.h5', '/data/suehara/mldata/pfa/murata/data/tc/tc_nnqq/train/nnqq_35_uu_eR_pL.h5', '/data/suehara/mldata/pfa/murata/data/tc/tc_nnqq/train/nnqq_36_uu_eR_pL.h5', '/data/suehara/mldata/pfa/murata/data/tc/tc_nnqq/train/nnqq_37_uu_eR_pL.h5', '/data/suehara/mldata/pfa/murata/data/tc/tc_nnqq/train/nnqq_38_uu_eR_pL.h5', '/data/suehara/mldata/pfa/murata/data/tc/tc_nnqq/train/nnqq_39_uu_eR_pL.h5', '/data/suehara/mldata/pfa/murata/data/tc/tc_nnqq/train/nnqq_3_uu_eL_pR.h5', '/data/suehara/mldata/pfa/murata/data/tc/tc_nnqq/train/nnqq_40_uu_eR_pL.h5', '/data/suehara/mldata/pfa/murata/data/tc/tc_nnqq/train/nnqq_41_uu_eR_pL.h5', '/data/suehara/mldata/pfa/murata/data/tc/tc_nnqq/train/nnqq_42_uu_eR_pL.h5', '/data/suehara/mldata/pfa/murata/data/tc/tc_nnqq/train/nnqq_43_uu_eR_pL.h5', '/data/suehara/mldata/pfa/murata/data/tc/tc_nnqq/train/nnqq_44_uu_eR_pL.h5', '/data/suehara/mldata/pfa/murata/data/tc/tc_nnqq/train/nnqq_4_uu_eL_pR.h5', '/data/suehara/mldata/pfa/murata/data/tc/tc_nnqq/train/nnqq_51_dd_eL_pR.h5', '/data/suehara/mldata/pfa/murata/data/tc/tc_nnqq/train/nnqq_52_dd_eL_pR.h5', '/data/suehara/mldata/pfa/murata/data/tc/tc_nnqq/train/nnqq_53_dd_eL_pR.h5', '/data/suehara/mldata/pfa/murata/data/tc/tc_nnqq/train/nnqq_54_dd_eL_pR.h5', '/data/suehara/mldata/pfa/murata/data/tc/tc_nnqq/train/nnqq_55_dd_eL_pR.h5', '/data/suehara/mldata/pfa/murata/data/tc/tc_nnqq/train/nnqq_56_dd_eL_pR.h5', '/data/suehara/mldata/pfa/murata/data/tc/tc_nnqq/train/nnqq_57_dd_eL_pR.h5', '/data/suehara/mldata/pfa/murata/data/tc/tc_nnqq/train/nnqq_58_dd_eL_pR.h5', '/data/suehara/mldata/pfa/murata/data/tc/tc_nnqq/train/nnqq_59_dd_eL_pR.h5', '/data/suehara/mldata/pfa/murata/data/tc/tc_nnqq/train/nnqq_5_uu_eL_pR.h5', '/data/suehara/mldata/pfa/murata/data/tc/tc_nnqq/train/nnqq_60_dd_eL_pR.h5', '/data/suehara/mldata/pfa/murata/data/tc/tc_nnqq/train/nnqq_61_dd_eL_pR.h5', '/data/suehara/mldata/pfa/murata/data/tc/tc_nnqq/train/nnqq_62_dd_eL_pR.h5', '/data/suehara/mldata/pfa/murata/data/tc/tc_nnqq/train/nnqq_63_dd_eL_pR.h5', '/data/suehara/mldata/pfa/murata/data/tc/tc_nnqq/train/nnqq_64_dd_eL_pR.h5', '/data/suehara/mldata/pfa/murata/data/tc/tc_nnqq/train/nnqq_65_dd_eL_pR.h5', '/data/suehara/mldata/pfa/murata/data/tc/tc_nnqq/train/nnqq_66_dd_eL_pR.h5', '/data/suehara/mldata/pfa/murata/data/tc/tc_nnqq/train/nnqq_67_dd_eL_pR.h5', '/data/suehara/mldata/pfa/murata/data/tc/tc_nnqq/train/nnqq_68_dd_eL_pR.h5', '/data/suehara/mldata/pfa/murata/data/tc/tc_nnqq/train/nnqq_69_dd_eL_pR.h5', '/data/suehara/mldata/pfa/murata/data/tc/tc_nnqq/train/nnqq_6_uu_eL_pR.h5', '/data/suehara/mldata/pfa/murata/data/tc/tc_nnqq/train/nnqq_76_dd_eR_pL.h5', '/data/suehara/mldata/pfa/murata/data/tc/tc_nnqq/train/nnqq_77_dd_eR_pL.h5', '/data/suehara/mldata/pfa/murata/data/tc/tc_nnqq/train/nnqq_78_dd_eR_pL.h5', '/data/suehara/mldata/pfa/murata/data/tc/tc_nnqq/train/nnqq_79_dd_eR_pL.h5', '/data/suehara/mldata/pfa/murata/data/tc/tc_nnqq/train/nnqq_7_uu_eL_pR.h5', '/data/suehara/mldata/pfa/murata/data/tc/tc_nnqq/train/nnqq_80_dd_eR_pL.h5', '/data/suehara/mldata/pfa/murata/data/tc/tc_nnqq/train/nnqq_81_dd_eR_pL.h5', '/data/suehara/mldata/pfa/murata/data/tc/tc_nnqq/train/nnqq_82_dd_eR_pL.h5', '/data/suehara/mldata/pfa/murata/data/tc/tc_nnqq/train/nnqq_83_dd_eR_pL.h5', '/data/suehara/mldata/pfa/murata/data/tc/tc_nnqq/train/nnqq_84_dd_eR_pL.h5', '/data/suehara/mldata/pfa/murata/data/tc/tc_nnqq/train/nnqq_85_dd_eR_pL.h5', '/data/suehara/mldata/pfa/murata/data/tc/tc_nnqq/train/nnqq_86_dd_eR_pL.h5', '/data/suehara/mldata/pfa/murata/data/tc/tc_nnqq/train/nnqq_87_dd_eR_pL.h5', '/data/suehara/mldata/pfa/murata/data/tc/tc_nnqq/train/nnqq_88_dd_eR_pL.h5', '/data/suehara/mldata/pfa/murata/data/tc/tc_nnqq/train/nnqq_89_dd_eR_pL.h5', '/data/suehara/mldata/pfa/murata/data/tc/tc_nnqq/train/nnqq_8_uu_eL_pR.h5', '/data/suehara/mldata/pfa/murata/data/tc/tc_nnqq/train/nnqq_90_dd_eR_pL.h5', '/data/suehara/mldata/pfa/murata/data/tc/tc_nnqq/train/nnqq_91_dd_eR_pL.h5', '/data/suehara/mldata/pfa/murata/data/tc/tc_nnqq/train/nnqq_92_dd_eR_pL.h5', '/data/suehara/mldata/pfa/murata/data/tc/tc_nnqq/train/nnqq_93_dd_eR_pL.h5', '/data/suehara/mldata/pfa/murata/data/tc/tc_nnqq/train/nnqq_94_dd_eR_pL.h5', '/data/suehara/mldata/pfa/murata/data/tc/tc_nnqq/train/nnqq_9_uu_eL_pR.h5']
Reading file: file='/data/suehara/mldata/pfa/murata/data/tc/tc_nnqq/train/nnqq_10_uu_eL_pR.h5'
Reading file: file='/data/suehara/mldata/pfa/murata/data/tc/tc_nnqq/train/nnqq_11_uu_eL_pR.h5'
Reading file: file='/data/suehara/mldata/pfa/murata/data/tc/tc_nnqq/train/nnqq_12_uu_eL_pR.h5'
Reading file: file='/data/suehara/mldata/pfa/murata/data/tc/tc_nnqq/train/nnqq_13_uu_eL_pR.h5'
Reading file: file='/data/suehara/mldata/pfa/murata/data/tc/tc_nnqq/train/nnqq_14_uu_eL_pR.h5'
Reading file: file='/data/suehara/mldata/pfa/murata/data/tc/tc_nnqq/train/nnqq_15_uu_eL_pR.h5'
Reading file: file='/data/suehara/mldata/pfa/murata/data/tc/tc_nnqq/train/nnqq_16_uu_eL_pR.h5'
Reading file: file='/data/suehara/mldata/pfa/murata/data/tc/tc_nnqq/train/nnqq_17_uu_eL_pR.h5'
Reading file: file='/data/suehara/mldata/pfa/murata/data/tc/tc_nnqq/train/nnqq_18_uu_eL_pR.h5'
Reading file: file='/data/suehara/mldata/pfa/murata/data/tc/tc_nnqq/train/nnqq_19_uu_eL_pR.h5'
Reading file: file='/data/suehara/mldata/pfa/murata/data/tc/tc_nnqq/train/nnqq_1_uu_eL_pR.h5'
Reading file: file='/data/suehara/mldata/pfa/murata/data/tc/tc_nnqq/train/nnqq_26_uu_eR_pL.h5'
Reading file: file='/data/suehara/mldata/pfa/murata/data/tc/tc_nnqq/train/nnqq_27_uu_eR_pL.h5'
Reading file: file='/data/suehara/mldata/pfa/murata/data/tc/tc_nnqq/train/nnqq_28_uu_eR_pL.h5'
Reading file: file='/data/suehara/mldata/pfa/murata/data/tc/tc_nnqq/train/nnqq_29_uu_eR_pL.h5'
Reading file: file='/data/suehara/mldata/pfa/murata/data/tc/tc_nnqq/train/nnqq_2_uu_eL_pR.h5'
Reading file: file='/data/suehara/mldata/pfa/murata/data/tc/tc_nnqq/train/nnqq_30_uu_eR_pL.h5'
Reading file: file='/data/suehara/mldata/pfa/murata/data/tc/tc_nnqq/train/nnqq_31_uu_eR_pL.h5'
Reading file: file='/data/suehara/mldata/pfa/murata/data/tc/tc_nnqq/train/nnqq_32_uu_eR_pL.h5'
Reading file: file='/data/suehara/mldata/pfa/murata/data/tc/tc_nnqq/train/nnqq_33_uu_eR_pL.h5'
Reading file: file='/data/suehara/mldata/pfa/murata/data/tc/tc_nnqq/train/nnqq_34_uu_eR_pL.h5'
Reading file: file='/data/suehara/mldata/pfa/murata/data/tc/tc_nnqq/train/nnqq_35_uu_eR_pL.h5'
Reading file: file='/data/suehara/mldata/pfa/murata/data/tc/tc_nnqq/train/nnqq_36_uu_eR_pL.h5'
Reading file: file='/data/suehara/mldata/pfa/murata/data/tc/tc_nnqq/train/nnqq_37_uu_eR_pL.h5'
Reading file: file='/data/suehara/mldata/pfa/murata/data/tc/tc_nnqq/train/nnqq_38_uu_eR_pL.h5'
Reading file: file='/data/suehara/mldata/pfa/murata/data/tc/tc_nnqq/train/nnqq_39_uu_eR_pL.h5'
Reading file: file='/data/suehara/mldata/pfa/murata/data/tc/tc_nnqq/train/nnqq_3_uu_eL_pR.h5'
Reading file: file='/data/suehara/mldata/pfa/murata/data/tc/tc_nnqq/train/nnqq_40_uu_eR_pL.h5'
Reading file: file='/data/suehara/mldata/pfa/murata/data/tc/tc_nnqq/train/nnqq_41_uu_eR_pL.h5'
Reading file: file='/data/suehara/mldata/pfa/murata/data/tc/tc_nnqq/train/nnqq_42_uu_eR_pL.h5'
Reading file: file='/data/suehara/mldata/pfa/murata/data/tc/tc_nnqq/train/nnqq_43_uu_eR_pL.h5'
Reading file: file='/data/suehara/mldata/pfa/murata/data/tc/tc_nnqq/train/nnqq_44_uu_eR_pL.h5'
Reading file: file='/data/suehara/mldata/pfa/murata/data/tc/tc_nnqq/train/nnqq_4_uu_eL_pR.h5'
Reading file: file='/data/suehara/mldata/pfa/murata/data/tc/tc_nnqq/train/nnqq_51_dd_eL_pR.h5'
Reading file: file='/data/suehara/mldata/pfa/murata/data/tc/tc_nnqq/train/nnqq_52_dd_eL_pR.h5'
Reading file: file='/data/suehara/mldata/pfa/murata/data/tc/tc_nnqq/train/nnqq_53_dd_eL_pR.h5'
Reading file: file='/data/suehara/mldata/pfa/murata/data/tc/tc_nnqq/train/nnqq_54_dd_eL_pR.h5'
Reading file: file='/data/suehara/mldata/pfa/murata/data/tc/tc_nnqq/train/nnqq_55_dd_eL_pR.h5'
Reading file: file='/data/suehara/mldata/pfa/murata/data/tc/tc_nnqq/train/nnqq_56_dd_eL_pR.h5'
Reading file: file='/data/suehara/mldata/pfa/murata/data/tc/tc_nnqq/train/nnqq_57_dd_eL_pR.h5'
Reading file: file='/data/suehara/mldata/pfa/murata/data/tc/tc_nnqq/train/nnqq_58_dd_eL_pR.h5'
Reading file: file='/data/suehara/mldata/pfa/murata/data/tc/tc_nnqq/train/nnqq_59_dd_eL_pR.h5'
Reading file: file='/data/suehara/mldata/pfa/murata/data/tc/tc_nnqq/train/nnqq_5_uu_eL_pR.h5'
Reading file: file='/data/suehara/mldata/pfa/murata/data/tc/tc_nnqq/train/nnqq_60_dd_eL_pR.h5'
Reading file: file='/data/suehara/mldata/pfa/murata/data/tc/tc_nnqq/train/nnqq_61_dd_eL_pR.h5'
Reading file: file='/data/suehara/mldata/pfa/murata/data/tc/tc_nnqq/train/nnqq_62_dd_eL_pR.h5'
Reading file: file='/data/suehara/mldata/pfa/murata/data/tc/tc_nnqq/train/nnqq_63_dd_eL_pR.h5'
Reading file: file='/data/suehara/mldata/pfa/murata/data/tc/tc_nnqq/train/nnqq_64_dd_eL_pR.h5'
Reading file: file='/data/suehara/mldata/pfa/murata/data/tc/tc_nnqq/train/nnqq_65_dd_eL_pR.h5'
Reading file: file='/data/suehara/mldata/pfa/murata/data/tc/tc_nnqq/train/nnqq_66_dd_eL_pR.h5'
Reading file: file='/data/suehara/mldata/pfa/murata/data/tc/tc_nnqq/train/nnqq_67_dd_eL_pR.h5'
Reading file: file='/data/suehara/mldata/pfa/murata/data/tc/tc_nnqq/train/nnqq_68_dd_eL_pR.h5'
Reading file: file='/data/suehara/mldata/pfa/murata/data/tc/tc_nnqq/train/nnqq_69_dd_eL_pR.h5'
Reading file: file='/data/suehara/mldata/pfa/murata/data/tc/tc_nnqq/train/nnqq_6_uu_eL_pR.h5'
Reading file: file='/data/suehara/mldata/pfa/murata/data/tc/tc_nnqq/train/nnqq_76_dd_eR_pL.h5'
Reading file: file='/data/suehara/mldata/pfa/murata/data/tc/tc_nnqq/train/nnqq_77_dd_eR_pL.h5'
Reading file: file='/data/suehara/mldata/pfa/murata/data/tc/tc_nnqq/train/nnqq_78_dd_eR_pL.h5'
Reading file: file='/data/suehara/mldata/pfa/murata/data/tc/tc_nnqq/train/nnqq_79_dd_eR_pL.h5'
Reading file: file='/data/suehara/mldata/pfa/murata/data/tc/tc_nnqq/train/nnqq_7_uu_eL_pR.h5'
Reading file: file='/data/suehara/mldata/pfa/murata/data/tc/tc_nnqq/train/nnqq_80_dd_eR_pL.h5'
Reading file: file='/data/suehara/mldata/pfa/murata/data/tc/tc_nnqq/train/nnqq_81_dd_eR_pL.h5'
Reading file: file='/data/suehara/mldata/pfa/murata/data/tc/tc_nnqq/train/nnqq_82_dd_eR_pL.h5'
Reading file: file='/data/suehara/mldata/pfa/murata/data/tc/tc_nnqq/train/nnqq_83_dd_eR_pL.h5'
Reading file: file='/data/suehara/mldata/pfa/murata/data/tc/tc_nnqq/train/nnqq_84_dd_eR_pL.h5'
Reading file: file='/data/suehara/mldata/pfa/murata/data/tc/tc_nnqq/train/nnqq_85_dd_eR_pL.h5'
Reading file: file='/data/suehara/mldata/pfa/murata/data/tc/tc_nnqq/train/nnqq_86_dd_eR_pL.h5'
Reading file: file='/data/suehara/mldata/pfa/murata/data/tc/tc_nnqq/train/nnqq_87_dd_eR_pL.h5'
Reading file: file='/data/suehara/mldata/pfa/murata/data/tc/tc_nnqq/train/nnqq_88_dd_eR_pL.h5'
Reading file: file='/data/suehara/mldata/pfa/murata/data/tc/tc_nnqq/train/nnqq_89_dd_eR_pL.h5'
Reading file: file='/data/suehara/mldata/pfa/murata/data/tc/tc_nnqq/train/nnqq_8_uu_eL_pR.h5'
Reading file: file='/data/suehara/mldata/pfa/murata/data/tc/tc_nnqq/train/nnqq_90_dd_eR_pL.h5'
Reading file: file='/data/suehara/mldata/pfa/murata/data/tc/tc_nnqq/train/nnqq_91_dd_eR_pL.h5'
Reading file: file='/data/suehara/mldata/pfa/murata/data/tc/tc_nnqq/train/nnqq_92_dd_eR_pL.h5'
Reading file: file='/data/suehara/mldata/pfa/murata/data/tc/tc_nnqq/train/nnqq_93_dd_eR_pL.h5'
Reading file: file='/data/suehara/mldata/pfa/murata/data/tc/tc_nnqq/train/nnqq_94_dd_eR_pL.h5'
Reading file: file='/data/suehara/mldata/pfa/murata/data/tc/tc_nnqq/train/nnqq_9_uu_eL_pR.h5'
Making ak_feats...
Making ak_labels...
ILCDataset: path='/data/suehara/mldata/pfa/murata/data/tc/tc_nnqq/validation'
filenames=['/data/suehara/mldata/pfa/murata/data/tc/tc_nnqq/validation/nnqq_20_uu_eL_pR.h5', '/data/suehara/mldata/pfa/murata/data/tc/tc_nnqq/validation/nnqq_21_uu_eL_pR.h5', '/data/suehara/mldata/pfa/murata/data/tc/tc_nnqq/validation/nnqq_22_uu_eL_pR.h5', '/data/suehara/mldata/pfa/murata/data/tc/tc_nnqq/validation/nnqq_45_uu_eR_pL.h5', '/data/suehara/mldata/pfa/murata/data/tc/tc_nnqq/validation/nnqq_46_uu_eR_pL.h5', '/data/suehara/mldata/pfa/murata/data/tc/tc_nnqq/validation/nnqq_47_uu_eR_pL.h5', '/data/suehara/mldata/pfa/murata/data/tc/tc_nnqq/validation/nnqq_70_dd_eL_pR.h5', '/data/suehara/mldata/pfa/murata/data/tc/tc_nnqq/validation/nnqq_71_dd_eL_pR.h5', '/data/suehara/mldata/pfa/murata/data/tc/tc_nnqq/validation/nnqq_72_dd_eL_pR.h5', '/data/suehara/mldata/pfa/murata/data/tc/tc_nnqq/validation/nnqq_95_dd_eR_pL.h5', '/data/suehara/mldata/pfa/murata/data/tc/tc_nnqq/validation/nnqq_96_dd_eR_pL.h5', '/data/suehara/mldata/pfa/murata/data/tc/tc_nnqq/validation/nnqq_97_dd_eR_pL.h5']
Reading file: file='/data/suehara/mldata/pfa/murata/data/tc/tc_nnqq/validation/nnqq_20_uu_eL_pR.h5'
Reading file: file='/data/suehara/mldata/pfa/murata/data/tc/tc_nnqq/validation/nnqq_21_uu_eL_pR.h5'
Reading file: file='/data/suehara/mldata/pfa/murata/data/tc/tc_nnqq/validation/nnqq_22_uu_eL_pR.h5'
Reading file: file='/data/suehara/mldata/pfa/murata/data/tc/tc_nnqq/validation/nnqq_45_uu_eR_pL.h5'
Reading file: file='/data/suehara/mldata/pfa/murata/data/tc/tc_nnqq/validation/nnqq_46_uu_eR_pL.h5'
Reading file: file='/data/suehara/mldata/pfa/murata/data/tc/tc_nnqq/validation/nnqq_47_uu_eR_pL.h5'
Reading file: file='/data/suehara/mldata/pfa/murata/data/tc/tc_nnqq/validation/nnqq_70_dd_eL_pR.h5'
Reading file: file='/data/suehara/mldata/pfa/murata/data/tc/tc_nnqq/validation/nnqq_71_dd_eL_pR.h5'
Reading file: file='/data/suehara/mldata/pfa/murata/data/tc/tc_nnqq/validation/nnqq_72_dd_eL_pR.h5'
Reading file: file='/data/suehara/mldata/pfa/murata/data/tc/tc_nnqq/validation/nnqq_95_dd_eR_pL.h5'
Reading file: file='/data/suehara/mldata/pfa/murata/data/tc/tc_nnqq/validation/nnqq_96_dd_eR_pL.h5'
Reading file: file='/data/suehara/mldata/pfa/murata/data/tc/tc_nnqq/validation/nnqq_97_dd_eR_pL.h5'
Making ak_feats...
Making ak_labels...
Training dataset size:  30400
Validating dataset size:  4800
Batch size:  300
Loading lcr model
cuda:0
Loading model from checkpoint checkpoint/energy_regression/ckpts_gravnet_new02_2025_09_10_154302_outputD5/ckpt_495_1.pth.tar
Loading model from ckpt='checkpoint/energy_regression/ckpts_gravnet_new02_2025_09_10_154302_outputD5/ckpt_495_1.pth.tar'
input_dim=11
Hello
thetaphi at main: True
Loading dataset...
ILCDataset: path='/data/suehara/mldata/pfa/murata/data/tc/tc_nnqq/train'
filenames=['/data/suehara/mldata/pfa/murata/data/tc/tc_nnqq/train/nnqq_10_uu_eL_pR.h5', '/data/suehara/mldata/pfa/murata/data/tc/tc_nnqq/train/nnqq_11_uu_eL_pR.h5', '/data/suehara/mldata/pfa/murata/data/tc/tc_nnqq/train/nnqq_12_uu_eL_pR.h5', '/data/suehara/mldata/pfa/murata/data/tc/tc_nnqq/train/nnqq_13_uu_eL_pR.h5', '/data/suehara/mldata/pfa/murata/data/tc/tc_nnqq/train/nnqq_14_uu_eL_pR.h5', '/data/suehara/mldata/pfa/murata/data/tc/tc_nnqq/train/nnqq_15_uu_eL_pR.h5', '/data/suehara/mldata/pfa/murata/data/tc/tc_nnqq/train/nnqq_16_uu_eL_pR.h5', '/data/suehara/mldata/pfa/murata/data/tc/tc_nnqq/train/nnqq_17_uu_eL_pR.h5', '/data/suehara/mldata/pfa/murata/data/tc/tc_nnqq/train/nnqq_18_uu_eL_pR.h5', '/data/suehara/mldata/pfa/murata/data/tc/tc_nnqq/train/nnqq_19_uu_eL_pR.h5', '/data/suehara/mldata/pfa/murata/data/tc/tc_nnqq/train/nnqq_1_uu_eL_pR.h5', '/data/suehara/mldata/pfa/murata/data/tc/tc_nnqq/train/nnqq_26_uu_eR_pL.h5', '/data/suehara/mldata/pfa/murata/data/tc/tc_nnqq/train/nnqq_27_uu_eR_pL.h5', '/data/suehara/mldata/pfa/murata/data/tc/tc_nnqq/train/nnqq_28_uu_eR_pL.h5', '/data/suehara/mldata/pfa/murata/data/tc/tc_nnqq/train/nnqq_29_uu_eR_pL.h5', '/data/suehara/mldata/pfa/murata/data/tc/tc_nnqq/train/nnqq_2_uu_eL_pR.h5', '/data/suehara/mldata/pfa/murata/data/tc/tc_nnqq/train/nnqq_30_uu_eR_pL.h5', '/data/suehara/mldata/pfa/murata/data/tc/tc_nnqq/train/nnqq_31_uu_eR_pL.h5', '/data/suehara/mldata/pfa/murata/data/tc/tc_nnqq/train/nnqq_32_uu_eR_pL.h5', '/data/suehara/mldata/pfa/murata/data/tc/tc_nnqq/train/nnqq_33_uu_eR_pL.h5', '/data/suehara/mldata/pfa/murata/data/tc/tc_nnqq/train/nnqq_34_uu_eR_pL.h5', '/data/suehara/mldata/pfa/murata/data/tc/tc_nnqq/train/nnqq_35_uu_eR_pL.h5', '/data/suehara/mldata/pfa/murata/data/tc/tc_nnqq/train/nnqq_36_uu_eR_pL.h5', '/data/suehara/mldata/pfa/murata/data/tc/tc_nnqq/train/nnqq_37_uu_eR_pL.h5', '/data/suehara/mldata/pfa/murata/data/tc/tc_nnqq/train/nnqq_38_uu_eR_pL.h5', '/data/suehara/mldata/pfa/murata/data/tc/tc_nnqq/train/nnqq_39_uu_eR_pL.h5', '/data/suehara/mldata/pfa/murata/data/tc/tc_nnqq/train/nnqq_3_uu_eL_pR.h5', '/data/suehara/mldata/pfa/murata/data/tc/tc_nnqq/train/nnqq_40_uu_eR_pL.h5', '/data/suehara/mldata/pfa/murata/data/tc/tc_nnqq/train/nnqq_41_uu_eR_pL.h5', '/data/suehara/mldata/pfa/murata/data/tc/tc_nnqq/train/nnqq_42_uu_eR_pL.h5', '/data/suehara/mldata/pfa/murata/data/tc/tc_nnqq/train/nnqq_43_uu_eR_pL.h5', '/data/suehara/mldata/pfa/murata/data/tc/tc_nnqq/train/nnqq_44_uu_eR_pL.h5', '/data/suehara/mldata/pfa/murata/data/tc/tc_nnqq/train/nnqq_4_uu_eL_pR.h5', '/data/suehara/mldata/pfa/murata/data/tc/tc_nnqq/train/nnqq_51_dd_eL_pR.h5', '/data/suehara/mldata/pfa/murata/data/tc/tc_nnqq/train/nnqq_52_dd_eL_pR.h5', '/data/suehara/mldata/pfa/murata/data/tc/tc_nnqq/train/nnqq_53_dd_eL_pR.h5', '/data/suehara/mldata/pfa/murata/data/tc/tc_nnqq/train/nnqq_54_dd_eL_pR.h5', '/data/suehara/mldata/pfa/murata/data/tc/tc_nnqq/train/nnqq_55_dd_eL_pR.h5', '/data/suehara/mldata/pfa/murata/data/tc/tc_nnqq/train/nnqq_56_dd_eL_pR.h5', '/data/suehara/mldata/pfa/murata/data/tc/tc_nnqq/train/nnqq_57_dd_eL_pR.h5', '/data/suehara/mldata/pfa/murata/data/tc/tc_nnqq/train/nnqq_58_dd_eL_pR.h5', '/data/suehara/mldata/pfa/murata/data/tc/tc_nnqq/train/nnqq_59_dd_eL_pR.h5', '/data/suehara/mldata/pfa/murata/data/tc/tc_nnqq/train/nnqq_5_uu_eL_pR.h5', '/data/suehara/mldata/pfa/murata/data/tc/tc_nnqq/train/nnqq_60_dd_eL_pR.h5', '/data/suehara/mldata/pfa/murata/data/tc/tc_nnqq/train/nnqq_61_dd_eL_pR.h5', '/data/suehara/mldata/pfa/murata/data/tc/tc_nnqq/train/nnqq_62_dd_eL_pR.h5', '/data/suehara/mldata/pfa/murata/data/tc/tc_nnqq/train/nnqq_63_dd_eL_pR.h5', '/data/suehara/mldata/pfa/murata/data/tc/tc_nnqq/train/nnqq_64_dd_eL_pR.h5', '/data/suehara/mldata/pfa/murata/data/tc/tc_nnqq/train/nnqq_65_dd_eL_pR.h5', '/data/suehara/mldata/pfa/murata/data/tc/tc_nnqq/train/nnqq_66_dd_eL_pR.h5', '/data/suehara/mldata/pfa/murata/data/tc/tc_nnqq/train/nnqq_67_dd_eL_pR.h5', '/data/suehara/mldata/pfa/murata/data/tc/tc_nnqq/train/nnqq_68_dd_eL_pR.h5', '/data/suehara/mldata/pfa/murata/data/tc/tc_nnqq/train/nnqq_69_dd_eL_pR.h5', '/data/suehara/mldata/pfa/murata/data/tc/tc_nnqq/train/nnqq_6_uu_eL_pR.h5', '/data/suehara/mldata/pfa/murata/data/tc/tc_nnqq/train/nnqq_76_dd_eR_pL.h5', '/data/suehara/mldata/pfa/murata/data/tc/tc_nnqq/train/nnqq_77_dd_eR_pL.h5', '/data/suehara/mldata/pfa/murata/data/tc/tc_nnqq/train/nnqq_78_dd_eR_pL.h5', '/data/suehara/mldata/pfa/murata/data/tc/tc_nnqq/train/nnqq_79_dd_eR_pL.h5', '/data/suehara/mldata/pfa/murata/data/tc/tc_nnqq/train/nnqq_7_uu_eL_pR.h5', '/data/suehara/mldata/pfa/murata/data/tc/tc_nnqq/train/nnqq_80_dd_eR_pL.h5', '/data/suehara/mldata/pfa/murata/data/tc/tc_nnqq/train/nnqq_81_dd_eR_pL.h5', '/data/suehara/mldata/pfa/murata/data/tc/tc_nnqq/train/nnqq_82_dd_eR_pL.h5', '/data/suehara/mldata/pfa/murata/data/tc/tc_nnqq/train/nnqq_83_dd_eR_pL.h5', '/data/suehara/mldata/pfa/murata/data/tc/tc_nnqq/train/nnqq_84_dd_eR_pL.h5', '/data/suehara/mldata/pfa/murata/data/tc/tc_nnqq/train/nnqq_85_dd_eR_pL.h5', '/data/suehara/mldata/pfa/murata/data/tc/tc_nnqq/train/nnqq_86_dd_eR_pL.h5', '/data/suehara/mldata/pfa/murata/data/tc/tc_nnqq/train/nnqq_87_dd_eR_pL.h5', '/data/suehara/mldata/pfa/murata/data/tc/tc_nnqq/train/nnqq_88_dd_eR_pL.h5', '/data/suehara/mldata/pfa/murata/data/tc/tc_nnqq/train/nnqq_89_dd_eR_pL.h5', '/data/suehara/mldata/pfa/murata/data/tc/tc_nnqq/train/nnqq_8_uu_eL_pR.h5', '/data/suehara/mldata/pfa/murata/data/tc/tc_nnqq/train/nnqq_90_dd_eR_pL.h5', '/data/suehara/mldata/pfa/murata/data/tc/tc_nnqq/train/nnqq_91_dd_eR_pL.h5', '/data/suehara/mldata/pfa/murata/data/tc/tc_nnqq/train/nnqq_92_dd_eR_pL.h5', '/data/suehara/mldata/pfa/murata/data/tc/tc_nnqq/train/nnqq_93_dd_eR_pL.h5', '/data/suehara/mldata/pfa/murata/data/tc/tc_nnqq/train/nnqq_94_dd_eR_pL.h5', '/data/suehara/mldata/pfa/murata/data/tc/tc_nnqq/train/nnqq_9_uu_eL_pR.h5']
Reading file: file='/data/suehara/mldata/pfa/murata/data/tc/tc_nnqq/train/nnqq_10_uu_eL_pR.h5'
Reading file: file='/data/suehara/mldata/pfa/murata/data/tc/tc_nnqq/train/nnqq_11_uu_eL_pR.h5'
Reading file: file='/data/suehara/mldata/pfa/murata/data/tc/tc_nnqq/train/nnqq_12_uu_eL_pR.h5'
Reading file: file='/data/suehara/mldata/pfa/murata/data/tc/tc_nnqq/train/nnqq_13_uu_eL_pR.h5'
Reading file: file='/data/suehara/mldata/pfa/murata/data/tc/tc_nnqq/train/nnqq_14_uu_eL_pR.h5'
Reading file: file='/data/suehara/mldata/pfa/murata/data/tc/tc_nnqq/train/nnqq_15_uu_eL_pR.h5'
Reading file: file='/data/suehara/mldata/pfa/murata/data/tc/tc_nnqq/train/nnqq_16_uu_eL_pR.h5'
Reading file: file='/data/suehara/mldata/pfa/murata/data/tc/tc_nnqq/train/nnqq_17_uu_eL_pR.h5'
Reading file: file='/data/suehara/mldata/pfa/murata/data/tc/tc_nnqq/train/nnqq_18_uu_eL_pR.h5'
Reading file: file='/data/suehara/mldata/pfa/murata/data/tc/tc_nnqq/train/nnqq_19_uu_eL_pR.h5'
Reading file: file='/data/suehara/mldata/pfa/murata/data/tc/tc_nnqq/train/nnqq_1_uu_eL_pR.h5'
Reading file: file='/data/suehara/mldata/pfa/murata/data/tc/tc_nnqq/train/nnqq_26_uu_eR_pL.h5'
Reading file: file='/data/suehara/mldata/pfa/murata/data/tc/tc_nnqq/train/nnqq_27_uu_eR_pL.h5'
Reading file: file='/data/suehara/mldata/pfa/murata/data/tc/tc_nnqq/train/nnqq_28_uu_eR_pL.h5'
Reading file: file='/data/suehara/mldata/pfa/murata/data/tc/tc_nnqq/train/nnqq_29_uu_eR_pL.h5'
Reading file: file='/data/suehara/mldata/pfa/murata/data/tc/tc_nnqq/train/nnqq_2_uu_eL_pR.h5'
Reading file: file='/data/suehara/mldata/pfa/murata/data/tc/tc_nnqq/train/nnqq_30_uu_eR_pL.h5'
Reading file: file='/data/suehara/mldata/pfa/murata/data/tc/tc_nnqq/train/nnqq_31_uu_eR_pL.h5'
Reading file: file='/data/suehara/mldata/pfa/murata/data/tc/tc_nnqq/train/nnqq_32_uu_eR_pL.h5'
Reading file: file='/data/suehara/mldata/pfa/murata/data/tc/tc_nnqq/train/nnqq_33_uu_eR_pL.h5'
Reading file: file='/data/suehara/mldata/pfa/murata/data/tc/tc_nnqq/train/nnqq_34_uu_eR_pL.h5'
Reading file: file='/data/suehara/mldata/pfa/murata/data/tc/tc_nnqq/train/nnqq_35_uu_eR_pL.h5'
Reading file: file='/data/suehara/mldata/pfa/murata/data/tc/tc_nnqq/train/nnqq_36_uu_eR_pL.h5'
Reading file: file='/data/suehara/mldata/pfa/murata/data/tc/tc_nnqq/train/nnqq_37_uu_eR_pL.h5'
Reading file: file='/data/suehara/mldata/pfa/murata/data/tc/tc_nnqq/train/nnqq_38_uu_eR_pL.h5'
Reading file: file='/data/suehara/mldata/pfa/murata/data/tc/tc_nnqq/train/nnqq_39_uu_eR_pL.h5'
Reading file: file='/data/suehara/mldata/pfa/murata/data/tc/tc_nnqq/train/nnqq_3_uu_eL_pR.h5'
Reading file: file='/data/suehara/mldata/pfa/murata/data/tc/tc_nnqq/train/nnqq_40_uu_eR_pL.h5'
Reading file: file='/data/suehara/mldata/pfa/murata/data/tc/tc_nnqq/train/nnqq_41_uu_eR_pL.h5'
Reading file: file='/data/suehara/mldata/pfa/murata/data/tc/tc_nnqq/train/nnqq_42_uu_eR_pL.h5'
Reading file: file='/data/suehara/mldata/pfa/murata/data/tc/tc_nnqq/train/nnqq_43_uu_eR_pL.h5'
Reading file: file='/data/suehara/mldata/pfa/murata/data/tc/tc_nnqq/train/nnqq_44_uu_eR_pL.h5'
Reading file: file='/data/suehara/mldata/pfa/murata/data/tc/tc_nnqq/train/nnqq_4_uu_eL_pR.h5'
Reading file: file='/data/suehara/mldata/pfa/murata/data/tc/tc_nnqq/train/nnqq_51_dd_eL_pR.h5'
Reading file: file='/data/suehara/mldata/pfa/murata/data/tc/tc_nnqq/train/nnqq_52_dd_eL_pR.h5'
Reading file: file='/data/suehara/mldata/pfa/murata/data/tc/tc_nnqq/train/nnqq_53_dd_eL_pR.h5'
Reading file: file='/data/suehara/mldata/pfa/murata/data/tc/tc_nnqq/train/nnqq_54_dd_eL_pR.h5'
Reading file: file='/data/suehara/mldata/pfa/murata/data/tc/tc_nnqq/train/nnqq_55_dd_eL_pR.h5'
Reading file: file='/data/suehara/mldata/pfa/murata/data/tc/tc_nnqq/train/nnqq_56_dd_eL_pR.h5'
Reading file: file='/data/suehara/mldata/pfa/murata/data/tc/tc_nnqq/train/nnqq_57_dd_eL_pR.h5'
Reading file: file='/data/suehara/mldata/pfa/murata/data/tc/tc_nnqq/train/nnqq_58_dd_eL_pR.h5'
Reading file: file='/data/suehara/mldata/pfa/murata/data/tc/tc_nnqq/train/nnqq_59_dd_eL_pR.h5'
Reading file: file='/data/suehara/mldata/pfa/murata/data/tc/tc_nnqq/train/nnqq_5_uu_eL_pR.h5'
Reading file: file='/data/suehara/mldata/pfa/murata/data/tc/tc_nnqq/train/nnqq_60_dd_eL_pR.h5'
Reading file: file='/data/suehara/mldata/pfa/murata/data/tc/tc_nnqq/train/nnqq_61_dd_eL_pR.h5'
Reading file: file='/data/suehara/mldata/pfa/murata/data/tc/tc_nnqq/train/nnqq_62_dd_eL_pR.h5'
Reading file: file='/data/suehara/mldata/pfa/murata/data/tc/tc_nnqq/train/nnqq_63_dd_eL_pR.h5'
Reading file: file='/data/suehara/mldata/pfa/murata/data/tc/tc_nnqq/train/nnqq_64_dd_eL_pR.h5'
Reading file: file='/data/suehara/mldata/pfa/murata/data/tc/tc_nnqq/train/nnqq_65_dd_eL_pR.h5'
Reading file: file='/data/suehara/mldata/pfa/murata/data/tc/tc_nnqq/train/nnqq_66_dd_eL_pR.h5'
Reading file: file='/data/suehara/mldata/pfa/murata/data/tc/tc_nnqq/train/nnqq_67_dd_eL_pR.h5'
Reading file: file='/data/suehara/mldata/pfa/murata/data/tc/tc_nnqq/train/nnqq_68_dd_eL_pR.h5'
Reading file: file='/data/suehara/mldata/pfa/murata/data/tc/tc_nnqq/train/nnqq_69_dd_eL_pR.h5'
Reading file: file='/data/suehara/mldata/pfa/murata/data/tc/tc_nnqq/train/nnqq_6_uu_eL_pR.h5'
Reading file: file='/data/suehara/mldata/pfa/murata/data/tc/tc_nnqq/train/nnqq_76_dd_eR_pL.h5'
Reading file: file='/data/suehara/mldata/pfa/murata/data/tc/tc_nnqq/train/nnqq_77_dd_eR_pL.h5'
Reading file: file='/data/suehara/mldata/pfa/murata/data/tc/tc_nnqq/train/nnqq_78_dd_eR_pL.h5'
Reading file: file='/data/suehara/mldata/pfa/murata/data/tc/tc_nnqq/train/nnqq_79_dd_eR_pL.h5'
Reading file: file='/data/suehara/mldata/pfa/murata/data/tc/tc_nnqq/train/nnqq_7_uu_eL_pR.h5'
Reading file: file='/data/suehara/mldata/pfa/murata/data/tc/tc_nnqq/train/nnqq_80_dd_eR_pL.h5'
Reading file: file='/data/suehara/mldata/pfa/murata/data/tc/tc_nnqq/train/nnqq_81_dd_eR_pL.h5'
Reading file: file='/data/suehara/mldata/pfa/murata/data/tc/tc_nnqq/train/nnqq_82_dd_eR_pL.h5'
Reading file: file='/data/suehara/mldata/pfa/murata/data/tc/tc_nnqq/train/nnqq_83_dd_eR_pL.h5'
Reading file: file='/data/suehara/mldata/pfa/murata/data/tc/tc_nnqq/train/nnqq_84_dd_eR_pL.h5'
Reading file: file='/data/suehara/mldata/pfa/murata/data/tc/tc_nnqq/train/nnqq_85_dd_eR_pL.h5'
Reading file: file='/data/suehara/mldata/pfa/murata/data/tc/tc_nnqq/train/nnqq_86_dd_eR_pL.h5'
Reading file: file='/data/suehara/mldata/pfa/murata/data/tc/tc_nnqq/train/nnqq_87_dd_eR_pL.h5'
Reading file: file='/data/suehara/mldata/pfa/murata/data/tc/tc_nnqq/train/nnqq_88_dd_eR_pL.h5'
Reading file: file='/data/suehara/mldata/pfa/murata/data/tc/tc_nnqq/train/nnqq_89_dd_eR_pL.h5'
Reading file: file='/data/suehara/mldata/pfa/murata/data/tc/tc_nnqq/train/nnqq_8_uu_eL_pR.h5'
Reading file: file='/data/suehara/mldata/pfa/murata/data/tc/tc_nnqq/train/nnqq_90_dd_eR_pL.h5'
Reading file: file='/data/suehara/mldata/pfa/murata/data/tc/tc_nnqq/train/nnqq_91_dd_eR_pL.h5'
Reading file: file='/data/suehara/mldata/pfa/murata/data/tc/tc_nnqq/train/nnqq_92_dd_eR_pL.h5'
Reading file: file='/data/suehara/mldata/pfa/murata/data/tc/tc_nnqq/train/nnqq_93_dd_eR_pL.h5'
Reading file: file='/data/suehara/mldata/pfa/murata/data/tc/tc_nnqq/train/nnqq_94_dd_eR_pL.h5'
Reading file: file='/data/suehara/mldata/pfa/murata/data/tc/tc_nnqq/train/nnqq_9_uu_eL_pR.h5'
Making ak_feats...
Making ak_labels...
ILCDataset: path='/data/suehara/mldata/pfa/murata/data/tc/tc_nnqq/validation'
filenames=['/data/suehara/mldata/pfa/murata/data/tc/tc_nnqq/validation/nnqq_20_uu_eL_pR.h5', '/data/suehara/mldata/pfa/murata/data/tc/tc_nnqq/validation/nnqq_21_uu_eL_pR.h5', '/data/suehara/mldata/pfa/murata/data/tc/tc_nnqq/validation/nnqq_22_uu_eL_pR.h5', '/data/suehara/mldata/pfa/murata/data/tc/tc_nnqq/validation/nnqq_45_uu_eR_pL.h5', '/data/suehara/mldata/pfa/murata/data/tc/tc_nnqq/validation/nnqq_46_uu_eR_pL.h5', '/data/suehara/mldata/pfa/murata/data/tc/tc_nnqq/validation/nnqq_47_uu_eR_pL.h5', '/data/suehara/mldata/pfa/murata/data/tc/tc_nnqq/validation/nnqq_70_dd_eL_pR.h5', '/data/suehara/mldata/pfa/murata/data/tc/tc_nnqq/validation/nnqq_71_dd_eL_pR.h5', '/data/suehara/mldata/pfa/murata/data/tc/tc_nnqq/validation/nnqq_72_dd_eL_pR.h5', '/data/suehara/mldata/pfa/murata/data/tc/tc_nnqq/validation/nnqq_95_dd_eR_pL.h5', '/data/suehara/mldata/pfa/murata/data/tc/tc_nnqq/validation/nnqq_96_dd_eR_pL.h5', '/data/suehara/mldata/pfa/murata/data/tc/tc_nnqq/validation/nnqq_97_dd_eR_pL.h5']
Reading file: file='/data/suehara/mldata/pfa/murata/data/tc/tc_nnqq/validation/nnqq_20_uu_eL_pR.h5'
Reading file: file='/data/suehara/mldata/pfa/murata/data/tc/tc_nnqq/validation/nnqq_21_uu_eL_pR.h5'
Reading file: file='/data/suehara/mldata/pfa/murata/data/tc/tc_nnqq/validation/nnqq_22_uu_eL_pR.h5'
Reading file: file='/data/suehara/mldata/pfa/murata/data/tc/tc_nnqq/validation/nnqq_45_uu_eR_pL.h5'
Reading file: file='/data/suehara/mldata/pfa/murata/data/tc/tc_nnqq/validation/nnqq_46_uu_eR_pL.h5'
Reading file: file='/data/suehara/mldata/pfa/murata/data/tc/tc_nnqq/validation/nnqq_47_uu_eR_pL.h5'
Reading file: file='/data/suehara/mldata/pfa/murata/data/tc/tc_nnqq/validation/nnqq_70_dd_eL_pR.h5'
Reading file: file='/data/suehara/mldata/pfa/murata/data/tc/tc_nnqq/validation/nnqq_71_dd_eL_pR.h5'
Reading file: file='/data/suehara/mldata/pfa/murata/data/tc/tc_nnqq/validation/nnqq_72_dd_eL_pR.h5'
Reading file: file='/data/suehara/mldata/pfa/murata/data/tc/tc_nnqq/validation/nnqq_95_dd_eR_pL.h5'
Reading file: file='/data/suehara/mldata/pfa/murata/data/tc/tc_nnqq/validation/nnqq_96_dd_eR_pL.h5'
Reading file: file='/data/suehara/mldata/pfa/murata/data/tc/tc_nnqq/validation/nnqq_97_dd_eR_pL.h5'
Making ak_feats...
Making ak_labels...
Training dataset size:  30400
Validating dataset size:  4800
Batch size:  300
Loading lcr model
cuda:2
Loading model from checkpoint checkpoint/energy_regression/ckpts_gravnet_new02_2025_09_10_154302_outputD5/ckpt_495_1.pth.tar
Loading model from ckpt='checkpoint/energy_regression/ckpts_gravnet_new02_2025_09_10_154302_outputD5/ckpt_495_1.pth.tar'
input_dim=11
Hello
thetaphi at main: True
Loading dataset...
ILCDataset: path='/data/suehara/mldata/pfa/murata/data/tc/tc_nnqq/train'
filenames=['/data/suehara/mldata/pfa/murata/data/tc/tc_nnqq/train/nnqq_10_uu_eL_pR.h5', '/data/suehara/mldata/pfa/murata/data/tc/tc_nnqq/train/nnqq_11_uu_eL_pR.h5', '/data/suehara/mldata/pfa/murata/data/tc/tc_nnqq/train/nnqq_12_uu_eL_pR.h5', '/data/suehara/mldata/pfa/murata/data/tc/tc_nnqq/train/nnqq_13_uu_eL_pR.h5', '/data/suehara/mldata/pfa/murata/data/tc/tc_nnqq/train/nnqq_14_uu_eL_pR.h5', '/data/suehara/mldata/pfa/murata/data/tc/tc_nnqq/train/nnqq_15_uu_eL_pR.h5', '/data/suehara/mldata/pfa/murata/data/tc/tc_nnqq/train/nnqq_16_uu_eL_pR.h5', '/data/suehara/mldata/pfa/murata/data/tc/tc_nnqq/train/nnqq_17_uu_eL_pR.h5', '/data/suehara/mldata/pfa/murata/data/tc/tc_nnqq/train/nnqq_18_uu_eL_pR.h5', '/data/suehara/mldata/pfa/murata/data/tc/tc_nnqq/train/nnqq_19_uu_eL_pR.h5', '/data/suehara/mldata/pfa/murata/data/tc/tc_nnqq/train/nnqq_1_uu_eL_pR.h5', '/data/suehara/mldata/pfa/murata/data/tc/tc_nnqq/train/nnqq_26_uu_eR_pL.h5', '/data/suehara/mldata/pfa/murata/data/tc/tc_nnqq/train/nnqq_27_uu_eR_pL.h5', '/data/suehara/mldata/pfa/murata/data/tc/tc_nnqq/train/nnqq_28_uu_eR_pL.h5', '/data/suehara/mldata/pfa/murata/data/tc/tc_nnqq/train/nnqq_29_uu_eR_pL.h5', '/data/suehara/mldata/pfa/murata/data/tc/tc_nnqq/train/nnqq_2_uu_eL_pR.h5', '/data/suehara/mldata/pfa/murata/data/tc/tc_nnqq/train/nnqq_30_uu_eR_pL.h5', '/data/suehara/mldata/pfa/murata/data/tc/tc_nnqq/train/nnqq_31_uu_eR_pL.h5', '/data/suehara/mldata/pfa/murata/data/tc/tc_nnqq/train/nnqq_32_uu_eR_pL.h5', '/data/suehara/mldata/pfa/murata/data/tc/tc_nnqq/train/nnqq_33_uu_eR_pL.h5', '/data/suehara/mldata/pfa/murata/data/tc/tc_nnqq/train/nnqq_34_uu_eR_pL.h5', '/data/suehara/mldata/pfa/murata/data/tc/tc_nnqq/train/nnqq_35_uu_eR_pL.h5', '/data/suehara/mldata/pfa/murata/data/tc/tc_nnqq/train/nnqq_36_uu_eR_pL.h5', '/data/suehara/mldata/pfa/murata/data/tc/tc_nnqq/train/nnqq_37_uu_eR_pL.h5', '/data/suehara/mldata/pfa/murata/data/tc/tc_nnqq/train/nnqq_38_uu_eR_pL.h5', '/data/suehara/mldata/pfa/murata/data/tc/tc_nnqq/train/nnqq_39_uu_eR_pL.h5', '/data/suehara/mldata/pfa/murata/data/tc/tc_nnqq/train/nnqq_3_uu_eL_pR.h5', '/data/suehara/mldata/pfa/murata/data/tc/tc_nnqq/train/nnqq_40_uu_eR_pL.h5', '/data/suehara/mldata/pfa/murata/data/tc/tc_nnqq/train/nnqq_41_uu_eR_pL.h5', '/data/suehara/mldata/pfa/murata/data/tc/tc_nnqq/train/nnqq_42_uu_eR_pL.h5', '/data/suehara/mldata/pfa/murata/data/tc/tc_nnqq/train/nnqq_43_uu_eR_pL.h5', '/data/suehara/mldata/pfa/murata/data/tc/tc_nnqq/train/nnqq_44_uu_eR_pL.h5', '/data/suehara/mldata/pfa/murata/data/tc/tc_nnqq/train/nnqq_4_uu_eL_pR.h5', '/data/suehara/mldata/pfa/murata/data/tc/tc_nnqq/train/nnqq_51_dd_eL_pR.h5', '/data/suehara/mldata/pfa/murata/data/tc/tc_nnqq/train/nnqq_52_dd_eL_pR.h5', '/data/suehara/mldata/pfa/murata/data/tc/tc_nnqq/train/nnqq_53_dd_eL_pR.h5', '/data/suehara/mldata/pfa/murata/data/tc/tc_nnqq/train/nnqq_54_dd_eL_pR.h5', '/data/suehara/mldata/pfa/murata/data/tc/tc_nnqq/train/nnqq_55_dd_eL_pR.h5', '/data/suehara/mldata/pfa/murata/data/tc/tc_nnqq/train/nnqq_56_dd_eL_pR.h5', '/data/suehara/mldata/pfa/murata/data/tc/tc_nnqq/train/nnqq_57_dd_eL_pR.h5', '/data/suehara/mldata/pfa/murata/data/tc/tc_nnqq/train/nnqq_58_dd_eL_pR.h5', '/data/suehara/mldata/pfa/murata/data/tc/tc_nnqq/train/nnqq_59_dd_eL_pR.h5', '/data/suehara/mldata/pfa/murata/data/tc/tc_nnqq/train/nnqq_5_uu_eL_pR.h5', '/data/suehara/mldata/pfa/murata/data/tc/tc_nnqq/train/nnqq_60_dd_eL_pR.h5', '/data/suehara/mldata/pfa/murata/data/tc/tc_nnqq/train/nnqq_61_dd_eL_pR.h5', '/data/suehara/mldata/pfa/murata/data/tc/tc_nnqq/train/nnqq_62_dd_eL_pR.h5', '/data/suehara/mldata/pfa/murata/data/tc/tc_nnqq/train/nnqq_63_dd_eL_pR.h5', '/data/suehara/mldata/pfa/murata/data/tc/tc_nnqq/train/nnqq_64_dd_eL_pR.h5', '/data/suehara/mldata/pfa/murata/data/tc/tc_nnqq/train/nnqq_65_dd_eL_pR.h5', '/data/suehara/mldata/pfa/murata/data/tc/tc_nnqq/train/nnqq_66_dd_eL_pR.h5', '/data/suehara/mldata/pfa/murata/data/tc/tc_nnqq/train/nnqq_67_dd_eL_pR.h5', '/data/suehara/mldata/pfa/murata/data/tc/tc_nnqq/train/nnqq_68_dd_eL_pR.h5', '/data/suehara/mldata/pfa/murata/data/tc/tc_nnqq/train/nnqq_69_dd_eL_pR.h5', '/data/suehara/mldata/pfa/murata/data/tc/tc_nnqq/train/nnqq_6_uu_eL_pR.h5', '/data/suehara/mldata/pfa/murata/data/tc/tc_nnqq/train/nnqq_76_dd_eR_pL.h5', '/data/suehara/mldata/pfa/murata/data/tc/tc_nnqq/train/nnqq_77_dd_eR_pL.h5', '/data/suehara/mldata/pfa/murata/data/tc/tc_nnqq/train/nnqq_78_dd_eR_pL.h5', '/data/suehara/mldata/pfa/murata/data/tc/tc_nnqq/train/nnqq_79_dd_eR_pL.h5', '/data/suehara/mldata/pfa/murata/data/tc/tc_nnqq/train/nnqq_7_uu_eL_pR.h5', '/data/suehara/mldata/pfa/murata/data/tc/tc_nnqq/train/nnqq_80_dd_eR_pL.h5', '/data/suehara/mldata/pfa/murata/data/tc/tc_nnqq/train/nnqq_81_dd_eR_pL.h5', '/data/suehara/mldata/pfa/murata/data/tc/tc_nnqq/train/nnqq_82_dd_eR_pL.h5', '/data/suehara/mldata/pfa/murata/data/tc/tc_nnqq/train/nnqq_83_dd_eR_pL.h5', '/data/suehara/mldata/pfa/murata/data/tc/tc_nnqq/train/nnqq_84_dd_eR_pL.h5', '/data/suehara/mldata/pfa/murata/data/tc/tc_nnqq/train/nnqq_85_dd_eR_pL.h5', '/data/suehara/mldata/pfa/murata/data/tc/tc_nnqq/train/nnqq_86_dd_eR_pL.h5', '/data/suehara/mldata/pfa/murata/data/tc/tc_nnqq/train/nnqq_87_dd_eR_pL.h5', '/data/suehara/mldata/pfa/murata/data/tc/tc_nnqq/train/nnqq_88_dd_eR_pL.h5', '/data/suehara/mldata/pfa/murata/data/tc/tc_nnqq/train/nnqq_89_dd_eR_pL.h5', '/data/suehara/mldata/pfa/murata/data/tc/tc_nnqq/train/nnqq_8_uu_eL_pR.h5', '/data/suehara/mldata/pfa/murata/data/tc/tc_nnqq/train/nnqq_90_dd_eR_pL.h5', '/data/suehara/mldata/pfa/murata/data/tc/tc_nnqq/train/nnqq_91_dd_eR_pL.h5', '/data/suehara/mldata/pfa/murata/data/tc/tc_nnqq/train/nnqq_92_dd_eR_pL.h5', '/data/suehara/mldata/pfa/murata/data/tc/tc_nnqq/train/nnqq_93_dd_eR_pL.h5', '/data/suehara/mldata/pfa/murata/data/tc/tc_nnqq/train/nnqq_94_dd_eR_pL.h5', '/data/suehara/mldata/pfa/murata/data/tc/tc_nnqq/train/nnqq_9_uu_eL_pR.h5']
Reading file: file='/data/suehara/mldata/pfa/murata/data/tc/tc_nnqq/train/nnqq_10_uu_eL_pR.h5'
Reading file: file='/data/suehara/mldata/pfa/murata/data/tc/tc_nnqq/train/nnqq_11_uu_eL_pR.h5'
Reading file: file='/data/suehara/mldata/pfa/murata/data/tc/tc_nnqq/train/nnqq_12_uu_eL_pR.h5'
Reading file: file='/data/suehara/mldata/pfa/murata/data/tc/tc_nnqq/train/nnqq_13_uu_eL_pR.h5'
Reading file: file='/data/suehara/mldata/pfa/murata/data/tc/tc_nnqq/train/nnqq_14_uu_eL_pR.h5'
Reading file: file='/data/suehara/mldata/pfa/murata/data/tc/tc_nnqq/train/nnqq_15_uu_eL_pR.h5'
Reading file: file='/data/suehara/mldata/pfa/murata/data/tc/tc_nnqq/train/nnqq_16_uu_eL_pR.h5'
Reading file: file='/data/suehara/mldata/pfa/murata/data/tc/tc_nnqq/train/nnqq_17_uu_eL_pR.h5'
Reading file: file='/data/suehara/mldata/pfa/murata/data/tc/tc_nnqq/train/nnqq_18_uu_eL_pR.h5'
Reading file: file='/data/suehara/mldata/pfa/murata/data/tc/tc_nnqq/train/nnqq_19_uu_eL_pR.h5'
Reading file: file='/data/suehara/mldata/pfa/murata/data/tc/tc_nnqq/train/nnqq_1_uu_eL_pR.h5'
Reading file: file='/data/suehara/mldata/pfa/murata/data/tc/tc_nnqq/train/nnqq_26_uu_eR_pL.h5'
Reading file: file='/data/suehara/mldata/pfa/murata/data/tc/tc_nnqq/train/nnqq_27_uu_eR_pL.h5'
Reading file: file='/data/suehara/mldata/pfa/murata/data/tc/tc_nnqq/train/nnqq_28_uu_eR_pL.h5'
Reading file: file='/data/suehara/mldata/pfa/murata/data/tc/tc_nnqq/train/nnqq_29_uu_eR_pL.h5'
Reading file: file='/data/suehara/mldata/pfa/murata/data/tc/tc_nnqq/train/nnqq_2_uu_eL_pR.h5'
Reading file: file='/data/suehara/mldata/pfa/murata/data/tc/tc_nnqq/train/nnqq_30_uu_eR_pL.h5'
Reading file: file='/data/suehara/mldata/pfa/murata/data/tc/tc_nnqq/train/nnqq_31_uu_eR_pL.h5'
Reading file: file='/data/suehara/mldata/pfa/murata/data/tc/tc_nnqq/train/nnqq_32_uu_eR_pL.h5'
Reading file: file='/data/suehara/mldata/pfa/murata/data/tc/tc_nnqq/train/nnqq_33_uu_eR_pL.h5'
Reading file: file='/data/suehara/mldata/pfa/murata/data/tc/tc_nnqq/train/nnqq_34_uu_eR_pL.h5'
Reading file: file='/data/suehara/mldata/pfa/murata/data/tc/tc_nnqq/train/nnqq_35_uu_eR_pL.h5'
Reading file: file='/data/suehara/mldata/pfa/murata/data/tc/tc_nnqq/train/nnqq_36_uu_eR_pL.h5'
Reading file: file='/data/suehara/mldata/pfa/murata/data/tc/tc_nnqq/train/nnqq_37_uu_eR_pL.h5'
Reading file: file='/data/suehara/mldata/pfa/murata/data/tc/tc_nnqq/train/nnqq_38_uu_eR_pL.h5'
Reading file: file='/data/suehara/mldata/pfa/murata/data/tc/tc_nnqq/train/nnqq_39_uu_eR_pL.h5'
Reading file: file='/data/suehara/mldata/pfa/murata/data/tc/tc_nnqq/train/nnqq_3_uu_eL_pR.h5'
Reading file: file='/data/suehara/mldata/pfa/murata/data/tc/tc_nnqq/train/nnqq_40_uu_eR_pL.h5'
Reading file: file='/data/suehara/mldata/pfa/murata/data/tc/tc_nnqq/train/nnqq_41_uu_eR_pL.h5'
Reading file: file='/data/suehara/mldata/pfa/murata/data/tc/tc_nnqq/train/nnqq_42_uu_eR_pL.h5'
Reading file: file='/data/suehara/mldata/pfa/murata/data/tc/tc_nnqq/train/nnqq_43_uu_eR_pL.h5'
Reading file: file='/data/suehara/mldata/pfa/murata/data/tc/tc_nnqq/train/nnqq_44_uu_eR_pL.h5'
Reading file: file='/data/suehara/mldata/pfa/murata/data/tc/tc_nnqq/train/nnqq_4_uu_eL_pR.h5'
Reading file: file='/data/suehara/mldata/pfa/murata/data/tc/tc_nnqq/train/nnqq_51_dd_eL_pR.h5'
Reading file: file='/data/suehara/mldata/pfa/murata/data/tc/tc_nnqq/train/nnqq_52_dd_eL_pR.h5'
Reading file: file='/data/suehara/mldata/pfa/murata/data/tc/tc_nnqq/train/nnqq_53_dd_eL_pR.h5'
Reading file: file='/data/suehara/mldata/pfa/murata/data/tc/tc_nnqq/train/nnqq_54_dd_eL_pR.h5'
Reading file: file='/data/suehara/mldata/pfa/murata/data/tc/tc_nnqq/train/nnqq_55_dd_eL_pR.h5'
Reading file: file='/data/suehara/mldata/pfa/murata/data/tc/tc_nnqq/train/nnqq_56_dd_eL_pR.h5'
Reading file: file='/data/suehara/mldata/pfa/murata/data/tc/tc_nnqq/train/nnqq_57_dd_eL_pR.h5'
Reading file: file='/data/suehara/mldata/pfa/murata/data/tc/tc_nnqq/train/nnqq_58_dd_eL_pR.h5'
Reading file: file='/data/suehara/mldata/pfa/murata/data/tc/tc_nnqq/train/nnqq_59_dd_eL_pR.h5'
Reading file: file='/data/suehara/mldata/pfa/murata/data/tc/tc_nnqq/train/nnqq_5_uu_eL_pR.h5'
Reading file: file='/data/suehara/mldata/pfa/murata/data/tc/tc_nnqq/train/nnqq_60_dd_eL_pR.h5'
Reading file: file='/data/suehara/mldata/pfa/murata/data/tc/tc_nnqq/train/nnqq_61_dd_eL_pR.h5'
Reading file: file='/data/suehara/mldata/pfa/murata/data/tc/tc_nnqq/train/nnqq_62_dd_eL_pR.h5'
Reading file: file='/data/suehara/mldata/pfa/murata/data/tc/tc_nnqq/train/nnqq_63_dd_eL_pR.h5'
Reading file: file='/data/suehara/mldata/pfa/murata/data/tc/tc_nnqq/train/nnqq_64_dd_eL_pR.h5'
Reading file: file='/data/suehara/mldata/pfa/murata/data/tc/tc_nnqq/train/nnqq_65_dd_eL_pR.h5'
Reading file: file='/data/suehara/mldata/pfa/murata/data/tc/tc_nnqq/train/nnqq_66_dd_eL_pR.h5'
Reading file: file='/data/suehara/mldata/pfa/murata/data/tc/tc_nnqq/train/nnqq_67_dd_eL_pR.h5'
Reading file: file='/data/suehara/mldata/pfa/murata/data/tc/tc_nnqq/train/nnqq_68_dd_eL_pR.h5'
Reading file: file='/data/suehara/mldata/pfa/murata/data/tc/tc_nnqq/train/nnqq_69_dd_eL_pR.h5'
Reading file: file='/data/suehara/mldata/pfa/murata/data/tc/tc_nnqq/train/nnqq_6_uu_eL_pR.h5'
Reading file: file='/data/suehara/mldata/pfa/murata/data/tc/tc_nnqq/train/nnqq_76_dd_eR_pL.h5'
Reading file: file='/data/suehara/mldata/pfa/murata/data/tc/tc_nnqq/train/nnqq_77_dd_eR_pL.h5'
Reading file: file='/data/suehara/mldata/pfa/murata/data/tc/tc_nnqq/train/nnqq_78_dd_eR_pL.h5'
Reading file: file='/data/suehara/mldata/pfa/murata/data/tc/tc_nnqq/train/nnqq_79_dd_eR_pL.h5'
Reading file: file='/data/suehara/mldata/pfa/murata/data/tc/tc_nnqq/train/nnqq_7_uu_eL_pR.h5'
Reading file: file='/data/suehara/mldata/pfa/murata/data/tc/tc_nnqq/train/nnqq_80_dd_eR_pL.h5'
Reading file: file='/data/suehara/mldata/pfa/murata/data/tc/tc_nnqq/train/nnqq_81_dd_eR_pL.h5'
Reading file: file='/data/suehara/mldata/pfa/murata/data/tc/tc_nnqq/train/nnqq_82_dd_eR_pL.h5'
Reading file: file='/data/suehara/mldata/pfa/murata/data/tc/tc_nnqq/train/nnqq_83_dd_eR_pL.h5'
Reading file: file='/data/suehara/mldata/pfa/murata/data/tc/tc_nnqq/train/nnqq_84_dd_eR_pL.h5'
Reading file: file='/data/suehara/mldata/pfa/murata/data/tc/tc_nnqq/train/nnqq_85_dd_eR_pL.h5'
Reading file: file='/data/suehara/mldata/pfa/murata/data/tc/tc_nnqq/train/nnqq_86_dd_eR_pL.h5'
Reading file: file='/data/suehara/mldata/pfa/murata/data/tc/tc_nnqq/train/nnqq_87_dd_eR_pL.h5'
Reading file: file='/data/suehara/mldata/pfa/murata/data/tc/tc_nnqq/train/nnqq_88_dd_eR_pL.h5'
Reading file: file='/data/suehara/mldata/pfa/murata/data/tc/tc_nnqq/train/nnqq_89_dd_eR_pL.h5'
Reading file: file='/data/suehara/mldata/pfa/murata/data/tc/tc_nnqq/train/nnqq_8_uu_eL_pR.h5'
Reading file: file='/data/suehara/mldata/pfa/murata/data/tc/tc_nnqq/train/nnqq_90_dd_eR_pL.h5'
Reading file: file='/data/suehara/mldata/pfa/murata/data/tc/tc_nnqq/train/nnqq_91_dd_eR_pL.h5'
Reading file: file='/data/suehara/mldata/pfa/murata/data/tc/tc_nnqq/train/nnqq_92_dd_eR_pL.h5'
Reading file: file='/data/suehara/mldata/pfa/murata/data/tc/tc_nnqq/train/nnqq_93_dd_eR_pL.h5'
Reading file: file='/data/suehara/mldata/pfa/murata/data/tc/tc_nnqq/train/nnqq_94_dd_eR_pL.h5'
Reading file: file='/data/suehara/mldata/pfa/murata/data/tc/tc_nnqq/train/nnqq_9_uu_eL_pR.h5'
Making ak_feats...
Making ak_labels...
ILCDataset: path='/data/suehara/mldata/pfa/murata/data/tc/tc_nnqq/validation'
filenames=['/data/suehara/mldata/pfa/murata/data/tc/tc_nnqq/validation/nnqq_20_uu_eL_pR.h5', '/data/suehara/mldata/pfa/murata/data/tc/tc_nnqq/validation/nnqq_21_uu_eL_pR.h5', '/data/suehara/mldata/pfa/murata/data/tc/tc_nnqq/validation/nnqq_22_uu_eL_pR.h5', '/data/suehara/mldata/pfa/murata/data/tc/tc_nnqq/validation/nnqq_45_uu_eR_pL.h5', '/data/suehara/mldata/pfa/murata/data/tc/tc_nnqq/validation/nnqq_46_uu_eR_pL.h5', '/data/suehara/mldata/pfa/murata/data/tc/tc_nnqq/validation/nnqq_47_uu_eR_pL.h5', '/data/suehara/mldata/pfa/murata/data/tc/tc_nnqq/validation/nnqq_70_dd_eL_pR.h5', '/data/suehara/mldata/pfa/murata/data/tc/tc_nnqq/validation/nnqq_71_dd_eL_pR.h5', '/data/suehara/mldata/pfa/murata/data/tc/tc_nnqq/validation/nnqq_72_dd_eL_pR.h5', '/data/suehara/mldata/pfa/murata/data/tc/tc_nnqq/validation/nnqq_95_dd_eR_pL.h5', '/data/suehara/mldata/pfa/murata/data/tc/tc_nnqq/validation/nnqq_96_dd_eR_pL.h5', '/data/suehara/mldata/pfa/murata/data/tc/tc_nnqq/validation/nnqq_97_dd_eR_pL.h5']
Reading file: file='/data/suehara/mldata/pfa/murata/data/tc/tc_nnqq/validation/nnqq_20_uu_eL_pR.h5'
Reading file: file='/data/suehara/mldata/pfa/murata/data/tc/tc_nnqq/validation/nnqq_21_uu_eL_pR.h5'
Reading file: file='/data/suehara/mldata/pfa/murata/data/tc/tc_nnqq/validation/nnqq_22_uu_eL_pR.h5'
Reading file: file='/data/suehara/mldata/pfa/murata/data/tc/tc_nnqq/validation/nnqq_45_uu_eR_pL.h5'
Reading file: file='/data/suehara/mldata/pfa/murata/data/tc/tc_nnqq/validation/nnqq_46_uu_eR_pL.h5'
Reading file: file='/data/suehara/mldata/pfa/murata/data/tc/tc_nnqq/validation/nnqq_47_uu_eR_pL.h5'
Reading file: file='/data/suehara/mldata/pfa/murata/data/tc/tc_nnqq/validation/nnqq_70_dd_eL_pR.h5'
Reading file: file='/data/suehara/mldata/pfa/murata/data/tc/tc_nnqq/validation/nnqq_71_dd_eL_pR.h5'
Reading file: file='/data/suehara/mldata/pfa/murata/data/tc/tc_nnqq/validation/nnqq_72_dd_eL_pR.h5'
Reading file: file='/data/suehara/mldata/pfa/murata/data/tc/tc_nnqq/validation/nnqq_95_dd_eR_pL.h5'
Reading file: file='/data/suehara/mldata/pfa/murata/data/tc/tc_nnqq/validation/nnqq_96_dd_eR_pL.h5'
Reading file: file='/data/suehara/mldata/pfa/murata/data/tc/tc_nnqq/validation/nnqq_97_dd_eR_pL.h5'
Making ak_feats...
Making ak_labels...
Training dataset size:  30400
Validating dataset size:  4800
Batch size:  300
Loading lcr model
Training epoch 0
[0.27299202 0.0428531  0.76915924 0.05484816 0.27966319 0.0194788
 0.30759507 0.03017137 0.10266677 0.00996221 0.20948605 0.02436719
 0.02231128 0.02631836 0.02093909 0.02469914 0.21059119 0.01319662
 0.21640746 0.01939058 0.08006649 0.00802916 0.17084811 0.02008823
 0.0173455  0.02176105 0.01741175 0.02139706 0.22953358 0.01368859
 0.2420124  0.0176185  0.08326337 0.00834725 0.17434663 0.0212968
 0.01899084 0.022302   0.01846532 0.0224028  0.18622037 0.01193728
 0.20649067 0.0192787  0.07956368 0.00797645 0.15893392 0.02099673
 0.018939   0.02193616 0.01962427 0.02249347 0.02519289 0.02877946
 0.4408303  0.04425981 0.56065834 0.11905007 0.02203575 0.02659632
 0.43233881 0.04385241]
   train loss_E                   = +0.2030 (18.4%)
   train loss_Mag                 = +0.3372 (30.6%)
   train loss_Dir                 = +0.5603 (50.9%)
train loss :  1.1005456447601318
learning rate :  [0.0002991785582104726]
   loss_E                   = +0.7241 (31.4%)
   loss_Mag                 = +0.4941 (21.4%)
   loss_Dir                 = +1.0856 (47.1%)
Returning 2.303783416748047
Training epoch 1
[0.2792011  0.04775456 0.77138582 0.05798136 0.29220894 0.02268828
 0.30901209 0.03596778 0.11486572 0.01195773 0.19323542 0.02215917
 0.0201334  0.02535116 0.01656556 0.02216859 0.18319286 0.01276871
 0.17191026 0.01693842 0.07010185 0.00797036 0.1382347  0.01709426
 0.01247795 0.01813194 0.01230403 0.01881671 0.19573434 0.01462055
 0.17123872 0.0149469  0.07411889 0.00849291 0.13356713 0.01738732
 0.01242571 0.01786078 0.01250103 0.01911212 0.17970378 0.01176534
 0.17669062 0.01540666 0.07573051 0.00882778 0.13453747 0.01807136
 0.01219931 0.0185142  0.01289368 0.02050377 0.00814024 0.00914352
 0.12344824 0.0131514  0.20086235 0.03373611 0.02211368 0.03558159
 0.44127442 0.05867666]
   train loss_E                   = +0.1638 (16.9%)
   train loss_Mag                 = +0.2798 (28.8%)
   train loss_Dir                 = +0.5286 (54.4%)
train loss :  0.9721613526344299
learning rate :  [0.0002991785582104726, 0.0002967232327300342]
   loss_E                   = +0.4860 (24.3%)
   loss_Mag                 = +0.5785 (28.9%)
   loss_Dir                 = +0.9340 (46.7%)
Returning 1.998457670211792
Training epoch 2
[0.31201897 0.05556799 0.8439731  0.06265732 0.33158543 0.02578947
 0.34499637 0.04100187 0.13090121 0.0135253  0.19900218 0.02231884
 0.02246681 0.02788594 0.01758815 0.02201379 0.17638331 0.01232673
 0.165106   0.01696606 0.07550252 0.00850031 0.13400051 0.01624552
 0.01251499 0.01759576 0.01229057 0.01772237 0.18104689 0.01400188
 0.15399648 0.01457542 0.08164466 0.00932569 0.12847445 0.01626531
 0.01182437 0.01686492 0.01159299 0.01779152 0.16849364 0.01118905
 0.16779231 0.01374288 0.08282943 0.00942756 0.13507448 0.01702482
 0.01111747 0.01701421 0.0126719  0.01994042 0.00941559 0.01173437
 0.13419679 0.01545378 0.22009782 0.0391486  0.02124705 0.03301139
 0.43548425 0.05476557]
   train loss_E                   = +0.1498 (16.3%)
   train loss_Mag                 = +0.2560 (27.9%)
   train loss_Dir                 = +0.5113 (55.7%)
train loss :  0.9171429872512817
learning rate :  [0.0002991785582104726, 0.0002967232327300342, 0.00029266092461845833]
   loss_E                   = +0.4777 (22.3%)
   loss_Mag                 = +0.5920 (27.6%)
   loss_Dir                 = +1.0759 (50.1%)
Returning 2.145601272583008
Training epoch 3
[0.39399545 0.06827793 1.06951008 0.0767507  0.38627862 0.02945367
 0.43971111 0.05166087 0.17748467 0.0177009  0.24848653 0.02699226
 0.02941367 0.03525902 0.02297227 0.02661048 0.21099209 0.01430296
 0.20303085 0.02015733 0.09879382 0.01064988 0.16843983 0.01908464
 0.01570977 0.02099689 0.01634693 0.0209381  0.21441339 0.01719578
 0.17292436 0.01794243 0.11201411 0.0122089  0.15913225 0.0190628
 0.01489143 0.01985732 0.0147264  0.02069988 0.18010618 0.01112474
 0.20184126 0.01441391 0.11227048 0.01210719 0.18025267 0.02042168
 0.01378056 0.01917351 0.01759235 0.02549668 0.01365576 0.01572358
 0.16406992 0.01823992 0.24835487 0.04378515 0.02952693 0.04086863
 0.61701891 0.06803807]
   train loss_E                   = +0.1364 (15.7%)
   train loss_Mag                 = +0.2323 (26.7%)
   train loss_Dir                 = +0.5021 (57.7%)
train loss :  0.8709077835083008
learning rate :  [0.0002991785582104726, 0.0002967232327300342, 0.00029266092461845833, 0.000287036141373508]
   loss_E                   = +0.4811 (20.3%)
   loss_Mag                 = +0.5740 (24.2%)
   loss_Dir                 = +1.3145 (55.5%)
Returning 2.3695898056030273
Training epoch 4
[0.51777752 0.08908296 1.37551028 0.09908371 0.4967157  0.03733064
 0.57126259 0.06683961 0.22888059 0.02318254 0.31331333 0.03448706
 0.03740413 0.046255   0.02975229 0.03449166 0.25695196 0.01765223
 0.25521855 0.02601374 0.12466403 0.01372073 0.21397515 0.02458983
 0.01971259 0.02727266 0.02068718 0.0270743  0.25962078 0.02131622
 0.21327619 0.02308576 0.14328457 0.01589408 0.20014651 0.02456125
 0.01834509 0.02518792 0.01866997 0.02658675 0.2073354  0.01344953
 0.23676724 0.01709349 0.1427784  0.01580377 0.23154938 0.02642481
 0.01615681 0.02326426 0.02318908 0.03450374 0.01950684 0.02180364
 0.21533952 0.02324417 0.31035378 0.05170633 0.0380801  0.0541361
 0.79542973 0.0903921 ]
   train loss_E                   = +0.1295 (15.3%)
   train loss_Mag                 = +0.2201 (26.1%)
   train loss_Dir                 = +0.4941 (58.6%)
train loss :  0.8437178730964661
learning rate :  [0.0002991785582104726, 0.0002967232327300342, 0.00029266092461845833, 0.000287036141373508, 0.0002799105092974766]
   loss_E                   = +0.4877 (21.1%)
   loss_Mag                 = +0.5501 (23.8%)
   loss_Dir                 = +1.2747 (55.1%)
Returning 2.3125226497650146
Training epoch 5
[0.51552682 0.08741384 1.33716254 0.09549167 0.51588751 0.03844905
 0.54811227 0.06438145 0.22477735 0.02254766 0.29886564 0.0330869
 0.03597304 0.04470477 0.02901024 0.03336382 0.26678559 0.01863471
 0.24553266 0.02512322 0.12382716 0.01321456 0.20607537 0.02335155
 0.01933146 0.02627958 0.02038207 0.02569791 0.25836156 0.02137701
 0.19846097 0.0217679  0.14503162 0.01565595 0.19211169 0.02295318
 0.01755032 0.02350964 0.01840812 0.02476804 0.1876785  0.01329838
 0.2091587  0.01498961 0.1425181  0.01512677 0.227293   0.02409977
 0.01489216 0.02039514 0.02393731 0.03291056 0.02080733 0.02237007
 0.21918396 0.02245416 0.30042436 0.048507   0.03791453 0.04975826
 0.78751256 0.08338456]
   train loss_E                   = +0.1247 (15.2%)
   train loss_Mag                 = +0.2110 (25.7%)
   train loss_Dir                 = +0.4852 (59.1%)
train loss :  0.8208622932434082
learning rate :  [0.0002991785582104726, 0.0002967232327300342, 0.00029266092461845833, 0.000287036141373508, 0.0002799105092974766, 0.0002713620983065234]
   loss_E                   = +0.4936 (20.1%)
   loss_Mag                 = +0.5580 (22.8%)
   loss_Dir                 = +1.4011 (57.1%)
Returning 2.452821731567383
Training epoch 6
[0.53582782 0.0893306  1.40172625 0.09892659 0.52221943 0.03824346
 0.55782703 0.06599483 0.23754321 0.02349593 0.30989177 0.03385366
 0.03697313 0.04617933 0.03092852 0.03482552 0.26609942 0.01846019
 0.25189812 0.02607891 0.1336998  0.01382064 0.21756664 0.02415458
 0.02103572 0.02745547 0.02226591 0.02670855 0.27336061 0.02331824
 0.19931196 0.02227018 0.15803479 0.01659562 0.20259153 0.02326352
 0.01855259 0.02386635 0.01930658 0.0247512  0.18306858 0.01227967
 0.20790444 0.01448299 0.15580453 0.01621093 0.2444725  0.02487732
 0.01519899 0.01999023 0.0268001  0.03435061 0.02431686 0.02618459
 0.24188187 0.02439655 0.33336919 0.05026993 0.04099646 0.05013772
 0.85642255 0.08430897]
   train loss_E                   = +0.1238 (15.3%)
   train loss_Mag                 = +0.2067 (25.5%)
   train loss_Dir                 = +0.4795 (59.2%)
train loss :  0.8100301027297974
learning rate :  [0.0002991785582104726, 0.0002967232327300342, 0.00029266092461845833, 0.000287036141373508, 0.0002799105092974766, 0.0002713620983065234, 0.0002614845665803353]
   loss_E                   = +0.4999 (20.4%)
   loss_Mag                 = +0.5538 (22.6%)
   loss_Dir                 = +1.3915 (56.9%)
Returning 2.4451956748962402
Training epoch 7
[0.60551754 0.10243351 1.57499894 0.11242362 0.57221593 0.04225298
 0.61557202 0.07476033 0.25919879 0.02626617 0.3377931  0.03863594
 0.04098228 0.05211208 0.03428578 0.04002    0.29756388 0.02092438
 0.27864481 0.02977034 0.14198896 0.01547287 0.23515296 0.02789519
 0.02268656 0.03115058 0.02379478 0.03079839 0.29759408 0.025448
 0.21948668 0.02548605 0.16862174 0.01870658 0.22363975 0.02745655
 0.01977064 0.02733779 0.02051336 0.02937102 0.19264219 0.01380766
 0.21858036 0.01568414 0.16260429 0.01779711 0.26537944 0.0291828
 0.01539462 0.02209204 0.02883562 0.04158135 0.02761946 0.03190424
 0.26812485 0.02825162 0.36186393 0.06032529 0.04323621 0.05970806
 0.92001908 0.10081072]
   train loss_E                   = +0.1199 (15.1%)
   train loss_Mag                 = +0.2042 (25.7%)
   train loss_Dir                 = +0.4716 (59.3%)
train loss :  0.7957073450088501
learning rate :  [0.0002991785582104726, 0.0002967232327300342, 0.00029266092461845833, 0.000287036141373508, 0.0002799105092974766, 0.0002713620983065234, 0.0002614845665803353, 0.0002503861344235108]
   loss_E                   = +0.4891 (19.8%)
   loss_Mag                 = +0.5659 (23.0%)
   loss_Dir                 = +1.4097 (57.2%)
Returning 2.4647254943847656
Training epoch 8
[0.49064682 0.07885531 1.27161426 0.08826338 0.53422499 0.03890189
 0.47714907 0.05786813 0.21992618 0.02158693 0.27732562 0.03128518
 0.03340646 0.04117605 0.02814732 0.03224424 0.28104588 0.02015898
 0.2298844  0.02521346 0.12421121 0.01292087 0.18810611 0.02176981
 0.01944473 0.02579414 0.01882616 0.02356048 0.27989322 0.02337009
 0.17880828 0.01961303 0.13699372 0.01427122 0.17618617 0.02010062
 0.01681217 0.02131346 0.01657253 0.02140346 0.16129369 0.01268612
 0.15732718 0.01195176 0.1207315  0.01251729 0.1895367  0.01934209
 0.01167496 0.01606642 0.02095019 0.02828719 0.02177388 0.02459016
 0.22233181 0.02331425 0.32461367 0.056247   0.03053429 0.0375285
 0.64004616 0.06352399]
   train loss_E                   = +0.1167 (14.9%)
   train loss_Mag                 = +0.2013 (25.7%)
   train loss_Dir                 = +0.4660 (59.4%)
train loss :  0.7839829921722412
learning rate :  [0.0002991785582104726, 0.0002967232327300342, 0.00029266092461845833, 0.000287036141373508, 0.0002799105092974766, 0.0002713620983065234, 0.0002614845665803353, 0.0002503861344235108, 0.00023818839858125637]
   loss_E                   = +0.4857 (20.5%)
   loss_Mag                 = +0.5657 (23.9%)
   loss_Dir                 = +1.3121 (55.5%)
Returning 2.363445997238159
Training epoch 9
[0.63342322 0.10527518 1.63630213 0.11588235 0.62712273 0.04519792
 0.61647367 0.07711722 0.27503772 0.02771065 0.34337688 0.03988366
 0.04333716 0.05394497 0.03665481 0.04183272 0.32043694 0.02280246
 0.28593273 0.03236063 0.15422876 0.01659247 0.23986068 0.02877409
 0.02441655 0.03312088 0.02507551 0.03155321 0.34112069 0.02913772
 0.22156206 0.02608217 0.18054928 0.01956504 0.23444502 0.02776221
 0.02144326 0.02790875 0.02199198 0.02959018 0.18448541 0.01390506
 0.20599728 0.01515652 0.16070164 0.01751496 0.26011537 0.02846614
 0.01479368 0.02139497 0.02909485 0.04193766 0.02852098 0.03247964
 0.27071591 0.02820837 0.37718765 0.06239656 0.04321198 0.05763657
 0.9130656  0.09770159]
   train loss_E                   = +0.1175 (15.1%)
   train loss_Mag                 = +0.2016 (26.0%)
   train loss_Dir                 = +0.4574 (58.9%)
train loss :  0.7765088081359863
learning rate :  [0.0002991785582104726, 0.0002967232327300342, 0.00029266092461845833, 0.000287036141373508, 0.0002799105092974766, 0.0002713620983065234, 0.0002614845665803353, 0.0002503861344235108, 0.00023818839858125637, 0.000225025]
   loss_E                   = +0.4897 (21.0%)
   loss_Mag                 = +0.5682 (24.4%)
   loss_Dir                 = +1.2708 (54.6%)
Returning 2.328691244125366
Training epoch 10
[0.53689805 0.08727512 1.37114346 0.09624322 0.55378006 0.040266
 0.49852439 0.06325835 0.23525415 0.023235   0.29060615 0.0338898
 0.03628377 0.0447417  0.03050305 0.03541721 0.3134521  0.02182056
 0.24608721 0.02763238 0.13536463 0.01417258 0.2026831  0.02379825
 0.02063903 0.02804768 0.02090313 0.02607801 0.31370384 0.02603371
 0.18979899 0.02132648 0.1537793  0.01610921 0.19501362 0.02236216
 0.01777857 0.0230593  0.01806919 0.02373077 0.1724098  0.01333074
 0.17666085 0.0126035  0.1467393  0.01479642 0.22924598 0.02201424
 0.01301127 0.01739939 0.02549135 0.03267738 0.02563414 0.03016395
 0.24943066 0.02587942 0.34460045 0.05803679 0.03712265 0.04278674
 0.78211265 0.0726346 ]
   train loss_E                   = +0.1151 (15.0%)
   train loss_Mag                 = +0.1985 (25.9%)
   train loss_Dir                 = +0.4516 (59.0%)
train loss :  0.7651174068450928
learning rate :  [0.0002991785582104726, 0.0002967232327300342, 0.00029266092461845833, 0.000287036141373508, 0.0002799105092974766, 0.0002713620983065234, 0.0002614845665803353, 0.0002503861344235108, 0.00023818839858125637, 0.000225025, 0.0002110401596292163]
   loss_E                   = +0.4877 (21.1%)
   loss_Mag                 = +0.5676 (24.6%)
   loss_Dir                 = +1.2556 (54.3%)
Returning 2.3109540939331055
Training epoch 11
[0.54166661 0.08425357 1.39315078 0.09309725 0.51871327 0.03729263
 0.47629496 0.06005223 0.24604994 0.02375716 0.29901179 0.03424577
 0.03693488 0.04450224 0.03214878 0.03596556 0.32476866 0.0223491
 0.25487655 0.02925676 0.14815245 0.01506195 0.21181676 0.02466094
 0.02292483 0.02927219 0.02201979 0.02656244 0.34761673 0.02813671
 0.19260392 0.02223947 0.16087654 0.01681482 0.1990607  0.02314392
 0.01861452 0.02365313 0.01875202 0.02418143 0.18517634 0.01405418
 0.16917066 0.0126926  0.14123999 0.01469669 0.22184099 0.0221076
 0.01231017 0.01709868 0.02448261 0.03358514 0.02450783 0.02814862
 0.23345012 0.02371742 0.31555794 0.05214165 0.03627643 0.0453413
 0.76394427 0.07700453]
   train loss_E                   = +0.1147 (15.2%)
   train loss_Mag                 = +0.1931 (25.5%)
   train loss_Dir                 = +0.4487 (59.3%)
train loss :  0.7565264105796814
learning rate :  [0.0002991785582104726, 0.0002967232327300342, 0.00029266092461845833, 0.000287036141373508, 0.0002799105092974766, 0.0002713620983065234, 0.0002614845665803353, 0.0002503861344235108, 0.00023818839858125637, 0.000225025, 0.0002110401596292163, 0.0001963870983065234]
   loss_E                   = +0.4961 (21.5%)
   loss_Mag                 = +0.5547 (24.1%)
   loss_Dir                 = +1.2551 (54.4%)
Returning 2.305868148803711
Training epoch 12
[0.54195163 0.08453383 1.38211413 0.09345804 0.55988547 0.03968479
 0.48182764 0.0606434  0.25282987 0.02462287 0.30183724 0.03431356
 0.03689916 0.04579984 0.03214373 0.03602596 0.32516934 0.02238283
 0.25808458 0.02993716 0.15200742 0.01540776 0.21383783 0.02480809
 0.02281176 0.03005507 0.02229228 0.02684891 0.35828531 0.02911424
 0.19605706 0.02318651 0.16601166 0.0169521  0.2030589  0.02259104
 0.01962105 0.02437507 0.01884643 0.02340792 0.18853718 0.01435067
 0.16909552 0.01255697 0.14340195 0.01443169 0.22318335 0.02075176
 0.01240976 0.01701823 0.02532053 0.032001   0.0251903  0.02768413
 0.22714873 0.02257709 0.31682918 0.04898567 0.03585141 0.04169677
 0.75568876 0.07073739]
   train loss_E                   = +0.1143 (15.3%)
   train loss_Mag                 = +0.1874 (25.1%)
   train loss_Dir                 = +0.4453 (59.6%)
train loss :  0.7470941543579102
learning rate :  [0.0002991785582104726, 0.0002967232327300342, 0.00029266092461845833, 0.000287036141373508, 0.0002799105092974766, 0.0002713620983065234, 0.0002614845665803353, 0.0002503861344235108, 0.00023818839858125637, 0.000225025, 0.0002110401596292163, 0.0001963870983065234, 0.000181226358038123]
   loss_E                   = +0.4944 (21.1%)
   loss_Mag                 = +0.5579 (23.8%)
   loss_Dir                 = +1.2886 (55.0%)
Returning 2.3408870697021484
Training epoch 13
[0.57413071 0.09230822 1.49871441 0.1038381  0.53560561 0.03942286
 0.53421994 0.06783664 0.26862052 0.02638964 0.32241614 0.03734549
 0.04075565 0.04930719 0.03581545 0.0397865  0.3338133  0.02272095
 0.27398367 0.03126341 0.15637774 0.01638736 0.22637454 0.0269369
 0.02391856 0.03118975 0.02419191 0.02949182 0.35068463 0.02862312
 0.2100199  0.02434237 0.17987782 0.01886563 0.22508406 0.02584612
 0.02078182 0.0258131  0.0211908  0.0272937  0.18810227 0.0143339
 0.17964006 0.01346959 0.15560867 0.01653933 0.2499367  0.02523793
 0.01305394 0.01889268 0.02734543 0.03956978 0.02771359 0.03146941
 0.24719435 0.0249678  0.33689181 0.05258477 0.03992133 0.05234793
 0.85158164 0.08884455]
   train loss_E                   = +0.1147 (15.4%)
   train loss_Mag                 = +0.1937 (26.0%)
   train loss_Dir                 = +0.4367 (58.6%)
train loss :  0.7451356053352356
learning rate :  [0.0002991785582104726, 0.0002967232327300342, 0.00029266092461845833, 0.000287036141373508, 0.0002799105092974766, 0.0002713620983065234, 0.0002614845665803353, 0.0002503861344235108, 0.00023818839858125637, 0.000225025, 0.0002110401596292163, 0.0001963870983065234, 0.000181226358038123, 0.00016572404306698467]
   loss_E                   = +0.4922 (21.4%)
   loss_Mag                 = +0.5588 (24.3%)
   loss_Dir                 = +1.2455 (54.2%)
Returning 2.2965993881225586
Training epoch 14
[0.67267287 0.10637275 1.70591873 0.11654256 0.63142933 0.04560232
 0.59097235 0.07559254 0.30538554 0.03004148 0.36191374 0.04227432
 0.04519447 0.05700035 0.03888757 0.0446417  0.38634596 0.02674987
 0.30456879 0.03633193 0.17784889 0.01866731 0.2511848  0.03048321
 0.02648522 0.03602366 0.02606137 0.03290949 0.3982831  0.03207827
 0.22754191 0.02758968 0.19528415 0.02102457 0.24183324 0.02901612
 0.02196836 0.02892933 0.02233341 0.02999119 0.20850685 0.0161498
 0.19173051 0.01443706 0.16651378 0.01808298 0.26910678 0.02774674
 0.01379236 0.02029938 0.02952459 0.0433458  0.02893235 0.03330457
 0.25661546 0.02604697 0.34580052 0.05438685 0.04405695 0.05806133
 0.93870578 0.09853813]
   train loss_E                   = +0.1140 (15.4%)
   train loss_Mag                 = +0.1890 (25.6%)
   train loss_Dir                 = +0.4358 (59.0%)
train loss :  0.7388861179351807
learning rate :  [0.0002991785582104726, 0.0002967232327300342, 0.00029266092461845833, 0.000287036141373508, 0.0002799105092974766, 0.0002713620983065234, 0.0002614845665803353, 0.0002503861344235108, 0.00023818839858125637, 0.000225025, 0.0002110401596292163, 0.0001963870983065234, 0.000181226358038123, 0.00016572404306698467, 0.00015005000000000002]
   loss_E                   = +0.4944 (21.3%)
   loss_Mag                 = +0.5603 (24.1%)
   loss_Dir                 = +1.2719 (54.7%)
Returning 2.3265879154205322
Training epoch 15
[0.62780127 0.09717354 1.60488544 0.1083405  0.60264543 0.04380068
 0.54351952 0.06970394 0.28915755 0.02827412 0.34426512 0.04001621
 0.04302416 0.05302317 0.03757292 0.04248023 0.38816315 0.02625794
 0.29926879 0.03537354 0.17401891 0.01814785 0.2402902  0.02896046
 0.02642327 0.03493713 0.02512222 0.03099413 0.41468    0.03387689
 0.21519487 0.02586515 0.18205758 0.01920254 0.22307834 0.02618675
 0.02094247 0.02707031 0.02082316 0.02709399 0.20528171 0.01573769
 0.17865415 0.01338943 0.15544101 0.01651293 0.24874502 0.02475744
 0.01299084 0.01881907 0.02729711 0.03913127 0.02735788 0.03143153
 0.24416677 0.02460825 0.32345945 0.0523007  0.0394476  0.05173133
 0.84453884 0.08779944]
   train loss_E                   = +0.1132 (15.4%)
   train loss_Mag                 = +0.1879 (25.6%)
   train loss_Dir                 = +0.4325 (59.0%)
train loss :  0.7335954904556274
learning rate :  [0.0002991785582104726, 0.0002967232327300342, 0.00029266092461845833, 0.000287036141373508, 0.0002799105092974766, 0.0002713620983065234, 0.0002614845665803353, 0.0002503861344235108, 0.00023818839858125637, 0.000225025, 0.0002110401596292163, 0.0001963870983065234, 0.000181226358038123, 0.00016572404306698467, 0.00015005000000000002, 0.0001343759569330154]
   loss_E                   = +0.4881 (20.8%)
   loss_Mag                 = +0.5587 (23.8%)
   loss_Dir                 = +1.3053 (55.5%)
Returning 2.3521065711975098
Training epoch 16
[0.65373775 0.10409035 1.64965134 0.11336354 0.57854913 0.04212464
 0.56985747 0.0733554  0.29364976 0.02888887 0.35063937 0.04133605
 0.04356041 0.05507473 0.03869087 0.0438382  0.36699813 0.02493247
 0.29557527 0.03539789 0.1754545  0.01832161 0.24832863 0.03006609
 0.02543172 0.03489324 0.02544755 0.03235039 0.37819308 0.0299479
 0.22310534 0.02737193 0.19758724 0.02118681 0.24555959 0.02961619
 0.02187559 0.02829858 0.02280561 0.03039481 0.19966657 0.01465127
 0.18633912 0.0136818  0.16657899 0.01839857 0.27603131 0.02883664
 0.01331397 0.01998404 0.03012946 0.04616796 0.03087904 0.03563908
 0.26152748 0.0262942  0.34401563 0.05051264 0.04363644 0.06043954
 0.93465686 0.10254074]
   train loss_E                   = +0.1122 (15.4%)
   train loss_Mag                 = +0.1853 (25.5%)
   train loss_Dir                 = +0.4290 (59.1%)
train loss :  0.726482093334198
learning rate :  [0.0002991785582104726, 0.0002967232327300342, 0.00029266092461845833, 0.000287036141373508, 0.0002799105092974766, 0.0002713620983065234, 0.0002614845665803353, 0.0002503861344235108, 0.00023818839858125637, 0.000225025, 0.0002110401596292163, 0.0001963870983065234, 0.000181226358038123, 0.00016572404306698467, 0.00015005000000000002, 0.0001343759569330154, 0.00011887364196187702]
   loss_E                   = +0.4951 (21.2%)
   loss_Mag                 = +0.5572 (23.8%)
   loss_Dir                 = +1.2878 (55.0%)
Returning 2.340100049972534
Training epoch 17
[0.59328954 0.08987529 1.52880978 0.10034002 0.57551227 0.04130506
 0.50812926 0.06509613 0.28602293 0.02738484 0.3269975  0.03724899
 0.04216002 0.05025903 0.03621462 0.03933585 0.38159867 0.02605866
 0.28087869 0.03329432 0.17070978 0.01719408 0.22126301 0.02656412
 0.02597099 0.03263663 0.02347324 0.0279204  0.39967912 0.03186023
 0.19832508 0.02364568 0.16747404 0.0171699  0.20418198 0.02329982
 0.02000583 0.02464852 0.01875834 0.02366025 0.19966625 0.01532092
 0.15429378 0.01173856 0.13386076 0.0140133  0.20991387 0.02081702
 0.01131963 0.01624042 0.0230496  0.03297355 0.02412383 0.0265608
 0.21303621 0.02117421 0.29665256 0.04560982 0.03298573 0.04211753
 0.69801483 0.07144923]
   train loss_E                   = +0.1111 (15.4%)
   train loss_Mag                 = +0.1841 (25.6%)
   train loss_Dir                 = +0.4250 (59.0%)
train loss :  0.7202454209327698
learning rate :  [0.0002991785582104726, 0.0002967232327300342, 0.00029266092461845833, 0.000287036141373508, 0.0002799105092974766, 0.0002713620983065234, 0.0002614845665803353, 0.0002503861344235108, 0.00023818839858125637, 0.000225025, 0.0002110401596292163, 0.0001963870983065234, 0.000181226358038123, 0.00016572404306698467, 0.00015005000000000002, 0.0001343759569330154, 0.00011887364196187702, 0.00010371290169347665]
   loss_E                   = +0.4951 (21.2%)
   loss_Mag                 = +0.5513 (23.6%)
   loss_Dir                 = +1.2923 (55.3%)
Returning 2.3386878967285156
Training epoch 18
[0.5225887  0.07587717 1.35489091 0.08805146 0.53190506 0.03836944
 0.43609074 0.05548132 0.25570859 0.02420066 0.30030941 0.03431919
 0.0368023  0.04379874 0.03247277 0.03596642 0.37535972 0.02504247
 0.26836966 0.03171407 0.16467601 0.01638213 0.20645273 0.02458076
 0.02415761 0.03089904 0.02125556 0.02551378 0.42085414 0.0331432
 0.18703573 0.02158657 0.15097393 0.015084   0.18165711 0.01998355
 0.01850188 0.02268742 0.01608557 0.02002098 0.20380269 0.01625135
 0.14373408 0.01078471 0.12756011 0.01234421 0.1967074  0.01643733
 0.01078081 0.01410378 0.02134613 0.02578283 0.02323793 0.0271841
 0.20706623 0.02096809 0.28805681 0.04546568 0.02830923 0.02995394
 0.59401209 0.0507554 ]
   train loss_E                   = +0.1109 (15.5%)
   train loss_Mag                 = +0.1810 (25.3%)
   train loss_Dir                 = +0.4232 (59.2%)
train loss :  0.7151209115982056
learning rate :  [0.0002991785582104726, 0.0002967232327300342, 0.00029266092461845833, 0.000287036141373508, 0.0002799105092974766, 0.0002713620983065234, 0.0002614845665803353, 0.0002503861344235108, 0.00023818839858125637, 0.000225025, 0.0002110401596292163, 0.0001963870983065234, 0.000181226358038123, 0.00016572404306698467, 0.00015005000000000002, 0.0001343759569330154, 0.00011887364196187702, 0.00010371290169347665, 8.905984037078379e-05]
   loss_E                   = +0.4960 (21.3%)
   loss_Mag                 = +0.5517 (23.7%)
   loss_Dir                 = +1.2824 (55.0%)
Returning 2.330109119415283
Training epoch 19
[0.53116015 0.0759887  1.35157472 0.08442129 0.53995888 0.03838956
 0.43091347 0.05481875 0.25817981 0.02427675 0.28769631 0.03190505
 0.036313   0.04334523 0.03096753 0.03312345 0.36070166 0.02430453
 0.26420328 0.03056466 0.15993319 0.01561334 0.19608824 0.02251203
 0.0236995  0.02950146 0.01985391 0.02325498 0.37319694 0.02888345
 0.17476882 0.01869459 0.14108029 0.013896   0.16635257 0.01787088
 0.01709675 0.02009189 0.01545977 0.01846299 0.19035334 0.01542544
 0.12343061 0.00945378 0.11328962 0.01099189 0.16692041 0.01442557
 0.00953545 0.01250432 0.01850486 0.0228336  0.01916486 0.02130565
 0.17200042 0.01681045 0.23051488 0.03496809 0.02517453 0.02744227
 0.52963296 0.04647692]
   train loss_E                   = +0.1128 (15.7%)
   train loss_Mag                 = +0.1878 (26.1%)
   train loss_Dir                 = +0.4178 (58.2%)
train loss :  0.7184203863143921
learning rate :  [0.0002991785582104726, 0.0002967232327300342, 0.00029266092461845833, 0.000287036141373508, 0.0002799105092974766, 0.0002713620983065234, 0.0002614845665803353, 0.0002503861344235108, 0.00023818839858125637, 0.000225025, 0.0002110401596292163, 0.0001963870983065234, 0.000181226358038123, 0.00016572404306698467, 0.00015005000000000002, 0.0001343759569330154, 0.00011887364196187702, 0.00010371290169347665, 8.905984037078379e-05, 7.507500000000004e-05]
   loss_E                   = +0.4969 (21.1%)
   loss_Mag                 = +0.5500 (23.3%)
   loss_Dir                 = +1.3098 (55.6%)
Returning 2.35666561126709
Training epoch 20
[0.51136539 0.07388508 1.31023724 0.08280815 0.52385421 0.03742793
 0.42078449 0.05294358 0.25839273 0.02409913 0.28938627 0.03227184
 0.03582627 0.04252341 0.03044415 0.03374206 0.36246509 0.02455744
 0.2531312  0.02973679 0.16116299 0.01559459 0.1948354  0.02254296
 0.02292453 0.02855164 0.01948328 0.02313616 0.39699028 0.03028871
 0.17192751 0.01918305 0.1398972  0.01385689 0.16609622 0.01834038
 0.01672121 0.02018682 0.01474764 0.01846844 0.19115665 0.01520259
 0.1264554  0.00979676 0.1131643  0.01106044 0.17034477 0.01486279
 0.00966642 0.01247989 0.01824702 0.02314753 0.01951615 0.02273547
 0.1766095  0.01751097 0.24017361 0.03642447 0.02502784 0.02812545
 0.52510472 0.04760827]
   train loss_E                   = +0.1096 (15.5%)
   train loss_Mag                 = +0.1814 (25.6%)
   train loss_Dir                 = +0.4180 (59.0%)
train loss :  0.7089933156967163
learning rate :  [0.0002991785582104726, 0.0002967232327300342, 0.00029266092461845833, 0.000287036141373508, 0.0002799105092974766, 0.0002713620983065234, 0.0002614845665803353, 0.0002503861344235108, 0.00023818839858125637, 0.000225025, 0.0002110401596292163, 0.0001963870983065234, 0.000181226358038123, 0.00016572404306698467, 0.00015005000000000002, 0.0001343759569330154, 0.00011887364196187702, 0.00010371290169347665, 8.905984037078379e-05, 7.507500000000004e-05, 6.191160141874367e-05]
   loss_E                   = +0.4957 (20.7%)
   loss_Mag                 = +0.5501 (23.0%)
   loss_Dir                 = +1.3491 (56.3%)
Returning 2.3948378562927246
Training epoch 21
[0.55904464 0.08024363 1.42585725 0.08857505 0.56668614 0.04049885
 0.44795322 0.05635358 0.27888176 0.02619471 0.3118345  0.03495916
 0.03867312 0.04670009 0.03349068 0.03620299 0.39612554 0.02716994
 0.27957468 0.03306875 0.17351048 0.0170205  0.20663718 0.02439972
 0.02530573 0.03183937 0.02089748 0.02476272 0.42750557 0.03334832
 0.18735997 0.02134324 0.14999181 0.01515312 0.17701733 0.01971275
 0.01834435 0.02257249 0.01593317 0.01965267 0.20351299 0.01699905
 0.12978121 0.01069134 0.11395896 0.01132897 0.16953142 0.01493892
 0.00980341 0.01345284 0.01867356 0.02340956 0.01986797 0.0210216
 0.17064977 0.01681344 0.24268297 0.03785637 0.02537928 0.02815151
 0.52946054 0.0476172 ]
   train loss_E                   = +0.1090 (15.5%)
   train loss_Mag                 = +0.1803 (25.6%)
   train loss_Dir                 = +0.4158 (59.0%)
train loss :  0.7050184011459351
learning rate :  [0.0002991785582104726, 0.0002967232327300342, 0.00029266092461845833, 0.000287036141373508, 0.0002799105092974766, 0.0002713620983065234, 0.0002614845665803353, 0.0002503861344235108, 0.00023818839858125637, 0.000225025, 0.0002110401596292163, 0.0001963870983065234, 0.000181226358038123, 0.00016572404306698467, 0.00015005000000000002, 0.0001343759569330154, 0.00011887364196187702, 0.00010371290169347665, 8.905984037078379e-05, 7.507500000000004e-05, 6.191160141874367e-05, 4.9713865576489265e-05]
   loss_E                   = +0.4948 (20.5%)
   loss_Mag                 = +0.5521 (22.9%)
   loss_Dir                 = +1.3642 (56.6%)
Returning 2.4111833572387695
Training epoch 22
[0.52813799 0.07643325 1.35467826 0.08476146 0.52321129 0.03730377
 0.42858166 0.054274   0.26504642 0.0248582  0.29425647 0.03297557
 0.03733587 0.04427432 0.03130976 0.03420127 0.36562776 0.02452071
 0.26202152 0.03113214 0.16480936 0.01599663 0.19742488 0.02336267
 0.02414856 0.02978992 0.01991588 0.02365718 0.37609044 0.0288244
 0.1739124  0.02021008 0.14204137 0.01445588 0.16963435 0.01925704
 0.01696767 0.02106049 0.01500723 0.01910972 0.19415988 0.0153554
 0.12487952 0.01002036 0.10884607 0.01149165 0.16483987 0.01611945
 0.00930085 0.01302403 0.0173248  0.02498914 0.01760917 0.01968505
 0.15725326 0.01523065 0.20749252 0.03110584 0.02422227 0.03192365
 0.51468283 0.05396078]
   train loss_E                   = +0.1086 (15.5%)
   train loss_Mag                 = +0.1797 (25.6%)
   train loss_Dir                 = +0.4127 (58.9%)
train loss :  0.7010847330093384
learning rate :  [0.0002991785582104726, 0.0002967232327300342, 0.00029266092461845833, 0.000287036141373508, 0.0002799105092974766, 0.0002713620983065234, 0.0002614845665803353, 0.0002503861344235108, 0.00023818839858125637, 0.000225025, 0.0002110401596292163, 0.0001963870983065234, 0.000181226358038123, 0.00016572404306698467, 0.00015005000000000002, 0.0001343759569330154, 0.00011887364196187702, 0.00010371290169347665, 8.905984037078379e-05, 7.507500000000004e-05, 6.191160141874367e-05, 4.9713865576489265e-05, 3.861543341966472e-05]
   loss_E                   = +0.4952 (20.5%)
   loss_Mag                 = +0.5544 (23.0%)
   loss_Dir                 = +1.3632 (56.5%)
Returning 2.4129061698913574
Training epoch 23
[0.45003815 0.06386802 1.15376506 0.07218697 0.48049877 0.03379429
 0.37080191 0.04634753 0.23423706 0.02145975 0.25644541 0.02799545
 0.03236004 0.0372485  0.02666187 0.02892227 0.33105225 0.02189876
 0.22773913 0.02632815 0.15037242 0.01430085 0.17145093 0.01967851
 0.02096286 0.025112   0.01696064 0.01985059 0.37062815 0.02717015
 0.15438068 0.01675111 0.12001504 0.01160101 0.13964496 0.01496059
 0.01493051 0.0177049  0.01228628 0.01477632 0.1845824  0.01454724
 0.10105847 0.00826684 0.08997656 0.00883285 0.12532723 0.01128787
 0.00790498 0.01019822 0.0134719  0.01717051 0.01381313 0.01537503
 0.13002574 0.01275937 0.17359264 0.02760633 0.01829812 0.02090519
 0.38365229 0.03532634]
   train loss_E                   = +0.1085 (15.5%)
   train loss_Mag                 = +0.1797 (25.7%)
   train loss_Dir                 = +0.4105 (58.7%)
train loss :  0.6987467408180237
learning rate :  [0.0002991785582104726, 0.0002967232327300342, 0.00029266092461845833, 0.000287036141373508, 0.0002799105092974766, 0.0002713620983065234, 0.0002614845665803353, 0.0002503861344235108, 0.00023818839858125637, 0.000225025, 0.0002110401596292163, 0.0001963870983065234, 0.000181226358038123, 0.00016572404306698467, 0.00015005000000000002, 0.0001343759569330154, 0.00011887364196187702, 0.00010371290169347665, 8.905984037078379e-05, 7.507500000000004e-05, 6.191160141874367e-05, 4.9713865576489265e-05, 3.861543341966472e-05, 2.873790169347665e-05]
   loss_E                   = +0.4965 (20.5%)
   loss_Mag                 = +0.5520 (22.8%)
   loss_Dir                 = +1.3719 (56.7%)
Returning 2.4204516410827637
Training epoch 24
[0.43769277 0.06147443 1.12294223 0.06999954 0.46651533 0.03275461
 0.35869139 0.04474864 0.227658   0.02089013 0.2494141  0.02733032
 0.03136463 0.03638891 0.0261135  0.02798608 0.330506   0.02189807
 0.22285713 0.0254839  0.1433053  0.01358018 0.16358702 0.01871879
 0.02024515 0.0243553  0.01619937 0.01890172 0.34350577 0.02547266
 0.15015964 0.01596288 0.1164963  0.01123581 0.13491523 0.01452009
 0.0142121  0.0169358  0.01179175 0.01427889 0.17615283 0.0142362
 0.09762873 0.00819624 0.0868501  0.00840319 0.1179591  0.01054791
 0.00762246 0.0098992  0.01243135 0.01589962 0.01309639 0.01477344
 0.12553518 0.01248171 0.16967429 0.02795537 0.01706877 0.01891488
 0.35688055 0.03196035]
   train loss_E                   = +0.1082 (15.5%)
   train loss_Mag                 = +0.1797 (25.8%)
   train loss_Dir                 = +0.4086 (58.7%)
train loss :  0.6965447664260864
learning rate :  [0.0002991785582104726, 0.0002967232327300342, 0.00029266092461845833, 0.000287036141373508, 0.0002799105092974766, 0.0002713620983065234, 0.0002614845665803353, 0.0002503861344235108, 0.00023818839858125637, 0.000225025, 0.0002110401596292163, 0.0001963870983065234, 0.000181226358038123, 0.00016572404306698467, 0.00015005000000000002, 0.0001343759569330154, 0.00011887364196187702, 0.00010371290169347665, 8.905984037078379e-05, 7.507500000000004e-05, 6.191160141874367e-05, 4.9713865576489265e-05, 3.861543341966472e-05, 2.873790169347665e-05, 2.0189490702523417e-05]
   loss_E                   = +0.4955 (20.5%)
   loss_Mag                 = +0.5514 (22.8%)
   loss_Dir                 = +1.3746 (56.8%)
Returning 2.4215047359466553
Training epoch 25
[0.44868955 0.06289772 1.13260676 0.07043522 0.48132512 0.03324097
 0.36309474 0.04517964 0.22953166 0.02114626 0.25063133 0.02751308
 0.03146557 0.03703065 0.02602688 0.02838702 0.33516167 0.0222152
 0.22459409 0.02633971 0.14586329 0.01382713 0.16543595 0.01906992
 0.02057653 0.02510122 0.01618101 0.01906635 0.34699407 0.02590612
 0.15148647 0.01639748 0.11560472 0.01129025 0.13613443 0.0147931
 0.01435087 0.01735913 0.0115989  0.01440793 0.18542541 0.01464795
 0.09572005 0.00819038 0.08425946 0.00827101 0.11435214 0.01080403
 0.00751921 0.00987904 0.01170642 0.01595504 0.01250444 0.01410249
 0.11932441 0.01181898 0.15774685 0.0258647  0.01618368 0.01961737
 0.34115399 0.03314185]
   train loss_E                   = +0.1075 (15.5%)
   train loss_Mag                 = +0.1783 (25.7%)
   train loss_Dir                 = +0.4090 (58.9%)
train loss :  0.6947625875473022
learning rate :  [0.0002991785582104726, 0.0002967232327300342, 0.00029266092461845833, 0.000287036141373508, 0.0002799105092974766, 0.0002713620983065234, 0.0002614845665803353, 0.0002503861344235108, 0.00023818839858125637, 0.000225025, 0.0002110401596292163, 0.0001963870983065234, 0.000181226358038123, 0.00016572404306698467, 0.00015005000000000002, 0.0001343759569330154, 0.00011887364196187702, 0.00010371290169347665, 8.905984037078379e-05, 7.507500000000004e-05, 6.191160141874367e-05, 4.9713865576489265e-05, 3.861543341966472e-05, 2.873790169347665e-05, 2.0189490702523417e-05, 1.3063858626491986e-05]
   loss_E                   = +0.4973 (20.8%)
   loss_Mag                 = +0.5490 (22.9%)
   loss_Dir                 = +1.3473 (56.3%)
Returning 2.393551826477051
Training epoch 26
[0.45878763 0.06152778 1.16802419 0.06844373 0.48359313 0.03312637
 0.35495049 0.04389233 0.24243311 0.02211888 0.25529952 0.02743813
 0.03221142 0.03800792 0.02527003 0.02771558 0.35186631 0.02362857
 0.22859547 0.02651188 0.14998007 0.01390075 0.16088867 0.01825747
 0.02097153 0.02524794 0.01533601 0.01792994 0.34977957 0.0259815
 0.14304438 0.01499533 0.10805029 0.01037857 0.12454972 0.01321279
 0.01334237 0.01594761 0.01048271 0.01274906 0.17763694 0.01380216
 0.08721247 0.00743822 0.07718329 0.00719304 0.09850701 0.00867666
 0.00694401 0.00874575 0.01020876 0.01262928 0.01051685 0.0114978
 0.10563305 0.01011732 0.13363695 0.02196687 0.01399452 0.01515366
 0.29267107 0.02559526]
   train loss_E                   = +0.1070 (15.4%)
   train loss_Mag                 = +0.1772 (25.5%)
   train loss_Dir                 = +0.4093 (59.0%)
train loss :  0.6935226917266846
learning rate :  [0.0002991785582104726, 0.0002967232327300342, 0.00029266092461845833, 0.000287036141373508, 0.0002799105092974766, 0.0002713620983065234, 0.0002614845665803353, 0.0002503861344235108, 0.00023818839858125637, 0.000225025, 0.0002110401596292163, 0.0001963870983065234, 0.000181226358038123, 0.00016572404306698467, 0.00015005000000000002, 0.0001343759569330154, 0.00011887364196187702, 0.00010371290169347665, 8.905984037078379e-05, 7.507500000000004e-05, 6.191160141874367e-05, 4.9713865576489265e-05, 3.861543341966472e-05, 2.873790169347665e-05, 2.0189490702523417e-05, 1.3063858626491986e-05, 7.439075381541728e-06]
   loss_E                   = +0.4986 (20.8%)
   loss_Mag                 = +0.5469 (22.8%)
   loss_Dir                 = +1.3505 (56.4%)
Returning 2.3959197998046875
Training epoch 27
[0.4023425  0.05280816 1.02496467 0.05909638 0.42636366 0.02897104
 0.31245097 0.038216   0.22047406 0.01959027 0.22609878 0.02330101
 0.02916352 0.0330394  0.0224253  0.02358748 0.31074754 0.02041477
 0.20266622 0.02289448 0.13812592 0.01241733 0.14426405 0.01563639
 0.01917359 0.02183952 0.01399349 0.01528546 0.30998931 0.02215689
 0.13246106 0.01318146 0.10066253 0.00913684 0.11268262 0.01117794
 0.01248533 0.01399104 0.00958366 0.01060558 0.16851168 0.01246209
 0.07709489 0.00649725 0.0709785  0.00651436 0.08676114 0.00741099
 0.00634953 0.00751066 0.00887074 0.01042173 0.00919705 0.00972755
 0.09511197 0.0089222  0.11881131 0.0187588  0.01204886 0.01237425
 0.24937813 0.02089736]
   train loss_E                   = +0.1069 (15.4%)
   train loss_Mag                 = +0.1766 (25.5%)
   train loss_Dir                 = +0.4090 (59.1%)
train loss :  0.6924688816070557
learning rate :  [0.0002991785582104726, 0.0002967232327300342, 0.00029266092461845833, 0.000287036141373508, 0.0002799105092974766, 0.0002713620983065234, 0.0002614845665803353, 0.0002503861344235108, 0.00023818839858125637, 0.000225025, 0.0002110401596292163, 0.0001963870983065234, 0.000181226358038123, 0.00016572404306698467, 0.00015005000000000002, 0.0001343759569330154, 0.00011887364196187702, 0.00010371290169347665, 8.905984037078379e-05, 7.507500000000004e-05, 6.191160141874367e-05, 4.9713865576489265e-05, 3.861543341966472e-05, 2.873790169347665e-05, 2.0189490702523417e-05, 1.3063858626491986e-05, 7.439075381541728e-06, 3.376767269965837e-06]
   loss_E                   = +0.4990 (20.6%)
   loss_Mag                 = +0.5462 (22.5%)
   loss_Dir                 = +1.3824 (56.9%)
Returning 2.4276604652404785
Training epoch 28
[0.4010388  0.05313224 1.01541566 0.05836901 0.43680119 0.0301155
 0.306821   0.03759517 0.2183652  0.0195041  0.2260261  0.02343165
 0.02898064 0.03271661 0.02257148 0.02351712 0.31514604 0.0206552
 0.20359201 0.02309495 0.13806042 0.01248069 0.14293989 0.01561111
 0.01917488 0.02195538 0.01379085 0.0150902  0.30984442 0.02214952
 0.13225674 0.01330145 0.09782318 0.00893784 0.10980835 0.01089787
 0.01238061 0.01421212 0.00907009 0.01021376 0.17035016 0.01296986
 0.07188092 0.00614297 0.06655908 0.00591678 0.07622702 0.00630498
 0.00607511 0.00693483 0.0077569  0.00850793 0.00810891 0.00824421
 0.0881501  0.00812625 0.10916469 0.01752901 0.01046515 0.01019142
 0.21699849 0.01720953]
   train loss_E                   = +0.1068 (15.4%)
   train loss_Mag                 = +0.1768 (25.5%)
   train loss_Dir                 = +0.4083 (59.0%)
train loss :  0.6918123960494995
learning rate :  [0.0002991785582104726, 0.0002967232327300342, 0.00029266092461845833, 0.000287036141373508, 0.0002799105092974766, 0.0002713620983065234, 0.0002614845665803353, 0.0002503861344235108, 0.00023818839858125637, 0.000225025, 0.0002110401596292163, 0.0001963870983065234, 0.000181226358038123, 0.00016572404306698467, 0.00015005000000000002, 0.0001343759569330154, 0.00011887364196187702, 0.00010371290169347665, 8.905984037078379e-05, 7.507500000000004e-05, 6.191160141874367e-05, 4.9713865576489265e-05, 3.861543341966472e-05, 2.873790169347665e-05, 2.0189490702523417e-05, 1.3063858626491986e-05, 7.439075381541728e-06, 3.376767269965837e-06, 9.214417895274203e-07]
   loss_E                   = +0.4985 (20.6%)
   loss_Mag                 = +0.5467 (22.6%)
   loss_Dir                 = +1.3759 (56.8%)
Returning 2.421135425567627
Training epoch 29
[0.38631511 0.05010742 0.97294298 0.05548807 0.40705208 0.02770885
 0.29305034 0.03587816 0.20947401 0.01870913 0.21544307 0.02222647
 0.02729267 0.03129452 0.02126987 0.02238409 0.30449793 0.02003697
 0.19639734 0.02220891 0.13304799 0.01197    0.13701307 0.014722
 0.01844728 0.02117256 0.01310216 0.01429706 0.30034119 0.02131497
 0.12371916 0.01207888 0.09189747 0.00831852 0.10152269 0.00997239
 0.01168807 0.01296159 0.00857118 0.00941082 0.15954865 0.01201115
 0.06966112 0.00590494 0.06394459 0.00560495 0.07248792 0.00599494
 0.00591904 0.00657322 0.00728085 0.00779193 0.00750137 0.00782305
 0.08515308 0.0078193  0.10321962 0.01668371 0.00977084 0.00912182
 0.20209166 0.01540304]
   train loss_E                   = +0.1068 (15.4%)
   train loss_Mag                 = +0.1768 (25.6%)
   train loss_Dir                 = +0.4079 (59.0%)
train loss :  0.6914687156677246
learning rate :  [0.0002991785582104726, 0.0002967232327300342, 0.00029266092461845833, 0.000287036141373508, 0.0002799105092974766, 0.0002713620983065234, 0.0002614845665803353, 0.0002503861344235108, 0.00023818839858125637, 0.000225025, 0.0002110401596292163, 0.0001963870983065234, 0.000181226358038123, 0.00016572404306698467, 0.00015005000000000002, 0.0001343759569330154, 0.00011887364196187702, 0.00010371290169347665, 8.905984037078379e-05, 7.507500000000004e-05, 6.191160141874367e-05, 4.9713865576489265e-05, 3.861543341966472e-05, 2.873790169347665e-05, 2.0189490702523417e-05, 1.3063858626491986e-05, 7.439075381541728e-06, 3.376767269965837e-06, 9.214417895274203e-07, 1e-07]
   loss_E                   = +0.4983 (20.6%)
   loss_Mag                 = +0.5469 (22.6%)
   loss_Dir                 = +1.3729 (56.8%)
Returning 2.4180781841278076
Training epoch 30
[0.8657386  0.13899262 2.20585052 0.15382636 0.79477627 0.05749338
 0.75648883 0.09918695 0.39996285 0.0397023  0.46756724 0.05602324
 0.05860448 0.07466647 0.05319877 0.06026395 0.49852673 0.0344585
 0.40811814 0.04975893 0.24392949 0.02565126 0.33094753 0.04092397
 0.03547057 0.04845493 0.03507802 0.04376529 0.53236763 0.04326814
 0.30386699 0.03734028 0.26151092 0.02805338 0.31972725 0.03855617
 0.02981566 0.03916725 0.02967451 0.04000153 0.27922107 0.02308754
 0.24927324 0.01824989 0.22918091 0.02489666 0.38066478 0.03708452
 0.01825717 0.02654701 0.04227685 0.05995513 0.04392655 0.05218799
 0.36911407 0.037417   0.50777332 0.07656573 0.05771757 0.0756219
 1.23825042 0.12819078]
   train loss_E                   = +0.1231 (16.4%)
   train loss_Mag                 = +0.1924 (25.7%)
   train loss_Dir                 = +0.4336 (57.9%)
train loss :  0.7490949630737305
learning rate :  [0.0002991785582104726, 0.0002967232327300342, 0.00029266092461845833, 0.000287036141373508, 0.0002799105092974766, 0.0002713620983065234, 0.0002614845665803353, 0.0002503861344235108, 0.00023818839858125637, 0.000225025, 0.0002110401596292163, 0.0001963870983065234, 0.000181226358038123, 0.00016572404306698467, 0.00015005000000000002, 0.0001343759569330154, 0.00011887364196187702, 0.00010371290169347665, 8.905984037078379e-05, 7.507500000000004e-05, 6.191160141874367e-05, 4.9713865576489265e-05, 3.861543341966472e-05, 2.873790169347665e-05, 2.0189490702523417e-05, 1.3063858626491986e-05, 7.439075381541728e-06, 3.376767269965837e-06, 9.214417895274203e-07, 1e-07, 0.0002993210147898341]
   loss_E                   = +0.4932 (22.8%)
   loss_Mag                 = +0.5513 (25.5%)
   loss_Dir                 = +1.1209 (51.8%)
Returning 2.165329933166504
Training epoch 31
[0.91556686 0.15298698 2.23877621 0.16026035 0.79690655 0.05700266
 0.77383579 0.1053071  0.3832595  0.03934297 0.43730891 0.05596602
 0.05692265 0.07718348 0.05103199 0.06021651 0.47014321 0.03175974
 0.37874015 0.04774339 0.2206816  0.02406234 0.31493345 0.0414174
 0.03198845 0.04709898 0.03334495 0.04481175 0.43508963 0.03446859
 0.28667619 0.03846694 0.25097638 0.02829343 0.30441668 0.04103111
 0.02824132 0.03994713 0.02935063 0.04365724 0.25012774 0.02042542
 0.23101715 0.01718754 0.22629713 0.02574017 0.39342952 0.04100398
 0.0168993  0.02597631 0.04447642 0.06942902 0.0463683  0.05799314
 0.38206219 0.03878115 0.48840359 0.07178638 0.06150882 0.08819073
 1.34836309 0.15066993]
   train loss_E                   = +0.1228 (16.6%)
   train loss_Mag                 = +0.1946 (26.3%)
   train loss_Dir                 = +0.4231 (57.1%)
train loss :  0.7404730319976807
learning rate :  [0.0002991785582104726, 0.0002967232327300342, 0.00029266092461845833, 0.000287036141373508, 0.0002799105092974766, 0.0002713620983065234, 0.0002614845665803353, 0.0002503861344235108, 0.00023818839858125637, 0.000225025, 0.0002110401596292163, 0.0001963870983065234, 0.000181226358038123, 0.00016572404306698467, 0.00015005000000000002, 0.0001343759569330154, 0.00011887364196187702, 0.00010371290169347665, 8.905984037078379e-05, 7.507500000000004e-05, 6.191160141874367e-05, 4.9713865576489265e-05, 3.861543341966472e-05, 2.873790169347665e-05, 2.0189490702523417e-05, 1.3063858626491986e-05, 7.439075381541728e-06, 3.376767269965837e-06, 9.214417895274203e-07, 1e-07, 0.0002993210147898341, 0.0002972902081545429]
   loss_E                   = +0.4817 (18.3%)
   loss_Mag                 = +0.5562 (21.1%)
   loss_Dir                 = +1.5966 (60.6%)
Returning 2.6346335411071777
Training epoch 32
[0.80714599 0.1297041  1.94474294 0.13526199 0.70650378 0.05168099
 0.65818676 0.09001248 0.34068039 0.03408264 0.36902696 0.04668982
 0.05105281 0.06584867 0.04458499 0.05062143 0.4482975  0.02983786
 0.33209226 0.04112305 0.19362156 0.02091227 0.25681098 0.03379581
 0.02883719 0.0404061  0.02792416 0.03672791 0.41050335 0.03353903
 0.22696047 0.02922523 0.20135777 0.02236323 0.23487932 0.03201784
 0.02281094 0.03138968 0.0244245  0.03501719 0.21995357 0.01882461
 0.17915699 0.01426336 0.1784894  0.01992494 0.29199948 0.030757
 0.0138829  0.02083249 0.03419921 0.05359991 0.03383869 0.04200449
 0.29882859 0.0306045  0.37981515 0.06193722 0.05133573 0.07207973
 1.13591041 0.12419205]
   train loss_E                   = +0.1190 (16.1%)
   train loss_Mag                 = +0.1975 (26.7%)
   train loss_Dir                 = +0.4224 (57.2%)
train loss :  0.7388855814933777
learning rate :  [0.0002991785582104726, 0.0002967232327300342, 0.00029266092461845833, 0.000287036141373508, 0.0002799105092974766, 0.0002713620983065234, 0.0002614845665803353, 0.0002503861344235108, 0.00023818839858125637, 0.000225025, 0.0002110401596292163, 0.0001963870983065234, 0.000181226358038123, 0.00016572404306698467, 0.00015005000000000002, 0.0001343759569330154, 0.00011887364196187702, 0.00010371290169347665, 8.905984037078379e-05, 7.507500000000004e-05, 6.191160141874367e-05, 4.9713865576489265e-05, 3.861543341966472e-05, 2.873790169347665e-05, 2.0189490702523417e-05, 1.3063858626491986e-05, 7.439075381541728e-06, 3.376767269965837e-06, 9.214417895274203e-07, 1e-07, 0.0002993210147898341, 0.0002972902081545429, 0.0002939259713934939]
   loss_E                   = +0.4837 (20.9%)
   loss_Mag                 = +0.5682 (24.5%)
   loss_Dir                 = +1.2677 (54.7%)
Returning 2.319591522216797
Training epoch 33
[0.72390209 0.10899933 1.73129801 0.11314733 0.6803516  0.04788057
 0.53584743 0.07282495 0.32059641 0.03111316 0.34591863 0.04207785
 0.04760062 0.05658937 0.04163452 0.04576427 0.44113763 0.02998379
 0.30582339 0.03843758 0.20078276 0.02048902 0.24398066 0.03147616
 0.03045614 0.03820603 0.02751774 0.03367712 0.43524321 0.03361516
 0.22593149 0.02938857 0.20024765 0.02044057 0.22390819 0.02775242
 0.02517037 0.03087077 0.02324557 0.02997697 0.26811176 0.02245457
 0.16660906 0.01329399 0.15881607 0.01660989 0.25572707 0.02395514
 0.01287748 0.01841641 0.02970645 0.0416619  0.03194317 0.03816865
 0.28128803 0.02857314 0.40225323 0.06437275 0.04186042 0.05120719
 0.90356573 0.08836356]
   train loss_E                   = +0.1214 (16.4%)
   train loss_Mag                 = +0.1864 (25.2%)
   train loss_Dir                 = +0.4329 (58.4%)
train loss :  0.740687370300293
learning rate :  [0.0002991785582104726, 0.0002967232327300342, 0.00029266092461845833, 0.000287036141373508, 0.0002799105092974766, 0.0002713620983065234, 0.0002614845665803353, 0.0002503861344235108, 0.00023818839858125637, 0.000225025, 0.0002110401596292163, 0.0001963870983065234, 0.000181226358038123, 0.00016572404306698467, 0.00015005000000000002, 0.0001343759569330154, 0.00011887364196187702, 0.00010371290169347665, 8.905984037078379e-05, 7.507500000000004e-05, 6.191160141874367e-05, 4.9713865576489265e-05, 3.861543341966472e-05, 2.873790169347665e-05, 2.0189490702523417e-05, 1.3063858626491986e-05, 7.439075381541728e-06, 3.376767269965837e-06, 9.214417895274203e-07, 1e-07, 0.0002993210147898341, 0.0002972902081545429, 0.0002939259713934939, 0.0002892587715557601]
   loss_E                   = +0.4938 (20.5%)
   loss_Mag                 = +0.5508 (22.8%)
   loss_Dir                 = +1.3684 (56.7%)
Returning 2.412993907928467
Training epoch 34
[0.77851506 0.12265122 1.82423891 0.12410761 0.68364391 0.04656694
 0.57994009 0.08001992 0.32289946 0.03226677 0.35571932 0.04515325
 0.04776597 0.06136411 0.04333674 0.04933817 0.40667211 0.02799712
 0.31326433 0.03987813 0.19673297 0.02062056 0.25534323 0.03392881
 0.02837336 0.03942086 0.02796635 0.03703888 0.40331675 0.03125634
 0.23248295 0.03230828 0.21507668 0.02340719 0.24166019 0.03286352
 0.02486017 0.03323186 0.02552824 0.03571358 0.23020782 0.01866174
 0.17583232 0.01290724 0.17994606 0.01982279 0.30633331 0.03140475
 0.0134582  0.02015559 0.03596922 0.05702764 0.03785806 0.04732508
 0.30815797 0.0308128  0.40025128 0.05886766 0.05084577 0.07192106
 1.12495118 0.1239618 ]
   train loss_E                   = +0.1151 (16.1%)
   train loss_Mag                 = +0.1832 (25.5%)
   train loss_Dir                 = +0.4187 (58.4%)
train loss :  0.7170078754425049
learning rate :  [0.0002991785582104726, 0.0002967232327300342, 0.00029266092461845833, 0.000287036141373508, 0.0002799105092974766, 0.0002713620983065234, 0.0002614845665803353, 0.0002503861344235108, 0.00023818839858125637, 0.000225025, 0.0002110401596292163, 0.0001963870983065234, 0.000181226358038123, 0.00016572404306698467, 0.00015005000000000002, 0.0001343759569330154, 0.00011887364196187702, 0.00010371290169347665, 8.905984037078379e-05, 7.507500000000004e-05, 6.191160141874367e-05, 4.9713865576489265e-05, 3.861543341966472e-05, 2.873790169347665e-05, 2.0189490702523417e-05, 1.3063858626491986e-05, 7.439075381541728e-06, 3.376767269965837e-06, 9.214417895274203e-07, 1e-07, 0.0002993210147898341, 0.0002972902081545429, 0.0002939259713934939, 0.0002892587715557601, 0.0002833308755258058]
   loss_E                   = +0.4997 (22.3%)
   loss_Mag                 = +0.5521 (24.7%)
   loss_Dir                 = +1.1853 (53.0%)
Returning 2.237051248550415
Training epoch 35
[0.80351947 0.12109273 1.89535295 0.12427428 0.68208589 0.04686402
 0.57905664 0.07914471 0.3452709  0.03389557 0.38229675 0.04665861
 0.04991757 0.06355138 0.04586701 0.0504559  0.4591323  0.03059269
 0.33395499 0.04279049 0.21487022 0.02206868 0.2660241  0.03489982
 0.03191385 0.04229179 0.02965643 0.03775531 0.44770028 0.03423952
 0.24235493 0.03312712 0.22189846 0.02343814 0.2499709  0.03230223
 0.02671489 0.03444904 0.02650615 0.03536667 0.25760203 0.0211765
 0.17329685 0.01334992 0.17488516 0.0189457  0.29333952 0.02933088
 0.01356727 0.0203584  0.03553834 0.05454115 0.03839704 0.04633872
 0.30385017 0.03047116 0.41233778 0.06155122 0.04989681 0.06808856
 1.1076026  0.11745682]
   train loss_E                   = +0.1154 (16.1%)
   train loss_Mag                 = +0.1799 (25.0%)
   train loss_Dir                 = +0.4233 (58.9%)
train loss :  0.7185593843460083
learning rate :  [0.0002991785582104726, 0.0002967232327300342, 0.00029266092461845833, 0.000287036141373508, 0.0002799105092974766, 0.0002713620983065234, 0.0002614845665803353, 0.0002503861344235108, 0.00023818839858125637, 0.000225025, 0.0002110401596292163, 0.0001963870983065234, 0.000181226358038123, 0.00016572404306698467, 0.00015005000000000002, 0.0001343759569330154, 0.00011887364196187702, 0.00010371290169347665, 8.905984037078379e-05, 7.507500000000004e-05, 6.191160141874367e-05, 4.9713865576489265e-05, 3.861543341966472e-05, 2.873790169347665e-05, 2.0189490702523417e-05, 1.3063858626491986e-05, 7.439075381541728e-06, 3.376767269965837e-06, 9.214417895274203e-07, 1e-07, 0.0002993210147898341, 0.0002972902081545429, 0.0002939259713934939, 0.0002892587715557601, 0.0002833308755258058, 0.00027619596724803565]
   loss_E                   = +0.5135 (22.1%)
   loss_Mag                 = +0.5317 (22.9%)
   loss_Dir                 = +1.2744 (54.9%)
Returning 2.3196001052856445
Training epoch 36
[0.85208352 0.13267731 2.00258284 0.13612976 0.7109246  0.05030906
 0.62705378 0.08895238 0.35428872 0.03559178 0.38638871 0.04880349
 0.05140054 0.06828921 0.04626095 0.05363761 0.47768493 0.03188397
 0.34321311 0.04274091 0.21468352 0.02270268 0.27018995 0.03628736
 0.03116245 0.04296394 0.03073537 0.04009462 0.44188314 0.03492809
 0.24667886 0.03430747 0.23456374 0.02507545 0.25738493 0.03458619
 0.02714998 0.03593833 0.02753879 0.03790247 0.2665733  0.02183462
 0.18960378 0.01457522 0.19590465 0.02113018 0.32347004 0.03174558
 0.0146357  0.02201005 0.03888    0.05854809 0.03923765 0.04821835
 0.31508187 0.03132419 0.40723979 0.06229897 0.05599879 0.07484339
 1.25699832 0.12929604]
   train loss_E                   = +0.1191 (16.4%)
   train loss_Mag                 = +0.1882 (25.9%)
   train loss_Dir                 = +0.4202 (57.8%)
train loss :  0.7274200916290283
learning rate :  [0.0002991785582104726, 0.0002967232327300342, 0.00029266092461845833, 0.000287036141373508, 0.0002799105092974766, 0.0002713620983065234, 0.0002614845665803353, 0.0002503861344235108, 0.00023818839858125637, 0.000225025, 0.0002110401596292163, 0.0001963870983065234, 0.000181226358038123, 0.00016572404306698467, 0.00015005000000000002, 0.0001343759569330154, 0.00011887364196187702, 0.00010371290169347665, 8.905984037078379e-05, 7.507500000000004e-05, 6.191160141874367e-05, 4.9713865576489265e-05, 3.861543341966472e-05, 2.873790169347665e-05, 2.0189490702523417e-05, 1.3063858626491986e-05, 7.439075381541728e-06, 3.376767269965837e-06, 9.214417895274203e-07, 1e-07, 0.0002993210147898341, 0.0002972902081545429, 0.0002939259713934939, 0.0002892587715557601, 0.0002833308755258058, 0.00027619596724803565, 0.00026791866155668104]
   loss_E                   = +0.5084 (20.1%)
   loss_Mag                 = +0.5327 (21.1%)
   loss_Dir                 = +1.4890 (58.9%)
Returning 2.530090093612671
Training epoch 37
[0.77562847 0.11359142 1.7855619  0.11358113 0.68212638 0.04702097
 0.51214243 0.07174258 0.32858218 0.03203354 0.36193625 0.04367888
 0.04708498 0.05887658 0.04329437 0.04796179 0.46710876 0.03159196
 0.31143989 0.04159914 0.21600553 0.02171092 0.25487347 0.03329711
 0.03199743 0.04085381 0.02897033 0.03580076 0.47843764 0.03564471
 0.24148017 0.03295969 0.21748137 0.02237431 0.23498421 0.03044205
 0.02681677 0.03402296 0.024742   0.03287957 0.27727298 0.02331288
 0.1619651  0.01250541 0.16074275 0.01692846 0.27218802 0.02578412
 0.012672   0.01853169 0.0328699  0.04833203 0.03573614 0.04384244
 0.28127071 0.02794635 0.38765908 0.05511877 0.04317281 0.05643439
 0.95650351 0.09735994]
   train loss_E                   = +0.1172 (16.4%)
   train loss_Mag                 = +0.1772 (24.8%)
   train loss_Dir                 = +0.4189 (58.7%)
train loss :  0.7132735848426819
learning rate :  [0.0002991785582104726, 0.0002967232327300342, 0.00029266092461845833, 0.000287036141373508, 0.0002799105092974766, 0.0002713620983065234, 0.0002614845665803353, 0.0002503861344235108, 0.00023818839858125637, 0.000225025, 0.0002110401596292163, 0.0001963870983065234, 0.000181226358038123, 0.00016572404306698467, 0.00015005000000000002, 0.0001343759569330154, 0.00011887364196187702, 0.00010371290169347665, 8.905984037078379e-05, 7.507500000000004e-05, 6.191160141874367e-05, 4.9713865576489265e-05, 3.861543341966472e-05, 2.873790169347665e-05, 2.0189490702523417e-05, 1.3063858626491986e-05, 7.439075381541728e-06, 3.376767269965837e-06, 9.214417895274203e-07, 1e-07, 0.0002993210147898341, 0.0002972902081545429, 0.0002939259713934939, 0.0002892587715557601, 0.0002833308755258058, 0.00027619596724803565, 0.00026791866155668104, 0.0002585739190138553]
   loss_E                   = +0.4870 (20.9%)
   loss_Mag                 = +0.5548 (23.8%)
   loss_Dir                 = +1.2894 (55.3%)
Returning 2.331106185913086
Training epoch 38
[0.76611141 0.12119554 1.80695289 0.12462941 0.63586841 0.0458716
 0.55813993 0.08018974 0.32406915 0.03241759 0.35344051 0.04464599
 0.04669108 0.06122812 0.04381302 0.04963232 0.42111727 0.02794941
 0.29938457 0.03876693 0.19455108 0.02020509 0.2511046  0.03350776
 0.02847887 0.03846618 0.02899728 0.03749973 0.400859   0.03011193
 0.22376555 0.03239617 0.21716098 0.02355902 0.24198549 0.03335686
 0.02549132 0.03331672 0.02612886 0.03681104 0.22551518 0.01847731
 0.17794329 0.01275606 0.18664206 0.0201141  0.31982307 0.03145394
 0.01366595 0.02056031 0.03821009 0.05970961 0.0383961  0.04934319
 0.30267705 0.03003494 0.38726496 0.0567617  0.05287001 0.07407796
 1.1833723  0.12764536]
   train loss_E                   = +0.1151 (16.2%)
   train loss_Mag                 = +0.1809 (25.5%)
   train loss_Dir                 = +0.4141 (58.3%)
train loss :  0.7101266384124756
learning rate :  [0.0002991785582104726, 0.0002967232327300342, 0.00029266092461845833, 0.000287036141373508, 0.0002799105092974766, 0.0002713620983065234, 0.0002614845665803353, 0.0002503861344235108, 0.00023818839858125637, 0.000225025, 0.0002110401596292163, 0.0001963870983065234, 0.000181226358038123, 0.00016572404306698467, 0.00015005000000000002, 0.0001343759569330154, 0.00011887364196187702, 0.00010371290169347665, 8.905984037078379e-05, 7.507500000000004e-05, 6.191160141874367e-05, 4.9713865576489265e-05, 3.861543341966472e-05, 2.873790169347665e-05, 2.0189490702523417e-05, 1.3063858626491986e-05, 7.439075381541728e-06, 3.376767269965837e-06, 9.214417895274203e-07, 1e-07, 0.0002993210147898341, 0.0002972902081545429, 0.0002939259713934939, 0.0002892587715557601, 0.0002833308755258058, 0.00027619596724803565, 0.00026791866155668104, 0.0002585739190138553, 0.00024824636705509555]
   loss_E                   = +0.5049 (20.8%)
   loss_Mag                 = +0.5360 (22.1%)
   loss_Dir                 = +1.3874 (57.1%)
Returning 2.428314208984375
Training epoch 39
[0.82524755 0.12990008 1.90990723 0.12908464 0.67145288 0.04775053
 0.57001649 0.08271514 0.34570626 0.0345343  0.36636742 0.04746329
 0.04903754 0.06539373 0.04387054 0.05156822 0.45751322 0.03023561
 0.31656752 0.04229212 0.20795903 0.02183299 0.25965318 0.03563273
 0.02963289 0.04162976 0.02889062 0.0392926  0.4256789  0.03261218
 0.23545933 0.03424193 0.2231411  0.02439528 0.24693923 0.03466241
 0.02601286 0.03560086 0.02649936 0.03815102 0.25065007 0.02055159
 0.17304992 0.0132486  0.17879906 0.01978613 0.30307907 0.03175591
 0.01297638 0.02096131 0.03663802 0.05982584 0.03759569 0.0486646
 0.29090091 0.02939087 0.37173225 0.05667343 0.05084323 0.07450799
 1.14681672 0.12834226]
   train loss_E                   = +0.1138 (16.2%)
   train loss_Mag                 = +0.1791 (25.5%)
   train loss_Dir                 = +0.4092 (58.3%)
train loss :  0.7020615339279175
learning rate :  [0.0002991785582104726, 0.0002967232327300342, 0.00029266092461845833, 0.000287036141373508, 0.0002799105092974766, 0.0002713620983065234, 0.0002614845665803353, 0.0002503861344235108, 0.00023818839858125637, 0.000225025, 0.0002110401596292163, 0.0001963870983065234, 0.000181226358038123, 0.00016572404306698467, 0.00015005000000000002, 0.0001343759569330154, 0.00011887364196187702, 0.00010371290169347665, 8.905984037078379e-05, 7.507500000000004e-05, 6.191160141874367e-05, 4.9713865576489265e-05, 3.861543341966472e-05, 2.873790169347665e-05, 2.0189490702523417e-05, 1.3063858626491986e-05, 7.439075381541728e-06, 3.376767269965837e-06, 9.214417895274203e-07, 1e-07, 0.0002993210147898341, 0.0002972902081545429, 0.0002939259713934939, 0.0002892587715557601, 0.0002833308755258058, 0.00027619596724803565, 0.00026791866155668104, 0.0002585739190138553, 0.00024824636705509555, 0.0002370295335902012]
   loss_E                   = +0.5018 (19.7%)
   loss_Mag                 = +0.5338 (21.0%)
   loss_Dir                 = +1.5098 (59.3%)
Returning 2.545383930206299
Training epoch 40
[0.87498609 0.13254886 1.96107315 0.12852114 0.73140158 0.05095429
 0.57159024 0.08253357 0.3516131  0.03477285 0.38065963 0.04778886
 0.05092106 0.06641609 0.04581475 0.05188429 0.47874373 0.03174716
 0.3340096  0.04385328 0.21858673 0.02237443 0.26425055 0.035496
 0.03175576 0.04326582 0.02952987 0.03887728 0.44485424 0.03364093
 0.24172011 0.03458164 0.23050623 0.02490032 0.25305174 0.03434258
 0.02728812 0.03624853 0.02709353 0.03795906 0.26546303 0.02164679
 0.17263128 0.01294364 0.18110234 0.01968346 0.31190958 0.03058105
 0.01339901 0.02049891 0.0382829  0.05858574 0.04026581 0.05124913
 0.31110321 0.03109265 0.40917203 0.06002982 0.05046975 0.07052938
 1.13676869 0.12150276]
   train loss_E                   = +0.1133 (16.1%)
   train loss_Mag                 = +0.1766 (25.1%)
   train loss_Dir                 = +0.4125 (58.7%)
train loss :  0.7024680972099304
learning rate :  [0.0002991785582104726, 0.0002967232327300342, 0.00029266092461845833, 0.000287036141373508, 0.0002799105092974766, 0.0002713620983065234, 0.0002614845665803353, 0.0002503861344235108, 0.00023818839858125637, 0.000225025, 0.0002110401596292163, 0.0001963870983065234, 0.000181226358038123, 0.00016572404306698467, 0.00015005000000000002, 0.0001343759569330154, 0.00011887364196187702, 0.00010371290169347665, 8.905984037078379e-05, 7.507500000000004e-05, 6.191160141874367e-05, 4.9713865576489265e-05, 3.861543341966472e-05, 2.873790169347665e-05, 2.0189490702523417e-05, 1.3063858626491986e-05, 7.439075381541728e-06, 3.376767269965837e-06, 9.214417895274203e-07, 1e-07, 0.0002993210147898341, 0.0002972902081545429, 0.0002939259713934939, 0.0002892587715557601, 0.0002833308755258058, 0.00027619596724803565, 0.00026791866155668104, 0.0002585739190138553, 0.00024824636705509555, 0.0002370295335902012, 0.000225025]
   loss_E                   = +0.5178 (21.2%)
   loss_Mag                 = +0.5296 (21.7%)
   loss_Dir                 = +1.3975 (57.2%)
Returning 2.444901943206787
Training epoch 41
[0.89314005 0.12076388 1.9828992  0.11790794 0.7586862  0.04949336
 0.54081208 0.07427198 0.38095295 0.03633051 0.40260566 0.04622461
 0.0540305  0.06527294 0.04832985 0.05106473 0.57879288 0.03784269
 0.35510286 0.04447362 0.23280167 0.02274257 0.26008747 0.03403309
 0.0353524  0.04403127 0.03007034 0.03620664 0.4805398  0.03628463
 0.2410894  0.03236135 0.22131073 0.02244492 0.23431353 0.02994405
 0.02819422 0.03402261 0.0259476  0.03243418 0.28784033 0.02316256
 0.1604926  0.0125125  0.16016836 0.01678566 0.2650082  0.02489629
 0.01285277 0.01847998 0.03241622 0.04713951 0.03589369 0.04258065
 0.26731467 0.0260122  0.37852372 0.0514278  0.04224264 0.05412875
 0.92914445 0.09310542]
   train loss_E                   = +0.1189 (16.7%)
   train loss_Mag                 = +0.1739 (24.4%)
   train loss_Dir                 = +0.4197 (58.9%)
train loss :  0.7123825550079346
learning rate :  [0.0002991785582104726, 0.0002967232327300342, 0.00029266092461845833, 0.000287036141373508, 0.0002799105092974766, 0.0002713620983065234, 0.0002614845665803353, 0.0002503861344235108, 0.00023818839858125637, 0.000225025, 0.0002110401596292163, 0.0001963870983065234, 0.000181226358038123, 0.00016572404306698467, 0.00015005000000000002, 0.0001343759569330154, 0.00011887364196187702, 0.00010371290169347665, 8.905984037078379e-05, 7.507500000000004e-05, 6.191160141874367e-05, 4.9713865576489265e-05, 3.861543341966472e-05, 2.873790169347665e-05, 2.0189490702523417e-05, 1.3063858626491986e-05, 7.439075381541728e-06, 3.376767269965837e-06, 9.214417895274203e-07, 1e-07, 0.0002993210147898341, 0.0002972902081545429, 0.0002939259713934939, 0.0002892587715557601, 0.0002833308755258058, 0.00027619596724803565, 0.00026791866155668104, 0.0002585739190138553, 0.00024824636705509555, 0.0002370295335902012, 0.000225025, 0.0002123414811996329]
   loss_E                   = +0.4933 (19.9%)
   loss_Mag                 = +0.5416 (21.9%)
   loss_Dir                 = +1.4395 (58.2%)
Returning 2.4743924140930176
Training epoch 42
[0.68251069 0.09951887 1.52234695 0.09728321 0.63056287 0.04435506
 0.43027763 0.06264679 0.29619826 0.02845568 0.30592029 0.03641067
 0.04098584 0.05000709 0.03590116 0.04025842 0.43213355 0.02775033
 0.26623925 0.03476176 0.18864253 0.01876323 0.20540961 0.02705745
 0.02680707 0.03362243 0.02359003 0.02937851 0.39433713 0.02925079
 0.19774199 0.02600991 0.17909036 0.01812019 0.18802362 0.02424504
 0.02260533 0.02756324 0.02057195 0.02680516 0.26997232 0.02280521
 0.13218134 0.01086405 0.13065143 0.013388   0.20936053 0.01960009
 0.01080869 0.01555044 0.02485188 0.0360725  0.02559056 0.03269242
 0.21516404 0.02146872 0.28549811 0.0469087  0.03291361 0.04166143
 0.72517089 0.07154384]
   train loss_E                   = +0.1135 (16.1%)
   train loss_Mag                 = +0.1816 (25.8%)
   train loss_Dir                 = +0.4086 (58.1%)
train loss :  0.7036750316619873
learning rate :  [0.0002991785582104726, 0.0002967232327300342, 0.00029266092461845833, 0.000287036141373508, 0.0002799105092974766, 0.0002713620983065234, 0.0002614845665803353, 0.0002503861344235108, 0.00023818839858125637, 0.000225025, 0.0002110401596292163, 0.0001963870983065234, 0.000181226358038123, 0.00016572404306698467, 0.00015005000000000002, 0.0001343759569330154, 0.00011887364196187702, 0.00010371290169347665, 8.905984037078379e-05, 7.507500000000004e-05, 6.191160141874367e-05, 4.9713865576489265e-05, 3.861543341966472e-05, 2.873790169347665e-05, 2.0189490702523417e-05, 1.3063858626491986e-05, 7.439075381541728e-06, 3.376767269965837e-06, 9.214417895274203e-07, 1e-07, 0.0002993210147898341, 0.0002972902081545429, 0.0002939259713934939, 0.0002892587715557601, 0.0002833308755258058, 0.00027619596724803565, 0.00026791866155668104, 0.0002585739190138553, 0.00024824636705509555, 0.0002370295335902012, 0.000225025, 0.0002123414811996329, 0.00019909384109944743]
   loss_E                   = +0.4972 (19.5%)
   loss_Mag                 = +0.5379 (21.1%)
   loss_Dir                 = +1.5140 (59.4%)
Returning 2.5491342544555664
Training epoch 43
[0.92971585 0.13902138 2.10672206 0.13521315 0.73191356 0.0513596
 0.59016917 0.08679761 0.38477691 0.03795466 0.40523079 0.05008379
 0.05432109 0.07220361 0.04792588 0.05484905 0.4726635  0.03148147
 0.3572453  0.04783955 0.23175985 0.02360212 0.27991131 0.03826067
 0.03307082 0.04665366 0.03116711 0.04199584 0.44480358 0.03427449
 0.24732773 0.03618309 0.24388863 0.02634675 0.26319751 0.03732205
 0.02809824 0.03769698 0.02882832 0.04143212 0.28017161 0.02301185
 0.18484323 0.01415059 0.19400329 0.0216124  0.33257211 0.03458363
 0.01410656 0.02247568 0.0398014  0.064811   0.04028702 0.05335867
 0.30382622 0.03065375 0.39559755 0.05943096 0.05502251 0.08054233
 1.23936751 0.13838689]
   train loss_E                   = +0.1131 (16.2%)
   train loss_Mag                 = +0.1759 (25.3%)
   train loss_Dir                 = +0.4072 (58.5%)
train loss :  0.6961416006088257
learning rate :  [0.0002991785582104726, 0.0002967232327300342, 0.00029266092461845833, 0.000287036141373508, 0.0002799105092974766, 0.0002713620983065234, 0.0002614845665803353, 0.0002503861344235108, 0.00023818839858125637, 0.000225025, 0.0002110401596292163, 0.0001963870983065234, 0.000181226358038123, 0.00016572404306698467, 0.00015005000000000002, 0.0001343759569330154, 0.00011887364196187702, 0.00010371290169347665, 8.905984037078379e-05, 7.507500000000004e-05, 6.191160141874367e-05, 4.9713865576489265e-05, 3.861543341966472e-05, 2.873790169347665e-05, 2.0189490702523417e-05, 1.3063858626491986e-05, 7.439075381541728e-06, 3.376767269965837e-06, 9.214417895274203e-07, 1e-07, 0.0002993210147898341, 0.0002972902081545429, 0.0002939259713934939, 0.0002892587715557601, 0.0002833308755258058, 0.00027619596724803565, 0.00026791866155668104, 0.0002585739190138553, 0.00024824636705509555, 0.0002370295335902012, 0.000225025, 0.0002123414811996329, 0.00019909384109944743, 0.00018540205237963864]
   loss_E                   = +0.4914 (19.6%)
   loss_Mag                 = +0.5453 (21.7%)
   loss_Dir                 = +1.4744 (58.7%)
Returning 2.5111374855041504
Training epoch 44
[0.73496328 0.10803012 1.64582205 0.10434679 0.66450306 0.04612221
 0.46249072 0.06692491 0.32241622 0.03111793 0.32860083 0.03945941
 0.04411323 0.05523628 0.03866021 0.04343031 0.4410989  0.02931033
 0.28290538 0.03810019 0.20378989 0.02021344 0.22387177 0.02985012
 0.02893134 0.03673561 0.02556104 0.0320608  0.40398532 0.0305771
 0.20024226 0.02836427 0.19207728 0.01964882 0.19812047 0.02692882
 0.02400863 0.02959027 0.02246967 0.02937531 0.26995472 0.02237964
 0.13798275 0.01084931 0.14249295 0.01500708 0.23468387 0.02249484
 0.01126854 0.01596494 0.02794842 0.04244666 0.02904505 0.03708972
 0.22630324 0.02231013 0.29735145 0.04357976 0.03792792 0.05082646
 0.83716907 0.08727442]
   train loss_E                   = +0.1112 (16.1%)
   train loss_Mag                 = +0.1765 (25.6%)
   train loss_Dir                 = +0.4019 (58.3%)
train loss :  0.6896264553070068
learning rate :  [0.0002991785582104726, 0.0002967232327300342, 0.00029266092461845833, 0.000287036141373508, 0.0002799105092974766, 0.0002713620983065234, 0.0002614845665803353, 0.0002503861344235108, 0.00023818839858125637, 0.000225025, 0.0002110401596292163, 0.0001963870983065234, 0.000181226358038123, 0.00016572404306698467, 0.00015005000000000002, 0.0001343759569330154, 0.00011887364196187702, 0.00010371290169347665, 8.905984037078379e-05, 7.507500000000004e-05, 6.191160141874367e-05, 4.9713865576489265e-05, 3.861543341966472e-05, 2.873790169347665e-05, 2.0189490702523417e-05, 1.3063858626491986e-05, 7.439075381541728e-06, 3.376767269965837e-06, 9.214417895274203e-07, 1e-07, 0.0002993210147898341, 0.0002972902081545429, 0.0002939259713934939, 0.0002892587715557601, 0.0002833308755258058, 0.00027619596724803565, 0.00026791866155668104, 0.0002585739190138553, 0.00024824636705509555, 0.0002370295335902012, 0.000225025, 0.0002123414811996329, 0.00019909384109944743, 0.00018540205237963864, 0.00017139010999907915]
   loss_E                   = +0.4935 (20.0%)
   loss_Mag                 = +0.5467 (22.1%)
   loss_Dir                 = +1.4330 (57.9%)
Returning 2.473299026489258
Training epoch 45
[0.73508498 0.09928521 1.64187832 0.09624047 0.63219974 0.0427431
 0.44472895 0.0630715  0.33124165 0.03113769 0.32794517 0.03619964
 0.04468838 0.05434841 0.03972409 0.03993947 0.45051097 0.0296172
 0.28434801 0.03794099 0.21027037 0.0199114  0.2158434  0.02689677
 0.03146897 0.03681611 0.0254473  0.02862476 0.39709965 0.02892076
 0.20235139 0.02637813 0.18838431 0.01816832 0.19464451 0.02296592
 0.02486392 0.02765071 0.0221835  0.0254376  0.27302165 0.02178371
 0.12801638 0.00966417 0.1309323  0.01307867 0.21175445 0.0183013
 0.01076064 0.01396223 0.02574422 0.03527238 0.0299691  0.03386901
 0.21413957 0.0204913  0.32477516 0.0410873  0.0314857  0.03762122
 0.68549515 0.06445747]
   train loss_E                   = +0.1103 (16.1%)
   train loss_Mag                 = +0.1687 (24.6%)
   train loss_Dir                 = +0.4059 (59.3%)
train loss :  0.6849616169929504
learning rate :  [0.0002991785582104726, 0.0002967232327300342, 0.00029266092461845833, 0.000287036141373508, 0.0002799105092974766, 0.0002713620983065234, 0.0002614845665803353, 0.0002503861344235108, 0.00023818839858125637, 0.000225025, 0.0002110401596292163, 0.0001963870983065234, 0.000181226358038123, 0.00016572404306698467, 0.00015005000000000002, 0.0001343759569330154, 0.00011887364196187702, 0.00010371290169347665, 8.905984037078379e-05, 7.507500000000004e-05, 6.191160141874367e-05, 4.9713865576489265e-05, 3.861543341966472e-05, 2.873790169347665e-05, 2.0189490702523417e-05, 1.3063858626491986e-05, 7.439075381541728e-06, 3.376767269965837e-06, 9.214417895274203e-07, 1e-07, 0.0002993210147898341, 0.0002972902081545429, 0.0002939259713934939, 0.0002892587715557601, 0.0002833308755258058, 0.00027619596724803565, 0.00026791866155668104, 0.0002585739190138553, 0.00024824636705509555, 0.0002370295335902012, 0.000225025, 0.0002123414811996329, 0.00019909384109944743, 0.00018540205237963864, 0.00017139010999907915, 0.0001571849082777702]
   loss_E                   = +0.4959 (18.5%)
   loss_Mag                 = +0.5357 (19.9%)
   loss_Dir                 = +1.6545 (61.6%)
Returning 2.686056613922119
Training epoch 46
[0.85914421 0.10619261 1.83180164 0.098498   0.71339644 0.04651752
 0.45023041 0.06221917 0.36016934 0.03345567 0.36880548 0.03990729
 0.05073562 0.05856685 0.04088797 0.04278297 0.53229012 0.03407881
 0.31791174 0.04039362 0.2297935  0.02167659 0.23219499 0.0294707
 0.03447707 0.03965545 0.02629095 0.03086328 0.46397284 0.03338501
 0.21397237 0.02848701 0.19968776 0.01941259 0.20278839 0.02459242
 0.02574649 0.02993404 0.02213254 0.026764   0.30497483 0.02492214
 0.1286724  0.00978268 0.13319151 0.01326846 0.20876869 0.01821963
 0.01054802 0.01429125 0.02545167 0.03503583 0.02778121 0.03311152
 0.2054476  0.01980163 0.29165308 0.03865936 0.03218448 0.03861429
 0.69968817 0.06604233]
   train loss_E                   = +0.1106 (16.2%)
   train loss_Mag                 = +0.1679 (24.6%)
   train loss_Dir                 = +0.4042 (59.2%)
train loss :  0.6826285719871521
learning rate :  [0.0002991785582104726, 0.0002967232327300342, 0.00029266092461845833, 0.000287036141373508, 0.0002799105092974766, 0.0002713620983065234, 0.0002614845665803353, 0.0002503861344235108, 0.00023818839858125637, 0.000225025, 0.0002110401596292163, 0.0001963870983065234, 0.000181226358038123, 0.00016572404306698467, 0.00015005000000000002, 0.0001343759569330154, 0.00011887364196187702, 0.00010371290169347665, 8.905984037078379e-05, 7.507500000000004e-05, 6.191160141874367e-05, 4.9713865576489265e-05, 3.861543341966472e-05, 2.873790169347665e-05, 2.0189490702523417e-05, 1.3063858626491986e-05, 7.439075381541728e-06, 3.376767269965837e-06, 9.214417895274203e-07, 1e-07, 0.0002993210147898341, 0.0002972902081545429, 0.0002939259713934939, 0.0002892587715557601, 0.0002833308755258058, 0.00027619596724803565, 0.00026791866155668104, 0.0002585739190138553, 0.00024824636705509555, 0.0002370295335902012, 0.000225025, 0.0002123414811996329, 0.00019909384109944743, 0.00018540205237963864, 0.00017139010999907915, 0.0001571849082777702, 0.00014291509172222985]
   loss_E                   = +0.5043 (20.3%)
   loss_Mag                 = +0.5344 (21.5%)
   loss_Dir                 = +1.4499 (58.3%)
Returning 2.4885730743408203
Training epoch 47
[0.67523218 0.09277242 1.47677162 0.08973339 0.6201677  0.04205568
 0.40644831 0.05725456 0.29625949 0.02772484 0.30558446 0.0348056
 0.04064002 0.04813537 0.03490205 0.03781034 0.43222854 0.02742679
 0.25460449 0.03302602 0.1910163  0.01827642 0.19830771 0.0252706
 0.02670167 0.03203619 0.02250362 0.02690074 0.38857207 0.02789058
 0.17941578 0.02428468 0.17187079 0.01707709 0.17535971 0.02248869
 0.02148934 0.02552347 0.01913168 0.0244802  0.25017874 0.02024585
 0.11804539 0.00954377 0.12604125 0.01297528 0.19593081 0.01860775
 0.00996403 0.01366384 0.02286046 0.03401821 0.02387766 0.02972816
 0.18519235 0.01798349 0.24545319 0.03634469 0.03012092 0.0398026
 0.66711103 0.06799594]
   train loss_E                   = +0.1109 (16.4%)
   train loss_Mag                 = +0.1734 (25.6%)
   train loss_Dir                 = +0.3922 (58.0%)
train loss :  0.6765362024307251
learning rate :  [0.0002991785582104726, 0.0002967232327300342, 0.00029266092461845833, 0.000287036141373508, 0.0002799105092974766, 0.0002713620983065234, 0.0002614845665803353, 0.0002503861344235108, 0.00023818839858125637, 0.000225025, 0.0002110401596292163, 0.0001963870983065234, 0.000181226358038123, 0.00016572404306698467, 0.00015005000000000002, 0.0001343759569330154, 0.00011887364196187702, 0.00010371290169347665, 8.905984037078379e-05, 7.507500000000004e-05, 6.191160141874367e-05, 4.9713865576489265e-05, 3.861543341966472e-05, 2.873790169347665e-05, 2.0189490702523417e-05, 1.3063858626491986e-05, 7.439075381541728e-06, 3.376767269965837e-06, 9.214417895274203e-07, 1e-07, 0.0002993210147898341, 0.0002972902081545429, 0.0002939259713934939, 0.0002892587715557601, 0.0002833308755258058, 0.00027619596724803565, 0.00026791866155668104, 0.0002585739190138553, 0.00024824636705509555, 0.0002370295335902012, 0.000225025, 0.0002123414811996329, 0.00019909384109944743, 0.00018540205237963864, 0.00017139010999907915, 0.0001571849082777702, 0.00014291509172222985, 0.0001287098900009209]
   loss_E                   = +0.5032 (20.6%)
   loss_Mag                 = +0.5353 (22.0%)
   loss_Dir                 = +1.3994 (57.4%)
Returning 2.437861442565918
Training epoch 48
[0.82113566 0.11768094 1.81055652 0.11339905 0.6877219  0.04731072
 0.50220584 0.07154692 0.34351689 0.03331717 0.36363231 0.04357708
 0.04807129 0.06080231 0.04211251 0.04773559 0.48643322 0.03152022
 0.3067753  0.04060771 0.21655358 0.02156434 0.24137465 0.03260861
 0.03029233 0.03976079 0.02681857 0.03515068 0.46094627 0.03411654
 0.22102862 0.03163911 0.21129947 0.02199357 0.21784678 0.03004484
 0.02561347 0.03279104 0.02373526 0.03230177 0.27775471 0.02239231
 0.14648631 0.01181053 0.15654427 0.0170564  0.25567829 0.02628228
 0.01168391 0.01764288 0.03025946 0.04860443 0.03097668 0.04063931
 0.2304934  0.02306084 0.29974148 0.04359453 0.04071863 0.05768234
 0.90648162 0.09851546]
   train loss_E                   = +0.1103 (16.3%)
   train loss_Mag                 = +0.1699 (25.1%)
   train loss_Dir                 = +0.3971 (58.6%)
train loss :  0.6773422360420227
learning rate :  [0.0002991785582104726, 0.0002967232327300342, 0.00029266092461845833, 0.000287036141373508, 0.0002799105092974766, 0.0002713620983065234, 0.0002614845665803353, 0.0002503861344235108, 0.00023818839858125637, 0.000225025, 0.0002110401596292163, 0.0001963870983065234, 0.000181226358038123, 0.00016572404306698467, 0.00015005000000000002, 0.0001343759569330154, 0.00011887364196187702, 0.00010371290169347665, 8.905984037078379e-05, 7.507500000000004e-05, 6.191160141874367e-05, 4.9713865576489265e-05, 3.861543341966472e-05, 2.873790169347665e-05, 2.0189490702523417e-05, 1.3063858626491986e-05, 7.439075381541728e-06, 3.376767269965837e-06, 9.214417895274203e-07, 1e-07, 0.0002993210147898341, 0.0002972902081545429, 0.0002939259713934939, 0.0002892587715557601, 0.0002833308755258058, 0.00027619596724803565, 0.00026791866155668104, 0.0002585739190138553, 0.00024824636705509555, 0.0002370295335902012, 0.000225025, 0.0002123414811996329, 0.00019909384109944743, 0.00018540205237963864, 0.00017139010999907915, 0.0001571849082777702, 0.00014291509172222985, 0.0001287098900009209, 0.00011469794762036137]
   loss_E                   = +0.5019 (19.6%)
   loss_Mag                 = +0.5323 (20.8%)
   loss_Dir                 = +1.5281 (59.6%)
Returning 2.5623130798339844
Training epoch 49
[0.76101768 0.10940458 1.70848278 0.10876223 0.65457315 0.04488836
 0.49141917 0.07041077 0.3296255  0.03183598 0.33699939 0.04046492
 0.04619545 0.05818438 0.03942601 0.04417186 0.47762772 0.03001229
 0.29271669 0.03799652 0.20909056 0.02054934 0.22684988 0.03033494
 0.02985848 0.03743411 0.0259653  0.03244598 0.41980475 0.03102795
 0.20938216 0.02931073 0.20099583 0.02048882 0.20417698 0.02697796
 0.02505814 0.0303759  0.02226309 0.02894928 0.26861336 0.02191171
 0.13313213 0.01091885 0.14507498 0.0152698  0.22558081 0.02213968
 0.01097692 0.01595023 0.02691197 0.04137901 0.02734316 0.03483804
 0.20546433 0.02028667 0.26271345 0.0386751  0.03710452 0.04968907
 0.81576981 0.0848366 ]
   train loss_E                   = +0.1096 (16.3%)
   train loss_Mag                 = +0.1721 (25.6%)
   train loss_Dir                 = +0.3908 (58.1%)
train loss :  0.6724695563316345
learning rate :  [0.0002991785582104726, 0.0002967232327300342, 0.00029266092461845833, 0.000287036141373508, 0.0002799105092974766, 0.0002713620983065234, 0.0002614845665803353, 0.0002503861344235108, 0.00023818839858125637, 0.000225025, 0.0002110401596292163, 0.0001963870983065234, 0.000181226358038123, 0.00016572404306698467, 0.00015005000000000002, 0.0001343759569330154, 0.00011887364196187702, 0.00010371290169347665, 8.905984037078379e-05, 7.507500000000004e-05, 6.191160141874367e-05, 4.9713865576489265e-05, 3.861543341966472e-05, 2.873790169347665e-05, 2.0189490702523417e-05, 1.3063858626491986e-05, 7.439075381541728e-06, 3.376767269965837e-06, 9.214417895274203e-07, 1e-07, 0.0002993210147898341, 0.0002972902081545429, 0.0002939259713934939, 0.0002892587715557601, 0.0002833308755258058, 0.00027619596724803565, 0.00026791866155668104, 0.0002585739190138553, 0.00024824636705509555, 0.0002370295335902012, 0.000225025, 0.0002123414811996329, 0.00019909384109944743, 0.00018540205237963864, 0.00017139010999907915, 0.0001571849082777702, 0.00014291509172222985, 0.0001287098900009209, 0.00011469794762036137, 0.00010100615890055264]
   loss_E                   = +0.4981 (20.1%)
   loss_Mag                 = +0.5397 (21.8%)
   loss_Dir                 = +1.4361 (58.1%)
Returning 2.4739208221435547
Training epoch 50
[0.68562592 0.09516053 1.52172571 0.09288586 0.60315065 0.04119476
 0.41901765 0.05916279 0.30394403 0.02856531 0.31281305 0.03575339
 0.041336   0.05011038 0.03558445 0.03866794 0.43239184 0.02758413
 0.26644944 0.03446964 0.19981803 0.019133   0.20520207 0.02669446
 0.02783446 0.03327224 0.02343427 0.02801253 0.39897142 0.02898304
 0.18660161 0.02560303 0.18300311 0.01810465 0.18194829 0.02323183
 0.02218059 0.02658163 0.01943654 0.02479066 0.26333962 0.02145019
 0.12140829 0.00945492 0.13280243 0.01378358 0.20781275 0.01876233
 0.01020093 0.01362438 0.02381134 0.03479301 0.02408487 0.03096307
 0.18851945 0.01831923 0.23867967 0.03385644 0.03192035 0.04071686
 0.69956379 0.06946152]
   train loss_E                   = +0.1082 (16.2%)
   train loss_Mag                 = +0.1710 (25.7%)
   train loss_Dir                 = +0.3867 (58.1%)
train loss :  0.6658614873886108
learning rate :  [0.0002991785582104726, 0.0002967232327300342, 0.00029266092461845833, 0.000287036141373508, 0.0002799105092974766, 0.0002713620983065234, 0.0002614845665803353, 0.0002503861344235108, 0.00023818839858125637, 0.000225025, 0.0002110401596292163, 0.0001963870983065234, 0.000181226358038123, 0.00016572404306698467, 0.00015005000000000002, 0.0001343759569330154, 0.00011887364196187702, 0.00010371290169347665, 8.905984037078379e-05, 7.507500000000004e-05, 6.191160141874367e-05, 4.9713865576489265e-05, 3.861543341966472e-05, 2.873790169347665e-05, 2.0189490702523417e-05, 1.3063858626491986e-05, 7.439075381541728e-06, 3.376767269965837e-06, 9.214417895274203e-07, 1e-07, 0.0002993210147898341, 0.0002972902081545429, 0.0002939259713934939, 0.0002892587715557601, 0.0002833308755258058, 0.00027619596724803565, 0.00026791866155668104, 0.0002585739190138553, 0.00024824636705509555, 0.0002370295335902012, 0.000225025, 0.0002123414811996329, 0.00019909384109944743, 0.00018540205237963864, 0.00017139010999907915, 0.0001571849082777702, 0.00014291509172222985, 0.0001287098900009209, 0.00011469794762036137, 0.00010100615890055264, 8.775851880036715e-05]
   loss_E                   = +0.4994 (21.2%)
   loss_Mag                 = +0.5413 (23.0%)
   loss_Dir                 = +1.3102 (55.7%)
Returning 2.350839376449585
Training epoch 51
[0.7245982  0.09315815 1.5662329  0.08869758 0.65930291 0.04411598
 0.41282492 0.05760956 0.3273573  0.03002575 0.32515868 0.03487259
 0.04485127 0.0508038  0.03661139 0.03737062 0.47494959 0.03018652
 0.27342453 0.03493677 0.21006871 0.01966    0.20405147 0.02550275
 0.02993508 0.03371096 0.02380283 0.02655735 0.42946566 0.03080869
 0.19645086 0.02570053 0.18463995 0.01758169 0.18288536 0.02147782
 0.02392626 0.02687238 0.01993153 0.0228856  0.28405763 0.02309631
 0.11413732 0.00921129 0.11805124 0.01139833 0.17544485 0.01488607
 0.00977597 0.0127134  0.02179878 0.02808983 0.02499276 0.0286055
 0.18275349 0.01765487 0.2705997  0.03720832 0.02570471 0.02866886
 0.55336961 0.04887296]
   train loss_E                   = +0.1060 (16.0%)
   train loss_Mag                 = +0.1668 (25.1%)
   train loss_Dir                 = +0.3918 (59.0%)
train loss :  0.6645965576171875
learning rate :  [0.0002991785582104726, 0.0002967232327300342, 0.00029266092461845833, 0.000287036141373508, 0.0002799105092974766, 0.0002713620983065234, 0.0002614845665803353, 0.0002503861344235108, 0.00023818839858125637, 0.000225025, 0.0002110401596292163, 0.0001963870983065234, 0.000181226358038123, 0.00016572404306698467, 0.00015005000000000002, 0.0001343759569330154, 0.00011887364196187702, 0.00010371290169347665, 8.905984037078379e-05, 7.507500000000004e-05, 6.191160141874367e-05, 4.9713865576489265e-05, 3.861543341966472e-05, 2.873790169347665e-05, 2.0189490702523417e-05, 1.3063858626491986e-05, 7.439075381541728e-06, 3.376767269965837e-06, 9.214417895274203e-07, 1e-07, 0.0002993210147898341, 0.0002972902081545429, 0.0002939259713934939, 0.0002892587715557601, 0.0002833308755258058, 0.00027619596724803565, 0.00026791866155668104, 0.0002585739190138553, 0.00024824636705509555, 0.0002370295335902012, 0.000225025, 0.0002123414811996329, 0.00019909384109944743, 0.00018540205237963864, 0.00017139010999907915, 0.0001571849082777702, 0.00014291509172222985, 0.0001287098900009209, 0.00011469794762036137, 0.00010100615890055264, 8.775851880036715e-05, 7.507500000000004e-05]
   loss_E                   = +0.5041 (20.8%)
   loss_Mag                 = +0.5342 (22.1%)
   loss_Dir                 = +1.3796 (57.1%)
Returning 2.417874813079834
Training epoch 52
[0.67920012 0.08268944 1.49074517 0.08177845 0.59750402 0.03974846
 0.36855069 0.05051896 0.30180027 0.02744759 0.31417714 0.03388679
 0.04083113 0.04573945 0.03468762 0.03629228 0.479591   0.0299785
 0.2687824  0.03423218 0.21273628 0.01962914 0.1986116  0.02514845
 0.02954432 0.03279944 0.02280734 0.02568312 0.44175436 0.03155172
 0.18551139 0.02410924 0.17810872 0.0166375  0.17040018 0.01989666
 0.02242547 0.02520853 0.01795558 0.02084844 0.29046911 0.02339971
 0.10212666 0.00843789 0.10932959 0.01053934 0.15751444 0.01280072
 0.00883817 0.01117682 0.01845152 0.02364407 0.02009866 0.02360382
 0.15369722 0.01469344 0.2082719  0.02846807 0.02279107 0.02498094
 0.4931843  0.04253968]
   train loss_E                   = +0.1076 (16.3%)
   train loss_Mag                 = +0.1670 (25.3%)
   train loss_Dir                 = +0.3842 (58.3%)
train loss :  0.6587568521499634
learning rate :  [0.0002991785582104726, 0.0002967232327300342, 0.00029266092461845833, 0.000287036141373508, 0.0002799105092974766, 0.0002713620983065234, 0.0002614845665803353, 0.0002503861344235108, 0.00023818839858125637, 0.000225025, 0.0002110401596292163, 0.0001963870983065234, 0.000181226358038123, 0.00016572404306698467, 0.00015005000000000002, 0.0001343759569330154, 0.00011887364196187702, 0.00010371290169347665, 8.905984037078379e-05, 7.507500000000004e-05, 6.191160141874367e-05, 4.9713865576489265e-05, 3.861543341966472e-05, 2.873790169347665e-05, 2.0189490702523417e-05, 1.3063858626491986e-05, 7.439075381541728e-06, 3.376767269965837e-06, 9.214417895274203e-07, 1e-07, 0.0002993210147898341, 0.0002972902081545429, 0.0002939259713934939, 0.0002892587715557601, 0.0002833308755258058, 0.00027619596724803565, 0.00026791866155668104, 0.0002585739190138553, 0.00024824636705509555, 0.0002370295335902012, 0.000225025, 0.0002123414811996329, 0.00019909384109944743, 0.00018540205237963864, 0.00017139010999907915, 0.0001571849082777702, 0.00014291509172222985, 0.0001287098900009209, 0.00011469794762036137, 0.00010100615890055264, 8.775851880036715e-05, 7.507500000000004e-05, 6.307046640979886e-05]
   loss_E                   = +0.4997 (20.0%)
   loss_Mag                 = +0.5340 (21.3%)
   loss_Dir                 = +1.4708 (58.7%)
Returning 2.504486083984375
Training epoch 53
[0.7607998  0.09658916 1.68261189 0.09477659 0.65940008 0.04405647
 0.43272821 0.06066525 0.33836747 0.03132405 0.34188195 0.03696471
 0.04643845 0.05405801 0.03878594 0.04000779 0.48522002 0.03050869
 0.29731895 0.03802587 0.22372223 0.02089491 0.21738393 0.02752224
 0.03175172 0.03650575 0.02475518 0.02842697 0.46562996 0.03314392
 0.19778348 0.02613376 0.1933583  0.01863725 0.1885016  0.02287234
 0.02390781 0.02728753 0.02012771 0.02425504 0.28884439 0.02309638
 0.11770738 0.00935698 0.12631906 0.01266323 0.19014532 0.01699174
 0.00999136 0.01325332 0.02276558 0.03148942 0.02384256 0.0287046
 0.17788213 0.01732382 0.24247082 0.03452156 0.02892053 0.03570433
 0.63257658 0.06074582]
   train loss_E                   = +0.1068 (16.3%)
   train loss_Mag                 = +0.1674 (25.5%)
   train loss_Dir                 = +0.3828 (58.3%)
train loss :  0.6569981575012207
learning rate :  [0.0002991785582104726, 0.0002967232327300342, 0.00029266092461845833, 0.000287036141373508, 0.0002799105092974766, 0.0002713620983065234, 0.0002614845665803353, 0.0002503861344235108, 0.00023818839858125637, 0.000225025, 0.0002110401596292163, 0.0001963870983065234, 0.000181226358038123, 0.00016572404306698467, 0.00015005000000000002, 0.0001343759569330154, 0.00011887364196187702, 0.00010371290169347665, 8.905984037078379e-05, 7.507500000000004e-05, 6.191160141874367e-05, 4.9713865576489265e-05, 3.861543341966472e-05, 2.873790169347665e-05, 2.0189490702523417e-05, 1.3063858626491986e-05, 7.439075381541728e-06, 3.376767269965837e-06, 9.214417895274203e-07, 1e-07, 0.0002993210147898341, 0.0002972902081545429, 0.0002939259713934939, 0.0002892587715557601, 0.0002833308755258058, 0.00027619596724803565, 0.00026791866155668104, 0.0002585739190138553, 0.00024824636705509555, 0.0002370295335902012, 0.000225025, 0.0002123414811996329, 0.00019909384109944743, 0.00018540205237963864, 0.00017139010999907915, 0.0001571849082777702, 0.00014291509172222985, 0.0001287098900009209, 0.00011469794762036137, 0.00010100615890055264, 8.775851880036715e-05, 7.507500000000004e-05, 6.307046640979886e-05, 5.185363294490452e-05]
   loss_E                   = +0.4946 (20.1%)
   loss_Mag                 = +0.5409 (21.9%)
   loss_Dir                 = +1.4290 (58.0%)
Returning 2.4644556045532227
Training epoch 54
[0.75628154 0.09685489 1.6355764  0.09328958 0.68813677 0.04615135
 0.42707439 0.05992905 0.32873801 0.03059095 0.33785106 0.03714145
 0.04466774 0.05236975 0.03818233 0.04003641 0.49825609 0.03115143
 0.29798294 0.03771952 0.22213192 0.02123234 0.21309003 0.0279391
 0.03123676 0.03608778 0.024706   0.02861262 0.48035747 0.0353759
 0.19303324 0.02564396 0.18043058 0.01748767 0.17851526 0.0218692
 0.02319654 0.02666599 0.01885019 0.02308268 0.28188795 0.02297854
 0.11625    0.00945969 0.12314916 0.01237674 0.1827832  0.01634596
 0.00984613 0.01288111 0.02144936 0.02981163 0.02257233 0.02767749
 0.1732018  0.01682414 0.23054294 0.03295348 0.02752863 0.03336449
 0.59968936 0.05674515]
   train loss_E                   = +0.1059 (16.2%)
   train loss_Mag                 = +0.1669 (25.5%)
   train loss_Dir                 = +0.3812 (58.3%)
train loss :  0.6540008783340454
learning rate :  [0.0002991785582104726, 0.0002967232327300342, 0.00029266092461845833, 0.000287036141373508, 0.0002799105092974766, 0.0002713620983065234, 0.0002614845665803353, 0.0002503861344235108, 0.00023818839858125637, 0.000225025, 0.0002110401596292163, 0.0001963870983065234, 0.000181226358038123, 0.00016572404306698467, 0.00015005000000000002, 0.0001343759569330154, 0.00011887364196187702, 0.00010371290169347665, 8.905984037078379e-05, 7.507500000000004e-05, 6.191160141874367e-05, 4.9713865576489265e-05, 3.861543341966472e-05, 2.873790169347665e-05, 2.0189490702523417e-05, 1.3063858626491986e-05, 7.439075381541728e-06, 3.376767269965837e-06, 9.214417895274203e-07, 1e-07, 0.0002993210147898341, 0.0002972902081545429, 0.0002939259713934939, 0.0002892587715557601, 0.0002833308755258058, 0.00027619596724803565, 0.00026791866155668104, 0.0002585739190138553, 0.00024824636705509555, 0.0002370295335902012, 0.000225025, 0.0002123414811996329, 0.00019909384109944743, 0.00018540205237963864, 0.00017139010999907915, 0.0001571849082777702, 0.00014291509172222985, 0.0001287098900009209, 0.00011469794762036137, 0.00010100615890055264, 8.775851880036715e-05, 7.507500000000004e-05, 6.307046640979886e-05, 5.185363294490452e-05, 4.1526080986144726e-05]
   loss_E                   = +0.4979 (19.1%)
   loss_Mag                 = +0.5292 (20.3%)
   loss_Dir                 = +1.5792 (60.6%)
Returning 2.6062827110290527
Training epoch 55
[0.78794377 0.10336004 1.70571358 0.09787315 0.69497262 0.04639879
 0.4465289  0.0629745  0.33633873 0.03146311 0.34557128 0.03815005
 0.04562467 0.05558807 0.03799202 0.04071111 0.49126757 0.0311952
 0.29946207 0.03819685 0.22029208 0.02078692 0.21549583 0.02816349
 0.03059157 0.03678228 0.02438443 0.02911108 0.46664114 0.03356314
 0.19831267 0.02631817 0.18736475 0.01843538 0.18474648 0.02347087
 0.02305269 0.02743306 0.01943239 0.0247535  0.27530144 0.02193045
 0.11113525 0.00893477 0.12476928 0.01303824 0.18646024 0.01851651
 0.00945263 0.01277494 0.02192663 0.0334747  0.02251724 0.02892836
 0.16758863 0.01639996 0.21789293 0.02974847 0.0290774  0.03924235
 0.63894379 0.06672055]
   train loss_E                   = +0.1059 (16.3%)
   train loss_Mag                 = +0.1665 (25.6%)
   train loss_Dir                 = +0.3780 (58.1%)
train loss :  0.6503246426582336
learning rate :  [0.0002991785582104726, 0.0002967232327300342, 0.00029266092461845833, 0.000287036141373508, 0.0002799105092974766, 0.0002713620983065234, 0.0002614845665803353, 0.0002503861344235108, 0.00023818839858125637, 0.000225025, 0.0002110401596292163, 0.0001963870983065234, 0.000181226358038123, 0.00016572404306698467, 0.00015005000000000002, 0.0001343759569330154, 0.00011887364196187702, 0.00010371290169347665, 8.905984037078379e-05, 7.507500000000004e-05, 6.191160141874367e-05, 4.9713865576489265e-05, 3.861543341966472e-05, 2.873790169347665e-05, 2.0189490702523417e-05, 1.3063858626491986e-05, 7.439075381541728e-06, 3.376767269965837e-06, 9.214417895274203e-07, 1e-07, 0.0002993210147898341, 0.0002972902081545429, 0.0002939259713934939, 0.0002892587715557601, 0.0002833308755258058, 0.00027619596724803565, 0.00026791866155668104, 0.0002585739190138553, 0.00024824636705509555, 0.0002370295335902012, 0.000225025, 0.0002123414811996329, 0.00019909384109944743, 0.00018540205237963864, 0.00017139010999907915, 0.0001571849082777702, 0.00014291509172222985, 0.0001287098900009209, 0.00011469794762036137, 0.00010100615890055264, 8.775851880036715e-05, 7.507500000000004e-05, 6.307046640979886e-05, 5.185363294490452e-05, 4.1526080986144726e-05, 3.2181338443319054e-05]
   loss_E                   = +0.4988 (19.4%)
   loss_Mag                 = +0.5314 (20.6%)
   loss_Dir                 = +1.5447 (60.0%)
Returning 2.5749917030334473
Training epoch 56
[0.75343184 0.09101965 1.56346991 0.08144877 0.69066611 0.04554135
 0.38122252 0.05155107 0.32227093 0.02907472 0.3261493  0.0337566
 0.04426246 0.04861191 0.03440737 0.03522689 0.49908099 0.03079215
 0.27771612 0.03460001 0.21681087 0.01980988 0.1928661  0.02421987
 0.02983322 0.03299952 0.02177013 0.02436508 0.46752857 0.03310739
 0.17924868 0.0225081  0.16588951 0.01550539 0.15663485 0.01831015
 0.02099389 0.02355514 0.01648919 0.01905756 0.28113896 0.02267452
 0.0899412  0.00770125 0.09703985 0.00953626 0.13015859 0.01159493
 0.00796816 0.00987919 0.01526806 0.02091857 0.01624564 0.01907194
 0.12576373 0.01216075 0.16901486 0.02435076 0.01958199 0.02396749
 0.4254626  0.04073725]
   train loss_E                   = +0.1050 (16.2%)
   train loss_Mag                 = +0.1654 (25.5%)
   train loss_Dir                 = +0.3783 (58.3%)
train loss :  0.6487269401550293
learning rate :  [0.0002991785582104726, 0.0002967232327300342, 0.00029266092461845833, 0.000287036141373508, 0.0002799105092974766, 0.0002713620983065234, 0.0002614845665803353, 0.0002503861344235108, 0.00023818839858125637, 0.000225025, 0.0002110401596292163, 0.0001963870983065234, 0.000181226358038123, 0.00016572404306698467, 0.00015005000000000002, 0.0001343759569330154, 0.00011887364196187702, 0.00010371290169347665, 8.905984037078379e-05, 7.507500000000004e-05, 6.191160141874367e-05, 4.9713865576489265e-05, 3.861543341966472e-05, 2.873790169347665e-05, 2.0189490702523417e-05, 1.3063858626491986e-05, 7.439075381541728e-06, 3.376767269965837e-06, 9.214417895274203e-07, 1e-07, 0.0002993210147898341, 0.0002972902081545429, 0.0002939259713934939, 0.0002892587715557601, 0.0002833308755258058, 0.00027619596724803565, 0.00026791866155668104, 0.0002585739190138553, 0.00024824636705509555, 0.0002370295335902012, 0.000225025, 0.0002123414811996329, 0.00019909384109944743, 0.00018540205237963864, 0.00017139010999907915, 0.0001571849082777702, 0.00014291509172222985, 0.0001287098900009209, 0.00011469794762036137, 0.00010100615890055264, 8.775851880036715e-05, 7.507500000000004e-05, 6.307046640979886e-05, 5.185363294490452e-05, 4.1526080986144726e-05, 3.2181338443319054e-05, 2.3904032751964362e-05]
   loss_E                   = +0.4985 (20.2%)
   loss_Mag                 = +0.5338 (21.6%)
   loss_Dir                 = +1.4366 (58.2%)
Returning 2.4688332080841064
Training epoch 57
[0.69078906 0.08653275 1.46436984 0.07940278 0.63599548 0.0419763
 0.37556135 0.05063709 0.30840294 0.02799615 0.30811054 0.0322349
 0.04097301 0.04620463 0.03307829 0.03391717 0.4702497  0.02972978
 0.26083627 0.03274201 0.2072424  0.01910717 0.18648222 0.02323026
 0.02832271 0.03131042 0.0210034  0.02349585 0.44579187 0.03084241
 0.1788523  0.0223066  0.16428438 0.01544514 0.15456952 0.01814267
 0.02092818 0.02339315 0.01640698 0.01901654 0.27459003 0.0220826
 0.085897   0.00738961 0.09262535 0.00893978 0.12379441 0.01094131
 0.00757365 0.0095657  0.01469807 0.01993244 0.01560475 0.01887494
 0.12369167 0.01193129 0.16343695 0.02375203 0.01855138 0.0219101
 0.40224463 0.03723877]
   train loss_E                   = +0.1038 (16.0%)
   train loss_Mag                 = +0.1630 (25.2%)
   train loss_Dir                 = +0.3802 (58.8%)
train loss :  0.6469641923904419
learning rate :  [0.0002991785582104726, 0.0002967232327300342, 0.00029266092461845833, 0.000287036141373508, 0.0002799105092974766, 0.0002713620983065234, 0.0002614845665803353, 0.0002503861344235108, 0.00023818839858125637, 0.000225025, 0.0002110401596292163, 0.0001963870983065234, 0.000181226358038123, 0.00016572404306698467, 0.00015005000000000002, 0.0001343759569330154, 0.00011887364196187702, 0.00010371290169347665, 8.905984037078379e-05, 7.507500000000004e-05, 6.191160141874367e-05, 4.9713865576489265e-05, 3.861543341966472e-05, 2.873790169347665e-05, 2.0189490702523417e-05, 1.3063858626491986e-05, 7.439075381541728e-06, 3.376767269965837e-06, 9.214417895274203e-07, 1e-07, 0.0002993210147898341, 0.0002972902081545429, 0.0002939259713934939, 0.0002892587715557601, 0.0002833308755258058, 0.00027619596724803565, 0.00026791866155668104, 0.0002585739190138553, 0.00024824636705509555, 0.0002370295335902012, 0.000225025, 0.0002123414811996329, 0.00019909384109944743, 0.00018540205237963864, 0.00017139010999907915, 0.0001571849082777702, 0.00014291509172222985, 0.0001287098900009209, 0.00011469794762036137, 0.00010100615890055264, 8.775851880036715e-05, 7.507500000000004e-05, 6.307046640979886e-05, 5.185363294490452e-05, 4.1526080986144726e-05, 3.2181338443319054e-05, 2.3904032751964362e-05, 1.6769124474194242e-05]
   loss_E                   = +0.4984 (19.8%)
   loss_Mag                 = +0.5327 (21.2%)
   loss_Dir                 = +1.4817 (59.0%)
Returning 2.5127949714660645
Training epoch 58
[0.72632941 0.08571092 1.53093895 0.07842636 0.63819811 0.04187189
 0.36723363 0.04954543 0.31135508 0.0281151  0.31692358 0.03252003
 0.04219465 0.04769844 0.03328963 0.03408498 0.47071405 0.0297597
 0.26786659 0.03406745 0.21027    0.01916342 0.18641114 0.02376754
 0.02842825 0.0324592  0.02077901 0.02373786 0.45248156 0.03168415
 0.17390923 0.02208505 0.16158767 0.01501331 0.1530804  0.01779632
 0.01975971 0.02314842 0.0155443  0.01844458 0.2848971  0.02309658
 0.08301914 0.00726235 0.0902527  0.00883255 0.11860231 0.010756
 0.00730724 0.00917615 0.01343731 0.01863142 0.01366882 0.01693504
 0.11338557 0.01085241 0.14133771 0.02047588 0.01766925 0.0218484
 0.38659924 0.03712608]
   train loss_E                   = +0.1044 (16.2%)
   train loss_Mag                 = +0.1641 (25.4%)
   train loss_Dir                 = +0.3766 (58.4%)
train loss :  0.6450895071029663
learning rate :  [0.0002991785582104726, 0.0002967232327300342, 0.00029266092461845833, 0.000287036141373508, 0.0002799105092974766, 0.0002713620983065234, 0.0002614845665803353, 0.0002503861344235108, 0.00023818839858125637, 0.000225025, 0.0002110401596292163, 0.0001963870983065234, 0.000181226358038123, 0.00016572404306698467, 0.00015005000000000002, 0.0001343759569330154, 0.00011887364196187702, 0.00010371290169347665, 8.905984037078379e-05, 7.507500000000004e-05, 6.191160141874367e-05, 4.9713865576489265e-05, 3.861543341966472e-05, 2.873790169347665e-05, 2.0189490702523417e-05, 1.3063858626491986e-05, 7.439075381541728e-06, 3.376767269965837e-06, 9.214417895274203e-07, 1e-07, 0.0002993210147898341, 0.0002972902081545429, 0.0002939259713934939, 0.0002892587715557601, 0.0002833308755258058, 0.00027619596724803565, 0.00026791866155668104, 0.0002585739190138553, 0.00024824636705509555, 0.0002370295335902012, 0.000225025, 0.0002123414811996329, 0.00019909384109944743, 0.00018540205237963864, 0.00017139010999907915, 0.0001571849082777702, 0.00014291509172222985, 0.0001287098900009209, 0.00011469794762036137, 0.00010100615890055264, 8.775851880036715e-05, 7.507500000000004e-05, 6.307046640979886e-05, 5.185363294490452e-05, 4.1526080986144726e-05, 3.2181338443319054e-05, 2.3904032751964362e-05, 1.6769124474194242e-05, 1.0841228444239921e-05]
   loss_E                   = +0.4978 (19.7%)
   loss_Mag                 = +0.5326 (21.1%)
   loss_Dir                 = +1.4992 (59.3%)
Returning 2.52962589263916
Training epoch 59
[0.67305268 0.08096883 1.39780961 0.07319226 0.62478738 0.04134024
 0.34724291 0.04657258 0.2948169  0.02645157 0.29484305 0.03022009
 0.03936568 0.04317059 0.0312952  0.03156653 0.44413821 0.02754641
 0.25159137 0.03121325 0.20402858 0.01843288 0.17602975 0.02201035
 0.02695941 0.02951512 0.01982057 0.02189082 0.45856033 0.03141098
 0.16303611 0.02003914 0.14680215 0.01335244 0.13719519 0.01521759
 0.01889078 0.02107351 0.01374864 0.01569296 0.26679331 0.02161289
 0.0730405  0.00666566 0.0776418  0.00705114 0.09106888 0.00742436
 0.00677966 0.0079243  0.01013889 0.01234998 0.01067971 0.0121726
 0.09476794 0.00898215 0.12006978 0.01825091 0.01275161 0.01305768
 0.27366277 0.0221844 ]
   train loss_E                   = +0.1048 (16.3%)
   train loss_Mag                 = +0.1658 (25.7%)
   train loss_Dir                 = +0.3737 (58.0%)
train loss :  0.6443547606468201
learning rate :  [0.0002991785582104726, 0.0002967232327300342, 0.00029266092461845833, 0.000287036141373508, 0.0002799105092974766, 0.0002713620983065234, 0.0002614845665803353, 0.0002503861344235108, 0.00023818839858125637, 0.000225025, 0.0002110401596292163, 0.0001963870983065234, 0.000181226358038123, 0.00016572404306698467, 0.00015005000000000002, 0.0001343759569330154, 0.00011887364196187702, 0.00010371290169347665, 8.905984037078379e-05, 7.507500000000004e-05, 6.191160141874367e-05, 4.9713865576489265e-05, 3.861543341966472e-05, 2.873790169347665e-05, 2.0189490702523417e-05, 1.3063858626491986e-05, 7.439075381541728e-06, 3.376767269965837e-06, 9.214417895274203e-07, 1e-07, 0.0002993210147898341, 0.0002972902081545429, 0.0002939259713934939, 0.0002892587715557601, 0.0002833308755258058, 0.00027619596724803565, 0.00026791866155668104, 0.0002585739190138553, 0.00024824636705509555, 0.0002370295335902012, 0.000225025, 0.0002123414811996329, 0.00019909384109944743, 0.00018540205237963864, 0.00017139010999907915, 0.0001571849082777702, 0.00014291509172222985, 0.0001287098900009209, 0.00011469794762036137, 0.00010100615890055264, 8.775851880036715e-05, 7.507500000000004e-05, 6.307046640979886e-05, 5.185363294490452e-05, 4.1526080986144726e-05, 3.2181338443319054e-05, 2.3904032751964362e-05, 1.6769124474194242e-05, 1.0841228444239921e-05, 6.174028606506136e-06]
   loss_E                   = +0.4968 (19.4%)
   loss_Mag                 = +0.5324 (20.8%)
   loss_Dir                 = +1.5320 (59.8%)
Returning 2.5612130165100098
Training epoch 60
[0.66518837 0.07863464 1.36411146 0.06975748 0.63549803 0.04123005
 0.33555991 0.04476613 0.29107361 0.02579112 0.28709026 0.02863359
 0.03909028 0.04242433 0.02923453 0.02977735 0.43338146 0.02670374
 0.23925942 0.02932933 0.19495121 0.01751347 0.16728295 0.02009276
 0.02581504 0.02785499 0.018508   0.01996648 0.43333713 0.0300723
 0.15375721 0.01821986 0.1375188  0.01217954 0.12526751 0.0132172
 0.0178021  0.01921582 0.01280031 0.01350622 0.25056817 0.01948309
 0.06604078 0.00589308 0.07210769 0.00633478 0.07991462 0.0061398
 0.00626655 0.00684302 0.00885329 0.01009222 0.00909371 0.0100311
 0.08559989 0.00788144 0.10556984 0.01592457 0.01112059 0.01083967
 0.23648196 0.0184136 ]
   train loss_E                   = +0.1044 (16.2%)
   train loss_Mag                 = +0.1652 (25.7%)
   train loss_Dir                 = +0.3740 (58.1%)
train loss :  0.6435776948928833
learning rate :  [0.0002991785582104726, 0.0002967232327300342, 0.00029266092461845833, 0.000287036141373508, 0.0002799105092974766, 0.0002713620983065234, 0.0002614845665803353, 0.0002503861344235108, 0.00023818839858125637, 0.000225025, 0.0002110401596292163, 0.0001963870983065234, 0.000181226358038123, 0.00016572404306698467, 0.00015005000000000002, 0.0001343759569330154, 0.00011887364196187702, 0.00010371290169347665, 8.905984037078379e-05, 7.507500000000004e-05, 6.191160141874367e-05, 4.9713865576489265e-05, 3.861543341966472e-05, 2.873790169347665e-05, 2.0189490702523417e-05, 1.3063858626491986e-05, 7.439075381541728e-06, 3.376767269965837e-06, 9.214417895274203e-07, 1e-07, 0.0002993210147898341, 0.0002972902081545429, 0.0002939259713934939, 0.0002892587715557601, 0.0002833308755258058, 0.00027619596724803565, 0.00026791866155668104, 0.0002585739190138553, 0.00024824636705509555, 0.0002370295335902012, 0.000225025, 0.0002123414811996329, 0.00019909384109944743, 0.00018540205237963864, 0.00017139010999907915, 0.0001571849082777702, 0.00014291509172222985, 0.0001287098900009209, 0.00011469794762036137, 0.00010100615890055264, 8.775851880036715e-05, 7.507500000000004e-05, 6.307046640979886e-05, 5.185363294490452e-05, 4.1526080986144726e-05, 3.2181338443319054e-05, 2.3904032751964362e-05, 1.6769124474194242e-05, 1.0841228444239921e-05, 6.174028606506136e-06, 2.8097918454571294e-06]
   loss_E                   = +0.4969 (19.6%)
   loss_Mag                 = +0.5321 (21.0%)
   loss_Dir                 = +1.5086 (59.4%)
Returning 2.5375890731811523
Training epoch 61
[0.69663037 0.08009824 1.45319754 0.07095602 0.6243642  0.04096181
 0.33475418 0.04471139 0.30714281 0.02720509 0.30287608 0.02966363
 0.04052755 0.04419126 0.03188187 0.03086857 0.45583351 0.028665
 0.2545523  0.03231364 0.20862414 0.01857873 0.17296848 0.020654
 0.0281397  0.03041341 0.0191723  0.0202574  0.43960568 0.02991703
 0.15737066 0.01862963 0.14326796 0.01271052 0.13047191 0.01377935
 0.01808196 0.01962143 0.01330476 0.01415373 0.25937465 0.02022225
 0.06696053 0.00603311 0.072347   0.00640898 0.07878634 0.00594525
 0.00637655 0.00693923 0.00868094 0.0097341  0.00907327 0.00951809
 0.08364509 0.00754091 0.10444802 0.01460609 0.01097071 0.01078805
 0.23314491 0.01832508]
   train loss_E                   = +0.1038 (16.2%)
   train loss_Mag                 = +0.1642 (25.5%)
   train loss_Dir                 = +0.3747 (58.3%)
train loss :  0.6427795886993408
learning rate :  [0.0002991785582104726, 0.0002967232327300342, 0.00029266092461845833, 0.000287036141373508, 0.0002799105092974766, 0.0002713620983065234, 0.0002614845665803353, 0.0002503861344235108, 0.00023818839858125637, 0.000225025, 0.0002110401596292163, 0.0001963870983065234, 0.000181226358038123, 0.00016572404306698467, 0.00015005000000000002, 0.0001343759569330154, 0.00011887364196187702, 0.00010371290169347665, 8.905984037078379e-05, 7.507500000000004e-05, 6.191160141874367e-05, 4.9713865576489265e-05, 3.861543341966472e-05, 2.873790169347665e-05, 2.0189490702523417e-05, 1.3063858626491986e-05, 7.439075381541728e-06, 3.376767269965837e-06, 9.214417895274203e-07, 1e-07, 0.0002993210147898341, 0.0002972902081545429, 0.0002939259713934939, 0.0002892587715557601, 0.0002833308755258058, 0.00027619596724803565, 0.00026791866155668104, 0.0002585739190138553, 0.00024824636705509555, 0.0002370295335902012, 0.000225025, 0.0002123414811996329, 0.00019909384109944743, 0.00018540205237963864, 0.00017139010999907915, 0.0001571849082777702, 0.00014291509172222985, 0.0001287098900009209, 0.00011469794762036137, 0.00010100615890055264, 8.775851880036715e-05, 7.507500000000004e-05, 6.307046640979886e-05, 5.185363294490452e-05, 4.1526080986144726e-05, 3.2181338443319054e-05, 2.3904032751964362e-05, 1.6769124474194242e-05, 1.0841228444239921e-05, 6.174028606506136e-06, 2.8097918454571294e-06, 7.789852101659659e-07]
   loss_E                   = +0.4976 (19.7%)
   loss_Mag                 = +0.5318 (21.0%)
   loss_Dir                 = +1.5023 (59.3%)
Returning 2.5317211151123047
Training epoch 62
[0.6364109  0.07467052 1.32367833 0.0657493  0.59141728 0.03869581
 0.31602595 0.04201829 0.28130319 0.02490672 0.27780318 0.02736086
 0.03755079 0.04040535 0.02795282 0.02831556 0.42186921 0.02644828
 0.23165821 0.02908981 0.19290787 0.0171664  0.16066172 0.01920858
 0.02525453 0.0274541  0.01766483 0.01887707 0.40165617 0.02746545
 0.15176605 0.01769591 0.13821702 0.01206816 0.12398276 0.01275941
 0.01755279 0.01870516 0.0124705  0.01308777 0.25158299 0.01969551
 0.06389751 0.0058381  0.06917167 0.00592717 0.07073384 0.00513027
 0.00611684 0.00658387 0.00761758 0.00787091 0.00776792 0.00825165
 0.07811964 0.00706376 0.09384909 0.01423775 0.00985823 0.00841146
 0.20813303 0.01428793]
   train loss_E                   = +0.1040 (16.2%)
   train loss_Mag                 = +0.1646 (25.6%)
   train loss_Dir                 = +0.3739 (58.2%)
train loss :  0.6425542235374451
learning rate :  [0.0002991785582104726, 0.0002967232327300342, 0.00029266092461845833, 0.000287036141373508, 0.0002799105092974766, 0.0002713620983065234, 0.0002614845665803353, 0.0002503861344235108, 0.00023818839858125637, 0.000225025, 0.0002110401596292163, 0.0001963870983065234, 0.000181226358038123, 0.00016572404306698467, 0.00015005000000000002, 0.0001343759569330154, 0.00011887364196187702, 0.00010371290169347665, 8.905984037078379e-05, 7.507500000000004e-05, 6.191160141874367e-05, 4.9713865576489265e-05, 3.861543341966472e-05, 2.873790169347665e-05, 2.0189490702523417e-05, 1.3063858626491986e-05, 7.439075381541728e-06, 3.376767269965837e-06, 9.214417895274203e-07, 1e-07, 0.0002993210147898341, 0.0002972902081545429, 0.0002939259713934939, 0.0002892587715557601, 0.0002833308755258058, 0.00027619596724803565, 0.00026791866155668104, 0.0002585739190138553, 0.00024824636705509555, 0.0002370295335902012, 0.000225025, 0.0002123414811996329, 0.00019909384109944743, 0.00018540205237963864, 0.00017139010999907915, 0.0001571849082777702, 0.00014291509172222985, 0.0001287098900009209, 0.00011469794762036137, 0.00010100615890055264, 8.775851880036715e-05, 7.507500000000004e-05, 6.307046640979886e-05, 5.185363294490452e-05, 4.1526080986144726e-05, 3.2181338443319054e-05, 2.3904032751964362e-05, 1.6769124474194242e-05, 1.0841228444239921e-05, 6.174028606506136e-06, 2.8097918454571294e-06, 7.789852101659659e-07, 1e-07]
   loss_E                   = +0.4976 (19.6%)
   loss_Mag                 = +0.5317 (21.0%)
   loss_Dir                 = +1.5036 (59.4%)
Returning 2.5329160690307617
Training epoch 63
[1.15498984 0.18986641 2.7425378  0.1970396  0.87623826 0.0623943
 0.85239261 0.12966486 0.48403227 0.05099088 0.51873014 0.0688162
 0.0673876  0.10158862 0.05979564 0.07570166 0.58672292 0.03900819
 0.44922876 0.06131138 0.28565956 0.03114727 0.36515242 0.05305137
 0.0401615  0.06115962 0.03986271 0.05745053 0.53960472 0.04268414
 0.32309472 0.04861116 0.31183258 0.03611748 0.34223195 0.05224588
 0.03469431 0.0513637  0.03455205 0.05641769 0.31100748 0.02599595
 0.23438479 0.01874216 0.26512062 0.03164035 0.46523543 0.05003243
 0.01848087 0.02942706 0.05461054 0.09262644 0.05530668 0.07745327
 0.41539332 0.04279165 0.51856227 0.07703772 0.07400451 0.11366956
 1.67142926 0.19411054]
   train loss_E                   = +0.1211 (17.1%)
   train loss_Mag                 = +0.1874 (26.5%)
   train loss_Dir                 = +0.3994 (56.4%)
train loss :  0.7079161405563354
learning rate :  [0.0002991785582104726, 0.0002967232327300342, 0.00029266092461845833, 0.000287036141373508, 0.0002799105092974766, 0.0002713620983065234, 0.0002614845665803353, 0.0002503861344235108, 0.00023818839858125637, 0.000225025, 0.0002110401596292163, 0.0001963870983065234, 0.000181226358038123, 0.00016572404306698467, 0.00015005000000000002, 0.0001343759569330154, 0.00011887364196187702, 0.00010371290169347665, 8.905984037078379e-05, 7.507500000000004e-05, 6.191160141874367e-05, 4.9713865576489265e-05, 3.861543341966472e-05, 2.873790169347665e-05, 2.0189490702523417e-05, 1.3063858626491986e-05, 7.439075381541728e-06, 3.376767269965837e-06, 9.214417895274203e-07, 1e-07, 0.0002993210147898341, 0.0002972902081545429, 0.0002939259713934939, 0.0002892587715557601, 0.0002833308755258058, 0.00027619596724803565, 0.00026791866155668104, 0.0002585739190138553, 0.00024824636705509555, 0.0002370295335902012, 0.000225025, 0.0002123414811996329, 0.00019909384109944743, 0.00018540205237963864, 0.00017139010999907915, 0.0001571849082777702, 0.00014291509172222985, 0.0001287098900009209, 0.00011469794762036137, 0.00010100615890055264, 8.775851880036715e-05, 7.507500000000004e-05, 6.307046640979886e-05, 5.185363294490452e-05, 4.1526080986144726e-05, 3.2181338443319054e-05, 2.3904032751964362e-05, 1.6769124474194242e-05, 1.0841228444239921e-05, 6.174028606506136e-06, 2.8097918454571294e-06, 7.789852101659659e-07, 1e-07, 0.0002994598034069519]
   loss_E                   = +0.4924 (18.6%)
   loss_Mag                 = +0.5387 (20.4%)
   loss_Dir                 = +1.6153 (61.0%)
Returning 2.6463756561279297
Training epoch 64
[1.00397458 0.15549222 2.32531823 0.15997415 0.75426231 0.05424742
 0.67886093 0.10437624 0.41660026 0.04268473 0.43661391 0.05681887
 0.05813275 0.08332758 0.05399034 0.06312635 0.50229401 0.03347283
 0.38250793 0.05374248 0.25430349 0.02664581 0.30945144 0.04376705
 0.03758967 0.05286535 0.03550715 0.04760808 0.45270974 0.0360807
 0.27061433 0.04150324 0.268376   0.02962328 0.28964659 0.04303537
 0.03217583 0.04335635 0.03203275 0.0470315  0.26783027 0.02242095
 0.19833857 0.0148108  0.22313021 0.02483686 0.38920171 0.03965478
 0.01605943 0.02418657 0.04788468 0.07751576 0.05191564 0.07018696
 0.38437942 0.03842308 0.50349526 0.06793243 0.06381042 0.09254514
 1.45308181 0.15942628]
   train loss_E                   = +0.1184 (17.0%)
   train loss_Mag                 = +0.1796 (25.9%)
   train loss_Dir                 = +0.3967 (57.1%)
train loss :  0.6946911811828613
learning rate :  [0.0002991785582104726, 0.0002967232327300342, 0.00029266092461845833, 0.000287036141373508, 0.0002799105092974766, 0.0002713620983065234, 0.0002614845665803353, 0.0002503861344235108, 0.00023818839858125637, 0.000225025, 0.0002110401596292163, 0.0001963870983065234, 0.000181226358038123, 0.00016572404306698467, 0.00015005000000000002, 0.0001343759569330154, 0.00011887364196187702, 0.00010371290169347665, 8.905984037078379e-05, 7.507500000000004e-05, 6.191160141874367e-05, 4.9713865576489265e-05, 3.861543341966472e-05, 2.873790169347665e-05, 2.0189490702523417e-05, 1.3063858626491986e-05, 7.439075381541728e-06, 3.376767269965837e-06, 9.214417895274203e-07, 1e-07, 0.0002993210147898341, 0.0002972902081545429, 0.0002939259713934939, 0.0002892587715557601, 0.0002833308755258058, 0.00027619596724803565, 0.00026791866155668104, 0.0002585739190138553, 0.00024824636705509555, 0.0002370295335902012, 0.000225025, 0.0002123414811996329, 0.00019909384109944743, 0.00018540205237963864, 0.00017139010999907915, 0.0001571849082777702, 0.00014291509172222985, 0.0001287098900009209, 0.00011469794762036137, 0.00010100615890055264, 8.775851880036715e-05, 7.507500000000004e-05, 6.307046640979886e-05, 5.185363294490452e-05, 4.1526080986144726e-05, 3.2181338443319054e-05, 2.3904032751964362e-05, 1.6769124474194242e-05, 1.0841228444239921e-05, 6.174028606506136e-06, 2.8097918454571294e-06, 7.789852101659659e-07, 1e-07, 0.0002994598034069519, 0.0002978431057566389]
   loss_E                   = +0.5077 (20.1%)
   loss_Mag                 = +0.5312 (21.1%)
   loss_Dir                 = +1.4840 (58.8%)
Returning 2.5229315757751465
Training epoch 65
[0.83139971 0.12395666 1.88280435 0.12443847 0.65827399 0.04620066
 0.51765253 0.07930421 0.35119582 0.03487239 0.37365795 0.04610811
 0.04897189 0.06450558 0.04429713 0.05102437 0.46802837 0.0305869
 0.31133051 0.04347663 0.22607036 0.02261723 0.25292401 0.03512802
 0.03199539 0.04262493 0.02968535 0.03811761 0.43116302 0.03163979
 0.23322036 0.03417755 0.23276892 0.02450933 0.23810611 0.03397538
 0.02750498 0.03530211 0.02691989 0.03730412 0.28201558 0.02331498
 0.15361054 0.01179799 0.17282136 0.01876911 0.29725315 0.02901287
 0.01306302 0.01866411 0.03700275 0.0582739  0.03947935 0.05179954
 0.2989536  0.02953345 0.39009431 0.05636753 0.04886856 0.06740471
 1.10239574 0.11636425]
   train loss_E                   = +0.1137 (16.6%)
   train loss_Mag                 = +0.1768 (25.9%)
   train loss_Dir                 = +0.3932 (57.5%)
train loss :  0.6836854219436646
learning rate :  [0.0002991785582104726, 0.0002967232327300342, 0.00029266092461845833, 0.000287036141373508, 0.0002799105092974766, 0.0002713620983065234, 0.0002614845665803353, 0.0002503861344235108, 0.00023818839858125637, 0.000225025, 0.0002110401596292163, 0.0001963870983065234, 0.000181226358038123, 0.00016572404306698467, 0.00015005000000000002, 0.0001343759569330154, 0.00011887364196187702, 0.00010371290169347665, 8.905984037078379e-05, 7.507500000000004e-05, 6.191160141874367e-05, 4.9713865576489265e-05, 3.861543341966472e-05, 2.873790169347665e-05, 2.0189490702523417e-05, 1.3063858626491986e-05, 7.439075381541728e-06, 3.376767269965837e-06, 9.214417895274203e-07, 1e-07, 0.0002993210147898341, 0.0002972902081545429, 0.0002939259713934939, 0.0002892587715557601, 0.0002833308755258058, 0.00027619596724803565, 0.00026791866155668104, 0.0002585739190138553, 0.00024824636705509555, 0.0002370295335902012, 0.000225025, 0.0002123414811996329, 0.00019909384109944743, 0.00018540205237963864, 0.00017139010999907915, 0.0001571849082777702, 0.00014291509172222985, 0.0001287098900009209, 0.00011469794762036137, 0.00010100615890055264, 8.775851880036715e-05, 7.507500000000004e-05, 6.307046640979886e-05, 5.185363294490452e-05, 4.1526080986144726e-05, 3.2181338443319054e-05, 2.3904032751964362e-05, 1.6769124474194242e-05, 1.0841228444239921e-05, 6.174028606506136e-06, 2.8097918454571294e-06, 7.789852101659659e-07, 1e-07, 0.0002994598034069519, 0.0002978431057566389, 0.0002951615553926782]
   loss_E                   = +0.4936 (19.4%)
   loss_Mag                 = +0.5436 (21.4%)
   loss_Dir                 = +1.5026 (59.2%)
Returning 2.539735794067383
Training epoch 66
[0.88064043 0.1290833  1.9766234  0.13034824 0.68199501 0.04787749
 0.55130694 0.08384581 0.37011572 0.03664195 0.38635286 0.04787662
 0.05128909 0.06797119 0.04635518 0.05316454 0.48679579 0.03169429
 0.3252657  0.04452985 0.24020904 0.02403724 0.26226681 0.03690057
 0.03382135 0.04427582 0.03133512 0.04012261 0.48401554 0.03612942
 0.2480586  0.03558074 0.24215297 0.02523072 0.24445058 0.03453203
 0.02930138 0.03729717 0.02804946 0.03826386 0.31223827 0.0256129
 0.15321223 0.01188711 0.17105364 0.01826703 0.28783787 0.02865751
 0.01291877 0.01889898 0.03625269 0.05751311 0.03846188 0.0509525
 0.29690097 0.02982234 0.39069776 0.05894786 0.04935696 0.06755162
 1.11952659 0.11676201]
   train loss_E                   = +0.1162 (16.8%)
   train loss_Mag                 = +0.1780 (25.7%)
   train loss_Dir                 = +0.3991 (57.6%)
train loss :  0.6933498382568359
learning rate :  [0.0002991785582104726, 0.0002967232327300342, 0.00029266092461845833, 0.000287036141373508, 0.0002799105092974766, 0.0002713620983065234, 0.0002614845665803353, 0.0002503861344235108, 0.00023818839858125637, 0.000225025, 0.0002110401596292163, 0.0001963870983065234, 0.000181226358038123, 0.00016572404306698467, 0.00015005000000000002, 0.0001343759569330154, 0.00011887364196187702, 0.00010371290169347665, 8.905984037078379e-05, 7.507500000000004e-05, 6.191160141874367e-05, 4.9713865576489265e-05, 3.861543341966472e-05, 2.873790169347665e-05, 2.0189490702523417e-05, 1.3063858626491986e-05, 7.439075381541728e-06, 3.376767269965837e-06, 9.214417895274203e-07, 1e-07, 0.0002993210147898341, 0.0002972902081545429, 0.0002939259713934939, 0.0002892587715557601, 0.0002833308755258058, 0.00027619596724803565, 0.00026791866155668104, 0.0002585739190138553, 0.00024824636705509555, 0.0002370295335902012, 0.000225025, 0.0002123414811996329, 0.00019909384109944743, 0.00018540205237963864, 0.00017139010999907915, 0.0001571849082777702, 0.00014291509172222985, 0.0001287098900009209, 0.00011469794762036137, 0.00010100615890055264, 8.775851880036715e-05, 7.507500000000004e-05, 6.307046640979886e-05, 5.185363294490452e-05, 4.1526080986144726e-05, 3.2181338443319054e-05, 2.3904032751964362e-05, 1.6769124474194242e-05, 1.0841228444239921e-05, 6.174028606506136e-06, 2.8097918454571294e-06, 7.789852101659659e-07, 1e-07, 0.0002994598034069519, 0.0002978431057566389, 0.0002951615553926782, 0.0002914344729468896]
   loss_E                   = +0.4990 (21.4%)
   loss_Mag                 = +0.5451 (23.4%)
   loss_Dir                 = +1.2828 (55.1%)
Returning 2.326899528503418
Training epoch 67
[0.86922519 0.12986617 1.93886844 0.13007442 0.70404338 0.04918645
 0.54149327 0.08301858 0.36460861 0.03649653 0.38437206 0.0479056
 0.05091349 0.06758273 0.04792259 0.05387153 0.48312813 0.03125027
 0.3255048  0.04586265 0.23379945 0.02367645 0.26489461 0.0369923
 0.03430225 0.04508431 0.03108291 0.0401904  0.46003441 0.03423194
 0.23424787 0.03559617 0.23542699 0.02500863 0.24039607 0.03515912
 0.02937669 0.03716881 0.02815344 0.039063   0.26727801 0.02196729
 0.15825389 0.01208232 0.18007903 0.01960061 0.30932168 0.03076709
 0.0133322  0.01963892 0.03975655 0.06360314 0.04132666 0.05455429
 0.3031634  0.02997546 0.40626587 0.05610919 0.05353227 0.07585442
 1.21893949 0.13120059]
   train loss_E                   = +0.1137 (16.6%)
   train loss_Mag                 = +0.1752 (25.6%)
   train loss_Dir                 = +0.3944 (57.7%)
train loss :  0.683313250541687
learning rate :  [0.0002991785582104726, 0.0002967232327300342, 0.00029266092461845833, 0.000287036141373508, 0.0002799105092974766, 0.0002713620983065234, 0.0002614845665803353, 0.0002503861344235108, 0.00023818839858125637, 0.000225025, 0.0002110401596292163, 0.0001963870983065234, 0.000181226358038123, 0.00016572404306698467, 0.00015005000000000002, 0.0001343759569330154, 0.00011887364196187702, 0.00010371290169347665, 8.905984037078379e-05, 7.507500000000004e-05, 6.191160141874367e-05, 4.9713865576489265e-05, 3.861543341966472e-05, 2.873790169347665e-05, 2.0189490702523417e-05, 1.3063858626491986e-05, 7.439075381541728e-06, 3.376767269965837e-06, 9.214417895274203e-07, 1e-07, 0.0002993210147898341, 0.0002972902081545429, 0.0002939259713934939, 0.0002892587715557601, 0.0002833308755258058, 0.00027619596724803565, 0.00026791866155668104, 0.0002585739190138553, 0.00024824636705509555, 0.0002370295335902012, 0.000225025, 0.0002123414811996329, 0.00019909384109944743, 0.00018540205237963864, 0.00017139010999907915, 0.0001571849082777702, 0.00014291509172222985, 0.0001287098900009209, 0.00011469794762036137, 0.00010100615890055264, 8.775851880036715e-05, 7.507500000000004e-05, 6.307046640979886e-05, 5.185363294490452e-05, 4.1526080986144726e-05, 3.2181338443319054e-05, 2.3904032751964362e-05, 1.6769124474194242e-05, 1.0841228444239921e-05, 6.174028606506136e-06, 2.8097918454571294e-06, 7.789852101659659e-07, 1e-07, 0.0002994598034069519, 0.0002978431057566389, 0.0002951615553926782, 0.0002914344729468896, 0.00028668871213370097]
   loss_E                   = +0.5027 (18.9%)
   loss_Mag                 = +0.5236 (19.7%)
   loss_Dir                 = +1.6327 (61.4%)
Returning 2.659022569656372
Training epoch 68
[1.10584257 0.16388448 2.5173906  0.16818941 0.78531958 0.0547155
 0.69984437 0.10739776 0.45112435 0.04644196 0.48287708 0.06096871
 0.06308268 0.0901658  0.06114739 0.06976206 0.54110987 0.03664033
 0.40263358 0.06105015 0.28810732 0.0297634  0.33190771 0.0481224
 0.04428369 0.06042725 0.03980731 0.05216502 0.51718583 0.03944805
 0.29831997 0.04664242 0.29255388 0.03173693 0.30228841 0.045567
 0.03744248 0.04868947 0.03542946 0.05046845 0.32317899 0.02681793
 0.18785126 0.01417358 0.21142503 0.02374156 0.37034231 0.03975918
 0.01597491 0.02415492 0.04928261 0.08131484 0.05464956 0.06936897
 0.37219013 0.03743151 0.51663598 0.07039063 0.06383041 0.09501872
 1.46435855 0.16446784]
   train loss_E                   = +0.1150 (16.6%)
   train loss_Mag                 = +0.1705 (24.7%)
   train loss_Dir                 = +0.4057 (58.7%)
train loss :  0.6911664009094238
learning rate :  [0.0002991785582104726, 0.0002967232327300342, 0.00029266092461845833, 0.000287036141373508, 0.0002799105092974766, 0.0002713620983065234, 0.0002614845665803353, 0.0002503861344235108, 0.00023818839858125637, 0.000225025, 0.0002110401596292163, 0.0001963870983065234, 0.000181226358038123, 0.00016572404306698467, 0.00015005000000000002, 0.0001343759569330154, 0.00011887364196187702, 0.00010371290169347665, 8.905984037078379e-05, 7.507500000000004e-05, 6.191160141874367e-05, 4.9713865576489265e-05, 3.861543341966472e-05, 2.873790169347665e-05, 2.0189490702523417e-05, 1.3063858626491986e-05, 7.439075381541728e-06, 3.376767269965837e-06, 9.214417895274203e-07, 1e-07, 0.0002993210147898341, 0.0002972902081545429, 0.0002939259713934939, 0.0002892587715557601, 0.0002833308755258058, 0.00027619596724803565, 0.00026791866155668104, 0.0002585739190138553, 0.00024824636705509555, 0.0002370295335902012, 0.000225025, 0.0002123414811996329, 0.00019909384109944743, 0.00018540205237963864, 0.00017139010999907915, 0.0001571849082777702, 0.00014291509172222985, 0.0001287098900009209, 0.00011469794762036137, 0.00010100615890055264, 8.775851880036715e-05, 7.507500000000004e-05, 6.307046640979886e-05, 5.185363294490452e-05, 4.1526080986144726e-05, 3.2181338443319054e-05, 2.3904032751964362e-05, 1.6769124474194242e-05, 1.0841228444239921e-05, 6.174028606506136e-06, 2.8097918454571294e-06, 7.789852101659659e-07, 1e-07, 0.0002994598034069519, 0.0002978431057566389, 0.0002951615553926782, 0.0002914344729468896, 0.00028668871213370097, 0.0002809584662685202]
   loss_E                   = +0.5167 (18.6%)
   loss_Mag                 = +0.5106 (18.4%)
   loss_Dir                 = +1.7524 (63.0%)
Returning 2.779722213745117
Training epoch 69
[0.89518381 0.12849942 1.97843144 0.12917303 0.71033839 0.0494694
 0.53176513 0.08168637 0.36905069 0.03682597 0.39421643 0.04815857
 0.05105075 0.06934116 0.04912312 0.05485702 0.52728776 0.0346894
 0.33642005 0.04726141 0.24260871 0.02448948 0.26649807 0.03728582
 0.035612   0.04708428 0.03174551 0.04085076 0.44788091 0.0341596
 0.24179193 0.03674646 0.24017869 0.02518468 0.23404811 0.03506284
 0.03046681 0.03818906 0.02785265 0.03815533 0.28322165 0.02331064
 0.14562259 0.0115427  0.16755408 0.0183795  0.28451578 0.0292722
 0.01286487 0.0184111  0.03691073 0.06007487 0.03979914 0.0495273
 0.27458175 0.02730881 0.37420372 0.05271482 0.04937297 0.07144216
 1.123762   0.12345301]
   train loss_E                   = +0.1196 (17.1%)
   train loss_Mag                 = +0.1727 (24.7%)
   train loss_Dir                 = +0.4078 (58.2%)
train loss :  0.7000615000724792
learning rate :  [0.0002991785582104726, 0.0002967232327300342, 0.00029266092461845833, 0.000287036141373508, 0.0002799105092974766, 0.0002713620983065234, 0.0002614845665803353, 0.0002503861344235108, 0.00023818839858125637, 0.000225025, 0.0002110401596292163, 0.0001963870983065234, 0.000181226358038123, 0.00016572404306698467, 0.00015005000000000002, 0.0001343759569330154, 0.00011887364196187702, 0.00010371290169347665, 8.905984037078379e-05, 7.507500000000004e-05, 6.191160141874367e-05, 4.9713865576489265e-05, 3.861543341966472e-05, 2.873790169347665e-05, 2.0189490702523417e-05, 1.3063858626491986e-05, 7.439075381541728e-06, 3.376767269965837e-06, 9.214417895274203e-07, 1e-07, 0.0002993210147898341, 0.0002972902081545429, 0.0002939259713934939, 0.0002892587715557601, 0.0002833308755258058, 0.00027619596724803565, 0.00026791866155668104, 0.0002585739190138553, 0.00024824636705509555, 0.0002370295335902012, 0.000225025, 0.0002123414811996329, 0.00019909384109944743, 0.00018540205237963864, 0.00017139010999907915, 0.0001571849082777702, 0.00014291509172222985, 0.0001287098900009209, 0.00011469794762036137, 0.00010100615890055264, 8.775851880036715e-05, 7.507500000000004e-05, 6.307046640979886e-05, 5.185363294490452e-05, 4.1526080986144726e-05, 3.2181338443319054e-05, 2.3904032751964362e-05, 1.6769124474194242e-05, 1.0841228444239921e-05, 6.174028606506136e-06, 2.8097918454571294e-06, 7.789852101659659e-07, 1e-07, 0.0002994598034069519, 0.0002978431057566389, 0.0002951615553926782, 0.0002914344729468896, 0.00028668871213370097, 0.0002809584662685202, 0.00027428502190411414]
   loss_E                   = +0.4976 (20.0%)
   loss_Mag                 = +0.5406 (21.8%)
   loss_Dir                 = +1.4459 (58.2%)
Returning 2.4841132164001465
Training epoch 70
[0.81844824 0.1167086  1.74400637 0.11148485 0.69562453 0.0480338
 0.4530413  0.0697857  0.32810725 0.03201915 0.34724648 0.04208243
 0.04458922 0.05897092 0.041419   0.0478503  0.49069277 0.03168978
 0.29225417 0.04188139 0.23437324 0.02318695 0.23403762 0.03377634
 0.0317198  0.04089484 0.02801039 0.03611898 0.4848456  0.03532638
 0.22734431 0.03335175 0.22147172 0.02269231 0.20766597 0.03071709
 0.02756348 0.03467882 0.02433451 0.03365057 0.31068922 0.02618858
 0.13384197 0.01138683 0.14820514 0.0156437  0.24285615 0.02389373
 0.01154557 0.01694902 0.03022894 0.04842333 0.03105768 0.0418885
 0.24143388 0.02412552 0.31204801 0.04981569 0.04153231 0.05736976
 0.94872591 0.09908648]
   train loss_E                   = +0.1137 (16.6%)
   train loss_Mag                 = +0.1762 (25.8%)
   train loss_Dir                 = +0.3936 (57.6%)
train loss :  0.6835391521453857
learning rate :  [0.0002991785582104726, 0.0002967232327300342, 0.00029266092461845833, 0.000287036141373508, 0.0002799105092974766, 0.0002713620983065234, 0.0002614845665803353, 0.0002503861344235108, 0.00023818839858125637, 0.000225025, 0.0002110401596292163, 0.0001963870983065234, 0.000181226358038123, 0.00016572404306698467, 0.00015005000000000002, 0.0001343759569330154, 0.00011887364196187702, 0.00010371290169347665, 8.905984037078379e-05, 7.507500000000004e-05, 6.191160141874367e-05, 4.9713865576489265e-05, 3.861543341966472e-05, 2.873790169347665e-05, 2.0189490702523417e-05, 1.3063858626491986e-05, 7.439075381541728e-06, 3.376767269965837e-06, 9.214417895274203e-07, 1e-07, 0.0002993210147898341, 0.0002972902081545429, 0.0002939259713934939, 0.0002892587715557601, 0.0002833308755258058, 0.00027619596724803565, 0.00026791866155668104, 0.0002585739190138553, 0.00024824636705509555, 0.0002370295335902012, 0.000225025, 0.0002123414811996329, 0.00019909384109944743, 0.00018540205237963864, 0.00017139010999907915, 0.0001571849082777702, 0.00014291509172222985, 0.0001287098900009209, 0.00011469794762036137, 0.00010100615890055264, 8.775851880036715e-05, 7.507500000000004e-05, 6.307046640979886e-05, 5.185363294490452e-05, 4.1526080986144726e-05, 3.2181338443319054e-05, 2.3904032751964362e-05, 1.6769124474194242e-05, 1.0841228444239921e-05, 6.174028606506136e-06, 2.8097918454571294e-06, 7.789852101659659e-07, 1e-07, 0.0002994598034069519, 0.0002978431057566389, 0.0002951615553926782, 0.0002914344729468896, 0.00028668871213370097, 0.0002809584662685202, 0.00027428502190411414, 0.00026671646136005006]
   loss_E                   = +0.4995 (20.5%)
   loss_Mag                 = +0.5358 (21.9%)
   loss_Dir                 = +1.4062 (57.6%)
Returning 2.4415435791015625
Training epoch 71
[0.7928144  0.11305097 1.67872475 0.1096875  0.67216156 0.0462272
 0.45760064 0.06903713 0.31918711 0.03130421 0.32552012 0.0405634
 0.043901   0.05729936 0.04004024 0.0462595  0.4567975  0.029114
 0.27910577 0.03906912 0.21153555 0.02088562 0.21780687 0.03147504
 0.02953671 0.03862507 0.02669966 0.03451109 0.43188926 0.031348
 0.20631077 0.03128443 0.20640301 0.02130162 0.19516048 0.02913144
 0.02561214 0.03222894 0.0234244  0.03225574 0.26828781 0.02210053
 0.13022884 0.010904   0.14545558 0.01530063 0.23396576 0.02389403
 0.01142458 0.01664965 0.03018364 0.0486935  0.03129344 0.04199299
 0.24041253 0.02403766 0.31330446 0.04978458 0.04080339 0.05736849
 0.93683818 0.09922085]
   train loss_E                   = +0.1109 (16.4%)
   train loss_Mag                 = +0.1770 (26.1%)
   train loss_Dir                 = +0.3892 (57.5%)
train loss :  0.6771097779273987
learning rate :  [0.0002991785582104726, 0.0002967232327300342, 0.00029266092461845833, 0.000287036141373508, 0.0002799105092974766, 0.0002713620983065234, 0.0002614845665803353, 0.0002503861344235108, 0.00023818839858125637, 0.000225025, 0.0002110401596292163, 0.0001963870983065234, 0.000181226358038123, 0.00016572404306698467, 0.00015005000000000002, 0.0001343759569330154, 0.00011887364196187702, 0.00010371290169347665, 8.905984037078379e-05, 7.507500000000004e-05, 6.191160141874367e-05, 4.9713865576489265e-05, 3.861543341966472e-05, 2.873790169347665e-05, 2.0189490702523417e-05, 1.3063858626491986e-05, 7.439075381541728e-06, 3.376767269965837e-06, 9.214417895274203e-07, 1e-07, 0.0002993210147898341, 0.0002972902081545429, 0.0002939259713934939, 0.0002892587715557601, 0.0002833308755258058, 0.00027619596724803565, 0.00026791866155668104, 0.0002585739190138553, 0.00024824636705509555, 0.0002370295335902012, 0.000225025, 0.0002123414811996329, 0.00019909384109944743, 0.00018540205237963864, 0.00017139010999907915, 0.0001571849082777702, 0.00014291509172222985, 0.0001287098900009209, 0.00011469794762036137, 0.00010100615890055264, 8.775851880036715e-05, 7.507500000000004e-05, 6.307046640979886e-05, 5.185363294490452e-05, 4.1526080986144726e-05, 3.2181338443319054e-05, 2.3904032751964362e-05, 1.6769124474194242e-05, 1.0841228444239921e-05, 6.174028606506136e-06, 2.8097918454571294e-06, 7.789852101659659e-07, 1e-07, 0.0002994598034069519, 0.0002978431057566389, 0.0002951615553926782, 0.0002914344729468896, 0.00028668871213370097, 0.0002809584662685202, 0.00027428502190411414, 0.00026671646136005006, 0.00025830731628848097]
   loss_E                   = +0.4956 (20.3%)
   loss_Mag                 = +0.5361 (21.9%)
   loss_Dir                 = +1.4108 (57.8%)
Returning 2.442472219467163
Training epoch 72
[0.87360884 0.1261374  1.86602033 0.12228116 0.686001   0.04792842
 0.49534063 0.07667504 0.35181708 0.03490815 0.36625186 0.04630365
 0.04820172 0.06477209 0.04409718 0.05173398 0.46889753 0.03111651
 0.31580665 0.04454505 0.23111581 0.02317433 0.25224926 0.03630084
 0.03242129 0.04437792 0.02881306 0.03921354 0.4385577  0.03282753
 0.2260175  0.03557727 0.23078761 0.02464136 0.23011532 0.03444046
 0.02781235 0.03699545 0.02650285 0.03836182 0.27481551 0.02301355
 0.14869653 0.01189002 0.16873805 0.0182854  0.28808719 0.02906751
 0.01248637 0.0190457  0.0366968  0.05988596 0.0399653  0.05326068
 0.2834406  0.02848097 0.37740655 0.05484162 0.04802066 0.06962794
 1.09972891 0.12045294]
   train loss_E                   = +0.1095 (16.4%)
   train loss_Mag                 = +0.1680 (25.1%)
   train loss_Dir                 = +0.3910 (58.5%)
train loss :  0.6685208082199097
learning rate :  [0.0002991785582104726, 0.0002967232327300342, 0.00029266092461845833, 0.000287036141373508, 0.0002799105092974766, 0.0002713620983065234, 0.0002614845665803353, 0.0002503861344235108, 0.00023818839858125637, 0.000225025, 0.0002110401596292163, 0.0001963870983065234, 0.000181226358038123, 0.00016572404306698467, 0.00015005000000000002, 0.0001343759569330154, 0.00011887364196187702, 0.00010371290169347665, 8.905984037078379e-05, 7.507500000000004e-05, 6.191160141874367e-05, 4.9713865576489265e-05, 3.861543341966472e-05, 2.873790169347665e-05, 2.0189490702523417e-05, 1.3063858626491986e-05, 7.439075381541728e-06, 3.376767269965837e-06, 9.214417895274203e-07, 1e-07, 0.0002993210147898341, 0.0002972902081545429, 0.0002939259713934939, 0.0002892587715557601, 0.0002833308755258058, 0.00027619596724803565, 0.00026791866155668104, 0.0002585739190138553, 0.00024824636705509555, 0.0002370295335902012, 0.000225025, 0.0002123414811996329, 0.00019909384109944743, 0.00018540205237963864, 0.00017139010999907915, 0.0001571849082777702, 0.00014291509172222985, 0.0001287098900009209, 0.00011469794762036137, 0.00010100615890055264, 8.775851880036715e-05, 7.507500000000004e-05, 6.307046640979886e-05, 5.185363294490452e-05, 4.1526080986144726e-05, 3.2181338443319054e-05, 2.3904032751964362e-05, 1.6769124474194242e-05, 1.0841228444239921e-05, 6.174028606506136e-06, 2.8097918454571294e-06, 7.789852101659659e-07, 1e-07, 0.0002994598034069519, 0.0002978431057566389, 0.0002951615553926782, 0.0002914344729468896, 0.00028668871213370097, 0.0002809584662685202, 0.00027428502190411414, 0.00026671646136005006, 0.00025830731628848097, 0.00024911817477234275]
   loss_E                   = +0.4958 (19.9%)
   loss_Mag                 = +0.5301 (21.3%)
   loss_Dir                 = +1.4610 (58.7%)
Returning 2.4869425296783447
Training epoch 73
[0.92288148 0.12316438 1.91081241 0.11474547 0.75775206 0.05231745
 0.49029096 0.07424583 0.37264204 0.0359073  0.38240608 0.04320002
 0.05190388 0.06508704 0.04512737 0.04881501 0.5369512  0.03468912
 0.31337749 0.04459778 0.2556167  0.02468274 0.24533371 0.03347756
 0.03673439 0.04384071 0.03010103 0.03557901 0.49248908 0.03552377
 0.22879512 0.03332273 0.22959468 0.02268177 0.21312465 0.02924249
 0.03016723 0.03487777 0.02636754 0.03230776 0.33229044 0.02772976
 0.13379611 0.0111822  0.14698055 0.01523855 0.23409634 0.02193444
 0.01187605 0.01634429 0.03074125 0.04514989 0.03414996 0.04058688
 0.23599544 0.02300367 0.32674645 0.04519638 0.04016895 0.05123746
 0.89432695 0.08844894]
   train loss_E                   = +0.1121 (16.6%)
   train loss_Mag                 = +0.1714 (25.4%)
   train loss_Dir                 = +0.3921 (58.0%)
train loss :  0.675589919090271
learning rate :  [0.0002991785582104726, 0.0002967232327300342, 0.00029266092461845833, 0.000287036141373508, 0.0002799105092974766, 0.0002713620983065234, 0.0002614845665803353, 0.0002503861344235108, 0.00023818839858125637, 0.000225025, 0.0002110401596292163, 0.0001963870983065234, 0.000181226358038123, 0.00016572404306698467, 0.00015005000000000002, 0.0001343759569330154, 0.00011887364196187702, 0.00010371290169347665, 8.905984037078379e-05, 7.507500000000004e-05, 6.191160141874367e-05, 4.9713865576489265e-05, 3.861543341966472e-05, 2.873790169347665e-05, 2.0189490702523417e-05, 1.3063858626491986e-05, 7.439075381541728e-06, 3.376767269965837e-06, 9.214417895274203e-07, 1e-07, 0.0002993210147898341, 0.0002972902081545429, 0.0002939259713934939, 0.0002892587715557601, 0.0002833308755258058, 0.00027619596724803565, 0.00026791866155668104, 0.0002585739190138553, 0.00024824636705509555, 0.0002370295335902012, 0.000225025, 0.0002123414811996329, 0.00019909384109944743, 0.00018540205237963864, 0.00017139010999907915, 0.0001571849082777702, 0.00014291509172222985, 0.0001287098900009209, 0.00011469794762036137, 0.00010100615890055264, 8.775851880036715e-05, 7.507500000000004e-05, 6.307046640979886e-05, 5.185363294490452e-05, 4.1526080986144726e-05, 3.2181338443319054e-05, 2.3904032751964362e-05, 1.6769124474194242e-05, 1.0841228444239921e-05, 6.174028606506136e-06, 2.8097918454571294e-06, 7.789852101659659e-07, 1e-07, 0.0002994598034069519, 0.0002978431057566389, 0.0002951615553926782, 0.0002914344729468896, 0.00028668871213370097, 0.0002809584662685202, 0.00027428502190411414, 0.00026671646136005006, 0.00025830731628848097, 0.00024911817477234275, 0.0002392152447868278]
   loss_E                   = +0.5043 (20.1%)
   loss_Mag                 = +0.5339 (21.3%)
   loss_Dir                 = +1.4713 (58.6%)
Returning 2.509553909301758
Training epoch 74
[0.90472921 0.13407452 1.96250083 0.13286577 0.72193509 0.05057
 0.54325643 0.08515246 0.3590662  0.03641867 0.37558253 0.04738524
 0.05021442 0.06967377 0.04612955 0.05462223 0.48345674 0.03096835
 0.31470144 0.04558701 0.23019308 0.02338285 0.2486225  0.03722227
 0.034003   0.04510318 0.0307548  0.04067848 0.4461446  0.03335589
 0.22352269 0.03575977 0.22859833 0.02433914 0.22097252 0.03477436
 0.02867344 0.0370154  0.02659242 0.03878131 0.28966159 0.02417619
 0.1442844  0.01212179 0.16741344 0.01860181 0.27858282 0.03025522
 0.0128051  0.01892483 0.03524258 0.06043157 0.03558386 0.04926828
 0.26549196 0.02668102 0.32583719 0.04990053 0.04776674 0.07221322
 1.10755734 0.12457627]
   train loss_E                   = +0.1122 (16.7%)
   train loss_Mag                 = +0.1764 (26.3%)
   train loss_Dir                 = +0.3832 (57.0%)
train loss :  0.6717507839202881
learning rate :  [0.0002991785582104726, 0.0002967232327300342, 0.00029266092461845833, 0.000287036141373508, 0.0002799105092974766, 0.0002713620983065234, 0.0002614845665803353, 0.0002503861344235108, 0.00023818839858125637, 0.000225025, 0.0002110401596292163, 0.0001963870983065234, 0.000181226358038123, 0.00016572404306698467, 0.00015005000000000002, 0.0001343759569330154, 0.00011887364196187702, 0.00010371290169347665, 8.905984037078379e-05, 7.507500000000004e-05, 6.191160141874367e-05, 4.9713865576489265e-05, 3.861543341966472e-05, 2.873790169347665e-05, 2.0189490702523417e-05, 1.3063858626491986e-05, 7.439075381541728e-06, 3.376767269965837e-06, 9.214417895274203e-07, 1e-07, 0.0002993210147898341, 0.0002972902081545429, 0.0002939259713934939, 0.0002892587715557601, 0.0002833308755258058, 0.00027619596724803565, 0.00026791866155668104, 0.0002585739190138553, 0.00024824636705509555, 0.0002370295335902012, 0.000225025, 0.0002123414811996329, 0.00019909384109944743, 0.00018540205237963864, 0.00017139010999907915, 0.0001571849082777702, 0.00014291509172222985, 0.0001287098900009209, 0.00011469794762036137, 0.00010100615890055264, 8.775851880036715e-05, 7.507500000000004e-05, 6.307046640979886e-05, 5.185363294490452e-05, 4.1526080986144726e-05, 3.2181338443319054e-05, 2.3904032751964362e-05, 1.6769124474194242e-05, 1.0841228444239921e-05, 6.174028606506136e-06, 2.8097918454571294e-06, 7.789852101659659e-07, 1e-07, 0.0002994598034069519, 0.0002978431057566389, 0.0002951615553926782, 0.0002914344729468896, 0.00028668871213370097, 0.0002809584662685202, 0.00027428502190411414, 0.00026671646136005006, 0.00025830731628848097, 0.00024911817477234275, 0.0002392152447868278, 0.00022866987716940694]
   loss_E                   = +0.5002 (20.8%)
   loss_Mag                 = +0.5391 (22.4%)
   loss_Dir                 = +1.3623 (56.7%)
Returning 2.401590585708618
Training epoch 75
[0.85537884 0.11822415 1.76473306 0.11163104 0.70578591 0.04904886
 0.45656662 0.07019111 0.33445868 0.03253664 0.34953581 0.04203575
 0.04660124 0.06039886 0.04116003 0.04763851 0.49979657 0.03198929
 0.29511697 0.04196358 0.23305369 0.02265781 0.22947918 0.03300626
 0.03204611 0.04070975 0.02782276 0.03565419 0.47684587 0.03443061
 0.21327475 0.03245409 0.21869088 0.02227194 0.20305688 0.02976146
 0.0265366  0.03349388 0.02423843 0.03321373 0.31200923 0.02571915
 0.12922601 0.0104558  0.14463756 0.01536569 0.23200817 0.02384785
 0.01132183 0.01620855 0.02955896 0.04795816 0.03005346 0.04068941
 0.22824437 0.02267757 0.29296227 0.04341795 0.04006482 0.05675182
 0.9126302  0.09783881]
   train loss_E                   = +0.1100 (16.6%)
   train loss_Mag                 = +0.1706 (25.8%)
   train loss_Dir                 = +0.3814 (57.6%)
train loss :  0.6620036363601685
learning rate :  [0.0002991785582104726, 0.0002967232327300342, 0.00029266092461845833, 0.000287036141373508, 0.0002799105092974766, 0.0002713620983065234, 0.0002614845665803353, 0.0002503861344235108, 0.00023818839858125637, 0.000225025, 0.0002110401596292163, 0.0001963870983065234, 0.000181226358038123, 0.00016572404306698467, 0.00015005000000000002, 0.0001343759569330154, 0.00011887364196187702, 0.00010371290169347665, 8.905984037078379e-05, 7.507500000000004e-05, 6.191160141874367e-05, 4.9713865576489265e-05, 3.861543341966472e-05, 2.873790169347665e-05, 2.0189490702523417e-05, 1.3063858626491986e-05, 7.439075381541728e-06, 3.376767269965837e-06, 9.214417895274203e-07, 1e-07, 0.0002993210147898341, 0.0002972902081545429, 0.0002939259713934939, 0.0002892587715557601, 0.0002833308755258058, 0.00027619596724803565, 0.00026791866155668104, 0.0002585739190138553, 0.00024824636705509555, 0.0002370295335902012, 0.000225025, 0.0002123414811996329, 0.00019909384109944743, 0.00018540205237963864, 0.00017139010999907915, 0.0001571849082777702, 0.00014291509172222985, 0.0001287098900009209, 0.00011469794762036137, 0.00010100615890055264, 8.775851880036715e-05, 7.507500000000004e-05, 6.307046640979886e-05, 5.185363294490452e-05, 4.1526080986144726e-05, 3.2181338443319054e-05, 2.3904032751964362e-05, 1.6769124474194242e-05, 1.0841228444239921e-05, 6.174028606506136e-06, 2.8097918454571294e-06, 7.789852101659659e-07, 1e-07, 0.0002994598034069519, 0.0002978431057566389, 0.0002951615553926782, 0.0002914344729468896, 0.00028668871213370097, 0.0002809584662685202, 0.00027428502190411414, 0.00026671646136005006, 0.00025830731628848097, 0.00024911817477234275, 0.0002392152447868278, 0.00022866987716940694, 0.00021755805153541013]
   loss_E                   = +0.4977 (18.7%)
   loss_Mag                 = +0.5315 (20.0%)
   loss_Dir                 = +1.6309 (61.3%)
Returning 2.660069465637207
Training epoch 76
[0.99050539 0.13312484 2.11528745 0.12950421 0.71148741 0.04964805
 0.53045361 0.08108946 0.3964459  0.03931187 0.41701601 0.04874218
 0.0548727  0.07290262 0.05291121 0.05672329 0.52344465 0.03405349
 0.3469069  0.05113907 0.25997694 0.02575286 0.27641771 0.03869296
 0.03981748 0.05102046 0.03325922 0.04212033 0.46642794 0.0350057
 0.25093657 0.03900419 0.2471385  0.02565918 0.2437354  0.03490125
 0.03271199 0.04042291 0.02918412 0.03906419 0.29859381 0.02433995
 0.15322102 0.01165517 0.1700017  0.01838908 0.28396669 0.02936493
 0.01315594 0.01943042 0.0385471  0.06017885 0.04435759 0.05424323
 0.28675182 0.02841609 0.4134911  0.05330359 0.04665488 0.06612701
 1.05872981 0.11391882]
   train loss_E                   = +0.1105 (16.6%)
   train loss_Mag                 = +0.1622 (24.3%)
   train loss_Dir                 = +0.3946 (59.1%)
train loss :  0.6673135757446289
learning rate :  [0.0002991785582104726, 0.0002967232327300342, 0.00029266092461845833, 0.000287036141373508, 0.0002799105092974766, 0.0002713620983065234, 0.0002614845665803353, 0.0002503861344235108, 0.00023818839858125637, 0.000225025, 0.0002110401596292163, 0.0001963870983065234, 0.000181226358038123, 0.00016572404306698467, 0.00015005000000000002, 0.0001343759569330154, 0.00011887364196187702, 0.00010371290169347665, 8.905984037078379e-05, 7.507500000000004e-05, 6.191160141874367e-05, 4.9713865576489265e-05, 3.861543341966472e-05, 2.873790169347665e-05, 2.0189490702523417e-05, 1.3063858626491986e-05, 7.439075381541728e-06, 3.376767269965837e-06, 9.214417895274203e-07, 1e-07, 0.0002993210147898341, 0.0002972902081545429, 0.0002939259713934939, 0.0002892587715557601, 0.0002833308755258058, 0.00027619596724803565, 0.00026791866155668104, 0.0002585739190138553, 0.00024824636705509555, 0.0002370295335902012, 0.000225025, 0.0002123414811996329, 0.00019909384109944743, 0.00018540205237963864, 0.00017139010999907915, 0.0001571849082777702, 0.00014291509172222985, 0.0001287098900009209, 0.00011469794762036137, 0.00010100615890055264, 8.775851880036715e-05, 7.507500000000004e-05, 6.307046640979886e-05, 5.185363294490452e-05, 4.1526080986144726e-05, 3.2181338443319054e-05, 2.3904032751964362e-05, 1.6769124474194242e-05, 1.0841228444239921e-05, 6.174028606506136e-06, 2.8097918454571294e-06, 7.789852101659659e-07, 1e-07, 0.0002994598034069519, 0.0002978431057566389, 0.0002951615553926782, 0.0002914344729468896, 0.00028668871213370097, 0.0002809584662685202, 0.00027428502190411414, 0.00026671646136005006, 0.00025830731628848097, 0.00024911817477234275, 0.0002392152447868278, 0.00022866987716940694, 0.00021755805153541013, 0.0002059598288431573]
   loss_E                   = +0.5090 (19.9%)
   loss_Mag                 = +0.5303 (20.7%)
   loss_Dir                 = +1.5241 (59.5%)
Returning 2.5634145736694336
Training epoch 77
[0.96855549 0.12421205 2.03568615 0.11911625 0.71344242 0.0494227
 0.49673236 0.07516241 0.39595278 0.03837448 0.40533607 0.04596924
 0.05383577 0.06875834 0.04984934 0.05275866 0.561773   0.03716372
 0.33578421 0.04826063 0.27350944 0.02654152 0.2612173  0.03624932
 0.04048968 0.04801106 0.03238713 0.0390601  0.5108963  0.03748757
 0.24592793 0.03656327 0.24677301 0.0246058  0.22532005 0.03180838
 0.03251513 0.03802263 0.02744095 0.03480742 0.35060397 0.02965201
 0.13650918 0.01167477 0.1501951  0.01599347 0.23490638 0.02419233
 0.0123766  0.01718433 0.03114091 0.04794041 0.03452246 0.0428172
 0.23456523 0.02331524 0.33644326 0.04733983 0.038717   0.05269954
 0.86692951 0.0906719 ]
   train loss_E                   = +0.1132 (16.9%)
   train loss_Mag                 = +0.1675 (25.1%)
   train loss_Dir                 = +0.3878 (58.0%)
train loss :  0.6685656309127808
learning rate :  [0.0002991785582104726, 0.0002967232327300342, 0.00029266092461845833, 0.000287036141373508, 0.0002799105092974766, 0.0002713620983065234, 0.0002614845665803353, 0.0002503861344235108, 0.00023818839858125637, 0.000225025, 0.0002110401596292163, 0.0001963870983065234, 0.000181226358038123, 0.00016572404306698467, 0.00015005000000000002, 0.0001343759569330154, 0.00011887364196187702, 0.00010371290169347665, 8.905984037078379e-05, 7.507500000000004e-05, 6.191160141874367e-05, 4.9713865576489265e-05, 3.861543341966472e-05, 2.873790169347665e-05, 2.0189490702523417e-05, 1.3063858626491986e-05, 7.439075381541728e-06, 3.376767269965837e-06, 9.214417895274203e-07, 1e-07, 0.0002993210147898341, 0.0002972902081545429, 0.0002939259713934939, 0.0002892587715557601, 0.0002833308755258058, 0.00027619596724803565, 0.00026791866155668104, 0.0002585739190138553, 0.00024824636705509555, 0.0002370295335902012, 0.000225025, 0.0002123414811996329, 0.00019909384109944743, 0.00018540205237963864, 0.00017139010999907915, 0.0001571849082777702, 0.00014291509172222985, 0.0001287098900009209, 0.00011469794762036137, 0.00010100615890055264, 8.775851880036715e-05, 7.507500000000004e-05, 6.307046640979886e-05, 5.185363294490452e-05, 4.1526080986144726e-05, 3.2181338443319054e-05, 2.3904032751964362e-05, 1.6769124474194242e-05, 1.0841228444239921e-05, 6.174028606506136e-06, 2.8097918454571294e-06, 7.789852101659659e-07, 1e-07, 0.0002994598034069519, 0.0002978431057566389, 0.0002951615553926782, 0.0002914344729468896, 0.00028668871213370097, 0.0002809584662685202, 0.00027428502190411414, 0.00026671646136005006, 0.00025830731628848097, 0.00024911817477234275, 0.0002392152447868278, 0.00022866987716940694, 0.00021755805153541013, 0.0002059598288431573, 0.00019395877455291873]
   loss_E                   = +0.4969 (20.2%)
   loss_Mag                 = +0.5401 (22.0%)
   loss_Dir                 = +1.4180 (57.8%)
Returning 2.4549553394317627
Training epoch 78
[0.88342138 0.12337074 1.91833528 0.12248428 0.63830062 0.0443379
 0.50117895 0.07717008 0.35746119 0.03544718 0.36952678 0.04520953
 0.0494878  0.06702705 0.0441119  0.05164293 0.46187831 0.0300464
 0.30614738 0.04474323 0.2432558  0.02381864 0.25512731 0.0359369
 0.03334121 0.04411829 0.02969872 0.03915258 0.4348507  0.03195405
 0.22616976 0.0354566  0.23870643 0.02496882 0.22566696 0.03422332
 0.02839667 0.03669473 0.02683662 0.0378828  0.28951184 0.02355984
 0.15211572 0.01131565 0.17730028 0.01901113 0.28862546 0.02982252
 0.01309045 0.01858471 0.03615514 0.05963902 0.03666589 0.05084617
 0.26270648 0.02595405 0.3262295  0.04601514 0.04862437 0.06996237
 1.11166647 0.12020393]
   train loss_E                   = +0.1108 (16.9%)
   train loss_Mag                 = +0.1691 (25.7%)
   train loss_Dir                 = +0.3776 (57.4%)
train loss :  0.6575134992599487
learning rate :  [0.0002991785582104726, 0.0002967232327300342, 0.00029266092461845833, 0.000287036141373508, 0.0002799105092974766, 0.0002713620983065234, 0.0002614845665803353, 0.0002503861344235108, 0.00023818839858125637, 0.000225025, 0.0002110401596292163, 0.0001963870983065234, 0.000181226358038123, 0.00016572404306698467, 0.00015005000000000002, 0.0001343759569330154, 0.00011887364196187702, 0.00010371290169347665, 8.905984037078379e-05, 7.507500000000004e-05, 6.191160141874367e-05, 4.9713865576489265e-05, 3.861543341966472e-05, 2.873790169347665e-05, 2.0189490702523417e-05, 1.3063858626491986e-05, 7.439075381541728e-06, 3.376767269965837e-06, 9.214417895274203e-07, 1e-07, 0.0002993210147898341, 0.0002972902081545429, 0.0002939259713934939, 0.0002892587715557601, 0.0002833308755258058, 0.00027619596724803565, 0.00026791866155668104, 0.0002585739190138553, 0.00024824636705509555, 0.0002370295335902012, 0.000225025, 0.0002123414811996329, 0.00019909384109944743, 0.00018540205237963864, 0.00017139010999907915, 0.0001571849082777702, 0.00014291509172222985, 0.0001287098900009209, 0.00011469794762036137, 0.00010100615890055264, 8.775851880036715e-05, 7.507500000000004e-05, 6.307046640979886e-05, 5.185363294490452e-05, 4.1526080986144726e-05, 3.2181338443319054e-05, 2.3904032751964362e-05, 1.6769124474194242e-05, 1.0841228444239921e-05, 6.174028606506136e-06, 2.8097918454571294e-06, 7.789852101659659e-07, 1e-07, 0.0002994598034069519, 0.0002978431057566389, 0.0002951615553926782, 0.0002914344729468896, 0.00028668871213370097, 0.0002809584662685202, 0.00027428502190411414, 0.00026671646136005006, 0.00025830731628848097, 0.00024911817477234275, 0.0002392152447868278, 0.00022866987716940694, 0.00021755805153541013, 0.0002059598288431573, 0.00019395877455291873, 0.00018164135653585918]
   loss_E                   = +0.5103 (20.5%)
   loss_Mag                 = +0.5269 (21.1%)
   loss_Dir                 = +1.4566 (58.4%)
Returning 2.493788480758667
Training epoch 79
[0.83943671 0.11567973 1.8014372  0.11371654 0.67595248 0.04640749
 0.47500525 0.07245966 0.34627386 0.03387895 0.35132298 0.04227299
 0.04724115 0.06317231 0.04132373 0.04761814 0.47138684 0.03006109
 0.29702992 0.04216392 0.2408413  0.02328037 0.2382504  0.03340598
 0.0325294  0.04169661 0.0281572  0.03595261 0.45464961 0.03261825
 0.21414361 0.03265678 0.22447453 0.0228793  0.20479294 0.03057731
 0.02703    0.03380851 0.02460391 0.03352414 0.301137   0.02457236
 0.1322756  0.01052862 0.15317777 0.01621472 0.24266999 0.02494068
 0.01166792 0.0162094  0.03058218 0.04972259 0.03086632 0.04232495
 0.22582325 0.02234705 0.28357646 0.04199953 0.04071846 0.05799841
 0.93077097 0.09960755]
   train loss_E                   = +0.1094 (16.7%)
   train loss_Mag                 = +0.1710 (26.2%)
   train loss_Dir                 = +0.3732 (57.1%)
train loss :  0.6536663174629211
learning rate :  [0.0002991785582104726, 0.0002967232327300342, 0.00029266092461845833, 0.000287036141373508, 0.0002799105092974766, 0.0002713620983065234, 0.0002614845665803353, 0.0002503861344235108, 0.00023818839858125637, 0.000225025, 0.0002110401596292163, 0.0001963870983065234, 0.000181226358038123, 0.00016572404306698467, 0.00015005000000000002, 0.0001343759569330154, 0.00011887364196187702, 0.00010371290169347665, 8.905984037078379e-05, 7.507500000000004e-05, 6.191160141874367e-05, 4.9713865576489265e-05, 3.861543341966472e-05, 2.873790169347665e-05, 2.0189490702523417e-05, 1.3063858626491986e-05, 7.439075381541728e-06, 3.376767269965837e-06, 9.214417895274203e-07, 1e-07, 0.0002993210147898341, 0.0002972902081545429, 0.0002939259713934939, 0.0002892587715557601, 0.0002833308755258058, 0.00027619596724803565, 0.00026791866155668104, 0.0002585739190138553, 0.00024824636705509555, 0.0002370295335902012, 0.000225025, 0.0002123414811996329, 0.00019909384109944743, 0.00018540205237963864, 0.00017139010999907915, 0.0001571849082777702, 0.00014291509172222985, 0.0001287098900009209, 0.00011469794762036137, 0.00010100615890055264, 8.775851880036715e-05, 7.507500000000004e-05, 6.307046640979886e-05, 5.185363294490452e-05, 4.1526080986144726e-05, 3.2181338443319054e-05, 2.3904032751964362e-05, 1.6769124474194242e-05, 1.0841228444239921e-05, 6.174028606506136e-06, 2.8097918454571294e-06, 7.789852101659659e-07, 1e-07, 0.0002994598034069519, 0.0002978431057566389, 0.0002951615553926782, 0.0002914344729468896, 0.00028668871213370097, 0.0002809584662685202, 0.00027428502190411414, 0.00026671646136005006, 0.00025830731628848097, 0.00024911817477234275, 0.0002392152447868278, 0.00022866987716940694, 0.00021755805153541013, 0.0002059598288431573, 0.00019395877455291873, 0.00018164135653585918, 0.00016909632207104448]
   loss_E                   = +0.5020 (20.0%)
   loss_Mag                 = +0.5325 (21.2%)
   loss_Dir                 = +1.4800 (58.9%)
Returning 2.514525890350342
Training epoch 80
[0.97986409 0.13671913 2.13012258 0.13518377 0.68987811 0.04781502
 0.54685668 0.0849349  0.39057456 0.03883061 0.40438126 0.04986213
 0.05381153 0.07474485 0.04737152 0.05645827 0.51065105 0.03400607
 0.34055576 0.04943278 0.26582482 0.02609384 0.27003546 0.03904531
 0.03675901 0.04892989 0.0318176  0.04212131 0.48290089 0.03553176
 0.24378512 0.03794521 0.25274111 0.02623856 0.23628254 0.03567225
 0.03009265 0.03923611 0.02763966 0.03945433 0.32669523 0.02669781
 0.14851002 0.01174514 0.17325678 0.01865325 0.28125436 0.0298401
 0.01270993 0.01879883 0.0354292  0.05952647 0.03622581 0.05091683
 0.26093895 0.02575389 0.31640538 0.04565279 0.0468043  0.06893252
 1.07901028 0.11833146]
   train loss_E                   = +0.1125 (16.9%)
   train loss_Mag                 = +0.1691 (25.4%)
   train loss_Dir                 = +0.3830 (57.6%)
train loss :  0.6646146774291992
learning rate :  [0.0002991785582104726, 0.0002967232327300342, 0.00029266092461845833, 0.000287036141373508, 0.0002799105092974766, 0.0002713620983065234, 0.0002614845665803353, 0.0002503861344235108, 0.00023818839858125637, 0.000225025, 0.0002110401596292163, 0.0001963870983065234, 0.000181226358038123, 0.00016572404306698467, 0.00015005000000000002, 0.0001343759569330154, 0.00011887364196187702, 0.00010371290169347665, 8.905984037078379e-05, 7.507500000000004e-05, 6.191160141874367e-05, 4.9713865576489265e-05, 3.861543341966472e-05, 2.873790169347665e-05, 2.0189490702523417e-05, 1.3063858626491986e-05, 7.439075381541728e-06, 3.376767269965837e-06, 9.214417895274203e-07, 1e-07, 0.0002993210147898341, 0.0002972902081545429, 0.0002939259713934939, 0.0002892587715557601, 0.0002833308755258058, 0.00027619596724803565, 0.00026791866155668104, 0.0002585739190138553, 0.00024824636705509555, 0.0002370295335902012, 0.000225025, 0.0002123414811996329, 0.00019909384109944743, 0.00018540205237963864, 0.00017139010999907915, 0.0001571849082777702, 0.00014291509172222985, 0.0001287098900009209, 0.00011469794762036137, 0.00010100615890055264, 8.775851880036715e-05, 7.507500000000004e-05, 6.307046640979886e-05, 5.185363294490452e-05, 4.1526080986144726e-05, 3.2181338443319054e-05, 2.3904032751964362e-05, 1.6769124474194242e-05, 1.0841228444239921e-05, 6.174028606506136e-06, 2.8097918454571294e-06, 7.789852101659659e-07, 1e-07, 0.0002994598034069519, 0.0002978431057566389, 0.0002951615553926782, 0.0002914344729468896, 0.00028668871213370097, 0.0002809584662685202, 0.00027428502190411414, 0.00026671646136005006, 0.00025830731628848097, 0.00024911817477234275, 0.0002392152447868278, 0.00022866987716940694, 0.00021755805153541013, 0.0002059598288431573, 0.00019395877455291873, 0.00018164135653585918, 0.00016909632207104448, 0.00015641405841926247]
   loss_E                   = +0.5031 (20.9%)
   loss_Mag                 = +0.5371 (22.4%)
   loss_Dir                 = +1.3623 (56.7%)
Returning 2.4025063514709473
Training epoch 81
[0.93888835 0.12044901 2.00574456 0.11498764 0.65981539 0.04560689
 0.47857338 0.07185363 0.38967667 0.03686906 0.39836514 0.04418295
 0.05365201 0.0669032  0.04660411 0.05078387 0.5412606  0.03617626
 0.32893245 0.04806304 0.27524774 0.02597931 0.26625187 0.034079
 0.0394294  0.04709371 0.02969979 0.03653713 0.44497111 0.03224928
 0.23219976 0.0347977  0.24642573 0.02420129 0.22294714 0.03010114
 0.03023759 0.036184   0.02693393 0.0335053  0.33595239 0.02707297
 0.13897083 0.01042256 0.15434968 0.01605965 0.24651417 0.02454233
 0.01177412 0.01647364 0.03198865 0.04930677 0.03527429 0.04393482
 0.23930444 0.02318095 0.34533181 0.04447026 0.03902299 0.05495581
 0.88479464 0.09401496]
   train loss_E                   = +0.1100 (16.5%)
   train loss_Mag                 = +0.1592 (23.8%)
   train loss_Dir                 = +0.3989 (59.7%)
train loss :  0.6679959297180176
learning rate :  [0.0002991785582104726, 0.0002967232327300342, 0.00029266092461845833, 0.000287036141373508, 0.0002799105092974766, 0.0002713620983065234, 0.0002614845665803353, 0.0002503861344235108, 0.00023818839858125637, 0.000225025, 0.0002110401596292163, 0.0001963870983065234, 0.000181226358038123, 0.00016572404306698467, 0.00015005000000000002, 0.0001343759569330154, 0.00011887364196187702, 0.00010371290169347665, 8.905984037078379e-05, 7.507500000000004e-05, 6.191160141874367e-05, 4.9713865576489265e-05, 3.861543341966472e-05, 2.873790169347665e-05, 2.0189490702523417e-05, 1.3063858626491986e-05, 7.439075381541728e-06, 3.376767269965837e-06, 9.214417895274203e-07, 1e-07, 0.0002993210147898341, 0.0002972902081545429, 0.0002939259713934939, 0.0002892587715557601, 0.0002833308755258058, 0.00027619596724803565, 0.00026791866155668104, 0.0002585739190138553, 0.00024824636705509555, 0.0002370295335902012, 0.000225025, 0.0002123414811996329, 0.00019909384109944743, 0.00018540205237963864, 0.00017139010999907915, 0.0001571849082777702, 0.00014291509172222985, 0.0001287098900009209, 0.00011469794762036137, 0.00010100615890055264, 8.775851880036715e-05, 7.507500000000004e-05, 6.307046640979886e-05, 5.185363294490452e-05, 4.1526080986144726e-05, 3.2181338443319054e-05, 2.3904032751964362e-05, 1.6769124474194242e-05, 1.0841228444239921e-05, 6.174028606506136e-06, 2.8097918454571294e-06, 7.789852101659659e-07, 1e-07, 0.0002994598034069519, 0.0002978431057566389, 0.0002951615553926782, 0.0002914344729468896, 0.00028668871213370097, 0.0002809584662685202, 0.00027428502190411414, 0.00026671646136005006, 0.00025830731628848097, 0.00024911817477234275, 0.0002392152447868278, 0.00022866987716940694, 0.00021755805153541013, 0.0002059598288431573, 0.00019395877455291873, 0.00018164135653585918, 0.00016909632207104448, 0.00015641405841926247, 0.00014368594158073762]
   loss_E                   = +0.5024 (19.6%)
   loss_Mag                 = +0.5307 (20.7%)
   loss_Dir                 = +1.5261 (59.6%)
Returning 2.5592808723449707
Training epoch 82
[1.03681653 0.12681351 2.14049043 0.11737698 0.73105885 0.05022877
 0.48406153 0.07274518 0.39803912 0.03784424 0.40745654 0.04519197
 0.05630722 0.06926679 0.04934393 0.05270344 0.60676044 0.03901786
 0.35372476 0.05211541 0.29290616 0.02793097 0.27333756 0.03702031
 0.04260591 0.05069211 0.03198783 0.03925787 0.52560797 0.03856444
 0.23949452 0.03608339 0.24898265 0.02502603 0.22823084 0.03206497
 0.03030039 0.03731615 0.02723773 0.03566165 0.34460492 0.02853634
 0.13583418 0.01093498 0.1553054  0.01641732 0.23842584 0.02503926
 0.01183649 0.01687825 0.03067856 0.04924713 0.03298471 0.04221444
 0.223498   0.02184174 0.303864   0.04110671 0.03909297 0.05569266
 0.88423373 0.09521534]
   train loss_E                   = +0.1102 (16.9%)
   train loss_Mag                 = +0.1617 (24.8%)
   train loss_Dir                 = +0.3802 (58.3%)
train loss :  0.6521425247192383
learning rate :  [0.0002991785582104726, 0.0002967232327300342, 0.00029266092461845833, 0.000287036141373508, 0.0002799105092974766, 0.0002713620983065234, 0.0002614845665803353, 0.0002503861344235108, 0.00023818839858125637, 0.000225025, 0.0002110401596292163, 0.0001963870983065234, 0.000181226358038123, 0.00016572404306698467, 0.00015005000000000002, 0.0001343759569330154, 0.00011887364196187702, 0.00010371290169347665, 8.905984037078379e-05, 7.507500000000004e-05, 6.191160141874367e-05, 4.9713865576489265e-05, 3.861543341966472e-05, 2.873790169347665e-05, 2.0189490702523417e-05, 1.3063858626491986e-05, 7.439075381541728e-06, 3.376767269965837e-06, 9.214417895274203e-07, 1e-07, 0.0002993210147898341, 0.0002972902081545429, 0.0002939259713934939, 0.0002892587715557601, 0.0002833308755258058, 0.00027619596724803565, 0.00026791866155668104, 0.0002585739190138553, 0.00024824636705509555, 0.0002370295335902012, 0.000225025, 0.0002123414811996329, 0.00019909384109944743, 0.00018540205237963864, 0.00017139010999907915, 0.0001571849082777702, 0.00014291509172222985, 0.0001287098900009209, 0.00011469794762036137, 0.00010100615890055264, 8.775851880036715e-05, 7.507500000000004e-05, 6.307046640979886e-05, 5.185363294490452e-05, 4.1526080986144726e-05, 3.2181338443319054e-05, 2.3904032751964362e-05, 1.6769124474194242e-05, 1.0841228444239921e-05, 6.174028606506136e-06, 2.8097918454571294e-06, 7.789852101659659e-07, 1e-07, 0.0002994598034069519, 0.0002978431057566389, 0.0002951615553926782, 0.0002914344729468896, 0.00028668871213370097, 0.0002809584662685202, 0.00027428502190411414, 0.00026671646136005006, 0.00025830731628848097, 0.00024911817477234275, 0.0002392152447868278, 0.00022866987716940694, 0.00021755805153541013, 0.0002059598288431573, 0.00019395877455291873, 0.00018164135653585918, 0.00016909632207104448, 0.00015641405841926247, 0.00014368594158073762, 0.00013100367792895555]
   loss_E                   = +0.5126 (20.2%)
   loss_Mag                 = +0.5197 (20.5%)
   loss_Dir                 = +1.5092 (59.4%)
Returning 2.5415029525756836
Training epoch 83
[1.01827629 0.14375485 2.23556751 0.14048583 0.68423151 0.04849284
 0.54872029 0.08546631 0.39442182 0.03969839 0.43204708 0.05337639
 0.0536746  0.07599492 0.05176242 0.06201051 0.58293449 0.03880774
 0.3590668  0.05647513 0.29930386 0.02934255 0.31095375 0.04470107
 0.04135138 0.05607144 0.03447542 0.04810054 0.50834355 0.03707035
 0.2748944  0.04450304 0.28697201 0.03017745 0.27339147 0.04115777
 0.03338365 0.04567463 0.03134841 0.04551327 0.3622021  0.02987919
 0.16824787 0.01315612 0.19434589 0.02167716 0.30788296 0.03519545
 0.01353553 0.02140253 0.03940189 0.06885062 0.04060326 0.05760387
 0.27163262 0.02758138 0.3472765  0.0479731  0.05157605 0.07990019
 1.18040004 0.13655422]
   train loss_E                   = +0.1089 (16.7%)
   train loss_Mag                 = +0.1609 (24.8%)
   train loss_Dir                 = +0.3802 (58.5%)
train loss :  0.6499505043029785
learning rate :  [0.0002991785582104726, 0.0002967232327300342, 0.00029266092461845833, 0.000287036141373508, 0.0002799105092974766, 0.0002713620983065234, 0.0002614845665803353, 0.0002503861344235108, 0.00023818839858125637, 0.000225025, 0.0002110401596292163, 0.0001963870983065234, 0.000181226358038123, 0.00016572404306698467, 0.00015005000000000002, 0.0001343759569330154, 0.00011887364196187702, 0.00010371290169347665, 8.905984037078379e-05, 7.507500000000004e-05, 6.191160141874367e-05, 4.9713865576489265e-05, 3.861543341966472e-05, 2.873790169347665e-05, 2.0189490702523417e-05, 1.3063858626491986e-05, 7.439075381541728e-06, 3.376767269965837e-06, 9.214417895274203e-07, 1e-07, 0.0002993210147898341, 0.0002972902081545429, 0.0002939259713934939, 0.0002892587715557601, 0.0002833308755258058, 0.00027619596724803565, 0.00026791866155668104, 0.0002585739190138553, 0.00024824636705509555, 0.0002370295335902012, 0.000225025, 0.0002123414811996329, 0.00019909384109944743, 0.00018540205237963864, 0.00017139010999907915, 0.0001571849082777702, 0.00014291509172222985, 0.0001287098900009209, 0.00011469794762036137, 0.00010100615890055264, 8.775851880036715e-05, 7.507500000000004e-05, 6.307046640979886e-05, 5.185363294490452e-05, 4.1526080986144726e-05, 3.2181338443319054e-05, 2.3904032751964362e-05, 1.6769124474194242e-05, 1.0841228444239921e-05, 6.174028606506136e-06, 2.8097918454571294e-06, 7.789852101659659e-07, 1e-07, 0.0002994598034069519, 0.0002978431057566389, 0.0002951615553926782, 0.0002914344729468896, 0.00028668871213370097, 0.0002809584662685202, 0.00027428502190411414, 0.00026671646136005006, 0.00025830731628848097, 0.00024911817477234275, 0.0002392152447868278, 0.00022866987716940694, 0.00021755805153541013, 0.0002059598288431573, 0.00019395877455291873, 0.00018164135653585918, 0.00016909632207104448, 0.00015641405841926247, 0.00014368594158073762, 0.00013100367792895555, 0.0001184586434641409]
   loss_E                   = +0.4965 (19.1%)
   loss_Mag                 = +0.5305 (20.4%)
   loss_Dir                 = +1.5722 (60.5%)
Returning 2.599161148071289
Training epoch 84
[0.85201955 0.11530609 1.77031727 0.10703933 0.67648901 0.04710125
 0.4401969  0.06726077 0.34758823 0.0332788  0.35320817 0.04069701
 0.04635594 0.05943604 0.04029508 0.04611721 0.51469891 0.03317111
 0.28368884 0.04117087 0.2513177  0.02368918 0.23383265 0.0319282
 0.03287376 0.04017021 0.02732429 0.03419352 0.46551542 0.03348378
 0.21190133 0.03217126 0.22293214 0.0222959  0.19751171 0.02856192
 0.02653901 0.03282452 0.02253028 0.03095939 0.32759697 0.02737662
 0.12312888 0.01038805 0.13960774 0.0149231  0.21014474 0.02221254
 0.01109866 0.01531763 0.02616764 0.04272838 0.02691805 0.037148
 0.19629371 0.01961936 0.25217809 0.0373532  0.03416185 0.04902014
 0.77391772 0.08376202]
   train loss_E                   = +0.1073 (16.7%)
   train loss_Mag                 = +0.1665 (26.0%)
   train loss_Dir                 = +0.3676 (57.3%)
train loss :  0.6414302587509155
learning rate :  [0.0002991785582104726, 0.0002967232327300342, 0.00029266092461845833, 0.000287036141373508, 0.0002799105092974766, 0.0002713620983065234, 0.0002614845665803353, 0.0002503861344235108, 0.00023818839858125637, 0.000225025, 0.0002110401596292163, 0.0001963870983065234, 0.000181226358038123, 0.00016572404306698467, 0.00015005000000000002, 0.0001343759569330154, 0.00011887364196187702, 0.00010371290169347665, 8.905984037078379e-05, 7.507500000000004e-05, 6.191160141874367e-05, 4.9713865576489265e-05, 3.861543341966472e-05, 2.873790169347665e-05, 2.0189490702523417e-05, 1.3063858626491986e-05, 7.439075381541728e-06, 3.376767269965837e-06, 9.214417895274203e-07, 1e-07, 0.0002993210147898341, 0.0002972902081545429, 0.0002939259713934939, 0.0002892587715557601, 0.0002833308755258058, 0.00027619596724803565, 0.00026791866155668104, 0.0002585739190138553, 0.00024824636705509555, 0.0002370295335902012, 0.000225025, 0.0002123414811996329, 0.00019909384109944743, 0.00018540205237963864, 0.00017139010999907915, 0.0001571849082777702, 0.00014291509172222985, 0.0001287098900009209, 0.00011469794762036137, 0.00010100615890055264, 8.775851880036715e-05, 7.507500000000004e-05, 6.307046640979886e-05, 5.185363294490452e-05, 4.1526080986144726e-05, 3.2181338443319054e-05, 2.3904032751964362e-05, 1.6769124474194242e-05, 1.0841228444239921e-05, 6.174028606506136e-06, 2.8097918454571294e-06, 7.789852101659659e-07, 1e-07, 0.0002994598034069519, 0.0002978431057566389, 0.0002951615553926782, 0.0002914344729468896, 0.00028668871213370097, 0.0002809584662685202, 0.00027428502190411414, 0.00026671646136005006, 0.00025830731628848097, 0.00024911817477234275, 0.0002392152447868278, 0.00022866987716940694, 0.00021755805153541013, 0.0002059598288431573, 0.00019395877455291873, 0.00018164135653585918, 0.00016909632207104448, 0.00015641405841926247, 0.00014368594158073762, 0.00013100367792895555, 0.0001184586434641409, 0.00010614122544708129]
   loss_E                   = +0.5010 (19.8%)
   loss_Mag                 = +0.5326 (21.1%)
   loss_Dir                 = +1.4938 (59.1%)
Returning 2.5273637771606445
Training epoch 85
[0.80321449 0.10935938 1.67310646 0.1028043  0.65287159 0.04555474
 0.42625958 0.06452587 0.33346984 0.03207113 0.33706876 0.0393333
 0.04368099 0.05691735 0.03899493 0.04450865 0.50950565 0.03224051
 0.27475562 0.03909404 0.24469324 0.02331501 0.22459294 0.03079588
 0.03088939 0.03854837 0.0260538  0.03302714 0.47218179 0.03357277
 0.20443331 0.03118419 0.20932926 0.02106497 0.18329189 0.02682138
 0.0252606  0.0320091  0.0210927  0.02879673 0.29407796 0.02389734
 0.11443088 0.01013206 0.1327329  0.01409009 0.19143353 0.0208641
 0.0101999  0.0146503  0.0239267  0.03989489 0.0241085  0.03391839
 0.17844685 0.01801875 0.21672591 0.03401737 0.0319669  0.04588399
 0.72068662 0.07836508]
   train loss_E                   = +0.1080 (16.9%)
   train loss_Mag                 = +0.1675 (26.2%)
   train loss_Dir                 = +0.3635 (56.9%)
train loss :  0.6390206217765808
learning rate :  [0.0002991785582104726, 0.0002967232327300342, 0.00029266092461845833, 0.000287036141373508, 0.0002799105092974766, 0.0002713620983065234, 0.0002614845665803353, 0.0002503861344235108, 0.00023818839858125637, 0.000225025, 0.0002110401596292163, 0.0001963870983065234, 0.000181226358038123, 0.00016572404306698467, 0.00015005000000000002, 0.0001343759569330154, 0.00011887364196187702, 0.00010371290169347665, 8.905984037078379e-05, 7.507500000000004e-05, 6.191160141874367e-05, 4.9713865576489265e-05, 3.861543341966472e-05, 2.873790169347665e-05, 2.0189490702523417e-05, 1.3063858626491986e-05, 7.439075381541728e-06, 3.376767269965837e-06, 9.214417895274203e-07, 1e-07, 0.0002993210147898341, 0.0002972902081545429, 0.0002939259713934939, 0.0002892587715557601, 0.0002833308755258058, 0.00027619596724803565, 0.00026791866155668104, 0.0002585739190138553, 0.00024824636705509555, 0.0002370295335902012, 0.000225025, 0.0002123414811996329, 0.00019909384109944743, 0.00018540205237963864, 0.00017139010999907915, 0.0001571849082777702, 0.00014291509172222985, 0.0001287098900009209, 0.00011469794762036137, 0.00010100615890055264, 8.775851880036715e-05, 7.507500000000004e-05, 6.307046640979886e-05, 5.185363294490452e-05, 4.1526080986144726e-05, 3.2181338443319054e-05, 2.3904032751964362e-05, 1.6769124474194242e-05, 1.0841228444239921e-05, 6.174028606506136e-06, 2.8097918454571294e-06, 7.789852101659659e-07, 1e-07, 0.0002994598034069519, 0.0002978431057566389, 0.0002951615553926782, 0.0002914344729468896, 0.00028668871213370097, 0.0002809584662685202, 0.00027428502190411414, 0.00026671646136005006, 0.00025830731628848097, 0.00024911817477234275, 0.0002392152447868278, 0.00022866987716940694, 0.00021755805153541013, 0.0002059598288431573, 0.00019395877455291873, 0.00018164135653585918, 0.00016909632207104448, 0.00015641405841926247, 0.00014368594158073762, 0.00013100367792895555, 0.0001184586434641409, 0.00010614122544708129, 9.414017115684274e-05]
   loss_E                   = +0.4977 (19.7%)
   loss_Mag                 = +0.5330 (21.1%)
   loss_Dir                 = +1.4920 (59.1%)
Returning 2.5226833820343018
Training epoch 86
[0.81167821 0.10351809 1.65752807 0.09448138 0.64571432 0.04488292
 0.39432362 0.0586908  0.33261351 0.03101719 0.33582456 0.03694056
 0.04391018 0.0538161  0.03796864 0.04176391 0.51041803 0.03303434
 0.27136616 0.03843721 0.24825544 0.02313219 0.21615376 0.02855951
 0.03135248 0.03731033 0.02517866 0.02993345 0.45978671 0.03287272
 0.19946416 0.02859606 0.20778183 0.01973053 0.17652471 0.02332312
 0.02506183 0.02941303 0.02052887 0.02511816 0.3235104  0.02686119
 0.10651322 0.00909534 0.12146009 0.01198927 0.16935203 0.0151986
 0.00965732 0.01244889 0.02108037 0.0291835  0.02235232 0.02868112
 0.16379512 0.01584361 0.21087313 0.02969767 0.02606786 0.03027457
 0.57130578 0.05165834]
   train loss_E                   = +0.1060 (16.7%)
   train loss_Mag                 = +0.1627 (25.7%)
   train loss_Dir                 = +0.3644 (57.6%)
train loss :  0.6331853866577148
learning rate :  [0.0002991785582104726, 0.0002967232327300342, 0.00029266092461845833, 0.000287036141373508, 0.0002799105092974766, 0.0002713620983065234, 0.0002614845665803353, 0.0002503861344235108, 0.00023818839858125637, 0.000225025, 0.0002110401596292163, 0.0001963870983065234, 0.000181226358038123, 0.00016572404306698467, 0.00015005000000000002, 0.0001343759569330154, 0.00011887364196187702, 0.00010371290169347665, 8.905984037078379e-05, 7.507500000000004e-05, 6.191160141874367e-05, 4.9713865576489265e-05, 3.861543341966472e-05, 2.873790169347665e-05, 2.0189490702523417e-05, 1.3063858626491986e-05, 7.439075381541728e-06, 3.376767269965837e-06, 9.214417895274203e-07, 1e-07, 0.0002993210147898341, 0.0002972902081545429, 0.0002939259713934939, 0.0002892587715557601, 0.0002833308755258058, 0.00027619596724803565, 0.00026791866155668104, 0.0002585739190138553, 0.00024824636705509555, 0.0002370295335902012, 0.000225025, 0.0002123414811996329, 0.00019909384109944743, 0.00018540205237963864, 0.00017139010999907915, 0.0001571849082777702, 0.00014291509172222985, 0.0001287098900009209, 0.00011469794762036137, 0.00010100615890055264, 8.775851880036715e-05, 7.507500000000004e-05, 6.307046640979886e-05, 5.185363294490452e-05, 4.1526080986144726e-05, 3.2181338443319054e-05, 2.3904032751964362e-05, 1.6769124474194242e-05, 1.0841228444239921e-05, 6.174028606506136e-06, 2.8097918454571294e-06, 7.789852101659659e-07, 1e-07, 0.0002994598034069519, 0.0002978431057566389, 0.0002951615553926782, 0.0002914344729468896, 0.00028668871213370097, 0.0002809584662685202, 0.00027428502190411414, 0.00026671646136005006, 0.00025830731628848097, 0.00024911817477234275, 0.0002392152447868278, 0.00022866987716940694, 0.00021755805153541013, 0.0002059598288431573, 0.00019395877455291873, 0.00018164135653585918, 0.00016909632207104448, 0.00015641405841926247, 0.00014368594158073762, 0.00013100367792895555, 0.0001184586434641409, 0.00010614122544708129, 9.414017115684274e-05, 8.254194846458988e-05]
   loss_E                   = +0.5048 (19.9%)
   loss_Mag                 = +0.5282 (20.8%)
   loss_Dir                 = +1.5033 (59.3%)
Returning 2.5363659858703613
Exception encountered: DataBatch(x=[310396, 11], y=[310396, 2], feat=[310396, 13], label=[310396, 9], batch=[310396], ptr=[101]) i: 19
