epoch,group,category,n,mean,std,rms90
0,energy_bin,"1-50 GeV",40292,7.906854,8.16333,5.996235
1,energy_bin,"1-50 GeV",40292,7.862909,8.114563,5.957632
2,energy_bin,"1-50 GeV",40292,0.899759,0.274967,0.149178
3,energy_bin,"1-50 GeV",40292,0.919326,0.273808,0.148757
4,energy_bin,"1-50 GeV",40292,0.876708,0.261152,0.140702
5,energy_bin,"1-50 GeV",40292,0.867121,0.249049,0.124223
6,energy_bin,"1-50 GeV",40292,0.890526,0.24942,0.119121
7,energy_bin,"1-50 GeV",40292,0.910109,0.255322,0.122218
8,energy_bin,"1-50 GeV",40292,0.946203,0.266883,0.131582
9,energy_bin,"1-50 GeV",40292,0.936404,0.256758,0.12292
10,energy_bin,"1-50 GeV",40292,0.943638,0.265477,0.126335
11,energy_bin,"1-50 GeV",40292,0.88941,0.257999,0.127765
12,energy_bin,"1-50 GeV",40292,0.963932,0.276827,0.141349
13,energy_bin,"1-50 GeV",40292,0.915364,0.255703,0.122508
14,energy_bin,"1-50 GeV",40292,0.917158,0.255099,0.118717
15,energy_bin,"1-50 GeV",40292,0.95291,0.264965,0.125489
16,energy_bin,"1-50 GeV",40292,0.934774,0.256183,0.118099
17,energy_bin,"1-50 GeV",40292,0.946515,0.264195,0.123875
18,energy_bin,"1-50 GeV",40292,0.934265,0.255232,0.118372
19,energy_bin,"1-50 GeV",40292,0.899384,0.247355,0.11276
20,energy_bin,"1-50 GeV",40292,0.920339,0.252138,0.113601
21,energy_bin,"1-50 GeV",40292,0.922673,0.250829,0.113479
22,energy_bin,"1-50 GeV",40292,0.934591,0.257985,0.114944
23,energy_bin,"1-50 GeV",40292,0.928324,0.278511,0.113647
24,energy_bin,"1-50 GeV",40292,0.922729,0.263712,0.112604
25,energy_bin,"1-50 GeV",40292,0.915021,0.252054,0.113341
26,energy_bin,"1-50 GeV",40292,0.912255,0.252682,0.111904
27,energy_bin,"1-50 GeV",40292,0.932736,0.253878,0.112075
28,energy_bin,"1-50 GeV",40292,0.926419,0.253384,0.114662
29,energy_bin,"1-50 GeV",40292,0.926489,0.2528,0.111533
30,energy_bin,"1-50 GeV",40292,0.946255,0.28175,0.143848
31,energy_bin,"1-50 GeV",40292,0.84608,0.251578,0.140633
32,energy_bin,"1-50 GeV",40292,0.884282,0.307172,0.133669
33,energy_bin,"1-50 GeV",40292,0.920113,0.264377,0.128214
34,energy_bin,"1-50 GeV",40292,0.908923,0.27311,0.143155
35,energy_bin,"1-50 GeV",40292,0.870267,0.261373,0.133713
36,energy_bin,"1-50 GeV",40292,0.881861,0.261661,0.137913
37,energy_bin,"1-50 GeV",40292,0.912801,0.277248,0.135728
38,energy_bin,"1-50 GeV",40292,0.897751,0.262242,0.133259
39,energy_bin,"1-50 GeV",40292,0.899643,0.268458,0.141907
40,energy_bin,"1-50 GeV",40292,0.887022,0.265709,0.142914
41,energy_bin,"1-50 GeV",40292,0.941878,0.28567,0.152793
42,energy_bin,"1-50 GeV",40292,0.923787,0.266705,0.131505
43,energy_bin,"1-50 GeV",40292,0.916089,0.274932,0.14067
44,energy_bin,"1-50 GeV",40292,0.91608,0.269392,0.136482
45,energy_bin,"1-50 GeV",40292,0.93806,0.275252,0.14063
46,energy_bin,"1-50 GeV",40292,0.914321,0.265398,0.133922
47,energy_bin,"1-50 GeV",40292,0.850007,0.259139,0.144733
48,energy_bin,"1-50 GeV",40292,0.82376,0.243583,0.124841
49,energy_bin,"1-50 GeV",40292,0.920892,0.265883,0.131201
50,energy_bin,"1-50 GeV",40292,0.90198,0.254759,0.122805
51,energy_bin,"1-50 GeV",40292,0.924481,0.260485,0.124303
52,energy_bin,"1-50 GeV",40292,0.910021,0.257181,0.124162
53,energy_bin,"1-50 GeV",40292,0.879346,0.24769,0.115562
54,energy_bin,"1-50 GeV",40292,0.909249,0.254802,0.120836
55,energy_bin,"1-50 GeV",40292,0.894359,0.251151,0.11888
56,energy_bin,"1-50 GeV",40292,0.8963,0.251014,0.116661
57,energy_bin,"1-50 GeV",40292,0.88835,0.246705,0.115991
58,energy_bin,"1-50 GeV",40292,0.91358,0.25599,0.121576
59,energy_bin,"1-50 GeV",40292,0.910598,0.253504,0.117714
60,energy_bin,"1-50 GeV",40292,0.891128,0.247609,0.114742
61,energy_bin,"1-50 GeV",40292,0.898677,0.250293,0.115356
62,energy_bin,"1-50 GeV",40292,0.919964,0.255821,0.11843
63,energy_bin,"1-50 GeV",40292,0.885423,0.261779,0.126951
64,energy_bin,"1-50 GeV",40292,0.873604,0.274894,0.14354
65,energy_bin,"1-50 GeV",40292,0.859684,0.25943,0.139043
66,energy_bin,"1-50 GeV",40292,0.787582,0.271886,0.163176
67,energy_bin,"1-50 GeV",40292,0.832628,0.269232,0.151781
68,energy_bin,"1-50 GeV",40292,0.918675,0.270695,0.138864
69,energy_bin,"1-50 GeV",40292,0.838995,0.263451,0.140571
70,energy_bin,"1-50 GeV",40292,0.887232,0.273226,0.145595
71,energy_bin,"1-50 GeV",40292,0.887336,0.304026,0.163215
72,energy_bin,"1-50 GeV",40292,0.896252,0.299563,0.181169
73,energy_bin,"1-50 GeV",40292,0.874385,0.378744,0.134109
74,energy_bin,"1-50 GeV",40292,0.906059,0.322821,0.140269
75,energy_bin,"1-50 GeV",40292,0.885694,0.292394,0.16406
76,energy_bin,"1-50 GeV",40292,0.893557,0.282506,0.149173
77,energy_bin,"1-50 GeV",40292,0.8501,0.261032,0.136697
78,energy_bin,"1-50 GeV",40292,0.856806,0.273975,0.140624
79,energy_bin,"1-50 GeV",40292,0.877747,0.336516,0.16907
80,energy_bin,"1-50 GeV",40292,0.801087,0.280327,0.168469
81,energy_bin,"1-50 GeV",40292,0.885543,0.317152,0.170914
82,energy_bin,"1-50 GeV",40292,0.864423,0.303382,0.170094
83,energy_bin,"1-50 GeV",40292,0.866171,0.292454,0.156055
84,energy_bin,"1-50 GeV",40292,0.888289,0.309272,0.160358
85,energy_bin,"1-50 GeV",40292,0.860316,0.289056,0.159893
86,energy_bin,"1-50 GeV",40292,0.867058,0.283585,0.15753
87,energy_bin,"1-50 GeV",40292,0.848353,0.283237,0.150563
88,energy_bin,"1-50 GeV",40292,0.863528,0.281552,0.154515
89,energy_bin,"1-50 GeV",40292,0.85228,0.27949,0.149458
90,energy_bin,"1-50 GeV",40292,0.858881,0.272702,0.152513
91,energy_bin,"1-50 GeV",40292,0.876615,0.281813,0.154347
92,energy_bin,"1-50 GeV",40292,0.89963,0.286047,0.154429
93,energy_bin,"1-50 GeV",40292,0.882341,0.277457,0.145352
94,energy_bin,"1-50 GeV",40292,0.85374,0.269657,0.141142
95,energy_bin,"1-50 GeV",40292,0.852864,0.2778,0.146947
96,energy_bin,"1-50 GeV",40292,0.896751,0.280379,0.146054
97,energy_bin,"1-50 GeV",40292,0.867837,0.269271,0.139507
98,energy_bin,"1-50 GeV",40292,0.870361,0.27235,0.143442
99,energy_bin,"1-50 GeV",40292,0.864434,0.27365,0.144618
100,energy_bin,"1-50 GeV",40292,0.84595,0.288474,0.159504
101,energy_bin,"1-50 GeV",40292,0.931386,0.727956,0.190295
102,energy_bin,"1-50 GeV",40292,0.835587,0.281487,0.166443
103,energy_bin,"1-50 GeV",40292,0.909726,0.356521,0.163918
104,energy_bin,"1-50 GeV",40292,0.8596,0.295232,0.148628
105,energy_bin,"1-50 GeV",40292,0.828792,0.276491,0.157296
106,energy_bin,"1-50 GeV",40292,0.908309,0.302868,0.168789
107,energy_bin,"1-50 GeV",40292,0.887723,0.286361,0.154646
108,energy_bin,"1-50 GeV",40292,0.797259,0.261489,0.141236
109,energy_bin,"1-50 GeV",40292,0.854378,0.285722,0.146721
110,energy_bin,"1-50 GeV",40292,0.879051,0.290011,0.164929
111,energy_bin,"1-50 GeV",40292,0.872169,0.355698,0.173359
112,energy_bin,"1-50 GeV",40292,0.813102,0.283283,0.145997
113,energy_bin,"1-50 GeV",40292,0.878989,0.341089,0.15933
114,energy_bin,"1-50 GeV",40292,0.833345,0.290421,0.14202
115,energy_bin,"1-50 GeV",40292,0.89137,0.349925,0.183503
116,energy_bin,"1-50 GeV",40292,0.825664,0.321828,0.175801
117,energy_bin,"1-50 GeV",40292,0.858878,0.29947,0.149204
118,energy_bin,"1-50 GeV",40292,0.771795,0.30355,0.174247
119,energy_bin,"1-50 GeV",40292,0.877997,0.368425,0.155917
120,energy_bin,"1-50 GeV",40292,0.877131,0.344228,0.161251
121,energy_bin,"1-50 GeV",40292,0.845528,0.40121,0.156507
122,energy_bin,"1-50 GeV",40292,0.864652,0.30928,0.143354
123,energy_bin,"1-50 GeV",40292,0.845675,0.328876,0.14519
124,energy_bin,"1-50 GeV",40292,0.88308,0.346682,0.155252
125,energy_bin,"1-50 GeV",40292,0.844775,0.343368,0.140721
126,energy_bin,"1-50 GeV",40292,0.831299,0.37465,0.140388
127,energy_bin,"1-50 GeV",40292,0.860072,0.345137,0.153886
128,energy_bin,"1-50 GeV",40292,0.870403,0.299541,0.142587
129,energy_bin,"1-50 GeV",40292,0.769965,0.286901,0.135205
130,energy_bin,"1-50 GeV",40292,0.814855,0.343805,0.145769
131,energy_bin,"1-50 GeV",40292,0.835687,0.337985,0.135382
132,energy_bin,"1-50 GeV",40292,0.866624,0.377038,0.139357
133,energy_bin,"1-50 GeV",40292,0.839069,0.411617,0.136805
134,energy_bin,"1-50 GeV",40292,0.799372,0.289578,0.131662
135,energy_bin,"1-50 GeV",40292,0.825161,0.34806,0.134766
136,energy_bin,"1-50 GeV",40292,0.812583,0.358542,0.142305
137,energy_bin,"1-50 GeV",40292,0.828768,0.353203,0.141184
138,energy_bin,"1-50 GeV",40292,0.85412,0.331718,0.141215
139,energy_bin,"1-50 GeV",40292,0.839184,0.327857,0.137092
140,energy_bin,"1-50 GeV",40292,0.841787,0.318061,0.131273
141,energy_bin,"1-50 GeV",40292,0.867959,0.398843,0.201069
142,energy_bin,"1-50 GeV",40292,0.856803,0.405294,0.150954
143,energy_bin,"1-50 GeV",40292,0.771637,0.326128,0.148035
144,energy_bin,"1-50 GeV",40292,0.864597,0.313024,0.148678
145,energy_bin,"1-50 GeV",40292,0.783288,0.279296,0.145573
146,energy_bin,"1-50 GeV",40292,0.808382,0.338964,0.149971
147,energy_bin,"1-50 GeV",40292,0.865601,0.333838,0.146675
148,energy_bin,"1-50 GeV",40292,0.884757,0.400946,0.157309
149,energy_bin,"1-50 GeV",40292,0.679932,0.315109,0.254058
150,energy_bin,"1-50 GeV",40292,0.853619,0.467187,0.139461
151,energy_bin,"1-50 GeV",40292,0.907419,0.328353,0.155342
152,energy_bin,"1-50 GeV",40292,0.838336,0.426683,0.146316
153,energy_bin,"1-50 GeV",40292,0.829286,0.345076,0.146718
154,energy_bin,"1-50 GeV",40292,0.880251,0.429705,0.149887
155,energy_bin,"1-50 GeV",40292,0.878307,0.37907,0.163784
156,energy_bin,"1-50 GeV",40292,0.833117,0.346567,0.158196
157,energy_bin,"1-50 GeV",40292,0.891037,0.320675,0.152263
158,energy_bin,"1-50 GeV",40292,0.8846,0.329192,0.14848
159,energy_bin,"1-50 GeV",40292,0.867838,0.322691,0.151636
160,energy_bin,"1-50 GeV",40292,0.849958,0.322308,0.145187
161,energy_bin,"1-50 GeV",40292,0.858187,0.312162,0.164354
162,energy_bin,"1-50 GeV",40292,0.830696,0.298416,0.14184
163,energy_bin,"1-50 GeV",40292,0.863393,0.307422,0.148435
164,energy_bin,"1-50 GeV",40292,0.852376,0.308671,0.149201
165,energy_bin,"1-50 GeV",40292,0.858542,0.300156,0.143773
166,energy_bin,"1-50 GeV",40292,0.892724,0.316915,0.142447
167,energy_bin,"1-50 GeV",40292,0.87386,0.303283,0.141833
168,energy_bin,"1-50 GeV",40292,0.871173,0.317513,0.140265
169,energy_bin,"1-50 GeV",40292,0.861467,0.303625,0.135198
170,energy_bin,"1-50 GeV",40292,0.869342,0.311765,0.133829
171,energy_bin,"1-50 GeV",40292,0.747263,0.28548,0.140143
172,energy_bin,"1-50 GeV",40292,0.885691,0.315941,0.13711
173,energy_bin,"1-50 GeV",40292,0.838616,0.359032,0.134972
174,energy_bin,"1-50 GeV",40292,0.872397,0.338983,0.137131
175,energy_bin,"1-50 GeV",40292,0.879278,0.323779,0.132302
176,energy_bin,"1-50 GeV",40292,0.862369,0.301272,0.129897
177,energy_bin,"1-50 GeV",40292,0.871034,0.334843,0.132598
178,energy_bin,"1-50 GeV",40292,0.870949,0.288285,0.129995
179,energy_bin,"1-50 GeV",40292,0.890517,0.293068,0.131982
180,energy_bin,"1-50 GeV",40292,0.894961,0.294867,0.134517
181,energy_bin,"1-50 GeV",40292,0.874784,0.305794,0.130876
182,energy_bin,"1-50 GeV",40292,0.888695,0.291838,0.132215
183,energy_bin,"1-50 GeV",40292,0.850296,0.320719,0.12842
184,energy_bin,"1-50 GeV",40292,0.879005,0.295251,0.134453
185,energy_bin,"1-50 GeV",40292,0.875612,0.309026,0.131548
186,energy_bin,"1-50 GeV",40292,0.875041,0.312818,0.133035
187,energy_bin,"1-50 GeV",40292,0.752433,0.308642,0.137011
188,energy_bin,"1-50 GeV",40292,0.848665,0.334373,0.145338
189,energy_bin,"1-50 GeV",40292,0.830729,0.506364,0.136997
190,energy_bin,"1-50 GeV",40292,0.851875,0.514126,0.143704
191,energy_bin,"1-50 GeV",40292,0.841006,0.345298,0.141546
192,energy_bin,"1-50 GeV",40292,0.87277,0.329605,0.1478
193,energy_bin,"1-50 GeV",40292,0.87507,0.304727,0.140945
194,energy_bin,"1-50 GeV",40292,0.870735,0.323024,0.136285
195,energy_bin,"1-50 GeV",40292,0.899722,0.305727,0.142054
196,energy_bin,"1-50 GeV",40292,0.759464,0.290049,0.132148
197,energy_bin,"1-50 GeV",40292,0.775048,0.302606,0.132006
198,energy_bin,"1-50 GeV",40292,0.861014,0.313636,0.14798
199,energy_bin,"1-50 GeV",40292,0.780269,0.285305,0.133151
200,energy_bin,"1-50 GeV",40292,0.879381,0.33494,0.139528
201,energy_bin,"1-50 GeV",40292,0.86569,0.319612,0.131836
202,energy_bin,"1-50 GeV",40292,0.882667,0.343422,0.15144
203,energy_bin,"1-50 GeV",40292,0.84,0.309505,0.134033
204,energy_bin,"1-50 GeV",40292,0.909267,0.342651,0.146489
205,energy_bin,"1-50 GeV",40292,0.876405,0.312974,0.139808
206,energy_bin,"1-50 GeV",40292,0.790841,0.278148,0.137909
207,energy_bin,"1-50 GeV",40292,0.837321,0.280689,0.131221
208,energy_bin,"1-50 GeV",40292,0.886185,0.368526,0.139803
209,energy_bin,"1-50 GeV",40292,0.850798,0.278242,0.131034
210,energy_bin,"1-50 GeV",40292,0.871,0.302198,0.134154
211,energy_bin,"1-50 GeV",40292,0.900247,0.337004,0.140474
212,energy_bin,"1-50 GeV",40292,0.834286,0.284876,0.132899
213,energy_bin,"1-50 GeV",40292,0.879732,0.299,0.136656
214,energy_bin,"1-50 GeV",40292,0.878418,0.299967,0.133713
215,energy_bin,"1-50 GeV",40292,0.870542,0.282829,0.134696
216,energy_bin,"1-50 GeV",40292,0.896435,0.321938,0.143209
217,energy_bin,"1-50 GeV",40292,0.870499,0.318048,0.138881
218,energy_bin,"1-50 GeV",40292,0.908969,0.301551,0.137694
219,energy_bin,"1-50 GeV",40292,0.902252,0.299928,0.136864
220,energy_bin,"1-50 GeV",40292,0.888586,0.29649,0.131591
221,energy_bin,"1-50 GeV",40292,0.884443,0.311326,0.132983
222,energy_bin,"1-50 GeV",40292,0.919967,0.310759,0.139206
223,energy_bin,"1-50 GeV",40292,0.932926,0.314917,0.151075
224,energy_bin,"1-50 GeV",40292,0.896577,0.308741,0.130761
225,energy_bin,"1-50 GeV",40292,0.900389,0.321655,0.136064
226,energy_bin,"1-50 GeV",40292,0.899483,0.318157,0.144588
227,energy_bin,"1-50 GeV",40292,0.847897,0.311347,0.140245
228,energy_bin,"1-50 GeV",40292,0.917052,0.336631,0.135864
229,energy_bin,"1-50 GeV",40292,0.902141,0.315894,0.134984
230,energy_bin,"1-50 GeV",40292,0.891318,0.305629,0.138398
231,energy_bin,"1-50 GeV",40292,0.887128,0.30949,0.14397
232,energy_bin,"1-50 GeV",40292,0.8798,0.311565,0.134274
233,energy_bin,"1-50 GeV",40292,0.912744,0.314441,0.139703
234,energy_bin,"1-50 GeV",40292,0.932867,0.325402,0.139379
235,energy_bin,"1-50 GeV",40292,0.917998,0.317768,0.13457
236,energy_bin,"1-50 GeV",40292,0.923539,0.318474,0.1361
237,energy_bin,"1-50 GeV",40292,0.90342,0.310609,0.136564
238,energy_bin,"1-50 GeV",40292,0.901383,0.388955,0.150245
239,energy_bin,"1-50 GeV",40292,0.853662,0.346335,0.145746
240,energy_bin,"1-50 GeV",40292,0.872673,0.376649,0.142183
241,energy_bin,"1-50 GeV",40292,0.836551,0.358859,0.138747
242,energy_bin,"1-50 GeV",40292,0.895953,0.45394,0.153569
243,energy_bin,"1-50 GeV",40292,0.910136,0.351918,0.145894
244,energy_bin,"1-50 GeV",40292,0.892297,0.371231,0.140657
245,energy_bin,"1-50 GeV",40292,0.834175,0.412675,0.136061
246,energy_bin,"1-50 GeV",40292,0.885336,0.471304,0.147945
247,energy_bin,"1-50 GeV",40292,0.849029,0.474628,0.142726
248,energy_bin,"1-50 GeV",40292,0.846269,0.427078,0.131186
249,energy_bin,"1-50 GeV",40292,0.835085,0.460542,0.13402
250,energy_bin,"1-50 GeV",40292,0.822382,0.476657,0.135909
251,energy_bin,"1-50 GeV",40292,0.694945,0.333118,0.150521
252,energy_bin,"1-50 GeV",40292,0.760877,0.375141,0.158885
253,energy_bin,"1-50 GeV",40292,0.836403,0.416659,0.152633
254,energy_bin,"1-50 GeV",40292,0.762138,0.395709,0.150512
255,energy_bin,"1-50 GeV",40292,0.734247,0.410637,0.135118
256,energy_bin,"1-50 GeV",40292,0.809045,0.412082,0.167259
257,energy_bin,"1-50 GeV",40292,0.835284,0.471654,0.13882
258,energy_bin,"1-50 GeV",40292,0.816823,0.590906,0.131727
259,energy_bin,"1-50 GeV",40292,0.848365,0.591437,0.138399
260,energy_bin,"1-50 GeV",40292,0.789455,0.366794,0.140197
261,energy_bin,"1-50 GeV",40292,0.890332,0.586679,0.141516
262,energy_bin,"1-50 GeV",40292,0.86534,0.360026,0.151319
263,energy_bin,"1-50 GeV",40292,0.842929,0.528782,0.136873
264,energy_bin,"1-50 GeV",40292,0.829677,0.522484,0.159524
265,energy_bin,"1-50 GeV",40292,0.866394,0.371598,0.156012
266,energy_bin,"1-50 GeV",40292,0.891578,0.493565,0.146455
267,energy_bin,"1-50 GeV",40292,0.855576,0.296626,0.144188
268,energy_bin,"1-50 GeV",40292,0.857753,0.319807,0.133981
269,energy_bin,"1-50 GeV",40292,0.846118,0.322064,0.148966
270,energy_bin,"1-50 GeV",40292,0.86722,0.321335,0.141988
271,energy_bin,"1-50 GeV",40292,0.875901,0.431725,0.134305
272,energy_bin,"1-50 GeV",40292,0.924097,0.432807,0.147515
273,energy_bin,"1-50 GeV",40292,0.897704,0.437375,0.139032
274,energy_bin,"1-50 GeV",40292,0.895841,0.443212,0.140842
275,energy_bin,"1-50 GeV",40292,0.879792,0.446167,0.13835
276,energy_bin,"1-50 GeV",40292,0.845685,0.393219,0.141864
277,energy_bin,"1-50 GeV",40292,0.840988,0.316376,0.168838
278,energy_bin,"1-50 GeV",40292,0.875212,0.371069,0.135134
279,energy_bin,"1-50 GeV",40292,0.880164,0.467545,0.133447
280,energy_bin,"1-50 GeV",40292,0.833461,0.432863,0.15417
281,energy_bin,"1-50 GeV",40292,0.900976,0.494887,0.135352
282,energy_bin,"1-50 GeV",40292,0.894738,0.505919,0.133817
283,energy_bin,"1-50 GeV",40292,0.882768,0.378469,0.132808
284,energy_bin,"1-50 GeV",40292,0.906483,0.607231,0.134202
285,energy_bin,"1-50 GeV",40292,0.91371,0.350172,0.13613
286,energy_bin,"1-50 GeV",40292,0.908814,0.521711,0.133211
287,energy_bin,"1-50 GeV",40292,0.915171,0.5187,0.134192
288,energy_bin,"1-50 GeV",40292,0.85958,0.445391,0.135766
289,energy_bin,"1-50 GeV",40292,0.890465,0.411704,0.13017
290,energy_bin,"1-50 GeV",40292,0.87191,0.510319,0.131402
291,energy_bin,"1-50 GeV",40292,0.900554,0.388195,0.135951
292,energy_bin,"1-50 GeV",40292,0.904978,0.462793,0.133077
293,energy_bin,"1-50 GeV",40292,0.890158,0.445905,0.132836
294,energy_bin,"1-50 GeV",40292,0.884631,0.484352,0.134838
295,energy_bin,"1-50 GeV",40292,0.89015,0.356584,0.13136
296,energy_bin,"1-50 GeV",40292,0.900297,0.454179,0.132788
297,energy_bin,"1-50 GeV",40292,0.887945,0.402396,0.137277
298,energy_bin,"1-50 GeV",40292,0.902103,0.535438,0.136776
299,energy_bin,"1-50 GeV",40292,0.822353,0.369642,0.127518
300,energy_bin,"1-50 GeV",40292,0.831017,0.501448,0.125923
301,energy_bin,"1-50 GeV",40292,0.861085,0.362873,0.131029
302,energy_bin,"1-50 GeV",40292,0.872034,0.356004,0.126798
303,energy_bin,"1-50 GeV",40292,0.796186,0.327819,0.134276
304,energy_bin,"1-50 GeV",40292,0.890406,0.31638,0.137631
305,energy_bin,"1-50 GeV",40292,0.892357,0.434569,0.13582
306,energy_bin,"1-50 GeV",40292,0.897402,0.5079,0.13666
307,energy_bin,"1-50 GeV",40292,0.913106,0.590161,0.136363
308,energy_bin,"1-50 GeV",40292,0.745795,0.620861,0.126933
309,energy_bin,"1-50 GeV",40292,0.921356,0.790371,0.140413
310,energy_bin,"1-50 GeV",40292,0.868278,0.769867,0.134013
311,energy_bin,"1-50 GeV",40292,0.886954,0.420107,0.136101
312,energy_bin,"1-50 GeV",40292,0.865149,0.436522,0.131956
313,energy_bin,"1-50 GeV",40292,0.819239,0.484503,0.136561
314,energy_bin,"1-50 GeV",40292,0.877592,0.634034,0.134198
315,energy_bin,"1-50 GeV",40292,0.892434,0.667278,0.130977
316,energy_bin,"1-50 GeV",40292,0.917897,0.657004,0.138518
317,energy_bin,"1-50 GeV",40292,0.882535,0.665754,0.136653
318,energy_bin,"1-50 GeV",40292,0.893781,0.494568,0.134589
319,energy_bin,"1-50 GeV",40292,0.904755,0.614356,0.138668
320,energy_bin,"1-50 GeV",40292,0.85807,0.42685,0.131642
321,energy_bin,"1-50 GeV",40292,0.885154,0.404391,0.141252
322,energy_bin,"1-50 GeV",40292,0.853003,0.336224,0.127984
323,energy_bin,"1-50 GeV",40292,0.899702,0.345759,0.142651
324,energy_bin,"1-50 GeV",40292,0.823912,0.305907,0.130624
325,energy_bin,"1-50 GeV",40292,0.788707,1.3777,0.132722
326,energy_bin,"1-50 GeV",40292,0.820427,0.459074,0.123047
327,energy_bin,"1-50 GeV",40292,0.878871,1.822227,0.129623
328,energy_bin,"1-50 GeV",40292,0.844195,0.367734,0.177173
329,energy_bin,"1-50 GeV",40292,0.822311,0.330877,0.150848
330,energy_bin,"1-50 GeV",40292,0.855108,0.406774,0.146469
331,energy_bin,"1-50 GeV",40292,0.83019,0.413143,0.152832
332,energy_bin,"1-50 GeV",40292,0.776952,0.44093,0.121062
333,energy_bin,"1-50 GeV",40292,0.853774,0.563551,0.138841
334,energy_bin,"1-50 GeV",40292,0.823217,0.354442,0.140152
335,energy_bin,"1-50 GeV",40292,0.845874,0.505533,0.13527
336,energy_bin,"1-50 GeV",40292,0.848909,0.350118,0.150449
337,energy_bin,"1-50 GeV",40292,0.873527,0.41897,0.132252
338,energy_bin,"1-50 GeV",40292,0.831475,0.806749,0.12422
339,energy_bin,"1-50 GeV",40292,0.85147,0.460915,0.130299
340,energy_bin,"1-50 GeV",40292,0.854452,0.359824,0.134014
341,energy_bin,"1-50 GeV",40292,0.864363,0.376164,0.125219
342,energy_bin,"1-50 GeV",40292,0.83436,0.392781,0.132836
343,energy_bin,"1-50 GeV",40292,0.835435,0.40818,0.130635
344,energy_bin,"1-50 GeV",40292,0.812255,0.382018,0.124541
345,energy_bin,"1-50 GeV",40292,0.874587,0.374122,0.133196
346,energy_bin,"1-50 GeV",40292,0.850957,0.458715,0.129173
347,energy_bin,"1-50 GeV",40292,0.862391,0.564398,0.124261
348,energy_bin,"1-50 GeV",40292,0.826226,0.318391,0.136868
349,energy_bin,"1-50 GeV",40292,0.82955,0.444477,0.155967
350,energy_bin,"1-50 GeV",40292,0.844807,0.43531,0.123922
351,energy_bin,"1-50 GeV",40292,0.869801,0.505217,0.130766
352,energy_bin,"1-50 GeV",40292,0.840974,0.47933,0.129815
353,energy_bin,"1-50 GeV",40292,0.815464,0.433266,0.124964
354,energy_bin,"1-50 GeV",40292,0.849796,0.357826,0.134901
355,energy_bin,"1-50 GeV",40292,0.769773,0.490517,0.139536
356,energy_bin,"1-50 GeV",40292,0.820352,0.491393,0.125588
357,energy_bin,"1-50 GeV",40292,0.823082,0.3162,0.124535
358,energy_bin,"1-50 GeV",40292,0.853546,0.390888,0.12456
359,energy_bin,"1-50 GeV",40292,0.810155,0.448383,0.13319
360,energy_bin,"1-50 GeV",40292,0.815559,0.347346,0.123975
361,energy_bin,"1-50 GeV",40292,0.803782,0.642807,0.136726
362,energy_bin,"1-50 GeV",40292,0.905182,0.76433,0.13203
363,energy_bin,"1-50 GeV",40292,0.832166,0.584187,0.126958
364,energy_bin,"1-50 GeV",40292,0.883495,0.455737,0.125951
365,energy_bin,"1-50 GeV",40292,0.901613,0.544616,0.132624
366,energy_bin,"1-50 GeV",40292,0.872678,0.489861,0.145722
367,energy_bin,"1-50 GeV",40292,0.902172,0.547031,0.137229
368,energy_bin,"1-50 GeV",40292,0.836284,0.559787,0.125268
369,energy_bin,"1-50 GeV",40292,0.851354,0.407952,0.135103
370,energy_bin,"1-50 GeV",40292,0.803797,0.335054,0.12761
371,energy_bin,"1-50 GeV",40292,0.913947,0.411248,0.138094
372,energy_bin,"1-50 GeV",40292,0.905114,0.602471,0.136197
373,energy_bin,"1-50 GeV",40292,0.880682,0.68837,0.126295
374,energy_bin,"1-50 GeV",40292,0.880916,0.59526,0.133905
375,energy_bin,"1-50 GeV",40292,0.914837,0.440666,0.134766
376,energy_bin,"1-50 GeV",40292,0.867917,0.44891,0.133268
377,energy_bin,"1-50 GeV",40292,0.849377,1.064009,0.144884
378,energy_bin,"1-50 GeV",40292,0.866268,0.469904,0.127384
379,energy_bin,"1-50 GeV",40292,0.870177,0.434126,0.141727
380,energy_bin,"1-50 GeV",40292,0.895831,0.485665,0.134441
381,energy_bin,"1-50 GeV",40292,0.855379,0.310301,0.125004
382,energy_bin,"1-50 GeV",40292,0.869386,0.507302,0.150625
383,energy_bin,"1-50 GeV",40292,0.864028,0.561276,0.134202
384,energy_bin,"1-50 GeV",40292,0.911143,0.41753,0.133628
385,energy_bin,"1-50 GeV",40292,0.832588,0.350631,0.130556
386,energy_bin,"1-50 GeV",40292,0.888476,0.363302,0.127697
387,energy_bin,"1-50 GeV",40292,0.827759,0.418291,0.138522
388,energy_bin,"1-50 GeV",40292,0.843202,0.488932,0.14562
389,energy_bin,"1-50 GeV",40292,0.846777,0.451957,0.136981
390,energy_bin,"1-50 GeV",40292,0.871566,0.44046,0.135727
391,energy_bin,"1-50 GeV",40292,0.877243,0.392399,0.143895
392,energy_bin,"1-50 GeV",40292,0.908445,0.411523,0.125779
393,energy_bin,"1-50 GeV",40292,0.882921,0.44757,0.126753
394,energy_bin,"1-50 GeV",40292,0.895338,0.460649,0.139961
395,energy_bin,"1-50 GeV",40292,0.872704,0.484677,0.149727
396,energy_bin,"1-50 GeV",40292,0.844822,0.355037,0.144513
397,energy_bin,"1-50 GeV",40292,0.867153,0.441458,0.143883
398,energy_bin,"1-50 GeV",40292,0.911757,0.527948,0.139812
399,energy_bin,"1-50 GeV",40292,0.838716,0.336265,0.155874
400,energy_bin,"1-50 GeV",40292,0.914952,0.33535,0.128983
401,energy_bin,"1-50 GeV",40292,0.916545,0.461643,0.1398
402,energy_bin,"1-50 GeV",40292,0.874533,0.37754,0.139769
403,energy_bin,"1-50 GeV",40292,0.890239,0.397565,0.145165
404,energy_bin,"1-50 GeV",40292,0.904743,0.568723,0.142012
405,energy_bin,"1-50 GeV",40292,0.907555,0.402684,0.135815
406,energy_bin,"1-50 GeV",40292,0.892628,0.470744,0.143307
407,energy_bin,"1-50 GeV",40292,0.860645,0.411936,0.145462
408,energy_bin,"1-50 GeV",40292,0.91006,0.523217,0.137213
409,energy_bin,"1-50 GeV",40292,0.915156,0.340088,0.133385
410,energy_bin,"1-50 GeV",40292,0.889486,0.378642,0.133507
411,energy_bin,"1-50 GeV",40292,0.89608,0.578361,0.147787
412,energy_bin,"1-50 GeV",40292,0.885748,0.40088,0.140574
413,energy_bin,"1-50 GeV",40292,0.882501,0.380315,0.143901
414,energy_bin,"1-50 GeV",40292,0.874058,0.54999,0.157676
415,energy_bin,"1-50 GeV",40292,0.864015,0.587885,0.147955
416,energy_bin,"1-50 GeV",40292,0.872728,0.440826,0.157866
417,energy_bin,"1-50 GeV",40292,0.895311,0.428725,0.148866
418,energy_bin,"1-50 GeV",40292,0.902113,0.350627,0.138361
419,energy_bin,"1-50 GeV",40292,0.888014,0.364818,0.135272
420,energy_bin,"1-50 GeV",40292,0.903511,0.36118,0.136647
421,energy_bin,"1-50 GeV",40292,0.895112,0.371648,0.135408
422,energy_bin,"1-50 GeV",40292,0.720507,0.353511,0.241422
423,energy_bin,"1-50 GeV",40292,0.901639,0.412363,0.135836
424,energy_bin,"1-50 GeV",40292,0.867012,0.453918,0.147337
425,energy_bin,"1-50 GeV",40292,0.898774,0.58717,0.144955
426,energy_bin,"1-50 GeV",40292,0.897163,0.381003,0.142277
427,energy_bin,"1-50 GeV",40292,0.902674,0.407753,0.141123
428,energy_bin,"1-50 GeV",40292,0.872591,0.384462,0.138131
429,energy_bin,"1-50 GeV",40292,0.850513,0.350188,0.139637
430,energy_bin,"1-50 GeV",40292,0.913777,0.435517,0.140545
431,energy_bin,"1-50 GeV",40292,0.887606,0.48403,0.135588
432,energy_bin,"1-50 GeV",40292,0.874518,0.444399,0.137003
433,energy_bin,"1-50 GeV",40292,0.868479,0.311088,0.135082
434,energy_bin,"1-50 GeV",40292,0.887399,0.430763,0.144003
435,energy_bin,"1-50 GeV",40292,0.849302,0.403708,0.138945
436,energy_bin,"1-50 GeV",40292,0.915999,0.453825,0.139145
437,energy_bin,"1-50 GeV",40292,0.926531,0.345666,0.169024
438,energy_bin,"1-50 GeV",40292,0.880917,0.510853,0.152023
439,energy_bin,"1-50 GeV",40292,0.905043,0.316057,0.152103
440,energy_bin,"1-50 GeV",40292,0.881789,0.504405,0.149074
441,energy_bin,"1-50 GeV",40292,0.859475,0.394645,0.128245
442,energy_bin,"1-50 GeV",40292,0.874758,0.389111,0.16056
443,energy_bin,"1-50 GeV",40292,0.8659,0.61136,0.140776
444,energy_bin,"1-50 GeV",40292,0.837159,0.451451,0.14987
445,energy_bin,"1-50 GeV",40292,0.889161,0.43212,0.148825
446,energy_bin,"1-50 GeV",40292,0.868339,0.527391,0.133405
447,energy_bin,"1-50 GeV",40292,0.89893,0.557546,0.148263
448,energy_bin,"1-50 GeV",40292,0.82808,0.44069,0.149572
449,energy_bin,"1-50 GeV",40292,0.882744,0.506485,0.14509
450,energy_bin,"1-50 GeV",40292,0.85574,0.628912,0.152201
451,energy_bin,"1-50 GeV",40292,0.840655,0.434503,0.156961
452,energy_bin,"1-50 GeV",40292,0.877652,0.501351,0.15811
453,energy_bin,"1-50 GeV",40292,0.912465,0.568644,0.137277
454,energy_bin,"1-50 GeV",40292,0.851355,0.532153,0.153579
455,energy_bin,"1-50 GeV",40292,0.892237,0.617371,0.149018
456,energy_bin,"1-50 GeV",40292,0.876559,0.539485,0.138373
457,energy_bin,"1-50 GeV",40292,0.888391,0.677477,0.150144
458,energy_bin,"1-50 GeV",40292,0.878233,0.446915,0.146783
459,energy_bin,"1-50 GeV",40292,0.835531,0.570007,0.165336
460,energy_bin,"1-50 GeV",40292,0.8396,0.435035,0.173454
461,energy_bin,"1-50 GeV",40292,0.909892,0.61706,0.138024
462,energy_bin,"1-50 GeV",40292,0.884825,0.694,0.149138
463,energy_bin,"1-50 GeV",40292,0.910448,0.306504,0.130444
464,energy_bin,"1-50 GeV",40292,0.874636,0.434701,0.157383
465,energy_bin,"1-50 GeV",40292,0.889467,0.331811,0.14807
466,energy_bin,"1-50 GeV",40292,0.886373,0.536106,0.146636
467,energy_bin,"1-50 GeV",40292,0.82402,0.516523,0.186712
468,energy_bin,"1-50 GeV",40292,0.897213,0.539879,0.144072
469,energy_bin,"1-50 GeV",40292,0.89604,0.472337,0.14248
470,energy_bin,"1-50 GeV",40292,0.878584,0.636396,0.136841
471,energy_bin,"1-50 GeV",40292,0.906268,0.395366,0.138434
472,energy_bin,"1-50 GeV",40292,0.853457,0.355178,0.174252
473,energy_bin,"1-50 GeV",40292,0.885665,0.438257,0.137509
474,energy_bin,"1-50 GeV",40292,0.882208,0.499477,0.15542
475,energy_bin,"1-50 GeV",40292,0.856108,0.481244,0.159665
476,energy_bin,"1-50 GeV",40292,0.874657,0.489108,0.13547
477,energy_bin,"1-50 GeV",40292,0.857772,0.396327,0.161941
478,energy_bin,"1-50 GeV",40292,0.893763,0.526932,0.132045
479,energy_bin,"1-50 GeV",40292,0.849429,0.366223,0.165036
480,energy_bin,"1-50 GeV",40292,0.871395,0.359575,0.152451
481,energy_bin,"1-50 GeV",40292,0.901522,0.61903,0.132891
482,energy_bin,"1-50 GeV",40292,0.908032,0.524216,0.141327
483,energy_bin,"1-50 GeV",40292,0.856152,0.466975,0.15304
484,energy_bin,"1-50 GeV",40292,0.876817,0.495762,0.153829
485,energy_bin,"1-50 GeV",40292,0.879981,0.46773,0.15491
486,energy_bin,"1-50 GeV",40292,0.886662,0.47119,0.136711
487,energy_bin,"1-50 GeV",40292,0.844847,0.393891,0.178765
488,energy_bin,"1-50 GeV",40292,0.830989,0.59925,0.152345
489,energy_bin,"1-50 GeV",40292,0.868055,0.422339,0.139501
490,energy_bin,"1-50 GeV",40292,0.862253,0.49948,0.178963
491,energy_bin,"1-50 GeV",40292,0.90715,0.468116,0.131572
492,energy_bin,"1-50 GeV",40292,0.889549,0.660421,0.150797
493,energy_bin,"1-50 GeV",40292,0.89036,0.508634,0.141838
494,energy_bin,"1-50 GeV",40292,0.916933,0.601597,0.13919
495,energy_bin,"1-50 GeV",40292,0.899217,0.627177,0.137635
496,energy_bin,"1-50 GeV",40292,0.878588,0.441755,0.13341
497,energy_bin,"1-50 GeV",40292,0.895254,0.49715,0.135955
498,energy_bin,"1-50 GeV",40292,0.886579,0.418312,0.135141
499,energy_bin,"1-50 GeV",40292,0.898339,0.611327,0.134714
0,energy_bin,"50-150 GeV",23832,4.094137,3.93262,3.339742
1,energy_bin,"50-150 GeV",23832,4.060204,3.900954,3.320622
2,energy_bin,"50-150 GeV",23832,0.95899,0.143178,0.066063
3,energy_bin,"50-150 GeV",23832,0.944712,0.139051,0.063956
4,energy_bin,"50-150 GeV",23832,0.916653,0.134715,0.058158
5,energy_bin,"50-150 GeV",23832,0.880612,0.12446,0.049684
6,energy_bin,"50-150 GeV",23832,0.932245,0.130161,0.0479
7,energy_bin,"50-150 GeV",23832,0.917149,0.133461,0.049635
8,energy_bin,"50-150 GeV",23832,0.934009,0.131584,0.053007
9,energy_bin,"50-150 GeV",23832,0.949553,0.131717,0.04925
10,energy_bin,"50-150 GeV",23832,0.96909,0.140358,0.066752
11,energy_bin,"50-150 GeV",23832,0.939834,0.135968,0.051071
12,energy_bin,"50-150 GeV",23832,1.006226,0.138572,0.046911
13,energy_bin,"50-150 GeV",23832,0.947639,0.12751,0.043116
14,energy_bin,"50-150 GeV",23832,0.939034,0.127043,0.041494
15,energy_bin,"50-150 GeV",23832,0.976735,0.131725,0.048782
16,energy_bin,"50-150 GeV",23832,0.950123,0.126688,0.040613
17,energy_bin,"50-150 GeV",23832,0.980093,0.132561,0.044769
18,energy_bin,"50-150 GeV",23832,0.952803,0.126899,0.043268
19,energy_bin,"50-150 GeV",23832,0.923596,0.124487,0.041066
20,energy_bin,"50-150 GeV",23832,0.939597,0.126067,0.039068
21,energy_bin,"50-150 GeV",23832,0.927898,0.124922,0.040692
22,energy_bin,"50-150 GeV",23832,0.951182,0.12866,0.040069
23,energy_bin,"50-150 GeV",23832,0.952353,0.14733,0.038999
24,energy_bin,"50-150 GeV",23832,0.927652,0.1358,0.042483
25,energy_bin,"50-150 GeV",23832,0.935994,0.127761,0.047312
26,energy_bin,"50-150 GeV",23832,0.927225,0.126241,0.041197
27,energy_bin,"50-150 GeV",23832,0.943917,0.12651,0.038903
28,energy_bin,"50-150 GeV",23832,0.927922,0.126672,0.044567
29,energy_bin,"50-150 GeV",23832,0.939645,0.126207,0.038397
30,energy_bin,"50-150 GeV",23832,0.993453,0.145793,0.053064
31,energy_bin,"50-150 GeV",23832,0.84994,0.161032,0.120056
32,energy_bin,"50-150 GeV",23832,0.903533,0.164974,0.047666
33,energy_bin,"50-150 GeV",23832,0.934614,0.128208,0.049259
34,energy_bin,"50-150 GeV",23832,0.900238,0.12927,0.05897
35,energy_bin,"50-150 GeV",23832,0.877003,0.138271,0.068999
36,energy_bin,"50-150 GeV",23832,0.882114,0.129273,0.057168
37,energy_bin,"50-150 GeV",23832,0.892757,0.126139,0.050873
38,energy_bin,"50-150 GeV",23832,0.91615,0.131824,0.054349
39,energy_bin,"50-150 GeV",23832,0.937762,0.132189,0.053342
40,energy_bin,"50-150 GeV",23832,0.909633,0.131641,0.058018
41,energy_bin,"50-150 GeV",23832,0.961819,0.137941,0.05864
42,energy_bin,"50-150 GeV",23832,0.929023,0.129654,0.051406
43,energy_bin,"50-150 GeV",23832,0.896028,0.132076,0.065108
44,energy_bin,"50-150 GeV",23832,0.907317,0.132287,0.057327
45,energy_bin,"50-150 GeV",23832,0.952289,0.133263,0.051595
46,energy_bin,"50-150 GeV",23832,0.926131,0.131019,0.048485
47,energy_bin,"50-150 GeV",23832,0.916286,0.128046,0.04884
48,energy_bin,"50-150 GeV",23832,0.848318,0.118164,0.042532
49,energy_bin,"50-150 GeV",23832,0.943614,0.130016,0.048103
50,energy_bin,"50-150 GeV",23832,0.929663,0.126378,0.042611
51,energy_bin,"50-150 GeV",23832,0.944474,0.130671,0.047891
52,energy_bin,"50-150 GeV",23832,0.932402,0.13094,0.056489
53,energy_bin,"50-150 GeV",23832,0.893375,0.122859,0.043088
54,energy_bin,"50-150 GeV",23832,0.921018,0.126326,0.046691
55,energy_bin,"50-150 GeV",23832,0.910043,0.124603,0.045571
56,energy_bin,"50-150 GeV",23832,0.914912,0.125536,0.044111
57,energy_bin,"50-150 GeV",23832,0.87416,0.122038,0.047005
58,energy_bin,"50-150 GeV",23832,0.929716,0.128226,0.050603
59,energy_bin,"50-150 GeV",23832,0.925952,0.126027,0.042867
60,energy_bin,"50-150 GeV",23832,0.887815,0.122412,0.046819
61,energy_bin,"50-150 GeV",23832,0.912134,0.123561,0.039757
62,energy_bin,"50-150 GeV",23832,0.932876,0.126556,0.044143
63,energy_bin,"50-150 GeV",23832,0.881773,0.123967,0.047756
64,energy_bin,"50-150 GeV",23832,0.895355,0.129784,0.049727
65,energy_bin,"50-150 GeV",23832,0.926314,0.128866,0.045914
66,energy_bin,"50-150 GeV",23832,0.838867,0.15033,0.090653
67,energy_bin,"50-150 GeV",23832,0.848348,0.141393,0.078908
68,energy_bin,"50-150 GeV",23832,0.901061,0.132617,0.056531
69,energy_bin,"50-150 GeV",23832,0.896446,0.157699,0.097837
70,energy_bin,"50-150 GeV",23832,0.880841,0.131062,0.066478
71,energy_bin,"50-150 GeV",23832,0.911886,0.357452,0.118998
72,energy_bin,"50-150 GeV",23832,0.94899,0.142028,0.063476
73,energy_bin,"50-150 GeV",23832,0.838365,0.131697,0.065745
74,energy_bin,"50-150 GeV",23832,0.921017,0.134332,0.057202
75,energy_bin,"50-150 GeV",23832,0.895908,0.137857,0.067533
76,energy_bin,"50-150 GeV",23832,0.872603,0.136259,0.064902
77,energy_bin,"50-150 GeV",23832,0.823098,0.125191,0.056947
78,energy_bin,"50-150 GeV",23832,0.812699,0.124484,0.056246
79,energy_bin,"50-150 GeV",23832,0.84534,0.123431,0.050147
80,energy_bin,"50-150 GeV",23832,0.80708,0.128574,0.062631
81,energy_bin,"50-150 GeV",23832,0.890353,0.132368,0.057103
82,energy_bin,"50-150 GeV",23832,0.842748,0.130577,0.061894
83,energy_bin,"50-150 GeV",23832,0.826683,0.128751,0.066655
84,energy_bin,"50-150 GeV",23832,0.838439,0.128985,0.065053
85,energy_bin,"50-150 GeV",23832,0.843704,0.134608,0.066868
86,energy_bin,"50-150 GeV",23832,0.865541,0.134676,0.06438
87,energy_bin,"50-150 GeV",23832,0.833775,0.129998,0.06327
88,energy_bin,"50-150 GeV",23832,0.884337,0.132108,0.05961
89,energy_bin,"50-150 GeV",23832,0.854149,0.132413,0.063806
90,energy_bin,"50-150 GeV",23832,0.88418,0.128715,0.056358
91,energy_bin,"50-150 GeV",23832,0.905923,0.131975,0.055842
92,energy_bin,"50-150 GeV",23832,0.900782,0.132839,0.056692
93,energy_bin,"50-150 GeV",23832,0.892186,0.132334,0.057264
94,energy_bin,"50-150 GeV",23832,0.832883,0.12973,0.061767
95,energy_bin,"50-150 GeV",23832,0.854155,0.1268,0.053791
96,energy_bin,"50-150 GeV",23832,0.910736,0.131342,0.053384
97,energy_bin,"50-150 GeV",23832,0.842303,0.125879,0.056575
98,energy_bin,"50-150 GeV",23832,0.861273,0.127798,0.055399
99,energy_bin,"50-150 GeV",23832,0.858019,0.128781,0.056775
100,energy_bin,"50-150 GeV",23832,0.816724,0.134818,0.072924
101,energy_bin,"50-150 GeV",23832,0.909096,0.149915,0.081791
102,energy_bin,"50-150 GeV",23832,0.794563,0.134758,0.075667
103,energy_bin,"50-150 GeV",23832,0.900246,0.137476,0.06092
104,energy_bin,"50-150 GeV",23832,0.847773,0.126625,0.058362
105,energy_bin,"50-150 GeV",23832,0.850066,0.149678,0.085653
106,energy_bin,"50-150 GeV",23832,0.875818,0.137889,0.067257
107,energy_bin,"50-150 GeV",23832,0.877412,0.137053,0.063514
108,energy_bin,"50-150 GeV",23832,0.799097,0.126163,0.064112
109,energy_bin,"50-150 GeV",23832,0.851709,0.127964,0.05866
110,energy_bin,"50-150 GeV",23832,0.913384,0.134982,0.05743
111,energy_bin,"50-150 GeV",23832,0.918503,0.134065,0.055423
112,energy_bin,"50-150 GeV",23832,0.828761,0.138316,0.073757
113,energy_bin,"50-150 GeV",23832,0.905613,0.13847,0.061287
114,energy_bin,"50-150 GeV",23832,0.818686,0.124065,0.058906
115,energy_bin,"50-150 GeV",23832,0.883365,0.135167,0.065629
116,energy_bin,"50-150 GeV",23832,0.839302,0.143221,0.078295
117,energy_bin,"50-150 GeV",23832,0.831122,0.128922,0.059454
118,energy_bin,"50-150 GeV",23832,0.75385,0.138454,0.083043
119,energy_bin,"50-150 GeV",23832,0.893546,0.139127,0.069698
120,energy_bin,"50-150 GeV",23832,0.787133,0.128176,0.066322
121,energy_bin,"50-150 GeV",23832,0.816144,0.127511,0.062772
122,energy_bin,"50-150 GeV",23832,0.84542,0.12681,0.05639
123,energy_bin,"50-150 GeV",23832,0.802384,0.133383,0.06894
124,energy_bin,"50-150 GeV",23832,0.836252,0.147939,0.083926
125,energy_bin,"50-150 GeV",23832,0.79845,0.124311,0.057029
126,energy_bin,"50-150 GeV",23832,0.79505,0.125219,0.060092
127,energy_bin,"50-150 GeV",23832,0.819372,0.136743,0.071787
128,energy_bin,"50-150 GeV",23832,0.86106,0.123502,0.051411
129,energy_bin,"50-150 GeV",23832,0.660179,0.113878,0.062676
130,energy_bin,"50-150 GeV",23832,0.766437,0.13137,0.071048
131,energy_bin,"50-150 GeV",23832,0.795421,0.119276,0.052876
132,energy_bin,"50-150 GeV",23832,0.864561,0.124953,0.052056
133,energy_bin,"50-150 GeV",23832,0.801565,0.119008,0.05214
134,energy_bin,"50-150 GeV",23832,0.699153,0.116498,0.062944
135,energy_bin,"50-150 GeV",23832,0.778579,0.119919,0.054789
136,energy_bin,"50-150 GeV",23832,0.718936,0.121972,0.064099
137,energy_bin,"50-150 GeV",23832,0.769537,0.121026,0.057625
138,energy_bin,"50-150 GeV",23832,0.841092,0.123433,0.051826
139,energy_bin,"50-150 GeV",23832,0.803451,0.120615,0.052734
140,energy_bin,"50-150 GeV",23832,0.805002,0.125281,0.059965
141,energy_bin,"50-150 GeV",23832,0.895529,0.168267,0.117417
142,energy_bin,"50-150 GeV",23832,0.813605,0.12294,0.060135
143,energy_bin,"50-150 GeV",23832,0.67928,0.12903,0.080756
144,energy_bin,"50-150 GeV",23832,0.855959,0.126997,0.056181
145,energy_bin,"50-150 GeV",23832,0.781167,0.141537,0.085831
146,energy_bin,"50-150 GeV",23832,0.758624,0.162128,0.114559
147,energy_bin,"50-150 GeV",23832,0.859839,0.131741,0.062985
148,energy_bin,"50-150 GeV",23832,0.832435,0.134348,0.067796
149,energy_bin,"50-150 GeV",23832,0.580998,0.234794,0.21682
150,energy_bin,"50-150 GeV",23832,0.795795,0.134338,0.070085
151,energy_bin,"50-150 GeV",23832,0.927155,0.135903,0.062171
152,energy_bin,"50-150 GeV",23832,0.844628,0.122827,0.049374
153,energy_bin,"50-150 GeV",23832,0.763918,0.124239,0.06852
154,energy_bin,"50-150 GeV",23832,0.858475,0.131229,0.068385
155,energy_bin,"50-150 GeV",23832,0.883483,0.140786,0.07445
156,energy_bin,"50-150 GeV",23832,0.839178,0.127663,0.058493
157,energy_bin,"50-150 GeV",23832,0.891766,0.128345,0.05473
158,energy_bin,"50-150 GeV",23832,0.884268,0.128614,0.05777
159,energy_bin,"50-150 GeV",23832,0.854716,0.125294,0.05851
160,energy_bin,"50-150 GeV",23832,0.8054,0.122454,0.062714
161,energy_bin,"50-150 GeV",23832,0.854765,0.12947,0.067605
162,energy_bin,"50-150 GeV",23832,0.788809,0.118745,0.058042
163,energy_bin,"50-150 GeV",23832,0.854779,0.123073,0.052515
164,energy_bin,"50-150 GeV",23832,0.83538,0.122277,0.055082
165,energy_bin,"50-150 GeV",23832,0.834959,0.120485,0.049739
166,energy_bin,"50-150 GeV",23832,0.889779,0.1266,0.049223
167,energy_bin,"50-150 GeV",23832,0.80944,0.12839,0.075096
168,energy_bin,"50-150 GeV",23832,0.821917,0.120079,0.051321
169,energy_bin,"50-150 GeV",23832,0.824794,0.121231,0.057107
170,energy_bin,"50-150 GeV",23832,0.831669,0.118485,0.04959
171,energy_bin,"50-150 GeV",23832,0.672197,0.116877,0.062901
172,energy_bin,"50-150 GeV",23832,0.867908,0.123341,0.048069
173,energy_bin,"50-150 GeV",23832,0.793924,0.114576,0.046221
174,energy_bin,"50-150 GeV",23832,0.844105,0.120526,0.044763
175,energy_bin,"50-150 GeV",23832,0.87271,0.12164,0.046746
176,energy_bin,"50-150 GeV",23832,0.848108,0.120064,0.045006
177,energy_bin,"50-150 GeV",23832,0.853247,0.121131,0.045693
178,energy_bin,"50-150 GeV",23832,0.84775,0.120174,0.047323
179,energy_bin,"50-150 GeV",23832,0.89244,0.123155,0.043478
180,energy_bin,"50-150 GeV",23832,0.895347,0.123846,0.04281
181,energy_bin,"50-150 GeV",23832,0.867466,0.121956,0.044394
182,energy_bin,"50-150 GeV",23832,0.874631,0.122359,0.044905
183,energy_bin,"50-150 GeV",23832,0.805823,0.117003,0.04796
184,energy_bin,"50-150 GeV",23832,0.875732,0.121898,0.045514
185,energy_bin,"50-150 GeV",23832,0.857852,0.12063,0.045993
186,energy_bin,"50-150 GeV",23832,0.85908,0.120558,0.044619
187,energy_bin,"50-150 GeV",23832,0.712814,0.128524,0.072838
188,energy_bin,"50-150 GeV",23832,0.768996,0.125625,0.06002
189,energy_bin,"50-150 GeV",23832,0.761672,0.115412,0.051444
190,energy_bin,"50-150 GeV",23832,0.82156,0.123,0.058416
191,energy_bin,"50-150 GeV",23832,0.834714,0.121521,0.049239
192,energy_bin,"50-150 GeV",23832,0.852769,0.12892,0.05696
193,energy_bin,"50-150 GeV",23832,0.868655,0.130508,0.056824
194,energy_bin,"50-150 GeV",23832,0.862049,0.124993,0.049134
195,energy_bin,"50-150 GeV",23832,0.911284,0.127996,0.049211
196,energy_bin,"50-150 GeV",23832,0.70839,0.12539,0.071646
197,energy_bin,"50-150 GeV",23832,0.757383,0.133975,0.077762
198,energy_bin,"50-150 GeV",23832,0.845112,0.124915,0.057987
199,energy_bin,"50-150 GeV",23832,0.746809,0.117059,0.057415
200,energy_bin,"50-150 GeV",23832,0.867105,0.125413,0.056461
201,energy_bin,"50-150 GeV",23832,0.864928,0.129398,0.056387
202,energy_bin,"50-150 GeV",23832,0.910056,0.126943,0.04594
203,energy_bin,"50-150 GeV",23832,0.781915,0.121689,0.057239
204,energy_bin,"50-150 GeV",23832,0.931773,0.129072,0.047098
205,energy_bin,"50-150 GeV",23832,0.891541,0.123584,0.043752
206,energy_bin,"50-150 GeV",23832,0.727589,0.118348,0.06198
207,energy_bin,"50-150 GeV",23832,0.852063,0.128195,0.054378
208,energy_bin,"50-150 GeV",23832,0.873336,0.123579,0.050122
209,energy_bin,"50-150 GeV",23832,0.840911,0.124567,0.051793
210,energy_bin,"50-150 GeV",23832,0.862462,0.124143,0.048237
211,energy_bin,"50-150 GeV",23832,0.889347,0.123226,0.044264
212,energy_bin,"50-150 GeV",23832,0.793514,0.116137,0.049025
213,energy_bin,"50-150 GeV",23832,0.879862,0.121327,0.044215
214,energy_bin,"50-150 GeV",23832,0.862028,0.12313,0.048707
215,energy_bin,"50-150 GeV",23832,0.846276,0.120904,0.049066
216,energy_bin,"50-150 GeV",23832,0.867658,0.126524,0.0542
217,energy_bin,"50-150 GeV",23832,0.822999,0.125695,0.058794
218,energy_bin,"50-150 GeV",23832,0.914078,0.125265,0.043367
219,energy_bin,"50-150 GeV",23832,0.896668,0.125016,0.048072
220,energy_bin,"50-150 GeV",23832,0.882096,0.124334,0.046151
221,energy_bin,"50-150 GeV",23832,0.877574,0.127619,0.052347
222,energy_bin,"50-150 GeV",23832,0.911305,0.127386,0.046059
223,energy_bin,"50-150 GeV",23832,0.914688,0.132728,0.059049
224,energy_bin,"50-150 GeV",23832,0.894373,0.123416,0.043994
225,energy_bin,"50-150 GeV",23832,0.899058,0.124315,0.045083
226,energy_bin,"50-150 GeV",23832,0.890754,0.12862,0.058186
227,energy_bin,"50-150 GeV",23832,0.794122,0.12467,0.06415
228,energy_bin,"50-150 GeV",23832,0.909972,0.127947,0.046806
229,energy_bin,"50-150 GeV",23832,0.884134,0.124769,0.046942
230,energy_bin,"50-150 GeV",23832,0.870657,0.128153,0.063954
231,energy_bin,"50-150 GeV",23832,0.852269,0.128891,0.059738
232,energy_bin,"50-150 GeV",23832,0.865607,0.122109,0.046806
233,energy_bin,"50-150 GeV",23832,0.901436,0.12719,0.050002
234,energy_bin,"50-150 GeV",23832,0.925271,0.128465,0.048018
235,energy_bin,"50-150 GeV",23832,0.922366,0.12705,0.043637
236,energy_bin,"50-150 GeV",23832,0.91678,0.126519,0.044746
237,energy_bin,"50-150 GeV",23832,0.885773,0.125971,0.050994
238,energy_bin,"50-150 GeV",23832,0.886045,0.131277,0.05411
239,energy_bin,"50-150 GeV",23832,0.864942,0.130369,0.05523
240,energy_bin,"50-150 GeV",23832,0.882933,0.130301,0.053882
241,energy_bin,"50-150 GeV",23832,0.8446,0.12531,0.051887
242,energy_bin,"50-150 GeV",23832,0.88212,0.128538,0.050333
243,energy_bin,"50-150 GeV",23832,0.931876,0.127808,0.043701
244,energy_bin,"50-150 GeV",23832,0.921615,0.128267,0.047429
245,energy_bin,"50-150 GeV",23832,0.798672,0.117396,0.051962
246,energy_bin,"50-150 GeV",23832,0.869558,0.125726,0.058836
247,energy_bin,"50-150 GeV",23832,0.851499,0.145327,0.047394
248,energy_bin,"50-150 GeV",23832,0.836864,0.11727,0.04628
249,energy_bin,"50-150 GeV",23832,0.800841,0.120827,0.05209
250,energy_bin,"50-150 GeV",23832,0.81071,0.117153,0.043899
251,energy_bin,"50-150 GeV",23832,0.624469,0.106944,0.059533
252,energy_bin,"50-150 GeV",23832,0.705166,0.113279,0.060273
253,energy_bin,"50-150 GeV",23832,0.836868,0.119897,0.046286
254,energy_bin,"50-150 GeV",23832,0.756898,0.120666,0.055501
255,energy_bin,"50-150 GeV",23832,0.686625,0.112085,0.055079
256,energy_bin,"50-150 GeV",23832,0.800582,0.121693,0.060581
257,energy_bin,"50-150 GeV",23832,0.803771,0.118362,0.053706
258,energy_bin,"50-150 GeV",23832,0.805891,0.121861,0.053711
259,energy_bin,"50-150 GeV",23832,0.850885,0.126119,0.051679
260,energy_bin,"50-150 GeV",23832,0.774858,0.115025,0.048423
261,energy_bin,"50-150 GeV",23832,0.884037,0.126565,0.056694
262,energy_bin,"50-150 GeV",23832,0.90136,0.125435,0.045144
263,energy_bin,"50-150 GeV",23832,0.810791,0.123608,0.063598
264,energy_bin,"50-150 GeV",23832,0.814716,0.135125,0.079854
265,energy_bin,"50-150 GeV",23832,0.865817,0.182853,0.072703
266,energy_bin,"50-150 GeV",23832,0.897752,0.161269,0.054264
267,energy_bin,"50-150 GeV",23832,0.805254,0.124371,0.066239
268,energy_bin,"50-150 GeV",23832,0.820336,0.120811,0.05212
269,energy_bin,"50-150 GeV",23832,0.801126,0.128249,0.074048
270,energy_bin,"50-150 GeV",23832,0.829967,0.126776,0.066951
271,energy_bin,"50-150 GeV",23832,0.83004,0.127775,0.071617
272,energy_bin,"50-150 GeV",23832,0.910472,0.13215,0.065134
273,energy_bin,"50-150 GeV",23832,0.881889,0.130406,0.06705
274,energy_bin,"50-150 GeV",23832,0.852768,0.130461,0.071689
275,energy_bin,"50-150 GeV",23832,0.83311,0.131916,0.077551
276,energy_bin,"50-150 GeV",23832,0.792149,0.138351,0.092061
277,energy_bin,"50-150 GeV",23832,0.801791,0.167503,0.130872
278,energy_bin,"50-150 GeV",23832,0.826617,0.13432,0.082563
279,energy_bin,"50-150 GeV",23832,0.839068,0.131018,0.07624
280,energy_bin,"50-150 GeV",23832,0.79973,0.146008,0.104357
281,energy_bin,"50-150 GeV",23832,0.873194,0.127733,0.064006
282,energy_bin,"50-150 GeV",23832,0.861084,0.12974,0.069675
283,energy_bin,"50-150 GeV",23832,0.855929,0.153045,0.061301
284,energy_bin,"50-150 GeV",23832,0.878326,0.269713,0.068654
285,energy_bin,"50-150 GeV",23832,0.886659,0.133162,0.072257
286,energy_bin,"50-150 GeV",23832,0.888535,0.127865,0.060365
287,energy_bin,"50-150 GeV",23832,0.893249,0.125774,0.053566
288,energy_bin,"50-150 GeV",23832,0.803449,0.128172,0.074373
289,energy_bin,"50-150 GeV",23832,0.861106,0.125701,0.059379
290,energy_bin,"50-150 GeV",23832,0.824782,0.125992,0.068357
291,energy_bin,"50-150 GeV",23832,0.87598,0.128392,0.064367
292,energy_bin,"50-150 GeV",23832,0.892786,0.172316,0.054333
293,energy_bin,"50-150 GeV",23832,0.86456,0.12859,0.066167
294,energy_bin,"50-150 GeV",23832,0.835872,0.125855,0.065043
295,energy_bin,"50-150 GeV",23832,0.858423,0.12236,0.055142
296,energy_bin,"50-150 GeV",23832,0.893433,0.124444,0.045652
297,energy_bin,"50-150 GeV",23832,0.859637,0.124667,0.058099
298,energy_bin,"50-150 GeV",23832,0.893522,0.123787,0.047195
299,energy_bin,"50-150 GeV",23832,0.761597,0.11415,0.057977
300,energy_bin,"50-150 GeV",23832,0.786958,0.117632,0.053142
301,energy_bin,"50-150 GeV",23832,0.864192,0.123106,0.046514
302,energy_bin,"50-150 GeV",23832,0.834274,0.116655,0.043624
303,energy_bin,"50-150 GeV",23832,0.751979,0.124666,0.076457
304,energy_bin,"50-150 GeV",23832,0.892857,0.122929,0.044828
305,energy_bin,"50-150 GeV",23832,0.868986,0.122413,0.051103
306,energy_bin,"50-150 GeV",23832,0.852677,0.123802,0.059243
307,energy_bin,"50-150 GeV",23832,0.889863,0.122307,0.046962
308,energy_bin,"50-150 GeV",23832,0.687412,0.111235,0.054546
309,energy_bin,"50-150 GeV",23832,0.920444,0.126669,0.043821
310,energy_bin,"50-150 GeV",23832,0.866273,0.120487,0.043755
311,energy_bin,"50-150 GeV",23832,0.870492,0.123901,0.056391
312,energy_bin,"50-150 GeV",23832,0.880258,0.124483,0.044158
313,energy_bin,"50-150 GeV",23832,0.800141,0.117454,0.04919
314,energy_bin,"50-150 GeV",23832,0.858793,0.120503,0.05007
315,energy_bin,"50-150 GeV",23832,0.899223,0.122301,0.041401
316,energy_bin,"50-150 GeV",23832,0.920615,0.12517,0.044231
317,energy_bin,"50-150 GeV",23832,0.871821,0.121485,0.043502
318,energy_bin,"50-150 GeV",23832,0.891838,0.123232,0.048371
319,energy_bin,"50-150 GeV",23832,0.901373,0.125692,0.051662
320,energy_bin,"50-150 GeV",23832,0.870015,0.124441,0.046286
321,energy_bin,"50-150 GeV",23832,0.886548,0.123413,0.050335
322,energy_bin,"50-150 GeV",23832,0.805819,0.126686,0.060444
323,energy_bin,"50-150 GeV",23832,0.924242,0.125221,0.042331
324,energy_bin,"50-150 GeV",23832,0.795044,0.123146,0.05149
325,energy_bin,"50-150 GeV",23832,0.743367,0.844309,0.048201
326,energy_bin,"50-150 GeV",23832,0.774315,0.122689,0.052838
327,energy_bin,"50-150 GeV",23832,0.858198,0.983513,0.055237
328,energy_bin,"50-150 GeV",23832,0.823317,0.127589,0.062883
329,energy_bin,"50-150 GeV",23832,0.803066,0.121934,0.053758
330,energy_bin,"50-150 GeV",23832,0.834426,0.122372,0.051707
331,energy_bin,"50-150 GeV",23832,0.818467,0.124785,0.060021
332,energy_bin,"50-150 GeV",23832,0.733684,0.113058,0.049513
333,energy_bin,"50-150 GeV",23832,0.825292,0.123057,0.052569
334,energy_bin,"50-150 GeV",23832,0.801855,0.121942,0.052597
335,energy_bin,"50-150 GeV",23832,0.804666,0.122342,0.053227
336,energy_bin,"50-150 GeV",23832,0.827124,0.126998,0.058913
337,energy_bin,"50-150 GeV",23832,0.841008,0.125277,0.051147
338,energy_bin,"50-150 GeV",23832,0.789635,0.405913,0.049772
339,energy_bin,"50-150 GeV",23832,0.82874,0.253688,0.050901
340,energy_bin,"50-150 GeV",23832,0.831223,0.121269,0.04887
341,energy_bin,"50-150 GeV",23832,0.840471,0.119052,0.042955
342,energy_bin,"50-150 GeV",23832,0.797554,0.119837,0.050179
343,energy_bin,"50-150 GeV",23832,0.811103,0.119795,0.047987
344,energy_bin,"50-150 GeV",23832,0.773868,0.117247,0.048619
345,energy_bin,"50-150 GeV",23832,0.863179,0.124403,0.047797
346,energy_bin,"50-150 GeV",23832,0.825641,0.12265,0.049906
347,energy_bin,"50-150 GeV",23832,0.828762,0.122001,0.047827
348,energy_bin,"50-150 GeV",23832,0.798701,0.1211,0.053317
349,energy_bin,"50-150 GeV",23832,0.800879,0.121749,0.054444
350,energy_bin,"50-150 GeV",23832,0.808389,0.119854,0.047932
351,energy_bin,"50-150 GeV",23832,0.854031,0.120208,0.043138
352,energy_bin,"50-150 GeV",23832,0.81447,0.121176,0.048941
353,energy_bin,"50-150 GeV",23832,0.771167,0.118039,0.04888
354,energy_bin,"50-150 GeV",23832,0.819247,0.123784,0.051607
355,energy_bin,"50-150 GeV",23832,0.735232,0.111023,0.049028
356,energy_bin,"50-150 GeV",23832,0.772892,0.11649,0.048444
357,energy_bin,"50-150 GeV",23832,0.783958,0.116877,0.047535
358,energy_bin,"50-150 GeV",23832,0.831165,0.127202,0.053992
359,energy_bin,"50-150 GeV",23832,0.78225,0.118287,0.051149
360,energy_bin,"50-150 GeV",23832,0.783966,0.115666,0.045185
361,energy_bin,"50-150 GeV",23832,0.766838,0.115687,0.048622
362,energy_bin,"50-150 GeV",23832,0.887212,0.123001,0.04169
363,energy_bin,"50-150 GeV",23832,0.776854,0.129585,0.057149
364,energy_bin,"50-150 GeV",23832,0.874686,0.131287,0.041289
365,energy_bin,"50-150 GeV",23832,0.867356,0.121699,0.046486
366,energy_bin,"50-150 GeV",23832,0.885456,0.122426,0.046347
367,energy_bin,"50-150 GeV",23832,0.902129,0.130464,0.043534
368,energy_bin,"50-150 GeV",23832,0.814742,0.124017,0.048316
369,energy_bin,"50-150 GeV",23832,0.857287,0.127453,0.053491
370,energy_bin,"50-150 GeV",23832,0.770031,0.124378,0.058015
371,energy_bin,"50-150 GeV",23832,0.913002,0.124346,0.043305
372,energy_bin,"50-150 GeV",23832,0.908963,0.124272,0.044499
373,energy_bin,"50-150 GeV",23832,0.87974,0.123691,0.044458
374,energy_bin,"50-150 GeV",23832,0.888428,0.124307,0.042906
375,energy_bin,"50-150 GeV",23832,0.918288,0.124885,0.044516
376,energy_bin,"50-150 GeV",23832,0.874542,0.12102,0.041363
377,energy_bin,"50-150 GeV",23832,0.84104,0.607308,0.051596
378,energy_bin,"50-150 GeV",23832,0.86808,0.124383,0.045642
379,energy_bin,"50-150 GeV",23832,0.861968,0.126245,0.049834
380,energy_bin,"50-150 GeV",23832,0.880521,0.132391,0.048831
381,energy_bin,"50-150 GeV",23832,0.841339,0.12325,0.048747
382,energy_bin,"50-150 GeV",23832,0.852617,0.138277,0.05412
383,energy_bin,"50-150 GeV",23832,0.835444,0.12393,0.050869
384,energy_bin,"50-150 GeV",23832,0.902006,0.125462,0.051764
385,energy_bin,"50-150 GeV",23832,0.814613,0.124028,0.054381
386,energy_bin,"50-150 GeV",23832,0.876298,0.123567,0.044895
387,energy_bin,"50-150 GeV",23832,0.797204,0.120064,0.055616
388,energy_bin,"50-150 GeV",23832,0.832652,0.123572,0.050841
389,energy_bin,"50-150 GeV",23832,0.840412,0.122979,0.050485
390,energy_bin,"50-150 GeV",23832,0.847433,0.125509,0.052299
391,energy_bin,"50-150 GeV",23832,0.882006,0.124624,0.047638
392,energy_bin,"50-150 GeV",23832,0.893967,0.125864,0.045146
393,energy_bin,"50-150 GeV",23832,0.879864,0.126937,0.048011
394,energy_bin,"50-150 GeV",23832,0.881236,0.126202,0.049657
395,energy_bin,"50-150 GeV",23832,0.861341,0.126306,0.052265
396,energy_bin,"50-150 GeV",23832,0.829955,0.124146,0.055397
397,energy_bin,"50-150 GeV",23832,0.856203,0.125027,0.053057
398,energy_bin,"50-150 GeV",23832,0.910137,0.125272,0.044109
399,energy_bin,"50-150 GeV",23832,0.80584,0.130801,0.067987
400,energy_bin,"50-150 GeV",23832,0.914082,0.128159,0.045347
401,energy_bin,"50-150 GeV",23832,0.918018,0.127516,0.048232
402,energy_bin,"50-150 GeV",23832,0.855905,0.127156,0.056808
403,energy_bin,"50-150 GeV",23832,0.886379,0.1266,0.049776
404,energy_bin,"50-150 GeV",23832,0.897976,0.127215,0.048699
405,energy_bin,"50-150 GeV",23832,0.90857,0.125181,0.044311
406,energy_bin,"50-150 GeV",23832,0.901625,0.124485,0.044219
407,energy_bin,"50-150 GeV",23832,0.844183,0.126032,0.053238
408,energy_bin,"50-150 GeV",23832,0.909822,0.12629,0.045096
409,energy_bin,"50-150 GeV",23832,0.913322,0.136617,0.047771
410,energy_bin,"50-150 GeV",23832,0.883895,0.130087,0.051948
411,energy_bin,"50-150 GeV",23832,0.889958,0.126979,0.049616
412,energy_bin,"50-150 GeV",23832,0.87812,0.127231,0.051397
413,energy_bin,"50-150 GeV",23832,0.867024,0.130141,0.058073
414,energy_bin,"50-150 GeV",23832,0.85474,0.129509,0.061195
415,energy_bin,"50-150 GeV",23832,0.847795,0.128121,0.055289
416,energy_bin,"50-150 GeV",23832,0.855626,0.131511,0.060959
417,energy_bin,"50-150 GeV",23832,0.891031,0.129758,0.052886
418,energy_bin,"50-150 GeV",23832,0.899109,0.127233,0.048599
419,energy_bin,"50-150 GeV",23832,0.884582,0.126103,0.048252
420,energy_bin,"50-150 GeV",23832,0.910167,0.12446,0.044233
421,energy_bin,"50-150 GeV",23832,0.892374,0.126103,0.046749
422,energy_bin,"50-150 GeV",23832,0.692986,0.184907,0.155505
423,energy_bin,"50-150 GeV",23832,0.888959,0.127351,0.049633
424,energy_bin,"50-150 GeV",23832,0.853765,0.129168,0.055663
425,energy_bin,"50-150 GeV",23832,0.906819,0.125332,0.04345
426,energy_bin,"50-150 GeV",23832,0.888389,0.129093,0.052244
427,energy_bin,"50-150 GeV",23832,0.90183,0.126092,0.046341
428,energy_bin,"50-150 GeV",23832,0.863541,0.127833,0.050867
429,energy_bin,"50-150 GeV",23832,0.849045,0.128284,0.049638
430,energy_bin,"50-150 GeV",23832,0.913778,0.128704,0.051706
431,energy_bin,"50-150 GeV",23832,0.895358,0.125255,0.044848
432,energy_bin,"50-150 GeV",23832,0.86454,0.12936,0.050434
433,energy_bin,"50-150 GeV",23832,0.859839,0.125249,0.051663
434,energy_bin,"50-150 GeV",23832,0.877449,0.127279,0.049214
435,energy_bin,"50-150 GeV",23832,0.83655,0.12384,0.049385
436,energy_bin,"50-150 GeV",23832,0.905086,0.124467,0.047029
437,energy_bin,"50-150 GeV",23832,0.912752,0.131634,0.058768
438,energy_bin,"50-150 GeV",23832,0.874134,0.126558,0.050696
439,energy_bin,"50-150 GeV",23832,0.872217,0.130913,0.065447
440,energy_bin,"50-150 GeV",23832,0.862229,0.134527,0.055409
441,energy_bin,"50-150 GeV",23832,0.84406,0.121745,0.04821
442,energy_bin,"50-150 GeV",23832,0.881395,0.128408,0.055123
443,energy_bin,"50-150 GeV",23832,0.853313,0.129107,0.048982
444,energy_bin,"50-150 GeV",23832,0.844849,0.12791,0.047468
445,energy_bin,"50-150 GeV",23832,0.888389,0.127407,0.051386
446,energy_bin,"50-150 GeV",23832,0.87968,0.124628,0.044595
447,energy_bin,"50-150 GeV",23832,0.906795,0.125334,0.044274
448,energy_bin,"50-150 GeV",23832,0.831273,0.122729,0.048775
449,energy_bin,"50-150 GeV",23832,0.882883,0.124304,0.046915
450,energy_bin,"50-150 GeV",23832,0.843894,0.122313,0.052828
451,energy_bin,"50-150 GeV",23832,0.821934,0.128229,0.065338
452,energy_bin,"50-150 GeV",23832,0.872621,0.12628,0.051777
453,energy_bin,"50-150 GeV",23832,0.909306,0.149563,0.042115
454,energy_bin,"50-150 GeV",23832,0.85491,0.125545,0.047735
455,energy_bin,"50-150 GeV",23832,0.87846,0.126226,0.049605
456,energy_bin,"50-150 GeV",23832,0.868569,0.12709,0.048647
457,energy_bin,"50-150 GeV",23832,0.865603,0.126804,0.052548
458,energy_bin,"50-150 GeV",23832,0.87872,0.125773,0.04627
459,energy_bin,"50-150 GeV",23832,0.823285,0.1295,0.066346
460,energy_bin,"50-150 GeV",23832,0.834196,0.125697,0.056273
461,energy_bin,"50-150 GeV",23832,0.905555,0.127249,0.044607
462,energy_bin,"50-150 GeV",23832,0.890074,0.12536,0.047043
463,energy_bin,"50-150 GeV",23832,0.910412,0.126959,0.042362
464,energy_bin,"50-150 GeV",23832,0.872629,0.125928,0.054399
465,energy_bin,"50-150 GeV",23832,0.89162,0.125849,0.049889
466,energy_bin,"50-150 GeV",23832,0.881285,0.127828,0.050911
467,energy_bin,"50-150 GeV",23832,0.785538,0.132349,0.077276
468,energy_bin,"50-150 GeV",23832,0.896608,0.126648,0.047655
469,energy_bin,"50-150 GeV",23832,0.899188,0.129861,0.04649
470,energy_bin,"50-150 GeV",23832,0.871702,0.126834,0.048633
471,energy_bin,"50-150 GeV",23832,0.91539,0.131303,0.045499
472,energy_bin,"50-150 GeV",23832,0.844402,0.124539,0.055962
473,energy_bin,"50-150 GeV",23832,0.878246,0.12485,0.047642
474,energy_bin,"50-150 GeV",23832,0.879308,0.124962,0.051314
475,energy_bin,"50-150 GeV",23832,0.841413,0.124909,0.055587
476,energy_bin,"50-150 GeV",23832,0.859876,0.125103,0.049515
477,energy_bin,"50-150 GeV",23832,0.835683,0.125528,0.058977
478,energy_bin,"50-150 GeV",23832,0.888493,0.131483,0.043309
479,energy_bin,"50-150 GeV",23832,0.829678,0.12357,0.057056
480,energy_bin,"50-150 GeV",23832,0.867432,0.124685,0.050674
481,energy_bin,"50-150 GeV",23832,0.903385,0.145923,0.042096
482,energy_bin,"50-150 GeV",23832,0.906021,0.127026,0.045787
483,energy_bin,"50-150 GeV",23832,0.838367,0.122769,0.051371
484,energy_bin,"50-150 GeV",23832,0.865828,0.12938,0.054917
485,energy_bin,"50-150 GeV",23832,0.869293,0.131808,0.052868
486,energy_bin,"50-150 GeV",23832,0.888154,0.129203,0.046651
487,energy_bin,"50-150 GeV",23832,0.833571,0.126069,0.055981
488,energy_bin,"50-150 GeV",23832,0.822857,0.121641,0.049478
489,energy_bin,"50-150 GeV",23832,0.866856,0.125686,0.04624
490,energy_bin,"50-150 GeV",23832,0.841572,0.130457,0.060142
491,energy_bin,"50-150 GeV",23832,0.901167,0.127744,0.042593
492,energy_bin,"50-150 GeV",23832,0.889023,0.143177,0.048407
493,energy_bin,"50-150 GeV",23832,0.883408,0.127169,0.04885
494,energy_bin,"50-150 GeV",23832,0.919738,0.152256,0.044434
495,energy_bin,"50-150 GeV",23832,0.898394,0.166573,0.043681
496,energy_bin,"50-150 GeV",23832,0.878323,0.128028,0.04685
497,energy_bin,"50-150 GeV",23832,0.887226,0.137309,0.047874
498,energy_bin,"50-150 GeV",23832,0.878032,0.126561,0.047731
499,energy_bin,"50-150 GeV",23832,0.891239,0.131595,0.045863
0,energy_bin,">150 GeV",68,3.514011,3.642517,3.133309
1,energy_bin,">150 GeV",68,3.456402,3.581323,3.090966
2,energy_bin,">150 GeV",68,0.965682,0.09223,0.065942
3,energy_bin,">150 GeV",68,0.955349,0.084406,0.051704
4,energy_bin,">150 GeV",68,0.900535,0.082497,0.055081
5,energy_bin,">150 GeV",68,0.88363,0.081123,0.052242
6,energy_bin,">150 GeV",68,0.92648,0.078916,0.048778
7,energy_bin,">150 GeV",68,0.914221,0.085712,0.046694
8,energy_bin,">150 GeV",68,0.92702,0.075223,0.045539
9,energy_bin,">150 GeV",68,0.950692,0.079923,0.04307
10,energy_bin,">150 GeV",68,0.948848,0.080514,0.053489
11,energy_bin,">150 GeV",68,0.942487,0.08566,0.057015
12,energy_bin,">150 GeV",68,0.996055,0.080747,0.039019
13,energy_bin,">150 GeV",68,0.926605,0.07549,0.040054
14,energy_bin,">150 GeV",68,0.940671,0.073831,0.035395
15,energy_bin,">150 GeV",68,0.940206,0.073993,0.032918
16,energy_bin,">150 GeV",68,0.945122,0.078251,0.041606
17,energy_bin,">150 GeV",68,0.972981,0.084695,0.047658
18,energy_bin,">150 GeV",68,0.938218,0.068697,0.028851
19,energy_bin,">150 GeV",68,0.913485,0.071913,0.036819
20,energy_bin,">150 GeV",68,0.919538,0.077686,0.038193
21,energy_bin,">150 GeV",68,0.916854,0.076759,0.030862
22,energy_bin,">150 GeV",68,0.945332,0.078263,0.030989
23,energy_bin,">150 GeV",68,0.94285,0.083069,0.030574
24,energy_bin,">150 GeV",68,0.914931,0.080912,0.028848
25,energy_bin,">150 GeV",68,0.922269,0.077601,0.037215
26,energy_bin,">150 GeV",68,0.914139,0.082049,0.030382
27,energy_bin,">150 GeV",68,0.93906,0.076099,0.02836
28,energy_bin,">150 GeV",68,0.919311,0.078215,0.032387
29,energy_bin,">150 GeV",68,0.933848,0.079171,0.030862
30,energy_bin,">150 GeV",68,0.95549,0.077717,0.045331
31,energy_bin,">150 GeV",68,0.83177,0.12547,0.112143
32,energy_bin,">150 GeV",68,0.919101,0.074813,0.046726
33,energy_bin,">150 GeV",68,0.909458,0.081628,0.048466
34,energy_bin,">150 GeV",68,0.89532,0.078737,0.053142
35,energy_bin,">150 GeV",68,0.86418,0.09858,0.063024
36,energy_bin,">150 GeV",68,0.858756,0.075077,0.037466
37,energy_bin,">150 GeV",68,0.879345,0.073244,0.04218
38,energy_bin,">150 GeV",68,0.900955,0.09113,0.054387
39,energy_bin,">150 GeV",68,0.909181,0.072173,0.037854
40,energy_bin,">150 GeV",68,0.890647,0.081209,0.043101
41,energy_bin,">150 GeV",68,0.942321,0.064191,0.036902
42,energy_bin,">150 GeV",68,0.904682,0.078258,0.043174
43,energy_bin,">150 GeV",68,0.880004,0.094399,0.070562
44,energy_bin,">150 GeV",68,0.8846,0.079571,0.043041
45,energy_bin,">150 GeV",68,0.930402,0.078502,0.041971
46,energy_bin,">150 GeV",68,0.917235,0.077261,0.046269
47,energy_bin,">150 GeV",68,0.922173,0.072004,0.041843
48,energy_bin,">150 GeV",68,0.861211,0.073164,0.040501
49,energy_bin,">150 GeV",68,0.937411,0.071051,0.041066
50,energy_bin,">150 GeV",68,0.926146,0.063831,0.030232
51,energy_bin,">150 GeV",68,0.93565,0.077474,0.037442
52,energy_bin,">150 GeV",68,0.924634,0.080719,0.053885
53,energy_bin,">150 GeV",68,0.888481,0.072592,0.040886
54,energy_bin,">150 GeV",68,0.910188,0.069629,0.038198
55,energy_bin,">150 GeV",68,0.905656,0.073053,0.042041
56,energy_bin,">150 GeV",68,0.908279,0.073422,0.045904
57,energy_bin,">150 GeV",68,0.867181,0.069791,0.042904
58,energy_bin,">150 GeV",68,0.918282,0.072078,0.045699
59,energy_bin,">150 GeV",68,0.917753,0.069279,0.038793
60,energy_bin,">150 GeV",68,0.882924,0.07105,0.044901
61,energy_bin,">150 GeV",68,0.90935,0.071865,0.037733
62,energy_bin,">150 GeV",68,0.920464,0.067058,0.038568
63,energy_bin,">150 GeV",68,0.864808,0.08152,0.049378
64,energy_bin,">150 GeV",68,0.894718,0.081745,0.044497
65,energy_bin,">150 GeV",68,0.906424,0.069464,0.033579
66,energy_bin,">150 GeV",68,0.841524,0.119774,0.079277
67,energy_bin,">150 GeV",68,0.831458,0.096729,0.065083
68,energy_bin,">150 GeV",68,0.861898,0.086899,0.048637
69,energy_bin,">150 GeV",68,0.907924,0.119583,0.091599
70,energy_bin,">150 GeV",68,0.84292,0.06505,0.03623
71,energy_bin,">150 GeV",68,0.875915,0.3117,0.118472
72,energy_bin,">150 GeV",68,0.897527,0.091025,0.053075
73,energy_bin,">150 GeV",68,0.814069,0.088401,0.05297
74,energy_bin,">150 GeV",68,0.896488,0.08653,0.057667
75,energy_bin,">150 GeV",68,0.882863,0.097553,0.07114
76,energy_bin,">150 GeV",68,0.856346,0.090012,0.058989
77,energy_bin,">150 GeV",68,0.794433,0.081586,0.052184
78,energy_bin,">150 GeV",68,0.780967,0.069178,0.044942
79,energy_bin,">150 GeV",68,0.844729,0.082303,0.058034
80,energy_bin,">150 GeV",68,0.794252,0.093378,0.068145
81,energy_bin,">150 GeV",68,0.854079,0.077272,0.05285
82,energy_bin,">150 GeV",68,0.801672,0.092549,0.05983
83,energy_bin,">150 GeV",68,0.792905,0.102099,0.077697
84,energy_bin,">150 GeV",68,0.814798,0.100721,0.070564
85,energy_bin,">150 GeV",68,0.813916,0.095402,0.066417
86,energy_bin,">150 GeV",68,0.832953,0.08541,0.058424
87,energy_bin,">150 GeV",68,0.812713,0.089407,0.061922
88,energy_bin,">150 GeV",68,0.870764,0.083015,0.054381
89,energy_bin,">150 GeV",68,0.838708,0.089179,0.062494
90,energy_bin,">150 GeV",68,0.865939,0.083332,0.055662
91,energy_bin,">150 GeV",68,0.887015,0.086023,0.054474
92,energy_bin,">150 GeV",68,0.885786,0.091809,0.062001
93,energy_bin,">150 GeV",68,0.876859,0.084895,0.05154
94,energy_bin,">150 GeV",68,0.813663,0.090997,0.055686
95,energy_bin,">150 GeV",68,0.841515,0.085444,0.059038
96,energy_bin,">150 GeV",68,0.885066,0.083026,0.049419
97,energy_bin,">150 GeV",68,0.814833,0.088411,0.062685
98,energy_bin,">150 GeV",68,0.843232,0.087185,0.053708
99,energy_bin,">150 GeV",68,0.841744,0.087482,0.058963
100,energy_bin,">150 GeV",68,0.780916,0.105893,0.076253
101,energy_bin,">150 GeV",68,0.85259,0.118816,0.073543
102,energy_bin,">150 GeV",68,0.775111,0.107766,0.075768
103,energy_bin,">150 GeV",68,0.85607,0.089542,0.052712
104,energy_bin,">150 GeV",68,0.802997,0.074683,0.060726
105,energy_bin,">150 GeV",68,0.833013,0.111024,0.080759
106,energy_bin,">150 GeV",68,0.845209,0.086964,0.056208
107,energy_bin,">150 GeV",68,0.857788,0.092235,0.058721
108,energy_bin,">150 GeV",68,0.787315,0.084478,0.051639
109,energy_bin,">150 GeV",68,0.827894,0.080881,0.043955
110,energy_bin,">150 GeV",68,0.902838,0.085677,0.052986
111,energy_bin,">150 GeV",68,0.885715,0.078211,0.043552
112,energy_bin,">150 GeV",68,0.818815,0.089644,0.054629
113,energy_bin,">150 GeV",68,0.888427,0.088975,0.054606
114,energy_bin,">150 GeV",68,0.781952,0.079168,0.05315
115,energy_bin,">150 GeV",68,0.841486,0.084205,0.045427
116,energy_bin,">150 GeV",68,0.826692,0.102947,0.06667
117,energy_bin,">150 GeV",68,0.795857,0.091635,0.057307
118,energy_bin,">150 GeV",68,0.728172,0.107867,0.075769
119,energy_bin,">150 GeV",68,0.861774,0.091181,0.058707
120,energy_bin,">150 GeV",68,0.754539,0.092806,0.058898
121,energy_bin,">150 GeV",68,0.793505,0.087036,0.055803
122,energy_bin,">150 GeV",68,0.826732,0.086905,0.041162
123,energy_bin,">150 GeV",68,0.786615,0.106071,0.065112
124,energy_bin,">150 GeV",68,0.815421,0.106765,0.067205
125,energy_bin,">150 GeV",68,0.79824,0.088062,0.05076
126,energy_bin,">150 GeV",68,0.780512,0.091422,0.056905
127,energy_bin,">150 GeV",68,0.800094,0.097094,0.056691
128,energy_bin,">150 GeV",68,0.862103,0.079657,0.040361
129,energy_bin,">150 GeV",68,0.650339,0.08671,0.056143
130,energy_bin,">150 GeV",68,0.750092,0.100585,0.063008
131,energy_bin,">150 GeV",68,0.787986,0.083508,0.050615
132,energy_bin,">150 GeV",68,0.858681,0.083906,0.047176
133,energy_bin,">150 GeV",68,0.799161,0.084034,0.05269
134,energy_bin,">150 GeV",68,0.684319,0.084377,0.056176
135,energy_bin,">150 GeV",68,0.775771,0.085673,0.048418
136,energy_bin,">150 GeV",68,0.720453,0.098632,0.065074
137,energy_bin,">150 GeV",68,0.768745,0.087397,0.051007
138,energy_bin,">150 GeV",68,0.836902,0.084831,0.046087
139,energy_bin,">150 GeV",68,0.797899,0.084804,0.047432
140,energy_bin,">150 GeV",68,0.798461,0.08685,0.04945
141,energy_bin,">150 GeV",68,0.857604,0.122656,0.106076
142,energy_bin,">150 GeV",68,0.763989,0.097318,0.076306
143,energy_bin,">150 GeV",68,0.642505,0.101237,0.077716
144,energy_bin,">150 GeV",68,0.826082,0.089153,0.058038
145,energy_bin,">150 GeV",68,0.767881,0.09136,0.056606
146,energy_bin,">150 GeV",68,0.746512,0.122855,0.097888
147,energy_bin,">150 GeV",68,0.812202,0.098039,0.079904
148,energy_bin,">150 GeV",68,0.798962,0.083319,0.050912
149,energy_bin,">150 GeV",68,0.549918,0.221845,0.207177
150,energy_bin,">150 GeV",68,0.772634,0.092077,0.06909
151,energy_bin,">150 GeV",68,0.905372,0.087972,0.06197
152,energy_bin,">150 GeV",68,0.825243,0.08686,0.056327
153,energy_bin,">150 GeV",68,0.734595,0.100239,0.082589
154,energy_bin,">150 GeV",68,0.812488,0.110199,0.092944
155,energy_bin,">150 GeV",68,0.796231,0.113006,0.093247
156,energy_bin,">150 GeV",68,0.806437,0.080904,0.048389
157,energy_bin,">150 GeV",68,0.846646,0.097266,0.070414
158,energy_bin,">150 GeV",68,0.83595,0.094319,0.074958
159,energy_bin,">150 GeV",68,0.824954,0.090641,0.066322
160,energy_bin,">150 GeV",68,0.77572,0.091969,0.072064
161,energy_bin,">150 GeV",68,0.814951,0.105615,0.088883
162,energy_bin,">150 GeV",68,0.749131,0.081692,0.06531
163,energy_bin,">150 GeV",68,0.835053,0.07886,0.054782
164,energy_bin,">150 GeV",68,0.800687,0.082788,0.056966
165,energy_bin,">150 GeV",68,0.814513,0.078544,0.050768
166,energy_bin,">150 GeV",68,0.867567,0.078695,0.046251
167,energy_bin,">150 GeV",68,0.769455,0.116396,0.104414
168,energy_bin,">150 GeV",68,0.805675,0.080927,0.054315
169,energy_bin,">150 GeV",68,0.807183,0.087596,0.066274
170,energy_bin,">150 GeV",68,0.819211,0.079339,0.053865
171,energy_bin,">150 GeV",68,0.664811,0.085041,0.061987
172,energy_bin,">150 GeV",68,0.853021,0.078432,0.045907
173,energy_bin,">150 GeV",68,0.788948,0.07896,0.043496
174,energy_bin,">150 GeV",68,0.833194,0.080035,0.03989
175,energy_bin,">150 GeV",68,0.859416,0.076921,0.050125
176,energy_bin,">150 GeV",68,0.838971,0.074413,0.040226
177,energy_bin,">150 GeV",68,0.838925,0.076831,0.046592
178,energy_bin,">150 GeV",68,0.832848,0.076414,0.047334
179,energy_bin,">150 GeV",68,0.880972,0.073192,0.0398
180,energy_bin,">150 GeV",68,0.881953,0.073057,0.040748
181,energy_bin,">150 GeV",68,0.859623,0.075559,0.041162
182,energy_bin,">150 GeV",68,0.86108,0.07605,0.042695
183,energy_bin,">150 GeV",68,0.790757,0.075059,0.046775
184,energy_bin,">150 GeV",68,0.870076,0.076723,0.040508
185,energy_bin,">150 GeV",68,0.848613,0.078181,0.047303
186,energy_bin,">150 GeV",68,0.854816,0.08068,0.044033
187,energy_bin,">150 GeV",68,0.712013,0.099139,0.068548
188,energy_bin,">150 GeV",68,0.772046,0.094135,0.061829
189,energy_bin,">150 GeV",68,0.752511,0.076658,0.047256
190,energy_bin,">150 GeV",68,0.801636,0.090969,0.066413
191,energy_bin,">150 GeV",68,0.822277,0.084533,0.052023
192,energy_bin,">150 GeV",68,0.822979,0.083106,0.048928
193,energy_bin,">150 GeV",68,0.846011,0.092432,0.057432
194,energy_bin,">150 GeV",68,0.840111,0.083244,0.047225
195,energy_bin,">150 GeV",68,0.884061,0.094172,0.061398
196,energy_bin,">150 GeV",68,0.671943,0.086303,0.061102
197,energy_bin,">150 GeV",68,0.741048,0.096676,0.070418
198,energy_bin,">150 GeV",68,0.802269,0.102514,0.081034
199,energy_bin,">150 GeV",68,0.70198,0.084696,0.060141
200,energy_bin,">150 GeV",68,0.828825,0.089648,0.065525
201,energy_bin,">150 GeV",68,0.842756,0.085551,0.047276
202,energy_bin,">150 GeV",68,0.907264,0.082896,0.04228
203,energy_bin,">150 GeV",68,0.752944,0.085596,0.055477
204,energy_bin,">150 GeV",68,0.906672,0.080472,0.045292
205,energy_bin,">150 GeV",68,0.8711,0.077187,0.039704
206,energy_bin,">150 GeV",68,0.678924,0.090737,0.06868
207,energy_bin,">150 GeV",68,0.845051,0.089303,0.050973
208,energy_bin,">150 GeV",68,0.853288,0.084576,0.054213
209,energy_bin,">150 GeV",68,0.835341,0.082306,0.047719
210,energy_bin,">150 GeV",68,0.847289,0.078953,0.045413
211,energy_bin,">150 GeV",68,0.870456,0.077999,0.044425
212,energy_bin,">150 GeV",68,0.774958,0.076341,0.044524
213,energy_bin,">150 GeV",68,0.858591,0.071532,0.03956
214,energy_bin,">150 GeV",68,0.846986,0.073578,0.037334
215,energy_bin,">150 GeV",68,0.826111,0.072804,0.043813
216,energy_bin,">150 GeV",68,0.836918,0.077581,0.044604
217,energy_bin,">150 GeV",68,0.787136,0.074911,0.04813
218,energy_bin,">150 GeV",68,0.900712,0.07583,0.042842
219,energy_bin,">150 GeV",68,0.866981,0.081829,0.045801
220,energy_bin,">150 GeV",68,0.867933,0.081008,0.039271
221,energy_bin,">150 GeV",68,0.862821,0.08162,0.045766
222,energy_bin,">150 GeV",68,0.887827,0.078143,0.038496
223,energy_bin,">150 GeV",68,0.881576,0.079685,0.048861
224,energy_bin,">150 GeV",68,0.87502,0.073063,0.036345
225,energy_bin,">150 GeV",68,0.880089,0.079555,0.042868
226,energy_bin,">150 GeV",68,0.85391,0.083278,0.055971
227,energy_bin,">150 GeV",68,0.749988,0.085052,0.062124
228,energy_bin,">150 GeV",68,0.889752,0.080394,0.035389
229,energy_bin,">150 GeV",68,0.861635,0.074797,0.043328
230,energy_bin,">150 GeV",68,0.836645,0.087972,0.070788
231,energy_bin,">150 GeV",68,0.81885,0.082353,0.049586
232,energy_bin,">150 GeV",68,0.843425,0.076712,0.041569
233,energy_bin,">150 GeV",68,0.872034,0.076986,0.042132
234,energy_bin,">150 GeV",68,0.905569,0.072984,0.035914
235,energy_bin,">150 GeV",68,0.902814,0.079654,0.036114
236,energy_bin,">150 GeV",68,0.898931,0.078263,0.035924
237,energy_bin,">150 GeV",68,0.859617,0.077457,0.044483
238,energy_bin,">150 GeV",68,0.864414,0.08143,0.042875
239,energy_bin,">150 GeV",68,0.850932,0.087097,0.047173
240,energy_bin,">150 GeV",68,0.886375,0.078177,0.050647
241,energy_bin,">150 GeV",68,0.850284,0.077348,0.054461
242,energy_bin,">150 GeV",68,0.861598,0.08251,0.045343
243,energy_bin,">150 GeV",68,0.922293,0.069522,0.047062
244,energy_bin,">150 GeV",68,0.902393,0.075942,0.046343
245,energy_bin,">150 GeV",68,0.769721,0.082608,0.061878
246,energy_bin,">150 GeV",68,0.853508,0.07648,0.053896
247,energy_bin,">150 GeV",68,0.852022,0.078868,0.045158
248,energy_bin,">150 GeV",68,0.837215,0.083129,0.041604
249,energy_bin,">150 GeV",68,0.775939,0.081836,0.048027
250,energy_bin,">150 GeV",68,0.794619,0.087414,0.042552
251,energy_bin,">150 GeV",68,0.56865,0.071476,0.049107
252,energy_bin,">150 GeV",68,0.651893,0.075253,0.052852
253,energy_bin,">150 GeV",68,0.81818,0.078405,0.041669
254,energy_bin,">150 GeV",68,0.73532,0.077165,0.047484
255,energy_bin,">150 GeV",68,0.652759,0.077046,0.054263
256,energy_bin,">150 GeV",68,0.779187,0.080292,0.048403
257,energy_bin,">150 GeV",68,0.797294,0.079656,0.056382
258,energy_bin,">150 GeV",68,0.804384,0.079671,0.044164
259,energy_bin,">150 GeV",68,0.836562,0.076251,0.051034
260,energy_bin,">150 GeV",68,0.754743,0.07655,0.051889
261,energy_bin,">150 GeV",68,0.856025,0.088378,0.067635
262,energy_bin,">150 GeV",68,0.894205,0.076144,0.044103
263,energy_bin,">150 GeV",68,0.793883,0.104406,0.070728
264,energy_bin,">150 GeV",68,0.794656,0.097055,0.075337
265,energy_bin,">150 GeV",68,0.826123,0.099484,0.081441
266,energy_bin,">150 GeV",68,0.860436,0.09691,0.07038
267,energy_bin,">150 GeV",68,0.785174,0.087137,0.068124
268,energy_bin,">150 GeV",68,0.802058,0.086488,0.064073
269,energy_bin,">150 GeV",68,0.780039,0.09504,0.081282
270,energy_bin,">150 GeV",68,0.793996,0.09767,0.086285
271,energy_bin,">150 GeV",68,0.794476,0.109403,0.100184
272,energy_bin,">150 GeV",68,0.897708,0.090316,0.057415
273,energy_bin,">150 GeV",68,0.866731,0.089793,0.067757
274,energy_bin,">150 GeV",68,0.827808,0.094315,0.082178
275,energy_bin,">150 GeV",68,0.804338,0.102945,0.089889
276,energy_bin,">150 GeV",68,0.751845,0.116513,0.104473
277,energy_bin,">150 GeV",68,0.758483,0.15802,0.14979
278,energy_bin,">150 GeV",68,0.791094,0.114617,0.104677
279,energy_bin,">150 GeV",68,0.807697,0.10844,0.096191
280,energy_bin,">150 GeV",68,0.767877,0.128291,0.118734
281,energy_bin,">150 GeV",68,0.851097,0.089334,0.076213
282,energy_bin,">150 GeV",68,0.830388,0.100232,0.086133
283,energy_bin,">150 GeV",68,0.841547,0.086741,0.068239
284,energy_bin,">150 GeV",68,0.857071,0.092906,0.076425
285,energy_bin,">150 GeV",68,0.857553,0.096968,0.082114
286,energy_bin,">150 GeV",68,0.87654,0.081677,0.063678
287,energy_bin,">150 GeV",68,0.882252,0.089872,0.053562
288,energy_bin,">150 GeV",68,0.778778,0.096042,0.082121
289,energy_bin,">150 GeV",68,0.84884,0.087356,0.06842
290,energy_bin,">150 GeV",68,0.804402,0.091536,0.079156
291,energy_bin,">150 GeV",68,0.848973,0.097673,0.072727
292,energy_bin,">150 GeV",68,0.880262,0.085369,0.051989
293,energy_bin,">150 GeV",68,0.847819,0.091824,0.070269
294,energy_bin,">150 GeV",68,0.814419,0.088034,0.073566
295,energy_bin,">150 GeV",68,0.856869,0.079274,0.056445
296,energy_bin,">150 GeV",68,0.880774,0.082502,0.042648
297,energy_bin,">150 GeV",68,0.825776,0.085429,0.07649
298,energy_bin,">150 GeV",68,0.865206,0.068238,0.047663
299,energy_bin,">150 GeV",68,0.72683,0.089477,0.072869
300,energy_bin,">150 GeV",68,0.750434,0.075361,0.053996
301,energy_bin,">150 GeV",68,0.849255,0.103149,0.050524
302,energy_bin,">150 GeV",68,0.814612,0.070909,0.04397
303,energy_bin,">150 GeV",68,0.72548,0.101962,0.088786
304,energy_bin,">150 GeV",68,0.86797,0.086897,0.0449
305,energy_bin,">150 GeV",68,0.834676,0.080465,0.059934
306,energy_bin,">150 GeV",68,0.835123,0.089454,0.060693
307,energy_bin,">150 GeV",68,0.870024,0.071059,0.041064
308,energy_bin,">150 GeV",68,0.656323,0.072427,0.05174
309,energy_bin,">150 GeV",68,0.888412,0.127815,0.042331
310,energy_bin,">150 GeV",68,0.861103,0.078277,0.04707
311,energy_bin,">150 GeV",68,0.837863,0.084661,0.068828
312,energy_bin,">150 GeV",68,0.88561,0.083825,0.054093
313,energy_bin,">150 GeV",68,0.801868,0.075869,0.044065
314,energy_bin,">150 GeV",68,0.85808,0.071772,0.048806
315,energy_bin,">150 GeV",68,0.893974,0.077441,0.038023
316,energy_bin,">150 GeV",68,0.904437,0.075299,0.046375
317,energy_bin,">150 GeV",68,0.866745,0.067782,0.042556
318,energy_bin,">150 GeV",68,0.857154,0.083149,0.056715
319,energy_bin,">150 GeV",68,0.873385,0.075809,0.05103
320,energy_bin,">150 GeV",68,0.85465,0.092899,0.036489
321,energy_bin,">150 GeV",68,0.871197,0.070321,0.051132
322,energy_bin,">150 GeV",68,0.769292,0.076665,0.049272
323,energy_bin,">150 GeV",68,0.899492,0.125475,0.040008
324,energy_bin,">150 GeV",68,0.78022,0.105848,0.043982
325,energy_bin,">150 GeV",68,0.716814,0.071859,0.041154
326,energy_bin,">150 GeV",68,0.762211,0.083639,0.04755
327,energy_bin,">150 GeV",68,0.837944,0.08536,0.044927
328,energy_bin,">150 GeV",68,0.777327,0.079008,0.046631
329,energy_bin,">150 GeV",68,0.763694,0.081912,0.051208
330,energy_bin,">150 GeV",68,0.783482,0.082167,0.054759
331,energy_bin,">150 GeV",68,0.762449,0.092795,0.065541
332,energy_bin,">150 GeV",68,0.721674,0.102733,0.047126
333,energy_bin,">150 GeV",68,0.786902,0.085397,0.054385
334,energy_bin,">150 GeV",68,0.767629,0.077358,0.04181
335,energy_bin,">150 GeV",68,0.75792,0.080822,0.050681
336,energy_bin,">150 GeV",68,0.762913,0.113285,0.071631
337,energy_bin,">150 GeV",68,0.812679,0.075169,0.045474
338,energy_bin,">150 GeV",68,0.759826,0.105078,0.045713
339,energy_bin,">150 GeV",68,0.798619,0.092486,0.047314
340,energy_bin,">150 GeV",68,0.800166,0.076918,0.049437
341,energy_bin,">150 GeV",68,0.829734,0.080281,0.033519
342,energy_bin,">150 GeV",68,0.757481,0.0792,0.054171
343,energy_bin,">150 GeV",68,0.782189,0.076204,0.04687
344,energy_bin,">150 GeV",68,0.751935,0.077489,0.040249
345,energy_bin,">150 GeV",68,0.837358,0.104474,0.038115
346,energy_bin,">150 GeV",68,0.796126,0.081155,0.04203
347,energy_bin,">150 GeV",68,0.810692,0.088762,0.041144
348,energy_bin,">150 GeV",68,0.750342,0.08412,0.061927
349,energy_bin,">150 GeV",68,0.751028,0.080703,0.047752
350,energy_bin,">150 GeV",68,0.795962,0.086681,0.043264
351,energy_bin,">150 GeV",68,0.845601,0.075899,0.03837
352,energy_bin,">150 GeV",68,0.788878,0.078354,0.042053
353,energy_bin,">150 GeV",68,0.744885,0.079525,0.044004
354,energy_bin,">150 GeV",68,0.780642,0.082048,0.058202
355,energy_bin,">150 GeV",68,0.690161,0.066913,0.039177
356,energy_bin,">150 GeV",68,0.738882,0.077967,0.048483
357,energy_bin,">150 GeV",68,0.762913,0.082087,0.040896
358,energy_bin,">150 GeV",68,0.827934,0.087116,0.046897
359,energy_bin,">150 GeV",68,0.737185,0.073165,0.041718
360,energy_bin,">150 GeV",68,0.760879,0.076232,0.04127
361,energy_bin,">150 GeV",68,0.739404,0.071721,0.039272
362,energy_bin,">150 GeV",68,0.877329,0.074503,0.03429
363,energy_bin,">150 GeV",68,0.75973,0.092021,0.055119
364,energy_bin,">150 GeV",68,0.85705,0.08529,0.037293
365,energy_bin,">150 GeV",68,0.847106,0.083464,0.039854
366,energy_bin,">150 GeV",68,0.850368,0.098912,0.04727
367,energy_bin,">150 GeV",68,0.885487,0.077694,0.034724
368,energy_bin,">150 GeV",68,0.803823,0.08318,0.048307
369,energy_bin,">150 GeV",68,0.84527,0.12555,0.043774
370,energy_bin,">150 GeV",68,0.745961,0.086527,0.055859
371,energy_bin,">150 GeV",68,0.894478,0.075131,0.041828
372,energy_bin,">150 GeV",68,0.893498,0.070064,0.037875
373,energy_bin,">150 GeV",68,0.856649,0.076048,0.035325
374,energy_bin,">150 GeV",68,0.866367,0.094256,0.041984
375,energy_bin,">150 GeV",68,0.904909,0.066498,0.034824
376,energy_bin,">150 GeV",68,0.864542,0.075284,0.035364
377,energy_bin,">150 GeV",68,0.786915,0.099477,0.054858
378,energy_bin,">150 GeV",68,0.8588,0.088822,0.043349
379,energy_bin,">150 GeV",68,0.842508,0.075558,0.043134
380,energy_bin,">150 GeV",68,0.858933,0.077618,0.042368
381,energy_bin,">150 GeV",68,0.827723,0.086813,0.045517
382,energy_bin,">150 GeV",68,0.822137,0.073075,0.044749
383,energy_bin,">150 GeV",68,0.806464,0.073993,0.044841
384,energy_bin,">150 GeV",68,0.875919,0.088834,0.055367
385,energy_bin,">150 GeV",68,0.797257,0.087252,0.04583
386,energy_bin,">150 GeV",68,0.861945,0.074333,0.04365
387,energy_bin,">150 GeV",68,0.766515,0.080634,0.049534
388,energy_bin,">150 GeV",68,0.810155,0.079517,0.043366
389,energy_bin,">150 GeV",68,0.815161,0.076316,0.042947
390,energy_bin,">150 GeV",68,0.817835,0.083399,0.043429
391,energy_bin,">150 GeV",68,0.862147,0.090294,0.038234
392,energy_bin,">150 GeV",68,0.873699,0.081123,0.041314
393,energy_bin,">150 GeV",68,0.865819,0.101131,0.038899
394,energy_bin,">150 GeV",68,0.853361,0.09315,0.045313
395,energy_bin,">150 GeV",68,0.826601,0.096336,0.046454
396,energy_bin,">150 GeV",68,0.794316,0.099922,0.054656
397,energy_bin,">150 GeV",68,0.808605,0.100454,0.056744
398,energy_bin,">150 GeV",68,0.882928,0.10348,0.037054
399,energy_bin,">150 GeV",68,0.761307,0.087046,0.061722
400,energy_bin,">150 GeV",68,0.893108,0.094631,0.040532
401,energy_bin,">150 GeV",68,0.890314,0.080615,0.043047
402,energy_bin,">150 GeV",68,0.821106,0.084148,0.052986
403,energy_bin,">150 GeV",68,0.847045,0.081346,0.047078
404,energy_bin,">150 GeV",68,0.865577,0.094168,0.039772
405,energy_bin,">150 GeV",68,0.887442,0.091863,0.033672
406,energy_bin,">150 GeV",68,0.871724,0.089935,0.03261
407,energy_bin,">150 GeV",68,0.808636,0.093088,0.043107
408,energy_bin,">150 GeV",68,0.882933,0.096502,0.036559
409,energy_bin,">150 GeV",68,0.8891,0.102556,0.035984
410,energy_bin,">150 GeV",68,0.853708,0.09606,0.042591
411,energy_bin,">150 GeV",68,0.85322,0.08861,0.043286
412,energy_bin,">150 GeV",68,0.841505,0.080349,0.045318
413,energy_bin,">150 GeV",68,0.825344,0.076652,0.049669
414,energy_bin,">150 GeV",68,0.802782,0.096729,0.061165
415,energy_bin,">150 GeV",68,0.811054,0.080117,0.044407
416,energy_bin,">150 GeV",68,0.805431,0.081861,0.053514
417,energy_bin,">150 GeV",68,0.856808,0.076102,0.036782
418,energy_bin,">150 GeV",68,0.879227,0.086636,0.03325
419,energy_bin,">150 GeV",68,0.858096,0.08491,0.042708
420,energy_bin,">150 GeV",68,0.887405,0.074751,0.036712
421,energy_bin,">150 GeV",68,0.872577,0.097174,0.035391
422,energy_bin,">150 GeV",68,0.657416,0.149945,0.139764
423,energy_bin,">150 GeV",68,0.861731,0.07598,0.041899
424,energy_bin,">150 GeV",68,0.813734,0.085563,0.044682
425,energy_bin,">150 GeV",68,0.881796,0.085357,0.040707
426,energy_bin,">150 GeV",68,0.858013,0.078834,0.040431
427,energy_bin,">150 GeV",68,0.87589,0.069054,0.037404
428,energy_bin,">150 GeV",68,0.839692,0.074989,0.040035
429,energy_bin,">150 GeV",68,0.817895,0.093103,0.042944
430,energy_bin,">150 GeV",68,0.879749,0.085057,0.04731
431,energy_bin,">150 GeV",68,0.874173,0.083581,0.039873
432,energy_bin,">150 GeV",68,0.841823,0.088074,0.043635
433,energy_bin,">150 GeV",68,0.845472,0.078635,0.046754
434,energy_bin,">150 GeV",68,0.846844,0.069485,0.041209
435,energy_bin,">150 GeV",68,0.815716,0.081075,0.04071
436,energy_bin,">150 GeV",68,0.879986,0.088903,0.043928
437,energy_bin,">150 GeV",68,0.884547,0.076169,0.040689
438,energy_bin,">150 GeV",68,0.859389,0.089619,0.041939
439,energy_bin,">150 GeV",68,0.839311,0.080784,0.059153
440,energy_bin,">150 GeV",68,0.841886,0.076031,0.04604
441,energy_bin,">150 GeV",68,0.824767,0.080383,0.052772
442,energy_bin,">150 GeV",68,0.848923,0.079329,0.048833
443,energy_bin,">150 GeV",68,0.824052,0.074632,0.043685
444,energy_bin,">150 GeV",68,0.820229,0.07429,0.040515
445,energy_bin,">150 GeV",68,0.863816,0.093154,0.041503
446,energy_bin,">150 GeV",68,0.868813,0.077119,0.040378
447,energy_bin,">150 GeV",68,0.888046,0.079153,0.038495
448,energy_bin,">150 GeV",68,0.804236,0.096124,0.043343
449,energy_bin,">150 GeV",68,0.863311,0.085,0.045011
450,energy_bin,">150 GeV",68,0.794886,0.08905,0.065706
451,energy_bin,">150 GeV",68,0.756636,0.100675,0.077195
452,energy_bin,">150 GeV",68,0.832479,0.078115,0.04257
453,energy_bin,">150 GeV",68,0.892491,0.078336,0.039607
454,energy_bin,">150 GeV",68,0.828464,0.078254,0.039504
455,energy_bin,">150 GeV",68,0.851554,0.079958,0.03886
456,energy_bin,">150 GeV",68,0.851634,0.081407,0.042349
457,energy_bin,">150 GeV",68,0.830732,0.081371,0.0444
458,energy_bin,">150 GeV",68,0.850245,0.081198,0.036445
459,energy_bin,">150 GeV",68,0.780329,0.083767,0.058389
460,energy_bin,">150 GeV",68,0.789855,0.080242,0.047358
461,energy_bin,">150 GeV",68,0.876949,0.077238,0.041704
462,energy_bin,">150 GeV",68,0.859431,0.08368,0.046512
463,energy_bin,">150 GeV",68,0.893486,0.088946,0.037284
464,energy_bin,">150 GeV",68,0.832704,0.084672,0.050638
465,energy_bin,">150 GeV",68,0.852379,0.07818,0.049426
466,energy_bin,">150 GeV",68,0.845019,0.080463,0.042972
467,energy_bin,">150 GeV",68,0.703066,0.103699,0.086968
468,energy_bin,">150 GeV",68,0.860688,0.079835,0.041253
469,energy_bin,">150 GeV",68,0.87141,0.083989,0.039779
470,energy_bin,">150 GeV",68,0.835406,0.082257,0.048616
471,energy_bin,">150 GeV",68,0.885438,0.085866,0.046457
472,energy_bin,">150 GeV",68,0.788423,0.082044,0.051672
473,energy_bin,">150 GeV",68,0.838326,0.080809,0.049426
474,energy_bin,">150 GeV",68,0.834026,0.079438,0.046565
475,energy_bin,">150 GeV",68,0.786227,0.079711,0.051425
476,energy_bin,">150 GeV",68,0.827384,0.081041,0.041725
477,energy_bin,">150 GeV",68,0.775702,0.081024,0.057472
478,energy_bin,">150 GeV",68,0.863702,0.094485,0.045528
479,energy_bin,">150 GeV",68,0.777358,0.081365,0.056208
480,energy_bin,">150 GeV",68,0.824562,0.079061,0.048761
481,energy_bin,">150 GeV",68,0.879533,0.095186,0.046165
482,energy_bin,">150 GeV",68,0.872845,0.088315,0.041929
483,energy_bin,">150 GeV",68,0.796216,0.07839,0.045528
484,energy_bin,">150 GeV",68,0.816938,0.077751,0.049999
485,energy_bin,">150 GeV",68,0.826837,0.076585,0.041514
486,energy_bin,">150 GeV",68,0.854664,0.086115,0.042022
487,energy_bin,">150 GeV",68,0.778616,0.077639,0.046686
488,energy_bin,">150 GeV",68,0.78039,0.075907,0.043231
489,energy_bin,">150 GeV",68,0.837633,0.08644,0.042781
490,energy_bin,">150 GeV",68,0.778853,0.076229,0.047661
491,energy_bin,">150 GeV",68,0.878296,0.107139,0.042387
492,energy_bin,">150 GeV",68,0.857433,0.080864,0.041192
493,energy_bin,">150 GeV",68,0.843506,0.080224,0.048456
494,energy_bin,">150 GeV",68,0.896096,0.080411,0.03653
495,energy_bin,">150 GeV",68,0.872494,0.096778,0.042361
496,energy_bin,">150 GeV",68,0.847395,0.085327,0.044181
497,energy_bin,">150 GeV",68,0.856287,0.079984,0.045377
498,energy_bin,">150 GeV",68,0.845043,0.081451,0.044345
499,energy_bin,">150 GeV",68,0.859521,0.090588,0.04441
0,particle,"Neutron",13032,6.138322,3.499994,2.670239
1,particle,"Neutron",13032,6.104746,3.481285,2.677199
2,particle,"Neutron",13032,0.862074,0.264639,0.143656
3,particle,"Neutron",13032,0.862954,0.257055,0.130853
4,particle,"Neutron",13032,0.814963,0.244527,0.127247
5,particle,"Neutron",13032,0.810376,0.242173,0.124358
6,particle,"Neutron",13032,0.833649,0.24628,0.121941
7,particle,"Neutron",13032,0.82749,0.245491,0.12338
8,particle,"Neutron",13032,0.863753,0.25453,0.126243
9,particle,"Neutron",13032,0.859476,0.252256,0.12612
10,particle,"Neutron",13032,0.901414,0.267448,0.133433
11,particle,"Neutron",13032,0.829688,0.243538,0.119787
12,particle,"Neutron",13032,0.902175,0.269844,0.134389
13,particle,"Neutron",13032,0.854043,0.249617,0.120049
14,particle,"Neutron",13032,0.849099,0.248163,0.12141
15,particle,"Neutron",13032,0.906419,0.266364,0.129955
16,particle,"Neutron",13032,0.868452,0.251214,0.1173
17,particle,"Neutron",13032,0.875418,0.256202,0.1219
18,particle,"Neutron",13032,0.879705,0.255271,0.120962
19,particle,"Neutron",13032,0.843176,0.246135,0.117819
20,particle,"Neutron",13032,0.847611,0.247834,0.119941
21,particle,"Neutron",13032,0.8612,0.24947,0.117205
22,particle,"Neutron",13032,0.873465,0.253653,0.120502
23,particle,"Neutron",13032,0.869333,0.252017,0.119605
24,particle,"Neutron",13032,0.860904,0.249523,0.118094
25,particle,"Neutron",13032,0.865792,0.251376,0.1189
26,particle,"Neutron",13032,0.858877,0.249257,0.117135
27,particle,"Neutron",13032,0.865661,0.250399,0.119076
28,particle,"Neutron",13032,0.86748,0.251726,0.119142
29,particle,"Neutron",13032,0.859653,0.249359,0.119545
30,particle,"Neutron",13032,0.912737,0.273837,0.139855
31,particle,"Neutron",13032,0.83819,0.250882,0.127194
32,particle,"Neutron",13032,0.804246,0.244008,0.123835
33,particle,"Neutron",13032,0.864975,0.254901,0.125282
34,particle,"Neutron",13032,0.84639,0.250335,0.125025
35,particle,"Neutron",13032,0.769809,0.235247,0.119876
36,particle,"Neutron",13032,0.816021,0.246451,0.125317
37,particle,"Neutron",13032,0.826998,0.245781,0.12443
38,particle,"Neutron",13032,0.813763,0.242222,0.120644
39,particle,"Neutron",13032,0.852649,0.259045,0.134139
40,particle,"Neutron",13032,0.837077,0.252688,0.130295
41,particle,"Neutron",13032,0.886226,0.276149,0.142038
42,particle,"Neutron",13032,0.858916,0.258216,0.12706
43,particle,"Neutron",13032,0.839665,0.250564,0.128431
44,particle,"Neutron",13032,0.840474,0.255051,0.130316
45,particle,"Neutron",13032,0.880054,0.265609,0.130231
46,particle,"Neutron",13032,0.829855,0.248053,0.126741
47,particle,"Neutron",13032,0.825522,0.246748,0.121432
48,particle,"Neutron",13032,0.772888,0.229806,0.114163
49,particle,"Neutron",13032,0.871281,0.25861,0.126453
50,particle,"Neutron",13032,0.847797,0.249783,0.12076
51,particle,"Neutron",13032,0.86117,0.255199,0.126196
52,particle,"Neutron",13032,0.866444,0.255479,0.124282
53,particle,"Neutron",13032,0.819114,0.240556,0.11606
54,particle,"Neutron",13032,0.848898,0.248862,0.120944
55,particle,"Neutron",13032,0.83711,0.246408,0.118855
56,particle,"Neutron",13032,0.831658,0.245523,0.119843
57,particle,"Neutron",13032,0.819668,0.239962,0.117582
58,particle,"Neutron",13032,0.863306,0.252861,0.121692
59,particle,"Neutron",13032,0.849761,0.249015,0.120724
60,particle,"Neutron",13032,0.825626,0.241134,0.117535
61,particle,"Neutron",13032,0.832883,0.243881,0.118731
62,particle,"Neutron",13032,0.858117,0.251462,0.121006
63,particle,"Neutron",13032,0.797535,0.236705,0.114547
64,particle,"Neutron",13032,0.797971,0.247525,0.126258
65,particle,"Neutron",13032,0.823763,0.256004,0.131787
66,particle,"Neutron",13032,0.700841,0.215596,0.119035
67,particle,"Neutron",13032,0.748216,0.226487,0.11548
68,particle,"Neutron",13032,0.822903,0.247466,0.124209
69,particle,"Neutron",13032,0.747845,0.224215,0.109612
70,particle,"Neutron",13032,0.839892,0.256022,0.127262
71,particle,"Neutron",13032,0.815792,0.405633,0.166215
72,particle,"Neutron",13032,0.84965,0.267914,0.146382
73,particle,"Neutron",13032,0.757445,0.233929,0.113806
74,particle,"Neutron",13032,0.839863,0.260007,0.132202
75,particle,"Neutron",13032,0.821518,0.254025,0.133983
76,particle,"Neutron",13032,0.784135,0.245528,0.122401
77,particle,"Neutron",13032,0.758545,0.228856,0.118804
78,particle,"Neutron",13032,0.734563,0.220033,0.109374
79,particle,"Neutron",13032,0.765985,0.238401,0.120124
80,particle,"Neutron",13032,0.715518,0.227083,0.121176
81,particle,"Neutron",13032,0.799947,0.256493,0.132849
82,particle,"Neutron",13032,0.764365,0.243326,0.127682
83,particle,"Neutron",13032,0.769053,0.237812,0.122831
84,particle,"Neutron",13032,0.787509,0.245603,0.122746
85,particle,"Neutron",13032,0.763161,0.230168,0.116723
86,particle,"Neutron",13032,0.78175,0.234937,0.118235
87,particle,"Neutron",13032,0.762864,0.232479,0.114127
88,particle,"Neutron",13032,0.807044,0.243079,0.122273
89,particle,"Neutron",13032,0.771343,0.233382,0.115285
90,particle,"Neutron",13032,0.809108,0.243806,0.121706
91,particle,"Neutron",13032,0.816858,0.245222,0.121411
92,particle,"Neutron",13032,0.828375,0.249307,0.125327
93,particle,"Neutron",13032,0.801445,0.239469,0.119113
94,particle,"Neutron",13032,0.753388,0.227846,0.114483
95,particle,"Neutron",13032,0.770066,0.233451,0.114927
96,particle,"Neutron",13032,0.822114,0.246455,0.121618
97,particle,"Neutron",13032,0.779287,0.232968,0.117077
98,particle,"Neutron",13032,0.781846,0.235203,0.117093
99,particle,"Neutron",13032,0.773744,0.233759,0.115221
100,particle,"Neutron",13032,0.744815,0.227221,0.116763
101,particle,"Neutron",13032,0.872961,0.298982,0.153451
102,particle,"Neutron",13032,0.758419,0.23755,0.132593
103,particle,"Neutron",13032,0.817442,0.253907,0.130319
104,particle,"Neutron",13032,0.783721,0.239751,0.118175
105,particle,"Neutron",13032,0.742797,0.226831,0.118702
106,particle,"Neutron",13032,0.806109,0.245647,0.129172
107,particle,"Neutron",13032,0.79926,0.246471,0.12852
108,particle,"Neutron",13032,0.717707,0.217651,0.110094
109,particle,"Neutron",13032,0.785529,0.237777,0.11981
110,particle,"Neutron",13032,0.825362,0.248009,0.124086
111,particle,"Neutron",13032,0.830161,0.26056,0.133007
112,particle,"Neutron",13032,0.718816,0.218865,0.11264
113,particle,"Neutron",13032,0.809926,0.250266,0.127212
114,particle,"Neutron",13032,0.757218,0.243674,0.118768
115,particle,"Neutron",13032,0.832888,0.281011,0.131485
116,particle,"Neutron",13032,0.739015,0.232193,0.121292
117,particle,"Neutron",13032,0.766207,0.234294,0.123064
118,particle,"Neutron",13032,0.669723,0.213613,0.114728
119,particle,"Neutron",13032,0.783693,0.290568,0.119789
120,particle,"Neutron",13032,0.770361,0.239046,0.128569
121,particle,"Neutron",13032,0.740472,0.228642,0.113195
122,particle,"Neutron",13032,0.773246,0.230197,0.116243
123,particle,"Neutron",13032,0.755087,0.234642,0.129838
124,particle,"Neutron",13032,0.747962,0.230209,0.124725
125,particle,"Neutron",13032,0.735493,0.227562,0.115805
126,particle,"Neutron",13032,0.746452,0.23208,0.120088
127,particle,"Neutron",13032,0.756174,0.243306,0.130214
128,particle,"Neutron",13032,0.792197,0.249693,0.117132
129,particle,"Neutron",13032,0.635319,0.200214,0.109785
130,particle,"Neutron",13032,0.709501,0.233895,0.119471
131,particle,"Neutron",13032,0.736776,0.221615,0.11185
132,particle,"Neutron",13032,0.78257,0.23415,0.114868
133,particle,"Neutron",13032,0.739427,0.222143,0.110446
134,particle,"Neutron",13032,0.677536,0.209875,0.113264
135,particle,"Neutron",13032,0.723564,0.221084,0.113223
136,particle,"Neutron",13032,0.688387,0.221754,0.119077
137,particle,"Neutron",13032,0.7271,0.245077,0.116481
138,particle,"Neutron",13032,0.772814,0.233301,0.11529
139,particle,"Neutron",13032,0.745724,0.22541,0.113551
140,particle,"Neutron",13032,0.732828,0.222543,0.110594
141,particle,"Neutron",13032,0.874215,0.281833,0.143766
142,particle,"Neutron",13032,0.75908,0.393962,0.118432
143,particle,"Neutron",13032,0.637993,0.207296,0.117861
144,particle,"Neutron",13032,0.789927,0.240537,0.120882
145,particle,"Neutron",13032,0.672833,0.203365,0.105164
146,particle,"Neutron",13032,0.636762,0.221531,0.105507
147,particle,"Neutron",13032,0.794651,0.241309,0.125484
148,particle,"Neutron",13032,0.771566,0.240337,0.128844
149,particle,"Neutron",13032,0.711192,0.228477,0.130511
150,particle,"Neutron",13032,0.729578,0.2239,0.119951
151,particle,"Neutron",13032,0.858561,0.262605,0.132491
152,particle,"Neutron",13032,0.780386,0.238385,0.121232
153,particle,"Neutron",13032,0.736001,0.225649,0.121823
154,particle,"Neutron",13032,0.810242,0.24269,0.120894
155,particle,"Neutron",13032,0.798222,0.238763,0.116478
156,particle,"Neutron",13032,0.754451,0.229481,0.118028
157,particle,"Neutron",13032,0.827558,0.245681,0.121207
158,particle,"Neutron",13032,0.829853,0.248715,0.123127
159,particle,"Neutron",13032,0.800367,0.242084,0.121026
160,particle,"Neutron",13032,0.773222,0.231477,0.115591
161,particle,"Neutron",13032,0.799508,0.239142,0.119038
162,particle,"Neutron",13032,0.727444,0.21727,0.107219
163,particle,"Neutron",13032,0.792951,0.237301,0.118797
164,particle,"Neutron",13032,0.767566,0.229969,0.113193
165,particle,"Neutron",13032,0.758751,0.226645,0.111569
166,particle,"Neutron",13032,0.809653,0.239996,0.116932
167,particle,"Neutron",13032,0.786333,0.233792,0.111694
168,particle,"Neutron",13032,0.776201,0.231557,0.113782
169,particle,"Neutron",13032,0.781399,0.231054,0.113867
170,particle,"Neutron",13032,0.782583,0.232915,0.113035
171,particle,"Neutron",13032,0.630293,0.201096,0.110466
172,particle,"Neutron",13032,0.80696,0.23915,0.118039
173,particle,"Neutron",13032,0.74669,0.224293,0.109986
174,particle,"Neutron",13032,0.778133,0.232358,0.114342
175,particle,"Neutron",13032,0.808447,0.239702,0.11718
176,particle,"Neutron",13032,0.785968,0.233326,0.113056
177,particle,"Neutron",13032,0.792225,0.23615,0.114823
178,particle,"Neutron",13032,0.79124,0.234007,0.113812
179,particle,"Neutron",13032,0.821016,0.24373,0.118953
180,particle,"Neutron",13032,0.822232,0.244433,0.11793
181,particle,"Neutron",13032,0.801085,0.238198,0.116137
182,particle,"Neutron",13032,0.811934,0.240609,0.118132
183,particle,"Neutron",13032,0.755628,0.225381,0.111285
184,particle,"Neutron",13032,0.817042,0.242476,0.117352
185,particle,"Neutron",13032,0.801081,0.23809,0.115061
186,particle,"Neutron",13032,0.800023,0.237562,0.114942
187,particle,"Neutron",13032,0.633411,0.198388,0.106963
188,particle,"Neutron",13032,0.711141,0.21844,0.115807
189,particle,"Neutron",13032,0.702897,0.214773,0.106115
190,particle,"Neutron",13032,0.785132,0.235577,0.116423
191,particle,"Neutron",13032,0.772482,0.235124,0.117602
192,particle,"Neutron",13032,0.786588,0.240198,0.122202
193,particle,"Neutron",13032,0.792218,0.242123,0.120576
194,particle,"Neutron",13032,0.786563,0.233624,0.117729
195,particle,"Neutron",13032,0.843561,0.252284,0.126336
196,particle,"Neutron",13032,0.637274,0.196896,0.103315
197,particle,"Neutron",13032,0.669159,0.203863,0.106942
198,particle,"Neutron",13032,0.798607,0.240087,0.118953
199,particle,"Neutron",13032,0.708658,0.212957,0.108609
200,particle,"Neutron",13032,0.795723,0.23601,0.115603
201,particle,"Neutron",13032,0.782817,0.233499,0.11421
202,particle,"Neutron",13032,0.841213,0.248197,0.122183
203,particle,"Neutron",13032,0.757821,0.228692,0.120426
204,particle,"Neutron",13032,0.86373,0.259321,0.128598
205,particle,"Neutron",13032,0.813159,0.241827,0.117898
206,particle,"Neutron",13032,0.711899,0.21636,0.112965
207,particle,"Neutron",13032,0.752912,0.225678,0.113032
208,particle,"Neutron",13032,0.826423,0.244594,0.12093
209,particle,"Neutron",13032,0.770093,0.229968,0.116101
210,particle,"Neutron",13032,0.803606,0.244673,0.118303
211,particle,"Neutron",13032,0.835248,0.249374,0.121237
212,particle,"Neutron",13032,0.751409,0.225057,0.111724
213,particle,"Neutron",13032,0.820511,0.246543,0.120282
214,particle,"Neutron",13032,0.802069,0.242191,0.120448
215,particle,"Neutron",13032,0.79254,0.237923,0.117114
216,particle,"Neutron",13032,0.838347,0.254853,0.132053
217,particle,"Neutron",13032,0.817828,0.249846,0.132019
218,particle,"Neutron",13032,0.857709,0.254882,0.125537
219,particle,"Neutron",13032,0.853636,0.253411,0.125743
220,particle,"Neutron",13032,0.819544,0.242879,0.119173
221,particle,"Neutron",13032,0.806117,0.242401,0.11978
222,particle,"Neutron",13032,0.854434,0.255152,0.123471
223,particle,"Neutron",13032,0.896685,0.269269,0.138343
224,particle,"Neutron",13032,0.841273,0.248083,0.12189
225,particle,"Neutron",13032,0.851087,0.251849,0.124455
226,particle,"Neutron",13032,0.86879,0.257162,0.128355
227,particle,"Neutron",13032,0.801421,0.243197,0.127313
228,particle,"Neutron",13032,0.848554,0.252014,0.122847
229,particle,"Neutron",13032,0.845054,0.25152,0.12318
230,particle,"Neutron",13032,0.853534,0.251643,0.123271
231,particle,"Neutron",13032,0.84571,0.255791,0.132253
232,particle,"Neutron",13032,0.832613,0.246321,0.120899
233,particle,"Neutron",13032,0.86896,0.259106,0.129851
234,particle,"Neutron",13032,0.883179,0.261419,0.128068
235,particle,"Neutron",13032,0.866154,0.254833,0.122916
236,particle,"Neutron",13032,0.87063,0.257461,0.124828
237,particle,"Neutron",13032,0.856955,0.254178,0.127314
238,particle,"Neutron",13032,0.847239,0.259383,0.133183
239,particle,"Neutron",13032,0.786134,0.244407,0.12383
240,particle,"Neutron",13032,0.771819,0.238288,0.116565
241,particle,"Neutron",13032,0.743146,0.231642,0.114619
242,particle,"Neutron",13032,0.827571,0.253891,0.126662
243,particle,"Neutron",13032,0.847804,0.255208,0.125746
244,particle,"Neutron",13032,0.838852,0.277777,0.124997
245,particle,"Neutron",13032,0.759695,0.229868,0.111077
246,particle,"Neutron",13032,0.844622,0.268436,0.127337
247,particle,"Neutron",13032,0.76508,0.232839,0.112823
248,particle,"Neutron",13032,0.786491,0.233606,0.113052
249,particle,"Neutron",13032,0.755521,0.258932,0.115253
250,particle,"Neutron",13032,0.743177,0.231518,0.108321
251,particle,"Neutron",13032,0.600821,0.197336,0.113273
252,particle,"Neutron",13032,0.693287,0.226634,0.124499
253,particle,"Neutron",13032,0.78745,0.242866,0.118936
254,particle,"Neutron",13032,0.699207,0.218879,0.115044
255,particle,"Neutron",13032,0.64012,0.205355,0.1139
256,particle,"Neutron",13032,0.78567,0.442113,0.12472
257,particle,"Neutron",13032,0.765911,0.257855,0.114156
258,particle,"Neutron",13032,0.723975,0.270239,0.11208
259,particle,"Neutron",13032,0.764332,0.651288,0.112495
260,particle,"Neutron",13032,0.719536,0.220608,0.111535
261,particle,"Neutron",13032,0.839262,0.251419,0.123841
262,particle,"Neutron",13032,0.828112,0.248394,0.122895
263,particle,"Neutron",13032,0.777847,0.23129,0.116473
264,particle,"Neutron",13032,0.808115,0.617752,0.129844
265,particle,"Neutron",13032,0.840626,0.253961,0.127933
266,particle,"Neutron",13032,0.840245,0.252237,0.123719
267,particle,"Neutron",13032,0.784959,0.236278,0.120441
268,particle,"Neutron",13032,0.765957,0.229176,0.11533
269,particle,"Neutron",13032,0.788629,0.24156,0.120739
270,particle,"Neutron",13032,0.806989,0.241514,0.120902
271,particle,"Neutron",13032,0.80196,0.263346,0.116742
272,particle,"Neutron",13032,0.877306,0.298934,0.124371
273,particle,"Neutron",13032,0.849387,0.286737,0.121836
274,particle,"Neutron",13032,0.830744,0.272903,0.120247
275,particle,"Neutron",13032,0.825625,0.28595,0.119965
276,particle,"Neutron",13032,0.807916,0.275076,0.121123
277,particle,"Neutron",13032,0.853379,0.256343,0.126957
278,particle,"Neutron",13032,0.812866,0.245648,0.119213
279,particle,"Neutron",13032,0.819073,0.243,0.1184
280,particle,"Neutron",13032,0.826532,0.261148,0.121787
281,particle,"Neutron",13032,0.835125,0.267968,0.120635
282,particle,"Neutron",13032,0.826556,0.258474,0.118605
283,particle,"Neutron",13032,0.817836,0.266415,0.118452
284,particle,"Neutron",13032,0.845335,0.256269,0.122471
285,particle,"Neutron",13032,0.848925,0.251304,0.122916
286,particle,"Neutron",13032,0.845665,0.252864,0.120257
287,particle,"Neutron",13032,0.840748,0.250097,0.119534
288,particle,"Neutron",13032,0.801164,0.259609,0.121223
289,particle,"Neutron",13032,0.816937,0.244364,0.118904
290,particle,"Neutron",13032,0.802183,0.241836,0.115782
291,particle,"Neutron",13032,0.838142,0.247303,0.120205
292,particle,"Neutron",13032,0.841951,0.269064,0.119625
293,particle,"Neutron",13032,0.829222,0.244926,0.11984
294,particle,"Neutron",13032,0.811114,0.259685,0.117633
295,particle,"Neutron",13032,0.811037,0.240019,0.116891
296,particle,"Neutron",13032,0.824986,0.557447,0.120169
297,particle,"Neutron",13032,0.829024,0.247847,0.121192
298,particle,"Neutron",13032,0.83738,0.675523,0.120301
299,particle,"Neutron",13032,0.751464,0.238979,0.113008
300,particle,"Neutron",13032,0.737177,0.248403,0.109598
301,particle,"Neutron",13032,0.776616,0.231786,0.110922
302,particle,"Neutron",13032,0.778998,0.232028,0.11193
303,particle,"Neutron",13032,0.746328,0.224383,0.113658
304,particle,"Neutron",13032,0.831381,0.27956,0.124035
305,particle,"Neutron",13032,0.810165,0.243538,0.117246
306,particle,"Neutron",13032,0.824233,0.246735,0.118033
307,particle,"Neutron",13032,0.847658,0.548217,0.119725
308,particle,"Neutron",13032,0.657033,0.564149,0.106848
309,particle,"Neutron",13032,0.849064,0.302302,0.122897
310,particle,"Neutron",13032,0.798588,0.240403,0.115544
311,particle,"Neutron",13032,0.816267,0.250379,0.118714
312,particle,"Neutron",13032,0.780122,0.234298,0.114322
313,particle,"Neutron",13032,0.74978,0.226271,0.112548
314,particle,"Neutron",13032,0.819003,0.641846,0.115307
315,particle,"Neutron",13032,0.824854,0.245742,0.117058
316,particle,"Neutron",13032,0.853863,0.253013,0.120706
317,particle,"Neutron",13032,0.810605,0.588316,0.115944
318,particle,"Neutron",13032,0.83852,0.248612,0.120355
319,particle,"Neutron",13032,0.84692,0.252048,0.12192
320,particle,"Neutron",13032,0.79331,0.23772,0.118635
321,particle,"Neutron",13032,0.854767,0.25556,0.124987
322,particle,"Neutron",13032,0.757458,0.250445,0.119086
323,particle,"Neutron",13032,0.858192,0.277127,0.125468
324,particle,"Neutron",13032,0.751586,0.228111,0.116696
325,particle,"Neutron",13032,0.730212,0.652189,0.117973
326,particle,"Neutron",13032,0.71404,0.531184,0.109849
327,particle,"Neutron",13032,0.770884,0.230443,0.113677
328,particle,"Neutron",13032,0.834613,0.262422,0.142094
329,particle,"Neutron",13032,0.779965,0.259555,0.12592
330,particle,"Neutron",13032,0.798044,0.257749,0.123464
331,particle,"Neutron",13032,0.794211,0.244402,0.126831
332,particle,"Neutron",13032,0.692243,0.207549,0.10551
333,particle,"Neutron",13032,0.796487,0.240796,0.120896
334,particle,"Neutron",13032,0.765935,0.236667,0.119325
335,particle,"Neutron",13032,0.785047,0.239408,0.122621
336,particle,"Neutron",13032,0.804833,0.248999,0.125401
337,particle,"Neutron",13032,0.793494,0.237664,0.11971
338,particle,"Neutron",13032,0.740005,0.332416,0.111732
339,particle,"Neutron",13032,0.770937,0.251551,0.114474
340,particle,"Neutron",13032,0.785068,0.237546,0.115325
341,particle,"Neutron",13032,0.788852,0.233743,0.113774
342,particle,"Neutron",13032,0.766347,0.261471,0.117094
343,particle,"Neutron",13032,0.773255,0.233199,0.115623
344,particle,"Neutron",13032,0.731342,0.220196,0.111085
345,particle,"Neutron",13032,0.811961,0.242702,0.119887
346,particle,"Neutron",13032,0.780717,0.234179,0.118141
347,particle,"Neutron",13032,0.781057,0.232992,0.116639
348,particle,"Neutron",13032,0.770067,0.258347,0.119191
349,particle,"Neutron",13032,0.782299,0.264011,0.126681
350,particle,"Neutron",13032,0.765019,0.228224,0.115033
351,particle,"Neutron",13032,0.804872,0.238755,0.118833
352,particle,"Neutron",13032,0.769792,0.23149,0.116393
353,particle,"Neutron",13032,0.733853,0.220592,0.111957
354,particle,"Neutron",13032,0.787816,0.261719,0.118784
355,particle,"Neutron",13032,0.71017,0.220869,0.115308
356,particle,"Neutron",13032,0.742855,0.22423,0.114133
357,particle,"Neutron",13032,0.746549,0.224235,0.113209
358,particle,"Neutron",13032,0.75382,0.224346,0.110691
359,particle,"Neutron",13032,0.748732,0.259046,0.116958
360,particle,"Neutron",13032,0.742037,0.224402,0.112325
361,particle,"Neutron",13032,0.734685,0.229215,0.11584
362,particle,"Neutron",13032,0.822968,0.244633,0.118379
363,particle,"Neutron",13032,0.711607,0.213092,0.110092
364,particle,"Neutron",13032,0.801892,0.255826,0.114242
365,particle,"Neutron",13032,0.823733,0.26365,0.11881
366,particle,"Neutron",13032,0.833268,0.283236,0.121267
367,particle,"Neutron",13032,0.844494,0.250934,0.123007
368,particle,"Neutron",13032,0.754019,0.225871,0.112477
369,particle,"Neutron",13032,0.771345,0.240197,0.112008
370,particle,"Neutron",13032,0.713977,0.227153,0.111424
371,particle,"Neutron",13032,0.862698,0.267026,0.121153
372,particle,"Neutron",13032,0.852672,0.269621,0.121854
373,particle,"Neutron",13032,0.799212,0.676542,0.113479
374,particle,"Neutron",13032,0.809088,0.255753,0.115499
375,particle,"Neutron",13032,0.858676,0.253771,0.122674
376,particle,"Neutron",13032,0.808878,0.255,0.116747
377,particle,"Neutron",13032,0.794112,0.253697,0.121792
378,particle,"Neutron",13032,0.789509,0.252857,0.115561
379,particle,"Neutron",13032,0.816818,0.24554,0.122958
380,particle,"Neutron",13032,0.850909,0.254769,0.126528
381,particle,"Neutron",13032,0.789387,0.234845,0.117051
382,particle,"Neutron",13032,0.826221,0.288841,0.133847
383,particle,"Neutron",13032,0.809022,0.254176,0.122654
384,particle,"Neutron",13032,0.860477,0.253677,0.121937
385,particle,"Neutron",13032,0.754412,0.225715,0.113805
386,particle,"Neutron",13032,0.822466,0.283135,0.120818
387,particle,"Neutron",13032,0.787324,0.238013,0.123298
388,particle,"Neutron",13032,0.79577,0.259149,0.125811
389,particle,"Neutron",13032,0.791016,0.244003,0.119058
390,particle,"Neutron",13032,0.819164,0.247208,0.127917
391,particle,"Neutron",13032,0.839165,0.251327,0.1253
392,particle,"Neutron",13032,0.832976,0.245812,0.121484
393,particle,"Neutron",13032,0.804419,0.59129,0.116819
394,particle,"Neutron",13032,0.847036,0.254453,0.129757
395,particle,"Neutron",13032,0.833924,0.255252,0.129169
396,particle,"Neutron",13032,0.80719,0.254532,0.123953
397,particle,"Neutron",13032,0.820112,0.246917,0.124489
398,particle,"Neutron",13032,0.858747,0.255157,0.126081
399,particle,"Neutron",13032,0.818671,0.255541,0.142054
400,particle,"Neutron",13032,0.855282,0.252987,0.124688
401,particle,"Neutron",13032,0.870116,0.269951,0.12781
402,particle,"Neutron",13032,0.831968,0.257046,0.12807
403,particle,"Neutron",13032,0.841555,0.269154,0.126012
404,particle,"Neutron",13032,0.863284,0.697799,0.129384
405,particle,"Neutron",13032,0.858376,0.27123,0.124923
406,particle,"Neutron",13032,0.850411,0.254648,0.126435
407,particle,"Neutron",13032,0.816858,0.260564,0.127047
408,particle,"Neutron",13032,0.858654,0.570074,0.124727
409,particle,"Neutron",13032,0.86223,0.255871,0.126994
410,particle,"Neutron",13032,0.83423,0.249961,0.128786
411,particle,"Neutron",13032,0.846684,0.704166,0.124068
412,particle,"Neutron",13032,0.836897,0.292454,0.126874
413,particle,"Neutron",13032,0.842237,0.255516,0.132486
414,particle,"Neutron",13032,0.844015,0.658858,0.130361
415,particle,"Neutron",13032,0.826827,0.559583,0.132072
416,particle,"Neutron",13032,0.84495,0.277133,0.138113
417,particle,"Neutron",13032,0.856831,0.27286,0.134861
418,particle,"Neutron",13032,0.858093,0.256242,0.128269
419,particle,"Neutron",13032,0.836335,0.249418,0.124716
420,particle,"Neutron",13032,0.855127,0.253564,0.123731
421,particle,"Neutron",13032,0.845527,0.251462,0.125015
422,particle,"Neutron",13032,0.795939,0.245403,0.13163
423,particle,"Neutron",13032,0.845221,0.265426,0.127274
424,particle,"Neutron",13032,0.827175,0.311558,0.133123
425,particle,"Neutron",13032,0.849944,0.742717,0.121377
426,particle,"Neutron",13032,0.851906,0.257057,0.130176
427,particle,"Neutron",13032,0.853244,0.255347,0.126603
428,particle,"Neutron",13032,0.81705,0.244594,0.12568
429,particle,"Neutron",13032,0.797702,0.238751,0.120078
430,particle,"Neutron",13032,0.871385,0.258889,0.126291
431,particle,"Neutron",13032,0.837258,0.629556,0.123035
432,particle,"Neutron",13032,0.819554,0.245167,0.123496
433,particle,"Neutron",13032,0.815327,0.242114,0.121726
434,particle,"Neutron",13032,0.837122,0.273389,0.127865
435,particle,"Neutron",13032,0.788579,0.23955,0.123305
436,particle,"Neutron",13032,0.85969,0.25716,0.127109
437,particle,"Neutron",13032,0.903802,0.277414,0.144699
438,particle,"Neutron",13032,0.833676,0.253881,0.130119
439,particle,"Neutron",13032,0.875099,0.26659,0.138923
440,particle,"Neutron",13032,0.843,0.261101,0.130187
441,particle,"Neutron",13032,0.791775,0.234252,0.11736
442,particle,"Neutron",13032,0.859922,0.336686,0.132664
443,particle,"Neutron",13032,0.80704,0.240672,0.118429
444,particle,"Neutron",13032,0.800735,0.628528,0.122211
445,particle,"Neutron",13032,0.841606,0.252489,0.126139
446,particle,"Neutron",13032,0.803999,0.238817,0.116544
447,particle,"Neutron",13032,0.855921,0.255118,0.12585
448,particle,"Neutron",13032,0.782438,0.23561,0.120565
449,particle,"Neutron",13032,0.837921,0.249046,0.12417
450,particle,"Neutron",13032,0.816111,0.590236,0.121597
451,particle,"Neutron",13032,0.810178,0.527319,0.127104
452,particle,"Neutron",13032,0.837043,0.25418,0.130828
453,particle,"Neutron",13032,0.853168,0.255163,0.125672
454,particle,"Neutron",13032,0.810109,0.242839,0.123157
455,particle,"Neutron",13032,0.842367,0.254697,0.130358
456,particle,"Neutron",13032,0.8147,0.244266,0.125216
457,particle,"Neutron",13032,0.841603,0.744003,0.131004
458,particle,"Neutron",13032,0.825098,0.246973,0.125103
459,particle,"Neutron",13032,0.818697,0.251706,0.133094
460,particle,"Neutron",13032,0.822619,0.518932,0.132332
461,particle,"Neutron",13032,0.845262,0.26118,0.123118
462,particle,"Neutron",13032,0.850036,0.920048,0.125653
463,particle,"Neutron",13032,0.838998,0.248892,0.120873
464,particle,"Neutron",13032,0.847251,0.255193,0.129954
465,particle,"Neutron",13032,0.852988,0.257513,0.129834
466,particle,"Neutron",13032,0.830257,0.254239,0.126427
467,particle,"Neutron",13032,0.814518,0.58757,0.146043
468,particle,"Neutron",13032,0.842579,0.252008,0.124889
469,particle,"Neutron",13032,0.84478,0.254441,0.126435
470,particle,"Neutron",13032,0.821242,0.70744,0.119903
471,particle,"Neutron",13032,0.847461,0.253001,0.124245
472,particle,"Neutron",13032,0.83169,0.256982,0.135155
473,particle,"Neutron",13032,0.82427,0.246366,0.122414
474,particle,"Neutron",13032,0.837619,0.253433,0.128324
475,particle,"Neutron",13032,0.824031,0.253141,0.133797
476,particle,"Neutron",13032,0.818432,0.706809,0.1241
477,particle,"Neutron",13032,0.820495,0.260199,0.132111
478,particle,"Neutron",13032,0.840111,0.708981,0.121794
479,particle,"Neutron",13032,0.819286,0.250159,0.130149
480,particle,"Neutron",13032,0.832989,0.251525,0.12839
481,particle,"Neutron",13032,0.84185,0.739996,0.120136
482,particle,"Neutron",13032,0.848805,0.310601,0.123991
483,particle,"Neutron",13032,0.819384,0.248502,0.129536
484,particle,"Neutron",13032,0.834244,0.252525,0.130921
485,particle,"Neutron",13032,0.845611,0.62139,0.133208
486,particle,"Neutron",13032,0.820819,0.244459,0.120858
487,particle,"Neutron",13032,0.822524,0.255725,0.138324
488,particle,"Neutron",13032,0.787546,0.238912,0.121501
489,particle,"Neutron",13032,0.810599,0.242019,0.120591
490,particle,"Neutron",13032,0.829571,0.259752,0.141858
491,particle,"Neutron",13032,0.838777,0.248203,0.120593
492,particle,"Neutron",13032,0.843574,0.255039,0.128201
493,particle,"Neutron",13032,0.838801,0.251312,0.126186
494,particle,"Neutron",13032,0.865938,0.633354,0.122311
495,particle,"Neutron",13032,0.838166,0.249413,0.122792
496,particle,"Neutron",13032,0.814066,0.242234,0.118754
497,particle,"Neutron",13032,0.834232,0.248392,0.122321
498,particle,"Neutron",13032,0.822823,0.245706,0.12139
499,particle,"Neutron",13032,0.842338,0.72346,0.125498
0,particle,"K0",11955,7.142555,4.009363,3.053239
1,particle,"K0",11955,7.101443,3.974305,3.038863
2,particle,"K0",11955,0.966131,0.199597,0.109572
3,particle,"K0",11955,0.965866,0.197033,0.098906
4,particle,"K0",11955,0.910177,0.186262,0.099206
5,particle,"K0",11955,0.901228,0.18545,0.099095
6,particle,"K0",11955,0.933671,0.18496,0.09365
7,particle,"K0",11955,0.924539,0.193127,0.099502
8,particle,"K0",11955,0.962251,0.190816,0.096739
9,particle,"K0",11955,0.958473,0.188389,0.097092
10,particle,"K0",11955,1.009565,0.20129,0.102367
11,particle,"K0",11955,0.925693,0.183803,0.091926
12,particle,"K0",11955,1.013198,0.197913,0.098867
13,particle,"K0",11955,0.956894,0.186616,0.091157
14,particle,"K0",11955,0.948792,0.182229,0.089318
15,particle,"K0",11955,1.017475,0.197894,0.098558
16,particle,"K0",11955,0.970288,0.189196,0.091757
17,particle,"K0",11955,0.978543,0.188479,0.090922
18,particle,"K0",11955,0.983359,0.187445,0.091429
19,particle,"K0",11955,0.93992,0.180685,0.087235
20,particle,"K0",11955,0.948658,0.18073,0.089094
21,particle,"K0",11955,0.960262,0.187311,0.092821
22,particle,"K0",11955,0.978213,0.187765,0.089841
23,particle,"K0",11955,0.973315,0.186063,0.089357
24,particle,"K0",11955,0.962019,0.184101,0.089307
25,particle,"K0",11955,0.968086,0.182452,0.08704
26,particle,"K0",11955,0.957929,0.184089,0.088798
27,particle,"K0",11955,0.96651,0.184033,0.089398
28,particle,"K0",11955,0.967729,0.188057,0.093298
29,particle,"K0",11955,0.960074,0.183471,0.088829
30,particle,"K0",11955,1.021824,0.20507,0.109359
31,particle,"K0",11955,0.939361,0.187016,0.093819
32,particle,"K0",11955,0.899472,0.186887,0.095287
33,particle,"K0",11955,0.964279,0.19602,0.096016
34,particle,"K0",11955,0.943335,0.200926,0.104712
35,particle,"K0",11955,0.858446,0.191857,0.0969
36,particle,"K0",11955,0.911601,0.189911,0.09693
37,particle,"K0",11955,0.924016,0.188978,0.096929
38,particle,"K0",11955,0.906247,0.187151,0.096559
39,particle,"K0",11955,0.956054,0.200099,0.107436
40,particle,"K0",11955,0.940647,0.197737,0.101824
41,particle,"K0",11955,1.001328,0.205778,0.103788
42,particle,"K0",11955,0.964103,0.198105,0.096653
43,particle,"K0",11955,0.941822,0.203271,0.099228
44,particle,"K0",11955,0.939942,0.201067,0.105102
45,particle,"K0",11955,0.981912,0.202614,0.102524
46,particle,"K0",11955,0.931315,0.189663,0.09603
47,particle,"K0",11955,0.925855,0.191731,0.096263
48,particle,"K0",11955,0.864309,0.184192,0.093218
49,particle,"K0",11955,0.975985,0.199577,0.098912
50,particle,"K0",11955,0.949215,0.18933,0.093685
51,particle,"K0",11955,0.966613,0.194069,0.096436
52,particle,"K0",11955,0.970078,0.192659,0.095412
53,particle,"K0",11955,0.916554,0.184053,0.089737
54,particle,"K0",11955,0.951744,0.190179,0.093059
55,particle,"K0",11955,0.93753,0.188134,0.091995
56,particle,"K0",11955,0.93201,0.184901,0.090241
57,particle,"K0",11955,0.914161,0.186831,0.094113
58,particle,"K0",11955,0.96632,0.191657,0.093147
59,particle,"K0",11955,0.952059,0.189012,0.091587
60,particle,"K0",11955,0.922808,0.185104,0.09061
61,particle,"K0",11955,0.932011,0.186274,0.090911
62,particle,"K0",11955,0.961261,0.190647,0.0925
63,particle,"K0",11955,0.893126,0.186574,0.091591
64,particle,"K0",11955,0.896921,0.195851,0.096814
65,particle,"K0",11955,0.927934,0.190149,0.097278
66,particle,"K0",11955,0.788637,0.180034,0.102956
67,particle,"K0",11955,0.831575,0.190543,0.099338
68,particle,"K0",11955,0.918752,0.198065,0.107681
69,particle,"K0",11955,0.837436,0.176231,0.0881
70,particle,"K0",11955,0.936255,0.212482,0.107168
71,particle,"K0",11955,0.915212,0.435896,0.153845
72,particle,"K0",11955,0.949427,0.209164,0.115786
73,particle,"K0",11955,0.841702,0.209793,0.098692
74,particle,"K0",11955,0.937016,0.236833,0.105392
75,particle,"K0",11955,0.915896,0.196453,0.1082
76,particle,"K0",11955,0.873257,0.211154,0.103002
77,particle,"K0",11955,0.843132,0.189908,0.101678
78,particle,"K0",11955,0.818114,0.176763,0.089292
79,particle,"K0",11955,0.860301,0.186547,0.094281
80,particle,"K0",11955,0.801732,0.1781,0.098655
81,particle,"K0",11955,0.897143,0.203035,0.097078
82,particle,"K0",11955,0.8597,0.193676,0.101074
83,particle,"K0",11955,0.858823,0.189674,0.100579
84,particle,"K0",11955,0.877357,0.19533,0.104188
85,particle,"K0",11955,0.849573,0.188426,0.099603
86,particle,"K0",11955,0.869756,0.188209,0.097232
87,particle,"K0",11955,0.848654,0.187151,0.095494
88,particle,"K0",11955,0.902285,0.18955,0.096718
89,particle,"K0",11955,0.8617,0.186202,0.09627
90,particle,"K0",11955,0.905547,0.189461,0.094973
91,particle,"K0",11955,0.912923,0.190556,0.095811
92,particle,"K0",11955,0.925672,0.201203,0.10316
93,particle,"K0",11955,0.896253,0.189404,0.095391
94,particle,"K0",11955,0.838835,0.188536,0.099664
95,particle,"K0",11955,0.858198,0.187017,0.09365
96,particle,"K0",11955,0.919912,0.1921,0.096259
97,particle,"K0",11955,0.868697,0.189991,0.09972
98,particle,"K0",11955,0.872513,0.18869,0.09725
99,particle,"K0",11955,0.861562,0.187023,0.095507
100,particle,"K0",11955,0.828171,0.188043,0.100914
101,particle,"K0",11955,0.979572,0.389185,0.132154
102,particle,"K0",11955,0.844516,0.200274,0.120619
103,particle,"K0",11955,0.912681,0.199794,0.106088
104,particle,"K0",11955,0.870813,0.189882,0.098964
105,particle,"K0",11955,0.828545,0.183327,0.10145
106,particle,"K0",11955,0.904003,0.231624,0.116815
107,particle,"K0",11955,0.890583,0.20629,0.109938
108,particle,"K0",11955,0.797888,0.18311,0.094561
109,particle,"K0",11955,0.875661,0.19417,0.103187
110,particle,"K0",11955,0.919974,0.194405,0.101573
111,particle,"K0",11955,0.928956,0.208848,0.105524
112,particle,"K0",11955,0.802502,0.181548,0.095445
113,particle,"K0",11955,0.903389,0.196825,0.103216
114,particle,"K0",11955,0.841406,0.186248,0.099297
115,particle,"K0",11955,0.925052,0.208456,0.115483
116,particle,"K0",11955,0.824166,0.189723,0.104069
117,particle,"K0",11955,0.853346,0.196292,0.108107
118,particle,"K0",11955,0.747079,0.185391,0.10832
119,particle,"K0",11955,0.873287,0.188028,0.094616
120,particle,"K0",11955,0.849488,0.208565,0.123476
121,particle,"K0",11955,0.826072,0.193459,0.098824
122,particle,"K0",11955,0.858848,0.188032,0.098408
123,particle,"K0",11955,0.837255,0.202941,0.121492
124,particle,"K0",11955,0.830847,0.195448,0.11658
125,particle,"K0",11955,0.816517,0.185567,0.103351
126,particle,"K0",11955,0.82902,0.19429,0.108293
127,particle,"K0",11955,0.840448,0.207422,0.116167
128,particle,"K0",11955,0.882323,0.185684,0.094359
129,particle,"K0",11955,0.701644,0.180742,0.106635
130,particle,"K0",11955,0.784322,0.191868,0.112672
131,particle,"K0",11955,0.819135,0.184308,0.097636
132,particle,"K0",11955,0.874289,0.185814,0.093288
133,particle,"K0",11955,0.823368,0.185647,0.096171
134,particle,"K0",11955,0.750731,0.186402,0.109096
135,particle,"K0",11955,0.804447,0.186792,0.101965
136,particle,"K0",11955,0.762863,0.192246,0.115641
137,particle,"K0",11955,0.806605,0.192318,0.107938
138,particle,"K0",11955,0.861299,0.188532,0.098054
139,particle,"K0",11955,0.829857,0.187471,0.099823
140,particle,"K0",11955,0.813006,0.184218,0.098096
141,particle,"K0",11955,0.982607,0.210022,0.11159
142,particle,"K0",11955,0.843211,0.183574,0.09816
143,particle,"K0",11955,0.706435,0.187065,0.115237
144,particle,"K0",11955,0.880218,0.19356,0.102348
145,particle,"K0",11955,0.748455,0.169631,0.090773
146,particle,"K0",11955,0.704739,0.170687,0.097396
147,particle,"K0",11955,0.8862,0.191034,0.098131
148,particle,"K0",11955,0.85841,0.19777,0.111131
149,particle,"K0",11955,0.791954,0.196189,0.11913
150,particle,"K0",11955,0.8098,0.187631,0.107723
151,particle,"K0",11955,0.961674,0.199949,0.098266
152,particle,"K0",11955,0.872343,0.190294,0.097978
153,particle,"K0",11955,0.814771,0.188062,0.107976
154,particle,"K0",11955,0.902524,0.190055,0.096408
155,particle,"K0",11955,0.892137,0.194403,0.091404
156,particle,"K0",11955,0.838957,0.187189,0.09527
157,particle,"K0",11955,0.923828,0.191636,0.095768
158,particle,"K0",11955,0.930196,0.196355,0.096097
159,particle,"K0",11955,0.895571,0.186901,0.093323
160,particle,"K0",11955,0.864334,0.185961,0.095321
161,particle,"K0",11955,0.896242,0.185754,0.092965
162,particle,"K0",11955,0.813612,0.175609,0.088726
163,particle,"K0",11955,0.889639,0.193995,0.097529
164,particle,"K0",11955,0.860429,0.183266,0.09194
165,particle,"K0",11955,0.84738,0.179385,0.087522
166,particle,"K0",11955,0.905394,0.185744,0.091391
167,particle,"K0",11955,0.873035,0.185908,0.093099
168,particle,"K0",11955,0.862378,0.189978,0.098074
169,particle,"K0",11955,0.870409,0.186782,0.093881
170,particle,"K0",11955,0.871952,0.184937,0.092509
171,particle,"K0",11955,0.696695,0.179233,0.105716
172,particle,"K0",11955,0.898978,0.18882,0.096954
173,particle,"K0",11955,0.829655,0.186505,0.095587
174,particle,"K0",11955,0.865347,0.184534,0.095009
175,particle,"K0",11955,0.904354,0.18569,0.091147
176,particle,"K0",11955,0.875376,0.182786,0.093254
177,particle,"K0",11955,0.883461,0.18712,0.096431
178,particle,"K0",11955,0.881821,0.184283,0.094134
179,particle,"K0",11955,0.918753,0.186973,0.09184
180,particle,"K0",11955,0.919392,0.187957,0.093212
181,particle,"K0",11955,0.892405,0.185226,0.093949
182,particle,"K0",11955,0.906962,0.188188,0.09488
183,particle,"K0",11955,0.839699,0.181444,0.095839
184,particle,"K0",11955,0.911569,0.188637,0.093267
185,particle,"K0",11955,0.892618,0.186418,0.094519
186,particle,"K0",11955,0.890763,0.186987,0.093773
187,particle,"K0",11955,0.701939,0.175674,0.100054
188,particle,"K0",11955,0.787258,0.186835,0.109173
189,particle,"K0",11955,0.781694,0.17612,0.091068
190,particle,"K0",11955,0.872573,0.190184,0.100508
191,particle,"K0",11955,0.862047,0.186983,0.096047
192,particle,"K0",11955,0.876434,0.196801,0.106217
193,particle,"K0",11955,0.882221,0.190255,0.099561
194,particle,"K0",11955,0.877571,0.185579,0.094921
195,particle,"K0",11955,0.943132,0.197499,0.099301
196,particle,"K0",11955,0.706066,0.171939,0.097589
197,particle,"K0",11955,0.741337,0.173403,0.096515
198,particle,"K0",11955,0.890699,0.190566,0.096652
199,particle,"K0",11955,0.781079,0.178914,0.098146
200,particle,"K0",11955,0.886403,0.181741,0.088435
201,particle,"K0",11955,0.866231,0.180492,0.093275
202,particle,"K0",11955,0.936418,0.193427,0.09659
203,particle,"K0",11955,0.837394,0.191308,0.111109
204,particle,"K0",11955,0.964184,0.200708,0.100896
205,particle,"K0",11955,0.908379,0.184212,0.089323
206,particle,"K0",11955,0.784794,0.184045,0.108399
207,particle,"K0",11955,0.837971,0.17512,0.091282
208,particle,"K0",11955,0.919206,0.192529,0.097844
209,particle,"K0",11955,0.857254,0.186226,0.098075
210,particle,"K0",11955,0.893934,0.189298,0.098742
211,particle,"K0",11955,0.929823,0.19792,0.1004
212,particle,"K0",11955,0.834309,0.191012,0.103652
213,particle,"K0",11955,0.916566,0.195563,0.097689
214,particle,"K0",11955,0.890515,0.192772,0.101042
215,particle,"K0",11955,0.882835,0.197088,0.101693
216,particle,"K0",11955,0.931984,0.210481,0.119205
217,particle,"K0",11955,0.901378,0.212052,0.125091
218,particle,"K0",11955,0.957375,0.197631,0.098814
219,particle,"K0",11955,0.951139,0.200063,0.102651
220,particle,"K0",11955,0.912742,0.192525,0.099049
221,particle,"K0",11955,0.896221,0.190884,0.099539
222,particle,"K0",11955,0.950173,0.199529,0.102247
223,particle,"K0",11955,0.998493,0.216223,0.119971
224,particle,"K0",11955,0.937666,0.191276,0.097802
225,particle,"K0",11955,0.950137,0.196572,0.101422
226,particle,"K0",11955,0.965506,0.203323,0.108752
227,particle,"K0",11955,0.885758,0.206961,0.121931
228,particle,"K0",11955,0.944093,0.199191,0.102779
229,particle,"K0",11955,0.938942,0.200805,0.10741
230,particle,"K0",11955,0.948719,0.199113,0.104304
231,particle,"K0",11955,0.93648,0.213963,0.124137
232,particle,"K0",11955,0.925076,0.198409,0.106235
233,particle,"K0",11955,0.967331,0.207377,0.111586
234,particle,"K0",11955,0.983067,0.204275,0.10644
235,particle,"K0",11955,0.964182,0.198138,0.100771
236,particle,"K0",11955,0.969259,0.201711,0.104394
237,particle,"K0",11955,0.951902,0.204132,0.110116
238,particle,"K0",11955,0.940464,0.212513,0.120224
239,particle,"K0",11955,0.879029,0.193943,0.102701
240,particle,"K0",11955,0.865242,0.179962,0.087062
241,particle,"K0",11955,0.828722,0.172162,0.086302
242,particle,"K0",11955,0.923452,0.203226,0.110882
243,particle,"K0",11955,0.951998,0.193205,0.093654
244,particle,"K0",11955,0.941985,0.190624,0.092615
245,particle,"K0",11955,0.84619,0.184538,0.096706
246,particle,"K0",11955,0.943711,0.198041,0.102917
247,particle,"K0",11955,0.853725,0.177004,0.088047
248,particle,"K0",11955,0.875712,0.180652,0.089157
249,particle,"K0",11955,0.835082,0.185672,0.103891
250,particle,"K0",11955,0.825397,0.17662,0.090191
251,particle,"K0",11955,0.670225,0.184828,0.110318
252,particle,"K0",11955,0.773347,0.20539,0.116775
253,particle,"K0",11955,0.877267,0.192983,0.099717
254,particle,"K0",11955,0.779363,0.188536,0.10567
255,particle,"K0",11955,0.714821,0.17371,0.099374
256,particle,"K0",11955,0.872286,0.200063,0.110264
257,particle,"K0",11955,0.853632,0.188031,0.096902
258,particle,"K0",11955,0.80809,0.177088,0.091033
259,particle,"K0",11955,0.849702,0.177245,0.087044
260,particle,"K0",11955,0.804935,0.182773,0.096819
261,particle,"K0",11955,0.93829,0.192621,0.09669
262,particle,"K0",11955,0.92665,0.188512,0.094397
263,particle,"K0",11955,0.866011,0.185763,0.097203
264,particle,"K0",11955,0.895906,0.200132,0.112134
265,particle,"K0",11955,0.937037,0.197982,0.105229
266,particle,"K0",11955,0.941263,0.195283,0.094759
267,particle,"K0",11955,0.87344,0.190946,0.100278
268,particle,"K0",11955,0.854811,0.180929,0.095526
269,particle,"K0",11955,0.87707,0.191893,0.104355
270,particle,"K0",11955,0.898396,0.189672,0.099895
271,particle,"K0",11955,0.894879,0.184934,0.092967
272,particle,"K0",11955,0.979137,0.197535,0.097617
273,particle,"K0",11955,0.94853,0.190454,0.09402
274,particle,"K0",11955,0.925561,0.190785,0.095862
275,particle,"K0",11955,0.918246,0.1902,0.097385
276,particle,"K0",11955,0.897811,0.191162,0.102083
277,particle,"K0",11955,0.951679,0.202725,0.106332
278,particle,"K0",11955,0.907208,0.186282,0.094432
279,particle,"K0",11955,0.914306,0.186751,0.092794
280,particle,"K0",11955,0.920993,0.19417,0.100694
281,particle,"K0",11955,0.932552,0.188512,0.091544
282,particle,"K0",11955,0.922277,0.186011,0.092246
283,particle,"K0",11955,0.911252,0.185218,0.09116
284,particle,"K0",11955,0.943294,0.190074,0.094097
285,particle,"K0",11955,0.948708,0.188698,0.091941
286,particle,"K0",11955,0.944959,0.190499,0.092994
287,particle,"K0",11955,0.938451,0.18829,0.092781
288,particle,"K0",11955,0.889663,0.19501,0.105865
289,particle,"K0",11955,0.911191,0.185593,0.091725
290,particle,"K0",11955,0.892428,0.185164,0.094089
291,particle,"K0",11955,0.934666,0.187338,0.092367
292,particle,"K0",11955,0.940141,0.189924,0.092574
293,particle,"K0",11955,0.924943,0.184485,0.090675
294,particle,"K0",11955,0.901734,0.189362,0.098023
295,particle,"K0",11955,0.905916,0.18416,0.090911
296,particle,"K0",11955,0.915774,0.187289,0.093726
297,particle,"K0",11955,0.928283,0.472961,0.100417
298,particle,"K0",11955,0.927848,0.189026,0.095513
299,particle,"K0",11955,0.835065,0.190138,0.102182
300,particle,"K0",11955,0.817388,0.179776,0.095254
301,particle,"K0",11955,0.867539,0.179034,0.086802
302,particle,"K0",11955,0.870325,0.183376,0.092032
303,particle,"K0",11955,0.82919,0.181224,0.098842
304,particle,"K0",11955,0.928489,0.188962,0.095171
305,particle,"K0",11955,0.905854,0.186057,0.090881
306,particle,"K0",11955,0.91939,0.191845,0.096933
307,particle,"K0",11955,0.939029,0.193763,0.097006
308,particle,"K0",11955,0.723191,0.173703,0.099916
309,particle,"K0",11955,0.948941,0.194589,0.09374
310,particle,"K0",11955,0.893342,0.181826,0.088965
311,particle,"K0",11955,0.915843,0.188639,0.089978
312,particle,"K0",11955,0.873149,0.175779,0.085309
313,particle,"K0",11955,0.840825,0.397501,0.096868
314,particle,"K0",11955,0.911745,0.392712,0.091914
315,particle,"K0",11955,0.922005,0.182832,0.088652
316,particle,"K0",11955,0.956146,0.187347,0.090578
317,particle,"K0",11955,0.898078,0.183541,0.092027
318,particle,"K0",11955,0.935528,0.187616,0.092369
319,particle,"K0",11955,0.946869,0.188713,0.092778
320,particle,"K0",11955,0.884296,0.194137,0.096329
321,particle,"K0",11955,0.953613,0.201275,0.104052
322,particle,"K0",11955,0.84043,0.192719,0.109063
323,particle,"K0",11955,0.960946,0.194023,0.09553
324,particle,"K0",11955,0.83194,0.186927,0.107283
325,particle,"K0",11955,0.799881,0.195769,0.113952
326,particle,"K0",11955,0.78526,0.176769,0.100529
327,particle,"K0",11955,0.861068,0.512291,0.098584
328,particle,"K0",11955,0.927268,0.222486,0.132257
329,particle,"K0",11955,0.863651,0.200539,0.114213
330,particle,"K0",11955,0.884298,0.194913,0.107312
331,particle,"K0",11955,0.882037,0.197993,0.10922
332,particle,"K0",11955,0.765531,0.182259,0.09983
333,particle,"K0",11955,0.880883,0.197935,0.108896
334,particle,"K0",11955,0.846388,0.194461,0.110509
335,particle,"K0",11955,0.866117,0.20205,0.11693
336,particle,"K0",11955,0.892115,0.201506,0.113239
337,particle,"K0",11955,0.877656,0.195905,0.107356
338,particle,"K0",11955,0.818947,0.485567,0.10175
339,particle,"K0",11955,0.852526,0.188002,0.101913
340,particle,"K0",11955,0.868684,0.188026,0.101773
341,particle,"K0",11955,0.875876,0.187552,0.098059
342,particle,"K0",11955,0.84664,0.191692,0.107878
343,particle,"K0",11955,0.855748,0.190356,0.104867
344,particle,"K0",11955,0.810492,0.454281,0.102042
345,particle,"K0",11955,0.89999,0.195195,0.104984
346,particle,"K0",11955,0.863105,0.192211,0.105895
347,particle,"K0",11955,0.863921,0.192161,0.104387
348,particle,"K0",11955,0.849892,0.190643,0.106973
349,particle,"K0",11955,0.865232,0.201485,0.115053
350,particle,"K0",11955,0.846325,0.191118,0.105553
351,particle,"K0",11955,0.893408,0.192591,0.10033
352,particle,"K0",11955,0.85187,0.193177,0.106196
353,particle,"K0",11955,0.80973,0.189902,0.104769
354,particle,"K0",11955,0.869583,0.195357,0.109674
355,particle,"K0",11955,0.785786,0.19036,0.108592
356,particle,"K0",11955,0.820124,0.187545,0.10451
357,particle,"K0",11955,0.825127,0.191269,0.105596
358,particle,"K0",11955,0.836803,0.180894,0.097134
359,particle,"K0",11955,0.826968,0.191283,0.107536
360,particle,"K0",11955,0.820978,0.186831,0.100142
361,particle,"K0",11955,0.814218,0.194207,0.109085
362,particle,"K0",11955,0.916148,0.188744,0.095286
363,particle,"K0",11955,0.785157,0.177365,0.099749
364,particle,"K0",11955,0.891105,0.179617,0.088974
365,particle,"K0",11955,0.912794,0.191618,0.099151
366,particle,"K0",11955,0.926442,0.186177,0.092596
367,particle,"K0",11955,0.943768,0.278336,0.096776
368,particle,"K0",11955,0.836328,0.387045,0.097519
369,particle,"K0",11955,0.857251,0.178487,0.092466
370,particle,"K0",11955,0.786698,0.179965,0.1016
371,particle,"K0",11955,0.959784,0.195057,0.097283
372,particle,"K0",11955,0.949858,0.191329,0.094001
373,particle,"K0",11955,0.885256,0.431272,0.087416
374,particle,"K0",11955,0.900938,0.18436,0.089441
375,particle,"K0",11955,0.959694,0.190629,0.093765
376,particle,"K0",11955,0.898161,0.184097,0.093559
377,particle,"K0",11955,0.878407,0.191521,0.106318
378,particle,"K0",11955,0.876401,0.182069,0.092453
379,particle,"K0",11955,0.904803,0.199834,0.110719
380,particle,"K0",11955,0.945556,0.206505,0.109312
381,particle,"K0",11955,0.873956,0.190206,0.101334
382,particle,"K0",11955,0.918346,0.506388,0.120672
383,particle,"K0",11955,0.893581,0.198183,0.109262
384,particle,"K0",11955,0.958642,0.194461,0.098335
385,particle,"K0",11955,0.834248,0.186121,0.103029
386,particle,"K0",11955,0.911187,0.191794,0.101275
387,particle,"K0",11955,0.869542,0.195859,0.111886
388,particle,"K0",11955,0.880383,0.196739,0.11148
389,particle,"K0",11955,0.875006,0.191399,0.104906
390,particle,"K0",11955,0.905902,0.203346,0.115763
391,particle,"K0",11955,0.931344,0.197485,0.105552
392,particle,"K0",11955,0.92572,0.190021,0.096357
393,particle,"K0",11955,0.888117,0.184095,0.094706
394,particle,"K0",11955,0.94054,0.204934,0.112593
395,particle,"K0",11955,0.924502,0.206101,0.11436
396,particle,"K0",11955,0.892505,0.196812,0.109434
397,particle,"K0",11955,0.91117,0.195289,0.104687
398,particle,"K0",11955,0.956712,0.197696,0.100672
399,particle,"K0",11955,0.905197,0.217974,0.132804
400,particle,"K0",11955,0.950954,0.193272,0.099206
401,particle,"K0",11955,0.9677,0.197156,0.102202
402,particle,"K0",11955,0.920193,0.200716,0.113437
403,particle,"K0",11955,0.933159,0.197586,0.105646
404,particle,"K0",11955,0.952971,0.20249,0.109382
405,particle,"K0",11955,0.954452,0.195454,0.100644
406,particle,"K0",11955,0.94739,0.197338,0.102329
407,particle,"K0",11955,0.903685,0.200029,0.113786
408,particle,"K0",11955,0.950236,0.195612,0.101865
409,particle,"K0",11955,0.956545,0.199656,0.10728
410,particle,"K0",11955,0.922886,0.200546,0.112023
411,particle,"K0",11955,0.933078,0.19672,0.102695
412,particle,"K0",11955,0.926446,0.19864,0.108707
413,particle,"K0",11955,0.933626,0.206142,0.117465
414,particle,"K0",11955,0.929554,0.206314,0.115498
415,particle,"K0",11955,0.910875,0.206954,0.119056
416,particle,"K0",11955,0.934928,0.214593,0.125548
417,particle,"K0",11955,0.951022,0.210688,0.118474
418,particle,"K0",11955,0.952608,0.20179,0.108594
419,particle,"K0",11955,0.927917,0.195229,0.104863
420,particle,"K0",11955,0.953056,0.193919,0.097185
421,particle,"K0",11955,0.937824,0.19927,0.10657
422,particle,"K0",11955,0.879012,0.206235,0.123273
423,particle,"K0",11955,0.936564,0.199927,0.108725
424,particle,"K0",11955,0.914689,0.208914,0.121377
425,particle,"K0",11955,0.938909,0.191591,0.095936
426,particle,"K0",11955,0.944497,0.206564,0.116018
427,particle,"K0",11955,0.949525,0.19934,0.105686
428,particle,"K0",11955,0.902746,0.197186,0.110157
429,particle,"K0",11955,0.882406,0.194163,0.105739
430,particle,"K0",11955,0.970536,0.198509,0.102331
431,particle,"K0",11955,0.925165,0.19098,0.098546
432,particle,"K0",11955,0.905452,0.197713,0.110287
433,particle,"K0",11955,0.903034,0.191273,0.102805
434,particle,"K0",11955,0.932085,0.206278,0.109792
435,particle,"K0",11955,0.87519,0.194894,0.1086
436,particle,"K0",11955,0.960815,0.200714,0.102427
437,particle,"K0",11955,1.010455,0.227012,0.128936
438,particle,"K0",11955,0.926558,0.205345,0.112687
439,particle,"K0",11955,0.973554,0.216215,0.123284
440,particle,"K0",11955,0.93371,0.208015,0.118141
441,particle,"K0",11955,0.87724,0.183906,0.096991
442,particle,"K0",11955,0.956342,0.205579,0.11328
443,particle,"K0",11955,0.894951,0.19177,0.104961
444,particle,"K0",11955,0.883096,0.189226,0.101229
445,particle,"K0",11955,0.935175,0.196476,0.105136
446,particle,"K0",11955,0.894555,0.184206,0.093816
447,particle,"K0",11955,0.95458,0.198763,0.101199
448,particle,"K0",11955,0.867262,0.190936,0.104224
449,particle,"K0",11955,0.931757,0.196383,0.10282
450,particle,"K0",11955,0.898227,0.191332,0.101816
451,particle,"K0",11955,0.892358,0.198764,0.112618
452,particle,"K0",11955,0.93002,0.203261,0.111328
453,particle,"K0",11955,0.951593,0.197845,0.100775
454,particle,"K0",11955,0.898514,0.194498,0.106516
455,particle,"K0",11955,0.939325,0.35925,0.112063
456,particle,"K0",11955,0.904579,0.192976,0.106685
457,particle,"K0",11955,0.927566,0.204608,0.114547
458,particle,"K0",11955,0.916442,0.192882,0.102223
459,particle,"K0",11955,0.906478,0.206367,0.118919
460,particle,"K0",11955,0.907049,0.205582,0.118567
461,particle,"K0",11955,0.943271,0.455859,0.099363
462,particle,"K0",11955,0.938072,0.495688,0.100508
463,particle,"K0",11955,0.935011,0.190701,0.096308
464,particle,"K0",11955,0.941426,0.203103,0.111251
465,particle,"K0",11955,0.949852,0.204709,0.109127
466,particle,"K0",11955,0.92028,0.197536,0.107081
467,particle,"K0",11955,0.900213,0.224676,0.135496
468,particle,"K0",11955,0.942777,0.491341,0.10371
469,particle,"K0",11955,0.942029,0.19607,0.102267
470,particle,"K0",11955,0.909508,0.436171,0.102983
471,particle,"K0",11955,0.946319,0.24248,0.097241
472,particle,"K0",11955,0.925311,0.224558,0.122429
473,particle,"K0",11955,0.916977,0.192591,0.100983
474,particle,"K0",11955,0.932943,0.20066,0.107263
475,particle,"K0",11955,0.915189,0.218987,0.120434
476,particle,"K0",11955,0.902205,0.196704,0.108708
477,particle,"K0",11955,0.911507,0.20871,0.118527
478,particle,"K0",11955,0.929365,0.192381,0.099472
479,particle,"K0",11955,0.91049,0.216691,0.119768
480,particle,"K0",11955,0.926622,0.200736,0.109451
481,particle,"K0",11955,0.934536,0.388638,0.095384
482,particle,"K0",11955,0.949293,0.519931,0.100352
483,particle,"K0",11955,0.913921,0.458372,0.117664
484,particle,"K0",11955,0.925683,0.204271,0.114116
485,particle,"K0",11955,0.934121,0.216247,0.119339
486,particle,"K0",11955,0.913089,0.189519,0.098683
487,particle,"K0",11955,0.917619,0.421765,0.12775
488,particle,"K0",11955,0.877236,0.446587,0.108972
489,particle,"K0",11955,0.90588,0.472425,0.101555
490,particle,"K0",11955,0.922041,0.224583,0.132745
491,particle,"K0",11955,0.937813,0.377293,0.098206
492,particle,"K0",11955,0.940025,0.211216,0.107953
493,particle,"K0",11955,0.93747,0.448249,0.106496
494,particle,"K0",11955,0.959435,0.200712,0.098134
495,particle,"K0",11955,0.938019,0.502703,0.098941
496,particle,"K0",11955,0.910175,0.4583,0.099344
497,particle,"K0",11955,0.932153,0.492329,0.103784
498,particle,"K0",11955,0.914893,0.207345,0.104163
499,particle,"K0",11955,0.934513,0.455591,0.102108
0,particle,"Photon",19748,25.806546,31.716712,9.395738
1,particle,"Photon",19748,25.757613,31.974721,9.370409
2,particle,"Photon",19748,1.168831,1.332275,0.199767
3,particle,"Photon",19748,1.196046,1.50982,0.188532
4,particle,"Photon",19748,1.093023,1.010185,0.175002
5,particle,"Photon",19748,1.047571,0.920315,0.171479
6,particle,"Photon",19748,1.083436,0.896475,0.170171
7,particle,"Photon",19748,1.097068,0.946828,0.172215
8,particle,"Photon",19748,1.134841,1.273498,0.178562
9,particle,"Photon",19748,1.186411,1.489711,0.193381
10,particle,"Photon",19748,1.116246,1.037344,0.1763
11,particle,"Photon",19748,1.10023,0.983671,0.170435
12,particle,"Photon",19748,1.198994,1.036837,0.197965
13,particle,"Photon",19748,1.127789,1.088488,0.177011
14,particle,"Photon",19748,1.12242,1.332362,0.179653
15,particle,"Photon",19748,1.112148,1.108628,0.176104
16,particle,"Photon",19748,1.129479,0.975875,0.179846
17,particle,"Photon",19748,1.146543,1.221451,0.182063
18,particle,"Photon",19748,1.134068,1.048186,0.177696
19,particle,"Photon",19748,1.097492,0.953689,0.170305
20,particle,"Photon",19748,1.098618,0.968804,0.170826
21,particle,"Photon",19748,1.115092,0.967372,0.1771
22,particle,"Photon",19748,1.109553,0.983794,0.174085
23,particle,"Photon",19748,1.109274,0.988818,0.172408
24,particle,"Photon",19748,1.10306,0.961686,0.173847
25,particle,"Photon",19748,1.101195,0.936978,0.171633
26,particle,"Photon",19748,1.083688,0.919673,0.16934
27,particle,"Photon",19748,1.11291,0.957255,0.171923
28,particle,"Photon",19748,1.119878,0.984605,0.176232
29,particle,"Photon",19748,1.103602,0.949515,0.168239
30,particle,"Photon",19748,1.105362,1.106895,0.18192
31,particle,"Photon",19748,1.070667,1.056841,0.171194
32,particle,"Photon",19748,1.076435,1.007418,0.173691
33,particle,"Photon",19748,1.23443,4.323246,0.197809
34,particle,"Photon",19748,1.214616,4.72215,0.19628
35,particle,"Photon",19748,1.161609,2.054796,0.192333
36,particle,"Photon",19748,1.190119,1.900945,0.198231
37,particle,"Photon",19748,1.159143,1.416806,0.187546
38,particle,"Photon",19748,1.162608,3.676035,0.177508
39,particle,"Photon",19748,1.189503,3.443641,0.187989
40,particle,"Photon",19748,1.280534,11.089726,0.196615
41,particle,"Photon",19748,1.24431,1.572212,0.22204
42,particle,"Photon",19748,1.192479,2.019174,0.196697
43,particle,"Photon",19748,1.215513,1.895707,0.205483
44,particle,"Photon",19748,1.173436,1.946835,0.1905
45,particle,"Photon",19748,1.163116,1.480777,0.194152
46,particle,"Photon",19748,1.168946,1.851398,0.192228
47,particle,"Photon",19748,1.082071,1.457834,0.174885
48,particle,"Photon",19748,1.073862,1.9064,0.176969
49,particle,"Photon",19748,1.155957,1.721088,0.189603
50,particle,"Photon",19748,1.13455,1.516006,0.181564
51,particle,"Photon",19748,1.156055,1.680392,0.181513
52,particle,"Photon",19748,1.152823,1.785408,0.178159
53,particle,"Photon",19748,1.142378,1.674356,0.188555
54,particle,"Photon",19748,1.162172,1.685078,0.184615
55,particle,"Photon",19748,1.136698,1.470014,0.17923
56,particle,"Photon",19748,1.148982,1.822424,0.180727
57,particle,"Photon",19748,1.113231,1.356107,0.179306
58,particle,"Photon",19748,1.153012,1.602347,0.181215
59,particle,"Photon",19748,1.135566,1.475188,0.180598
60,particle,"Photon",19748,1.12215,1.346834,0.178361
61,particle,"Photon",19748,1.130924,1.599908,0.17995
62,particle,"Photon",19748,1.143164,1.383735,0.180536
63,particle,"Photon",19748,1.097071,1.367627,0.18108
64,particle,"Photon",19748,1.239169,3.120129,0.210847
65,particle,"Photon",19748,1.117657,1.995203,0.179914
66,particle,"Photon",19748,1.307653,3.610333,0.229061
67,particle,"Photon",19748,1.160372,2.849399,0.193289
68,particle,"Photon",19748,1.190179,3.099014,0.203275
69,particle,"Photon",19748,1.192932,5.075202,0.18799
70,particle,"Photon",19748,1.257807,4.129688,0.205416
71,particle,"Photon",19748,1.187622,4.094333,0.199357
72,particle,"Photon",19748,1.274415,4.605251,0.209778
73,particle,"Photon",19748,1.224532,4.137405,0.205634
74,particle,"Photon",19748,1.183351,3.748365,0.191635
75,particle,"Photon",19748,1.142867,2.146406,0.195513
76,particle,"Photon",19748,1.205424,4.238237,0.205663
77,particle,"Photon",19748,1.110906,1.549852,0.185676
78,particle,"Photon",19748,1.175047,3.081158,0.202219
79,particle,"Photon",19748,1.313157,4.776096,0.235155
80,particle,"Photon",19748,1.18898,4.200558,0.216263
81,particle,"Photon",19748,1.266791,5.372176,0.222149
82,particle,"Photon",19748,1.232979,4.904036,0.220401
83,particle,"Photon",19748,1.232143,4.946387,0.210363
84,particle,"Photon",19748,1.298535,5.533618,0.227295
85,particle,"Photon",19748,1.242022,4.348749,0.205226
86,particle,"Photon",19748,1.226987,4.030789,0.201646
87,particle,"Photon",19748,1.247544,4.678371,0.202071
88,particle,"Photon",19748,1.214619,4.925219,0.199429
89,particle,"Photon",19748,1.220102,4.149701,0.203986
90,particle,"Photon",19748,1.208733,3.095687,0.197934
91,particle,"Photon",19748,1.282312,6.784273,0.201455
92,particle,"Photon",19748,1.258122,4.869116,0.202094
93,particle,"Photon",19748,1.21729,4.626053,0.198661
94,particle,"Photon",19748,1.211443,4.617285,0.197939
95,particle,"Photon",19748,1.183727,4.001436,0.195099
96,particle,"Photon",19748,1.213831,3.761439,0.196199
97,particle,"Photon",19748,1.245084,11.18904,0.195023
98,particle,"Photon",19748,1.201653,4.749405,0.192885
99,particle,"Photon",19748,1.198907,4.310881,0.194396
100,particle,"Photon",19748,1.240661,2.565563,0.217596
101,particle,"Photon",19748,1.440787,8.98602,0.224259
102,particle,"Photon",19748,1.204632,3.077906,0.209282
103,particle,"Photon",19748,1.245759,2.691761,0.209907
104,particle,"Photon",19748,1.19176,2.352898,0.196794
105,particle,"Photon",19748,1.333838,18.781979,0.215022
106,particle,"Photon",19748,1.293788,3.402374,0.229
107,particle,"Photon",19748,1.171371,1.627088,0.204597
108,particle,"Photon",19748,1.156711,4.723237,0.20892
109,particle,"Photon",19748,1.182665,1.931807,0.200551
110,particle,"Photon",19748,1.260104,3.374812,0.206441
111,particle,"Photon",19748,1.226125,2.372306,0.214737
112,particle,"Photon",19748,1.161118,2.643258,0.208374
113,particle,"Photon",19748,1.439071,23.247337,0.22529
114,particle,"Photon",19748,1.141304,2.014052,0.204035
115,particle,"Photon",19748,1.273616,3.274213,0.229331
116,particle,"Photon",19748,1.21237,4.604222,0.215963
117,particle,"Photon",19748,1.183641,1.538998,0.21754
118,particle,"Photon",19748,1.181745,4.079172,0.225288
119,particle,"Photon",19748,1.31266,18.791375,0.209385
120,particle,"Photon",19748,1.201141,2.757546,0.20855
121,particle,"Photon",19748,1.171168,2.267296,0.212081
122,particle,"Photon",19748,1.213018,4.439082,0.203954
123,particle,"Photon",19748,1.220852,5.454771,0.214915
124,particle,"Photon",19748,1.200771,2.26363,0.212011
125,particle,"Photon",19748,1.156101,2.248101,0.200025
126,particle,"Photon",19748,1.247927,6.844258,0.20609
127,particle,"Photon",19748,1.284167,5.777778,0.220944
128,particle,"Photon",19748,1.615469,58.903103,0.199369
129,particle,"Photon",19748,1.128197,2.513922,0.217836
130,particle,"Photon",19748,1.250592,10.12667,0.217348
131,particle,"Photon",19748,1.187792,5.292383,0.193341
132,particle,"Photon",19748,1.184407,2.579477,0.195338
133,particle,"Photon",19748,1.229519,9.358343,0.197985
134,particle,"Photon",19748,1.137667,2.798623,0.207614
135,particle,"Photon",19748,1.184249,4.776352,0.197653
136,particle,"Photon",19748,1.205401,4.534908,0.221005
137,particle,"Photon",19748,1.188916,3.538783,0.208721
138,particle,"Photon",19748,1.18302,2.829421,0.198988
139,particle,"Photon",19748,1.155429,2.033972,0.203816
140,particle,"Photon",19748,1.16575,5.352093,0.199079
141,particle,"Photon",19748,1.310962,4.841476,0.220463
142,particle,"Photon",19748,1.289647,5.595896,0.218721
143,particle,"Photon",19748,1.119911,2.154747,0.225964
144,particle,"Photon",19748,1.16042,2.068004,0.200725
145,particle,"Photon",19748,1.179999,5.694188,0.210035
146,particle,"Photon",19748,1.217429,3.979324,0.235405
147,particle,"Photon",19748,2.586,195.028071,0.211508
148,particle,"Photon",19748,1.187175,3.374494,0.220442
149,particle,"Photon",19748,1.102181,1.287064,0.231109
150,particle,"Photon",19748,1.287348,8.673558,0.218101
151,particle,"Photon",19748,2.676188,199.050727,0.212645
152,particle,"Photon",19748,1.542332,49.786982,0.202793
153,particle,"Photon",19748,3.568503,331.529634,0.214051
154,particle,"Photon",19748,3.42236,307.297394,0.211868
155,particle,"Photon",19748,1.261691,4.221169,0.213392
156,particle,"Photon",19748,3.054899,243.99344,0.195607
157,particle,"Photon",19748,1.252246,3.872229,0.205462
158,particle,"Photon",19748,1.527718,39.799236,0.207835
159,particle,"Photon",19748,1.202317,3.250285,0.201921
160,particle,"Photon",19748,1.204119,3.797971,0.20328
161,particle,"Photon",19748,1.185792,4.148739,0.201936
162,particle,"Photon",19748,1.174657,6.268781,0.198454
163,particle,"Photon",19748,1.162137,3.193838,0.204896
164,particle,"Photon",19748,1.149752,3.248825,0.198152
165,particle,"Photon",19748,1.155822,3.844068,0.195534
166,particle,"Photon",19748,1.153371,2.691789,0.202388
167,particle,"Photon",19748,1.214388,3.771282,0.207568
168,particle,"Photon",19748,1.178462,3.659507,0.209254
169,particle,"Photon",19748,1.163417,3.563216,0.198214
170,particle,"Photon",19748,1.147344,3.558727,0.197983
171,particle,"Photon",19748,1.045586,3.07246,0.217296
172,particle,"Photon",19748,1.172249,3.297915,0.199497
173,particle,"Photon",19748,1.118363,3.265748,0.202381
174,particle,"Photon",19748,1.181273,8.47472,0.198958
175,particle,"Photon",19748,1.14683,2.782787,0.190947
176,particle,"Photon",19748,1.137415,2.919845,0.19415
177,particle,"Photon",19748,1.146148,2.951308,0.19502
178,particle,"Photon",19748,1.149699,2.723496,0.195784
179,particle,"Photon",19748,1.141945,2.690516,0.190415
180,particle,"Photon",19748,1.155494,2.872981,0.190269
181,particle,"Photon",19748,1.159,3.044678,0.193971
182,particle,"Photon",19748,1.147865,2.78521,0.19213
183,particle,"Photon",19748,1.132081,3.26056,0.194019
184,particle,"Photon",19748,1.146088,3.093746,0.198801
185,particle,"Photon",19748,1.159372,3.555903,0.193099
186,particle,"Photon",19748,1.147716,3.528605,0.19757
187,particle,"Photon",19748,1.076801,2.867225,0.213743
188,particle,"Photon",19748,1.126408,2.68491,0.207505
189,particle,"Photon",19748,1.186334,3.852462,0.214684
190,particle,"Photon",19748,3.358574,310.874981,0.201035
191,particle,"Photon",19748,1.156087,5.236356,0.196592
192,particle,"Photon",19748,1.141728,3.101624,0.206412
193,particle,"Photon",19748,1.132245,2.239885,0.201671
194,particle,"Photon",19748,1.17433,2.745938,0.199582
195,particle,"Photon",19748,1.164296,2.952376,0.196832
196,particle,"Photon",19748,1.118477,3.442169,0.203726
197,particle,"Photon",19748,1.099304,2.766762,0.195235
198,particle,"Photon",19748,1.135825,2.601389,0.198195
199,particle,"Photon",19748,1.083802,1.80297,0.201554
200,particle,"Photon",19748,1.151322,2.278572,0.198605
201,particle,"Photon",19748,1.164536,3.494152,0.193928
202,particle,"Photon",19748,1.13466,2.458989,0.196351
203,particle,"Photon",19748,1.140527,2.698986,0.210182
204,particle,"Photon",19748,1.151544,2.422871,0.19833
205,particle,"Photon",19748,1.138701,2.2649,0.200652
206,particle,"Photon",19748,1.100054,2.912925,0.204573
207,particle,"Photon",19748,1.087769,1.898623,0.185955
208,particle,"Photon",19748,1.191506,4.223545,0.20012
209,particle,"Photon",19748,1.120618,3.477066,0.194504
210,particle,"Photon",19748,1.145518,4.321694,0.196659
211,particle,"Photon",19748,1.14861,3.867785,0.193715
212,particle,"Photon",19748,1.102884,2.601262,0.198754
213,particle,"Photon",19748,1.09845,1.919749,0.190111
214,particle,"Photon",19748,1.138809,3.419357,0.196501
215,particle,"Photon",19748,1.110977,2.125192,0.193669
216,particle,"Photon",19748,1.111154,1.901369,0.200694
217,particle,"Photon",19748,1.088991,2.119687,0.199645
218,particle,"Photon",19748,1.130593,2.129119,0.194779
219,particle,"Photon",19748,1.120714,1.892264,0.187487
220,particle,"Photon",19748,1.100489,1.677485,0.188297
221,particle,"Photon",19748,1.098635,1.912166,0.190528
222,particle,"Photon",19748,1.145634,2.68978,0.201084
223,particle,"Photon",19748,1.141664,2.29679,0.202497
224,particle,"Photon",19748,1.115829,1.766044,0.192607
225,particle,"Photon",19748,1.120931,1.654829,0.192765
226,particle,"Photon",19748,1.114281,1.601414,0.19627
227,particle,"Photon",19748,1.121822,7.787975,0.201888
228,particle,"Photon",19748,1.122305,2.620093,0.199119
229,particle,"Photon",19748,1.100239,1.84726,0.199147
230,particle,"Photon",19748,1.109217,1.68095,0.192364
231,particle,"Photon",19748,1.109519,1.85464,0.20242
232,particle,"Photon",19748,1.098105,1.608227,0.192789
233,particle,"Photon",19748,1.114529,1.874594,0.194183
234,particle,"Photon",19748,1.119445,1.913595,0.198169
235,particle,"Photon",19748,1.125613,2.333397,0.19434
236,particle,"Photon",19748,1.137735,2.614316,0.197848
237,particle,"Photon",19748,1.108489,1.832853,0.194114
238,particle,"Photon",19748,1.127972,2.208811,0.211779
239,particle,"Photon",19748,1.174297,2.96587,0.215432
240,particle,"Photon",19748,1.203547,4.28082,0.19603
241,particle,"Photon",19748,1.373507,18.807985,0.216271
242,particle,"Photon",19748,1.980906,82.369063,0.213691
243,particle,"Photon",19748,1.206082,3.249662,0.20446
244,particle,"Photon",19748,1.323805,12.062364,0.195442
245,particle,"Photon",19748,1.233912,10.388786,0.211509
246,particle,"Photon",19748,1.401474,33.856333,0.200942
247,particle,"Photon",19748,1.221658,7.715654,0.203693
248,particle,"Photon",19748,1.219047,6.051869,0.198324
249,particle,"Photon",19748,1.172037,9.979738,0.194455
250,particle,"Photon",19748,1.213514,8.350342,0.200752
251,particle,"Photon",19748,1.083474,2.799281,0.236481
252,particle,"Photon",19748,1.360455,31.548389,0.230287
253,particle,"Photon",19748,1.225492,13.591512,0.193329
254,particle,"Photon",19748,1.455149,43.770848,0.204331
255,particle,"Photon",19748,1.172623,14.080172,0.22325
256,particle,"Photon",19748,1.128242,3.486283,0.198444
257,particle,"Photon",19748,1.201779,7.599838,0.20536
258,particle,"Photon",19748,1.218003,10.594036,0.201781
259,particle,"Photon",19748,1.292048,14.026871,0.206997
260,particle,"Photon",19748,1.144212,3.909714,0.199627
261,particle,"Photon",19748,1.214955,4.923883,0.199857
262,particle,"Photon",19748,1.254051,10.331336,0.203691
263,particle,"Photon",19748,1.145185,2.3341,0.204102
264,particle,"Photon",19748,1.120542,1.606597,0.208394
265,particle,"Photon",19748,1.149541,3.017072,0.204804
266,particle,"Photon",19748,1.135012,1.761082,0.199274
267,particle,"Photon",19748,1.107274,2.201915,0.197349
268,particle,"Photon",19748,1.113189,2.764606,0.189415
269,particle,"Photon",19748,1.098245,2.598391,0.196495
270,particle,"Photon",19748,1.231641,16.562322,0.193308
271,particle,"Photon",19748,1.228192,11.957121,0.190436
272,particle,"Photon",19748,1.267497,14.555734,0.202698
273,particle,"Photon",19748,1.50431,40.728965,0.195855
274,particle,"Photon",19748,1.241202,11.644039,0.198922
275,particle,"Photon",19748,1.259844,14.992553,0.194348
276,particle,"Photon",19748,1.266122,16.002807,0.200436
277,particle,"Photon",19748,1.274004,27.175541,0.191054
278,particle,"Photon",19748,1.209419,9.845047,0.197793
279,particle,"Photon",19748,1.103548,2.533123,0.190197
280,particle,"Photon",19748,1.15256,9.364569,0.19059
281,particle,"Photon",19748,1.246826,11.577716,0.192664
282,particle,"Photon",19748,1.165689,5.753736,0.191412
283,particle,"Photon",19748,1.196473,10.91251,0.195239
284,particle,"Photon",19748,1.514954,44.377011,0.195585
285,particle,"Photon",19748,1.104628,1.585892,0.194868
286,particle,"Photon",19748,1.301308,13.752046,0.196673
287,particle,"Photon",19748,1.233279,9.811413,0.193905
288,particle,"Photon",19748,1.140917,10.311414,0.195313
289,particle,"Photon",19748,1.221702,14.26656,0.1931
290,particle,"Photon",19748,1.182785,12.762375,0.194305
291,particle,"Photon",19748,1.228676,14.312126,0.192732
292,particle,"Photon",19748,1.139976,2.618684,0.19445
293,particle,"Photon",19748,3.57597,337.701371,0.193258
294,particle,"Photon",19748,1.543832,39.578364,0.196957
295,particle,"Photon",19748,1.110104,1.401788,0.19069
296,particle,"Photon",19748,1.105827,2.245149,0.188683
297,particle,"Photon",19748,1.182404,8.639629,0.197479
298,particle,"Photon",19748,1.152245,3.127916,0.193867
299,particle,"Photon",19748,1.237585,18.168398,0.19546
300,particle,"Photon",19748,1.122457,3.552735,0.196176
301,particle,"Photon",19748,1.13879,4.155124,0.189802
302,particle,"Photon",19748,1.106014,2.024863,0.190227
303,particle,"Photon",19748,1.076067,1.433644,0.188973
304,particle,"Photon",19748,1.11518,2.019522,0.191576
305,particle,"Photon",19748,1.156066,3.896153,0.199988
306,particle,"Photon",19748,1.158661,2.869768,0.207167
307,particle,"Photon",19748,1.172813,2.676433,0.20986
308,particle,"Photon",19748,1.196729,12.888435,0.205724
309,particle,"Photon",19748,1.405156,11.363495,0.209461
310,particle,"Photon",19748,1.23674,10.638479,0.195734
311,particle,"Photon",19748,1.1575,5.141793,0.197268
312,particle,"Photon",19748,1.694169,61.106478,0.193956
313,particle,"Photon",19748,1.144358,5.700266,0.191011
314,particle,"Photon",19748,1.185905,9.051025,0.191304
315,particle,"Photon",19748,3.766794,369.960418,0.191279
316,particle,"Photon",19748,1.123264,2.219354,0.196391
317,particle,"Photon",19748,1.164668,4.606568,0.19745
318,particle,"Photon",19748,1.194283,8.034299,0.19626
319,particle,"Photon",19748,1.238574,9.909397,0.199456
320,particle,"Photon",19748,1.077167,1.420732,0.186977
321,particle,"Photon",19748,1.269846,26.448312,0.189979
322,particle,"Photon",19748,1.188832,7.654293,0.20158
323,particle,"Photon",19748,1.108815,1.726419,0.192385
324,particle,"Photon",19748,1.110455,3.77846,0.192776
325,particle,"Photon",19748,1.064359,3.060292,0.195317
326,particle,"Photon",19748,1.062873,1.978051,0.187817
327,particle,"Photon",19748,1.229503,11.734501,0.188571
328,particle,"Photon",19748,1.187236,9.138396,0.204035
329,particle,"Photon",19748,1.189661,9.759142,0.203168
330,particle,"Photon",19748,1.235465,9.94881,0.203399
331,particle,"Photon",19748,1.211645,10.727077,0.203643
332,particle,"Photon",19748,1.091988,4.860852,0.192214
333,particle,"Photon",19748,1.114098,2.582912,0.198041
334,particle,"Photon",19748,1.117706,4.051901,0.196281
335,particle,"Photon",19748,1.182027,8.417792,0.198739
336,particle,"Photon",19748,1.170228,6.183593,0.207729
337,particle,"Photon",19748,1.208728,8.088032,0.199447
338,particle,"Photon",19748,1.156917,6.913835,0.196766
339,particle,"Photon",19748,1.159203,5.00611,0.195729
340,particle,"Photon",19748,1.190256,9.79993,0.196166
341,particle,"Photon",19748,1.210018,8.83417,0.185998
342,particle,"Photon",19748,1.148453,5.662854,0.194383
343,particle,"Photon",19748,1.153082,8.620368,0.196387
344,particle,"Photon",19748,1.166456,9.809724,0.190942
345,particle,"Photon",19748,1.20181,9.69453,0.194205
346,particle,"Photon",19748,1.25886,11.579217,0.192794
347,particle,"Photon",19748,1.133687,4.635462,0.191651
348,particle,"Photon",19748,1.382152,32.11353,0.197294
349,particle,"Photon",19748,1.126097,5.495993,0.203285
350,particle,"Photon",19748,1.200995,9.214118,0.18982
351,particle,"Photon",19748,1.187256,7.752158,0.187232
352,particle,"Photon",19748,1.190772,7.683305,0.193365
353,particle,"Photon",19748,1.110915,5.640482,0.199137
354,particle,"Photon",19748,1.203431,7.702116,0.197834
355,particle,"Photon",19748,1.161786,11.115626,0.19708
356,particle,"Photon",19748,1.166327,7.764299,0.197631
357,particle,"Photon",19748,1.128663,6.992077,0.19064
358,particle,"Photon",19748,1.102199,3.101689,0.185513
359,particle,"Photon",19748,1.11574,4.558132,0.195387
360,particle,"Photon",19748,1.548689,54.859689,0.191362
361,particle,"Photon",19748,1.086418,4.385444,0.195108
362,particle,"Photon",19748,1.298578,14.950083,0.191197
363,particle,"Photon",19748,1.180787,9.565566,0.191826
364,particle,"Photon",19748,1.286056,11.253679,0.195261
365,particle,"Photon",19748,1.140836,2.175234,0.196023
366,particle,"Photon",19748,1.654572,52.606788,0.198128
367,particle,"Photon",19748,1.133683,4.073656,0.188794
368,particle,"Photon",19748,1.230215,12.215052,0.19163
369,particle,"Photon",19748,1.199488,9.309979,0.193513
370,particle,"Photon",19748,1.138647,8.772342,0.200709
371,particle,"Photon",19748,1.180488,8.890212,0.195731
372,particle,"Photon",19748,1.208184,9.212751,0.192237
373,particle,"Photon",19748,1.137341,2.428169,0.189513
374,particle,"Photon",19748,1.290944,16.91499,0.19188
375,particle,"Photon",19748,1.190118,8.764393,0.190652
376,particle,"Photon",19748,1.392789,33.11694,0.188265
377,particle,"Photon",19748,1.187904,9.709056,0.198863
378,particle,"Photon",19748,1.156169,8.091819,0.186925
379,particle,"Photon",19748,1.159178,8.867807,0.193114
380,particle,"Photon",19748,1.154601,5.43591,0.189748
381,particle,"Photon",19748,1.144617,7.6222,0.188871
382,particle,"Photon",19748,2.449999,181.390339,0.201774
383,particle,"Photon",19748,1.185521,11.307145,0.192551
384,particle,"Photon",19748,1.217205,9.423012,0.194305
385,particle,"Photon",19748,1.167283,8.394435,0.189859
386,particle,"Photon",19748,1.147183,7.512833,0.188029
387,particle,"Photon",19748,1.126373,7.620653,0.188563
388,particle,"Photon",19748,1.147589,9.104557,0.193287
389,particle,"Photon",19748,1.13273,8.660683,0.18754
390,particle,"Photon",19748,1.140278,7.789384,0.192555
391,particle,"Photon",19748,1.165819,8.498365,0.194479
392,particle,"Photon",19748,1.115049,1.38249,0.189345
393,particle,"Photon",19748,1.112798,2.188919,0.186263
394,particle,"Photon",19748,1.167747,7.931345,0.192936
395,particle,"Photon",19748,1.176923,8.78632,0.194199
396,particle,"Photon",19748,1.184656,8.710206,0.192954
397,particle,"Photon",19748,1.239359,9.993893,0.20193
398,particle,"Photon",19748,1.116731,1.666093,0.191059
399,particle,"Photon",19748,1.086626,2.778244,0.188964
400,particle,"Photon",19748,1.10772,1.398633,0.191398
401,particle,"Photon",19748,1.11347,1.605556,0.196681
402,particle,"Photon",19748,1.088625,1.514493,0.191851
403,particle,"Photon",19748,1.165553,4.131533,0.198619
404,particle,"Photon",19748,1.181306,10.636367,0.195168
405,particle,"Photon",19748,1.10955,1.883905,0.192366
406,particle,"Photon",19748,1.104895,2.320007,0.189649
407,particle,"Photon",19748,1.091521,1.766189,0.194884
408,particle,"Photon",19748,1.184454,11.410689,0.192913
409,particle,"Photon",19748,1.10554,1.473781,0.192562
410,particle,"Photon",19748,1.111207,2.669668,0.194262
411,particle,"Photon",19748,1.25621,10.875185,0.20334
412,particle,"Photon",19748,1.160244,5.390233,0.195748
413,particle,"Photon",19748,1.101681,2.035825,0.193915
414,particle,"Photon",19748,1.535866,47.429049,0.2053
415,particle,"Photon",19748,1.108438,2.854445,0.194946
416,particle,"Photon",19748,1.165669,5.538112,0.200568
417,particle,"Photon",19748,1.110936,2.743135,0.19364
418,particle,"Photon",19748,1.103802,1.752959,0.191694
419,particle,"Photon",19748,1.11635,2.317271,0.195294
420,particle,"Photon",19748,1.125656,2.364001,0.195553
421,particle,"Photon",19748,1.094647,1.678017,0.192869
422,particle,"Photon",19748,1.048419,1.698003,0.182957
423,particle,"Photon",19748,1.112561,1.845321,0.195151
424,particle,"Photon",19748,1.120341,3.122741,0.195691
425,particle,"Photon",19748,1.221832,9.755685,0.200931
426,particle,"Photon",19748,1.143446,7.012828,0.193264
427,particle,"Photon",19748,1.141812,2.974664,0.193195
428,particle,"Photon",19748,1.13647,8.035364,0.195034
429,particle,"Photon",19748,1.084742,2.532028,0.192088
430,particle,"Photon",19748,1.138018,2.112642,0.198757
431,particle,"Photon",19748,1.116961,2.840068,0.195675
432,particle,"Photon",19748,1.096952,1.968148,0.195083
433,particle,"Photon",19748,1.117393,2.747828,0.190983
434,particle,"Photon",19748,1.124091,2.897574,0.203547
435,particle,"Photon",19748,1.083505,2.347254,0.193095
436,particle,"Photon",19748,1.187218,5.269639,0.194628
437,particle,"Photon",19748,1.186485,8.672151,0.209325
438,particle,"Photon",19748,1.159756,8.975736,0.199917
439,particle,"Photon",19748,1.397419,31.387085,0.196404
440,particle,"Photon",19748,1.26759,15.549045,0.195719
441,particle,"Photon",19748,1.175275,7.898632,0.191113
442,particle,"Photon",19748,1.137042,4.522518,0.193941
443,particle,"Photon",19748,1.195435,8.867828,0.192608
444,particle,"Photon",19748,1.124788,7.955953,0.192909
445,particle,"Photon",19748,1.200527,9.292331,0.20386
446,particle,"Photon",19748,1.152218,8.054039,0.186691
447,particle,"Photon",19748,1.179463,8.144199,0.194866
448,particle,"Photon",19748,1.052493,1.652437,0.189837
449,particle,"Photon",19748,1.272451,19.531317,0.190469
450,particle,"Photon",19748,1.174141,7.020012,0.192303
451,particle,"Photon",19748,1.406311,39.973722,0.195119
452,particle,"Photon",19748,1.18587,11.019392,0.19479
453,particle,"Photon",19748,1.136284,2.340301,0.191992
454,particle,"Photon",19748,1.101932,2.574292,0.194244
455,particle,"Photon",19748,1.306633,31.119782,0.192633
456,particle,"Photon",19748,1.090899,2.001182,0.194491
457,particle,"Photon",19748,1.0981,1.734148,0.194926
458,particle,"Photon",19748,1.080479,2.044628,0.191949
459,particle,"Photon",19748,1.146997,7.057041,0.194233
460,particle,"Photon",19748,1.186834,10.478828,0.197574
461,particle,"Photon",19748,1.587904,43.232676,0.195234
462,particle,"Photon",19748,1.156415,9.209207,0.195018
463,particle,"Photon",19748,1.594451,46.21529,0.189695
464,particle,"Photon",19748,1.372932,30.745053,0.19335
465,particle,"Photon",19748,1.447424,33.397373,0.190857
466,particle,"Photon",19748,1.186887,9.256359,0.190161
467,particle,"Photon",19748,1.094063,5.531529,0.208362
468,particle,"Photon",19748,1.259742,11.483903,0.190511
469,particle,"Photon",19748,1.163068,5.08875,0.195866
470,particle,"Photon",19748,1.193164,9.896504,0.188724
471,particle,"Photon",19748,1.437533,32.759508,0.193491
472,particle,"Photon",19748,1.191646,9.93124,0.193535
473,particle,"Photon",19748,1.160895,9.253159,0.191094
474,particle,"Photon",19748,1.131125,3.327769,0.196633
475,particle,"Photon",19748,1.140242,7.946123,0.189306
476,particle,"Photon",19748,1.372519,31.428093,0.189373
477,particle,"Photon",19748,1.116573,3.393601,0.198844
478,particle,"Photon",19748,1.17873,8.895968,0.189097
479,particle,"Photon",19748,1.121392,4.244753,0.193824
480,particle,"Photon",19748,1.139989,5.941984,0.191882
481,particle,"Photon",19748,1.239815,10.598425,0.188834
482,particle,"Photon",19748,1.176988,9.037643,0.195781
483,particle,"Photon",19748,1.183722,10.983333,0.190913
484,particle,"Photon",19748,1.187851,9.393925,0.193344
485,particle,"Photon",19748,1.119935,4.668111,0.195849
486,particle,"Photon",19748,1.514535,52.103596,0.189247
487,particle,"Photon",19748,1.116785,7.869155,0.19372
488,particle,"Photon",19748,1.125455,8.709996,0.186091
489,particle,"Photon",19748,1.220912,10.818717,0.189796
490,particle,"Photon",19748,1.258849,27.316319,0.201211
491,particle,"Photon",19748,1.486555,36.14583,0.187827
492,particle,"Photon",19748,1.145374,4.636653,0.196499
493,particle,"Photon",19748,1.14915,8.278228,0.191424
494,particle,"Photon",19748,1.41353,31.288256,0.196798
495,particle,"Photon",19748,1.257542,10.607167,0.190588
496,particle,"Photon",19748,1.181736,9.941821,0.187897
497,particle,"Photon",19748,1.19214,9.614096,0.193134
498,particle,"Photon",19748,1.164556,8.605698,0.188331
499,particle,"Photon",19748,1.186886,9.383733,0.1893
0,particle,"Pion",21287,3.277367,7.238015,3.095752
1,particle,"Pion",21287,3.253665,7.166834,3.069663
2,particle,"Pion",21287,0.940176,0.312592,0.131739
3,particle,"Pion",21287,0.935682,0.297611,0.135655
4,particle,"Pion",21287,0.919499,0.287733,0.114703
5,particle,"Pion",21287,0.895778,0.269762,0.092665
6,particle,"Pion",21287,0.930361,0.273963,0.085767
7,particle,"Pion",21287,0.950979,0.282837,0.095639
8,particle,"Pion",21287,0.97302,0.298577,0.116466
9,particle,"Pion",21287,0.974284,0.271944,0.096087
10,particle,"Pion",21287,0.958275,0.283982,0.09859
11,particle,"Pion",21287,0.931714,0.266617,0.106993
12,particle,"Pion",21287,0.989346,0.278835,0.102363
13,particle,"Pion",21287,0.949138,0.269551,0.095837
14,particle,"Pion",21287,0.949268,0.26661,0.085239
15,particle,"Pion",21287,0.972802,0.278454,0.089911
16,particle,"Pion",21287,0.963315,0.268582,0.083829
17,particle,"Pion",21287,0.99919,0.280206,0.094606
18,particle,"Pion",21287,0.94924,0.259301,0.080753
19,particle,"Pion",21287,0.92711,0.258358,0.080208
20,particle,"Pion",21287,0.962868,0.265252,0.082633
21,particle,"Pion",21287,0.940324,0.257258,0.077633
22,particle,"Pion",21287,0.959793,0.265484,0.078207
23,particle,"Pion",21287,0.953198,0.259518,0.07562
24,particle,"Pion",21287,0.939167,0.257896,0.077727
25,particle,"Pion",21287,0.926131,0.255472,0.074794
26,particle,"Pion",21287,0.928952,0.253764,0.07469
27,particle,"Pion",21287,0.959132,0.261015,0.076769
28,particle,"Pion",21287,0.934973,0.256851,0.078122
29,particle,"Pion",21287,0.955705,0.261749,0.078458
30,particle,"Pion",21287,0.962032,0.279667,0.101422
31,particle,"Pion",21287,0.800778,0.279391,0.110963
32,particle,"Pion",21287,0.947954,0.300133,0.115654
33,particle,"Pion",21287,0.950019,0.29798,0.09831
34,particle,"Pion",21287,0.918103,0.318163,0.11374
35,particle,"Pion",21287,0.943716,0.310602,0.113985
36,particle,"Pion",21287,0.894443,0.282226,0.103446
37,particle,"Pion",21287,0.946057,0.369843,0.11536
38,particle,"Pion",21287,0.96129,0.305643,0.111829
39,particle,"Pion",21287,0.933188,0.300635,0.11826
40,particle,"Pion",21287,0.898829,0.288941,0.105799
41,particle,"Pion",21287,0.96009,0.311863,0.117133
42,particle,"Pion",21287,0.959388,0.318121,0.10811
43,particle,"Pion",21287,0.938545,0.342495,0.117708
44,particle,"Pion",21287,0.940905,0.306445,0.10801
45,particle,"Pion",21287,0.966702,0.319061,0.108659
46,particle,"Pion",21287,0.978672,0.319237,0.113021
47,particle,"Pion",21287,0.882859,0.283025,0.131298
48,particle,"Pion",21287,0.848464,0.271655,0.101518
49,particle,"Pion",21287,0.941973,0.28651,0.095631
50,particle,"Pion",21287,0.926508,0.272267,0.091901
51,particle,"Pion",21287,0.958933,0.289398,0.094513
52,particle,"Pion",21287,0.919311,0.275042,0.086948
53,particle,"Pion",21287,0.89814,0.269223,0.080488
54,particle,"Pion",21287,0.924585,0.270666,0.084605
55,particle,"Pion",21287,0.912632,0.267743,0.085803
56,particle,"Pion",21287,0.924135,0.271529,0.08309
57,particle,"Pion",21287,0.899778,0.265931,0.086856
58,particle,"Pion",21287,0.925304,0.274106,0.086244
59,particle,"Pion",21287,0.935098,0.270768,0.087933
60,particle,"Pion",21287,0.905882,0.26959,0.086741
61,particle,"Pion",21287,0.929109,0.270893,0.084223
62,particle,"Pion",21287,0.942602,0.273771,0.085911
63,particle,"Pion",21287,0.945672,0.352406,0.111469
64,particle,"Pion",21287,0.909608,0.296495,0.11753
65,particle,"Pion",21287,0.895185,0.275164,0.11811
66,particle,"Pion",21287,0.852505,0.326896,0.163426
67,particle,"Pion",21287,0.881968,0.310093,0.157038
68,particle,"Pion",21287,0.955911,0.297965,0.112522
69,particle,"Pion",21287,0.927862,0.307664,0.143427
70,particle,"Pion",21287,0.877812,0.304096,0.110047
71,particle,"Pion",21287,0.934121,0.297042,0.146927
72,particle,"Pion",21287,0.918477,0.309675,0.158252
73,particle,"Pion",21287,0.907174,0.287703,0.109673
74,particle,"Pion",21287,0.947041,0.309756,0.118565
75,particle,"Pion",21287,0.924574,0.350249,0.157343
76,particle,"Pion",21287,0.94502,0.308184,0.136728
77,particle,"Pion",21287,0.882874,0.317241,0.116771
78,particle,"Pion",21287,0.915069,0.338361,0.125901
79,particle,"Pion",21287,0.920968,0.473578,0.15024
80,particle,"Pion",21287,0.843439,0.317791,0.161157
81,particle,"Pion",21287,0.936225,0.378082,0.160703
82,particle,"Pion",21287,0.909914,0.39398,0.16128
83,particle,"Pion",21287,0.893101,0.393896,0.146273
84,particle,"Pion",21287,0.914201,0.420446,0.152828
85,particle,"Pion",21287,0.902388,0.381903,0.160546
86,particle,"Pion",21287,0.915892,0.361978,0.158516
87,particle,"Pion",21287,0.876392,0.341866,0.146474
88,particle,"Pion",21287,0.892594,0.319979,0.152919
89,particle,"Pion",21287,0.889804,0.332573,0.141951
90,particle,"Pion",21287,0.885922,0.319472,0.145383
91,particle,"Pion",21287,0.914594,0.324785,0.152078
92,particle,"Pion",21287,0.930413,0.340263,0.142643
93,particle,"Pion",21287,0.930677,0.322202,0.137709
94,particle,"Pion",21287,0.899939,0.32418,0.131892
95,particle,"Pion",21287,0.897157,0.321954,0.139256
96,particle,"Pion",21287,0.945508,0.335138,0.143057
97,particle,"Pion",21287,0.898172,0.32896,0.129414
98,particle,"Pion",21287,0.916638,0.329769,0.134445
99,particle,"Pion",21287,0.914718,0.329098,0.133513
100,particle,"Pion",21287,0.880688,0.354802,0.152918
101,particle,"Pion",21287,0.9091,0.442739,0.155686
102,particle,"Pion",21287,0.830297,0.343824,0.146808
103,particle,"Pion",21287,0.958789,0.4043,0.153069
104,particle,"Pion",21287,0.889887,0.386424,0.138845
105,particle,"Pion",21287,0.886634,0.360171,0.158606
106,particle,"Pion",21287,0.926544,0.336461,0.145983
107,particle,"Pion",21287,0.934685,0.333205,0.140469
108,particle,"Pion",21287,0.840765,0.291716,0.135046
109,particle,"Pion",21287,0.875448,0.303012,0.128609
110,particle,"Pion",21287,0.90033,0.311458,0.156974
111,particle,"Pion",21287,0.904399,0.375173,0.166626
112,particle,"Pion",21287,0.874563,0.30271,0.137744
113,particle,"Pion",21287,0.914767,0.353968,0.143862
114,particle,"Pion",21287,0.854703,0.312439,0.123935
115,particle,"Pion",21287,0.88839,0.331241,0.164983
116,particle,"Pion",21287,0.869894,0.345747,0.175743
117,particle,"Pion",21287,0.881508,0.336276,0.128333
118,particle,"Pion",21287,0.804997,0.326812,0.16753
119,particle,"Pion",21287,0.94914,0.34526,0.147441
120,particle,"Pion",21287,0.87835,0.405959,0.154536
121,particle,"Pion",21287,0.877745,0.347232,0.144215
122,particle,"Pion",21287,0.901595,0.319212,0.124993
123,particle,"Pion",21287,0.863854,0.32128,0.124101
124,particle,"Pion",21287,0.946789,0.351752,0.139572
125,particle,"Pion",21287,0.878966,0.32769,0.125387
126,particle,"Pion",21287,0.847211,0.70159,0.118902
127,particle,"Pion",21287,0.903517,0.61523,0.139676
128,particle,"Pion",21287,0.90608,0.392006,0.126639
129,particle,"Pion",21287,0.77499,0.320176,0.124198
130,particle,"Pion",21287,0.842551,0.339461,0.126775
131,particle,"Pion",21287,0.865675,0.324981,0.120187
132,particle,"Pion",21287,0.906227,0.325929,0.121735
133,particle,"Pion",21287,0.866251,0.348488,0.123082
134,particle,"Pion",21287,0.800234,0.347514,0.122639
135,particle,"Pion",21287,0.847503,0.321839,0.120113
136,particle,"Pion",21287,0.81955,0.340813,0.129341
137,particle,"Pion",21287,0.841449,0.399156,0.123997
138,particle,"Pion",21287,0.881977,0.32009,0.126877
139,particle,"Pion",21287,0.863917,0.365638,0.121208
140,particle,"Pion",21287,0.886561,0.303962,0.110432
141,particle,"Pion",21287,0.813902,0.367562,0.166313
142,particle,"Pion",21287,0.880662,0.394847,0.139386
143,particle,"Pion",21287,0.786853,0.315068,0.144011
144,particle,"Pion",21287,0.898988,0.331303,0.132636
145,particle,"Pion",21287,0.859398,0.324203,0.144661
146,particle,"Pion",21287,0.913162,0.3716,0.128972
147,particle,"Pion",21287,0.896461,0.314321,0.124063
148,particle,"Pion",21287,0.922974,0.326899,0.136873
149,particle,"Pion",21287,0.499663,0.354913,0.188696
150,particle,"Pion",21287,0.896853,0.321946,0.122964
151,particle,"Pion",21287,0.931212,0.324677,0.130159
152,particle,"Pion",21287,0.865106,1.234964,0.122039
153,particle,"Pion",21287,0.83473,0.375516,0.135495
154,particle,"Pion",21287,0.897811,0.331433,0.134669
155,particle,"Pion",21287,0.919262,0.347127,0.161092
156,particle,"Pion",21287,0.879411,0.328924,0.152077
157,particle,"Pion",21287,0.915037,0.335612,0.135095
158,particle,"Pion",21287,0.902676,0.328094,0.125974
159,particle,"Pion",21287,0.885567,0.333644,0.133233
160,particle,"Pion",21287,0.85173,0.328751,0.131113
161,particle,"Pion",21287,0.870062,0.32694,0.150337
162,particle,"Pion",21287,0.86444,0.321411,0.132
163,particle,"Pion",21287,0.885107,0.313117,0.125773
164,particle,"Pion",21287,0.887131,0.321981,0.135445
165,particle,"Pion",21287,0.910475,0.443673,0.1291
166,particle,"Pion",21287,0.942923,0.339223,0.119361
167,particle,"Pion",21287,0.878102,0.349464,0.135526
168,particle,"Pion",21287,0.894902,0.326908,0.118946
169,particle,"Pion",21287,0.880195,0.319902,0.116679
170,particle,"Pion",21287,0.896656,0.320866,0.113884
171,particle,"Pion",21287,0.778379,0.319986,0.116799
172,particle,"Pion",21287,0.913145,0.301535,0.112468
173,particle,"Pion",21287,0.865024,0.323801,0.11035
174,particle,"Pion",21287,0.919984,0.324846,0.114942
175,particle,"Pion",21287,0.906197,0.302683,0.105891
176,particle,"Pion",21287,0.893369,0.298826,0.104321
177,particle,"Pion",21287,0.901393,0.297732,0.10644
178,particle,"Pion",21287,0.895561,0.297727,0.107615
179,particle,"Pion",21287,0.929523,0.30728,0.105909
180,particle,"Pion",21287,0.934689,0.30366,0.10298
181,particle,"Pion",21287,0.90614,0.299989,0.105499
182,particle,"Pion",21287,0.920348,0.302178,0.105047
183,particle,"Pion",21287,0.875879,0.299261,0.10767
184,particle,"Pion",21287,0.903153,0.304796,0.105961
185,particle,"Pion",21287,0.902634,0.303702,0.104042
186,particle,"Pion",21287,0.906299,0.313352,0.105752
187,particle,"Pion",21287,0.791195,0.277042,0.109415
188,particle,"Pion",21287,0.896534,0.358933,0.129413
189,particle,"Pion",21287,0.862577,0.332478,0.112364
190,particle,"Pion",21287,0.849342,0.302528,0.117501
191,particle,"Pion",21287,0.864805,0.307365,0.118208
192,particle,"Pion",21287,0.912028,0.320221,0.124888
193,particle,"Pion",21287,0.923533,0.310716,0.116419
194,particle,"Pion",21287,0.915323,0.329695,0.116683
195,particle,"Pion",21287,0.930985,0.309435,0.114058
196,particle,"Pion",21287,0.79976,0.299484,0.101643
197,particle,"Pion",21287,0.844736,0.303386,0.118523
198,particle,"Pion",21287,0.879328,0.335083,0.13034
199,particle,"Pion",21287,0.788359,0.280937,0.105257
200,particle,"Pion",21287,0.922247,0.33669,0.11691
201,particle,"Pion",21287,0.919855,0.303659,0.11347
202,particle,"Pion",21287,0.908494,0.306803,0.123075
203,particle,"Pion",21287,0.847045,0.302917,0.104272
204,particle,"Pion",21287,0.949721,0.312298,0.122019
205,particle,"Pion",21287,0.916846,0.301297,0.110088
206,particle,"Pion",21287,0.784493,0.299222,0.105596
207,particle,"Pion",21287,0.89873,0.287075,0.109306
208,particle,"Pion",21287,0.908438,0.321666,0.110915
209,particle,"Pion",21287,0.889705,0.293137,0.10631
210,particle,"Pion",21287,0.901685,0.306037,0.106504
211,particle,"Pion",21287,0.935723,0.326502,0.111702
212,particle,"Pion",21287,0.852394,0.296438,0.104107
213,particle,"Pion",21287,0.905965,0.295362,0.104982
214,particle,"Pion",21287,0.916949,0.301912,0.105169
215,particle,"Pion",21287,0.901515,0.287798,0.105461
216,particle,"Pion",21287,0.909213,0.298706,0.105219
217,particle,"Pion",21287,0.870292,0.294297,0.099666
218,particle,"Pion",21287,0.934209,0.292274,0.101604
219,particle,"Pion",21287,0.917791,0.287832,0.098792
220,particle,"Pion",21287,0.923925,0.287918,0.098047
221,particle,"Pion",21287,0.932034,0.288415,0.102151
222,particle,"Pion",21287,0.954747,0.305174,0.105783
223,particle,"Pion",21287,0.929467,0.298718,0.10493
224,particle,"Pion",21287,0.913745,0.283109,0.094526
225,particle,"Pion",21287,0.907927,0.282226,0.095928
226,particle,"Pion",21287,0.887086,0.28617,0.097161
227,particle,"Pion",21287,0.822124,0.275072,0.095363
228,particle,"Pion",21287,0.955054,0.301133,0.100264
229,particle,"Pion",21287,0.916112,0.290452,0.096171
230,particle,"Pion",21287,0.876767,0.286257,0.099511
231,particle,"Pion",21287,0.870699,0.281633,0.094444
232,particle,"Pion",21287,0.880311,0.276719,0.09271
233,particle,"Pion",21287,0.914544,0.283558,0.094801
234,particle,"Pion",21287,0.948267,0.294107,0.098708
235,particle,"Pion",21287,0.941713,0.287362,0.095912
236,particle,"Pion",21287,0.94013,0.294925,0.096472
237,particle,"Pion",21287,0.904325,0.283638,0.094221
238,particle,"Pion",21287,0.90762,0.41643,0.111261
239,particle,"Pion",21287,0.88868,0.308793,0.12152
240,particle,"Pion",21287,0.931754,0.305177,0.121054
241,particle,"Pion",21287,0.88332,0.356826,0.106391
242,particle,"Pion",21287,0.90962,0.43101,0.124917
243,particle,"Pion",21287,0.943291,0.320909,0.122254
244,particle,"Pion",21287,0.923185,0.293002,0.109755
245,particle,"Pion",21287,0.82827,0.468358,0.102266
246,particle,"Pion",21287,0.874629,0.358936,0.10516
247,particle,"Pion",21287,0.879631,0.298085,0.124007
248,particle,"Pion",21287,0.856575,0.31319,0.100738
249,particle,"Pion",21287,0.849377,0.307957,0.107619
250,particle,"Pion",21287,0.842684,0.321415,0.116271
251,particle,"Pion",21287,0.677245,0.266869,0.106598
252,particle,"Pion",21287,0.738406,0.437428,0.120794
253,particle,"Pion",21287,0.836564,0.310506,0.129566
254,particle,"Pion",21287,0.766123,0.278403,0.127431
255,particle,"Pion",21287,0.737724,0.261352,0.099853
256,particle,"Pion",21287,0.773805,0.285747,0.12711
257,particle,"Pion",21287,0.836007,0.559148,0.113271
258,particle,"Pion",21287,0.852262,0.274735,0.107472
259,particle,"Pion",21287,0.884182,0.290306,0.112089
260,particle,"Pion",21287,0.806439,1.692804,0.115421
261,particle,"Pion",21287,0.889743,0.306859,0.11171
262,particle,"Pion",21287,0.887637,0.300384,0.137806
263,particle,"Pion",21287,0.831238,0.302616,0.11683
264,particle,"Pion",21287,0.78546,0.294474,0.111963
265,particle,"Pion",21287,0.841017,0.296222,0.120684
266,particle,"Pion",21287,0.901129,0.301039,0.126021
267,particle,"Pion",21287,0.853278,0.318093,0.134355
268,particle,"Pion",21287,0.879926,0.296857,0.116397
269,particle,"Pion",21287,0.82657,0.308509,0.135264
270,particle,"Pion",21287,0.859358,0.309299,0.124543
271,particle,"Pion",21287,0.868403,0.296243,0.124648
272,particle,"Pion",21287,0.922544,0.308125,0.120287
273,particle,"Pion",21287,0.8947,0.357363,0.11146
274,particle,"Pion",21287,0.888155,0.314394,0.125583
275,particle,"Pion",21287,0.859147,0.297955,0.122618
276,particle,"Pion",21287,0.800006,0.291345,0.119204
277,particle,"Pion",21287,0.748803,0.28655,0.11741
278,particle,"Pion",21287,0.856524,0.331725,0.120065
279,particle,"Pion",21287,0.869372,0.30348,0.116967
280,particle,"Pion",21287,0.76638,0.725952,0.103093
281,particle,"Pion",21287,0.905628,0.3036,0.113517
282,particle,"Pion",21287,0.892548,0.37648,0.11331
283,particle,"Pion",21287,0.892479,1.23468,0.108806
284,particle,"Pion",21287,0.900842,0.307826,0.113298
285,particle,"Pion",21287,0.916983,0.309472,0.121819
286,particle,"Pion",21287,0.908964,0.30491,0.105525
287,particle,"Pion",21287,0.932765,0.392425,0.109752
288,particle,"Pion",21287,0.83203,0.290914,0.114671
289,particle,"Pion",21287,0.897277,0.304725,0.107463
290,particle,"Pion",21287,0.862405,0.322012,0.114486
291,particle,"Pion",21287,0.900195,0.295185,0.112339
292,particle,"Pion",21287,0.912841,0.3,0.102697
293,particle,"Pion",21287,0.885227,0.296265,0.107434
294,particle,"Pion",21287,0.883807,0.40445,0.118699
295,particle,"Pion",21287,0.903907,0.304203,0.116254
296,particle,"Pion",21287,0.940415,0.296928,0.11017
297,particle,"Pion",21287,0.885219,0.305945,0.108681
298,particle,"Pion",21287,0.925478,0.300945,0.108679
299,particle,"Pion",21287,0.807048,0.297834,0.103403
300,particle,"Pion",21287,0.848286,0.275417,0.105441
301,particle,"Pion",21287,0.904142,0.299348,0.105509
302,particle,"Pion",21287,0.916265,2.266151,0.100113
303,particle,"Pion",21287,0.764056,0.287258,0.105992
304,particle,"Pion",21287,0.917845,0.299649,0.112282
305,particle,"Pion",21287,0.92162,0.336868,0.109038
306,particle,"Pion",21287,0.888827,0.297073,0.112928
307,particle,"Pion",21287,0.934922,1.436558,0.10241
308,particle,"Pion",21287,0.731799,0.246331,0.084234
309,particle,"Pion",21287,0.943668,0.313564,0.108461
310,particle,"Pion",21287,0.889386,0.911213,0.102848
311,particle,"Pion",21287,0.904767,1.296794,0.107512
312,particle,"Pion",21287,0.911119,0.294672,0.103175
313,particle,"Pion",21287,0.829554,1.471764,0.103749
314,particle,"Pion",21287,0.876432,0.289654,0.106491
315,particle,"Pion",21287,0.925616,0.836591,0.103426
316,particle,"Pion",21287,0.94771,1.070491,0.106327
317,particle,"Pion",21287,0.914515,1.526488,0.105573
318,particle,"Pion",21287,0.912644,1.435724,0.096858
319,particle,"Pion",21287,0.919202,0.792854,0.105985
320,particle,"Pion",21287,0.895289,0.901854,0.103429
321,particle,"Pion",21287,0.879148,0.290348,0.095732
322,particle,"Pion",21287,0.879988,0.320873,0.101209
323,particle,"Pion",21287,0.927717,1.453097,0.111337
324,particle,"Pion",21287,0.844648,1.381446,0.100813
325,particle,"Pion",21287,0.763938,0.282825,0.095308
326,particle,"Pion",21287,0.862358,0.824008,0.095539
327,particle,"Pion",21287,0.911327,0.290007,0.103453
328,particle,"Pion",21287,0.796721,0.284461,0.132793
329,particle,"Pion",21287,0.817139,1.485393,0.119804
330,particle,"Pion",21287,0.86439,1.546521,0.120767
331,particle,"Pion",21287,0.816323,0.290223,0.123748
332,particle,"Pion",21287,0.78976,0.329152,0.089601
333,particle,"Pion",21287,0.84766,0.287818,0.107547
334,particle,"Pion",21287,0.837526,1.549982,0.109884
335,particle,"Pion",21287,0.844755,1.451381,0.101253
336,particle,"Pion",21287,0.836866,0.307074,0.118067
337,particle,"Pion",21287,0.893075,0.296812,0.101885
338,particle,"Pion",21287,0.851491,1.481135,0.092155
339,particle,"Pion",21287,0.869903,0.280911,0.102247
340,particle,"Pion",21287,0.866957,0.284491,0.111164
341,particle,"Pion",21287,0.886434,0.36279,0.093174
342,particle,"Pion",21287,0.832851,0.274462,0.102381
343,particle,"Pion",21287,0.838621,0.286931,0.097111
344,particle,"Pion",21287,0.82607,0.277445,0.095716
345,particle,"Pion",21287,0.892593,0.30418,0.101979
346,particle,"Pion",21287,0.872959,1.511362,0.099286
347,particle,"Pion",21287,0.878473,0.319451,0.091328
348,particle,"Pion",21287,0.83889,2.100361,0.105004
349,particle,"Pion",21287,0.821932,1.304726,0.128152
350,particle,"Pion",21287,0.860636,0.279825,0.091546
351,particle,"Pion",21287,0.882456,0.283615,0.094269
352,particle,"Pion",21287,0.849529,0.274316,0.09588
353,particle,"Pion",21287,0.819508,0.266106,0.094435
354,particle,"Pion",21287,0.85121,0.287296,0.100115
355,particle,"Pion",21287,0.759447,0.252761,0.107249
356,particle,"Pion",21287,0.819011,0.271489,0.092247
357,particle,"Pion",21287,0.832294,0.342995,0.091863
358,particle,"Pion",21287,0.906236,0.829931,0.09635
359,particle,"Pion",21287,0.814965,0.27226,0.102752
360,particle,"Pion",21287,0.834086,0.363297,0.093395
361,particle,"Pion",21287,0.798524,0.267584,0.105614
362,particle,"Pion",21287,0.925746,0.316303,0.104515
363,particle,"Pion",21287,0.876887,0.769781,0.10019
364,particle,"Pion",21287,0.920645,0.9725,0.096051
365,particle,"Pion",21287,0.921405,0.378582,0.10377
366,particle,"Pion",21287,0.872695,0.399325,0.113589
367,particle,"Pion",21287,0.920523,0.32665,0.107951
368,particle,"Pion",21287,0.857831,0.293435,0.095717
369,particle,"Pion",21287,0.88965,0.296072,0.111405
370,particle,"Pion",21287,0.827144,0.285086,0.096838
371,particle,"Pion",21287,0.931867,0.946841,0.098774
372,particle,"Pion",21287,0.91667,0.312742,0.099322
373,particle,"Pion",21287,0.927656,0.973668,0.095766
374,particle,"Pion",21287,0.9199,1.585439,0.105421
375,particle,"Pion",21287,0.932638,0.293771,0.100155
376,particle,"Pion",21287,0.887035,0.304484,0.099545
377,particle,"Pion",21287,0.842772,0.279624,0.108503
378,particle,"Pion",21287,0.901843,0.34077,0.098834
379,particle,"Pion",21287,0.872899,0.340974,0.101065
380,particle,"Pion",21287,0.888113,0.273581,0.08778
381,particle,"Pion",21287,0.870106,0.309789,0.088442
382,particle,"Pion",21287,0.856241,0.27732,0.112026
383,particle,"Pion",21287,0.855759,0.280691,0.092549
384,particle,"Pion",21287,0.909564,0.293953,0.090901
385,particle,"Pion",21287,0.850173,0.268319,0.101609
386,particle,"Pion",21287,0.907467,0.294609,0.095862
387,particle,"Pion",21287,0.798622,0.275188,0.086766
388,particle,"Pion",21287,0.841675,0.29647,0.110085
389,particle,"Pion",21287,0.860136,0.282852,0.107073
390,particle,"Pion",21287,0.863764,0.306227,0.09041
391,particle,"Pion",21287,0.891921,1.704623,0.104287
392,particle,"Pion",21287,0.939721,1.455224,0.093903
393,particle,"Pion",21287,0.921944,0.337139,0.091861
394,particle,"Pion",21287,0.891918,0.328788,0.094036
395,particle,"Pion",21287,0.857076,0.305764,0.103285
396,particle,"Pion",21287,0.83305,1.438971,0.099075
397,particle,"Pion",21287,0.856794,0.285775,0.101506
398,particle,"Pion",21287,0.917826,0.298572,0.101532
399,particle,"Pion",21287,0.793037,0.284861,0.093082
400,particle,"Pion",21287,0.936497,0.298304,0.091171
401,particle,"Pion",21287,0.922545,0.328202,0.096293
402,particle,"Pion",21287,0.868649,0.914143,0.091548
403,particle,"Pion",21287,0.891308,0.292484,0.107971
404,particle,"Pion",21287,0.906773,0.3211,0.099423
405,particle,"Pion",21287,0.919141,0.38939,0.094319
406,particle,"Pion",21287,0.901782,0.350297,0.104293
407,particle,"Pion",21287,0.849927,0.330662,0.102632
408,particle,"Pion",21287,0.923745,0.317731,0.09419
409,particle,"Pion",21287,0.932806,0.291024,0.094773
410,particle,"Pion",21287,0.905668,0.31381,0.096487
411,particle,"Pion",21287,0.910144,1.489229,0.115468
412,particle,"Pion",21287,0.898669,1.507663,0.100909
413,particle,"Pion",21287,0.881914,1.462906,0.095415
414,particle,"Pion",21287,0.845189,0.289849,0.114554
415,particle,"Pion",21287,0.857589,1.456574,0.105859
416,particle,"Pion",21287,0.843975,0.291888,0.109295
417,particle,"Pion",21287,0.906463,1.577315,0.106347
418,particle,"Pion",21287,0.904709,0.287844,0.092561
419,particle,"Pion",21287,0.896536,0.330379,0.095825
420,particle,"Pion",21287,0.927852,1.489589,0.100491
421,particle,"Pion",21287,0.903485,0.28999,0.092745
422,particle,"Pion",21287,0.561547,0.758696,0.114056
423,particle,"Pion",21287,0.909631,0.336432,0.094979
424,particle,"Pion",21287,0.873394,1.702379,0.104282
425,particle,"Pion",21287,0.913897,0.391332,0.109727
426,particle,"Pion",21287,0.898782,0.323927,0.098204
427,particle,"Pion",21287,0.923386,1.56123,0.100359
428,particle,"Pion",21287,0.882977,0.317239,0.098582
429,particle,"Pion",21287,0.860896,0.337931,0.10424
430,particle,"Pion",21287,0.910668,0.303093,0.097669
431,particle,"Pion",21287,0.904057,0.287658,0.103029
432,particle,"Pion",21287,0.876655,0.283367,0.100475
433,particle,"Pion",21287,0.865824,0.294423,0.09254
434,particle,"Pion",21287,0.883691,0.284694,0.104562
435,particle,"Pion",21287,0.857673,0.381235,0.106612
436,particle,"Pion",21287,0.918512,0.311603,0.098085
437,particle,"Pion",21287,0.896926,0.304464,0.107414
438,particle,"Pion",21287,0.878552,0.29562,0.118262
439,particle,"Pion",21287,0.868738,0.290271,0.093274
440,particle,"Pion",21287,0.859256,0.347602,0.099144
441,particle,"Pion",21287,0.867329,0.28175,0.090298
442,particle,"Pion",21287,0.850535,0.285231,0.114213
443,particle,"Pion",21287,0.865923,0.315323,0.113773
444,particle,"Pion",21287,0.838751,0.274891,0.11891
445,particle,"Pion",21287,0.888008,0.294633,0.117055
446,particle,"Pion",21287,0.892159,0.281348,0.103119
447,particle,"Pion",21287,0.903258,0.300498,0.111284
448,particle,"Pion",21287,0.830114,0.344068,0.115896
449,particle,"Pion",21287,0.878597,0.291955,0.110855
450,particle,"Pion",21287,0.836651,0.354085,0.119302
451,particle,"Pion",21287,0.812643,0.308105,0.117891
452,particle,"Pion",21287,0.867897,0.292596,0.123657
453,particle,"Pion",21287,0.924343,0.296896,0.097328
454,particle,"Pion",21287,0.846012,0.282367,0.119284
455,particle,"Pion",21287,0.885809,0.293148,0.104321
456,particle,"Pion",21287,0.88608,0.282048,0.103185
457,particle,"Pion",21287,0.871013,0.289478,0.104767
458,particle,"Pion",21287,0.88696,0.279463,0.110074
459,particle,"Pion",21287,0.792761,0.353028,0.114856
460,particle,"Pion",21287,0.80597,0.278025,0.133745
461,particle,"Pion",21287,0.921992,0.290439,0.102656
462,particle,"Pion",21287,0.885402,0.29132,0.111671
463,particle,"Pion",21287,0.941767,0.296665,0.093874
464,particle,"Pion",21287,0.862158,1.41824,0.113619
465,particle,"Pion",21287,0.88683,0.28194,0.107366
466,particle,"Pion",21287,0.89017,0.283239,0.11503
467,particle,"Pion",21287,0.752298,0.281634,0.127749
468,particle,"Pion",21287,0.907253,0.282198,0.111711
469,particle,"Pion",21287,0.903462,0.304784,0.105531
470,particle,"Pion",21287,0.885864,0.28274,0.102364
471,particle,"Pion",21287,0.924531,0.279415,0.105314
472,particle,"Pion",21287,0.822539,0.285752,0.133345
473,particle,"Pion",21287,0.894955,0.280257,0.099993
474,particle,"Pion",21287,0.885071,1.443486,0.121611
475,particle,"Pion",21287,0.828542,0.275386,0.118076
476,particle,"Pion",21287,0.880977,0.278976,0.095477
477,particle,"Pion",21287,0.83123,0.289475,0.11963
478,particle,"Pion",21287,0.901068,0.290347,0.092068
479,particle,"Pion",21287,0.816672,0.314147,0.121317
480,particle,"Pion",21287,0.86078,0.281898,0.114555
481,particle,"Pion",21287,0.919489,0.290206,0.095544
482,particle,"Pion",21287,0.918021,0.286675,0.101935
483,particle,"Pion",21287,0.830317,0.270304,0.102674
484,particle,"Pion",21287,0.865122,0.357899,0.112479
485,particle,"Pion",21287,0.869212,0.3862,0.108583
486,particle,"Pion",21287,0.904539,0.284973,0.107149
487,particle,"Pion",21287,0.807847,0.28267,0.136091
488,particle,"Pion",21287,0.816049,0.275148,0.115757
489,particle,"Pion",21287,0.876632,0.282472,0.107533
490,particle,"Pion",21287,0.828677,0.292189,0.13595
491,particle,"Pion",21287,0.926583,0.286515,0.096302
492,particle,"Pion",21287,0.881577,0.288185,0.110312
493,particle,"Pion",21287,0.890264,0.372524,0.105009
494,particle,"Pion",21287,0.927912,0.292937,0.101887
495,particle,"Pion",21287,0.909857,0.285143,0.097245
496,particle,"Pion",21287,0.896987,0.281347,0.101451
497,particle,"Pion",21287,0.903798,0.28331,0.097228
498,particle,"Pion",21287,0.898032,0.285997,0.100281
499,particle,"Pion",21287,0.906641,0.290365,0.095403
0,particle,"Electron",6154,12.162762,17.267382,10.876547
1,particle,"Electron",6154,12.137492,17.255025,10.810181
2,particle,"Electron",6154,1.033333,1.346278,0.175967
3,particle,"Electron",6154,1.056248,1.990822,0.172768
4,particle,"Electron",6154,0.973753,1.34178,0.166171
5,particle,"Electron",6154,0.94983,1.356604,0.147068
6,particle,"Electron",6154,0.965645,1.30818,0.148566
7,particle,"Electron",6154,0.998179,1.368131,0.154085
8,particle,"Electron",6154,1.004571,1.063523,0.165971
9,particle,"Electron",6154,1.040386,1.483243,0.16566
10,particle,"Electron",6154,1.010127,1.387468,0.157175
11,particle,"Electron",6154,0.987301,1.594373,0.150011
12,particle,"Electron",6154,1.064243,1.896998,0.164768
13,particle,"Electron",6154,1.006645,1.565285,0.151891
14,particle,"Electron",6154,0.991617,1.091663,0.153471
15,particle,"Electron",6154,1.013586,1.540585,0.1559
16,particle,"Electron",6154,1.011679,1.441706,0.149419
17,particle,"Electron",6154,1.052023,1.392637,0.155982
18,particle,"Electron",6154,1.002401,1.429568,0.145478
19,particle,"Electron",6154,0.983501,1.712193,0.141062
20,particle,"Electron",6154,0.994155,1.053948,0.143198
21,particle,"Electron",6154,0.993856,1.330406,0.144562
22,particle,"Electron",6154,1.001673,1.377112,0.142864
23,particle,"Electron",6154,1.001081,1.395538,0.141583
24,particle,"Electron",6154,0.986219,1.277368,0.140875
25,particle,"Electron",6154,0.98062,1.552957,0.141428
26,particle,"Electron",6154,0.97221,1.369689,0.137369
27,particle,"Electron",6154,0.992215,1.089136,0.142179
28,particle,"Electron",6154,0.979909,1.102146,0.143737
29,particle,"Electron",6154,0.990384,1.187499,0.143298
30,particle,"Electron",6154,1.020616,1.562401,0.161678
31,particle,"Electron",6154,0.897932,1.188017,0.171463
32,particle,"Electron",6154,1.006592,1.59178,0.164046
33,particle,"Electron",6154,1.058844,1.851575,0.16414
34,particle,"Electron",6154,1.06753,2.206314,0.181619
35,particle,"Electron",6154,1.148237,3.453482,0.173962
36,particle,"Electron",6154,1.041973,2.322678,0.180963
37,particle,"Electron",6154,1.098526,3.714624,0.174062
38,particle,"Electron",6154,1.085188,2.628559,0.175006
39,particle,"Electron",6154,1.100007,2.892228,0.175276
40,particle,"Electron",6154,1.078556,3.064844,0.178487
41,particle,"Electron",6154,1.101043,2.544256,0.19732
42,particle,"Electron",6154,1.123964,3.287102,0.174961
43,particle,"Electron",6154,1.145841,3.544019,0.194843
44,particle,"Electron",6154,1.067093,2.588493,0.174466
45,particle,"Electron",6154,1.090301,2.407076,0.17212
46,particle,"Electron",6154,1.14782,4.356591,0.17944
47,particle,"Electron",6154,1.017297,2.57173,0.162864
48,particle,"Electron",6154,0.975976,2.588582,0.149171
49,particle,"Electron",6154,1.052407,2.446746,0.160147
50,particle,"Electron",6154,1.037812,2.270002,0.152716
51,particle,"Electron",6154,1.068637,2.565499,0.154885
52,particle,"Electron",6154,1.052221,2.833721,0.155306
53,particle,"Electron",6154,1.027776,2.2345,0.156943
54,particle,"Electron",6154,1.041658,2.076173,0.15683
55,particle,"Electron",6154,1.030686,2.52085,0.153213
56,particle,"Electron",6154,1.046281,2.610568,0.152127
57,particle,"Electron",6154,1.000163,2.449691,0.152914
58,particle,"Electron",6154,1.038337,2.451348,0.154506
59,particle,"Electron",6154,1.043265,2.463695,0.15039
60,particle,"Electron",6154,1.012717,2.396917,0.150696
61,particle,"Electron",6154,1.037444,2.511137,0.15139
62,particle,"Electron",6154,1.039416,2.347714,0.15113
63,particle,"Electron",6154,1.059113,2.657543,0.168806
64,particle,"Electron",6154,1.109866,3.0785,0.174521
65,particle,"Electron",6154,1.018644,2.489703,0.16281
66,particle,"Electron",6154,1.122801,4.068538,0.227959
67,particle,"Electron",6154,1.092781,2.805289,0.182962
68,particle,"Electron",6154,1.111482,2.592801,0.177959
69,particle,"Electron",6154,1.131654,3.804036,0.177907
70,particle,"Electron",6154,1.059824,2.394801,0.194037
71,particle,"Electron",6154,1.098848,3.397473,0.196592
72,particle,"Electron",6154,1.090967,3.047965,0.208328
73,particle,"Electron",6154,1.09285,2.943569,0.183089
74,particle,"Electron",6154,1.057934,2.166067,0.186469
75,particle,"Electron",6154,1.023328,1.961396,0.209434
76,particle,"Electron",6154,1.105926,2.284881,0.203238
77,particle,"Electron",6154,1.00717,1.751005,0.18534
78,particle,"Electron",6154,1.07321,2.57894,0.191819
79,particle,"Electron",6154,1.156396,2.51718,0.24103
80,particle,"Electron",6154,1.076663,3.763931,0.214173
81,particle,"Electron",6154,1.18781,5.538375,0.221452
82,particle,"Electron",6154,1.156375,3.08893,0.222367
83,particle,"Electron",6154,1.121178,4.022058,0.212048
84,particle,"Electron",6154,1.225973,7.899775,0.219072
85,particle,"Electron",6154,1.21853,7.755353,0.205463
86,particle,"Electron",6154,1.189507,5.806212,0.202196
87,particle,"Electron",6154,1.219094,7.452119,0.19973
88,particle,"Electron",6154,1.141427,4.943287,0.198709
89,particle,"Electron",6154,1.173369,4.127252,0.194575
90,particle,"Electron",6154,1.161936,4.964922,0.18769
91,particle,"Electron",6154,1.233054,6.799176,0.194567
92,particle,"Electron",6154,1.24964,7.144411,0.193238
93,particle,"Electron",6154,1.237447,7.839493,0.189718
94,particle,"Electron",6154,1.21312,7.263387,0.187279
95,particle,"Electron",6154,1.212541,8.15189,0.186046
96,particle,"Electron",6154,1.283688,7.927772,0.188097
97,particle,"Electron",6154,1.181625,6.394253,0.184465
98,particle,"Electron",6154,1.222704,7.080455,0.183308
99,particle,"Electron",6154,1.225404,7.656836,0.185347
100,particle,"Electron",6154,1.157799,4.560268,0.214932
101,particle,"Electron",6154,1.175913,4.42082,0.215665
102,particle,"Electron",6154,1.086982,4.958163,0.20378
103,particle,"Electron",6154,1.171875,3.920733,0.216214
104,particle,"Electron",6154,1.154022,4.881628,0.196985
105,particle,"Electron",6154,1.136963,4.036514,0.245549
106,particle,"Electron",6154,1.193483,4.453376,0.215975
107,particle,"Electron",6154,1.063179,1.870154,0.192348
108,particle,"Electron",6154,1.046459,2.911896,0.189167
109,particle,"Electron",6154,1.073399,2.836942,0.191776
110,particle,"Electron",6154,1.159577,3.65913,0.202198
111,particle,"Electron",6154,1.179324,5.336471,0.245201
112,particle,"Electron",6154,1.041786,1.900804,0.200782
113,particle,"Electron",6154,1.306533,9.913034,0.220562
114,particle,"Electron",6154,1.050857,3.46586,0.198911
115,particle,"Electron",6154,1.159102,6.029895,0.222039
116,particle,"Electron",6154,1.142457,5.988639,0.251958
117,particle,"Electron",6154,1.101558,4.124973,0.206752
118,particle,"Electron",6154,0.987676,2.093367,0.245755
119,particle,"Electron",6154,1.459012,19.195264,0.205469
120,particle,"Electron",6154,1.082982,3.63025,0.224682
121,particle,"Electron",6154,1.057439,2.838289,0.240819
122,particle,"Electron",6154,1.063117,2.46649,0.19587
123,particle,"Electron",6154,1.139825,7.946975,0.203672
124,particle,"Electron",6154,1.260449,9.181345,0.198694
125,particle,"Electron",6154,1.172828,8.700647,0.192496
126,particle,"Electron",6154,1.106657,7.261181,0.19782
127,particle,"Electron",6154,1.138719,4.762665,0.249192
128,particle,"Electron",6154,1.112382,5.672556,0.193443
129,particle,"Electron",6154,1.049836,5.482615,0.199917
130,particle,"Electron",6154,1.172109,7.77118,0.237447
131,particle,"Electron",6154,1.128626,6.989754,0.186459
132,particle,"Electron",6154,1.172897,7.542396,0.190197
133,particle,"Electron",6154,1.125881,6.036567,0.184004
134,particle,"Electron",6154,1.27936,18.079127,0.194353
135,particle,"Electron",6154,1.125298,5.793919,0.186092
136,particle,"Electron",6154,1.127158,6.882465,0.208604
137,particle,"Electron",6154,1.162615,7.092271,0.196877
138,particle,"Electron",6154,1.11611,6.011171,0.186977
139,particle,"Electron",6154,1.108166,4.753841,0.187768
140,particle,"Electron",6154,1.063226,4.075763,0.183201
141,particle,"Electron",6154,1.1608,9.325664,0.255939
142,particle,"Electron",6154,1.176252,5.025723,0.214867
143,particle,"Electron",6154,1.101945,6.970308,0.208191
144,particle,"Electron",6154,1.026206,1.795239,0.206377
145,particle,"Electron",6154,1.151734,6.661483,0.216695
146,particle,"Electron",6154,1.130062,2.874047,0.212972
147,particle,"Electron",6154,1.068485,2.039281,0.20561
148,particle,"Electron",6154,1.339721,15.462399,0.22175
149,particle,"Electron",6154,0.718377,1.011313,0.32419
150,particle,"Electron",6154,1.374507,13.974316,0.202795
151,particle,"Electron",6154,1.43186,12.458143,0.19942
152,particle,"Electron",6154,1.231754,10.689866,0.186725
153,particle,"Electron",6154,1.296231,14.708194,0.203362
154,particle,"Electron",6154,1.051542,1.549434,0.204922
155,particle,"Electron",6154,1.17319,4.739782,0.218683
156,particle,"Electron",6154,1.155948,7.016521,0.19271
157,particle,"Electron",6154,1.327094,12.016041,0.195289
158,particle,"Electron",6154,1.252775,11.816525,0.194978
159,particle,"Electron",6154,1.055192,2.089398,0.192741
160,particle,"Electron",6154,1.107341,8.125742,0.195916
161,particle,"Electron",6154,1.085842,7.804498,0.197554
162,particle,"Electron",6154,1.200022,13.221736,0.184887
163,particle,"Electron",6154,1.115915,10.506662,0.182363
164,particle,"Electron",6154,1.186575,11.284176,0.188138
165,particle,"Electron",6154,1.120259,8.726448,0.18593
166,particle,"Electron",6154,1.131009,8.438321,0.192317
167,particle,"Electron",6154,1.108392,9.490209,0.196118
168,particle,"Electron",6154,1.158113,10.463106,0.18759
169,particle,"Electron",6154,1.089639,9.810433,0.180657
170,particle,"Electron",6154,1.083007,8.18316,0.17929
171,particle,"Electron",6154,0.973155,7.824329,0.19198
172,particle,"Electron",6154,1.102837,8.901151,0.178425
173,particle,"Electron",6154,0.973095,2.744916,0.179722
174,particle,"Electron",6154,0.97895,0.889118,0.179873
175,particle,"Electron",6154,1.092132,9.636475,0.171004
176,particle,"Electron",6154,1.076132,9.002276,0.171647
177,particle,"Electron",6154,1.07718,8.802337,0.172737
178,particle,"Electron",6154,1.082704,9.251972,0.171155
179,particle,"Electron",6154,1.096616,9.415603,0.171592
180,particle,"Electron",6154,1.103154,8.94213,0.169006
181,particle,"Electron",6154,1.082291,8.525711,0.171305
182,particle,"Electron",6154,1.078333,8.01271,0.169807
183,particle,"Electron",6154,1.062597,8.644506,0.173006
184,particle,"Electron",6154,1.077793,8.539757,0.174683
185,particle,"Electron",6154,1.07741,9.00226,0.174131
186,particle,"Electron",6154,1.07899,8.429231,0.178177
187,particle,"Electron",6154,0.956749,4.264647,0.18179
188,particle,"Electron",6154,1.000876,2.161485,0.19987
189,particle,"Electron",6154,0.99839,1.256642,0.193404
190,particle,"Electron",6154,1.071019,9.322021,0.180527
191,particle,"Electron",6154,0.955834,1.083329,0.180434
192,particle,"Electron",6154,0.993041,1.536222,0.193154
193,particle,"Electron",6154,0.986177,0.845282,0.183728
194,particle,"Electron",6154,1.099613,7.232302,0.179081
195,particle,"Electron",6154,1.235398,11.583348,0.180834
196,particle,"Electron",6154,1.164018,11.333634,0.177422
197,particle,"Electron",6154,1.032003,8.394861,0.175539
198,particle,"Electron",6154,1.078812,8.944984,0.188751
199,particle,"Electron",6154,0.990708,8.548973,0.180358
200,particle,"Electron",6154,1.106504,8.959657,0.187696
201,particle,"Electron",6154,1.241543,12.095236,0.175993
202,particle,"Electron",6154,1.189558,11.920829,0.181514
203,particle,"Electron",6154,1.1724,12.178583,0.181099
204,particle,"Electron",6154,1.185133,11.055369,0.180031
205,particle,"Electron",6154,1.183534,12.037379,0.179278
206,particle,"Electron",6154,1.021706,7.289687,0.18293
207,particle,"Electron",6154,1.097141,9.26538,0.168369
208,particle,"Electron",6154,0.984392,1.029406,0.18558
209,particle,"Electron",6154,1.347955,25.120075,0.172336
210,particle,"Electron",6154,0.970176,1.067465,0.177961
211,particle,"Electron",6154,1.19399,10.753985,0.17718
212,particle,"Electron",6154,0.962071,3.395171,0.171175
213,particle,"Electron",6154,0.942671,0.572193,0.168643
214,particle,"Electron",6154,1.14066,10.473559,0.172659
215,particle,"Electron",6154,1.050193,8.19837,0.169148
216,particle,"Electron",6154,1.164618,10.764874,0.172167
217,particle,"Electron",6154,1.013155,5.184005,0.16861
218,particle,"Electron",6154,1.120083,9.686355,0.171064
219,particle,"Electron",6154,1.062179,8.652309,0.164298
220,particle,"Electron",6154,1.08251,9.517581,0.165318
221,particle,"Electron",6154,1.113031,9.130567,0.163789
222,particle,"Electron",6154,1.093053,8.17635,0.170854
223,particle,"Electron",6154,1.066601,8.604639,0.171872
224,particle,"Electron",6154,1.063054,8.958484,0.164383
225,particle,"Electron",6154,1.113389,9.669026,0.165142
226,particle,"Electron",6154,1.044068,8.697024,0.164279
227,particle,"Electron",6154,0.889523,0.942449,0.169298
228,particle,"Electron",6154,1.042107,3.842885,0.169008
229,particle,"Electron",6154,0.950014,0.6281,0.166175
230,particle,"Electron",6154,1.070099,8.817412,0.163872
231,particle,"Electron",6154,1.057541,8.67289,0.16836
232,particle,"Electron",6154,0.965624,3.644867,0.159838
233,particle,"Electron",6154,1.107952,9.518889,0.162987
234,particle,"Electron",6154,1.117851,8.129814,0.169107
235,particle,"Electron",6154,0.95745,0.574601,0.164231
236,particle,"Electron",6154,1.148068,10.41061,0.169765
237,particle,"Electron",6154,1.099086,9.962234,0.163137
238,particle,"Electron",6154,1.153202,10.431597,0.179602
239,particle,"Electron",6154,1.106006,4.054226,0.18715
240,particle,"Electron",6154,1.262077,12.330717,0.17517
241,particle,"Electron",6154,1.123471,4.696089,0.188811
242,particle,"Electron",6154,1.879982,36.182671,0.184189
243,particle,"Electron",6154,1.228057,10.941279,0.18386
244,particle,"Electron",6154,1.414153,13.711268,0.175161
245,particle,"Electron",6154,1.841287,53.838312,0.179228
246,particle,"Electron",6154,1.29262,11.972503,0.178585
247,particle,"Electron",6154,1.455089,32.492501,0.183318
248,particle,"Electron",6154,2.05914,70.700365,0.175583
249,particle,"Electron",6154,1.241424,13.912603,0.173977
250,particle,"Electron",6154,1.294846,12.285321,0.173626
251,particle,"Electron",6154,1.238717,16.001251,0.205526
252,particle,"Electron",6154,1.296054,21.100726,0.196398
253,particle,"Electron",6154,1.077053,9.050137,0.180722
254,particle,"Electron",6154,1.546221,39.318504,0.186988
255,particle,"Electron",6154,0.9336,5.137129,0.190316
256,particle,"Electron",6154,0.936738,2.818628,0.18951
257,particle,"Electron",6154,1.939482,74.767123,0.186107
258,particle,"Electron",6154,1.304299,12.164193,0.174689
259,particle,"Electron",6154,1.386541,13.8762,0.179934
260,particle,"Electron",6154,1.077503,10.141945,0.176028
261,particle,"Electron",6154,1.905501,65.923708,0.178599
262,particle,"Electron",6154,1.787478,54.115713,0.184137
263,particle,"Electron",6154,2.271812,60.728586,0.185753
264,particle,"Electron",6154,1.746334,40.207786,0.189793
265,particle,"Electron",6154,1.134875,10.315564,0.185736
266,particle,"Electron",6154,1.670975,51.041932,0.180006
267,particle,"Electron",6154,2.585287,77.94036,0.190474
268,particle,"Electron",6154,2.127605,74.617236,0.176462
269,particle,"Electron",6154,2.590297,89.848569,0.192286
270,particle,"Electron",6154,1.046139,9.079763,0.183943
271,particle,"Electron",6154,1.531674,36.306195,0.177889
272,particle,"Electron",6154,1.669666,39.554906,0.184601
273,particle,"Electron",6154,1.842556,45.843999,0.178436
274,particle,"Electron",6154,1.235139,11.964921,0.191033
275,particle,"Electron",6154,1.112998,10.9716,0.181881
276,particle,"Electron",6154,1.012179,10.334528,0.184369
277,particle,"Electron",6154,0.937782,8.101952,0.1868
278,particle,"Electron",6154,1.239379,13.462442,0.181626
279,particle,"Electron",6154,1.216177,13.012913,0.176143
280,particle,"Electron",6154,1.364997,34.81517,0.178698
281,particle,"Electron",6154,1.651182,42.27959,0.178252
282,particle,"Electron",6154,1.632339,39.164417,0.173823
283,particle,"Electron",6154,1.225238,12.062042,0.17816
284,particle,"Electron",6154,2.959156,102.39739,0.180338
285,particle,"Electron",6154,1.206528,13.823892,0.179233
286,particle,"Electron",6154,2.362796,94.169189,0.176927
287,particle,"Electron",6154,2.45983,93.396009,0.1728
288,particle,"Electron",6154,3.029339,100.223503,0.175597
289,particle,"Electron",6154,1.646319,38.682374,0.172792
290,particle,"Electron",6154,3.258437,109.807474,0.176138
291,particle,"Electron",6154,1.222769,12.529721,0.172702
292,particle,"Electron",6154,1.413325,23.576878,0.172735
293,particle,"Electron",6154,2.217503,57.812422,0.17624
294,particle,"Electron",6154,1.638303,38.750284,0.17781
295,particle,"Electron",6154,1.117591,9.98961,0.178724
296,particle,"Electron",6154,1.186681,10.597055,0.170944
297,particle,"Electron",6154,1.170184,9.719152,0.177238
298,particle,"Electron",6154,1.14201,11.312474,0.174989
299,particle,"Electron",6154,1.112207,8.703044,0.170297
300,particle,"Electron",6154,1.58283,36.808139,0.171899
301,particle,"Electron",6154,1.488183,25.052085,0.164251
302,particle,"Electron",6154,1.320275,16.538273,0.169978
303,particle,"Electron",6154,0.948985,6.77706,0.179613
304,particle,"Electron",6154,1.285254,13.923282,0.171878
305,particle,"Electron",6154,1.689735,47.464327,0.179424
306,particle,"Electron",6154,1.189345,11.133498,0.179413
307,particle,"Electron",6154,1.481442,24.709117,0.18287
308,particle,"Electron",6154,0.964702,7.947287,0.180373
309,particle,"Electron",6154,2.984117,111.457544,0.185443
310,particle,"Electron",6154,1.216061,11.138814,0.169621
311,particle,"Electron",6154,1.630584,37.131061,0.17581
312,particle,"Electron",6154,2.358855,52.728189,0.170946
313,particle,"Electron",6154,1.507301,32.471242,0.168203
314,particle,"Electron",6154,1.307145,13.582822,0.165899
315,particle,"Electron",6154,1.762934,41.283297,0.167758
316,particle,"Electron",6154,1.641165,27.761763,0.171988
317,particle,"Electron",6154,2.123171,47.522461,0.175762
318,particle,"Electron",6154,1.240918,12.419071,0.167182
319,particle,"Electron",6154,1.61354,34.708269,0.175777
320,particle,"Electron",6154,1.610835,27.618171,0.161035
321,particle,"Electron",6154,1.718106,32.697161,0.16111
322,particle,"Electron",6154,2.284876,54.158163,0.176955
323,particle,"Electron",6154,1.188986,10.247976,0.171105
324,particle,"Electron",6154,2.685404,73.406089,0.170713
325,particle,"Electron",6154,1.16616,11.660507,0.165091
326,particle,"Electron",6154,1.380031,24.015397,0.164414
327,particle,"Electron",6154,1.464907,25.281965,0.170248
328,particle,"Electron",6154,1.22689,11.864182,0.176885
329,particle,"Electron",6154,1.675846,33.599119,0.178507
330,particle,"Electron",6154,1.848195,50.784223,0.179643
331,particle,"Electron",6154,2.784468,91.8976,0.179191
332,particle,"Electron",6154,1.059995,10.217333,0.161051
333,particle,"Electron",6154,2.145324,72.081084,0.174098
334,particle,"Electron",6154,1.254518,12.342792,0.171138
335,particle,"Electron",6154,1.32343,17.558122,0.170305
336,particle,"Electron",6154,2.18774,75.991654,0.178357
337,particle,"Electron",6154,1.139617,10.144391,0.171895
338,particle,"Electron",6154,2.118703,46.588835,0.167262
339,particle,"Electron",6154,1.485058,26.249366,0.171431
340,particle,"Electron",6154,1.74678,35.052621,0.17554
341,particle,"Electron",6154,1.181649,12.575388,0.159612
342,particle,"Electron",6154,1.537443,31.837515,0.169289
343,particle,"Electron",6154,1.452299,25.731724,0.168461
344,particle,"Electron",6154,1.082296,9.762325,0.163785
345,particle,"Electron",6154,1.417509,26.051506,0.169751
346,particle,"Electron",6154,1.070089,9.167354,0.167054
347,particle,"Electron",6154,1.716362,42.197895,0.165066
348,particle,"Electron",6154,2.526021,80.699634,0.171606
349,particle,"Electron",6154,2.180815,74.702349,0.178476
350,particle,"Electron",6154,1.095291,10.762762,0.159115
351,particle,"Electron",6154,1.149575,11.375792,0.1631
352,particle,"Electron",6154,1.165038,10.737865,0.163077
353,particle,"Electron",6154,1.432836,25.211777,0.165149
354,particle,"Electron",6154,2.468978,84.220606,0.169886
355,particle,"Electron",6154,1.029944,10.044803,0.169807
356,particle,"Electron",6154,1.189895,12.486373,0.167579
357,particle,"Electron",6154,1.120781,10.848538,0.159668
358,particle,"Electron",6154,1.073813,10.687792,0.169475
359,particle,"Electron",6154,1.118451,13.510355,0.168285
360,particle,"Electron",6154,2.260648,79.237402,0.168473
361,particle,"Electron",6154,1.775809,29.554545,0.171756
362,particle,"Electron",6154,1.224628,12.958944,0.173154
363,particle,"Electron",6154,1.441949,25.140351,0.168564
364,particle,"Electron",6154,1.296878,13.728699,0.171051
365,particle,"Electron",6154,1.355104,13.81974,0.180337
366,particle,"Electron",6154,1.373697,16.839561,0.177507
367,particle,"Electron",6154,1.198356,10.86429,0.17179
368,particle,"Electron",6154,1.502132,26.049046,0.166381
369,particle,"Electron",6154,1.495602,22.350137,0.171748
370,particle,"Electron",6154,1.437541,24.957706,0.170289
371,particle,"Electron",6154,1.497517,25.900505,0.172352
372,particle,"Electron",6154,1.987569,45.078161,0.169884
373,particle,"Electron",6154,1.149887,10.386826,0.171186
374,particle,"Electron",6154,2.358561,69.908664,0.166547
375,particle,"Electron",6154,2.387738,83.52356,0.172354
376,particle,"Electron",6154,1.147536,10.930679,0.168164
377,particle,"Electron",6154,2.175148,50.142584,0.17427
378,particle,"Electron",6154,1.951062,48.297984,0.163023
379,particle,"Electron",6154,1.655923,47.524237,0.167728
380,particle,"Electron",6154,1.28305,14.758833,0.160737
381,particle,"Electron",6154,2.421491,86.983059,0.163281
382,particle,"Electron",6154,2.121795,83.254049,0.173956
383,particle,"Electron",6154,1.679928,34.457437,0.163298
384,particle,"Electron",6154,2.114736,39.400124,0.164171
385,particle,"Electron",6154,1.428669,25.426949,0.159758
386,particle,"Electron",6154,1.184122,11.739684,0.162402
387,particle,"Electron",6154,1.586397,30.755877,0.163795
388,particle,"Electron",6154,2.130362,85.303851,0.169738
389,particle,"Electron",6154,1.388467,25.885493,0.163862
390,particle,"Electron",6154,1.117909,10.778152,0.161242
391,particle,"Electron",6154,1.054233,9.885848,0.167338
392,particle,"Electron",6154,1.44789,23.470658,0.164376
393,particle,"Electron",6154,1.150287,10.975867,0.163063
394,particle,"Electron",6154,1.444789,24.899718,0.161969
395,particle,"Electron",6154,1.84187,48.725211,0.165114
396,particle,"Electron",6154,1.394647,24.065105,0.165216
397,particle,"Electron",6154,1.798954,49.670706,0.170192
398,particle,"Electron",6154,1.426624,27.239684,0.165135
399,particle,"Electron",6154,1.05937,10.510983,0.161918
400,particle,"Electron",6154,1.625287,31.204867,0.163872
401,particle,"Electron",6154,1.873435,52.946946,0.170675
402,particle,"Electron",6154,1.570759,29.262661,0.16032
403,particle,"Electron",6154,1.111891,10.726915,0.170397
404,particle,"Electron",6154,2.168147,60.065074,0.169495
405,particle,"Electron",6154,1.574782,29.08278,0.165686
406,particle,"Electron",6154,1.587268,29.319002,0.163128
407,particle,"Electron",6154,1.50786,28.004508,0.162163
408,particle,"Electron",6154,1.238927,13.430361,0.164172
409,particle,"Electron",6154,1.592849,30.32818,0.162348
410,particle,"Electron",6154,1.468697,24.915555,0.162512
411,particle,"Electron",6154,2.55873,73.326956,0.176751
412,particle,"Electron",6154,2.098251,58.875049,0.167188
413,particle,"Electron",6154,2.180313,57.145373,0.161247
414,particle,"Electron",6154,1.017823,9.048448,0.177781
415,particle,"Electron",6154,1.572352,28.497328,0.163042
416,particle,"Electron",6154,1.723579,52.590691,0.170282
417,particle,"Electron",6154,1.625472,28.369703,0.162851
418,particle,"Electron",6154,1.205428,12.942095,0.163732
419,particle,"Electron",6154,1.432499,18.872576,0.161548
420,particle,"Electron",6154,2.035344,55.811841,0.171915
421,particle,"Electron",6154,1.713033,37.442969,0.160231
422,particle,"Electron",6154,1.165693,29.179855,0.228031
423,particle,"Electron",6154,1.632885,29.130106,0.160292
424,particle,"Electron",6154,1.121711,11.885709,0.165175
425,particle,"Electron",6154,1.109813,10.081702,0.175657
426,particle,"Electron",6154,1.086195,10.700732,0.16132
427,particle,"Electron",6154,2.246967,61.085037,0.165803
428,particle,"Electron",6154,1.539405,27.213517,0.16482
429,particle,"Electron",6154,1.268433,23.52211,0.163282
430,particle,"Electron",6154,1.189007,11.932277,0.167383
431,particle,"Electron",6154,3.60516,112.937826,0.16941
432,particle,"Electron",6154,1.377178,25.912799,0.167696
433,particle,"Electron",6154,1.175825,12.974936,0.162976
434,particle,"Electron",6154,2.383946,64.882166,0.174384
435,particle,"Electron",6154,1.744013,51.435641,0.168261
436,particle,"Electron",6154,1.20519,11.629563,0.168355
437,particle,"Electron",6154,1.024645,4.662172,0.179651
438,particle,"Electron",6154,1.199226,13.152481,0.174909
439,particle,"Electron",6154,1.094935,10.01948,0.165967
440,particle,"Electron",6154,1.776818,35.172997,0.166837
441,particle,"Electron",6154,1.521597,28.684341,0.161417
442,particle,"Electron",6154,1.584932,29.883429,0.171297
443,particle,"Electron",6154,1.607132,29.85083,0.165899
444,particle,"Electron",6154,1.528688,49.194205,0.16819
445,particle,"Electron",6154,1.410523,25.11106,0.176876
446,particle,"Electron",6154,1.179748,12.824442,0.16438
447,particle,"Electron",6154,2.169814,68.974469,0.169516
448,particle,"Electron",6154,1.654672,56.109358,0.170274
449,particle,"Electron",6154,1.417118,21.30483,0.167815
450,particle,"Electron",6154,0.954531,3.78238,0.174144
451,particle,"Electron",6154,1.135678,12.730386,0.177166
452,particle,"Electron",6154,1.559192,29.072279,0.172646
453,particle,"Electron",6154,1.600507,28.825733,0.169067
454,particle,"Electron",6154,1.518243,25.905146,0.17342
455,particle,"Electron",6154,1.317365,17.906507,0.169549
456,particle,"Electron",6154,1.256156,17.76556,0.167856
457,particle,"Electron",6154,1.350388,23.703244,0.168503
458,particle,"Electron",6154,1.704606,40.648457,0.171513
459,particle,"Electron",6154,1.162974,21.87287,0.171014
460,particle,"Electron",6154,1.432814,27.584681,0.181077
461,particle,"Electron",6154,1.785385,54.92524,0.168629
462,particle,"Electron",6154,1.020698,5.80779,0.170698
463,particle,"Electron",6154,1.090271,10.542241,0.163343
464,particle,"Electron",6154,1.069742,10.969026,0.170649
465,particle,"Electron",6154,1.311158,18.358954,0.164712
466,particle,"Electron",6154,1.373206,26.357918,0.16842
467,particle,"Electron",6154,1.898068,48.116576,0.18927
468,particle,"Electron",6154,0.93381,0.552823,0.167685
469,particle,"Electron",6154,1.318127,22.996311,0.169901
470,particle,"Electron",6154,1.302469,14.088922,0.159486
471,particle,"Electron",6154,1.342279,16.896871,0.174765
472,particle,"Electron",6154,1.251274,24.033047,0.173607
473,particle,"Electron",6154,1.207695,13.25258,0.165195
474,particle,"Electron",6154,1.459618,25.11965,0.17504
475,particle,"Electron",6154,1.202029,22.796027,0.169683
476,particle,"Electron",6154,1.489556,25.180904,0.162584
477,particle,"Electron",6154,1.907629,48.039562,0.180387
478,particle,"Electron",6154,1.399298,24.578048,0.160713
479,particle,"Electron",6154,1.327268,24.323981,0.171289
480,particle,"Electron",6154,1.0068,5.202218,0.167313
481,particle,"Electron",6154,1.105492,10.851502,0.165292
482,particle,"Electron",6154,1.484139,27.797188,0.168145
483,particle,"Electron",6154,1.204235,13.262298,0.165109
484,particle,"Electron",6154,1.39704,26.263269,0.172342
485,particle,"Electron",6154,1.353374,25.822728,0.170117
486,particle,"Electron",6154,1.15013,11.690076,0.167288
487,particle,"Electron",6154,1.767178,47.420654,0.175025
488,particle,"Electron",6154,1.095293,11.69621,0.166543
489,particle,"Electron",6154,1.072332,10.651271,0.166259
490,particle,"Electron",6154,1.277164,23.82974,0.179371
491,particle,"Electron",6154,1.28811,18.335054,0.161988
492,particle,"Electron",6154,1.817041,32.569533,0.171121
493,particle,"Electron",6154,2.255686,54.903224,0.166827
494,particle,"Electron",6154,1.400547,26.270527,0.165461
495,particle,"Electron",6154,1.068471,5.639946,0.164048
496,particle,"Electron",6154,1.304411,18.051651,0.166024
497,particle,"Electron",6154,2.141159,54.19569,0.163284
498,particle,"Electron",6154,1.11588,10.874493,0.160523
499,particle,"Electron",6154,1.194201,12.481697,0.164936
0,particle,"Muon",2222,1.466728,6.162134,0.048439
1,particle,"Muon",2222,1.461576,6.113454,0.048314
2,particle,"Muon",2222,0.962506,0.324481,0.052936
3,particle,"Muon",2222,0.949258,0.285683,0.047829
4,particle,"Muon",2222,0.910943,0.242035,0.042844
5,particle,"Muon",2222,0.883209,0.223022,0.029277
6,particle,"Muon",2222,0.926479,0.202342,0.035146
7,particle,"Muon",2222,0.959796,0.2478,0.043298
8,particle,"Muon",2222,0.945299,0.253183,0.02935
9,particle,"Muon",2222,0.980268,0.382313,0.035747
10,particle,"Muon",2222,0.956066,0.299374,0.033634
11,particle,"Muon",2222,0.945644,0.208913,0.037754
12,particle,"Muon",2222,1.005372,0.257668,0.047241
13,particle,"Muon",2222,0.951911,0.24457,0.022749
14,particle,"Muon",2222,0.947325,0.241706,0.021499
15,particle,"Muon",2222,0.971193,0.272105,0.023003
16,particle,"Muon",2222,0.970096,0.252192,0.027176
17,particle,"Muon",2222,1.022299,0.320971,0.024325
18,particle,"Muon",2222,0.947464,0.246857,0.016806
19,particle,"Muon",2222,0.920404,0.193275,0.016237
20,particle,"Muon",2222,0.96373,0.198413,0.018625
21,particle,"Muon",2222,0.935044,0.212858,0.013902
22,particle,"Muon",2222,0.964501,0.24798,0.017989
23,particle,"Muon",2222,0.963881,0.225889,0.01361
24,particle,"Muon",2222,0.933715,0.232515,0.018782
25,particle,"Muon",2222,0.92515,0.229386,0.014376
26,particle,"Muon",2222,0.928169,0.218119,0.014845
27,particle,"Muon",2222,0.960456,0.228575,0.014231
28,particle,"Muon",2222,0.930554,0.236162,0.012651
29,particle,"Muon",2222,0.955845,0.226023,0.012919
30,particle,"Muon",2222,0.985227,0.219502,0.029702
31,particle,"Muon",2222,0.771255,0.290176,0.036883
32,particle,"Muon",2222,0.961354,0.354375,0.052021
33,particle,"Muon",2222,0.949039,0.278217,0.036907
34,particle,"Muon",2222,0.93001,0.538166,0.0455
35,particle,"Muon",2222,0.95311,0.494117,0.058228
36,particle,"Muon",2222,0.898364,0.366272,0.034635
37,particle,"Muon",2222,0.933733,0.434503,0.043831
38,particle,"Muon",2222,1.010258,0.604313,0.03511
39,particle,"Muon",2222,0.963127,0.590961,0.045651
40,particle,"Muon",2222,0.88736,0.497472,0.037508
41,particle,"Muon",2222,0.986715,0.336966,0.050488
42,particle,"Muon",2222,0.962306,0.411466,0.03173
43,particle,"Muon",2222,0.941647,0.456969,0.051897
44,particle,"Muon",2222,0.951315,0.352789,0.048743
45,particle,"Muon",2222,0.986394,0.478013,0.047823
46,particle,"Muon",2222,0.981401,0.418516,0.051396
47,particle,"Muon",2222,0.914939,0.393344,0.05652
48,particle,"Muon",2222,0.882523,0.539809,0.039961
49,particle,"Muon",2222,0.961971,0.423489,0.029624
50,particle,"Muon",2222,0.951035,0.412272,0.026384
51,particle,"Muon",2222,0.972934,0.389674,0.026792
52,particle,"Muon",2222,0.929821,0.389984,0.022481
53,particle,"Muon",2222,0.912111,0.368719,0.017698
54,particle,"Muon",2222,0.940649,0.457805,0.021814
55,particle,"Muon",2222,0.926855,0.338952,0.02128
56,particle,"Muon",2222,0.935575,0.387827,0.021098
57,particle,"Muon",2222,0.8984,0.316911,0.027828
58,particle,"Muon",2222,0.935611,0.339675,0.017798
59,particle,"Muon",2222,0.945036,0.32479,0.019799
60,particle,"Muon",2222,0.905513,0.314336,0.026532
61,particle,"Muon",2222,0.946178,0.377669,0.0178
62,particle,"Muon",2222,0.946723,0.31132,0.020918
63,particle,"Muon",2222,0.955853,0.588565,0.050545
64,particle,"Muon",2222,0.947764,0.400682,0.048626
65,particle,"Muon",2222,0.931241,0.464194,0.045265
66,particle,"Muon",2222,0.936567,0.693251,0.117967
67,particle,"Muon",2222,0.975878,0.751724,0.088302
68,particle,"Muon",2222,0.963698,0.337384,0.053008
69,particle,"Muon",2222,0.955166,0.55261,0.081562
70,particle,"Muon",2222,0.914527,0.579818,0.062372
71,particle,"Muon",2222,0.965706,0.548952,0.088281
72,particle,"Muon",2222,0.952851,0.863717,0.072741
73,particle,"Muon",2222,0.925424,0.475992,0.050631
74,particle,"Muon",2222,0.955745,0.417551,0.057152
75,particle,"Muon",2222,0.95191,0.338717,0.087638
76,particle,"Muon",2222,0.99544,0.472842,0.058122
77,particle,"Muon",2222,0.895213,0.374242,0.056782
78,particle,"Muon",2222,0.903991,0.546127,0.094662
79,particle,"Muon",2222,0.957583,0.622859,0.067792
80,particle,"Muon",2222,0.901969,0.400462,0.100939
81,particle,"Muon",2222,0.9945,0.647363,0.10149
82,particle,"Muon",2222,0.906243,0.471194,0.113289
83,particle,"Muon",2222,0.915116,0.478443,0.109843
84,particle,"Muon",2222,0.916018,0.436269,0.097821
85,particle,"Muon",2222,0.95231,0.400062,0.100034
86,particle,"Muon",2222,0.990417,0.845364,0.114938
87,particle,"Muon",2222,0.938769,0.705996,0.102312
88,particle,"Muon",2222,0.910442,0.432577,0.09808
89,particle,"Muon",2222,0.908089,0.379772,0.092845
90,particle,"Muon",2222,0.907306,0.349802,0.092541
91,particle,"Muon",2222,0.956744,0.374984,0.078903
92,particle,"Muon",2222,0.963051,0.440456,0.08244
93,particle,"Muon",2222,0.956796,0.45004,0.07483
94,particle,"Muon",2222,0.933322,0.515523,0.071264
95,particle,"Muon",2222,0.929824,0.53477,0.064329
96,particle,"Muon",2222,0.971875,0.455868,0.068301
97,particle,"Muon",2222,0.914548,0.462891,0.068209
98,particle,"Muon",2222,0.935506,0.522797,0.069147
99,particle,"Muon",2222,0.943447,0.544066,0.066141
100,particle,"Muon",2222,0.878339,0.450209,0.11706
101,particle,"Muon",2222,0.895902,0.67494,0.099394
102,particle,"Muon",2222,0.826363,0.412256,0.09192
103,particle,"Muon",2222,0.97687,0.849892,0.087835
104,particle,"Muon",2222,0.936034,0.652995,0.073607
105,particle,"Muon",2222,1.004475,0.566212,0.103262
106,particle,"Muon",2222,0.967752,0.371329,0.088455
107,particle,"Muon",2222,0.940565,0.370548,0.079943
108,particle,"Muon",2222,0.893518,0.362682,0.062381
109,particle,"Muon",2222,0.870121,0.332109,0.070185
110,particle,"Muon",2222,0.925523,0.383257,0.066501
111,particle,"Muon",2222,0.956183,0.415927,0.086261
112,particle,"Muon",2222,0.914778,0.639568,0.115369
113,particle,"Muon",2222,0.992535,2.34083,0.076543
114,particle,"Muon",2222,0.911578,0.384824,0.070368
115,particle,"Muon",2222,0.901719,0.457323,0.071383
116,particle,"Muon",2222,0.93925,0.423893,0.076815
117,particle,"Muon",2222,0.921682,0.342727,0.066094
118,particle,"Muon",2222,0.837545,0.457734,0.100988
119,particle,"Muon",2222,0.995088,0.445868,0.079731
120,particle,"Muon",2222,0.865875,0.371018,0.083816
121,particle,"Muon",2222,0.900113,0.545516,0.069899
122,particle,"Muon",2222,0.922079,0.328249,0.060812
123,particle,"Muon",2222,0.87788,0.442602,0.04865
124,particle,"Muon",2222,0.970185,0.450058,0.054955
125,particle,"Muon",2222,0.899133,0.404538,0.060976
126,particle,"Muon",2222,0.863328,0.42411,0.062191
127,particle,"Muon",2222,0.932374,0.471412,0.092428
128,particle,"Muon",2222,0.933818,0.447461,0.069671
129,particle,"Muon",2222,0.790742,0.955511,0.094023
130,particle,"Muon",2222,1.018776,6.53271,0.062095
131,particle,"Muon",2222,0.879387,0.353073,0.070961
132,particle,"Muon",2222,0.957098,0.963112,0.060015
133,particle,"Muon",2222,0.901241,0.888939,0.059678
134,particle,"Muon",2222,0.868199,2.173955,0.108717
135,particle,"Muon",2222,0.853749,0.344407,0.058929
136,particle,"Muon",2222,0.858366,1.878951,0.07428
137,particle,"Muon",2222,0.912531,2.580487,0.05922
138,particle,"Muon",2222,0.94937,1.836668,0.049681
139,particle,"Muon",2222,0.934576,2.941188,0.058122
140,particle,"Muon",2222,0.911887,0.427323,0.056512
141,particle,"Muon",2222,0.918761,4.372785,0.075179
142,particle,"Muon",2222,1.003717,3.408376,0.076429
143,particle,"Muon",2222,0.821909,0.326062,0.082999
144,particle,"Muon",2222,1.003363,2.74921,0.058535
145,particle,"Muon",2222,0.873605,0.33783,0.089785
146,particle,"Muon",2222,0.921453,0.382301,0.074667
147,particle,"Muon",2222,0.894744,0.301127,0.084468
148,particle,"Muon",2222,0.931088,0.319533,0.084528
149,particle,"Muon",2222,0.413797,0.34721,0.048005
150,particle,"Muon",2222,0.937865,0.837616,0.076042
151,particle,"Muon",2222,0.964034,0.342528,0.059812
152,particle,"Muon",2222,0.876578,0.277815,0.04403
153,particle,"Muon",2222,0.811756,0.288014,0.092358
154,particle,"Muon",2222,0.887063,0.32373,0.081251
155,particle,"Muon",2222,0.956511,0.366516,0.113106
156,particle,"Muon",2222,0.931476,0.359717,0.065425
157,particle,"Muon",2222,0.941311,0.376936,0.060939
158,particle,"Muon",2222,0.895269,0.293028,0.064928
159,particle,"Muon",2222,0.873714,0.332308,0.066984
160,particle,"Muon",2222,0.843124,0.301589,0.062412
161,particle,"Muon",2222,0.874306,0.30483,0.073452
162,particle,"Muon",2222,0.866813,0.312314,0.069394
163,particle,"Muon",2222,0.897206,0.307874,0.061243
164,particle,"Muon",2222,0.910224,0.306517,0.081477
165,particle,"Muon",2222,0.997241,3.358609,0.071102
166,particle,"Muon",2222,0.960244,0.329818,0.073667
167,particle,"Muon",2222,0.858362,0.344635,0.085465
168,particle,"Muon",2222,0.895268,0.342677,0.060087
169,particle,"Muon",2222,0.859318,0.29904,0.059832
170,particle,"Muon",2222,0.882871,0.301186,0.061463
171,particle,"Muon",2222,0.795038,0.320065,0.075699
172,particle,"Muon",2222,0.930166,0.299624,0.04566
173,particle,"Muon",2222,0.855963,0.308335,0.043137
174,particle,"Muon",2222,0.910971,0.292889,0.042984
175,particle,"Muon",2222,0.906962,0.249037,0.043849
176,particle,"Muon",2222,0.89698,0.279026,0.035716
177,particle,"Muon",2222,0.900529,0.26321,0.037903
178,particle,"Muon",2222,0.898373,0.252936,0.045273
179,particle,"Muon",2222,0.925201,0.258242,0.034734
180,particle,"Muon",2222,0.940736,0.256468,0.037703
181,particle,"Muon",2222,0.911489,0.265853,0.034244
182,particle,"Muon",2222,0.923655,0.257549,0.043873
183,particle,"Muon",2222,0.871881,0.268421,0.046879
184,particle,"Muon",2222,0.907157,0.284594,0.03379
185,particle,"Muon",2222,0.904247,0.267387,0.03925
186,particle,"Muon",2222,0.912664,0.292337,0.040211
187,particle,"Muon",2222,0.822888,0.242157,0.051703
188,particle,"Muon",2222,0.881677,0.330583,0.053508
189,particle,"Muon",2222,0.841961,0.353913,0.071284
190,particle,"Muon",2222,0.847237,0.26261,0.059122
191,particle,"Muon",2222,0.877257,0.262651,0.044285
192,particle,"Muon",2222,0.926288,0.300761,0.053983
193,particle,"Muon",2222,0.942016,0.304499,0.057385
194,particle,"Muon",2222,0.918259,0.280137,0.051868
195,particle,"Muon",2222,0.957354,0.305129,0.054163
196,particle,"Muon",2222,0.788156,0.296763,0.055486
197,particle,"Muon",2222,0.850409,0.324066,0.061202
198,particle,"Muon",2222,0.900187,0.337897,0.07341
199,particle,"Muon",2222,0.783174,0.257201,0.056164
200,particle,"Muon",2222,0.90847,0.297194,0.061181
201,particle,"Muon",2222,0.938213,0.271698,0.053272
202,particle,"Muon",2222,0.944066,0.240053,0.06219
203,particle,"Muon",2222,0.832678,0.276418,0.051164
204,particle,"Muon",2222,0.951369,0.256865,0.046273
205,particle,"Muon",2222,0.928988,0.264217,0.047126
206,particle,"Muon",2222,0.758344,0.271959,0.057807
207,particle,"Muon",2222,0.909041,0.249463,0.032938
208,particle,"Muon",2222,0.902313,0.267856,0.063621
209,particle,"Muon",2222,0.89205,0.251508,0.041538
210,particle,"Muon",2222,0.896255,0.285073,0.04136
211,particle,"Muon",2222,0.920034,0.274606,0.039393
212,particle,"Muon",2222,0.840404,0.259083,0.039189
213,particle,"Muon",2222,0.914636,0.254024,0.041162
214,particle,"Muon",2222,0.921005,0.257254,0.038337
215,particle,"Muon",2222,0.899836,0.255183,0.053752
216,particle,"Muon",2222,0.908516,0.264692,0.045189
217,particle,"Muon",2222,0.864334,0.250746,0.038202
218,particle,"Muon",2222,0.932545,0.235448,0.029468
219,particle,"Muon",2222,0.910876,0.225864,0.035826
220,particle,"Muon",2222,0.917756,0.225349,0.033934
221,particle,"Muon",2222,0.929632,0.230963,0.040406
222,particle,"Muon",2222,0.94654,0.250433,0.039684
223,particle,"Muon",2222,0.911155,0.237179,0.030544
224,particle,"Muon",2222,0.909667,0.230411,0.029725
225,particle,"Muon",2222,0.906575,0.224492,0.031874
226,particle,"Muon",2222,0.880156,0.237573,0.033769
227,particle,"Muon",2222,0.79814,0.226336,0.046477
228,particle,"Muon",2222,0.946808,0.24094,0.035651
229,particle,"Muon",2222,0.902725,0.232611,0.033738
230,particle,"Muon",2222,0.859828,0.236597,0.035772
231,particle,"Muon",2222,0.853778,0.232499,0.035796
232,particle,"Muon",2222,0.875969,0.225032,0.030914
233,particle,"Muon",2222,0.910703,0.22793,0.033086
234,particle,"Muon",2222,0.938615,0.235754,0.031797
235,particle,"Muon",2222,0.943058,0.234564,0.029534
236,particle,"Muon",2222,0.931182,0.233105,0.028289
237,particle,"Muon",2222,0.894898,0.231729,0.031409
238,particle,"Muon",2222,0.912562,0.25156,0.032545
239,particle,"Muon",2222,0.887473,0.213561,0.06309
240,particle,"Muon",2222,0.969551,0.251813,0.046859
241,particle,"Muon",2222,0.907337,0.259034,0.046226
242,particle,"Muon",2222,0.931902,0.429053,0.050551
243,particle,"Muon",2222,1.269758,9.535197,0.035021
244,particle,"Muon",2222,1.159162,8.047177,0.037938
245,particle,"Muon",2222,0.826788,0.250875,0.053682
246,particle,"Muon",2222,0.990132,4.591474,0.045426
247,particle,"Muon",2222,0.902573,0.273509,0.050671
248,particle,"Muon",2222,0.843935,0.253316,0.040403
249,particle,"Muon",2222,0.844672,0.244992,0.041157
250,particle,"Muon",2222,0.869918,0.266143,0.037284
251,particle,"Muon",2222,0.71214,1.118733,0.050224
252,particle,"Muon",2222,0.746461,0.23804,0.078006
253,particle,"Muon",2222,0.911375,1.963526,0.056079
254,particle,"Muon",2222,0.793695,0.282036,0.057816
255,particle,"Muon",2222,0.752398,0.775812,0.045627
256,particle,"Muon",2222,0.784178,0.249237,0.052487
257,particle,"Muon",2222,0.84467,0.27107,0.047781
258,particle,"Muon",2222,0.865569,0.221177,0.040021
259,particle,"Muon",2222,0.973828,3.056675,0.052344
260,particle,"Muon",2222,0.890332,3.166334,0.047883
261,particle,"Muon",2222,0.896657,0.251219,0.041352
262,particle,"Muon",2222,0.915294,0.253853,0.03949
263,particle,"Muon",2222,0.842215,0.243916,0.047655
264,particle,"Muon",2222,0.788189,0.238853,0.03188
265,particle,"Muon",2222,0.853791,0.24967,0.040515
266,particle,"Muon",2222,0.984563,3.369882,0.044646
267,particle,"Muon",2222,0.850599,0.268043,0.069131
268,particle,"Muon",2222,0.888233,0.2501,0.06109
269,particle,"Muon",2222,0.824872,0.26777,0.068775
270,particle,"Muon",2222,0.920584,2.660499,0.062892
271,particle,"Muon",2222,0.890445,0.779425,0.080493
272,particle,"Muon",2222,1.014599,3.449231,0.05846
273,particle,"Muon",2222,0.88778,0.248111,0.05533
274,particle,"Muon",2222,0.894112,0.263063,0.076654
275,particle,"Muon",2222,0.861198,0.259017,0.074988
276,particle,"Muon",2222,0.800543,0.238937,0.078969
277,particle,"Muon",2222,0.755123,1.217368,0.063123
278,particle,"Muon",2222,0.852812,0.238599,0.089771
279,particle,"Muon",2222,0.885609,0.766865,0.078667
280,particle,"Muon",2222,0.890426,5.541611,0.049099
281,particle,"Muon",2222,1.116416,7.264528,0.073317
282,particle,"Muon",2222,0.922601,1.411209,0.073859
283,particle,"Muon",2222,0.918417,1.293502,0.067831
284,particle,"Muon",2222,0.894193,0.244717,0.070131
285,particle,"Muon",2222,0.946738,1.44535,0.082469
286,particle,"Muon",2222,0.908449,0.230232,0.058283
287,particle,"Muon",2222,0.936174,0.232558,0.061482
288,particle,"Muon",2222,0.829952,0.235903,0.070661
289,particle,"Muon",2222,0.899529,0.232691,0.064179
290,particle,"Muon",2222,0.861846,0.253618,0.075698
291,particle,"Muon",2222,0.907023,0.229971,0.066692
292,particle,"Muon",2222,0.91847,0.227427,0.049445
293,particle,"Muon",2222,0.883145,0.231273,0.061869
294,particle,"Muon",2222,1.006763,6.374931,0.076947
295,particle,"Muon",2222,0.912023,0.252261,0.053653
296,particle,"Muon",2222,0.958878,0.357813,0.044039
297,particle,"Muon",2222,0.887085,0.253952,0.059374
298,particle,"Muon",2222,0.943502,0.264641,0.052555
299,particle,"Muon",2222,0.80342,0.262631,0.060031
300,particle,"Muon",2222,0.956015,4.647772,0.05767
301,particle,"Muon",2222,0.99218,3.371104,0.042564
302,particle,"Muon",2222,0.899576,0.236968,0.047108
303,particle,"Muon",2222,0.741581,0.253872,0.037726
304,particle,"Muon",2222,0.924731,0.227204,0.041346
305,particle,"Muon",2222,1.188932,11.529753,0.062208
306,particle,"Muon",2222,1.047258,6.088154,0.055668
307,particle,"Muon",2222,0.942558,0.544669,0.043818
308,particle,"Muon",2222,0.736092,0.295917,0.040208
309,particle,"Muon",2222,0.965404,0.25398,0.037437
310,particle,"Muon",2222,1.189466,13.160202,0.03142
311,particle,"Muon",2222,1.118559,10.102505,0.056375
312,particle,"Muon",2222,1.211116,11.961833,0.033082
313,particle,"Muon",2222,0.943299,3.974977,0.034622
314,particle,"Muon",2222,0.892221,0.248791,0.048232
315,particle,"Muon",2222,1.208887,13.014223,0.032988
316,particle,"Muon",2222,0.981768,1.590742,0.035699
317,particle,"Muon",2222,1.265397,12.766771,0.038171
318,particle,"Muon",2222,0.934609,1.294305,0.038229
319,particle,"Muon",2222,0.950726,1.209097,0.042761
320,particle,"Muon",2222,0.906533,0.215756,0.032522
321,particle,"Muon",2222,0.962811,3.467951,0.025676
322,particle,"Muon",2222,0.88274,0.301542,0.049201
323,particle,"Muon",2222,0.93869,0.228819,0.028651
324,particle,"Muon",2222,0.917239,3.068721,0.032494
325,particle,"Muon",2222,0.77443,0.216086,0.024532
326,particle,"Muon",2222,0.845348,0.249834,0.029415
327,particle,"Muon",2222,0.978671,2.363266,0.032438
328,particle,"Muon",2222,0.8993,3.984713,0.030456
329,particle,"Muon",2222,0.829762,0.225856,0.034075
330,particle,"Muon",2222,0.872766,0.22112,0.043024
331,particle,"Muon",2222,0.866182,1.625054,0.050898
332,particle,"Muon",2222,0.918885,5.167889,0.030681
333,particle,"Muon",2222,0.889276,1.602208,0.037535
334,particle,"Muon",2222,0.915931,3.608923,0.034586
335,particle,"Muon",2222,0.889858,1.656082,0.035256
336,particle,"Muon",2222,0.854915,0.230559,0.049499
337,particle,"Muon",2222,0.936932,1.603445,0.031189
338,particle,"Muon",2222,1.044868,6.109181,0.026824
339,particle,"Muon",2222,0.914494,1.431878,0.033544
340,particle,"Muon",2222,0.911198,1.513237,0.039185
341,particle,"Muon",2222,0.923002,1.622848,0.028405
342,particle,"Muon",2222,0.8761,1.558345,0.036031
343,particle,"Muon",2222,1.166743,13.515745,0.028462
344,particle,"Muon",2222,0.831254,0.257272,0.029517
345,particle,"Muon",2222,1.131995,6.879093,0.027172
346,particle,"Muon",2222,0.908002,1.705977,0.030186
347,particle,"Muon",2222,0.88232,0.260633,0.02675
348,particle,"Muon",2222,0.858892,1.242202,0.037351
349,particle,"Muon",2222,0.92797,3.001339,0.046502
350,particle,"Muon",2222,0.895055,1.371922,0.028601
351,particle,"Muon",2222,0.918497,1.383531,0.025034
352,particle,"Muon",2222,0.970992,5.319657,0.026883
353,particle,"Muon",2222,1.200816,13.57936,0.02892
354,particle,"Muon",2222,1.002217,5.599237,0.034863
355,particle,"Muon",2222,0.814744,1.652435,0.033402
356,particle,"Muon",2222,0.815749,0.220077,0.033475
357,particle,"Muon",2222,1.085865,9.033861,0.028205
358,particle,"Muon",2222,1.184747,11.946002,0.023994
359,particle,"Muon",2222,1.100739,11.640851,0.034712
360,particle,"Muon",2222,0.862468,1.470393,0.026562
361,particle,"Muon",2222,0.801123,0.228306,0.032111
362,particle,"Muon",2222,1.075578,5.485487,0.027693
363,particle,"Muon",2222,0.85942,0.249703,0.025966
364,particle,"Muon",2222,1.016609,4.5388,0.031045
365,particle,"Muon",2222,0.905678,0.301607,0.02952
366,particle,"Muon",2222,0.90061,0.316677,0.03112
367,particle,"Muon",2222,0.991394,3.267366,0.028265
368,particle,"Muon",2222,0.85314,0.222821,0.023124
369,particle,"Muon",2222,0.909936,0.346703,0.03014
370,particle,"Muon",2222,0.866474,1.556412,0.027803
371,particle,"Muon",2222,0.926203,0.279029,0.022599
372,particle,"Muon",2222,0.961257,1.683424,0.025331
373,particle,"Muon",2222,0.929535,0.289821,0.02545
374,particle,"Muon",2222,0.925494,0.223462,0.023779
375,particle,"Muon",2222,0.965483,1.277015,0.028266
376,particle,"Muon",2222,0.889792,0.234932,0.036823
377,particle,"Muon",2222,0.861282,0.211738,0.033124
378,particle,"Muon",2222,0.98416,3.639394,0.02698
379,particle,"Muon",2222,0.992466,4.948628,0.030956
380,particle,"Muon",2222,0.885965,0.215613,0.027588
381,particle,"Muon",2222,0.952886,3.657815,0.030994
382,particle,"Muon",2222,0.882083,0.213993,0.031526
383,particle,"Muon",2222,0.856012,0.212899,0.032315
384,particle,"Muon",2222,0.903308,0.232574,0.031388
385,particle,"Muon",2222,0.868116,0.210533,0.034225
386,particle,"Muon",2222,0.917964,0.217682,0.031876
387,particle,"Muon",2222,0.788691,0.210897,0.028004
388,particle,"Muon",2222,1.047703,6.240045,0.029804
389,particle,"Muon",2222,0.877392,0.20537,0.032879
390,particle,"Muon",2222,0.898913,1.481772,0.030191
391,particle,"Muon",2222,0.891711,0.21359,0.028276
392,particle,"Muon",2222,0.924227,0.262205,0.032651
393,particle,"Muon",2222,0.923884,0.20876,0.027295
394,particle,"Muon",2222,0.972815,3.577602,0.027655
395,particle,"Muon",2222,0.968628,4.715211,0.027541
396,particle,"Muon",2222,0.823339,0.198504,0.026942
397,particle,"Muon",2222,0.940465,3.422474,0.034101
398,particle,"Muon",2222,0.93029,0.21094,0.02858
399,particle,"Muon",2222,0.78654,0.19573,0.025271
400,particle,"Muon",2222,0.933758,0.232683,0.025885
401,particle,"Muon",2222,1.046063,4.401095,0.026905
402,particle,"Muon",2222,0.852875,0.202982,0.025759
403,particle,"Muon",2222,0.964475,2.915193,0.028941
404,particle,"Muon",2222,0.910482,0.211787,0.025502
405,particle,"Muon",2222,0.919195,0.227186,0.022233
406,particle,"Muon",2222,0.913809,0.207508,0.023061
407,particle,"Muon",2222,0.850494,0.20244,0.02734
408,particle,"Muon",2222,0.928714,0.215132,0.023201
409,particle,"Muon",2222,1.026783,4.258948,0.025047
410,particle,"Muon",2222,0.91184,0.21042,0.025298
411,particle,"Muon",2222,0.91663,0.216864,0.032359
412,particle,"Muon",2222,0.893996,0.20723,0.026749
413,particle,"Muon",2222,0.868895,0.195771,0.025215
414,particle,"Muon",2222,0.858434,0.212039,0.035531
415,particle,"Muon",2222,0.854293,0.200989,0.025982
416,particle,"Muon",2222,0.853538,0.202029,0.02905
417,particle,"Muon",2222,0.904683,0.206883,0.024741
418,particle,"Muon",2222,0.909741,0.212991,0.021916
419,particle,"Muon",2222,0.898892,0.202271,0.02382
420,particle,"Muon",2222,0.925462,0.219947,0.023913
421,particle,"Muon",2222,0.911594,0.227037,0.022762
422,particle,"Muon",2222,0.520047,0.214278,0.021206
423,particle,"Muon",2222,0.910104,0.20658,0.025401
424,particle,"Muon",2222,0.867461,0.197033,0.025132
425,particle,"Muon",2222,0.935625,0.226934,0.024856
426,particle,"Muon",2222,0.902962,0.208596,0.024756
427,particle,"Muon",2222,0.99619,3.642339,0.023256
428,particle,"Muon",2222,0.885806,0.21425,0.028333
429,particle,"Muon",2222,0.863798,0.21365,0.02909
430,particle,"Muon",2222,0.996278,3.84609,0.030068
431,particle,"Muon",2222,0.919483,0.22529,0.027448
432,particle,"Muon",2222,0.889593,0.233021,0.028781
433,particle,"Muon",2222,0.869099,0.227558,0.027951
434,particle,"Muon",2222,0.993972,3.945867,0.030078
435,particle,"Muon",2222,0.869551,0.219436,0.029924
436,particle,"Muon",2222,0.929864,0.227601,0.030914
437,particle,"Muon",2222,0.913998,0.225216,0.027927
438,particle,"Muon",2222,0.913327,0.244,0.030857
439,particle,"Muon",2222,0.872814,0.241203,0.030022
440,particle,"Muon",2222,0.865713,0.202172,0.025605
441,particle,"Muon",2222,0.868124,0.22637,0.026186
442,particle,"Muon",2222,0.869458,0.198366,0.025432
443,particle,"Muon",2222,0.8838,0.21325,0.028442
444,particle,"Muon",2222,0.860095,0.206202,0.031002
445,particle,"Muon",2222,0.905616,0.272969,0.033442
446,particle,"Muon",2222,1.03107,4.414388,0.027479
447,particle,"Muon",2222,1.191268,12.77669,0.029851
448,particle,"Muon",2222,0.845905,0.202035,0.033893
449,particle,"Muon",2222,1.150216,7.787607,0.02465
450,particle,"Muon",2222,0.854539,0.211239,0.045667
451,particle,"Muon",2222,1.029382,8.549569,0.045917
452,particle,"Muon",2222,1.125058,11.029073,0.03285
453,particle,"Muon",2222,1.027338,4.254442,0.022278
454,particle,"Muon",2222,0.880334,0.4427,0.030572
455,particle,"Muon",2222,0.897193,0.213899,0.024603
456,particle,"Muon",2222,0.897223,0.202771,0.023125
457,particle,"Muon",2222,0.907598,1.552908,0.024101
458,particle,"Muon",2222,1.036173,4.689446,0.027838
459,particle,"Muon",2222,0.797833,0.202942,0.026246
460,particle,"Muon",2222,0.912515,3.994367,0.03399
461,particle,"Muon",2222,0.934757,0.214892,0.028299
462,particle,"Muon",2222,0.948983,1.840267,0.026211
463,particle,"Muon",2222,1.139773,7.526666,0.024722
464,particle,"Muon",2222,0.869046,0.205564,0.028656
465,particle,"Muon",2222,1.034207,4.788185,0.028865
466,particle,"Muon",2222,0.9451,1.594056,0.033315
467,particle,"Muon",2222,0.771762,0.20878,0.051378
468,particle,"Muon",2222,0.960876,1.582966,0.031468
469,particle,"Muon",2222,0.92723,0.208919,0.03208
470,particle,"Muon",2222,0.899632,0.213319,0.030208
471,particle,"Muon",2222,0.97281,1.699205,0.028197
472,particle,"Muon",2222,0.843209,0.208741,0.041595
473,particle,"Muon",2222,1.028914,4.304092,0.032917
474,particle,"Muon",2222,0.897752,0.210557,0.042863
475,particle,"Muon",2222,0.875515,1.546932,0.038809
476,particle,"Muon",2222,1.018081,4.63907,0.025062
477,particle,"Muon",2222,0.970093,4.45595,0.045541
478,particle,"Muon",2222,0.938711,1.424017,0.021939
479,particle,"Muon",2222,0.865217,1.698792,0.037805
480,particle,"Muon",2222,0.87633,0.202146,0.033104
481,particle,"Muon",2222,0.928595,0.211033,0.024581
482,particle,"Muon",2222,0.931669,0.212392,0.030184
483,particle,"Muon",2222,0.842712,0.199478,0.026351
484,particle,"Muon",2222,0.874834,0.204889,0.037978
485,particle,"Muon",2222,1.000078,5.676006,0.034113
486,particle,"Muon",2222,0.924099,0.207762,0.028541
487,particle,"Muon",2222,0.830694,0.200163,0.038671
488,particle,"Muon",2222,0.952968,4.272913,0.034758
489,particle,"Muon",2222,0.891405,0.206953,0.028314
490,particle,"Muon",2222,1.05862,9.673405,0.047983
491,particle,"Muon",2222,0.969361,1.585447,0.022048
492,particle,"Muon",2222,0.897797,0.214283,0.033173
493,particle,"Muon",2222,0.898507,0.206637,0.031133
494,particle,"Muon",2222,1.290063,11.54838,0.029722
495,particle,"Muon",2222,0.955558,1.643357,0.025327
496,particle,"Muon",2222,0.910551,0.20972,0.028764
497,particle,"Muon",2222,0.91173,0.211477,0.031607
498,particle,"Muon",2222,0.907475,0.209713,0.027973
499,particle,"Muon",2222,0.91588,0.210256,0.026388
