Epoch 0
Pretraining energy response (E_pred / E_true) by true-energy bin:
  1-50 GeV: n=40292 Mean=3.083280 Std=3.829918 RMS90=2.459378
  50-150 GeV: n=23832 Mean=1.254671 Std=1.518438 RMS90=0.953766
  >150 GeV: n=68 Mean=1.113493 Std=1.436512 RMS90=0.876856
Pretraining energy response by particle species:
  Neutron: n=13032 Mean=1.970437 Std=1.663247 RMS90=0.987759
  K0: n=11955 Mean=2.266050 Std=1.940966 RMS90=1.169726
  Photon: n=19748 Mean=11.599363 Std=16.265699 RMS90=5.406833
  Pion: n=21287 Mean=1.527475 Std=3.685461 RMS90=1.538225
  Electron: n=6154 Mean=5.451878 Std=8.143075 RMS90=4.900811
  Muon: n=2222 Mean=0.656599 Std=3.126674 RMS90=0.006509

Epoch 1
Pretraining energy response (E_pred / E_true) by true-energy bin:
  1-50 GeV: n=40292 Mean=2.820812 Std=3.224291 RMS90=2.145903
  50-150 GeV: n=23832 Mean=1.415382 Std=1.435979 RMS90=1.142282
  >150 GeV: n=68 Mean=1.282990 Std=1.346543 RMS90=1.172364
Pretraining energy response by particle species:
  Neutron: n=13032 Mean=2.128649 Std=1.363008 RMS90=0.937676
  K0: n=11955 Mean=2.524943 Std=1.680763 RMS90=1.110943
  Photon: n=19748 Mean=9.344953 Std=16.022821 RMS90=3.302066
  Pion: n=21287 Mean=1.161523 Std=2.908437 RMS90=1.078402
  Electron: n=6154 Mean=4.415659 Std=6.792933 RMS90=3.697026
  Muon: n=2222 Mean=0.466119 Std=2.456842 RMS90=0.020320

Epoch 2
Pretraining energy response (E_pred / E_true) by true-energy bin:
  1-50 GeV: n=40292 Mean=0.903470 Std=0.776415 RMS90=0.238707
  50-150 GeV: n=23832 Mean=0.796749 Std=0.143296 RMS90=0.082978
  >150 GeV: n=68 Mean=0.833044 Std=0.121678 RMS90=0.095243
Pretraining energy response by particle species:
  Neutron: n=13032 Mean=0.629541 Std=0.209325 RMS90=0.130576
  K0: n=11955 Mean=0.710776 Std=0.157682 RMS90=0.092219
  Photon: n=19748 Mean=1.182765 Std=2.102561 RMS90=0.268479
  Pion: n=21287 Mean=1.129792 Std=1.194709 RMS90=0.202334
  Electron: n=6154 Mean=1.317019 Std=3.274410 RMS90=0.280548
  Muon: n=2222 Mean=0.983660 Std=0.839644 RMS90=0.068671

Epoch 3
Pretraining energy response (E_pred / E_true) by true-energy bin:
  1-50 GeV: n=40292 Mean=0.830442 Std=0.438638 RMS90=0.191003
  50-150 GeV: n=23832 Mean=0.877642 Std=0.139659 RMS90=0.067035
  >150 GeV: n=68 Mean=0.893197 Std=0.093428 RMS90=0.063409
Pretraining energy response by particle species:
  Neutron: n=13032 Mean=0.747738 Std=0.234879 RMS90=0.125845
  K0: n=11955 Mean=0.845034 Std=0.183401 RMS90=0.094714
  Photon: n=19748 Mean=1.312152 Std=3.118406 RMS90=0.260874
  Pion: n=21287 Mean=0.879592 Std=0.504087 RMS90=0.197312
  Electron: n=6154 Mean=1.146536 Std=2.142062 RMS90=0.255891
  Muon: n=2222 Mean=0.902208 Std=0.347449 RMS90=0.108366

Epoch 4
Pretraining energy response (E_pred / E_true) by true-energy bin:
  1-50 GeV: n=40292 Mean=0.923917 Std=0.343880 RMS90=0.217864
  50-150 GeV: n=23832 Mean=0.944024 Std=0.146255 RMS90=0.079020
  >150 GeV: n=68 Mean=0.932475 Std=0.085354 RMS90=0.064689
Pretraining energy response by particle species:
  Neutron: n=13032 Mean=0.869433 Std=0.276457 RMS90=0.153050
  K0: n=11955 Mean=0.988815 Std=0.211013 RMS90=0.109788
  Photon: n=19748 Mean=1.525141 Std=2.932124 RMS90=0.332014
  Pion: n=21287 Mean=0.909957 Std=0.369859 RMS90=0.179189
  Electron: n=6154 Mean=1.174813 Std=1.289118 RMS90=0.301261
  Muon: n=2222 Mean=0.920797 Std=0.399480 RMS90=0.058349

Epoch 5
Pretraining energy response (E_pred / E_true) by true-energy bin:
  1-50 GeV: n=40292 Mean=0.840241 Std=0.330160 RMS90=0.169019
  50-150 GeV: n=23832 Mean=0.861445 Std=0.129856 RMS90=0.057127
  >150 GeV: n=68 Mean=0.905671 Std=0.086390 RMS90=0.058723
Pretraining energy response by particle species:
  Neutron: n=13032 Mean=0.769708 Std=0.263304 RMS90=0.140719
  K0: n=11955 Mean=0.873841 Std=0.196164 RMS90=0.102338
  Photon: n=19748 Mean=1.304375 Std=1.790448 RMS90=0.293207
  Pion: n=21287 Mean=0.875097 Std=0.379145 RMS90=0.141666
  Electron: n=6154 Mean=1.212614 Std=4.150573 RMS90=0.247262
  Muon: n=2222 Mean=0.891658 Std=0.327536 RMS90=0.042955

Epoch 6
Pretraining energy response (E_pred / E_true) by true-energy bin:
  1-50 GeV: n=40292 Mean=0.873135 Std=0.325713 RMS90=0.204747
  50-150 GeV: n=23832 Mean=0.919026 Std=0.135106 RMS90=0.051428
  >150 GeV: n=68 Mean=0.928371 Std=0.094832 RMS90=0.063118
Pretraining energy response by particle species:
  Neutron: n=13032 Mean=0.806851 Std=0.257145 RMS90=0.142507
  K0: n=11955 Mean=0.915045 Std=0.191977 RMS90=0.096487
  Photon: n=19748 Mean=1.392296 Std=1.721982 RMS90=0.340366
  Pion: n=21287 Mean=0.910589 Std=0.347892 RMS90=0.187757
  Electron: n=6154 Mean=1.171638 Std=2.261186 RMS90=0.285659
  Muon: n=2222 Mean=0.925217 Std=0.248977 RMS90=0.070591

Epoch 7
Pretraining energy response (E_pred / E_true) by true-energy bin:
  1-50 GeV: n=40292 Mean=0.931350 Std=0.302355 RMS90=0.171856
  50-150 GeV: n=23832 Mean=0.878010 Std=0.131021 RMS90=0.055542
  >150 GeV: n=68 Mean=0.870741 Std=0.077321 RMS90=0.050082
Pretraining energy response by particle species:
  Neutron: n=13032 Mean=0.832535 Std=0.269662 RMS90=0.146598
  K0: n=11955 Mean=0.941253 Std=0.208086 RMS90=0.108178
  Photon: n=19748 Mean=1.394334 Std=1.665333 RMS90=0.325238
  Pion: n=21287 Mean=0.934197 Std=0.330686 RMS90=0.128435
  Electron: n=6154 Mean=1.146512 Std=1.351724 RMS90=0.282247
  Muon: n=2222 Mean=0.936355 Std=0.304070 RMS90=0.047205

Epoch 8
Pretraining energy response (E_pred / E_true) by true-energy bin:
  1-50 GeV: n=40292 Mean=0.878113 Std=0.402685 RMS90=0.162760
  50-150 GeV: n=23832 Mean=0.882834 Std=0.226491 RMS90=0.045518
  >150 GeV: n=68 Mean=0.877413 Std=0.065254 RMS90=0.038617
Pretraining energy response by particle species:
  Neutron: n=13032 Mean=0.809742 Std=0.263224 RMS90=0.147227
  K0: n=11955 Mean=0.917559 Std=0.197899 RMS90=0.098963
  Photon: n=19748 Mean=1.294551 Std=1.702630 RMS90=0.305817
  Pion: n=21287 Mean=0.910219 Std=0.301171 RMS90=0.122661
  Electron: n=6154 Mean=1.129189 Std=2.654675 RMS90=0.249354
  Muon: n=2222 Mean=0.918661 Std=0.289530 RMS90=0.035588

Epoch 9
Pretraining energy response (E_pred / E_true) by true-energy bin:
  1-50 GeV: n=40292 Mean=0.896722 Std=0.324836 RMS90=0.170918
  50-150 GeV: n=23832 Mean=0.888582 Std=0.139600 RMS90=0.064913
  >150 GeV: n=68 Mean=0.883533 Std=0.088781 RMS90=0.064975
Pretraining energy response by particle species:
  Neutron: n=13032 Mean=0.810005 Std=0.266840 RMS90=0.148245
  K0: n=11955 Mean=0.921881 Std=0.194841 RMS90=0.092565
  Photon: n=19748 Mean=1.226275 Std=1.390692 RMS90=0.316355
  Pion: n=21287 Mean=0.943996 Std=0.344676 RMS90=0.134806
  Electron: n=6154 Mean=1.144582 Std=2.371981 RMS90=0.261078
  Muon: n=2222 Mean=0.946536 Std=0.283694 RMS90=0.088543

Epoch 10
Pretraining energy response (E_pred / E_true) by true-energy bin:
  1-50 GeV: n=40292 Mean=0.921149 Std=0.294020 RMS90=0.167425
  50-150 GeV: n=23832 Mean=0.919201 Std=0.138624 RMS90=0.066448
  >150 GeV: n=68 Mean=0.895043 Std=0.070908 RMS90=0.061029
Pretraining energy response by particle species:
  Neutron: n=13032 Mean=0.847621 Std=0.269072 RMS90=0.147330
  K0: n=11955 Mean=0.964288 Std=0.200532 RMS90=0.098433
  Photon: n=19748 Mean=1.282837 Std=1.454986 RMS90=0.304229
  Pion: n=21287 Mean=0.953839 Std=0.316749 RMS90=0.131953
  Electron: n=6154 Mean=1.103087 Std=1.577460 RMS90=0.242749
  Muon: n=2222 Mean=0.961403 Std=0.250245 RMS90=0.078254

Epoch 11
Pretraining energy response (E_pred / E_true) by true-energy bin:
  1-50 GeV: n=40292 Mean=0.899384 Std=0.293802 RMS90=0.166388
  50-150 GeV: n=23832 Mean=0.929921 Std=0.135731 RMS90=0.044530
  >150 GeV: n=68 Mean=0.935279 Std=0.076058 RMS90=0.041439
Pretraining energy response by particle species:
  Neutron: n=13032 Mean=0.824622 Std=0.263123 RMS90=0.146362
  K0: n=11955 Mean=0.934340 Std=0.206603 RMS90=0.095961
  Photon: n=19748 Mean=1.187130 Std=1.270792 RMS90=0.300110
  Pion: n=21287 Mean=0.973106 Std=0.314138 RMS90=0.110069
  Electron: n=6154 Mean=1.060770 Std=1.281676 RMS90=0.236735
  Muon: n=2222 Mean=0.977513 Std=0.226436 RMS90=0.028781

Epoch 12
Pretraining energy response (E_pred / E_true) by true-energy bin:
  1-50 GeV: n=40292 Mean=0.949370 Std=0.323705 RMS90=0.195220
  50-150 GeV: n=23832 Mean=0.966537 Std=0.151987 RMS90=0.057861
  >150 GeV: n=68 Mean=0.952832 Std=0.083829 RMS90=0.054256
Pretraining energy response by particle species:
  Neutron: n=13032 Mean=0.891460 Std=0.285725 RMS90=0.153377
  K0: n=11955 Mean=1.013311 Std=0.212606 RMS90=0.104130
  Photon: n=19748 Mean=1.184748 Std=1.307305 RMS90=0.316050
  Pion: n=21287 Mean=1.000339 Std=0.334426 RMS90=0.123921
  Electron: n=6154 Mean=1.083261 Std=1.467998 RMS90=0.251772
  Muon: n=2222 Mean=0.979329 Std=0.267093 RMS90=0.037063

Epoch 13
Pretraining energy response (E_pred / E_true) by true-energy bin:
  1-50 GeV: n=40292 Mean=0.901953 Std=0.300725 RMS90=0.181083
  50-150 GeV: n=23832 Mean=0.928959 Std=0.134242 RMS90=0.045011
  >150 GeV: n=68 Mean=0.918393 Std=0.070304 RMS90=0.045615
Pretraining energy response by particle species:
  Neutron: n=13032 Mean=0.854778 Std=0.269341 RMS90=0.143092
  K0: n=11955 Mean=0.965669 Std=0.204445 RMS90=0.104231
  Photon: n=19748 Mean=1.187891 Std=1.288229 RMS90=0.313527
  Pion: n=21287 Mean=0.946330 Std=0.296354 RMS90=0.115727
  Electron: n=6154 Mean=1.031954 Std=1.189417 RMS90=0.236965
  Muon: n=2222 Mean=0.959361 Std=0.252214 RMS90=0.022685

Epoch 14
Pretraining energy response (E_pred / E_true) by true-energy bin:
  1-50 GeV: n=40292 Mean=0.861963 Std=0.287088 RMS90=0.175680
  50-150 GeV: n=23832 Mean=0.887976 Std=0.136940 RMS90=0.056017
  >150 GeV: n=68 Mean=0.896127 Std=0.082386 RMS90=0.053356
Pretraining energy response by particle species:
  Neutron: n=13032 Mean=0.773159 Std=0.246833 RMS90=0.130678
  K0: n=11955 Mean=0.873075 Std=0.184603 RMS90=0.092215
  Photon: n=19748 Mean=1.066015 Std=1.140986 RMS90=0.296192
  Pion: n=21287 Mean=0.961786 Std=0.285572 RMS90=0.104555
  Electron: n=6154 Mean=1.005257 Std=0.930857 RMS90=0.233758
  Muon: n=2222 Mean=0.974275 Std=0.220132 RMS90=0.023602

Epoch 15
Pretraining energy response (E_pred / E_true) by true-energy bin:
  1-50 GeV: n=40292 Mean=0.870540 Std=0.357778 RMS90=0.167075
  50-150 GeV: n=23832 Mean=0.883533 Std=0.194092 RMS90=0.046467
  >150 GeV: n=68 Mean=0.876263 Std=0.070898 RMS90=0.044354
Pretraining energy response by particle species:
  Neutron: n=13032 Mean=0.775564 Std=0.241847 RMS90=0.125047
  K0: n=11955 Mean=0.874301 Std=0.180343 RMS90=0.087484
  Photon: n=19748 Mean=1.131960 Std=1.244127 RMS90=0.308890
  Pion: n=21287 Mean=0.952348 Std=0.291588 RMS90=0.100366
  Electron: n=6154 Mean=1.042180 Std=1.756044 RMS90=0.230856
  Muon: n=2222 Mean=0.958267 Std=0.203605 RMS90=0.034547

Epoch 16
Pretraining energy response (E_pred / E_true) by true-energy bin:
  1-50 GeV: n=40292 Mean=0.963140 Std=0.339949 RMS90=0.209560
  50-150 GeV: n=23832 Mean=0.947736 Std=0.149676 RMS90=0.045276
  >150 GeV: n=68 Mean=0.939311 Std=0.067699 RMS90=0.040369
Pretraining energy response by particle species:
  Neutron: n=13032 Mean=0.866144 Std=0.277996 RMS90=0.144839
  K0: n=11955 Mean=0.983266 Std=0.206122 RMS90=0.098684
  Photon: n=19748 Mean=1.134945 Std=1.200263 RMS90=0.327319
  Pion: n=21287 Mean=1.043493 Std=0.354345 RMS90=0.144435
  Electron: n=6154 Mean=1.063211 Std=1.017896 RMS90=0.269586
  Muon: n=2222 Mean=1.024182 Std=0.297394 RMS90=0.068141

Epoch 17
Pretraining energy response (E_pred / E_true) by true-energy bin:
  1-50 GeV: n=40292 Mean=0.920303 Std=0.373267 RMS90=0.177869
  50-150 GeV: n=23832 Mean=0.930204 Std=0.201427 RMS90=0.048760
  >150 GeV: n=68 Mean=0.926486 Std=0.078027 RMS90=0.044962
Pretraining energy response by particle species:
  Neutron: n=13032 Mean=0.820823 Std=0.258105 RMS90=0.129947
  K0: n=11955 Mean=0.925003 Std=0.194238 RMS90=0.095003
  Photon: n=19748 Mean=1.138299 Std=1.193702 RMS90=0.314407
  Pion: n=21287 Mean=1.014361 Std=0.312726 RMS90=0.106410
  Electron: n=6154 Mean=1.068067 Std=1.532258 RMS90=0.246926
  Muon: n=2222 Mean=1.016603 Std=0.246494 RMS90=0.033567

Epoch 18
Pretraining energy response (E_pred / E_true) by true-energy bin:
  1-50 GeV: n=40292 Mean=0.932454 Std=0.306202 RMS90=0.184217
  50-150 GeV: n=23832 Mean=0.921884 Std=0.132329 RMS90=0.044312
  >150 GeV: n=68 Mean=0.913254 Std=0.062464 RMS90=0.035245
Pretraining energy response by particle species:
  Neutron: n=13032 Mean=0.857851 Std=0.270753 RMS90=0.138106
  K0: n=11955 Mean=0.970920 Std=0.203510 RMS90=0.101452
  Photon: n=19748 Mean=1.123267 Std=1.136298 RMS90=0.326678
  Pion: n=21287 Mean=0.982078 Std=0.304159 RMS90=0.110745
  Electron: n=6154 Mean=1.013021 Std=0.855035 RMS90=0.250912
  Muon: n=2222 Mean=0.977612 Std=0.237236 RMS90=0.048252

Epoch 19
Pretraining energy response (E_pred / E_true) by true-energy bin:
  1-50 GeV: n=40292 Mean=0.889292 Std=0.300267 RMS90=0.185087
  50-150 GeV: n=23832 Mean=0.920873 Std=0.136346 RMS90=0.039166
  >150 GeV: n=68 Mean=0.928704 Std=0.063383 RMS90=0.031812
Pretraining energy response by particle species:
  Neutron: n=13032 Mean=0.827719 Std=0.261107 RMS90=0.133285
  K0: n=11955 Mean=0.938517 Std=0.192756 RMS90=0.092630
  Photon: n=19748 Mean=1.087933 Std=1.117695 RMS90=0.322484
  Pion: n=21287 Mean=0.952968 Std=0.274821 RMS90=0.091274
  Electron: n=6154 Mean=0.988324 Std=0.953809 RMS90=0.243754
  Muon: n=2222 Mean=0.957820 Std=0.192001 RMS90=0.019968

Epoch 20
Pretraining energy response (E_pred / E_true) by true-energy bin:
  1-50 GeV: n=40292 Mean=0.891987 Std=0.321455 RMS90=0.179575
  50-150 GeV: n=23832 Mean=0.935667 Std=0.162068 RMS90=0.040004
  >150 GeV: n=68 Mean=0.934741 Std=0.068775 RMS90=0.033463
Pretraining energy response by particle species:
  Neutron: n=13032 Mean=0.836747 Std=0.265465 RMS90=0.135845
  K0: n=11955 Mean=0.944757 Std=0.198382 RMS90=0.096124
  Photon: n=19748 Mean=1.065046 Std=1.077624 RMS90=0.318219
  Pion: n=21287 Mean=0.961356 Std=0.274935 RMS90=0.088437
  Electron: n=6154 Mean=0.978326 Std=0.974011 RMS90=0.272328
  Muon: n=2222 Mean=0.965065 Std=0.192609 RMS90=0.012493

Epoch 21
Pretraining energy response (E_pred / E_true) by true-energy bin:
  1-50 GeV: n=40292 Mean=0.898144 Std=0.301114 RMS90=0.185223
  50-150 GeV: n=23832 Mean=0.910163 Std=0.131260 RMS90=0.042020
  >150 GeV: n=68 Mean=0.898722 Std=0.063072 RMS90=0.035281
Pretraining energy response by particle species:
  Neutron: n=13032 Mean=0.836526 Std=0.266949 RMS90=0.137924
  K0: n=11955 Mean=0.947225 Std=0.199119 RMS90=0.098045
  Photon: n=19748 Mean=1.060314 Std=1.073951 RMS90=0.331776
  Pion: n=21287 Mean=0.948891 Std=0.273168 RMS90=0.088925
  Electron: n=6154 Mean=0.964043 Std=0.754137 RMS90=0.275087
  Muon: n=2222 Mean=0.946297 Std=0.187335 RMS90=0.029282

Epoch 22
Pretraining energy response (E_pred / E_true) by true-energy bin:
  1-50 GeV: n=40292 Mean=0.905701 Std=0.357218 RMS90=0.194760
  50-150 GeV: n=23832 Mean=0.930686 Std=0.181440 RMS90=0.041749
  >150 GeV: n=68 Mean=0.925541 Std=0.062008 RMS90=0.035303
Pretraining energy response by particle species:
  Neutron: n=13032 Mean=0.853180 Std=0.270990 RMS90=0.138700
  K0: n=11955 Mean=0.967275 Std=0.201725 RMS90=0.095175
  Photon: n=19748 Mean=1.065966 Std=1.094840 RMS90=0.339173
  Pion: n=21287 Mean=0.956580 Std=0.276904 RMS90=0.086984
  Electron: n=6154 Mean=0.985660 Std=1.444107 RMS90=0.281397
  Muon: n=2222 Mean=0.957387 Std=0.197559 RMS90=0.026438

Epoch 23
Pretraining energy response (E_pred / E_true) by true-energy bin:
  1-50 GeV: n=40292 Mean=0.906799 Std=0.296650 RMS90=0.183466
  50-150 GeV: n=23832 Mean=0.942066 Std=0.131791 RMS90=0.039113
  >150 GeV: n=68 Mean=0.943903 Std=0.061906 RMS90=0.028240
Pretraining energy response by particle species:
  Neutron: n=13032 Mean=0.845731 Std=0.265962 RMS90=0.137654
  K0: n=11955 Mean=0.957686 Std=0.195566 RMS90=0.091681
  Photon: n=19748 Mean=1.091594 Std=1.077952 RMS90=0.336171
  Pion: n=21287 Mean=0.970579 Std=0.276091 RMS90=0.087498
  Electron: n=6154 Mean=0.983997 Std=0.642870 RMS90=0.281519
  Muon: n=2222 Mean=0.973314 Std=0.191226 RMS90=0.017153

Epoch 24
Pretraining energy response (E_pred / E_true) by true-energy bin:
  1-50 GeV: n=40292 Mean=0.890990 Std=0.297270 RMS90=0.184871
  50-150 GeV: n=23832 Mean=0.899486 Std=0.131998 RMS90=0.044272
  >150 GeV: n=68 Mean=0.887459 Std=0.063587 RMS90=0.041007
Pretraining energy response by particle species:
  Neutron: n=13032 Mean=0.827597 Std=0.261633 RMS90=0.133474
  K0: n=11955 Mean=0.937406 Std=0.193803 RMS90=0.092917
  Photon: n=19748 Mean=1.053411 Std=1.049403 RMS90=0.333156
  Pion: n=21287 Mean=0.937115 Std=0.271898 RMS90=0.086707
  Electron: n=6154 Mean=0.955712 Std=0.745254 RMS90=0.278870
  Muon: n=2222 Mean=0.928242 Std=0.188136 RMS90=0.036381

Epoch 25
Pretraining energy response (E_pred / E_true) by true-energy bin:
  1-50 GeV: n=40292 Mean=0.877874 Std=0.482953 RMS90=0.192849
  50-150 GeV: n=23832 Mean=0.906751 Std=0.288846 RMS90=0.048700
  >150 GeV: n=68 Mean=0.899066 Std=0.067556 RMS90=0.048153
Pretraining energy response by particle species:
  Neutron: n=13032 Mean=0.833047 Std=0.265039 RMS90=0.137424
  K0: n=11955 Mean=0.943072 Std=0.195526 RMS90=0.092301
  Photon: n=19748 Mean=1.022244 Std=1.133263 RMS90=0.339495
  Pion: n=21287 Mean=0.924454 Std=0.272397 RMS90=0.085076
  Electron: n=6154 Mean=0.963292 Std=2.412369 RMS90=0.282126
  Muon: n=2222 Mean=0.909922 Std=0.194169 RMS90=0.027553

Epoch 26
Pretraining energy response (E_pred / E_true) by true-energy bin:
  1-50 GeV: n=40292 Mean=0.882993 Std=0.522118 RMS90=0.194221
  50-150 GeV: n=23832 Mean=0.900339 Std=0.301073 RMS90=0.042416
  >150 GeV: n=68 Mean=0.890930 Std=0.065276 RMS90=0.037352
Pretraining energy response by particle species:
  Neutron: n=13032 Mean=0.826141 Std=0.262760 RMS90=0.134554
  K0: n=11955 Mean=0.932461 Std=0.197927 RMS90=0.097785
  Photon: n=19748 Mean=1.027455 Std=1.174309 RMS90=0.346226
  Pion: n=21287 Mean=0.935107 Std=0.266536 RMS90=0.084635
  Electron: n=6154 Mean=0.974379 Std=2.647060 RMS90=0.286513
  Muon: n=2222 Mean=0.933674 Std=0.203520 RMS90=0.028908

Epoch 27
Pretraining energy response (E_pred / E_true) by true-energy bin:
  1-50 GeV: n=40292 Mean=0.916178 Std=0.301060 RMS90=0.190615
  50-150 GeV: n=23832 Mean=0.929044 Std=0.131506 RMS90=0.039634
  >150 GeV: n=68 Mean=0.930122 Std=0.063279 RMS90=0.038074
Pretraining energy response by particle species:
  Neutron: n=13032 Mean=0.838038 Std=0.263419 RMS90=0.134538
  K0: n=11955 Mean=0.948454 Std=0.196128 RMS90=0.093152
  Photon: n=19748 Mean=1.082779 Std=1.076924 RMS90=0.333378
  Pion: n=21287 Mean=0.988960 Std=0.293491 RMS90=0.102852
  Electron: n=6154 Mean=0.987873 Std=0.601355 RMS90=0.285455
  Muon: n=2222 Mean=0.975016 Std=0.211505 RMS90=0.024928

Epoch 28
Pretraining energy response (E_pred / E_true) by true-energy bin:
  1-50 GeV: n=40292 Mean=0.909019 Std=0.296224 RMS90=0.186937
  50-150 GeV: n=23832 Mean=0.911996 Std=0.130129 RMS90=0.043259
  >150 GeV: n=68 Mean=0.908710 Std=0.061136 RMS90=0.036514
Pretraining energy response by particle species:
  Neutron: n=13032 Mean=0.841900 Std=0.264987 RMS90=0.136590
  K0: n=11955 Mean=0.951752 Std=0.199355 RMS90=0.097144
  Photon: n=19748 Mean=1.089673 Std=1.082629 RMS90=0.336482
  Pion: n=21287 Mean=0.958113 Std=0.278479 RMS90=0.094699
  Electron: n=6154 Mean=0.970967 Std=0.613703 RMS90=0.278207
  Muon: n=2222 Mean=0.947964 Std=0.202191 RMS90=0.032887

Epoch 29
Pretraining energy response (E_pred / E_true) by true-energy bin:
  1-50 GeV: n=40292 Mean=0.903706 Std=0.295074 RMS90=0.183993
  50-150 GeV: n=23832 Mean=0.913537 Std=0.129383 RMS90=0.040314
  >150 GeV: n=68 Mean=0.915491 Std=0.068618 RMS90=0.039889
Pretraining energy response by particle species:
  Neutron: n=13032 Mean=0.828283 Std=0.260441 RMS90=0.133726
  K0: n=11955 Mean=0.935823 Std=0.195731 RMS90=0.094408
  Photon: n=19748 Mean=1.069977 Std=1.060013 RMS90=0.327589
  Pion: n=21287 Mean=0.969784 Std=0.283217 RMS90=0.096569
  Electron: n=6154 Mean=0.971952 Std=0.585749 RMS90=0.278782
  Muon: n=2222 Mean=0.963696 Std=0.201913 RMS90=0.029355

Epoch 30
Pretraining energy response (E_pred / E_true) by true-energy bin:
  1-50 GeV: n=40292 Mean=0.858250 Std=0.307694 RMS90=0.169641
  50-150 GeV: n=23832 Mean=0.925560 Std=0.156131 RMS90=0.046504
  >150 GeV: n=68 Mean=0.926907 Std=0.075469 RMS90=0.046263
Pretraining energy response by particle species:
  Neutron: n=13032 Mean=0.817172 Std=0.260177 RMS90=0.136970
  K0: n=11955 Mean=0.929302 Std=0.192779 RMS90=0.094057
  Photon: n=19748 Mean=1.131143 Std=1.145965 RMS90=0.323825
  Pion: n=21287 Mean=0.922334 Std=0.281294 RMS90=0.112824
  Electron: n=6154 Mean=0.978384 Std=0.973272 RMS90=0.246716
  Muon: n=2222 Mean=0.939701 Std=0.198739 RMS90=0.051024

Epoch 31
Pretraining energy response (E_pred / E_true) by true-energy bin:
  1-50 GeV: n=40292 Mean=0.796872 Std=0.281294 RMS90=0.183651
  50-150 GeV: n=23832 Mean=0.787228 Std=0.133934 RMS90=0.083920
  >150 GeV: n=68 Mean=0.763225 Std=0.103207 RMS90=0.089098
Pretraining energy response by particle species:
  Neutron: n=13032 Mean=0.768083 Std=0.246248 RMS90=0.131267
  K0: n=11955 Mean=0.866924 Std=0.187263 RMS90=0.093306
  Photon: n=19748 Mean=1.048318 Std=1.125095 RMS90=0.330435
  Pion: n=21287 Mean=0.796054 Std=0.292698 RMS90=0.109382
  Electron: n=6154 Mean=0.863806 Std=0.556649 RMS90=0.250922
  Muon: n=2222 Mean=0.763368 Std=0.228527 RMS90=0.036277

Epoch 32
Pretraining energy response (E_pred / E_true) by true-energy bin:
  1-50 GeV: n=40292 Mean=0.928923 Std=0.306057 RMS90=0.178256
  50-150 GeV: n=23832 Mean=0.894540 Std=0.130700 RMS90=0.046441
  >150 GeV: n=68 Mean=0.879296 Std=0.073179 RMS90=0.045478
Pretraining energy response by particle species:
  Neutron: n=13032 Mean=0.811137 Std=0.254497 RMS90=0.132407
  K0: n=11955 Mean=0.915027 Std=0.194837 RMS90=0.098771
  Photon: n=19748 Mean=1.195025 Std=1.249692 RMS90=0.341009
  Pion: n=21287 Mean=1.004349 Std=0.342309 RMS90=0.123086
  Electron: n=6154 Mean=1.059055 Std=0.712767 RMS90=0.266681
  Muon: n=2222 Mean=0.986408 Std=0.275716 RMS90=0.053924

Epoch 33
Pretraining energy response (E_pred / E_true) by true-energy bin:
  1-50 GeV: n=40292 Mean=0.940553 Std=0.337300 RMS90=0.197693
  50-150 GeV: n=23832 Mean=0.908103 Std=0.133664 RMS90=0.047031
  >150 GeV: n=68 Mean=0.903658 Std=0.075884 RMS90=0.043393
Pretraining energy response by particle species:
  Neutron: n=13032 Mean=0.813597 Std=0.254268 RMS90=0.133332
  K0: n=11955 Mean=0.915052 Std=0.196676 RMS90=0.098219
  Photon: n=19748 Mean=1.101772 Std=1.140210 RMS90=0.340065
  Pion: n=21287 Mean=1.047812 Std=0.405621 RMS90=0.149980
  Electron: n=6154 Mean=1.056547 Std=0.727016 RMS90=0.307981
  Muon: n=2222 Mean=1.011693 Std=0.357349 RMS90=0.054093

Epoch 34
Pretraining energy response (E_pred / E_true) by true-energy bin:
  1-50 GeV: n=40292 Mean=0.909216 Std=0.305548 RMS90=0.183068
  50-150 GeV: n=23832 Mean=0.892844 Std=0.128552 RMS90=0.050315
  >150 GeV: n=68 Mean=0.878531 Std=0.071126 RMS90=0.049150
Pretraining energy response by particle species:
  Neutron: n=13032 Mean=0.795421 Std=0.252791 RMS90=0.135692
  K0: n=11955 Mean=0.900186 Std=0.191312 RMS90=0.096318
  Photon: n=19748 Mean=1.115261 Std=1.119208 RMS90=0.301764
  Pion: n=21287 Mean=1.003437 Std=0.345302 RMS90=0.145974
  Electron: n=6154 Mean=1.031815 Std=0.684453 RMS90=0.253905
  Muon: n=2222 Mean=0.978823 Std=0.277396 RMS90=0.082304

Epoch 35
Pretraining energy response (E_pred / E_true) by true-energy bin:
  1-50 GeV: n=40292 Mean=0.926940 Std=0.316971 RMS90=0.196187
  50-150 GeV: n=23832 Mean=0.950863 Std=0.138051 RMS90=0.049362
  >150 GeV: n=68 Mean=0.915097 Std=0.066679 RMS90=0.042273
Pretraining energy response by particle species:
  Neutron: n=13032 Mean=0.844738 Std=0.270196 RMS90=0.140347
  K0: n=11955 Mean=0.966031 Std=0.202368 RMS90=0.097835
  Photon: n=19748 Mean=1.126038 Std=1.152172 RMS90=0.346703
  Pion: n=21287 Mean=1.015339 Std=0.346766 RMS90=0.117935
  Electron: n=6154 Mean=1.026247 Std=0.591749 RMS90=0.293463
  Muon: n=2222 Mean=0.993637 Std=0.273551 RMS90=0.032702

Epoch 36
Pretraining energy response (E_pred / E_true) by true-energy bin:
  1-50 GeV: n=40292 Mean=0.888544 Std=0.309395 RMS90=0.197675
  50-150 GeV: n=23832 Mean=0.905655 Std=0.130868 RMS90=0.052118
  >150 GeV: n=68 Mean=0.895719 Std=0.061724 RMS90=0.038723
Pretraining energy response by particle species:
  Neutron: n=13032 Mean=0.852655 Std=0.268907 RMS90=0.140525
  K0: n=11955 Mean=0.965552 Std=0.205660 RMS90=0.101776
  Photon: n=19748 Mean=1.207457 Std=1.249708 RMS90=0.366274
  Pion: n=21287 Mean=0.904311 Std=0.298152 RMS90=0.123300
  Electron: n=6154 Mean=0.986310 Std=0.645805 RMS90=0.282485
  Muon: n=2222 Mean=0.894954 Std=0.218471 RMS90=0.040048

Epoch 37
Pretraining energy response (E_pred / E_true) by true-energy bin:
  1-50 GeV: n=40292 Mean=0.969741 Std=0.336441 RMS90=0.202044
  50-150 GeV: n=23832 Mean=0.975485 Std=0.217956 RMS90=0.095275
  >150 GeV: n=68 Mean=0.956690 Std=0.197677 RMS90=0.087826
Pretraining energy response by particle species:
  Neutron: n=13032 Mean=0.940318 Std=0.322815 RMS90=0.175755
  K0: n=11955 Mean=1.090992 Std=0.313686 RMS90=0.120824
  Photon: n=19748 Mean=1.248644 Std=1.375278 RMS90=0.362659
  Pion: n=21287 Mean=0.967367 Std=0.322645 RMS90=0.114937
  Electron: n=6154 Mean=1.041768 Std=0.699053 RMS90=0.267714
  Muon: n=2222 Mean=0.942150 Std=0.242484 RMS90=0.049307

Epoch 38
Pretraining energy response (E_pred / E_true) by true-energy bin:
  1-50 GeV: n=40292 Mean=0.949494 Std=0.313564 RMS90=0.174170
  50-150 GeV: n=23832 Mean=0.923667 Std=0.149079 RMS90=0.089136
  >150 GeV: n=68 Mean=0.899460 Std=0.104686 RMS90=0.089604
Pretraining energy response by particle species:
  Neutron: n=13032 Mean=0.896966 Std=0.276632 RMS90=0.137268
  K0: n=11955 Mean=1.014045 Std=0.211880 RMS90=0.100526
  Photon: n=19748 Mean=1.262101 Std=1.332942 RMS90=0.372833
  Pion: n=21287 Mean=0.953282 Std=0.334331 RMS90=0.123771
  Electron: n=6154 Mean=1.039819 Std=0.679977 RMS90=0.295134
  Muon: n=2222 Mean=0.915716 Std=0.269538 RMS90=0.044377

Epoch 39
Pretraining energy response (E_pred / E_true) by true-energy bin:
  1-50 GeV: n=40292 Mean=0.906229 Std=0.297836 RMS90=0.175195
  50-150 GeV: n=23832 Mean=0.905398 Std=0.129885 RMS90=0.042307
  >150 GeV: n=68 Mean=0.901072 Std=0.065682 RMS90=0.045411
Pretraining energy response by particle species:
  Neutron: n=13032 Mean=0.823414 Std=0.258114 RMS90=0.130720
  K0: n=11955 Mean=0.932261 Std=0.196626 RMS90=0.096524
  Photon: n=19748 Mean=1.134053 Std=1.231996 RMS90=0.342658
  Pion: n=21287 Mean=0.973812 Std=0.296947 RMS90=0.098224
  Electron: n=6154 Mean=0.999862 Std=0.613778 RMS90=0.274811
  Muon: n=2222 Mean=0.973663 Std=0.239142 RMS90=0.041876

Epoch 40
Pretraining energy response (E_pred / E_true) by true-energy bin:
  1-50 GeV: n=40292 Mean=0.941694 Std=0.323268 RMS90=0.203457
  50-150 GeV: n=23832 Mean=0.910308 Std=0.142970 RMS90=0.077896
  >150 GeV: n=68 Mean=0.886044 Std=0.072024 RMS90=0.060447
Pretraining energy response by particle species:
  Neutron: n=13032 Mean=0.881656 Std=0.280163 RMS90=0.140746
  K0: n=11955 Mean=0.998274 Std=0.216637 RMS90=0.106302
  Photon: n=19748 Mean=1.151147 Std=1.212530 RMS90=0.358606
  Pion: n=21287 Mean=0.961629 Std=0.335404 RMS90=0.142889
  Electron: n=6154 Mean=0.996150 Std=0.639700 RMS90=0.290877
  Muon: n=2222 Mean=0.915689 Std=0.275659 RMS90=0.052579

Epoch 41
Pretraining energy response (E_pred / E_true) by true-energy bin:
  1-50 GeV: n=40292 Mean=0.871252 Std=0.285233 RMS90=0.165807
  50-150 GeV: n=23832 Mean=0.913605 Std=0.131270 RMS90=0.042757
  >150 GeV: n=68 Mean=0.920342 Std=0.073567 RMS90=0.045464
Pretraining energy response by particle species:
  Neutron: n=13032 Mean=0.805678 Std=0.252228 RMS90=0.129487
  K0: n=11955 Mean=0.912323 Std=0.188603 RMS90=0.089516
  Photon: n=19748 Mean=1.147986 Std=1.168529 RMS90=0.328554
  Pion: n=21287 Mean=0.943581 Std=0.292401 RMS90=0.097938
  Electron: n=6154 Mean=0.987671 Std=0.602482 RMS90=0.241775
  Muon: n=2222 Mean=0.940761 Std=0.203822 RMS90=0.024659

Epoch 42
Pretraining energy response (E_pred / E_true) by true-energy bin:
  1-50 GeV: n=40292 Mean=0.920098 Std=0.306898 RMS90=0.182518
  50-150 GeV: n=23832 Mean=0.920947 Std=0.133219 RMS90=0.049239
  >150 GeV: n=68 Mean=0.902732 Std=0.057365 RMS90=0.033352
Pretraining energy response by particle species:
  Neutron: n=13032 Mean=0.863045 Std=0.273998 RMS90=0.137929
  K0: n=11955 Mean=0.976724 Std=0.209773 RMS90=0.102088
  Photon: n=19748 Mean=1.111229 Std=1.176872 RMS90=0.350164
  Pion: n=21287 Mean=0.966560 Std=0.293197 RMS90=0.102263
  Electron: n=6154 Mean=0.980607 Std=0.585516 RMS90=0.281480
  Muon: n=2222 Mean=0.957300 Std=0.222354 RMS90=0.042826

Epoch 43
Pretraining energy response (E_pred / E_true) by true-energy bin:
  1-50 GeV: n=40292 Mean=0.880665 Std=0.289216 RMS90=0.176549
  50-150 GeV: n=23832 Mean=0.888331 Std=0.128851 RMS90=0.043077
  >150 GeV: n=68 Mean=0.886908 Std=0.075467 RMS90=0.045859
Pretraining energy response by particle species:
  Neutron: n=13032 Mean=0.800860 Std=0.255233 RMS90=0.129981
  K0: n=11955 Mean=0.902718 Std=0.188683 RMS90=0.096045
  Photon: n=19748 Mean=1.144520 Std=1.268006 RMS90=0.342134
  Pion: n=21287 Mean=0.945986 Std=0.283191 RMS90=0.091632
  Electron: n=6154 Mean=0.987759 Std=0.578489 RMS90=0.267229
  Muon: n=2222 Mean=0.943711 Std=0.201485 RMS90=0.015704

Epoch 44
Pretraining energy response (E_pred / E_true) by true-energy bin:
  1-50 GeV: n=40292 Mean=0.935009 Std=0.303603 RMS90=0.168095
  50-150 GeV: n=23832 Mean=0.934135 Std=0.132780 RMS90=0.041705
  >150 GeV: n=68 Mean=0.920003 Std=0.064290 RMS90=0.035120
Pretraining energy response by particle species:
  Neutron: n=13032 Mean=0.850557 Std=0.260268 RMS90=0.129817
  K0: n=11955 Mean=0.957208 Std=0.197754 RMS90=0.094699
  Photon: n=19748 Mean=1.192105 Std=1.257403 RMS90=0.336671
  Pion: n=21287 Mean=1.001027 Std=0.318990 RMS90=0.109055
  Electron: n=6154 Mean=1.033269 Std=0.615518 RMS90=0.275644
  Muon: n=2222 Mean=0.974334 Std=0.242807 RMS90=0.017341

Epoch 45
Pretraining energy response (E_pred / E_true) by true-energy bin:
  1-50 GeV: n=40292 Mean=0.860821 Std=0.290583 RMS90=0.169886
  50-150 GeV: n=23832 Mean=0.901703 Std=0.131842 RMS90=0.056569
  >150 GeV: n=68 Mean=0.891770 Std=0.074986 RMS90=0.054522
Pretraining energy response by particle species:
  Neutron: n=13032 Mean=0.842645 Std=0.268897 RMS90=0.137615
  K0: n=11955 Mean=0.951385 Std=0.200312 RMS90=0.095416
  Photon: n=19748 Mean=1.110243 Std=1.152247 RMS90=0.331148
  Pion: n=21287 Mean=0.888853 Std=0.276607 RMS90=0.091985
  Electron: n=6154 Mean=0.936290 Std=0.569293 RMS90=0.259405
  Muon: n=2222 Mean=0.881779 Std=0.190471 RMS90=0.019736

Epoch 46
Pretraining energy response (E_pred / E_true) by true-energy bin:
  1-50 GeV: n=40292 Mean=0.858670 Std=0.284491 RMS90=0.174728
  50-150 GeV: n=23832 Mean=0.896473 Std=0.127742 RMS90=0.040153
  >150 GeV: n=68 Mean=0.891096 Std=0.065798 RMS90=0.040551
Pretraining energy response by particle species:
  Neutron: n=13032 Mean=0.796659 Std=0.248687 RMS90=0.127001
  K0: n=11955 Mean=0.898236 Std=0.182465 RMS90=0.088870
  Photon: n=19748 Mean=1.101836 Std=1.150811 RMS90=0.340334
  Pion: n=21287 Mean=0.929501 Std=0.268171 RMS90=0.094477
  Electron: n=6154 Mean=0.961015 Std=0.539283 RMS90=0.268878
  Muon: n=2222 Mean=0.930216 Std=0.181717 RMS90=0.027265

Epoch 47
Pretraining energy response (E_pred / E_true) by true-energy bin:
  1-50 GeV: n=40292 Mean=0.894565 Std=0.291741 RMS90=0.169817
  50-150 GeV: n=23832 Mean=0.902601 Std=0.128222 RMS90=0.039503
  >150 GeV: n=68 Mean=0.910791 Std=0.071916 RMS90=0.036554
Pretraining energy response by particle species:
  Neutron: n=13032 Mean=0.817022 Std=0.252071 RMS90=0.125543
  K0: n=11955 Mean=0.923532 Std=0.190228 RMS90=0.092546
  Photon: n=19748 Mean=1.129799 Std=1.198020 RMS90=0.344835
  Pion: n=21287 Mean=0.959378 Std=0.392665 RMS90=0.086800
  Electron: n=6154 Mean=1.008677 Std=1.349938 RMS90=0.276722
  Muon: n=2222 Mean=0.954669 Std=0.186072 RMS90=0.027709

Epoch 48
Pretraining energy response (E_pred / E_true) by true-energy bin:
  1-50 GeV: n=40292 Mean=0.868166 Std=0.285996 RMS90=0.165904
  50-150 GeV: n=23832 Mean=0.854182 Std=0.122919 RMS90=0.043274
  >150 GeV: n=68 Mean=0.848495 Std=0.060938 RMS90=0.036069
Pretraining energy response by particle species:
  Neutron: n=13032 Mean=0.798113 Std=0.251865 RMS90=0.129191
  K0: n=11955 Mean=0.897580 Std=0.194104 RMS90=0.100774
  Photon: n=19748 Mean=1.103117 Std=1.185850 RMS90=0.350758
  Pion: n=21287 Mean=0.911518 Std=0.267993 RMS90=0.088217
  Electron: n=6154 Mean=0.947915 Std=0.574747 RMS90=0.268089
  Muon: n=2222 Mean=0.905186 Std=0.195695 RMS90=0.034686

Epoch 49
Pretraining energy response (E_pred / E_true) by true-energy bin:
  1-50 GeV: n=40292 Mean=0.897243 Std=0.298139 RMS90=0.186028
  50-150 GeV: n=23832 Mean=0.902026 Std=0.129796 RMS90=0.049801
  >150 GeV: n=68 Mean=0.886777 Std=0.068467 RMS90=0.048173
Pretraining energy response by particle species:
  Neutron: n=13032 Mean=0.829584 Std=0.261549 RMS90=0.131936
  K0: n=11955 Mean=0.936727 Std=0.194930 RMS90=0.094018
  Photon: n=19748 Mean=1.076943 Std=1.130783 RMS90=0.346621
  Pion: n=21287 Mean=0.952389 Std=0.279498 RMS90=0.091312
  Electron: n=6154 Mean=0.960067 Std=0.517485 RMS90=0.282080
  Muon: n=2222 Mean=0.931848 Std=0.201162 RMS90=0.050340

Epoch 50
Pretraining energy response (E_pred / E_true) by true-energy bin:
  1-50 GeV: n=40292 Mean=0.936043 Std=0.305832 RMS90=0.194439
  50-150 GeV: n=23832 Mean=0.926319 Std=0.132692 RMS90=0.046283
  >150 GeV: n=68 Mean=0.917453 Std=0.077827 RMS90=0.044588
Pretraining energy response by particle species:
  Neutron: n=13032 Mean=0.860957 Std=0.267732 RMS90=0.135713
  K0: n=11955 Mean=0.972362 Std=0.203485 RMS90=0.102092
  Photon: n=19748 Mean=1.150061 Std=1.192250 RMS90=0.367353
  Pion: n=21287 Mean=0.985095 Std=0.286426 RMS90=0.096946
  Electron: n=6154 Mean=1.003204 Std=0.542029 RMS90=0.291568
  Muon: n=2222 Mean=0.973721 Std=0.214648 RMS90=0.037392

Epoch 51
Pretraining energy response (E_pred / E_true) by true-energy bin:
  1-50 GeV: n=40292 Mean=0.965994 Std=0.313897 RMS90=0.185292
  50-150 GeV: n=23832 Mean=0.968259 Std=0.140465 RMS90=0.062097
  >150 GeV: n=68 Mean=0.930477 Std=0.114675 RMS90=0.040674
Pretraining energy response by particle species:
  Neutron: n=13032 Mean=0.901173 Std=0.277340 RMS90=0.137681
  K0: n=11955 Mean=1.019230 Std=0.205072 RMS90=0.095749
  Photon: n=19748 Mean=1.167923 Std=1.192212 RMS90=0.359953
  Pion: n=21287 Mean=1.013301 Std=0.311975 RMS90=0.115481
  Electron: n=6154 Mean=1.025539 Std=0.551818 RMS90=0.293973
  Muon: n=2222 Mean=0.983334 Std=0.240083 RMS90=0.043474

Epoch 52
Pretraining energy response (E_pred / E_true) by true-energy bin:
  1-50 GeV: n=40292 Mean=0.911250 Std=0.296444 RMS90=0.174242
  50-150 GeV: n=23832 Mean=0.931966 Std=0.129748 RMS90=0.040377
  >150 GeV: n=68 Mean=0.909280 Std=0.115641 RMS90=0.024917
Pretraining energy response by particle species:
  Neutron: n=13032 Mean=0.849672 Std=0.271257 RMS90=0.132478
  K0: n=11955 Mean=0.958569 Std=0.194551 RMS90=0.092171
  Photon: n=19748 Mean=1.120351 Std=1.150674 RMS90=0.341414
  Pion: n=21287 Mean=0.971927 Std=0.281122 RMS90=0.092556
  Electron: n=6154 Mean=0.982608 Std=0.548972 RMS90=0.277212
  Muon: n=2222 Mean=0.960567 Std=0.198347 RMS90=0.019256

Epoch 53
Pretraining energy response (E_pred / E_true) by true-energy bin:
  1-50 GeV: n=40292 Mean=0.917613 Std=0.301232 RMS90=0.184776
  50-150 GeV: n=23832 Mean=0.921525 Std=0.130794 RMS90=0.046041
  >150 GeV: n=68 Mean=0.908283 Std=0.060574 RMS90=0.038603
Pretraining energy response by particle species:
  Neutron: n=13032 Mean=0.851699 Std=0.264067 RMS90=0.130694
  K0: n=11955 Mean=0.963253 Std=0.197226 RMS90=0.096272
  Photon: n=19748 Mean=1.129296 Std=1.192164 RMS90=0.367356
  Pion: n=21287 Mean=0.964388 Std=0.274421 RMS90=0.086892
  Electron: n=6154 Mean=0.978352 Std=0.535300 RMS90=0.284975
  Muon: n=2222 Mean=0.950461 Std=0.199066 RMS90=0.035345

Epoch 54
Pretraining energy response (E_pred / E_true) by true-energy bin:
  1-50 GeV: n=40292 Mean=0.931273 Std=0.308897 RMS90=0.198342
  50-150 GeV: n=23832 Mean=0.931750 Std=0.131090 RMS90=0.046781
  >150 GeV: n=68 Mean=0.914735 Std=0.059867 RMS90=0.036379
Pretraining energy response by particle species:
  Neutron: n=13032 Mean=0.857249 Std=0.265286 RMS90=0.129431
  K0: n=11955 Mean=0.970002 Std=0.196706 RMS90=0.092234
  Photon: n=19748 Mean=1.123716 Std=1.175452 RMS90=0.357964
  Pion: n=21287 Mean=0.990000 Std=0.300916 RMS90=0.102285
  Electron: n=6154 Mean=0.996114 Std=0.528250 RMS90=0.293247
  Muon: n=2222 Mean=0.955395 Std=0.225007 RMS90=0.048350

Epoch 55
Pretraining energy response (E_pred / E_true) by true-energy bin:
  1-50 GeV: n=40292 Mean=0.923245 Std=0.304242 RMS90=0.188398
  50-150 GeV: n=23832 Mean=0.915537 Std=0.129880 RMS90=0.045628
  >150 GeV: n=68 Mean=0.901108 Std=0.061726 RMS90=0.035876
Pretraining energy response by particle species:
  Neutron: n=13032 Mean=0.844857 Std=0.262637 RMS90=0.133028
  K0: n=11955 Mean=0.955310 Std=0.197004 RMS90=0.093527
  Photon: n=19748 Mean=1.104324 Std=1.145164 RMS90=0.355533
  Pion: n=21287 Mean=0.980380 Std=0.288965 RMS90=0.107509
  Electron: n=6154 Mean=0.985730 Std=0.538621 RMS90=0.293325
  Muon: n=2222 Mean=0.961315 Std=0.216475 RMS90=0.050620

Epoch 56
Pretraining energy response (E_pred / E_true) by true-energy bin:
  1-50 GeV: n=40292 Mean=0.903890 Std=0.299581 RMS90=0.192800
  50-150 GeV: n=23832 Mean=0.896604 Std=0.130136 RMS90=0.052229
  >150 GeV: n=68 Mean=0.878403 Std=0.064363 RMS90=0.044591
Pretraining energy response by particle species:
  Neutron: n=13032 Mean=0.837962 Std=0.261090 RMS90=0.131159
  K0: n=11955 Mean=0.949122 Std=0.195784 RMS90=0.094530
  Photon: n=19748 Mean=1.101403 Std=1.154062 RMS90=0.361027
  Pion: n=21287 Mean=0.938223 Std=0.268633 RMS90=0.086360
  Electron: n=6154 Mean=0.958792 Std=0.534087 RMS90=0.284249
  Muon: n=2222 Mean=0.915758 Std=0.196395 RMS90=0.060056

Epoch 57
Pretraining energy response (E_pred / E_true) by true-energy bin:
  1-50 GeV: n=40292 Mean=0.928334 Std=0.303177 RMS90=0.187464
  50-150 GeV: n=23832 Mean=0.914583 Std=0.129627 RMS90=0.049307
  >150 GeV: n=68 Mean=0.894469 Std=0.062955 RMS90=0.040348
Pretraining energy response by particle species:
  Neutron: n=13032 Mean=0.851507 Std=0.262382 RMS90=0.127899
  K0: n=11955 Mean=0.963881 Std=0.197056 RMS90=0.094480
  Photon: n=19748 Mean=1.119125 Std=1.163977 RMS90=0.356349
  Pion: n=21287 Mean=0.974608 Std=0.284689 RMS90=0.103427
  Electron: n=6154 Mean=0.983684 Std=0.514376 RMS90=0.290692
  Muon: n=2222 Mean=0.944586 Std=0.218881 RMS90=0.061692

Epoch 58
Pretraining energy response (E_pred / E_true) by true-energy bin:
  1-50 GeV: n=40292 Mean=0.904235 Std=0.297741 RMS90=0.194269
  50-150 GeV: n=23832 Mean=0.901101 Std=0.129158 RMS90=0.048307
  >150 GeV: n=68 Mean=0.887638 Std=0.062412 RMS90=0.042206
Pretraining energy response by particle species:
  Neutron: n=13032 Mean=0.839311 Std=0.261612 RMS90=0.131736
  K0: n=11955 Mean=0.948758 Std=0.197432 RMS90=0.095593
  Photon: n=19748 Mean=1.088565 Std=1.130779 RMS90=0.360090
  Pion: n=21287 Mean=0.947461 Std=0.276290 RMS90=0.089964
  Electron: n=6154 Mean=0.958457 Std=0.521099 RMS90=0.288700
  Muon: n=2222 Mean=0.932759 Std=0.206053 RMS90=0.039780

Epoch 59
Pretraining energy response (E_pred / E_true) by true-energy bin:
  1-50 GeV: n=40292 Mean=0.914702 Std=0.299664 RMS90=0.195384
  50-150 GeV: n=23832 Mean=0.927613 Std=0.129891 RMS90=0.038504
  >150 GeV: n=68 Mean=0.918522 Std=0.062140 RMS90=0.028350
Pretraining energy response by particle species:
  Neutron: n=13032 Mean=0.840489 Std=0.260342 RMS90=0.128253
  K0: n=11955 Mean=0.949933 Std=0.193237 RMS90=0.090959
  Photon: n=19748 Mean=1.090037 Std=1.119452 RMS90=0.355753
  Pion: n=21287 Mean=0.982848 Std=0.276138 RMS90=0.088451
  Electron: n=6154 Mean=0.978723 Std=0.517063 RMS90=0.292493
  Muon: n=2222 Mean=0.973258 Std=0.207605 RMS90=0.032341

Epoch 60
Pretraining energy response (E_pred / E_true) by true-energy bin:
  1-50 GeV: n=40292 Mean=0.915182 Std=0.301020 RMS90=0.199318
  50-150 GeV: n=23832 Mean=0.919828 Std=0.128769 RMS90=0.041531
  >150 GeV: n=68 Mean=0.910937 Std=0.061782 RMS90=0.032485
Pretraining energy response by particle species:
  Neutron: n=13032 Mean=0.844220 Std=0.261869 RMS90=0.128914
  K0: n=11955 Mean=0.953177 Std=0.194507 RMS90=0.092106
  Photon: n=19748 Mean=1.089590 Std=1.124371 RMS90=0.358710
  Pion: n=21287 Mean=0.974450 Std=0.280859 RMS90=0.095279
  Electron: n=6154 Mean=0.973411 Std=0.516013 RMS90=0.293454
  Muon: n=2222 Mean=0.958953 Std=0.210600 RMS90=0.034776

Epoch 61
Pretraining energy response (E_pred / E_true) by true-energy bin:
  1-50 GeV: n=40292 Mean=0.908574 Std=0.299597 RMS90=0.197629
  50-150 GeV: n=23832 Mean=0.919735 Std=0.129503 RMS90=0.039054
  >150 GeV: n=68 Mean=0.914900 Std=0.060510 RMS90=0.031483
Pretraining energy response by particle species:
  Neutron: n=13032 Mean=0.834694 Std=0.259599 RMS90=0.128031
  K0: n=11955 Mean=0.942146 Std=0.193597 RMS90=0.092992
  Photon: n=19748 Mean=1.081798 Std=1.123446 RMS90=0.362247
  Pion: n=21287 Mean=0.975766 Std=0.270438 RMS90=0.082425
  Electron: n=6154 Mean=0.971375 Std=0.517361 RMS90=0.294804
  Muon: n=2222 Mean=0.972897 Std=0.200866 RMS90=0.032280

Epoch 62
Pretraining energy response (E_pred / E_true) by true-energy bin:
  1-50 GeV: n=40292 Mean=0.927056 Std=0.302098 RMS90=0.189655
  50-150 GeV: n=23832 Mean=0.940237 Std=0.130780 RMS90=0.039700
  >150 GeV: n=68 Mean=0.918072 Std=0.125765 RMS90=0.029366
Pretraining energy response by particle species:
  Neutron: n=13032 Mean=0.859412 Std=0.265202 RMS90=0.130013
  K0: n=11955 Mean=0.971797 Std=0.198035 RMS90=0.093527
  Photon: n=19748 Mean=1.112437 Std=1.150420 RMS90=0.360817
  Pion: n=21287 Mean=0.985278 Std=0.276765 RMS90=0.083805
  Electron: n=6154 Mean=0.984084 Std=0.510056 RMS90=0.293122
  Muon: n=2222 Mean=0.976111 Std=0.205790 RMS90=0.025789

Epoch 63
Pretraining energy response (E_pred / E_true) by true-energy bin:
  1-50 GeV: n=40292 Mean=0.812087 Std=0.272467 RMS90=0.168728
  50-150 GeV: n=23832 Mean=0.861183 Std=0.123923 RMS90=0.040940
  >150 GeV: n=68 Mean=0.867294 Std=0.071122 RMS90=0.040196
Pretraining energy response by particle species:
  Neutron: n=13032 Mean=0.755626 Std=0.235960 RMS90=0.118848
  K0: n=11955 Mean=0.852895 Std=0.175802 RMS90=0.086105
  Photon: n=19748 Mean=1.030729 Std=1.081539 RMS90=0.336304
  Pion: n=21287 Mean=0.893451 Std=0.273931 RMS90=0.094934
  Electron: n=6154 Mean=0.906694 Std=0.505991 RMS90=0.270649
  Muon: n=2222 Mean=0.898062 Std=0.201453 RMS90=0.024009

Epoch 64
Pretraining energy response (E_pred / E_true) by true-energy bin:
  1-50 GeV: n=40292 Mean=0.896889 Std=0.319328 RMS90=0.204253
  50-150 GeV: n=23832 Mean=0.911229 Std=0.139388 RMS90=0.070499
  >150 GeV: n=68 Mean=0.901474 Std=0.081420 RMS90=0.066602
Pretraining energy response by particle species:
  Neutron: n=13032 Mean=0.876446 Std=0.276535 RMS90=0.137046
  K0: n=11955 Mean=0.994485 Std=0.210244 RMS90=0.101114
  Photon: n=19748 Mean=1.143348 Std=1.255291 RMS90=0.366185
  Pion: n=21287 Mean=0.896658 Std=0.288708 RMS90=0.101241
  Electron: n=6154 Mean=0.951038 Std=0.657417 RMS90=0.277793
  Muon: n=2222 Mean=0.897381 Std=0.208184 RMS90=0.043904

Epoch 65
Pretraining energy response (E_pred / E_true) by true-energy bin:
  1-50 GeV: n=40292 Mean=0.943223 Std=0.316153 RMS90=0.188980
  50-150 GeV: n=23832 Mean=0.954516 Std=0.140259 RMS90=0.056355
  >150 GeV: n=68 Mean=0.916153 Std=0.070824 RMS90=0.037959
Pretraining energy response by particle species:
  Neutron: n=13032 Mean=0.891960 Std=0.274907 RMS90=0.135407
  K0: n=11955 Mean=1.010326 Std=0.209602 RMS90=0.101186
  Photon: n=19748 Mean=1.188253 Std=1.277146 RMS90=0.382174
  Pion: n=21287 Mean=0.971906 Std=0.283856 RMS90=0.087194
  Electron: n=6154 Mean=1.006366 Std=0.640727 RMS90=0.293701
  Muon: n=2222 Mean=0.954253 Std=0.205499 RMS90=0.026992

Epoch 66
Pretraining energy response (E_pred / E_true) by true-energy bin:
  1-50 GeV: n=40292 Mean=0.943430 Std=0.318229 RMS90=0.190933
  50-150 GeV: n=23832 Mean=0.940077 Std=0.149837 RMS90=0.065581
  >150 GeV: n=68 Mean=0.898864 Std=0.138604 RMS90=0.071983
Pretraining energy response by particle species:
  Neutron: n=13032 Mean=0.856828 Std=0.276297 RMS90=0.136067
  K0: n=11955 Mean=0.974174 Std=0.217551 RMS90=0.091874
  Photon: n=19748 Mean=1.169452 Std=1.241003 RMS90=0.361332
  Pion: n=21287 Mean=1.002073 Std=0.328214 RMS90=0.129292
  Electron: n=6154 Mean=1.028494 Std=0.560938 RMS90=0.300895
  Muon: n=2222 Mean=0.970336 Std=0.243172 RMS90=0.068748

Epoch 67
Pretraining energy response (E_pred / E_true) by true-energy bin:
  1-50 GeV: n=40292 Mean=0.892717 Std=1.947994 RMS90=0.181310
  50-150 GeV: n=23832 Mean=0.913812 Std=1.220348 RMS90=0.046325
  >150 GeV: n=68 Mean=0.894865 Std=0.063214 RMS90=0.038461
Pretraining energy response by particle species:
  Neutron: n=13032 Mean=0.847079 Std=0.267572 RMS90=0.140136
  K0: n=11955 Mean=0.955286 Std=0.204559 RMS90=0.103996
  Photon: n=19748 Mean=1.089700 Std=2.676239 RMS90=0.351634
  Pion: n=21287 Mean=0.931195 Std=0.293526 RMS90=0.095247
  Electron: n=6154 Mean=1.130079 Std=11.216086 RMS90=0.280296
  Muon: n=2222 Mean=0.926563 Std=0.199336 RMS90=0.027974

Epoch 68
Pretraining energy response (E_pred / E_true) by true-energy bin:
  1-50 GeV: n=40292 Mean=0.883559 Std=0.298805 RMS90=0.176763
  50-150 GeV: n=23832 Mean=0.861718 Std=0.121714 RMS90=0.039289
  >150 GeV: n=68 Mean=0.861377 Std=0.097452 RMS90=0.037638
Pretraining energy response by particle species:
  Neutron: n=13032 Mean=0.754304 Std=0.231728 RMS90=0.118085
  K0: n=11955 Mean=0.849135 Std=0.173308 RMS90=0.083345
  Photon: n=19748 Mean=1.156171 Std=2.064530 RMS90=0.323843
  Pion: n=21287 Mean=0.979844 Std=0.313260 RMS90=0.134470
  Electron: n=6154 Mean=1.011822 Std=0.623560 RMS90=0.282512
  Muon: n=2222 Mean=0.970688 Std=0.257739 RMS90=0.077637

Epoch 69
Pretraining energy response (E_pred / E_true) by true-energy bin:
  1-50 GeV: n=40292 Mean=0.936653 Std=2.794020 RMS90=0.204927
  50-150 GeV: n=23832 Mean=0.913398 Std=1.728679 RMS90=0.060647
  >150 GeV: n=68 Mean=0.876564 Std=0.061507 RMS90=0.041793
Pretraining energy response by particle species:
  Neutron: n=13032 Mean=0.862747 Std=0.277516 RMS90=0.141188
  K0: n=11955 Mean=0.982173 Std=0.214163 RMS90=0.105947
  Photon: n=19748 Mean=1.158289 Std=3.734830 RMS90=0.385753
  Pion: n=21287 Mean=0.944995 Std=0.288859 RMS90=0.101884
  Electron: n=6154 Mean=1.247190 Std=16.151944 RMS90=0.298659
  Muon: n=2222 Mean=0.926288 Std=0.208629 RMS90=0.069451

Epoch 70
Pretraining energy response (E_pred / E_true) by true-energy bin:
  1-50 GeV: n=40292 Mean=0.912807 Std=0.312478 RMS90=0.201564
  50-150 GeV: n=23832 Mean=0.927496 Std=0.133040 RMS90=0.045164
  >150 GeV: n=68 Mean=0.904416 Std=0.087520 RMS90=0.039316
Pretraining energy response by particle species:
  Neutron: n=13032 Mean=0.830970 Std=0.266816 RMS90=0.140603
  K0: n=11955 Mean=0.936803 Std=0.196507 RMS90=0.099004
  Photon: n=19748 Mean=1.086757 Std=1.183396 RMS90=0.353668
  Pion: n=21287 Mean=1.008382 Std=0.305772 RMS90=0.105786
  Electron: n=6154 Mean=1.002915 Std=0.557755 RMS90=0.297261
  Muon: n=2222 Mean=0.997648 Std=0.231405 RMS90=0.039154

Epoch 71
Pretraining energy response (E_pred / E_true) by true-energy bin:
  1-50 GeV: n=40292 Mean=0.919146 Std=0.300838 RMS90=0.165817
  50-150 GeV: n=23832 Mean=0.906218 Std=0.132084 RMS90=0.057830
  >150 GeV: n=68 Mean=0.868991 Std=0.055127 RMS90=0.031135
Pretraining energy response by particle species:
  Neutron: n=13032 Mean=0.862801 Std=0.265033 RMS90=0.129770
  K0: n=11955 Mean=0.975025 Std=0.206612 RMS90=0.102958
  Photon: n=19748 Mean=1.153307 Std=1.336014 RMS90=0.356266
  Pion: n=21287 Mean=0.947361 Std=0.292549 RMS90=0.097055
  Electron: n=6154 Mean=0.983398 Std=0.565419 RMS90=0.281117
  Muon: n=2222 Mean=0.919821 Std=0.226317 RMS90=0.034066

Epoch 72
Pretraining energy response (E_pred / E_true) by true-energy bin:
  1-50 GeV: n=40292 Mean=0.893507 Std=0.287771 RMS90=0.163225
  50-150 GeV: n=23832 Mean=0.864695 Std=0.123996 RMS90=0.049739
  >150 GeV: n=68 Mean=0.850759 Std=0.071229 RMS90=0.054019
Pretraining energy response by particle species:
  Neutron: n=13032 Mean=0.804940 Std=0.249525 RMS90=0.125476
  K0: n=11955 Mean=0.908655 Std=0.187013 RMS90=0.093089
  Photon: n=19748 Mean=1.168039 Std=1.230776 RMS90=0.353796
  Pion: n=21287 Mean=0.931894 Std=0.276357 RMS90=0.099574
  Electron: n=6154 Mean=0.986987 Std=0.563024 RMS90=0.270681
  Muon: n=2222 Mean=0.900066 Std=0.211662 RMS90=0.065298

Epoch 73
Pretraining energy response (E_pred / E_true) by true-energy bin:
  1-50 GeV: n=40292 Mean=0.902792 Std=0.304971 RMS90=0.181973
  50-150 GeV: n=23832 Mean=0.890443 Std=0.132494 RMS90=0.063391
  >150 GeV: n=68 Mean=0.870128 Std=0.076616 RMS90=0.060094
Pretraining energy response by particle species:
  Neutron: n=13032 Mean=0.847309 Std=0.265793 RMS90=0.132607
  K0: n=11955 Mean=0.956677 Std=0.201016 RMS90=0.096442
  Photon: n=19748 Mean=1.106987 Std=1.240431 RMS90=0.369064
  Pion: n=21287 Mean=0.968955 Std=3.166563 RMS90=0.106321
  Electron: n=6154 Mean=1.119735 Std=7.676276 RMS90=0.287902
  Muon: n=2222 Mean=0.906823 Std=0.205434 RMS90=0.061016

Epoch 74
Pretraining energy response (E_pred / E_true) by true-energy bin:
  1-50 GeV: n=40292 Mean=0.884927 Std=0.296075 RMS90=0.172995
  50-150 GeV: n=23832 Mean=0.924988 Std=0.129936 RMS90=0.045898
  >150 GeV: n=68 Mean=0.897209 Std=0.060954 RMS90=0.032193
Pretraining energy response by particle species:
  Neutron: n=13032 Mean=0.846796 Std=0.264762 RMS90=0.133527
  K0: n=11955 Mean=0.959201 Std=0.194502 RMS90=0.092706
  Photon: n=19748 Mean=1.112334 Std=1.172985 RMS90=0.348073
  Pion: n=21287 Mean=0.953713 Std=1.898235 RMS90=0.091983
  Electron: n=6154 Mean=1.007192 Std=2.335528 RMS90=0.273842
  Muon: n=2222 Mean=0.927857 Std=0.179875 RMS90=0.026030

Epoch 75
Pretraining energy response (E_pred / E_true) by true-energy bin:
  1-50 GeV: n=40292 Mean=0.957639 Std=1.338427 RMS90=0.181046
  50-150 GeV: n=23832 Mean=0.940742 Std=0.812560 RMS90=0.066541
  >150 GeV: n=68 Mean=0.921136 Std=0.070470 RMS90=0.052357
Pretraining energy response by particle species:
  Neutron: n=13032 Mean=0.888815 Std=0.274881 RMS90=0.135640
  K0: n=11955 Mean=1.008040 Std=0.206768 RMS90=0.100703
  Photon: n=19748 Mean=1.212359 Std=2.038077 RMS90=0.366082
  Pion: n=21287 Mean=0.982056 Std=1.680005 RMS90=0.098436
  Electron: n=6154 Mean=1.143519 Std=7.481231 RMS90=0.285543
  Muon: n=2222 Mean=0.952469 Std=0.211775 RMS90=0.049679

Epoch 76
Pretraining energy response (E_pred / E_true) by true-energy bin:
  1-50 GeV: n=40292 Mean=0.910506 Std=0.294749 RMS90=0.162660
  50-150 GeV: n=23832 Mean=0.883042 Std=0.129628 RMS90=0.055074
  >150 GeV: n=68 Mean=0.865754 Std=0.068704 RMS90=0.055015
Pretraining energy response by particle species:
  Neutron: n=13032 Mean=0.829383 Std=0.255761 RMS90=0.127264
  K0: n=11955 Mean=0.937961 Std=0.195672 RMS90=0.092216
  Photon: n=19748 Mean=1.112643 Std=1.188030 RMS90=0.330105
  Pion: n=21287 Mean=0.954653 Std=0.302510 RMS90=0.111275
  Electron: n=6154 Mean=0.981477 Std=0.543050 RMS90=0.272751
  Muon: n=2222 Mean=0.938830 Std=0.234826 RMS90=0.058003

Epoch 77
Pretraining energy response (E_pred / E_true) by true-energy bin:
  1-50 GeV: n=40292 Mean=0.887389 Std=0.294009 RMS90=0.181731
  50-150 GeV: n=23832 Mean=0.903311 Std=0.125697 RMS90=0.039971
  >150 GeV: n=68 Mean=0.896641 Std=0.064885 RMS90=0.034832
Pretraining energy response by particle species:
  Neutron: n=13032 Mean=0.827095 Std=0.260995 RMS90=0.133114
  K0: n=11955 Mean=0.933414 Std=0.194264 RMS90=0.091023
  Photon: n=19748 Mean=1.103484 Std=1.191564 RMS90=0.355963
  Pion: n=21287 Mean=0.942177 Std=0.275788 RMS90=0.082669
  Electron: n=6154 Mean=0.963553 Std=0.525792 RMS90=0.277754
  Muon: n=2222 Mean=0.938766 Std=0.210508 RMS90=0.026073

Epoch 78
Pretraining energy response (E_pred / E_true) by true-energy bin:
  1-50 GeV: n=40292 Mean=0.974304 Std=0.325120 RMS90=0.195886
  50-150 GeV: n=23832 Mean=0.952967 Std=0.147415 RMS90=0.065685
  >150 GeV: n=68 Mean=0.909712 Std=0.109216 RMS90=0.048871
Pretraining energy response by particle species:
  Neutron: n=13032 Mean=0.917999 Std=0.284592 RMS90=0.135711
  K0: n=11955 Mean=1.043262 Std=0.226411 RMS90=0.106634
  Photon: n=19748 Mean=1.203216 Std=1.333423 RMS90=0.372644
  Pion: n=21287 Mean=0.982425 Std=0.295633 RMS90=0.109059
  Electron: n=6154 Mean=1.013439 Std=0.580893 RMS90=0.292789
  Muon: n=2222 Mean=0.958435 Std=0.224700 RMS90=0.068589

Epoch 79
Pretraining energy response (E_pred / E_true) by true-energy bin:
  1-50 GeV: n=40292 Mean=0.889095 Std=0.292247 RMS90=0.170906
  50-150 GeV: n=23832 Mean=0.921269 Std=0.130672 RMS90=0.044875
  >150 GeV: n=68 Mean=0.904453 Std=0.107894 RMS90=0.041501
Pretraining energy response by particle species:
  Neutron: n=13032 Mean=0.832026 Std=0.258428 RMS90=0.127821
  K0: n=11955 Mean=0.940182 Std=0.188655 RMS90=0.088520
  Photon: n=19748 Mean=1.069447 Std=1.154029 RMS90=0.339144
  Pion: n=21287 Mean=0.957529 Std=0.276478 RMS90=0.085705
  Electron: n=6154 Mean=0.952183 Std=0.496019 RMS90=0.281263
  Muon: n=2222 Mean=0.919367 Std=0.208327 RMS90=0.092966

Epoch 80
Pretraining energy response (E_pred / E_true) by true-energy bin:
  1-50 GeV: n=40292 Mean=0.888855 Std=0.296329 RMS90=0.181701
  50-150 GeV: n=23832 Mean=0.908979 Std=0.129513 RMS90=0.040975
  >150 GeV: n=68 Mean=0.890818 Std=0.125265 RMS90=0.037024
Pretraining energy response by particle species:
  Neutron: n=13032 Mean=0.831337 Std=0.263159 RMS90=0.130971
  K0: n=11955 Mean=0.936948 Std=0.195451 RMS90=0.094412
  Photon: n=19748 Mean=1.066937 Std=1.122392 RMS90=0.352349
  Pion: n=21287 Mean=0.947415 Std=0.274416 RMS90=0.079489
  Electron: n=6154 Mean=0.947811 Std=0.514945 RMS90=0.285454
  Muon: n=2222 Mean=0.930823 Std=0.204880 RMS90=0.026001

Epoch 81
Pretraining energy response (E_pred / E_true) by true-energy bin:
  1-50 GeV: n=40292 Mean=0.916154 Std=0.308356 RMS90=0.194340
  50-150 GeV: n=23832 Mean=0.959406 Std=0.135088 RMS90=0.040380
  >150 GeV: n=68 Mean=0.935542 Std=0.128707 RMS90=0.034067
Pretraining energy response by particle species:
  Neutron: n=13032 Mean=0.886015 Std=0.276423 RMS90=0.133377
  K0: n=11955 Mean=0.999777 Std=0.208401 RMS90=0.099257
  Photon: n=19748 Mean=1.084687 Std=1.124551 RMS90=0.366746
  Pion: n=21287 Mean=0.963333 Std=0.278508 RMS90=0.085780
  Electron: n=6154 Mean=0.957474 Std=0.516684 RMS90=0.294583
  Muon: n=2222 Mean=0.958398 Std=0.205765 RMS90=0.016120

Epoch 82
Pretraining energy response (E_pred / E_true) by true-energy bin:
  1-50 GeV: n=40292 Mean=0.909435 Std=0.308373 RMS90=0.185552
  50-150 GeV: n=23832 Mean=0.921758 Std=0.135489 RMS90=0.055920
  >150 GeV: n=68 Mean=0.901198 Std=0.076894 RMS90=0.056431
Pretraining energy response by particle species:
  Neutron: n=13032 Mean=0.864318 Std=0.270692 RMS90=0.134900
  K0: n=11955 Mean=0.979202 Std=0.204681 RMS90=0.094390
  Photon: n=19748 Mean=1.078676 Std=1.119117 RMS90=0.365390
  Pion: n=21287 Mean=0.942638 Std=0.277164 RMS90=0.090048
  Electron: n=6154 Mean=0.943928 Std=0.506586 RMS90=0.292549
  Muon: n=2222 Mean=0.924046 Std=0.198876 RMS90=0.064865

Epoch 83
Pretraining energy response (E_pred / E_true) by true-energy bin:
  1-50 GeV: n=40292 Mean=0.931717 Std=1.575077 RMS90=0.188775
  50-150 GeV: n=23832 Mean=0.951124 Std=1.004572 RMS90=0.039372
  >150 GeV: n=68 Mean=0.927270 Std=0.125742 RMS90=0.047809
Pretraining energy response by particle species:
  Neutron: n=13032 Mean=0.869474 Std=0.272777 RMS90=0.131162
  K0: n=11955 Mean=0.984326 Std=0.202977 RMS90=0.097075
  Photon: n=19748 Mean=1.110569 Std=2.406828 RMS90=0.372883
  Pion: n=21287 Mean=0.972378 Std=0.274774 RMS90=0.080303
  Electron: n=6154 Mean=1.124079 Std=9.190557 RMS90=0.300251
  Muon: n=2222 Mean=0.974145 Std=0.196606 RMS90=0.022861

Epoch 84
Pretraining energy response (E_pred / E_true) by true-energy bin:
  1-50 GeV: n=40292 Mean=0.910470 Std=0.301732 RMS90=0.181919
  50-150 GeV: n=23832 Mean=0.918182 Std=0.137491 RMS90=0.066724
  >150 GeV: n=68 Mean=0.887452 Std=0.081690 RMS90=0.060320
Pretraining energy response by particle species:
  Neutron: n=13032 Mean=0.869478 Std=0.270297 RMS90=0.131740
  K0: n=11955 Mean=0.981865 Std=0.197505 RMS90=0.091982
  Photon: n=19748 Mean=1.057028 Std=1.055763 RMS90=0.361864
  Pion: n=21287 Mean=0.940390 Std=0.280841 RMS90=0.094614
  Electron: n=6154 Mean=0.937602 Std=0.495068 RMS90=0.294841
  Muon: n=2222 Mean=0.917955 Std=0.216096 RMS90=0.061908

Epoch 85
Pretraining energy response (E_pred / E_true) by true-energy bin:
  1-50 GeV: n=40292 Mean=0.918344 Std=0.303428 RMS90=0.153895
  50-150 GeV: n=23832 Mean=0.921815 Std=0.129412 RMS90=0.041610
  >150 GeV: n=68 Mean=0.897709 Std=0.123430 RMS90=0.041685
Pretraining energy response by particle species:
  Neutron: n=13032 Mean=0.844773 Std=0.260643 RMS90=0.126163
  K0: n=11955 Mean=0.949693 Std=0.193523 RMS90=0.093641
  Photon: n=19748 Mean=1.048423 Std=1.036139 RMS90=0.352195
  Pion: n=21287 Mean=0.985311 Std=0.281988 RMS90=0.090911
  Electron: n=6154 Mean=0.963786 Std=0.504743 RMS90=0.300390
  Muon: n=2222 Mean=0.964863 Std=0.214168 RMS90=0.049012

Epoch 86
Pretraining energy response (E_pred / E_true) by true-energy bin:
  1-50 GeV: n=40292 Mean=0.909680 Std=0.297431 RMS90=0.147135
  50-150 GeV: n=23832 Mean=0.939404 Std=0.132864 RMS90=0.042576
  >150 GeV: n=68 Mean=0.920386 Std=0.069404 RMS90=0.026663
Pretraining energy response by particle species:
  Neutron: n=13032 Mean=0.866022 Std=0.267769 RMS90=0.128067
  K0: n=11955 Mean=0.979186 Std=0.199487 RMS90=0.090470
  Photon: n=19748 Mean=1.071342 Std=1.239299 RMS90=0.350753
  Pion: n=21287 Mean=0.959829 Std=0.276189 RMS90=0.078312
  Electron: n=6154 Mean=0.955016 Std=0.499687 RMS90=0.284852
  Muon: n=2222 Mean=0.950691 Std=0.199816 RMS90=0.029701

Epoch 87
Pretraining energy response (E_pred / E_true) by true-energy bin:
  1-50 GeV: n=40292 Mean=0.903658 Std=0.302075 RMS90=0.153008
  50-150 GeV: n=23832 Mean=0.898974 Std=0.131011 RMS90=0.047518
  >150 GeV: n=68 Mean=0.877549 Std=0.073308 RMS90=0.040771
Pretraining energy response by particle species:
  Neutron: n=13032 Mean=0.843381 Std=0.259979 RMS90=0.124465
  K0: n=11955 Mean=0.952206 Std=0.193922 RMS90=0.092277
  Photon: n=19748 Mean=1.073958 Std=1.155817 RMS90=0.342040
  Pion: n=21287 Mean=0.941419 Std=0.274700 RMS90=0.088853
  Electron: n=6154 Mean=0.956854 Std=0.684712 RMS90=0.279946
  Muon: n=2222 Mean=0.927308 Std=0.209272 RMS90=0.041397

Epoch 88
Pretraining energy response (E_pred / E_true) by true-energy bin:
  1-50 GeV: n=40292 Mean=0.885168 Std=0.290168 RMS90=0.169014
  50-150 GeV: n=23832 Mean=0.905179 Std=0.126661 RMS90=0.039416
  >150 GeV: n=68 Mean=0.895445 Std=0.097587 RMS90=0.044689
Pretraining energy response by particle species:
  Neutron: n=13032 Mean=0.832321 Std=0.258120 RMS90=0.126698
  K0: n=11955 Mean=0.938725 Std=0.193155 RMS90=0.093083
  Photon: n=19748 Mean=1.052877 Std=1.064320 RMS90=0.332730
  Pion: n=21287 Mean=0.932777 Std=0.265927 RMS90=0.076146
  Electron: n=6154 Mean=0.935040 Std=0.496726 RMS90=0.272300
  Muon: n=2222 Mean=0.930513 Std=0.183522 RMS90=0.017601

Epoch 89
Pretraining energy response (E_pred / E_true) by true-energy bin:
  1-50 GeV: n=40292 Mean=0.942262 Std=0.310715 RMS90=0.179557
  50-150 GeV: n=23832 Mean=0.932972 Std=0.129127 RMS90=0.039835
  >150 GeV: n=68 Mean=0.917366 Std=0.070484 RMS90=0.031353
Pretraining energy response by particle species:
  Neutron: n=13032 Mean=0.861533 Std=0.267522 RMS90=0.130701
  K0: n=11955 Mean=0.975076 Std=0.198914 RMS90=0.094651
  Photon: n=19748 Mean=1.087827 Std=1.393373 RMS90=0.354171
  Pion: n=21287 Mean=1.005153 Std=0.296636 RMS90=0.106547
  Electron: n=6154 Mean=0.987928 Std=0.520664 RMS90=0.302290
  Muon: n=2222 Mean=0.986656 Std=0.221809 RMS90=0.049415

Epoch 90
Pretraining energy response (E_pred / E_true) by true-energy bin:
  1-50 GeV: n=40292 Mean=0.923542 Std=0.304612 RMS90=0.160349
  50-150 GeV: n=23832 Mean=0.934702 Std=0.130896 RMS90=0.049190
  >150 GeV: n=68 Mean=0.909511 Std=0.100468 RMS90=0.034404
Pretraining energy response by particle species:
  Neutron: n=13032 Mean=0.876341 Std=0.272568 RMS90=0.134261
  K0: n=11955 Mean=0.991183 Std=0.202121 RMS90=0.095523
  Photon: n=19748 Mean=1.063340 Std=1.051938 RMS90=0.356840
  Pion: n=21287 Mean=0.961930 Std=0.278051 RMS90=0.087428
  Electron: n=6154 Mean=0.948300 Std=0.502296 RMS90=0.291807
  Muon: n=2222 Mean=0.942276 Std=0.205413 RMS90=0.040399

Epoch 91
Pretraining energy response (E_pred / E_true) by true-energy bin:
  1-50 GeV: n=40292 Mean=0.939333 Std=0.310292 RMS90=0.177016
  50-150 GeV: n=23832 Mean=0.947649 Std=0.130348 RMS90=0.038045
  >150 GeV: n=68 Mean=0.936373 Std=0.076941 RMS90=0.036971
Pretraining energy response by particle species:
  Neutron: n=13032 Mean=0.869259 Std=0.268769 RMS90=0.128857
  K0: n=11955 Mean=0.981388 Std=0.198946 RMS90=0.093069
  Photon: n=19748 Mean=1.062477 Std=1.077204 RMS90=0.352717
  Pion: n=21287 Mean=1.007935 Std=0.290497 RMS90=0.098922
  Electron: n=6154 Mean=0.979538 Std=0.514560 RMS90=0.301014
  Muon: n=2222 Mean=0.995310 Std=0.223305 RMS90=0.039461

Epoch 92
Pretraining energy response (E_pred / E_true) by true-energy bin:
  1-50 GeV: n=40292 Mean=0.922336 Std=0.300074 RMS90=0.170676
  50-150 GeV: n=23832 Mean=0.941222 Std=0.130582 RMS90=0.043952
  >150 GeV: n=68 Mean=0.916598 Std=0.126210 RMS90=0.032812
Pretraining energy response by particle species:
  Neutron: n=13032 Mean=0.867442 Std=0.269354 RMS90=0.130378
  K0: n=11955 Mean=0.978032 Std=0.194676 RMS90=0.091836
  Photon: n=19748 Mean=1.066095 Std=1.038077 RMS90=0.344718
  Pion: n=21287 Mean=0.974485 Std=0.275200 RMS90=0.084310
  Electron: n=6154 Mean=0.960888 Std=0.495074 RMS90=0.287870
  Muon: n=2222 Mean=0.970635 Std=0.204331 RMS90=0.038078

Epoch 93
Pretraining energy response (E_pred / E_true) by true-energy bin:
  1-50 GeV: n=40292 Mean=0.916078 Std=0.298546 RMS90=0.151416
  50-150 GeV: n=23832 Mean=0.939376 Std=0.129336 RMS90=0.037552
  >150 GeV: n=68 Mean=0.926904 Std=0.095542 RMS90=0.027602
Pretraining energy response by particle species:
  Neutron: n=13032 Mean=0.850880 Std=0.262062 RMS90=0.126388
  K0: n=11955 Mean=0.959041 Std=0.190632 RMS90=0.089156
  Photon: n=19748 Mean=1.056891 Std=1.028924 RMS90=0.348010
  Pion: n=21287 Mean=0.982806 Std=0.273178 RMS90=0.080072
  Electron: n=6154 Mean=0.958999 Std=0.492496 RMS90=0.291396
  Muon: n=2222 Mean=0.980880 Std=0.201431 RMS90=0.026542

Epoch 94
Pretraining energy response (E_pred / E_true) by true-energy bin:
  1-50 GeV: n=40292 Mean=0.916497 Std=0.299787 RMS90=0.151193
  50-150 GeV: n=23832 Mean=0.920416 Std=0.126287 RMS90=0.039058
  >150 GeV: n=68 Mean=0.901541 Std=0.100941 RMS90=0.027559
Pretraining energy response by particle species:
  Neutron: n=13032 Mean=0.851255 Std=0.263401 RMS90=0.126791
  K0: n=11955 Mean=0.959380 Std=0.193550 RMS90=0.091247
  Photon: n=19748 Mean=1.047533 Std=1.034225 RMS90=0.346518
  Pion: n=21287 Mean=0.974828 Std=0.280914 RMS90=0.094026
  Electron: n=6154 Mean=0.956057 Std=0.501100 RMS90=0.292287
  Muon: n=2222 Mean=0.963144 Std=0.219369 RMS90=0.033361

Epoch 95
Pretraining energy response (E_pred / E_true) by true-energy bin:
  1-50 GeV: n=40292 Mean=0.909926 Std=0.302414 RMS90=0.188601
  50-150 GeV: n=23832 Mean=0.907621 Std=0.129567 RMS90=0.051278
  >150 GeV: n=68 Mean=0.894474 Std=0.069169 RMS90=0.053621
Pretraining energy response by particle species:
  Neutron: n=13032 Mean=0.852981 Std=0.265485 RMS90=0.126442
  K0: n=11955 Mean=0.963286 Std=0.196843 RMS90=0.092584
  Photon: n=19748 Mean=1.046498 Std=1.055405 RMS90=0.358886
  Pion: n=21287 Mean=0.949084 Std=0.277798 RMS90=0.092170
  Electron: n=6154 Mean=0.937623 Std=0.506005 RMS90=0.294432
  Muon: n=2222 Mean=0.931074 Std=0.215645 RMS90=0.051246

Epoch 96
Pretraining energy response (E_pred / E_true) by true-energy bin:
  1-50 GeV: n=40292 Mean=0.919966 Std=0.298031 RMS90=0.147205
  50-150 GeV: n=23832 Mean=0.925314 Std=0.128281 RMS90=0.040810
  >150 GeV: n=68 Mean=0.904970 Std=0.107588 RMS90=0.027938
Pretraining energy response by particle species:
  Neutron: n=13032 Mean=0.856530 Std=0.264151 RMS90=0.126571
  K0: n=11955 Mean=0.964892 Std=0.196411 RMS90=0.094182
  Photon: n=19748 Mean=1.064700 Std=1.043929 RMS90=0.347573
  Pion: n=21287 Mean=0.970338 Std=0.272557 RMS90=0.083391
  Electron: n=6154 Mean=0.956132 Std=0.493681 RMS90=0.288243
  Muon: n=2222 Mean=0.962225 Std=0.204831 RMS90=0.032616

Epoch 97
Pretraining energy response (E_pred / E_true) by true-energy bin:
  1-50 GeV: n=40292 Mean=0.913438 Std=0.296787 RMS90=0.149461
  50-150 GeV: n=23832 Mean=0.892876 Std=0.134627 RMS90=0.070486
  >150 GeV: n=68 Mean=0.869574 Std=0.080463 RMS90=0.069143
Pretraining energy response by particle species:
  Neutron: n=13032 Mean=0.866197 Std=0.265579 RMS90=0.125851
  K0: n=11955 Mean=0.977180 Std=0.197953 RMS90=0.095004
  Photon: n=19748 Mean=1.069738 Std=1.036280 RMS90=0.348185
  Pion: n=21287 Mean=0.920904 Std=0.277369 RMS90=0.099604
  Electron: n=6154 Mean=0.925557 Std=0.498356 RMS90=0.279787
  Muon: n=2222 Mean=0.896718 Std=0.214655 RMS90=0.057553

Epoch 98
Pretraining energy response (E_pred / E_true) by true-energy bin:
  1-50 GeV: n=40292 Mean=0.916453 Std=0.298757 RMS90=0.154922
  50-150 GeV: n=23832 Mean=0.928543 Std=0.127663 RMS90=0.038567
  >150 GeV: n=68 Mean=0.911735 Std=0.114663 RMS90=0.027398
Pretraining energy response by particle species:
  Neutron: n=13032 Mean=0.852911 Std=0.263504 RMS90=0.125554
  K0: n=11955 Mean=0.962301 Std=0.194301 RMS90=0.090262
  Photon: n=19748 Mean=1.051309 Std=1.038020 RMS90=0.347501
  Pion: n=21287 Mean=0.974035 Std=0.276088 RMS90=0.085818
  Electron: n=6154 Mean=0.952734 Std=0.486807 RMS90=0.291996
  Muon: n=2222 Mean=0.965187 Std=0.212738 RMS90=0.035137

Epoch 99
Pretraining energy response (E_pred / E_true) by true-energy bin:
  1-50 GeV: n=40292 Mean=0.915932 Std=0.300756 RMS90=0.185325
  50-150 GeV: n=23832 Mean=0.924169 Std=0.128764 RMS90=0.041360
  >150 GeV: n=68 Mean=0.911167 Std=0.063715 RMS90=0.030999
Pretraining energy response by particle species:
  Neutron: n=13032 Mean=0.856283 Std=0.263840 RMS90=0.126019
  K0: n=11955 Mean=0.965516 Std=0.194300 RMS90=0.090459
  Photon: n=19748 Mean=1.052187 Std=1.047817 RMS90=0.353830
  Pion: n=21287 Mean=0.965605 Std=0.271918 RMS90=0.081736
  Electron: n=6154 Mean=0.946526 Std=0.505221 RMS90=0.293430
  Muon: n=2222 Mean=0.956033 Std=0.203096 RMS90=0.041750

Epoch 100
Pretraining energy response (E_pred / E_true) by true-energy bin:
  1-50 GeV: n=40292 Mean=0.929114 Std=0.316347 RMS90=0.195152
  50-150 GeV: n=23832 Mean=0.923778 Std=0.131026 RMS90=0.042377
  >150 GeV: n=68 Mean=0.905568 Std=0.061895 RMS90=0.035524
Pretraining energy response by particle species:
  Neutron: n=13032 Mean=0.859769 Std=0.272618 RMS90=0.137718
  K0: n=11955 Mean=0.974590 Std=0.202198 RMS90=0.097057
  Photon: n=19748 Mean=1.045625 Std=1.074576 RMS90=0.354854
  Pion: n=21287 Mean=0.988683 Std=0.299783 RMS90=0.100887
  Electron: n=6154 Mean=0.969305 Std=0.537418 RMS90=0.301704
  Muon: n=2222 Mean=0.976413 Std=0.228982 RMS90=0.047967

Epoch 101
Pretraining energy response (E_pred / E_true) by true-energy bin:
  1-50 GeV: n=40292 Mean=0.896088 Std=0.301832 RMS90=0.188433
  50-150 GeV: n=23832 Mean=0.915109 Std=0.127791 RMS90=0.039691
  >150 GeV: n=68 Mean=0.911173 Std=0.064511 RMS90=0.042674
Pretraining energy response by particle species:
  Neutron: n=13032 Mean=0.846575 Std=0.263634 RMS90=0.125238
  K0: n=11955 Mean=0.955394 Std=0.195951 RMS90=0.093420
  Photon: n=19748 Mean=1.040940 Std=1.659763 RMS90=0.357491
  Pion: n=21287 Mean=0.942994 Std=0.277141 RMS90=0.084731
  Electron: n=6154 Mean=0.922648 Std=0.521659 RMS90=0.294086
  Muon: n=2222 Mean=0.934034 Std=0.200815 RMS90=0.020848

Epoch 102
Pretraining energy response (E_pred / E_true) by true-energy bin:
  1-50 GeV: n=40292 Mean=0.886871 Std=0.313073 RMS90=0.210424
  50-150 GeV: n=23832 Mean=0.922193 Std=0.150030 RMS90=0.090991
  >150 GeV: n=68 Mean=0.879404 Std=0.118304 RMS90=0.061573
Pretraining energy response by particle species:
  Neutron: n=13032 Mean=0.883418 Std=0.281813 RMS90=0.141648
  K0: n=11955 Mean=1.004339 Std=0.202519 RMS90=0.095642
  Photon: n=19748 Mean=1.055012 Std=1.057256 RMS90=0.361752
  Pion: n=21287 Mean=0.881428 Std=0.285372 RMS90=0.102158
  Electron: n=6154 Mean=0.896720 Std=0.518825 RMS90=0.281957
  Muon: n=2222 Mean=0.871644 Std=0.185532 RMS90=0.039415

Epoch 103
Pretraining energy response (E_pred / E_true) by true-energy bin:
  1-50 GeV: n=40292 Mean=0.954676 Std=0.313107 RMS90=0.195228
  50-150 GeV: n=23832 Mean=0.975910 Std=0.139824 RMS90=0.058135
  >150 GeV: n=68 Mean=0.932168 Std=0.083969 RMS90=0.034511
Pretraining energy response by particle species:
  Neutron: n=13032 Mean=0.898970 Std=0.283763 RMS90=0.146309
  K0: n=11955 Mean=1.020765 Std=0.201007 RMS90=0.095433
  Photon: n=19748 Mean=1.104070 Std=1.081066 RMS90=0.348912
  Pion: n=21287 Mean=1.011273 Std=0.302972 RMS90=0.105914
  Electron: n=6154 Mean=0.996946 Std=0.510492 RMS90=0.295467
  Muon: n=2222 Mean=0.993249 Std=0.230751 RMS90=0.042842

Epoch 104
Pretraining energy response (E_pred / E_true) by true-energy bin:
  1-50 GeV: n=40292 Mean=0.890589 Std=0.307344 RMS90=0.213038
  50-150 GeV: n=23832 Mean=0.910861 Std=0.128791 RMS90=0.040737
  >150 GeV: n=68 Mean=0.892833 Std=0.120592 RMS90=0.029894
Pretraining energy response by particle species:
  Neutron: n=13032 Mean=0.841675 Std=0.268228 RMS90=0.132295
  K0: n=11955 Mean=0.951791 Std=0.198342 RMS90=0.094468
  Photon: n=19748 Mean=0.984842 Std=0.960633 RMS90=0.368138
  Pion: n=21287 Mean=0.946211 Std=0.282094 RMS90=0.083616
  Electron: n=6154 Mean=0.914806 Std=0.566446 RMS90=0.310050
  Muon: n=2222 Mean=0.947233 Std=0.208952 RMS90=0.042639

Epoch 105
Pretraining energy response (E_pred / E_true) by true-energy bin:
  1-50 GeV: n=40292 Mean=0.959067 Std=0.337091 RMS90=0.209703
  50-150 GeV: n=23832 Mean=1.023235 Std=0.211804 RMS90=0.123190
  >150 GeV: n=68 Mean=0.958786 Std=0.142618 RMS90=0.092370
Pretraining energy response by particle species:
  Neutron: n=13032 Mean=1.008938 Std=0.339934 RMS90=0.195816
  K0: n=11955 Mean=1.143799 Std=0.261397 RMS90=0.150897
  Photon: n=19748 Mean=1.099264 Std=1.085444 RMS90=0.367877
  Pion: n=21287 Mean=0.948788 Std=0.647427 RMS90=0.097403
  Electron: n=6154 Mean=0.976460 Std=1.489153 RMS90=0.293328
  Muon: n=2222 Mean=0.917097 Std=0.206568 RMS90=0.055300

Epoch 106
Pretraining energy response (E_pred / E_true) by true-energy bin:
  1-50 GeV: n=40292 Mean=0.934559 Std=0.316936 RMS90=0.166315
  50-150 GeV: n=23832 Mean=0.914278 Std=0.130445 RMS90=0.054441
  >150 GeV: n=68 Mean=0.887495 Std=0.062832 RMS90=0.048954
Pretraining energy response by particle species:
  Neutron: n=13032 Mean=0.865631 Std=0.268688 RMS90=0.127651
  K0: n=11955 Mean=0.975459 Std=0.198699 RMS90=0.093688
  Photon: n=19748 Mean=1.031094 Std=1.026713 RMS90=0.357091
  Pion: n=21287 Mean=0.987465 Std=0.319852 RMS90=0.129189
  Electron: n=6154 Mean=0.959454 Std=0.585551 RMS90=0.305837
  Muon: n=2222 Mean=0.960515 Std=0.252909 RMS90=0.063707

Epoch 107
Pretraining energy response (E_pred / E_true) by true-energy bin:
  1-50 GeV: n=40292 Mean=0.975385 Std=0.324300 RMS90=0.174518
  50-150 GeV: n=23832 Mean=0.993092 Std=0.145551 RMS90=0.057089
  >150 GeV: n=68 Mean=0.943058 Std=0.115632 RMS90=0.025314
Pretraining energy response by particle species:
  Neutron: n=13032 Mean=0.953230 Std=0.306957 RMS90=0.159697
  K0: n=11955 Mean=1.071614 Std=0.232647 RMS90=0.123776
  Photon: n=19748 Mean=1.078186 Std=1.035813 RMS90=0.336030
  Pion: n=21287 Mean=1.014988 Std=0.300908 RMS90=0.108017
  Electron: n=6154 Mean=0.985945 Std=0.506810 RMS90=0.297010
  Muon: n=2222 Mean=0.998732 Std=0.242021 RMS90=0.045012

Epoch 108
Pretraining energy response (E_pred / E_true) by true-energy bin:
  1-50 GeV: n=40292 Mean=0.920064 Std=0.300358 RMS90=0.165806
  50-150 GeV: n=23832 Mean=0.936966 Std=0.138947 RMS90=0.060686
  >150 GeV: n=68 Mean=0.901655 Std=0.125977 RMS90=0.043777
Pretraining energy response by particle species:
  Neutron: n=13032 Mean=0.883715 Std=0.279381 RMS90=0.138808
  K0: n=11955 Mean=1.003090 Std=0.202467 RMS90=0.095964
  Photon: n=19748 Mean=1.100943 Std=1.094564 RMS90=0.339596
  Pion: n=21287 Mean=0.944550 Std=0.275338 RMS90=0.087989
  Electron: n=6154 Mean=0.956937 Std=0.504867 RMS90=0.276754
  Muon: n=2222 Mean=0.930396 Std=0.198954 RMS90=0.035440

Epoch 109
Pretraining energy response (E_pred / E_true) by true-energy bin:
  1-50 GeV: n=40292 Mean=0.922718 Std=0.294763 RMS90=0.148846
  50-150 GeV: n=23832 Mean=0.913000 Std=0.128449 RMS90=0.042358
  >150 GeV: n=68 Mean=0.892775 Std=0.089869 RMS90=0.037477
Pretraining energy response by particle species:
  Neutron: n=13032 Mean=0.847754 Std=0.259921 RMS90=0.125671
  K0: n=11955 Mean=0.953812 Std=0.195506 RMS90=0.098729
  Photon: n=19748 Mean=1.097754 Std=1.136523 RMS90=0.332808
  Pion: n=21287 Mean=0.973388 Std=0.272291 RMS90=0.088602
  Electron: n=6154 Mean=0.968437 Std=0.499969 RMS90=0.277182
  Muon: n=2222 Mean=0.968348 Std=0.200744 RMS90=0.048419

Epoch 110
Pretraining energy response (E_pred / E_true) by true-energy bin:
  1-50 GeV: n=40292 Mean=0.920622 Std=0.302077 RMS90=0.171774
  50-150 GeV: n=23832 Mean=0.916288 Std=0.127721 RMS90=0.046537
  >150 GeV: n=68 Mean=0.895528 Std=0.113000 RMS90=0.030918
Pretraining energy response by particle species:
  Neutron: n=13032 Mean=0.847894 Std=0.264553 RMS90=0.131551
  K0: n=11955 Mean=0.954216 Std=0.191133 RMS90=0.092859
  Photon: n=19748 Mean=1.098955 Std=1.094783 RMS90=0.345932
  Pion: n=21287 Mean=0.972545 Std=0.283907 RMS90=0.101061
  Electron: n=6154 Mean=0.974389 Std=0.514535 RMS90=0.286833
  Muon: n=2222 Mean=0.959077 Std=0.199825 RMS90=0.048396

Epoch 111
Pretraining energy response (E_pred / E_true) by true-energy bin:
  1-50 GeV: n=40292 Mean=0.905262 Std=0.301178 RMS90=0.160990
  50-150 GeV: n=23832 Mean=0.929674 Std=0.127770 RMS90=0.041486
  >150 GeV: n=68 Mean=0.896981 Std=0.116079 RMS90=0.027177
Pretraining energy response by particle species:
  Neutron: n=13032 Mean=0.857418 Std=0.265412 RMS90=0.128241
  K0: n=11955 Mean=0.969616 Std=0.195864 RMS90=0.091598
  Photon: n=19748 Mean=1.069677 Std=1.087454 RMS90=0.351939
  Pion: n=21287 Mean=0.956467 Std=0.281256 RMS90=0.084605
  Electron: n=6154 Mean=0.950015 Std=0.510420 RMS90=0.289026
  Muon: n=2222 Mean=0.960905 Std=0.192467 RMS90=0.028497

Epoch 112
Pretraining energy response (E_pred / E_true) by true-energy bin:
  1-50 GeV: n=40292 Mean=0.944559 Std=0.320357 RMS90=0.170480
  50-150 GeV: n=23832 Mean=0.911879 Std=0.146116 RMS90=0.085003
  >150 GeV: n=68 Mean=0.877533 Std=0.098732 RMS90=0.090383
Pretraining energy response by particle species:
  Neutron: n=13032 Mean=0.891594 Std=0.281876 RMS90=0.138458
  K0: n=11955 Mean=1.008281 Std=0.211754 RMS90=0.101838
  Photon: n=19748 Mean=1.075230 Std=1.145615 RMS90=0.368058
  Pion: n=21287 Mean=0.956786 Std=0.313821 RMS90=0.130367
  Electron: n=6154 Mean=0.949474 Std=0.529883 RMS90=0.303511
  Muon: n=2222 Mean=0.917409 Std=0.246521 RMS90=0.085208

Epoch 113
Pretraining energy response (E_pred / E_true) by true-energy bin:
  1-50 GeV: n=40292 Mean=0.896541 Std=0.295136 RMS90=0.145222
  50-150 GeV: n=23832 Mean=0.921777 Std=0.130980 RMS90=0.043727
  >150 GeV: n=68 Mean=0.906547 Std=0.111836 RMS90=0.042289
Pretraining energy response by particle species:
  Neutron: n=13032 Mean=0.830400 Std=0.259318 RMS90=0.122720
  K0: n=11955 Mean=0.935373 Std=0.190755 RMS90=0.093375
  Photon: n=19748 Mean=1.049178 Std=1.054294 RMS90=0.344290
  Pion: n=21287 Mean=0.967544 Std=0.280151 RMS90=0.081977
  Electron: n=6154 Mean=0.949270 Std=0.508922 RMS90=0.291276
  Muon: n=2222 Mean=0.961692 Std=0.210270 RMS90=0.013103

Epoch 114
Pretraining energy response (E_pred / E_true) by true-energy bin:
  1-50 GeV: n=40292 Mean=0.958574 Std=0.312206 RMS90=0.153390
  50-150 GeV: n=23832 Mean=0.961358 Std=0.133354 RMS90=0.043221
  >150 GeV: n=68 Mean=0.935845 Std=0.126073 RMS90=0.027551
Pretraining energy response by particle species:
  Neutron: n=13032 Mean=0.896211 Std=0.275313 RMS90=0.128447
  K0: n=11955 Mean=1.010748 Std=0.205430 RMS90=0.096692
  Photon: n=19748 Mean=1.099777 Std=1.063063 RMS90=0.351630
  Pion: n=21287 Mean=1.006134 Std=0.302435 RMS90=0.095546
  Electron: n=6154 Mean=0.999347 Std=0.552177 RMS90=0.299874
  Muon: n=2222 Mean=0.992994 Std=0.237784 RMS90=0.035557

Epoch 115
Pretraining energy response (E_pred / E_true) by true-energy bin:
  1-50 GeV: n=40292 Mean=0.922706 Std=0.316762 RMS90=0.167722
  50-150 GeV: n=23832 Mean=0.921693 Std=0.134411 RMS90=0.039216
  >150 GeV: n=68 Mean=0.902630 Std=0.126461 RMS90=0.038118
Pretraining energy response by particle species:
  Neutron: n=13032 Mean=0.851196 Std=0.265213 RMS90=0.129833
  K0: n=11955 Mean=0.961353 Std=0.200760 RMS90=0.098611
  Photon: n=19748 Mean=1.049708 Std=1.087085 RMS90=0.369113
  Pion: n=21287 Mean=0.991884 Std=0.664809 RMS90=0.092367
  Electron: n=6154 Mean=0.965402 Std=0.643061 RMS90=0.305956
  Muon: n=2222 Mean=0.974341 Std=0.224007 RMS90=0.034607

Epoch 116
Pretraining energy response (E_pred / E_true) by true-energy bin:
  1-50 GeV: n=40292 Mean=0.917042 Std=0.305458 RMS90=0.152200
  50-150 GeV: n=23832 Mean=0.911062 Std=0.129014 RMS90=0.047757
  >150 GeV: n=68 Mean=0.893031 Std=0.059235 RMS90=0.034864
Pretraining energy response by particle species:
  Neutron: n=13032 Mean=0.849373 Std=0.260667 RMS90=0.122768
  K0: n=11955 Mean=0.956793 Std=0.192724 RMS90=0.090112
  Photon: n=19748 Mean=1.035735 Std=1.089506 RMS90=0.356145
  Pion: n=21287 Mean=0.974013 Std=0.299635 RMS90=0.104326
  Electron: n=6154 Mean=0.950328 Std=0.502832 RMS90=0.303253
  Muon: n=2222 Mean=0.945543 Std=0.249175 RMS90=0.072940

Epoch 117
Pretraining energy response (E_pred / E_true) by true-energy bin:
  1-50 GeV: n=40292 Mean=0.955313 Std=0.339397 RMS90=0.169256
  50-150 GeV: n=23832 Mean=0.930503 Std=0.164024 RMS90=0.074908
  >150 GeV: n=68 Mean=0.891297 Std=0.135414 RMS90=0.071880
Pretraining energy response by particle species:
  Neutron: n=13032 Mean=0.893899 Std=0.275420 RMS90=0.132057
  K0: n=11955 Mean=1.006633 Std=0.201730 RMS90=0.095718
  Photon: n=19748 Mean=1.085838 Std=1.149865 RMS90=0.352551
  Pion: n=21287 Mean=0.986458 Std=0.315360 RMS90=0.134763
  Electron: n=6154 Mean=0.983663 Std=0.916128 RMS90=0.300769
  Muon: n=2222 Mean=0.946807 Std=0.249395 RMS90=0.076530

Epoch 118
Pretraining energy response (E_pred / E_true) by true-energy bin:
  1-50 GeV: n=40292 Mean=0.893223 Std=0.295516 RMS90=0.144999
  50-150 GeV: n=23832 Mean=0.919617 Std=0.126014 RMS90=0.037526
  >150 GeV: n=68 Mean=0.903096 Std=0.112047 RMS90=0.026801
Pretraining energy response by particle species:
  Neutron: n=13032 Mean=0.848709 Std=0.261601 RMS90=0.125105
  K0: n=11955 Mean=0.955741 Std=0.191253 RMS90=0.089331
  Photon: n=19748 Mean=1.013166 Std=1.010769 RMS90=0.346463
  Pion: n=21287 Mean=0.953442 Std=0.279095 RMS90=0.079650
  Electron: n=6154 Mean=0.930108 Std=0.485888 RMS90=0.290528
  Muon: n=2222 Mean=0.947014 Std=0.199744 RMS90=0.021344

Epoch 119
Pretraining energy response (E_pred / E_true) by true-energy bin:
  1-50 GeV: n=40292 Mean=0.903346 Std=0.299826 RMS90=0.156257
  50-150 GeV: n=23832 Mean=0.924070 Std=0.128209 RMS90=0.038552
  >150 GeV: n=68 Mean=0.904337 Std=0.109014 RMS90=0.032148
Pretraining energy response by particle species:
  Neutron: n=13032 Mean=0.846333 Std=0.263012 RMS90=0.127437
  K0: n=11955 Mean=0.955913 Std=0.193304 RMS90=0.090657
  Photon: n=19748 Mean=1.059340 Std=1.118646 RMS90=0.357521
  Pion: n=21287 Mean=0.958782 Std=0.275517 RMS90=0.080500
  Electron: n=6154 Mean=0.948664 Std=0.494045 RMS90=0.291916
  Muon: n=2222 Mean=0.956436 Std=0.192169 RMS90=0.026889

Epoch 120
Pretraining energy response (E_pred / E_true) by true-energy bin:
  1-50 GeV: n=40292 Mean=0.895547 Std=0.292836 RMS90=0.146120
  50-150 GeV: n=23832 Mean=0.920780 Std=0.128060 RMS90=0.042633
  >150 GeV: n=68 Mean=0.905548 Std=0.118070 RMS90=0.030292
Pretraining energy response by particle species:
  Neutron: n=13032 Mean=0.855091 Std=0.264129 RMS90=0.126084
  K0: n=11955 Mean=0.962279 Std=0.190450 RMS90=0.091838
  Photon: n=19748 Mean=1.051880 Std=1.039630 RMS90=0.347238
  Pion: n=21287 Mean=0.939971 Std=0.268964 RMS90=0.078743
  Electron: n=6154 Mean=0.933737 Std=0.489485 RMS90=0.281381
  Muon: n=2222 Mean=0.931620 Std=0.182450 RMS90=0.018761

Epoch 121
Pretraining energy response (E_pred / E_true) by true-energy bin:
  1-50 GeV: n=40292 Mean=0.907887 Std=0.294297 RMS90=0.146002
  50-150 GeV: n=23832 Mean=0.915041 Std=0.126639 RMS90=0.042207
  >150 GeV: n=68 Mean=0.886305 Std=0.117673 RMS90=0.027106
Pretraining energy response by particle species:
  Neutron: n=13032 Mean=0.862295 Std=0.263517 RMS90=0.123519
  K0: n=11955 Mean=0.967327 Std=0.197857 RMS90=0.096498
  Photon: n=19748 Mean=1.056657 Std=1.014884 RMS90=0.336255
  Pion: n=21287 Mean=0.941695 Std=0.266151 RMS90=0.079562
  Electron: n=6154 Mean=0.938646 Std=0.488694 RMS90=0.279801
  Muon: n=2222 Mean=0.940990 Std=0.192083 RMS90=0.023526

Epoch 122
Pretraining energy response (E_pred / E_true) by true-energy bin:
  1-50 GeV: n=40292 Mean=0.900005 Std=0.296373 RMS90=0.151722
  50-150 GeV: n=23832 Mean=0.914165 Std=0.126652 RMS90=0.038476
  >150 GeV: n=68 Mean=0.896276 Std=0.123240 RMS90=0.031356
Pretraining energy response by particle species:
  Neutron: n=13032 Mean=0.846277 Std=0.259279 RMS90=0.120381
  K0: n=11955 Mean=0.953799 Std=0.194236 RMS90=0.090931
  Photon: n=19748 Mean=1.041020 Std=1.088045 RMS90=0.347997
  Pion: n=21287 Mean=0.947969 Std=0.267183 RMS90=0.078290
  Electron: n=6154 Mean=0.934178 Std=0.500565 RMS90=0.288585
  Muon: n=2222 Mean=0.943931 Std=0.193618 RMS90=0.026971

Epoch 123
Pretraining energy response (E_pred / E_true) by true-energy bin:
  1-50 GeV: n=40292 Mean=0.908961 Std=0.309059 RMS90=0.182104
  50-150 GeV: n=23832 Mean=0.916599 Std=0.135212 RMS90=0.048428
  >150 GeV: n=68 Mean=0.895081 Std=0.124850 RMS90=0.041137
Pretraining energy response by particle species:
  Neutron: n=13032 Mean=0.861583 Std=0.267191 RMS90=0.124923
  K0: n=11955 Mean=0.970088 Std=0.195399 RMS90=0.092170
  Photon: n=19748 Mean=1.021869 Std=1.045023 RMS90=0.349303
  Pion: n=21287 Mean=0.951942 Std=0.277770 RMS90=0.086301
  Electron: n=6154 Mean=0.935464 Std=0.650633 RMS90=0.290091
  Muon: n=2222 Mean=0.936300 Std=0.210375 RMS90=0.042206

Epoch 124
Pretraining energy response (E_pred / E_true) by true-energy bin:
  1-50 GeV: n=40292 Mean=0.928548 Std=0.304686 RMS90=0.151828
  50-150 GeV: n=23832 Mean=0.943386 Std=0.128500 RMS90=0.036842
  >150 GeV: n=68 Mean=0.922395 Std=0.124478 RMS90=0.025941
Pretraining energy response by particle species:
  Neutron: n=13032 Mean=0.857136 Std=0.264708 RMS90=0.120708
  K0: n=11955 Mean=0.966724 Std=0.189920 RMS90=0.085822
  Photon: n=19748 Mean=1.038669 Std=0.982753 RMS90=0.345082
  Pion: n=21287 Mean=0.999480 Std=0.292780 RMS90=0.095986
  Electron: n=6154 Mean=0.960945 Std=0.486850 RMS90=0.301393
  Muon: n=2222 Mean=0.989823 Std=0.225432 RMS90=0.035654

Epoch 125
Pretraining energy response (E_pred / E_true) by true-energy bin:
  1-50 GeV: n=40292 Mean=0.917026 Std=0.300561 RMS90=0.153475
  50-150 GeV: n=23832 Mean=0.910020 Std=0.128246 RMS90=0.048135
  >150 GeV: n=68 Mean=0.887506 Std=0.123736 RMS90=0.041465
Pretraining energy response by particle species:
  Neutron: n=13032 Mean=0.852781 Std=0.264063 RMS90=0.126855
  K0: n=11955 Mean=0.959266 Std=0.190641 RMS90=0.091181
  Photon: n=19748 Mean=1.026691 Std=0.966260 RMS90=0.342212
  Pion: n=21287 Mean=0.965440 Std=0.281542 RMS90=0.102085
  Electron: n=6154 Mean=0.937910 Std=0.489830 RMS90=0.291804
  Muon: n=2222 Mean=0.946053 Std=0.213508 RMS90=0.050683

Epoch 126
Pretraining energy response (E_pred / E_true) by true-energy bin:
  1-50 GeV: n=40292 Mean=0.907785 Std=0.303071 RMS90=0.156044
  50-150 GeV: n=23832 Mean=0.915922 Std=0.134919 RMS90=0.064554
  >150 GeV: n=68 Mean=0.891947 Std=0.080246 RMS90=0.068730
Pretraining energy response by particle species:
  Neutron: n=13032 Mean=0.872739 Std=0.270940 RMS90=0.127093
  K0: n=11955 Mean=0.983017 Std=0.196787 RMS90=0.090417
  Photon: n=19748 Mean=1.018417 Std=0.993527 RMS90=0.356625
  Pion: n=21287 Mean=0.932490 Std=0.274180 RMS90=0.086209
  Electron: n=6154 Mean=0.915275 Std=0.488133 RMS90=0.293657
  Muon: n=2222 Mean=0.904864 Std=0.210589 RMS90=0.075620

Epoch 127
Pretraining energy response (E_pred / E_true) by true-energy bin:
  1-50 GeV: n=40292 Mean=0.905434 Std=0.304590 RMS90=0.151261
  50-150 GeV: n=23832 Mean=0.915383 Std=0.130107 RMS90=0.048363
  >150 GeV: n=68 Mean=0.902424 Std=0.067048 RMS90=0.038487
Pretraining energy response by particle species:
  Neutron: n=13032 Mean=0.862977 Std=0.263372 RMS90=0.122952
  K0: n=11955 Mean=0.968140 Std=0.199033 RMS90=0.094666
  Photon: n=19748 Mean=1.015328 Std=1.091924 RMS90=0.369871
  Pion: n=21287 Mean=0.943827 Std=0.275650 RMS90=0.080449
  Electron: n=6154 Mean=0.911238 Std=0.497219 RMS90=0.304031
  Muon: n=2222 Mean=0.914067 Std=0.225242 RMS90=0.050753

Epoch 128
Pretraining energy response (E_pred / E_true) by true-energy bin:
  1-50 GeV: n=40292 Mean=0.913656 Std=0.296619 RMS90=0.144337
  50-150 GeV: n=23832 Mean=0.930457 Std=0.127651 RMS90=0.036772
  >150 GeV: n=68 Mean=0.919495 Std=0.119431 RMS90=0.025712
Pretraining energy response by particle species:
  Neutron: n=13032 Mean=0.851861 Std=0.258340 RMS90=0.121586
  K0: n=11955 Mean=0.957529 Std=0.189187 RMS90=0.088693
  Photon: n=19748 Mean=1.021913 Std=0.971706 RMS90=0.346481
  Pion: n=21287 Mean=0.974042 Std=0.273862 RMS90=0.079785
  Electron: n=6154 Mean=0.940051 Std=0.478480 RMS90=0.296891
  Muon: n=2222 Mean=0.969305 Std=0.202825 RMS90=0.022744

Epoch 129
Pretraining energy response (E_pred / E_true) by true-energy bin:
  1-50 GeV: n=40292 Mean=0.889978 Std=0.298221 RMS90=0.155662
  50-150 GeV: n=23832 Mean=0.917764 Std=0.126575 RMS90=0.039710
  >150 GeV: n=68 Mean=0.899252 Std=0.118931 RMS90=0.028443
Pretraining energy response by particle species:
  Neutron: n=13032 Mean=0.854698 Std=0.265189 RMS90=0.125419
  K0: n=11955 Mean=0.964553 Std=0.194573 RMS90=0.091641
  Photon: n=19748 Mean=1.006964 Std=1.008381 RMS90=0.348890
  Pion: n=21287 Mean=0.927747 Std=0.261292 RMS90=0.075714
  Electron: n=6154 Mean=0.902062 Std=0.475922 RMS90=0.284417
  Muon: n=2222 Mean=0.928181 Std=0.183162 RMS90=0.018256

Epoch 130
Pretraining energy response (E_pred / E_true) by true-energy bin:
  1-50 GeV: n=40292 Mean=0.900214 Std=0.303950 RMS90=0.143820
  50-150 GeV: n=23832 Mean=0.905430 Std=0.135191 RMS90=0.045897
  >150 GeV: n=68 Mean=0.885460 Std=0.122153 RMS90=0.037973
Pretraining energy response by particle species:
  Neutron: n=13032 Mean=0.847604 Std=0.259643 RMS90=0.124398
  K0: n=11955 Mean=0.950312 Std=0.192089 RMS90=0.093500
  Photon: n=19748 Mean=1.005578 Std=0.997058 RMS90=0.350802
  Pion: n=21287 Mean=0.946430 Std=0.273921 RMS90=0.087462
  Electron: n=6154 Mean=0.921300 Std=0.641821 RMS90=0.293686
  Muon: n=2222 Mean=0.932617 Std=0.198851 RMS90=0.034542

Epoch 131
Pretraining energy response (E_pred / E_true) by true-energy bin:
  1-50 GeV: n=40292 Mean=0.913559 Std=0.315660 RMS90=0.150520
  50-150 GeV: n=23832 Mean=0.921736 Std=0.143335 RMS90=0.045893
  >150 GeV: n=68 Mean=0.898075 Std=0.123220 RMS90=0.037735
Pretraining energy response by particle species:
  Neutron: n=13032 Mean=0.860559 Std=0.265180 RMS90=0.121743
  K0: n=11955 Mean=0.967588 Std=0.193875 RMS90=0.090044
  Photon: n=19748 Mean=1.024056 Std=1.037542 RMS90=0.351407
  Pion: n=21287 Mean=0.958752 Std=0.275041 RMS90=0.086872
  Electron: n=6154 Mean=0.939893 Std=0.768081 RMS90=0.293834
  Muon: n=2222 Mean=0.944743 Std=0.205178 RMS90=0.040214

Epoch 132
Pretraining energy response (E_pred / E_true) by true-energy bin:
  1-50 GeV: n=40292 Mean=0.917466 Std=0.321051 RMS90=0.145508
  50-150 GeV: n=23832 Mean=0.921970 Std=0.146234 RMS90=0.038921
  >150 GeV: n=68 Mean=0.898439 Std=0.120349 RMS90=0.027162
Pretraining energy response by particle species:
  Neutron: n=13032 Mean=0.853030 Std=0.260352 RMS90=0.120156
  K0: n=11955 Mean=0.958581 Std=0.190088 RMS90=0.088885
  Photon: n=19748 Mean=1.027580 Std=1.033544 RMS90=0.348480
  Pion: n=21287 Mean=0.973220 Std=0.276914 RMS90=0.087654
  Electron: n=6154 Mean=0.951614 Std=0.848651 RMS90=0.297369
  Muon: n=2222 Mean=0.963283 Std=0.209120 RMS90=0.036886

Epoch 133
Pretraining energy response (E_pred / E_true) by true-energy bin:
  1-50 GeV: n=40292 Mean=0.908645 Std=0.295243 RMS90=0.143641
  50-150 GeV: n=23832 Mean=0.900937 Std=0.129558 RMS90=0.058631
  >150 GeV: n=68 Mean=0.882119 Std=0.069652 RMS90=0.056933
Pretraining energy response by particle species:
  Neutron: n=13032 Mean=0.860161 Std=0.261601 RMS90=0.121772
  K0: n=11955 Mean=0.968048 Std=0.193185 RMS90=0.091261
  Photon: n=19748 Mean=1.028479 Std=1.052818 RMS90=0.344517
  Pion: n=21287 Mean=0.930875 Std=0.271961 RMS90=0.092934
  Electron: n=6154 Mean=0.913935 Std=0.476047 RMS90=0.285098
  Muon: n=2222 Mean=0.909338 Std=0.209178 RMS90=0.048009

Epoch 134
Pretraining energy response (E_pred / E_true) by true-energy bin:
  1-50 GeV: n=40292 Mean=0.906337 Std=0.319146 RMS90=0.142881
  50-150 GeV: n=23832 Mean=0.911367 Std=0.146996 RMS90=0.045510
  >150 GeV: n=68 Mean=0.886322 Std=0.121731 RMS90=0.037691
Pretraining energy response by particle species:
  Neutron: n=13032 Mean=0.849348 Std=0.259576 RMS90=0.120061
  K0: n=11955 Mean=0.954980 Std=0.187464 RMS90=0.086793
  Photon: n=19748 Mean=1.013187 Std=1.004868 RMS90=0.347310
  Pion: n=21287 Mean=0.951174 Std=0.271923 RMS90=0.085704
  Electron: n=6154 Mean=0.933409 Std=0.862741 RMS90=0.292828
  Muon: n=2222 Mean=0.933511 Std=0.204773 RMS90=0.050502

Epoch 135
Pretraining energy response (E_pred / E_true) by true-energy bin:
  1-50 GeV: n=40292 Mean=0.911054 Std=0.302059 RMS90=0.147628
  50-150 GeV: n=23832 Mean=0.931617 Std=0.129237 RMS90=0.037852
  >150 GeV: n=68 Mean=0.912891 Std=0.117490 RMS90=0.024601
Pretraining energy response by particle species:
  Neutron: n=13032 Mean=0.856375 Std=0.262720 RMS90=0.122258
  K0: n=11955 Mean=0.964342 Std=0.189878 RMS90=0.086840
  Photon: n=19748 Mean=1.011084 Std=0.997108 RMS90=0.352349
  Pion: n=21287 Mean=0.966675 Std=0.271685 RMS90=0.079088
  Electron: n=6154 Mean=0.934543 Std=0.534722 RMS90=0.299117
  Muon: n=2222 Mean=0.958745 Std=0.202350 RMS90=0.031181

Epoch 136
Pretraining energy response (E_pred / E_true) by true-energy bin:
  1-50 GeV: n=40292 Mean=0.904739 Std=0.301890 RMS90=0.144134
  50-150 GeV: n=23832 Mean=0.923652 Std=0.131021 RMS90=0.037966
  >150 GeV: n=68 Mean=0.908198 Std=0.123620 RMS90=0.030177
Pretraining energy response by particle species:
  Neutron: n=13032 Mean=0.848841 Std=0.259694 RMS90=0.122736
  K0: n=11955 Mean=0.954298 Std=0.190526 RMS90=0.089387
  Photon: n=19748 Mean=1.009217 Std=1.008173 RMS90=0.351709
  Pion: n=21287 Mean=0.963771 Std=0.450843 RMS90=0.077614
  Electron: n=6154 Mean=0.930264 Std=0.571435 RMS90=0.298389
  Muon: n=2222 Mean=0.954721 Std=0.199752 RMS90=0.026231

Epoch 137
Pretraining energy response (E_pred / E_true) by true-energy bin:
  1-50 GeV: n=40292 Mean=0.915842 Std=0.302729 RMS90=0.149271
  50-150 GeV: n=23832 Mean=0.926205 Std=0.129568 RMS90=0.039955
  >150 GeV: n=68 Mean=0.910427 Std=0.121261 RMS90=0.029825
Pretraining energy response by particle species:
  Neutron: n=13032 Mean=0.854155 Std=0.262649 RMS90=0.124506
  K0: n=11955 Mean=0.959672 Std=0.193172 RMS90=0.092394
  Photon: n=19748 Mean=1.012376 Std=1.008880 RMS90=0.352832
  Pion: n=21287 Mean=0.976713 Std=0.279428 RMS90=0.086230
  Electron: n=6154 Mean=0.938313 Std=0.508984 RMS90=0.300877
  Muon: n=2222 Mean=0.965315 Std=0.213914 RMS90=0.031216

Epoch 138
Pretraining energy response (E_pred / E_true) by true-energy bin:
  1-50 GeV: n=40292 Mean=0.910862 Std=0.296649 RMS90=0.143299
  50-150 GeV: n=23832 Mean=0.921425 Std=0.127275 RMS90=0.039402
  >150 GeV: n=68 Mean=0.903503 Std=0.118459 RMS90=0.024979
Pretraining energy response by particle species:
  Neutron: n=13032 Mean=0.851924 Std=0.260040 RMS90=0.123191
  K0: n=11955 Mean=0.955953 Std=0.192629 RMS90=0.092498
  Photon: n=19748 Mean=1.015281 Std=1.010035 RMS90=0.345814
  Pion: n=21287 Mean=0.965079 Std=0.270172 RMS90=0.080570
  Electron: n=6154 Mean=0.931233 Std=0.478613 RMS90=0.293674
  Muon: n=2222 Mean=0.958540 Std=0.209880 RMS90=0.029026

Epoch 139
Pretraining energy response (E_pred / E_true) by true-energy bin:
  1-50 GeV: n=40292 Mean=0.913797 Std=0.301172 RMS90=0.151079
  50-150 GeV: n=23832 Mean=0.921571 Std=0.127806 RMS90=0.041686
  >150 GeV: n=68 Mean=0.903859 Std=0.119623 RMS90=0.029976
Pretraining energy response by particle species:
  Neutron: n=13032 Mean=0.860074 Std=0.264590 RMS90=0.124454
  K0: n=11955 Mean=0.967781 Std=0.195172 RMS90=0.092665
  Photon: n=19748 Mean=1.013104 Std=1.037333 RMS90=0.350517
  Pion: n=21287 Mean=0.961418 Std=0.274228 RMS90=0.087336
  Electron: n=6154 Mean=0.928275 Std=0.503889 RMS90=0.296992
  Muon: n=2222 Mean=0.946766 Std=0.212364 RMS90=0.031252

Epoch 140
Pretraining energy response (E_pred / E_true) by true-energy bin:
  1-50 GeV: n=40292 Mean=0.915459 Std=0.298897 RMS90=0.147260
  50-150 GeV: n=23832 Mean=0.931061 Std=0.128302 RMS90=0.043050
  >150 GeV: n=68 Mean=0.908584 Std=0.121090 RMS90=0.028022
Pretraining energy response by particle species:
  Neutron: n=13032 Mean=0.866887 Std=0.266697 RMS90=0.123387
  K0: n=11955 Mean=0.976118 Std=0.192597 RMS90=0.089563
  Photon: n=19748 Mean=1.025883 Std=0.983753 RMS90=0.347863
  Pion: n=21287 Mean=0.958904 Std=0.271775 RMS90=0.083483
  Electron: n=6154 Mean=0.929872 Std=0.480191 RMS90=0.292215
  Muon: n=2222 Mean=0.946626 Std=0.200557 RMS90=0.031443

Epoch 141
Pretraining energy response (E_pred / E_true) by true-energy bin:
  1-50 GeV: n=40292 Mean=0.914616 Std=0.299035 RMS90=0.148298
  50-150 GeV: n=23832 Mean=0.927605 Std=0.129111 RMS90=0.044120
  >150 GeV: n=68 Mean=0.910295 Std=0.126035 RMS90=0.039799
Pretraining energy response by particle species:
  Neutron: n=13032 Mean=0.864720 Std=0.263634 RMS90=0.124279
  K0: n=11955 Mean=0.970646 Std=0.194551 RMS90=0.093275
  Photon: n=19748 Mean=1.023469 Std=0.975535 RMS90=0.344789
  Pion: n=21287 Mean=0.964494 Std=0.279321 RMS90=0.090882
  Electron: n=6154 Mean=0.933915 Std=0.481804 RMS90=0.292183
  Muon: n=2222 Mean=0.934559 Std=0.206560 RMS90=0.040328

Epoch 142
Pretraining energy response (E_pred / E_true) by true-energy bin:
  1-50 GeV: n=40292 Mean=0.879145 Std=0.317332 RMS90=0.155138
  50-150 GeV: n=23832 Mean=0.914106 Std=0.147006 RMS90=0.039657
  >150 GeV: n=68 Mean=0.897800 Std=0.122766 RMS90=0.028873
Pretraining energy response by particle species:
  Neutron: n=13032 Mean=0.803189 Std=0.252172 RMS90=0.126306
  K0: n=11955 Mean=0.902212 Std=0.177637 RMS90=0.084328
  Photon: n=19748 Mean=1.005236 Std=1.126615 RMS90=0.349340
  Pion: n=21287 Mean=0.967874 Std=0.275729 RMS90=0.084198
  Electron: n=6154 Mean=0.945986 Std=0.838607 RMS90=0.300919
  Muon: n=2222 Mean=0.966642 Std=0.192463 RMS90=0.038232

Epoch 143
Pretraining energy response (E_pred / E_true) by true-energy bin:
  1-50 GeV: n=40292 Mean=0.898612 Std=0.301289 RMS90=0.159187
  50-150 GeV: n=23832 Mean=0.906667 Std=0.128699 RMS90=0.041397
  >150 GeV: n=68 Mean=0.880774 Std=0.114052 RMS90=0.033106
Pretraining energy response by particle species:
  Neutron: n=13032 Mean=0.837833 Std=0.258573 RMS90=0.127375
  K0: n=11955 Mean=0.943023 Std=0.187948 RMS90=0.090418
  Photon: n=19748 Mean=1.002550 Std=0.993586 RMS90=0.352443
  Pion: n=21287 Mean=0.959201 Std=0.294534 RMS90=0.099893
  Electron: n=6154 Mean=0.928333 Std=0.537403 RMS90=0.298774
  Muon: n=2222 Mean=0.941362 Std=0.217096 RMS90=0.036696

Epoch 144
Pretraining energy response (E_pred / E_true) by true-energy bin:
  1-50 GeV: n=40292 Mean=0.899723 Std=0.305397 RMS90=0.198070
  50-150 GeV: n=23832 Mean=0.937715 Std=0.133798 RMS90=0.043413
  >150 GeV: n=68 Mean=0.923966 Std=0.129880 RMS90=0.046924
Pretraining energy response by particle species:
  Neutron: n=13032 Mean=0.841313 Std=0.266629 RMS90=0.129992
  K0: n=11955 Mean=0.947895 Std=0.195935 RMS90=0.093241
  Photon: n=19748 Mean=1.103931 Std=6.936199 RMS90=0.350110
  Pion: n=21287 Mean=0.974673 Std=0.274005 RMS90=0.085187
  Electron: n=6154 Mean=0.945623 Std=0.880368 RMS90=0.306242
  Muon: n=2222 Mean=0.974544 Std=0.178854 RMS90=0.032728

Epoch 145
Pretraining energy response (E_pred / E_true) by true-energy bin:
  1-50 GeV: n=40292 Mean=0.862965 Std=0.286878 RMS90=0.146031
  50-150 GeV: n=23832 Mean=0.891944 Std=0.129385 RMS90=0.053631
  >150 GeV: n=68 Mean=0.876064 Std=0.125624 RMS90=0.056125
Pretraining energy response by particle species:
  Neutron: n=13032 Mean=0.827193 Std=0.255650 RMS90=0.122391
  K0: n=11955 Mean=0.928370 Std=0.181412 RMS90=0.086219
  Photon: n=19748 Mean=1.023308 Std=1.030973 RMS90=0.325016
  Pion: n=21287 Mean=0.891481 Std=0.261907 RMS90=0.080061
  Electron: n=6154 Mean=0.897114 Std=0.541691 RMS90=0.266768
  Muon: n=2222 Mean=0.888437 Std=0.170431 RMS90=0.030654

Epoch 146
Pretraining energy response (E_pred / E_true) by true-energy bin:
  1-50 GeV: n=40292 Mean=0.902748 Std=0.298673 RMS90=0.163356
  50-150 GeV: n=23832 Mean=0.914686 Std=0.128777 RMS90=0.040795
  >150 GeV: n=68 Mean=0.906244 Std=0.131128 RMS90=0.041595
Pretraining energy response by particle species:
  Neutron: n=13032 Mean=0.846445 Std=0.261706 RMS90=0.124790
  K0: n=11955 Mean=0.952101 Std=0.198277 RMS90=0.097520
  Photon: n=19748 Mean=1.029708 Std=1.229206 RMS90=0.344614
  Pion: n=21287 Mean=0.951997 Std=0.266817 RMS90=0.076143
  Electron: n=6154 Mean=0.923240 Std=0.473888 RMS90=0.289142
  Muon: n=2222 Mean=0.938047 Std=0.186828 RMS90=0.025598

Epoch 147
Pretraining energy response (E_pred / E_true) by true-energy bin:
  1-50 GeV: n=40292 Mean=0.929853 Std=0.319259 RMS90=0.150320
  50-150 GeV: n=23832 Mean=0.933495 Std=0.144025 RMS90=0.049379
  >150 GeV: n=68 Mean=0.904251 Std=0.122872 RMS90=0.035712
Pretraining energy response by particle species:
  Neutron: n=13032 Mean=0.887229 Std=0.271380 RMS90=0.127570
  K0: n=11955 Mean=0.997812 Std=0.205380 RMS90=0.098035
  Photon: n=19748 Mean=1.043655 Std=1.187671 RMS90=0.346419
  Pion: n=21287 Mean=0.959218 Std=0.293392 RMS90=0.081977
  Electron: n=6154 Mean=0.947106 Std=0.769821 RMS90=0.289910
  Muon: n=2222 Mean=0.945358 Std=0.205076 RMS90=0.044787

Epoch 148
Pretraining energy response (E_pred / E_true) by true-energy bin:
  1-50 GeV: n=40292 Mean=0.913968 Std=0.298037 RMS90=0.175710
  50-150 GeV: n=23832 Mean=0.917846 Std=0.128586 RMS90=0.045460
  >150 GeV: n=68 Mean=0.898166 Std=0.103405 RMS90=0.036557
Pretraining energy response by particle species:
  Neutron: n=13032 Mean=0.851789 Std=0.261946 RMS90=0.126725
  K0: n=11955 Mean=0.957546 Std=0.190492 RMS90=0.090148
  Photon: n=19748 Mean=1.064457 Std=1.039540 RMS90=0.346630
  Pion: n=21287 Mean=0.964399 Std=0.273547 RMS90=0.087299
  Electron: n=6154 Mean=0.954106 Std=0.506480 RMS90=0.287138
  Muon: n=2222 Mean=0.951119 Std=0.198808 RMS90=0.042753

Epoch 149
Pretraining energy response (E_pred / E_true) by true-energy bin:
  1-50 GeV: n=40292 Mean=0.745197 Std=0.370209 RMS90=0.316139
  50-150 GeV: n=23832 Mean=0.687337 Std=0.310065 RMS90=0.295871
  >150 GeV: n=68 Mean=0.647882 Std=0.301505 RMS90=0.295058
Pretraining energy response by particle species:
  Neutron: n=13032 Mean=0.860010 Std=0.261106 RMS90=0.130833
  K0: n=11955 Mean=0.966028 Std=0.202947 RMS90=0.106371
  Photon: n=19748 Mean=1.079646 Std=0.953027 RMS90=0.268041
  Pion: n=21287 Mean=0.511291 Std=0.373203 RMS90=0.212355
  Electron: n=6154 Mean=0.665941 Std=0.542006 RMS90=0.342870
  Muon: n=2222 Mean=0.385820 Std=0.271124 RMS90=0.025343

Epoch 150
Pretraining energy response (E_pred / E_true) by true-energy bin:
  1-50 GeV: n=40292 Mean=0.912837 Std=0.294792 RMS90=0.152384
  50-150 GeV: n=23832 Mean=0.925122 Std=0.125843 RMS90=0.038751
  >150 GeV: n=68 Mean=0.908371 Std=0.115267 RMS90=0.030978
Pretraining energy response by particle species:
  Neutron: n=13032 Mean=0.857352 Std=0.262211 RMS90=0.121046
  K0: n=11955 Mean=0.967130 Std=0.192167 RMS90=0.089186
  Photon: n=19748 Mean=1.049578 Std=0.996595 RMS90=0.328571
  Pion: n=21287 Mean=0.961242 Std=0.272315 RMS90=0.082178
  Electron: n=6154 Mean=0.946123 Std=0.489595 RMS90=0.278265
  Muon: n=2222 Mean=0.947742 Std=0.193785 RMS90=0.038130

Epoch 151
Pretraining energy response (E_pred / E_true) by true-energy bin:
  1-50 GeV: n=40292 Mean=0.890432 Std=0.299074 RMS90=0.176478
  50-150 GeV: n=23832 Mean=0.963443 Std=0.131562 RMS90=0.036902
  >150 GeV: n=68 Mean=0.944693 Std=0.120052 RMS90=0.026009
Pretraining energy response by particle species:
  Neutron: n=13032 Mean=0.862957 Std=0.267519 RMS90=0.126476
  K0: n=11955 Mean=0.974364 Std=0.195701 RMS90=0.088231
  Photon: n=19748 Mean=1.074629 Std=1.080434 RMS90=0.343292
  Pion: n=21287 Mean=0.945743 Std=0.276407 RMS90=0.097466
  Electron: n=6154 Mean=0.941328 Std=0.504697 RMS90=0.283042
  Muon: n=2222 Mean=0.960962 Std=0.186879 RMS90=0.025469

Epoch 152
Pretraining energy response (E_pred / E_true) by true-energy bin:
  1-50 GeV: n=40292 Mean=0.950736 Std=0.309262 RMS90=0.164034
  50-150 GeV: n=23832 Mean=0.946457 Std=0.133673 RMS90=0.056231
  >150 GeV: n=68 Mean=0.904717 Std=0.123099 RMS90=0.040960
Pretraining energy response by particle species:
  Neutron: n=13032 Mean=0.889680 Std=0.269725 RMS90=0.122632
  K0: n=11955 Mean=0.997973 Std=0.196907 RMS90=0.089660
  Photon: n=19748 Mean=1.102759 Std=1.091100 RMS90=0.345083
  Pion: n=21287 Mean=1.000318 Std=0.314477 RMS90=0.121117
  Electron: n=6154 Mean=0.988314 Std=0.532463 RMS90=0.293172
  Muon: n=2222 Mean=0.975513 Std=0.267887 RMS90=0.051207

Epoch 153
Pretraining energy response (E_pred / E_true) by true-energy bin:
  1-50 GeV: n=40292 Mean=0.894541 Std=0.329583 RMS90=0.163842
  50-150 GeV: n=23832 Mean=0.895112 Std=0.157979 RMS90=0.044933
  >150 GeV: n=68 Mean=0.872945 Std=0.100302 RMS90=0.039291
Pretraining energy response by particle species:
  Neutron: n=13032 Mean=0.815444 Std=0.254091 RMS90=0.123093
  K0: n=11955 Mean=0.914161 Std=0.187051 RMS90=0.089715
  Photon: n=19748 Mean=1.043105 Std=1.078108 RMS90=0.340968
  Pion: n=21287 Mean=0.957473 Std=0.281200 RMS90=0.094480
  Electron: n=6154 Mean=0.960413 Std=1.010836 RMS90=0.291234
  Muon: n=2222 Mean=0.941643 Std=0.205677 RMS90=0.044794

Epoch 154
Pretraining energy response (E_pred / E_true) by true-energy bin:
  1-50 GeV: n=40292 Mean=0.910231 Std=0.338142 RMS90=0.153628
  50-150 GeV: n=23832 Mean=0.936982 Std=0.163233 RMS90=0.039309
  >150 GeV: n=68 Mean=0.918697 Std=0.109154 RMS90=0.032889
Pretraining energy response by particle species:
  Neutron: n=13032 Mean=0.864595 Std=0.265333 RMS90=0.125072
  K0: n=11955 Mean=0.973528 Std=0.195279 RMS90=0.090896
  Photon: n=19748 Mean=1.050983 Std=1.060879 RMS90=0.344823
  Pion: n=21287 Mean=0.958810 Std=0.269435 RMS90=0.074627
  Electron: n=6154 Mean=0.964549 Std=1.090144 RMS90=0.287457
  Muon: n=2222 Mean=0.952647 Std=0.203833 RMS90=0.023040

Epoch 155
Pretraining energy response (E_pred / E_true) by true-energy bin:
  1-50 GeV: n=40292 Mean=0.898874 Std=0.318345 RMS90=0.173204
  50-150 GeV: n=23832 Mean=0.919964 Std=0.148577 RMS90=0.043759
  >150 GeV: n=68 Mean=0.897708 Std=0.113766 RMS90=0.036530
Pretraining energy response by particle species:
  Neutron: n=13032 Mean=0.853619 Std=0.263013 RMS90=0.125977
  K0: n=11955 Mean=0.960899 Std=0.190675 RMS90=0.089155
  Photon: n=19748 Mean=1.043933 Std=1.025601 RMS90=0.339518
  Pion: n=21287 Mean=0.942806 Std=0.265037 RMS90=0.076187
  Electron: n=6154 Mean=0.942947 Std=0.874430 RMS90=0.279620
  Muon: n=2222 Mean=0.932191 Std=0.189440 RMS90=0.025487

Epoch 156
Pretraining energy response (E_pred / E_true) by true-energy bin:
  1-50 GeV: n=40292 Mean=0.920813 Std=0.297486 RMS90=0.157512
  50-150 GeV: n=23832 Mean=0.944240 Std=0.129856 RMS90=0.037540
  >150 GeV: n=68 Mean=0.936459 Std=0.129292 RMS90=0.026959
Pretraining energy response by particle species:
  Neutron: n=13032 Mean=0.845790 Std=0.259216 RMS90=0.123927
  K0: n=11955 Mean=0.950918 Std=0.185917 RMS90=0.085905
  Photon: n=19748 Mean=1.059090 Std=1.021691 RMS90=0.330758
  Pion: n=21287 Mean=1.001748 Std=0.278524 RMS90=0.087245
  Electron: n=6154 Mean=0.972465 Std=0.479278 RMS90=0.289177
  Muon: n=2222 Mean=0.981703 Std=0.191115 RMS90=0.035850

Epoch 157
Pretraining energy response (E_pred / E_true) by true-energy bin:
  1-50 GeV: n=40292 Mean=0.921536 Std=0.298074 RMS90=0.146070
  50-150 GeV: n=23832 Mean=0.934845 Std=0.132302 RMS90=0.037593
  >150 GeV: n=68 Mean=0.918785 Std=0.129228 RMS90=0.030047
Pretraining energy response by particle species:
  Neutron: n=13032 Mean=0.855202 Std=0.259267 RMS90=0.122287
  K0: n=11955 Mean=0.961219 Std=0.190792 RMS90=0.091092
  Photon: n=19748 Mean=1.060920 Std=1.009442 RMS90=0.330033
  Pion: n=21287 Mean=0.982178 Std=0.273270 RMS90=0.082207
  Electron: n=6154 Mean=0.966454 Std=0.562354 RMS90=0.283493
  Muon: n=2222 Mean=0.970022 Std=0.196665 RMS90=0.029947

Epoch 158
Pretraining energy response (E_pred / E_true) by true-energy bin:
  1-50 GeV: n=40292 Mean=0.908615 Std=0.312208 RMS90=0.147920
  50-150 GeV: n=23832 Mean=0.917647 Std=0.141187 RMS90=0.040659
  >150 GeV: n=68 Mean=0.900389 Std=0.120262 RMS90=0.037268
Pretraining energy response by particle species:
  Neutron: n=13032 Mean=0.847975 Std=0.260329 RMS90=0.124696
  K0: n=11955 Mean=0.952308 Std=0.190203 RMS90=0.091088
  Photon: n=19748 Mean=1.042931 Std=1.008274 RMS90=0.342140
  Pion: n=21287 Mean=0.963642 Std=0.281393 RMS90=0.094475
  Electron: n=6154 Mean=0.950578 Std=0.767905 RMS90=0.289293
  Muon: n=2222 Mean=0.947693 Std=0.212957 RMS90=0.029695

Epoch 159
Pretraining energy response (E_pred / E_true) by true-energy bin:
  1-50 GeV: n=40292 Mean=0.909569 Std=0.328617 RMS90=0.146511
  50-150 GeV: n=23832 Mean=0.895243 Std=0.155871 RMS90=0.043001
  >150 GeV: n=68 Mean=0.879052 Std=0.122886 RMS90=0.040162
Pretraining energy response by particle species:
  Neutron: n=13032 Mean=0.836687 Std=0.255194 RMS90=0.121612
  K0: n=11955 Mean=0.939031 Std=0.194955 RMS90=0.093458
  Photon: n=19748 Mean=1.057094 Std=1.071048 RMS90=0.338957
  Pion: n=21287 Mean=0.956770 Std=0.275214 RMS90=0.099299
  Electron: n=6154 Mean=0.958791 Std=1.008137 RMS90=0.285473
  Muon: n=2222 Mean=0.936372 Std=0.218683 RMS90=0.042479

Epoch 160
Pretraining energy response (E_pred / E_true) by true-energy bin:
  1-50 GeV: n=40292 Mean=0.909248 Std=0.289152 RMS90=0.141313
  50-150 GeV: n=23832 Mean=0.919795 Std=0.125517 RMS90=0.037431
  >150 GeV: n=68 Mean=0.910649 Std=0.124131 RMS90=0.024930
Pretraining energy response by particle species:
  Neutron: n=13032 Mean=0.845234 Std=0.254108 RMS90=0.118344
  K0: n=11955 Mean=0.945619 Std=0.185401 RMS90=0.086786
  Photon: n=19748 Mean=1.061362 Std=1.025727 RMS90=0.332771
  Pion: n=21287 Mean=0.967423 Std=0.276231 RMS90=0.088954
  Electron: n=6154 Mean=0.950968 Std=0.479111 RMS90=0.280123
  Muon: n=2222 Mean=0.950653 Std=0.221323 RMS90=0.021803

Epoch 161
Pretraining energy response (E_pred / E_true) by true-energy bin:
  1-50 GeV: n=40292 Mean=0.910797 Std=0.296947 RMS90=0.156143
  50-150 GeV: n=23832 Mean=0.930049 Std=0.128542 RMS90=0.042155
  >150 GeV: n=68 Mean=0.915371 Std=0.125440 RMS90=0.031361
Pretraining energy response by particle species:
  Neutron: n=13032 Mean=0.864064 Std=0.265587 RMS90=0.123481
  K0: n=11955 Mean=0.972203 Std=0.194492 RMS90=0.088934
  Photon: n=19748 Mean=1.027180 Std=0.993456 RMS90=0.329286
  Pion: n=21287 Mean=0.956880 Std=0.272806 RMS90=0.079570
  Electron: n=6154 Mean=0.936626 Std=0.488701 RMS90=0.278703
  Muon: n=2222 Mean=0.950006 Std=0.210294 RMS90=0.032092

Epoch 162
Pretraining energy response (E_pred / E_true) by true-energy bin:
  1-50 GeV: n=40292 Mean=0.922489 Std=0.296256 RMS90=0.147297
  50-150 GeV: n=23832 Mean=0.918656 Std=0.132938 RMS90=0.060459
  >150 GeV: n=68 Mean=0.891211 Std=0.131214 RMS90=0.068611
Pretraining energy response by particle species:
  Neutron: n=13032 Mean=0.863341 Std=0.262485 RMS90=0.122138
  K0: n=11955 Mean=0.970694 Std=0.190091 RMS90=0.086618
  Photon: n=19748 Mean=1.040487 Std=0.999153 RMS90=0.329363
  Pion: n=21287 Mean=0.963431 Std=0.288947 RMS90=0.110815
  Electron: n=6154 Mean=0.942223 Std=0.479360 RMS90=0.283866
  Muon: n=2222 Mean=0.937096 Std=0.226586 RMS90=0.057047

Epoch 163
Pretraining energy response (E_pred / E_true) by true-energy bin:
  1-50 GeV: n=40292 Mean=0.922976 Std=0.308439 RMS90=0.182037
  50-150 GeV: n=23832 Mean=0.943349 Std=0.133365 RMS90=0.047626
  >150 GeV: n=68 Mean=0.919892 Std=0.128666 RMS90=0.037785
Pretraining energy response by particle species:
  Neutron: n=13032 Mean=0.886970 Std=0.275034 RMS90=0.130961
  K0: n=11955 Mean=0.998047 Std=0.202297 RMS90=0.095925
  Photon: n=19748 Mean=1.029379 Std=1.030159 RMS90=0.351585
  Pion: n=21287 Mean=0.961006 Std=0.273079 RMS90=0.079720
  Electron: n=6154 Mean=0.933315 Std=0.521538 RMS90=0.290548
  Muon: n=2222 Mean=0.956152 Std=0.227255 RMS90=0.029413

Epoch 164
Pretraining energy response (E_pred / E_true) by true-energy bin:
  1-50 GeV: n=40292 Mean=0.916365 Std=0.322572 RMS90=0.181914
  50-150 GeV: n=23832 Mean=0.931273 Std=0.147394 RMS90=0.054117
  >150 GeV: n=68 Mean=0.907464 Std=0.126878 RMS90=0.043552
Pretraining energy response by particle species:
  Neutron: n=13032 Mean=0.886601 Std=0.273755 RMS90=0.130909
  K0: n=11955 Mean=0.998236 Std=0.202884 RMS90=0.097123
  Photon: n=19748 Mean=1.015375 Std=0.982902 RMS90=0.351397
  Pion: n=21287 Mean=0.944135 Std=0.266393 RMS90=0.079740
  Electron: n=6154 Mean=0.925497 Std=0.789662 RMS90=0.288808
  Muon: n=2222 Mean=0.930698 Std=0.201997 RMS90=0.031396

Epoch 165
Pretraining energy response (E_pred / E_true) by true-energy bin:
  1-50 GeV: n=40292 Mean=0.924701 Std=0.304274 RMS90=0.149210
  50-150 GeV: n=23832 Mean=0.934013 Std=0.128612 RMS90=0.040361
  >150 GeV: n=68 Mean=0.915994 Std=0.126270 RMS90=0.032655
Pretraining energy response by particle species:
  Neutron: n=13032 Mean=0.862829 Std=0.264920 RMS90=0.122474
  K0: n=11955 Mean=0.968674 Std=0.193020 RMS90=0.090458
  Photon: n=19748 Mean=1.033780 Std=0.985460 RMS90=0.359094
  Pion: n=21287 Mean=0.979824 Std=0.277384 RMS90=0.092440
  Electron: n=6154 Mean=0.947628 Std=0.482946 RMS90=0.305793
  Muon: n=2222 Mean=0.967044 Std=0.212049 RMS90=0.037648

Epoch 166
Pretraining energy response (E_pred / E_true) by true-energy bin:
  1-50 GeV: n=40292 Mean=0.919925 Std=0.301781 RMS90=0.149711
  50-150 GeV: n=23832 Mean=0.937495 Std=0.128240 RMS90=0.038333
  >150 GeV: n=68 Mean=0.914808 Std=0.127304 RMS90=0.028177
Pretraining energy response by particle species:
  Neutron: n=13032 Mean=0.869924 Std=0.266021 RMS90=0.124751
  K0: n=11955 Mean=0.980302 Std=0.196392 RMS90=0.091848
  Photon: n=19748 Mean=1.021840 Std=0.945543 RMS90=0.353055
  Pion: n=21287 Mean=0.965144 Std=0.271011 RMS90=0.079741
  Electron: n=6154 Mean=0.934640 Std=0.473309 RMS90=0.296400
  Muon: n=2222 Mean=0.964308 Std=0.228342 RMS90=0.023780

Epoch 167
Pretraining energy response (E_pred / E_true) by true-energy bin:
  1-50 GeV: n=40292 Mean=0.919513 Std=0.309621 RMS90=0.148553
  50-150 GeV: n=23832 Mean=0.927459 Std=0.137724 RMS90=0.043899
  >150 GeV: n=68 Mean=0.899636 Std=0.125708 RMS90=0.036696
Pretraining energy response by particle species:
  Neutron: n=13032 Mean=0.874213 Std=0.267110 RMS90=0.123490
  K0: n=11955 Mean=0.980824 Std=0.196649 RMS90=0.093921
  Photon: n=19748 Mean=1.022572 Std=0.953455 RMS90=0.338760
  Pion: n=21287 Mean=0.957382 Std=0.268108 RMS90=0.080030
  Electron: n=6154 Mean=0.936281 Std=0.672949 RMS90=0.286628
  Muon: n=2222 Mean=0.945971 Std=0.209842 RMS90=0.033412

Epoch 168
Pretraining energy response (E_pred / E_true) by true-energy bin:
  1-50 GeV: n=40292 Mean=0.910274 Std=0.326076 RMS90=0.166620
  50-150 GeV: n=23832 Mean=0.928156 Std=0.150582 RMS90=0.037834
  >150 GeV: n=68 Mean=0.910341 Std=0.125021 RMS90=0.030739
Pretraining energy response by particle species:
  Neutron: n=13032 Mean=0.859298 Std=0.264835 RMS90=0.125604
  K0: n=11955 Mean=0.967555 Std=0.193878 RMS90=0.089629
  Photon: n=19748 Mean=1.022969 Std=1.085926 RMS90=0.352762
  Pion: n=21287 Mean=0.958151 Std=0.265096 RMS90=0.075001
  Electron: n=6154 Mean=0.939845 Std=0.896752 RMS90=0.297840
  Muon: n=2222 Mean=0.953291 Std=0.215975 RMS90=0.029335

Epoch 169
Pretraining energy response (E_pred / E_true) by true-energy bin:
  1-50 GeV: n=40292 Mean=0.917334 Std=0.365236 RMS90=0.148296
  50-150 GeV: n=23832 Mean=0.921657 Std=0.184153 RMS90=0.040599
  >150 GeV: n=68 Mean=0.905773 Std=0.124654 RMS90=0.032682
Pretraining energy response by particle species:
  Neutron: n=13032 Mean=0.861021 Std=0.263464 RMS90=0.121909
  K0: n=11955 Mean=0.965647 Std=0.193132 RMS90=0.091436
  Photon: n=19748 Mean=1.029031 Std=1.018993 RMS90=0.346265
  Pion: n=21287 Mean=0.966977 Std=0.276090 RMS90=0.088245
  Electron: n=6154 Mean=0.955707 Std=1.332160 RMS90=0.294251
  Muon: n=2222 Mean=0.951087 Std=0.227838 RMS90=0.032500

Epoch 170
Pretraining energy response (E_pred / E_true) by true-energy bin:
  1-50 GeV: n=40292 Mean=0.912697 Std=0.339217 RMS90=0.142866
  50-150 GeV: n=23832 Mean=0.932274 Std=0.164368 RMS90=0.036712
  >150 GeV: n=68 Mean=0.916993 Std=0.127168 RMS90=0.031674
Pretraining energy response by particle species:
  Neutron: n=13032 Mean=0.860819 Std=0.261638 RMS90=0.120580
  K0: n=11955 Mean=0.968611 Std=0.190992 RMS90=0.087079
  Photon: n=19748 Mean=1.025227 Std=1.012170 RMS90=0.340751
  Pion: n=21287 Mean=0.962462 Std=0.269175 RMS90=0.077516
  Electron: n=6154 Mean=0.947103 Std=1.094642 RMS90=0.291710
  Muon: n=2222 Mean=0.958679 Std=0.213328 RMS90=0.025417

Epoch 171
Pretraining energy response (E_pred / E_true) by true-energy bin:
  1-50 GeV: n=40292 Mean=0.888972 Std=0.301414 RMS90=0.158532
  50-150 GeV: n=23832 Mean=0.885033 Std=0.129380 RMS90=0.046004
  >150 GeV: n=68 Mean=0.870449 Std=0.123635 RMS90=0.044298
Pretraining energy response by particle species:
  Neutron: n=13032 Mean=0.833093 Std=0.257758 RMS90=0.124333
  K0: n=11955 Mean=0.937128 Std=0.198911 RMS90=0.101070
  Photon: n=19748 Mean=0.980496 Std=0.978619 RMS90=0.357427
  Pion: n=21287 Mean=0.928057 Std=0.262773 RMS90=0.086157
  Electron: n=6154 Mean=0.895901 Std=0.518919 RMS90=0.297436
  Muon: n=2222 Mean=0.916864 Std=0.206094 RMS90=0.037523

Epoch 172
Pretraining energy response (E_pred / E_true) by true-energy bin:
  1-50 GeV: n=40292 Mean=0.920987 Std=0.370806 RMS90=0.143557
  50-150 GeV: n=23832 Mean=0.927696 Std=0.189771 RMS90=0.038533
  >150 GeV: n=68 Mean=0.912259 Std=0.127177 RMS90=0.032273
Pretraining energy response by particle species:
  Neutron: n=13032 Mean=0.856606 Std=0.259377 RMS90=0.119738
  K0: n=11955 Mean=0.959934 Std=0.189493 RMS90=0.088836
  Photon: n=19748 Mean=1.029796 Std=1.012416 RMS90=0.355765
  Pion: n=21287 Mean=0.975242 Std=0.272582 RMS90=0.086137
  Electron: n=6154 Mean=0.961183 Std=1.386464 RMS90=0.302357
  Muon: n=2222 Mean=0.968405 Std=0.216713 RMS90=0.034538

Epoch 173
Pretraining energy response (E_pred / E_true) by true-energy bin:
  1-50 GeV: n=40292 Mean=0.897264 Std=0.320268 RMS90=0.156111
  50-150 GeV: n=23832 Mean=0.909707 Std=0.143932 RMS90=0.038840
  >150 GeV: n=68 Mean=0.896085 Std=0.124976 RMS90=0.038558
Pretraining energy response by particle species:
  Neutron: n=13032 Mean=0.842005 Std=0.259923 RMS90=0.123729
  K0: n=11955 Mean=0.947474 Std=0.192906 RMS90=0.089574
  Photon: n=19748 Mean=0.987812 Std=0.975194 RMS90=0.354636
  Pion: n=21287 Mean=0.950398 Std=0.266380 RMS90=0.082268
  Electron: n=6154 Mean=0.918904 Std=0.814615 RMS90=0.300065
  Muon: n=2222 Mean=0.938381 Std=0.213098 RMS90=0.033043

Epoch 174
Pretraining energy response (E_pred / E_true) by true-energy bin:
  1-50 GeV: n=40292 Mean=0.919122 Std=0.318833 RMS90=0.152222
  50-150 GeV: n=23832 Mean=0.942799 Std=0.145248 RMS90=0.041009
  >150 GeV: n=68 Mean=0.936394 Std=0.132976 RMS90=0.042780
Pretraining energy response by particle species:
  Neutron: n=13032 Mean=0.854753 Std=0.262845 RMS90=0.122952
  K0: n=11955 Mean=0.959324 Std=0.193635 RMS90=0.091131
  Photon: n=19748 Mean=1.009837 Std=0.990931 RMS90=0.356084
  Pion: n=21287 Mean=0.992409 Std=0.269889 RMS90=0.078965
  Electron: n=6154 Mean=0.953077 Std=0.736675 RMS90=0.308823
  Muon: n=2222 Mean=0.991040 Std=0.206742 RMS90=0.020435

Epoch 175
Pretraining energy response (E_pred / E_true) by true-energy bin:
  1-50 GeV: n=40292 Mean=0.918454 Std=0.300116 RMS90=0.142797
  50-150 GeV: n=23832 Mean=0.938854 Std=0.130112 RMS90=0.035642
  >150 GeV: n=68 Mean=0.921692 Std=0.126561 RMS90=0.026027
Pretraining energy response by particle species:
  Neutron: n=13032 Mean=0.865903 Std=0.263788 RMS90=0.120787
  K0: n=11955 Mean=0.972417 Std=0.192936 RMS90=0.088285
  Photon: n=19748 Mean=1.018457 Std=0.957784 RMS90=0.336774
  Pion: n=21287 Mean=0.972265 Std=0.268796 RMS90=0.078183
  Electron: n=6154 Mean=0.936313 Std=0.518103 RMS90=0.290687
  Muon: n=2222 Mean=0.968405 Std=0.216082 RMS90=0.023250

Epoch 176
Pretraining energy response (E_pred / E_true) by true-energy bin:
  1-50 GeV: n=40292 Mean=0.900782 Std=0.360953 RMS90=0.140730
  50-150 GeV: n=23832 Mean=0.905438 Std=0.185139 RMS90=0.044925
  >150 GeV: n=68 Mean=0.882867 Std=0.124089 RMS90=0.042132
Pretraining energy response by particle species:
  Neutron: n=13032 Mean=0.854570 Std=0.259295 RMS90=0.119726
  K0: n=11955 Mean=0.958548 Std=0.192020 RMS90=0.091513
  Photon: n=19748 Mean=1.007728 Std=0.982783 RMS90=0.337141
  Pion: n=21287 Mean=0.930518 Std=0.259904 RMS90=0.075436
  Electron: n=6154 Mean=0.925215 Std=1.356229 RMS90=0.281671
  Muon: n=2222 Mean=0.919535 Std=0.212266 RMS90=0.032413

Epoch 177
Pretraining energy response (E_pred / E_true) by true-energy bin:
  1-50 GeV: n=40292 Mean=0.917670 Std=0.298781 RMS90=0.143881
  50-150 GeV: n=23832 Mean=0.932220 Std=0.127957 RMS90=0.038133
  >150 GeV: n=68 Mean=0.918106 Std=0.127287 RMS90=0.033178
Pretraining energy response by particle species:
  Neutron: n=13032 Mean=0.864299 Std=0.263463 RMS90=0.120980
  K0: n=11955 Mean=0.969654 Std=0.194686 RMS90=0.091415
  Photon: n=19748 Mean=1.013053 Std=0.971011 RMS90=0.343429
  Pion: n=21287 Mean=0.970686 Std=0.268555 RMS90=0.079180
  Electron: n=6154 Mean=0.929204 Std=0.468586 RMS90=0.293427
  Muon: n=2222 Mean=0.958690 Std=0.219354 RMS90=0.025672

Epoch 178
Pretraining energy response (E_pred / E_true) by true-energy bin:
  1-50 GeV: n=40292 Mean=0.908478 Std=0.390094 RMS90=0.146773
  50-150 GeV: n=23832 Mean=0.911610 Std=0.205944 RMS90=0.044014
  >150 GeV: n=68 Mean=0.886259 Std=0.125817 RMS90=0.039240
Pretraining energy response by particle species:
  Neutron: n=13032 Mean=0.851782 Std=0.261721 RMS90=0.121971
  K0: n=11955 Mean=0.952721 Std=0.189279 RMS90=0.090783
  Photon: n=19748 Mean=1.005111 Std=1.019817 RMS90=0.340746
  Pion: n=21287 Mean=0.957817 Std=0.272608 RMS90=0.089395
  Electron: n=6154 Mean=0.946447 Std=1.578039 RMS90=0.292350
  Muon: n=2222 Mean=0.943990 Std=0.211717 RMS90=0.042141

Epoch 179
Pretraining energy response (E_pred / E_true) by true-energy bin:
  1-50 GeV: n=40292 Mean=0.921622 Std=0.306338 RMS90=0.140721
  50-150 GeV: n=23832 Mean=0.940539 Std=0.137104 RMS90=0.037719
  >150 GeV: n=68 Mean=0.924821 Std=0.127501 RMS90=0.028497
Pretraining energy response by particle species:
  Neutron: n=13032 Mean=0.868979 Std=0.263860 RMS90=0.121226
  K0: n=11955 Mean=0.975376 Std=0.190889 RMS90=0.088412
  Photon: n=19748 Mean=1.024761 Std=0.951478 RMS90=0.339283
  Pion: n=21287 Mean=0.973757 Std=0.272079 RMS90=0.082307
  Electron: n=6154 Mean=0.942685 Std=0.656609 RMS90=0.292079
  Muon: n=2222 Mean=0.964691 Std=0.213717 RMS90=0.022798

Epoch 180
Pretraining energy response (E_pred / E_true) by true-energy bin:
  1-50 GeV: n=40292 Mean=0.915023 Std=0.418211 RMS90=0.141372
  50-150 GeV: n=23832 Mean=0.925606 Std=0.229686 RMS90=0.038125
  >150 GeV: n=68 Mean=0.908357 Std=0.126751 RMS90=0.032363
Pretraining energy response by particle species:
  Neutron: n=13032 Mean=0.856603 Std=0.260605 RMS90=0.119908
  K0: n=11955 Mean=0.961296 Std=0.191336 RMS90=0.090305
  Photon: n=19748 Mean=1.019447 Std=1.039645 RMS90=0.338352
  Pion: n=21287 Mean=0.964518 Std=0.268076 RMS90=0.080088
  Electron: n=6154 Mean=0.958497 Std=1.828109 RMS90=0.289486
  Muon: n=2222 Mean=0.958676 Std=0.215025 RMS90=0.028218

Epoch 181
Pretraining energy response (E_pred / E_true) by true-energy bin:
  1-50 GeV: n=40292 Mean=0.913569 Std=0.378231 RMS90=0.138926
  50-150 GeV: n=23832 Mean=0.922892 Std=0.198618 RMS90=0.038791
  >150 GeV: n=68 Mean=0.906840 Std=0.126411 RMS90=0.033029
Pretraining energy response by particle species:
  Neutron: n=13032 Mean=0.856950 Std=0.258920 RMS90=0.119213
  K0: n=11955 Mean=0.961372 Std=0.191018 RMS90=0.090329
  Photon: n=19748 Mean=1.023236 Std=1.019068 RMS90=0.341680
  Pion: n=21287 Mean=0.957445 Std=0.263550 RMS90=0.076511
  Electron: n=6154 Mean=0.949484 Std=1.499243 RMS90=0.289222
  Muon: n=2222 Mean=0.950286 Std=0.216154 RMS90=0.026397

Epoch 182
Pretraining energy response (E_pred / E_true) by true-energy bin:
  1-50 GeV: n=40292 Mean=0.929091 Std=0.300365 RMS90=0.143331
  50-150 GeV: n=23832 Mean=0.942114 Std=0.128925 RMS90=0.037485
  >150 GeV: n=68 Mean=0.922560 Std=0.128373 RMS90=0.029307
Pretraining energy response by particle species:
  Neutron: n=13032 Mean=0.871801 Std=0.265008 RMS90=0.121241
  K0: n=11955 Mean=0.977871 Std=0.195455 RMS90=0.092248
  Photon: n=19748 Mean=1.024357 Std=0.957607 RMS90=0.341039
  Pion: n=21287 Mean=0.983785 Std=0.270982 RMS90=0.081931
  Electron: n=6154 Mean=0.942803 Std=0.477178 RMS90=0.294643
  Muon: n=2222 Mean=0.976213 Std=0.219319 RMS90=0.020783

Epoch 183
Pretraining energy response (E_pred / E_true) by true-energy bin:
  1-50 GeV: n=40292 Mean=0.920382 Std=0.366471 RMS90=0.143946
  50-150 GeV: n=23832 Mean=0.937062 Std=0.187852 RMS90=0.037158
  >150 GeV: n=68 Mean=0.923852 Std=0.128713 RMS90=0.030972
Pretraining energy response by particle species:
  Neutron: n=13032 Mean=0.859535 Std=0.261476 RMS90=0.120800
  K0: n=11955 Mean=0.964812 Std=0.191311 RMS90=0.089224
  Photon: n=19748 Mean=1.010384 Std=0.973715 RMS90=0.341240
  Pion: n=21287 Mean=0.980951 Std=0.268433 RMS90=0.081048
  Electron: n=6154 Mean=0.957039 Std=1.345415 RMS90=0.298024
  Muon: n=2222 Mean=0.975698 Std=0.216098 RMS90=0.022231

Epoch 184
Pretraining energy response (E_pred / E_true) by true-energy bin:
  1-50 GeV: n=40292 Mean=0.915046 Std=0.362180 RMS90=0.144603
  50-150 GeV: n=23832 Mean=0.930447 Std=0.182028 RMS90=0.037201
  >150 GeV: n=68 Mean=0.914936 Std=0.126736 RMS90=0.031951
Pretraining energy response by particle species:
  Neutron: n=13032 Mean=0.855892 Std=0.260195 RMS90=0.119185
  K0: n=11955 Mean=0.960339 Std=0.190212 RMS90=0.088815
  Photon: n=19748 Mean=1.006089 Std=0.998187 RMS90=0.351862
  Pion: n=21287 Mean=0.973135 Std=0.270182 RMS90=0.079759
  Electron: n=6154 Mean=0.949375 Std=1.293077 RMS90=0.302212
  Muon: n=2222 Mean=0.961951 Std=0.207226 RMS90=0.028827

Epoch 185
Pretraining energy response (E_pred / E_true) by true-energy bin:
  1-50 GeV: n=40292 Mean=0.916332 Std=0.320597 RMS90=0.141132
  50-150 GeV: n=23832 Mean=0.934870 Std=0.149363 RMS90=0.040252
  >150 GeV: n=68 Mean=0.918350 Std=0.126472 RMS90=0.030065
Pretraining energy response by particle species:
  Neutron: n=13032 Mean=0.868201 Std=0.263408 RMS90=0.121077
  K0: n=11955 Mean=0.974428 Std=0.191156 RMS90=0.087408
  Photon: n=19748 Mean=1.022471 Std=0.974728 RMS90=0.340893
  Pion: n=21287 Mean=0.961625 Std=0.267175 RMS90=0.077501
  Electron: n=6154 Mean=0.939943 Std=0.856736 RMS90=0.291267
  Muon: n=2222 Mean=0.943696 Std=0.214528 RMS90=0.033846

Epoch 186
Pretraining energy response (E_pred / E_true) by true-energy bin:
  1-50 GeV: n=40292 Mean=0.917890 Std=0.398789 RMS90=0.150336
  50-150 GeV: n=23832 Mean=0.928199 Std=0.210103 RMS90=0.040097
  >150 GeV: n=68 Mean=0.909914 Std=0.126431 RMS90=0.035284
Pretraining energy response by particle species:
  Neutron: n=13032 Mean=0.861661 Std=0.262473 RMS90=0.120727
  K0: n=11955 Mean=0.966463 Std=0.191246 RMS90=0.088656
  Photon: n=19748 Mean=1.008859 Std=1.046668 RMS90=0.351516
  Pion: n=21287 Mean=0.971263 Std=0.271590 RMS90=0.084029
  Electron: n=6154 Mean=0.955667 Std=1.620902 RMS90=0.302323
  Muon: n=2222 Mean=0.945681 Std=0.222417 RMS90=0.048914

Epoch 187
Pretraining energy response (E_pred / E_true) by true-energy bin:
  1-50 GeV: n=40292 Mean=0.905351 Std=0.411903 RMS90=0.142981
  50-150 GeV: n=23832 Mean=0.917599 Std=0.228518 RMS90=0.054874
  >150 GeV: n=68 Mean=0.892485 Std=0.132003 RMS90=0.053604
Pretraining energy response by particle species:
  Neutron: n=13032 Mean=0.870309 Std=0.265437 RMS90=0.124838
  K0: n=11955 Mean=0.978063 Std=0.194744 RMS90=0.090087
  Photon: n=19748 Mean=1.023347 Std=1.027693 RMS90=0.332836
  Pion: n=21287 Mean=0.924735 Std=0.261902 RMS90=0.076629
  Electron: n=6154 Mean=0.934892 Std=1.784777 RMS90=0.276671
  Muon: n=2222 Mean=0.909967 Std=0.198919 RMS90=0.032195

Epoch 188
Pretraining energy response (E_pred / E_true) by true-energy bin:
  1-50 GeV: n=40292 Mean=0.943860 Std=0.319129 RMS90=0.154739
  50-150 GeV: n=23832 Mean=0.949012 Std=0.139282 RMS90=0.046333
  >150 GeV: n=68 Mean=0.918263 Std=0.125764 RMS90=0.036782
Pretraining energy response by particle species:
  Neutron: n=13032 Mean=0.894392 Std=0.273867 RMS90=0.125824
  K0: n=11955 Mean=1.006186 Std=0.202374 RMS90=0.093627
  Photon: n=19748 Mean=1.036515 Std=1.164265 RMS90=0.348142
  Pion: n=21287 Mean=0.988388 Std=0.288509 RMS90=0.101537
  Electron: n=6154 Mean=0.959169 Std=0.661352 RMS90=0.296760
  Muon: n=2222 Mean=0.969123 Std=0.254961 RMS90=0.037543

Epoch 189
Pretraining energy response (E_pred / E_true) by true-energy bin:
  1-50 GeV: n=40292 Mean=0.924706 Std=0.303752 RMS90=0.150900
  50-150 GeV: n=23832 Mean=0.948165 Std=0.131548 RMS90=0.047946
  >150 GeV: n=68 Mean=0.916588 Std=0.121013 RMS90=0.022579
Pretraining energy response by particle species:
  Neutron: n=13032 Mean=0.887965 Std=0.271598 RMS90=0.125962
  K0: n=11955 Mean=1.000705 Std=0.195325 RMS90=0.090089
  Photon: n=19748 Mean=1.044027 Std=1.008081 RMS90=0.344377
  Pion: n=21287 Mean=0.959168 Std=0.271825 RMS90=0.079735
  Electron: n=6154 Mean=0.934654 Std=0.476849 RMS90=0.284957
  Muon: n=2222 Mean=0.951768 Std=0.190269 RMS90=0.021570

Epoch 190
Pretraining energy response (E_pred / E_true) by true-energy bin:
  1-50 GeV: n=40292 Mean=0.919903 Std=0.318095 RMS90=0.147828
  50-150 GeV: n=23832 Mean=0.923331 Std=0.144880 RMS90=0.049336
  >150 GeV: n=68 Mean=0.902690 Std=0.126453 RMS90=0.039225
Pretraining energy response by particle species:
  Neutron: n=13032 Mean=0.870857 Std=0.265822 RMS90=0.124266
  K0: n=11955 Mean=0.979150 Std=0.198682 RMS90=0.095454
  Photon: n=19748 Mean=1.025348 Std=0.971613 RMS90=0.352698
  Pion: n=21287 Mean=0.949502 Std=0.271843 RMS90=0.083824
  Electron: n=6154 Mean=0.928577 Std=0.769748 RMS90=0.291533
  Muon: n=2222 Mean=0.936324 Std=0.206967 RMS90=0.030953

Epoch 191
Pretraining energy response (E_pred / E_true) by true-energy bin:
  1-50 GeV: n=40292 Mean=0.912855 Std=0.374643 RMS90=0.153826
  50-150 GeV: n=23832 Mean=0.938407 Std=0.190138 RMS90=0.044065
  >150 GeV: n=68 Mean=0.915393 Std=0.123683 RMS90=0.036937
Pretraining energy response by particle species:
  Neutron: n=13032 Mean=0.881739 Std=0.269698 RMS90=0.123463
  K0: n=11955 Mean=0.992204 Std=0.200950 RMS90=0.091471
  Photon: n=19748 Mean=1.026580 Std=1.021045 RMS90=0.353894
  Pion: n=21287 Mean=0.940419 Std=0.267594 RMS90=0.078443
  Electron: n=6154 Mean=0.936337 Std=1.386915 RMS90=0.290258
  Muon: n=2222 Mean=0.934864 Std=0.194546 RMS90=0.028728

Epoch 192
Pretraining energy response (E_pred / E_true) by true-energy bin:
  1-50 GeV: n=40292 Mean=0.919068 Std=0.302562 RMS90=0.149842
  50-150 GeV: n=23832 Mean=0.924036 Std=0.127799 RMS90=0.044060
  >150 GeV: n=68 Mean=0.906145 Std=0.080405 RMS90=0.044627
Pretraining energy response by particle species:
  Neutron: n=13032 Mean=0.857776 Std=0.264087 RMS90=0.124465
  K0: n=11955 Mean=0.965464 Std=0.188913 RMS90=0.087783
  Photon: n=19748 Mean=1.008367 Std=0.960625 RMS90=0.344254
  Pion: n=21287 Mean=0.982314 Std=0.532735 RMS90=0.102803
  Electron: n=6154 Mean=0.938824 Std=0.477644 RMS90=0.298333
  Muon: n=2222 Mean=0.956712 Std=0.218134 RMS90=0.049783

Epoch 193
Pretraining energy response (E_pred / E_true) by true-energy bin:
  1-50 GeV: n=40292 Mean=0.879648 Std=0.321536 RMS90=0.185746
  50-150 GeV: n=23832 Mean=0.907149 Std=0.148344 RMS90=0.038072
  >150 GeV: n=68 Mean=0.897296 Std=0.110415 RMS90=0.035778
Pretraining energy response by particle species:
  Neutron: n=13032 Mean=0.830281 Std=0.256630 RMS90=0.123252
  K0: n=11955 Mean=0.931907 Std=0.184839 RMS90=0.088044
  Photon: n=19748 Mean=0.969377 Std=0.965158 RMS90=0.351817
  Pion: n=21287 Mean=0.935944 Std=0.262321 RMS90=0.072489
  Electron: n=6154 Mean=0.906960 Std=0.897887 RMS90=0.298287
  Muon: n=2222 Mean=0.935393 Std=0.203811 RMS90=0.022344

Epoch 194
Pretraining energy response (E_pred / E_true) by true-energy bin:
  1-50 GeV: n=40292 Mean=0.909509 Std=0.296149 RMS90=0.143466
  50-150 GeV: n=23832 Mean=0.923952 Std=0.126993 RMS90=0.042837
  >150 GeV: n=68 Mean=0.903218 Std=0.111475 RMS90=0.038262
Pretraining energy response by particle species:
  Neutron: n=13032 Mean=0.857615 Std=0.262554 RMS90=0.122360
  K0: n=11955 Mean=0.964002 Std=0.190136 RMS90=0.089152
  Photon: n=19748 Mean=1.022815 Std=0.995924 RMS90=0.341531
  Pion: n=21287 Mean=0.953269 Std=0.266858 RMS90=0.076800
  Electron: n=6154 Mean=0.926432 Std=0.472667 RMS90=0.290090
  Muon: n=2222 Mean=0.944737 Std=0.192819 RMS90=0.039587

Epoch 195
Pretraining energy response (E_pred / E_true) by true-energy bin:
  1-50 GeV: n=40292 Mean=0.893913 Std=0.290943 RMS90=0.140515
  50-150 GeV: n=23832 Mean=0.914311 Std=0.126955 RMS90=0.038389
  >150 GeV: n=68 Mean=0.902464 Std=0.125496 RMS90=0.034647
Pretraining energy response by particle species:
  Neutron: n=13032 Mean=0.836574 Std=0.254812 RMS90=0.118607
  K0: n=11955 Mean=0.936818 Std=0.184804 RMS90=0.088455
  Photon: n=19748 Mean=1.030604 Std=0.997705 RMS90=0.347155
  Pion: n=21287 Mean=0.947850 Std=0.260633 RMS90=0.073159
  Electron: n=6154 Mean=0.930008 Std=0.479572 RMS90=0.285080
  Muon: n=2222 Mean=0.938379 Std=0.189536 RMS90=0.015645

Epoch 196
Pretraining energy response (E_pred / E_true) by true-energy bin:
  1-50 GeV: n=40292 Mean=0.906055 Std=0.340396 RMS90=0.156811
  50-150 GeV: n=23832 Mean=0.909586 Std=0.159720 RMS90=0.059420
  >150 GeV: n=68 Mean=0.888225 Std=0.119489 RMS90=0.064303
Pretraining energy response by particle species:
  Neutron: n=13032 Mean=0.862086 Std=0.265544 RMS90=0.124341
  K0: n=11955 Mean=0.970316 Std=0.191541 RMS90=0.087964
  Photon: n=19748 Mean=0.984279 Std=0.967488 RMS90=0.369300
  Pion: n=21287 Mean=0.940200 Std=0.284731 RMS90=0.106827
  Electron: n=6154 Mean=0.909629 Std=0.999960 RMS90=0.307924
  Muon: n=2222 Mean=0.916142 Std=0.227579 RMS90=0.047752

Epoch 197
Pretraining energy response (E_pred / E_true) by true-energy bin:
  1-50 GeV: n=40292 Mean=0.907854 Std=0.310133 RMS90=0.162301
  50-150 GeV: n=23832 Mean=0.851546 Std=0.131882 RMS90=0.065313
  >150 GeV: n=68 Mean=0.829193 Std=0.088397 RMS90=0.071733
Pretraining energy response by particle species:
  Neutron: n=13032 Mean=0.829880 Std=0.253664 RMS90=0.122610
  K0: n=11955 Mean=0.930377 Std=0.193307 RMS90=0.099334
  Photon: n=19748 Mean=0.982673 Std=0.921762 RMS90=0.348915
  Pion: n=21287 Mean=0.945890 Std=0.803195 RMS90=0.154813
  Electron: n=6154 Mean=0.907829 Std=0.573087 RMS90=0.299010
  Muon: n=2222 Mean=0.888716 Std=0.270681 RMS90=0.072744

Epoch 198
Pretraining energy response (E_pred / E_true) by true-energy bin:
  1-50 GeV: n=40292 Mean=0.933717 Std=0.350642 RMS90=0.154129
  50-150 GeV: n=23832 Mean=0.930670 Std=0.165285 RMS90=0.042623
  >150 GeV: n=68 Mean=0.917541 Std=0.073410 RMS90=0.035330
Pretraining energy response by particle species:
  Neutron: n=13032 Mean=0.872939 Std=0.263950 RMS90=0.121928
  K0: n=11955 Mean=0.979524 Std=0.197447 RMS90=0.094229
  Photon: n=19748 Mean=1.008337 Std=1.014351 RMS90=0.351279
  Pion: n=21287 Mean=0.983366 Std=0.297751 RMS90=0.108341
  Electron: n=6154 Mean=0.943290 Std=1.125498 RMS90=0.303206
  Muon: n=2222 Mean=0.955468 Std=0.225615 RMS90=0.031957

Epoch 199
Pretraining energy response (E_pred / E_true) by true-energy bin:
  1-50 GeV: n=40292 Mean=0.872684 Std=0.345187 RMS90=0.139565
  50-150 GeV: n=23832 Mean=0.890940 Std=0.171773 RMS90=0.042785
  >150 GeV: n=68 Mean=0.875167 Std=0.119995 RMS90=0.045000
Pretraining energy response by particle species:
  Neutron: n=13032 Mean=0.825712 Std=0.252737 RMS90=0.120411
  K0: n=11955 Mean=0.928307 Std=0.183167 RMS90=0.085733
  Photon: n=19748 Mean=0.984439 Std=1.006014 RMS90=0.353312
  Pion: n=21287 Mean=0.907180 Std=0.253810 RMS90=0.070071
  Electron: n=6154 Mean=0.900169 Std=1.235995 RMS90=0.289597
  Muon: n=2222 Mean=0.899733 Std=0.202304 RMS90=0.025548

Epoch 200
Pretraining energy response (E_pred / E_true) by true-energy bin:
  1-50 GeV: n=40292 Mean=0.914403 Std=0.330604 RMS90=0.145628
  50-150 GeV: n=23832 Mean=0.933257 Std=0.152753 RMS90=0.040383
  >150 GeV: n=68 Mean=0.915433 Std=0.128382 RMS90=0.033654
Pretraining energy response by particle species:
  Neutron: n=13032 Mean=0.854158 Std=0.260681 RMS90=0.123238
  K0: n=11955 Mean=0.957887 Std=0.192649 RMS90=0.093640
  Photon: n=19748 Mean=0.998581 Std=0.977100 RMS90=0.361679
  Pion: n=21287 Mean=0.976480 Std=0.281218 RMS90=0.077882
  Electron: n=6154 Mean=0.937124 Std=0.928950 RMS90=0.310743
  Muon: n=2222 Mean=0.964433 Std=0.213385 RMS90=0.026988

Epoch 201
Pretraining energy response (E_pred / E_true) by true-energy bin:
  1-50 GeV: n=40292 Mean=0.901631 Std=0.342334 RMS90=0.146808
  50-150 GeV: n=23832 Mean=0.907149 Std=0.157515 RMS90=0.043285
  >150 GeV: n=68 Mean=0.883682 Std=0.094259 RMS90=0.039652
Pretraining energy response by particle species:
  Neutron: n=13032 Mean=0.852981 Std=0.259603 RMS90=0.121524
  K0: n=11955 Mean=0.958424 Std=0.192979 RMS90=0.092459
  Photon: n=19748 Mean=0.992923 Std=0.958681 RMS90=0.349754
  Pion: n=21287 Mean=0.934610 Std=0.271222 RMS90=0.074041
  Electron: n=6154 Mean=0.910731 Std=1.047754 RMS90=0.289069
  Muon: n=2222 Mean=0.924834 Std=0.202298 RMS90=0.032750

Epoch 202
Pretraining energy response (E_pred / E_true) by true-energy bin:
  1-50 GeV: n=40292 Mean=0.896668 Std=0.360851 RMS90=0.142587
  50-150 GeV: n=23832 Mean=0.910520 Std=0.183185 RMS90=0.045926
  >150 GeV: n=68 Mean=0.888985 Std=0.122984 RMS90=0.038085
Pretraining energy response by particle species:
  Neutron: n=13032 Mean=0.857229 Std=0.261029 RMS90=0.123687
  K0: n=11955 Mean=0.964208 Std=0.193498 RMS90=0.091552
  Photon: n=19748 Mean=0.986584 Std=0.959148 RMS90=0.345669
  Pion: n=21287 Mean=0.923468 Std=0.269334 RMS90=0.073074
  Electron: n=6154 Mean=0.907518 Std=1.335927 RMS90=0.286278
  Muon: n=2222 Mean=0.913703 Std=0.202127 RMS90=0.025347

Epoch 203
Pretraining energy response (E_pred / E_true) by true-energy bin:
  1-50 GeV: n=40292 Mean=0.897437 Std=0.296925 RMS90=0.147190
  50-150 GeV: n=23832 Mean=0.901674 Std=0.126337 RMS90=0.047945
  >150 GeV: n=68 Mean=0.888380 Std=0.076996 RMS90=0.039850
Pretraining energy response by particle species:
  Neutron: n=13032 Mean=0.852373 Std=0.261032 RMS90=0.122980
  K0: n=11955 Mean=0.957610 Std=0.191168 RMS90=0.091690
  Photon: n=19748 Mean=0.971406 Std=0.937407 RMS90=0.336122
  Pion: n=21287 Mean=0.939001 Std=0.429280 RMS90=0.085890
  Electron: n=6154 Mean=0.894789 Std=0.463821 RMS90=0.288862
  Muon: n=2222 Mean=0.922106 Std=0.205966 RMS90=0.040527

Epoch 204
Pretraining energy response (E_pred / E_true) by true-energy bin:
  1-50 GeV: n=40292 Mean=0.910811 Std=0.306767 RMS90=0.157002
  50-150 GeV: n=23832 Mean=0.942353 Std=0.134246 RMS90=0.051645
  >150 GeV: n=68 Mean=0.928723 Std=0.095415 RMS90=0.052940
Pretraining energy response by particle species:
  Neutron: n=13032 Mean=0.875993 Std=0.273186 RMS90=0.129131
  K0: n=11955 Mean=0.984603 Std=0.194930 RMS90=0.088925
  Photon: n=19748 Mean=0.988744 Std=0.989795 RMS90=0.355403
  Pion: n=21287 Mean=0.962470 Std=0.274167 RMS90=0.078742
  Electron: n=6154 Mean=0.920398 Std=0.511545 RMS90=0.303349
  Muon: n=2222 Mean=0.898698 Std=0.225764 RMS90=0.086735

Epoch 205
Pretraining energy response (E_pred / E_true) by true-energy bin:
  1-50 GeV: n=40292 Mean=0.917799 Std=0.357277 RMS90=0.144691
  50-150 GeV: n=23832 Mean=0.925867 Std=0.175192 RMS90=0.038716
  >150 GeV: n=68 Mean=0.903318 Std=0.118023 RMS90=0.033320
Pretraining energy response by particle species:
  Neutron: n=13032 Mean=0.858245 Std=0.258459 RMS90=0.119589
  K0: n=11955 Mean=0.963719 Std=0.189447 RMS90=0.087436
  Photon: n=19748 Mean=0.997411 Std=1.006106 RMS90=0.347862
  Pion: n=21287 Mean=0.966293 Std=0.277964 RMS90=0.086255
  Electron: n=6154 Mean=0.940768 Std=1.245969 RMS90=0.300948
  Muon: n=2222 Mean=0.944322 Std=0.211089 RMS90=0.036644

Epoch 206
Pretraining energy response (E_pred / E_true) by true-energy bin:
  1-50 GeV: n=40292 Mean=0.900072 Std=0.325481 RMS90=0.168537
  50-150 GeV: n=23832 Mean=0.878518 Std=0.142908 RMS90=0.045606
  >150 GeV: n=68 Mean=0.858117 Std=0.104413 RMS90=0.043155
Pretraining energy response by particle species:
  Neutron: n=13032 Mean=0.821688 Std=0.253438 RMS90=0.124294
  K0: n=11955 Mean=0.921480 Std=0.185930 RMS90=0.093284
  Photon: n=19748 Mean=0.982872 Std=0.956150 RMS90=0.347086
  Pion: n=21287 Mean=0.958758 Std=0.318973 RMS90=0.119794
  Electron: n=6154 Mean=0.924219 Std=0.831939 RMS90=0.302136
  Muon: n=2222 Mean=0.929073 Std=0.239191 RMS90=0.052533

Epoch 207
Pretraining energy response (E_pred / E_true) by true-energy bin:
  1-50 GeV: n=40292 Mean=0.886980 Std=0.359250 RMS90=0.139433
  50-150 GeV: n=23832 Mean=0.885341 Std=0.178309 RMS90=0.046344
  >150 GeV: n=68 Mean=0.867130 Std=0.121016 RMS90=0.051512
Pretraining energy response by particle species:
  Neutron: n=13032 Mean=0.838086 Std=0.255373 RMS90=0.118310
  K0: n=11955 Mean=0.939019 Std=0.190016 RMS90=0.090202
  Photon: n=19748 Mean=0.987977 Std=1.095973 RMS90=0.342908
  Pion: n=21287 Mean=0.919369 Std=0.267689 RMS90=0.087543
  Electron: n=6154 Mean=0.911110 Std=1.346272 RMS90=0.287979
  Muon: n=2222 Mean=0.904249 Std=0.208228 RMS90=0.037206

Epoch 208
Pretraining energy response (E_pred / E_true) by true-energy bin:
  1-50 GeV: n=40292 Mean=0.897117 Std=0.387675 RMS90=0.148135
  50-150 GeV: n=23832 Mean=0.918223 Std=0.200358 RMS90=0.039756
  >150 GeV: n=68 Mean=0.904576 Std=0.115623 RMS90=0.035544
Pretraining energy response by particle species:
  Neutron: n=13032 Mean=0.852329 Std=0.260748 RMS90=0.120840
  K0: n=11955 Mean=0.955943 Std=0.189301 RMS90=0.087649
  Photon: n=19748 Mean=0.958981 Std=0.956206 RMS90=0.353942
  Pion: n=21287 Mean=0.947141 Std=0.268924 RMS90=0.076628
  Electron: n=6154 Mean=0.917106 Std=1.538970 RMS90=0.303935
  Muon: n=2222 Mean=0.940447 Std=0.203557 RMS90=0.032076

Epoch 209
Pretraining energy response (E_pred / E_true) by true-energy bin:
  1-50 GeV: n=40292 Mean=0.911357 Std=0.349142 RMS90=0.146725
  50-150 GeV: n=23832 Mean=0.940368 Std=0.168418 RMS90=0.037741
  >150 GeV: n=68 Mean=0.921382 Std=0.124048 RMS90=0.027665
Pretraining energy response by particle species:
  Neutron: n=13032 Mean=0.870922 Std=0.266315 RMS90=0.121464
  K0: n=11955 Mean=0.979319 Std=0.196559 RMS90=0.089883
  Photon: n=19748 Mean=0.995494 Std=0.975683 RMS90=0.354569
  Pion: n=21287 Mean=0.953540 Std=0.263470 RMS90=0.071193
  Electron: n=6154 Mean=0.926284 Std=1.151588 RMS90=0.300338
  Muon: n=2222 Mean=0.952546 Std=0.204128 RMS90=0.019898

Epoch 210
Pretraining energy response (E_pred / E_true) by true-energy bin:
  1-50 GeV: n=40292 Mean=0.905838 Std=0.369194 RMS90=0.143277
  50-150 GeV: n=23832 Mean=0.910146 Std=0.187533 RMS90=0.040384
  >150 GeV: n=68 Mean=0.893976 Std=0.124885 RMS90=0.039962
Pretraining energy response by particle species:
  Neutron: n=13032 Mean=0.851920 Std=0.259334 RMS90=0.119916
  K0: n=11955 Mean=0.953842 Std=0.196451 RMS90=0.096011
  Photon: n=19748 Mean=0.992044 Std=1.066089 RMS90=0.353685
  Pion: n=21287 Mean=0.947083 Std=0.275001 RMS90=0.078783
  Electron: n=6154 Mean=0.924606 Std=1.379089 RMS90=0.298790
  Muon: n=2222 Mean=0.939506 Std=0.212513 RMS90=0.026578

Epoch 211
Pretraining energy response (E_pred / E_true) by true-energy bin:
  1-50 GeV: n=40292 Mean=0.916180 Std=0.415027 RMS90=0.140553
  50-150 GeV: n=23832 Mean=0.940328 Std=0.225358 RMS90=0.035578
  >150 GeV: n=68 Mean=0.926939 Std=0.126777 RMS90=0.029228
Pretraining energy response by particle species:
  Neutron: n=13032 Mean=0.864521 Std=0.261030 RMS90=0.119004
  K0: n=11955 Mean=0.970773 Std=0.189978 RMS90=0.087935
  Photon: n=19748 Mean=1.007718 Std=1.020397 RMS90=0.351086
  Pion: n=21287 Mean=0.966227 Std=0.269217 RMS90=0.072550
  Electron: n=6154 Mean=0.949922 Std=1.775594 RMS90=0.302148
  Muon: n=2222 Mean=0.966502 Std=0.203523 RMS90=0.017957

Epoch 212
Pretraining energy response (E_pred / E_true) by true-energy bin:
  1-50 GeV: n=40292 Mean=0.899514 Std=0.423306 RMS90=0.139901
  50-150 GeV: n=23832 Mean=0.906389 Std=0.232997 RMS90=0.041311
  >150 GeV: n=68 Mean=0.887651 Std=0.119863 RMS90=0.037501
Pretraining energy response by particle species:
  Neutron: n=13032 Mean=0.843440 Std=0.255711 RMS90=0.117622
  K0: n=11955 Mean=0.945561 Std=0.183063 RMS90=0.085885
  Photon: n=19748 Mean=0.994467 Std=0.994768 RMS90=0.343985
  Pion: n=21287 Mean=0.938371 Std=0.266519 RMS90=0.080687
  Electron: n=6154 Mean=0.932990 Std=1.884124 RMS90=0.293156
  Muon: n=2222 Mean=0.928133 Std=0.203438 RMS90=0.035087

Epoch 213
Pretraining energy response (E_pred / E_true) by true-energy bin:
  1-50 GeV: n=40292 Mean=0.931151 Std=0.363617 RMS90=0.151631
  50-150 GeV: n=23832 Mean=0.943017 Std=0.179364 RMS90=0.042733
  >150 GeV: n=68 Mean=0.923138 Std=0.122087 RMS90=0.029644
Pretraining energy response by particle species:
  Neutron: n=13032 Mean=0.879893 Std=0.272192 RMS90=0.123091
  K0: n=11955 Mean=0.989466 Std=0.194774 RMS90=0.088485
  Photon: n=19748 Mean=0.997015 Std=0.989810 RMS90=0.350221
  Pion: n=21287 Mean=0.981924 Std=0.294871 RMS90=0.101222
  Electron: n=6154 Mean=0.943663 Std=1.245233 RMS90=0.304689
  Muon: n=2222 Mean=0.963943 Std=0.219985 RMS90=0.031296

Epoch 214
Pretraining energy response (E_pred / E_true) by true-energy bin:
  1-50 GeV: n=40292 Mean=0.911358 Std=0.377245 RMS90=0.142202
  50-150 GeV: n=23832 Mean=0.942406 Std=0.195054 RMS90=0.038472
  >150 GeV: n=68 Mean=0.931123 Std=0.129011 RMS90=0.042991
Pretraining energy response by particle species:
  Neutron: n=13032 Mean=0.852059 Std=0.259937 RMS90=0.120269
  K0: n=11955 Mean=0.956730 Std=0.189526 RMS90=0.087621
  Photon: n=19748 Mean=0.986453 Std=1.069518 RMS90=0.354195
  Pion: n=21287 Mean=0.976104 Std=0.273441 RMS90=0.073021
  Electron: n=6154 Mean=0.939848 Std=1.439413 RMS90=0.311254
  Muon: n=2222 Mean=0.981936 Std=0.195082 RMS90=0.013118

Epoch 215
Pretraining energy response (E_pred / E_true) by true-energy bin:
  1-50 GeV: n=40292 Mean=0.914731 Std=0.350297 RMS90=0.148739
  50-150 GeV: n=23832 Mean=0.912234 Std=0.169229 RMS90=0.039487
  >150 GeV: n=68 Mean=0.892406 Std=0.116912 RMS90=0.037871
Pretraining energy response by particle species:
  Neutron: n=13032 Mean=0.853693 Std=0.259940 RMS90=0.121022
  K0: n=11955 Mean=0.958485 Std=0.193546 RMS90=0.091964
  Photon: n=19748 Mean=0.994733 Std=1.066080 RMS90=0.344564
  Pion: n=21287 Mean=0.966762 Std=0.412306 RMS90=0.097782
  Electron: n=6154 Mean=0.928075 Std=1.206028 RMS90=0.299136
  Muon: n=2222 Mean=0.946923 Std=0.217522 RMS90=0.033418

Epoch 216
Pretraining energy response (E_pred / E_true) by true-energy bin:
  1-50 GeV: n=40292 Mean=0.917546 Std=0.344133 RMS90=0.147280
  50-150 GeV: n=23832 Mean=0.933705 Std=0.167048 RMS90=0.037907
  >150 GeV: n=68 Mean=0.916818 Std=0.119922 RMS90=0.036461
Pretraining energy response by particle species:
  Neutron: n=13032 Mean=0.865103 Std=0.264439 RMS90=0.124229
  K0: n=11955 Mean=0.972945 Std=0.193335 RMS90=0.089987
  Photon: n=19748 Mean=0.982440 Std=0.907621 RMS90=0.340048
  Pion: n=21287 Mean=0.969554 Std=0.275975 RMS90=0.083111
  Electron: n=6154 Mean=0.931406 Std=1.102265 RMS90=0.299508
  Muon: n=2222 Mean=0.959866 Std=0.203960 RMS90=0.025494

Epoch 217
Pretraining energy response (E_pred / E_true) by true-energy bin:
  1-50 GeV: n=40292 Mean=0.904287 Std=0.346802 RMS90=0.148497
  50-150 GeV: n=23832 Mean=0.934166 Std=0.171710 RMS90=0.036706
  >150 GeV: n=68 Mean=0.916748 Std=0.119759 RMS90=0.033986
Pretraining energy response by particle species:
  Neutron: n=13032 Mean=0.858432 Std=0.263099 RMS90=0.120496
  K0: n=11955 Mean=0.965467 Std=0.188599 RMS90=0.086391
  Photon: n=19748 Mean=0.999002 Std=0.969055 RMS90=0.344903
  Pion: n=21287 Mean=0.953494 Std=0.280408 RMS90=0.073913
  Electron: n=6154 Mean=0.926156 Std=1.186729 RMS90=0.294433
  Muon: n=2222 Mean=0.952703 Std=0.198714 RMS90=0.016368

Epoch 218
Pretraining energy response (E_pred / E_true) by true-energy bin:
  1-50 GeV: n=40292 Mean=0.919543 Std=0.373498 RMS90=0.146558
  50-150 GeV: n=23832 Mean=0.920989 Std=0.191849 RMS90=0.051502
  >150 GeV: n=68 Mean=0.898135 Std=0.124194 RMS90=0.050780
Pretraining energy response by particle species:
  Neutron: n=13032 Mean=0.866323 Std=0.264002 RMS90=0.121898
  K0: n=11955 Mean=0.972602 Std=0.189375 RMS90=0.087845
  Photon: n=19748 Mean=1.006663 Std=0.972581 RMS90=0.340226
  Pion: n=21287 Mean=0.958590 Std=0.286040 RMS90=0.102002
  Electron: n=6154 Mean=0.942376 Std=1.408772 RMS90=0.294473
  Muon: n=2222 Mean=0.935104 Std=0.224043 RMS90=0.042167

Epoch 219
Pretraining energy response (E_pred / E_true) by true-energy bin:
  1-50 GeV: n=40292 Mean=0.908631 Std=0.422270 RMS90=0.145437
  50-150 GeV: n=23832 Mean=0.940480 Std=0.229990 RMS90=0.037642
  >150 GeV: n=68 Mean=0.922677 Std=0.125806 RMS90=0.024141
Pretraining energy response by particle species:
  Neutron: n=13032 Mean=0.868799 Std=0.266026 RMS90=0.122909
  K0: n=11955 Mean=0.976280 Std=0.191725 RMS90=0.087899
  Photon: n=19748 Mean=0.979914 Std=1.010158 RMS90=0.339349
  Pion: n=21287 Mean=0.953098 Std=0.283713 RMS90=0.072485
  Electron: n=6154 Mean=0.929597 Std=1.854007 RMS90=0.292631
  Muon: n=2222 Mean=0.949444 Std=0.210006 RMS90=0.019634

Epoch 220
Pretraining energy response (E_pred / E_true) by true-energy bin:
  1-50 GeV: n=40292 Mean=0.912258 Std=0.367248 RMS90=0.143116
  50-150 GeV: n=23832 Mean=0.937927 Std=0.187275 RMS90=0.035280
  >150 GeV: n=68 Mean=0.920671 Std=0.130083 RMS90=0.027637
Pretraining energy response by particle species:
  Neutron: n=13032 Mean=0.859955 Std=0.262864 RMS90=0.119271
  K0: n=11955 Mean=0.967215 Std=0.192464 RMS90=0.088631
  Photon: n=19748 Mean=0.992746 Std=0.977005 RMS90=0.335941
  Pion: n=21287 Mean=0.964179 Std=0.289350 RMS90=0.073586
  Electron: n=6154 Mean=0.932341 Std=1.399611 RMS90=0.293450
  Muon: n=2222 Mean=0.961560 Std=0.206920 RMS90=0.015350

Epoch 221
Pretraining energy response (E_pred / E_true) by true-energy bin:
  1-50 GeV: n=40292 Mean=0.920796 Std=0.357969 RMS90=0.144337
  50-150 GeV: n=23832 Mean=0.934289 Std=0.181564 RMS90=0.038318
  >150 GeV: n=68 Mean=0.920841 Std=0.127639 RMS90=0.035670
Pretraining energy response by particle species:
  Neutron: n=13032 Mean=0.854690 Std=0.259328 RMS90=0.119515
  K0: n=11955 Mean=0.958428 Std=0.191643 RMS90=0.090888
  Photon: n=19748 Mean=1.003028 Std=0.970943 RMS90=0.338240
  Pion: n=21287 Mean=0.988212 Std=0.630270 RMS90=0.086768
  Electron: n=6154 Mean=0.949803 Std=1.290674 RMS90=0.298121
  Muon: n=2222 Mean=0.973896 Std=0.206836 RMS90=0.021492

Epoch 222
Pretraining energy response (E_pred / E_true) by true-energy bin:
  1-50 GeV: n=40292 Mean=0.916414 Std=0.370805 RMS90=0.145957
  50-150 GeV: n=23832 Mean=0.937583 Std=0.191368 RMS90=0.038421
  >150 GeV: n=68 Mean=0.923117 Std=0.127788 RMS90=0.036128
Pretraining energy response by particle species:
  Neutron: n=13032 Mean=0.858379 Std=0.260331 RMS90=0.122963
  K0: n=11955 Mean=0.960881 Std=0.192356 RMS90=0.091187
  Photon: n=19748 Mean=0.977679 Std=0.944807 RMS90=0.343109
  Pion: n=21287 Mean=0.978350 Std=0.290029 RMS90=0.083125
  Electron: n=6154 Mean=0.934161 Std=1.398298 RMS90=0.304336
  Muon: n=2222 Mean=0.974826 Std=0.213216 RMS90=0.018499

Epoch 223
Pretraining energy response (E_pred / E_true) by true-energy bin:
  1-50 GeV: n=40292 Mean=0.898161 Std=0.308096 RMS90=0.146313
  50-150 GeV: n=23832 Mean=0.900950 Std=0.136639 RMS90=0.043179
  >150 GeV: n=68 Mean=0.881850 Std=0.113292 RMS90=0.042162
Pretraining energy response by particle species:
  Neutron: n=13032 Mean=0.847784 Std=0.258661 RMS90=0.123300
  K0: n=11955 Mean=0.953799 Std=0.194159 RMS90=0.092810
  Photon: n=19748 Mean=0.971519 Std=0.962321 RMS90=0.338086
  Pion: n=21287 Mean=0.931600 Std=0.264791 RMS90=0.081459
  Electron: n=6154 Mean=0.894951 Std=0.713323 RMS90=0.287999
  Muon: n=2222 Mean=0.922185 Std=0.217036 RMS90=0.032795

Epoch 224
Pretraining energy response (E_pred / E_true) by true-energy bin:
  1-50 GeV: n=40292 Mean=0.904020 Std=0.374719 RMS90=0.141016
  50-150 GeV: n=23832 Mean=0.915164 Std=0.194346 RMS90=0.048686
  >150 GeV: n=68 Mean=0.896274 Std=0.125944 RMS90=0.045743
Pretraining energy response by particle species:
  Neutron: n=13032 Mean=0.859219 Std=0.261875 RMS90=0.119868
  K0: n=11955 Mean=0.965872 Std=0.190919 RMS90=0.087623
  Photon: n=19748 Mean=0.983657 Std=0.964179 RMS90=0.346219
  Pion: n=21287 Mean=0.935824 Std=0.277715 RMS90=0.081248
  Electron: n=6154 Mean=0.915286 Std=1.462677 RMS90=0.292813
  Muon: n=2222 Mean=0.921293 Std=0.212847 RMS90=0.035733

Epoch 225
Pretraining energy response (E_pred / E_true) by true-energy bin:
  1-50 GeV: n=40292 Mean=0.905256 Std=0.370196 RMS90=0.144768
  50-150 GeV: n=23832 Mean=0.929277 Std=0.190969 RMS90=0.040355
  >150 GeV: n=68 Mean=0.913532 Std=0.128847 RMS90=0.034136
Pretraining energy response by particle species:
  Neutron: n=13032 Mean=0.861233 Std=0.263714 RMS90=0.120501
  K0: n=11955 Mean=0.967926 Std=0.189944 RMS90=0.087245
  Photon: n=19748 Mean=0.972937 Std=0.931551 RMS90=0.340591
  Pion: n=21287 Mean=0.950024 Std=0.310186 RMS90=0.081535
  Electron: n=6154 Mean=0.914025 Std=1.447570 RMS90=0.293691
  Muon: n=2222 Mean=0.941269 Std=0.220641 RMS90=0.023325

Epoch 226
Pretraining energy response (E_pred / E_true) by true-energy bin:
  1-50 GeV: n=40292 Mean=0.910151 Std=0.348645 RMS90=0.140592
  50-150 GeV: n=23832 Mean=0.928194 Std=0.172454 RMS90=0.039238
  >150 GeV: n=68 Mean=0.911523 Std=0.124933 RMS90=0.035468
Pretraining energy response by particle species:
  Neutron: n=13032 Mean=0.862332 Std=0.261333 RMS90=0.120159
  K0: n=11955 Mean=0.968937 Std=0.190924 RMS90=0.087507
  Photon: n=19748 Mean=0.987855 Std=0.922012 RMS90=0.343739
  Pion: n=21287 Mean=0.950587 Std=0.266053 RMS90=0.076309
  Electron: n=6154 Mean=0.922082 Std=1.189845 RMS90=0.294817
  Muon: n=2222 Mean=0.940185 Std=0.228439 RMS90=0.023961

Epoch 227
Pretraining energy response (E_pred / E_true) by true-energy bin:
  1-50 GeV: n=40292 Mean=0.896858 Std=0.302486 RMS90=0.153813
  50-150 GeV: n=23832 Mean=0.881524 Std=0.125886 RMS90=0.053735
  >150 GeV: n=68 Mean=0.859761 Std=0.086538 RMS90=0.057961
Pretraining energy response by particle species:
  Neutron: n=13032 Mean=0.837856 Std=0.256525 RMS90=0.117208
  K0: n=11955 Mean=0.940512 Std=0.188206 RMS90=0.089707
  Photon: n=19748 Mean=0.936377 Std=0.869627 RMS90=0.344233
  Pion: n=21287 Mean=0.940815 Std=0.301814 RMS90=0.118867
  Electron: n=6154 Mean=0.884906 Std=0.469303 RMS90=0.302563
  Muon: n=2222 Mean=0.915448 Std=0.248711 RMS90=0.057331

Epoch 228
Pretraining energy response (E_pred / E_true) by true-energy bin:
  1-50 GeV: n=40292 Mean=0.927038 Std=0.381390 RMS90=0.146356
  50-150 GeV: n=23832 Mean=0.947678 Std=0.197670 RMS90=0.039131
  >150 GeV: n=68 Mean=0.934350 Std=0.130845 RMS90=0.035607
Pretraining energy response by particle species:
  Neutron: n=13032 Mean=0.861413 Std=0.260702 RMS90=0.119211
  K0: n=11955 Mean=0.965840 Std=0.192020 RMS90=0.088468
  Photon: n=19748 Mean=0.976778 Std=0.958267 RMS90=0.351597
  Pion: n=21287 Mean=0.996728 Std=0.274286 RMS90=0.082618
  Electron: n=6154 Mean=0.949727 Std=1.433940 RMS90=0.315359
  Muon: n=2222 Mean=0.994724 Std=0.220985 RMS90=0.023314

Epoch 229
Pretraining energy response (E_pred / E_true) by true-energy bin:
  1-50 GeV: n=40292 Mean=0.907158 Std=0.345182 RMS90=0.142028
  50-150 GeV: n=23832 Mean=0.920488 Std=0.170485 RMS90=0.038362
  >150 GeV: n=68 Mean=0.903263 Std=0.120737 RMS90=0.032057
Pretraining energy response by particle species:
  Neutron: n=13032 Mean=0.856339 Std=0.258540 RMS90=0.117446
  K0: n=11955 Mean=0.960399 Std=0.191490 RMS90=0.089892
  Photon: n=19748 Mean=0.970485 Std=0.900938 RMS90=0.345924
  Pion: n=21287 Mean=0.948810 Std=0.265869 RMS90=0.076556
  Electron: n=6154 Mean=0.912386 Std=1.158264 RMS90=0.298392
  Muon: n=2222 Mean=0.939527 Std=0.211053 RMS90=0.023334

Epoch 230
Pretraining energy response (E_pred / E_true) by true-energy bin:
  1-50 GeV: n=40292 Mean=0.890275 Std=0.289219 RMS90=0.140777
  50-150 GeV: n=23832 Mean=0.889479 Std=0.125680 RMS90=0.052542
  >150 GeV: n=68 Mean=0.879225 Std=0.082854 RMS90=0.044671
Pretraining energy response by particle species:
  Neutron: n=13032 Mean=0.850665 Std=0.256189 RMS90=0.117213
  K0: n=11955 Mean=0.952936 Std=0.191986 RMS90=0.092319
  Photon: n=19748 Mean=0.972162 Std=0.856957 RMS90=0.335636
  Pion: n=21287 Mean=0.911647 Std=0.272350 RMS90=0.096186
  Electron: n=6154 Mean=0.875276 Std=0.449806 RMS90=0.282325
  Muon: n=2222 Mean=0.888408 Std=0.218254 RMS90=0.023721

Epoch 231
Pretraining energy response (E_pred / E_true) by true-energy bin:
  1-50 GeV: n=40292 Mean=0.905295 Std=0.356039 RMS90=0.145735
  50-150 GeV: n=23832 Mean=0.924072 Std=0.178300 RMS90=0.040464
  >150 GeV: n=68 Mean=0.908040 Std=0.125448 RMS90=0.040370
Pretraining energy response by particle species:
  Neutron: n=13032 Mean=0.855945 Std=0.261065 RMS90=0.120677
  K0: n=11955 Mean=0.962840 Std=0.190684 RMS90=0.086949
  Photon: n=19748 Mean=0.970410 Std=0.929882 RMS90=0.350911
  Pion: n=21287 Mean=0.949192 Std=0.280038 RMS90=0.081237
  Electron: n=6154 Mean=0.913148 Std=1.259389 RMS90=0.301386
  Muon: n=2222 Mean=0.937627 Std=0.206939 RMS90=0.026454

Epoch 232
Pretraining energy response (E_pred / E_true) by true-energy bin:
  1-50 GeV: n=40292 Mean=0.904565 Std=0.423567 RMS90=0.141793
  50-150 GeV: n=23832 Mean=0.909580 Std=0.233678 RMS90=0.043855
  >150 GeV: n=68 Mean=0.891164 Std=0.124691 RMS90=0.037114
Pretraining energy response by particle species:
  Neutron: n=13032 Mean=0.855931 Std=0.259014 RMS90=0.119985
  K0: n=11955 Mean=0.961403 Std=0.194951 RMS90=0.092150
  Photon: n=19748 Mean=0.984783 Std=0.980603 RMS90=0.344653
  Pion: n=21287 Mean=0.929415 Std=0.270642 RMS90=0.075074
  Electron: n=6154 Mean=0.915920 Std=1.867300 RMS90=0.289717
  Muon: n=2222 Mean=0.918560 Std=0.207013 RMS90=0.029342

Epoch 233
Pretraining energy response (E_pred / E_true) by true-energy bin:
  1-50 GeV: n=40292 Mean=0.913117 Std=0.440072 RMS90=0.141768
  50-150 GeV: n=23832 Mean=0.928644 Std=0.232788 RMS90=0.038688
  >150 GeV: n=68 Mean=0.913816 Std=0.125289 RMS90=0.030889
Pretraining energy response by particle species:
  Neutron: n=13032 Mean=0.860967 Std=0.261459 RMS90=0.118133
  K0: n=11955 Mean=0.965942 Std=0.191392 RMS90=0.088118
  Photon: n=19748 Mean=0.979858 Std=0.982145 RMS90=0.347536
  Pion: n=21287 Mean=0.960046 Std=0.278426 RMS90=0.076838
  Electron: n=6154 Mean=0.933259 Std=1.865031 RMS90=0.300358
  Muon: n=2222 Mean=0.936704 Std=0.216839 RMS90=0.046237

Epoch 234
Pretraining energy response (E_pred / E_true) by true-energy bin:
  1-50 GeV: n=40292 Mean=0.914034 Std=0.380776 RMS90=0.146616
  50-150 GeV: n=23832 Mean=0.939936 Std=0.199781 RMS90=0.036755
  >150 GeV: n=68 Mean=0.925935 Std=0.129407 RMS90=0.031822
Pretraining energy response by particle species:
  Neutron: n=13032 Mean=0.861081 Std=0.263274 RMS90=0.119637
  K0: n=11955 Mean=0.966590 Std=0.191540 RMS90=0.088522
  Photon: n=19748 Mean=0.969740 Std=0.944781 RMS90=0.350207
  Pion: n=21287 Mean=0.971933 Std=0.281177 RMS90=0.077373
  Electron: n=6154 Mean=0.929501 Std=1.466868 RMS90=0.307664
  Muon: n=2222 Mean=0.968451 Std=0.210263 RMS90=0.017974

Epoch 235
Pretraining energy response (E_pred / E_true) by true-energy bin:
  1-50 GeV: n=40292 Mean=0.918667 Std=0.428575 RMS90=0.144239
  50-150 GeV: n=23832 Mean=0.944113 Std=0.235128 RMS90=0.035466
  >150 GeV: n=68 Mean=0.930204 Std=0.128399 RMS90=0.029627
Pretraining energy response by particle species:
  Neutron: n=13032 Mean=0.867677 Std=0.263922 RMS90=0.120086
  K0: n=11955 Mean=0.974887 Std=0.192811 RMS90=0.087572
  Photon: n=19748 Mean=0.979856 Std=0.985067 RMS90=0.350953
  Pion: n=21287 Mean=0.972436 Std=0.282356 RMS90=0.076710
  Electron: n=6154 Mean=0.939274 Std=1.875898 RMS90=0.305942
  Muon: n=2222 Mean=0.965461 Std=0.214099 RMS90=0.017594

Epoch 236
Pretraining energy response (E_pred / E_true) by true-energy bin:
  1-50 GeV: n=40292 Mean=0.921411 Std=0.442868 RMS90=0.143607
  50-150 GeV: n=23832 Mean=0.942481 Std=0.244022 RMS90=0.040149
  >150 GeV: n=68 Mean=0.926668 Std=0.127227 RMS90=0.030645
Pretraining energy response by particle species:
  Neutron: n=13032 Mean=0.871952 Std=0.263971 RMS90=0.120362
  K0: n=11955 Mean=0.979195 Std=0.193566 RMS90=0.088252
  Photon: n=19748 Mean=0.981307 Std=0.980039 RMS90=0.350057
  Pion: n=21287 Mean=0.967610 Std=0.275868 RMS90=0.072770
  Electron: n=6154 Mean=0.939059 Std=1.941568 RMS90=0.304616
  Muon: n=2222 Mean=0.932095 Std=0.216946 RMS90=0.057910

Epoch 237
Pretraining energy response (E_pred / E_true) by true-energy bin:
  1-50 GeV: n=40292 Mean=0.908553 Std=0.393258 RMS90=0.140832
  50-150 GeV: n=23832 Mean=0.924452 Std=0.209937 RMS90=0.038886
  >150 GeV: n=68 Mean=0.906881 Std=0.125695 RMS90=0.030409
Pretraining energy response by particle species:
  Neutron: n=13032 Mean=0.859844 Std=0.260777 RMS90=0.118394
  K0: n=11955 Mean=0.964659 Std=0.191306 RMS90=0.088050
  Photon: n=19748 Mean=0.978535 Std=0.952982 RMS90=0.344610
  Pion: n=21287 Mean=0.948907 Std=0.277945 RMS90=0.076136
  Electron: n=6154 Mean=0.921956 Std=1.623525 RMS90=0.295946
  Muon: n=2222 Mean=0.940743 Std=0.211108 RMS90=0.026542

Epoch 238
Pretraining energy response (E_pred / E_true) by true-energy bin:
  1-50 GeV: n=40292 Mean=0.897493 Std=0.351682 RMS90=0.145399
  50-150 GeV: n=23832 Mean=0.921121 Std=0.177603 RMS90=0.036739
  >150 GeV: n=68 Mean=0.909017 Std=0.129121 RMS90=0.032047
Pretraining energy response by particle species:
  Neutron: n=13032 Mean=0.844828 Std=0.257261 RMS90=0.120444
  K0: n=11955 Mean=0.947648 Std=0.186880 RMS90=0.087390
  Photon: n=19748 Mean=0.975065 Std=0.941810 RMS90=0.347057
  Pion: n=21287 Mean=0.950107 Std=0.264634 RMS90=0.075512
  Electron: n=6154 Mean=0.916265 Std=1.216972 RMS90=0.297354
  Muon: n=2222 Mean=0.941645 Std=0.195349 RMS90=0.014435

Epoch 239
Pretraining energy response (E_pred / E_true) by true-energy bin:
  1-50 GeV: n=40292 Mean=0.913729 Std=0.324142 RMS90=0.151019
  50-150 GeV: n=23832 Mean=0.913497 Std=0.288529 RMS90=0.041485
  >150 GeV: n=68 Mean=0.891160 Std=0.120664 RMS90=0.037771
Pretraining energy response by particle species:
  Neutron: n=13032 Mean=0.849299 Std=0.258514 RMS90=0.120705
  K0: n=11955 Mean=0.949892 Std=0.192973 RMS90=0.092484
  Photon: n=19748 Mean=0.994908 Std=1.044864 RMS90=0.360470
  Pion: n=21287 Mean=0.965042 Std=0.277545 RMS90=0.091447
  Electron: n=6154 Mean=0.922568 Std=0.761294 RMS90=0.308380
  Muon: n=2222 Mean=0.949929 Std=0.207951 RMS90=0.034353

Epoch 240
Pretraining energy response (E_pred / E_true) by true-energy bin:
  1-50 GeV: n=40292 Mean=0.910091 Std=0.317189 RMS90=0.143175
  50-150 GeV: n=23832 Mean=0.935026 Std=0.128734 RMS90=0.036861
  >150 GeV: n=68 Mean=0.926564 Std=0.125617 RMS90=0.034040
Pretraining energy response by particle species:
  Neutron: n=13032 Mean=0.855540 Std=0.259822 RMS90=0.120255
  K0: n=11955 Mean=0.956670 Std=0.188204 RMS90=0.087182
  Photon: n=19748 Mean=0.980627 Std=0.912954 RMS90=0.339984
  Pion: n=21287 Mean=0.969460 Std=0.271838 RMS90=0.072178
  Electron: n=6154 Mean=0.916764 Std=0.526011 RMS90=0.299317
  Muon: n=2222 Mean=0.966695 Std=0.201331 RMS90=0.018806

Epoch 241
Pretraining energy response (E_pred / E_true) by true-energy bin:
  1-50 GeV: n=40292 Mean=0.879583 Std=0.301082 RMS90=0.145723
  50-150 GeV: n=23832 Mean=0.884676 Std=0.132780 RMS90=0.047800
  >150 GeV: n=68 Mean=0.862344 Std=0.117868 RMS90=0.041943
Pretraining energy response by particle species:
  Neutron: n=13032 Mean=0.841692 Std=0.256237 RMS90=0.122040
  K0: n=11955 Mean=0.942821 Std=0.195996 RMS90=0.097069
  Photon: n=19748 Mean=0.997606 Std=1.045426 RMS90=0.338847
  Pion: n=21287 Mean=0.893741 Std=0.255634 RMS90=0.072722
  Electron: n=6154 Mean=0.883696 Std=0.659322 RMS90=0.274193
  Muon: n=2222 Mean=0.889703 Std=0.203881 RMS90=0.022952

Epoch 242
Pretraining energy response (E_pred / E_true) by true-energy bin:
  1-50 GeV: n=40292 Mean=0.917698 Std=0.306090 RMS90=0.144925
  50-150 GeV: n=23832 Mean=0.929922 Std=0.131126 RMS90=0.038166
  >150 GeV: n=68 Mean=0.908914 Std=0.122757 RMS90=0.032232
Pretraining energy response by particle species:
  Neutron: n=13032 Mean=0.865375 Std=0.265049 RMS90=0.121268
  K0: n=11955 Mean=0.973791 Std=0.197054 RMS90=0.092573
  Photon: n=19748 Mean=0.987840 Std=0.952817 RMS90=0.337164
  Pion: n=21287 Mean=0.963078 Std=0.281797 RMS90=0.079278
  Electron: n=6154 Mean=0.918548 Std=0.613224 RMS90=0.294652
  Muon: n=2222 Mean=0.957235 Std=0.215270 RMS90=0.024459

Epoch 243
Pretraining energy response (E_pred / E_true) by true-energy bin:
  1-50 GeV: n=40292 Mean=0.913950 Std=0.311519 RMS90=0.144674
  50-150 GeV: n=23832 Mean=0.937164 Std=0.140855 RMS90=0.038256
  >150 GeV: n=68 Mean=0.927253 Std=0.129338 RMS90=0.031100
Pretraining energy response by particle species:
  Neutron: n=13032 Mean=0.852732 Std=0.262951 RMS90=0.120835
  K0: n=11955 Mean=0.953383 Std=0.189407 RMS90=0.089155
  Photon: n=19748 Mean=0.990172 Std=0.998266 RMS90=0.334299
  Pion: n=21287 Mean=0.985253 Std=0.306341 RMS90=0.091621
  Electron: n=6154 Mean=0.932657 Std=0.787713 RMS90=0.299638
  Muon: n=2222 Mean=0.978447 Std=0.221741 RMS90=0.021427

Epoch 244
Pretraining energy response (E_pred / E_true) by true-energy bin:
  1-50 GeV: n=40292 Mean=0.914134 Std=0.314944 RMS90=0.141819
  50-150 GeV: n=23832 Mean=0.941483 Std=0.139115 RMS90=0.043545
  >150 GeV: n=68 Mean=0.922505 Std=0.125307 RMS90=0.032786
Pretraining energy response by particle species:
  Neutron: n=13032 Mean=0.875726 Std=0.266319 RMS90=0.120559
  K0: n=11955 Mean=0.979616 Std=0.195325 RMS90=0.089379
  Photon: n=19748 Mean=0.982665 Std=0.924511 RMS90=0.339438
  Pion: n=21287 Mean=0.962375 Std=0.277060 RMS90=0.080965
  Electron: n=6154 Mean=0.918196 Std=0.667851 RMS90=0.296124
  Muon: n=2222 Mean=0.943705 Std=0.215960 RMS90=0.029460

Epoch 245
Pretraining energy response (E_pred / E_true) by true-energy bin:
  1-50 GeV: n=40292 Mean=0.918599 Std=0.419098 RMS90=0.153754
  50-150 GeV: n=23832 Mean=0.921948 Std=0.223617 RMS90=0.041125
  >150 GeV: n=68 Mean=0.898603 Std=0.123343 RMS90=0.034106
Pretraining energy response by particle species:
  Neutron: n=13032 Mean=0.860338 Std=0.264395 RMS90=0.122972
  K0: n=11955 Mean=0.966056 Std=0.193416 RMS90=0.090822
  Photon: n=19748 Mean=0.989368 Std=0.997038 RMS90=0.340787
  Pion: n=21287 Mean=0.970090 Std=0.280121 RMS90=0.101711
  Electron: n=6154 Mean=0.946444 Std=1.777629 RMS90=0.298338
  Muon: n=2222 Mean=0.956482 Std=0.228274 RMS90=0.036839

Epoch 246
Pretraining energy response (E_pred / E_true) by true-energy bin:
  1-50 GeV: n=40292 Mean=0.911756 Std=0.308963 RMS90=0.157108
  50-150 GeV: n=23832 Mean=0.933092 Std=0.134591 RMS90=0.041446
  >150 GeV: n=68 Mean=0.920507 Std=0.122873 RMS90=0.037029
Pretraining energy response by particle species:
  Neutron: n=13032 Mean=0.866353 Std=0.267051 RMS90=0.125267
  K0: n=11955 Mean=0.975067 Std=0.194972 RMS90=0.089039
  Photon: n=19748 Mean=0.977953 Std=0.931607 RMS90=0.336501
  Pion: n=21287 Mean=0.963810 Std=0.274659 RMS90=0.088614
  Electron: n=6154 Mean=0.915558 Std=0.600896 RMS90=0.296311
  Muon: n=2222 Mean=0.949815 Std=0.218881 RMS90=0.032091

Epoch 247
Pretraining energy response (E_pred / E_true) by true-energy bin:
  1-50 GeV: n=40292 Mean=0.915759 Std=0.425850 RMS90=0.148388
  50-150 GeV: n=23832 Mean=0.943393 Std=0.234403 RMS90=0.036141
  >150 GeV: n=68 Mean=0.921621 Std=0.127273 RMS90=0.028023
Pretraining energy response by particle species:
  Neutron: n=13032 Mean=0.864720 Std=0.264369 RMS90=0.121971
  K0: n=11955 Mean=0.970789 Std=0.194200 RMS90=0.088195
  Photon: n=19748 Mean=0.984269 Std=0.985355 RMS90=0.346492
  Pion: n=21287 Mean=0.972249 Std=0.281512 RMS90=0.076447
  Electron: n=6154 Mean=0.942287 Std=1.875177 RMS90=0.303363
  Muon: n=2222 Mean=0.971940 Std=0.220662 RMS90=0.012740

Epoch 248
Pretraining energy response (E_pred / E_true) by true-energy bin:
  1-50 GeV: n=40292 Mean=0.900601 Std=0.390731 RMS90=0.145482
  50-150 GeV: n=23832 Mean=0.921955 Std=0.206294 RMS90=0.036791
  >150 GeV: n=68 Mean=0.911911 Std=0.124117 RMS90=0.031985
Pretraining energy response by particle species:
  Neutron: n=13032 Mean=0.851538 Std=0.259677 RMS90=0.119309
  K0: n=11955 Mean=0.957170 Std=0.191381 RMS90=0.087978
  Photon: n=19748 Mean=0.975412 Std=0.992109 RMS90=0.342452
  Pion: n=21287 Mean=0.948627 Std=0.267959 RMS90=0.074886
  Electron: n=6154 Mean=0.922581 Std=1.589234 RMS90=0.296125
  Muon: n=2222 Mean=0.943828 Std=0.193268 RMS90=0.021565

Epoch 249
Pretraining energy response (E_pred / E_true) by true-energy bin:
  1-50 GeV: n=40292 Mean=0.910471 Std=0.373874 RMS90=0.150816
  50-150 GeV: n=23832 Mean=0.930785 Std=0.187429 RMS90=0.038197
  >150 GeV: n=68 Mean=0.913008 Std=0.125284 RMS90=0.031935
Pretraining energy response by particle species:
  Neutron: n=13032 Mean=0.861105 Std=0.263101 RMS90=0.120065
  K0: n=11955 Mean=0.968455 Std=0.196225 RMS90=0.091723
  Photon: n=19748 Mean=0.983048 Std=1.336441 RMS90=0.360780
  Pion: n=21287 Mean=0.956458 Std=0.273336 RMS90=0.074480
  Electron: n=6154 Mean=0.922431 Std=1.378304 RMS90=0.307762
  Muon: n=2222 Mean=0.951549 Std=0.197435 RMS90=0.021633

Epoch 250
Pretraining energy response (E_pred / E_true) by true-energy bin:
  1-50 GeV: n=40292 Mean=0.915996 Std=0.416312 RMS90=0.150928
  50-150 GeV: n=23832 Mean=0.949093 Std=0.225473 RMS90=0.037534
  >150 GeV: n=68 Mean=0.935974 Std=0.129874 RMS90=0.032218
Pretraining energy response by particle species:
  Neutron: n=13032 Mean=0.870377 Std=0.265706 RMS90=0.123551
  K0: n=11955 Mean=0.978454 Std=0.195145 RMS90=0.091295
  Photon: n=19748 Mean=0.992212 Std=1.011418 RMS90=0.352365
  Pion: n=21287 Mean=0.970229 Std=0.283703 RMS90=0.075007
  Electron: n=6154 Mean=0.941023 Std=1.779762 RMS90=0.304836
  Muon: n=2222 Mean=0.966423 Std=0.212417 RMS90=0.009677

Epoch 251
Pretraining energy response (E_pred / E_true) by true-energy bin:
  1-50 GeV: n=40292 Mean=0.888975 Std=0.303543 RMS90=0.163186
  50-150 GeV: n=23832 Mean=0.894626 Std=0.134574 RMS90=0.069051
  >150 GeV: n=68 Mean=0.879840 Std=0.084291 RMS90=0.071144
Pretraining energy response by particle species:
  Neutron: n=13032 Mean=0.865016 Std=0.268895 RMS90=0.126540
  K0: n=11955 Mean=0.977060 Std=0.199991 RMS90=0.092363
  Photon: n=19748 Mean=0.974625 Std=0.907538 RMS90=0.357275
  Pion: n=21287 Mean=0.891487 Std=0.268365 RMS90=0.083749
  Electron: n=6154 Mean=0.863355 Std=0.459139 RMS90=0.288481
  Muon: n=2222 Mean=0.874025 Std=0.198283 RMS90=0.039664

Epoch 252
Pretraining energy response (E_pred / E_true) by true-energy bin:
  1-50 GeV: n=40292 Mean=0.911284 Std=0.302783 RMS90=0.149524
  50-150 GeV: n=23832 Mean=0.913677 Std=0.126978 RMS90=0.043503
  >150 GeV: n=68 Mean=0.905035 Std=0.068070 RMS90=0.045237
Pretraining energy response by particle species:
  Neutron: n=13032 Mean=0.852395 Std=0.257125 RMS90=0.117674
  K0: n=11955 Mean=0.958229 Std=0.188500 RMS90=0.087522
  Photon: n=19748 Mean=0.996054 Std=0.925015 RMS90=0.368380
  Pion: n=21287 Mean=0.954635 Std=0.283577 RMS90=0.091077
  Electron: n=6154 Mean=0.916458 Std=0.612912 RMS90=0.312635
  Muon: n=2222 Mean=0.926272 Std=0.212876 RMS90=0.046904

Epoch 253
Pretraining energy response (E_pred / E_true) by true-energy bin:
  1-50 GeV: n=40292 Mean=0.908112 Std=0.357291 RMS90=0.145361
  50-150 GeV: n=23832 Mean=0.924381 Std=0.177229 RMS90=0.040246
  >150 GeV: n=68 Mean=0.908631 Std=0.115707 RMS90=0.027598
Pretraining energy response by particle species:
  Neutron: n=13032 Mean=0.864944 Std=0.261858 RMS90=0.121485
  K0: n=11955 Mean=0.968059 Std=0.193531 RMS90=0.092509
  Photon: n=19748 Mean=0.982165 Std=0.956729 RMS90=0.344170
  Pion: n=21287 Mean=0.947945 Std=0.262526 RMS90=0.073060
  Electron: n=6154 Mean=0.917529 Std=1.271182 RMS90=0.296440
  Muon: n=2222 Mean=0.939530 Std=0.193628 RMS90=0.020697

Epoch 254
Pretraining energy response (E_pred / E_true) by true-energy bin:
  1-50 GeV: n=40292 Mean=0.911460 Std=0.298475 RMS90=0.144723
  50-150 GeV: n=23832 Mean=0.912266 Std=0.127118 RMS90=0.039624
  >150 GeV: n=68 Mean=0.904565 Std=0.070480 RMS90=0.032218
Pretraining energy response by particle species:
  Neutron: n=13032 Mean=0.847005 Std=0.257235 RMS90=0.121324
  K0: n=11955 Mean=0.949747 Std=0.190240 RMS90=0.090841
  Photon: n=19748 Mean=0.988637 Std=0.914341 RMS90=0.350887
  Pion: n=21287 Mean=0.960745 Std=0.278845 RMS90=0.091899
  Electron: n=6154 Mean=0.911825 Std=0.496677 RMS90=0.305321
  Muon: n=2222 Mean=0.945314 Std=0.218820 RMS90=0.034614

Epoch 255
Pretraining energy response (E_pred / E_true) by true-energy bin:
  1-50 GeV: n=40292 Mean=0.880365 Std=0.290169 RMS90=0.140547
  50-150 GeV: n=23832 Mean=0.860052 Std=0.129790 RMS90=0.063147
  >150 GeV: n=68 Mean=0.840283 Std=0.080516 RMS90=0.069022
Pretraining energy response by particle species:
  Neutron: n=13032 Mean=0.830080 Std=0.252638 RMS90=0.123104
  K0: n=11955 Mean=0.931474 Std=0.192692 RMS90=0.098432
  Photon: n=19748 Mean=0.959877 Std=0.903866 RMS90=0.347742
  Pion: n=21287 Mean=0.893300 Std=0.260994 RMS90=0.090547
  Electron: n=6154 Mean=0.865744 Std=0.463104 RMS90=0.291738
  Muon: n=2222 Mean=0.875496 Std=0.195927 RMS90=0.051812

Epoch 256
Pretraining energy response (E_pred / E_true) by true-energy bin:
  1-50 GeV: n=40292 Mean=0.893716 Std=0.351821 RMS90=0.144264
  50-150 GeV: n=23832 Mean=0.918001 Std=0.176303 RMS90=0.038980
  >150 GeV: n=68 Mean=0.907083 Std=0.112346 RMS90=0.038025
Pretraining energy response by particle species:
  Neutron: n=13032 Mean=0.852900 Std=0.259808 RMS90=0.119867
  K0: n=11955 Mean=0.957432 Std=0.192641 RMS90=0.091538
  Photon: n=19748 Mean=0.966314 Std=0.937181 RMS90=0.348217
  Pion: n=21287 Mean=0.933909 Std=0.264331 RMS90=0.069950
  Electron: n=6154 Mean=0.901851 Std=1.217952 RMS90=0.299156
  Muon: n=2222 Mean=0.930528 Std=0.199094 RMS90=0.018038

Epoch 257
Pretraining energy response (E_pred / E_true) by true-energy bin:
  1-50 GeV: n=40292 Mean=0.926620 Std=0.518906 RMS90=0.145589
  50-150 GeV: n=23832 Mean=0.932649 Std=0.299180 RMS90=0.040362
  >150 GeV: n=68 Mean=0.914420 Std=0.126347 RMS90=0.035350
Pretraining energy response by particle species:
  Neutron: n=13032 Mean=0.875183 Std=0.265240 RMS90=0.120943
  K0: n=11955 Mean=0.982210 Std=0.198062 RMS90=0.093054
  Photon: n=19748 Mean=1.008281 Std=1.141055 RMS90=0.358836
  Pion: n=21287 Mean=0.959971 Std=0.274663 RMS90=0.077686
  Electron: n=6154 Mean=0.957784 Std=2.541594 RMS90=0.305263
  Muon: n=2222 Mean=0.949762 Std=0.211375 RMS90=0.032083

Epoch 258
Pretraining energy response (E_pred / E_true) by true-energy bin:
  1-50 GeV: n=40292 Mean=0.923890 Std=0.388967 RMS90=0.150562
  50-150 GeV: n=23832 Mean=0.942821 Std=0.197282 RMS90=0.039047
  >150 GeV: n=68 Mean=0.927010 Std=0.121503 RMS90=0.036544
Pretraining energy response by particle species:
  Neutron: n=13032 Mean=0.876753 Std=0.267446 RMS90=0.123672
  K0: n=11955 Mean=0.984272 Std=0.200037 RMS90=0.091685
  Photon: n=19748 Mean=0.984185 Std=1.132190 RMS90=0.372279
  Pion: n=21287 Mean=0.974584 Std=0.280802 RMS90=0.082289
  Electron: n=6154 Mean=0.935821 Std=1.494635 RMS90=0.319998
  Muon: n=2222 Mean=0.966081 Std=0.234310 RMS90=0.027704

Epoch 259
Pretraining energy response (E_pred / E_true) by true-energy bin:
  1-50 GeV: n=40292 Mean=0.917054 Std=0.486038 RMS90=0.145622
  50-150 GeV: n=23832 Mean=0.942260 Std=0.278171 RMS90=0.037074
  >150 GeV: n=68 Mean=0.923189 Std=0.125747 RMS90=0.028235
Pretraining energy response by particle species:
  Neutron: n=13032 Mean=0.862653 Std=0.263327 RMS90=0.119554
  K0: n=11955 Mean=0.968201 Std=0.190463 RMS90=0.088053
  Photon: n=19748 Mean=0.972353 Std=1.103418 RMS90=0.356419
  Pion: n=21287 Mean=0.978514 Std=0.275914 RMS90=0.081715
  Electron: n=6154 Mean=0.945117 Std=2.290916 RMS90=0.315657
  Muon: n=2222 Mean=0.966646 Std=0.223666 RMS90=0.030554

Epoch 260
Pretraining energy response (E_pred / E_true) by true-energy bin:
  1-50 GeV: n=40292 Mean=0.893186 Std=0.381872 RMS90=0.139766
  50-150 GeV: n=23832 Mean=0.911324 Std=0.199419 RMS90=0.036432
  >150 GeV: n=68 Mean=0.895516 Std=0.114741 RMS90=0.029642
Pretraining energy response by particle species:
  Neutron: n=13032 Mean=0.845678 Std=0.255805 RMS90=0.115899
  K0: n=11955 Mean=0.948675 Std=0.187160 RMS90=0.087211
  Photon: n=19748 Mean=0.966414 Std=0.965143 RMS90=0.345383
  Pion: n=21287 Mean=0.935445 Std=0.258160 RMS90=0.069473
  Electron: n=6154 Mean=0.911292 Std=1.528106 RMS90=0.295897
  Muon: n=2222 Mean=0.932804 Std=0.196611 RMS90=0.021691

Epoch 261
Pretraining energy response (E_pred / E_true) by true-energy bin:
  1-50 GeV: n=40292 Mean=0.904253 Std=0.589854 RMS90=0.140106
  50-150 GeV: n=23832 Mean=0.940887 Std=0.355860 RMS90=0.036947
  >150 GeV: n=68 Mean=0.925737 Std=0.127192 RMS90=0.030136
Pretraining energy response by particle species:
  Neutron: n=13032 Mean=0.859566 Std=0.260780 RMS90=0.119150
  K0: n=11955 Mean=0.962417 Std=0.188083 RMS90=0.086414
  Photon: n=19748 Mean=0.995531 Std=1.172899 RMS90=0.347147
  Pion: n=21287 Mean=0.955192 Std=0.268167 RMS90=0.067140
  Electron: n=6154 Mean=0.957776 Std=3.057704 RMS90=0.295817
  Muon: n=2222 Mean=0.940160 Std=0.186737 RMS90=0.029063

Epoch 262
Pretraining energy response (E_pred / E_true) by true-energy bin:
  1-50 GeV: n=40292 Mean=0.901370 Std=0.445385 RMS90=0.145069
  50-150 GeV: n=23832 Mean=0.929393 Std=0.250223 RMS90=0.042607
  >150 GeV: n=68 Mean=0.918027 Std=0.130916 RMS90=0.040363
Pretraining energy response by particle species:
  Neutron: n=13032 Mean=0.851492 Std=0.257503 RMS90=0.120045
  K0: n=11955 Mean=0.954768 Std=0.193021 RMS90=0.091860
  Photon: n=19748 Mean=0.962658 Std=1.008005 RMS90=0.347714
  Pion: n=21287 Mean=0.957270 Std=0.262276 RMS90=0.065901
  Electron: n=6154 Mean=0.927251 Std=2.012466 RMS90=0.304969
  Muon: n=2222 Mean=0.931899 Std=0.199946 RMS90=0.041045

Epoch 263
Pretraining energy response (E_pred / E_true) by true-energy bin:
  1-50 GeV: n=40292 Mean=0.925196 Std=0.629893 RMS90=0.144864
  50-150 GeV: n=23832 Mean=0.943750 Std=0.380821 RMS90=0.038871
  >150 GeV: n=68 Mean=0.923232 Std=0.126641 RMS90=0.027185
Pretraining energy response by particle species:
  Neutron: n=13032 Mean=0.875684 Std=0.263514 RMS90=0.119532
  K0: n=11955 Mean=0.983058 Std=0.191601 RMS90=0.087489
  Photon: n=19748 Mean=1.003441 Std=1.267939 RMS90=0.357480
  Pion: n=21287 Mean=0.968413 Std=0.281666 RMS90=0.080357
  Electron: n=6154 Mean=0.965644 Std=3.305853 RMS90=0.307042
  Muon: n=2222 Mean=0.960401 Std=0.214243 RMS90=0.023364

Epoch 264
Pretraining energy response (E_pred / E_true) by true-energy bin:
  1-50 GeV: n=40292 Mean=0.906497 Std=0.296981 RMS90=0.146419
  50-150 GeV: n=23832 Mean=0.899148 Std=0.130328 RMS90=0.060399
  >150 GeV: n=68 Mean=0.876192 Std=0.096089 RMS90=0.060770
Pretraining energy response by particle species:
  Neutron: n=13032 Mean=0.863970 Std=0.259729 RMS90=0.118301
  K0: n=11955 Mean=0.970608 Std=0.192218 RMS90=0.090561
  Photon: n=19748 Mean=0.990031 Std=0.894150 RMS90=0.348227
  Pion: n=21287 Mean=0.922048 Std=0.269307 RMS90=0.096878
  Electron: n=6154 Mean=0.889991 Std=0.453981 RMS90=0.292761
  Muon: n=2222 Mean=0.896137 Std=0.209811 RMS90=0.046954

Epoch 265
Pretraining energy response (E_pred / E_true) by true-energy bin:
  1-50 GeV: n=40292 Mean=0.906018 Std=0.489443 RMS90=0.149228
  50-150 GeV: n=23832 Mean=0.934587 Std=0.278575 RMS90=0.038722
  >150 GeV: n=68 Mean=0.914708 Std=0.126376 RMS90=0.031175
Pretraining energy response by particle species:
  Neutron: n=13032 Mean=0.865224 Std=0.264986 RMS90=0.121252
  K0: n=11955 Mean=0.972913 Std=0.194579 RMS90=0.089343
  Photon: n=19748 Mean=0.979433 Std=1.034365 RMS90=0.362448
  Pion: n=21287 Mean=0.943961 Std=0.283186 RMS90=0.069342
  Electron: n=6154 Mean=0.927864 Std=2.344777 RMS90=0.306699
  Muon: n=2222 Mean=0.939893 Std=0.203413 RMS90=0.019135

Epoch 266
Pretraining energy response (E_pred / E_true) by true-energy bin:
  1-50 GeV: n=40292 Mean=0.920307 Std=0.495938 RMS90=0.141136
  50-150 GeV: n=23832 Mean=0.951511 Std=0.284766 RMS90=0.034755
  >150 GeV: n=68 Mean=0.937171 Std=0.128753 RMS90=0.029371
Pretraining energy response by particle species:
  Neutron: n=13032 Mean=0.868852 Std=0.262208 RMS90=0.119055
  K0: n=11955 Mean=0.975181 Std=0.192806 RMS90=0.086452
  Photon: n=19748 Mean=0.976455 Std=1.040459 RMS90=0.347004
  Pion: n=21287 Mean=0.977661 Std=0.269345 RMS90=0.074070
  Electron: n=6154 Mean=0.955589 Std=2.389129 RMS90=0.309492
  Muon: n=2222 Mean=0.970463 Std=0.203519 RMS90=0.016872

Epoch 267
Pretraining energy response (E_pred / E_true) by true-energy bin:
  1-50 GeV: n=40292 Mean=0.911024 Std=0.437949 RMS90=0.147525
  50-150 GeV: n=23832 Mean=0.920418 Std=0.241740 RMS90=0.045638
  >150 GeV: n=68 Mean=0.903757 Std=0.125208 RMS90=0.040975
Pretraining energy response by particle species:
  Neutron: n=13032 Mean=0.865448 Std=0.263495 RMS90=0.122334
  K0: n=11955 Mean=0.971855 Std=0.193888 RMS90=0.090134
  Photon: n=19748 Mean=0.984952 Std=1.022532 RMS90=0.342562
  Pion: n=21287 Mean=0.946917 Std=0.298783 RMS90=0.087814
  Electron: n=6154 Mean=0.931383 Std=1.965284 RMS90=0.295211
  Muon: n=2222 Mean=0.933205 Std=0.211801 RMS90=0.028394

Epoch 268
Pretraining energy response (E_pred / E_true) by true-energy bin:
  1-50 GeV: n=40292 Mean=0.928164 Std=0.442777 RMS90=0.141367
  50-150 GeV: n=23832 Mean=0.940477 Std=0.245680 RMS90=0.039027
  >150 GeV: n=68 Mean=0.921763 Std=0.126776 RMS90=0.029402
Pretraining energy response by particle species:
  Neutron: n=13032 Mean=0.877578 Std=0.263251 RMS90=0.120769
  K0: n=11955 Mean=0.983923 Std=0.195597 RMS90=0.092235
  Photon: n=19748 Mean=1.006004 Std=1.021951 RMS90=0.352253
  Pion: n=21287 Mean=0.965346 Std=0.274800 RMS90=0.072402
  Electron: n=6154 Mean=0.951843 Std=1.989844 RMS90=0.302123
  Muon: n=2222 Mean=0.958151 Std=0.198275 RMS90=0.020119

Epoch 269
Pretraining energy response (E_pred / E_true) by true-energy bin:
  1-50 GeV: n=40292 Mean=0.900872 Std=0.300370 RMS90=0.151215
  50-150 GeV: n=23832 Mean=0.880192 Std=0.133642 RMS90=0.070859
  >150 GeV: n=68 Mean=0.854738 Std=0.097157 RMS90=0.076623
Pretraining energy response by particle species:
  Neutron: n=13032 Mean=0.861201 Std=0.261574 RMS90=0.123714
  K0: n=11955 Mean=0.967422 Std=0.199108 RMS90=0.095667
  Photon: n=19748 Mean=0.975866 Std=0.954605 RMS90=0.352504
  Pion: n=21287 Mean=0.905034 Std=0.275940 RMS90=0.107314
  Electron: n=6154 Mean=0.871779 Std=0.471593 RMS90=0.292613
  Muon: n=2222 Mean=0.875392 Std=0.219154 RMS90=0.050521

Epoch 270
Pretraining energy response (E_pred / E_true) by true-energy bin:
  1-50 GeV: n=40292 Mean=0.918328 Std=0.446884 RMS90=0.141545
  50-150 GeV: n=23832 Mean=0.928047 Std=0.247039 RMS90=0.039282
  >150 GeV: n=68 Mean=0.907014 Std=0.123605 RMS90=0.031452
Pretraining energy response by particle species:
  Neutron: n=13032 Mean=0.864734 Std=0.262180 RMS90=0.120450
  K0: n=11955 Mean=0.970634 Std=0.195167 RMS90=0.091715
  Photon: n=19748 Mean=0.984239 Std=1.013678 RMS90=0.344110
  Pion: n=21287 Mean=0.961701 Std=0.276336 RMS90=0.079997
  Electron: n=6154 Mean=0.938379 Std=2.032347 RMS90=0.301634
  Muon: n=2222 Mean=0.953267 Std=0.204931 RMS90=0.026306

Epoch 271
Pretraining energy response (E_pred / E_true) by true-energy bin:
  1-50 GeV: n=40292 Mean=0.913351 Std=0.436900 RMS90=0.140467
  50-150 GeV: n=23832 Mean=0.925624 Std=0.240110 RMS90=0.037484
  >150 GeV: n=68 Mean=0.909396 Std=0.126526 RMS90=0.031072
Pretraining energy response by particle species:
  Neutron: n=13032 Mean=0.858414 Std=0.260469 RMS90=0.120436
  K0: n=11955 Mean=0.963000 Std=0.192879 RMS90=0.090602
  Photon: n=19748 Mean=0.978249 Std=1.084017 RMS90=0.346342
  Pion: n=21287 Mean=0.963627 Std=0.275871 RMS90=0.081081
  Electron: n=6154 Mean=0.935028 Std=1.956175 RMS90=0.304230
  Muon: n=2222 Mean=0.957371 Std=0.222342 RMS90=0.021795

Epoch 272
Pretraining energy response (E_pred / E_true) by true-energy bin:
  1-50 GeV: n=40292 Mean=0.907664 Std=0.425578 RMS90=0.140598
  50-150 GeV: n=23832 Mean=0.937871 Std=0.231484 RMS90=0.036076
  >150 GeV: n=68 Mean=0.920178 Std=0.125528 RMS90=0.028551
Pretraining energy response by particle species:
  Neutron: n=13032 Mean=0.864201 Std=0.261106 RMS90=0.118918
  K0: n=11955 Mean=0.968621 Std=0.189771 RMS90=0.085834
  Photon: n=19748 Mean=0.975428 Std=1.085473 RMS90=0.346770
  Pion: n=21287 Mean=0.954079 Std=0.269523 RMS90=0.067060
  Electron: n=6154 Mean=0.926620 Std=1.882073 RMS90=0.301289
  Muon: n=2222 Mean=0.949873 Std=0.202696 RMS90=0.017538

Epoch 273
Pretraining energy response (E_pred / E_true) by true-energy bin:
  1-50 GeV: n=40292 Mean=0.913308 Std=0.481547 RMS90=0.142322
  50-150 GeV: n=23832 Mean=0.927939 Std=0.274399 RMS90=0.038063
  >150 GeV: n=68 Mean=0.910648 Std=0.126625 RMS90=0.031671
Pretraining energy response by particle species:
  Neutron: n=13032 Mean=0.861571 Std=0.261767 RMS90=0.120745
  K0: n=11955 Mean=0.968944 Std=0.193387 RMS90=0.088334
  Photon: n=19748 Mean=0.992051 Std=1.104010 RMS90=0.350605
  Pion: n=21287 Mean=0.955519 Std=0.273037 RMS90=0.080621
  Electron: n=6154 Mean=0.942305 Std=2.297713 RMS90=0.300819
  Muon: n=2222 Mean=0.945571 Std=0.212262 RMS90=0.024598

Epoch 274
Pretraining energy response (E_pred / E_true) by true-energy bin:
  1-50 GeV: n=40292 Mean=0.913560 Std=0.422750 RMS90=0.146327
  50-150 GeV: n=23832 Mean=0.940342 Std=0.226687 RMS90=0.037238
  >150 GeV: n=68 Mean=0.928007 Std=0.126921 RMS90=0.031574
Pretraining energy response by particle species:
  Neutron: n=13032 Mean=0.869488 Std=0.263931 RMS90=0.119311
  K0: n=11955 Mean=0.977042 Std=0.194121 RMS90=0.088062
  Photon: n=19748 Mean=0.959479 Std=1.077318 RMS90=0.358494
  Pion: n=21287 Mean=0.961402 Std=0.273418 RMS90=0.072001
  Electron: n=6154 Mean=0.921716 Std=1.819719 RMS90=0.313036
  Muon: n=2222 Mean=0.945792 Std=0.221617 RMS90=0.033548

Epoch 275
Pretraining energy response (E_pred / E_true) by true-energy bin:
  1-50 GeV: n=40292 Mean=0.914123 Std=0.430118 RMS90=0.144245
  50-150 GeV: n=23832 Mean=0.938847 Std=0.234079 RMS90=0.036334
  >150 GeV: n=68 Mean=0.920025 Std=0.125580 RMS90=0.027590
Pretraining energy response by particle species:
  Neutron: n=13032 Mean=0.865354 Std=0.261573 RMS90=0.119759
  K0: n=11955 Mean=0.970746 Std=0.189601 RMS90=0.086838
  Photon: n=19748 Mean=0.971277 Std=0.967515 RMS90=0.347414
  Pion: n=21287 Mean=0.963097 Std=0.266678 RMS90=0.073298
  Electron: n=6154 Mean=0.931676 Std=1.894839 RMS90=0.306237
  Muon: n=2222 Mean=0.958686 Std=0.207314 RMS90=0.022813

Epoch 276
Pretraining energy response (E_pred / E_true) by true-energy bin:
  1-50 GeV: n=40292 Mean=0.899353 Std=0.393621 RMS90=0.148749
  50-150 GeV: n=23832 Mean=0.920080 Std=0.204574 RMS90=0.043364
  >150 GeV: n=68 Mean=0.905376 Std=0.119749 RMS90=0.038274
Pretraining energy response by particle species:
  Neutron: n=13032 Mean=0.861225 Std=0.263375 RMS90=0.119489
  K0: n=11955 Mean=0.969784 Std=0.193690 RMS90=0.088269
  Photon: n=19748 Mean=0.965830 Std=0.946290 RMS90=0.361602
  Pion: n=21287 Mean=0.929181 Std=0.276204 RMS90=0.072934
  Electron: n=6154 Mean=0.903827 Std=1.580709 RMS90=0.302411
  Muon: n=2222 Mean=0.918923 Std=0.204303 RMS90=0.019765

Epoch 277
Pretraining energy response (E_pred / E_true) by true-energy bin:
  1-50 GeV: n=40292 Mean=0.858887 Std=0.289142 RMS90=0.158964
  50-150 GeV: n=23832 Mean=0.849246 Std=0.150824 RMS90=0.104195
  >150 GeV: n=68 Mean=0.834369 Std=0.114003 RMS90=0.105756
Pretraining energy response by particle species:
  Neutron: n=13032 Mean=0.857364 Std=0.258835 RMS90=0.120297
  K0: n=11955 Mean=0.962168 Std=0.194049 RMS90=0.092809
  Photon: n=19748 Mean=0.986402 Std=0.903131 RMS90=0.337380
  Pion: n=21287 Mean=0.816288 Std=0.267872 RMS90=0.109767
  Electron: n=6154 Mean=0.822360 Std=0.446766 RMS90=0.267441
  Muon: n=2222 Mean=0.773728 Std=0.209133 RMS90=0.029418

Epoch 278
Pretraining energy response (E_pred / E_true) by true-energy bin:
  1-50 GeV: n=40292 Mean=0.908790 Std=0.401507 RMS90=0.145403
  50-150 GeV: n=23832 Mean=0.938595 Std=0.211981 RMS90=0.037806
  >150 GeV: n=68 Mean=0.924688 Std=0.125225 RMS90=0.030958
Pretraining energy response by particle species:
  Neutron: n=13032 Mean=0.864519 Std=0.263993 RMS90=0.120594
  K0: n=11955 Mean=0.971360 Std=0.190253 RMS90=0.085724
  Photon: n=19748 Mean=0.959148 Std=0.956520 RMS90=0.356592
  Pion: n=21287 Mean=0.956213 Std=0.266822 RMS90=0.071454
  Electron: n=6154 Mean=0.921523 Std=1.645807 RMS90=0.309661
  Muon: n=2222 Mean=0.946930 Std=0.198136 RMS90=0.028234

Epoch 279
Pretraining energy response (E_pred / E_true) by true-energy bin:
  1-50 GeV: n=40292 Mean=0.905839 Std=0.418000 RMS90=0.142444
  50-150 GeV: n=23832 Mean=0.923187 Std=0.226111 RMS90=0.043070
  >150 GeV: n=68 Mean=0.905629 Std=0.122462 RMS90=0.038090
Pretraining energy response by particle species:
  Neutron: n=13032 Mean=0.860821 Std=0.261944 RMS90=0.118905
  K0: n=11955 Mean=0.965646 Std=0.190533 RMS90=0.086333
  Photon: n=19748 Mean=0.971267 Std=0.982352 RMS90=0.353876
  Pion: n=21287 Mean=0.944068 Std=0.269007 RMS90=0.078696
  Electron: n=6154 Mean=0.922587 Std=1.804456 RMS90=0.303779
  Muon: n=2222 Mean=0.924804 Std=0.204409 RMS90=0.033091

Epoch 280
Pretraining energy response (E_pred / E_true) by true-energy bin:
  1-50 GeV: n=40292 Mean=0.860825 Std=0.289185 RMS90=0.156547
  50-150 GeV: n=23832 Mean=0.858927 Std=0.146123 RMS90=0.096936
  >150 GeV: n=68 Mean=0.844771 Std=0.105449 RMS90=0.094433
Pretraining energy response by particle species:
  Neutron: n=13032 Mean=0.860330 Std=0.258880 RMS90=0.117776
  K0: n=11955 Mean=0.965581 Std=0.192406 RMS90=0.090598
  Photon: n=19748 Mean=0.979739 Std=1.041605 RMS90=0.337694
  Pion: n=21287 Mean=0.829054 Std=0.269651 RMS90=0.108721
  Electron: n=6154 Mean=0.824526 Std=0.456657 RMS90=0.269259
  Muon: n=2222 Mean=0.790465 Std=0.215592 RMS90=0.025532

Epoch 281
Pretraining energy response (E_pred / E_true) by true-energy bin:
  1-50 GeV: n=40292 Mean=0.914241 Std=0.413066 RMS90=0.141118
  50-150 GeV: n=23832 Mean=0.929905 Std=0.224667 RMS90=0.038013
  >150 GeV: n=68 Mean=0.912091 Std=0.126024 RMS90=0.033321
Pretraining energy response by particle species:
  Neutron: n=13032 Mean=0.858443 Std=0.260197 RMS90=0.118425
  K0: n=11955 Mean=0.961592 Std=0.191635 RMS90=0.090025
  Photon: n=19748 Mean=0.973043 Std=1.047971 RMS90=0.352833
  Pion: n=21287 Mean=0.963177 Std=0.266755 RMS90=0.074388
  Electron: n=6154 Mean=0.928733 Std=1.754826 RMS90=0.308682
  Muon: n=2222 Mean=0.958098 Std=0.205804 RMS90=0.027161

Epoch 282
Pretraining energy response (E_pred / E_true) by true-energy bin:
  1-50 GeV: n=40292 Mean=0.909750 Std=0.478727 RMS90=0.145020
  50-150 GeV: n=23832 Mean=0.930565 Std=0.272914 RMS90=0.038206
  >150 GeV: n=68 Mean=0.914476 Std=0.126305 RMS90=0.031948
Pretraining energy response by particle species:
  Neutron: n=13032 Mean=0.858982 Std=0.262089 RMS90=0.120851
  K0: n=11955 Mean=0.964511 Std=0.190662 RMS90=0.087317
  Photon: n=19748 Mean=0.970968 Std=1.077068 RMS90=0.354626
  Pion: n=21287 Mean=0.957746 Std=0.285955 RMS90=0.079193
  Electron: n=6154 Mean=0.931624 Std=2.270473 RMS90=0.307554
  Muon: n=2222 Mean=0.947797 Std=0.213749 RMS90=0.025383

Epoch 283
Pretraining energy response (E_pred / E_true) by true-energy bin:
  1-50 GeV: n=40292 Mean=0.908706 Std=0.457431 RMS90=0.145663
  50-150 GeV: n=23832 Mean=0.925170 Std=0.257698 RMS90=0.039554
  >150 GeV: n=68 Mean=0.903321 Std=0.124469 RMS90=0.028741
Pretraining energy response by particle species:
  Neutron: n=13032 Mean=0.857405 Std=0.262464 RMS90=0.120779
  K0: n=11955 Mean=0.961055 Std=0.192068 RMS90=0.090551
  Photon: n=19748 Mean=0.961103 Std=1.006853 RMS90=0.357090
  Pion: n=21287 Mean=0.956095 Std=0.267110 RMS90=0.077498
  Electron: n=6154 Mean=0.927057 Std=2.101741 RMS90=0.310166
  Muon: n=2222 Mean=0.946582 Std=0.198912 RMS90=0.027655

Epoch 284
Pretraining energy response (E_pred / E_true) by true-energy bin:
  1-50 GeV: n=40292 Mean=0.918201 Std=0.517994 RMS90=0.145706
  50-150 GeV: n=23832 Mean=0.950007 Std=0.304134 RMS90=0.035431
  >150 GeV: n=68 Mean=0.934880 Std=0.130106 RMS90=0.029506
Pretraining energy response by particle species:
  Neutron: n=13032 Mean=0.866886 Std=0.263983 RMS90=0.120508
  K0: n=11955 Mean=0.974449 Std=0.191912 RMS90=0.086648
  Photon: n=19748 Mean=0.971907 Std=1.234131 RMS90=0.356700
  Pion: n=21287 Mean=0.976594 Std=0.282799 RMS90=0.076012
  Electron: n=6154 Mean=0.947091 Std=2.537554 RMS90=0.314554
  Muon: n=2222 Mean=0.967227 Std=0.211242 RMS90=0.019545

Epoch 285
Pretraining energy response (E_pred / E_true) by true-energy bin:
  1-50 GeV: n=40292 Mean=0.924797 Std=0.529082 RMS90=0.140725
  50-150 GeV: n=23832 Mean=0.958221 Std=0.311695 RMS90=0.035497
  >150 GeV: n=68 Mean=0.940381 Std=0.130448 RMS90=0.028815
Pretraining energy response by particle species:
  Neutron: n=13032 Mean=0.873266 Std=0.264751 RMS90=0.119704
  K0: n=11955 Mean=0.981042 Std=0.191871 RMS90=0.086589
  Photon: n=19748 Mean=0.980790 Std=1.067112 RMS90=0.353433
  Pion: n=21287 Mean=0.980124 Std=0.282281 RMS90=0.072459
  Electron: n=6154 Mean=0.955042 Std=2.615697 RMS90=0.311711
  Muon: n=2222 Mean=0.978007 Std=0.208976 RMS90=0.016639

Epoch 286
Pretraining energy response (E_pred / E_true) by true-energy bin:
  1-50 GeV: n=40292 Mean=0.908312 Std=0.493739 RMS90=0.139452
  50-150 GeV: n=23832 Mean=0.928455 Std=0.287374 RMS90=0.041653
  >150 GeV: n=68 Mean=0.910104 Std=0.125931 RMS90=0.034126
Pretraining energy response by particle species:
  Neutron: n=13032 Mean=0.861694 Std=0.261587 RMS90=0.119809
  K0: n=11955 Mean=0.965720 Std=0.190487 RMS90=0.087907
  Photon: n=19748 Mean=0.983442 Std=1.402026 RMS90=0.351922
  Pion: n=21287 Mean=0.952454 Std=0.281447 RMS90=0.076986
  Electron: n=6154 Mean=0.933775 Std=2.393498 RMS90=0.303836
  Muon: n=2222 Mean=0.918887 Std=0.216768 RMS90=0.044952

Epoch 287
Pretraining energy response (E_pred / E_true) by true-energy bin:
  1-50 GeV: n=40292 Mean=0.920271 Std=0.586571 RMS90=0.139478
  50-150 GeV: n=23832 Mean=0.942250 Std=0.355630 RMS90=0.037284
  >150 GeV: n=68 Mean=0.924969 Std=0.128031 RMS90=0.030728
Pretraining energy response by particle species:
  Neutron: n=13032 Mean=0.862940 Std=0.260833 RMS90=0.118338
  K0: n=11955 Mean=0.967837 Std=0.190708 RMS90=0.088513
  Photon: n=19748 Mean=0.984297 Std=1.260808 RMS90=0.348972
  Pion: n=21287 Mean=0.974686 Std=0.280723 RMS90=0.077742
  Electron: n=6154 Mean=0.959095 Std=3.031277 RMS90=0.308954
  Muon: n=2222 Mean=0.970505 Std=0.215866 RMS90=0.017646

Epoch 288
Pretraining energy response (E_pred / E_true) by true-energy bin:
  1-50 GeV: n=40292 Mean=0.905092 Std=0.330293 RMS90=0.146693
  50-150 GeV: n=23832 Mean=0.914100 Std=0.156237 RMS90=0.043589
  >150 GeV: n=68 Mean=0.894727 Std=0.122033 RMS90=0.039579
Pretraining energy response by particle species:
  Neutron: n=13032 Mean=0.859528 Std=0.261868 RMS90=0.120086
  K0: n=11955 Mean=0.964787 Std=0.194963 RMS90=0.091546
  Photon: n=19748 Mean=0.968392 Std=1.142770 RMS90=0.354200
  Pion: n=21287 Mean=0.939762 Std=0.262288 RMS90=0.079947
  Electron: n=6154 Mean=0.899703 Std=0.941684 RMS90=0.303403
  Muon: n=2222 Mean=0.927391 Std=0.208509 RMS90=0.029264

Epoch 289
Pretraining energy response (E_pred / E_true) by true-energy bin:
  1-50 GeV: n=40292 Mean=0.910814 Std=0.484781 RMS90=0.142453
  50-150 GeV: n=23832 Mean=0.929298 Std=0.280254 RMS90=0.037179
  >150 GeV: n=68 Mean=0.913509 Std=0.126858 RMS90=0.032839
Pretraining energy response by particle species:
  Neutron: n=13032 Mean=0.858805 Std=0.260709 RMS90=0.118452
  K0: n=11955 Mean=0.962310 Std=0.191184 RMS90=0.088633
  Photon: n=19748 Mean=0.980951 Std=1.477187 RMS90=0.351589
  Pion: n=21287 Mean=0.962159 Std=0.279960 RMS90=0.080498
  Electron: n=6154 Mean=0.936948 Std=2.313239 RMS90=0.305992
  Muon: n=2222 Mean=0.952853 Std=0.214020 RMS90=0.019620

Epoch 290
Pretraining energy response (E_pred / E_true) by true-energy bin:
  1-50 GeV: n=40292 Mean=0.905771 Std=0.302596 RMS90=0.141684
  50-150 GeV: n=23832 Mean=0.909596 Std=0.132109 RMS90=0.041607
  >150 GeV: n=68 Mean=0.887870 Std=0.116741 RMS90=0.032005
Pretraining energy response by particle species:
  Neutron: n=13032 Mean=0.849588 Std=0.256422 RMS90=0.117341
  K0: n=11955 Mean=0.950924 Std=0.189981 RMS90=0.092264
  Photon: n=19748 Mean=0.968939 Std=1.119128 RMS90=0.348109
  Pion: n=21287 Mean=0.950134 Std=0.262600 RMS90=0.084355
  Electron: n=6154 Mean=0.900032 Std=0.596381 RMS90=0.303737
  Muon: n=2222 Mean=0.938984 Std=0.208942 RMS90=0.035250

Epoch 291
Pretraining energy response (E_pred / E_true) by true-energy bin:
  1-50 GeV: n=40292 Mean=0.924282 Std=0.530211 RMS90=0.144991
  50-150 GeV: n=23832 Mean=0.949309 Std=0.311410 RMS90=0.036119
  >150 GeV: n=68 Mean=0.933655 Std=0.129275 RMS90=0.029408
Pretraining energy response by particle species:
  Neutron: n=13032 Mean=0.874037 Std=0.265135 RMS90=0.121430
  K0: n=11955 Mean=0.981810 Std=0.195134 RMS90=0.089243
  Photon: n=19748 Mean=0.982253 Std=1.197570 RMS90=0.351988
  Pion: n=21287 Mean=0.975175 Std=0.277654 RMS90=0.078269
  Electron: n=6154 Mean=0.951412 Std=2.627938 RMS90=0.309587
  Muon: n=2222 Mean=0.968768 Std=0.223747 RMS90=0.016337

Epoch 292
Pretraining energy response (E_pred / E_true) by true-energy bin:
  1-50 GeV: n=40292 Mean=0.917083 Std=0.620615 RMS90=0.139055
  50-150 GeV: n=23832 Mean=0.936112 Std=0.379058 RMS90=0.036122
  >150 GeV: n=68 Mean=0.917832 Std=0.126123 RMS90=0.032149
Pretraining energy response by particle species:
  Neutron: n=13032 Mean=0.863445 Std=0.260263 RMS90=0.117256
  K0: n=11955 Mean=0.968955 Std=0.190893 RMS90=0.088067
  Photon: n=19748 Mean=0.988369 Std=1.463841 RMS90=0.349380
  Pion: n=21287 Mean=0.961727 Std=0.279018 RMS90=0.075032
  Electron: n=6154 Mean=0.955120 Std=3.258397 RMS90=0.305341
  Muon: n=2222 Mean=0.956879 Std=0.214890 RMS90=0.018085

Epoch 293
Pretraining energy response (E_pred / E_true) by true-energy bin:
  1-50 GeV: n=40292 Mean=0.912458 Std=0.526634 RMS90=0.140754
  50-150 GeV: n=23832 Mean=0.934971 Std=0.309892 RMS90=0.040177
  >150 GeV: n=68 Mean=0.914833 Std=0.125809 RMS90=0.031840
Pretraining energy response by particle species:
  Neutron: n=13032 Mean=0.869928 Std=0.263540 RMS90=0.118766
  K0: n=11955 Mean=0.977176 Std=0.192488 RMS90=0.087508
  Photon: n=19748 Mean=0.984499 Std=1.270731 RMS90=0.351976
  Pion: n=21287 Mean=0.948923 Std=0.274814 RMS90=0.073819
  Electron: n=6154 Mean=0.935822 Std=2.615879 RMS90=0.301999
  Muon: n=2222 Mean=0.940114 Std=0.209437 RMS90=0.019914

Epoch 294
Pretraining energy response (E_pred / E_true) by true-energy bin:
  1-50 GeV: n=40292 Mean=0.912363 Std=0.484707 RMS90=0.143414
  50-150 GeV: n=23832 Mean=0.923213 Std=0.278282 RMS90=0.038325
  >150 GeV: n=68 Mean=0.905429 Std=0.126161 RMS90=0.030748
Pretraining energy response by particle species:
  Neutron: n=13032 Mean=0.857344 Std=0.260092 RMS90=0.118932
  K0: n=11955 Mean=0.961037 Std=0.193075 RMS90=0.091656
  Photon: n=19748 Mean=0.970292 Std=1.159484 RMS90=0.351120
  Pion: n=21287 Mean=0.959924 Std=0.271151 RMS90=0.083332
  Electron: n=6154 Mean=0.934059 Std=2.307053 RMS90=0.307524
  Muon: n=2222 Mean=0.951096 Std=0.219020 RMS90=0.022783

Epoch 295
Pretraining energy response (E_pred / E_true) by true-energy bin:
  1-50 GeV: n=40292 Mean=0.928460 Std=0.545250 RMS90=0.141882
  50-150 GeV: n=23832 Mean=0.926956 Std=0.322863 RMS90=0.043040
  >150 GeV: n=68 Mean=0.900568 Std=0.124924 RMS90=0.028070
Pretraining energy response by particle species:
  Neutron: n=13032 Mean=0.867601 Std=0.260980 RMS90=0.117379
  K0: n=11955 Mean=0.973314 Std=0.193055 RMS90=0.091174
  Photon: n=19748 Mean=0.991854 Std=1.209817 RMS90=0.349217
  Pion: n=21287 Mean=0.967671 Std=0.323345 RMS90=0.099370
  Electron: n=6154 Mean=0.953338 Std=2.735689 RMS90=0.306398
  Muon: n=2222 Mean=0.946486 Std=0.215912 RMS90=0.035636

Epoch 296
Pretraining energy response (E_pred / E_true) by true-energy bin:
  1-50 GeV: n=40292 Mean=0.930454 Std=0.641423 RMS90=0.148961
  50-150 GeV: n=23832 Mean=0.943371 Std=0.388306 RMS90=0.038366
  >150 GeV: n=68 Mean=0.923948 Std=0.129322 RMS90=0.034265
Pretraining energy response by particle species:
  Neutron: n=13032 Mean=0.871721 Std=0.264657 RMS90=0.121975
  K0: n=11955 Mean=0.979046 Std=0.192282 RMS90=0.088548
  Photon: n=19748 Mean=0.992850 Std=1.303630 RMS90=0.362641
  Pion: n=21287 Mean=0.980397 Std=0.288994 RMS90=0.092449
  Electron: n=6154 Mean=0.972717 Std=3.374190 RMS90=0.316601
  Muon: n=2222 Mean=0.965214 Std=0.219940 RMS90=0.023382

Epoch 297
Pretraining energy response (E_pred / E_true) by true-energy bin:
  1-50 GeV: n=40292 Mean=0.890299 Std=0.421294 RMS90=0.142201
  50-150 GeV: n=23832 Mean=0.911871 Std=0.230778 RMS90=0.039467
  >150 GeV: n=68 Mean=0.898499 Std=0.124668 RMS90=0.032065
Pretraining energy response by particle species:
  Neutron: n=13032 Mean=0.843897 Std=0.256591 RMS90=0.120245
  K0: n=11955 Mean=0.946016 Std=0.185956 RMS90=0.085716
  Photon: n=19748 Mean=0.957797 Std=1.044377 RMS90=0.353324
  Pion: n=21287 Mean=0.937151 Std=0.269040 RMS90=0.081532
  Electron: n=6154 Mean=0.910289 Std=1.851425 RMS90=0.305283
  Muon: n=2222 Mean=0.924700 Std=0.200503 RMS90=0.019497

Epoch 298
Pretraining energy response (E_pred / E_true) by true-energy bin:
  1-50 GeV: n=40292 Mean=0.916562 Std=0.531230 RMS90=0.144644
  50-150 GeV: n=23832 Mean=0.938870 Std=0.311296 RMS90=0.045357
  >150 GeV: n=68 Mean=0.918057 Std=0.126489 RMS90=0.034268
Pretraining energy response by particle species:
  Neutron: n=13032 Mean=0.879815 Std=0.265737 RMS90=0.120250
  K0: n=11955 Mean=0.986816 Std=0.195234 RMS90=0.090190
  Photon: n=19748 Mean=0.976098 Std=1.118138 RMS90=0.365325
  Pion: n=21287 Mean=0.945233 Std=0.272460 RMS90=0.073646
  Electron: n=6154 Mean=0.926798 Std=2.622358 RMS90=0.300964
  Muon: n=2222 Mean=0.939235 Std=0.202418 RMS90=0.023967

Epoch 299
Pretraining energy response (E_pred / E_true) by true-energy bin:
  1-50 GeV: n=40292 Mean=0.927958 Std=0.381625 RMS90=0.148426
  50-150 GeV: n=23832 Mean=0.919113 Std=0.197958 RMS90=0.059247
  >150 GeV: n=68 Mean=0.895537 Std=0.128533 RMS90=0.056753
Pretraining energy response by particle species:
  Neutron: n=13032 Mean=0.883299 Std=0.269198 RMS90=0.123982
  K0: n=11955 Mean=0.992802 Std=0.202167 RMS90=0.095919
  Photon: n=19748 Mean=0.994412 Std=1.554644 RMS90=0.361756
  Pion: n=21287 Mean=0.948587 Std=0.281329 RMS90=0.099283
  Electron: n=6154 Mean=0.919829 Std=1.418245 RMS90=0.305708
  Muon: n=2222 Mean=0.924946 Std=0.236638 RMS90=0.046974

Epoch 300
Pretraining energy response (E_pred / E_true) by true-energy bin:
  1-50 GeV: n=40292 Mean=0.913952 Std=0.378360 RMS90=0.143916
  50-150 GeV: n=23832 Mean=0.928543 Std=0.193222 RMS90=0.037394
  >150 GeV: n=68 Mean=0.911185 Std=0.123933 RMS90=0.026388
Pretraining energy response by particle species:
  Neutron: n=13032 Mean=0.856912 Std=0.260723 RMS90=0.119388
  K0: n=11955 Mean=0.963319 Std=0.190041 RMS90=0.087633
  Photon: n=19748 Mean=0.972316 Std=1.358815 RMS90=0.359175
  Pion: n=21287 Mean=0.964449 Std=0.278950 RMS90=0.085841
  Electron: n=6154 Mean=0.922015 Std=1.440629 RMS90=0.312673
  Muon: n=2222 Mean=0.955253 Std=0.221305 RMS90=0.028896

Epoch 301
Pretraining energy response (E_pred / E_true) by true-energy bin:
  1-50 GeV: n=40292 Mean=0.892431 Std=0.427760 RMS90=0.143400
  50-150 GeV: n=23832 Mean=0.937912 Std=0.237673 RMS90=0.036235
  >150 GeV: n=68 Mean=0.927345 Std=0.129128 RMS90=0.029458
Pretraining energy response by particle species:
  Neutron: n=13032 Mean=0.848258 Std=0.259994 RMS90=0.119483
  K0: n=11955 Mean=0.951469 Std=0.186801 RMS90=0.084617
  Photon: n=19748 Mean=0.937557 Std=0.971688 RMS90=0.346715
  Pion: n=21287 Mean=0.957796 Std=0.268362 RMS90=0.070383
  Electron: n=6154 Mean=0.915571 Std=1.887685 RMS90=0.306093
  Muon: n=2222 Mean=0.954989 Std=0.199876 RMS90=0.013157

Epoch 302
Pretraining energy response (E_pred / E_true) by true-energy bin:
  1-50 GeV: n=40292 Mean=0.913855 Std=0.384788 RMS90=0.144197
  50-150 GeV: n=23832 Mean=0.932952 Std=0.199816 RMS90=0.036060
  >150 GeV: n=68 Mean=0.916212 Std=0.125118 RMS90=0.026901
Pretraining energy response by particle species:
  Neutron: n=13032 Mean=0.861087 Std=0.261179 RMS90=0.118759
  K0: n=11955 Mean=0.966321 Std=0.190359 RMS90=0.087015
  Photon: n=19748 Mean=0.994089 Std=1.244217 RMS90=0.345501
  Pion: n=21287 Mean=0.963371 Std=0.273083 RMS90=0.078348
  Electron: n=6154 Mean=0.930507 Std=1.528896 RMS90=0.300144
  Muon: n=2222 Mean=0.954691 Std=0.202161 RMS90=0.019363

Epoch 303
Pretraining energy response (E_pred / E_true) by true-energy bin:
  1-50 GeV: n=40292 Mean=0.845000 Std=0.286786 RMS90=0.156603
  50-150 GeV: n=23832 Mean=0.816978 Std=0.153491 RMS90=0.109008
  >150 GeV: n=68 Mean=0.786712 Std=0.134814 RMS90=0.126844
Pretraining energy response by particle species:
  Neutron: n=13032 Mean=0.827084 Std=0.253634 RMS90=0.126315
  K0: n=11955 Mean=0.930106 Std=0.191869 RMS90=0.097895
  Photon: n=19748 Mean=0.968223 Std=1.068853 RMS90=0.343786
  Pion: n=21287 Mean=0.807170 Std=0.273404 RMS90=0.120372
  Electron: n=6154 Mean=0.807311 Std=0.442274 RMS90=0.273793
  Muon: n=2222 Mean=0.765269 Std=0.221249 RMS90=0.053339

Epoch 304
Pretraining energy response (E_pred / E_true) by true-energy bin:
  1-50 GeV: n=40292 Mean=0.915059 Std=0.452150 RMS90=0.140671
  50-150 GeV: n=23832 Mean=0.933872 Std=0.251821 RMS90=0.036624
  >150 GeV: n=68 Mean=0.917397 Std=0.125008 RMS90=0.027853
Pretraining energy response by particle species:
  Neutron: n=13032 Mean=0.860064 Std=0.261016 RMS90=0.118042
  K0: n=11955 Mean=0.966233 Std=0.192565 RMS90=0.088861
  Photon: n=19748 Mean=0.980331 Std=1.212146 RMS90=0.344480
  Pion: n=21287 Mean=0.966799 Std=0.275823 RMS90=0.076647
  Electron: n=6154 Mean=0.941479 Std=2.076958 RMS90=0.302490
  Muon: n=2222 Mean=0.960737 Std=0.204690 RMS90=0.022709

Epoch 305
Pretraining energy response (E_pred / E_true) by true-energy bin:
  1-50 GeV: n=40292 Mean=0.903078 Std=0.319983 RMS90=0.139997
  50-150 GeV: n=23832 Mean=0.919166 Std=0.145293 RMS90=0.041593
  >150 GeV: n=68 Mean=0.896047 Std=0.124555 RMS90=0.040563
Pretraining energy response by particle species:
  Neutron: n=13032 Mean=0.855035 Std=0.258076 RMS90=0.116709
  K0: n=11955 Mean=0.957644 Std=0.186921 RMS90=0.085691
  Photon: n=19748 Mean=0.967537 Std=1.108343 RMS90=0.356576
  Pion: n=21287 Mean=0.948200 Std=0.266231 RMS90=0.077772
  Electron: n=6154 Mean=0.902847 Std=0.835177 RMS90=0.308594
  Muon: n=2222 Mean=0.930440 Std=0.217484 RMS90=0.039877

Epoch 306
Pretraining energy response (E_pred / E_true) by true-energy bin:
  1-50 GeV: n=40292 Mean=0.898971 Std=0.372052 RMS90=0.141733
  50-150 GeV: n=23832 Mean=0.927753 Std=0.190908 RMS90=0.038822
  >150 GeV: n=68 Mean=0.907562 Std=0.125714 RMS90=0.032416
Pretraining energy response by particle species:
  Neutron: n=13032 Mean=0.864776 Std=0.260605 RMS90=0.118156
  K0: n=11955 Mean=0.970265 Std=0.191990 RMS90=0.087222
  Photon: n=19748 Mean=0.979315 Std=1.375691 RMS90=0.346234
  Pion: n=21287 Mean=0.934060 Std=0.262183 RMS90=0.068237
  Electron: n=6154 Mean=0.906189 Std=1.423642 RMS90=0.296039
  Muon: n=2222 Mean=0.928599 Std=0.207669 RMS90=0.014850

Epoch 307
Pretraining energy response (E_pred / E_true) by true-energy bin:
  1-50 GeV: n=40292 Mean=0.910136 Std=0.357239 RMS90=0.140482
  50-150 GeV: n=23832 Mean=0.935604 Std=0.177158 RMS90=0.035444
  >150 GeV: n=68 Mean=0.920147 Std=0.124104 RMS90=0.027977
Pretraining energy response by particle species:
  Neutron: n=13032 Mean=0.860679 Std=0.259919 RMS90=0.116016
  K0: n=11955 Mean=0.966186 Std=0.189556 RMS90=0.085522
  Photon: n=19748 Mean=0.969015 Std=1.051205 RMS90=0.354703
  Pion: n=21287 Mean=0.963064 Std=0.266703 RMS90=0.075671
  Electron: n=6154 Mean=0.920425 Std=1.248105 RMS90=0.311177
  Muon: n=2222 Mean=0.949027 Std=0.205923 RMS90=0.026466

Epoch 308
Pretraining energy response (E_pred / E_true) by true-energy bin:
  1-50 GeV: n=40292 Mean=0.888594 Std=0.290745 RMS90=0.137593
  50-150 GeV: n=23832 Mean=0.889709 Std=0.125540 RMS90=0.047781
  >150 GeV: n=68 Mean=0.881453 Std=0.064588 RMS90=0.047585
Pretraining energy response by particle species:
  Neutron: n=13032 Mean=0.835630 Std=0.253680 RMS90=0.119782
  K0: n=11955 Mean=0.938129 Std=0.189146 RMS90=0.089199
  Photon: n=19748 Mean=0.960280 Std=0.880167 RMS90=0.349591
  Pion: n=21287 Mean=0.919361 Std=0.260730 RMS90=0.082904
  Electron: n=6154 Mean=0.873937 Std=0.467094 RMS90=0.293557
  Muon: n=2222 Mean=0.907114 Std=0.205545 RMS90=0.036470

Epoch 309
Pretraining energy response (E_pred / E_true) by true-energy bin:
  1-50 GeV: n=40292 Mean=0.915179 Std=0.305178 RMS90=0.145428
  50-150 GeV: n=23832 Mean=0.942857 Std=0.130220 RMS90=0.037001
  >150 GeV: n=68 Mean=0.941677 Std=0.060725 RMS90=0.029652
Pretraining energy response by particle species:
  Neutron: n=13032 Mean=0.858956 Std=0.262194 RMS90=0.120668
  K0: n=11955 Mean=0.963832 Std=0.191486 RMS90=0.087575
  Photon: n=19748 Mean=0.968742 Std=0.935379 RMS90=0.364847
  Pion: n=21287 Mean=0.980095 Std=0.274747 RMS90=0.075768
  Electron: n=6154 Mean=0.913523 Std=0.468653 RMS90=0.317046
  Muon: n=2222 Mean=0.977238 Std=0.208912 RMS90=0.018281

Epoch 310
Pretraining energy response (E_pred / E_true) by true-energy bin:
  1-50 GeV: n=40292 Mean=0.907147 Std=0.348321 RMS90=0.142716
  50-150 GeV: n=23832 Mean=0.928065 Std=0.168870 RMS90=0.037855
  >150 GeV: n=68 Mean=0.914312 Std=0.125258 RMS90=0.030306
Pretraining energy response by particle species:
  Neutron: n=13032 Mean=0.861730 Std=0.262923 RMS90=0.120072
  K0: n=11955 Mean=0.967691 Std=0.194163 RMS90=0.087907
  Photon: n=19748 Mean=0.967283 Std=1.054932 RMS90=0.357851
  Pion: n=21287 Mean=0.950704 Std=0.264895 RMS90=0.075664
  Electron: n=6154 Mean=0.907179 Std=1.154089 RMS90=0.306595
  Muon: n=2222 Mean=0.938062 Std=0.213133 RMS90=0.028705

Epoch 311
Pretraining energy response (E_pred / E_true) by true-energy bin:
  1-50 GeV: n=40292 Mean=0.913870 Std=0.326929 RMS90=0.150617
  50-150 GeV: n=23832 Mean=0.936923 Std=0.145877 RMS90=0.036131
  >150 GeV: n=68 Mean=0.924387 Std=0.124427 RMS90=0.026023
Pretraining energy response by particle species:
  Neutron: n=13032 Mean=0.848112 Std=0.258911 RMS90=0.118485
  K0: n=11955 Mean=0.953414 Std=0.187668 RMS90=0.084294
  Photon: n=19748 Mean=0.949554 Std=0.985970 RMS90=0.357597
  Pion: n=21287 Mean=0.989472 Std=0.283106 RMS90=0.095798
  Electron: n=6154 Mean=0.921084 Std=0.826103 RMS90=0.321992
  Muon: n=2222 Mean=0.985290 Std=0.235504 RMS90=0.024113

Epoch 312
Pretraining energy response (E_pred / E_true) by true-energy bin:
  1-50 GeV: n=40292 Mean=0.909658 Std=0.458676 RMS90=0.143322
  50-150 GeV: n=23832 Mean=0.942591 Std=0.256575 RMS90=0.034762
  >150 GeV: n=68 Mean=0.929555 Std=0.127632 RMS90=0.031752
Pretraining energy response by particle species:
  Neutron: n=13032 Mean=0.862705 Std=0.262435 RMS90=0.118167
  K0: n=11955 Mean=0.970771 Std=0.190397 RMS90=0.086724
  Photon: n=19748 Mean=0.957126 Std=0.989253 RMS90=0.361048
  Pion: n=21287 Mean=0.960255 Std=0.267298 RMS90=0.070143
  Electron: n=6154 Mean=0.928339 Std=2.092481 RMS90=0.312002
  Muon: n=2222 Mean=0.957412 Std=0.192427 RMS90=0.014690

Epoch 313
Pretraining energy response (E_pred / E_true) by true-energy bin:
  1-50 GeV: n=40292 Mean=0.912724 Std=0.361526 RMS90=0.144337
  50-150 GeV: n=23832 Mean=0.919608 Std=0.180757 RMS90=0.044468
  >150 GeV: n=68 Mean=0.897218 Std=0.123936 RMS90=0.036825
Pretraining energy response by particle species:
  Neutron: n=13032 Mean=0.859496 Std=0.260562 RMS90=0.122192
  K0: n=11955 Mean=0.965071 Std=0.191610 RMS90=0.089986
  Photon: n=19748 Mean=0.974896 Std=0.921913 RMS90=0.358296
  Pion: n=21287 Mean=0.951383 Std=0.275322 RMS90=0.092660
  Electron: n=6154 Mean=0.915232 Std=1.284936 RMS90=0.306405
  Muon: n=2222 Mean=0.936157 Std=0.210850 RMS90=0.027978

Epoch 314
Pretraining energy response (E_pred / E_true) by true-energy bin:
  1-50 GeV: n=40292 Mean=0.899985 Std=0.366467 RMS90=0.145013
  50-150 GeV: n=23832 Mean=0.919205 Std=0.184752 RMS90=0.035967
  >150 GeV: n=68 Mean=0.906073 Std=0.128014 RMS90=0.039393
Pretraining energy response by particle species:
  Neutron: n=13032 Mean=0.846022 Std=0.258213 RMS90=0.119154
  K0: n=11955 Mean=0.950312 Std=0.189819 RMS90=0.087594
  Photon: n=19748 Mean=0.952043 Std=0.968284 RMS90=0.349523
  Pion: n=21287 Mean=0.952645 Std=0.267808 RMS90=0.082644
  Electron: n=6154 Mean=0.912730 Std=1.343617 RMS90=0.304280
  Muon: n=2222 Mean=0.947846 Std=0.206939 RMS90=0.028624

Epoch 315
Pretraining energy response (E_pred / E_true) by true-energy bin:
  1-50 GeV: n=40292 Mean=0.909545 Std=0.407053 RMS90=0.150060
  50-150 GeV: n=23832 Mean=0.933815 Std=0.215501 RMS90=0.038331
  >150 GeV: n=68 Mean=0.919378 Std=0.130937 RMS90=0.034403
Pretraining energy response by particle species:
  Neutron: n=13032 Mean=0.860910 Std=0.263740 RMS90=0.122941
  K0: n=11955 Mean=0.966614 Std=0.192442 RMS90=0.091281
  Photon: n=19748 Mean=0.945775 Std=0.933113 RMS90=0.360313
  Pion: n=21287 Mean=0.961665 Std=0.267891 RMS90=0.079399
  Electron: n=6154 Mean=0.917010 Std=1.684350 RMS90=0.313890
  Muon: n=2222 Mean=0.956807 Std=0.215270 RMS90=0.012444

Epoch 316
Pretraining energy response (E_pred / E_true) by true-energy bin:
  1-50 GeV: n=40292 Mean=0.912963 Std=0.436998 RMS90=0.140038
  50-150 GeV: n=23832 Mean=0.943544 Std=0.240839 RMS90=0.035177
  >150 GeV: n=68 Mean=0.928942 Std=0.129744 RMS90=0.028363
Pretraining energy response by particle species:
  Neutron: n=13032 Mean=0.864374 Std=0.261448 RMS90=0.119002
  K0: n=11955 Mean=0.969501 Std=0.189318 RMS90=0.086200
  Photon: n=19748 Mean=0.972338 Std=1.011116 RMS90=0.355422
  Pion: n=21287 Mean=0.964166 Std=0.268121 RMS90=0.071008
  Electron: n=6154 Mean=0.932098 Std=1.936721 RMS90=0.309046
  Muon: n=2222 Mean=0.959729 Std=0.197051 RMS90=0.011024

Epoch 317
Pretraining energy response (E_pred / E_true) by true-energy bin:
  1-50 GeV: n=40292 Mean=0.906520 Std=0.408985 RMS90=0.140664
  50-150 GeV: n=23832 Mean=0.924951 Std=0.217921 RMS90=0.036112
  >150 GeV: n=68 Mean=0.906078 Std=0.125956 RMS90=0.029851
Pretraining energy response by particle species:
  Neutron: n=13032 Mean=0.856165 Std=0.258402 RMS90=0.117793
  K0: n=11955 Mean=0.961355 Std=0.191802 RMS90=0.089414
  Photon: n=19748 Mean=0.986189 Std=1.288232 RMS90=0.360147
  Pion: n=21287 Mean=0.947716 Std=0.263817 RMS90=0.068586
  Electron: n=6154 Mean=0.922120 Std=1.722945 RMS90=0.305459
  Muon: n=2222 Mean=0.944428 Std=0.214893 RMS90=0.022926

Epoch 318
Pretraining energy response (E_pred / E_true) by true-energy bin:
  1-50 GeV: n=40292 Mean=0.917389 Std=0.391803 RMS90=0.144270
  50-150 GeV: n=23832 Mean=0.932092 Std=0.204417 RMS90=0.036742
  >150 GeV: n=68 Mean=0.920563 Std=0.128368 RMS90=0.032410
Pretraining energy response by particle species:
  Neutron: n=13032 Mean=0.859024 Std=0.260521 RMS90=0.119613
  K0: n=11955 Mean=0.964131 Std=0.189469 RMS90=0.088375
  Photon: n=19748 Mean=0.978181 Std=0.998115 RMS90=0.353056
  Pion: n=21287 Mean=0.969990 Std=0.275919 RMS90=0.084963
  Electron: n=6154 Mean=0.934011 Std=1.567840 RMS90=0.308553
  Muon: n=2222 Mean=0.959489 Std=0.221579 RMS90=0.020293

Epoch 319
Pretraining energy response (E_pred / E_true) by true-energy bin:
  1-50 GeV: n=40292 Mean=0.902387 Std=0.410207 RMS90=0.142693
  50-150 GeV: n=23832 Mean=0.923394 Std=0.222046 RMS90=0.037978
  >150 GeV: n=68 Mean=0.911377 Std=0.128664 RMS90=0.031352
Pretraining energy response by particle species:
  Neutron: n=13032 Mean=0.852014 Std=0.258470 RMS90=0.118631
  K0: n=11955 Mean=0.955189 Std=0.191988 RMS90=0.091181
  Photon: n=19748 Mean=0.960825 Std=1.049988 RMS90=0.351181
  Pion: n=21287 Mean=0.951220 Std=0.268489 RMS90=0.075287
  Electron: n=6154 Mean=0.916804 Std=1.744585 RMS90=0.303784
  Muon: n=2222 Mean=0.942940 Std=0.215551 RMS90=0.014977

Epoch 320
Pretraining energy response (E_pred / E_true) by true-energy bin:
  1-50 GeV: n=40292 Mean=0.911701 Std=0.551428 RMS90=0.148395
  50-150 GeV: n=23832 Mean=0.941325 Std=0.324528 RMS90=0.036674
  >150 GeV: n=68 Mean=0.927235 Std=0.129691 RMS90=0.029074
Pretraining energy response by particle species:
  Neutron: n=13032 Mean=0.872180 Std=0.266218 RMS90=0.121999
  K0: n=11955 Mean=0.979127 Std=0.199072 RMS90=0.092590
  Photon: n=19748 Mean=0.959163 Std=1.105339 RMS90=0.354595
  Pion: n=21287 Mean=0.950220 Std=0.266641 RMS90=0.071296
  Electron: n=6154 Mean=0.931232 Std=2.770302 RMS90=0.306324
  Muon: n=2222 Mean=0.950517 Std=0.209036 RMS90=0.011797

Epoch 321
Pretraining energy response (E_pred / E_true) by true-energy bin:
  1-50 GeV: n=40292 Mean=0.886834 Std=0.303319 RMS90=0.142485
  50-150 GeV: n=23832 Mean=0.906473 Std=0.131349 RMS90=0.039695
  >150 GeV: n=68 Mean=0.893689 Std=0.123459 RMS90=0.033388
Pretraining energy response by particle species:
  Neutron: n=13032 Mean=0.850165 Std=0.259081 RMS90=0.118539
  K0: n=11955 Mean=0.953376 Std=0.192983 RMS90=0.091257
  Photon: n=19748 Mean=0.929432 Std=0.889459 RMS90=0.351752
  Pion: n=21287 Mean=0.922559 Std=0.258700 RMS90=0.073315
  Electron: n=6154 Mean=0.865753 Std=0.589753 RMS90=0.302934
  Muon: n=2222 Mean=0.916266 Std=0.200153 RMS90=0.019563

Epoch 322
Pretraining energy response (E_pred / E_true) by true-energy bin:
  1-50 GeV: n=40292 Mean=0.902672 Std=0.426057 RMS90=0.142595
  50-150 GeV: n=23832 Mean=0.928072 Std=0.230952 RMS90=0.036063
  >150 GeV: n=68 Mean=0.911307 Std=0.127003 RMS90=0.029589
Pretraining energy response by particle species:
  Neutron: n=13032 Mean=0.860212 Std=0.260075 RMS90=0.118002
  K0: n=11955 Mean=0.964236 Std=0.191958 RMS90=0.088503
  Photon: n=19748 Mean=0.943322 Std=0.986972 RMS90=0.359014
  Pion: n=21287 Mean=0.948379 Std=0.277478 RMS90=0.072153
  Electron: n=6154 Mean=0.906806 Std=1.874060 RMS90=0.310582
  Muon: n=2222 Mean=0.943971 Std=0.218600 RMS90=0.014122

Epoch 323
Pretraining energy response (E_pred / E_true) by true-energy bin:
  1-50 GeV: n=40292 Mean=0.914714 Std=0.470414 RMS90=0.142543
  50-150 GeV: n=23832 Mean=0.932773 Std=0.263980 RMS90=0.037227
  >150 GeV: n=68 Mean=0.917306 Std=0.126935 RMS90=0.030526
Pretraining energy response by particle species:
  Neutron: n=13032 Mean=0.863292 Std=0.260537 RMS90=0.119529
  K0: n=11955 Mean=0.968006 Std=0.192063 RMS90=0.089941
  Photon: n=19748 Mean=0.963809 Std=1.067170 RMS90=0.359303
  Pion: n=21287 Mean=0.964703 Std=0.276590 RMS90=0.081400
  Electron: n=6154 Mean=0.932219 Std=2.197248 RMS90=0.312199
  Muon: n=2222 Mean=0.954138 Std=0.219594 RMS90=0.016067

Epoch 324
Pretraining energy response (E_pred / E_true) by true-energy bin:
  1-50 GeV: n=40292 Mean=0.900587 Std=0.322274 RMS90=0.144587
  50-150 GeV: n=23832 Mean=0.917088 Std=0.145802 RMS90=0.038926
  >150 GeV: n=68 Mean=0.904793 Std=0.125010 RMS90=0.033898
Pretraining energy response by particle species:
  Neutron: n=13032 Mean=0.846003 Std=0.257121 RMS90=0.117521
  K0: n=11955 Mean=0.949599 Std=0.184113 RMS90=0.085940
  Photon: n=19748 Mean=0.950847 Std=1.103348 RMS90=0.362466
  Pion: n=21287 Mean=0.955128 Std=0.273369 RMS90=0.087239
  Electron: n=6154 Mean=0.898378 Std=0.812928 RMS90=0.317536
  Muon: n=2222 Mean=0.943995 Std=0.206746 RMS90=0.032426

Epoch 325
Pretraining energy response (E_pred / E_true) by true-energy bin:
  1-50 GeV: n=40292 Mean=0.923691 Std=0.573992 RMS90=0.146270
  50-150 GeV: n=23832 Mean=0.927384 Std=0.339578 RMS90=0.044931
  >150 GeV: n=68 Mean=0.906217 Std=0.126561 RMS90=0.033593
Pretraining energy response by particle species:
  Neutron: n=13032 Mean=0.876521 Std=0.263425 RMS90=0.121087
  K0: n=11955 Mean=0.983136 Std=0.194829 RMS90=0.089910
  Photon: n=19748 Mean=0.997843 Std=1.773293 RMS90=0.357102
  Pion: n=21287 Mean=0.953406 Std=0.276842 RMS90=0.091179
  Electron: n=6154 Mean=0.945828 Std=2.924374 RMS90=0.305604
  Muon: n=2222 Mean=0.934557 Std=0.217707 RMS90=0.027713

Epoch 326
Pretraining energy response (E_pred / E_true) by true-energy bin:
  1-50 GeV: n=40292 Mean=0.904965 Std=0.379130 RMS90=0.138096
  50-150 GeV: n=23832 Mean=0.937801 Std=0.197339 RMS90=0.036941
  >150 GeV: n=68 Mean=0.923785 Std=0.127656 RMS90=0.033538
Pretraining energy response by particle species:
  Neutron: n=13032 Mean=0.860128 Std=0.259984 RMS90=0.119597
  K0: n=11955 Mean=0.965886 Std=0.186580 RMS90=0.083744
  Photon: n=19748 Mean=0.966397 Std=1.120667 RMS90=0.350073
  Pion: n=21287 Mean=0.947148 Std=0.283359 RMS90=0.068577
  Electron: n=6154 Mean=0.910526 Std=1.474263 RMS90=0.303703
  Muon: n=2222 Mean=0.953111 Std=0.198566 RMS90=0.022814

Epoch 327
Pretraining energy response (E_pred / E_true) by true-energy bin:
  1-50 GeV: n=40292 Mean=0.927872 Std=0.444734 RMS90=0.140038
  50-150 GeV: n=23832 Mean=0.941300 Std=0.245283 RMS90=0.038900
  >150 GeV: n=68 Mean=0.921743 Std=0.128234 RMS90=0.029867
Pretraining energy response by particle species:
  Neutron: n=13032 Mean=0.873936 Std=0.265644 RMS90=0.120604
  K0: n=11955 Mean=0.979140 Std=0.193697 RMS90=0.089838
  Photon: n=19748 Mean=0.994402 Std=1.257379 RMS90=0.358870
  Pion: n=21287 Mean=0.972126 Std=0.271994 RMS90=0.076884
  Electron: n=6154 Mean=0.946159 Std=1.998541 RMS90=0.310045
  Muon: n=2222 Mean=0.948478 Std=0.210997 RMS90=0.041196

Epoch 328
Pretraining energy response (E_pred / E_true) by true-energy bin:
  1-50 GeV: n=40292 Mean=0.902057 Std=0.305571 RMS90=0.140560
  50-150 GeV: n=23832 Mean=0.911600 Std=0.133325 RMS90=0.041858
  >150 GeV: n=68 Mean=0.895594 Std=0.119276 RMS90=0.039508
Pretraining energy response by particle species:
  Neutron: n=13032 Mean=0.854741 Std=0.258978 RMS90=0.118946
  K0: n=11955 Mean=0.959079 Std=0.190151 RMS90=0.089417
  Photon: n=19748 Mean=0.971294 Std=1.051223 RMS90=0.357997
  Pion: n=21287 Mean=0.938620 Std=0.264507 RMS90=0.080214
  Electron: n=6154 Mean=0.893505 Std=0.611183 RMS90=0.303869
  Muon: n=2222 Mean=0.928033 Std=0.208179 RMS90=0.026556

Epoch 329
Pretraining energy response (E_pred / E_true) by true-energy bin:
  1-50 GeV: n=40292 Mean=0.915436 Std=0.376540 RMS90=0.142364
  50-150 GeV: n=23832 Mean=0.934939 Std=0.192463 RMS90=0.036897
  >150 GeV: n=68 Mean=0.922309 Std=0.128689 RMS90=0.032233
Pretraining energy response by particle species:
  Neutron: n=13032 Mean=0.861822 Std=0.261612 RMS90=0.118043
  K0: n=11955 Mean=0.967662 Std=0.191306 RMS90=0.088873
  Photon: n=19748 Mean=0.966888 Std=1.006832 RMS90=0.355595
  Pion: n=21287 Mean=0.966809 Std=0.285442 RMS90=0.076722
  Electron: n=6154 Mean=0.924918 Std=1.412985 RMS90=0.313254
  Muon: n=2222 Mean=0.955823 Std=0.214427 RMS90=0.025126

Epoch 330
Pretraining energy response (E_pred / E_true) by true-energy bin:
  1-50 GeV: n=40292 Mean=0.913503 Std=0.379780 RMS90=0.145256
  50-150 GeV: n=23832 Mean=0.936202 Std=0.194151 RMS90=0.036554
  >150 GeV: n=68 Mean=0.920464 Std=0.128387 RMS90=0.031767
Pretraining energy response by particle species:
  Neutron: n=13032 Mean=0.857496 Std=0.260641 RMS90=0.118453
  K0: n=11955 Mean=0.963242 Std=0.192316 RMS90=0.089107
  Photon: n=19748 Mean=0.981157 Std=1.061781 RMS90=0.367047
  Pion: n=21287 Mean=0.963962 Std=0.264656 RMS90=0.068936
  Electron: n=6154 Mean=0.928528 Std=1.443609 RMS90=0.316273
  Muon: n=2222 Mean=0.966326 Std=0.214858 RMS90=0.017172

Epoch 331
Pretraining energy response (E_pred / E_true) by true-energy bin:
  1-50 GeV: n=40292 Mean=0.909040 Std=0.336124 RMS90=0.146975
  50-150 GeV: n=23832 Mean=0.918685 Std=0.156408 RMS90=0.039313
  >150 GeV: n=68 Mean=0.909975 Std=0.128560 RMS90=0.045170
Pretraining energy response by particle species:
  Neutron: n=13032 Mean=0.847291 Std=0.259414 RMS90=0.120547
  K0: n=11955 Mean=0.950626 Std=0.194722 RMS90=0.092993
  Photon: n=19748 Mean=0.952649 Std=1.048921 RMS90=0.356269
  Pion: n=21287 Mean=0.969700 Std=0.283684 RMS90=0.091961
  Electron: n=6154 Mean=0.912551 Std=0.971197 RMS90=0.316889
  Muon: n=2222 Mean=0.966002 Std=0.241378 RMS90=0.021961

Epoch 332
Pretraining energy response (E_pred / E_true) by true-energy bin:
  1-50 GeV: n=40292 Mean=0.897799 Std=0.359143 RMS90=0.143265
  50-150 GeV: n=23832 Mean=0.907629 Std=0.181694 RMS90=0.052388
  >150 GeV: n=68 Mean=0.887373 Std=0.127500 RMS90=0.050837
Pretraining energy response by particle species:
  Neutron: n=13032 Mean=0.861722 Std=0.262765 RMS90=0.120384
  K0: n=11955 Mean=0.967214 Std=0.192761 RMS90=0.088634
  Photon: n=19748 Mean=0.955997 Std=0.962056 RMS90=0.348177
  Pion: n=21287 Mean=0.919728 Std=0.263536 RMS90=0.079789
  Electron: n=6154 Mean=0.888568 Std=1.283655 RMS90=0.294861
  Muon: n=2222 Mean=0.907409 Std=0.199703 RMS90=0.033480

Epoch 333
Pretraining energy response (E_pred / E_true) by true-energy bin:
  1-50 GeV: n=40292 Mean=0.910201 Std=0.369404 RMS90=0.140344
  50-150 GeV: n=23832 Mean=0.920637 Std=0.187149 RMS90=0.038303
  >150 GeV: n=68 Mean=0.905693 Std=0.125640 RMS90=0.037570
Pretraining energy response by particle species:
  Neutron: n=13032 Mean=0.856629 Std=0.258910 RMS90=0.118128
  K0: n=11955 Mean=0.959004 Std=0.190503 RMS90=0.089584
  Photon: n=19748 Mean=0.966977 Std=0.968712 RMS90=0.354101
  Pion: n=21287 Mean=0.958541 Std=0.268733 RMS90=0.083555
  Electron: n=6154 Mean=0.916906 Std=1.360072 RMS90=0.309313
  Muon: n=2222 Mean=0.947227 Std=0.213262 RMS90=0.021192

Epoch 334
Pretraining energy response (E_pred / E_true) by true-energy bin:
  1-50 GeV: n=40292 Mean=0.906918 Std=0.637778 RMS90=0.146110
  50-150 GeV: n=23832 Mean=0.933047 Std=0.384927 RMS90=0.036759
  >150 GeV: n=68 Mean=0.916470 Std=0.127971 RMS90=0.029339
Pretraining energy response by particle species:
  Neutron: n=13032 Mean=0.863342 Std=0.262856 RMS90=0.119860
  K0: n=11955 Mean=0.969763 Std=0.192782 RMS90=0.088996
  Photon: n=19748 Mean=0.963203 Std=1.187663 RMS90=0.355891
  Pion: n=21287 Mean=0.946924 Std=0.262685 RMS90=0.067899
  Electron: n=6154 Mean=0.938575 Std=3.360989 RMS90=0.307091
  Muon: n=2222 Mean=0.944452 Std=0.206196 RMS90=0.013629

Epoch 335
Pretraining energy response (E_pred / E_true) by true-energy bin:
  1-50 GeV: n=40292 Mean=0.906205 Std=0.324333 RMS90=0.148989
  50-150 GeV: n=23832 Mean=0.923146 Std=0.145766 RMS90=0.037515
  >150 GeV: n=68 Mean=0.909660 Std=0.124887 RMS90=0.033210
Pretraining energy response by particle species:
  Neutron: n=13032 Mean=0.855454 Std=0.263149 RMS90=0.121337
  K0: n=11955 Mean=0.960810 Std=0.194462 RMS90=0.090869
  Photon: n=19748 Mean=0.948967 Std=0.955541 RMS90=0.360526
  Pion: n=21287 Mean=0.957227 Std=0.267777 RMS90=0.076659
  Electron: n=6154 Mean=0.903108 Std=0.811164 RMS90=0.315067
  Muon: n=2222 Mean=0.952466 Std=0.215568 RMS90=0.025551

Epoch 336
Pretraining energy response (E_pred / E_true) by true-energy bin:
  1-50 GeV: n=40292 Mean=0.903747 Std=0.362952 RMS90=0.141982
  50-150 GeV: n=23832 Mean=0.911793 Std=0.180912 RMS90=0.039247
  >150 GeV: n=68 Mean=0.896036 Std=0.125110 RMS90=0.034142
Pretraining energy response by particle species:
  Neutron: n=13032 Mean=0.850191 Std=0.257020 RMS90=0.117337
  K0: n=11955 Mean=0.952294 Std=0.189732 RMS90=0.089390
  Photon: n=19748 Mean=0.965089 Std=0.944741 RMS90=0.362071
  Pion: n=21287 Mean=0.946228 Std=0.264160 RMS90=0.080294
  Electron: n=6154 Mean=0.910375 Std=1.304219 RMS90=0.310830
  Muon: n=2222 Mean=0.921359 Std=0.217527 RMS90=0.039547

Epoch 337
Pretraining energy response (E_pred / E_true) by true-energy bin:
  1-50 GeV: n=40292 Mean=0.920869 Std=0.560818 RMS90=0.140397
  50-150 GeV: n=23832 Mean=0.942135 Std=0.332507 RMS90=0.036269
  >150 GeV: n=68 Mean=0.922985 Std=0.126817 RMS90=0.025523
Pretraining energy response by particle species:
  Neutron: n=13032 Mean=0.866892 Std=0.262598 RMS90=0.119632
  K0: n=11955 Mean=0.970195 Std=0.191264 RMS90=0.088768
  Photon: n=19748 Mean=0.975906 Std=1.162259 RMS90=0.352128
  Pion: n=21287 Mean=0.974020 Std=0.272813 RMS90=0.079419
  Electron: n=6154 Mean=0.954841 Std=2.859341 RMS90=0.310224
  Muon: n=2222 Mean=0.968500 Std=0.213925 RMS90=0.015947

Epoch 338
Pretraining energy response (E_pred / E_true) by true-energy bin:
  1-50 GeV: n=40292 Mean=0.911313 Std=0.429386 RMS90=0.141971
  50-150 GeV: n=23832 Mean=0.939081 Std=0.234361 RMS90=0.038822
  >150 GeV: n=68 Mean=0.921637 Std=0.128731 RMS90=0.034016
Pretraining energy response by particle species:
  Neutron: n=13032 Mean=0.867572 Std=0.264739 RMS90=0.121534
  K0: n=11955 Mean=0.974537 Std=0.191003 RMS90=0.086260
  Photon: n=19748 Mean=0.971784 Std=1.007312 RMS90=0.354245
  Pion: n=21287 Mean=0.954598 Std=0.266878 RMS90=0.072664
  Electron: n=6154 Mean=0.925908 Std=1.872417 RMS90=0.306563
  Muon: n=2222 Mean=0.950722 Std=0.203541 RMS90=0.020594

Epoch 339
Pretraining energy response (E_pred / E_true) by true-energy bin:
  1-50 GeV: n=40292 Mean=0.909615 Std=0.486695 RMS90=0.139046
  50-150 GeV: n=23832 Mean=0.921895 Std=0.279790 RMS90=0.037841
  >150 GeV: n=68 Mean=0.905684 Std=0.123670 RMS90=0.031218
Pretraining energy response by particle species:
  Neutron: n=13032 Mean=0.855120 Std=0.258364 RMS90=0.119287
  K0: n=11955 Mean=0.957972 Std=0.190019 RMS90=0.089034
  Photon: n=19748 Mean=0.973348 Std=1.052362 RMS90=0.353075
  Pion: n=21287 Mean=0.952723 Std=0.262150 RMS90=0.075906
  Electron: n=6154 Mean=0.933172 Std=2.339611 RMS90=0.306150
  Muon: n=2222 Mean=0.944359 Std=0.205589 RMS90=0.022700

Epoch 340
Pretraining energy response (E_pred / E_true) by true-energy bin:
  1-50 GeV: n=40292 Mean=0.910003 Std=0.351507 RMS90=0.138670
  50-150 GeV: n=23832 Mean=0.923902 Std=0.174154 RMS90=0.037569
  >150 GeV: n=68 Mean=0.907308 Std=0.125958 RMS90=0.030827
Pretraining energy response by particle species:
  Neutron: n=13032 Mean=0.854912 Std=0.258358 RMS90=0.116667
  K0: n=11955 Mean=0.957703 Std=0.189350 RMS90=0.088734
  Photon: n=19748 Mean=0.959816 Std=0.924343 RMS90=0.350990
  Pion: n=21287 Mean=0.959138 Std=0.265782 RMS90=0.082640
  Electron: n=6154 Mean=0.913613 Std=1.205802 RMS90=0.309367
  Muon: n=2222 Mean=0.952000 Std=0.214100 RMS90=0.024929

Epoch 341
Pretraining energy response (E_pred / E_true) by true-energy bin:
  1-50 GeV: n=40292 Mean=0.919103 Std=0.464167 RMS90=0.139953
  50-150 GeV: n=23832 Mean=0.936176 Std=0.262001 RMS90=0.037810
  >150 GeV: n=68 Mean=0.921619 Std=0.128336 RMS90=0.030755
Pretraining energy response by particle species:
  Neutron: n=13032 Mean=0.869250 Std=0.262998 RMS90=0.119876
  K0: n=11955 Mean=0.973965 Std=0.192946 RMS90=0.090127
  Photon: n=19748 Mean=0.971500 Std=0.999554 RMS90=0.349085
  Pion: n=21287 Mean=0.961537 Std=0.270650 RMS90=0.075586
  Electron: n=6154 Mean=0.932255 Std=2.165707 RMS90=0.305078
  Muon: n=2222 Mean=0.954854 Std=0.210489 RMS90=0.018502

Epoch 342
Pretraining energy response (E_pred / E_true) by true-energy bin:
  1-50 GeV: n=40292 Mean=0.915746 Std=0.350929 RMS90=0.147540
  50-150 GeV: n=23832 Mean=0.934071 Std=0.168436 RMS90=0.036495
  >150 GeV: n=68 Mean=0.918338 Std=0.125795 RMS90=0.027672
Pretraining energy response by particle species:
  Neutron: n=13032 Mean=0.863812 Std=0.263182 RMS90=0.119952
  K0: n=11955 Mean=0.970490 Std=0.191685 RMS90=0.087613
  Photon: n=19748 Mean=0.971891 Std=0.989232 RMS90=0.359978
  Pion: n=21287 Mean=0.966094 Std=0.273134 RMS90=0.083789
  Electron: n=6154 Mean=0.919490 Std=1.136564 RMS90=0.313383
  Muon: n=2222 Mean=0.957201 Std=0.216278 RMS90=0.023703

Epoch 343
Pretraining energy response (E_pred / E_true) by true-energy bin:
  1-50 GeV: n=40292 Mean=0.910566 Std=0.357327 RMS90=0.135969
  50-150 GeV: n=23832 Mean=0.928843 Std=0.179131 RMS90=0.036608
  >150 GeV: n=68 Mean=0.913943 Std=0.125980 RMS90=0.030897
Pretraining energy response by particle species:
  Neutron: n=13032 Mean=0.858753 Std=0.258850 RMS90=0.116621
  K0: n=11955 Mean=0.962109 Std=0.187936 RMS90=0.086804
  Photon: n=19748 Mean=0.969956 Std=0.977664 RMS90=0.349916
  Pion: n=21287 Mean=0.958952 Std=0.266633 RMS90=0.078529
  Electron: n=6154 Mean=0.917965 Std=1.261648 RMS90=0.305996
  Muon: n=2222 Mean=0.949622 Std=0.209702 RMS90=0.019251

Epoch 344
Pretraining energy response (E_pred / E_true) by true-energy bin:
  1-50 GeV: n=40292 Mean=0.912371 Std=0.391381 RMS90=0.139143
  50-150 GeV: n=23832 Mean=0.928442 Std=0.206023 RMS90=0.038863
  >150 GeV: n=68 Mean=0.907756 Std=0.124898 RMS90=0.033804
Pretraining energy response by particle species:
  Neutron: n=13032 Mean=0.866171 Std=0.261957 RMS90=0.118267
  K0: n=11955 Mean=0.970892 Std=0.192624 RMS90=0.089748
  Photon: n=19748 Mean=0.970449 Std=0.960916 RMS90=0.349194
  Pion: n=21287 Mean=0.951325 Std=0.263188 RMS90=0.074233
  Electron: n=6154 Mean=0.919148 Std=1.573868 RMS90=0.303449
  Muon: n=2222 Mean=0.942970 Std=0.210755 RMS90=0.020766

Epoch 345
Pretraining energy response (E_pred / E_true) by true-energy bin:
  1-50 GeV: n=40292 Mean=0.913691 Std=0.489181 RMS90=0.139091
  50-150 GeV: n=23832 Mean=0.938972 Std=0.281653 RMS90=0.035696
  >150 GeV: n=68 Mean=0.923686 Std=0.127206 RMS90=0.028392
Pretraining energy response by particle species:
  Neutron: n=13032 Mean=0.863259 Std=0.261520 RMS90=0.119661
  K0: n=11955 Mean=0.967776 Std=0.190212 RMS90=0.087413
  Photon: n=19748 Mean=0.970935 Std=1.069518 RMS90=0.350730
  Pion: n=21287 Mean=0.964875 Std=0.266828 RMS90=0.074220
  Electron: n=6154 Mean=0.938949 Std=2.356598 RMS90=0.307947
  Muon: n=2222 Mean=0.961079 Std=0.212361 RMS90=0.015923

Epoch 346
Pretraining energy response (E_pred / E_true) by true-energy bin:
  1-50 GeV: n=40292 Mean=0.911001 Std=0.375009 RMS90=0.138208
  50-150 GeV: n=23832 Mean=0.927611 Std=0.193737 RMS90=0.037171
  >150 GeV: n=68 Mean=0.912525 Std=0.126753 RMS90=0.031653
Pretraining energy response by particle species:
  Neutron: n=13032 Mean=0.860105 Std=0.259654 RMS90=0.117732
  K0: n=11955 Mean=0.964220 Std=0.190117 RMS90=0.087917
  Photon: n=19748 Mean=0.975172 Std=0.968722 RMS90=0.349500
  Pion: n=21287 Mean=0.954727 Std=0.264021 RMS90=0.074094
  Electron: n=6154 Mean=0.920317 Std=1.432685 RMS90=0.304941
  Muon: n=2222 Mean=0.946097 Std=0.208152 RMS90=0.023922

Epoch 347
Pretraining energy response (E_pred / E_true) by true-energy bin:
  1-50 GeV: n=40292 Mean=0.912165 Std=0.426878 RMS90=0.140487
  50-150 GeV: n=23832 Mean=0.931374 Std=0.234187 RMS90=0.036942
  >150 GeV: n=68 Mean=0.917795 Std=0.127835 RMS90=0.036854
Pretraining energy response by particle species:
  Neutron: n=13032 Mean=0.861625 Std=0.260919 RMS90=0.120117
  K0: n=11955 Mean=0.965852 Std=0.191877 RMS90=0.089608
  Photon: n=19748 Mean=0.970070 Std=0.999464 RMS90=0.349218
  Pion: n=21287 Mean=0.958019 Std=0.264401 RMS90=0.075554
  Electron: n=6154 Mean=0.927727 Std=1.881301 RMS90=0.304333
  Muon: n=2222 Mean=0.952675 Std=0.209999 RMS90=0.017067

Epoch 348
Pretraining energy response (E_pred / E_true) by true-energy bin:
  1-50 GeV: n=40292 Mean=0.896127 Std=0.302435 RMS90=0.142378
  50-150 GeV: n=23832 Mean=0.900130 Std=0.130909 RMS90=0.042897
  >150 GeV: n=68 Mean=0.883761 Std=0.124231 RMS90=0.040686
Pretraining energy response by particle species:
  Neutron: n=13032 Mean=0.848293 Std=0.258050 RMS90=0.120730
  K0: n=11955 Mean=0.950647 Std=0.195551 RMS90=0.095004
  Photon: n=19748 Mean=0.949002 Std=0.900646 RMS90=0.352499
  Pion: n=21287 Mean=0.930960 Std=0.260628 RMS90=0.081375
  Electron: n=6154 Mean=0.880166 Std=0.556218 RMS90=0.303070
  Muon: n=2222 Mean=0.922788 Std=0.212734 RMS90=0.027051

Epoch 349
Pretraining energy response (E_pred / E_true) by true-energy bin:
  1-50 GeV: n=40292 Mean=0.901898 Std=0.322271 RMS90=0.144313
  50-150 GeV: n=23832 Mean=0.909518 Std=0.145445 RMS90=0.039170
  >150 GeV: n=68 Mean=0.896694 Std=0.124436 RMS90=0.037715
Pretraining energy response by particle species:
  Neutron: n=13032 Mean=0.846766 Std=0.258078 RMS90=0.118787
  K0: n=11955 Mean=0.949213 Std=0.189326 RMS90=0.089873
  Photon: n=19748 Mean=0.948873 Std=0.922439 RMS90=0.354878
  Pion: n=21287 Mean=0.951535 Std=0.277355 RMS90=0.088653
  Electron: n=6154 Mean=0.896341 Std=0.836772 RMS90=0.310144
  Muon: n=2222 Mean=0.941012 Std=0.216829 RMS90=0.028141

Epoch 350
Pretraining energy response (E_pred / E_true) by true-energy bin:
  1-50 GeV: n=40292 Mean=0.914736 Std=0.462546 RMS90=0.139924
  50-150 GeV: n=23832 Mean=0.931656 Std=0.263296 RMS90=0.036892
  >150 GeV: n=68 Mean=0.916645 Std=0.128269 RMS90=0.030432
Pretraining energy response by particle species:
  Neutron: n=13032 Mean=0.862754 Std=0.260663 RMS90=0.119687
  K0: n=11955 Mean=0.967262 Std=0.192285 RMS90=0.089432
  Photon: n=19748 Mean=0.969052 Std=1.008255 RMS90=0.347323
  Pion: n=21287 Mean=0.959459 Std=0.266238 RMS90=0.078250
  Electron: n=6154 Mean=0.933370 Std=2.162808 RMS90=0.304569
  Muon: n=2222 Mean=0.952888 Std=0.215591 RMS90=0.018625

Epoch 351
Pretraining energy response (E_pred / E_true) by true-energy bin:
  1-50 GeV: n=40292 Mean=0.907414 Std=0.439591 RMS90=0.139915
  50-150 GeV: n=23832 Mean=0.920756 Std=0.245257 RMS90=0.040469
  >150 GeV: n=68 Mean=0.904957 Std=0.125705 RMS90=0.033359
Pretraining energy response by particle species:
  Neutron: n=13032 Mean=0.859816 Std=0.260460 RMS90=0.119995
  K0: n=11955 Mean=0.964704 Std=0.192607 RMS90=0.090441
  Photon: n=19748 Mean=0.963564 Std=0.996458 RMS90=0.345991
  Pion: n=21287 Mean=0.943177 Std=0.265588 RMS90=0.080221
  Electron: n=6154 Mean=0.917462 Std=1.988046 RMS90=0.299408
  Muon: n=2222 Mean=0.934095 Std=0.217757 RMS90=0.021575

Epoch 352
Pretraining energy response (E_pred / E_true) by true-energy bin:
  1-50 GeV: n=40292 Mean=0.917138 Std=0.426680 RMS90=0.141481
  50-150 GeV: n=23832 Mean=0.936510 Std=0.233224 RMS90=0.036744
  >150 GeV: n=68 Mean=0.921380 Std=0.127032 RMS90=0.029804
Pretraining energy response by particle species:
  Neutron: n=13032 Mean=0.867976 Std=0.263024 RMS90=0.119469
  K0: n=11955 Mean=0.973493 Std=0.192073 RMS90=0.088495
  Photon: n=19748 Mean=0.971946 Std=1.002162 RMS90=0.352155
  Pion: n=21287 Mean=0.963856 Std=0.268608 RMS90=0.078897
  Electron: n=6154 Mean=0.930967 Std=1.869182 RMS90=0.309062
  Muon: n=2222 Mean=0.955578 Std=0.215229 RMS90=0.018391

Epoch 353
Pretraining energy response (E_pred / E_true) by true-energy bin:
  1-50 GeV: n=40292 Mean=0.906157 Std=0.360106 RMS90=0.141369
  50-150 GeV: n=23832 Mean=0.918237 Std=0.180361 RMS90=0.040418
  >150 GeV: n=68 Mean=0.902526 Std=0.126299 RMS90=0.035275
Pretraining energy response by particle species:
  Neutron: n=13032 Mean=0.858675 Std=0.260300 RMS90=0.119340
  K0: n=11955 Mean=0.964168 Std=0.192651 RMS90=0.090219
  Photon: n=19748 Mean=0.959832 Std=0.938282 RMS90=0.351434
  Pion: n=21287 Mean=0.942944 Std=0.263881 RMS90=0.079877
  Electron: n=6154 Mean=0.903901 Std=1.281852 RMS90=0.304348
  Muon: n=2222 Mean=0.935346 Std=0.213742 RMS90=0.023459

Epoch 354
Pretraining energy response (E_pred / E_true) by true-energy bin:
  1-50 GeV: n=40292 Mean=0.912700 Std=0.362904 RMS90=0.143636
  50-150 GeV: n=23832 Mean=0.936499 Std=0.180308 RMS90=0.036201
  >150 GeV: n=68 Mean=0.923927 Std=0.127104 RMS90=0.030329
Pretraining energy response by particle species:
  Neutron: n=13032 Mean=0.865364 Std=0.263707 RMS90=0.120569
  K0: n=11955 Mean=0.972512 Std=0.193001 RMS90=0.087827
  Photon: n=19748 Mean=0.966674 Std=0.995882 RMS90=0.355825
  Pion: n=21287 Mean=0.960261 Std=0.268234 RMS90=0.074702
  Electron: n=6154 Mean=0.915279 Std=1.277905 RMS90=0.310823
  Muon: n=2222 Mean=0.953609 Std=0.220290 RMS90=0.017765

Epoch 355
Pretraining energy response (E_pred / E_true) by true-energy bin:
  1-50 GeV: n=40292 Mean=0.903889 Std=0.369415 RMS90=0.144281
  50-150 GeV: n=23832 Mean=0.914211 Std=0.179194 RMS90=0.042426
  >150 GeV: n=68 Mean=0.898226 Std=0.127397 RMS90=0.037939
Pretraining energy response by particle species:
  Neutron: n=13032 Mean=0.859603 Std=0.261585 RMS90=0.119278
  K0: n=11955 Mean=0.966145 Std=0.193646 RMS90=0.090106
  Photon: n=19748 Mean=0.956061 Std=0.935695 RMS90=0.353546
  Pion: n=21287 Mean=0.935621 Std=0.266374 RMS90=0.079977
  Electron: n=6154 Mean=0.895528 Std=1.272264 RMS90=0.302879
  Muon: n=2222 Mean=0.924974 Std=0.209090 RMS90=0.026246

Epoch 356
Pretraining energy response (E_pred / E_true) by true-energy bin:
  1-50 GeV: n=40292 Mean=0.902767 Std=0.332243 RMS90=0.145792
  50-150 GeV: n=23832 Mean=0.914095 Std=0.154744 RMS90=0.042201
  >150 GeV: n=68 Mean=0.897559 Std=0.126816 RMS90=0.040717
Pretraining energy response by particle species:
  Neutron: n=13032 Mean=0.858144 Std=0.263052 RMS90=0.122084
  K0: n=11955 Mean=0.964647 Std=0.196107 RMS90=0.091641
  Photon: n=19748 Mean=0.948142 Std=0.912035 RMS90=0.353196
  Pion: n=21287 Mean=0.937403 Std=0.263663 RMS90=0.079027
  Electron: n=6154 Mean=0.890660 Std=0.958930 RMS90=0.305338
  Muon: n=2222 Mean=0.927901 Std=0.215840 RMS90=0.026980

Epoch 357
Pretraining energy response (E_pred / E_true) by true-energy bin:
  1-50 GeV: n=40292 Mean=0.911185 Std=0.331873 RMS90=0.146152
  50-150 GeV: n=23832 Mean=0.925771 Std=0.154368 RMS90=0.042262
  >150 GeV: n=68 Mean=0.910089 Std=0.125387 RMS90=0.036664
Pretraining energy response by particle species:
  Neutron: n=13032 Mean=0.869709 Std=0.264790 RMS90=0.121640
  K0: n=11955 Mean=0.976809 Std=0.194130 RMS90=0.088569
  Photon: n=19748 Mean=0.961058 Std=0.915297 RMS90=0.353665
  Pion: n=21287 Mean=0.946852 Std=0.268836 RMS90=0.082118
  Electron: n=6154 Mean=0.901422 Std=0.930290 RMS90=0.304560
  Muon: n=2222 Mean=0.933462 Std=0.215165 RMS90=0.025243

Epoch 358
Pretraining energy response (E_pred / E_true) by true-energy bin:
  1-50 GeV: n=40292 Mean=0.919735 Std=0.404272 RMS90=0.141027
  50-150 GeV: n=23832 Mean=0.938014 Std=0.213561 RMS90=0.036588
  >150 GeV: n=68 Mean=0.920418 Std=0.127679 RMS90=0.033210
Pretraining energy response by particle species:
  Neutron: n=13032 Mean=0.870747 Std=0.262972 RMS90=0.120349
  K0: n=11955 Mean=0.977915 Std=0.196016 RMS90=0.089795
  Photon: n=19748 Mean=0.974489 Std=1.011764 RMS90=0.352446
  Pion: n=21287 Mean=0.962226 Std=0.270257 RMS90=0.075830
  Electron: n=6154 Mean=0.927984 Std=1.672325 RMS90=0.308158
  Muon: n=2222 Mean=0.957042 Std=0.223049 RMS90=0.017254

Epoch 359
Pretraining energy response (E_pred / E_true) by true-energy bin:
  1-50 GeV: n=40292 Mean=0.892836 Std=0.338026 RMS90=0.139549
  50-150 GeV: n=23832 Mean=0.908989 Std=0.162647 RMS90=0.040828
  >150 GeV: n=68 Mean=0.889960 Std=0.119529 RMS90=0.034064
Pretraining energy response by particle species:
  Neutron: n=13032 Mean=0.846361 Std=0.256685 RMS90=0.118855
  K0: n=11955 Mean=0.949581 Std=0.187561 RMS90=0.087676
  Photon: n=19748 Mean=0.951850 Std=0.940140 RMS90=0.355646
  Pion: n=21287 Mean=0.936538 Std=0.265943 RMS90=0.084186
  Electron: n=6154 Mean=0.895717 Std=1.080238 RMS90=0.305745
  Muon: n=2222 Mean=0.923920 Std=0.200504 RMS90=0.020882

Epoch 360
Pretraining energy response (E_pred / E_true) by true-energy bin:
  1-50 GeV: n=40292 Mean=0.915569 Std=0.534865 RMS90=0.142706
  50-150 GeV: n=23832 Mean=0.927821 Std=0.313585 RMS90=0.044502
  >150 GeV: n=68 Mean=0.907009 Std=0.128321 RMS90=0.038310
Pretraining energy response by particle species:
  Neutron: n=13032 Mean=0.870975 Std=0.263696 RMS90=0.118990
  K0: n=11955 Mean=0.978399 Std=0.194875 RMS90=0.089645
  Photon: n=19748 Mean=0.973009 Std=1.099514 RMS90=0.358833
  Pion: n=21287 Mean=0.949114 Std=0.272840 RMS90=0.085093
  Electron: n=6154 Mean=0.936524 Std=2.693088 RMS90=0.308523
  Muon: n=2222 Mean=0.935520 Std=0.205490 RMS90=0.027513

Epoch 361
Pretraining energy response (E_pred / E_true) by true-energy bin:
  1-50 GeV: n=40292 Mean=0.906577 Std=0.378196 RMS90=0.150478
  50-150 GeV: n=23832 Mean=0.912766 Std=0.190887 RMS90=0.042840
  >150 GeV: n=68 Mean=0.899920 Std=0.128051 RMS90=0.038433
Pretraining energy response by particle species:
  Neutron: n=13032 Mean=0.861899 Std=0.263144 RMS90=0.123138
  K0: n=11955 Mean=0.969148 Std=0.198388 RMS90=0.095170
  Photon: n=19748 Mean=0.965138 Std=0.950738 RMS90=0.358850
  Pion: n=21287 Mean=0.936471 Std=0.269803 RMS90=0.085964
  Electron: n=6154 Mean=0.899274 Std=1.410352 RMS90=0.302387
  Muon: n=2222 Mean=0.919117 Std=0.204745 RMS90=0.018114

Epoch 362
Pretraining energy response (E_pred / E_true) by true-energy bin:
  1-50 GeV: n=40292 Mean=0.915916 Std=0.515567 RMS90=0.144835
  50-150 GeV: n=23832 Mean=0.933181 Std=0.297863 RMS90=0.040855
  >150 GeV: n=68 Mean=0.913781 Std=0.127621 RMS90=0.037510
Pretraining energy response by particle species:
  Neutron: n=13032 Mean=0.868138 Std=0.263693 RMS90=0.120854
  K0: n=11955 Mean=0.972794 Std=0.191385 RMS90=0.088926
  Photon: n=19748 Mean=0.949862 Std=1.053098 RMS90=0.349607
  Pion: n=21287 Mean=0.963063 Std=0.274193 RMS90=0.087448
  Electron: n=6154 Mean=0.930394 Std=2.536859 RMS90=0.309930
  Muon: n=2222 Mean=0.950398 Std=0.212053 RMS90=0.025504

Epoch 363
Pretraining energy response (E_pred / E_true) by true-energy bin:
  1-50 GeV: n=40292 Mean=0.908661 Std=0.471425 RMS90=0.141099
  50-150 GeV: n=23832 Mean=0.930062 Std=0.265862 RMS90=0.037556
  >150 GeV: n=68 Mean=0.913952 Std=0.126147 RMS90=0.033055
Pretraining energy response by particle species:
  Neutron: n=13032 Mean=0.865891 Std=0.263770 RMS90=0.118796
  K0: n=11955 Mean=0.972559 Std=0.194543 RMS90=0.089560
  Photon: n=19748 Mean=0.964768 Std=1.116321 RMS90=0.354296
  Pion: n=21287 Mean=0.944186 Std=0.264183 RMS90=0.068034
  Electron: n=6154 Mean=0.923248 Std=2.210001 RMS90=0.307114
  Muon: n=2222 Mean=0.938640 Std=0.219337 RMS90=0.018317

Epoch 364
Pretraining energy response (E_pred / E_true) by true-energy bin:
  1-50 GeV: n=40292 Mean=0.918339 Std=0.412338 RMS90=0.139507
  50-150 GeV: n=23832 Mean=0.938364 Std=0.222675 RMS90=0.037024
  >150 GeV: n=68 Mean=0.919451 Std=0.125495 RMS90=0.027872
Pretraining energy response by particle species:
  Neutron: n=13032 Mean=0.868248 Std=0.262500 RMS90=0.118611
  K0: n=11955 Mean=0.972714 Std=0.189350 RMS90=0.088142
  Photon: n=19748 Mean=0.986546 Std=1.019801 RMS90=0.355062
  Pion: n=21287 Mean=0.961001 Std=0.264291 RMS90=0.074369
  Electron: n=6154 Mean=0.935028 Std=1.744913 RMS90=0.307800
  Muon: n=2222 Mean=0.957429 Std=0.205173 RMS90=0.019896

Epoch 365
Pretraining energy response (E_pred / E_true) by true-energy bin:
  1-50 GeV: n=40292 Mean=0.920871 Std=0.591930 RMS90=0.141889
  50-150 GeV: n=23832 Mean=0.913887 Std=0.354417 RMS90=0.039629
  >150 GeV: n=68 Mean=0.898265 Std=0.126434 RMS90=0.032687
Pretraining energy response by particle species:
  Neutron: n=13032 Mean=0.860651 Std=0.259599 RMS90=0.122023
  K0: n=11955 Mean=0.965004 Std=0.201330 RMS90=0.098269
  Photon: n=19748 Mean=0.985315 Std=1.164201 RMS90=0.348809
  Pion: n=21287 Mean=0.951041 Std=0.270075 RMS90=0.083068
  Electron: n=6154 Mean=0.950693 Std=3.081229 RMS90=0.300543
  Muon: n=2222 Mean=0.939401 Std=0.223094 RMS90=0.022518

Epoch 366
Pretraining energy response (E_pred / E_true) by true-energy bin:
  1-50 GeV: n=40292 Mean=0.916181 Std=0.570443 RMS90=0.141856
  50-150 GeV: n=23832 Mean=0.933509 Std=0.336738 RMS90=0.038227
  >150 GeV: n=68 Mean=0.918526 Std=0.126660 RMS90=0.029235
Pretraining energy response by particle species:
  Neutron: n=13032 Mean=0.863237 Std=0.261798 RMS90=0.121963
  K0: n=11955 Mean=0.967823 Std=0.190968 RMS90=0.089835
  Photon: n=19748 Mean=0.978661 Std=1.354308 RMS90=0.359366
  Pion: n=21287 Mean=0.963430 Std=0.268095 RMS90=0.077999
  Electron: n=6154 Mean=0.947865 Std=2.917236 RMS90=0.313319
  Muon: n=2222 Mean=0.945656 Std=0.209100 RMS90=0.031883

Epoch 367
Pretraining energy response (E_pred / E_true) by true-energy bin:
  1-50 GeV: n=40292 Mean=0.905791 Std=0.599690 RMS90=0.136338
  50-150 GeV: n=23832 Mean=0.933664 Std=0.361554 RMS90=0.036195
  >150 GeV: n=68 Mean=0.922277 Std=0.128213 RMS90=0.029125
Pretraining energy response by particle species:
  Neutron: n=13032 Mean=0.852449 Std=0.257707 RMS90=0.116349
  K0: n=11955 Mean=0.955544 Std=0.187648 RMS90=0.085749
  Photon: n=19748 Mean=0.968133 Std=1.209665 RMS90=0.342843
  Pion: n=21287 Mean=0.960106 Std=0.267217 RMS90=0.072464
  Electron: n=6154 Mean=0.948638 Std=3.126385 RMS90=0.302306
  Muon: n=2222 Mean=0.949674 Std=0.203775 RMS90=0.015883

Epoch 368
Pretraining energy response (E_pred / E_true) by true-energy bin:
  1-50 GeV: n=40292 Mean=0.900557 Std=0.423134 RMS90=0.139362
  50-150 GeV: n=23832 Mean=0.912356 Std=0.233263 RMS90=0.040511
  >150 GeV: n=68 Mean=0.893196 Std=0.125207 RMS90=0.038204
Pretraining energy response by particle species:
  Neutron: n=13032 Mean=0.848934 Std=0.257521 RMS90=0.120034
  K0: n=11955 Mean=0.950965 Std=0.190409 RMS90=0.091155
  Photon: n=19748 Mean=0.957117 Std=0.990411 RMS90=0.347278
  Pion: n=21287 Mean=0.943070 Std=0.275914 RMS90=0.077230
  Electron: n=6154 Mean=0.914193 Std=1.860294 RMS90=0.301766
  Muon: n=2222 Mean=0.930815 Std=0.204978 RMS90=0.023464

Epoch 369
Pretraining energy response (E_pred / E_true) by true-energy bin:
  1-50 GeV: n=40292 Mean=0.916761 Std=0.641316 RMS90=0.137810
  50-150 GeV: n=23832 Mean=0.934270 Std=0.390109 RMS90=0.035771
  >150 GeV: n=68 Mean=0.917969 Std=0.129361 RMS90=0.031402
Pretraining energy response by particle species:
  Neutron: n=13032 Mean=0.855733 Std=0.257238 RMS90=0.117902
  K0: n=11955 Mean=0.959434 Std=0.191834 RMS90=0.089266
  Photon: n=19748 Mean=0.976819 Std=1.173008 RMS90=0.352898
  Pion: n=21287 Mean=0.968483 Std=0.267432 RMS90=0.074053
  Electron: n=6154 Mean=0.961849 Std=3.386684 RMS90=0.309890
  Muon: n=2222 Mean=0.963397 Std=0.219929 RMS90=0.018754

Epoch 370
Pretraining energy response (E_pred / E_true) by true-energy bin:
  1-50 GeV: n=40292 Mean=0.898081 Std=0.374301 RMS90=0.142643
  50-150 GeV: n=23832 Mean=0.909967 Std=0.193896 RMS90=0.046510
  >150 GeV: n=68 Mean=0.886856 Std=0.126397 RMS90=0.046073
Pretraining energy response by particle species:
  Neutron: n=13032 Mean=0.860366 Std=0.261403 RMS90=0.119387
  K0: n=11955 Mean=0.967192 Std=0.192943 RMS90=0.088141
  Photon: n=19748 Mean=0.950186 Std=0.961194 RMS90=0.347611
  Pion: n=21287 Mean=0.926150 Std=0.274000 RMS90=0.080415
  Electron: n=6154 Mean=0.889640 Std=1.429302 RMS90=0.298501
  Muon: n=2222 Mean=0.913833 Std=0.217984 RMS90=0.031652

Epoch 371
Pretraining energy response (E_pred / E_true) by true-energy bin:
  1-50 GeV: n=40292 Mean=0.919773 Std=0.623622 RMS90=0.143219
  50-150 GeV: n=23832 Mean=0.938354 Std=0.373705 RMS90=0.039772
  >150 GeV: n=68 Mean=0.918951 Std=0.125892 RMS90=0.031015
Pretraining energy response by particle species:
  Neutron: n=13032 Mean=0.870607 Std=0.265207 RMS90=0.120950
  K0: n=11955 Mean=0.976742 Std=0.193123 RMS90=0.090186
  Photon: n=19748 Mean=0.977698 Std=1.212030 RMS90=0.367224
  Pion: n=21287 Mean=0.961393 Std=0.270161 RMS90=0.078959
  Electron: n=6154 Mean=0.952214 Std=3.268980 RMS90=0.314315
  Muon: n=2222 Mean=0.948824 Std=0.204753 RMS90=0.020202

Epoch 372
Pretraining energy response (E_pred / E_true) by true-energy bin:
  1-50 GeV: n=40292 Mean=0.915914 Std=0.554658 RMS90=0.139139
  50-150 GeV: n=23832 Mean=0.939460 Std=0.328378 RMS90=0.035303
  >150 GeV: n=68 Mean=0.921655 Std=0.124744 RMS90=0.025165
Pretraining energy response by particle species:
  Neutron: n=13032 Mean=0.862261 Std=0.261652 RMS90=0.119995
  K0: n=11955 Mean=0.968852 Std=0.188840 RMS90=0.085886
  Photon: n=19748 Mean=0.979555 Std=1.217093 RMS90=0.355413
  Pion: n=21287 Mean=0.966244 Std=0.268782 RMS90=0.076733
  Electron: n=6154 Mean=0.953248 Std=2.809713 RMS90=0.310288
  Muon: n=2222 Mean=0.958048 Std=0.208097 RMS90=0.018551

Epoch 373
Pretraining energy response (E_pred / E_true) by true-energy bin:
  1-50 GeV: n=40292 Mean=0.913425 Std=0.492679 RMS90=0.143053
  50-150 GeV: n=23832 Mean=0.934971 Std=0.282037 RMS90=0.037893
  >150 GeV: n=68 Mean=0.920447 Std=0.127254 RMS90=0.031345
Pretraining energy response by particle species:
  Neutron: n=13032 Mean=0.861673 Std=0.261630 RMS90=0.119344
  K0: n=11955 Mean=0.965940 Std=0.190438 RMS90=0.088487
  Photon: n=19748 Mean=0.960663 Std=1.035256 RMS90=0.355012
  Pion: n=21287 Mean=0.965416 Std=0.273247 RMS90=0.082078
  Electron: n=6154 Mean=0.937071 Std=2.361621 RMS90=0.313175
  Muon: n=2222 Mean=0.958527 Std=0.220697 RMS90=0.021659

Epoch 374
Pretraining energy response (E_pred / E_true) by true-energy bin:
  1-50 GeV: n=40292 Mean=0.903969 Std=0.680626 RMS90=0.141972
  50-150 GeV: n=23832 Mean=0.914296 Std=0.414927 RMS90=0.040386
  >150 GeV: n=68 Mean=0.898503 Std=0.125943 RMS90=0.034025
Pretraining energy response by particle species:
  Neutron: n=13032 Mean=0.841340 Std=0.256451 RMS90=0.118197
  K0: n=11955 Mean=0.941932 Std=0.193988 RMS90=0.092431
  Photon: n=19748 Mean=0.958729 Std=1.282791 RMS90=0.356765
  Pion: n=21287 Mean=0.957976 Std=0.264685 RMS90=0.075717
  Electron: n=6154 Mean=0.951166 Std=3.653218 RMS90=0.312425
  Muon: n=2222 Mean=0.954707 Std=0.206075 RMS90=0.022311

Epoch 375
Pretraining energy response (E_pred / E_true) by true-energy bin:
  1-50 GeV: n=40292 Mean=0.908767 Std=0.509104 RMS90=0.134308
  50-150 GeV: n=23832 Mean=0.932880 Std=0.298917 RMS90=0.035422
  >150 GeV: n=68 Mean=0.919132 Std=0.127394 RMS90=0.029725
Pretraining energy response by particle species:
  Neutron: n=13032 Mean=0.852882 Std=0.258499 RMS90=0.118790
  K0: n=11955 Mean=0.957684 Std=0.188862 RMS90=0.086599
  Photon: n=19748 Mean=0.976242 Std=1.115879 RMS90=0.342103
  Pion: n=21287 Mean=0.960447 Std=0.269662 RMS90=0.074897
  Electron: n=6154 Mean=0.941503 Std=2.517591 RMS90=0.301498
  Muon: n=2222 Mean=0.955649 Std=0.195515 RMS90=0.016855

Epoch 376
Pretraining energy response (E_pred / E_true) by true-energy bin:
  1-50 GeV: n=40292 Mean=0.903448 Std=0.558222 RMS90=0.146465
  50-150 GeV: n=23832 Mean=0.932471 Std=0.330508 RMS90=0.035452
  >150 GeV: n=68 Mean=0.920332 Std=0.127079 RMS90=0.030878
Pretraining energy response by particle species:
  Neutron: n=13032 Mean=0.855101 Std=0.261650 RMS90=0.120154
  K0: n=11955 Mean=0.961427 Std=0.189708 RMS90=0.085899
  Photon: n=19748 Mean=0.942482 Std=1.192531 RMS90=0.357839
  Pion: n=21287 Mean=0.955273 Std=0.266902 RMS90=0.074340
  Electron: n=6154 Mean=0.931391 Std=2.822775 RMS90=0.314319
  Muon: n=2222 Mean=0.947555 Std=0.192039 RMS90=0.018080

Epoch 377
Pretraining energy response (E_pred / E_true) by true-energy bin:
  1-50 GeV: n=40292 Mean=0.910373 Std=0.416677 RMS90=0.145329
  50-150 GeV: n=23832 Mean=0.911606 Std=0.224694 RMS90=0.042699
  >150 GeV: n=68 Mean=0.892221 Std=0.124835 RMS90=0.039899
Pretraining energy response by particle species:
  Neutron: n=13032 Mean=0.856925 Std=0.259620 RMS90=0.119741
  K0: n=11955 Mean=0.961755 Std=0.193424 RMS90=0.090090
  Photon: n=19748 Mean=0.980025 Std=1.316055 RMS90=0.352457
  Pion: n=21287 Mean=0.949300 Std=0.277492 RMS90=0.096052
  Electron: n=6154 Mean=0.923617 Std=1.780931 RMS90=0.306724
  Muon: n=2222 Mean=0.934732 Std=0.227460 RMS90=0.029217

Epoch 378
Pretraining energy response (E_pred / E_true) by true-energy bin:
  1-50 GeV: n=40292 Mean=0.919555 Std=0.540353 RMS90=0.141977
  50-150 GeV: n=23832 Mean=0.945713 Std=0.317073 RMS90=0.037780
  >150 GeV: n=68 Mean=0.928323 Std=0.126810 RMS90=0.027348
Pretraining energy response by particle species:
  Neutron: n=13032 Mean=0.873069 Std=0.265619 RMS90=0.119317
  K0: n=11955 Mean=0.978790 Std=0.192812 RMS90=0.089453
  Photon: n=19748 Mean=0.985907 Std=1.469307 RMS90=0.362915
  Pion: n=21287 Mean=0.966003 Std=0.273170 RMS90=0.078285
  Electron: n=6154 Mean=0.946232 Std=2.699599 RMS90=0.314384
  Muon: n=2222 Mean=0.958154 Std=0.217930 RMS90=0.013881

Epoch 379
Pretraining energy response (E_pred / E_true) by true-energy bin:
  1-50 GeV: n=40292 Mean=0.918230 Std=0.410662 RMS90=0.142233
  50-150 GeV: n=23832 Mean=0.924974 Std=0.219714 RMS90=0.038214
  >150 GeV: n=68 Mean=0.910577 Std=0.115877 RMS90=0.030549
Pretraining energy response by particle species:
  Neutron: n=13032 Mean=0.859018 Std=0.257983 RMS90=0.116331
  K0: n=11955 Mean=0.961758 Std=0.191020 RMS90=0.090614
  Photon: n=19748 Mean=0.978749 Std=1.179491 RMS90=0.354372
  Pion: n=21287 Mean=0.968741 Std=0.282751 RMS90=0.093489
  Electron: n=6154 Mean=0.933185 Std=1.722874 RMS90=0.311415
  Muon: n=2222 Mean=0.953859 Std=0.231491 RMS90=0.017969

Epoch 380
Pretraining energy response (E_pred / E_true) by true-energy bin:
  1-50 GeV: n=40292 Mean=0.917510 Std=0.489541 RMS90=0.144638
  50-150 GeV: n=23832 Mean=0.933903 Std=0.280842 RMS90=0.040834
  >150 GeV: n=68 Mean=0.919021 Std=0.127609 RMS90=0.034171
Pretraining energy response by particle species:
  Neutron: n=13032 Mean=0.876439 Std=0.265217 RMS90=0.121119
  K0: n=11955 Mean=0.983436 Std=0.196664 RMS90=0.091383
  Photon: n=19748 Mean=0.980217 Std=1.086196 RMS90=0.359469
  Pion: n=21287 Mean=0.948492 Std=0.269512 RMS90=0.077327
  Electron: n=6154 Mean=0.928404 Std=2.331725 RMS90=0.304946
  Muon: n=2222 Mean=0.943765 Std=0.212809 RMS90=0.018021

Epoch 381
Pretraining energy response (E_pred / E_true) by true-energy bin:
  1-50 GeV: n=40292 Mean=0.908722 Std=0.468966 RMS90=0.141169
  50-150 GeV: n=23832 Mean=0.926078 Std=0.268242 RMS90=0.038563
  >150 GeV: n=68 Mean=0.910649 Std=0.125959 RMS90=0.032540
Pretraining energy response by particle species:
  Neutron: n=13032 Mean=0.863352 Std=0.260400 RMS90=0.118044
  K0: n=11955 Mean=0.967342 Std=0.192779 RMS90=0.089877
  Photon: n=19748 Mean=0.950260 Std=1.122994 RMS90=0.349596
  Pion: n=21287 Mean=0.949266 Std=0.271182 RMS90=0.079006
  Electron: n=6154 Mean=0.913593 Std=2.187293 RMS90=0.305785
  Muon: n=2222 Mean=0.941217 Std=0.211323 RMS90=0.017458

Epoch 382
Pretraining energy response (E_pred / E_true) by true-energy bin:
  1-50 GeV: n=40292 Mean=0.914537 Std=0.520125 RMS90=0.137677
  50-150 GeV: n=23832 Mean=0.929517 Std=0.304192 RMS90=0.037099
  >150 GeV: n=68 Mean=0.912548 Std=0.127238 RMS90=0.030778
Pretraining energy response by particle species:
  Neutron: n=13032 Mean=0.861205 Std=0.258373 RMS90=0.119630
  K0: n=11955 Mean=0.965794 Std=0.191269 RMS90=0.088230
  Photon: n=19748 Mean=0.978645 Std=1.164431 RMS90=0.353467
  Pion: n=21287 Mean=0.958347 Std=0.269739 RMS90=0.078225
  Electron: n=6154 Mean=0.937644 Std=2.575168 RMS90=0.308177
  Muon: n=2222 Mean=0.950825 Std=0.223246 RMS90=0.018454

Epoch 383
Pretraining energy response (E_pred / E_true) by true-energy bin:
  1-50 GeV: n=40292 Mean=0.905931 Std=0.499525 RMS90=0.144727
  50-150 GeV: n=23832 Mean=0.922401 Std=0.288893 RMS90=0.043950
  >150 GeV: n=68 Mean=0.903206 Std=0.126956 RMS90=0.039359
Pretraining energy response by particle species:
  Neutron: n=13032 Mean=0.864786 Std=0.262705 RMS90=0.121227
  K0: n=11955 Mean=0.972158 Std=0.193216 RMS90=0.087806
  Photon: n=19748 Mean=0.960408 Std=1.104328 RMS90=0.358041
  Pion: n=21287 Mean=0.936990 Std=0.272347 RMS90=0.077295
  Electron: n=6154 Mean=0.918292 Std=2.408321 RMS90=0.306520
  Muon: n=2222 Mean=0.924897 Std=0.221451 RMS90=0.024242

Epoch 384
Pretraining energy response (E_pred / E_true) by true-energy bin:
  1-50 GeV: n=40292 Mean=0.909274 Std=0.493568 RMS90=0.138896
  50-150 GeV: n=23832 Mean=0.919770 Std=0.285082 RMS90=0.040182
  >150 GeV: n=68 Mean=0.901631 Std=0.125704 RMS90=0.031718
Pretraining energy response by particle species:
  Neutron: n=13032 Mean=0.859539 Std=0.260484 RMS90=0.117446
  K0: n=11955 Mean=0.963013 Std=0.192661 RMS90=0.091102
  Photon: n=19748 Mean=0.955875 Std=1.028147 RMS90=0.353092
  Pion: n=21287 Mean=0.945969 Std=0.272914 RMS90=0.080657
  Electron: n=6154 Mean=0.920083 Std=2.381221 RMS90=0.305594
  Muon: n=2222 Mean=0.937088 Std=0.212845 RMS90=0.022807

Epoch 385
Pretraining energy response (E_pred / E_true) by true-energy bin:
  1-50 GeV: n=40292 Mean=0.917975 Std=0.470651 RMS90=0.139215
  50-150 GeV: n=23832 Mean=0.941947 Std=0.270089 RMS90=0.035527
  >150 GeV: n=68 Mean=0.927604 Std=0.127160 RMS90=0.028198
Pretraining energy response by particle species:
  Neutron: n=13032 Mean=0.863247 Std=0.260135 RMS90=0.117281
  K0: n=11955 Mean=0.967832 Std=0.187781 RMS90=0.085827
  Photon: n=19748 Mean=0.977480 Std=1.042351 RMS90=0.355039
  Pion: n=21287 Mean=0.971012 Std=0.278586 RMS90=0.077183
  Electron: n=6154 Mean=0.945306 Std=2.205337 RMS90=0.311443
  Muon: n=2222 Mean=0.963028 Std=0.209449 RMS90=0.013462

Epoch 386
Pretraining energy response (E_pred / E_true) by true-energy bin:
  1-50 GeV: n=40292 Mean=0.919769 Std=0.578180 RMS90=0.138551
  50-150 GeV: n=23832 Mean=0.940592 Std=0.344559 RMS90=0.035401
  >150 GeV: n=68 Mean=0.924392 Std=0.127201 RMS90=0.032335
Pretraining energy response by particle species:
  Neutron: n=13032 Mean=0.870916 Std=0.261426 RMS90=0.118642
  K0: n=11955 Mean=0.976767 Std=0.194771 RMS90=0.089583
  Photon: n=19748 Mean=0.976285 Std=1.096123 RMS90=0.353198
  Pion: n=21287 Mean=0.960095 Std=0.268487 RMS90=0.068815
  Electron: n=6154 Mean=0.948655 Std=2.980413 RMS90=0.306898
  Muon: n=2222 Mean=0.959567 Std=0.221897 RMS90=0.012063

Epoch 387
Pretraining energy response (E_pred / E_true) by true-energy bin:
  1-50 GeV: n=40292 Mean=0.875591 Std=0.288932 RMS90=0.144499
  50-150 GeV: n=23832 Mean=0.847043 Std=0.134514 RMS90=0.076802
  >150 GeV: n=68 Mean=0.820681 Std=0.105129 RMS90=0.087117
Pretraining energy response by particle species:
  Neutron: n=13032 Mean=0.836784 Std=0.252368 RMS90=0.118906
  K0: n=11955 Mean=0.936210 Std=0.193568 RMS90=0.096188
  Photon: n=19748 Mean=0.957037 Std=0.933352 RMS90=0.342627
  Pion: n=21287 Mean=0.872316 Std=0.282001 RMS90=0.117743
  Electron: n=6154 Mean=0.844528 Std=0.455288 RMS90=0.284460
  Muon: n=2222 Mean=0.834890 Std=0.242774 RMS90=0.046346

Epoch 388
Pretraining energy response (E_pred / E_true) by true-energy bin:
  1-50 GeV: n=40292 Mean=0.905727 Std=0.410208 RMS90=0.138984
  50-150 GeV: n=23832 Mean=0.915359 Std=0.223637 RMS90=0.039479
  >150 GeV: n=68 Mean=0.900023 Std=0.127058 RMS90=0.032394
Pretraining energy response by particle species:
  Neutron: n=13032 Mean=0.851291 Std=0.256702 RMS90=0.116556
  K0: n=11955 Mean=0.953525 Std=0.189773 RMS90=0.090481
  Photon: n=19748 Mean=0.956801 Std=0.971936 RMS90=0.356045
  Pion: n=21287 Mean=0.946713 Std=0.295080 RMS90=0.076736
  Electron: n=6154 Mean=0.913011 Std=1.739917 RMS90=0.307676
  Muon: n=2222 Mean=0.936896 Std=0.219188 RMS90=0.021624

Epoch 389
Pretraining energy response (E_pred / E_true) by true-energy bin:
  1-50 GeV: n=40292 Mean=0.915370 Std=0.369389 RMS90=0.142058
  50-150 GeV: n=23832 Mean=0.927676 Std=0.188698 RMS90=0.037274
  >150 GeV: n=68 Mean=0.914636 Std=0.120448 RMS90=0.029944
Pretraining energy response by particle species:
  Neutron: n=13032 Mean=0.855544 Std=0.258340 RMS90=0.117711
  K0: n=11955 Mean=0.959006 Std=0.191303 RMS90=0.089199
  Photon: n=19748 Mean=0.964938 Std=0.935101 RMS90=0.356225
  Pion: n=21287 Mean=0.967063 Std=0.267070 RMS90=0.078807
  Electron: n=6154 Mean=0.925227 Std=1.355712 RMS90=0.311867
  Muon: n=2222 Mean=0.959721 Std=0.219480 RMS90=0.022400

Epoch 390
Pretraining energy response (E_pred / E_true) by true-energy bin:
  1-50 GeV: n=40292 Mean=0.901470 Std=0.400749 RMS90=0.138137
  50-150 GeV: n=23832 Mean=0.923121 Std=0.217590 RMS90=0.038118
  >150 GeV: n=68 Mean=0.910546 Std=0.126867 RMS90=0.030792
Pretraining energy response by particle species:
  Neutron: n=13032 Mean=0.847997 Std=0.258105 RMS90=0.117657
  K0: n=11955 Mean=0.948852 Std=0.188460 RMS90=0.089145
  Photon: n=19748 Mean=0.951957 Std=1.014759 RMS90=0.350103
  Pion: n=21287 Mean=0.956548 Std=0.280227 RMS90=0.075453
  Electron: n=6154 Mean=0.914112 Std=1.671794 RMS90=0.307706
  Muon: n=2222 Mean=0.952589 Std=0.211113 RMS90=0.016254

Epoch 391
Pretraining energy response (E_pred / E_true) by true-energy bin:
  1-50 GeV: n=40292 Mean=0.916672 Std=0.550614 RMS90=0.139943
  50-150 GeV: n=23832 Mean=0.938527 Std=0.325637 RMS90=0.036452
  >150 GeV: n=68 Mean=0.922977 Std=0.128783 RMS90=0.028859
Pretraining energy response by particle species:
  Neutron: n=13032 Mean=0.865900 Std=0.262186 RMS90=0.119643
  K0: n=11955 Mean=0.970285 Std=0.193727 RMS90=0.089629
  Photon: n=19748 Mean=0.975944 Std=1.142386 RMS90=0.352895
  Pion: n=21287 Mean=0.963071 Std=0.262914 RMS90=0.068038
  Electron: n=6154 Mean=0.948113 Std=2.773824 RMS90=0.308498
  Muon: n=2222 Mean=0.958781 Std=0.221118 RMS90=0.019170

Epoch 392
Pretraining energy response (E_pred / E_true) by true-energy bin:
  1-50 GeV: n=40292 Mean=0.912376 Std=0.463695 RMS90=0.142307
  50-150 GeV: n=23832 Mean=0.939404 Std=0.263764 RMS90=0.037607
  >150 GeV: n=68 Mean=0.926723 Std=0.130441 RMS90=0.031320
Pretraining energy response by particle species:
  Neutron: n=13032 Mean=0.865708 Std=0.264401 RMS90=0.120603
  K0: n=11955 Mean=0.971826 Std=0.195770 RMS90=0.091896
  Photon: n=19748 Mean=0.968540 Std=1.046071 RMS90=0.350623
  Pion: n=21287 Mean=0.954117 Std=0.262508 RMS90=0.066134
  Electron: n=6154 Mean=0.929496 Std=2.151352 RMS90=0.303022
  Muon: n=2222 Mean=0.958928 Std=0.211390 RMS90=0.009764

Epoch 393
Pretraining energy response (E_pred / E_true) by true-energy bin:
  1-50 GeV: n=40292 Mean=0.918361 Std=0.639962 RMS90=0.140174
  50-150 GeV: n=23832 Mean=0.951412 Std=0.389253 RMS90=0.034658
  >150 GeV: n=68 Mean=0.934975 Std=0.127891 RMS90=0.024726
Pretraining energy response by particle species:
  Neutron: n=13032 Mean=0.867879 Std=0.262931 RMS90=0.118494
  K0: n=11955 Mean=0.974713 Std=0.188101 RMS90=0.085079
  Photon: n=19748 Mean=0.986507 Std=1.285420 RMS90=0.355670
  Pion: n=21287 Mean=0.971124 Std=0.268578 RMS90=0.071051
  Electron: n=6154 Mean=0.965008 Std=3.388381 RMS90=0.310611
  Muon: n=2222 Mean=0.969940 Std=0.214755 RMS90=0.010988

Epoch 394
Pretraining energy response (E_pred / E_true) by true-energy bin:
  1-50 GeV: n=40292 Mean=0.907003 Std=0.514296 RMS90=0.140218
  50-150 GeV: n=23832 Mean=0.933575 Std=0.301799 RMS90=0.037304
  >150 GeV: n=68 Mean=0.917304 Std=0.126480 RMS90=0.029914
Pretraining energy response by particle species:
  Neutron: n=13032 Mean=0.863030 Std=0.262561 RMS90=0.118194
  K0: n=11955 Mean=0.969422 Std=0.191047 RMS90=0.085776
  Photon: n=19748 Mean=0.959834 Std=1.032581 RMS90=0.350015
  Pion: n=21287 Mean=0.949331 Std=0.265628 RMS90=0.072934
  Electron: n=6154 Mean=0.931767 Std=2.527750 RMS90=0.305568
  Muon: n=2222 Mean=0.940384 Std=0.207762 RMS90=0.019285

Epoch 395
Pretraining energy response (E_pred / E_true) by true-energy bin:
  1-50 GeV: n=40292 Mean=0.914790 Std=0.470321 RMS90=0.143516
  50-150 GeV: n=23832 Mean=0.931064 Std=0.267459 RMS90=0.037435
  >150 GeV: n=68 Mean=0.914682 Std=0.127897 RMS90=0.030117
Pretraining energy response by particle species:
  Neutron: n=13032 Mean=0.867922 Std=0.264104 RMS90=0.120246
  K0: n=11955 Mean=0.974951 Std=0.196400 RMS90=0.090987
  Photon: n=19748 Mean=0.986735 Std=1.170713 RMS90=0.355624
  Pion: n=21287 Mean=0.950466 Std=0.265171 RMS90=0.071426
  Electron: n=6154 Mean=0.931331 Std=2.189151 RMS90=0.305143
  Muon: n=2222 Mean=0.943001 Std=0.231234 RMS90=0.016420

Epoch 396
Pretraining energy response (E_pred / E_true) by true-energy bin:
  1-50 GeV: n=40292 Mean=0.919878 Std=0.425579 RMS90=0.142879
  50-150 GeV: n=23832 Mean=0.928410 Std=0.233485 RMS90=0.042072
  >150 GeV: n=68 Mean=0.909829 Std=0.127217 RMS90=0.038056
Pretraining energy response by particle species:
  Neutron: n=13032 Mean=0.868864 Std=0.263616 RMS90=0.119212
  K0: n=11955 Mean=0.975941 Std=0.193634 RMS90=0.088202
  Photon: n=19748 Mean=0.975186 Std=0.968375 RMS90=0.355636
  Pion: n=21287 Mean=0.956768 Std=0.271298 RMS90=0.086883
  Electron: n=6154 Mean=0.929336 Std=1.833065 RMS90=0.308346
  Muon: n=2222 Mean=0.942743 Std=0.219599 RMS90=0.028190

Epoch 397
Pretraining energy response (E_pred / E_true) by true-energy bin:
  1-50 GeV: n=40292 Mean=0.910403 Std=0.514904 RMS90=0.145261
  50-150 GeV: n=23832 Mean=0.924250 Std=0.301425 RMS90=0.039866
  >150 GeV: n=68 Mean=0.905614 Std=0.126828 RMS90=0.034803
Pretraining energy response by particle species:
  Neutron: n=13032 Mean=0.860971 Std=0.261371 RMS90=0.120005
  K0: n=11955 Mean=0.966603 Std=0.191339 RMS90=0.088654
  Photon: n=19748 Mean=0.957320 Std=1.048327 RMS90=0.355285
  Pion: n=21287 Mean=0.949182 Std=0.265042 RMS90=0.078873
  Electron: n=6154 Mean=0.929160 Std=2.524564 RMS90=0.309137
  Muon: n=2222 Mean=0.938098 Std=0.224401 RMS90=0.027452

Epoch 398
Pretraining energy response (E_pred / E_true) by true-energy bin:
  1-50 GeV: n=40292 Mean=0.915013 Std=0.622842 RMS90=0.136767
  50-150 GeV: n=23832 Mean=0.934059 Std=0.380140 RMS90=0.037027
  >150 GeV: n=68 Mean=0.918224 Std=0.127517 RMS90=0.029294
Pretraining energy response by particle species:
  Neutron: n=13032 Mean=0.856509 Std=0.258679 RMS90=0.116363
  K0: n=11955 Mean=0.958787 Std=0.188000 RMS90=0.087758
  Photon: n=19748 Mean=0.983249 Std=1.238573 RMS90=0.348701
  Pion: n=21287 Mean=0.968668 Std=0.266009 RMS90=0.075679
  Electron: n=6154 Mean=0.964450 Std=3.275097 RMS90=0.305811
  Muon: n=2222 Mean=0.956789 Std=0.210903 RMS90=0.025030

Epoch 399
Pretraining energy response (E_pred / E_true) by true-energy bin:
  1-50 GeV: n=40292 Mean=0.895354 Std=0.515907 RMS90=0.142813
  50-150 GeV: n=23832 Mean=0.885782 Std=0.303632 RMS90=0.052796
  >150 GeV: n=68 Mean=0.866288 Std=0.126259 RMS90=0.051588
Pretraining energy response by particle species:
  Neutron: n=13032 Mean=0.851107 Std=0.257379 RMS90=0.119611
  K0: n=11955 Mean=0.954115 Std=0.195717 RMS90=0.095239
  Photon: n=19748 Mean=0.966630 Std=1.151731 RMS90=0.347302
  Pion: n=21287 Mean=0.904884 Std=0.261048 RMS90=0.084021
  Electron: n=6154 Mean=0.903774 Std=2.551401 RMS90=0.288941
  Muon: n=2222 Mean=0.887115 Std=0.210742 RMS90=0.033227

Epoch 400
Pretraining energy response (E_pred / E_true) by true-energy bin:
  1-50 GeV: n=40292 Mean=0.915754 Std=0.305616 RMS90=0.138731
  50-150 GeV: n=23832 Mean=0.946945 Std=0.134469 RMS90=0.035430
  >150 GeV: n=68 Mean=0.933288 Std=0.126490 RMS90=0.026928
Pretraining energy response by particle species:
  Neutron: n=13032 Mean=0.866983 Std=0.261818 RMS90=0.116583
  K0: n=11955 Mean=0.972343 Std=0.188749 RMS90=0.085228
  Photon: n=19748 Mean=0.971277 Std=0.914022 RMS90=0.353013
  Pion: n=21287 Mean=0.965643 Std=0.263056 RMS90=0.068643
  Electron: n=6154 Mean=0.910874 Std=0.590277 RMS90=0.310157
  Muon: n=2222 Mean=0.968233 Std=0.202712 RMS90=0.017203

Epoch 401
Pretraining energy response (E_pred / E_true) by true-energy bin:
  1-50 GeV: n=40292 Mean=0.911457 Std=0.532219 RMS90=0.139291
  50-150 GeV: n=23832 Mean=0.935077 Std=0.315312 RMS90=0.036207
  >150 GeV: n=68 Mean=0.919517 Std=0.126707 RMS90=0.028810
Pretraining energy response by particle species:
  Neutron: n=13032 Mean=0.861764 Std=0.260142 RMS90=0.118899
  K0: n=11955 Mean=0.965896 Std=0.190140 RMS90=0.087964
  Photon: n=19748 Mean=0.961875 Std=1.092543 RMS90=0.352465
  Pion: n=21287 Mean=0.956870 Std=0.263477 RMS90=0.071985
  Electron: n=6154 Mean=0.937812 Std=2.649954 RMS90=0.309786
  Muon: n=2222 Mean=0.953558 Std=0.215266 RMS90=0.015824

Epoch 402
Pretraining energy response (E_pred / E_true) by true-energy bin:
  1-50 GeV: n=40292 Mean=0.900637 Std=0.301720 RMS90=0.149405
  50-150 GeV: n=23832 Mean=0.874322 Std=0.130929 RMS90=0.066507
  >150 GeV: n=68 Mean=0.843870 Std=0.109475 RMS90=0.081469
Pretraining energy response by particle species:
  Neutron: n=13032 Mean=0.847143 Std=0.257704 RMS90=0.117667
  K0: n=11955 Mean=0.950839 Std=0.192963 RMS90=0.090906
  Photon: n=19748 Mean=0.950209 Std=0.950312 RMS90=0.348770
  Pion: n=21287 Mean=0.924484 Std=0.306956 RMS90=0.124513
  Electron: n=6154 Mean=0.876841 Std=0.469993 RMS90=0.302068
  Muon: n=2222 Mean=0.892929 Std=0.261491 RMS90=0.063256

Epoch 403
Pretraining energy response (E_pred / E_true) by true-energy bin:
  1-50 GeV: n=40292 Mean=0.911521 Std=0.561447 RMS90=0.139914
  50-150 GeV: n=23832 Mean=0.922070 Std=0.335797 RMS90=0.040025
  >150 GeV: n=68 Mean=0.904688 Std=0.125919 RMS90=0.036586
Pretraining energy response by particle species:
  Neutron: n=13032 Mean=0.858885 Std=0.259053 RMS90=0.119541
  K0: n=11955 Mean=0.961748 Std=0.193844 RMS90=0.092959
  Photon: n=19748 Mean=0.961893 Std=1.069671 RMS90=0.353076
  Pion: n=21287 Mean=0.947864 Std=0.260785 RMS90=0.074190
  Electron: n=6154 Mean=0.936786 Std=2.857487 RMS90=0.306465
  Muon: n=2222 Mean=0.944011 Std=0.223962 RMS90=0.022745

Epoch 404
Pretraining energy response (E_pred / E_true) by true-energy bin:
  1-50 GeV: n=40292 Mean=0.914920 Std=0.640381 RMS90=0.140683
  50-150 GeV: n=23832 Mean=0.933621 Std=0.388281 RMS90=0.039535
  >150 GeV: n=68 Mean=0.913465 Std=0.125876 RMS90=0.027552
Pretraining energy response by particle species:
  Neutron: n=13032 Mean=0.871670 Std=0.264610 RMS90=0.120549
  K0: n=11955 Mean=0.977772 Std=0.195886 RMS90=0.090537
  Photon: n=19748 Mean=0.965664 Std=1.165962 RMS90=0.359020
  Pion: n=21287 Mean=0.947122 Std=0.263381 RMS90=0.069933
  Electron: n=6154 Mean=0.945504 Std=3.386260 RMS90=0.307951
  Muon: n=2222 Mean=0.943575 Std=0.215566 RMS90=0.023249

Epoch 405
Pretraining energy response (E_pred / E_true) by true-energy bin:
  1-50 GeV: n=40292 Mean=0.914763 Std=0.390359 RMS90=0.140962
  50-150 GeV: n=23832 Mean=0.931295 Std=0.207587 RMS90=0.036715
  >150 GeV: n=68 Mean=0.916932 Std=0.125817 RMS90=0.030659
Pretraining energy response by particle species:
  Neutron: n=13032 Mean=0.864230 Std=0.261438 RMS90=0.119550
  K0: n=11955 Mean=0.969031 Std=0.195172 RMS90=0.091165
  Photon: n=19748 Mean=0.960470 Std=0.914286 RMS90=0.353493
  Pion: n=21287 Mean=0.956948 Std=0.264782 RMS90=0.072227
  Electron: n=6154 Mean=0.920728 Std=1.544391 RMS90=0.309106
  Muon: n=2222 Mean=0.953804 Std=0.215116 RMS90=0.015973

Epoch 406
Pretraining energy response (E_pred / E_true) by true-energy bin:
  1-50 GeV: n=40292 Mean=0.910919 Std=0.306311 RMS90=0.138067
  50-150 GeV: n=23832 Mean=0.923043 Std=0.134849 RMS90=0.037784
  >150 GeV: n=68 Mean=0.910076 Std=0.112000 RMS90=0.032634
Pretraining energy response by particle species:
  Neutron: n=13032 Mean=0.858415 Std=0.259782 RMS90=0.119208
  K0: n=11955 Mean=0.962083 Std=0.194161 RMS90=0.090924
  Photon: n=19748 Mean=0.959447 Std=0.881635 RMS90=0.353616
  Pion: n=21287 Mean=0.954826 Std=0.266919 RMS90=0.076484
  Electron: n=6154 Mean=0.899875 Std=0.615322 RMS90=0.307811
  Muon: n=2222 Mean=0.943787 Std=0.221379 RMS90=0.023299

Epoch 407
Pretraining energy response (E_pred / E_true) by true-energy bin:
  1-50 GeV: n=40292 Mean=0.906295 Std=0.595404 RMS90=0.140191
  50-150 GeV: n=23832 Mean=0.923227 Std=0.358662 RMS90=0.041677
  >150 GeV: n=68 Mean=0.905354 Std=0.125984 RMS90=0.036354
Pretraining energy response by particle species:
  Neutron: n=13032 Mean=0.859998 Std=0.259883 RMS90=0.118850
  K0: n=11955 Mean=0.966532 Std=0.191172 RMS90=0.086998
  Photon: n=19748 Mean=0.964953 Std=1.112480 RMS90=0.355692
  Pion: n=21287 Mean=0.935442 Std=0.261715 RMS90=0.072711
  Electron: n=6154 Mean=0.933515 Std=3.085882 RMS90=0.303665
  Muon: n=2222 Mean=0.927123 Std=0.208258 RMS90=0.023687

Epoch 408
Pretraining energy response (E_pred / E_true) by true-energy bin:
  1-50 GeV: n=40292 Mean=0.923367 Std=0.668244 RMS90=0.140899
  50-150 GeV: n=23832 Mean=0.950629 Std=0.410813 RMS90=0.035635
  >150 GeV: n=68 Mean=0.932817 Std=0.128905 RMS90=0.026362
Pretraining energy response by particle species:
  Neutron: n=13032 Mean=0.875589 Std=0.264763 RMS90=0.119818
  K0: n=11955 Mean=0.982556 Std=0.192903 RMS90=0.087543
  Photon: n=19748 Mean=0.977869 Std=1.281593 RMS90=0.358676
  Pion: n=21287 Mean=0.967022 Std=0.272552 RMS90=0.070391
  Electron: n=6154 Mean=0.962123 Std=3.561035 RMS90=0.311286
  Muon: n=2222 Mean=0.963996 Std=0.214143 RMS90=0.014619

Epoch 409
Pretraining energy response (E_pred / E_true) by true-energy bin:
  1-50 GeV: n=40292 Mean=0.923853 Std=0.541764 RMS90=0.138799
  50-150 GeV: n=23832 Mean=0.950526 Std=0.324138 RMS90=0.036347
  >150 GeV: n=68 Mean=0.935677 Std=0.130069 RMS90=0.030221
Pretraining energy response by particle species:
  Neutron: n=13032 Mean=0.871496 Std=0.263461 RMS90=0.119621
  K0: n=11955 Mean=0.976365 Std=0.191629 RMS90=0.089101
  Photon: n=19748 Mean=0.971770 Std=1.124830 RMS90=0.354863
  Pion: n=21287 Mean=0.975298 Std=0.267311 RMS90=0.070733
  Electron: n=6154 Mean=0.950324 Std=2.698562 RMS90=0.311874
  Muon: n=2222 Mean=0.974403 Std=0.214290 RMS90=0.012038

Epoch 410
Pretraining energy response (E_pred / E_true) by true-energy bin:
  1-50 GeV: n=40292 Mean=0.921165 Std=0.483153 RMS90=0.143592
  50-150 GeV: n=23832 Mean=0.941922 Std=0.278044 RMS90=0.035963
  >150 GeV: n=68 Mean=0.926820 Std=0.127404 RMS90=0.030621
Pretraining energy response by particle species:
  Neutron: n=13032 Mean=0.865245 Std=0.263510 RMS90=0.118635
  K0: n=11955 Mean=0.970777 Std=0.192150 RMS90=0.088773
  Photon: n=19748 Mean=0.959867 Std=1.009505 RMS90=0.359740
  Pion: n=21287 Mean=0.975133 Std=0.269094 RMS90=0.077893
  Electron: n=6154 Mean=0.941103 Std=2.264302 RMS90=0.316863
  Muon: n=2222 Mean=0.972026 Std=0.216033 RMS90=0.022272

Epoch 411
Pretraining energy response (E_pred / E_true) by true-energy bin:
  1-50 GeV: n=40292 Mean=0.922540 Std=0.639195 RMS90=0.144895
  50-150 GeV: n=23832 Mean=0.939162 Std=0.389284 RMS90=0.036781
  >150 GeV: n=68 Mean=0.921836 Std=0.128438 RMS90=0.028629
Pretraining energy response by particle species:
  Neutron: n=13032 Mean=0.859775 Std=0.261523 RMS90=0.118509
  K0: n=11955 Mean=0.963159 Std=0.189486 RMS90=0.087784
  Photon: n=19748 Mean=0.963154 Std=1.217740 RMS90=0.361712
  Pion: n=21287 Mean=0.980665 Std=0.268911 RMS90=0.079265
  Electron: n=6154 Mean=0.963926 Std=3.365588 RMS90=0.322994
  Muon: n=2222 Mean=0.978414 Std=0.219402 RMS90=0.028834

Epoch 412
Pretraining energy response (E_pred / E_true) by true-energy bin:
  1-50 GeV: n=40292 Mean=0.919586 Std=0.586334 RMS90=0.142079
  50-150 GeV: n=23832 Mean=0.945960 Std=0.350804 RMS90=0.035712
  >150 GeV: n=68 Mean=0.927756 Std=0.128165 RMS90=0.027738
Pretraining energy response by particle species:
  Neutron: n=13032 Mean=0.867375 Std=0.263722 RMS90=0.120168
  K0: n=11955 Mean=0.974006 Std=0.190564 RMS90=0.086403
  Photon: n=19748 Mean=0.967298 Std=1.109667 RMS90=0.362636
  Pion: n=21287 Mean=0.969407 Std=0.267204 RMS90=0.072981
  Electron: n=6154 Mean=0.954488 Std=3.008144 RMS90=0.317338
  Muon: n=2222 Mean=0.963973 Std=0.213532 RMS90=0.019663

Epoch 413
Pretraining energy response (E_pred / E_true) by true-energy bin:
  1-50 GeV: n=40292 Mean=0.902004 Std=0.310297 RMS90=0.144597
  50-150 GeV: n=23832 Mean=0.916710 Std=0.137937 RMS90=0.040871
  >150 GeV: n=68 Mean=0.901775 Std=0.125791 RMS90=0.036728
Pretraining energy response by particle species:
  Neutron: n=13032 Mean=0.857758 Std=0.261347 RMS90=0.120607
  K0: n=11955 Mean=0.962790 Std=0.193841 RMS90=0.091188
  Photon: n=19748 Mean=0.949253 Std=0.877791 RMS90=0.358841
  Pion: n=21287 Mean=0.938477 Std=0.262256 RMS90=0.076931
  Electron: n=6154 Mean=0.886993 Std=0.649680 RMS90=0.307967
  Muon: n=2222 Mean=0.932558 Std=0.223268 RMS90=0.021652

Epoch 414
Pretraining energy response (E_pred / E_true) by true-energy bin:
  1-50 GeV: n=40292 Mean=0.902153 Std=0.452988 RMS90=0.142376
  50-150 GeV: n=23832 Mean=0.912426 Std=0.254827 RMS90=0.039850
  >150 GeV: n=68 Mean=0.898202 Std=0.126631 RMS90=0.034317
Pretraining energy response by particle species:
  Neutron: n=13032 Mean=0.852001 Std=0.260021 RMS90=0.120249
  K0: n=11955 Mean=0.955161 Std=0.192183 RMS90=0.091337
  Photon: n=19748 Mean=0.955822 Std=1.029309 RMS90=0.361367
  Pion: n=21287 Mean=0.942423 Std=0.264681 RMS90=0.079676
  Electron: n=6154 Mean=0.915464 Std=2.062509 RMS90=0.310560
  Muon: n=2222 Mean=0.933214 Std=0.224421 RMS90=0.024710

Epoch 415
Pretraining energy response (E_pred / E_true) by true-energy bin:
  1-50 GeV: n=40292 Mean=0.906145 Std=0.576785 RMS90=0.142025
  50-150 GeV: n=23832 Mean=0.925029 Std=0.345760 RMS90=0.038294
  >150 GeV: n=68 Mean=0.909152 Std=0.127008 RMS90=0.033142
Pretraining energy response by particle species:
  Neutron: n=13032 Mean=0.858695 Std=0.261383 RMS90=0.120171
  K0: n=11955 Mean=0.964671 Std=0.193062 RMS90=0.089009
  Photon: n=19748 Mean=0.952223 Std=1.080478 RMS90=0.355719
  Pion: n=21287 Mean=0.944138 Std=0.261563 RMS90=0.074040
  Electron: n=6154 Mean=0.930352 Std=2.957947 RMS90=0.307575
  Muon: n=2222 Mean=0.938158 Std=0.214986 RMS90=0.021954

Epoch 416
Pretraining energy response (E_pred / E_true) by true-energy bin:
  1-50 GeV: n=40292 Mean=0.916396 Std=0.442266 RMS90=0.140140
  50-150 GeV: n=23832 Mean=0.931685 Std=0.247581 RMS90=0.036606
  >150 GeV: n=68 Mean=0.915471 Std=0.125448 RMS90=0.028204
Pretraining energy response by particle species:
  Neutron: n=13032 Mean=0.864614 Std=0.260984 RMS90=0.118728
  K0: n=11955 Mean=0.970530 Std=0.194240 RMS90=0.090410
  Photon: n=19748 Mean=0.968106 Std=0.961157 RMS90=0.360483
  Pion: n=21287 Mean=0.955686 Std=0.263923 RMS90=0.074497
  Electron: n=6154 Mean=0.928686 Std=1.976904 RMS90=0.309840
  Muon: n=2222 Mean=0.949307 Std=0.219821 RMS90=0.018679

Epoch 417
Pretraining energy response (E_pred / E_true) by true-energy bin:
  1-50 GeV: n=40292 Mean=0.914672 Std=0.607523 RMS90=0.140201
  50-150 GeV: n=23832 Mean=0.931024 Std=0.366461 RMS90=0.036645
  >150 GeV: n=68 Mean=0.915441 Std=0.127313 RMS90=0.029835
Pretraining energy response by particle species:
  Neutron: n=13032 Mean=0.863032 Std=0.261684 RMS90=0.120013
  K0: n=11955 Mean=0.968445 Std=0.194864 RMS90=0.090754
  Photon: n=19748 Mean=0.961997 Std=1.128688 RMS90=0.356312
  Pion: n=21287 Mean=0.955486 Std=0.263517 RMS90=0.072567
  Electron: n=6154 Mean=0.944645 Std=3.164461 RMS90=0.309757
  Muon: n=2222 Mean=0.950950 Std=0.223737 RMS90=0.018015

Epoch 418
Pretraining energy response (E_pred / E_true) by true-energy bin:
  1-50 GeV: n=40292 Mean=0.915403 Std=0.615901 RMS90=0.139265
  50-150 GeV: n=23832 Mean=0.933344 Std=0.372995 RMS90=0.037092
  >150 GeV: n=68 Mean=0.915875 Std=0.126185 RMS90=0.027620
Pretraining energy response by particle species:
  Neutron: n=13032 Mean=0.865146 Std=0.260742 RMS90=0.118506
  K0: n=11955 Mean=0.969824 Std=0.191682 RMS90=0.088999
  Photon: n=19748 Mean=0.976877 Std=1.198380 RMS90=0.353529
  Pion: n=21287 Mean=0.955256 Std=0.264160 RMS90=0.076406
  Electron: n=6154 Mean=0.950834 Std=3.232249 RMS90=0.305442
  Muon: n=2222 Mean=0.947876 Std=0.217068 RMS90=0.016048

Epoch 419
Pretraining energy response (E_pred / E_true) by true-energy bin:
  1-50 GeV: n=40292 Mean=0.911172 Std=0.626857 RMS90=0.140411
  50-150 GeV: n=23832 Mean=0.922235 Std=0.379519 RMS90=0.039121
  >150 GeV: n=68 Mean=0.902717 Std=0.126217 RMS90=0.033320
Pretraining energy response by particle species:
  Neutron: n=13032 Mean=0.856920 Std=0.259877 RMS90=0.118795
  K0: n=11955 Mean=0.960101 Std=0.190725 RMS90=0.089757
  Photon: n=19748 Mean=0.963450 Std=1.183541 RMS90=0.355324
  Pion: n=21287 Mean=0.953190 Std=0.264505 RMS90=0.078614
  Electron: n=6154 Mean=0.946432 Std=3.302265 RMS90=0.308976
  Muon: n=2222 Mean=0.946032 Std=0.217067 RMS90=0.027690

Epoch 420
Pretraining energy response (E_pred / E_true) by true-energy bin:
  1-50 GeV: n=40292 Mean=0.899073 Std=0.346827 RMS90=0.140572
  50-150 GeV: n=23832 Mean=0.909698 Std=0.173312 RMS90=0.040174
  >150 GeV: n=68 Mean=0.895797 Std=0.121578 RMS90=0.033475
Pretraining energy response by particle species:
  Neutron: n=13032 Mean=0.852015 Std=0.258965 RMS90=0.119367
  K0: n=11955 Mean=0.953755 Std=0.194056 RMS90=0.093718
  Photon: n=19748 Mean=0.946450 Std=0.892015 RMS90=0.351716
  Pion: n=21287 Mean=0.936806 Std=0.260348 RMS90=0.077894
  Electron: n=6154 Mean=0.894940 Std=1.156249 RMS90=0.304095
  Muon: n=2222 Mean=0.930218 Std=0.222237 RMS90=0.019295

Epoch 421
Pretraining energy response (E_pred / E_true) by true-energy bin:
  1-50 GeV: n=40292 Mean=0.920799 Std=0.718759 RMS90=0.141546
  50-150 GeV: n=23832 Mean=0.946781 Std=0.447253 RMS90=0.035900
  >150 GeV: n=68 Mean=0.930996 Std=0.129123 RMS90=0.029091
Pretraining energy response by particle species:
  Neutron: n=13032 Mean=0.868604 Std=0.263743 RMS90=0.119975
  K0: n=11955 Mean=0.974033 Std=0.191403 RMS90=0.087866
  Photon: n=19748 Mean=0.969326 Std=1.261543 RMS90=0.356857
  Pion: n=21287 Mean=0.971521 Std=0.267489 RMS90=0.074281
  Electron: n=6154 Mean=0.968156 Std=3.894341 RMS90=0.313508
  Muon: n=2222 Mean=0.969254 Std=0.216641 RMS90=0.015276

Epoch 422
Pretraining energy response (E_pred / E_true) by true-energy bin:
  1-50 GeV: n=40292 Mean=0.819521 Std=0.323018 RMS90=0.236103
  50-150 GeV: n=23832 Mean=0.755961 Std=0.223368 RMS90=0.198017
  >150 GeV: n=68 Mean=0.722877 Std=0.205557 RMS90=0.197360
Pretraining energy response by particle species:
  Neutron: n=13032 Mean=0.850631 Std=0.258456 RMS90=0.130436
  K0: n=11955 Mean=0.953686 Std=0.206149 RMS90=0.104868
  Photon: n=19748 Mean=1.013804 Std=0.952622 RMS90=0.302671
  Pion: n=21287 Mean=0.685408 Std=0.359336 RMS90=0.190911
  Electron: n=6154 Mean=0.748093 Std=0.491635 RMS90=0.271792
  Muon: n=2222 Mean=0.593826 Std=0.330813 RMS90=0.048591

Epoch 423
Pretraining energy response (E_pred / E_true) by true-energy bin:
  1-50 GeV: n=40292 Mean=0.916711 Std=0.615703 RMS90=0.141702
  50-150 GeV: n=23832 Mean=0.938561 Std=0.373202 RMS90=0.036466
  >150 GeV: n=68 Mean=0.922076 Std=0.127518 RMS90=0.027969
Pretraining energy response by particle species:
  Neutron: n=13032 Mean=0.866695 Std=0.262326 RMS90=0.117983
  K0: n=11955 Mean=0.972148 Std=0.191936 RMS90=0.088821
  Photon: n=19748 Mean=0.970667 Std=1.166449 RMS90=0.357199
  Pion: n=21287 Mean=0.961256 Std=0.265239 RMS90=0.074075
  Electron: n=6154 Mean=0.951708 Std=3.208605 RMS90=0.310397
  Muon: n=2222 Mean=0.956085 Std=0.212911 RMS90=0.016422

Epoch 424
Pretraining energy response (E_pred / E_true) by true-energy bin:
  1-50 GeV: n=40292 Mean=0.909704 Std=0.456399 RMS90=0.141525
  50-150 GeV: n=23832 Mean=0.930749 Std=0.258797 RMS90=0.037120
  >150 GeV: n=68 Mean=0.916086 Std=0.126917 RMS90=0.031270
Pretraining energy response by particle species:
  Neutron: n=13032 Mean=0.860149 Std=0.261319 RMS90=0.119915
  K0: n=11955 Mean=0.965377 Std=0.192960 RMS90=0.089826
  Photon: n=19748 Mean=0.951239 Std=0.957811 RMS90=0.357455
  Pion: n=21287 Mean=0.953132 Std=0.261893 RMS90=0.073402
  Electron: n=6154 Mean=0.922352 Std=2.080056 RMS90=0.312579
  Muon: n=2222 Mean=0.952106 Std=0.214540 RMS90=0.018725

Epoch 425
Pretraining energy response (E_pred / E_true) by true-energy bin:
  1-50 GeV: n=40292 Mean=0.904984 Std=0.329624 RMS90=0.140099
  50-150 GeV: n=23832 Mean=0.925972 Std=0.156347 RMS90=0.037275
  >150 GeV: n=68 Mean=0.912810 Std=0.122038 RMS90=0.031188
Pretraining energy response by particle species:
  Neutron: n=13032 Mean=0.858496 Std=0.260156 RMS90=0.118421
  K0: n=11955 Mean=0.961819 Std=0.190636 RMS90=0.088713
  Photon: n=19748 Mean=0.956078 Std=0.899488 RMS90=0.358533
  Pion: n=21287 Mean=0.949223 Std=0.261255 RMS90=0.071767
  Electron: n=6154 Mean=0.901554 Std=0.942018 RMS90=0.310132
  Muon: n=2222 Mean=0.946528 Std=0.221943 RMS90=0.018512

Epoch 426
Pretraining energy response (E_pred / E_true) by true-energy bin:
  1-50 GeV: n=40292 Mean=0.919231 Std=0.408706 RMS90=0.141543
  50-150 GeV: n=23832 Mean=0.940856 Std=0.219945 RMS90=0.035638
  >150 GeV: n=68 Mean=0.926224 Std=0.125040 RMS90=0.028934
Pretraining energy response by particle species:
  Neutron: n=13032 Mean=0.868932 Std=0.262898 RMS90=0.117605
  K0: n=11955 Mean=0.974920 Std=0.192510 RMS90=0.087786
  Photon: n=19748 Mean=0.961577 Std=0.961769 RMS90=0.355464
  Pion: n=21287 Mean=0.967052 Std=0.266697 RMS90=0.074867
  Electron: n=6154 Mean=0.927897 Std=1.696193 RMS90=0.313448
  Muon: n=2222 Mean=0.964159 Std=0.222312 RMS90=0.018570

Epoch 427
Pretraining energy response (E_pred / E_true) by true-energy bin:
  1-50 GeV: n=40292 Mean=0.918048 Std=0.632730 RMS90=0.138885
  50-150 GeV: n=23832 Mean=0.945531 Std=0.385470 RMS90=0.035101
  >150 GeV: n=68 Mean=0.928713 Std=0.128678 RMS90=0.027467
Pretraining energy response by particle species:
  Neutron: n=13032 Mean=0.868009 Std=0.262199 RMS90=0.118511
  K0: n=11955 Mean=0.973886 Std=0.190641 RMS90=0.086725
  Photon: n=19748 Mean=0.971352 Std=1.176008 RMS90=0.355988
  Pion: n=21287 Mean=0.965965 Std=0.264518 RMS90=0.070745
  Electron: n=6154 Mean=0.956657 Std=3.332069 RMS90=0.311835
  Muon: n=2222 Mean=0.963814 Std=0.215122 RMS90=0.013050

Epoch 428
Pretraining energy response (E_pred / E_true) by true-energy bin:
  1-50 GeV: n=40292 Mean=0.903894 Std=0.300816 RMS90=0.145030
  50-150 GeV: n=23832 Mean=0.918921 Std=0.126741 RMS90=0.042902
  >150 GeV: n=68 Mean=0.905009 Std=0.123669 RMS90=0.037336
Pretraining energy response by particle species:
  Neutron: n=13032 Mean=0.858358 Std=0.262908 RMS90=0.119980
  K0: n=11955 Mean=0.964189 Std=0.191517 RMS90=0.088972
  Photon: n=19748 Mean=0.955290 Std=1.022022 RMS90=0.357741
  Pion: n=21287 Mean=0.943596 Std=0.266778 RMS90=0.083160
  Electron: n=6154 Mean=0.885298 Std=0.458099 RMS90=0.307476
  Muon: n=2222 Mean=0.930208 Std=0.218599 RMS90=0.026880

Epoch 429
Pretraining energy response (E_pred / E_true) by true-energy bin:
  1-50 GeV: n=40292 Mean=0.913141 Std=0.575019 RMS90=0.137890
  50-150 GeV: n=23832 Mean=0.927766 Std=0.345986 RMS90=0.037869
  >150 GeV: n=68 Mean=0.912106 Std=0.126345 RMS90=0.030005
Pretraining energy response by particle species:
  Neutron: n=13032 Mean=0.857311 Std=0.258577 RMS90=0.117891
  K0: n=11955 Mean=0.960048 Std=0.191520 RMS90=0.089497
  Photon: n=19748 Mean=0.969157 Std=1.103404 RMS90=0.348036
  Pion: n=21287 Mean=0.957974 Std=0.264399 RMS90=0.075291
  Electron: n=6154 Mean=0.945366 Std=2.942187 RMS90=0.305240
  Muon: n=2222 Mean=0.950857 Std=0.215318 RMS90=0.017272

Epoch 430
Pretraining energy response (E_pred / E_true) by true-energy bin:
  1-50 GeV: n=40292 Mean=0.910680 Std=0.318481 RMS90=0.137264
  50-150 GeV: n=23832 Mean=0.928362 Std=0.146958 RMS90=0.037983
  >150 GeV: n=68 Mean=0.915572 Std=0.122378 RMS90=0.029952
Pretraining energy response by particle species:
  Neutron: n=13032 Mean=0.859066 Std=0.259655 RMS90=0.118930
  K0: n=11955 Mean=0.962277 Std=0.189548 RMS90=0.089003
  Photon: n=19748 Mean=0.970698 Std=0.914278 RMS90=0.352619
  Pion: n=21287 Mean=0.955589 Std=0.264496 RMS90=0.081172
  Electron: n=6154 Mean=0.908803 Std=0.809552 RMS90=0.305059
  Muon: n=2222 Mean=0.950158 Std=0.211872 RMS90=0.021078

Epoch 431
Pretraining energy response (E_pred / E_true) by true-energy bin:
  1-50 GeV: n=40292 Mean=0.923371 Std=0.669529 RMS90=0.140947
  50-150 GeV: n=23832 Mean=0.934428 Std=0.411532 RMS90=0.039361
  >150 GeV: n=68 Mean=0.915114 Std=0.128078 RMS90=0.030876
Pretraining energy response by particle species:
  Neutron: n=13032 Mean=0.866643 Std=0.261298 RMS90=0.119157
  K0: n=11955 Mean=0.969697 Std=0.195441 RMS90=0.094201
  Photon: n=19748 Mean=0.990453 Std=1.244179 RMS90=0.354583
  Pion: n=21287 Mean=0.963272 Std=0.264090 RMS90=0.075418
  Electron: n=6154 Mean=0.963398 Std=3.570901 RMS90=0.306736
  Muon: n=2222 Mean=0.956817 Std=0.209572 RMS90=0.015598

Epoch 432
Pretraining energy response (E_pred / E_true) by true-energy bin:
  1-50 GeV: n=40292 Mean=0.909994 Std=0.764890 RMS90=0.142814
  50-150 GeV: n=23832 Mean=0.923377 Std=0.477484 RMS90=0.038963
  >150 GeV: n=68 Mean=0.902183 Std=0.125958 RMS90=0.038860
Pretraining energy response by particle species:
  Neutron: n=13032 Mean=0.859086 Std=0.261611 RMS90=0.120181
  K0: n=11955 Mean=0.963464 Std=0.195779 RMS90=0.091330
  Photon: n=19748 Mean=0.976336 Std=1.373856 RMS90=0.352986
  Pion: n=21287 Mean=0.944901 Std=0.262109 RMS90=0.072933
  Electron: n=6154 Mean=0.960937 Std=4.203683 RMS90=0.303149
  Muon: n=2222 Mean=0.940006 Std=0.225686 RMS90=0.021610

Epoch 433
Pretraining energy response (E_pred / E_true) by true-energy bin:
  1-50 GeV: n=40292 Mean=0.897558 Std=0.297247 RMS90=0.136513
  50-150 GeV: n=23832 Mean=0.911791 Std=0.130634 RMS90=0.049049
  >150 GeV: n=68 Mean=0.897480 Std=0.123192 RMS90=0.049338
Pretraining energy response by particle species:
  Neutron: n=13032 Mean=0.860423 Std=0.259387 RMS90=0.117166
  K0: n=11955 Mean=0.965773 Std=0.191083 RMS90=0.086772
  Photon: n=19748 Mean=0.980276 Std=0.968373 RMS90=0.344726
  Pion: n=21287 Mean=0.920143 Std=0.268963 RMS90=0.082354
  Electron: n=6154 Mean=0.884697 Std=0.552775 RMS90=0.290223
  Muon: n=2222 Mean=0.903330 Std=0.228074 RMS90=0.023358

Epoch 434
Pretraining energy response (E_pred / E_true) by true-energy bin:
  1-50 GeV: n=40292 Mean=0.913497 Std=0.551770 RMS90=0.140153
  50-150 GeV: n=23832 Mean=0.933239 Std=0.327251 RMS90=0.037016
  >150 GeV: n=68 Mean=0.917653 Std=0.126408 RMS90=0.032522
Pretraining energy response by particle species:
  Neutron: n=13032 Mean=0.866528 Std=0.261726 RMS90=0.119908
  K0: n=11955 Mean=0.972931 Std=0.195052 RMS90=0.090889
  Photon: n=19748 Mean=0.964022 Std=1.081911 RMS90=0.354581
  Pion: n=21287 Mean=0.952600 Std=0.265354 RMS90=0.070665
  Electron: n=6154 Mean=0.935214 Std=2.783030 RMS90=0.308232
  Muon: n=2222 Mean=0.949763 Std=0.214225 RMS90=0.014843

Epoch 435
Pretraining energy response (E_pred / E_true) by true-energy bin:
  1-50 GeV: n=40292 Mean=0.916524 Std=0.637984 RMS90=0.139248
  50-150 GeV: n=23832 Mean=0.942525 Std=0.391424 RMS90=0.034838
  >150 GeV: n=68 Mean=0.929339 Std=0.130524 RMS90=0.031268
Pretraining energy response by particle species:
  Neutron: n=13032 Mean=0.859331 Std=0.259287 RMS90=0.116387
  K0: n=11955 Mean=0.963672 Std=0.188864 RMS90=0.085548
  Photon: n=19748 Mean=0.972451 Std=1.217434 RMS90=0.349309
  Pion: n=21287 Mean=0.973917 Std=0.271904 RMS90=0.077264
  Electron: n=6154 Mean=0.962651 Std=3.372525 RMS90=0.310557
  Muon: n=2222 Mean=0.971540 Std=0.219531 RMS90=0.015082

Epoch 436
Pretraining energy response (E_pred / E_true) by true-energy bin:
  1-50 GeV: n=40292 Mean=0.922666 Std=0.643125 RMS90=0.142577
  50-150 GeV: n=23832 Mean=0.946926 Std=0.395006 RMS90=0.036925
  >150 GeV: n=68 Mean=0.929991 Std=0.127692 RMS90=0.027546
Pretraining energy response by particle species:
  Neutron: n=13032 Mean=0.875175 Std=0.266179 RMS90=0.123288
  K0: n=11955 Mean=0.983152 Std=0.195498 RMS90=0.089490
  Photon: n=19748 Mean=0.982307 Std=1.287378 RMS90=0.360801
  Pion: n=21287 Mean=0.965792 Std=0.267618 RMS90=0.072515
  Electron: n=6154 Mean=0.960209 Std=3.385232 RMS90=0.311624
  Muon: n=2222 Mean=0.955388 Std=0.217881 RMS90=0.022902

Epoch 437
Pretraining energy response (E_pred / E_true) by true-energy bin:
  1-50 GeV: n=40292 Mean=0.913966 Std=0.582420 RMS90=0.139594
  50-150 GeV: n=23832 Mean=0.932567 Std=0.352890 RMS90=0.036679
  >150 GeV: n=68 Mean=0.916538 Std=0.128296 RMS90=0.032554
Pretraining energy response by particle species:
  Neutron: n=13032 Mean=0.862023 Std=0.260213 RMS90=0.119351
  K0: n=11955 Mean=0.967344 Std=0.195626 RMS90=0.090917
  Photon: n=19748 Mean=0.972969 Std=1.134003 RMS90=0.350679
  Pion: n=21287 Mean=0.954767 Std=0.259845 RMS90=0.070988
  Electron: n=6154 Mean=0.945742 Std=2.999107 RMS90=0.305985
  Muon: n=2222 Mean=0.954723 Std=0.217223 RMS90=0.013493

Epoch 438
Pretraining energy response (E_pred / E_true) by true-energy bin:
  1-50 GeV: n=40292 Mean=0.917064 Std=0.539165 RMS90=0.143947
  50-150 GeV: n=23832 Mean=0.940444 Std=0.315158 RMS90=0.036033
  >150 GeV: n=68 Mean=0.923823 Std=0.127185 RMS90=0.039591
Pretraining energy response by particle species:
  Neutron: n=13032 Mean=0.862889 Std=0.262484 RMS90=0.119033
  K0: n=11955 Mean=0.968778 Std=0.190876 RMS90=0.086305
  Photon: n=19748 Mean=0.971467 Std=1.092314 RMS90=0.362517
  Pion: n=21287 Mean=0.971453 Std=0.270061 RMS90=0.080615
  Electron: n=6154 Mean=0.950644 Std=2.681999 RMS90=0.318474
  Muon: n=2222 Mean=0.962163 Std=0.217198 RMS90=0.028977

Epoch 439
Pretraining energy response (E_pred / E_true) by true-energy bin:
  1-50 GeV: n=40292 Mean=0.918887 Std=0.703931 RMS90=0.140324
  50-150 GeV: n=23832 Mean=0.941151 Std=0.434950 RMS90=0.037474
  >150 GeV: n=68 Mean=0.923767 Std=0.126796 RMS90=0.030040
Pretraining energy response by particle species:
  Neutron: n=13032 Mean=0.872294 Std=0.263221 RMS90=0.120439
  K0: n=11955 Mean=0.979087 Std=0.193260 RMS90=0.087375
  Photon: n=19748 Mean=0.983726 Std=1.280195 RMS90=0.347344
  Pion: n=21287 Mean=0.959463 Std=0.268287 RMS90=0.078449
  Electron: n=6154 Mean=0.966229 Std=3.800010 RMS90=0.303298
  Muon: n=2222 Mean=0.952130 Std=0.221410 RMS90=0.018551

Epoch 440
Pretraining energy response (E_pred / E_true) by true-energy bin:
  1-50 GeV: n=40292 Mean=0.910590 Std=0.648385 RMS90=0.139753
  50-150 GeV: n=23832 Mean=0.920055 Std=0.394686 RMS90=0.037763
  >150 GeV: n=68 Mean=0.902063 Std=0.127640 RMS90=0.031973
Pretraining energy response by particle species:
  Neutron: n=13032 Mean=0.856231 Std=0.258116 RMS90=0.118959
  K0: n=11955 Mean=0.959309 Std=0.193453 RMS90=0.090079
  Photon: n=19748 Mean=0.980990 Std=1.394586 RMS90=0.348538
  Pion: n=21287 Mean=0.949785 Std=0.267792 RMS90=0.077674
  Electron: n=6154 Mean=0.948258 Std=3.445049 RMS90=0.303213
  Muon: n=2222 Mean=0.942751 Std=0.233716 RMS90=0.021325

Epoch 441
Pretraining energy response (E_pred / E_true) by true-energy bin:
  1-50 GeV: n=40292 Mean=0.903778 Std=0.408770 RMS90=0.136994
  50-150 GeV: n=23832 Mean=0.911404 Std=0.223587 RMS90=0.041608
  >150 GeV: n=68 Mean=0.892914 Std=0.126728 RMS90=0.034119
Pretraining energy response by particle species:
  Neutron: n=13032 Mean=0.855272 Std=0.258831 RMS90=0.120002
  K0: n=11955 Mean=0.956740 Std=0.194240 RMS90=0.093886
  Photon: n=19748 Mean=0.973428 Std=1.181202 RMS90=0.342638
  Pion: n=21287 Mean=0.936886 Std=0.261865 RMS90=0.076730
  Electron: n=6154 Mean=0.911427 Std=1.745725 RMS90=0.296223
  Muon: n=2222 Mean=0.933181 Std=0.226927 RMS90=0.018652

Epoch 442
Pretraining energy response (E_pred / E_true) by true-energy bin:
  1-50 GeV: n=40292 Mean=0.907969 Std=0.566367 RMS90=0.138650
  50-150 GeV: n=23832 Mean=0.924751 Std=0.337836 RMS90=0.048124
  >150 GeV: n=68 Mean=0.903677 Std=0.125963 RMS90=0.039652
Pretraining energy response by particle species:
  Neutron: n=13032 Mean=0.872319 Std=0.262305 RMS90=0.117544
  K0: n=11955 Mean=0.977652 Std=0.191096 RMS90=0.087127
  Photon: n=19748 Mean=0.975099 Std=1.115122 RMS90=0.351475
  Pion: n=21287 Mean=0.928475 Std=0.262217 RMS90=0.075079
  Electron: n=6154 Mean=0.926156 Std=2.902632 RMS90=0.296995
  Muon: n=2222 Mean=0.917595 Std=0.218726 RMS90=0.022037

Epoch 443
Pretraining energy response (E_pred / E_true) by true-energy bin:
  1-50 GeV: n=40292 Mean=0.916638 Std=0.462093 RMS90=0.141192
  50-150 GeV: n=23832 Mean=0.937354 Std=0.260591 RMS90=0.037239
  >150 GeV: n=68 Mean=0.923099 Std=0.129060 RMS90=0.030687
Pretraining energy response by particle species:
  Neutron: n=13032 Mean=0.861215 Std=0.261699 RMS90=0.120106
  K0: n=11955 Mean=0.965761 Std=0.189991 RMS90=0.089137
  Photon: n=19748 Mean=0.971141 Std=1.016834 RMS90=0.358538
  Pion: n=21287 Mean=0.967656 Std=0.266004 RMS90=0.075978
  Electron: n=6154 Mean=0.937840 Std=2.130446 RMS90=0.311517
  Muon: n=2222 Mean=0.963760 Std=0.204245 RMS90=0.019823

Epoch 444
Pretraining energy response (E_pred / E_true) by true-energy bin:
  1-50 GeV: n=40292 Mean=0.921524 Std=0.547982 RMS90=0.140418
  50-150 GeV: n=23832 Mean=0.934200 Std=0.325978 RMS90=0.038115
  >150 GeV: n=68 Mean=0.915378 Std=0.128148 RMS90=0.032124
Pretraining energy response by particle species:
  Neutron: n=13032 Mean=0.869651 Std=0.262607 RMS90=0.120150
  K0: n=11955 Mean=0.975167 Std=0.194010 RMS90=0.090476
  Photon: n=19748 Mean=0.981364 Std=1.140058 RMS90=0.352014
  Pion: n=21287 Mean=0.961650 Std=0.269125 RMS90=0.083495
  Electron: n=6154 Mean=0.945421 Std=2.757281 RMS90=0.305104
  Muon: n=2222 Mean=0.952295 Std=0.224485 RMS90=0.018206

Epoch 445
Pretraining energy response (E_pred / E_true) by true-energy bin:
  1-50 GeV: n=40292 Mean=0.911832 Std=0.542774 RMS90=0.140186
  50-150 GeV: n=23832 Mean=0.926868 Std=0.321643 RMS90=0.037994
  >150 GeV: n=68 Mean=0.911249 Std=0.127193 RMS90=0.033991
Pretraining energy response by particle species:
  Neutron: n=13032 Mean=0.859742 Std=0.260187 RMS90=0.119798
  K0: n=11955 Mean=0.963046 Std=0.194574 RMS90=0.091542
  Photon: n=19748 Mean=0.975580 Std=1.169016 RMS90=0.361383
  Pion: n=21287 Mean=0.952231 Std=0.262668 RMS90=0.070430
  Electron: n=6154 Mean=0.937050 Std=2.711516 RMS90=0.308158
  Muon: n=2222 Mean=0.944684 Std=0.220216 RMS90=0.028184

Epoch 446
Pretraining energy response (E_pred / E_true) by true-energy bin:
  1-50 GeV: n=40292 Mean=0.911008 Std=0.655919 RMS90=0.138102
  50-150 GeV: n=23832 Mean=0.933342 Std=0.402801 RMS90=0.037245
  >150 GeV: n=68 Mean=0.919675 Std=0.130247 RMS90=0.034341
Pretraining energy response by particle species:
  Neutron: n=13032 Mean=0.855319 Std=0.258922 RMS90=0.120778
  K0: n=11955 Mean=0.958543 Std=0.189909 RMS90=0.089117
  Photon: n=19748 Mean=0.971226 Std=1.288471 RMS90=0.350028
  Pion: n=21287 Mean=0.960151 Std=0.265765 RMS90=0.074508
  Electron: n=6154 Mean=0.955206 Std=3.490807 RMS90=0.307545
  Muon: n=2222 Mean=0.958520 Std=0.209501 RMS90=0.013742

Epoch 447
Pretraining energy response (E_pred / E_true) by true-energy bin:
  1-50 GeV: n=40292 Mean=0.914811 Std=0.309318 RMS90=0.140977
  50-150 GeV: n=23832 Mean=0.933012 Std=0.134726 RMS90=0.045744
  >150 GeV: n=68 Mean=0.908201 Std=0.122038 RMS90=0.041658
Pretraining energy response by particle species:
  Neutron: n=13032 Mean=0.878574 Std=0.265258 RMS90=0.118444
  K0: n=11955 Mean=0.986201 Std=0.193900 RMS90=0.087929
  Photon: n=19748 Mean=0.982308 Std=1.212658 RMS90=0.359434
  Pion: n=21287 Mean=0.945155 Std=0.267026 RMS90=0.077633
  Electron: n=6154 Mean=0.896360 Std=0.608563 RMS90=0.306055
  Muon: n=2222 Mean=0.936456 Std=0.238079 RMS90=0.027055

Epoch 448
Pretraining energy response (E_pred / E_true) by true-energy bin:
  1-50 GeV: n=40292 Mean=0.911440 Std=0.472285 RMS90=0.143218
  50-150 GeV: n=23832 Mean=0.932609 Std=0.268122 RMS90=0.036686
  >150 GeV: n=68 Mean=0.917305 Std=0.128919 RMS90=0.032881
Pretraining energy response by particle species:
  Neutron: n=13032 Mean=0.855159 Std=0.259672 RMS90=0.118850
  K0: n=11955 Mean=0.959105 Std=0.189947 RMS90=0.088269
  Photon: n=19748 Mean=0.951746 Std=1.158068 RMS90=0.362956
  Pion: n=21287 Mean=0.968793 Std=0.274497 RMS90=0.083660
  Electron: n=6154 Mean=0.928898 Std=2.192287 RMS90=0.320453
  Muon: n=2222 Mean=0.962567 Std=0.219743 RMS90=0.018558

Epoch 449
Pretraining energy response (E_pred / E_true) by true-energy bin:
  1-50 GeV: n=40292 Mean=0.911480 Std=0.467600 RMS90=0.140732
  50-150 GeV: n=23832 Mean=0.935380 Std=0.266680 RMS90=0.039677
  >150 GeV: n=68 Mean=0.916486 Std=0.126988 RMS90=0.031513
Pretraining energy response by particle species:
  Neutron: n=13032 Mean=0.871007 Std=0.263867 RMS90=0.120689
  K0: n=11955 Mean=0.977704 Std=0.192292 RMS90=0.089250
  Photon: n=19748 Mean=0.969341 Std=1.135137 RMS90=0.359841
  Pion: n=21287 Mean=0.946571 Std=0.263814 RMS90=0.071606
  Electron: n=6154 Mean=0.922192 Std=2.173670 RMS90=0.308937
  Muon: n=2222 Mean=0.934906 Std=0.214073 RMS90=0.020040

Epoch 450
Pretraining energy response (E_pred / E_true) by true-energy bin:
  1-50 GeV: n=40292 Mean=0.914418 Std=0.449371 RMS90=0.144243
  50-150 GeV: n=23832 Mean=0.933975 Std=0.251075 RMS90=0.037928
  >150 GeV: n=68 Mean=0.919950 Std=0.130360 RMS90=0.033962
Pretraining energy response by particle species:
  Neutron: n=13032 Mean=0.863175 Std=0.263184 RMS90=0.120347
  K0: n=11955 Mean=0.968635 Std=0.191266 RMS90=0.087903
  Photon: n=19748 Mean=0.964561 Std=1.122564 RMS90=0.363504
  Pion: n=21287 Mean=0.964725 Std=0.279807 RMS90=0.086968
  Electron: n=6154 Mean=0.930444 Std=2.021523 RMS90=0.318880
  Muon: n=2222 Mean=0.955592 Std=0.228056 RMS90=0.021352

Epoch 451
Pretraining energy response (E_pred / E_true) by true-energy bin:
  1-50 GeV: n=40292 Mean=0.908267 Std=0.418664 RMS90=0.142750
  50-150 GeV: n=23832 Mean=0.920329 Std=0.228249 RMS90=0.040513
  >150 GeV: n=68 Mean=0.899571 Std=0.124185 RMS90=0.031647
Pretraining energy response by particle species:
  Neutron: n=13032 Mean=0.854620 Std=0.260558 RMS90=0.121111
  K0: n=11955 Mean=0.957421 Std=0.190890 RMS90=0.091602
  Photon: n=19748 Mean=0.956168 Std=1.174837 RMS90=0.360865
  Pion: n=21287 Mean=0.954515 Std=0.266612 RMS90=0.080080
  Electron: n=6154 Mean=0.916957 Std=1.779110 RMS90=0.315056
  Muon: n=2222 Mean=0.949827 Std=0.221048 RMS90=0.032645

Epoch 452
Pretraining energy response (E_pred / E_true) by true-energy bin:
  1-50 GeV: n=40292 Mean=0.917033 Std=0.560862 RMS90=0.143209
  50-150 GeV: n=23832 Mean=0.936990 Std=0.335260 RMS90=0.038461
  >150 GeV: n=68 Mean=0.921389 Std=0.128193 RMS90=0.032436
Pretraining energy response by particle species:
  Neutron: n=13032 Mean=0.870506 Std=0.263732 RMS90=0.121071
  K0: n=11955 Mean=0.976268 Std=0.194640 RMS90=0.090311
  Photon: n=19748 Mean=0.968572 Std=1.291244 RMS90=0.358345
  Pion: n=21287 Mean=0.961597 Std=0.272921 RMS90=0.078883
  Electron: n=6154 Mean=0.939877 Std=2.837019 RMS90=0.312505
  Muon: n=2222 Mean=0.953331 Std=0.234268 RMS90=0.022950

Epoch 453
Pretraining energy response (E_pred / E_true) by true-energy bin:
  1-50 GeV: n=40292 Mean=0.921500 Std=0.645625 RMS90=0.141325
  50-150 GeV: n=23832 Mean=0.948374 Std=0.394329 RMS90=0.035248
  >150 GeV: n=68 Mean=0.932952 Std=0.132143 RMS90=0.028551
Pretraining energy response by particle species:
  Neutron: n=13032 Mean=0.873858 Std=0.263678 RMS90=0.119419
  K0: n=11955 Mean=0.980673 Std=0.194114 RMS90=0.088312
  Photon: n=19748 Mean=0.978442 Std=1.314984 RMS90=0.360135
  Pion: n=21287 Mean=0.966550 Std=0.269484 RMS90=0.068600
  Electron: n=6154 Mean=0.956329 Std=3.413778 RMS90=0.313939
  Muon: n=2222 Mean=0.965023 Std=0.226530 RMS90=0.013110

Epoch 454
Pretraining energy response (E_pred / E_true) by true-energy bin:
  1-50 GeV: n=40292 Mean=0.909360 Std=0.486769 RMS90=0.139286
  50-150 GeV: n=23832 Mean=0.928512 Std=0.281897 RMS90=0.038693
  >150 GeV: n=68 Mean=0.909731 Std=0.126578 RMS90=0.030749
Pretraining energy response by particle species:
  Neutron: n=13032 Mean=0.861029 Std=0.260941 RMS90=0.118381
  K0: n=11955 Mean=0.964619 Std=0.190438 RMS90=0.089143
  Photon: n=19748 Mean=0.952994 Std=1.060072 RMS90=0.351919
  Pion: n=21287 Mean=0.951212 Std=0.264050 RMS90=0.076077
  Electron: n=6154 Mean=0.923058 Std=2.327996 RMS90=0.307430
  Muon: n=2222 Mean=0.948789 Std=0.206863 RMS90=0.023419

Epoch 455
Pretraining energy response (E_pred / E_true) by true-energy bin:
  1-50 GeV: n=40292 Mean=0.912282 Std=0.518940 RMS90=0.137777
  50-150 GeV: n=23832 Mean=0.931601 Std=0.307089 RMS90=0.037050
  >150 GeV: n=68 Mean=0.914802 Std=0.127889 RMS90=0.030521
Pretraining energy response by particle species:
  Neutron: n=13032 Mean=0.863036 Std=0.260279 RMS90=0.118869
  K0: n=11955 Mean=0.965945 Std=0.192070 RMS90=0.088689
  Photon: n=19748 Mean=0.971451 Std=1.181391 RMS90=0.357495
  Pion: n=21287 Mean=0.955293 Std=0.264403 RMS90=0.071999
  Electron: n=6154 Mean=0.933729 Std=2.553219 RMS90=0.309736
  Muon: n=2222 Mean=0.947674 Std=0.223281 RMS90=0.020194

Epoch 456
Pretraining energy response (E_pred / E_true) by true-energy bin:
  1-50 GeV: n=40292 Mean=0.913718 Std=0.306484 RMS90=0.139605
  50-150 GeV: n=23832 Mean=0.942299 Std=0.135088 RMS90=0.035509
  >150 GeV: n=68 Mean=0.928870 Std=0.127492 RMS90=0.030099
Pretraining energy response by particle species:
  Neutron: n=13032 Mean=0.864214 Std=0.260596 RMS90=0.118040
  K0: n=11955 Mean=0.970540 Std=0.188723 RMS90=0.085483
  Photon: n=19748 Mean=0.961580 Std=0.971792 RMS90=0.356710
  Pion: n=21287 Mean=0.966290 Std=0.265631 RMS90=0.073232
  Electron: n=6154 Mean=0.907472 Std=0.580766 RMS90=0.313584
  Muon: n=2222 Mean=0.966156 Std=0.216186 RMS90=0.015831

Epoch 457
Pretraining energy response (E_pred / E_true) by true-energy bin:
  1-50 GeV: n=40292 Mean=0.917156 Std=0.537820 RMS90=0.145581
  50-150 GeV: n=23832 Mean=0.929202 Std=0.317630 RMS90=0.037691
  >150 GeV: n=68 Mean=0.913070 Std=0.129746 RMS90=0.030950
Pretraining energy response by particle species:
  Neutron: n=13032 Mean=0.861402 Std=0.260781 RMS90=0.121109
  K0: n=11955 Mean=0.965523 Std=0.194649 RMS90=0.091451
  Photon: n=19748 Mean=0.982795 Std=1.236593 RMS90=0.360894
  Pion: n=21287 Mean=0.961754 Std=0.269983 RMS90=0.079656
  Electron: n=6154 Mean=0.944951 Std=2.689121 RMS90=0.312113
  Muon: n=2222 Mean=0.956113 Std=0.227260 RMS90=0.018832

Epoch 458
Pretraining energy response (E_pred / E_true) by true-energy bin:
  1-50 GeV: n=40292 Mean=0.909322 Std=0.621604 RMS90=0.139842
  50-150 GeV: n=23832 Mean=0.930414 Std=0.377452 RMS90=0.035622
  >150 GeV: n=68 Mean=0.915519 Std=0.127287 RMS90=0.028747
Pretraining energy response by particle species:
  Neutron: n=13032 Mean=0.855685 Std=0.258643 RMS90=0.118869
  K0: n=11955 Mean=0.960475 Std=0.191298 RMS90=0.087914
  Photon: n=19748 Mean=0.969083 Std=1.343524 RMS90=0.360199
  Pion: n=21287 Mean=0.955003 Std=0.269334 RMS90=0.072247
  Electron: n=6154 Mean=0.944064 Std=3.256695 RMS90=0.313795
  Muon: n=2222 Mean=0.956183 Std=0.211975 RMS90=0.019751

Epoch 459
Pretraining energy response (E_pred / E_true) by true-energy bin:
  1-50 GeV: n=40292 Mean=0.908786 Std=0.489401 RMS90=0.142111
  50-150 GeV: n=23832 Mean=0.926882 Std=0.281704 RMS90=0.037063
  >150 GeV: n=68 Mean=0.913968 Std=0.130543 RMS90=0.037967
Pretraining energy response by particle species:
  Neutron: n=13032 Mean=0.858798 Std=0.260490 RMS90=0.120683
  K0: n=11955 Mean=0.963687 Std=0.193618 RMS90=0.090746
  Photon: n=19748 Mean=0.953590 Std=1.219492 RMS90=0.356274
  Pion: n=21287 Mean=0.954240 Std=0.269522 RMS90=0.077444
  Electron: n=6154 Mean=0.922439 Std=2.343958 RMS90=0.313322
  Muon: n=2222 Mean=0.952255 Std=0.222696 RMS90=0.017076

Epoch 460
Pretraining energy response (E_pred / E_true) by true-energy bin:
  1-50 GeV: n=40292 Mean=0.905743 Std=0.460996 RMS90=0.144295
  50-150 GeV: n=23832 Mean=0.926980 Std=0.260776 RMS90=0.036612
  >150 GeV: n=68 Mean=0.914236 Std=0.128181 RMS90=0.035882
Pretraining energy response by particle species:
  Neutron: n=13032 Mean=0.854959 Std=0.261134 RMS90=0.121291
  K0: n=11955 Mean=0.960607 Std=0.192118 RMS90=0.088965
  Photon: n=19748 Mean=0.953623 Std=1.101538 RMS90=0.364830
  Pion: n=21287 Mean=0.953507 Std=0.267667 RMS90=0.075743
  Electron: n=6154 Mean=0.917462 Std=2.112580 RMS90=0.315979
  Muon: n=2222 Mean=0.953425 Std=0.220850 RMS90=0.021962

Epoch 461
Pretraining energy response (E_pred / E_true) by true-energy bin:
  1-50 GeV: n=40292 Mean=0.917964 Std=0.546752 RMS90=0.139332
  50-150 GeV: n=23832 Mean=0.939977 Std=0.323199 RMS90=0.037917
  >150 GeV: n=68 Mean=0.921417 Std=0.127381 RMS90=0.029597
Pretraining energy response by particle species:
  Neutron: n=13032 Mean=0.868694 Std=0.262928 RMS90=0.120125
  K0: n=11955 Mean=0.974275 Std=0.192168 RMS90=0.088813
  Photon: n=19748 Mean=0.973574 Std=1.202978 RMS90=0.364455
  Pion: n=21287 Mean=0.963384 Std=0.267611 RMS90=0.075852
  Electron: n=6154 Mean=0.944690 Std=2.735966 RMS90=0.317006
  Muon: n=2222 Mean=0.955266 Std=0.222509 RMS90=0.025576

Epoch 462
Pretraining energy response (E_pred / E_true) by true-energy bin:
  1-50 GeV: n=40292 Mean=0.908214 Std=0.621417 RMS90=0.142089
  50-150 GeV: n=23832 Mean=0.920409 Std=0.374033 RMS90=0.037715
  >150 GeV: n=68 Mean=0.905540 Std=0.124789 RMS90=0.030842
Pretraining energy response by particle species:
  Neutron: n=13032 Mean=0.852436 Std=0.258056 RMS90=0.118834
  K0: n=11955 Mean=0.955499 Std=0.191057 RMS90=0.089569
  Photon: n=19748 Mean=0.979382 Std=1.501179 RMS90=0.364526
  Pion: n=21287 Mean=0.951355 Std=0.266486 RMS90=0.076896
  Electron: n=6154 Mean=0.945483 Std=3.255711 RMS90=0.313760
  Muon: n=2222 Mean=0.946654 Std=0.214585 RMS90=0.023863

Epoch 463
Pretraining energy response (E_pred / E_true) by true-energy bin:
  1-50 GeV: n=40292 Mean=0.922817 Std=0.635464 RMS90=0.138203
  50-150 GeV: n=23832 Mean=0.943774 Std=0.386053 RMS90=0.036668
  >150 GeV: n=68 Mean=0.926514 Std=0.128256 RMS90=0.030660
Pretraining energy response by particle species:
  Neutron: n=13032 Mean=0.867527 Std=0.261287 RMS90=0.120139
  K0: n=11955 Mean=0.971519 Std=0.189643 RMS90=0.087814
  Photon: n=19748 Mean=0.993449 Std=1.531095 RMS90=0.357650
  Pion: n=21287 Mean=0.971020 Std=0.269455 RMS90=0.077970
  Electron: n=6154 Mean=0.965183 Std=3.346394 RMS90=0.312734
  Muon: n=2222 Mean=0.967738 Std=0.213310 RMS90=0.019671

Epoch 464
Pretraining energy response (E_pred / E_true) by true-energy bin:
  1-50 GeV: n=40292 Mean=0.901797 Std=0.299076 RMS90=0.141436
  50-150 GeV: n=23832 Mean=0.920604 Std=0.126844 RMS90=0.046462
  >150 GeV: n=68 Mean=0.901293 Std=0.116274 RMS90=0.048876
Pretraining energy response by particle species:
  Neutron: n=13032 Mean=0.866470 Std=0.261496 RMS90=0.119744
  K0: n=11955 Mean=0.973208 Std=0.191251 RMS90=0.086366
  Photon: n=19748 Mean=0.957299 Std=0.932213 RMS90=0.358362
  Pion: n=21287 Mean=0.931705 Std=0.266727 RMS90=0.079817
  Electron: n=6154 Mean=0.874662 Std=0.454390 RMS90=0.305235
  Muon: n=2222 Mean=0.923109 Std=0.223382 RMS90=0.027352

Epoch 465
Pretraining energy response (E_pred / E_true) by true-energy bin:
  1-50 GeV: n=40292 Mean=0.902500 Std=0.303224 RMS90=0.140191
  50-150 GeV: n=23832 Mean=0.919956 Std=0.130351 RMS90=0.043897
  >150 GeV: n=68 Mean=0.904580 Std=0.122846 RMS90=0.044663
Pretraining energy response by particle species:
  Neutron: n=13032 Mean=0.861873 Std=0.261943 RMS90=0.120874
  K0: n=11955 Mean=0.968599 Std=0.192280 RMS90=0.087528
  Photon: n=19748 Mean=0.964229 Std=1.414876 RMS90=0.356335
  Pion: n=21287 Mean=0.938184 Std=0.267551 RMS90=0.079930
  Electron: n=6154 Mean=0.885564 Std=0.529160 RMS90=0.307932
  Muon: n=2222 Mean=0.927290 Std=0.224935 RMS90=0.026312

Epoch 466
Pretraining energy response (E_pred / E_true) by true-energy bin:
  1-50 GeV: n=40292 Mean=0.908346 Std=0.558814 RMS90=0.140906
  50-150 GeV: n=23832 Mean=0.912908 Std=0.333034 RMS90=0.039708
  >150 GeV: n=68 Mean=0.889788 Std=0.122700 RMS90=0.027695
Pretraining energy response by particle species:
  Neutron: n=13032 Mean=0.849655 Std=0.257117 RMS90=0.118712
  K0: n=11955 Mean=0.949479 Std=0.190330 RMS90=0.093044
  Photon: n=19748 Mean=0.962503 Std=1.257385 RMS90=0.352785
  Pion: n=21287 Mean=0.953657 Std=0.270604 RMS90=0.083437
  Electron: n=6154 Mean=0.933996 Std=2.839677 RMS90=0.310646
  Muon: n=2222 Mean=0.950095 Std=0.221448 RMS90=0.029052

Epoch 467
Pretraining energy response (E_pred / E_true) by true-energy bin:
  1-50 GeV: n=40292 Mean=0.905161 Std=0.413409 RMS90=0.147761
  50-150 GeV: n=23832 Mean=0.914580 Std=0.218908 RMS90=0.044658
  >150 GeV: n=68 Mean=0.896014 Std=0.127932 RMS90=0.043357
Pretraining energy response by particle species:
  Neutron: n=13032 Mean=0.856373 Std=0.260556 RMS90=0.121195
  K0: n=11955 Mean=0.964378 Std=0.194533 RMS90=0.090457
  Photon: n=19748 Mean=0.961312 Std=1.334891 RMS90=0.372049
  Pion: n=21287 Mean=0.937769 Std=0.271340 RMS90=0.082893
  Electron: n=6154 Mean=0.901029 Std=1.724539 RMS90=0.316338
  Muon: n=2222 Mean=0.931906 Std=0.221012 RMS90=0.032180

Epoch 468
Pretraining energy response (E_pred / E_true) by true-energy bin:
  1-50 GeV: n=40292 Mean=0.918075 Std=0.737713 RMS90=0.141584
  50-150 GeV: n=23832 Mean=0.942078 Std=0.456355 RMS90=0.035739
  >150 GeV: n=68 Mean=0.925481 Std=0.130834 RMS90=0.029849
Pretraining energy response by particle species:
  Neutron: n=13032 Mean=0.865517 Std=0.262405 RMS90=0.119829
  K0: n=11955 Mean=0.970575 Std=0.192905 RMS90=0.089450
  Photon: n=19748 Mean=0.969800 Std=1.388525 RMS90=0.365062
  Pion: n=21287 Mean=0.969368 Std=0.269697 RMS90=0.075476
  Electron: n=6154 Mean=0.964323 Std=4.021610 RMS90=0.319973
  Muon: n=2222 Mean=0.967914 Std=0.221161 RMS90=0.016475

Epoch 469
Pretraining energy response (E_pred / E_true) by true-energy bin:
  1-50 GeV: n=40292 Mean=0.917649 Std=0.818930 RMS90=0.140746
  50-150 GeV: n=23832 Mean=0.942676 Std=0.510674 RMS90=0.036757
  >150 GeV: n=68 Mean=0.926073 Std=0.130683 RMS90=0.027926
Pretraining energy response by particle species:
  Neutron: n=13032 Mean=0.867959 Std=0.261801 RMS90=0.118967
  K0: n=11955 Mean=0.972506 Std=0.192204 RMS90=0.089912
  Photon: n=19748 Mean=0.966594 Std=1.439506 RMS90=0.367180
  Pion: n=21287 Mean=0.963906 Std=0.270729 RMS90=0.074795
  Electron: n=6154 Mean=0.967182 Std=4.528664 RMS90=0.320539
  Muon: n=2222 Mean=0.957571 Std=0.220653 RMS90=0.016023

Epoch 470
Pretraining energy response (E_pred / E_true) by true-energy bin:
  1-50 GeV: n=40292 Mean=0.913729 Std=0.748791 RMS90=0.137697
  50-150 GeV: n=23832 Mean=0.934518 Std=0.465667 RMS90=0.036849
  >150 GeV: n=68 Mean=0.918228 Std=0.130926 RMS90=0.030505
Pretraining energy response by particle species:
  Neutron: n=13032 Mean=0.864665 Std=0.260954 RMS90=0.118794
  K0: n=11955 Mean=0.968995 Std=0.192547 RMS90=0.089647
  Photon: n=19748 Mean=0.968810 Std=1.362222 RMS90=0.357025
  Pion: n=21287 Mean=0.954967 Std=0.268095 RMS90=0.073033
  Electron: n=6154 Mean=0.957714 Std=4.101821 RMS90=0.310493
  Muon: n=2222 Mean=0.951193 Std=0.210561 RMS90=0.017129

Epoch 471
Pretraining energy response (E_pred / E_true) by true-energy bin:
  1-50 GeV: n=40292 Mean=0.910644 Std=0.316611 RMS90=0.141510
  50-150 GeV: n=23832 Mean=0.936900 Std=0.144580 RMS90=0.037515
  >150 GeV: n=68 Mean=0.924126 Std=0.127095 RMS90=0.031038
Pretraining energy response by particle species:
  Neutron: n=13032 Mean=0.863765 Std=0.262944 RMS90=0.120637
  K0: n=11955 Mean=0.967836 Std=0.191262 RMS90=0.089024
  Photon: n=19748 Mean=0.949730 Std=0.886722 RMS90=0.353354
  Pion: n=21287 Mean=0.961954 Std=0.265335 RMS90=0.075443
  Electron: n=6154 Mean=0.902860 Std=0.746246 RMS90=0.310696
  Muon: n=2222 Mean=0.957568 Std=0.216964 RMS90=0.015014

Epoch 472
Pretraining energy response (E_pred / E_true) by true-energy bin:
  1-50 GeV: n=40292 Mean=0.908585 Std=0.599897 RMS90=0.141208
  50-150 GeV: n=23832 Mean=0.923959 Std=0.362823 RMS90=0.038170
  >150 GeV: n=68 Mean=0.908582 Std=0.127228 RMS90=0.033355
Pretraining energy response by particle species:
  Neutron: n=13032 Mean=0.861144 Std=0.260812 RMS90=0.120286
  K0: n=11955 Mean=0.965439 Std=0.193812 RMS90=0.090620
  Photon: n=19748 Mean=0.958625 Std=1.190572 RMS90=0.356112
  Pion: n=21287 Mean=0.946527 Std=0.269791 RMS90=0.075250
  Electron: n=6154 Mean=0.932396 Std=3.128905 RMS90=0.307264
  Muon: n=2222 Mean=0.940240 Std=0.214294 RMS90=0.020316

Epoch 473
Pretraining energy response (E_pred / E_true) by true-energy bin:
  1-50 GeV: n=40292 Mean=0.915926 Std=0.713506 RMS90=0.138388
  50-150 GeV: n=23832 Mean=0.935636 Std=0.439186 RMS90=0.037098
  >150 GeV: n=68 Mean=0.920782 Std=0.128135 RMS90=0.034242
Pretraining energy response by particle species:
  Neutron: n=13032 Mean=0.863917 Std=0.261188 RMS90=0.118622
  K0: n=11955 Mean=0.967955 Std=0.191100 RMS90=0.088603
  Photon: n=19748 Mean=0.975175 Std=1.382662 RMS90=0.357451
  Pion: n=21287 Mean=0.957879 Std=0.270050 RMS90=0.074397
  Electron: n=6154 Mean=0.957545 Std=3.876924 RMS90=0.312600
  Muon: n=2222 Mean=0.954962 Std=0.213689 RMS90=0.017720

Epoch 474
Pretraining energy response (E_pred / E_true) by true-energy bin:
  1-50 GeV: n=40292 Mean=0.916692 Std=0.512855 RMS90=0.144324
  50-150 GeV: n=23832 Mean=0.937312 Std=0.299547 RMS90=0.036395
  >150 GeV: n=68 Mean=0.922101 Std=0.128345 RMS90=0.030665
Pretraining energy response by particle species:
  Neutron: n=13032 Mean=0.866275 Std=0.263817 RMS90=0.120866
  K0: n=11955 Mean=0.972023 Std=0.194196 RMS90=0.090137
  Photon: n=19748 Mean=0.970996 Std=1.172002 RMS90=0.366454
  Pion: n=21287 Mean=0.962996 Std=0.270119 RMS90=0.072730
  Electron: n=6154 Mean=0.934742 Std=2.496410 RMS90=0.317186
  Muon: n=2222 Mean=0.960761 Std=0.225507 RMS90=0.017840

Epoch 475
Pretraining energy response (E_pred / E_true) by true-energy bin:
  1-50 GeV: n=40292 Mean=0.902816 Std=0.481612 RMS90=0.139290
  50-150 GeV: n=23832 Mean=0.919331 Std=0.277935 RMS90=0.039089
  >150 GeV: n=68 Mean=0.904867 Std=0.126727 RMS90=0.032939
Pretraining energy response by particle species:
  Neutron: n=13032 Mean=0.853707 Std=0.258944 RMS90=0.119313
  K0: n=11955 Mean=0.957122 Std=0.191175 RMS90=0.092184
  Photon: n=19748 Mean=0.953913 Std=1.151839 RMS90=0.354965
  Pion: n=21287 Mean=0.946039 Std=0.263412 RMS90=0.075921
  Electron: n=6154 Mean=0.918437 Std=2.287477 RMS90=0.309538
  Muon: n=2222 Mean=0.941404 Std=0.219668 RMS90=0.018168

Epoch 476
Pretraining energy response (E_pred / E_true) by true-energy bin:
  1-50 GeV: n=40292 Mean=0.905618 Std=0.547115 RMS90=0.141307
  50-150 GeV: n=23832 Mean=0.922334 Std=0.327420 RMS90=0.037534
  >150 GeV: n=68 Mean=0.907215 Std=0.126280 RMS90=0.030857
Pretraining energy response by particle species:
  Neutron: n=13032 Mean=0.858104 Std=0.261425 RMS90=0.120657
  K0: n=11955 Mean=0.962719 Std=0.193516 RMS90=0.090415
  Photon: n=19748 Mean=0.964590 Std=1.429973 RMS90=0.356991
  Pion: n=21287 Mean=0.942009 Std=0.265220 RMS90=0.072688
  Electron: n=6154 Mean=0.924345 Std=2.750151 RMS90=0.306634
  Muon: n=2222 Mean=0.940243 Std=0.238899 RMS90=0.017951

Epoch 477
Pretraining energy response (E_pred / E_true) by true-energy bin:
  1-50 GeV: n=40292 Mean=0.900300 Std=0.467300 RMS90=0.146398
  50-150 GeV: n=23832 Mean=0.907683 Std=0.265320 RMS90=0.041688
  >150 GeV: n=68 Mean=0.889685 Std=0.124612 RMS90=0.035221
Pretraining energy response by particle species:
  Neutron: n=13032 Mean=0.846953 Std=0.259159 RMS90=0.118859
  K0: n=11955 Mean=0.949312 Std=0.191554 RMS90=0.090748
  Photon: n=19748 Mean=0.944293 Std=1.091214 RMS90=0.365297
  Pion: n=21287 Mean=0.943944 Std=0.271302 RMS90=0.086899
  Electron: n=6154 Mean=0.909792 Std=2.164260 RMS90=0.315510
  Muon: n=2222 Mean=0.938384 Std=0.237571 RMS90=0.035122

Epoch 478
Pretraining energy response (E_pred / E_true) by true-energy bin:
  1-50 GeV: n=40292 Mean=0.907528 Std=0.299995 RMS90=0.137538
  50-150 GeV: n=23832 Mean=0.922528 Std=0.128627 RMS90=0.039937
  >150 GeV: n=68 Mean=0.905459 Std=0.124904 RMS90=0.034772
Pretraining energy response by particle species:
  Neutron: n=13032 Mean=0.862786 Std=0.262286 RMS90=0.120726
  K0: n=11955 Mean=0.966105 Std=0.192659 RMS90=0.089602
  Photon: n=19748 Mean=0.957467 Std=1.042002 RMS90=0.350722
  Pion: n=21287 Mean=0.945957 Std=0.264926 RMS90=0.078943
  Electron: n=6154 Mean=0.889241 Std=0.493455 RMS90=0.304750
  Muon: n=2222 Mean=0.939560 Std=0.227317 RMS90=0.022780

Epoch 479
Pretraining energy response (E_pred / E_true) by true-energy bin:
  1-50 GeV: n=40292 Mean=0.900200 Std=0.412686 RMS90=0.142524
  50-150 GeV: n=23832 Mean=0.901774 Std=0.226507 RMS90=0.048034
  >150 GeV: n=68 Mean=0.882146 Std=0.126335 RMS90=0.045661
Pretraining energy response by particle species:
  Neutron: n=13032 Mean=0.856103 Std=0.259045 RMS90=0.119380
  K0: n=11955 Mean=0.959932 Std=0.194219 RMS90=0.093175
  Photon: n=19748 Mean=0.956273 Std=1.068184 RMS90=0.353436
  Pion: n=21287 Mean=0.924504 Std=0.265695 RMS90=0.088624
  Electron: n=6154 Mean=0.898875 Std=1.767029 RMS90=0.301527
  Muon: n=2222 Mean=0.911313 Std=0.237637 RMS90=0.027407

Epoch 480
Pretraining energy response (E_pred / E_true) by true-energy bin:
  1-50 GeV: n=40292 Mean=0.909353 Std=0.521943 RMS90=0.144445
  50-150 GeV: n=23832 Mean=0.925662 Std=0.306275 RMS90=0.039541
  >150 GeV: n=68 Mean=0.909745 Std=0.128336 RMS90=0.037672
Pretraining energy response by particle species:
  Neutron: n=13032 Mean=0.861377 Std=0.261662 RMS90=0.120111
  K0: n=11955 Mean=0.965590 Std=0.194497 RMS90=0.092212
  Photon: n=19748 Mean=0.958106 Std=1.151405 RMS90=0.358957
  Pion: n=21287 Mean=0.950104 Std=0.265325 RMS90=0.075894
  Electron: n=6154 Mean=0.926152 Std=2.567024 RMS90=0.311193
  Muon: n=2222 Mean=0.944240 Std=0.236904 RMS90=0.018603

Epoch 481
Pretraining energy response (E_pred / E_true) by true-energy bin:
  1-50 GeV: n=40292 Mean=0.912832 Std=0.668170 RMS90=0.137285
  50-150 GeV: n=23832 Mean=0.936601 Std=0.410317 RMS90=0.036494
  >150 GeV: n=68 Mean=0.921535 Std=0.129852 RMS90=0.029632
Pretraining energy response by particle species:
  Neutron: n=13032 Mean=0.861887 Std=0.260224 RMS90=0.119060
  K0: n=11955 Mean=0.965835 Std=0.191169 RMS90=0.088731
  Photon: n=19748 Mean=0.971565 Std=1.333861 RMS90=0.353269
  Pion: n=21287 Mean=0.958678 Std=0.267383 RMS90=0.072137
  Electron: n=6154 Mean=0.953026 Std=3.588425 RMS90=0.308221
  Muon: n=2222 Mean=0.954293 Std=0.230220 RMS90=0.013634

Epoch 482
Pretraining energy response (E_pred / E_true) by true-energy bin:
  1-50 GeV: n=40292 Mean=0.913345 Std=0.618693 RMS90=0.140437
  50-150 GeV: n=23832 Mean=0.935511 Std=0.375640 RMS90=0.036448
  >150 GeV: n=68 Mean=0.920016 Std=0.129923 RMS90=0.030934
Pretraining energy response by particle species:
  Neutron: n=13032 Mean=0.864071 Std=0.261934 RMS90=0.119785
  K0: n=11955 Mean=0.968797 Std=0.193000 RMS90=0.089343
  Photon: n=19748 Mean=0.957611 Std=1.182049 RMS90=0.360234
  Pion: n=21287 Mean=0.955313 Std=0.267436 RMS90=0.074489
  Electron: n=6154 Mean=0.940168 Std=3.246259 RMS90=0.312564
  Muon: n=2222 Mean=0.954194 Std=0.227895 RMS90=0.018023

Epoch 483
Pretraining energy response (E_pred / E_true) by true-energy bin:
  1-50 GeV: n=40292 Mean=0.904469 Std=0.509672 RMS90=0.142644
  50-150 GeV: n=23832 Mean=0.920645 Std=0.298004 RMS90=0.041662
  >150 GeV: n=68 Mean=0.906155 Std=0.128466 RMS90=0.037212
Pretraining energy response by particle species:
  Neutron: n=13032 Mean=0.862098 Std=0.262628 RMS90=0.124061
  K0: n=11955 Mean=0.968151 Std=0.195526 RMS90=0.091439
  Photon: n=19748 Mean=0.950549 Std=1.133998 RMS90=0.358501
  Pion: n=21287 Mean=0.936095 Std=0.270261 RMS90=0.072692
  Electron: n=6154 Mean=0.911778 Std=2.484790 RMS90=0.307372
  Muon: n=2222 Mean=0.926464 Std=0.221523 RMS90=0.024710

Epoch 484
Pretraining energy response (E_pred / E_true) by true-energy bin:
  1-50 GeV: n=40292 Mean=0.908814 Std=0.438883 RMS90=0.144421
  50-150 GeV: n=23832 Mean=0.924926 Std=0.244100 RMS90=0.037523
  >150 GeV: n=68 Mean=0.910483 Std=0.127182 RMS90=0.030324
Pretraining energy response by particle species:
  Neutron: n=13032 Mean=0.856484 Std=0.260189 RMS90=0.119895
  K0: n=11955 Mean=0.961150 Std=0.192227 RMS90=0.090374
  Photon: n=19748 Mean=0.962757 Std=1.103085 RMS90=0.363432
  Pion: n=21287 Mean=0.953318 Std=0.266371 RMS90=0.076588
  Electron: n=6154 Mean=0.919208 Std=1.948184 RMS90=0.314425
  Muon: n=2222 Mean=0.948265 Std=0.223935 RMS90=0.019688

Epoch 485
Pretraining energy response (E_pred / E_true) by true-energy bin:
  1-50 GeV: n=40292 Mean=0.919477 Std=0.652705 RMS90=0.141804
  50-150 GeV: n=23832 Mean=0.946750 Std=0.401441 RMS90=0.035577
  >150 GeV: n=68 Mean=0.932537 Std=0.130963 RMS90=0.029268
Pretraining energy response by particle species:
  Neutron: n=13032 Mean=0.868594 Std=0.263819 RMS90=0.121959
  K0: n=11955 Mean=0.973963 Std=0.192252 RMS90=0.087956
  Photon: n=19748 Mean=0.967979 Std=1.246667 RMS90=0.362412
  Pion: n=21287 Mean=0.969284 Std=0.271034 RMS90=0.072989
  Electron: n=6154 Mean=0.956401 Std=3.479007 RMS90=0.318224
  Muon: n=2222 Mean=0.967889 Std=0.230174 RMS90=0.016516

Epoch 486
Pretraining energy response (E_pred / E_true) by true-energy bin:
  1-50 GeV: n=40292 Mean=0.907736 Std=0.358930 RMS90=0.139239
  50-150 GeV: n=23832 Mean=0.929312 Std=0.182336 RMS90=0.037374
  >150 GeV: n=68 Mean=0.914946 Std=0.125659 RMS90=0.032642
Pretraining energy response by particle species:
  Neutron: n=13032 Mean=0.858429 Std=0.261501 RMS90=0.120622
  K0: n=11955 Mean=0.962378 Std=0.190501 RMS90=0.087655
  Photon: n=19748 Mean=0.947805 Std=1.016407 RMS90=0.358523
  Pion: n=21287 Mean=0.955755 Std=0.264568 RMS90=0.076225
  Electron: n=6154 Mean=0.908007 Std=1.248298 RMS90=0.313270
  Muon: n=2222 Mean=0.951658 Std=0.225368 RMS90=0.023570

Epoch 487
Pretraining energy response (E_pred / E_true) by true-energy bin:
  1-50 GeV: n=40292 Mean=0.908174 Std=0.498606 RMS90=0.141433
  50-150 GeV: n=23832 Mean=0.923005 Std=0.291886 RMS90=0.037704
  >150 GeV: n=68 Mean=0.908535 Std=0.129140 RMS90=0.037580
Pretraining energy response by particle species:
  Neutron: n=13032 Mean=0.857566 Std=0.262022 RMS90=0.119273
  K0: n=11955 Mean=0.962454 Std=0.193252 RMS90=0.090370
  Photon: n=19748 Mean=0.958722 Std=1.109610 RMS90=0.359150
  Pion: n=21287 Mean=0.948125 Std=0.268313 RMS90=0.075271
  Electron: n=6154 Mean=0.921920 Std=2.404925 RMS90=0.310225
  Muon: n=2222 Mean=0.944092 Std=0.223946 RMS90=0.019170

Epoch 488
Pretraining energy response (E_pred / E_true) by true-energy bin:
  1-50 GeV: n=40292 Mean=0.904909 Std=0.566900 RMS90=0.142165
  50-150 GeV: n=23832 Mean=0.922667 Std=0.340815 RMS90=0.039050
  >150 GeV: n=68 Mean=0.907497 Std=0.128061 RMS90=0.037782
Pretraining energy response by particle species:
  Neutron: n=13032 Mean=0.858096 Std=0.261021 RMS90=0.121472
  K0: n=11955 Mean=0.962558 Std=0.193580 RMS90=0.091183
  Photon: n=19748 Mean=0.953173 Std=1.210785 RMS90=0.357784
  Pion: n=21287 Mean=0.942640 Std=0.266890 RMS90=0.071039
  Electron: n=6154 Mean=0.923915 Std=2.896050 RMS90=0.309105
  Muon: n=2222 Mean=0.940183 Std=0.225859 RMS90=0.018512

Epoch 489
Pretraining energy response (E_pred / E_true) by true-energy bin:
  1-50 GeV: n=40292 Mean=0.905568 Std=0.528437 RMS90=0.140830
  50-150 GeV: n=23832 Mean=0.923398 Std=0.314879 RMS90=0.039079
  >150 GeV: n=68 Mean=0.906543 Std=0.130069 RMS90=0.032804
Pretraining energy response by particle species:
  Neutron: n=13032 Mean=0.857995 Std=0.260709 RMS90=0.119032
  K0: n=11955 Mean=0.961438 Std=0.194585 RMS90=0.092651
  Photon: n=19748 Mean=0.956093 Std=1.228677 RMS90=0.354405
  Pion: n=21287 Mean=0.944730 Std=0.265304 RMS90=0.071674
  Electron: n=6154 Mean=0.922464 Std=2.632659 RMS90=0.307677
  Muon: n=2222 Mean=0.942842 Std=0.237007 RMS90=0.015884

Epoch 490
Pretraining energy response (E_pred / E_true) by true-energy bin:
  1-50 GeV: n=40292 Mean=0.923916 Std=0.558917 RMS90=0.145562
  50-150 GeV: n=23832 Mean=0.950897 Std=0.332560 RMS90=0.037328
  >150 GeV: n=68 Mean=0.936189 Std=0.132502 RMS90=0.034031
Pretraining energy response by particle species:
  Neutron: n=13032 Mean=0.870049 Std=0.264504 RMS90=0.118674
  K0: n=11955 Mean=0.976895 Std=0.193641 RMS90=0.088974
  Photon: n=19748 Mean=0.958308 Std=1.136405 RMS90=0.368303
  Pion: n=21287 Mean=0.979962 Std=0.276080 RMS90=0.075444
  Electron: n=6154 Mean=0.946331 Std=2.814045 RMS90=0.326154
  Muon: n=2222 Mean=0.980455 Std=0.236354 RMS90=0.017204

Epoch 491
Pretraining energy response (E_pred / E_true) by true-energy bin:
  1-50 GeV: n=40292 Mean=0.921662 Std=0.698696 RMS90=0.138071
  50-150 GeV: n=23832 Mean=0.941348 Std=0.430879 RMS90=0.036222
  >150 GeV: n=68 Mean=0.924329 Std=0.130963 RMS90=0.027989
Pretraining energy response by particle species:
  Neutron: n=13032 Mean=0.868309 Std=0.261850 RMS90=0.118851
  K0: n=11955 Mean=0.972293 Std=0.193085 RMS90=0.089485
  Photon: n=19748 Mean=0.976001 Std=1.274525 RMS90=0.354941
  Pion: n=21287 Mean=0.967700 Std=0.269081 RMS90=0.073919
  Electron: n=6154 Mean=0.963521 Std=3.770714 RMS90=0.310158
  Muon: n=2222 Mean=0.962723 Std=0.229239 RMS90=0.015346

Epoch 492
Pretraining energy response (E_pred / E_true) by true-energy bin:
  1-50 GeV: n=40292 Mean=0.916082 Std=0.620445 RMS90=0.142109
  50-150 GeV: n=23832 Mean=0.937638 Std=0.378259 RMS90=0.036531
  >150 GeV: n=68 Mean=0.923423 Std=0.130190 RMS90=0.037602
Pretraining energy response by particle species:
  Neutron: n=13032 Mean=0.865841 Std=0.262004 RMS90=0.120544
  K0: n=11955 Mean=0.971048 Std=0.193796 RMS90=0.089767
  Photon: n=19748 Mean=0.963863 Std=1.225511 RMS90=0.358063
  Pion: n=21287 Mean=0.961352 Std=0.266325 RMS90=0.075721
  Electron: n=6154 Mean=0.947658 Std=3.265085 RMS90=0.313255
  Muon: n=2222 Mean=0.957458 Std=0.241382 RMS90=0.016520

Epoch 493
Pretraining energy response (E_pred / E_true) by true-energy bin:
  1-50 GeV: n=40292 Mean=0.910079 Std=0.618618 RMS90=0.141495
  50-150 GeV: n=23832 Mean=0.922653 Std=0.375264 RMS90=0.039053
  >150 GeV: n=68 Mean=0.908072 Std=0.128819 RMS90=0.033351
Pretraining energy response by particle species:
  Neutron: n=13032 Mean=0.861484 Std=0.261489 RMS90=0.119689
  K0: n=11955 Mean=0.966451 Std=0.196379 RMS90=0.092876
  Photon: n=19748 Mean=0.966843 Std=1.202972 RMS90=0.360097
  Pion: n=21287 Mean=0.943226 Std=0.263416 RMS90=0.073125
  Electron: n=6154 Mean=0.937301 Std=3.247767 RMS90=0.307120
  Muon: n=2222 Mean=0.937417 Std=0.230120 RMS90=0.018794

Epoch 494
Pretraining energy response (E_pred / E_true) by true-energy bin:
  1-50 GeV: n=40292 Mean=0.918945 Std=0.632406 RMS90=0.142086
  50-150 GeV: n=23832 Mean=0.939625 Std=0.384454 RMS90=0.036532
  >150 GeV: n=68 Mean=0.923806 Std=0.127485 RMS90=0.028822
Pretraining energy response by particle species:
  Neutron: n=13032 Mean=0.867447 Std=0.262461 RMS90=0.120075
  K0: n=11955 Mean=0.972809 Std=0.192655 RMS90=0.088485
  Photon: n=19748 Mean=0.970442 Std=1.212122 RMS90=0.363329
  Pion: n=21287 Mean=0.964770 Std=0.266979 RMS90=0.072776
  Electron: n=6154 Mean=0.951668 Std=3.346224 RMS90=0.316428
  Muon: n=2222 Mean=0.954003 Std=0.231163 RMS90=0.027090

Epoch 495
Pretraining energy response (E_pred / E_true) by true-energy bin:
  1-50 GeV: n=40292 Mean=0.917833 Std=0.753920 RMS90=0.141161
  50-150 GeV: n=23832 Mean=0.941889 Std=0.468790 RMS90=0.036013
  >150 GeV: n=68 Mean=0.927227 Std=0.128927 RMS90=0.029053
Pretraining energy response by particle species:
  Neutron: n=13032 Mean=0.860367 Std=0.261500 RMS90=0.120695
  K0: n=11955 Mean=0.964262 Std=0.190135 RMS90=0.087424
  Photon: n=19748 Mean=0.968147 Std=1.344297 RMS90=0.361568
  Pion: n=21287 Mean=0.973352 Std=0.271530 RMS90=0.077815
  Electron: n=6154 Mean=0.969931 Std=4.123557 RMS90=0.318323
  Muon: n=2222 Mean=0.970005 Std=0.223547 RMS90=0.017329

Epoch 496
Pretraining energy response (E_pred / E_true) by true-energy bin:
  1-50 GeV: n=40292 Mean=0.910225 Std=0.319113 RMS90=0.140464
  50-150 GeV: n=23832 Mean=0.937525 Std=0.145829 RMS90=0.035753
  >150 GeV: n=68 Mean=0.925865 Std=0.126999 RMS90=0.030341
Pretraining energy response by particle species:
  Neutron: n=13032 Mean=0.861568 Std=0.260680 RMS90=0.119471
  K0: n=11955 Mean=0.966555 Std=0.190952 RMS90=0.086959
  Photon: n=19748 Mean=0.952646 Std=0.946431 RMS90=0.356732
  Pion: n=21287 Mean=0.962777 Std=0.264799 RMS90=0.076152
  Electron: n=6154 Mean=0.903993 Std=0.785222 RMS90=0.313308
  Muon: n=2222 Mean=0.962161 Std=0.229487 RMS90=0.015128

Epoch 497
Pretraining energy response (E_pred / E_true) by true-energy bin:
  1-50 GeV: n=40292 Mean=0.910695 Std=0.371994 RMS90=0.140043
  50-150 GeV: n=23832 Mean=0.936737 Std=0.190329 RMS90=0.036807
  >150 GeV: n=68 Mean=0.924936 Std=0.126015 RMS90=0.033299
Pretraining energy response by particle species:
  Neutron: n=13032 Mean=0.863966 Std=0.262805 RMS90=0.120173
  K0: n=11955 Mean=0.968723 Std=0.191529 RMS90=0.088118
  Photon: n=19748 Mean=0.957903 Std=1.046591 RMS90=0.359039
  Pion: n=21287 Mean=0.960128 Std=0.265261 RMS90=0.073981
  Electron: n=6154 Mean=0.913819 Std=1.380743 RMS90=0.313820
  Muon: n=2222 Mean=0.955936 Std=0.230746 RMS90=0.016414

Epoch 498
Pretraining energy response (E_pred / E_true) by true-energy bin:
  1-50 GeV: n=40292 Mean=0.918513 Std=0.589240 RMS90=0.142990
  50-150 GeV: n=23832 Mean=0.939082 Std=0.354909 RMS90=0.038338
  >150 GeV: n=68 Mean=0.923172 Std=0.129886 RMS90=0.029276
Pretraining energy response by particle species:
  Neutron: n=13032 Mean=0.868062 Std=0.263870 RMS90=0.121347
  K0: n=11955 Mean=0.972736 Std=0.194110 RMS90=0.091315
  Photon: n=19748 Mean=0.969503 Std=1.288514 RMS90=0.361419
  Pion: n=21287 Mean=0.964092 Std=0.270678 RMS90=0.077332
  Electron: n=6154 Mean=0.945263 Std=3.037094 RMS90=0.313876
  Muon: n=2222 Mean=0.959437 Std=0.233059 RMS90=0.015285

Epoch 499
Pretraining energy response (E_pred / E_true) by true-energy bin:
  1-50 GeV: n=40292 Mean=0.914749 Std=0.683600 RMS90=0.139998
  50-150 GeV: n=23832 Mean=0.933142 Std=0.419966 RMS90=0.037494
  >150 GeV: n=68 Mean=0.916320 Std=0.130702 RMS90=0.029715
Pretraining energy response by particle species:
  Neutron: n=13032 Mean=0.864983 Std=0.261441 RMS90=0.120525
  K0: n=11955 Mean=0.969675 Std=0.194263 RMS90=0.091001
  Photon: n=19748 Mean=0.965756 Std=1.297124 RMS90=0.355435
  Pion: n=21287 Mean=0.954604 Std=0.268131 RMS90=0.075141
  Electron: n=6154 Mean=0.949230 Std=3.680498 RMS90=0.308588
  Muon: n=2222 Mean=0.950993 Std=0.230865 RMS90=0.016085

