cuda:0
thetaphi at main: True
Loading dataset...
Extended H5: retain valid unknown-truth inputs; supervised loss is masked; exclude_gap_hits=True
Using ILCStreamingDataset (shuffle_buffer=256, files_per_chunk=32, seed=1001)
ILCStreamingDataset: path=/data/suehara/mldata/pfa/murata/data/tc/eventCut/tc_singleParticles_nobrems/train, files=396, events~=361681, shuffle_buffer=256, files_per_chunk=32
Extended H5: retain valid unknown-truth inputs; supervised loss is masked; exclude_gap_hits=True
Using ILCStreamingDataset (shuffle_buffer=256, files_per_chunk=32, seed=1001)
ILCStreamingDataset: path=/data/suehara/mldata/pfa/murata/data/tc/eventCut/tc_singleParticles_nobrems/validation, files=49, events~=44307, shuffle_buffer=256, files_per_chunk=32
Training dataset size:  361681
Validating dataset size:  44307
Batch size:  512
Loading GravNetModelMultiHead (heads=3, reg_heads=2, interaction=none)
restart period :  30
DDP scheduler setup: local_batch_size=128, local_epoch_size=90920, world_size=4
Training epoch 0
[1.51437905e-05 7.85244567e-07 2.51496543e-04 1.52398199e-06
 7.56651305e-05 1.03260186e-12 1.06607799e-04 2.59327553e-06
 3.70073050e-04 5.33658629e-12 1.69771070e-05 4.70199518e-06
 2.93624939e-04 8.71107013e-06 1.40297596e-05 4.76283567e-06
 2.73750352e-04 8.14175187e-06 4.21268068e-04 3.95527113e-06
 1.17961035e-05 3.02675682e-06 2.53057940e-05 4.53877327e-13
 5.73399674e-05 3.17895460e-06 2.18117059e-04 5.87359979e-12
 1.01604268e-05 2.79349060e-06 1.70813912e-04 4.71220472e-06
 9.09516708e-06 2.93442181e-06 1.74274482e-04 5.09075129e-06
 2.78225754e-04 2.71123360e-06 7.98971517e-06 2.76392912e-06
 1.94541428e-05 3.71140048e-13 3.81443878e-05 1.99315188e-06
 1.33417854e-04 3.01479620e-12 6.04891548e-06 1.81157189e-06
 1.07167439e-04 3.03954631e-06 5.96112425e-06 1.96632069e-06
 1.17605391e-04 3.35970226e-06 2.02636544e-04 1.90394365e-06
 5.93741011e-06 2.57046416e-06 9.35878944e-06 2.69965813e-13
 2.38141418e-05 1.52720795e-06 8.76903120e-05 1.90875552e-12
 4.13381757e-06 1.02767697e-06 7.12558437e-05 1.80713797e-06
 3.91197256e-06 1.24655050e-06 7.63250079e-05 2.09992920e-06
 1.32629286e-04 1.22757200e-06 3.87335548e-06 2.33723014e-06
 3.13457133e-04 8.24414639e-06 8.41610366e-06 4.23348352e-06
 1.60548061e-04 7.38460808e-06 7.13570968e-06 3.60340573e-06
 1.36112899e-04 6.28607442e-06 6.31624041e-06 3.46061577e-06
 1.18835886e-04 5.84930587e-06 7.43192662e-06 5.60672863e-06
 0.00000000e+00 0.00000000e+00 0.00000000e+00 0.00000000e+00
 0.00000000e+00 0.00000000e+00 0.00000000e+00 0.00000000e+00
 0.00000000e+00 0.00000000e+00 0.00000000e+00 0.00000000e+00
 0.00000000e+00 0.00000000e+00 0.00000000e+00 0.00000000e+00
 0.00000000e+00 0.00000000e+00 0.00000000e+00 0.00000000e+00
 0.00000000e+00 0.00000000e+00 0.00000000e+00 0.00000000e+00
 0.00000000e+00 0.00000000e+00 0.00000000e+00 0.00000000e+00
 0.00000000e+00 0.00000000e+00 0.00000000e+00 0.00000000e+00
 1.09288483e-04 1.01544851e-05 8.26307066e-05 2.30105219e-05
 7.53735313e-05 2.36116684e-05 0.00000000e+00 0.00000000e+00
 0.00000000e+00 0.00000000e+00 0.00000000e+00 0.00000000e+00
 0.00000000e+00 0.00000000e+00 0.00000000e+00 0.00000000e+00
 0.00000000e+00 0.00000000e+00]
train  L_V                   = +0.0000 (0.0%)
 train    L_V_attractive      = +0.0000 (0.0%)
 train      L_V_attractive_charged      = +0.0000 (0.0%)
 train      L_V_attractive_neutral      = +0.0000 (0.0%)
 train    L_V_repulsive       = +0.0000 (0.0%)
 train      L_V_repulsive_charged       = +0.0000 (0.0%)
 train      L_V_repulsive_neutral       = +0.0000 (0.0%)
 train    L_charged_cluster   = +0.0000 (0.0%)
 train  L_beta              = +0.5135 (5.1%)
 train    L_beta_noise        = +0.0000 (0.0%)
 train    L_beta_sig          = -0.3261 (-3.3%)
 train    L_beta_suppress     = +0.0000 (0.0%)
 train    L_beta_track        = +0.8396 (8.4%)
 train      L_beta_norms_term   = -0.4742 (-4.7%)
 train      L_beta_logbeta_term = +0.1481 (1.5%)
 train  L_E   = +9.4832 (94.9%)
 train    L_E_charge = +0.0000 (0.0%)
 train    L_E_cond = +3.7910 (37.9%)
 train    L_E_cluster = +5.6922 (56.9%)
 train    L_E_w_photon   = +0.0000 (0.0%)
 train    L_E_w_charged_hadron   = +0.0000 (0.0%)
 train    L_E_w_neutral_hadron   = +0.0000 (0.0%)
 train    L_E_w_muon     = +0.0000 (0.0%)
 train    L_E_w_electron = +0.0000 (0.0%)
learning rate :  [0.00039890465297888624]
train loss :  1.000024676322937
test   L_V                   = +0.0000 (0.0%)
    L_V_attractive      = +0.0000 (0.0%)
      L_V_attractive_charged      = +0.0000 (0.0%)
      L_V_attractive_neutral      = +0.0000 (0.0%)
    L_V_repulsive       = +0.0000 (0.0%)
      L_V_repulsive_charged       = +0.0000 (0.0%)
      L_V_repulsive_neutral       = +0.0000 (0.0%)
    L_charged_cluster   = +0.0000 (0.0%)
  L_beta              = +0.5105 (5.1%)
    L_beta_noise        = +0.0000 (0.0%)
    L_beta_sig          = -0.3182 (-3.2%)
    L_beta_suppress     = +0.0000 (0.0%)
    L_beta_track        = +0.8287 (8.3%)
      L_beta_norms_term   = -0.4688 (-4.7%)
      L_beta_logbeta_term = +0.1506 (1.5%)
  L_E   = +9.4241 (94.9%)
    L_E_charge = +0.0000 (0.0%)
    L_E_cond = +3.7836 (38.1%)
    L_E_cluster = +5.6404 (56.8%)
    L_E_w_photon   = +0.0000 (0.0%)
    L_E_w_charged_hadron   = +0.0000 (0.0%)
    L_E_w_neutral_hadron   = +0.0000 (0.0%)
    L_E_w_muon     = +0.0000 (0.0%)
    L_E_w_electron = +0.0000 (0.0%)
Epoch 0
Pretraining energy response (E_pred / E_true) by true-energy bin:
  1-50 GeV: n=22369 Mean=7.443052 Std=7.453001 RMS90=5.771172
  50-150 GeV: n=21867 Mean=5.146999 Std=4.698680 RMS90=3.997104
  >150 GeV: n=70 Mean=4.336708 Std=4.067380 RMS90=3.583400
Pretraining energy response by particle species:
  Neutron: n=11095 Mean=7.921176 Std=3.890651 RMS90=2.974081
  K0: n=11257 Mean=8.641914 Std=4.601304 RMS90=3.393068
  Photon: n=6167 Mean=15.100154 Std=5.558079 RMS90=3.728658
  Pion: n=13008 Mean=0.070044 Std=0.650693 RMS90=0.012737
  Electron: n=782 Mean=0.098503 Std=1.055794 RMS90=0.017536
  Muon: n=1998 Mean=0.055529 Std=0.958212 RMS90=0.012787
Returning 1.0000004768371582
Training epoch 1
[1.45826972e-03 6.36758027e-05 9.21734126e-03 7.05720828e-05
 1.08262525e-03 5.05759522e-11 3.20325038e-03 1.01868094e-04
 8.80340032e-03 1.27166141e-10 3.72800170e-04 1.11015815e-04
 4.48314749e-03 1.69131711e-04 2.60883431e-04 1.78812091e-04
 3.89867950e-03 2.22183534e-04 5.37392897e-03 1.74824340e-04
 2.43685084e-04 7.91580533e-05 1.18902326e-04 8.43386296e-12
 9.90292061e-04 6.69684360e-05 3.46514502e-03 8.52896573e-11
 1.93557259e-04 9.08952560e-05 2.54828387e-03 1.12033284e-04
 1.54556740e-04 1.42643463e-04 2.38108982e-03 1.62441259e-04
 3.50202860e-03 1.17126333e-04 1.89842341e-04 6.97682047e-05
 5.06133330e-05 2.63422083e-12 7.46697157e-04 4.54087673e-05
 2.15206429e-03 3.75031970e-11 1.26614651e-04 6.59586144e-05
 1.61419712e-03 6.88067114e-05 1.00371590e-04 8.68970423e-05
 1.57641741e-03 9.50335860e-05 2.35427008e-03 7.31881013e-05
 1.40724777e-04 6.82502590e-05 4.17926411e-05 2.80364483e-12
 6.44687740e-04 5.00919160e-05 1.66056689e-03 2.64320429e-11
 8.23288425e-05 2.87550775e-05 1.17470284e-03 3.76506503e-05
 7.17919125e-05 4.43874192e-05 1.17411974e-03 5.55591927e-05
 2.07349321e-03 4.70149488e-05 1.05559959e-04 6.02988720e-05
 6.82380760e-03 1.99494422e-04 3.40392439e-04 1.89921968e-04
 6.12270622e-03 3.28151402e-04 3.57189794e-04 2.10691706e-04
 6.70187466e-03 3.49977942e-04 4.29037824e-04 2.85781466e-04
 8.53119520e-03 4.75515910e-04 8.39663692e-04 5.67596750e-04
 0.00000000e+00 0.00000000e+00 0.00000000e+00 0.00000000e+00
 0.00000000e+00 0.00000000e+00 0.00000000e+00 0.00000000e+00
 0.00000000e+00 0.00000000e+00 0.00000000e+00 0.00000000e+00
 0.00000000e+00 0.00000000e+00 0.00000000e+00 0.00000000e+00
 0.00000000e+00 0.00000000e+00 0.00000000e+00 0.00000000e+00
 0.00000000e+00 0.00000000e+00 0.00000000e+00 0.00000000e+00
 0.00000000e+00 0.00000000e+00 0.00000000e+00 0.00000000e+00
 0.00000000e+00 0.00000000e+00 0.00000000e+00 0.00000000e+00
 1.38552444e-02 8.64353787e-04 2.57448840e-02 1.80213301e-03
 5.95687298e-02 5.39637598e-03 0.00000000e+00 0.00000000e+00
 0.00000000e+00 0.00000000e+00 0.00000000e+00 0.00000000e+00
 0.00000000e+00 0.00000000e+00 0.00000000e+00 0.00000000e+00
 0.00000000e+00 0.00000000e+00]
train  L_V                   = +0.0002 (0.0%)
 train    L_V_attractive      = +0.0002 (0.0%)
 train      L_V_attractive_charged      = +0.0001 (0.0%)
 train      L_V_attractive_neutral      = +0.0001 (0.0%)
 train    L_V_repulsive       = +0.0000 (0.0%)
 train      L_V_repulsive_charged       = +0.0000 (0.0%)
 train      L_V_repulsive_neutral       = +0.0000 (0.0%)
 train    L_charged_cluster   = +0.0000 (0.0%)
 train  L_beta              = -0.3219 (-3.5%)
 train    L_beta_noise        = +0.0000 (0.0%)
 train    L_beta_sig          = -0.9867 (-10.8%)
 train    L_beta_suppress     = +0.0000 (0.0%)
 train    L_beta_track        = +0.6648 (7.2%)
 train      L_beta_norms_term   = -0.9884 (-10.8%)
 train      L_beta_logbeta_term = +0.0017 (0.0%)
 train  L_E   = +9.4946 (103.5%)
 train    L_E_charge = +0.0000 (0.0%)
 train    L_E_cond = +3.7905 (41.3%)
 train    L_E_cluster = +5.7041 (62.2%)
 train    L_E_w_photon   = +0.0000 (0.0%)
 train    L_E_w_charged_hadron   = +0.0000 (0.0%)
 train    L_E_w_neutral_hadron   = +0.0000 (0.0%)
 train    L_E_w_muon     = +0.0000 (0.0%)
 train    L_E_w_electron = +0.0000 (0.0%)
learning rate :  [0.00039890465297888624, 0.00039563061276672447]
train loss :  0.6782621145248413
test   L_V                   = +0.0000 (0.0%)
    L_V_attractive      = +0.0000 (0.0%)
      L_V_attractive_charged      = +0.0000 (0.0%)
      L_V_attractive_neutral      = +0.0000 (0.0%)
    L_V_repulsive       = +0.0000 (0.0%)
      L_V_repulsive_charged       = +0.0000 (0.0%)
      L_V_repulsive_neutral       = +0.0000 (0.0%)
    L_charged_cluster   = +0.0000 (0.0%)
  L_beta              = -0.3584 (-3.9%)
    L_beta_noise        = +0.0000 (0.0%)
    L_beta_sig          = -0.9954 (-11.0%)
    L_beta_suppress     = +0.0000 (0.0%)
    L_beta_track        = +0.6370 (7.0%)
      L_beta_norms_term   = -0.9954 (-11.0%)
      L_beta_logbeta_term = +0.0000 (0.0%)
  L_E   = +9.4344 (103.9%)
    L_E_charge = +0.0000 (0.0%)
    L_E_cond = +3.7828 (41.7%)
    L_E_cluster = +5.6517 (62.3%)
    L_E_w_photon   = +0.0000 (0.0%)
    L_E_w_charged_hadron   = +0.0000 (0.0%)
    L_E_w_neutral_hadron   = +0.0000 (0.0%)
    L_E_w_muon     = +0.0000 (0.0%)
    L_E_w_electron = +0.0000 (0.0%)
Epoch 1
Pretraining energy response (E_pred / E_true) by true-energy bin:
  1-50 GeV: n=22369 Mean=7.629955 Std=7.671144 RMS90=5.923559
  50-150 GeV: n=21867 Mean=5.204464 Std=4.768149 RMS90=4.049457
  >150 GeV: n=70 Mean=4.467581 Std=4.178775 RMS90=3.683735
Pretraining energy response by particle species:
  Neutron: n=11095 Mean=8.041997 Std=3.996007 RMS90=3.048987
  K0: n=11257 Mean=8.795974 Std=4.748943 RMS90=3.512169
  Photon: n=6167 Mean=15.485024 Std=5.773482 RMS90=3.921306
  Pion: n=13008 Mean=0.069790 Std=0.660855 RMS90=0.012721
  Electron: n=782 Mean=0.101268 Std=1.131956 RMS90=0.017737
  Muon: n=1998 Mean=0.055495 Std=0.969054 RMS90=0.012611
Returning 0.6416065096855164
Training epoch 2
[4.93844260e-01 1.81860809e-02 3.17989226e+00 1.36079304e-02
 4.79610035e-01 5.23286640e-08 1.11255186e+00 1.52800586e-02
 1.73586014e+00 1.76883572e-08 1.22407218e-01 1.20430221e-01
 1.19475776e+00 8.89051289e-02 9.25195884e-02 1.17507440e-01
 1.01467441e+00 9.93896310e-02 2.20504678e+00 9.96903692e-02
 1.47224774e-01 4.92027794e-02 1.88355346e-02 1.32498346e-09
 1.34552038e-01 1.87648472e-02 2.54903414e-01 8.57355315e-09
 1.54969192e-02 3.62053579e-02 1.20617057e-01 1.81727996e-02
 9.93582349e-03 3.13544269e-02 9.84987645e-02 1.92537347e-02
 2.42275311e-01 1.48197994e-02 3.92827261e-02 3.63361945e-02
 9.81011925e-04 1.61482837e-10 1.95107117e-02 1.45634741e-03
 4.26927395e-02 1.48104419e-09 2.72505560e-03 6.11235206e-03
 2.33680292e-02 3.14905972e-03 2.07756712e-03 5.01593908e-03
 2.54224596e-02 3.58553650e-03 8.67493822e-02 3.01072563e-03
 3.62791511e-02 3.73938461e-02 5.90220049e-04 8.07003067e-11
 2.48090304e-02 4.66050579e-03 6.16049996e-02 5.24774041e-09
 7.83437493e-03 4.96704378e-03 8.77658230e-02 5.16540742e-03
 1.02001622e-02 1.26584683e-02 1.46016217e-01 1.43168669e-02
 7.61733230e-01 2.60062767e-02 5.57507031e-02 3.66497375e-02
 2.07211070e-02 6.66915320e-04 8.41463635e-04 8.71617370e-04
 1.44322826e-02 1.39669862e-03 5.06853762e-04 3.41304773e-04
 8.61283555e-03 5.18051655e-04 4.59605633e-04 3.38635746e-04
 9.01031610e-03 5.25875396e-04 6.77659885e-04 4.48856205e-04
 2.39888296e+00 7.43678640e-02 1.02597490e-01 7.37507035e-02
 1.76992041e+00 1.21554189e-01 8.46175260e-02 6.06992346e-02
 1.36496371e+00 9.30844439e-02 7.61989189e-02 4.30314182e-02
 8.78065403e-01 4.94945092e-02 7.93538181e-02 7.60666586e-02
 2.25729176e+00 8.50428074e-02 1.09804264e-01 1.08703435e-01
 2.03012074e+00 1.78649252e-01 9.34212683e-02 8.08776221e-02
 1.66150428e+00 1.28082423e-01 8.83943747e-02 6.43457051e-02
 1.49932449e+00 9.20598232e-02 1.61880323e-01 2.09866044e-01
 1.30678702e-02 6.06460108e-04 3.50335631e-02 7.91289200e-04
 9.69228239e-02 1.42230117e-04 3.29000828e-01 2.21736342e-02
 3.31574648e-01 1.07683478e-02 7.60560008e-01 1.38850390e-02
 1.91313576e+00 2.05388848e-01 1.88924315e+00 2.59765151e-01
 3.22053454e+00 5.40382063e-01]
train  L_V                   = +0.0008 (0.0%)
 train    L_V_attractive      = +0.0008 (0.0%)
 train      L_V_attractive_charged      = +0.0004 (0.0%)
 train      L_V_attractive_neutral      = +0.0003 (0.0%)
 train    L_V_repulsive       = +0.0000 (0.0%)
 train      L_V_repulsive_charged       = +0.0000 (0.0%)
 train      L_V_repulsive_neutral       = +0.0000 (0.0%)
 train    L_charged_cluster   = +0.0000 (0.0%)
 train  L_beta              = -0.3334 (-7.3%)
 train    L_beta_noise        = +0.0000 (0.0%)
 train    L_beta_sig          = -0.9952 (-21.7%)
 train    L_beta_suppress     = +0.0000 (0.0%)
 train    L_beta_track        = +0.6617 (14.4%)
 train      L_beta_norms_term   = -0.9952 (-21.7%)
 train      L_beta_logbeta_term = +0.0000 (0.0%)
 train  L_E   = +4.9184 (107.3%)
 train    L_E_charge = +0.0000 (0.0%)
 train    L_E_cond = +2.5442 (55.5%)
 train    L_E_cluster = +2.3742 (51.8%)
 train    L_E_w_photon   = +0.0000 (0.0%)
 train    L_E_w_charged_hadron   = +0.0000 (0.0%)
 train    L_E_w_neutral_hadron   = +0.0000 (0.0%)
 train    L_E_w_muon     = +0.0000 (0.0%)
 train    L_E_w_electron = +0.0000 (0.0%)
learning rate :  [0.00039890465297888624, 0.00039563061276672447, 0.000390213750433216]
train loss :  5.585711479187012
test   L_V                   = +0.0000 (0.0%)
    L_V_attractive      = +0.0000 (0.0%)
      L_V_attractive_charged      = +0.0000 (0.0%)
      L_V_attractive_neutral      = +0.0000 (0.0%)
    L_V_repulsive       = +0.0000 (0.0%)
      L_V_repulsive_charged       = +0.0000 (0.0%)
      L_V_repulsive_neutral       = +0.0000 (0.0%)
    L_charged_cluster   = +0.0000 (0.0%)
  L_beta              = -0.3584 (-9.8%)
    L_beta_noise        = +0.0000 (0.0%)
    L_beta_sig          = -0.9954 (-27.2%)
    L_beta_suppress     = +0.0000 (0.0%)
    L_beta_track        = +0.6370 (17.4%)
      L_beta_norms_term   = -0.9954 (-27.2%)
      L_beta_logbeta_term = +0.0000 (0.0%)
  L_E   = +4.0192 (109.8%)
    L_E_charge = +0.0000 (0.0%)
    L_E_cond = +2.2492 (61.4%)
    L_E_cluster = +1.7700 (48.3%)
    L_E_w_photon   = +0.0000 (0.0%)
    L_E_w_charged_hadron   = +0.0000 (0.0%)
    L_E_w_neutral_hadron   = +0.0000 (0.0%)
    L_E_w_muon     = +0.0000 (0.0%)
    L_E_w_electron = +0.0000 (0.0%)
Epoch 2
Pretraining energy response (E_pred / E_true) by true-energy bin:
  1-50 GeV: n=22369 Mean=0.951661 Std=0.413861 RMS90=0.277599
  50-150 GeV: n=21867 Mean=0.810177 Std=0.312598 RMS90=0.292935
  >150 GeV: n=70 Mean=0.890290 Std=0.205360 RMS90=0.191442
Pretraining energy response by particle species:
  Neutron: n=11095 Mean=0.922794 Std=0.216729 RMS90=0.141755
  K0: n=11257 Mean=0.954138 Std=0.204703 RMS90=0.139287
  Photon: n=6167 Mean=0.892296 Std=0.136577 RMS90=0.100752
  Pion: n=13008 Mean=0.801752 Std=0.572904 RMS90=0.421991
  Electron: n=782 Mean=0.798752 Std=0.575866 RMS90=0.471602
  Muon: n=1998 Mean=0.766411 Std=0.425777 RMS90=0.257041
Returning 4.660764694213867
Training epoch 3
[6.79788967e-01 5.75916289e-02 4.07410473e+00 2.57514009e-02
 5.17085764e-01 6.36715416e-08 1.37517570e+00 2.65379679e-02
 2.27213662e+00 1.56116823e-08 1.63860262e-01 1.09235777e-01
 1.55322401e+00 1.00836849e-01 1.26362749e-01 1.32050017e-01
 1.32060812e+00 1.22244124e-01 2.66271955e+00 1.16162405e-01
 1.68969673e-01 2.57894186e-02 2.13870339e-02 1.05432363e-09
 9.80079833e-02 1.03289321e-02 9.94563672e-02 2.58325448e-09
 6.16663977e-03 1.98377026e-02 4.11768904e-02 8.95640919e-03
 3.24823576e-03 1.62793150e-02 3.48474128e-02 9.82348389e-03
 1.28465010e-01 9.13355070e-03 1.79016614e-02 1.74754238e-02
 2.51391554e-04 2.90081252e-11 5.63940578e-03 3.83267226e-04
 1.19221411e-02 3.49281677e-10 5.75435120e-04 2.77652537e-03
 3.63846046e-03 1.16060913e-03 3.11847934e-04 1.93627566e-03
 2.62561427e-03 1.11178397e-03 7.62019934e-03 8.23725291e-04
 1.52472196e-02 1.85837316e-02 3.05326925e-05 1.27264287e-11
 7.34056747e-03 2.00808546e-03 2.09088881e-02 4.43096722e-09
 3.05367989e-03 3.02740164e-03 3.38638141e-02 2.92041882e-03
 4.48492839e-03 8.83836534e-03 6.51038085e-02 9.79826620e-03
 3.58188353e-01 1.72720216e-02 2.82654222e-02 1.74708282e-02
 3.61488524e-03 7.32363268e-05 1.04823872e-04 7.48719171e-05
 2.00873061e-03 1.09553871e-04 9.77129885e-05 6.11339621e-05
 1.96707658e-03 9.13946576e-05 1.17894139e-04 7.70358195e-05
 2.94500717e-03 1.20851515e-04 1.96792273e-04 9.62283706e-05
 1.77923891e+00 3.59139079e-02 7.16526214e-02 5.84685871e-02
 1.19325937e+00 9.03139819e-02 8.22448592e-02 5.99677382e-02
 1.17822127e+00 8.36548247e-02 8.35924321e-02 6.60123024e-02
 9.96380156e-01 6.46493700e-02 1.25898373e-01 1.34511881e-01
 1.55519673e+00 4.34446957e-02 6.36186990e-02 7.76059092e-02
 1.06054185e+00 1.09208451e-01 6.23511244e-02 6.16253908e-02
 1.04573691e+00 8.10137446e-02 7.95277838e-02 6.58213869e-02
 1.35567636e+00 8.45714539e-02 2.25835985e-01 2.88223510e-01
 4.20726117e-03 1.01986321e-04 1.06949852e-02 9.23970060e-05
 4.02596274e-02 3.41613883e-05 5.52443826e-01 3.59926076e-02
 4.67665980e-01 1.54291066e-02 1.04882957e+00 1.70688369e-02
 2.27038040e+00 2.69497570e-01 2.34778470e+00 4.18073400e-01
 4.66319079e+00 8.88489615e-01]
train  L_V                   = +0.0001 (0.0%)
 train    L_V_attractive      = +0.0001 (0.0%)
 train      L_V_attractive_charged      = +0.0000 (0.0%)
 train      L_V_attractive_neutral      = +0.0001 (0.0%)
 train    L_V_repulsive       = +0.0000 (0.0%)
 train      L_V_repulsive_charged       = +0.0000 (0.0%)
 train      L_V_repulsive_neutral       = +0.0000 (0.0%)
 train    L_charged_cluster   = +0.0000 (0.0%)
 train  L_beta              = -0.3331 (-10.1%)
 train    L_beta_noise        = +0.0000 (0.0%)
 train    L_beta_sig          = -0.9955 (-30.2%)
 train    L_beta_suppress     = +0.0000 (0.0%)
 train    L_beta_track        = +0.6624 (20.1%)
 train      L_beta_norms_term   = -0.9955 (-30.2%)
 train      L_beta_logbeta_term = +0.0000 (0.0%)
 train  L_E   = +3.6329 (110.1%)
 train    L_E_charge = +0.0000 (0.0%)
 train    L_E_cond = +1.9704 (59.7%)
 train    L_E_cluster = +1.6626 (50.4%)
 train    L_E_w_photon   = +0.0000 (0.0%)
 train    L_E_w_charged_hadron   = +0.0000 (0.0%)
 train    L_E_w_neutral_hadron   = +0.0000 (0.0%)
 train    L_E_w_muon     = +0.0000 (0.0%)
 train    L_E_w_electron = +0.0000 (0.0%)
learning rate :  [0.00039890465297888624, 0.00039563061276672447, 0.000390213750433216, 0.00038271341425563806]
train loss :  4.299890518188477
test   L_V                   = +0.0000 (0.0%)
    L_V_attractive      = +0.0000 (0.0%)
      L_V_attractive_charged      = +0.0000 (0.0%)
      L_V_attractive_neutral      = +0.0000 (0.0%)
    L_V_repulsive       = +0.0000 (0.0%)
      L_V_repulsive_charged       = +0.0000 (0.0%)
      L_V_repulsive_neutral       = +0.0000 (0.0%)
    L_charged_cluster   = +0.0000 (0.0%)
  L_beta              = -0.3584 (-10.7%)
    L_beta_noise        = +0.0000 (0.0%)
    L_beta_sig          = -0.9954 (-29.8%)
    L_beta_suppress     = +0.0000 (0.0%)
    L_beta_track        = +0.6370 (19.1%)
      L_beta_norms_term   = -0.9954 (-29.8%)
      L_beta_logbeta_term = +0.0000 (0.0%)
  L_E   = +3.6935 (110.7%)
    L_E_charge = +0.0000 (0.0%)
    L_E_cond = +2.2088 (66.2%)
    L_E_cluster = +1.4847 (44.5%)
    L_E_w_photon   = +0.0000 (0.0%)
    L_E_w_charged_hadron   = +0.0000 (0.0%)
    L_E_w_neutral_hadron   = +0.0000 (0.0%)
    L_E_w_muon     = +0.0000 (0.0%)
    L_E_w_electron = +0.0000 (0.0%)
Epoch 3
Pretraining energy response (E_pred / E_true) by true-energy bin:
  1-50 GeV: n=22369 Mean=1.105038 Std=0.428628 RMS90=0.237428
  50-150 GeV: n=21867 Mean=0.780028 Std=0.310154 RMS90=0.298436
  >150 GeV: n=70 Mean=0.803823 Std=0.249895 RMS90=0.232949
Pretraining energy response by particle species:
  Neutron: n=11095 Mean=0.929110 Std=0.168323 RMS90=0.100364
  K0: n=11257 Mean=0.976346 Std=0.155563 RMS90=0.096624
  Photon: n=6167 Mean=0.998953 Std=0.079125 RMS90=0.051814
  Pion: n=13008 Mean=0.909742 Std=0.666842 RMS90=0.477577
  Electron: n=782 Mean=0.919024 Std=0.628467 RMS90=0.510397
  Muon: n=1998 Mean=0.911407 Std=0.556165 RMS90=0.374262
Returning 4.33505916595459
Training epoch 4
[6.72996557e-01 9.27854114e-02 4.07700647e+00 3.37983351e-02
 4.90915454e-01 6.33320343e-08 1.43038411e+00 3.31706760e-02
 2.24760012e+00 1.76526201e-08 1.64550066e-01 1.01840836e-01
 1.52879939e+00 9.82669377e-02 1.30686524e-01 1.22857229e-01
 1.39832917e+00 1.24441423e-01 3.00587386e+00 1.11041448e-01
 1.68823764e-01 2.35263870e-02 2.22790232e-02 9.10179849e-10
 5.83480115e-02 8.53735640e-03 6.25753631e-02 2.26504421e-09
 3.49337749e-03 1.58370570e-02 2.57839625e-02 7.08984208e-03
 2.32993951e-03 1.32204662e-02 2.68970564e-02 8.25639020e-03
 1.22496231e-01 7.58930526e-03 1.73757888e-02 1.65206666e-02
 4.55819311e-04 6.34797959e-11 4.41363275e-03 7.36592990e-04
 8.17093548e-03 3.93871185e-10 4.33237412e-04 2.64990611e-03
 2.69261215e-03 1.04996579e-03 3.54567241e-04 2.23501282e-03
 2.87813005e-03 1.28800917e-03 9.17927002e-03 9.58839417e-04
 1.32099193e-02 1.75965863e-02 1.15797566e-04 3.54331690e-11
 5.06860534e-03 1.22832700e-03 1.39482364e-02 5.65893431e-09
 2.34351779e-03 2.22915479e-03 2.61363816e-02 2.20703424e-03
 3.89705039e-03 7.63205854e-03 5.56514844e-02 8.90909990e-03
 2.60903626e-01 1.21620154e-02 2.25641514e-02 1.66424121e-02
 5.27202562e-04 1.18092972e-05 1.71144070e-05 1.43878206e-05
 3.19021507e-04 1.96181541e-05 1.77851910e-05 1.30246724e-05
 3.62379337e-04 1.92290810e-05 2.41409564e-05 1.68841346e-05
 5.98444886e-04 2.70104276e-05 3.76550157e-05 2.60338483e-05
 1.66210351e+00 3.38557419e-02 6.85300324e-02 5.58808325e-02
 1.11407176e+00 8.37065859e-02 8.27784003e-02 6.24801887e-02
 1.14031364e+00 8.47350245e-02 8.27097522e-02 6.59461945e-02
 1.00112529e+00 6.20031635e-02 1.38955847e-01 1.44656090e-01
 1.31317468e+00 3.96603730e-02 5.64579398e-02 7.70993288e-02
 9.23144243e-01 1.00341306e-01 5.09754123e-02 5.68716107e-02
 8.57616408e-01 6.80226101e-02 6.99505531e-02 5.92136595e-02
 1.15703612e+00 7.31833424e-02 2.25790072e-01 2.86249249e-01
 9.41778497e-04 2.34709920e-05 1.88758969e-03 2.59621199e-05
 7.25202667e-03 9.42554922e-06 6.28175864e-01 3.99078359e-02
 5.67360385e-01 1.70261718e-02 1.21225848e+00 1.85539927e-02
 2.23446185e+00 2.64823578e-01 2.32531625e+00 4.32386865e-01
 4.69947592e+00 9.33038136e-01]
train  L_V                   = +0.0000 (0.0%)
 train    L_V_attractive      = +0.0000 (0.0%)
 train      L_V_attractive_charged      = +0.0000 (0.0%)
 train      L_V_attractive_neutral      = +0.0000 (0.0%)
 train    L_V_repulsive       = +0.0000 (0.0%)
 train      L_V_repulsive_charged       = +0.0000 (0.0%)
 train      L_V_repulsive_neutral       = +0.0000 (0.0%)
 train    L_charged_cluster   = +0.0000 (0.0%)
 train  L_beta              = -0.3328 (-10.9%)
 train    L_beta_noise        = +0.0000 (0.0%)
 train    L_beta_sig          = -0.9955 (-32.6%)
 train    L_beta_suppress     = +0.0000 (0.0%)
 train    L_beta_track        = +0.6628 (21.7%)
 train      L_beta_norms_term   = -0.9955 (-32.6%)
 train      L_beta_logbeta_term = +0.0000 (0.0%)
 train  L_E   = +3.3875 (110.9%)
 train    L_E_charge = +0.0000 (0.0%)
 train    L_E_cond = +1.7946 (58.7%)
 train    L_E_cluster = +1.5929 (52.1%)
 train    L_E_w_photon   = +0.0000 (0.0%)
 train    L_E_w_charged_hadron   = +0.0000 (0.0%)
 train    L_E_w_neutral_hadron   = +0.0000 (0.0%)
 train    L_E_w_muon     = +0.0000 (0.0%)
 train    L_E_w_electron = +0.0000 (0.0%)
learning rate :  [0.00039890465297888624, 0.00039563061276672447, 0.000390213750433216, 0.00038271341425563806, 0.0003732117794866986]
train loss :  4.054779052734375
test   L_V                   = +0.0000 (0.0%)
    L_V_attractive      = +0.0000 (0.0%)
      L_V_attractive_charged      = +0.0000 (0.0%)
      L_V_attractive_neutral      = +0.0000 (0.0%)
    L_V_repulsive       = +0.0000 (0.0%)
      L_V_repulsive_charged       = +0.0000 (0.0%)
      L_V_repulsive_neutral       = +0.0000 (0.0%)
    L_charged_cluster   = +0.0000 (0.0%)
  L_beta              = -0.3584 (-12.0%)
    L_beta_noise        = +0.0000 (0.0%)
    L_beta_sig          = -0.9954 (-33.3%)
    L_beta_suppress     = +0.0000 (0.0%)
    L_beta_track        = +0.6370 (21.3%)
      L_beta_norms_term   = -0.9954 (-33.3%)
      L_beta_logbeta_term = +0.0000 (0.0%)
  L_E   = +3.3510 (112.0%)
    L_E_charge = +0.0000 (0.0%)
    L_E_cond = +1.7703 (59.2%)
    L_E_cluster = +1.5808 (52.8%)
    L_E_w_photon   = +0.0000 (0.0%)
    L_E_w_charged_hadron   = +0.0000 (0.0%)
    L_E_w_neutral_hadron   = +0.0000 (0.0%)
    L_E_w_muon     = +0.0000 (0.0%)
    L_E_w_electron = +0.0000 (0.0%)
Epoch 4
Pretraining energy response (E_pred / E_true) by true-energy bin:
  1-50 GeV: n=22369 Mean=1.218059 Std=0.359478 RMS90=0.237157
  50-150 GeV: n=21867 Mean=0.830047 Std=0.254114 RMS90=0.198512
  >150 GeV: n=70 Mean=0.852430 Std=0.129327 RMS90=0.101537
Pretraining energy response by particle species:
  Neutron: n=11095 Mean=0.980930 Std=0.153705 RMS90=0.094929
  K0: n=11257 Mean=1.036387 Std=0.189387 RMS90=0.111827
  Photon: n=6167 Mean=1.083446 Std=0.200039 RMS90=0.113693
  Pion: n=13008 Mean=1.025169 Std=0.573253 RMS90=0.456529
  Electron: n=782 Mean=0.997159 Std=0.528532 RMS90=0.429584
  Muon: n=1998 Mean=1.058003 Std=0.512534 RMS90=0.401104
Returning 3.992586612701416
Training epoch 5
[6.50949594e-01 1.16512294e-01 4.33359542e+00 3.77581574e-02
 6.21437610e-01 6.52253709e-08 1.48750065e+00 3.60908781e-02
 2.34058617e+00 1.97128535e-08 1.77676388e-01 1.13920303e-01
 1.62533670e+00 1.03100138e-01 1.36528405e-01 1.34043772e-01
 1.53221098e+00 1.31740626e-01 3.43872966e+00 1.10192701e-01
 1.80968215e-01 1.95592301e-02 2.30101305e-02 1.11862875e-09
 9.75602833e-02 4.52658102e-03 1.30729581e-01 2.71840276e-09
 8.97220491e-03 2.44368042e-02 4.21068686e-02 1.00141313e-02
 3.37295781e-03 1.79285918e-02 2.92904527e-02 9.38763655e-03
 8.78618078e-02 6.90242045e-03 1.40480800e-02 1.47702555e-02
 3.60547337e-04 4.17613249e-11 7.53724814e-03 4.47940238e-04
 1.55963436e-02 5.04412917e-10 7.96452805e-04 3.78789506e-03
 3.77488898e-03 1.33620382e-03 3.14055832e-04 1.99480098e-03
 2.15576841e-03 1.01290902e-03 6.82549701e-03 6.89069999e-04
 1.18643332e-02 1.65199882e-02 9.24205889e-05 1.75266260e-11
 2.26962465e-03 6.00312644e-04 7.16626770e-03 2.46981692e-09
 1.17905882e-03 1.13172914e-03 1.30128813e-02 1.12892802e-03
 2.02671330e-03 3.79475417e-03 2.78310552e-02 4.24135016e-03
 1.44303148e-01 7.04117375e-03 1.50628982e-02 1.53624256e-02
 2.50124735e-03 5.15402106e-05 8.18782349e-05 5.99098316e-05
 1.40356397e-03 7.32710512e-05 6.74590772e-05 4.44200264e-05
 1.19817869e-03 5.45891346e-05 7.72441543e-05 4.50058084e-05
 1.58423568e-03 6.26205922e-05 1.08465870e-04 5.52325978e-05
 1.55473290e+00 3.14267491e-02 6.62846998e-02 5.00932375e-02
 1.02920784e+00 7.19824297e-02 7.52320941e-02 5.66278240e-02
 1.04049541e+00 7.23791487e-02 7.80536958e-02 6.65475585e-02
 1.00542772e+00 6.27716162e-02 1.44129006e-01 1.58662805e-01
 1.15713157e+00 3.38780747e-02 5.36900188e-02 7.46836280e-02
 8.45438877e-01 8.97795591e-02 4.68821414e-02 5.21393984e-02
 7.42776516e-01 5.75688670e-02 6.26920604e-02 5.51039317e-02
 1.02312548e+00 6.52365043e-02 2.12324330e-01 2.67731402e-01
 2.71007547e-03 6.28463654e-05 5.76214956e-03 7.97353819e-05
 1.89310399e-02 1.70104228e-05 6.52477298e-01 4.41763943e-02
 5.83261590e-01 1.91804767e-02 1.25548525e+00 2.06946245e-02
 2.13169116e+00 2.43908040e-01 2.21297953e+00 4.03947442e-01
 4.35494499e+00 8.70658328e-01]
train  L_V                   = +0.0002 (0.0%)
 train    L_V_attractive      = +0.0002 (0.0%)
 train      L_V_attractive_charged      = +0.0001 (0.0%)
 train      L_V_attractive_neutral      = +0.0001 (0.0%)
 train    L_V_repulsive       = +0.0000 (0.0%)
 train      L_V_repulsive_charged       = +0.0000 (0.0%)
 train      L_V_repulsive_neutral       = +0.0000 (0.0%)
 train    L_charged_cluster   = +0.0000 (0.0%)
 train  L_beta              = -0.3331 (-11.2%)
 train    L_beta_noise        = +0.0000 (0.0%)
 train    L_beta_sig          = -0.9955 (-33.6%)
 train    L_beta_suppress     = +0.0000 (0.0%)
 train    L_beta_track        = +0.6625 (22.4%)
 train      L_beta_norms_term   = -0.9955 (-33.6%)
 train      L_beta_logbeta_term = +0.0000 (0.0%)
 train  L_E   = +3.2940 (111.2%)
 train    L_E_charge = +0.0000 (0.0%)
 train    L_E_cond = +1.7405 (58.8%)
 train    L_E_cluster = +1.5535 (52.5%)
 train    L_E_w_photon   = +0.0000 (0.0%)
 train    L_E_w_charged_hadron   = +0.0000 (0.0%)
 train    L_E_w_neutral_hadron   = +0.0000 (0.0%)
 train    L_E_w_muon     = +0.0000 (0.0%)
 train    L_E_w_electron = +0.0000 (0.0%)
learning rate :  [0.00039890465297888624, 0.00039563061276672447, 0.000390213750433216, 0.00038271341425563806, 0.0003732117794866986, 0.00036181294802527074]
train loss :  3.9611892700195312
test   L_V                   = +0.0000 (0.0%)
    L_V_attractive      = +0.0000 (0.0%)
      L_V_attractive_charged      = +0.0000 (0.0%)
      L_V_attractive_neutral      = +0.0000 (0.0%)
    L_V_repulsive       = +0.0000 (0.0%)
      L_V_repulsive_charged       = +0.0000 (0.0%)
      L_V_repulsive_neutral       = +0.0000 (0.0%)
    L_charged_cluster   = +0.0000 (0.0%)
  L_beta              = -0.3584 (-12.8%)
    L_beta_noise        = +0.0000 (0.0%)
    L_beta_sig          = -0.9954 (-35.5%)
    L_beta_suppress     = +0.0000 (0.0%)
    L_beta_track        = +0.6370 (22.7%)
      L_beta_norms_term   = -0.9954 (-35.5%)
      L_beta_logbeta_term = +0.0000 (0.0%)
  L_E   = +3.1590 (112.8%)
    L_E_charge = +0.0000 (0.0%)
    L_E_cond = +1.5632 (55.8%)
    L_E_cluster = +1.5958 (57.0%)
    L_E_w_photon   = +0.0000 (0.0%)
    L_E_w_charged_hadron   = +0.0000 (0.0%)
    L_E_w_neutral_hadron   = +0.0000 (0.0%)
    L_E_w_muon     = +0.0000 (0.0%)
    L_E_w_electron = +0.0000 (0.0%)
Epoch 5
Pretraining energy response (E_pred / E_true) by true-energy bin:
  1-50 GeV: n=22369 Mean=1.164645 Std=0.268250 RMS90=0.168312
  50-150 GeV: n=21867 Mean=0.878764 Std=0.250309 RMS90=0.236192
  >150 GeV: n=70 Mean=0.893269 Std=0.168512 RMS90=0.139121
Pretraining energy response by particle species:
  Neutron: n=11095 Mean=1.022763 Std=0.155303 RMS90=0.094374
  K0: n=11257 Mean=1.080525 Std=0.176967 RMS90=0.106057
  Photon: n=6167 Mean=1.116224 Std=0.155330 RMS90=0.089370
  Pion: n=13008 Mean=0.952301 Std=0.449050 RMS90=0.351294
  Electron: n=782 Mean=0.950385 Std=0.465327 RMS90=0.369393
  Muon: n=1998 Mean=0.904818 Std=0.265730 RMS90=0.190997
Returning 3.8006081581115723
Training epoch 6
[5.66396470e-01 1.28449785e-01 3.98653084e+00 4.00148960e-02
 4.88032432e-01 5.15082032e-08 1.37992446e+00 3.76136534e-02
 2.26658314e+00 1.85860903e-08 1.76261776e-01 1.09837844e-01
 1.59608630e+00 1.03632929e-01 1.41286705e-01 1.21631486e-01
 1.54076347e+00 1.26545992e-01 3.56445663e+00 9.80682606e-02
 1.82789167e-01 1.73077119e-02 1.37313953e-02 6.32616626e-10
 4.56717487e-02 2.25104268e-03 4.34640360e-02 8.09274404e-10
 2.75972719e-03 1.14608499e-02 1.54608490e-02 4.68117683e-03
 1.36988586e-03 8.11017784e-03 1.39763497e-02 4.83462539e-03
 5.36671148e-02 3.89410881e-03 1.03764410e-02 1.27482042e-02
 2.54538320e-04 2.50116566e-11 2.63720162e-03 1.17997614e-04
 4.59136186e-03 1.11921923e-10 2.34780638e-04 1.51578895e-03
 1.08915365e-03 4.87352162e-04 8.90713917e-05 7.72878780e-04
 5.63827777e-04 3.45873444e-04 1.71129428e-03 1.87233424e-04
 1.02531934e-02 1.46219083e-02 5.07604465e-05 7.32140074e-12
 2.50952167e-03 6.79711995e-04 9.18003213e-03 2.11680121e-09
 1.13366850e-03 1.09065278e-03 1.31985790e-02 1.06544033e-03
 1.73989275e-03 3.65895918e-03 2.31060962e-02 3.86811588e-03
 1.22763219e-01 6.53320509e-03 1.19657202e-02 1.35171051e-02
 3.15421079e-03 4.07516448e-05 8.62578557e-05 6.65923755e-05
 1.31496590e-03 7.96668483e-05 5.95842324e-05 3.75267559e-05
 9.21332069e-04 4.74152092e-05 6.80910870e-05 5.07204993e-05
 1.16311479e-03 5.96503795e-05 8.95530375e-05 6.08107060e-05
 1.48355880e+00 2.90580231e-02 6.16057527e-02 4.40969544e-02
 8.90531200e-01 6.10090230e-02 6.86463690e-02 5.10093312e-02
 9.29223535e-01 6.14523034e-02 7.41393587e-02 6.05903695e-02
 9.76893418e-01 5.96790268e-02 1.51521579e-01 1.61394675e-01
 1.08852603e+00 2.75867740e-02 4.61758570e-02 7.02609029e-02
 7.32405924e-01 8.06538570e-02 4.41006867e-02 5.34104526e-02
 6.77641389e-01 5.45254696e-02 6.24558563e-02 5.76957994e-02
 9.52972768e-01 6.18244094e-02 2.26060082e-01 2.87644729e-01
 2.00250681e-03 9.47872740e-05 6.74750026e-03 1.92744553e-04
 1.53407681e-02 1.20954260e-05 6.88200552e-01 4.60491621e-02
 6.40961132e-01 2.07532505e-02 1.40754429e+00 2.23544467e-02
 2.22924997e+00 2.58291366e-01 2.42298734e+00 4.36360856e-01
 4.73862334e+00 9.49123336e-01]
train  L_V                   = +0.0007 (0.0%)
 train    L_V_attractive      = +0.0007 (0.0%)
 train      L_V_attractive_charged      = +0.0001 (0.0%)
 train      L_V_attractive_neutral      = +0.0006 (0.0%)
 train    L_V_repulsive       = +0.0000 (0.0%)
 train      L_V_repulsive_charged       = +0.0000 (0.0%)
 train      L_V_repulsive_neutral       = +0.0000 (0.0%)
 train    L_charged_cluster   = +0.0000 (0.0%)
 train  L_beta              = -0.3329 (-11.8%)
 train    L_beta_noise        = +0.0000 (0.0%)
 train    L_beta_sig          = -0.9955 (-35.4%)
 train    L_beta_suppress     = +0.0000 (0.0%)
 train    L_beta_track        = +0.6626 (23.5%)
 train      L_beta_norms_term   = -0.9955 (-35.4%)
 train      L_beta_logbeta_term = +0.0000 (0.0%)
 train  L_E   = +3.1484 (111.8%)
 train    L_E_charge = +0.0000 (0.0%)
 train    L_E_cond = +1.6311 (57.9%)
 train    L_E_cluster = +1.5173 (53.9%)
 train    L_E_w_photon   = +0.0000 (0.0%)
 train    L_E_w_charged_hadron   = +0.0000 (0.0%)
 train    L_E_w_neutral_hadron   = +0.0000 (0.0%)
 train    L_E_w_muon     = +0.0000 (0.0%)
 train    L_E_w_electron = +0.0000 (0.0%)
learning rate :  [0.00039890465297888624, 0.00039563061276672447, 0.000390213750433216, 0.00038271341425563806, 0.0003732117794866986, 0.00036181294802527074, 0.000348641807854205]
train loss :  3.816115379333496
test   L_V                   = +0.0000 (0.0%)
    L_V_attractive      = +0.0000 (0.0%)
      L_V_attractive_charged      = +0.0000 (0.0%)
      L_V_attractive_neutral      = +0.0000 (0.0%)
    L_V_repulsive       = +0.0000 (0.0%)
      L_V_repulsive_charged       = +0.0000 (0.0%)
      L_V_repulsive_neutral       = +0.0000 (0.0%)
    L_charged_cluster   = +0.0000 (0.0%)
  L_beta              = -0.3584 (-12.9%)
    L_beta_noise        = +0.0000 (0.0%)
    L_beta_sig          = -0.9954 (-35.8%)
    L_beta_suppress     = +0.0000 (0.0%)
    L_beta_track        = +0.6370 (22.9%)
      L_beta_norms_term   = -0.9954 (-35.8%)
      L_beta_logbeta_term = +0.0000 (0.0%)
  L_E   = +3.1404 (112.9%)
    L_E_charge = +0.0000 (0.0%)
    L_E_cond = +1.6879 (60.7%)
    L_E_cluster = +1.4525 (52.2%)
    L_E_w_photon   = +0.0000 (0.0%)
    L_E_w_charged_hadron   = +0.0000 (0.0%)
    L_E_w_neutral_hadron   = +0.0000 (0.0%)
    L_E_w_muon     = +0.0000 (0.0%)
    L_E_w_electron = +0.0000 (0.0%)
Epoch 6
Pretraining energy response (E_pred / E_true) by true-energy bin:
  1-50 GeV: n=22369 Mean=1.320379 Std=0.680344 RMS90=0.419743
  50-150 GeV: n=21867 Mean=0.854500 Std=0.251248 RMS90=0.238204
  >150 GeV: n=70 Mean=0.879523 Std=0.154258 RMS90=0.125057
Pretraining energy response by particle species:
  Neutron: n=11095 Mean=0.951524 Std=0.149694 RMS90=0.090605
  K0: n=11257 Mean=1.003176 Std=0.147581 RMS90=0.088616
  Photon: n=6167 Mean=1.029509 Std=0.088716 RMS90=0.054475
  Pion: n=13008 Mean=1.261629 Std=0.889531 RMS90=0.661417
  Electron: n=782 Mean=1.348212 Std=1.031664 RMS90=0.798436
  Muon: n=1998 Mean=1.311401 Std=0.900263 RMS90=0.532457
Returning 3.7819244861602783
Training epoch 7
[5.31638810e-01 1.26703523e-01 3.90409371e+00 3.95934315e-02
 4.20051479e-01 4.80449548e-08 1.37901886e+00 3.71078244e-02
 2.36177872e+00 1.92753413e-08 1.82818397e-01 1.16123167e-01
 1.68250652e+00 1.07571808e-01 1.53342402e-01 1.26377632e-01
 1.65638294e+00 1.33063723e-01 3.95309816e+00 1.03627816e-01
 1.98000515e-01 1.68710488e-02 2.30422053e-02 6.53418241e-10
 3.39868887e-02 1.48256453e-03 2.97152095e-02 6.08516554e-10
 1.67073922e-03 9.70885728e-03 1.11957697e-02 4.15576934e-03
 1.15918197e-03 6.56681306e-03 1.20137629e-02 4.24275239e-03
 4.45220176e-02 3.11738877e-03 9.53506499e-03 1.19228608e-02
 1.03348819e-04 7.85791691e-12 1.04444874e-03 4.33209550e-05
 1.61032896e-03 6.83000811e-11 9.01290809e-05 8.19283210e-04
 4.45568753e-04 2.59532917e-04 4.46354363e-05 4.25381362e-04
 3.00998222e-04 1.92211504e-04 9.13252084e-04 1.02434073e-04
 1.01552421e-02 1.39298171e-02 1.17814538e-05 2.66133679e-12
 9.25841741e-04 3.02413126e-04 4.88384788e-03 1.43057327e-09
 8.94533565e-04 6.75771416e-04 1.06307394e-02 7.30226066e-04
 1.65793361e-03 3.08697827e-03 2.13423472e-02 3.29539546e-03
 1.03978816e-01 5.56695928e-03 1.13935347e-02 1.28127245e-02
 3.59325619e-04 4.53820576e-06 1.04199671e-05 6.15537458e-06
 1.80982664e-04 7.41039431e-06 8.38239396e-06 4.61316176e-06
 1.35235063e-04 5.91733073e-06 7.74701387e-06 5.50615201e-06
 1.36814126e-04 7.30160541e-06 9.33529822e-06 9.58625798e-06
 1.51211969e+00 2.69250005e-02 6.58342160e-02 4.37196041e-02
 8.93165513e-01 5.91034287e-02 7.05914079e-02 5.55025731e-02
 9.38841168e-01 6.82485729e-02 7.95946016e-02 6.62794885e-02
 9.97196966e-01 6.32602902e-02 1.59191046e-01 1.79540370e-01
 1.08216806e+00 2.69650914e-02 4.50872191e-02 6.63488470e-02
 7.10775600e-01 7.62339823e-02 4.41268226e-02 5.18741390e-02
 6.71905045e-01 5.26570175e-02 6.47481083e-02 5.74432304e-02
 9.31124155e-01 5.96723226e-02 2.14769852e-01 2.68807583e-01
 2.15927360e-04 5.73586017e-06 4.06396603e-04 3.83392107e-06
 1.19846060e-03 3.88734091e-06 7.47372047e-01 4.94890006e-02
 7.18863637e-01 2.20002844e-02 1.49840439e+00 2.35794836e-02
 2.14772019e+00 2.41078400e-01 2.33200034e+00 4.11399057e-01
 4.42279843e+00 8.86389459e-01]
train  L_V                   = +0.0003 (0.0%)
 train    L_V_attractive      = +0.0003 (0.0%)
 train      L_V_attractive_charged      = +0.0002 (0.0%)
 train      L_V_attractive_neutral      = +0.0000 (0.0%)
 train    L_V_repulsive       = +0.0000 (0.0%)
 train      L_V_repulsive_charged       = +0.0000 (0.0%)
 train      L_V_repulsive_neutral       = +0.0000 (0.0%)
 train    L_charged_cluster   = +0.0000 (0.0%)
 train  L_beta              = -0.3332 (-12.1%)
 train    L_beta_noise        = +0.0000 (0.0%)
 train    L_beta_sig          = -0.9956 (-36.2%)
 train    L_beta_suppress     = +0.0000 (0.0%)
 train    L_beta_track        = +0.6623 (24.1%)
 train      L_beta_norms_term   = -0.9956 (-36.2%)
 train      L_beta_logbeta_term = +0.0000 (0.0%)
 train  L_E   = +3.0838 (112.1%)
 train    L_E_charge = +0.0000 (0.0%)
 train    L_E_cond = +1.5901 (57.8%)
 train    L_E_cluster = +1.4937 (54.3%)
 train    L_E_w_photon   = +0.0000 (0.0%)
 train    L_E_w_charged_hadron   = +0.0000 (0.0%)
 train    L_E_w_neutral_hadron   = +0.0000 (0.0%)
 train    L_E_w_muon     = +0.0000 (0.0%)
 train    L_E_w_electron = +0.0000 (0.0%)
learning rate :  [0.00039890465297888624, 0.00039563061276672447, 0.000390213750433216, 0.00038271341425563806, 0.0003732117794866986, 0.00036181294802527074, 0.000348641807854205, 0.0003338426647414537]
train loss :  3.750861406326294
test   L_V                   = +0.0000 (0.0%)
    L_V_attractive      = +0.0000 (0.0%)
      L_V_attractive_charged      = +0.0000 (0.0%)
      L_V_attractive_neutral      = +0.0000 (0.0%)
    L_V_repulsive       = +0.0000 (0.0%)
      L_V_repulsive_charged       = +0.0000 (0.0%)
      L_V_repulsive_neutral       = +0.0000 (0.0%)
    L_charged_cluster   = +0.0000 (0.0%)
  L_beta              = -0.3584 (-10.4%)
    L_beta_noise        = +0.0000 (0.0%)
    L_beta_sig          = -0.9954 (-28.9%)
    L_beta_suppress     = +0.0000 (0.0%)
    L_beta_track        = +0.6370 (18.5%)
      L_beta_norms_term   = -0.9954 (-28.9%)
      L_beta_logbeta_term = +0.0000 (0.0%)
  L_E   = +3.8060 (110.4%)
    L_E_charge = +0.0000 (0.0%)
    L_E_cond = +1.8592 (53.9%)
    L_E_cluster = +1.9468 (56.5%)
    L_E_w_photon   = +0.0000 (0.0%)
    L_E_w_charged_hadron   = +0.0000 (0.0%)
    L_E_w_neutral_hadron   = +0.0000 (0.0%)
    L_E_w_muon     = +0.0000 (0.0%)
    L_E_w_electron = +0.0000 (0.0%)
Epoch 7
Pretraining energy response (E_pred / E_true) by true-energy bin:
  1-50 GeV: n=22369 Mean=1.257116 Std=0.912837 RMS90=0.582774
  50-150 GeV: n=21867 Mean=0.820444 Std=0.234525 RMS90=0.150236
  >150 GeV: n=70 Mean=0.769718 Std=0.169517 RMS90=0.141637
Pretraining energy response by particle species:
  Neutron: n=11095 Mean=0.781477 Std=0.147843 RMS90=0.105557
  K0: n=11257 Mean=0.823218 Std=0.138719 RMS90=0.094697
  Photon: n=6167 Mean=0.837375 Std=0.103027 RMS90=0.061478
  Pion: n=13008 Mean=1.448980 Std=1.050432 RMS90=0.723347
  Electron: n=782 Mean=1.827073 Std=1.099280 RMS90=1.015341
  Muon: n=1998 Mean=1.370276 Std=0.931450 RMS90=0.590051
Returning 4.447587490081787
Training epoch 8
[4.58700854e-01 1.33933660e-01 3.72440191e+00 4.04940453e-02
 3.84909340e-01 4.14274175e-08 1.35680225e+00 3.78150964e-02
 2.30786266e+00 1.81455585e-08 1.77627711e-01 1.05493926e-01
 1.65524395e+00 1.04011253e-01 1.57466278e-01 1.21089174e-01
 1.64234366e+00 1.29246944e-01 3.93962636e+00 1.03871118e-01
 1.97392442e-01 1.50488709e-02 1.07451499e-02 3.54480337e-10
 1.52719248e-02 8.62190143e-04 1.31199486e-02 2.79290871e-10
 7.17814859e-04 4.64811078e-03 4.49707961e-03 1.92669662e-03
 5.61188346e-04 2.90913909e-03 6.22001085e-03 1.94984429e-03
 2.74961810e-02 1.80430530e-03 8.12666685e-03 1.06279072e-02
 4.75176368e-05 3.52590044e-12 3.27563904e-04 1.90313206e-05
 5.07992298e-04 1.90383869e-11 3.05241709e-05 2.81330975e-04
 1.43633369e-04 8.68280021e-05 1.49315777e-05 1.37792045e-04
 8.58343995e-05 5.93843415e-05 1.92174599e-04 2.69741571e-05
 8.98586568e-03 1.25492890e-02 1.94395693e-06 4.57249777e-13
 5.52448383e-04 1.91346374e-04 3.41223292e-03 1.05252970e-09
 6.19528422e-04 4.64102116e-04 7.04619618e-03 4.96662315e-04
 9.42217751e-04 1.88738046e-03 1.19848026e-02 1.92691967e-03
 6.38978113e-02 3.48724618e-03 9.38301610e-03 1.14440194e-02
 1.44578849e-04 1.64132835e-06 3.69131316e-06 2.06107023e-06
 6.68510960e-05 2.30689166e-06 2.90829408e-06 1.73697635e-06
 5.14265283e-05 2.17832144e-06 3.22487006e-06 2.35563805e-06
 6.14788557e-05 3.18574505e-06 4.53007547e-06 5.23346231e-06
 1.39060690e+00 2.27665619e-02 6.25833411e-02 4.28674335e-02
 8.27032266e-01 5.62762672e-02 6.65651692e-02 5.00825382e-02
 8.61281642e-01 5.75260505e-02 7.67568117e-02 6.39554684e-02
 9.62257002e-01 6.14355740e-02 1.60703821e-01 1.72593012e-01
 1.04259810e+00 2.39266282e-02 4.31797600e-02 6.72885818e-02
 6.87830763e-01 7.34077960e-02 4.19164757e-02 5.29509911e-02
 6.33924092e-01 5.05679823e-02 5.98802064e-02 5.30890427e-02
 8.68483321e-01 5.50312735e-02 2.25048739e-01 2.79733064e-01
 1.21062961e-04 2.66364055e-06 2.09476118e-04 1.97981189e-06
 6.43893266e-04 2.40232271e-06 7.62909730e-01 4.82181015e-02
 7.40548636e-01 2.20436403e-02 1.53434550e+00 2.36095204e-02
 2.12194239e+00 2.49140474e-01 2.40575415e+00 4.42264941e-01
 4.75046590e+00 9.74218319e-01]
train  L_V                   = +0.0001 (0.0%)
 train    L_V_attractive      = +0.0001 (0.0%)
 train      L_V_attractive_charged      = +0.0000 (0.0%)
 train      L_V_attractive_neutral      = +0.0001 (0.0%)
 train    L_V_repulsive       = +0.0000 (0.0%)
 train      L_V_repulsive_charged       = +0.0000 (0.0%)
 train      L_V_repulsive_neutral       = +0.0000 (0.0%)
 train    L_charged_cluster   = +0.0000 (0.0%)
 train  L_beta              = -0.3332 (-12.4%)
 train    L_beta_noise        = +0.0000 (0.0%)
 train    L_beta_sig          = -0.9956 (-37.2%)
 train    L_beta_suppress     = +0.0000 (0.0%)
 train    L_beta_track        = +0.6624 (24.7%)
 train      L_beta_norms_term   = -0.9956 (-37.2%)
 train      L_beta_logbeta_term = +0.0000 (0.0%)
 train  L_E   = +3.0122 (112.4%)
 train    L_E_charge = +0.0000 (0.0%)
 train    L_E_cond = +1.5363 (57.3%)
 train    L_E_cluster = +1.4760 (55.1%)
 train    L_E_w_photon   = +0.0000 (0.0%)
 train    L_E_w_charged_hadron   = +0.0000 (0.0%)
 train    L_E_w_neutral_hadron   = +0.0000 (0.0%)
 train    L_E_w_muon     = +0.0000 (0.0%)
 train    L_E_w_electron = +0.0000 (0.0%)
learning rate :  [0.00039890465297888624, 0.00039563061276672447, 0.000390213750433216, 0.00038271341425563806, 0.0003732117794866986, 0.00036181294802527074, 0.000348641807854205, 0.0003338426647414537, 0.00031760148556057003]
train loss :  3.6792333126068115
test   L_V                   = +0.0000 (0.0%)
    L_V_attractive      = +0.0000 (0.0%)
      L_V_attractive_charged      = +0.0000 (0.0%)
      L_V_attractive_neutral      = +0.0000 (0.0%)
    L_V_repulsive       = +0.0000 (0.0%)
      L_V_repulsive_charged       = +0.0000 (0.0%)
      L_V_repulsive_neutral       = +0.0000 (0.0%)
    L_charged_cluster   = +0.0000 (0.0%)
  L_beta              = -0.3584 (-11.3%)
    L_beta_noise        = +0.0000 (0.0%)
    L_beta_sig          = -0.9954 (-31.3%)
    L_beta_suppress     = +0.0000 (0.0%)
    L_beta_track        = +0.6370 (20.0%)
      L_beta_norms_term   = -0.9954 (-31.3%)
      L_beta_logbeta_term = +0.0000 (0.0%)
  L_E   = +3.5357 (111.3%)
    L_E_charge = +0.0000 (0.0%)
    L_E_cond = +1.7179 (54.1%)
    L_E_cluster = +1.8177 (57.2%)
    L_E_w_photon   = +0.0000 (0.0%)
    L_E_w_charged_hadron   = +0.0000 (0.0%)
    L_E_w_neutral_hadron   = +0.0000 (0.0%)
    L_E_w_muon     = +0.0000 (0.0%)
    L_E_w_electron = +0.0000 (0.0%)
Epoch 8
Pretraining energy response (E_pred / E_true) by true-energy bin:
  1-50 GeV: n=22369 Mean=1.431998 Std=1.090418 RMS90=0.560872
  50-150 GeV: n=21867 Mean=0.775718 Std=0.216723 RMS90=0.164808
  >150 GeV: n=70 Mean=0.774727 Std=0.156920 RMS90=0.143479
Pretraining energy response by particle species:
  Neutron: n=11095 Mean=0.855161 Std=0.121271 RMS90=0.076738
  K0: n=11257 Mean=0.903621 Std=0.146090 RMS90=0.085033
  Photon: n=6167 Mean=0.945443 Std=0.129090 RMS90=0.059771
  Pion: n=13008 Mean=1.476209 Std=1.370646 RMS90=0.810120
  Electron: n=782 Mean=1.722667 Std=1.168024 RMS90=1.033413
  Muon: n=1998 Mean=1.507148 Std=1.155357 RMS90=0.659010
Returning 4.177234172821045
Training epoch 9
[4.70710511e-01 1.21074543e-01 3.51450813e+00 3.69002095e-02
 4.13390547e-01 4.29544331e-08 1.32534673e+00 3.43331835e-02
 2.30112283e+00 1.82394850e-08 1.78675660e-01 1.09521329e-01
 1.65034168e+00 1.07925751e-01 1.64070779e-01 1.28631323e-01
 1.68901640e+00 1.33998629e-01 3.94090264e+00 1.08215034e-01
 2.10529624e-01 1.98466429e-02 3.98758145e-02 9.24385802e-10
 1.07294386e-01 5.27809099e-03 1.27350159e-01 1.79093668e-09
 9.86767818e-03 2.32437219e-02 4.37327352e-02 9.63082995e-03
 3.83840618e-03 1.54411556e-02 2.78121993e-02 8.38432600e-03
 4.64396327e-02 3.80699145e-03 9.80861400e-03 1.07764433e-02
 7.27402870e-04 5.16132967e-11 3.35389308e-03 2.07769599e-04
 4.88458006e-03 1.49225487e-10 2.67938581e-04 2.41422549e-03
 1.10109061e-03 7.16884339e-04 1.46267190e-04 9.50736735e-04
 9.35134331e-04 4.16075398e-04 5.57018386e-03 4.11211784e-04
 1.01059231e-02 1.26580829e-02 2.34943418e-04 1.27139780e-11
 2.10760228e-03 5.22261133e-04 6.30807000e-03 6.63338828e-10
 1.06268667e-03 9.90659511e-04 9.70630381e-03 7.79907232e-04
 1.12341329e-03 2.04230992e-03 1.24069917e-02 1.82869250e-03
 5.41930523e-02 3.07163225e-03 9.99554759e-03 1.15721302e-02
 9.46542703e-03 4.21184635e-04 2.99072107e-04 2.55518257e-04
 2.77467987e-03 1.81069493e-04 1.32784796e-04 1.20866454e-04
 1.72887275e-03 8.87791355e-05 1.01242775e-04 7.64843080e-05
 1.43149254e-03 6.68410129e-05 1.16669547e-04 8.11661110e-05
 1.31841334e+00 2.38154467e-02 6.65659197e-02 4.41653568e-02
 8.33429903e-01 5.68561012e-02 6.73915853e-02 5.10996876e-02
 8.70035540e-01 5.86982812e-02 7.79287070e-02 6.14481051e-02
 9.29387905e-01 5.77622719e-02 1.52195702e-01 1.61416285e-01
 1.02333637e+00 2.31420271e-02 4.44657122e-02 6.27770945e-02
 6.80504680e-01 6.78434346e-02 4.37898258e-02 5.44589250e-02
 6.55943055e-01 5.02722873e-02 6.49488665e-02 5.72491602e-02
 9.07533060e-01 5.57932284e-02 2.28759340e-01 2.86637675e-01
 1.32213577e-03 7.51417726e-05 2.53919966e-03 4.76585135e-05
 6.95911058e-03 4.01894836e-05 6.93394879e-01 4.33981370e-02
 7.00715163e-01 1.94946976e-02 1.46194794e+00 2.09170023e-02
 2.20417837e+00 2.54564213e-01 2.48559138e+00 4.49035980e-01
 4.81694900e+00 9.84614371e-01]
train  L_V                   = +0.0010 (0.0%)
 train    L_V_attractive      = +0.0010 (0.0%)
 train      L_V_attractive_charged      = +0.0006 (0.0%)
 train      L_V_attractive_neutral      = +0.0004 (0.0%)
 train    L_V_repulsive       = +0.0000 (0.0%)
 train      L_V_repulsive_charged       = +0.0000 (0.0%)
 train      L_V_repulsive_neutral       = +0.0000 (0.0%)
 train    L_charged_cluster   = +0.0000 (0.0%)
 train  L_beta              = -0.3330 (-12.3%)
 train    L_beta_noise        = +0.0000 (0.0%)
 train    L_beta_sig          = -0.9955 (-36.8%)
 train    L_beta_suppress     = +0.0000 (0.0%)
 train    L_beta_track        = +0.6625 (24.5%)
 train      L_beta_norms_term   = -0.9955 (-36.8%)
 train      L_beta_logbeta_term = +0.0000 (0.0%)
 train  L_E   = +3.0382 (112.3%)
 train    L_E_charge = +0.0000 (0.0%)
 train    L_E_cond = +1.5515 (57.3%)
 train    L_E_cluster = +1.4867 (54.9%)
 train    L_E_w_photon   = +0.0000 (0.0%)
 train    L_E_w_charged_hadron   = +0.0000 (0.0%)
 train    L_E_w_neutral_hadron   = +0.0000 (0.0%)
 train    L_E_w_muon     = +0.0000 (0.0%)
 train    L_E_w_electron = +0.0000 (0.0%)
learning rate :  [0.00039890465297888624, 0.00039563061276672447, 0.000390213750433216, 0.00038271341425563806, 0.0003732117794866986, 0.00036181294802527074, 0.000348641807854205, 0.0003338426647414537, 0.00031760148556057003, 0.00030002500000000004]
train loss :  3.706108331680298
test   L_V                   = +0.0000 (0.0%)
    L_V_attractive      = +0.0000 (0.0%)
      L_V_attractive_charged      = +0.0000 (0.0%)
      L_V_attractive_neutral      = +0.0000 (0.0%)
    L_V_repulsive       = +0.0000 (0.0%)
      L_V_repulsive_charged       = +0.0000 (0.0%)
      L_V_repulsive_neutral       = +0.0000 (0.0%)
    L_charged_cluster   = +0.0000 (0.0%)
  L_beta              = -0.3584 (-12.6%)
    L_beta_noise        = +0.0000 (0.0%)
    L_beta_sig          = -0.9954 (-34.9%)
    L_beta_suppress     = +0.0000 (0.0%)
    L_beta_track        = +0.6370 (22.3%)
      L_beta_norms_term   = -0.9954 (-34.9%)
      L_beta_logbeta_term = +0.0000 (0.0%)
  L_E   = +3.2107 (112.6%)
    L_E_charge = +0.0000 (0.0%)
    L_E_cond = +1.5492 (54.3%)
    L_E_cluster = +1.6615 (58.3%)
    L_E_w_photon   = +0.0000 (0.0%)
    L_E_w_charged_hadron   = +0.0000 (0.0%)
    L_E_w_neutral_hadron   = +0.0000 (0.0%)
    L_E_w_muon     = +0.0000 (0.0%)
    L_E_w_electron = +0.0000 (0.0%)
Epoch 9
Pretraining energy response (E_pred / E_true) by true-energy bin:
  1-50 GeV: n=22369 Mean=1.252753 Std=0.788075 RMS90=0.215871
  50-150 GeV: n=21867 Mean=0.908742 Std=0.260753 RMS90=0.248702
  >150 GeV: n=70 Mean=0.971038 Std=0.086183 RMS90=0.072830
Pretraining energy response by particle species:
  Neutron: n=11095 Mean=1.020732 Std=0.145783 RMS90=0.094836
  K0: n=11257 Mean=1.076404 Std=0.172767 RMS90=0.100156
  Photon: n=6167 Mean=1.053741 Std=0.085182 RMS90=0.049312
  Pion: n=13008 Mean=1.122061 Std=1.024694 RMS90=0.409324
  Electron: n=782 Mean=1.085676 Std=0.963896 RMS90=0.446212
  Muon: n=1998 Mean=1.290664 Std=0.876094 RMS90=0.370448
Returning 3.8522872924804688
Training epoch 10
[4.55576519e-01 1.33586941e-01 3.56620418e+00 3.96635315e-02
 3.79608766e-01 4.72399856e-08 1.35641374e+00 3.59738239e-02
 2.41465629e+00 1.80302943e-08 1.92568626e-01 1.29062328e-01
 1.82478398e+00 1.23440406e-01 1.86973231e-01 1.40191391e-01
 1.85214940e+00 1.44609453e-01 4.13385770e+00 1.13444050e-01
 2.26773065e-01 2.02233995e-02 2.19444214e-02 8.68499317e-10
 1.16668013e-01 4.92667810e-03 1.36616634e-01 1.95686244e-09
 9.63056340e-03 3.35082003e-02 4.13326064e-02 1.34729531e-02
 3.32535345e-03 1.88912565e-02 2.80146006e-02 1.08236643e-02
 4.22639703e-02 3.84635953e-03 9.49341404e-03 1.06928553e-02
 5.82219374e-04 4.53383454e-11 2.61131677e-03 1.30176055e-04
 3.42249951e-03 1.27940551e-10 2.10142122e-04 2.25848991e-03
 9.33400342e-04 6.53222906e-04 1.16836767e-04 8.35994913e-04
 7.07759578e-04 3.32100264e-04 3.63838356e-03 2.79897305e-04
 1.00940472e-02 1.27222472e-02 7.36966349e-05 4.43135277e-12
 8.00413691e-04 2.06589723e-04 2.28616343e-03 2.70693654e-10
 4.42614522e-04 3.30489273e-04 3.75879637e-03 3.19042030e-04
 6.33223899e-04 1.24018266e-03 8.22647299e-03 1.26625057e-03
 3.77038257e-02 2.08536768e-03 9.92062484e-03 1.18625657e-02
 2.72529285e-03 1.03476126e-04 1.48516762e-04 1.03714553e-04
 1.60804750e-03 8.43135222e-05 6.83366889e-05 5.91138836e-05
 6.99942943e-04 4.08336228e-05 5.54933497e-05 4.58056527e-05
 8.37224064e-04 4.01784515e-05 9.26272155e-05 5.62594796e-05
 1.33575545e+00 2.37622170e-02 6.79278371e-02 4.59897802e-02
 8.22011972e-01 5.49296787e-02 6.52910930e-02 4.92616823e-02
 8.07177550e-01 5.25336474e-02 7.88197531e-02 6.42510093e-02
 9.06023036e-01 5.68750070e-02 1.64799202e-01 1.72043656e-01
 1.00424131e+00 2.32297379e-02 4.25913269e-02 5.61348933e-02
 6.54894880e-01 6.10456647e-02 4.59976474e-02 5.31114589e-02
 6.57599361e-01 4.96950189e-02 6.69546597e-02 5.67254979e-02
 9.14415182e-01 5.52332757e-02 2.24750995e-01 2.80366937e-01
 1.50370381e-03 7.00727180e-05 3.25733788e-03 5.63626379e-05
 8.50826370e-03 3.43581263e-05 7.40706146e-01 4.59470307e-02
 8.38989797e-01 2.21713549e-02 1.71181980e+00 2.41936251e-02
 2.15235150e+00 2.46252252e-01 2.38668288e+00 4.33410693e-01
 4.63593599e+00 9.48365457e-01]
train  L_V                   = +0.0002 (0.0%)
 train    L_V_attractive      = +0.0002 (0.0%)
 train      L_V_attractive_charged      = +0.0001 (0.0%)
 train      L_V_attractive_neutral      = +0.0001 (0.0%)
 train    L_V_repulsive       = +0.0000 (0.0%)
 train      L_V_repulsive_charged       = +0.0000 (0.0%)
 train      L_V_repulsive_neutral       = +0.0000 (0.0%)
 train    L_charged_cluster   = +0.0000 (0.0%)
 train  L_beta              = -0.3337 (-12.6%)
 train    L_beta_noise        = +0.0000 (0.0%)
 train    L_beta_sig          = -0.9955 (-37.5%)
 train    L_beta_suppress     = +0.0000 (0.0%)
 train    L_beta_track        = +0.6618 (24.9%)
 train      L_beta_norms_term   = -0.9955 (-37.5%)
 train      L_beta_logbeta_term = +0.0000 (0.0%)
 train  L_E   = +2.9906 (112.5%)
 train    L_E_charge = +0.0000 (0.0%)
 train    L_E_cond = +1.5280 (57.5%)
 train    L_E_cluster = +1.4626 (55.0%)
 train    L_E_w_photon   = +0.0000 (0.0%)
 train    L_E_w_charged_hadron   = +0.0000 (0.0%)
 train    L_E_w_neutral_hadron   = +0.0000 (0.0%)
 train    L_E_w_muon     = +0.0000 (0.0%)
 train    L_E_w_electron = +0.0000 (0.0%)
learning rate :  [0.00039890465297888624, 0.00039563061276672447, 0.000390213750433216, 0.00038271341425563806, 0.0003732117794866986, 0.00036181294802527074, 0.000348641807854205, 0.0003338426647414537, 0.00031760148556057003, 0.00030002500000000004, 0.0002813769917830063]
train loss :  3.6571836471557617
test   L_V                   = +0.0000 (0.0%)
    L_V_attractive      = +0.0000 (0.0%)
      L_V_attractive_charged      = +0.0000 (0.0%)
      L_V_attractive_neutral      = +0.0000 (0.0%)
    L_V_repulsive       = +0.0000 (0.0%)
      L_V_repulsive_charged       = +0.0000 (0.0%)
      L_V_repulsive_neutral       = +0.0000 (0.0%)
    L_charged_cluster   = +0.0000 (0.0%)
  L_beta              = -0.3584 (-11.8%)
    L_beta_noise        = +0.0000 (0.0%)
    L_beta_sig          = -0.9954 (-32.8%)
    L_beta_suppress     = +0.0000 (0.0%)
    L_beta_track        = +0.6370 (21.0%)
      L_beta_norms_term   = -0.9954 (-32.8%)
      L_beta_logbeta_term = +0.0000 (0.0%)
  L_E   = +3.3958 (111.8%)
    L_E_charge = +0.0000 (0.0%)
    L_E_cond = +1.8809 (61.9%)
    L_E_cluster = +1.5149 (49.9%)
    L_E_w_photon   = +0.0000 (0.0%)
    L_E_w_charged_hadron   = +0.0000 (0.0%)
    L_E_w_neutral_hadron   = +0.0000 (0.0%)
    L_E_w_muon     = +0.0000 (0.0%)
    L_E_w_electron = +0.0000 (0.0%)
Epoch 10
Pretraining energy response (E_pred / E_true) by true-energy bin:
  1-50 GeV: n=22369 Mean=1.349346 Std=0.946773 RMS90=0.423107
  50-150 GeV: n=21867 Mean=0.853082 Std=0.290871 RMS90=0.254849
  >150 GeV: n=70 Mean=0.888063 Std=0.215828 RMS90=0.196245
Pretraining energy response by particle species:
  Neutron: n=11095 Mean=0.961766 Std=0.143403 RMS90=0.099200
  K0: n=11257 Mean=1.013961 Std=0.154679 RMS90=0.092426
  Photon: n=6167 Mean=1.046614 Std=0.095888 RMS90=0.053230
  Pion: n=13008 Mean=1.285817 Std=1.238130 RMS90=0.787526
  Electron: n=782 Mean=1.530763 Std=1.558470 RMS90=1.186414
  Muon: n=1998 Mean=1.220948 Std=0.807027 RMS90=0.446094
Returning 4.037367343902588
Training epoch 11
[4.50411048e-01 1.34191577e-01 3.72911138e+00 3.90630848e-02
 3.10885388e-01 4.04123953e-08 1.35271056e+00 3.53965644e-02
 2.38520856e+00 1.69482710e-08 1.82413234e-01 1.25966755e-01
 1.76282974e+00 1.17182453e-01 1.79727199e-01 1.31015397e-01
 1.77641533e+00 1.37861597e-01 4.06159001e+00 1.05751391e-01
 2.17856291e-01 1.64108221e-02 6.15413977e-03 2.60023724e-10
 1.73368642e-02 7.66456989e-04 1.79701034e-02 3.31138695e-10
 1.00454633e-03 7.27634394e-03 6.47461629e-03 2.97193384e-03
 7.58811766e-04 3.79331533e-03 7.64343282e-03 2.49474407e-03
 2.15710427e-02 1.69565037e-03 7.96273432e-03 9.78219807e-03
 2.88466002e-05 3.09076138e-12 2.77030626e-04 1.00484412e-05
 4.37340347e-04 1.43116684e-11 2.48006867e-05 2.96692600e-04
 1.04919889e-04 7.89895632e-05 1.20703940e-05 9.40641614e-05
 7.18497248e-05 3.63328019e-05 3.67775448e-04 3.04917837e-05
 9.00176273e-03 1.19037273e-02 1.37788587e-05 1.05716275e-12
 3.50656167e-04 1.65063643e-04 1.68104764e-03 3.89952924e-10
 3.99428465e-04 2.21276851e-04 3.84321486e-03 2.53353416e-04
 6.23714923e-04 1.25460505e-03 7.82952325e-03 1.21394853e-03
 3.75465855e-02 2.00236654e-03 8.83810993e-03 1.10743575e-02
 6.19028075e-05 1.13330856e-06 1.91317355e-06 1.57711684e-06
 3.49363768e-05 2.00967075e-06 2.12522820e-06 1.56290727e-06
 4.19219841e-05 1.93792556e-06 3.45271390e-06 2.50303247e-06
 7.55062733e-05 3.52284641e-06 8.52611549e-06 5.36566073e-06
 1.29651252e+00 2.10424874e-02 6.29409584e-02 4.34228280e-02
 7.26740037e-01 5.02405330e-02 6.26134182e-02 4.81833295e-02
 7.51840932e-01 5.14071346e-02 7.66074586e-02 6.44159902e-02
 8.99038313e-01 5.69376342e-02 1.64549853e-01 1.68127985e-01
 9.79866255e-01 2.13983541e-02 4.12897722e-02 5.54259489e-02
 6.37114311e-01 5.89553116e-02 4.63112405e-02 5.09156893e-02
 6.43527050e-01 4.70528265e-02 6.90100437e-02 5.73930600e-02
 9.05967701e-01 5.37394198e-02 2.24150727e-01 2.76389841e-01
 1.95501360e-04 5.55578570e-06 2.64656092e-04 3.21540026e-06
 6.82866141e-04 4.03067543e-06 7.75594967e-01 4.54529329e-02
 8.27214612e-01 2.17463254e-02 1.66399210e+00 2.34941725e-02
 2.10521561e+00 2.41561579e-01 2.37599122e+00 4.31353231e-01
 4.63417465e+00 9.54883286e-01]
train  L_V                   = +0.0000 (0.0%)
 train    L_V_attractive      = +0.0000 (0.0%)
 train      L_V_attractive_charged      = +0.0000 (0.0%)
 train      L_V_attractive_neutral      = +0.0000 (0.0%)
 train    L_V_repulsive       = +0.0000 (0.0%)
 train      L_V_repulsive_charged       = +0.0000 (0.0%)
 train      L_V_repulsive_neutral       = +0.0000 (0.0%)
 train    L_charged_cluster   = +0.0000 (0.0%)
 train  L_beta              = -0.3331 (-12.8%)
 train    L_beta_noise        = +0.0000 (0.0%)
 train    L_beta_sig          = -0.9956 (-38.4%)
 train    L_beta_suppress     = +0.0000 (0.0%)
 train    L_beta_track        = +0.6625 (25.5%)
 train      L_beta_norms_term   = -0.9956 (-38.4%)
 train      L_beta_logbeta_term = +0.0000 (0.0%)
 train  L_E   = +2.9280 (112.8%)
 train    L_E_charge = +0.0000 (0.0%)
 train    L_E_cond = +1.4874 (57.3%)
 train    L_E_cluster = +1.4407 (55.5%)
 train    L_E_w_photon   = +0.0000 (0.0%)
 train    L_E_w_charged_hadron   = +0.0000 (0.0%)
 train    L_E_w_neutral_hadron   = +0.0000 (0.0%)
 train    L_E_w_muon     = +0.0000 (0.0%)
 train    L_E_w_electron = +0.0000 (0.0%)
learning rate :  [0.00039890465297888624, 0.00039563061276672447, 0.000390213750433216, 0.00038271341425563806, 0.0003732117794866986, 0.00036181294802527074, 0.000348641807854205, 0.0003338426647414537, 0.00031760148556057003, 0.00030002500000000004, 0.0002813769917830063, 0.00026183794802527076]
train loss :  3.594956398010254
test   L_V                   = +0.0000 (0.0%)
    L_V_attractive      = +0.0000 (0.0%)
      L_V_attractive_charged      = +0.0000 (0.0%)
      L_V_attractive_neutral      = +0.0000 (0.0%)
    L_V_repulsive       = +0.0000 (0.0%)
      L_V_repulsive_charged       = +0.0000 (0.0%)
      L_V_repulsive_neutral       = +0.0000 (0.0%)
    L_charged_cluster   = +0.0000 (0.0%)
  L_beta              = -0.3584 (-15.0%)
    L_beta_noise        = +0.0000 (0.0%)
    L_beta_sig          = -0.9954 (-41.7%)
    L_beta_suppress     = +0.0000 (0.0%)
    L_beta_track        = +0.6370 (26.7%)
      L_beta_norms_term   = -0.9954 (-41.7%)
      L_beta_logbeta_term = +0.0000 (0.0%)
  L_E   = +2.7455 (115.0%)
    L_E_charge = +0.0000 (0.0%)
    L_E_cond = +1.2782 (53.5%)
    L_E_cluster = +1.4673 (61.5%)
    L_E_w_photon   = +0.0000 (0.0%)
    L_E_w_charged_hadron   = +0.0000 (0.0%)
    L_E_w_neutral_hadron   = +0.0000 (0.0%)
    L_E_w_muon     = +0.0000 (0.0%)
    L_E_w_electron = +0.0000 (0.0%)
Epoch 11
Pretraining energy response (E_pred / E_true) by true-energy bin:
  1-50 GeV: n=22369 Mean=1.202369 Std=0.780978 RMS90=0.251061
  50-150 GeV: n=21867 Mean=0.831087 Std=0.266666 RMS90=0.247667
  >150 GeV: n=70 Mean=0.861084 Std=0.198022 RMS90=0.156566
Pretraining energy response by particle species:
  Neutron: n=11095 Mean=0.979500 Std=0.134437 RMS90=0.083567
  K0: n=11257 Mean=1.034743 Std=0.176909 RMS90=0.090658
  Photon: n=6167 Mean=1.050130 Std=0.216502 RMS90=0.044816
  Pion: n=13008 Mean=0.995457 Std=0.991842 RMS90=0.431989
  Electron: n=782 Mean=1.074626 Std=1.090156 RMS90=0.557775
  Muon: n=1998 Mean=1.176657 Std=1.019429 RMS90=0.462613
Returning 3.3870389461517334
Training epoch 12
[4.52151975e-01 1.28510437e-01 3.47824565e+00 3.76759309e-02
 3.15224203e-01 4.07923972e-08 1.30843768e+00 3.36438859e-02
 2.44187131e+00 1.71094064e-08 1.96167473e-01 1.27182957e-01
 1.88066928e+00 1.26680210e-01 1.99176883e-01 1.39395172e-01
 1.89391084e+00 1.43602786e-01 4.05615509e+00 1.08364363e-01
 2.29459885e-01 1.84806703e-02 1.06355034e-02 4.47602594e-10
 3.60496862e-02 1.38187560e-03 3.78337728e-02 5.75296101e-10
 2.04229177e-03 1.36315073e-02 1.12739383e-02 5.36781588e-03
 1.20358148e-03 6.77989225e-03 1.11374828e-02 4.08130051e-03
 2.97501503e-02 2.11084525e-03 8.78609223e-03 1.04281019e-02
 4.92219686e-05 6.92142378e-12 5.73774991e-04 1.83463943e-05
 9.56817783e-04 2.93949126e-11 5.29217045e-05 6.08546904e-04
 2.11484928e-04 1.60330615e-04 2.35733458e-05 1.92694439e-04
 1.48310164e-04 7.46326352e-05 8.18383260e-04 6.64946187e-05
 9.93083732e-03 1.27235238e-02 4.24910235e-05 1.77275924e-12
 3.92474431e-04 1.53818763e-04 1.62847421e-03 3.25255607e-10
 3.56463666e-04 2.00267703e-04 3.36841491e-03 2.27795653e-04
 5.24229446e-04 9.93626016e-04 6.36046691e-03 9.34400208e-04
 3.19734763e-02 1.65978687e-03 9.58643815e-03 1.18259732e-02
 4.65234678e-05 1.35074071e-06 1.65379403e-06 1.89053517e-06
 2.38934821e-05 1.54416075e-06 1.36751251e-06 1.06009720e-06
 2.42221243e-05 1.07480290e-06 1.85005224e-06 1.30065144e-06
 4.05774314e-05 1.80253071e-06 5.26184397e-06 3.39084654e-06
 1.27302076e+00 2.21333902e-02 6.49020537e-02 4.58943072e-02
 7.52468846e-01 5.25981108e-02 6.32103477e-02 5.08172709e-02
 7.68065495e-01 5.43256250e-02 7.91669136e-02 6.69559606e-02
 9.13655892e-01 5.86900745e-02 1.73688933e-01 1.72116158e-01
 1.00138495e+00 2.31658769e-02 4.45473456e-02 5.81177820e-02
 6.78421441e-01 6.18338910e-02 4.86485219e-02 5.20583239e-02
 6.74677200e-01 4.72578604e-02 7.14273044e-02 6.02615517e-02
 9.38077358e-01 5.56282962e-02 2.23893750e-01 2.75224107e-01
 1.10393411e-04 3.14316828e-06 1.75854074e-04 3.50377071e-06
 4.95629225e-04 2.63455874e-06 7.62659283e-01 4.60640961e-02
 8.77224214e-01 2.27375736e-02 1.78519024e+00 2.48992638e-02
 2.16827692e+00 2.41028011e-01 2.41135406e+00 4.28677031e-01
 4.56885990e+00 9.46374678e-01]
train  L_V                   = +0.0000 (0.0%)
 train    L_V_attractive      = +0.0000 (0.0%)
 train      L_V_attractive_charged      = +0.0000 (0.0%)
 train      L_V_attractive_neutral      = +0.0000 (0.0%)
 train    L_V_repulsive       = +0.0000 (0.0%)
 train      L_V_repulsive_charged       = +0.0000 (0.0%)
 train      L_V_repulsive_neutral       = +0.0000 (0.0%)
 train    L_charged_cluster   = +0.0000 (0.0%)
 train  L_beta              = -0.3333 (-13.0%)
 train    L_beta_noise        = +0.0000 (0.0%)
 train    L_beta_sig          = -0.9956 (-38.9%)
 train    L_beta_suppress     = +0.0000 (0.0%)
 train    L_beta_track        = +0.6623 (25.9%)
 train      L_beta_norms_term   = -0.9956 (-38.9%)
 train      L_beta_logbeta_term = +0.0000 (0.0%)
 train  L_E   = +2.8940 (113.0%)
 train    L_E_charge = +0.0000 (0.0%)
 train    L_E_cond = +1.4652 (57.2%)
 train    L_E_cluster = +1.4288 (55.8%)
 train    L_E_w_photon   = +0.0000 (0.0%)
 train    L_E_w_charged_hadron   = +0.0000 (0.0%)
 train    L_E_w_neutral_hadron   = +0.0000 (0.0%)
 train    L_E_w_muon     = +0.0000 (0.0%)
 train    L_E_w_electron = +0.0000 (0.0%)
learning rate :  [0.00039890465297888624, 0.00039563061276672447, 0.000390213750433216, 0.00038271341425563806, 0.0003732117794866986, 0.00036181294802527074, 0.000348641807854205, 0.0003338426647414537, 0.00031760148556057003, 0.00030002500000000004, 0.0002813769917830063, 0.00026183794802527076, 0.00024162194257901096]
train loss :  3.5607566833496094
test   L_V                   = +0.0000 (0.0%)
    L_V_attractive      = +0.0000 (0.0%)
      L_V_attractive_charged      = +0.0000 (0.0%)
      L_V_attractive_neutral      = +0.0000 (0.0%)
    L_V_repulsive       = +0.0000 (0.0%)
      L_V_repulsive_charged       = +0.0000 (0.0%)
      L_V_repulsive_neutral       = +0.0000 (0.0%)
    L_charged_cluster   = +0.0000 (0.0%)
  L_beta              = -0.3584 (-10.5%)
    L_beta_noise        = +0.0000 (0.0%)
    L_beta_sig          = -0.9954 (-29.1%)
    L_beta_suppress     = +0.0000 (0.0%)
    L_beta_track        = +0.6370 (18.6%)
      L_beta_norms_term   = -0.9954 (-29.1%)
      L_beta_logbeta_term = +0.0000 (0.0%)
  L_E   = +3.7842 (110.5%)
    L_E_charge = +0.0000 (0.0%)
    L_E_cond = +2.2165 (64.7%)
    L_E_cluster = +1.5677 (45.8%)
    L_E_w_photon   = +0.0000 (0.0%)
    L_E_w_charged_hadron   = +0.0000 (0.0%)
    L_E_w_neutral_hadron   = +0.0000 (0.0%)
    L_E_w_muon     = +0.0000 (0.0%)
    L_E_w_electron = +0.0000 (0.0%)
Epoch 12
Pretraining energy response (E_pred / E_true) by true-energy bin:
  1-50 GeV: n=22369 Mean=1.441597 Std=1.060859 RMS90=0.494374
  50-150 GeV: n=21867 Mean=0.792658 Std=0.215397 RMS90=0.158132
  >150 GeV: n=70 Mean=0.802250 Std=0.153282 RMS90=0.083530
Pretraining energy response by particle species:
  Neutron: n=11095 Mean=0.884496 Std=0.123600 RMS90=0.080879
  K0: n=11257 Mean=0.934553 Std=0.151831 RMS90=0.091954
  Photon: n=6167 Mean=0.981192 Std=0.086852 RMS90=0.056565
  Pion: n=13008 Mean=1.474625 Std=1.360491 RMS90=0.784440
  Electron: n=782 Mean=1.718929 Std=1.373194 RMS90=1.068797
  Muon: n=1998 Mean=1.364976 Std=0.914294 RMS90=0.505162
Returning 4.425716400146484
Training epoch 13
[4.52198275e-01 1.41454064e-01 3.57272738e+00 4.14020313e-02
 3.01118911e-01 3.96078692e-08 1.35292688e+00 3.67046317e-02
 2.50387141e+00 1.74804629e-08 2.01002135e-01 1.26696974e-01
 1.91156711e+00 1.26324245e-01 1.99718132e-01 1.41212302e-01
 1.94436493e+00 1.45872932e-01 4.21280417e+00 1.11574887e-01
 2.36485842e-01 2.05100618e-02 1.51384240e-02 5.51697238e-10
 4.59406343e-02 1.75433778e-03 5.32335808e-02 7.34514863e-10
 2.98466681e-03 1.64520745e-02 1.55461326e-02 6.88509299e-03
 1.66515588e-03 9.70784863e-03 1.41946008e-02 5.62125226e-03
 3.21580152e-02 2.50360373e-03 9.46161590e-03 1.07400637e-02
 7.19736326e-05 8.88930196e-12 1.02645968e-03 6.76735742e-05
 1.76950228e-03 5.40617081e-11 1.01955590e-04 1.00928919e-03
 3.99101922e-04 2.46624018e-04 4.13536282e-05 3.20729662e-04
 2.56077370e-04 1.17762467e-04 1.48560761e-03 1.14129768e-04
 1.03941303e-02 1.27300498e-02 9.15326348e-05 4.82405557e-12
 5.29352061e-04 1.59159614e-04 1.65854310e-03 2.13803405e-10
 3.92630970e-04 2.07868297e-04 3.77713431e-03 2.22859411e-04
 4.37902043e-04 7.70828441e-04 5.05524967e-03 6.82983607e-04
 2.58208895e-02 1.38666997e-03 1.00885499e-02 1.19897300e-02
 2.34021496e-04 6.90504188e-06 8.74161352e-06 7.88112900e-06
 1.03308443e-04 6.59240425e-06 6.93195781e-06 5.21220017e-06
 1.25062135e-04 4.72093256e-06 7.23325507e-06 4.64887578e-06
 1.33069554e-04 5.36046192e-06 1.06907894e-05 3.96318284e-06
 1.37370778e+00 2.30745890e-02 6.81853705e-02 4.70418792e-02
 7.64324341e-01 5.13777095e-02 6.34391951e-02 5.01393351e-02
 7.61278219e-01 5.08848708e-02 7.93918118e-02 6.83614032e-02
 8.93538235e-01 5.82351917e-02 1.76238154e-01 1.75830785e-01
 1.01510175e+00 2.45128533e-02 4.43579783e-02 5.46110494e-02
 6.75147871e-01 5.81632561e-02 4.94133827e-02 4.92533463e-02
 6.83220696e-01 4.56325744e-02 7.21166986e-02 5.71146398e-02
 9.19614381e-01 5.37684912e-02 2.20215569e-01 2.69799549e-01
 2.74580191e-04 5.12930026e-06 5.90285775e-04 5.92042801e-06
 2.03857794e-03 1.76005741e-06 7.72460795e-01 4.73547605e-02
 8.79399050e-01 2.35503280e-02 1.78658830e+00 2.56895858e-02
 2.08119906e+00 2.35934340e-01 2.32657465e+00 4.19457353e-01
 4.50990342e+00 9.28809640e-01]
train  L_V                   = +0.0000 (0.0%)
 train    L_V_attractive      = +0.0000 (0.0%)
 train      L_V_attractive_charged      = +0.0000 (0.0%)
 train      L_V_attractive_neutral      = +0.0000 (0.0%)
 train    L_V_repulsive       = +0.0000 (0.0%)
 train      L_V_repulsive_charged       = +0.0000 (0.0%)
 train      L_V_repulsive_neutral       = +0.0000 (0.0%)
 train    L_charged_cluster   = +0.0000 (0.0%)
 train  L_beta              = -0.3331 (-13.1%)
 train    L_beta_noise        = +0.0000 (0.0%)
 train    L_beta_sig          = -0.9956 (-39.1%)
 train    L_beta_suppress     = +0.0000 (0.0%)
 train    L_beta_track        = +0.6624 (26.0%)
 train      L_beta_norms_term   = -0.9956 (-39.1%)
 train      L_beta_logbeta_term = +0.0000 (0.0%)
 train  L_E   = +2.8799 (113.1%)
 train    L_E_charge = +0.0000 (0.0%)
 train    L_E_cond = +1.4663 (57.6%)
 train    L_E_cluster = +1.4136 (55.5%)
 train    L_E_w_photon   = +0.0000 (0.0%)
 train    L_E_w_charged_hadron   = +0.0000 (0.0%)
 train    L_E_w_neutral_hadron   = +0.0000 (0.0%)
 train    L_E_w_muon     = +0.0000 (0.0%)
 train    L_E_w_electron = +0.0000 (0.0%)
learning rate :  [0.00039890465297888624, 0.00039563061276672447, 0.000390213750433216, 0.00038271341425563806, 0.0003732117794866986, 0.00036181294802527074, 0.000348641807854205, 0.0003338426647414537, 0.00031760148556057003, 0.00030002500000000004, 0.0002813769917830063, 0.00026183794802527076, 0.00024162194257901096, 0.00022095046623036733]
train loss :  3.5467782020568848
test   L_V                   = +0.0000 (0.0%)
    L_V_attractive      = +0.0000 (0.0%)
      L_V_attractive_charged      = +0.0000 (0.0%)
      L_V_attractive_neutral      = +0.0000 (0.0%)
    L_V_repulsive       = +0.0000 (0.0%)
      L_V_repulsive_charged       = +0.0000 (0.0%)
      L_V_repulsive_neutral       = +0.0000 (0.0%)
    L_charged_cluster   = +0.0000 (0.0%)
  L_beta              = -0.3584 (-12.0%)
    L_beta_noise        = +0.0000 (0.0%)
    L_beta_sig          = -0.9954 (-33.2%)
    L_beta_suppress     = +0.0000 (0.0%)
    L_beta_track        = +0.6370 (21.2%)
      L_beta_norms_term   = -0.9954 (-33.2%)
      L_beta_logbeta_term = +0.0000 (0.0%)
  L_E   = +3.3576 (112.0%)
    L_E_charge = +0.0000 (0.0%)
    L_E_cond = +1.7872 (59.6%)
    L_E_cluster = +1.5703 (52.4%)
    L_E_w_photon   = +0.0000 (0.0%)
    L_E_w_charged_hadron   = +0.0000 (0.0%)
    L_E_w_neutral_hadron   = +0.0000 (0.0%)
    L_E_w_muon     = +0.0000 (0.0%)
    L_E_w_electron = +0.0000 (0.0%)
Epoch 13
Pretraining energy response (E_pred / E_true) by true-energy bin:
  1-50 GeV: n=22369 Mean=1.213953 Std=0.674582 RMS90=0.306900
  50-150 GeV: n=21867 Mean=0.852420 Std=0.200894 RMS90=0.126098
  >150 GeV: n=70 Mean=0.877676 Std=0.114700 RMS90=0.052019
Pretraining energy response by particle species:
  Neutron: n=11095 Mean=0.897963 Std=0.127117 RMS90=0.085091
  K0: n=11257 Mean=0.944205 Std=0.150016 RMS90=0.087445
  Photon: n=6167 Mean=0.899155 Std=0.069347 RMS90=0.040768
  Pion: n=13008 Mean=1.246518 Std=0.852588 RMS90=0.475606
  Electron: n=782 Mean=1.321179 Std=0.834651 RMS90=0.620794
  Muon: n=1998 Mean=1.237959 Std=0.672911 RMS90=0.271826
Returning 3.999136447906494
Training epoch 14
[4.59746368e-01 1.40973653e-01 3.51701159e+00 4.11035569e-02
 2.83791290e-01 3.63006880e-08 1.30833024e+00 3.63947537e-02
 2.48055339e+00 1.60179796e-08 2.03955132e-01 1.30613056e-01
 1.92471162e+00 1.25256013e-01 2.00635202e-01 1.43004981e-01
 1.93863772e+00 1.46373629e-01 4.28302963e+00 1.12716641e-01
 2.40221870e-01 2.08542729e-02 2.05377570e-02 7.24141495e-10
 6.14593377e-02 2.34219273e-03 6.79209454e-02 7.77804808e-10
 4.14376845e-03 2.34336272e-02 2.05161651e-02 9.58627385e-03
 2.19331376e-03 1.25398345e-02 1.62232710e-02 6.74223014e-03
 3.37479455e-02 2.52682105e-03 8.79167188e-03 1.03250207e-02
 3.07722451e-04 3.15783333e-11 1.27064949e-03 8.46220060e-05
 2.27082166e-03 7.71710922e-11 1.25323361e-04 1.19714243e-03
 3.39981642e-04 2.70264053e-04 4.98084674e-05 2.97144819e-04
 3.67607429e-04 1.12097679e-04 2.76742616e-03 1.78803068e-04
 9.81560633e-03 1.22099918e-02 1.37771951e-04 8.26153997e-12
 9.39941832e-04 2.56642771e-04 2.31443319e-03 3.05479941e-10
 3.34505485e-04 2.51797244e-04 3.24704354e-03 2.50645898e-04
 4.34943467e-04 9.53123966e-04 5.19114443e-03 8.46638613e-04
 3.15565198e-02 1.72421254e-03 9.62547811e-03 1.15857885e-02
 2.84916873e-05 6.90115053e-07 1.01390193e-06 6.63224951e-07
 1.52412866e-05 7.63023251e-07 8.77351835e-07 6.92919051e-07
 1.76036171e-05 8.04897081e-07 1.38592359e-06 1.15284469e-06
 2.87746205e-05 1.56062441e-06 3.26710055e-06 3.62219161e-06
 1.32876897e+00 2.29223566e-02 6.55990034e-02 4.54392443e-02
 7.32983599e-01 5.03551544e-02 6.19667145e-02 4.93744896e-02
 7.48616883e-01 4.95558590e-02 7.73886020e-02 6.78542653e-02
 8.88912224e-01 5.74749834e-02 1.73435061e-01 1.77936413e-01
 1.00601749e+00 2.39873519e-02 4.37292639e-02 5.43917980e-02
 6.67834405e-01 5.79681584e-02 4.85825282e-02 4.94822695e-02
 6.76056093e-01 4.54662189e-02 7.01408625e-02 5.48295950e-02
 9.00547522e-01 5.22080747e-02 2.24134672e-01 2.79364999e-01
 7.77061420e-05 2.17837797e-06 1.17299493e-04 1.64191699e-06
 3.20775107e-04 1.88831667e-06 7.71845874e-01 4.70177075e-02
 8.75205339e-01 2.30772253e-02 1.74993336e+00 2.51254892e-02
 2.06665583e+00 2.41573017e-01 2.33647072e+00 4.31298361e-01
 4.62812373e+00 9.61105163e-01]
train  L_V                   = +0.0000 (0.0%)
 train    L_V_attractive      = +0.0000 (0.0%)
 train      L_V_attractive_charged      = +0.0000 (0.0%)
 train      L_V_attractive_neutral      = +0.0000 (0.0%)
 train    L_V_repulsive       = +0.0000 (0.0%)
 train      L_V_repulsive_charged       = +0.0000 (0.0%)
 train      L_V_repulsive_neutral       = +0.0000 (0.0%)
 train    L_charged_cluster   = +0.0000 (0.0%)
 train  L_beta              = -0.3326 (-13.2%)
 train    L_beta_noise        = +0.0000 (0.0%)
 train    L_beta_sig          = -0.9956 (-39.6%)
 train    L_beta_suppress     = +0.0000 (0.0%)
 train    L_beta_track        = +0.6630 (26.3%)
 train      L_beta_norms_term   = -0.9956 (-39.6%)
 train      L_beta_logbeta_term = +0.0000 (0.0%)
 train  L_E   = +2.8491 (113.2%)
 train    L_E_charge = +0.0000 (0.0%)
 train    L_E_cond = +1.4463 (57.5%)
 train    L_E_cluster = +1.4029 (55.7%)
 train    L_E_w_photon   = +0.0000 (0.0%)
 train    L_E_w_charged_hadron   = +0.0000 (0.0%)
 train    L_E_w_neutral_hadron   = +0.0000 (0.0%)
 train    L_E_w_muon     = +0.0000 (0.0%)
 train    L_E_w_electron = +0.0000 (0.0%)
learning rate :  [0.00039890465297888624, 0.00039563061276672447, 0.000390213750433216, 0.00038271341425563806, 0.0003732117794866986, 0.00036181294802527074, 0.000348641807854205, 0.0003338426647414537, 0.00031760148556057003, 0.00030002500000000004, 0.0002813769917830063, 0.00026183794802527076, 0.00024162194257901096, 0.00022095046623036733, 0.00020005]
train loss :  3.5165328979492188
test   L_V                   = +0.0000 (0.0%)
    L_V_attractive      = +0.0000 (0.0%)
      L_V_attractive_charged      = +0.0000 (0.0%)
      L_V_attractive_neutral      = +0.0000 (0.0%)
    L_V_repulsive       = +0.0000 (0.0%)
      L_V_repulsive_charged       = +0.0000 (0.0%)
      L_V_repulsive_neutral       = +0.0000 (0.0%)
    L_charged_cluster   = +0.0000 (0.0%)
  L_beta              = -0.3584 (-9.7%)
    L_beta_noise        = +0.0000 (0.0%)
    L_beta_sig          = -0.9954 (-27.1%)
    L_beta_suppress     = +0.0000 (0.0%)
    L_beta_track        = +0.6370 (17.3%)
      L_beta_norms_term   = -0.9954 (-27.1%)
      L_beta_logbeta_term = +0.0000 (0.0%)
  L_E   = +4.0361 (109.7%)
    L_E_charge = +0.0000 (0.0%)
    L_E_cond = +2.1336 (58.0%)
    L_E_cluster = +1.9024 (51.7%)
    L_E_w_photon   = +0.0000 (0.0%)
    L_E_w_charged_hadron   = +0.0000 (0.0%)
    L_E_w_neutral_hadron   = +0.0000 (0.0%)
    L_E_w_muon     = +0.0000 (0.0%)
    L_E_w_electron = +0.0000 (0.0%)
Epoch 14
Pretraining energy response (E_pred / E_true) by true-energy bin:
  1-50 GeV: n=22369 Mean=1.130032 Std=0.633614 RMS90=0.227016
  50-150 GeV: n=21867 Mean=0.709278 Std=0.194848 RMS90=0.147490
  >150 GeV: n=70 Mean=0.707199 Std=0.166091 RMS90=0.145125
Pretraining energy response by particle species:
  Neutron: n=11095 Mean=0.816897 Std=0.113632 RMS90=0.073691
  K0: n=11257 Mean=0.862519 Std=0.143643 RMS90=0.085005
  Photon: n=6167 Mean=0.889955 Std=0.101328 RMS90=0.060188
  Pion: n=13008 Mean=1.047369 Std=0.844114 RMS90=0.440092
  Electron: n=782 Mean=1.101702 Std=0.803363 RMS90=0.511303
  Muon: n=1998 Mean=1.046996 Std=0.752852 RMS90=0.363454
Returning 4.677618026733398
Training epoch 15
[4.24586906e-01 1.41394756e-01 3.49161231e+00 4.12949695e-02
 3.01400649e-01 3.56102326e-08 1.32766724e+00 3.66575738e-02
 2.49761476e+00 1.64562318e-08 2.02157757e-01 1.17069199e-01
 1.96060045e+00 1.20230174e-01 1.99763591e-01 1.30751507e-01
 1.95406429e+00 1.40591759e-01 4.34900138e+00 1.13319950e-01
 2.43857080e-01 1.96088660e-02 1.11327585e-02 4.74763745e-10
 1.91473427e-02 8.91506696e-04 2.86110812e-02 6.83967727e-10
 1.92606793e-03 5.94446819e-03 1.15510217e-02 2.83181062e-03
 1.17681181e-03 4.54528033e-03 1.11627424e-02 2.81540687e-03
 3.47931748e-02 2.02562474e-03 8.98258070e-03 1.01197317e-02
 2.23103727e-04 3.12868161e-11 5.56069097e-04 2.64904449e-05
 7.33005630e-04 2.92768160e-11 4.43642113e-05 3.61046818e-04
 1.35437590e-04 8.09774977e-05 2.27742976e-05 1.08055999e-04
 1.97301674e-04 4.76443104e-05 1.64581108e-03 1.01981918e-04
 1.01388150e-02 1.21053686e-02 1.05975051e-04 4.80261063e-12
 1.11777333e-03 2.44890760e-04 3.66275394e-03 4.85059840e-10
 5.03267538e-04 3.42847891e-04 6.29047838e-03 3.04390203e-04
 6.57868347e-04 1.21743946e-03 7.86289575e-03 1.09876057e-03
 4.48857489e-02 2.36820508e-03 1.01394584e-02 1.14984472e-02
 5.17114663e-06 9.62697245e-08 2.02781848e-07 1.38559723e-07
 4.30755956e-06 2.06466758e-07 2.42921815e-07 1.47258152e-07
 5.15384358e-06 2.30909521e-07 4.44637236e-07 2.98447591e-07
 9.93700724e-06 5.04042355e-07 1.42057732e-06 8.53663922e-07
 1.38880598e+00 2.30039855e-02 6.82157801e-02 4.64000087e-02
 7.39625168e-01 4.96273519e-02 6.38561407e-02 5.00703272e-02
 7.49035609e-01 4.77544977e-02 8.12154799e-02 7.15865070e-02
 9.13644964e-01 5.90155623e-02 1.83257233e-01 1.86388331e-01
 9.91310164e-01 2.21084089e-02 4.42370354e-02 5.33500704e-02
 6.68853410e-01 5.62475587e-02 4.84229757e-02 4.56780151e-02
 6.71418972e-01 4.22862768e-02 7.03790277e-02 5.38110663e-02
 8.87759177e-01 5.02687119e-02 2.17945733e-01 2.65331810e-01
 3.19551233e-05 6.25709668e-07 4.06491226e-05 5.28651206e-07
 9.53308317e-05 6.31350972e-07 8.07504662e-01 4.92779205e-02
 9.10945558e-01 2.42608524e-02 1.83513864e+00 2.65378297e-02
 2.00257379e+00 2.29549101e-01 2.26845317e+00 4.15780434e-01
 4.50061780e+00 9.32587398e-01]
train  L_V                   = +0.0000 (0.0%)
 train    L_V_attractive      = +0.0000 (0.0%)
 train      L_V_attractive_charged      = +0.0000 (0.0%)
 train      L_V_attractive_neutral      = +0.0000 (0.0%)
 train    L_V_repulsive       = +0.0000 (0.0%)
 train      L_V_repulsive_charged       = +0.0000 (0.0%)
 train      L_V_repulsive_neutral       = +0.0000 (0.0%)
 train    L_charged_cluster   = +0.0000 (0.0%)
 train  L_beta              = -0.3338 (-13.4%)
 train    L_beta_noise        = +0.0000 (0.0%)
 train    L_beta_sig          = -0.9956 (-40.0%)
 train    L_beta_suppress     = +0.0000 (0.0%)
 train    L_beta_track        = +0.6618 (26.6%)
 train      L_beta_norms_term   = -0.9956 (-40.0%)
 train      L_beta_logbeta_term = +0.0000 (0.0%)
 train  L_E   = +2.8215 (113.4%)
 train    L_E_charge = +0.0000 (0.0%)
 train    L_E_cond = +1.4336 (57.6%)
 train    L_E_cluster = +1.3879 (55.8%)
 train    L_E_w_photon   = +0.0000 (0.0%)
 train    L_E_w_charged_hadron   = +0.0000 (0.0%)
 train    L_E_w_neutral_hadron   = +0.0000 (0.0%)
 train    L_E_w_muon     = +0.0000 (0.0%)
 train    L_E_w_electron = +0.0000 (0.0%)
learning rate :  [0.00039890465297888624, 0.00039563061276672447, 0.000390213750433216, 0.00038271341425563806, 0.0003732117794866986, 0.00036181294802527074, 0.000348641807854205, 0.0003338426647414537, 0.00031760148556057003, 0.00030002500000000004, 0.0002813769917830063, 0.00026183794802527076, 0.00024162194257901096, 0.00022095046623036733, 0.00020005, 0.00017914953376963274]
train loss :  3.4876585006713867
test   L_V                   = +0.0000 (0.0%)
    L_V_attractive      = +0.0000 (0.0%)
      L_V_attractive_charged      = +0.0000 (0.0%)
      L_V_attractive_neutral      = +0.0000 (0.0%)
    L_V_repulsive       = +0.0000 (0.0%)
      L_V_repulsive_charged       = +0.0000 (0.0%)
      L_V_repulsive_neutral       = +0.0000 (0.0%)
    L_charged_cluster   = +0.0000 (0.0%)
  L_beta              = -0.3584 (-14.0%)
    L_beta_noise        = +0.0000 (0.0%)
    L_beta_sig          = -0.9954 (-39.0%)
    L_beta_suppress     = +0.0000 (0.0%)
    L_beta_track        = +0.6370 (25.0%)
      L_beta_norms_term   = -0.9954 (-39.0%)
      L_beta_logbeta_term = +0.0000 (0.0%)
  L_E   = +2.9104 (114.0%)
    L_E_charge = +0.0000 (0.0%)
    L_E_cond = +1.5490 (60.7%)
    L_E_cluster = +1.3614 (53.3%)
    L_E_w_photon   = +0.0000 (0.0%)
    L_E_w_charged_hadron   = +0.0000 (0.0%)
    L_E_w_neutral_hadron   = +0.0000 (0.0%)
    L_E_w_muon     = +0.0000 (0.0%)
    L_E_w_electron = +0.0000 (0.0%)
Epoch 15
Pretraining energy response (E_pred / E_true) by true-energy bin:
  1-50 GeV: n=22369 Mean=1.289584 Std=0.802657 RMS90=0.322843
  50-150 GeV: n=21867 Mean=0.849252 Std=0.225925 RMS90=0.168770
  >150 GeV: n=70 Mean=0.793213 Std=0.212236 RMS90=0.164306
Pretraining energy response by particle species:
  Neutron: n=11095 Mean=0.922674 Std=0.125670 RMS90=0.079306
  K0: n=11257 Mean=0.974597 Std=0.140396 RMS90=0.081503
  Photon: n=6167 Mean=0.988748 Std=0.073714 RMS90=0.045695
  Pion: n=13008 Mean=1.281751 Std=1.018050 RMS90=0.533195
  Electron: n=782 Mean=1.423287 Std=0.983231 RMS90=0.623773
  Muon: n=1998 Mean=1.192534 Std=0.979580 RMS90=0.439469
Returning 3.552001953125
Training epoch 16
[4.07177601e-01 1.39962699e-01 3.53887294e+00 4.09320859e-02
 2.77245638e-01 3.79758968e-08 1.30886364e+00 3.64879007e-02
 2.52321974e+00 1.70708670e-08 2.07551777e-01 1.19502605e-01
 2.01175552e+00 1.19752378e-01 1.99210675e-01 1.28121818e-01
 1.97735265e+00 1.40072421e-01 4.41906738e+00 1.13199668e-01
 2.50556224e-01 2.13078873e-02 1.53333164e-02 6.25348568e-10
 2.04455026e-02 9.92692479e-04 3.34905622e-02 6.70225281e-10
 3.22755660e-03 5.27148451e-03 2.03065236e-02 2.66348857e-03
 1.84505888e-03 4.52023732e-03 1.67429467e-02 2.90472264e-03
 3.04731808e-02 2.06019625e-03 9.65804770e-03 1.06867723e-02
 3.10012217e-04 2.79823151e-11 9.01703334e-04 3.65584054e-05
 1.22897356e-03 2.72950291e-11 6.74093990e-05 3.48511493e-04
 1.67342374e-04 7.48808365e-05 1.81659039e-05 8.65411460e-05
 1.44893824e-04 3.54531190e-05 1.28177175e-03 7.91208737e-05
 1.08477523e-02 1.25829429e-02 7.64836598e-05 4.50784978e-12
 6.49552851e-04 1.49045781e-04 1.70362170e-03 1.73306638e-10
 3.22022922e-04 1.96070070e-04 3.62785173e-03 1.96019098e-04
 4.11964827e-04 6.87420037e-04 4.33798218e-03 5.99345194e-04
 2.58600492e-02 1.46273767e-03 1.05036987e-02 1.20649063e-02
 1.17005613e-05 2.18099432e-07 4.77758175e-07 3.11951723e-07
 9.78063848e-06 4.71766469e-07 5.24196644e-07 2.80942936e-07
 1.15003568e-05 4.73473222e-07 9.30798146e-07 5.02902148e-07
 2.02322097e-05 9.02682960e-07 2.65358848e-06 1.74668954e-06
 1.44534510e+00 2.54159026e-02 6.83044211e-02 4.57050873e-02
 7.42433242e-01 4.87322655e-02 6.34483257e-02 4.95054467e-02
 7.52758265e-01 4.75616884e-02 8.35224917e-02 7.35721579e-02
 9.48110506e-01 5.92579822e-02 1.85488312e-01 1.85174068e-01
 1.04427672e+00 2.36121057e-02 4.66085067e-02 5.65654130e-02
 7.00945802e-01 5.90134815e-02 4.89311652e-02 4.56624446e-02
 6.89758957e-01 4.21228054e-02 7.23541399e-02 5.50924700e-02
 9.20740477e-01 5.20585591e-02 2.15470856e-01 2.63583239e-01
 5.66666674e-05 1.15434863e-06 7.74089342e-05 1.01936450e-06
 2.24142180e-04 1.19278819e-06 8.21708887e-01 5.01893370e-02
 9.34450381e-01 2.54334133e-02 1.88487573e+00 2.78092463e-02
 2.02916427e+00 2.26440871e-01 2.24564631e+00 4.03328246e-01
 4.32536853e+00 8.94238130e-01]
train  L_V                   = +0.0000 (0.0%)
 train    L_V_attractive      = +0.0000 (0.0%)
 train      L_V_attractive_charged      = +0.0000 (0.0%)
 train      L_V_attractive_neutral      = +0.0000 (0.0%)
 train    L_V_repulsive       = +0.0000 (0.0%)
 train      L_V_repulsive_charged       = +0.0000 (0.0%)
 train      L_V_repulsive_neutral       = +0.0000 (0.0%)
 train    L_charged_cluster   = +0.0000 (0.0%)
 train  L_beta              = -0.3332 (-13.6%)
 train    L_beta_noise        = +0.0000 (0.0%)
 train    L_beta_sig          = -0.9956 (-40.6%)
 train    L_beta_suppress     = +0.0000 (0.0%)
 train    L_beta_track        = +0.6624 (27.0%)
 train      L_beta_norms_term   = -0.9956 (-40.6%)
 train      L_beta_logbeta_term = +0.0000 (0.0%)
 train  L_E   = +2.7858 (113.6%)
 train    L_E_charge = +0.0000 (0.0%)
 train    L_E_cond = +1.4116 (57.6%)
 train    L_E_cluster = +1.3742 (56.0%)
 train    L_E_w_photon   = +0.0000 (0.0%)
 train    L_E_w_charged_hadron   = +0.0000 (0.0%)
 train    L_E_w_neutral_hadron   = +0.0000 (0.0%)
 train    L_E_w_muon     = +0.0000 (0.0%)
 train    L_E_w_electron = +0.0000 (0.0%)
learning rate :  [0.00039890465297888624, 0.00039563061276672447, 0.000390213750433216, 0.00038271341425563806, 0.0003732117794866986, 0.00036181294802527074, 0.000348641807854205, 0.0003338426647414537, 0.00031760148556057003, 0.00030002500000000004, 0.0002813769917830063, 0.00026183794802527076, 0.00024162194257901096, 0.00022095046623036733, 0.00020005, 0.00017914953376963274, 0.00015847805742098906]
train loss :  3.452572822570801
test   L_V                   = +0.0000 (0.0%)
    L_V_attractive      = +0.0000 (0.0%)
      L_V_attractive_charged      = +0.0000 (0.0%)
      L_V_attractive_neutral      = +0.0000 (0.0%)
    L_V_repulsive       = +0.0000 (0.0%)
      L_V_repulsive_charged       = +0.0000 (0.0%)
      L_V_repulsive_neutral       = +0.0000 (0.0%)
    L_charged_cluster   = +0.0000 (0.0%)
  L_beta              = -0.3584 (-12.1%)
    L_beta_noise        = +0.0000 (0.0%)
    L_beta_sig          = -0.9954 (-33.7%)
    L_beta_suppress     = +0.0000 (0.0%)
    L_beta_track        = +0.6370 (21.6%)
      L_beta_norms_term   = -0.9954 (-33.7%)
      L_beta_logbeta_term = +0.0000 (0.0%)
  L_E   = +3.3111 (112.1%)
    L_E_charge = +0.0000 (0.0%)
    L_E_cond = +1.8528 (62.8%)
    L_E_cluster = +1.4583 (49.4%)
    L_E_w_photon   = +0.0000 (0.0%)
    L_E_w_charged_hadron   = +0.0000 (0.0%)
    L_E_w_neutral_hadron   = +0.0000 (0.0%)
    L_E_w_muon     = +0.0000 (0.0%)
    L_E_w_electron = +0.0000 (0.0%)
Epoch 16
Pretraining energy response (E_pred / E_true) by true-energy bin:
  1-50 GeV: n=22369 Mean=1.362222 Std=0.914989 RMS90=0.412019
  50-150 GeV: n=21867 Mean=0.827635 Std=0.215738 RMS90=0.160633
  >150 GeV: n=70 Mean=0.740634 Std=0.247530 RMS90=0.240111
Pretraining energy response by particle species:
  Neutron: n=11095 Mean=0.902320 Std=0.122866 RMS90=0.077246
  K0: n=11257 Mean=0.952606 Std=0.141018 RMS90=0.082035
  Photon: n=6167 Mean=0.972562 Std=0.083687 RMS90=0.050666
  Pion: n=13008 Mean=1.393002 Std=1.146234 RMS90=0.642626
  Electron: n=782 Mean=1.645799 Std=1.169331 RMS90=0.798304
  Muon: n=1998 Mean=1.242985 Std=1.038832 RMS90=0.572852
Returning 3.9526689052581787
Training epoch 17
[3.92001479e-01 1.44549544e-01 3.57076793e+00 4.20056337e-02
 2.51558704e-01 3.56023147e-08 1.29416409e+00 3.73183670e-02
 2.52110631e+00 1.66632915e-08 2.04690868e-01 1.16664258e-01
 1.99980015e+00 1.19863041e-01 1.98331441e-01 1.19538640e-01
 1.96946263e+00 1.37436966e-01 4.42387609e+00 1.19248326e-01
 2.47348546e-01 2.08174436e-02 3.33137736e-03 1.51278512e-10
 6.02438762e-03 3.45845332e-04 9.95791105e-03 2.58294958e-10
 7.66229233e-04 1.74179051e-03 4.75505712e-03 9.24922787e-04
 4.68193025e-04 1.57533510e-03 4.74288886e-03 1.13286813e-03
 1.41292284e-02 1.05600344e-03 9.43350254e-03 1.06322817e-02
 2.20818566e-05 2.79822893e-12 1.27239996e-04 5.07058057e-06
 1.72170027e-04 7.34710102e-12 1.07842754e-05 9.35564534e-05
 3.03011594e-05 2.01578122e-05 5.15059156e-06 2.66462872e-05
 4.63160269e-05 1.09680571e-05 3.40665944e-04 2.16840440e-05
 1.05500117e-02 1.23755638e-02 2.56803904e-05 9.72235838e-13
 3.13132848e-04 8.64482532e-05 9.44771035e-04 8.32593804e-11
 2.50284847e-04 1.10507599e-04 3.16860474e-03 1.24563088e-04
 2.18777874e-04 3.25096157e-04 2.33998371e-03 2.83504189e-04
 1.39419554e-02 7.48058185e-04 1.01859305e-02 1.18685981e-02
 2.87452438e-06 4.48919755e-08 8.94154352e-08 6.75468215e-08
 2.18019793e-06 1.03400962e-07 1.26310253e-07 8.04668439e-08
 3.01172231e-06 1.27446851e-07 2.43748235e-07 1.80300609e-07
 5.91436029e-06 3.13941993e-07 6.43518256e-07 1.87387344e-07
 1.42555345e+00 2.45684125e-02 6.87729590e-02 4.71648124e-02
 7.32430921e-01 4.91320471e-02 6.32690449e-02 5.00285507e-02
 7.33649131e-01 4.52158481e-02 8.03365982e-02 7.41066298e-02
 9.09069585e-01 5.83127518e-02 1.84551700e-01 1.82675486e-01
 1.07009008e+00 2.39898488e-02 4.73071418e-02 5.51438331e-02
 7.08502848e-01 5.78001564e-02 4.90140974e-02 4.57382653e-02
 6.89116916e-01 4.19213302e-02 7.18577128e-02 5.43901584e-02
 9.12073945e-01 5.15522667e-02 2.16772674e-01 2.66721726e-01
 2.13645575e-05 2.02374558e-07 2.37666136e-05 7.27664675e-08
 6.13259506e-05 8.10608047e-08 8.27762183e-01 4.94220616e-02
 9.08455036e-01 2.48315250e-02 1.79612188e+00 2.72299282e-02
 2.00664910e+00 2.28108873e-01 2.24869704e+00 4.07431164e-01
 4.41097954e+00 9.09321718e-01]
train  L_V                   = +0.0000 (0.0%)
 train    L_V_attractive      = +0.0000 (0.0%)
 train      L_V_attractive_charged      = +0.0000 (0.0%)
 train      L_V_attractive_neutral      = +0.0000 (0.0%)
 train    L_V_repulsive       = +0.0000 (0.0%)
 train      L_V_repulsive_charged       = +0.0000 (0.0%)
 train      L_V_repulsive_neutral       = +0.0000 (0.0%)
 train    L_charged_cluster   = +0.0000 (0.0%)
 train  L_beta              = -0.3332 (-13.8%)
 train    L_beta_noise        = +0.0000 (0.0%)
 train    L_beta_sig          = -0.9956 (-41.1%)
 train    L_beta_suppress     = +0.0000 (0.0%)
 train    L_beta_track        = +0.6624 (27.4%)
 train      L_beta_norms_term   = -0.9956 (-41.1%)
 train      L_beta_logbeta_term = +0.0000 (0.0%)
 train  L_E   = +2.7545 (113.8%)
 train    L_E_charge = +0.0000 (0.0%)
 train    L_E_cond = +1.3948 (57.6%)
 train    L_E_cluster = +1.3596 (56.2%)
 train    L_E_w_photon   = +0.0000 (0.0%)
 train    L_E_w_charged_hadron   = +0.0000 (0.0%)
 train    L_E_w_neutral_hadron   = +0.0000 (0.0%)
 train    L_E_w_muon     = +0.0000 (0.0%)
 train    L_E_w_electron = +0.0000 (0.0%)
learning rate :  [0.00039890465297888624, 0.00039563061276672447, 0.000390213750433216, 0.00038271341425563806, 0.0003732117794866986, 0.00036181294802527074, 0.000348641807854205, 0.0003338426647414537, 0.00031760148556057003, 0.00030002500000000004, 0.0002813769917830063, 0.00026183794802527076, 0.00024162194257901096, 0.00022095046623036733, 0.00020005, 0.00017914953376963274, 0.00015847805742098906, 0.0001382620519747293]
train loss :  3.421253204345703
test   L_V                   = +0.0000 (0.0%)
    L_V_attractive      = +0.0000 (0.0%)
      L_V_attractive_charged      = +0.0000 (0.0%)
      L_V_attractive_neutral      = +0.0000 (0.0%)
    L_V_repulsive       = +0.0000 (0.0%)
      L_V_repulsive_charged       = +0.0000 (0.0%)
      L_V_repulsive_neutral       = +0.0000 (0.0%)
    L_charged_cluster   = +0.0000 (0.0%)
  L_beta              = -0.3584 (-13.7%)
    L_beta_noise        = +0.0000 (0.0%)
    L_beta_sig          = -0.9954 (-38.0%)
    L_beta_suppress     = +0.0000 (0.0%)
    L_beta_track        = +0.6370 (24.3%)
      L_beta_norms_term   = -0.9954 (-38.0%)
      L_beta_logbeta_term = +0.0000 (0.0%)
  L_E   = +2.9806 (113.7%)
    L_E_charge = +0.0000 (0.0%)
    L_E_cond = +1.6387 (62.5%)
    L_E_cluster = +1.3419 (51.2%)
    L_E_w_photon   = +0.0000 (0.0%)
    L_E_w_charged_hadron   = +0.0000 (0.0%)
    L_E_w_neutral_hadron   = +0.0000 (0.0%)
    L_E_w_muon     = +0.0000 (0.0%)
    L_E_w_electron = +0.0000 (0.0%)
Epoch 17
Pretraining energy response (E_pred / E_true) by true-energy bin:
  1-50 GeV: n=22369 Mean=1.196266 Std=0.710849 RMS90=0.182262
  50-150 GeV: n=21867 Mean=0.822968 Std=0.235401 RMS90=0.179576
  >150 GeV: n=70 Mean=0.811859 Std=0.199573 RMS90=0.165991
Pretraining energy response by particle species:
  Neutron: n=11095 Mean=0.940880 Std=0.126269 RMS90=0.078404
  K0: n=11257 Mean=0.995232 Std=0.164064 RMS90=0.085674
  Photon: n=6167 Mean=1.017047 Std=0.092386 RMS90=0.042333
  Pion: n=13008 Mean=1.062232 Std=0.938539 RMS90=0.383301
  Electron: n=782 Mean=1.086866 Std=0.811595 RMS90=0.403870
  Muon: n=1998 Mean=1.117389 Std=0.848707 RMS90=0.389163
Returning 3.6222054958343506
Training epoch 18
[4.06657690e-01 1.38112462e-01 3.67972085e+00 4.03704255e-02
 2.51713511e-01 3.67067543e-08 1.31460712e+00 3.58888337e-02
 2.59891654e+00 1.63467189e-08 2.13193535e-01 1.26267875e-01
 2.06742646e+00 1.24436179e-01 2.02520614e-01 1.30280798e-01
 2.00662737e+00 1.40515755e-01 4.44086043e+00 1.19750771e-01
 2.49364762e-01 2.06136242e-02 6.93325532e-03 3.49014257e-10
 1.68544788e-02 8.07173831e-04 2.43966354e-02 4.69597770e-10
 1.77063058e-03 5.67587163e-03 9.51343256e-03 2.59264106e-03
 9.19104096e-04 4.33336445e-03 7.78079734e-03 2.55346262e-03
 1.92073220e-02 1.47005394e-03 9.04149420e-03 1.08141425e-02
 5.00677563e-05 6.14315899e-12 3.76370131e-04 1.44733939e-05
 4.95659006e-04 2.03869781e-11 3.45748820e-05 3.33838938e-04
 1.03957131e-04 6.99667001e-05 1.73321980e-05 1.00919388e-04
 1.42518487e-04 3.67861453e-05 1.01962806e-03 6.45982933e-05
 1.01993647e-02 1.25726951e-02 8.12731881e-05 2.73914430e-12
 7.05280157e-04 1.71254154e-04 1.96153376e-03 2.44871460e-10
 4.57860248e-04 2.53764021e-04 5.18252929e-03 2.63397843e-04
 4.49076629e-04 8.07520469e-04 5.03382346e-03 7.01401829e-04
 2.71887065e-02 1.46754267e-03 9.97795377e-03 1.20596814e-02
 3.72547080e-06 7.21238032e-08 1.19245633e-07 1.00662821e-07
 2.69005025e-06 1.34962583e-07 1.64741200e-07 1.19838407e-07
 3.82324463e-06 1.79632762e-07 3.13282410e-07 2.65453164e-07
 7.81157176e-06 4.41412350e-07 8.18976883e-07 3.84893119e-07
 1.46379452e+00 2.58477216e-02 6.56453105e-02 4.49939046e-02
 6.93301622e-01 4.74647343e-02 6.04281589e-02 4.79412699e-02
 7.08238632e-01 4.49921692e-02 7.89398650e-02 7.58429703e-02
 8.78182070e-01 5.86940718e-02 1.83133918e-01 1.83429661e-01
 1.05174767e+00 2.34418965e-02 4.56946342e-02 5.35763241e-02
 6.96284955e-01 5.62013809e-02 4.87202008e-02 4.49077728e-02
 6.88772530e-01 4.16024370e-02 7.12308038e-02 5.39204331e-02
 9.00568351e-01 5.06230304e-02 2.09377604e-01 2.57161225e-01
 2.85856361e-05 3.23134381e-07 3.23499786e-05 1.50290023e-07
 8.64091357e-05 1.43690603e-07 8.12469964e-01 4.99185683e-02
 9.45378480e-01 2.57123492e-02 1.87827049e+00 2.83216030e-02
 1.95370696e+00 2.20113338e-01 2.18202354e+00 3.91815356e-01
 4.23068774e+00 8.71498669e-01]
train  L_V                   = +0.0000 (0.0%)
 train    L_V_attractive      = +0.0000 (0.0%)
 train      L_V_attractive_charged      = +0.0000 (0.0%)
 train      L_V_attractive_neutral      = +0.0000 (0.0%)
 train    L_V_repulsive       = +0.0000 (0.0%)
 train      L_V_repulsive_charged       = +0.0000 (0.0%)
 train      L_V_repulsive_neutral       = +0.0000 (0.0%)
 train    L_charged_cluster   = +0.0000 (0.0%)
 train  L_beta              = -0.3331 (-13.8%)
 train    L_beta_noise        = +0.0000 (0.0%)
 train    L_beta_sig          = -0.9956 (-41.4%)
 train    L_beta_suppress     = +0.0000 (0.0%)
 train    L_beta_track        = +0.6625 (27.5%)
 train      L_beta_norms_term   = -0.9956 (-41.4%)
 train      L_beta_logbeta_term = +0.0000 (0.0%)
 train  L_E   = +2.7387 (113.8%)
 train    L_E_charge = +0.0000 (0.0%)
 train    L_E_cond = +1.3828 (57.5%)
 train    L_E_cluster = +1.3559 (56.4%)
 train    L_E_w_photon   = +0.0000 (0.0%)
 train    L_E_w_charged_hadron   = +0.0000 (0.0%)
 train    L_E_w_neutral_hadron   = +0.0000 (0.0%)
 train    L_E_w_muon     = +0.0000 (0.0%)
 train    L_E_w_electron = +0.0000 (0.0%)
learning rate :  [0.00039890465297888624, 0.00039563061276672447, 0.000390213750433216, 0.00038271341425563806, 0.0003732117794866986, 0.00036181294802527074, 0.000348641807854205, 0.0003338426647414537, 0.00031760148556057003, 0.00030002500000000004, 0.0002813769917830063, 0.00026183794802527076, 0.00024162194257901096, 0.00022095046623036733, 0.00020005, 0.00017914953376963274, 0.00015847805742098906, 0.0001382620519747293, 0.00011872300821699378]
train loss :  3.4056124687194824
test   L_V                   = +0.0000 (0.0%)
    L_V_attractive      = +0.0000 (0.0%)
      L_V_attractive_charged      = +0.0000 (0.0%)
      L_V_attractive_neutral      = +0.0000 (0.0%)
    L_V_repulsive       = +0.0000 (0.0%)
      L_V_repulsive_charged       = +0.0000 (0.0%)
      L_V_repulsive_neutral       = +0.0000 (0.0%)
    L_charged_cluster   = +0.0000 (0.0%)
  L_beta              = -0.3584 (-11.1%)
    L_beta_noise        = +0.0000 (0.0%)
    L_beta_sig          = -0.9954 (-30.9%)
    L_beta_suppress     = +0.0000 (0.0%)
    L_beta_track        = +0.6370 (19.8%)
      L_beta_norms_term   = -0.9954 (-30.9%)
      L_beta_logbeta_term = +0.0000 (0.0%)
  L_E   = +3.5820 (111.1%)
    L_E_charge = +0.0000 (0.0%)
    L_E_cond = +1.8373 (57.0%)
    L_E_cluster = +1.7447 (54.1%)
    L_E_w_photon   = +0.0000 (0.0%)
    L_E_w_charged_hadron   = +0.0000 (0.0%)
    L_E_w_neutral_hadron   = +0.0000 (0.0%)
    L_E_w_muon     = +0.0000 (0.0%)
    L_E_w_electron = +0.0000 (0.0%)
Epoch 18
Pretraining energy response (E_pred / E_true) by true-energy bin:
  1-50 GeV: n=22369 Mean=1.117383 Std=0.688817 RMS90=0.212396
  50-150 GeV: n=21867 Mean=0.724650 Std=0.219361 RMS90=0.174663
  >150 GeV: n=70 Mean=0.731227 Std=0.156499 RMS90=0.112316
Pretraining energy response by particle species:
  Neutron: n=11095 Mean=0.845360 Std=0.115250 RMS90=0.073043
  K0: n=11257 Mean=0.891342 Std=0.139243 RMS90=0.081069
  Photon: n=6167 Mean=0.891207 Std=0.068377 RMS90=0.041002
  Pion: n=13008 Mean=0.999128 Std=0.917345 RMS90=0.427497
  Electron: n=782 Mean=1.040477 Std=0.835746 RMS90=0.497827
  Muon: n=1998 Mean=1.088042 Std=0.795267 RMS90=0.380528
Returning 4.223556995391846
Training epoch 19
[4.08405677e-01 1.42188803e-01 3.63875852e+00 4.11534695e-02
 2.47922174e-01 3.75552075e-08 1.29720050e+00 3.66936824e-02
 2.57732256e+00 1.65458507e-08 2.16946754e-01 1.24532229e-01
 2.08661608e+00 1.25534740e-01 2.03919462e-01 1.33313176e-01
 2.03228919e+00 1.43079732e-01 4.46404399e+00 1.20117320e-01
 2.54381600e-01 2.18737698e-02 1.00919286e-02 4.89053208e-10
 2.89967906e-02 1.53183617e-03 4.03841486e-02 5.80703916e-10
 3.46161523e-03 9.31093088e-03 1.82107378e-02 4.03992458e-03
 1.67908977e-03 6.15108811e-03 1.42390942e-02 3.62582979e-03
 2.92866385e-02 2.14691997e-03 9.77276155e-03 1.11124268e-02
 1.95621906e-04 2.06883861e-11 7.95549298e-04 4.67377872e-05
 1.10865502e-03 3.91232538e-11 6.33533348e-05 4.86692367e-04
 1.29138542e-04 9.64894533e-05 1.73730202e-05 1.06344586e-04
 1.52806406e-04 4.06441626e-05 1.35650733e-03 8.35971927e-05
 1.08604692e-02 1.29390211e-02 5.97381495e-05 2.71919234e-12
 2.47773563e-04 9.45235454e-05 1.06776772e-03 2.27361608e-10
 2.90646854e-04 1.39602424e-04 3.50357398e-03 1.66855097e-04
 3.82183765e-04 6.82126758e-04 4.24296133e-03 6.10471935e-04
 2.60166001e-02 1.42109209e-03 1.06393428e-02 1.23078602e-02
 3.75615542e-06 6.50006812e-08 1.23958193e-07 9.63691347e-08
 2.99742069e-06 1.48372314e-07 1.73150509e-07 1.08776304e-07
 4.06373290e-06 1.71052369e-07 3.28594181e-07 2.38445529e-07
 8.19650891e-06 4.10555299e-07 9.03389525e-07 3.61536806e-07
 1.49713556e+00 2.52919674e-02 6.76472023e-02 4.69111731e-02
 7.26232276e-01 4.98786127e-02 6.14540431e-02 5.05680399e-02
 7.37117015e-01 4.90881584e-02 8.06220907e-02 7.57307202e-02
 9.13977895e-01 6.07220683e-02 1.83426329e-01 1.83876707e-01
 1.09013428e+00 2.60500034e-02 4.64388919e-02 5.37490000e-02
 7.10519190e-01 5.65189317e-02 4.95575973e-02 4.42717779e-02
 6.87784627e-01 4.13764624e-02 7.02252183e-02 5.01255408e-02
 8.85534298e-01 4.83278197e-02 2.08330008e-01 2.56759272e-01
 2.94711261e-05 3.13634631e-07 3.33672830e-05 1.83414108e-07
 9.44525318e-05 1.94875210e-07 8.14490634e-01 4.88782791e-02
 9.41502546e-01 2.47107537e-02 1.88479671e+00 2.71550680e-02
 1.89907524e+00 2.18902629e-01 2.12986089e+00 3.95087819e-01
 4.23578866e+00 8.84996067e-01]
train  L_V                   = +0.0000 (0.0%)
 train    L_V_attractive      = +0.0000 (0.0%)
 train      L_V_attractive_charged      = +0.0000 (0.0%)
 train      L_V_attractive_neutral      = +0.0000 (0.0%)
 train    L_V_repulsive       = +0.0000 (0.0%)
 train      L_V_repulsive_charged       = +0.0000 (0.0%)
 train      L_V_repulsive_neutral       = +0.0000 (0.0%)
 train    L_charged_cluster   = +0.0000 (0.0%)
 train  L_beta              = -0.3332 (-14.0%)
 train    L_beta_noise        = +0.0000 (0.0%)
 train    L_beta_sig          = -0.9956 (-41.9%)
 train    L_beta_suppress     = +0.0000 (0.0%)
 train    L_beta_track        = +0.6624 (27.9%)
 train      L_beta_norms_term   = -0.9956 (-41.9%)
 train      L_beta_logbeta_term = +0.0000 (0.0%)
 train  L_E   = +2.7105 (114.0%)
 train    L_E_charge = +0.0000 (0.0%)
 train    L_E_cond = +1.3682 (57.6%)
 train    L_E_cluster = +1.3424 (56.5%)
 train    L_E_w_photon   = +0.0000 (0.0%)
 train    L_E_w_charged_hadron   = +0.0000 (0.0%)
 train    L_E_w_neutral_hadron   = +0.0000 (0.0%)
 train    L_E_w_muon     = +0.0000 (0.0%)
 train    L_E_w_electron = +0.0000 (0.0%)
learning rate :  [0.00039890465297888624, 0.00039563061276672447, 0.000390213750433216, 0.00038271341425563806, 0.0003732117794866986, 0.00036181294802527074, 0.000348641807854205, 0.0003338426647414537, 0.00031760148556057003, 0.00030002500000000004, 0.0002813769917830063, 0.00026183794802527076, 0.00024162194257901096, 0.00022095046623036733, 0.00020005, 0.00017914953376963274, 0.00015847805742098906, 0.0001382620519747293, 0.00011872300821699378, 0.00010007500000000005]
train loss :  3.377340316772461
test   L_V                   = +0.0000 (0.0%)
    L_V_attractive      = +0.0000 (0.0%)
      L_V_attractive_charged      = +0.0000 (0.0%)
      L_V_attractive_neutral      = +0.0000 (0.0%)
    L_V_repulsive       = +0.0000 (0.0%)
      L_V_repulsive_charged       = +0.0000 (0.0%)
      L_V_repulsive_neutral       = +0.0000 (0.0%)
    L_charged_cluster   = +0.0000 (0.0%)
  L_beta              = -0.3584 (-11.9%)
    L_beta_noise        = +0.0000 (0.0%)
    L_beta_sig          = -0.9954 (-33.0%)
    L_beta_suppress     = +0.0000 (0.0%)
    L_beta_track        = +0.6370 (21.1%)
      L_beta_norms_term   = -0.9954 (-33.0%)
      L_beta_logbeta_term = +0.0000 (0.0%)
  L_E   = +3.3787 (111.9%)
    L_E_charge = +0.0000 (0.0%)
    L_E_cond = +1.8609 (61.6%)
    L_E_cluster = +1.5178 (50.3%)
    L_E_w_photon   = +0.0000 (0.0%)
    L_E_w_charged_hadron   = +0.0000 (0.0%)
    L_E_w_neutral_hadron   = +0.0000 (0.0%)
    L_E_w_muon     = +0.0000 (0.0%)
    L_E_w_electron = +0.0000 (0.0%)
Epoch 19
Pretraining energy response (E_pred / E_true) by true-energy bin:
  1-50 GeV: n=22369 Mean=1.389705 Std=1.022628 RMS90=0.409070
  50-150 GeV: n=21867 Mean=0.914267 Std=0.139306 RMS90=0.066835
  >150 GeV: n=70 Mean=0.870211 Std=0.052213 RMS90=0.036470
Pretraining energy response by particle species:
  Neutron: n=11095 Mean=0.887643 Std=0.118273 RMS90=0.073546
  K0: n=11257 Mean=0.937515 Std=0.156567 RMS90=0.080349
  Photon: n=6167 Mean=0.958971 Std=0.110373 RMS90=0.043204
  Pion: n=13008 Mean=1.539586 Std=1.153336 RMS90=0.497116
  Electron: n=782 Mean=1.625585 Std=1.021012 RMS90=0.586227
  Muon: n=1998 Mean=1.765949 Std=1.284372 RMS90=0.755388
Returning 4.020237922668457
Training epoch 20
[3.75913292e-01 1.41696745e-01 3.71374682e+00 4.09512912e-02
 2.21263999e-01 3.34480202e-08 1.30012680e+00 3.67711300e-02
 2.61671506e+00 1.64862321e-08 2.11313533e-01 1.16656158e-01
 2.10556030e+00 1.20557195e-01 2.00320726e-01 1.16128627e-01
 2.03044043e+00 1.36525404e-01 4.50297675e+00 1.19386612e-01
 2.57508171e-01 2.07558075e-02 6.21864423e-03 2.67929609e-10
 6.56744324e-03 5.96108791e-04 1.24724267e-02 4.52328816e-10
 9.66724857e-04 1.62829333e-03 8.51331837e-03 1.09502498e-03
 7.77297237e-04 1.58289322e-03 9.23810435e-03 1.46994352e-03
 3.30016579e-02 1.92234335e-03 9.61615133e-03 1.09525651e-02
 1.94746889e-05 2.40020196e-12 8.58224555e-05 5.02259418e-06
 1.16410852e-04 3.51515733e-12 6.33820146e-06 4.80146804e-05
 1.59834010e-05 9.62590518e-06 1.84707497e-06 1.10513835e-05
 2.02557993e-05 4.96557544e-06 1.95653949e-04 1.19791720e-05
 1.07533009e-02 1.25532380e-02 1.24011015e-05 5.72442231e-13
 1.54019951e-04 6.09296738e-05 8.37160113e-04 2.35669523e-10
 2.15698046e-04 9.54680536e-05 2.73996262e-03 1.20655889e-04
 3.24437121e-04 5.29342136e-04 3.65042351e-03 4.86071709e-04
 2.27464315e-02 1.18482399e-03 1.04651213e-02 1.20351661e-02
 1.71673821e-06 2.87703186e-08 5.43105143e-08 4.31131758e-08
 1.33027467e-06 6.49679193e-08 7.62248856e-08 4.91335200e-08
 1.83122374e-06 7.59348861e-08 1.41803221e-07 1.07995196e-07
 3.65817085e-06 1.86855702e-07 3.75158953e-07 1.18759576e-07
 1.59732422e+00 2.49642116e-02 7.00305792e-02 4.76572408e-02
 7.45705794e-01 5.00941170e-02 6.31503825e-02 5.01986833e-02
 7.27863905e-01 4.68230394e-02 8.22067585e-02 7.75522215e-02
 9.02177853e-01 6.05486291e-02 1.90987668e-01 1.82135071e-01
 1.09359747e+00 2.49419757e-02 4.53402052e-02 5.17202419e-02
 7.11019581e-01 5.42555282e-02 4.95709380e-02 4.19704044e-02
 6.86167116e-01 3.94248684e-02 7.05628086e-02 4.92662617e-02
 8.78247114e-01 4.76268168e-02 2.03374089e-01 2.46572282e-01
 1.37140230e-05 1.21490355e-07 1.56512023e-05 4.30458628e-08
 4.31188407e-05 4.73229546e-08 8.44485629e-01 4.99718011e-02
 9.61688848e-01 2.61152838e-02 1.96213222e+00 2.87781008e-02
 1.87173946e+00 2.11068483e-01 2.08661207e+00 3.80872167e-01
 4.10732003e+00 8.53866771e-01]
train  L_V                   = +0.0000 (0.0%)
 train    L_V_attractive      = +0.0000 (0.0%)
 train      L_V_attractive_charged      = +0.0000 (0.0%)
 train      L_V_attractive_neutral      = +0.0000 (0.0%)
 train    L_V_repulsive       = +0.0000 (0.0%)
 train      L_V_repulsive_charged       = +0.0000 (0.0%)
 train      L_V_repulsive_neutral       = +0.0000 (0.0%)
 train    L_charged_cluster   = +0.0000 (0.0%)
 train  L_beta              = -0.3333 (-14.2%)
 train    L_beta_noise        = +0.0000 (0.0%)
 train    L_beta_sig          = -0.9956 (-42.4%)
 train    L_beta_suppress     = +0.0000 (0.0%)
 train    L_beta_track        = +0.6623 (28.2%)
 train      L_beta_norms_term   = -0.9956 (-42.4%)
 train      L_beta_logbeta_term = +0.0000 (0.0%)
 train  L_E   = +2.6814 (114.2%)
 train    L_E_charge = +0.0000 (0.0%)
 train    L_E_cond = +1.3524 (57.6%)
 train    L_E_cluster = +1.3290 (56.6%)
 train    L_E_w_photon   = +0.0000 (0.0%)
 train    L_E_w_charged_hadron   = +0.0000 (0.0%)
 train    L_E_w_neutral_hadron   = +0.0000 (0.0%)
 train    L_E_w_muon     = +0.0000 (0.0%)
 train    L_E_w_electron = +0.0000 (0.0%)
learning rate :  [0.00039890465297888624, 0.00039563061276672447, 0.000390213750433216, 0.00038271341425563806, 0.0003732117794866986, 0.00036181294802527074, 0.000348641807854205, 0.0003338426647414537, 0.00031760148556057003, 0.00030002500000000004, 0.0002813769917830063, 0.00026183794802527076, 0.00024162194257901096, 0.00022095046623036733, 0.00020005, 0.00017914953376963274, 0.00015847805742098906, 0.0001382620519747293, 0.00011872300821699378, 0.00010007500000000005, 8.252233880412002e-05]
train loss :  3.3480677604675293
test   L_V                   = +0.0000 (0.0%)
    L_V_attractive      = +0.0000 (0.0%)
      L_V_attractive_charged      = +0.0000 (0.0%)
      L_V_attractive_neutral      = +0.0000 (0.0%)
    L_V_repulsive       = +0.0000 (0.0%)
      L_V_repulsive_charged       = +0.0000 (0.0%)
      L_V_repulsive_neutral       = +0.0000 (0.0%)
    L_charged_cluster   = +0.0000 (0.0%)
  L_beta              = -0.3584 (-12.7%)
    L_beta_noise        = +0.0000 (0.0%)
    L_beta_sig          = -0.9954 (-35.3%)
    L_beta_suppress     = +0.0000 (0.0%)
    L_beta_track        = +0.6370 (22.6%)
      L_beta_norms_term   = -0.9954 (-35.3%)
      L_beta_logbeta_term = +0.0000 (0.0%)
  L_E   = +3.1815 (112.7%)
    L_E_charge = +0.0000 (0.0%)
    L_E_cond = +1.8344 (65.0%)
    L_E_cluster = +1.3471 (47.7%)
    L_E_w_photon   = +0.0000 (0.0%)
    L_E_w_charged_hadron   = +0.0000 (0.0%)
    L_E_w_neutral_hadron   = +0.0000 (0.0%)
    L_E_w_muon     = +0.0000 (0.0%)
    L_E_w_electron = +0.0000 (0.0%)
Epoch 20
Pretraining energy response (E_pred / E_true) by true-energy bin:
  1-50 GeV: n=22369 Mean=1.162435 Std=0.807538 RMS90=0.207938
  50-150 GeV: n=21867 Mean=0.768379 Std=0.275474 RMS90=0.245758
  >150 GeV: n=70 Mean=0.746170 Std=0.254632 RMS90=0.225049
Pretraining energy response by particle species:
  Neutron: n=11095 Mean=0.930798 Std=0.124605 RMS90=0.078467
  K0: n=11257 Mean=0.981937 Std=0.152819 RMS90=0.086340
  Photon: n=6167 Mean=0.994192 Std=0.079455 RMS90=0.050619
  Pion: n=13008 Mean=0.952905 Std=1.077854 RMS90=0.421976
  Electron: n=782 Mean=0.932281 Std=0.931015 RMS90=0.435044
  Muon: n=1998 Mean=1.112220 Std=0.906223 RMS90=0.422633
Returning 3.823071002960205
Training epoch 21
[3.79324152e-01 1.44266055e-01 3.87181311e+00 4.16570890e-02
 2.41360830e-01 3.53200786e-08 1.34170249e+00 3.73032762e-02
 2.73706515e+00 1.71369959e-08 2.26931480e-01 1.29259086e-01
 2.24434893e+00 1.29327286e-01 2.10150491e-01 1.30692413e-01
 2.13947349e+00 1.43632990e-01 4.64588343e+00 1.18729369e-01
 2.70260328e-01 2.27435872e-02 1.15737089e-02 4.80362774e-10
 2.42554294e-02 1.20775205e-03 3.70348380e-02 7.26617140e-10
 2.82112508e-03 6.33307948e-03 1.79111848e-02 3.04579780e-03
 1.60537060e-03 5.07282147e-03 1.43778656e-02 3.14502625e-03
 3.56674634e-02 2.19770932e-03 1.01879953e-02 1.20781272e-02
 8.83939770e-05 1.06319414e-11 5.24173242e-04 2.79112467e-05
 6.95724359e-04 2.89353580e-11 4.19141081e-05 3.80263494e-04
 1.12344789e-04 7.41000198e-05 1.44854041e-05 9.63821304e-05
 1.11854955e-04 3.17025310e-05 9.09677960e-04 5.66181603e-05
 1.14465301e-02 1.37731787e-02 9.28491884e-05 5.10065129e-12
 4.24315269e-04 1.12798501e-04 1.07320231e-03 2.39029371e-10
 2.91889121e-04 1.50623563e-04 3.12394889e-03 1.73032487e-04
 3.83521351e-04 6.28725078e-04 4.41416386e-03 5.90805400e-04
 2.59799921e-02 1.37411011e-03 1.11189515e-02 1.32058702e-02
 1.86652617e-06 2.88994013e-08 6.05588655e-08 4.67848651e-08
 1.53923292e-06 7.13137417e-08 8.82348960e-08 5.29816573e-08
 2.16402543e-06 7.99136027e-08 1.65468626e-07 1.14688923e-07
 4.30323725e-06 1.99140897e-07 4.36782888e-07 1.43411360e-07
 1.68129786e+00 2.67101107e-02 6.98425921e-02 4.61381215e-02
 7.37051461e-01 4.82717396e-02 6.27865202e-02 5.05163878e-02
 7.33002994e-01 4.75188728e-02 8.31709792e-02 7.99057557e-02
 9.17822053e-01 6.17974604e-02 1.91599703e-01 1.86238171e-01
 1.10406295e+00 2.89837258e-02 4.52912576e-02 4.92654654e-02
 7.03424300e-01 5.29806633e-02 4.95447505e-02 4.01675988e-02
 6.81094666e-01 3.86998747e-02 6.98711753e-02 4.88229319e-02
 8.64897673e-01 4.71084641e-02 1.89551163e-01 2.27365716e-01
 1.52822699e-05 1.33986237e-07 1.88835676e-05 6.48638154e-08
 5.34369737e-05 5.87371711e-08 8.56023360e-01 5.07128708e-02
 1.01300800e+00 2.65427082e-02 2.00090555e+00 2.93795026e-02
 1.76681524e+00 1.94746848e-01 1.92145596e+00 3.48665717e-01
 3.73843394e+00 7.77022959e-01]
train  L_V                   = +0.0000 (0.0%)
 train    L_V_attractive      = +0.0000 (0.0%)
 train      L_V_attractive_charged      = +0.0000 (0.0%)
 train      L_V_attractive_neutral      = +0.0000 (0.0%)
 train    L_V_repulsive       = +0.0000 (0.0%)
 train      L_V_repulsive_charged       = +0.0000 (0.0%)
 train      L_V_repulsive_neutral       = +0.0000 (0.0%)
 train    L_charged_cluster   = +0.0000 (0.0%)
 train  L_beta              = -0.3333 (-14.3%)
 train    L_beta_noise        = +0.0000 (0.0%)
 train    L_beta_sig          = -0.9956 (-42.7%)
 train    L_beta_suppress     = +0.0000 (0.0%)
 train    L_beta_track        = +0.6623 (28.4%)
 train      L_beta_norms_term   = -0.9956 (-42.7%)
 train      L_beta_logbeta_term = +0.0000 (0.0%)
 train  L_E   = +2.6656 (114.3%)
 train    L_E_charge = +0.0000 (0.0%)
 train    L_E_cond = +1.3481 (57.8%)
 train    L_E_cluster = +1.3175 (56.5%)
 train    L_E_w_photon   = +0.0000 (0.0%)
 train    L_E_w_charged_hadron   = +0.0000 (0.0%)
 train    L_E_w_neutral_hadron   = +0.0000 (0.0%)
 train    L_E_w_muon     = +0.0000 (0.0%)
 train    L_E_w_electron = +0.0000 (0.0%)
learning rate :  [0.00039890465297888624, 0.00039563061276672447, 0.000390213750433216, 0.00038271341425563806, 0.0003732117794866986, 0.00036181294802527074, 0.000348641807854205, 0.0003338426647414537, 0.00031760148556057003, 0.00030002500000000004, 0.0002813769917830063, 0.00026183794802527076, 0.00024162194257901096, 0.00022095046623036733, 0.00020005, 0.00017914953376963274, 0.00015847805742098906, 0.0001382620519747293, 0.00011872300821699378, 0.00010007500000000005, 8.252233880412002e-05, 6.625733525854636e-05]
train loss :  3.332357883453369
test   L_V                   = +0.0000 (0.0%)
    L_V_attractive      = +0.0000 (0.0%)
      L_V_attractive_charged      = +0.0000 (0.0%)
      L_V_attractive_neutral      = +0.0000 (0.0%)
    L_V_repulsive       = +0.0000 (0.0%)
      L_V_repulsive_charged       = +0.0000 (0.0%)
      L_V_repulsive_neutral       = +0.0000 (0.0%)
    L_charged_cluster   = +0.0000 (0.0%)
  L_beta              = -0.3584 (-15.4%)
    L_beta_noise        = +0.0000 (0.0%)
    L_beta_sig          = -0.9954 (-42.8%)
    L_beta_suppress     = +0.0000 (0.0%)
    L_beta_track        = +0.6370 (27.4%)
      L_beta_norms_term   = -0.9954 (-42.8%)
      L_beta_logbeta_term = +0.0000 (0.0%)
  L_E   = +2.6859 (115.4%)
    L_E_charge = +0.0000 (0.0%)
    L_E_cond = +1.3845 (59.5%)
    L_E_cluster = +1.3014 (55.9%)
    L_E_w_photon   = +0.0000 (0.0%)
    L_E_w_charged_hadron   = +0.0000 (0.0%)
    L_E_w_neutral_hadron   = +0.0000 (0.0%)
    L_E_w_muon     = +0.0000 (0.0%)
    L_E_w_electron = +0.0000 (0.0%)
Epoch 21
Pretraining energy response (E_pred / E_true) by true-energy bin:
  1-50 GeV: n=22369 Mean=1.233935 Std=0.825753 RMS90=0.242990
  50-150 GeV: n=21867 Mean=0.803563 Std=0.252876 RMS90=0.203975
  >150 GeV: n=70 Mean=0.792638 Std=0.219972 RMS90=0.194873
Pretraining energy response by particle species:
  Neutron: n=11095 Mean=0.931138 Std=0.123191 RMS90=0.078113
  K0: n=11257 Mean=0.983524 Std=0.148296 RMS90=0.081410
  Photon: n=6167 Mean=0.978323 Std=0.067710 RMS90=0.038686
  Pion: n=13008 Mean=1.114796 Std=1.087328 RMS90=0.483396
  Electron: n=782 Mean=1.186798 Std=1.014604 RMS90=0.576003
  Muon: n=1998 Mean=1.183870 Std=0.941902 RMS90=0.437269
Returning 3.327476739883423
Training epoch 22
[3.67494809e-01 1.39011768e-01 3.76594272e+00 4.02576043e-02
 2.32839657e-01 3.49647124e-08 1.31392621e+00 3.64113054e-02
 2.69377783e+00 1.70384891e-08 2.21646390e-01 1.22475254e-01
 2.18735864e+00 1.25657386e-01 2.03001009e-01 1.21633215e-01
 2.09934721e+00 1.40144648e-01 4.60583414e+00 1.24985799e-01
 2.64742717e-01 2.30293832e-02 8.49693152e-03 3.91015997e-10
 1.51716313e-02 8.83728285e-04 2.36494257e-02 5.67597618e-10
 1.71760992e-03 3.51506570e-03 1.20409678e-02 1.83306712e-03
 1.00306846e-03 2.90132859e-03 1.02549511e-02 2.00720017e-03
 3.00434529e-02 1.79741495e-03 1.03449002e-02 1.25045937e-02
 4.23001925e-05 5.24501838e-12 2.29852687e-04 1.50540525e-05
 3.04346663e-04 1.26419261e-11 1.91364604e-05 1.76495237e-04
 5.42608178e-05 3.41873721e-05 6.70910917e-06 4.51948911e-05
 5.56570392e-05 1.52641477e-05 5.08356839e-04 3.01473760e-05
 1.14973098e-02 1.42035816e-02 3.90517819e-05 1.39993339e-12
 2.69940414e-04 8.43605666e-05 8.13693749e-04 2.17081348e-10
 2.58346333e-04 1.18813874e-04 2.94164307e-03 1.52239994e-04
 4.02580033e-04 6.22470666e-04 4.65599523e-03 5.96326524e-04
 2.75431338e-02 1.44335254e-03 1.13365161e-02 1.36625970e-02
 1.51994113e-06 2.23013968e-08 4.64572407e-08 3.56002979e-08
 1.19195720e-06 5.53343651e-08 6.64772166e-08 3.84313608e-08
 1.66349084e-06 6.15489560e-08 1.28266050e-07 8.73823821e-08
 3.29867166e-06 1.52571377e-07 3.19198377e-07 9.40421513e-08
 1.71511879e+00 2.80745225e-02 6.98847650e-02 4.66920655e-02
 7.42269439e-01 4.98021139e-02 6.39950835e-02 5.00032275e-02
 7.45531892e-01 4.74039227e-02 8.23571778e-02 7.95798577e-02
 9.17482723e-01 6.20703117e-02 1.89889260e-01 1.80472954e-01
 1.12826741e+00 2.98033438e-02 4.60070194e-02 5.24436560e-02
 7.13852017e-01 5.52391614e-02 4.95401211e-02 4.19176909e-02
 6.77220157e-01 3.95254200e-02 6.85011401e-02 4.72764156e-02
 8.55368925e-01 4.61431856e-02 1.92670556e-01 2.36894889e-01
 1.14039824e-05 1.00852379e-07 1.44429684e-05 3.17894669e-08
 4.34930090e-05 3.48235118e-08 8.54530067e-01 4.89764766e-02
 9.96705992e-01 2.50663964e-02 1.97384906e+00 2.75621025e-02
 1.74631664e+00 2.01412559e-01 1.95248967e+00 3.65348407e-01
 3.89454514e+00 8.22310210e-01]
train  L_V                   = +0.0000 (0.0%)
 train    L_V_attractive      = +0.0000 (0.0%)
 train      L_V_attractive_charged      = +0.0000 (0.0%)
 train      L_V_attractive_neutral      = +0.0000 (0.0%)
 train    L_V_repulsive       = +0.0000 (0.0%)
 train      L_V_repulsive_charged       = +0.0000 (0.0%)
 train      L_V_repulsive_neutral       = +0.0000 (0.0%)
 train    L_charged_cluster   = +0.0000 (0.0%)
 train  L_beta              = -0.3332 (-14.5%)
 train    L_beta_noise        = +0.0000 (0.0%)
 train    L_beta_sig          = -0.9956 (-43.3%)
 train    L_beta_suppress     = +0.0000 (0.0%)
 train    L_beta_track        = +0.6624 (28.8%)
 train      L_beta_norms_term   = -0.9956 (-43.3%)
 train      L_beta_logbeta_term = +0.0000 (0.0%)
 train  L_E   = +2.6348 (114.5%)
 train    L_E_charge = +0.0000 (0.0%)
 train    L_E_cond = +1.3298 (57.8%)
 train    L_E_cluster = +1.3050 (56.7%)
 train    L_E_w_photon   = +0.0000 (0.0%)
 train    L_E_w_charged_hadron   = +0.0000 (0.0%)
 train    L_E_w_neutral_hadron   = +0.0000 (0.0%)
 train    L_E_w_muon     = +0.0000 (0.0%)
 train    L_E_w_electron = +0.0000 (0.0%)
learning rate :  [0.00039890465297888624, 0.00039563061276672447, 0.000390213750433216, 0.00038271341425563806, 0.0003732117794866986, 0.00036181294802527074, 0.000348641807854205, 0.0003338426647414537, 0.00031760148556057003, 0.00030002500000000004, 0.0002813769917830063, 0.00026183794802527076, 0.00024162194257901096, 0.00022095046623036733, 0.00020005, 0.00017914953376963274, 0.00015847805742098906, 0.0001382620519747293, 0.00011872300821699378, 0.00010007500000000005, 8.252233880412002e-05, 6.625733525854636e-05, 5.1458192145795003e-05]
train loss :  3.301591157913208
test   L_V                   = +0.0000 (0.0%)
    L_V_attractive      = +0.0000 (0.0%)
      L_V_attractive_charged      = +0.0000 (0.0%)
      L_V_attractive_neutral      = +0.0000 (0.0%)
    L_V_repulsive       = +0.0000 (0.0%)
      L_V_repulsive_charged       = +0.0000 (0.0%)
      L_V_repulsive_neutral       = +0.0000 (0.0%)
    L_charged_cluster   = +0.0000 (0.0%)
  L_beta              = -0.3584 (-11.9%)
    L_beta_noise        = +0.0000 (0.0%)
    L_beta_sig          = -0.9954 (-33.0%)
    L_beta_suppress     = +0.0000 (0.0%)
    L_beta_track        = +0.6370 (21.1%)
      L_beta_norms_term   = -0.9954 (-33.0%)
      L_beta_logbeta_term = +0.0000 (0.0%)
  L_E   = +3.3728 (111.9%)
    L_E_charge = +0.0000 (0.0%)
    L_E_cond = +1.8487 (61.3%)
    L_E_cluster = +1.5240 (50.6%)
    L_E_w_photon   = +0.0000 (0.0%)
    L_E_w_charged_hadron   = +0.0000 (0.0%)
    L_E_w_neutral_hadron   = +0.0000 (0.0%)
    L_E_w_muon     = +0.0000 (0.0%)
    L_E_w_electron = +0.0000 (0.0%)
Epoch 22
Pretraining energy response (E_pred / E_true) by true-energy bin:
  1-50 GeV: n=22369 Mean=1.260256 Std=0.885559 RMS90=0.286731
  50-150 GeV: n=21867 Mean=0.754709 Std=0.223518 RMS90=0.170613
  >150 GeV: n=70 Mean=0.711397 Std=0.227308 RMS90=0.188171
Pretraining energy response by particle species:
  Neutron: n=11095 Mean=0.881202 Std=0.116211 RMS90=0.073584
  K0: n=11257 Mean=0.931228 Std=0.150300 RMS90=0.083345
  Photon: n=6167 Mean=0.947904 Std=0.085986 RMS90=0.051803
  Pion: n=13008 Mean=1.167752 Std=1.150540 RMS90=0.540775
  Electron: n=782 Mean=1.359372 Std=1.208920 RMS90=0.701709
  Muon: n=1998 Mean=1.194724 Std=0.973799 RMS90=0.476994
Returning 4.01434326171875
Training epoch 23
[3.67375111e-01 1.39884511e-01 3.90763634e+00 4.01660138e-02
 2.31727256e-01 3.59352972e-08 1.32980766e+00 3.62663441e-02
 2.74224409e+00 1.69105804e-08 2.25266161e-01 1.25023464e-01
 2.24910022e+00 1.27393195e-01 2.09304652e-01 1.29609022e-01
 2.14711451e+00 1.45079655e-01 4.60408444e+00 1.26182317e-01
 2.71659328e-01 2.32479288e-02 1.13571219e-02 5.23153600e-10
 2.50456058e-02 1.10688218e-03 3.52807369e-02 7.72725551e-10
 2.87098387e-03 5.38592905e-03 2.13781862e-02 2.64112773e-03
 1.65671479e-03 4.20006371e-03 1.64928190e-02 2.77361745e-03
 4.56635628e-02 2.30085786e-03 1.11758703e-02 1.29678419e-02
 1.35990584e-04 1.94136420e-11 5.60225962e-04 1.51795510e-05
 6.66656646e-04 2.43640575e-11 3.92565851e-05 2.66883265e-04
 1.00523749e-04 5.14076536e-05 1.19920151e-05 6.42372850e-05
 1.01338051e-04 2.38800136e-05 9.06062475e-04 5.55317131e-05
 1.22556696e-02 1.44850753e-02 1.06271535e-04 3.09684998e-12
 5.70095888e-04 1.39979052e-04 1.40494303e-03 1.42090649e-10
 4.14593053e-04 1.66513071e-04 4.11745471e-03 2.00341140e-04
 4.52093192e-04 6.67404536e-04 4.97535146e-03 6.31725389e-04
 2.72849518e-02 1.48992372e-03 1.21070091e-02 1.40910135e-02
 4.96387014e-06 8.80102327e-08 2.12207362e-07 1.16817143e-07
 3.39325667e-06 1.43313021e-07 1.63092117e-07 9.60845409e-08
 3.51613377e-06 1.38500488e-07 2.80114875e-07 1.82047047e-07
 6.66454976e-06 3.00991103e-07 6.38356650e-07 2.39153527e-07
 1.78042127e+00 3.09470316e-02 7.20714935e-02 4.60354107e-02
 7.70084950e-01 4.87567498e-02 6.49117898e-02 5.03627912e-02
 7.59407301e-01 4.77996831e-02 8.42171220e-02 8.19864324e-02
 9.48824697e-01 6.25769620e-02 1.96263083e-01 1.82895783e-01
 1.10702660e+00 2.78811746e-02 4.75157617e-02 5.23870050e-02
 7.28662407e-01 5.63838454e-02 5.01127167e-02 4.03733764e-02
 6.86518111e-01 3.91610936e-02 6.95065921e-02 4.84101399e-02
 8.61787641e-01 4.64711185e-02 1.84487413e-01 2.25139296e-01
 1.96214528e-05 2.74568102e-07 3.03688488e-05 7.59703959e-08
 1.01711018e-04 8.39320436e-08 8.70618298e-01 4.92710909e-02
 1.03287417e+00 2.51781952e-02 2.08991261e+00 2.78405589e-02
 1.69773557e+00 1.91148779e-01 1.85271524e+00 3.43114559e-01
 3.64251769e+00 7.66564710e-01]
train  L_V                   = +0.0000 (0.0%)
 train    L_V_attractive      = +0.0000 (0.0%)
 train      L_V_attractive_charged      = +0.0000 (0.0%)
 train      L_V_attractive_neutral      = +0.0000 (0.0%)
 train    L_V_repulsive       = +0.0000 (0.0%)
 train      L_V_repulsive_charged       = +0.0000 (0.0%)
 train      L_V_repulsive_neutral       = +0.0000 (0.0%)
 train    L_charged_cluster   = +0.0000 (0.0%)
 train  L_beta              = -0.3332 (-14.5%)
 train    L_beta_noise        = +0.0000 (0.0%)
 train    L_beta_sig          = -0.9956 (-43.3%)
 train    L_beta_suppress     = +0.0000 (0.0%)
 train    L_beta_track        = +0.6624 (28.8%)
 train      L_beta_norms_term   = -0.9956 (-43.3%)
 train      L_beta_logbeta_term = +0.0000 (0.0%)
 train  L_E   = +2.6333 (114.5%)
 train    L_E_charge = +0.0000 (0.0%)
 train    L_E_cond = +1.3306 (57.8%)
 train    L_E_cluster = +1.3027 (56.6%)
 train    L_E_w_photon   = +0.0000 (0.0%)
 train    L_E_w_charged_hadron   = +0.0000 (0.0%)
 train    L_E_w_neutral_hadron   = +0.0000 (0.0%)
 train    L_E_w_muon     = +0.0000 (0.0%)
 train    L_E_w_electron = +0.0000 (0.0%)
learning rate :  [0.00039890465297888624, 0.00039563061276672447, 0.000390213750433216, 0.00038271341425563806, 0.0003732117794866986, 0.00036181294802527074, 0.000348641807854205, 0.0003338426647414537, 0.00031760148556057003, 0.00030002500000000004, 0.0002813769917830063, 0.00026183794802527076, 0.00024162194257901096, 0.00022095046623036733, 0.00020005, 0.00017914953376963274, 0.00015847805742098906, 0.0001382620519747293, 0.00011872300821699378, 0.00010007500000000005, 8.252233880412002e-05, 6.625733525854636e-05, 5.1458192145795003e-05, 3.8287051974729284e-05]
train loss :  3.300107002258301
test   L_V                   = +0.0000 (0.0%)
    L_V_attractive      = +0.0000 (0.0%)
      L_V_attractive_charged      = +0.0000 (0.0%)
      L_V_attractive_neutral      = +0.0000 (0.0%)
    L_V_repulsive       = +0.0000 (0.0%)
      L_V_repulsive_charged       = +0.0000 (0.0%)
      L_V_repulsive_neutral       = +0.0000 (0.0%)
    L_charged_cluster   = +0.0000 (0.0%)
  L_beta              = -0.3584 (-10.3%)
    L_beta_noise        = +0.0000 (0.0%)
    L_beta_sig          = -0.9954 (-28.6%)
    L_beta_suppress     = +0.0000 (0.0%)
    L_beta_track        = +0.6370 (18.3%)
      L_beta_norms_term   = -0.9954 (-28.6%)
      L_beta_logbeta_term = +0.0000 (0.0%)
  L_E   = +3.8352 (110.3%)
    L_E_charge = +0.0000 (0.0%)
    L_E_cond = +2.0618 (59.3%)
    L_E_cluster = +1.7734 (51.0%)
    L_E_w_photon   = +0.0000 (0.0%)
    L_E_w_charged_hadron   = +0.0000 (0.0%)
    L_E_w_neutral_hadron   = +0.0000 (0.0%)
    L_E_w_muon     = +0.0000 (0.0%)
    L_E_w_electron = +0.0000 (0.0%)
Epoch 23
Pretraining energy response (E_pred / E_true) by true-energy bin:
  1-50 GeV: n=22369 Mean=1.250888 Std=0.977810 RMS90=0.327484
  50-150 GeV: n=21867 Mean=0.709008 Std=0.209224 RMS90=0.162193
  >150 GeV: n=70 Mean=0.687882 Std=0.178996 RMS90=0.150913
Pretraining energy response by particle species:
  Neutron: n=11095 Mean=0.818314 Std=0.114642 RMS90=0.075290
  K0: n=11257 Mean=0.865034 Std=0.136000 RMS90=0.083148
  Photon: n=6167 Mean=0.909839 Std=0.091539 RMS90=0.058997
  Pion: n=13008 Mean=1.198105 Std=1.237504 RMS90=0.580353
  Electron: n=782 Mean=1.408371 Std=1.407383 RMS90=0.739380
  Muon: n=1998 Mean=1.211557 Std=1.092936 RMS90=0.512263
Returning 4.476723670959473
Training epoch 24
[3.68252925e-01 1.36354027e-01 3.93463239e+00 3.91889508e-02
 2.24405342e-01 3.63723624e-08 1.33099670e+00 3.53358924e-02
 2.73880165e+00 1.71318624e-08 2.21973467e-01 1.20094680e-01
 2.24911430e+00 1.23780332e-01 2.04728462e-01 1.18986250e-01
 2.13447531e+00 1.39540212e-01 4.63510286e+00 1.25244846e-01
 2.71083208e-01 2.34195945e-02 1.00752465e-02 4.37285496e-10
 1.04680320e-02 7.36417070e-04 1.91042339e-02 7.45883217e-10
 1.69552114e-03 1.75427573e-03 1.99147526e-02 1.30203250e-03
 1.17805092e-03 1.81487627e-03 1.36015378e-02 1.74342007e-03
 4.17276525e-02 2.30902175e-03 1.19327940e-02 1.33552621e-02
 1.89840188e-05 2.31749652e-12 5.80747036e-05 7.80510515e-06
 8.45339039e-05 4.48816159e-12 4.84799565e-06 2.95695165e-05
 1.92875942e-05 6.09257058e-06 1.74467053e-06 7.54203736e-06
 2.12405952e-05 3.69970276e-06 1.74403140e-04 1.00400618e-05
 1.29548863e-02 1.48057699e-02 1.34435430e-05 8.70670170e-13
 5.42011339e-04 1.53702335e-04 1.35759748e-03 8.87354394e-11
 4.18749772e-04 1.64131101e-04 4.05326134e-03 2.10173716e-04
 4.10120076e-04 6.19000822e-04 4.46846488e-03 5.81413470e-04
 2.57484158e-02 1.46554844e-03 1.27898945e-02 1.44341059e-02
 1.29716790e-06 1.71917787e-08 3.92537126e-08 2.74792470e-08
 9.70164480e-07 4.27387496e-08 5.20888519e-08 2.84909267e-08
 1.28879629e-06 4.59450057e-08 9.58879222e-08 6.78769896e-08
 2.59825930e-06 1.19535551e-07 2.57051099e-07 6.40792335e-08
 1.81177040e+00 3.10263222e-02 7.31792871e-02 4.73889870e-02
 7.87069878e-01 4.97758025e-02 6.50279766e-02 5.06289109e-02
 7.56195116e-01 4.80559037e-02 8.36741787e-02 8.05541609e-02
 9.35747945e-01 6.25274190e-02 1.92971947e-01 1.84961258e-01
 1.14607101e+00 3.02741452e-02 4.69657296e-02 5.08503643e-02
 7.29985263e-01 5.50699579e-02 5.01383634e-02 3.95524294e-02
 6.84583640e-01 3.87067438e-02 6.95403382e-02 4.61981395e-02
 8.53836994e-01 4.57152763e-02 1.83178349e-01 2.21686449e-01
 9.56893316e-06 8.23402872e-08 1.19903985e-05 2.08050840e-08
 3.48120006e-05 1.83718538e-08 8.56217216e-01 4.90321689e-02
 1.00851865e+00 2.45623414e-02 2.03790465e+00 2.70756002e-02
 1.67386451e+00 1.88712376e-01 1.82013812e+00 3.43973159e-01
 3.62213195e+00 7.72297835e-01]
train  L_V                   = +0.0000 (0.0%)
 train    L_V_attractive      = +0.0000 (0.0%)
 train      L_V_attractive_charged      = +0.0000 (0.0%)
 train      L_V_attractive_neutral      = +0.0000 (0.0%)
 train    L_V_repulsive       = +0.0000 (0.0%)
 train      L_V_repulsive_charged       = +0.0000 (0.0%)
 train      L_V_repulsive_neutral       = +0.0000 (0.0%)
 train    L_charged_cluster   = +0.0000 (0.0%)
 train  L_beta              = -0.3330 (-14.7%)
 train    L_beta_noise        = +0.0000 (0.0%)
 train    L_beta_sig          = -0.9956 (-43.9%)
 train    L_beta_suppress     = +0.0000 (0.0%)
 train    L_beta_track        = +0.6626 (29.2%)
 train      L_beta_norms_term   = -0.9956 (-43.9%)
 train      L_beta_logbeta_term = +0.0000 (0.0%)
 train  L_E   = +2.6005 (114.7%)
 train    L_E_charge = +0.0000 (0.0%)
 train    L_E_cond = +1.3110 (57.8%)
 train    L_E_cluster = +1.2895 (56.9%)
 train    L_E_w_photon   = +0.0000 (0.0%)
 train    L_E_w_charged_hadron   = +0.0000 (0.0%)
 train    L_E_w_neutral_hadron   = +0.0000 (0.0%)
 train    L_E_w_muon     = +0.0000 (0.0%)
 train    L_E_w_electron = +0.0000 (0.0%)
learning rate :  [0.00039890465297888624, 0.00039563061276672447, 0.000390213750433216, 0.00038271341425563806, 0.0003732117794866986, 0.00036181294802527074, 0.000348641807854205, 0.0003338426647414537, 0.00031760148556057003, 0.00030002500000000004, 0.0002813769917830063, 0.00026183794802527076, 0.00024162194257901096, 0.00022095046623036733, 0.00020005, 0.00017914953376963274, 0.00015847805742098906, 0.0001382620519747293, 0.00011872300821699378, 0.00010007500000000005, 8.252233880412002e-05, 6.625733525854636e-05, 5.1458192145795003e-05, 3.8287051974729284e-05, 2.688822051330148e-05]
train loss :  3.267457962036133
test   L_V                   = +0.0000 (0.0%)
    L_V_attractive      = +0.0000 (0.0%)
      L_V_attractive_charged      = +0.0000 (0.0%)
      L_V_attractive_neutral      = +0.0000 (0.0%)
    L_V_repulsive       = +0.0000 (0.0%)
      L_V_repulsive_charged       = +0.0000 (0.0%)
      L_V_repulsive_neutral       = +0.0000 (0.0%)
    L_charged_cluster   = +0.0000 (0.0%)
  L_beta              = -0.3584 (-12.5%)
    L_beta_noise        = +0.0000 (0.0%)
    L_beta_sig          = -0.9954 (-34.6%)
    L_beta_suppress     = +0.0000 (0.0%)
    L_beta_track        = +0.6370 (22.1%)
      L_beta_norms_term   = -0.9954 (-34.6%)
      L_beta_logbeta_term = +0.0000 (0.0%)
  L_E   = +3.2342 (112.5%)
    L_E_charge = +0.0000 (0.0%)
    L_E_cond = +1.8005 (62.6%)
    L_E_cluster = +1.4337 (49.9%)
    L_E_w_photon   = +0.0000 (0.0%)
    L_E_w_charged_hadron   = +0.0000 (0.0%)
    L_E_w_neutral_hadron   = +0.0000 (0.0%)
    L_E_w_muon     = +0.0000 (0.0%)
    L_E_w_electron = +0.0000 (0.0%)
Epoch 24
Pretraining energy response (E_pred / E_true) by true-energy bin:
  1-50 GeV: n=22369 Mean=1.323223 Std=0.971700 RMS90=0.352104
  50-150 GeV: n=21867 Mean=0.787565 Std=0.226436 RMS90=0.173201
  >150 GeV: n=70 Mean=0.733601 Std=0.225513 RMS90=0.184745
Pretraining energy response by particle species:
  Neutron: n=11095 Mean=0.895811 Std=0.120949 RMS90=0.077101
  K0: n=11257 Mean=0.945737 Std=0.137010 RMS90=0.079370
  Photon: n=6167 Mean=0.951302 Std=0.074395 RMS90=0.047034
  Pion: n=13008 Mean=1.286456 Std=1.231770 RMS90=0.604894
  Electron: n=782 Mean=1.529775 Std=1.375222 RMS90=0.781008
  Muon: n=1998 Mean=1.246977 Std=1.090175 RMS90=0.538740
Returning 3.875749349594116
Training epoch 25
[3.73927526e-01 1.36869094e-01 4.01920707e+00 3.92925394e-02
 2.27650960e-01 3.76328199e-08 1.35393982e+00 3.55259894e-02
 2.76405338e+00 1.74327748e-08 2.26879941e-01 1.19610978e-01
 2.28245354e+00 1.24828521e-01 2.07543904e-01 1.23790394e-01
 2.19109543e+00 1.43362932e-01 4.71312178e+00 1.28198946e-01
 2.81500277e-01 2.47910099e-02 1.27387502e-02 5.32174537e-10
 1.95695604e-02 1.17371409e-03 3.38743006e-02 9.76650577e-10
 2.56106897e-03 3.88980136e-03 2.36535159e-02 2.23754764e-03
 1.73489301e-03 3.39174302e-03 1.80613843e-02 2.57540922e-03
 4.91663609e-02 2.73324706e-03 1.24845771e-02 1.45201442e-02
 8.77819943e-05 1.35947445e-11 2.31386773e-04 2.07589527e-05
 3.22370478e-04 1.65636901e-11 1.98640288e-05 1.59443401e-04
 5.81922318e-05 3.08353182e-05 7.96729219e-06 3.86522490e-05
 7.60460056e-05 1.62118382e-05 6.63054788e-04 4.00493587e-05
 1.33027162e-02 1.58733696e-02 6.55356462e-05 2.62662837e-12
 7.50766965e-04 1.95674436e-04 1.71337280e-03 1.50961139e-10
 4.93723013e-04 2.05604630e-04 4.72446719e-03 2.56177740e-04
 5.16042080e-04 7.89264383e-04 5.84228775e-03 7.61381802e-04
 3.34396880e-02 1.80274206e-03 1.34214415e-02 1.55307728e-02
 1.56270690e-06 2.43974264e-08 5.02031748e-08 3.75838378e-08
 1.23817502e-06 5.69723658e-08 6.74227551e-08 3.90878453e-08
 1.69860482e-06 6.17842181e-08 1.28176902e-07 8.96745834e-08
 3.47855237e-06 1.55612594e-07 3.28690862e-07 9.62146636e-08
 1.86317969e+00 3.32477331e-02 7.46808543e-02 4.85872690e-02
 7.94476113e-01 5.09772656e-02 6.70002731e-02 5.24739303e-02
 7.79811515e-01 4.99180174e-02 8.49823753e-02 8.31613285e-02
 9.66683880e-01 6.33019175e-02 1.96940627e-01 1.86083143e-01
 1.19000191e+00 3.27896220e-02 4.81759324e-02 5.08376536e-02
 7.64728839e-01 5.62985001e-02 5.20240623e-02 3.92830341e-02
 7.12064242e-01 3.98044210e-02 7.00884773e-02 4.72359362e-02
 8.70739926e-01 4.68538345e-02 1.75024149e-01 2.09342541e-01
 1.21629674e-05 9.52587720e-08 1.53632251e-05 3.51741384e-08
 4.73201925e-05 3.64069548e-08 8.82981596e-01 4.90306503e-02
 1.05862363e+00 2.45323230e-02 2.09988692e+00 2.70817528e-02
 1.64517023e+00 1.78944521e-01 1.73537095e+00 3.18553048e-01
 3.33937671e+00 7.02675331e-01]
train  L_V                   = +0.0000 (0.0%)
 train    L_V_attractive      = +0.0000 (0.0%)
 train      L_V_attractive_charged      = +0.0000 (0.0%)
 train      L_V_attractive_neutral      = +0.0000 (0.0%)
 train    L_V_repulsive       = +0.0000 (0.0%)
 train      L_V_repulsive_charged       = +0.0000 (0.0%)
 train      L_V_repulsive_neutral       = +0.0000 (0.0%)
 train    L_charged_cluster   = +0.0000 (0.0%)
 train  L_beta              = -0.3331 (-14.7%)
 train    L_beta_noise        = +0.0000 (0.0%)
 train    L_beta_sig          = -0.9956 (-43.9%)
 train    L_beta_suppress     = +0.0000 (0.0%)
 train    L_beta_track        = +0.6624 (29.2%)
 train      L_beta_norms_term   = -0.9956 (-43.9%)
 train      L_beta_logbeta_term = +0.0000 (0.0%)
 train  L_E   = +2.5984 (114.7%)
 train    L_E_charge = +0.0000 (0.0%)
 train    L_E_cond = +1.3106 (57.9%)
 train    L_E_cluster = +1.2878 (56.8%)
 train    L_E_w_photon   = +0.0000 (0.0%)
 train    L_E_w_charged_hadron   = +0.0000 (0.0%)
 train    L_E_w_neutral_hadron   = +0.0000 (0.0%)
 train    L_E_w_muon     = +0.0000 (0.0%)
 train    L_E_w_electron = +0.0000 (0.0%)
learning rate :  [0.00039890465297888624, 0.00039563061276672447, 0.000390213750433216, 0.00038271341425563806, 0.0003732117794866986, 0.00036181294802527074, 0.000348641807854205, 0.0003338426647414537, 0.00031760148556057003, 0.00030002500000000004, 0.0002813769917830063, 0.00026183794802527076, 0.00024162194257901096, 0.00022095046623036733, 0.00020005, 0.00017914953376963274, 0.00015847805742098906, 0.0001382620519747293, 0.00011872300821699378, 0.00010007500000000005, 8.252233880412002e-05, 6.625733525854636e-05, 5.1458192145795003e-05, 3.8287051974729284e-05, 2.688822051330148e-05, 1.7386585744361935e-05]
train loss :  3.2652764320373535
test   L_V                   = +0.0000 (0.0%)
    L_V_attractive      = +0.0000 (0.0%)
      L_V_attractive_charged      = +0.0000 (0.0%)
      L_V_attractive_neutral      = +0.0000 (0.0%)
    L_V_repulsive       = +0.0000 (0.0%)
      L_V_repulsive_charged       = +0.0000 (0.0%)
      L_V_repulsive_neutral       = +0.0000 (0.0%)
    L_charged_cluster   = +0.0000 (0.0%)
  L_beta              = -0.3584 (-13.7%)
    L_beta_noise        = +0.0000 (0.0%)
    L_beta_sig          = -0.9954 (-37.9%)
    L_beta_suppress     = +0.0000 (0.0%)
    L_beta_track        = +0.6370 (24.3%)
      L_beta_norms_term   = -0.9954 (-37.9%)
      L_beta_logbeta_term = +0.0000 (0.0%)
  L_E   = +2.9836 (113.7%)
    L_E_charge = +0.0000 (0.0%)
    L_E_cond = +1.6053 (61.2%)
    L_E_cluster = +1.3782 (52.5%)
    L_E_w_photon   = +0.0000 (0.0%)
    L_E_w_charged_hadron   = +0.0000 (0.0%)
    L_E_w_neutral_hadron   = +0.0000 (0.0%)
    L_E_w_muon     = +0.0000 (0.0%)
    L_E_w_electron = +0.0000 (0.0%)
Epoch 25
Pretraining energy response (E_pred / E_true) by true-energy bin:
  1-50 GeV: n=22369 Mean=1.225820 Std=0.909190 RMS90=0.232212
  50-150 GeV: n=21867 Mean=0.784114 Std=0.238590 RMS90=0.186330
  >150 GeV: n=70 Mean=0.782399 Std=0.183732 RMS90=0.156891
Pretraining energy response by particle species:
  Neutron: n=11095 Mean=0.909832 Std=0.119094 RMS90=0.075628
  K0: n=11257 Mean=0.960902 Std=0.143439 RMS90=0.079772
  Photon: n=6167 Mean=0.956413 Std=0.076224 RMS90=0.043866
  Pion: n=13008 Mean=1.115361 Std=1.174419 RMS90=0.464030
  Electron: n=782 Mean=1.215809 Std=1.150699 RMS90=0.554020
  Muon: n=1998 Mean=1.178230 Std=1.027144 RMS90=0.441377
Returning 3.6251206398010254
Training epoch 26
[3.72403526e-01 1.33967887e-01 4.00974743e+00 3.89056719e-02
 2.23054948e-01 3.73681336e-08 1.37059570e+00 3.52559347e-02
 2.78218637e+00 1.76510062e-08 2.24068974e-01 1.19056192e-01
 2.28658734e+00 1.25005834e-01 2.07699430e-01 1.25840897e-01
 2.19122521e+00 1.43964360e-01 4.68387430e+00 1.27007739e-01
 2.78756262e-01 2.55793035e-02 1.35843735e-02 6.00979125e-10
 2.32045704e-02 1.10117675e-03 3.91901741e-02 1.13493383e-09
 2.93375012e-03 4.30918737e-03 2.70745017e-02 2.51237304e-03
 1.92972958e-03 3.97038603e-03 1.97707092e-02 2.90059418e-03
 5.05063321e-02 2.81351812e-03 1.30819068e-02 1.51023513e-02
 7.82796598e-05 9.82147525e-12 2.63763835e-04 1.79185951e-05
 3.40748771e-04 2.16172005e-11 2.25185755e-05 2.10254581e-04
 7.54076661e-05 4.03979966e-05 9.36468191e-06 5.45548493e-05
 9.36368544e-05 2.10983046e-05 7.83617844e-04 4.72246999e-05
 1.38451978e-02 1.63432385e-02 8.67078601e-05 3.49686234e-12
 1.04686826e-03 2.11669701e-04 2.08515869e-03 1.57261234e-10
 5.62969166e-04 2.24000024e-04 5.31903033e-03 2.75793829e-04
 5.66535181e-04 8.27318492e-04 6.42308122e-03 8.06365018e-04
 3.57575265e-02 1.90483331e-03 1.40500562e-02 1.60162182e-02
 1.25184536e-06 2.13654602e-08 3.87168301e-08 3.16600037e-08
 9.53774788e-07 4.62515906e-08 5.43728194e-08 3.45583247e-08
 1.34115319e-06 5.18125496e-08 1.01878730e-07 7.86104942e-08
 2.70129876e-06 1.31314430e-07 2.41507506e-07 9.88637186e-08
 1.83983894e+00 3.38723174e-02 7.27541875e-02 4.72063485e-02
 7.89310931e-01 5.01089708e-02 6.55909644e-02 5.09613995e-02
 7.82786597e-01 4.94017575e-02 8.45478816e-02 8.03929043e-02
 9.54144196e-01 6.29287712e-02 1.89728747e-01 1.82043975e-01
 1.20472977e+00 3.46694646e-02 4.84673682e-02 5.13894693e-02
 7.75071528e-01 5.69673671e-02 5.30602184e-02 4.04286236e-02
 7.20304323e-01 4.07082448e-02 7.17885135e-02 4.89342226e-02
 8.80830819e-01 4.77878269e-02 1.77780046e-01 2.15970338e-01
 9.32025567e-06 9.82129010e-08 1.21847795e-05 3.76982876e-08
 3.63449082e-05 3.72256245e-08 8.42712235e-01 4.84695599e-02
 1.00448234e+00 2.44445082e-02 2.00403923e+00 2.69592327e-02
 1.65740738e+00 1.83639270e-01 1.76710825e+00 3.28664367e-01
 3.44943480e+00 7.32502543e-01]
train  L_V                   = +0.0000 (0.0%)
 train    L_V_attractive      = +0.0000 (0.0%)
 train      L_V_attractive_charged      = +0.0000 (0.0%)
 train      L_V_attractive_neutral      = +0.0000 (0.0%)
 train    L_V_repulsive       = +0.0000 (0.0%)
 train      L_V_repulsive_charged       = +0.0000 (0.0%)
 train      L_V_repulsive_neutral       = +0.0000 (0.0%)
 train    L_charged_cluster   = +0.0000 (0.0%)
 train  L_beta              = -0.3332 (-14.7%)
 train    L_beta_noise        = +0.0000 (0.0%)
 train    L_beta_sig          = -0.9956 (-44.0%)
 train    L_beta_suppress     = +0.0000 (0.0%)
 train    L_beta_track        = +0.6623 (29.3%)
 train      L_beta_norms_term   = -0.9956 (-44.0%)
 train      L_beta_logbeta_term = +0.0000 (0.0%)
 train  L_E   = +2.5953 (114.7%)
 train    L_E_charge = +0.0000 (0.0%)
 train    L_E_cond = +1.3090 (57.9%)
 train    L_E_cluster = +1.2863 (56.9%)
 train    L_E_w_photon   = +0.0000 (0.0%)
 train    L_E_w_charged_hadron   = +0.0000 (0.0%)
 train    L_E_w_neutral_hadron   = +0.0000 (0.0%)
 train    L_E_w_muon     = +0.0000 (0.0%)
 train    L_E_w_electron = +0.0000 (0.0%)
learning rate :  [0.00039890465297888624, 0.00039563061276672447, 0.000390213750433216, 0.00038271341425563806, 0.0003732117794866986, 0.00036181294802527074, 0.000348641807854205, 0.0003338426647414537, 0.00031760148556057003, 0.00030002500000000004, 0.0002813769917830063, 0.00026183794802527076, 0.00024162194257901096, 0.00022095046623036733, 0.00020005, 0.00017914953376963274, 0.00015847805742098906, 0.0001382620519747293, 0.00011872300821699378, 0.00010007500000000005, 8.252233880412002e-05, 6.625733525854636e-05, 5.1458192145795003e-05, 3.8287051974729284e-05, 2.688822051330148e-05, 1.7386585744361935e-05, 9.886249566784053e-06]
train loss :  3.2620339393615723
test   L_V                   = +0.0000 (0.0%)
    L_V_attractive      = +0.0000 (0.0%)
      L_V_attractive_charged      = +0.0000 (0.0%)
      L_V_attractive_neutral      = +0.0000 (0.0%)
    L_V_repulsive       = +0.0000 (0.0%)
      L_V_repulsive_charged       = +0.0000 (0.0%)
      L_V_repulsive_neutral       = +0.0000 (0.0%)
    L_charged_cluster   = +0.0000 (0.0%)
  L_beta              = -0.3584 (-13.1%)
    L_beta_noise        = +0.0000 (0.0%)
    L_beta_sig          = -0.9954 (-36.2%)
    L_beta_suppress     = +0.0000 (0.0%)
    L_beta_track        = +0.6370 (23.2%)
      L_beta_norms_term   = -0.9954 (-36.2%)
      L_beta_logbeta_term = +0.0000 (0.0%)
  L_E   = +3.1050 (113.1%)
    L_E_charge = +0.0000 (0.0%)
    L_E_cond = +1.6716 (60.9%)
    L_E_cluster = +1.4334 (52.2%)
    L_E_w_photon   = +0.0000 (0.0%)
    L_E_w_charged_hadron   = +0.0000 (0.0%)
    L_E_w_neutral_hadron   = +0.0000 (0.0%)
    L_E_w_muon     = +0.0000 (0.0%)
    L_E_w_electron = +0.0000 (0.0%)
Epoch 26
Pretraining energy response (E_pred / E_true) by true-energy bin:
  1-50 GeV: n=22369 Mean=1.215183 Std=0.877679 RMS90=0.249492
  50-150 GeV: n=21867 Mean=0.764872 Std=0.244808 RMS90=0.195880
  >150 GeV: n=70 Mean=0.766989 Std=0.191739 RMS90=0.165463
Pretraining energy response by particle species:
  Neutron: n=11095 Mean=0.897310 Std=0.118426 RMS90=0.075487
  K0: n=11257 Mean=0.947699 Std=0.142371 RMS90=0.080054
  Photon: n=6167 Mean=0.959650 Std=0.074592 RMS90=0.044341
  Pion: n=13008 Mean=1.086873 Std=1.147586 RMS90=0.490493
  Electron: n=782 Mean=1.181504 Std=1.118604 RMS90=0.605875
  Muon: n=1998 Mean=1.180985 Std=0.980112 RMS90=0.462276
Returning 3.746563673019409
Training epoch 27
[3.76762442e-01 1.36899250e-01 4.00089146e+00 3.94400322e-02
 2.18856286e-01 3.70808580e-08 1.36763626e+00 3.56341535e-02
 2.76803675e+00 1.77097796e-08 2.28567974e-01 1.16635557e-01
 2.29248583e+00 1.23880111e-01 2.07763439e-01 1.25745273e-01
 2.19722336e+00 1.43907380e-01 4.68899646e+00 1.30160423e-01
 2.81406418e-01 2.62405466e-02 1.30147630e-02 5.90941360e-10
 2.17257895e-02 1.07387273e-03 3.81997165e-02 1.17086080e-09
 3.09509193e-03 4.16537724e-03 2.97339973e-02 2.53008517e-03
 2.13861627e-03 3.80864178e-03 2.23338716e-02 2.98638548e-03
 6.01350371e-02 3.27775618e-03 1.37835803e-02 1.57501645e-02
 8.07429820e-05 8.26395625e-12 3.03208664e-04 1.79820214e-05
 3.85100091e-04 1.42730157e-11 2.15118218e-05 1.71121617e-04
 7.10332121e-05 3.26871414e-05 7.65275264e-06 3.90778641e-05
 8.87839388e-05 1.69955487e-05 7.18949751e-04 4.30747266e-05
 1.44363150e-02 1.70216996e-02 6.47714595e-05 3.53566833e-12
 1.02219531e-03 2.52939767e-04 2.32377401e-03 1.40830256e-10
 6.45450406e-04 2.47684412e-04 5.85834283e-03 3.02623111e-04
 5.81753504e-04 8.70499614e-04 6.63867659e-03 8.42773241e-04
 3.65106781e-02 1.99354667e-03 1.45003497e-02 1.67603641e-02
 4.86364308e-06 1.24314344e-07 2.84588111e-07 1.24321044e-07
 3.39678431e-06 1.24121246e-07 1.42377657e-07 9.92082032e-08
 2.41959398e-06 1.06805764e-07 1.96674096e-07 1.43784728e-07
 4.84731878e-06 2.23271636e-07 4.25212278e-07 1.71141879e-07
 1.93862695e+00 3.53498649e-02 7.64506653e-02 4.90714792e-02
 8.27113609e-01 5.18867250e-02 6.86534407e-02 5.30129577e-02
 8.15864620e-01 5.13214190e-02 8.65407839e-02 8.30752788e-02
 9.89196829e-01 6.43263806e-02 1.98630855e-01 1.80175292e-01
 1.20540810e+00 3.59067744e-02 4.85801632e-02 5.12514024e-02
 7.84799865e-01 5.67819466e-02 5.25029706e-02 3.92810933e-02
 7.18616680e-01 3.98140000e-02 7.06859839e-02 4.77204894e-02
 8.69101873e-01 4.65176259e-02 1.72717758e-01 2.09543836e-01
 1.40769245e-05 1.84776454e-07 2.23484075e-05 1.24257382e-07
 7.12378543e-05 4.76248320e-08 8.82301199e-01 4.84605852e-02
 1.04918643e+00 2.46755247e-02 2.10978525e+00 2.72092965e-02
 1.60497667e+00 1.78414785e-01 1.70896706e+00 3.21173316e-01
 3.34405705e+00 7.19028732e-01]
train  L_V                   = +0.0000 (0.0%)
 train    L_V_attractive      = +0.0000 (0.0%)
 train      L_V_attractive_charged      = +0.0000 (0.0%)
 train      L_V_attractive_neutral      = +0.0000 (0.0%)
 train    L_V_repulsive       = +0.0000 (0.0%)
 train      L_V_repulsive_charged       = +0.0000 (0.0%)
 train      L_V_repulsive_neutral       = +0.0000 (0.0%)
 train    L_charged_cluster   = +0.0000 (0.0%)
 train  L_beta              = -0.3333 (-14.8%)
 train    L_beta_noise        = +0.0000 (0.0%)
 train    L_beta_sig          = -0.9956 (-44.3%)
 train    L_beta_suppress     = +0.0000 (0.0%)
 train    L_beta_track        = +0.6622 (29.5%)
 train      L_beta_norms_term   = -0.9956 (-44.3%)
 train      L_beta_logbeta_term = +0.0000 (0.0%)
 train  L_E   = +2.5801 (114.8%)
 train    L_E_charge = +0.0000 (0.0%)
 train    L_E_cond = +1.2992 (57.8%)
 train    L_E_cluster = +1.2809 (57.0%)
 train    L_E_w_photon   = +0.0000 (0.0%)
 train    L_E_w_charged_hadron   = +0.0000 (0.0%)
 train    L_E_w_neutral_hadron   = +0.0000 (0.0%)
 train    L_E_w_muon     = +0.0000 (0.0%)
 train    L_E_w_electron = +0.0000 (0.0%)
learning rate :  [0.00039890465297888624, 0.00039563061276672447, 0.000390213750433216, 0.00038271341425563806, 0.0003732117794866986, 0.00036181294802527074, 0.000348641807854205, 0.0003338426647414537, 0.00031760148556057003, 0.00030002500000000004, 0.0002813769917830063, 0.00026183794802527076, 0.00024162194257901096, 0.00022095046623036733, 0.00020005, 0.00017914953376963274, 0.00015847805742098906, 0.0001382620519747293, 0.00011872300821699378, 0.00010007500000000005, 8.252233880412002e-05, 6.625733525854636e-05, 5.1458192145795003e-05, 3.8287051974729284e-05, 2.688822051330148e-05, 1.7386585744361935e-05, 9.886249566784053e-06, 4.469387233275552e-06]
train loss :  3.246753692626953
test   L_V                   = +0.0000 (0.0%)
    L_V_attractive      = +0.0000 (0.0%)
      L_V_attractive_charged      = +0.0000 (0.0%)
      L_V_attractive_neutral      = +0.0000 (0.0%)
    L_V_repulsive       = +0.0000 (0.0%)
      L_V_repulsive_charged       = +0.0000 (0.0%)
      L_V_repulsive_neutral       = +0.0000 (0.0%)
    L_charged_cluster   = +0.0000 (0.0%)
  L_beta              = -0.3584 (-14.0%)
    L_beta_noise        = +0.0000 (0.0%)
    L_beta_sig          = -0.9954 (-38.8%)
    L_beta_suppress     = +0.0000 (0.0%)
    L_beta_track        = +0.6370 (24.9%)
      L_beta_norms_term   = -0.9954 (-38.8%)
      L_beta_logbeta_term = +0.0000 (0.0%)
  L_E   = +2.9207 (114.0%)
    L_E_charge = +0.0000 (0.0%)
    L_E_cond = +1.5622 (61.0%)
    L_E_cluster = +1.3585 (53.0%)
    L_E_w_photon   = +0.0000 (0.0%)
    L_E_w_charged_hadron   = +0.0000 (0.0%)
    L_E_w_neutral_hadron   = +0.0000 (0.0%)
    L_E_w_muon     = +0.0000 (0.0%)
    L_E_w_electron = +0.0000 (0.0%)
Epoch 27
Pretraining energy response (E_pred / E_true) by true-energy bin:
  1-50 GeV: n=22369 Mean=1.198190 Std=0.884340 RMS90=0.216126
  50-150 GeV: n=21867 Mean=0.771472 Std=0.254548 RMS90=0.204659
  >150 GeV: n=70 Mean=0.736674 Std=0.254518 RMS90=0.215826
Pretraining energy response by particle species:
  Neutron: n=11095 Mean=0.908616 Std=0.119043 RMS90=0.075802
  K0: n=11257 Mean=0.959527 Std=0.143759 RMS90=0.079368
  Photon: n=6167 Mean=0.962738 Std=0.075376 RMS90=0.041467
  Pion: n=13008 Mean=1.056321 Std=1.157575 RMS90=0.454858
  Electron: n=782 Mean=1.121459 Std=1.082508 RMS90=0.546428
  Muon: n=1998 Mean=1.145248 Std=0.989210 RMS90=0.439132
Returning 3.562243700027466
Training epoch 28
[3.77908585e-01 1.34719080e-01 4.04096611e+00 3.88045272e-02
 2.25218809e-01 3.76438534e-08 1.37455532e+00 3.51400960e-02
 2.79605190e+00 1.79336387e-08 2.30542185e-01 1.21127805e-01
 2.33995062e+00 1.26259676e-01 2.10948613e-01 1.28268920e-01
 2.22926495e+00 1.46169774e-01 4.72234880e+00 1.27324295e-01
 2.80333347e-01 2.64748791e-02 1.41275939e-02 7.02569487e-10
 2.30374065e-02 1.24239625e-03 4.03157856e-02 1.19272858e-09
 3.41462417e-03 4.93283726e-03 3.22266589e-02 2.74104532e-03
 2.37127122e-03 4.05974708e-03 2.40004784e-02 3.08139866e-03
 5.99485295e-02 3.18688822e-03 1.41062063e-02 1.58620994e-02
 1.49614655e-04 1.84711532e-11 4.47198281e-04 2.87594222e-05
 6.04904263e-04 1.96023772e-11 3.28016446e-05 2.11425544e-04
 9.74152122e-05 4.01501412e-05 8.66543028e-06 4.26578570e-05
 8.42210877e-05 1.70059671e-05 6.82231583e-04 4.05118360e-05
 1.44755308e-02 1.70670316e-02 5.76627173e-05 2.73894238e-12
 8.30816322e-04 2.29510211e-04 2.05106383e-03 1.00207168e-10
 5.77671921e-04 2.18436978e-04 5.34046652e-03 2.69439865e-04
 5.16857979e-04 7.57852074e-04 5.73926271e-03 7.30889324e-04
 3.11447282e-02 1.77700632e-03 1.46261542e-02 1.68104634e-02
 1.65609172e-06 3.11507914e-08 6.42345178e-08 3.82491053e-08
 1.26583302e-06 5.75174732e-08 6.55677191e-08 3.71421605e-08
 1.54237918e-06 6.16913457e-08 1.24495891e-07 8.12655971e-08
 3.06723274e-06 1.39797790e-07 2.74187464e-07 1.22380322e-07
 1.92939005e+00 3.56605691e-02 7.51664348e-02 4.79201448e-02
 8.22265067e-01 5.10063022e-02 6.78957101e-02 5.30642959e-02
 8.07041853e-01 5.16424385e-02 8.51719166e-02 8.27079187e-02
 9.80338870e-01 6.42670101e-02 1.93802476e-01 1.82462668e-01
 1.22042669e+00 3.58543421e-02 4.90616743e-02 5.09573533e-02
 7.85585540e-01 5.70031096e-02 5.21029958e-02 3.80982186e-02
 7.11792549e-01 3.89731596e-02 6.99520759e-02 4.66105191e-02
 8.63010047e-01 4.63487561e-02 1.71194182e-01 2.04068079e-01
 8.72527940e-06 1.40188301e-07 1.29759898e-05 4.08172974e-08
 4.09733574e-05 4.46554374e-08 8.69285909e-01 4.80473627e-02
 1.04834381e+00 2.39472586e-02 2.06937588e+00 2.63072371e-02
 1.59061254e+00 1.74228344e-01 1.67846560e+00 3.09916891e-01
 3.27576457e+00 6.85181470e-01]
train  L_V                   = +0.0000 (0.0%)
 train    L_V_attractive      = +0.0000 (0.0%)
 train      L_V_attractive_charged      = +0.0000 (0.0%)
 train      L_V_attractive_neutral      = +0.0000 (0.0%)
 train    L_V_repulsive       = +0.0000 (0.0%)
 train      L_V_repulsive_charged       = +0.0000 (0.0%)
 train      L_V_repulsive_neutral       = +0.0000 (0.0%)
 train    L_charged_cluster   = +0.0000 (0.0%)
 train  L_beta              = -0.3338 (-14.9%)
 train    L_beta_noise        = +0.0000 (0.0%)
 train    L_beta_sig          = -0.9956 (-44.4%)
 train    L_beta_suppress     = +0.0000 (0.0%)
 train    L_beta_track        = +0.6617 (29.5%)
 train      L_beta_norms_term   = -0.9956 (-44.4%)
 train      L_beta_logbeta_term = +0.0000 (0.0%)
 train  L_E   = +2.5772 (114.9%)
 train    L_E_charge = +0.0000 (0.0%)
 train    L_E_cond = +1.2990 (57.9%)
 train    L_E_cluster = +1.2782 (57.0%)
 train    L_E_w_photon   = +0.0000 (0.0%)
 train    L_E_w_charged_hadron   = +0.0000 (0.0%)
 train    L_E_w_neutral_hadron   = +0.0000 (0.0%)
 train    L_E_w_muon     = +0.0000 (0.0%)
 train    L_E_w_electron = +0.0000 (0.0%)
learning rate :  [0.00039890465297888624, 0.00039563061276672447, 0.000390213750433216, 0.00038271341425563806, 0.0003732117794866986, 0.00036181294802527074, 0.000348641807854205, 0.0003338426647414537, 0.00031760148556057003, 0.00030002500000000004, 0.0002813769917830063, 0.00026183794802527076, 0.00024162194257901096, 0.00022095046623036733, 0.00020005, 0.00017914953376963274, 0.00015847805742098906, 0.0001382620519747293, 0.00011872300821699378, 0.00010007500000000005, 8.252233880412002e-05, 6.625733525854636e-05, 5.1458192145795003e-05, 3.8287051974729284e-05, 2.688822051330148e-05, 1.7386585744361935e-05, 9.886249566784053e-06, 4.469387233275552e-06, 1.1953470211137557e-06]
train loss :  3.2433762550354004
test   L_V                   = +0.0000 (0.0%)
    L_V_attractive      = +0.0000 (0.0%)
      L_V_attractive_charged      = +0.0000 (0.0%)
      L_V_attractive_neutral      = +0.0000 (0.0%)
    L_V_repulsive       = +0.0000 (0.0%)
      L_V_repulsive_charged       = +0.0000 (0.0%)
      L_V_repulsive_neutral       = +0.0000 (0.0%)
    L_charged_cluster   = +0.0000 (0.0%)
  L_beta              = -0.3584 (-13.0%)
    L_beta_noise        = +0.0000 (0.0%)
    L_beta_sig          = -0.9954 (-36.2%)
    L_beta_suppress     = +0.0000 (0.0%)
    L_beta_track        = +0.6370 (23.1%)
      L_beta_norms_term   = -0.9954 (-36.2%)
      L_beta_logbeta_term = +0.0000 (0.0%)
  L_E   = +3.1103 (113.0%)
    L_E_charge = +0.0000 (0.0%)
    L_E_cond = +1.7175 (62.4%)
    L_E_cluster = +1.3927 (50.6%)
    L_E_w_photon   = +0.0000 (0.0%)
    L_E_w_charged_hadron   = +0.0000 (0.0%)
    L_E_w_neutral_hadron   = +0.0000 (0.0%)
    L_E_w_muon     = +0.0000 (0.0%)
    L_E_w_electron = +0.0000 (0.0%)
Epoch 28
Pretraining energy response (E_pred / E_true) by true-energy bin:
  1-50 GeV: n=22369 Mean=1.251310 Std=0.929062 RMS90=0.265111
  50-150 GeV: n=21867 Mean=0.778221 Std=0.240274 RMS90=0.189342
  >150 GeV: n=70 Mean=0.752906 Std=0.216528 RMS90=0.176334
Pretraining energy response by particle species:
  Neutron: n=11095 Mean=0.903239 Std=0.119304 RMS90=0.075454
  K0: n=11257 Mean=0.954072 Std=0.140638 RMS90=0.079273
  Photon: n=6167 Mean=0.963323 Std=0.076176 RMS90=0.044292
  Pion: n=13008 Mean=1.150093 Std=1.204375 RMS90=0.509972
  Electron: n=782 Mean=1.280720 Std=1.156345 RMS90=0.643727
  Muon: n=1998 Mean=1.200291 Std=1.041115 RMS90=0.486772
Returning 3.7518386840820312
Training epoch 29
[3.90937264e-01 1.34307906e-01 4.04133509e+00 3.88492224e-02
 2.37034766e-01 3.75825956e-08 1.37043993e+00 3.50131935e-02
 2.77371073e+00 1.80725458e-08 2.27171942e-01 1.20020971e-01
 2.28764142e+00 1.24174471e-01 2.05811775e-01 1.27439310e-01
 2.19754211e+00 1.44051882e-01 4.69128379e+00 1.27496297e-01
 2.78166101e-01 2.66199810e-02 1.57647691e-02 7.41282866e-10
 2.91146566e-02 1.25687165e-03 4.80058344e-02 1.43444965e-09
 3.61418912e-03 5.94228661e-03 3.31096410e-02 3.33628337e-03
 2.44422008e-03 5.33303066e-03 2.50748656e-02 3.75737665e-03
 6.77406416e-02 3.54956575e-03 1.43887295e-02 1.60016556e-02
 8.80380892e-05 1.18090112e-11 3.91641781e-04 1.98881800e-05
 4.83207125e-04 2.81248766e-11 3.07270032e-05 2.93651578e-04
 1.08461165e-04 5.65955596e-05 1.64300589e-05 8.22157474e-05
 1.72545567e-04 3.50781889e-05 1.44263920e-03 8.77969793e-05
 1.45611505e-02 1.73638692e-02 1.83296520e-04 7.44379819e-12
 1.28777599e-03 2.32223823e-04 2.40070363e-03 1.53557356e-10
 6.19034226e-04 2.50924422e-04 5.74532232e-03 2.95367335e-04
 5.57123084e-04 8.07788404e-04 6.38601263e-03 7.74102154e-04
 3.39463227e-02 1.76476689e-03 1.47787729e-02 1.70462033e-02
 1.35656305e-06 2.72242681e-08 4.70394577e-08 4.03389617e-08
 1.09152748e-06 5.32385357e-08 6.47715365e-08 4.45186169e-08
 1.56519750e-06 6.37326509e-08 1.31219172e-07 9.30004040e-08
 3.36830362e-06 1.52100030e-07 2.69876099e-07 1.27320598e-07
 1.95306350e+00 3.63959985e-02 7.56792046e-02 4.80595891e-02
 8.14162224e-01 5.10018762e-02 6.71539917e-02 5.19246856e-02
 7.90790281e-01 5.03722846e-02 8.42449404e-02 8.14224716e-02
 9.58520708e-01 6.31356201e-02 1.95278650e-01 1.78999785e-01
 1.21090559e+00 3.61071038e-02 4.84129057e-02 5.07470888e-02
 7.72601820e-01 5.67692985e-02 5.17698829e-02 3.89131423e-02
 7.02364149e-01 3.93882516e-02 6.92351785e-02 4.65050003e-02
 8.56260774e-01 4.62064931e-02 1.71362121e-01 2.07662055e-01
 9.92284770e-06 1.18615656e-07 1.41422872e-05 4.27777240e-08
 4.34105371e-05 4.37024605e-08 8.70852553e-01 4.72257371e-02
 1.05033343e+00 2.34065542e-02 2.10955310e+00 2.57373838e-02
 1.57956425e+00 1.76983779e-01 1.69457312e+00 3.19377366e-01
 3.34467541e+00 7.15574885e-01]
train  L_V                   = +0.0000 (0.0%)
 train    L_V_attractive      = +0.0000 (0.0%)
 train      L_V_attractive_charged      = +0.0000 (0.0%)
 train      L_V_attractive_neutral      = +0.0000 (0.0%)
 train    L_V_repulsive       = +0.0000 (0.0%)
 train      L_V_repulsive_charged       = +0.0000 (0.0%)
 train      L_V_repulsive_neutral       = +0.0000 (0.0%)
 train    L_charged_cluster   = +0.0000 (0.0%)
 train  L_beta              = -0.3332 (-14.8%)
 train    L_beta_noise        = +0.0000 (0.0%)
 train    L_beta_sig          = -0.9956 (-44.2%)
 train    L_beta_suppress     = +0.0000 (0.0%)
 train    L_beta_track        = +0.6623 (29.4%)
 train      L_beta_norms_term   = -0.9956 (-44.2%)
 train      L_beta_logbeta_term = +0.0000 (0.0%)
 train  L_E   = +2.5858 (114.8%)
 train    L_E_charge = +0.0000 (0.0%)
 train    L_E_cond = +1.3005 (57.7%)
 train    L_E_cluster = +1.2853 (57.1%)
 train    L_E_w_photon   = +0.0000 (0.0%)
 train    L_E_w_charged_hadron   = +0.0000 (0.0%)
 train    L_E_w_neutral_hadron   = +0.0000 (0.0%)
 train    L_E_w_muon     = +0.0000 (0.0%)
 train    L_E_w_electron = +0.0000 (0.0%)
learning rate :  [0.00039890465297888624, 0.00039563061276672447, 0.000390213750433216, 0.00038271341425563806, 0.0003732117794866986, 0.00036181294802527074, 0.000348641807854205, 0.0003338426647414537, 0.00031760148556057003, 0.00030002500000000004, 0.0002813769917830063, 0.00026183794802527076, 0.00024162194257901096, 0.00022095046623036733, 0.00020005, 0.00017914953376963274, 0.00015847805742098906, 0.0001382620519747293, 0.00011872300821699378, 0.00010007500000000005, 8.252233880412002e-05, 6.625733525854636e-05, 5.1458192145795003e-05, 3.8287051974729284e-05, 2.688822051330148e-05, 1.7386585744361935e-05, 9.886249566784053e-06, 4.469387233275552e-06, 1.1953470211137557e-06, 1.0000216881466588e-07]
train loss :  3.2525553703308105
test   L_V                   = +0.0000 (0.0%)
    L_V_attractive      = +0.0000 (0.0%)
      L_V_attractive_charged      = +0.0000 (0.0%)
      L_V_attractive_neutral      = +0.0000 (0.0%)
    L_V_repulsive       = +0.0000 (0.0%)
      L_V_repulsive_charged       = +0.0000 (0.0%)
      L_V_repulsive_neutral       = +0.0000 (0.0%)
    L_charged_cluster   = +0.0000 (0.0%)
  L_beta              = -0.3584 (-11.8%)
    L_beta_noise        = +0.0000 (0.0%)
    L_beta_sig          = -0.9954 (-32.7%)
    L_beta_suppress     = +0.0000 (0.0%)
    L_beta_track        = +0.6370 (20.9%)
      L_beta_norms_term   = -0.9954 (-32.7%)
      L_beta_logbeta_term = +0.0000 (0.0%)
  L_E   = +3.4040 (111.8%)
    L_E_charge = +0.0000 (0.0%)
    L_E_cond = +1.8859 (61.9%)
    L_E_cluster = +1.5181 (49.8%)
    L_E_w_photon   = +0.0000 (0.0%)
    L_E_w_charged_hadron   = +0.0000 (0.0%)
    L_E_w_neutral_hadron   = +0.0000 (0.0%)
    L_E_w_muon     = +0.0000 (0.0%)
    L_E_w_electron = +0.0000 (0.0%)
Epoch 29
Pretraining energy response (E_pred / E_true) by true-energy bin:
  1-50 GeV: n=22369 Mean=1.262211 Std=0.953815 RMS90=0.289612
  50-150 GeV: n=21867 Mean=0.750598 Std=0.231827 RMS90=0.182367
  >150 GeV: n=70 Mean=0.727943 Std=0.199164 RMS90=0.166138
Pretraining energy response by particle species:
  Neutron: n=11095 Mean=0.878143 Std=0.117073 RMS90=0.074866
  K0: n=11257 Mean=0.927513 Std=0.142923 RMS90=0.082095
  Photon: n=6167 Mean=0.946608 Std=0.081561 RMS90=0.049867
  Pion: n=13008 Mean=1.170188 Std=1.230608 RMS90=0.546967
  Electron: n=782 Mean=1.351997 Std=1.281855 RMS90=0.724535
  Muon: n=1998 Mean=1.201020 Std=1.056284 RMS90=0.505167
Returning 4.045567512512207
Training epoch 30
[4.11452395e-01 1.66552539e-01 3.28177963e+00 4.66399091e-02
 2.57625589e-01 3.08521463e-08 1.32905029e+00 4.12551591e-02
 2.46399448e+00 1.41033232e-08 2.07095005e-01 1.08662887e-01
 1.99140127e+00 1.14097627e-01 1.91237538e-01 1.19898249e-01
 1.90235671e+00 1.33168989e-01 4.09087447e+00 1.24256012e-01
 2.39780694e-01 2.17632645e-02 7.61546605e-03 3.36011752e-10
 1.84802489e-02 7.71934705e-04 2.95804350e-02 6.12636978e-10
 2.94895163e-03 3.38025059e-03 2.34061617e-02 1.88533266e-03
 1.99426457e-03 4.18036263e-03 1.53449834e-02 2.59257251e-03
 3.44973616e-02 1.87401878e-03 1.05132742e-02 1.17710433e-02
 1.02583575e-04 1.26131906e-11 1.25415831e-03 1.11529783e-05
 1.86667805e-03 2.83206800e-11 6.51911463e-05 2.68751367e-04
 2.76882933e-04 5.24013422e-05 1.47376424e-05 5.76602415e-05
 9.13588394e-05 1.74137594e-05 4.65965238e-04 2.54055589e-05
 1.14132802e-02 1.33897376e-02 2.99581976e-05 1.61125895e-12
 2.96447228e-04 9.71339215e-05 8.54716752e-04 1.01904033e-10
 2.05066159e-04 1.03617479e-04 2.12218406e-03 1.20630095e-04
 2.92918800e-04 4.72462238e-04 3.52800792e-03 4.51098763e-04
 2.15869043e-02 1.12144863e-03 1.12098220e-02 1.29501002e-02
 2.19732543e-03 1.16612216e-04 9.05065880e-05 1.12252490e-04
 6.93217386e-04 5.95417068e-05 3.58696327e-05 3.94688091e-05
 3.78135530e-04 1.89608243e-05 3.49302348e-05 3.59924193e-05
 4.55917322e-04 2.21793838e-05 4.85802401e-05 1.30665536e-05
 1.30073400e+00 2.46062169e-02 5.96797967e-02 4.20338442e-02
 6.49468088e-01 4.26256005e-02 5.41285069e-02 4.50490222e-02
 6.58420054e-01 4.32669899e-02 7.65945372e-02 6.86958393e-02
 8.54494404e-01 5.52902775e-02 1.67014084e-01 1.68280583e-01
 1.18659260e+00 2.81276810e-02 5.35380836e-02 6.03984275e-02
 7.74940781e-01 6.05267364e-02 5.30940849e-02 4.99165242e-02
 7.51546374e-01 4.47858356e-02 7.79602018e-02 5.94591480e-02
 9.95133304e-01 5.47213844e-02 2.34850021e-01 2.93072971e-01
 7.17248139e-04 1.71907051e-05 8.78498464e-04 4.68659556e-06
 2.31465086e-03 2.19931365e-06 7.51675759e-01 4.64235779e-02
 8.03296873e-01 2.35694242e-02 1.61979082e+00 2.54738334e-02
 2.18358894e+00 2.50033678e-01 2.51887690e+00 4.49500836e-01
 4.86927595e+00 1.00802463e+00]
train  L_V                   = +0.0001 (0.0%)
 train    L_V_attractive      = +0.0001 (0.0%)
 train      L_V_attractive_charged      = +0.0000 (0.0%)
 train      L_V_attractive_neutral      = +0.0001 (0.0%)
 train    L_V_repulsive       = +0.0000 (0.0%)
 train      L_V_repulsive_charged       = +0.0000 (0.0%)
 train      L_V_repulsive_neutral       = +0.0000 (0.0%)
 train    L_charged_cluster   = +0.0000 (0.0%)
 train  L_beta              = -0.3330 (-13.3%)
 train    L_beta_noise        = +0.0000 (0.0%)
 train    L_beta_sig          = -0.9956 (-39.7%)
 train    L_beta_suppress     = +0.0000 (0.0%)
 train    L_beta_track        = +0.6626 (26.4%)
 train      L_beta_norms_term   = -0.9956 (-39.7%)
 train      L_beta_logbeta_term = +0.0000 (0.0%)
 train  L_E   = +2.8416 (113.3%)
 train    L_E_charge = +0.0000 (0.0%)
 train    L_E_cond = +1.4477 (57.7%)
 train    L_E_cluster = +1.3939 (55.6%)
 train    L_E_w_photon   = +0.0000 (0.0%)
 train    L_E_w_charged_hadron   = +0.0000 (0.0%)
 train    L_E_w_neutral_hadron   = +0.0000 (0.0%)
 train    L_E_w_muon     = +0.0000 (0.0%)
 train    L_E_w_electron = +0.0000 (0.0%)
learning rate :  [0.00039890465297888624, 0.00039563061276672447, 0.000390213750433216, 0.00038271341425563806, 0.0003732117794866986, 0.00036181294802527074, 0.000348641807854205, 0.0003338426647414537, 0.00031760148556057003, 0.00030002500000000004, 0.0002813769917830063, 0.00026183794802527076, 0.00024162194257901096, 0.00022095046623036733, 0.00020005, 0.00017914953376963274, 0.00015847805742098906, 0.0001382620519747293, 0.00011872300821699378, 0.00010007500000000005, 8.252233880412002e-05, 6.625733525854636e-05, 5.1458192145795003e-05, 3.8287051974729284e-05, 2.688822051330148e-05, 1.7386585744361935e-05, 9.886249566784053e-06, 4.469387233275552e-06, 1.1953470211137557e-06, 1.0000216881466588e-07, 0.0003990946109184883]
train loss :  3.5086567401885986
test   L_V                   = +0.0000 (0.0%)
    L_V_attractive      = +0.0000 (0.0%)
      L_V_attractive_charged      = +0.0000 (0.0%)
      L_V_attractive_neutral      = +0.0000 (0.0%)
    L_V_repulsive       = +0.0000 (0.0%)
      L_V_repulsive_charged       = +0.0000 (0.0%)
      L_V_repulsive_neutral       = +0.0000 (0.0%)
    L_charged_cluster   = +0.0000 (0.0%)
  L_beta              = -0.3584 (-12.3%)
    L_beta_noise        = +0.0000 (0.0%)
    L_beta_sig          = -0.9954 (-34.0%)
    L_beta_suppress     = +0.0000 (0.0%)
    L_beta_track        = +0.6370 (21.8%)
      L_beta_norms_term   = -0.9954 (-34.0%)
      L_beta_logbeta_term = +0.0000 (0.0%)
  L_E   = +3.2843 (112.3%)
    L_E_charge = +0.0000 (0.0%)
    L_E_cond = +1.7384 (59.4%)
    L_E_cluster = +1.5459 (52.8%)
    L_E_w_photon   = +0.0000 (0.0%)
    L_E_w_charged_hadron   = +0.0000 (0.0%)
    L_E_w_neutral_hadron   = +0.0000 (0.0%)
    L_E_w_muon     = +0.0000 (0.0%)
    L_E_w_electron = +0.0000 (0.0%)
Epoch 30
Pretraining energy response (E_pred / E_true) by true-energy bin:
  1-50 GeV: n=22369 Mean=1.091273 Std=0.688307 RMS90=0.208546
  50-150 GeV: n=21867 Mean=0.760105 Std=0.262678 RMS90=0.241398
  >150 GeV: n=70 Mean=0.790807 Std=0.202844 RMS90=0.161069
Pretraining energy response by particle species:
  Neutron: n=11095 Mean=0.892809 Std=0.123487 RMS90=0.080977
  K0: n=11257 Mean=0.944230 Std=0.147144 RMS90=0.083679
  Photon: n=6167 Mean=0.933615 Std=0.074835 RMS90=0.038759
  Pion: n=13008 Mean=0.911093 Std=0.929797 RMS90=0.410782
  Electron: n=782 Mean=0.871846 Std=0.747431 RMS90=0.428834
  Muon: n=1998 Mean=1.132805 Std=0.737729 RMS90=0.389017
Returning 3.9258873462677
Training epoch 31
[4.26265879e-01 1.75868362e-01 3.38080880e+00 4.73663032e-02
 2.42698334e-01 3.56459426e-08 1.37220247e+00 4.10740440e-02
 2.51349566e+00 1.42492573e-08 2.13864096e-01 1.21083683e-01
 1.96718358e+00 1.21954618e-01 1.95946851e-01 1.45817173e-01
 1.88077417e+00 1.38935354e-01 3.80311034e+00 1.15166737e-01
 2.29209265e-01 2.05949749e-02 3.35209058e-02 9.32390762e-10
 9.35063241e-02 1.63085019e-03 7.33644937e-02 9.99541508e-10
 4.29271405e-03 2.52181153e-02 2.19708184e-02 9.07019401e-03
 2.28217428e-03 1.42109176e-02 1.54537556e-02 6.92326010e-03
 4.12785360e-02 2.87348058e-03 1.10345490e-02 1.02391593e-02
 1.98875694e-03 2.03722431e-10 6.49726255e-03 1.35992578e-04
 6.14246001e-03 1.62182554e-10 3.90384662e-04 2.43831161e-03
 1.33694978e-03 4.71104287e-04 1.34770459e-04 5.24837837e-04
 8.06056148e-04 1.87075204e-04 4.61814284e-03 2.70742411e-04
 1.05060050e-02 1.16246288e-02 2.38755353e-04 1.79095314e-11
 1.51848560e-03 2.31143550e-04 3.04502801e-03 5.13543955e-11
 4.09607996e-04 3.74368928e-04 2.68770512e-03 1.81798945e-04
 2.04154746e-04 2.85681086e-04 2.04483966e-03 2.03281959e-04
 1.12818079e-02 5.72464440e-04 1.02563453e-02 1.12590948e-02
 4.29446158e-03 9.49761353e-05 4.09758506e-04 2.95952146e-04
 3.71889501e-03 1.48580346e-04 2.24662071e-04 2.35313862e-04
 1.10860496e-03 6.61082583e-05 7.96429025e-05 1.07247238e-04
 1.02070842e-03 5.08479965e-05 1.24430160e-04 1.71431879e-04
 1.25101106e+00 2.09929115e-02 5.52592800e-02 3.94320182e-02
 5.68517902e-01 3.78486194e-02 4.92128711e-02 4.10956412e-02
 5.81546494e-01 3.64821733e-02 6.88862830e-02 6.71964518e-02
 7.68273567e-01 5.10597975e-02 1.64286575e-01 1.64715663e-01
 1.17538581e+00 2.41300569e-02 4.99806644e-02 5.25988915e-02
 7.01529771e-01 5.20046483e-02 4.86063940e-02 4.72480150e-02
 6.73796875e-01 4.04416672e-02 7.00680068e-02 5.38958113e-02
 8.97623136e-01 4.88015692e-02 2.27159525e-01 2.84636318e-01
 1.40192052e-03 1.28259410e-04 2.70309547e-03 7.17607481e-05
 7.77357228e-03 4.01273620e-05 7.38218402e-01 4.51588991e-02
 8.30643305e-01 2.26677309e-02 1.65087031e+00 2.45830360e-02
 2.09201069e+00 2.38843982e-01 2.48101080e+00 4.37501369e-01
 4.82024715e+00 9.85602680e-01]
train  L_V                   = +0.0011 (0.0%)
 train    L_V_attractive      = +0.0011 (0.0%)
 train      L_V_attractive_charged      = +0.0001 (0.0%)
 train      L_V_attractive_neutral      = +0.0010 (0.0%)
 train    L_V_repulsive       = +0.0000 (0.0%)
 train      L_V_repulsive_charged       = +0.0000 (0.0%)
 train      L_V_repulsive_neutral       = +0.0000 (0.0%)
 train    L_charged_cluster   = +0.0000 (0.0%)
 train  L_beta              = -0.3329 (-13.0%)
 train    L_beta_noise        = +0.0000 (0.0%)
 train    L_beta_sig          = -0.9955 (-38.8%)
 train    L_beta_suppress     = +0.0000 (0.0%)
 train    L_beta_track        = +0.6626 (25.8%)
 train      L_beta_norms_term   = -0.9955 (-38.8%)
 train      L_beta_logbeta_term = +0.0000 (0.0%)
 train  L_E   = +2.8973 (112.9%)
 train    L_E_charge = +0.0000 (0.0%)
 train    L_E_cond = +1.4910 (58.1%)
 train    L_E_cluster = +1.4063 (54.8%)
 train    L_E_w_photon   = +0.0000 (0.0%)
 train    L_E_w_charged_hadron   = +0.0000 (0.0%)
 train    L_E_w_neutral_hadron   = +0.0000 (0.0%)
 train    L_E_w_muon     = +0.0000 (0.0%)
 train    L_E_w_electron = +0.0000 (0.0%)
learning rate :  [0.00039890465297888624, 0.00039563061276672447, 0.000390213750433216, 0.00038271341425563806, 0.0003732117794866986, 0.00036181294802527074, 0.000348641807854205, 0.0003338426647414537, 0.00031760148556057003, 0.00030002500000000004, 0.0002813769917830063, 0.00026183794802527076, 0.00024162194257901096, 0.00022095046623036733, 0.00020005, 0.00017914953376963274, 0.00015847805742098906, 0.0001382620519747293, 0.00011872300821699378, 0.00010007500000000005, 8.252233880412002e-05, 6.625733525854636e-05, 5.1458192145795003e-05, 3.8287051974729284e-05, 2.688822051330148e-05, 1.7386585744361935e-05, 9.886249566784053e-06, 4.469387233275552e-06, 1.1953470211137557e-06, 1.0000216881466588e-07, 0.0003990946109184883, 0.0003963866430176782]
train loss :  3.5654892921447754
test   L_V                   = +0.0000 (0.0%)
    L_V_attractive      = +0.0000 (0.0%)
      L_V_attractive_charged      = +0.0000 (0.0%)
      L_V_attractive_neutral      = +0.0000 (0.0%)
    L_V_repulsive       = +0.0000 (0.0%)
      L_V_repulsive_charged       = +0.0000 (0.0%)
      L_V_repulsive_neutral       = +0.0000 (0.0%)
    L_charged_cluster   = +0.0000 (0.0%)
  L_beta              = -0.3584 (-13.2%)
    L_beta_noise        = +0.0000 (0.0%)
    L_beta_sig          = -0.9954 (-36.6%)
    L_beta_suppress     = +0.0000 (0.0%)
    L_beta_track        = +0.6370 (23.4%)
      L_beta_norms_term   = -0.9954 (-36.6%)
      L_beta_logbeta_term = +0.0000 (0.0%)
  L_E   = +3.0773 (113.2%)
    L_E_charge = +0.0000 (0.0%)
    L_E_cond = +1.6351 (60.1%)
    L_E_cluster = +1.4422 (53.0%)
    L_E_w_photon   = +0.0000 (0.0%)
    L_E_w_charged_hadron   = +0.0000 (0.0%)
    L_E_w_neutral_hadron   = +0.0000 (0.0%)
    L_E_w_muon     = +0.0000 (0.0%)
    L_E_w_electron = +0.0000 (0.0%)
Epoch 31
Pretraining energy response (E_pred / E_true) by true-energy bin:
  1-50 GeV: n=22369 Mean=1.318936 Std=0.816250 RMS90=0.220641
  50-150 GeV: n=21867 Mean=0.848027 Std=0.281907 RMS90=0.231294
  >150 GeV: n=70 Mean=0.809559 Std=0.246660 RMS90=0.228151
Pretraining energy response by particle species:
  Neutron: n=11095 Mean=1.031561 Std=0.139311 RMS90=0.088148
  K0: n=11257 Mean=1.089030 Std=0.169791 RMS90=0.097458
  Photon: n=6167 Mean=1.083792 Std=0.124216 RMS90=0.080232
  Pion: n=13008 Mean=1.106052 Std=1.104396 RMS90=0.478979
  Electron: n=782 Mean=1.174728 Std=0.922606 RMS90=0.551709
  Muon: n=1998 Mean=1.207138 Std=0.966095 RMS90=0.493766
Returning 3.718863010406494
Training epoch 32
[3.99931715e-01 1.74970497e-01 3.20820332e+00 4.60879822e-02
 2.60073855e-01 2.75708368e-08 1.24190953e+00 3.95086330e-02
 2.33385954e+00 1.27868399e-08 2.03640951e-01 1.10567930e-01
 1.86650615e+00 1.13156201e-01 1.81712199e-01 1.08997535e-01
 1.77368644e+00 1.18471764e-01 3.68119280e+00 1.07760817e-01
 2.19156960e-01 1.75150678e-02 2.68829056e-03 8.47798402e-11
 4.29433876e-03 2.42168120e-04 4.65705715e-03 7.61584782e-11
 2.53304088e-04 1.36300765e-03 1.97997108e-03 5.78007367e-04
 2.38829620e-04 8.01434879e-04 2.58498523e-03 5.62874078e-04
 1.04410484e-02 5.94839585e-04 7.88312746e-03 8.80791378e-03
 7.60007073e-05 1.62458129e-11 1.72539188e-04 3.62869862e-06
 1.46223219e-04 2.37997779e-12 1.11293609e-05 4.38009923e-05
 3.10310099e-05 8.72858357e-06 3.99886693e-06 9.55238082e-06
 1.48300114e-05 2.54295580e-06 3.23931375e-05 2.16722451e-06
 9.05552012e-03 1.03831603e-02 6.20884036e-07 2.08574686e-14
 1.93419326e-04 5.25340523e-05 5.81353958e-04 8.50164695e-11
 8.86593982e-05 3.02562463e-05 7.37103715e-04 3.60510244e-05
 9.61662043e-05 1.28180565e-04 1.12008475e-03 1.25754881e-04
 7.81732193e-03 3.72981598e-04 8.83051466e-03 1.02303769e-02
 1.11602728e-05 1.78854801e-07 4.52285994e-07 3.48369683e-07
 6.76830407e-06 4.71403365e-07 6.44073893e-07 1.58193510e-07
 6.87890849e-06 1.49739599e-07 4.69515069e-07 2.42784043e-07
 8.59031837e-06 2.63642625e-07 1.32683389e-06 1.98350172e-06
 1.26448774e+00 1.86100140e-02 5.70759420e-02 4.11470701e-02
 5.64393047e-01 3.69006139e-02 5.27636892e-02 4.46187274e-02
 5.87721623e-01 3.77095504e-02 7.34619689e-02 7.31793088e-02
 8.09751300e-01 5.29441363e-02 1.86825473e-01 1.81599748e-01
 1.13420647e+00 1.97900249e-02 4.53852040e-02 5.06285499e-02
 6.57687837e-01 4.70647566e-02 4.65868852e-02 4.88400046e-02
 6.58769265e-01 3.98350435e-02 7.04857229e-02 5.34046919e-02
 8.93252649e-01 4.82963316e-02 2.44023835e-01 3.05921294e-01
 1.78722955e-05 1.06406831e-06 4.64220606e-05 1.11776496e-06
 1.20366126e-04 8.80184522e-07 8.33185487e-01 5.00583083e-02
 9.36059972e-01 2.58652307e-02 1.89411721e+00 2.81770049e-02
 2.18449633e+00 2.53350350e-01 2.63628892e+00 4.69392042e-01
 5.20771406e+00 1.06289784e+00]
train  L_V                   = +0.0000 (0.0%)
 train    L_V_attractive      = +0.0000 (0.0%)
 train      L_V_attractive_charged      = +0.0000 (0.0%)
 train      L_V_attractive_neutral      = +0.0000 (0.0%)
 train    L_V_repulsive       = +0.0000 (0.0%)
 train      L_V_repulsive_charged       = +0.0000 (0.0%)
 train      L_V_repulsive_neutral       = +0.0000 (0.0%)
 train    L_charged_cluster   = +0.0000 (0.0%)
 train  L_beta              = -0.3331 (-13.5%)
 train    L_beta_noise        = +0.0000 (0.0%)
 train    L_beta_sig          = -0.9956 (-40.4%)
 train    L_beta_suppress     = +0.0000 (0.0%)
 train    L_beta_track        = +0.6625 (26.9%)
 train      L_beta_norms_term   = -0.9956 (-40.4%)
 train      L_beta_logbeta_term = +0.0000 (0.0%)
 train  L_E   = +2.7948 (113.5%)
 train    L_E_charge = +0.0000 (0.0%)
 train    L_E_cond = +1.4292 (58.1%)
 train    L_E_cluster = +1.3656 (55.5%)
 train    L_E_w_photon   = +0.0000 (0.0%)
 train    L_E_w_charged_hadron   = +0.0000 (0.0%)
 train    L_E_w_neutral_hadron   = +0.0000 (0.0%)
 train    L_E_w_muon     = +0.0000 (0.0%)
 train    L_E_w_electron = +0.0000 (0.0%)
learning rate :  [0.00039890465297888624, 0.00039563061276672447, 0.000390213750433216, 0.00038271341425563806, 0.0003732117794866986, 0.00036181294802527074, 0.000348641807854205, 0.0003338426647414537, 0.00031760148556057003, 0.00030002500000000004, 0.0002813769917830063, 0.00026183794802527076, 0.00024162194257901096, 0.00022095046623036733, 0.00020005, 0.00017914953376963274, 0.00015847805742098906, 0.0001382620519747293, 0.00011872300821699378, 0.00010007500000000005, 8.252233880412002e-05, 6.625733525854636e-05, 5.1458192145795003e-05, 3.8287051974729284e-05, 2.688822051330148e-05, 1.7386585744361935e-05, 9.886249566784053e-06, 4.469387233275552e-06, 1.1953470211137557e-06, 1.0000216881466588e-07, 0.0003990946109184883, 0.0003963866430176782, 0.0003919006200742188]
train loss :  3.4617090225219727
test   L_V                   = +0.0000 (0.0%)
    L_V_attractive      = +0.0000 (0.0%)
      L_V_attractive_charged      = +0.0000 (0.0%)
      L_V_attractive_neutral      = +0.0000 (0.0%)
    L_V_repulsive       = +0.0000 (0.0%)
      L_V_repulsive_charged       = +0.0000 (0.0%)
      L_V_repulsive_neutral       = +0.0000 (0.0%)
    L_charged_cluster   = +0.0000 (0.0%)
  L_beta              = -0.3584 (-12.3%)
    L_beta_noise        = +0.0000 (0.0%)
    L_beta_sig          = -0.9954 (-34.0%)
    L_beta_suppress     = +0.0000 (0.0%)
    L_beta_track        = +0.6370 (21.8%)
      L_beta_norms_term   = -0.9954 (-34.0%)
      L_beta_logbeta_term = +0.0000 (0.0%)
  L_E   = +3.2824 (112.3%)
    L_E_charge = +0.0000 (0.0%)
    L_E_cond = +1.9229 (65.8%)
    L_E_cluster = +1.3595 (46.5%)
    L_E_w_photon   = +0.0000 (0.0%)
    L_E_w_charged_hadron   = +0.0000 (0.0%)
    L_E_w_neutral_hadron   = +0.0000 (0.0%)
    L_E_w_muon     = +0.0000 (0.0%)
    L_E_w_electron = +0.0000 (0.0%)
Epoch 32
Pretraining energy response (E_pred / E_true) by true-energy bin:
  1-50 GeV: n=22369 Mean=1.166926 Std=0.632855 RMS90=0.186485
  50-150 GeV: n=21867 Mean=0.805301 Std=0.295289 RMS90=0.260938
  >150 GeV: n=70 Mean=0.790039 Std=0.238049 RMS90=0.204396
Pretraining energy response by particle species:
  Neutron: n=11095 Mean=0.989793 Std=0.133016 RMS90=0.084447
  K0: n=11257 Mean=1.044787 Std=0.161738 RMS90=0.092630
  Photon: n=6167 Mean=1.065379 Std=0.117275 RMS90=0.061758
  Pion: n=13008 Mean=0.896239 Std=0.881366 RMS90=0.387537
  Electron: n=782 Mean=0.879696 Std=0.668119 RMS90=0.387876
  Muon: n=1998 Mean=1.056554 Std=0.738583 RMS90=0.381024
Returning 3.923949718475342
Training epoch 33
[4.38582015e-01 1.82000652e-01 3.41069246e+00 4.73891466e-02
 4.15208559e-01 2.98818372e-08 1.28120547e+00 4.04421713e-02
 2.37275985e+00 1.28177293e-08 2.08419719e-01 1.13659905e-01
 1.89033965e+00 1.15663706e-01 1.85553363e-01 1.13661996e-01
 1.78774237e+00 1.19512245e-01 3.69317002e+00 1.10634395e-01
 2.23557922e-01 1.76230618e-02 4.46237303e-03 1.39413367e-10
 1.04905001e-02 2.42120604e-04 9.32122100e-03 1.44715961e-10
 4.64480363e-04 2.96406783e-03 2.78128606e-03 1.08994653e-03
 3.31097775e-04 1.77512462e-03 2.69490732e-03 9.69737110e-04
 8.65447306e-03 6.78339850e-04 7.93053209e-03 8.81328094e-03
 2.41998433e-04 2.48487629e-11 7.98278491e-04 1.02838917e-05
 6.30387112e-04 1.21406775e-11 4.23218683e-05 2.20197467e-04
 1.23005248e-04 4.40743575e-05 1.52046004e-05 5.08408801e-05
 7.01831415e-05 1.48447906e-05 2.80548858e-04 1.79476028e-05
 9.02912046e-03 1.06764367e-02 8.82723005e-06 4.39848542e-13
 2.99801456e-04 1.19889793e-04 6.38438856e-04 2.38443145e-10
 1.29262964e-04 6.91690879e-05 1.07497707e-03 7.29648184e-05
 2.62696242e-04 4.31755341e-04 3.07139353e-03 3.96514788e-04
 1.80207035e-02 8.00889548e-04 8.87976793e-03 1.02164057e-02
 3.87449884e-05 8.54391402e-07 2.03146343e-06 1.65497221e-06
 1.56571723e-05 8.78056392e-07 1.23454717e-06 9.30832286e-07
 1.30175951e-05 4.31859694e-07 1.05663971e-06 6.30573258e-07
 1.88045004e-05 5.27656098e-07 2.09786851e-06 2.16636116e-06
 1.21571550e+00 1.70817417e-02 5.42729156e-02 4.05863541e-02
 5.28492689e-01 3.54206486e-02 5.09495384e-02 4.48746577e-02
 5.66488412e-01 3.72560826e-02 7.49590487e-02 7.56251615e-02
 8.20683261e-01 5.36691122e-02 1.90947187e-01 1.90370632e-01
 1.09928548e+00 1.98454295e-02 4.83835846e-02 5.24408292e-02
 6.85812920e-01 4.80406525e-02 4.70607356e-02 4.84182860e-02
 6.60192332e-01 3.88749380e-02 7.04000472e-02 5.62064514e-02
 8.96487693e-01 4.91552698e-02 2.37701645e-01 2.95676913e-01
 3.45638930e-05 1.48032791e-06 8.17001661e-05 2.01234345e-06
 2.19031205e-04 9.10013000e-07 8.40003525e-01 5.22093554e-02
 9.28097762e-01 2.66322699e-02 1.89610848e+00 2.91411803e-02
 2.18971166e+00 2.45057787e-01 2.61112931e+00 4.52724691e-01
 4.96737271e+00 1.01845523e+00]
train  L_V                   = +0.0000 (0.0%)
 train    L_V_attractive      = +0.0000 (0.0%)
 train      L_V_attractive_charged      = +0.0000 (0.0%)
 train      L_V_attractive_neutral      = +0.0000 (0.0%)
 train    L_V_repulsive       = +0.0000 (0.0%)
 train      L_V_repulsive_charged       = +0.0000 (0.0%)
 train      L_V_repulsive_neutral       = +0.0000 (0.0%)
 train    L_charged_cluster   = +0.0000 (0.0%)
 train  L_beta              = -0.3332 (-13.5%)
 train    L_beta_noise        = +0.0000 (0.0%)
 train    L_beta_sig          = -0.9956 (-40.3%)
 train    L_beta_suppress     = +0.0000 (0.0%)
 train    L_beta_track        = +0.6624 (26.8%)
 train      L_beta_norms_term   = -0.9956 (-40.3%)
 train      L_beta_logbeta_term = +0.0000 (0.0%)
 train  L_E   = +2.8047 (113.5%)
 train    L_E_charge = +0.0000 (0.0%)
 train    L_E_cond = +1.4388 (58.2%)
 train    L_E_cluster = +1.3659 (55.3%)
 train    L_E_w_photon   = +0.0000 (0.0%)
 train    L_E_w_charged_hadron   = +0.0000 (0.0%)
 train    L_E_w_neutral_hadron   = +0.0000 (0.0%)
 train    L_E_w_muon     = +0.0000 (0.0%)
 train    L_E_w_electron = +0.0000 (0.0%)
learning rate :  [0.00039890465297888624, 0.00039563061276672447, 0.000390213750433216, 0.00038271341425563806, 0.0003732117794866986, 0.00036181294802527074, 0.000348641807854205, 0.0003338426647414537, 0.00031760148556057003, 0.00030002500000000004, 0.0002813769917830063, 0.00026183794802527076, 0.00024162194257901096, 0.00022095046623036733, 0.00020005, 0.00017914953376963274, 0.00015847805742098906, 0.0001382620519747293, 0.00011872300821699378, 0.00010007500000000005, 8.252233880412002e-05, 6.625733525854636e-05, 5.1458192145795003e-05, 3.8287051974729284e-05, 2.688822051330148e-05, 1.7386585744361935e-05, 9.886249566784053e-06, 4.469387233275552e-06, 1.1953470211137557e-06, 1.0000216881466588e-07, 0.0003990946109184883, 0.0003963866430176782, 0.0003919006200742188, 0.0003856771682065637]
train loss :  3.47149395942688
test   L_V                   = +0.0000 (0.0%)
    L_V_attractive      = +0.0000 (0.0%)
      L_V_attractive_charged      = +0.0000 (0.0%)
      L_V_attractive_neutral      = +0.0000 (0.0%)
    L_V_repulsive       = +0.0000 (0.0%)
      L_V_repulsive_charged       = +0.0000 (0.0%)
      L_V_repulsive_neutral       = +0.0000 (0.0%)
    L_charged_cluster   = +0.0000 (0.0%)
  L_beta              = -0.3584 (-10.0%)
    L_beta_noise        = +0.0000 (0.0%)
    L_beta_sig          = -0.9954 (-27.7%)
    L_beta_suppress     = +0.0000 (0.0%)
    L_beta_track        = +0.6370 (17.7%)
      L_beta_norms_term   = -0.9954 (-27.7%)
      L_beta_logbeta_term = +0.0000 (0.0%)
  L_E   = +3.9495 (110.0%)
    L_E_charge = +0.0000 (0.0%)
    L_E_cond = +1.9069 (53.1%)
    L_E_cluster = +2.0426 (56.9%)
    L_E_w_photon   = +0.0000 (0.0%)
    L_E_w_charged_hadron   = +0.0000 (0.0%)
    L_E_w_neutral_hadron   = +0.0000 (0.0%)
    L_E_w_muon     = +0.0000 (0.0%)
    L_E_w_electron = +0.0000 (0.0%)
Epoch 33
Pretraining energy response (E_pred / E_true) by true-energy bin:
  1-50 GeV: n=22369 Mean=1.013375 Std=0.692766 RMS90=0.215215
  50-150 GeV: n=21867 Mean=0.678383 Std=0.175682 RMS90=0.128386
  >150 GeV: n=70 Mean=0.659044 Std=0.163563 RMS90=0.138747
Pretraining energy response by particle species:
  Neutron: n=11095 Mean=0.738610 Std=0.103092 RMS90=0.066357
  K0: n=11257 Mean=0.779080 Std=0.110399 RMS90=0.065212
  Photon: n=6167 Mean=0.800652 Std=0.071555 RMS90=0.042738
  Pion: n=13008 Mean=0.974050 Std=0.885510 RMS90=0.382623
  Electron: n=782 Mean=1.025617 Std=0.717579 RMS90=0.394864
  Muon: n=1998 Mean=1.088506 Std=0.781300 RMS90=0.430373
Returning 4.591012954711914
Training epoch 34
[4.54489250e-01 2.00350904e-01 3.33183524e+00 5.10441055e-02
 3.82236760e-01 2.98051907e-08 1.27088468e+00 4.22910754e-02
 2.31427331e+00 1.26139315e-08 2.05079774e-01 1.09707385e-01
 1.83818751e+00 1.10946291e-01 1.81414338e-01 1.11001425e-01
 1.72600234e+00 1.15912926e-01 3.48320441e+00 1.09655730e-01
 2.13023485e-01 1.78486912e-02 5.41558429e-03 1.20058729e-10
 9.11855453e-03 3.41764290e-04 1.16116918e-02 1.39155689e-10
 6.43971610e-04 3.10218157e-03 5.56600939e-03 1.10648662e-03
 6.16106288e-04 1.81530717e-03 3.95192448e-03 8.97549323e-04
 6.78034432e-03 5.01111308e-04 8.12310219e-03 8.33710476e-03
 7.64200254e-04 6.94340689e-11 4.04832639e-03 4.76418675e-05
 8.78725220e-03 8.59595527e-11 2.07812435e-04 1.70262930e-04
 1.73588417e-03 4.99990635e-05 4.93674900e-05 5.52162637e-05
 2.18236393e-04 1.87624117e-05 4.35656324e-04 2.46376760e-05
 8.73003398e-03 9.99241067e-03 5.32927628e-06 3.59744819e-13
 4.12515694e-04 1.77877023e-04 7.03428520e-04 1.05417653e-10
 1.87460337e-04 1.11024601e-04 1.25971201e-03 9.97607605e-05
 1.80238124e-04 3.40394152e-04 2.05804186e-03 2.96081082e-04
 1.43365992e-02 7.51464091e-04 8.45725918e-03 9.57639022e-03
 7.22575156e-04 1.59125944e-05 2.71498614e-05 1.49448768e-05
 2.76559168e-04 1.27139680e-05 2.14438413e-05 7.71489490e-06
 2.25136106e-04 4.60906450e-06 1.55968730e-05 1.01277208e-05
 2.57447651e-04 7.34561649e-06 3.85172697e-05 2.47835573e-05
 1.12964888e+00 1.76127457e-02 5.43790979e-02 4.19737273e-02
 5.20871295e-01 3.56824373e-02 4.98047887e-02 4.41385842e-02
 5.39808562e-01 3.50642218e-02 7.22368119e-02 7.35301279e-02
 7.77438908e-01 5.16248438e-02 1.89350153e-01 1.87028368e-01
 9.97606574e-01 1.86362130e-02 4.76172973e-02 5.43091760e-02
 6.54451485e-01 4.79770350e-02 4.45177518e-02 4.98335775e-02
 6.25977045e-01 3.82285382e-02 6.78870433e-02 5.22614592e-02
 8.52572506e-01 4.56721616e-02 2.45975075e-01 3.15729666e-01
 5.52508562e-04 3.07128395e-05 1.31402134e-03 4.27023318e-05
 3.26069806e-03 5.92295501e-06 8.35296418e-01 5.17192332e-02
 9.12338659e-01 2.68276017e-02 1.85644463e+00 2.87866433e-02
 2.19498419e+00 2.55454440e-01 2.66839582e+00 4.79082777e-01
 5.26433506e+00 1.08851450e+00]
train  L_V                   = +0.0001 (0.0%)
 train    L_V_attractive      = +0.0001 (0.0%)
 train      L_V_attractive_charged      = +0.0001 (0.0%)
 train      L_V_attractive_neutral      = +0.0000 (0.0%)
 train    L_V_repulsive       = +0.0000 (0.0%)
 train      L_V_repulsive_charged       = +0.0000 (0.0%)
 train      L_V_repulsive_neutral       = +0.0000 (0.0%)
 train    L_charged_cluster   = +0.0000 (0.0%)
 train  L_beta              = -0.3329 (-13.7%)
 train    L_beta_noise        = +0.0000 (0.0%)
 train    L_beta_sig          = -0.9956 (-40.9%)
 train    L_beta_suppress     = +0.0000 (0.0%)
 train    L_beta_track        = +0.6626 (27.2%)
 train      L_beta_norms_term   = -0.9956 (-40.9%)
 train      L_beta_logbeta_term = +0.0000 (0.0%)
 train  L_E   = +2.7667 (113.7%)
 train    L_E_charge = +0.0000 (0.0%)
 train    L_E_cond = +1.4164 (58.2%)
 train    L_E_cluster = +1.3503 (55.5%)
 train    L_E_w_photon   = +0.0000 (0.0%)
 train    L_E_w_charged_hadron   = +0.0000 (0.0%)
 train    L_E_w_neutral_hadron   = +0.0000 (0.0%)
 train    L_E_w_muon     = +0.0000 (0.0%)
 train    L_E_w_electron = +0.0000 (0.0%)
learning rate :  [0.00039890465297888624, 0.00039563061276672447, 0.000390213750433216, 0.00038271341425563806, 0.0003732117794866986, 0.00036181294802527074, 0.000348641807854205, 0.0003338426647414537, 0.00031760148556057003, 0.00030002500000000004, 0.0002813769917830063, 0.00026183794802527076, 0.00024162194257901096, 0.00022095046623036733, 0.00020005, 0.00017914953376963274, 0.00015847805742098906, 0.0001382620519747293, 0.00011872300821699378, 0.00010007500000000005, 8.252233880412002e-05, 6.625733525854636e-05, 5.1458192145795003e-05, 3.8287051974729284e-05, 2.688822051330148e-05, 1.7386585744361935e-05, 9.886249566784053e-06, 4.469387233275552e-06, 1.1953470211137557e-06, 1.0000216881466588e-07, 0.0003990946109184883, 0.0003963866430176782, 0.0003919006200742188, 0.0003856771682065637, 0.00037777264795855195]
train loss :  3.4338860511779785
test   L_V                   = +0.0000 (0.0%)
    L_V_attractive      = +0.0000 (0.0%)
      L_V_attractive_charged      = +0.0000 (0.0%)
      L_V_attractive_neutral      = +0.0000 (0.0%)
    L_V_repulsive       = +0.0000 (0.0%)
      L_V_repulsive_charged       = +0.0000 (0.0%)
      L_V_repulsive_neutral       = +0.0000 (0.0%)
    L_charged_cluster   = +0.0000 (0.0%)
  L_beta              = -0.3584 (-12.9%)
    L_beta_noise        = +0.0000 (0.0%)
    L_beta_sig          = -0.9954 (-35.7%)
    L_beta_suppress     = +0.0000 (0.0%)
    L_beta_track        = +0.6370 (22.9%)
      L_beta_norms_term   = -0.9954 (-35.7%)
      L_beta_logbeta_term = +0.0000 (0.0%)
  L_E   = +3.1457 (112.9%)
    L_E_charge = +0.0000 (0.0%)
    L_E_cond = +1.7588 (63.1%)
    L_E_cluster = +1.3870 (49.8%)
    L_E_w_photon   = +0.0000 (0.0%)
    L_E_w_charged_hadron   = +0.0000 (0.0%)
    L_E_w_neutral_hadron   = +0.0000 (0.0%)
    L_E_w_muon     = +0.0000 (0.0%)
    L_E_w_electron = +0.0000 (0.0%)
Epoch 34
Pretraining energy response (E_pred / E_true) by true-energy bin:
  1-50 GeV: n=22369 Mean=1.217262 Std=0.867322 RMS90=0.254516
  50-150 GeV: n=21867 Mean=0.809971 Std=0.233498 RMS90=0.180875
  >150 GeV: n=70 Mean=0.775847 Std=0.248791 RMS90=0.207624
Pretraining energy response by particle species:
  Neutron: n=11095 Mean=0.913399 Std=0.121689 RMS90=0.080048
  K0: n=11257 Mean=0.965409 Std=0.150746 RMS90=0.081554
  Photon: n=6167 Mean=0.961071 Std=0.111420 RMS90=0.041471
  Pion: n=13008 Mean=1.125966 Std=1.128679 RMS90=0.466465
  Electron: n=782 Mean=1.204089 Std=0.877578 RMS90=0.527504
  Muon: n=1998 Mean=1.241608 Std=0.934246 RMS90=0.446910
Returning 3.787294864654541
Training epoch 35
[4.45011819e-01 1.96517691e-01 3.28598894e+00 4.98393200e-02
 2.57213447e-01 2.87289797e-08 1.25735563e+00 4.13686743e-02
 2.33001852e+00 1.20859987e-08 2.07121181e-01 1.14560227e-01
 1.85734538e+00 1.11029733e-01 1.84643043e-01 1.13004105e-01
 1.72388139e+00 1.14260940e-01 3.46585105e+00 1.08053040e-01
 2.15697534e-01 1.72643915e-02 6.55012106e-03 1.67974601e-10
 1.05300395e-02 4.20290474e-04 1.01686310e-02 1.19436521e-10
 6.06251862e-04 3.38883873e-03 2.40054173e-03 1.05428226e-03
 3.97168393e-04 1.63731132e-03 2.36593606e-03 7.95017897e-04
 7.31253036e-03 5.34504582e-04 7.53140622e-03 8.15710079e-03
 3.66631654e-04 3.02736342e-11 9.20241569e-04 2.56007202e-05
 7.54454636e-04 1.15369884e-11 7.55291505e-05 1.75390077e-04
 1.72031776e-04 3.50836631e-05 1.69186317e-05 4.02775998e-05
 7.68620672e-05 1.22903787e-05 2.60050415e-04 1.59610051e-05
 8.46353306e-03 9.77872125e-03 9.39519870e-06 4.59886680e-13
 4.57548388e-04 1.87776759e-04 7.44682872e-04 3.09091363e-11
 2.58697421e-04 1.03388590e-04 1.51676417e-03 8.84965981e-05
 1.26594241e-04 2.06077590e-04 1.36413940e-03 1.63824466e-04
 8.97353728e-03 4.98370130e-04 8.13840525e-03 9.34464392e-03
 2.53306948e-05 6.34450794e-07 1.67831143e-06 2.15816632e-06
 1.50729726e-05 1.38186335e-06 1.00188742e-06 8.49285797e-07
 8.73549564e-06 3.18427955e-07 7.80689760e-07 1.02089207e-06
 1.34790095e-05 5.29583211e-07 2.46265495e-06 2.39679593e-06
 1.13127535e+00 1.74801997e-02 5.44088768e-02 3.98534662e-02
 5.08500577e-01 3.37742275e-02 4.99045225e-02 4.50052293e-02
 5.23011938e-01 3.44495613e-02 7.33476253e-02 7.95636015e-02
 7.90667596e-01 5.26539503e-02 1.92043457e-01 1.94911230e-01
 9.37594329e-01 1.72786349e-02 4.60080012e-02 5.08794004e-02
 6.28861244e-01 4.50893597e-02 4.33360289e-02 4.80316359e-02
 5.97372373e-01 3.66135408e-02 6.71693029e-02 5.16349219e-02
 8.22615663e-01 4.42902542e-02 2.43135929e-01 3.04444356e-01
 3.26426149e-05 2.11086701e-06 4.32522023e-05 1.53164033e-06
 1.40121999e-04 1.09880616e-06 8.55661508e-01 5.22653415e-02
 9.84942307e-01 2.61988692e-02 1.95068230e+00 2.79479441e-02
 2.13124329e+00 2.47514721e-01 2.64527863e+00 4.71267410e-01
 5.23956748e+00 1.08305144e+00]
train  L_V                   = +0.0000 (0.0%)
 train    L_V_attractive      = +0.0000 (0.0%)
 train      L_V_attractive_charged      = +0.0000 (0.0%)
 train      L_V_attractive_neutral      = +0.0000 (0.0%)
 train    L_V_repulsive       = +0.0000 (0.0%)
 train      L_V_repulsive_charged       = +0.0000 (0.0%)
 train      L_V_repulsive_neutral       = +0.0000 (0.0%)
 train    L_charged_cluster   = +0.0000 (0.0%)
 train  L_beta              = -0.3332 (-13.7%)
 train    L_beta_noise        = +0.0000 (0.0%)
 train    L_beta_sig          = -0.9956 (-41.0%)
 train    L_beta_suppress     = +0.0000 (0.0%)
 train    L_beta_track        = +0.6624 (27.3%)
 train      L_beta_norms_term   = -0.9956 (-41.0%)
 train      L_beta_logbeta_term = +0.0000 (0.0%)
 train  L_E   = +2.7595 (113.7%)
 train    L_E_charge = +0.0000 (0.0%)
 train    L_E_cond = +1.4172 (58.4%)
 train    L_E_cluster = +1.3423 (55.3%)
 train    L_E_w_photon   = +0.0000 (0.0%)
 train    L_E_w_charged_hadron   = +0.0000 (0.0%)
 train    L_E_w_neutral_hadron   = +0.0000 (0.0%)
 train    L_E_w_muon     = +0.0000 (0.0%)
 train    L_E_w_electron = +0.0000 (0.0%)
learning rate :  [0.00039890465297888624, 0.00039563061276672447, 0.000390213750433216, 0.00038271341425563806, 0.0003732117794866986, 0.00036181294802527074, 0.000348641807854205, 0.0003338426647414537, 0.00031760148556057003, 0.00030002500000000004, 0.0002813769917830063, 0.00026183794802527076, 0.00024162194257901096, 0.00022095046623036733, 0.00020005, 0.00017914953376963274, 0.00015847805742098906, 0.0001382620519747293, 0.00011872300821699378, 0.00010007500000000005, 8.252233880412002e-05, 6.625733525854636e-05, 5.1458192145795003e-05, 3.8287051974729284e-05, 2.688822051330148e-05, 1.7386585744361935e-05, 9.886249566784053e-06, 4.469387233275552e-06, 1.1953470211137557e-06, 1.0000216881466588e-07, 0.0003990946109184883, 0.0003963866430176782, 0.0003919006200742188, 0.0003856771682065637, 0.00037777264795855195, 0.0003682586438895947]
train loss :  3.4262821674346924
test   L_V                   = +0.0000 (0.0%)
    L_V_attractive      = +0.0000 (0.0%)
      L_V_attractive_charged      = +0.0000 (0.0%)
      L_V_attractive_neutral      = +0.0000 (0.0%)
    L_V_repulsive       = +0.0000 (0.0%)
      L_V_repulsive_charged       = +0.0000 (0.0%)
      L_V_repulsive_neutral       = +0.0000 (0.0%)
    L_charged_cluster   = +0.0000 (0.0%)
  L_beta              = -0.3584 (-12.5%)
    L_beta_noise        = +0.0000 (0.0%)
    L_beta_sig          = -0.9954 (-34.8%)
    L_beta_suppress     = +0.0000 (0.0%)
    L_beta_track        = +0.6370 (22.3%)
      L_beta_norms_term   = -0.9954 (-34.8%)
      L_beta_logbeta_term = +0.0000 (0.0%)
  L_E   = +3.2198 (112.5%)
    L_E_charge = +0.0000 (0.0%)
    L_E_cond = +1.8179 (63.5%)
    L_E_cluster = +1.4019 (49.0%)
    L_E_w_photon   = +0.0000 (0.0%)
    L_E_w_charged_hadron   = +0.0000 (0.0%)
    L_E_w_neutral_hadron   = +0.0000 (0.0%)
    L_E_w_muon     = +0.0000 (0.0%)
    L_E_w_electron = +0.0000 (0.0%)
Epoch 35
Pretraining energy response (E_pred / E_true) by true-energy bin:
  1-50 GeV: n=22369 Mean=1.274423 Std=0.831324 RMS90=0.269100
  50-150 GeV: n=21867 Mean=0.841014 Std=0.240821 RMS90=0.193522
  >150 GeV: n=70 Mean=0.738781 Std=0.296946 RMS90=0.275473
Pretraining energy response by particle species:
  Neutron: n=11095 Mean=0.951348 Std=0.130693 RMS90=0.084730
  K0: n=11257 Mean=1.003752 Std=0.147102 RMS90=0.086034
  Photon: n=6167 Mean=0.999060 Std=0.081249 RMS90=0.043683
  Pion: n=13008 Mean=1.189024 Std=1.078112 RMS90=0.492591
  Electron: n=782 Mean=1.294916 Std=0.940940 RMS90=0.551709
  Muon: n=1998 Mean=1.229454 Std=1.007020 RMS90=0.513627
Returning 3.8613600730895996
Training epoch 36
[4.48625113e-01 2.04473216e-01 3.34286334e+00 5.15015961e-02
 2.33179253e-01 2.77549242e-08 1.29342312e+00 4.26275626e-02
 2.39132041e+00 1.23620294e-08 2.14745365e-01 1.11680505e-01
 1.91103270e+00 1.11852881e-01 1.87215164e-01 1.13628911e-01
 1.74296377e+00 1.13922623e-01 3.47744803e+00 1.04345652e-01
 2.19831525e-01 1.66802907e-02 1.99148561e-03 6.29576419e-11
 2.36550360e-03 1.84646614e-04 3.39482788e-03 5.83224655e-11
 1.96338451e-04 7.75114881e-04 1.31131700e-03 3.17762199e-04
 1.59079842e-04 4.22910194e-04 1.78273756e-03 3.14542834e-04
 6.71525837e-03 4.15381549e-04 7.35899685e-03 7.88549973e-03
 1.04031835e-04 7.23554930e-12 4.61234584e-05 4.76796473e-06
 4.61572160e-05 1.30540477e-12 4.02182506e-06 1.15396761e-05
 1.13473431e-05 2.51971254e-06 1.63434715e-06 3.40292778e-06
 1.19515432e-05 1.64526527e-06 4.94822018e-05 2.80001973e-06
 8.55256147e-03 9.49193034e-03 2.67281146e-06 9.70686296e-14
 1.71800742e-04 1.11019024e-04 3.46768590e-04 3.92778978e-11
 1.31611371e-04 4.98580005e-05 6.91093036e-04 4.36308935e-05
 8.00600142e-05 1.32102895e-04 8.81669368e-04 1.07129764e-04
 7.00320695e-03 3.39400202e-04 8.16601390e-03 9.11374558e-03
 1.24690726e-05 2.80044479e-07 5.29889667e-07 6.25174382e-07
 3.26043579e-06 2.75437971e-07 2.40053852e-07 1.96478404e-07
 3.01349420e-06 8.99551201e-08 2.51894556e-07 2.39094069e-07
 5.42949798e-06 1.74597034e-07 6.41572582e-07 5.18596419e-07
 1.06607811e+00 1.68339822e-02 5.24369714e-02 4.03514151e-02
 4.89741283e-01 3.31582205e-02 4.95367554e-02 4.54503312e-02
 5.21616365e-01 3.49297745e-02 7.46768175e-02 7.95661940e-02
 8.04052632e-01 5.30870246e-02 1.98545123e-01 2.05676095e-01
 9.38718287e-01 1.64026294e-02 4.58230352e-02 5.06160495e-02
 6.31000118e-01 4.33600359e-02 4.31170986e-02 4.84702026e-02
 6.08180302e-01 3.59902758e-02 6.83748395e-02 5.40700897e-02
 8.37236303e-01 4.50588457e-02 2.39392536e-01 3.02478076e-01
 1.19777184e-05 6.02672618e-07 1.28199492e-05 4.41613007e-07
 4.16872971e-05 1.80718779e-07 8.66480298e-01 5.51901025e-02
 9.67885600e-01 2.80439918e-02 1.97573256e+00 3.00950788e-02
 2.17994655e+00 2.45718631e-01 2.67201007e+00 4.60965494e-01
 5.09985765e+00 1.04494747e+00]
train  L_V                   = +0.0000 (0.0%)
 train    L_V_attractive      = +0.0000 (0.0%)
 train      L_V_attractive_charged      = +0.0000 (0.0%)
 train      L_V_attractive_neutral      = +0.0000 (0.0%)
 train    L_V_repulsive       = +0.0000 (0.0%)
 train      L_V_repulsive_charged       = +0.0000 (0.0%)
 train      L_V_repulsive_neutral       = +0.0000 (0.0%)
 train    L_charged_cluster   = +0.0000 (0.0%)
 train  L_beta              = -0.3330 (-13.9%)
 train    L_beta_noise        = +0.0000 (0.0%)
 train    L_beta_sig          = -0.9956 (-41.6%)
 train    L_beta_suppress     = +0.0000 (0.0%)
 train    L_beta_track        = +0.6626 (27.7%)
 train      L_beta_norms_term   = -0.9956 (-41.6%)
 train      L_beta_logbeta_term = +0.0000 (0.0%)
 train  L_E   = +2.7247 (113.9%)
 train    L_E_charge = +0.0000 (0.0%)
 train    L_E_cond = +1.3947 (58.3%)
 train    L_E_cluster = +1.3300 (55.6%)
 train    L_E_w_photon   = +0.0000 (0.0%)
 train    L_E_w_charged_hadron   = +0.0000 (0.0%)
 train    L_E_w_neutral_hadron   = +0.0000 (0.0%)
 train    L_E_w_muon     = +0.0000 (0.0%)
 train    L_E_w_electron = +0.0000 (0.0%)
learning rate :  [0.00039890465297888624, 0.00039563061276672447, 0.000390213750433216, 0.00038271341425563806, 0.0003732117794866986, 0.00036181294802527074, 0.000348641807854205, 0.0003338426647414537, 0.00031760148556057003, 0.00030002500000000004, 0.0002813769917830063, 0.00026183794802527076, 0.00024162194257901096, 0.00022095046623036733, 0.00020005, 0.00017914953376963274, 0.00015847805742098906, 0.0001382620519747293, 0.00011872300821699378, 0.00010007500000000005, 8.252233880412002e-05, 6.625733525854636e-05, 5.1458192145795003e-05, 3.8287051974729284e-05, 2.688822051330148e-05, 1.7386585744361935e-05, 9.886249566784053e-06, 4.469387233275552e-06, 1.1953470211137557e-06, 1.0000216881466588e-07, 0.0003990946109184883, 0.0003963866430176782, 0.0003919006200742188, 0.0003856771682065637, 0.00037777264795855195, 0.0003682586438895947, 0.00035722131629382036]
train loss :  3.3917059898376465
test   L_V                   = +0.0000 (0.0%)
    L_V_attractive      = +0.0000 (0.0%)
      L_V_attractive_charged      = +0.0000 (0.0%)
      L_V_attractive_neutral      = +0.0000 (0.0%)
    L_V_repulsive       = +0.0000 (0.0%)
      L_V_repulsive_charged       = +0.0000 (0.0%)
      L_V_repulsive_neutral       = +0.0000 (0.0%)
    L_charged_cluster   = +0.0000 (0.0%)
  L_beta              = -0.3584 (-14.9%)
    L_beta_noise        = +0.0000 (0.0%)
    L_beta_sig          = -0.9954 (-41.5%)
    L_beta_suppress     = +0.0000 (0.0%)
    L_beta_track        = +0.6370 (26.6%)
      L_beta_norms_term   = -0.9954 (-41.5%)
      L_beta_logbeta_term = +0.0000 (0.0%)
  L_E   = +2.7574 (114.9%)
    L_E_charge = +0.0000 (0.0%)
    L_E_cond = +1.3923 (58.0%)
    L_E_cluster = +1.3651 (56.9%)
    L_E_w_photon   = +0.0000 (0.0%)
    L_E_w_charged_hadron   = +0.0000 (0.0%)
    L_E_w_neutral_hadron   = +0.0000 (0.0%)
    L_E_w_muon     = +0.0000 (0.0%)
    L_E_w_electron = +0.0000 (0.0%)
Epoch 36
Pretraining energy response (E_pred / E_true) by true-energy bin:
  1-50 GeV: n=22369 Mean=1.226978 Std=0.973788 RMS90=0.247808
  50-150 GeV: n=21867 Mean=0.818156 Std=0.266342 RMS90=0.236046
  >150 GeV: n=70 Mean=0.852102 Std=0.145851 RMS90=0.106995
Pretraining energy response by particle species:
  Neutron: n=11095 Mean=0.940378 Std=0.126133 RMS90=0.079564
  K0: n=11257 Mean=0.995420 Std=0.146790 RMS90=0.083878
  Photon: n=6167 Mean=1.025806 Std=0.083295 RMS90=0.054098
  Pion: n=13008 Mean=1.068871 Std=1.266504 RMS90=0.479259
  Electron: n=782 Mean=1.017781 Std=1.024257 RMS90=0.466074
  Muon: n=1998 Mean=1.368040 Std=1.029592 RMS90=0.492665
Returning 3.3989734649658203
Training epoch 37
[4.47738017e-01 2.13611104e-01 3.41635485e+00 5.29376138e-02
 2.24934136e-01 2.73470569e-08 1.29357954e+00 4.31494211e-02
 2.40326441e+00 1.21998932e-08 2.19105320e-01 1.17572222e-01
 1.92020800e+00 1.14666727e-01 1.86823246e-01 1.14075069e-01
 1.71894754e+00 1.12257799e-01 3.39772735e+00 1.04042644e-01
 2.16502127e-01 1.65132073e-02 3.98859027e-03 1.03475761e-10
 4.85692717e-03 2.11536776e-04 4.69506604e-03 8.34523772e-11
 2.38631337e-04 1.46437247e-03 1.49912987e-03 4.73502775e-04
 1.86481411e-04 7.22261557e-04 1.84655710e-03 4.07540939e-04
 7.16753755e-03 4.12357118e-04 7.06674995e-03 7.77727297e-03
 5.36670860e-04 7.09133390e-11 2.52816420e-04 5.57233878e-05
 3.61567666e-04 7.70698588e-12 2.76496904e-05 7.78667151e-05
 7.88022887e-05 1.91433015e-05 1.14514155e-05 1.91743708e-05
 1.15993455e-04 1.55674493e-05 9.14095442e-04 5.30551819e-05
 8.62393560e-03 9.63977336e-03 1.85362643e-05 6.52971345e-13
 8.54355854e-04 2.31677329e-04 3.68929556e-03 1.05655622e-10
 4.06059244e-04 4.25726948e-04 2.34188400e-03 1.92477786e-04
 2.01123445e-04 3.62776480e-04 1.59127634e-03 2.07397172e-04
 1.02480562e-02 5.06222333e-04 7.91652507e-03 9.10047036e-03
 4.17258283e-04 1.20774161e-05 2.23193530e-05 1.27957696e-05
 9.10820219e-05 5.27167824e-06 7.51313908e-06 4.32400168e-06
 4.94356871e-05 1.40865385e-06 4.21868931e-06 5.30561941e-06
 4.29046257e-05 2.07942874e-06 1.13431334e-05 1.00839007e-05
 1.05657234e+00 1.65451446e-02 5.10331494e-02 3.96212909e-02
 4.61414761e-01 3.16540946e-02 4.91005300e-02 4.46708768e-02
 5.04631707e-01 3.33544621e-02 7.41326134e-02 8.20813913e-02
 7.57072038e-01 5.21371480e-02 1.98785164e-01 1.99361542e-01
 8.74949908e-01 1.48449651e-02 4.18785813e-02 4.72102963e-02
 5.77661888e-01 4.04875671e-02 4.04566145e-02 4.62738714e-02
 5.68451495e-01 3.42454986e-02 6.51885371e-02 5.06944980e-02
 7.82670280e-01 4.20757145e-02 2.38367271e-01 3.03588745e-01
 1.24996673e-04 7.74211546e-06 2.24308443e-04 1.10952625e-05
 9.49916413e-04 7.94035743e-06 8.67394275e-01 5.40593346e-02
 1.00408141e+00 2.80398261e-02 2.02734393e+00 3.02375029e-02
 2.07191838e+00 2.43312725e-01 2.60179880e+00 4.66458710e-01
 5.18492851e+00 1.07692576e+00]
train  L_V                   = +0.0001 (0.0%)
 train    L_V_attractive      = +0.0001 (0.0%)
 train      L_V_attractive_charged      = +0.0000 (0.0%)
 train      L_V_attractive_neutral      = +0.0001 (0.0%)
 train    L_V_repulsive       = +0.0000 (0.0%)
 train      L_V_repulsive_charged       = +0.0000 (0.0%)
 train      L_V_repulsive_neutral       = +0.0000 (0.0%)
 train    L_charged_cluster   = +0.0000 (0.0%)
 train  L_beta              = -0.3335 (-14.2%)
 train    L_beta_noise        = +0.0000 (0.0%)
 train    L_beta_sig          = -0.9956 (-42.3%)
 train    L_beta_suppress     = +0.0000 (0.0%)
 train    L_beta_track        = +0.6620 (28.1%)
 train      L_beta_norms_term   = -0.9956 (-42.3%)
 train      L_beta_logbeta_term = +0.0000 (0.0%)
 train  L_E   = +2.6881 (114.2%)
 train    L_E_charge = +0.0000 (0.0%)
 train    L_E_cond = +1.3816 (58.7%)
 train    L_E_cluster = +1.3065 (55.5%)
 train    L_E_w_photon   = +0.0000 (0.0%)
 train    L_E_w_charged_hadron   = +0.0000 (0.0%)
 train    L_E_w_neutral_hadron   = +0.0000 (0.0%)
 train    L_E_w_muon     = +0.0000 (0.0%)
 train    L_E_w_electron = +0.0000 (0.0%)
learning rate :  [0.00039890465297888624, 0.00039563061276672447, 0.000390213750433216, 0.00038271341425563806, 0.0003732117794866986, 0.00036181294802527074, 0.000348641807854205, 0.0003338426647414537, 0.00031760148556057003, 0.00030002500000000004, 0.0002813769917830063, 0.00026183794802527076, 0.00024162194257901096, 0.00022095046623036733, 0.00020005, 0.00017914953376963274, 0.00015847805742098906, 0.0001382620519747293, 0.00011872300821699378, 0.00010007500000000005, 8.252233880412002e-05, 6.625733525854636e-05, 5.1458192145795003e-05, 3.8287051974729284e-05, 2.688822051330148e-05, 1.7386585744361935e-05, 9.886249566784053e-06, 4.469387233275552e-06, 1.1953470211137557e-06, 1.0000216881466588e-07, 0.0003990946109184883, 0.0003963866430176782, 0.0003919006200742188, 0.0003856771682065637, 0.00037777264795855195, 0.0003682586438895947, 0.00035722131629382036, 0.00034476062091910877]
train loss :  3.3547096252441406
test   L_V                   = +0.0002 (0.0%)
    L_V_attractive      = +0.0002 (0.0%)
      L_V_attractive_charged      = +0.0002 (0.0%)
      L_V_attractive_neutral      = +0.0000 (0.0%)
    L_V_repulsive       = +0.0000 (0.0%)
      L_V_repulsive_charged       = +0.0000 (0.0%)
      L_V_repulsive_neutral       = +0.0000 (0.0%)
    L_charged_cluster   = +0.0000 (0.0%)
  L_beta              = -0.3584 (-10.7%)
    L_beta_noise        = +0.0000 (0.0%)
    L_beta_sig          = -0.9954 (-29.7%)
    L_beta_suppress     = +0.0000 (0.0%)
    L_beta_track        = +0.6370 (19.0%)
      L_beta_norms_term   = -0.9954 (-29.7%)
      L_beta_logbeta_term = +0.0000 (0.0%)
  L_E   = +3.7058 (110.7%)
    L_E_charge = +0.0000 (0.0%)
    L_E_cond = +1.9204 (57.4%)
    L_E_cluster = +1.7854 (53.3%)
    L_E_w_photon   = +0.0000 (0.0%)
    L_E_w_charged_hadron   = +0.0000 (0.0%)
    L_E_w_neutral_hadron   = +0.0000 (0.0%)
    L_E_w_muon     = +0.0000 (0.0%)
    L_E_w_electron = +0.0000 (0.0%)
Epoch 37
Pretraining energy response (E_pred / E_true) by true-energy bin:
  1-50 GeV: n=22369 Mean=1.241035 Std=0.846932 RMS90=0.317812
  50-150 GeV: n=21867 Mean=0.824861 Std=0.210084 RMS90=0.146285
  >150 GeV: n=70 Mean=0.709844 Std=0.228014 RMS90=0.179251
Pretraining energy response by particle species:
  Neutron: n=11095 Mean=0.877589 Std=0.118740 RMS90=0.075545
  K0: n=11257 Mean=0.928692 Std=0.132576 RMS90=0.076999
  Photon: n=6167 Mean=0.946242 Std=0.066083 RMS90=0.041817
  Pion: n=13008 Mean=1.240249 Std=1.057723 RMS90=0.507589
  Electron: n=782 Mean=1.352493 Std=0.921596 RMS90=0.610071
  Muon: n=1998 Mean=1.317205 Std=1.025601 RMS90=0.559397
Returning 4.3475341796875
Training epoch 38
[4.53847641e-01 2.21134791e-01 3.34968977e+00 5.43727927e-02
 2.34281730e-01 3.64841207e-08 1.36262559e+00 4.43310623e-02
 2.36042532e+00 1.27144061e-08 2.13870661e-01 1.19287007e-01
 1.87438243e+00 1.18024666e-01 1.94220799e-01 1.32141959e-01
 1.79085383e+00 1.26817204e-01 3.55912948e+00 1.19510680e-01
 2.43335433e-01 2.39040036e-02 1.29563087e-01 4.87271334e-09
 1.61803646e-01 4.54400310e-03 1.35546212e-01 2.77748405e-09
 1.13589637e-02 2.77465316e-02 7.31037631e-02 1.02326406e-02
 1.91652106e-02 2.72271051e-02 9.10770796e-02 1.15784617e-02
 1.16578530e-01 6.41351510e-03 1.90865227e-02 1.20532710e-02
 1.08144549e-02 1.56525571e-09 4.38597240e-02 3.01941409e-03
 3.18036517e-02 6.51323227e-10 2.26977408e-03 7.12928480e-03
 5.14917261e-03 1.32026236e-03 4.60486562e-04 1.54441389e-03
 2.20423609e-03 4.32537964e-04 1.09494960e-02 6.13604954e-04
 1.54901190e-02 1.10652886e-02 4.09713532e-04 4.46639289e-11
 1.18516742e-02 6.31434967e-04 1.29430605e-02 1.85565792e-10
 1.17301365e-03 4.82710832e-03 5.66347800e-03 1.26074464e-03
 3.88478559e-04 1.49140161e-03 2.49323551e-03 5.01012607e-04
 1.00733834e-02 6.00091224e-04 1.04460282e-02 1.02704030e-02
 4.72820443e-03 7.99758349e-05 2.23898232e-04 1.80853639e-04
 1.18967646e-03 6.42272859e-05 8.52192790e-05 7.94536729e-05
 4.39784718e-04 2.19120023e-05 5.16353882e-05 6.67987962e-05
 4.56618669e-04 2.58824533e-05 9.30705072e-05 9.40453261e-05
 1.08770650e+00 2.00500048e-02 5.39931273e-02 4.03992832e-02
 4.94006052e-01 3.29778431e-02 5.10289538e-02 4.45152338e-02
 5.30661701e-01 3.38281335e-02 7.69270366e-02 7.75260260e-02
 7.69192436e-01 5.05548388e-02 1.85456326e-01 1.99772700e-01
 9.26035779e-01 1.81647412e-02 4.91902963e-02 4.50700114e-02
 6.23197140e-01 3.94466576e-02 4.53284137e-02 4.52536937e-02
 5.99224113e-01 3.43465751e-02 6.76303930e-02 5.28159885e-02
 8.02119957e-01 4.38019625e-02 2.29855058e-01 2.90215713e-01
 1.04091217e-03 8.93897348e-05 1.99601320e-03 1.19247416e-04
 8.35893749e-03 4.34580962e-05 8.05180304e-01 5.30604136e-02
 8.61295352e-01 2.56857343e-02 1.76943433e+00 2.77726323e-02
 2.10236136e+00 2.33559961e-01 2.58737600e+00 4.37173891e-01
 4.93677310e+00 9.98940254e-01]
train  L_V                   = +0.0007 (0.0%)
 train    L_V_attractive      = +0.0007 (0.0%)
 train      L_V_attractive_charged      = +0.0002 (0.0%)
 train      L_V_attractive_neutral      = +0.0005 (0.0%)
 train    L_V_repulsive       = +0.0000 (0.0%)
 train      L_V_repulsive_charged       = +0.0000 (0.0%)
 train      L_V_repulsive_neutral       = +0.0000 (0.0%)
 train    L_charged_cluster   = +0.0000 (0.0%)
 train  L_beta              = -0.3333 (-13.3%)
 train    L_beta_noise        = +0.0000 (0.0%)
 train    L_beta_sig          = -0.9954 (-39.7%)
 train    L_beta_suppress     = +0.0000 (0.0%)
 train    L_beta_track        = +0.6622 (26.4%)
 train      L_beta_norms_term   = -0.9954 (-39.7%)
 train      L_beta_logbeta_term = +0.0000 (0.0%)
 train  L_E   = +2.8393 (113.3%)
 train    L_E_charge = +0.0000 (0.0%)
 train    L_E_cond = +1.4771 (58.9%)
 train    L_E_cluster = +1.3622 (54.3%)
 train    L_E_w_photon   = +0.0000 (0.0%)
 train    L_E_w_charged_hadron   = +0.0000 (0.0%)
 train    L_E_w_neutral_hadron   = +0.0000 (0.0%)
 train    L_E_w_muon     = +0.0000 (0.0%)
 train    L_E_w_electron = +0.0000 (0.0%)
learning rate :  [0.00039890465297888624, 0.00039563061276672447, 0.000390213750433216, 0.00038271341425563806, 0.0003732117794866986, 0.00036181294802527074, 0.000348641807854205, 0.0003338426647414537, 0.00031760148556057003, 0.00030002500000000004, 0.0002813769917830063, 0.00026183794802527076, 0.00024162194257901096, 0.00022095046623036733, 0.00020005, 0.00017914953376963274, 0.00015847805742098906, 0.0001382620519747293, 0.00011872300821699378, 0.00010007500000000005, 8.252233880412002e-05, 6.625733525854636e-05, 5.1458192145795003e-05, 3.8287051974729284e-05, 2.688822051330148e-05, 1.7386585744361935e-05, 9.886249566784053e-06, 4.469387233275552e-06, 1.1953470211137557e-06, 1.0000216881466588e-07, 0.0003990946109184883, 0.0003963866430176782, 0.0003919006200742188, 0.0003856771682065637, 0.00037777264795855195, 0.0003682586438895947, 0.00035722131629382036, 0.00034476062091910877, 0.0003309894037523598]
train loss :  3.5068066120147705
test   L_V                   = +0.0000 (0.0%)
    L_V_attractive      = +0.0000 (0.0%)
      L_V_attractive_charged      = +0.0000 (0.0%)
      L_V_attractive_neutral      = +0.0000 (0.0%)
    L_V_repulsive       = +0.0000 (0.0%)
      L_V_repulsive_charged       = +0.0000 (0.0%)
      L_V_repulsive_neutral       = +0.0000 (0.0%)
    L_charged_cluster   = +0.0000 (0.0%)
  L_beta              = -0.3583 (-12.6%)
    L_beta_noise        = +0.0000 (0.0%)
    L_beta_sig          = -0.9953 (-35.1%)
    L_beta_suppress     = +0.0000 (0.0%)
    L_beta_track        = +0.6370 (22.4%)
      L_beta_norms_term   = -0.9954 (-35.1%)
      L_beta_logbeta_term = +0.0000 (0.0%)
  L_E   = +3.1963 (112.6%)
    L_E_charge = +0.0000 (0.0%)
    L_E_cond = +1.5961 (56.2%)
    L_E_cluster = +1.6001 (56.4%)
    L_E_w_photon   = +0.0000 (0.0%)
    L_E_w_charged_hadron   = +0.0000 (0.0%)
    L_E_w_neutral_hadron   = +0.0000 (0.0%)
    L_E_w_muon     = +0.0000 (0.0%)
    L_E_w_electron = +0.0000 (0.0%)
Epoch 38
Pretraining energy response (E_pred / E_true) by true-energy bin:
  1-50 GeV: n=22369 Mean=1.176816 Std=0.425984 RMS90=0.247861
  50-150 GeV: n=21867 Mean=0.926494 Std=0.222876 RMS90=0.172656
  >150 GeV: n=70 Mean=0.781499 Std=0.155541 RMS90=0.139360
Pretraining energy response by particle species:
  Neutron: n=11095 Mean=0.917298 Std=0.150904 RMS90=0.101454
  K0: n=11257 Mean=0.964074 Std=0.171250 RMS90=0.110388
  Photon: n=6167 Mean=1.047373 Std=0.154480 RMS90=0.079276
  Pion: n=13008 Mean=1.193772 Std=0.511054 RMS90=0.370914
  Electron: n=782 Mean=1.245505 Std=0.543459 RMS90=0.338703
  Muon: n=1998 Mean=1.325799 Std=0.616319 RMS90=0.419682
Returning 3.8379669189453125
Training epoch 39
[5.38535773e-01 1.84504595e-01 3.31196213e+00 4.53057640e-02
 2.27530785e-01 3.95872852e-08 1.31727595e+00 3.81922426e-02
 2.22498263e+00 1.18122780e-08 2.05479878e-01 1.15879710e-01
 1.73806379e+00 1.09111062e-01 1.79091354e-01 1.35450067e-01
 1.74531263e+00 1.27854917e-01 3.39023664e+00 1.15070604e-01
 2.49629641e-01 4.18234995e-02 1.82977127e-01 7.93261977e-09
 4.14325137e-01 7.93803614e-03 2.70852964e-01 4.96162603e-09
 2.40714307e-02 7.96454266e-02 9.29513572e-02 2.27126459e-02
 1.52936614e-02 4.23392021e-02 9.49833144e-02 1.95151364e-02
 1.87049456e-01 1.16326355e-02 4.82355489e-02 5.61650703e-02
 6.68604119e-03 1.06406636e-09 6.40156964e-02 2.72198904e-02
 6.28541223e-02 2.89006445e-09 4.79580157e-03 2.20339994e-02
 1.04521745e-02 3.85724238e-03 1.00143499e-03 4.68987168e-03
 4.31705565e-03 1.19325884e-03 2.96946247e-02 1.55218309e-03
 2.92631489e-02 1.75235676e-02 5.73904450e-05 9.78602735e-12
 1.05599553e-03 2.17097659e-04 3.40487231e-03 5.85597815e-11
 2.13909846e-04 1.41361893e-03 8.02794459e-04 3.33700383e-04
 7.78980907e-05 3.75922319e-04 4.50584029e-04 1.05628260e-04
 1.21591558e-03 7.94246351e-05 2.70086370e-02 1.64870031e-02
 3.43663872e-04 1.06419987e-05 2.23613088e-05 1.76339373e-05
 1.26660690e-04 6.54111910e-06 8.83453137e-06 1.07241318e-05
 5.34596167e-05 3.78958027e-06 9.53140490e-06 7.93201613e-06
 1.31000219e-04 4.58345402e-06 2.38874710e-05 2.66681746e-05
 1.44903342e+00 3.89666613e-02 8.10653948e-02 4.59944063e-02
 7.24163140e-01 4.15696910e-02 6.16801045e-02 4.28330842e-02
 6.46036615e-01 3.80371539e-02 9.14248849e-02 8.33867789e-02
 9.62967372e-01 5.49133515e-02 1.82173150e-01 1.91800021e-01
 1.16420742e+00 3.59517172e-02 8.01435419e-02 4.20958604e-02
 7.95660477e-01 4.12851330e-02 5.94950365e-02 4.06243356e-02
 6.73585253e-01 3.59209306e-02 6.87191339e-02 6.18223414e-02
 8.89094824e-01 5.29013440e-02 2.15114896e-01 2.94541985e-01
 3.31555986e-04 2.81276516e-05 5.33606997e-04 4.05078246e-05
 1.27941143e-03 1.12119223e-05 8.03362042e-01 5.14394849e-02
 6.77477651e-01 2.16175566e-02 1.41526695e+00 2.20934162e-02
 1.94274393e+00 2.35366564e-01 2.49032918e+00 4.32189607e-01
 5.04705809e+00 1.02007267e+00]
train  L_V                   = +0.0001 (0.0%)
 train    L_V_attractive      = +0.0001 (0.0%)
 train      L_V_attractive_charged      = +0.0000 (0.0%)
 train      L_V_attractive_neutral      = +0.0000 (0.0%)
 train    L_V_repulsive       = +0.0000 (0.0%)
 train      L_V_repulsive_charged       = +0.0000 (0.0%)
 train      L_V_repulsive_neutral       = +0.0000 (0.0%)
 train    L_charged_cluster   = +0.0000 (0.0%)
 train  L_beta              = -0.3341 (-12.5%)
 train    L_beta_noise        = +0.0000 (0.0%)
 train    L_beta_sig          = -0.9955 (-37.3%)
 train    L_beta_suppress     = +0.0000 (0.0%)
 train    L_beta_track        = +0.6614 (24.8%)
 train      L_beta_norms_term   = -0.9955 (-37.3%)
 train      L_beta_logbeta_term = +0.0000 (0.0%)
 train  L_E   = +2.9998 (112.5%)
 train    L_E_charge = +0.0000 (0.0%)
 train    L_E_cond = +1.5563 (58.4%)
 train    L_E_cluster = +1.4436 (54.2%)
 train    L_E_w_photon   = +0.0000 (0.0%)
 train    L_E_w_charged_hadron   = +0.0000 (0.0%)
 train    L_E_w_neutral_hadron   = +0.0000 (0.0%)
 train    L_E_w_muon     = +0.0000 (0.0%)
 train    L_E_w_electron = +0.0000 (0.0%)
learning rate :  [0.00039890465297888624, 0.00039563061276672447, 0.000390213750433216, 0.00038271341425563806, 0.0003732117794866986, 0.00036181294802527074, 0.000348641807854205, 0.0003338426647414537, 0.00031760148556057003, 0.00030002500000000004, 0.0002813769917830063, 0.00026183794802527076, 0.00024162194257901096, 0.00022095046623036733, 0.00020005, 0.00017914953376963274, 0.00015847805742098906, 0.0001382620519747293, 0.00011872300821699378, 0.00010007500000000005, 8.252233880412002e-05, 6.625733525854636e-05, 5.1458192145795003e-05, 3.8287051974729284e-05, 2.688822051330148e-05, 1.7386585744361935e-05, 9.886249566784053e-06, 4.469387233275552e-06, 1.1953470211137557e-06, 1.0000216881466588e-07, 0.0003990946109184883, 0.0003963866430176782, 0.0003919006200742188, 0.0003856771682065637, 0.00037777264795855195, 0.0003682586438895947, 0.00035722131629382036, 0.00034476062091910877, 0.0003309894037523598, 0.00031603237906876113]
train loss :  3.665754795074463
test   L_V                   = +0.0000 (0.0%)
    L_V_attractive      = +0.0000 (0.0%)
      L_V_attractive_charged      = +0.0000 (0.0%)
      L_V_attractive_neutral      = +0.0000 (0.0%)
    L_V_repulsive       = +0.0000 (0.0%)
      L_V_repulsive_charged       = +0.0000 (0.0%)
      L_V_repulsive_neutral       = +0.0000 (0.0%)
    L_charged_cluster   = +0.0000 (0.0%)
  L_beta              = -0.3584 (-15.3%)
    L_beta_noise        = +0.0000 (0.0%)
    L_beta_sig          = -0.9954 (-42.4%)
    L_beta_suppress     = +0.0000 (0.0%)
    L_beta_track        = +0.6370 (27.1%)
      L_beta_norms_term   = -0.9954 (-42.4%)
      L_beta_logbeta_term = +0.0000 (0.0%)
  L_E   = +2.7049 (115.3%)
    L_E_charge = +0.0000 (0.0%)
    L_E_cond = +1.4071 (60.0%)
    L_E_cluster = +1.2977 (55.3%)
    L_E_w_photon   = +0.0000 (0.0%)
    L_E_w_charged_hadron   = +0.0000 (0.0%)
    L_E_w_neutral_hadron   = +0.0000 (0.0%)
    L_E_w_muon     = +0.0000 (0.0%)
    L_E_w_electron = +0.0000 (0.0%)
Epoch 39
Pretraining energy response (E_pred / E_true) by true-energy bin:
  1-50 GeV: n=22369 Mean=1.194387 Std=0.410942 RMS90=0.242724
  50-150 GeV: n=21867 Mean=0.935607 Std=0.220620 RMS90=0.154598
  >150 GeV: n=70 Mean=0.815117 Std=0.208367 RMS90=0.185322
Pretraining energy response by particle species:
  Neutron: n=11095 Mean=0.952478 Std=0.134454 RMS90=0.081691
  K0: n=11257 Mean=1.009215 Std=0.154562 RMS90=0.086203
  Photon: n=6167 Mean=1.030490 Std=0.092212 RMS90=0.056628
  Pion: n=13008 Mean=1.184483 Std=0.512633 RMS90=0.394174
  Electron: n=782 Mean=1.194361 Std=0.492849 RMS90=0.390159
  Muon: n=1998 Mean=1.306173 Std=0.693969 RMS90=0.495160
Returning 3.3464107513427734
Training epoch 40
[5.63222482e-01 2.07740136e-01 3.45398843e+00 4.92794156e-02
 2.41271021e-01 3.36575642e-08 1.27562796e+00 4.09853316e-02
 2.35153062e+00 1.22133653e-08 2.13878114e-01 1.26540845e-01
 1.82980336e+00 1.11661864e-01 1.80482511e-01 1.27371063e-01
 1.77050220e+00 1.21640075e-01 3.36135831e+00 9.83889049e-02
 2.25447063e-01 3.62939346e-02 9.56405130e-02 3.80303996e-09
 2.12557135e-01 6.77944336e-03 1.53745671e-01 2.58596223e-09
 1.41887215e-02 4.49408264e-02 4.35082588e-02 1.08497643e-02
 6.21321708e-03 1.73441724e-02 3.76870892e-02 7.87652065e-03
 7.84879728e-02 5.03045255e-03 2.44197617e-02 1.63701157e-02
 5.08471368e-03 6.44139926e-10 1.94358097e-02 9.55319243e-04
 9.73952238e-03 3.63890350e-10 8.69886818e-04 3.50294160e-03
 2.92079262e-03 6.61305269e-04 3.01665353e-04 9.53559027e-04
 1.63866397e-03 3.23523782e-04 1.09233641e-02 6.48609431e-04
 2.39253360e-02 1.42427763e-02 1.04867250e-05 1.85150154e-12
 4.52358866e-05 3.38364096e-06 6.63002771e-05 2.59049945e-12
 1.21677220e-05 1.93092715e-05 1.14980126e-04 8.62407549e-06
 1.19396151e-05 1.45098257e-05 1.59524475e-04 1.38029792e-05
 5.03787063e-04 2.45738934e-05 2.54116154e-02 1.37510902e-02
 4.58282366e-05 1.66183345e-06 1.89166537e-06 1.16357028e-06
 1.55615320e-05 9.78940296e-07 1.18651098e-06 1.37165675e-06
 1.21695804e-05 1.16252094e-06 2.73647665e-06 1.84957141e-06
 5.38394626e-05 1.67824978e-06 2.79461900e-05 2.77934805e-05
 1.37462266e+00 3.18160478e-02 7.38109550e-02 4.47203444e-02
 6.44214261e-01 3.86027003e-02 5.21549378e-02 4.28100849e-02
 5.69290084e-01 3.54222185e-02 7.86558831e-02 8.83444120e-02
 8.91504984e-01 5.21186799e-02 1.85636408e-01 1.87880985e-01
 1.04477626e+00 3.21630318e-02 6.76415597e-02 3.60365221e-02
 7.16953665e-01 3.69511501e-02 5.29859285e-02 3.19612331e-02
 6.29266318e-01 3.01622521e-02 6.70681556e-02 5.25713513e-02
 8.61639194e-01 4.61159551e-02 2.15406317e-01 2.88575941e-01
 5.26225145e-04 4.53039691e-05 2.49534095e-03 1.00959129e-04
 3.04914133e-03 1.56600091e-06 8.45304205e-01 5.25477495e-02
 7.81248234e-01 2.49856565e-02 1.67651951e+00 2.58223310e-02
 1.84795515e+00 2.28857365e-01 2.39228284e+00 4.34287054e-01
 5.03153564e+00 1.03642403e+00]
train  L_V                   = +0.0002 (0.0%)
 train    L_V_attractive      = +0.0002 (0.0%)
 train      L_V_attractive_charged      = +0.0001 (0.0%)
 train      L_V_attractive_neutral      = +0.0002 (0.0%)
 train    L_V_repulsive       = +0.0000 (0.0%)
 train      L_V_repulsive_charged       = +0.0000 (0.0%)
 train      L_V_repulsive_neutral       = +0.0000 (0.0%)
 train    L_charged_cluster   = +0.0000 (0.0%)
 train  L_beta              = -0.3327 (-13.4%)
 train    L_beta_noise        = +0.0000 (0.0%)
 train    L_beta_sig          = -0.9955 (-40.2%)
 train    L_beta_suppress     = +0.0000 (0.0%)
 train    L_beta_track        = +0.6629 (26.8%)
 train      L_beta_norms_term   = -0.9955 (-40.2%)
 train      L_beta_logbeta_term = +0.0000 (0.0%)
 train  L_E   = +2.8102 (113.4%)
 train    L_E_charge = +0.0000 (0.0%)
 train    L_E_cond = +1.4568 (58.8%)
 train    L_E_cluster = +1.3534 (54.6%)
 train    L_E_w_photon   = +0.0000 (0.0%)
 train    L_E_w_charged_hadron   = +0.0000 (0.0%)
 train    L_E_w_neutral_hadron   = +0.0000 (0.0%)
 train    L_E_w_muon     = +0.0000 (0.0%)
 train    L_E_w_electron = +0.0000 (0.0%)
learning rate :  [0.00039890465297888624, 0.00039563061276672447, 0.000390213750433216, 0.00038271341425563806, 0.0003732117794866986, 0.00036181294802527074, 0.000348641807854205, 0.0003338426647414537, 0.00031760148556057003, 0.00030002500000000004, 0.0002813769917830063, 0.00026183794802527076, 0.00024162194257901096, 0.00022095046623036733, 0.00020005, 0.00017914953376963274, 0.00015847805742098906, 0.0001382620519747293, 0.00011872300821699378, 0.00010007500000000005, 8.252233880412002e-05, 6.625733525854636e-05, 5.1458192145795003e-05, 3.8287051974729284e-05, 2.688822051330148e-05, 1.7386585744361935e-05, 9.886249566784053e-06, 4.469387233275552e-06, 1.1953470211137557e-06, 1.0000216881466588e-07, 0.0003990946109184883, 0.0003963866430176782, 0.0003919006200742188, 0.0003856771682065637, 0.00037777264795855195, 0.0003682586438895947, 0.00035722131629382036, 0.00034476062091910877, 0.0003309894037523598, 0.00031603237906876113, 0.00030002500000000004]
train loss :  3.477818012237549
test   L_V                   = +0.0000 (0.0%)
    L_V_attractive      = +0.0000 (0.0%)
      L_V_attractive_charged      = +0.0000 (0.0%)
      L_V_attractive_neutral      = +0.0000 (0.0%)
    L_V_repulsive       = +0.0000 (0.0%)
      L_V_repulsive_charged       = +0.0000 (0.0%)
      L_V_repulsive_neutral       = +0.0000 (0.0%)
    L_charged_cluster   = +0.0000 (0.0%)
  L_beta              = -0.3584 (-8.0%)
    L_beta_noise        = +0.0000 (0.0%)
    L_beta_sig          = -0.9954 (-22.3%)
    L_beta_suppress     = +0.0000 (0.0%)
    L_beta_track        = +0.6370 (14.3%)
      L_beta_norms_term   = -0.9954 (-22.3%)
      L_beta_logbeta_term = +0.0000 (0.0%)
  L_E   = +4.8143 (108.0%)
    L_E_charge = +0.0000 (0.0%)
    L_E_cond = +2.6353 (59.1%)
    L_E_cluster = +2.1790 (48.9%)
    L_E_w_photon   = +0.0000 (0.0%)
    L_E_w_charged_hadron   = +0.0000 (0.0%)
    L_E_w_neutral_hadron   = +0.0000 (0.0%)
    L_E_w_muon     = +0.0000 (0.0%)
    L_E_w_electron = +0.0000 (0.0%)
Epoch 40
Pretraining energy response (E_pred / E_true) by true-energy bin:
  1-50 GeV: n=22369 Mean=1.269740 Std=0.606172 RMS90=0.388475
  50-150 GeV: n=21867 Mean=1.123332 Std=0.301230 RMS90=0.197219
  >150 GeV: n=70 Mean=1.157850 Std=0.286128 RMS90=0.196938
Pretraining energy response by particle species:
  Neutron: n=11095 Mean=0.924418 Std=0.176505 RMS90=0.124419
  K0: n=11257 Mean=0.977419 Std=0.179533 RMS90=0.120276
  Photon: n=6167 Mean=1.064719 Std=0.163151 RMS90=0.085372
  Pion: n=13008 Mean=1.522831 Std=0.478983 RMS90=0.344616
  Electron: n=782 Mean=1.599903 Std=0.783656 RMS90=0.341180
  Muon: n=1998 Mean=2.084698 Std=0.882117 RMS90=0.505475
Returning 5.455836296081543
Training epoch 41
[5.80798510e-01 2.33716417e-01 3.57916770e+00 5.52585621e-02
 2.41894061e-01 4.12876596e-08 1.42923206e+00 4.56221700e-02
 2.43575196e+00 1.24923371e-08 2.24775137e-01 1.29175011e-01
 1.86223780e+00 1.15134886e-01 1.86936612e-01 1.30606778e-01
 1.80218942e+00 1.24792850e-01 3.51696132e+00 9.96199491e-02
 2.38076396e-01 3.56507919e-02 1.23944167e-01 3.78950609e-09
 2.33670233e-01 5.95195177e-03 1.71223721e-01 3.25463396e-09
 1.42742968e-02 5.33252631e-02 5.60552468e-02 1.32886118e-02
 7.43789861e-03 2.25941048e-02 4.42396776e-02 1.03149023e-02
 9.26391086e-02 5.92663287e-03 3.93325721e-02 7.02104601e-02
 3.89416693e-03 3.82175075e-10 6.38381651e-02 3.47990377e-02
 5.27922540e-02 3.25051116e-09 5.78874195e-03 3.66182857e-02
 1.38764944e-02 5.74995057e-03 9.88174311e-04 6.75877584e-03
 3.97522713e-03 1.36436303e-03 1.94351431e-02 1.19380891e-03
 2.23506323e-02 1.53967186e-02 2.00539893e-04 1.57201594e-11
 1.86984684e-03 2.10833952e-04 2.26203155e-03 5.13785247e-11
 2.96259331e-04 1.17211287e-03 6.29853546e-04 2.77258315e-04
 8.57035915e-05 4.43815438e-04 2.93441599e-04 1.21298040e-04
 9.11524020e-04 7.58978929e-05 2.27131996e-02 1.43936775e-02
 1.03618420e-03 3.85236197e-05 8.50136431e-05 3.45600280e-05
 5.82965787e-04 1.83668832e-05 3.19330428e-05 2.46215599e-05
 1.82213560e-04 1.02143703e-05 2.20017145e-05 2.96723273e-05
 3.18164680e-04 1.28430256e-05 9.97744286e-05 8.15558607e-05
 1.31876982e+00 3.04640588e-02 7.36169183e-02 4.48220836e-02
 6.30391818e-01 3.85767858e-02 5.18876031e-02 4.44933317e-02
 5.67155554e-01 3.54377013e-02 7.52101831e-02 8.96405378e-02
 8.77852585e-01 5.19835351e-02 1.79793388e-01 1.85827524e-01
 1.03878904e+00 3.64987729e-02 6.65382392e-02 3.60296980e-02
 7.07834020e-01 3.60936056e-02 5.10160842e-02 3.21016289e-02
 6.17336332e-01 2.96868702e-02 6.80395171e-02 5.32524378e-02
 8.47533596e-01 4.50817743e-02 2.12943929e-01 2.86442574e-01
 1.14980720e-03 9.15958397e-05 2.84591970e-03 1.50339311e-04
 5.30557784e-03 8.02281335e-06 8.45158270e-01 5.19914312e-02
 7.62069500e-01 2.45305827e-02 1.59984636e+00 2.52816917e-02
 1.84089281e+00 2.24505332e-01 2.34592535e+00 4.19707484e-01
 4.88791009e+00 9.90691068e-01]
train  L_V                   = +0.0013 (0.1%)
 train    L_V_attractive      = +0.0013 (0.1%)
 train      L_V_attractive_charged      = +0.0011 (0.0%)
 train      L_V_attractive_neutral      = +0.0001 (0.0%)
 train    L_V_repulsive       = +0.0000 (0.0%)
 train      L_V_repulsive_charged       = +0.0000 (0.0%)
 train      L_V_repulsive_neutral       = +0.0000 (0.0%)
 train    L_charged_cluster   = +0.0000 (0.0%)
 train  L_beta              = -0.3330 (-13.7%)
 train    L_beta_noise        = +0.0000 (0.0%)
 train    L_beta_sig          = -0.9955 (-41.0%)
 train    L_beta_suppress     = +0.0000 (0.0%)
 train    L_beta_track        = +0.6625 (27.3%)
 train      L_beta_norms_term   = -0.9955 (-41.0%)
 train      L_beta_logbeta_term = +0.0000 (0.0%)
 train  L_E   = +2.7589 (113.7%)
 train    L_E_charge = +0.0000 (0.0%)
 train    L_E_cond = +1.4282 (58.8%)
 train    L_E_cluster = +1.3307 (54.8%)
 train    L_E_w_photon   = +0.0000 (0.0%)
 train    L_E_w_charged_hadron   = +0.0000 (0.0%)
 train    L_E_w_neutral_hadron   = +0.0000 (0.0%)
 train    L_E_w_muon     = +0.0000 (0.0%)
 train    L_E_w_electron = +0.0000 (0.0%)
learning rate :  [0.00039890465297888624, 0.00039563061276672447, 0.000390213750433216, 0.00038271341425563806, 0.0003732117794866986, 0.00036181294802527074, 0.000348641807854205, 0.0003338426647414537, 0.00031760148556057003, 0.00030002500000000004, 0.0002813769917830063, 0.00026183794802527076, 0.00024162194257901096, 0.00022095046623036733, 0.00020005, 0.00017914953376963274, 0.00015847805742098906, 0.0001382620519747293, 0.00011872300821699378, 0.00010007500000000005, 8.252233880412002e-05, 6.625733525854636e-05, 5.1458192145795003e-05, 3.8287051974729284e-05, 2.688822051330148e-05, 1.7386585744361935e-05, 9.886249566784053e-06, 4.469387233275552e-06, 1.1953470211137557e-06, 1.0000216881466588e-07, 0.0003990946109184883, 0.0003963866430176782, 0.0003919006200742188, 0.0003856771682065637, 0.00037777264795855195, 0.0003682586438895947, 0.00035722131629382036, 0.00034476062091910877, 0.0003309894037523598, 0.00031603237906876113, 0.00030002500000000004, 0.0002831122318497272]
train loss :  3.4271833896636963
test   L_V                   = +0.0000 (0.0%)
    L_V_attractive      = +0.0000 (0.0%)
      L_V_attractive_charged      = +0.0000 (0.0%)
      L_V_attractive_neutral      = +0.0000 (0.0%)
    L_V_repulsive       = +0.0000 (0.0%)
      L_V_repulsive_charged       = +0.0000 (0.0%)
      L_V_repulsive_neutral       = +0.0000 (0.0%)
    L_charged_cluster   = +0.0000 (0.0%)
  L_beta              = -0.3584 (-14.9%)
    L_beta_noise        = +0.0000 (0.0%)
    L_beta_sig          = -0.9954 (-41.5%)
    L_beta_suppress     = +0.0000 (0.0%)
    L_beta_track        = +0.6370 (26.5%)
      L_beta_norms_term   = -0.9954 (-41.5%)
      L_beta_logbeta_term = +0.0000 (0.0%)
  L_E   = +2.7591 (114.9%)
    L_E_charge = +0.0000 (0.0%)
    L_E_cond = +1.4962 (62.3%)
    L_E_cluster = +1.2628 (52.6%)
    L_E_w_photon   = +0.0000 (0.0%)
    L_E_w_charged_hadron   = +0.0000 (0.0%)
    L_E_w_neutral_hadron   = +0.0000 (0.0%)
    L_E_w_muon     = +0.0000 (0.0%)
    L_E_w_electron = +0.0000 (0.0%)
Epoch 41
Pretraining energy response (E_pred / E_true) by true-energy bin:
  1-50 GeV: n=22369 Mean=1.380523 Std=0.819874 RMS90=0.423288
  50-150 GeV: n=21867 Mean=0.849757 Std=0.204453 RMS90=0.161982
  >150 GeV: n=70 Mean=0.817834 Std=0.186191 RMS90=0.167400
Pretraining energy response by particle species:
  Neutron: n=11095 Mean=0.953721 Std=0.129221 RMS90=0.079098
  K0: n=11257 Mean=1.005157 Std=0.168080 RMS90=0.086177
  Photon: n=6167 Mean=0.981846 Std=0.077473 RMS90=0.040907
  Pion: n=13008 Mean=1.315235 Std=0.981751 RMS90=0.642915
  Electron: n=782 Mean=1.512549 Std=1.153858 RMS90=0.911721
  Muon: n=1998 Mean=1.641138 Std=1.270406 RMS90=0.825635
Returning 3.400635242462158
Training epoch 42
[6.21908284e-01 2.26772338e-01 3.67879975e+00 5.37541818e-02
 2.31726998e-01 3.72604779e-08 1.41610045e+00 4.45172835e-02
 2.47256001e+00 1.24823190e-08 2.29624253e-01 1.31313106e-01
 1.90072341e+00 1.16453000e-01 1.91796145e-01 1.33060892e-01
 1.79450386e+00 1.23654840e-01 3.56108241e+00 9.82684079e-02
 2.49923048e-01 3.67156049e-02 1.20792019e-01 3.59348495e-09
 2.42598669e-01 7.02153411e-03 1.72724852e-01 3.50209139e-09
 1.44599960e-02 5.45967531e-02 5.92839434e-02 1.47817040e-02
 8.48318998e-03 2.53555591e-02 5.26462439e-02 1.17444078e-02
 1.06626005e-01 6.89625270e-03 2.59793439e-02 2.83073362e-02
 1.45429967e-03 2.65748701e-10 3.28355976e-02 1.00899891e-02
 2.34661745e-02 1.08151369e-09 2.23412600e-03 1.47584657e-02
 4.35489133e-03 2.23751320e-03 3.44942397e-04 2.57268443e-03
 1.59561203e-03 5.53312338e-04 1.01551336e-02 6.29397564e-04
 1.60962135e-02 1.57766773e-02 6.55987934e-05 1.04760548e-11
 5.28002898e-04 6.07459164e-05 8.14522053e-04 2.75114049e-11
 1.06721914e-04 3.57965177e-04 3.25230864e-04 8.72254257e-05
 3.67251205e-05 1.51494188e-04 2.10747054e-04 5.26538739e-05
 7.11767671e-04 5.39957462e-05 1.62990472e-02 1.42814371e-02
 1.98593836e-04 8.47379226e-06 1.43508423e-05 7.68756472e-06
 1.24473748e-04 4.61017027e-06 7.89848850e-06 7.14902082e-06
 8.74843342e-05 4.23105840e-06 9.76602479e-06 8.90361112e-06
 1.97091898e-04 5.75200635e-06 1.67241905e-05 1.65553001e-05
 1.31538248e+00 2.95399639e-02 7.01980858e-02 4.41811020e-02
 6.01635777e-01 3.70668057e-02 4.94832424e-02 4.86526878e-02
 5.47167006e-01 3.57430484e-02 7.47112439e-02 9.83889230e-02
 8.77191113e-01 5.32973595e-02 1.86894818e-01 2.00373617e-01
 9.55657059e-01 3.72811597e-02 6.21654580e-02 3.48031956e-02
 6.69589073e-01 3.58418130e-02 4.95384707e-02 3.15648814e-02
 6.09764416e-01 2.95375691e-02 6.92758123e-02 5.52309666e-02
 8.38337265e-01 4.54047277e-02 2.15499383e-01 2.89238650e-01
 2.93547298e-04 2.02542049e-05 4.31003786e-04 2.54804234e-05
 1.06209392e-03 4.54628133e-06 8.84884246e-01 5.52742466e-02
 8.19142685e-01 2.60208330e-02 1.68161761e+00 2.67772668e-02
 1.83473214e+00 2.23800916e-01 2.31199176e+00 4.20805786e-01
 4.87865587e+00 1.00731341e+00]
train  L_V                   = +0.0000 (0.0%)
 train    L_V_attractive      = +0.0000 (0.0%)
 train      L_V_attractive_charged      = +0.0000 (0.0%)
 train      L_V_attractive_neutral      = +0.0000 (0.0%)
 train    L_V_repulsive       = +0.0000 (0.0%)
 train      L_V_repulsive_charged       = +0.0000 (0.0%)
 train      L_V_repulsive_neutral       = +0.0000 (0.0%)
 train    L_charged_cluster   = +0.0000 (0.0%)
 train  L_beta              = -0.3329 (-14.0%)
 train    L_beta_noise        = +0.0000 (0.0%)
 train    L_beta_sig          = -0.9956 (-41.9%)
 train    L_beta_suppress     = +0.0000 (0.0%)
 train    L_beta_track        = +0.6627 (27.9%)
 train      L_beta_norms_term   = -0.9956 (-41.9%)
 train      L_beta_logbeta_term = +0.0000 (0.0%)
 train  L_E   = +2.7097 (114.0%)
 train    L_E_charge = +0.0000 (0.0%)
 train    L_E_cond = +1.4045 (59.1%)
 train    L_E_cluster = +1.3051 (54.9%)
 train    L_E_w_photon   = +0.0000 (0.0%)
 train    L_E_w_charged_hadron   = +0.0000 (0.0%)
 train    L_E_w_neutral_hadron   = +0.0000 (0.0%)
 train    L_E_w_muon     = +0.0000 (0.0%)
 train    L_E_w_electron = +0.0000 (0.0%)
learning rate :  [0.00039890465297888624, 0.00039563061276672447, 0.000390213750433216, 0.00038271341425563806, 0.0003732117794866986, 0.00036181294802527074, 0.000348641807854205, 0.0003338426647414537, 0.00031760148556057003, 0.00030002500000000004, 0.0002813769917830063, 0.00026183794802527076, 0.00024162194257901096, 0.00022095046623036733, 0.00020005, 0.00017914953376963274, 0.00015847805742098906, 0.0001382620519747293, 0.00011872300821699378, 0.00010007500000000005, 8.252233880412002e-05, 6.625733525854636e-05, 5.1458192145795003e-05, 3.8287051974729284e-05, 2.688822051330148e-05, 1.7386585744361935e-05, 9.886249566784053e-06, 4.469387233275552e-06, 1.1953470211137557e-06, 1.0000216881466588e-07, 0.0003990946109184883, 0.0003963866430176782, 0.0003919006200742188, 0.0003856771682065637, 0.00037777264795855195, 0.0003682586438895947, 0.00035722131629382036, 0.00034476062091910877, 0.0003309894037523598, 0.00031603237906876113, 0.00030002500000000004, 0.0002831122318497272, 0.00026544723926531853]
train loss :  3.376831531524658
test   L_V                   = +0.0000 (0.0%)
    L_V_attractive      = +0.0000 (0.0%)
      L_V_attractive_charged      = +0.0000 (0.0%)
      L_V_attractive_neutral      = +0.0000 (0.0%)
    L_V_repulsive       = +0.0000 (0.0%)
      L_V_repulsive_charged       = +0.0000 (0.0%)
      L_V_repulsive_neutral       = +0.0000 (0.0%)
    L_charged_cluster   = +0.0000 (0.0%)
  L_beta              = -0.3584 (-14.9%)
    L_beta_noise        = +0.0000 (0.0%)
    L_beta_sig          = -0.9954 (-41.2%)
    L_beta_suppress     = +0.0000 (0.0%)
    L_beta_track        = +0.6370 (26.4%)
      L_beta_norms_term   = -0.9954 (-41.2%)
      L_beta_logbeta_term = +0.0000 (0.0%)
  L_E   = +2.7720 (114.9%)
    L_E_charge = +0.0000 (0.0%)
    L_E_cond = +1.4974 (62.0%)
    L_E_cluster = +1.2746 (52.8%)
    L_E_w_photon   = +0.0000 (0.0%)
    L_E_w_charged_hadron   = +0.0000 (0.0%)
    L_E_w_neutral_hadron   = +0.0000 (0.0%)
    L_E_w_muon     = +0.0000 (0.0%)
    L_E_w_electron = +0.0000 (0.0%)
Epoch 42
Pretraining energy response (E_pred / E_true) by true-energy bin:
  1-50 GeV: n=22369 Mean=1.424139 Std=0.767830 RMS90=0.526751
  50-150 GeV: n=21867 Mean=0.867870 Std=0.231376 RMS90=0.149518
  >150 GeV: n=70 Mean=0.800336 Std=0.203329 RMS90=0.165786
Pretraining energy response by particle species:
  Neutron: n=11095 Mean=0.920741 Std=0.124626 RMS90=0.077505
  K0: n=11257 Mean=0.972990 Std=0.153525 RMS90=0.079493
  Photon: n=6167 Mean=0.991907 Std=0.117445 RMS90=0.042927
  Pion: n=13008 Mean=1.477029 Std=0.920752 RMS90=0.751975
  Electron: n=782 Mean=1.749466 Std=1.058873 RMS90=0.923164
  Muon: n=1998 Mean=1.514760 Std=1.082222 RMS90=0.652998
Returning 3.4135663509368896
Training epoch 43
[5.84852552e-01 2.54183411e-01 3.69997130e+00 5.87266782e-02
 2.26684841e-01 3.87069837e-08 1.49223433e+00 4.79782785e-02
 2.47010343e+00 1.27638886e-08 2.28178921e-01 1.28004168e-01
 1.85141543e+00 1.14137198e-01 1.84548819e-01 1.25425609e-01
 1.73912041e+00 1.19475533e-01 3.46007520e+00 9.36590416e-02
 2.48195745e-01 3.37163853e-02 1.20854519e-01 3.09084883e-09
 2.36281400e-01 5.10011970e-03 1.72925169e-01 3.65800926e-09
 1.37573944e-02 5.24642133e-02 6.03551869e-02 1.46648166e-02
 8.97269126e-03 2.78411155e-02 6.33589780e-02 1.39022660e-02
 1.45286046e-01 8.72115521e-03 3.22860082e-02 4.02089618e-02
 1.78286953e-03 2.54975609e-10 4.74450818e-02 1.84677599e-02
 3.96044959e-02 1.77065610e-09 3.62264128e-03 2.39226865e-02
 6.55363504e-03 3.62227122e-03 5.06724248e-04 4.10996859e-03
 2.04518879e-03 8.13982641e-04 1.32482307e-02 8.21639202e-04
 1.72666889e-02 1.50981006e-02 7.56876547e-05 7.48385310e-12
 5.19201813e-04 2.58923385e-05 6.70270813e-04 1.67187937e-11
 9.43420794e-05 3.73379825e-04 2.41835296e-04 9.06396120e-05
 2.79293758e-05 1.29268042e-04 1.32987766e-04 4.16529842e-05
 4.10991735e-04 3.49232727e-05 1.81909058e-02 1.39416081e-02
 3.35590260e-05 1.35824475e-06 2.57262591e-06 1.53150190e-06
 2.33161847e-05 7.96224934e-07 1.35540143e-06 1.19831708e-06
 1.02368988e-05 4.55289250e-07 8.80146971e-07 7.26932102e-07
 1.52278229e-05 4.38849685e-07 2.09983117e-06 2.44277785e-06
 1.30838726e+00 2.83073667e-02 6.65064451e-02 4.41126841e-02
 5.82532488e-01 3.63110073e-02 4.82844963e-02 4.92320511e-02
 5.30649599e-01 3.59113965e-02 7.32956949e-02 9.77032055e-02
 8.63421916e-01 5.24226757e-02 1.89250928e-01 1.99179906e-01
 9.80069537e-01 3.63201428e-02 6.08507985e-02 3.58511836e-02
 6.57856302e-01 3.44890893e-02 4.85543041e-02 3.11105509e-02
 5.90890185e-01 2.80228139e-02 6.73339160e-02 5.37615297e-02
 8.07068307e-01 4.37892015e-02 2.13136886e-01 2.94058538e-01
 2.99778390e-05 2.55586048e-06 4.60448119e-05 3.02261919e-06
 1.28593240e-04 9.45560637e-07 8.84884447e-01 5.52800545e-02
 8.34971410e-01 2.63128711e-02 1.75790702e+00 2.73377634e-02
 1.76785804e+00 2.27215627e-01 2.33988194e+00 4.26273977e-01
 5.02214877e+00 1.02170215e+00]
train  L_V                   = +0.0000 (0.0%)
 train    L_V_attractive      = +0.0000 (0.0%)
 train      L_V_attractive_charged      = +0.0000 (0.0%)
 train      L_V_attractive_neutral      = +0.0000 (0.0%)
 train    L_V_repulsive       = +0.0000 (0.0%)
 train      L_V_repulsive_charged       = +0.0000 (0.0%)
 train      L_V_repulsive_neutral       = +0.0000 (0.0%)
 train    L_charged_cluster   = +0.0000 (0.0%)
 train  L_beta              = -0.3339 (-14.2%)
 train    L_beta_noise        = +0.0000 (0.0%)
 train    L_beta_sig          = -0.9956 (-42.4%)
 train    L_beta_suppress     = +0.0000 (0.0%)
 train    L_beta_track        = +0.6617 (28.2%)
 train      L_beta_norms_term   = -0.9956 (-42.4%)
 train      L_beta_logbeta_term = +0.0000 (0.0%)
 train  L_E   = +2.6834 (114.2%)
 train    L_E_charge = +0.0000 (0.0%)
 train    L_E_cond = +1.3905 (59.2%)
 train    L_E_cluster = +1.2928 (55.0%)
 train    L_E_w_photon   = +0.0000 (0.0%)
 train    L_E_w_charged_hadron   = +0.0000 (0.0%)
 train    L_E_w_neutral_hadron   = +0.0000 (0.0%)
 train    L_E_w_muon     = +0.0000 (0.0%)
 train    L_E_w_electron = +0.0000 (0.0%)
learning rate :  [0.00039890465297888624, 0.00039563061276672447, 0.000390213750433216, 0.00038271341425563806, 0.0003732117794866986, 0.00036181294802527074, 0.000348641807854205, 0.0003338426647414537, 0.00031760148556057003, 0.00030002500000000004, 0.0002813769917830063, 0.00026183794802527076, 0.00024162194257901096, 0.00022095046623036733, 0.00020005, 0.00017914953376963274, 0.00015847805742098906, 0.0001382620519747293, 0.00011872300821699378, 0.00010007500000000005, 8.252233880412002e-05, 6.625733525854636e-05, 5.1458192145795003e-05, 3.8287051974729284e-05, 2.688822051330148e-05, 1.7386585744361935e-05, 9.886249566784053e-06, 4.469387233275552e-06, 1.1953470211137557e-06, 1.0000216881466588e-07, 0.0003990946109184883, 0.0003963866430176782, 0.0003919006200742188, 0.0003856771682065637, 0.00037777264795855195, 0.0003682586438895947, 0.00035722131629382036, 0.00034476062091910877, 0.0003309894037523598, 0.00031603237906876113, 0.00030002500000000004, 0.0002831122318497272, 0.00026544723926531853, 0.00024718999915511003]
train loss :  3.3495163917541504
test   L_V                   = +0.0000 (0.0%)
    L_V_attractive      = +0.0000 (0.0%)
      L_V_attractive_charged      = +0.0000 (0.0%)
      L_V_attractive_neutral      = +0.0000 (0.0%)
    L_V_repulsive       = +0.0000 (0.0%)
      L_V_repulsive_charged       = +0.0000 (0.0%)
      L_V_repulsive_neutral       = +0.0000 (0.0%)
    L_charged_cluster   = +0.0000 (0.0%)
  L_beta              = -0.3584 (-13.8%)
    L_beta_noise        = +0.0000 (0.0%)
    L_beta_sig          = -0.9954 (-38.3%)
    L_beta_suppress     = +0.0000 (0.0%)
    L_beta_track        = +0.6370 (24.5%)
      L_beta_norms_term   = -0.9954 (-38.3%)
      L_beta_logbeta_term = +0.0000 (0.0%)
  L_E   = +2.9587 (113.8%)
    L_E_charge = +0.0000 (0.0%)
    L_E_cond = +1.6824 (64.7%)
    L_E_cluster = +1.2763 (49.1%)
    L_E_w_photon   = +0.0000 (0.0%)
    L_E_w_charged_hadron   = +0.0000 (0.0%)
    L_E_w_neutral_hadron   = +0.0000 (0.0%)
    L_E_w_muon     = +0.0000 (0.0%)
    L_E_w_electron = +0.0000 (0.0%)
Epoch 43
Pretraining energy response (E_pred / E_true) by true-energy bin:
  1-50 GeV: n=22369 Mean=1.380365 Std=0.704646 RMS90=0.394658
  50-150 GeV: n=21867 Mean=0.843688 Std=0.256501 RMS90=0.216361
  >150 GeV: n=70 Mean=0.801780 Std=0.198708 RMS90=0.170517
Pretraining energy response by particle species:
  Neutron: n=11095 Mean=0.964110 Std=0.133289 RMS90=0.080550
  K0: n=11257 Mean=1.019276 Std=0.152506 RMS90=0.084923
  Photon: n=6167 Mean=1.017093 Std=0.074750 RMS90=0.044950
  Pion: n=13008 Mean=1.276306 Std=0.888987 RMS90=0.653372
  Electron: n=782 Mean=1.468255 Std=1.021315 RMS90=0.847125
  Muon: n=1998 Mean=1.597068 Std=1.191465 RMS90=0.791799
Returning 3.600292205810547
Training epoch 44
[5.85485689e-01 2.48829882e-01 3.84339767e+00 5.79977523e-02
 2.17580170e-01 3.56163141e-08 1.50167116e+00 4.73245534e-02
 2.49681234e+00 1.24191369e-08 2.33412673e-01 1.30102654e-01
 1.90739997e+00 1.14069627e-01 1.88436448e-01 1.24644632e-01
 1.76271605e+00 1.18630905e-01 3.46563524e+00 9.05234434e-02
 2.47696472e-01 3.27990774e-02 9.90078309e-02 2.47198452e-09
 2.26452942e-01 4.73401355e-03 1.64265440e-01 3.62827089e-09
 1.30297178e-02 4.98255767e-02 5.03232356e-02 1.42160284e-02
 7.15126407e-03 2.50355345e-02 5.35891149e-02 1.21967014e-02
 1.22834276e-01 7.81235091e-03 3.42437295e-02 1.63904771e-02
 9.93759732e-04 3.28486093e-10 7.17261041e-02 1.65425503e-03
 4.22177211e-02 1.06714794e-09 2.93168359e-03 1.59466795e-02
 5.97277290e-03 2.43296870e-03 3.86907083e-04 2.60193606e-03
 1.65815626e-03 5.73750038e-04 1.00365283e-02 6.55165728e-04
 1.86759283e-02 1.49011507e-02 1.39293929e-05 2.42427399e-12
 8.06121246e-05 5.81097897e-06 1.24951946e-04 8.64117053e-11
 1.24683156e-05 4.59461157e-05 5.80942016e-05 1.36438122e-05
 6.50037291e-06 1.94654660e-05 5.43669364e-05 1.13252312e-05
 2.86994629e-04 1.80482939e-05 1.92962224e-02 1.38676831e-02
 1.22278971e-04 5.34647505e-06 4.65067129e-06 2.37641095e-06
 1.56703119e-05 8.83024270e-07 1.06671153e-06 1.36097882e-06
 1.14932126e-05 6.39514609e-07 1.54485196e-06 1.13672737e-06
 2.97988480e-05 8.93788099e-07 1.16605648e-04 1.26322642e-04
 1.32562525e+00 2.81565554e-02 6.71810473e-02 4.31265427e-02
 5.81857974e-01 3.54094719e-02 4.82564397e-02 5.06490181e-02
 5.34178766e-01 3.61542901e-02 7.51003040e-02 1.02146845e-01
 8.65933233e-01 5.28438980e-02 1.93699013e-01 1.99086204e-01
 1.01863856e+00 3.60949702e-02 6.02168647e-02 3.42844459e-02
 6.43810777e-01 3.19757467e-02 4.64791159e-02 3.02680178e-02
 5.70584792e-01 2.69732115e-02 6.64052685e-02 5.33201726e-02
 7.85277210e-01 4.34016060e-02 2.07527691e-01 2.82217939e-01
 2.01908757e-03 2.13651077e-04 1.12466682e-02 4.85691901e-04
 2.37692493e-02 4.12630666e-07 8.88837164e-01 5.63521649e-02
 8.52856272e-01 2.76613310e-02 1.83213426e+00 2.88197821e-02
 1.75656080e+00 2.19077225e-01 2.28435521e+00 4.13762137e-01
 4.82460083e+00 9.89271733e-01]
train  L_V                   = +0.0010 (0.0%)
 train    L_V_attractive      = +0.0010 (0.0%)
 train      L_V_attractive_charged      = +0.0001 (0.0%)
 train      L_V_attractive_neutral      = +0.0010 (0.0%)
 train    L_V_repulsive       = +0.0000 (0.0%)
 train      L_V_repulsive_charged       = +0.0000 (0.0%)
 train      L_V_repulsive_neutral       = +0.0000 (0.0%)
 train    L_charged_cluster   = +0.0000 (0.0%)
 train  L_beta              = -0.3331 (-14.2%)
 train    L_beta_noise        = +0.0000 (0.0%)
 train    L_beta_sig          = -0.9954 (-42.5%)
 train    L_beta_suppress     = +0.0000 (0.0%)
 train    L_beta_track        = +0.6624 (28.3%)
 train      L_beta_norms_term   = -0.9954 (-42.5%)
 train      L_beta_logbeta_term = +0.0000 (0.0%)
 train  L_E   = +2.6745 (114.2%)
 train    L_E_charge = +0.0000 (0.0%)
 train    L_E_cond = +1.3849 (59.1%)
 train    L_E_cluster = +1.2896 (55.1%)
 train    L_E_w_photon   = +0.0000 (0.0%)
 train    L_E_w_charged_hadron   = +0.0000 (0.0%)
 train    L_E_w_neutral_hadron   = +0.0000 (0.0%)
 train    L_E_w_muon     = +0.0000 (0.0%)
 train    L_E_w_electron = +0.0000 (0.0%)
learning rate :  [0.00039890465297888624, 0.00039563061276672447, 0.000390213750433216, 0.00038271341425563806, 0.0003732117794866986, 0.00036181294802527074, 0.000348641807854205, 0.0003338426647414537, 0.00031760148556057003, 0.00030002500000000004, 0.0002813769917830063, 0.00026183794802527076, 0.00024162194257901096, 0.00022095046623036733, 0.00020005, 0.00017914953376963274, 0.00015847805742098906, 0.0001382620519747293, 0.00011872300821699378, 0.00010007500000000005, 8.252233880412002e-05, 6.625733525854636e-05, 5.1458192145795003e-05, 3.8287051974729284e-05, 2.688822051330148e-05, 1.7386585744361935e-05, 9.886249566784053e-06, 4.469387233275552e-06, 1.1953470211137557e-06, 1.0000216881466588e-07, 0.0003990946109184883, 0.0003963866430176782, 0.0003919006200742188, 0.0003856771682065637, 0.00037777264795855195, 0.0003682586438895947, 0.00035722131629382036, 0.00034476062091910877, 0.0003309894037523598, 0.00031603237906876113, 0.00030002500000000004, 0.0002831122318497272, 0.00026544723926531853, 0.00024718999915511003, 0.00022850585191274341]
train loss :  3.3425161838531494
test   L_V                   = +0.0000 (0.0%)
    L_V_attractive      = +0.0000 (0.0%)
      L_V_attractive_charged      = +0.0000 (0.0%)
      L_V_attractive_neutral      = +0.0000 (0.0%)
    L_V_repulsive       = +0.0000 (0.0%)
      L_V_repulsive_charged       = +0.0000 (0.0%)
      L_V_repulsive_neutral       = +0.0000 (0.0%)
    L_charged_cluster   = +0.0000 (0.0%)
  L_beta              = -0.3584 (-10.1%)
    L_beta_noise        = +0.0000 (0.0%)
    L_beta_sig          = -0.9954 (-28.1%)
    L_beta_suppress     = +0.0000 (0.0%)
    L_beta_track        = +0.6370 (18.0%)
      L_beta_norms_term   = -0.9954 (-28.1%)
      L_beta_logbeta_term = +0.0000 (0.0%)
  L_E   = +3.8989 (110.1%)
    L_E_charge = +0.0000 (0.0%)
    L_E_cond = +2.2978 (64.9%)
    L_E_cluster = +1.6011 (45.2%)
    L_E_w_photon   = +0.0000 (0.0%)
    L_E_w_charged_hadron   = +0.0000 (0.0%)
    L_E_w_neutral_hadron   = +0.0000 (0.0%)
    L_E_w_muon     = +0.0000 (0.0%)
    L_E_w_electron = +0.0000 (0.0%)
Epoch 44
Pretraining energy response (E_pred / E_true) by true-energy bin:
  1-50 GeV: n=22369 Mean=1.130453 Std=0.505024 RMS90=0.309239
  50-150 GeV: n=21867 Mean=0.833298 Std=0.287584 RMS90=0.212311
  >150 GeV: n=70 Mean=0.800783 Std=0.211650 RMS90=0.186985
Pretraining energy response by particle species:
  Neutron: n=11095 Mean=0.853533 Std=0.129634 RMS90=0.088349
  K0: n=11257 Mean=0.901517 Std=0.143719 RMS90=0.081911
  Photon: n=6167 Mean=0.919572 Std=0.085407 RMS90=0.057315
  Pion: n=13008 Mean=1.145057 Std=0.691047 RMS90=0.540228
  Electron: n=782 Mean=1.169234 Std=0.724448 RMS90=0.598433
  Muon: n=1998 Mean=1.235303 Std=0.560872 RMS90=0.435321
Returning 4.540471076965332
Training epoch 45
[5.98060864e-01 2.68233061e-01 3.92667672e+00 6.29838672e-02
 2.20410355e-01 3.98530872e-08 1.61260996e+00 5.16160464e-02
 2.53004944e+00 1.31324813e-08 2.39004646e-01 1.37137637e-01
 1.91669336e+00 1.18980833e-01 1.95097710e-01 1.28213610e-01
 1.79163923e+00 1.22065570e-01 3.56600764e+00 9.34128821e-02
 2.51507330e-01 3.58624207e-02 1.00057613e-01 3.34466061e-09
 2.12413714e-01 6.77389207e-03 1.62743419e-01 3.28751010e-09
 1.21275072e-02 5.05057382e-02 4.85194849e-02 1.49435039e-02
 7.24522946e-03 2.65545755e-02 5.39995495e-02 1.25007466e-02
 1.14275650e-01 7.14982765e-03 3.34168764e-02 1.91695110e-02
 1.22573297e-03 4.19830538e-10 6.09823700e-02 3.67299108e-03
 3.54181904e-02 1.10464563e-09 2.62361773e-03 1.67869315e-02
 5.20966222e-03 2.55647250e-03 3.70294020e-04 2.83902872e-03
 1.65453295e-03 6.24453533e-04 1.13856963e-02 7.09745662e-04
 1.82256357e-02 1.56995546e-02 2.79144857e-05 1.22429886e-12
 1.26762237e-04 8.04275379e-06 1.58994605e-04 5.70022266e-12
 2.17168791e-05 8.89496855e-05 6.83473487e-05 2.30474577e-05
 7.32423903e-06 3.22787402e-05 5.18308456e-05 1.45483445e-05
 2.18385330e-04 1.73779663e-05 1.84354807e-02 1.43261000e-02
 1.17144088e-03 1.01660475e-05 3.97214882e-05 5.91873746e-06
 2.78008618e-04 6.28808458e-06 1.40004105e-05 5.37405995e-06
 6.66513175e-05 2.60168682e-06 6.20843874e-06 5.11983381e-06
 8.31962524e-05 2.47904503e-06 9.66312759e-06 1.06111574e-05
 1.29789225e+00 2.85846377e-02 6.95830296e-02 4.59934513e-02
 5.96327388e-01 3.77630787e-02 4.97988474e-02 5.06464185e-02
 5.44351817e-01 3.69671797e-02 7.57738081e-02 1.00390583e-01
 8.83283319e-01 5.33137255e-02 1.92883301e-01 2.03296839e-01
 9.68071288e-01 3.73934246e-02 5.83200351e-02 3.29063374e-02
 6.20859847e-01 3.13209779e-02 4.65714712e-02 2.91789904e-02
 5.53442793e-01 2.62018869e-02 6.52904972e-02 5.15726949e-02
 7.56579814e-01 4.17114420e-02 2.02122414e-01 2.75691316e-01
 1.51563818e-04 1.47122539e-05 1.72128577e-04 7.16190837e-06
 4.46131201e-04 1.70242266e-06 8.87023602e-01 5.68019456e-02
 8.21416376e-01 2.77072964e-02 1.76989047e+00 2.86919743e-02
 1.65488564e+00 2.12315182e-01 2.18502415e+00 4.03866671e-01
 4.73198446e+00 9.76373299e-01]
train  L_V                   = +0.0001 (0.0%)
 train    L_V_attractive      = +0.0001 (0.0%)
 train      L_V_attractive_charged      = +0.0000 (0.0%)
 train      L_V_attractive_neutral      = +0.0001 (0.0%)
 train    L_V_repulsive       = +0.0000 (0.0%)
 train      L_V_repulsive_charged       = +0.0000 (0.0%)
 train      L_V_repulsive_neutral       = +0.0000 (0.0%)
 train    L_charged_cluster   = +0.0000 (0.0%)
 train  L_beta              = -0.3327 (-14.4%)
 train    L_beta_noise        = +0.0000 (0.0%)
 train    L_beta_sig          = -0.9956 (-43.2%)
 train    L_beta_suppress     = +0.0000 (0.0%)
 train    L_beta_track        = +0.6629 (28.8%)
 train      L_beta_norms_term   = -0.9956 (-43.2%)
 train      L_beta_logbeta_term = +0.0000 (0.0%)
 train  L_E   = +2.6370 (114.4%)
 train    L_E_charge = +0.0000 (0.0%)
 train    L_E_cond = +1.3681 (59.4%)
 train    L_E_cluster = +1.2688 (55.1%)
 train    L_E_w_photon   = +0.0000 (0.0%)
 train    L_E_w_charged_hadron   = +0.0000 (0.0%)
 train    L_E_w_neutral_hadron   = +0.0000 (0.0%)
 train    L_E_w_muon     = +0.0000 (0.0%)
 train    L_E_w_electron = +0.0000 (0.0%)
learning rate :  [0.00039890465297888624, 0.00039563061276672447, 0.000390213750433216, 0.00038271341425563806, 0.0003732117794866986, 0.00036181294802527074, 0.000348641807854205, 0.0003338426647414537, 0.00031760148556057003, 0.00030002500000000004, 0.0002813769917830063, 0.00026183794802527076, 0.00024162194257901096, 0.00022095046623036733, 0.00020005, 0.00017914953376963274, 0.00015847805742098906, 0.0001382620519747293, 0.00011872300821699378, 0.00010007500000000005, 8.252233880412002e-05, 6.625733525854636e-05, 5.1458192145795003e-05, 3.8287051974729284e-05, 2.688822051330148e-05, 1.7386585744361935e-05, 9.886249566784053e-06, 4.469387233275552e-06, 1.1953470211137557e-06, 1.0000216881466588e-07, 0.0003990946109184883, 0.0003963866430176782, 0.0003919006200742188, 0.0003856771682065637, 0.00037777264795855195, 0.0003682586438895947, 0.00035722131629382036, 0.00034476062091910877, 0.0003309894037523598, 0.00031603237906876113, 0.00030002500000000004, 0.0002831122318497272, 0.00026544723926531853, 0.00024718999915511003, 0.00022850585191274341, 0.00020956400406895733]
train loss :  3.3043324947357178
test   L_V                   = +0.0000 (0.0%)
    L_V_attractive      = +0.0000 (0.0%)
      L_V_attractive_charged      = +0.0000 (0.0%)
      L_V_attractive_neutral      = +0.0000 (0.0%)
    L_V_repulsive       = +0.0000 (0.0%)
      L_V_repulsive_charged       = +0.0000 (0.0%)
      L_V_repulsive_neutral       = +0.0000 (0.0%)
    L_charged_cluster   = +0.0000 (0.0%)
  L_beta              = -0.3584 (-14.9%)
    L_beta_noise        = +0.0000 (0.0%)
    L_beta_sig          = -0.9954 (-41.3%)
    L_beta_suppress     = +0.0000 (0.0%)
    L_beta_track        = +0.6370 (26.4%)
      L_beta_norms_term   = -0.9954 (-41.3%)
      L_beta_logbeta_term = +0.0000 (0.0%)
  L_E   = +2.7699 (114.9%)
    L_E_charge = +0.0000 (0.0%)
    L_E_cond = +1.5297 (63.4%)
    L_E_cluster = +1.2402 (51.4%)
    L_E_w_photon   = +0.0000 (0.0%)
    L_E_w_charged_hadron   = +0.0000 (0.0%)
    L_E_w_neutral_hadron   = +0.0000 (0.0%)
    L_E_w_muon     = +0.0000 (0.0%)
    L_E_w_electron = +0.0000 (0.0%)
Epoch 45
Pretraining energy response (E_pred / E_true) by true-energy bin:
  1-50 GeV: n=22369 Mean=1.766848 Std=1.610444 RMS90=0.668417
  50-150 GeV: n=21867 Mean=0.873539 Std=0.291674 RMS90=0.225786
  >150 GeV: n=70 Mean=0.829421 Std=0.224933 RMS90=0.185004
Pretraining energy response by particle species:
  Neutron: n=11095 Mean=0.984367 Std=0.134589 RMS90=0.080979
  K0: n=11257 Mean=1.038540 Std=0.156734 RMS90=0.085673
  Photon: n=6167 Mean=1.034517 Std=0.075038 RMS90=0.044869
  Pion: n=13008 Mean=1.759614 Std=1.688317 RMS90=0.988652
  Electron: n=782 Mean=2.467698 Std=2.519983 RMS90=1.424649
  Muon: n=1998 Mean=2.438886 Std=2.957384 RMS90=1.199599
Returning 3.4114174842834473
Training epoch 46
[6.26733312e-01 2.66628761e-01 4.00675624e+00 6.17341842e-02
 2.34676656e-01 4.80990853e-08 1.61699320e+00 5.08250736e-02
 2.54821081e+00 1.34127794e-08 2.43895046e-01 1.35330728e-01
 1.94597785e+00 1.18307033e-01 1.94659207e-01 1.26252491e-01
 1.76792388e+00 1.19898938e-01 3.45707221e+00 9.22356200e-02
 2.44244855e-01 3.69979812e-02 1.60824839e-01 7.21822660e-09
 2.59651340e-01 8.12362421e-03 1.89223984e-01 4.28596396e-09
 1.44440895e-02 5.70215702e-02 5.63874117e-02 1.55396246e-02
 7.79659735e-03 2.63601976e-02 5.87101213e-02 1.24201351e-02
 1.17748226e-01 7.39438419e-03 3.76306780e-02 1.66767549e-02
 1.62777303e-03 6.47288538e-10 7.63642867e-02 1.75527066e-03
 4.68379838e-02 1.23824265e-09 2.92924764e-03 1.65966342e-02
 5.76520157e-03 2.53767058e-03 3.68664174e-04 2.62118399e-03
 1.49028612e-03 5.79933165e-04 1.11718184e-02 7.06845564e-04
 2.09321819e-02 1.51896527e-02 7.86794296e-06 6.53155710e-13
 8.49884205e-05 9.23835775e-06 9.15300527e-05 2.96934669e-12
 1.09311065e-05 4.07090683e-05 5.13614561e-05 1.26738707e-05
 5.66156634e-06 1.72776620e-05 5.27439227e-05 1.01905838e-05
 2.28445716e-04 1.53361629e-05 2.13122521e-02 1.41872613e-02
 3.41664839e-05 1.74178852e-06 4.09356222e-06 1.92308751e-06
 2.52198987e-05 9.61413678e-07 1.81309851e-06 1.11127873e-06
 9.09993106e-06 3.89170072e-07 8.21504998e-07 9.51428197e-07
 9.14093484e-06 3.25155474e-07 1.44229193e-06 1.94686589e-06
 1.29108216e+00 2.83256330e-02 6.79025821e-02 4.23200525e-02
 5.98924998e-01 3.51500045e-02 5.04227963e-02 4.99393177e-02
 5.60707561e-01 3.79761199e-02 7.62377843e-02 9.49265737e-02
 8.80164041e-01 5.22454900e-02 1.85900700e-01 1.93761289e-01
 1.00355315e+00 3.69028789e-02 6.00200192e-02 3.24159690e-02
 6.19598981e-01 2.96678431e-02 4.52637714e-02 2.85345532e-02
 5.40411904e-01 2.56006315e-02 6.36228503e-02 5.11124452e-02
 7.36714271e-01 4.13864961e-02 2.03730021e-01 2.76775027e-01
 1.90338739e-05 2.02910231e-06 2.64590418e-05 1.79414794e-06
 8.17893298e-05 5.62365780e-07 8.58705646e-01 5.39694746e-02
 7.67873894e-01 2.58272903e-02 1.65152994e+00 2.65570860e-02
 1.67482165e+00 2.13909502e-01 2.23322218e+00 4.08575245e-01
 4.81474830e+00 9.87972944e-01]
train  L_V                   = +0.0000 (0.0%)
 train    L_V_attractive      = +0.0000 (0.0%)
 train      L_V_attractive_charged      = +0.0000 (0.0%)
 train      L_V_attractive_neutral      = +0.0000 (0.0%)
 train    L_V_repulsive       = +0.0000 (0.0%)
 train      L_V_repulsive_charged       = +0.0000 (0.0%)
 train      L_V_repulsive_neutral       = +0.0000 (0.0%)
 train    L_charged_cluster   = +0.0000 (0.0%)
 train  L_beta              = -0.3333 (-14.6%)
 train    L_beta_noise        = +0.0000 (0.0%)
 train    L_beta_sig          = -0.9956 (-43.7%)
 train    L_beta_suppress     = +0.0000 (0.0%)
 train    L_beta_track        = +0.6623 (29.0%)
 train      L_beta_norms_term   = -0.9956 (-43.7%)
 train      L_beta_logbeta_term = +0.0000 (0.0%)
 train  L_E   = +2.6137 (114.6%)
 train    L_E_charge = +0.0000 (0.0%)
 train    L_E_cond = +1.3515 (59.3%)
 train    L_E_cluster = +1.2622 (55.3%)
 train    L_E_w_photon   = +0.0000 (0.0%)
 train    L_E_w_charged_hadron   = +0.0000 (0.0%)
 train    L_E_w_neutral_hadron   = +0.0000 (0.0%)
 train    L_E_w_muon     = +0.0000 (0.0%)
 train    L_E_w_electron = +0.0000 (0.0%)
learning rate :  [0.00039890465297888624, 0.00039563061276672447, 0.000390213750433216, 0.00038271341425563806, 0.0003732117794866986, 0.00036181294802527074, 0.000348641807854205, 0.0003338426647414537, 0.00031760148556057003, 0.00030002500000000004, 0.0002813769917830063, 0.00026183794802527076, 0.00024162194257901096, 0.00022095046623036733, 0.00020005, 0.00017914953376963274, 0.00015847805742098906, 0.0001382620519747293, 0.00011872300821699378, 0.00010007500000000005, 8.252233880412002e-05, 6.625733525854636e-05, 5.1458192145795003e-05, 3.8287051974729284e-05, 2.688822051330148e-05, 1.7386585744361935e-05, 9.886249566784053e-06, 4.469387233275552e-06, 1.1953470211137557e-06, 1.0000216881466588e-07, 0.0003990946109184883, 0.0003963866430176782, 0.0003919006200742188, 0.0003856771682065637, 0.00037777264795855195, 0.0003682586438895947, 0.00035722131629382036, 0.00034476062091910877, 0.0003309894037523598, 0.00031603237906876113, 0.00030002500000000004, 0.0002831122318497272, 0.00026544723926531853, 0.00024718999915511003, 0.00022850585191274341, 0.00020956400406895733, 0.00019053599593104275]
train loss :  3.280498504638672
test   L_V                   = +0.0000 (0.0%)
    L_V_attractive      = +0.0000 (0.0%)
      L_V_attractive_charged      = +0.0000 (0.0%)
      L_V_attractive_neutral      = +0.0000 (0.0%)
    L_V_repulsive       = +0.0000 (0.0%)
      L_V_repulsive_charged       = +0.0000 (0.0%)
      L_V_repulsive_neutral       = +0.0000 (0.0%)
    L_charged_cluster   = +0.0000 (0.0%)
  L_beta              = -0.3584 (-13.2%)
    L_beta_noise        = +0.0000 (0.0%)
    L_beta_sig          = -0.9954 (-36.7%)
    L_beta_suppress     = +0.0000 (0.0%)
    L_beta_track        = +0.6370 (23.5%)
      L_beta_norms_term   = -0.9954 (-36.7%)
      L_beta_logbeta_term = +0.0000 (0.0%)
  L_E   = +3.0683 (113.2%)
    L_E_charge = +0.0000 (0.0%)
    L_E_cond = +1.7079 (63.0%)
    L_E_cluster = +1.3604 (50.2%)
    L_E_w_photon   = +0.0000 (0.0%)
    L_E_w_charged_hadron   = +0.0000 (0.0%)
    L_E_w_neutral_hadron   = +0.0000 (0.0%)
    L_E_w_muon     = +0.0000 (0.0%)
    L_E_w_electron = +0.0000 (0.0%)
Epoch 46
Pretraining energy response (E_pred / E_true) by true-energy bin:
  1-50 GeV: n=22369 Mean=1.715345 Std=1.383601 RMS90=0.681348
  50-150 GeV: n=21867 Mean=0.865973 Std=0.310102 RMS90=0.216229
  >150 GeV: n=70 Mean=0.792680 Std=0.223023 RMS90=0.187659
Pretraining energy response by particle species:
  Neutron: n=11095 Mean=0.963442 Std=0.132520 RMS90=0.080923
  K0: n=11257 Mean=1.016234 Std=0.165417 RMS90=0.087771
  Photon: n=6167 Mean=1.014535 Std=0.145191 RMS90=0.059144
  Pion: n=13008 Mean=1.769938 Std=1.515991 RMS90=1.023150
  Electron: n=782 Mean=2.577999 Std=2.379679 RMS90=1.589759
  Muon: n=1998 Mean=1.972515 Std=2.265596 RMS90=0.881929
Returning 3.7098140716552734
Training epoch 47
[5.65507569e-01 2.71974378e-01 3.86311954e+00 6.34071297e-02
 2.21161009e-01 6.17317915e-08 1.63406598e+00 5.25921233e-02
 2.56893863e+00 1.50744580e-08 2.42546315e-01 1.38204404e-01
 1.98064779e+00 1.20659405e-01 1.98913526e-01 1.24590520e-01
 1.80890380e+00 1.20226228e-01 3.53826878e+00 9.05194992e-02
 2.62141412e-01 3.66031342e-02 1.53944621e-01 6.44564387e-09
 2.49148830e-01 8.69177658e-03 1.89913283e-01 3.81368608e-09
 1.41058882e-02 5.75635993e-02 5.55670863e-02 1.56718329e-02
 8.54758584e-03 2.74210756e-02 6.16119134e-02 1.26461759e-02
 1.12419290e-01 7.03159562e-03 2.62253581e-02 1.90364430e-02
 3.14187448e-03 6.81802855e-10 3.97394115e-02 3.93692837e-03
 2.74316414e-02 8.27746949e-10 1.78515868e-03 1.03743545e-02
 3.36441305e-03 1.57662683e-03 2.42380641e-04 1.71056516e-03
 1.02620056e-03 3.84796942e-04 8.67319217e-03 5.35281123e-04
 1.74376162e-02 1.58090922e-02 9.29337394e-06 9.86110541e-13
 1.15871047e-04 1.68642750e-05 1.72948417e-04 4.92585334e-12
 4.11201111e-05 6.08164741e-05 2.75649003e-04 3.11985803e-05
 3.31243305e-05 6.25362342e-05 3.44559711e-04 4.94897706e-05
 1.72506881e-03 9.28625762e-05 1.78267757e-02 1.45611052e-02
 7.75490946e-05 3.12417059e-06 5.71979586e-06 2.92952247e-06
 3.60281323e-05 1.51797742e-06 2.57697498e-06 2.09619543e-06
 2.30078135e-05 1.54187770e-06 4.29073497e-06 2.33543437e-06
 7.67630200e-05 1.66096402e-06 5.77427707e-06 3.68474692e-06
 1.28814690e+00 2.69856680e-02 6.89402626e-02 4.42660823e-02
 5.71359145e-01 3.63248093e-02 5.01811458e-02 5.27075545e-02
 5.23255088e-01 3.70637381e-02 7.27770065e-02 1.00259777e-01
 8.44958996e-01 5.23385639e-02 1.83483929e-01 1.88845947e-01
 9.43650955e-01 3.99965790e-02 5.93565366e-02 3.20752825e-02
 6.17644551e-01 3.06407663e-02 4.58234889e-02 2.85171211e-02
 5.50910789e-01 2.55142178e-02 6.65742541e-02 5.12871269e-02
 7.53796592e-01 4.09286968e-02 2.09103345e-01 2.83833332e-01
 7.86464920e-05 4.18275922e-06 7.84273257e-05 6.24501433e-06
 2.84198057e-04 2.15251743e-06 8.69511240e-01 5.13047681e-02
 8.10191716e-01 2.53037799e-02 1.69197121e+00 2.59825354e-02
 1.69317764e+00 2.17888576e-01 2.24983821e+00 4.17133779e-01
 4.92872521e+00 1.01385284e+00]
train  L_V                   = +0.0000 (0.0%)
 train    L_V_attractive      = +0.0000 (0.0%)
 train      L_V_attractive_charged      = +0.0000 (0.0%)
 train      L_V_attractive_neutral      = +0.0000 (0.0%)
 train    L_V_repulsive       = +0.0000 (0.0%)
 train      L_V_repulsive_charged       = +0.0000 (0.0%)
 train      L_V_repulsive_neutral       = +0.0000 (0.0%)
 train    L_charged_cluster   = +0.0000 (0.0%)
 train  L_beta              = -0.3334 (-14.8%)
 train    L_beta_noise        = +0.0000 (0.0%)
 train    L_beta_sig          = -0.9956 (-44.2%)
 train    L_beta_suppress     = +0.0000 (0.0%)
 train    L_beta_track        = +0.6621 (29.4%)
 train      L_beta_norms_term   = -0.9956 (-44.2%)
 train      L_beta_logbeta_term = +0.0000 (0.0%)
 train  L_E   = +2.5847 (114.8%)
 train    L_E_charge = +0.0000 (0.0%)
 train    L_E_cond = +1.3351 (59.3%)
 train    L_E_cluster = +1.2496 (55.5%)
 train    L_E_w_photon   = +0.0000 (0.0%)
 train    L_E_w_charged_hadron   = +0.0000 (0.0%)
 train    L_E_w_neutral_hadron   = +0.0000 (0.0%)
 train    L_E_w_muon     = +0.0000 (0.0%)
 train    L_E_w_electron = +0.0000 (0.0%)
learning rate :  [0.00039890465297888624, 0.00039563061276672447, 0.000390213750433216, 0.00038271341425563806, 0.0003732117794866986, 0.00036181294802527074, 0.000348641807854205, 0.0003338426647414537, 0.00031760148556057003, 0.00030002500000000004, 0.0002813769917830063, 0.00026183794802527076, 0.00024162194257901096, 0.00022095046623036733, 0.00020005, 0.00017914953376963274, 0.00015847805742098906, 0.0001382620519747293, 0.00011872300821699378, 0.00010007500000000005, 8.252233880412002e-05, 6.625733525854636e-05, 5.1458192145795003e-05, 3.8287051974729284e-05, 2.688822051330148e-05, 1.7386585744361935e-05, 9.886249566784053e-06, 4.469387233275552e-06, 1.1953470211137557e-06, 1.0000216881466588e-07, 0.0003990946109184883, 0.0003963866430176782, 0.0003919006200742188, 0.0003856771682065637, 0.00037777264795855195, 0.0003682586438895947, 0.00035722131629382036, 0.00034476062091910877, 0.0003309894037523598, 0.00031603237906876113, 0.00030002500000000004, 0.0002831122318497272, 0.00026544723926531853, 0.00024718999915511003, 0.00022850585191274341, 0.00020956400406895733, 0.00019053599593104275, 0.00017159414808725666]
train loss :  3.2512784004211426
test   L_V                   = +0.0000 (0.0%)
    L_V_attractive      = +0.0000 (0.0%)
      L_V_attractive_charged      = +0.0000 (0.0%)
      L_V_attractive_neutral      = +0.0000 (0.0%)
    L_V_repulsive       = +0.0000 (0.0%)
      L_V_repulsive_charged       = +0.0000 (0.0%)
      L_V_repulsive_neutral       = +0.0000 (0.0%)
    L_charged_cluster   = +0.0000 (0.0%)
  L_beta              = -0.3584 (-14.0%)
    L_beta_noise        = +0.0000 (0.0%)
    L_beta_sig          = -0.9954 (-38.9%)
    L_beta_suppress     = +0.0000 (0.0%)
    L_beta_track        = +0.6370 (24.9%)
      L_beta_norms_term   = -0.9954 (-38.9%)
      L_beta_logbeta_term = +0.0000 (0.0%)
  L_E   = +2.9146 (114.0%)
    L_E_charge = +0.0000 (0.0%)
    L_E_cond = +1.6855 (65.9%)
    L_E_cluster = +1.2291 (48.1%)
    L_E_w_photon   = +0.0000 (0.0%)
    L_E_w_charged_hadron   = +0.0000 (0.0%)
    L_E_w_neutral_hadron   = +0.0000 (0.0%)
    L_E_w_muon     = +0.0000 (0.0%)
    L_E_w_electron = +0.0000 (0.0%)
Epoch 47
Pretraining energy response (E_pred / E_true) by true-energy bin:
  1-50 GeV: n=22369 Mean=1.506978 Std=1.166714 RMS90=0.497752
  50-150 GeV: n=21867 Mean=0.859284 Std=0.222735 RMS90=0.179952
  >150 GeV: n=70 Mean=0.781894 Std=0.229656 RMS90=0.190711
Pretraining energy response by particle species:
  Neutron: n=11095 Mean=0.938786 Std=0.123084 RMS90=0.075918
  K0: n=11257 Mean=0.993752 Std=0.144851 RMS90=0.079922
  Photon: n=6167 Mean=1.007240 Std=0.079003 RMS90=0.042164
  Pion: n=13008 Mean=1.494131 Std=1.218201 RMS90=0.749414
  Electron: n=782 Mean=1.886586 Std=1.629045 RMS90=0.971743
  Muon: n=1998 Mean=1.917601 Std=2.280108 RMS90=0.841230
Returning 3.5561108589172363
Training epoch 48
[5.24561688e-01 2.56345887e-01 4.02297191e+00 6.03209562e-02
 2.25841791e-01 7.41855083e-08 1.62822693e+00 5.00335488e-02
 2.62029647e+00 1.75442020e-08 2.46775592e-01 1.42763205e-01
 2.08248624e+00 1.24617999e-01 2.11044727e-01 1.29122867e-01
 1.89519342e+00 1.24454437e-01 3.68413974e+00 9.25142905e-02
 2.71497352e-01 3.91260616e-02 1.47000766e-01 6.92636161e-09
 2.46833464e-01 1.10207642e-02 2.00168465e-01 3.46067146e-09
 1.48822768e-02 5.69521314e-02 5.70224314e-02 1.59330782e-02
 9.22971488e-03 2.79043263e-02 6.38089285e-02 1.24439418e-02
 1.04239762e-01 6.35225195e-03 2.47041899e-02 1.66783779e-02
 2.28216015e-03 4.03841966e-10 3.17770682e-02 1.33333928e-03
 2.10239970e-02 5.77796270e-10 1.25895413e-03 7.28774599e-03
 2.45004260e-03 1.11416905e-03 1.78599280e-04 1.19093119e-03
 8.35986898e-04 2.96960991e-04 7.66925323e-03 4.65014362e-04
 1.77880235e-02 1.54670462e-02 1.42051394e-05 9.94296056e-13
 1.21741379e-04 2.56444203e-05 2.26922637e-04 5.70487946e-12
 7.22015440e-05 5.69818627e-05 5.51816116e-04 4.39027984e-05
 6.95422289e-05 1.06687995e-04 7.22041771e-04 9.23129531e-05
 4.01247134e-03 1.98460746e-04 1.80997970e-02 1.41310765e-02
 1.34487462e-05 3.90927174e-07 8.36361016e-07 7.57897660e-07
 7.10272748e-06 3.29989348e-07 4.01944769e-07 3.82071299e-07
 4.39781421e-06 1.86273323e-07 4.90946904e-07 4.02624234e-07
 9.62758406e-06 2.66629792e-07 9.44783898e-07 9.98131984e-07
 1.31796243e+00 2.77036287e-02 7.17327329e-02 4.78314838e-02
 6.05385950e-01 4.01031367e-02 5.49240798e-02 5.78887922e-02
 5.69339856e-01 4.13801886e-02 8.00541650e-02 1.09728894e-01
 9.08721884e-01 5.59111699e-02 1.99437954e-01 2.00578447e-01
 9.50201467e-01 3.71277526e-02 6.10505369e-02 3.27552078e-02
 6.26165731e-01 3.17170590e-02 4.66467398e-02 2.81689666e-02
 5.48282789e-01 2.54940109e-02 6.58891691e-02 5.02747392e-02
 7.53448935e-01 4.10838922e-02 1.95318565e-01 2.62552084e-01
 1.40360153e-05 1.13962004e-06 1.53077307e-05 8.82369894e-07
 3.72851534e-05 2.82391887e-07 9.37229511e-01 5.46656037e-02
 8.87390479e-01 2.77023515e-02 1.86444708e+00 2.85595495e-02
 1.68061363e+00 2.03127570e-01 2.10929063e+00 3.81624975e-01
 4.43816484e+00 9.14037179e-01]
train  L_V                   = +0.0000 (0.0%)
 train    L_V_attractive      = +0.0000 (0.0%)
 train      L_V_attractive_charged      = +0.0000 (0.0%)
 train      L_V_attractive_neutral      = +0.0000 (0.0%)
 train    L_V_repulsive       = +0.0000 (0.0%)
 train      L_V_repulsive_charged       = +0.0000 (0.0%)
 train      L_V_repulsive_neutral       = +0.0000 (0.0%)
 train    L_charged_cluster   = +0.0000 (0.0%)
 train  L_beta              = -0.3334 (-14.9%)
 train    L_beta_noise        = +0.0000 (0.0%)
 train    L_beta_sig          = -0.9956 (-44.3%)
 train    L_beta_suppress     = +0.0000 (0.0%)
 train    L_beta_track        = +0.6621 (29.5%)
 train      L_beta_norms_term   = -0.9956 (-44.3%)
 train      L_beta_logbeta_term = +0.0000 (0.0%)
 train  L_E   = +2.5785 (114.9%)
 train    L_E_charge = +0.0000 (0.0%)
 train    L_E_cond = +1.3377 (59.6%)
 train    L_E_cluster = +1.2408 (55.3%)
 train    L_E_w_photon   = +0.0000 (0.0%)
 train    L_E_w_charged_hadron   = +0.0000 (0.0%)
 train    L_E_w_neutral_hadron   = +0.0000 (0.0%)
 train    L_E_w_muon     = +0.0000 (0.0%)
 train    L_E_w_electron = +0.0000 (0.0%)
learning rate :  [0.00039890465297888624, 0.00039563061276672447, 0.000390213750433216, 0.00038271341425563806, 0.0003732117794866986, 0.00036181294802527074, 0.000348641807854205, 0.0003338426647414537, 0.00031760148556057003, 0.00030002500000000004, 0.0002813769917830063, 0.00026183794802527076, 0.00024162194257901096, 0.00022095046623036733, 0.00020005, 0.00017914953376963274, 0.00015847805742098906, 0.0001382620519747293, 0.00011872300821699378, 0.00010007500000000005, 8.252233880412002e-05, 6.625733525854636e-05, 5.1458192145795003e-05, 3.8287051974729284e-05, 2.688822051330148e-05, 1.7386585744361935e-05, 9.886249566784053e-06, 4.469387233275552e-06, 1.1953470211137557e-06, 1.0000216881466588e-07, 0.0003990946109184883, 0.0003963866430176782, 0.0003919006200742188, 0.0003856771682065637, 0.00037777264795855195, 0.0003682586438895947, 0.00035722131629382036, 0.00034476062091910877, 0.0003309894037523598, 0.00031603237906876113, 0.00030002500000000004, 0.0002831122318497272, 0.00026544723926531853, 0.00024718999915511003, 0.00022850585191274341, 0.00020956400406895733, 0.00019053599593104275, 0.00017159414808725666, 0.00015291000084489]
train loss :  3.245059013366699
test   L_V                   = +0.0000 (0.0%)
    L_V_attractive      = +0.0000 (0.0%)
      L_V_attractive_charged      = +0.0000 (0.0%)
      L_V_attractive_neutral      = +0.0000 (0.0%)
    L_V_repulsive       = +0.0000 (0.0%)
      L_V_repulsive_charged       = +0.0000 (0.0%)
      L_V_repulsive_neutral       = +0.0000 (0.0%)
    L_charged_cluster   = +0.0000 (0.0%)
  L_beta              = -0.3584 (-15.3%)
    L_beta_noise        = +0.0000 (0.0%)
    L_beta_sig          = -0.9954 (-42.4%)
    L_beta_suppress     = +0.0000 (0.0%)
    L_beta_track        = +0.6370 (27.1%)
      L_beta_norms_term   = -0.9954 (-42.4%)
      L_beta_logbeta_term = +0.0000 (0.0%)
  L_E   = +2.7086 (115.3%)
    L_E_charge = +0.0000 (0.0%)
    L_E_cond = +1.4031 (59.7%)
    L_E_cluster = +1.3055 (55.6%)
    L_E_w_photon   = +0.0000 (0.0%)
    L_E_w_charged_hadron   = +0.0000 (0.0%)
    L_E_w_neutral_hadron   = +0.0000 (0.0%)
    L_E_w_muon     = +0.0000 (0.0%)
    L_E_w_electron = +0.0000 (0.0%)
Epoch 48
Pretraining energy response (E_pred / E_true) by true-energy bin:
  1-50 GeV: n=22369 Mean=1.743599 Std=2.004355 RMS90=0.491469
  50-150 GeV: n=21867 Mean=0.858227 Std=0.262381 RMS90=0.217408
  >150 GeV: n=70 Mean=0.877796 Std=0.113869 RMS90=0.084141
Pretraining energy response by particle species:
  Neutron: n=11095 Mean=0.991452 Std=0.130682 RMS90=0.082563
  K0: n=11257 Mean=1.048134 Std=0.169940 RMS90=0.092802
  Photon: n=6167 Mean=1.043530 Std=0.099115 RMS90=0.059510
  Pion: n=13008 Mean=1.681214 Std=2.128841 RMS90=0.859914
  Electron: n=782 Mean=2.408314 Std=3.245672 RMS90=1.733898
  Muon: n=1998 Mean=2.425576 Std=3.518324 RMS90=0.925648
Returning 3.350127696990967
Training epoch 49
[5.30930406e-01 2.54057300e-01 3.98448491e+00 6.01302719e-02
 2.31698120e-01 8.21085086e-08 1.64179656e+00 4.99972587e-02
 2.61393235e+00 1.78727585e-08 2.48798620e-01 1.33437895e-01
 2.11749316e+00 1.22518469e-01 2.03025662e-01 1.24316870e-01
 1.89358628e+00 1.23926612e-01 3.83597609e+00 9.27511837e-02
 2.71064055e-01 4.23761048e-02 1.43491677e-01 7.09663371e-09
 2.44133985e-01 1.47580145e-02 2.33711364e-01 3.63284939e-09
 1.63145255e-02 5.89101779e-02 5.79865324e-02 1.68019776e-02
 1.07738438e-02 3.08018461e-02 7.42944110e-02 1.37777408e-02
 1.23282164e-01 7.65918395e-03 2.82892020e-02 2.14659538e-02
 3.77243044e-03 7.80936257e-10 4.17804599e-02 6.13426307e-03
 3.59687690e-02 9.90968963e-10 2.18305117e-03 1.18896111e-02
 4.06178762e-03 1.81120675e-03 2.94213552e-04 1.93445457e-03
 1.18803068e-03 4.32845339e-04 9.64249491e-03 5.81336802e-04
 1.91182021e-02 1.47646699e-02 1.51281939e-04 3.99501496e-12
 3.93941719e-04 7.19711937e-05 7.20182496e-04 1.36554754e-11
 2.40301460e-04 1.61895461e-04 1.65096924e-03 1.12111650e-04
 1.81841048e-04 2.54337606e-04 1.90315498e-03 2.07270139e-04
 9.23115554e-03 4.20566730e-04 1.97216154e-02 1.35527382e-02
 8.80161233e-06 2.32304027e-07 5.16078668e-07 6.30770600e-07
 4.45324201e-06 2.36746441e-07 2.48468064e-07 2.16337417e-07
 2.20877837e-06 8.23441232e-08 1.84752154e-07 2.62909319e-07
 3.08577823e-06 1.15762017e-07 6.63585750e-07 9.33315538e-07
 1.38417534e+00 2.75099012e-02 7.22133328e-02 4.59342511e-02
 6.05690662e-01 3.81037453e-02 5.37909584e-02 5.85948203e-02
 5.59163606e-01 4.09795313e-02 7.86508151e-02 1.11054755e-01
 9.21650763e-01 5.62537144e-02 1.99240574e-01 1.97648980e-01
 9.50553092e-01 3.53643391e-02 5.81766118e-02 3.17801086e-02
 6.02137624e-01 2.98686298e-02 4.61130487e-02 2.72465160e-02
 5.23459936e-01 2.43053357e-02 6.27269583e-02 4.79725150e-02
 7.05283879e-01 3.90269573e-02 1.90261182e-01 2.56240318e-01
 7.43404201e-06 8.49634466e-07 1.41772687e-05 2.13477865e-06
 6.50323723e-05 7.09155652e-07 9.34754548e-01 5.35803748e-02
 8.79028488e-01 2.66697748e-02 1.83530110e+00 2.75192081e-02
 1.57492967e+00 1.97233410e-01 2.05192087e+00 3.76260566e-01
 4.43786448e+00 9.09173212e-01]
train  L_V                   = +0.0000 (0.0%)
 train    L_V_attractive      = +0.0000 (0.0%)
 train      L_V_attractive_charged      = +0.0000 (0.0%)
 train      L_V_attractive_neutral      = +0.0000 (0.0%)
 train    L_V_repulsive       = +0.0000 (0.0%)
 train      L_V_repulsive_charged       = +0.0000 (0.0%)
 train      L_V_repulsive_neutral       = +0.0000 (0.0%)
 train    L_charged_cluster   = +0.0000 (0.0%)
 train  L_beta              = -0.3332 (-15.1%)
 train    L_beta_noise        = +0.0000 (0.0%)
 train    L_beta_sig          = -0.9956 (-45.1%)
 train    L_beta_suppress     = +0.0000 (0.0%)
 train    L_beta_track        = +0.6624 (30.0%)
 train      L_beta_norms_term   = -0.9956 (-45.1%)
 train      L_beta_logbeta_term = +0.0000 (0.0%)
 train  L_E   = +2.5430 (115.1%)
 train    L_E_charge = +0.0000 (0.0%)
 train    L_E_cond = +1.3132 (59.4%)
 train    L_E_cluster = +1.2298 (55.7%)
 train    L_E_w_photon   = +0.0000 (0.0%)
 train    L_E_w_charged_hadron   = +0.0000 (0.0%)
 train    L_E_w_neutral_hadron   = +0.0000 (0.0%)
 train    L_E_w_muon     = +0.0000 (0.0%)
 train    L_E_w_electron = +0.0000 (0.0%)
learning rate :  [0.00039890465297888624, 0.00039563061276672447, 0.000390213750433216, 0.00038271341425563806, 0.0003732117794866986, 0.00036181294802527074, 0.000348641807854205, 0.0003338426647414537, 0.00031760148556057003, 0.00030002500000000004, 0.0002813769917830063, 0.00026183794802527076, 0.00024162194257901096, 0.00022095046623036733, 0.00020005, 0.00017914953376963274, 0.00015847805742098906, 0.0001382620519747293, 0.00011872300821699378, 0.00010007500000000005, 8.252233880412002e-05, 6.625733525854636e-05, 5.1458192145795003e-05, 3.8287051974729284e-05, 2.688822051330148e-05, 1.7386585744361935e-05, 9.886249566784053e-06, 4.469387233275552e-06, 1.1953470211137557e-06, 1.0000216881466588e-07, 0.0003990946109184883, 0.0003963866430176782, 0.0003919006200742188, 0.0003856771682065637, 0.00037777264795855195, 0.0003682586438895947, 0.00035722131629382036, 0.00034476062091910877, 0.0003309894037523598, 0.00031603237906876113, 0.00030002500000000004, 0.0002831122318497272, 0.00026544723926531853, 0.00024718999915511003, 0.00022850585191274341, 0.00020956400406895733, 0.00019053599593104275, 0.00017159414808725666, 0.00015291000084489, 0.00013465276073468155]
train loss :  3.2097978591918945
test   L_V                   = +0.0000 (0.0%)
    L_V_attractive      = +0.0000 (0.0%)
      L_V_attractive_charged      = +0.0000 (0.0%)
      L_V_attractive_neutral      = +0.0000 (0.0%)
    L_V_repulsive       = +0.0000 (0.0%)
      L_V_repulsive_charged       = +0.0000 (0.0%)
      L_V_repulsive_neutral       = +0.0000 (0.0%)
    L_charged_cluster   = +0.0000 (0.0%)
  L_beta              = -0.3584 (-13.1%)
    L_beta_noise        = +0.0000 (0.0%)
    L_beta_sig          = -0.9954 (-36.3%)
    L_beta_suppress     = +0.0000 (0.0%)
    L_beta_track        = +0.6370 (23.2%)
      L_beta_norms_term   = -0.9954 (-36.3%)
      L_beta_logbeta_term = +0.0000 (0.0%)
  L_E   = +3.1034 (113.1%)
    L_E_charge = +0.0000 (0.0%)
    L_E_cond = +1.8484 (67.3%)
    L_E_cluster = +1.2550 (45.7%)
    L_E_w_photon   = +0.0000 (0.0%)
    L_E_w_charged_hadron   = +0.0000 (0.0%)
    L_E_w_neutral_hadron   = +0.0000 (0.0%)
    L_E_w_muon     = +0.0000 (0.0%)
    L_E_w_electron = +0.0000 (0.0%)
Epoch 49
Pretraining energy response (E_pred / E_true) by true-energy bin:
  1-50 GeV: n=22369 Mean=1.383643 Std=0.716153 RMS90=0.420286
  50-150 GeV: n=21867 Mean=0.899762 Std=0.258703 RMS90=0.180977
  >150 GeV: n=70 Mean=0.791147 Std=0.235721 RMS90=0.206823
Pretraining energy response by particle species:
  Neutron: n=11095 Mean=0.960605 Std=0.126291 RMS90=0.078689
  K0: n=11257 Mean=1.015702 Std=0.155316 RMS90=0.082033
  Photon: n=6167 Mean=1.014076 Std=0.083874 RMS90=0.040365
  Pion: n=13008 Mean=1.406528 Std=0.876144 RMS90=0.671839
  Electron: n=782 Mean=1.613519 Std=0.952511 RMS90=0.784777
  Muon: n=1998 Mean=1.391709 Std=1.118521 RMS90=0.548350
Returning 3.744954824447632
Training epoch 50
[5.44801746e-01 2.76526844e-01 4.13020033e+00 6.32891260e-02
 2.36038770e-01 7.72375755e-08 1.69043954e+00 5.21265794e-02
 2.69329867e+00 1.70153341e-08 2.57928481e-01 1.43504135e-01
 2.18815911e+00 1.30076213e-01 2.15221933e-01 1.32024807e-01
 1.96616589e+00 1.29078392e-01 3.69894867e+00 9.31534816e-02
 2.72494300e-01 4.24154236e-02 1.44494476e-01 7.31210861e-09
 2.49919384e-01 1.44758284e-02 2.35735808e-01 3.64990296e-09
 1.82546214e-02 5.63385435e-02 8.37095918e-02 1.97826439e-02
 2.02768870e-02 4.07414628e-02 1.30507023e-01 1.86287161e-02
 1.72148860e-01 1.01203557e-02 3.59606226e-02 1.77579745e-02
 3.22871779e-03 8.03607927e-10 6.21089333e-02 3.01071878e-03
 4.75917690e-02 1.19324062e-09 2.66164068e-03 1.36800911e-02
 4.94914513e-03 2.12175824e-03 3.34134619e-04 2.15193783e-03
 1.21716503e-03 4.76898437e-04 9.54340762e-03 5.90250476e-04
 2.26472498e-02 1.44405724e-02 7.43457055e-05 3.48105285e-12
 3.95863539e-04 3.60986375e-05 5.00902098e-04 9.31841779e-12
 1.29875883e-04 1.24413618e-04 1.03783662e-03 7.17475290e-05
 1.07703169e-04 1.40615637e-04 1.17741500e-03 1.17059972e-04
 5.42197974e-03 2.77104058e-04 2.30825017e-02 1.35239848e-02
 1.55264165e-05 7.55899654e-07 1.55912048e-06 8.98495237e-07
 8.39869355e-06 3.17346567e-07 5.91385245e-07 6.52476862e-07
 2.51325799e-06 1.59586915e-07 2.44815935e-07 4.67777187e-07
 2.80457983e-06 1.57703969e-07 9.89156969e-07 1.09178910e-06
 1.45273830e+00 2.86727389e-02 7.55095915e-02 4.63507660e-02
 6.45465254e-01 3.85264522e-02 5.58708150e-02 5.85150548e-02
 5.74190151e-01 4.27614423e-02 8.15087329e-02 1.07506679e-01
 9.36409339e-01 5.60312402e-02 1.98047769e-01 1.97918327e-01
 1.00182668e+00 3.42357294e-02 6.24013820e-02 3.01269514e-02
 6.25641653e-01 2.87678399e-02 4.75333942e-02 2.68999980e-02
 5.36050158e-01 2.41951255e-02 6.37818763e-02 4.78349957e-02
 7.14492601e-01 3.89749387e-02 1.85461844e-01 2.39867343e-01
 1.14030668e-05 1.12149173e-06 2.11223073e-05 2.34540394e-06
 8.55388861e-05 6.54935511e-07 9.35981797e-01 5.31514296e-02
 8.71820102e-01 2.61589138e-02 1.83128814e+00 2.68403875e-02
 1.59981815e+00 1.88517451e-01 2.01139193e+00 3.68004624e-01
 4.23698370e+00 8.89421173e-01]
train  L_V                   = +0.0000 (0.0%)
 train    L_V_attractive      = +0.0000 (0.0%)
 train      L_V_attractive_charged      = +0.0000 (0.0%)
 train      L_V_attractive_neutral      = +0.0000 (0.0%)
 train    L_V_repulsive       = +0.0000 (0.0%)
 train      L_V_repulsive_charged       = +0.0000 (0.0%)
 train      L_V_repulsive_neutral       = +0.0000 (0.0%)
 train    L_charged_cluster   = +0.0000 (0.0%)
 train  L_beta              = -0.3332 (-15.2%)
 train    L_beta_noise        = +0.0000 (0.0%)
 train    L_beta_sig          = -0.9956 (-45.5%)
 train    L_beta_suppress     = +0.0000 (0.0%)
 train    L_beta_track        = +0.6623 (30.3%)
 train      L_beta_norms_term   = -0.9956 (-45.5%)
 train      L_beta_logbeta_term = +0.0000 (0.0%)
 train  L_E   = +2.5207 (115.2%)
 train    L_E_charge = +0.0000 (0.0%)
 train    L_E_cond = +1.3016 (59.5%)
 train    L_E_cluster = +1.2191 (55.7%)
 train    L_E_w_photon   = +0.0000 (0.0%)
 train    L_E_w_charged_hadron   = +0.0000 (0.0%)
 train    L_E_w_neutral_hadron   = +0.0000 (0.0%)
 train    L_E_w_muon     = +0.0000 (0.0%)
 train    L_E_w_electron = +0.0000 (0.0%)
learning rate :  [0.00039890465297888624, 0.00039563061276672447, 0.000390213750433216, 0.00038271341425563806, 0.0003732117794866986, 0.00036181294802527074, 0.000348641807854205, 0.0003338426647414537, 0.00031760148556057003, 0.00030002500000000004, 0.0002813769917830063, 0.00026183794802527076, 0.00024162194257901096, 0.00022095046623036733, 0.00020005, 0.00017914953376963274, 0.00015847805742098906, 0.0001382620519747293, 0.00011872300821699378, 0.00010007500000000005, 8.252233880412002e-05, 6.625733525854636e-05, 5.1458192145795003e-05, 3.8287051974729284e-05, 2.688822051330148e-05, 1.7386585744361935e-05, 9.886249566784053e-06, 4.469387233275552e-06, 1.1953470211137557e-06, 1.0000216881466588e-07, 0.0003990946109184883, 0.0003963866430176782, 0.0003919006200742188, 0.0003856771682065637, 0.00037777264795855195, 0.0003682586438895947, 0.00035722131629382036, 0.00034476062091910877, 0.0003309894037523598, 0.00031603237906876113, 0.00030002500000000004, 0.0002831122318497272, 0.00026544723926531853, 0.00024718999915511003, 0.00022850585191274341, 0.00020956400406895733, 0.00019053599593104275, 0.00017159414808725666, 0.00015291000084489, 0.00013465276073468155, 0.00011698776815027284]
train loss :  3.187483787536621
test   L_V                   = +0.0000 (0.0%)
    L_V_attractive      = +0.0000 (0.0%)
      L_V_attractive_charged      = +0.0000 (0.0%)
      L_V_attractive_neutral      = +0.0000 (0.0%)
    L_V_repulsive       = +0.0000 (0.0%)
      L_V_repulsive_charged       = +0.0000 (0.0%)
      L_V_repulsive_neutral       = +0.0000 (0.0%)
    L_charged_cluster   = +0.0000 (0.0%)
  L_beta              = -0.3584 (-16.6%)
    L_beta_noise        = +0.0000 (0.0%)
    L_beta_sig          = -0.9954 (-46.0%)
    L_beta_suppress     = +0.0000 (0.0%)
    L_beta_track        = +0.6370 (29.4%)
      L_beta_norms_term   = -0.9954 (-46.0%)
      L_beta_logbeta_term = +0.0000 (0.0%)
  L_E   = +2.5229 (116.6%)
    L_E_charge = +0.0000 (0.0%)
    L_E_cond = +1.3301 (61.5%)
    L_E_cluster = +1.1928 (55.1%)
    L_E_w_photon   = +0.0000 (0.0%)
    L_E_w_charged_hadron   = +0.0000 (0.0%)
    L_E_w_neutral_hadron   = +0.0000 (0.0%)
    L_E_w_muon     = +0.0000 (0.0%)
    L_E_w_electron = +0.0000 (0.0%)
Epoch 50
Pretraining energy response (E_pred / E_true) by true-energy bin:
  1-50 GeV: n=22369 Mean=1.613298 Std=1.594464 RMS90=0.512555
  50-150 GeV: n=21867 Mean=0.836352 Std=0.242962 RMS90=0.206133
  >150 GeV: n=70 Mean=0.816490 Std=0.174053 RMS90=0.146200
Pretraining energy response by particle species:
  Neutron: n=11095 Mean=0.957662 Std=0.125995 RMS90=0.079079
  K0: n=11257 Mean=1.010349 Std=0.155030 RMS90=0.084332
  Photon: n=6167 Mean=0.998925 Std=0.074265 RMS90=0.047020
  Pion: n=13008 Mean=1.557641 Std=1.609654 RMS90=0.812940
  Electron: n=782 Mean=2.367528 Std=2.705628 RMS90=1.363347
  Muon: n=1998 Mean=2.083607 Std=3.114518 RMS90=0.760782
Returning 3.1645045280456543
Training epoch 51
[5.04027693e-01 2.56747757e-01 4.23291803e+00 6.15783294e-02
 2.37117201e-01 6.07669383e-08 1.71179551e+00 5.18394513e-02
 2.73885520e+00 1.57494779e-08 2.60207340e-01 1.50059299e-01
 2.22983213e+00 1.32789611e-01 2.24022138e-01 1.34467444e-01
 1.99564017e+00 1.29895734e-01 3.77531660e+00 9.44779120e-02
 2.80602985e-01 4.09826230e-02 1.35281387e-01 7.16748986e-09
 2.70886665e-01 1.10864996e-02 2.13574907e-01 3.51911083e-09
 1.83455723e-02 6.07707214e-02 8.89658686e-02 2.16497636e-02
 2.11466045e-02 4.46016398e-02 1.33025048e-01 1.97275554e-02
 1.59818859e-01 9.53835746e-03 2.86703264e-02 1.78630333e-02
 2.97134726e-03 5.52525705e-10 3.64039913e-02 2.13089446e-03
 2.84855551e-02 8.04214134e-10 1.55271124e-03 8.95377706e-03
 2.95814774e-03 1.39052412e-03 2.05692405e-04 1.40941222e-03
 8.18304309e-04 3.24173464e-04 7.99207242e-03 4.91353737e-04
 2.17270803e-02 1.54657962e-02 9.90522981e-05 4.07667953e-12
 4.89363291e-04 8.38066060e-05 8.61256670e-04 1.40917751e-11
 3.32608348e-04 1.55371940e-04 2.52177246e-03 1.34960608e-04
 3.11094867e-04 3.36088952e-04 3.21814095e-03 2.87095587e-04
 1.60299067e-02 6.66698905e-04 2.23969402e-02 1.45868276e-02
 3.93364234e-06 1.46370325e-07 2.49876707e-07 1.92356167e-07
 2.10335317e-06 7.11306690e-08 1.30095620e-07 1.72937534e-07
 7.76025344e-07 4.22462657e-08 7.68867161e-08 7.87668049e-08
 1.41232706e-06 5.34643581e-08 4.80316900e-07 4.26516587e-07
 1.43300138e+00 2.85630772e-02 7.74503707e-02 4.80919982e-02
 6.41118052e-01 4.01318162e-02 5.78916316e-02 5.97213454e-02
 5.91005947e-01 4.25232578e-02 8.39699562e-02 1.11750626e-01
 9.42727922e-01 5.69908566e-02 1.99364511e-01 1.98184849e-01
 1.00337437e+00 3.90407748e-02 6.21469116e-02 3.01482135e-02
 6.34916470e-01 2.98754367e-02 4.85747757e-02 2.60954994e-02
 5.44042475e-01 2.41015779e-02 6.44159977e-02 4.75722176e-02
 7.17422761e-01 3.83428649e-02 1.83236767e-01 2.32685289e-01
 7.51897747e-06 5.69193130e-07 1.66328376e-05 1.10781391e-06
 7.21466945e-05 2.11168435e-07 9.57708138e-01 5.30367036e-02
 8.81594902e-01 2.72138987e-02 1.84017491e+00 2.81156057e-02
 1.57859508e+00 1.83768977e-01 1.95270488e+00 3.59042949e-01
 4.11806083e+00 8.65537425e-01]
train  L_V                   = +0.0000 (0.0%)
 train    L_V_attractive      = +0.0000 (0.0%)
 train      L_V_attractive_charged      = +0.0000 (0.0%)
 train      L_V_attractive_neutral      = +0.0000 (0.0%)
 train    L_V_repulsive       = +0.0000 (0.0%)
 train      L_V_repulsive_charged       = +0.0000 (0.0%)
 train      L_V_repulsive_neutral       = +0.0000 (0.0%)
 train    L_charged_cluster   = +0.0000 (0.0%)
 train  L_beta              = -0.3331 (-15.3%)
 train    L_beta_noise        = +0.0000 (0.0%)
 train    L_beta_sig          = -0.9956 (-45.8%)
 train    L_beta_suppress     = +0.0000 (0.0%)
 train    L_beta_track        = +0.6624 (30.5%)
 train      L_beta_norms_term   = -0.9956 (-45.8%)
 train      L_beta_logbeta_term = +0.0000 (0.0%)
 train  L_E   = +2.5048 (115.3%)
 train    L_E_charge = +0.0000 (0.0%)
 train    L_E_cond = +1.2962 (59.7%)
 train    L_E_cluster = +1.2086 (55.7%)
 train    L_E_w_photon   = +0.0000 (0.0%)
 train    L_E_w_charged_hadron   = +0.0000 (0.0%)
 train    L_E_w_neutral_hadron   = +0.0000 (0.0%)
 train    L_E_w_muon     = +0.0000 (0.0%)
 train    L_E_w_electron = +0.0000 (0.0%)
learning rate :  [0.00039890465297888624, 0.00039563061276672447, 0.000390213750433216, 0.00038271341425563806, 0.0003732117794866986, 0.00036181294802527074, 0.000348641807854205, 0.0003338426647414537, 0.00031760148556057003, 0.00030002500000000004, 0.0002813769917830063, 0.00026183794802527076, 0.00024162194257901096, 0.00022095046623036733, 0.00020005, 0.00017914953376963274, 0.00015847805742098906, 0.0001382620519747293, 0.00011872300821699378, 0.00010007500000000005, 8.252233880412002e-05, 6.625733525854636e-05, 5.1458192145795003e-05, 3.8287051974729284e-05, 2.688822051330148e-05, 1.7386585744361935e-05, 9.886249566784053e-06, 4.469387233275552e-06, 1.1953470211137557e-06, 1.0000216881466588e-07, 0.0003990946109184883, 0.0003963866430176782, 0.0003919006200742188, 0.0003856771682065637, 0.00037777264795855195, 0.0003682586438895947, 0.00035722131629382036, 0.00034476062091910877, 0.0003309894037523598, 0.00031603237906876113, 0.00030002500000000004, 0.0002831122318497272, 0.00026544723926531853, 0.00024718999915511003, 0.00022850585191274341, 0.00020956400406895733, 0.00019053599593104275, 0.00017159414808725666, 0.00015291000084489, 0.00013465276073468155, 0.00011698776815027284, 0.00010007500000000005]
train loss :  3.1716856956481934
test   L_V                   = +0.0000 (0.0%)
    L_V_attractive      = +0.0000 (0.0%)
      L_V_attractive_charged      = +0.0000 (0.0%)
      L_V_attractive_neutral      = +0.0000 (0.0%)
    L_V_repulsive       = +0.0000 (0.0%)
      L_V_repulsive_charged       = +0.0000 (0.0%)
      L_V_repulsive_neutral       = +0.0000 (0.0%)
    L_charged_cluster   = +0.0000 (0.0%)
  L_beta              = -0.3584 (-14.9%)
    L_beta_noise        = +0.0000 (0.0%)
    L_beta_sig          = -0.9954 (-41.3%)
    L_beta_suppress     = +0.0000 (0.0%)
    L_beta_track        = +0.6370 (26.4%)
      L_beta_norms_term   = -0.9954 (-41.3%)
      L_beta_logbeta_term = +0.0000 (0.0%)
  L_E   = +2.7674 (114.9%)
    L_E_charge = +0.0000 (0.0%)
    L_E_cond = +1.6022 (66.5%)
    L_E_cluster = +1.1652 (48.4%)
    L_E_w_photon   = +0.0000 (0.0%)
    L_E_w_charged_hadron   = +0.0000 (0.0%)
    L_E_w_neutral_hadron   = +0.0000 (0.0%)
    L_E_w_muon     = +0.0000 (0.0%)
    L_E_w_electron = +0.0000 (0.0%)
Epoch 51
Pretraining energy response (E_pred / E_true) by true-energy bin:
  1-50 GeV: n=22369 Mean=1.725203 Std=1.953788 RMS90=0.595715
  50-150 GeV: n=21867 Mean=0.866546 Std=0.216210 RMS90=0.182390
  >150 GeV: n=70 Mean=0.839001 Std=0.183097 RMS90=0.153564
Pretraining energy response by particle species:
  Neutron: n=11095 Mean=0.960531 Std=0.125570 RMS90=0.079228
  K0: n=11257 Mean=1.013135 Std=0.155009 RMS90=0.082026
  Photon: n=6167 Mean=0.994843 Std=0.073461 RMS90=0.038044
  Pion: n=13008 Mean=1.742828 Std=1.970845 RMS90=0.887286
  Electron: n=782 Mean=2.615621 Std=3.007502 RMS90=1.534157
  Muon: n=1998 Mean=2.346142 Std=3.718974 RMS90=0.923295
Returning 3.4089298248291016
Training epoch 52
[5.01314841e-01 2.58953626e-01 4.03057306e+00 6.13976290e-02
 2.15103360e-01 7.43321964e-08 1.67525908e+00 5.16389131e-02
 2.68193043e+00 1.80137573e-08 2.52976544e-01 1.42694627e-01
 2.19123659e+00 1.29506365e-01 2.18576154e-01 1.30843746e-01
 1.97645751e+00 1.28618092e-01 3.77895875e+00 9.30964188e-02
 2.85596756e-01 3.86771109e-02 1.45556133e-01 6.69480780e-09
 2.59171921e-01 9.58623270e-03 2.06193462e-01 3.19394717e-09
 1.71163780e-02 5.90566786e-02 7.95204407e-02 1.92649507e-02
 2.36255135e-02 4.34554053e-02 1.41924665e-01 1.92364641e-02
 1.62072647e-01 9.55553476e-03 2.77935047e-02 1.76979995e-02
 2.93682808e-03 4.31229605e-10 2.88808544e-02 9.94872705e-04
 2.06641024e-02 5.89575451e-10 1.12835854e-03 6.74505541e-03
 2.15371958e-03 1.05089827e-03 1.57328972e-04 1.05328057e-03
 7.91592715e-04 2.64400620e-04 8.89345421e-03 5.25248222e-04
 2.37216349e-02 1.56335301e-02 1.23904061e-04 5.24768478e-12
 5.30124958e-04 9.15040242e-05 8.88223128e-04 2.74569076e-11
 4.17511997e-04 1.63053558e-04 3.49327458e-03 1.57539025e-04
 4.99359121e-04 4.67698608e-04 5.11749997e-03 4.21702479e-04
 2.58395529e-02 8.97283302e-04 2.42749665e-02 1.43693044e-02
 9.35346613e-06 4.46291984e-07 1.22918979e-06 5.77623036e-07
 7.68462297e-06 2.13604914e-07 6.11031063e-07 7.23591539e-07
 2.50542342e-06 1.81437068e-07 2.55511494e-07 3.06574246e-07
 2.78508866e-06 1.01187706e-07 4.92790439e-07 6.40684037e-07
 1.57477040e+00 3.01839759e-02 8.19174201e-02 5.14332806e-02
 6.80616846e-01 4.22002431e-02 6.01420300e-02 6.12253703e-02
 6.20441569e-01 4.33902844e-02 8.77444223e-02 1.15700860e-01
 1.00123256e+00 5.98737506e-02 2.11945448e-01 2.05208127e-01
 1.05441502e+00 3.67725926e-02 6.40617727e-02 3.10406948e-02
 6.58866110e-01 3.10090133e-02 4.97554611e-02 2.68044219e-02
 5.59722762e-01 2.51965640e-02 6.57709677e-02 4.89255570e-02
 7.35157405e-01 3.98915390e-02 1.83700168e-01 2.39661385e-01
 6.39512913e-06 7.08938201e-07 3.94822646e-06 1.23281065e-06
 7.07747268e-06 5.66222460e-07 1.00956082e+00 5.53957468e-02
 9.46878613e-01 2.78966195e-02 2.03012714e+00 2.88044467e-02
 1.58277073e+00 1.86736410e-01 1.97629218e+00 3.55081652e-01
 4.13067640e+00 8.53050089e-01]
train  L_V                   = +0.0000 (0.0%)
 train    L_V_attractive      = +0.0000 (0.0%)
 train      L_V_attractive_charged      = +0.0000 (0.0%)
 train      L_V_attractive_neutral      = +0.0000 (0.0%)
 train    L_V_repulsive       = +0.0000 (0.0%)
 train      L_V_repulsive_charged       = +0.0000 (0.0%)
 train      L_V_repulsive_neutral       = +0.0000 (0.0%)
 train    L_charged_cluster   = +0.0000 (0.0%)
 train  L_beta              = -0.3331 (-15.5%)
 train    L_beta_noise        = +0.0000 (0.0%)
 train    L_beta_sig          = -0.9956 (-46.4%)
 train    L_beta_suppress     = +0.0000 (0.0%)
 train    L_beta_track        = +0.6625 (30.9%)
 train      L_beta_norms_term   = -0.9956 (-46.4%)
 train      L_beta_logbeta_term = +0.0000 (0.0%)
 train  L_E   = +2.4803 (115.5%)
 train    L_E_charge = +0.0000 (0.0%)
 train    L_E_cond = +1.2793 (59.6%)
 train    L_E_cluster = +1.2010 (55.9%)
 train    L_E_w_photon   = +0.0000 (0.0%)
 train    L_E_w_charged_hadron   = +0.0000 (0.0%)
 train    L_E_w_neutral_hadron   = +0.0000 (0.0%)
 train    L_E_w_muon     = +0.0000 (0.0%)
 train    L_E_w_electron = +0.0000 (0.0%)
learning rate :  [0.00039890465297888624, 0.00039563061276672447, 0.000390213750433216, 0.00038271341425563806, 0.0003732117794866986, 0.00036181294802527074, 0.000348641807854205, 0.0003338426647414537, 0.00031760148556057003, 0.00030002500000000004, 0.0002813769917830063, 0.00026183794802527076, 0.00024162194257901096, 0.00022095046623036733, 0.00020005, 0.00017914953376963274, 0.00015847805742098906, 0.0001382620519747293, 0.00011872300821699378, 0.00010007500000000005, 8.252233880412002e-05, 6.625733525854636e-05, 5.1458192145795003e-05, 3.8287051974729284e-05, 2.688822051330148e-05, 1.7386585744361935e-05, 9.886249566784053e-06, 4.469387233275552e-06, 1.1953470211137557e-06, 1.0000216881466588e-07, 0.0003990946109184883, 0.0003963866430176782, 0.0003919006200742188, 0.0003856771682065637, 0.00037777264795855195, 0.0003682586438895947, 0.00035722131629382036, 0.00034476062091910877, 0.0003309894037523598, 0.00031603237906876113, 0.00030002500000000004, 0.0002831122318497272, 0.00026544723926531853, 0.00024718999915511003, 0.00022850585191274341, 0.00020956400406895733, 0.00019053599593104275, 0.00017159414808725666, 0.00015291000084489, 0.00013465276073468155, 0.00011698776815027284, 0.00010007500000000005, 8.406762093123896e-05]
train loss :  3.1472086906433105
test   L_V                   = +0.0000 (0.0%)
    L_V_attractive      = +0.0000 (0.0%)
      L_V_attractive_charged      = +0.0000 (0.0%)
      L_V_attractive_neutral      = +0.0000 (0.0%)
    L_V_repulsive       = +0.0000 (0.0%)
      L_V_repulsive_charged       = +0.0000 (0.0%)
      L_V_repulsive_neutral       = +0.0000 (0.0%)
    L_charged_cluster   = +0.0000 (0.0%)
  L_beta              = -0.3584 (-15.7%)
    L_beta_noise        = +0.0000 (0.0%)
    L_beta_sig          = -0.9954 (-43.7%)
    L_beta_suppress     = +0.0000 (0.0%)
    L_beta_track        = +0.6370 (28.0%)
      L_beta_norms_term   = -0.9954 (-43.7%)
      L_beta_logbeta_term = +0.0000 (0.0%)
  L_E   = +2.6373 (115.7%)
    L_E_charge = +0.0000 (0.0%)
    L_E_cond = +1.4667 (64.4%)
    L_E_cluster = +1.1705 (51.4%)
    L_E_w_photon   = +0.0000 (0.0%)
    L_E_w_charged_hadron   = +0.0000 (0.0%)
    L_E_w_neutral_hadron   = +0.0000 (0.0%)
    L_E_w_muon     = +0.0000 (0.0%)
    L_E_w_electron = +0.0000 (0.0%)
Epoch 52
Pretraining energy response (E_pred / E_true) by true-energy bin:
  1-50 GeV: n=22369 Mean=1.695357 Std=1.805806 RMS90=0.586182
  50-150 GeV: n=21867 Mean=0.874704 Std=0.218998 RMS90=0.175399
  >150 GeV: n=70 Mean=0.824927 Std=0.203462 RMS90=0.176754
Pretraining energy response by particle species:
  Neutron: n=11095 Mean=0.963157 Std=0.126685 RMS90=0.080308
  K0: n=11257 Mean=1.016033 Std=0.148900 RMS90=0.082314
  Photon: n=6167 Mean=0.996449 Std=0.068241 RMS90=0.037247
  Pion: n=13008 Mean=1.721297 Std=1.786595 RMS90=0.875727
  Electron: n=782 Mean=2.712053 Std=3.088381 RMS90=1.505499
  Muon: n=1998 Mean=2.167155 Std=3.460226 RMS90=0.808348
Returning 3.2788078784942627
Training epoch 53
[5.05105229e-01 2.64532060e-01 4.09971788e+00 6.29079468e-02
 2.16474365e-01 7.33788916e-08 1.70431712e+00 5.28638953e-02
 2.64561395e+00 1.70745513e-08 2.50236801e-01 1.36795478e-01
 2.14082649e+00 1.25041450e-01 2.13753909e-01 1.24417479e-01
 1.94995317e+00 1.24967493e-01 3.69670466e+00 9.00706645e-02
 2.81648734e-01 3.67854560e-02 1.81634393e-01 7.88689701e-09
 2.69650820e-01 8.32895786e-03 2.06553492e-01 3.34977556e-09
 1.71181154e-02 5.53641219e-02 7.78394195e-02 1.86387461e-02
 2.27151683e-02 4.11757530e-02 1.35976881e-01 1.84696637e-02
 1.59006324e-01 9.33934248e-03 2.77598846e-02 1.65581486e-02
 3.51716067e-03 6.48801799e-10 3.31173022e-02 1.22080174e-03
 2.34693922e-02 6.81506043e-10 1.29596927e-03 7.70459496e-03
 2.45045673e-03 1.19488511e-03 1.77674510e-04 1.20054183e-03
 8.36708010e-04 2.90529710e-04 9.63106733e-03 5.69573306e-04
 2.23650230e-02 1.44343468e-02 1.97162626e-04 1.02263110e-11
 8.22759325e-04 1.41303574e-04 1.30386678e-03 3.92996418e-11
 6.04592310e-04 2.36015193e-04 5.18823408e-03 2.37622917e-04
 8.99459420e-04 6.99100864e-04 9.19409090e-03 6.35052928e-04
 4.73644689e-02 1.21829843e-03 2.32044749e-02 1.35574970e-02
 1.00669051e-06 3.63450444e-08 7.10247791e-08 5.59797476e-08
 6.32410208e-07 2.17226697e-08 3.73345898e-08 3.74082649e-08
 2.95842650e-07 1.08288954e-08 2.52132101e-08 2.48134837e-08
 4.35822835e-07 1.29763616e-08 1.59845501e-07 1.55166427e-07
 1.45322354e+00 2.77286366e-02 7.71830696e-02 4.72173261e-02
 6.37949559e-01 3.92380521e-02 5.68524317e-02 5.70827677e-02
 5.83204575e-01 4.24874378e-02 8.10926161e-02 1.03762960e-01
 9.33184016e-01 5.54337409e-02 1.94232205e-01 1.84628495e-01
 1.04103352e+00 3.57071454e-02 6.17010024e-02 2.97866348e-02
 6.33931155e-01 2.94552967e-02 4.86156313e-02 2.65843203e-02
 5.39555628e-01 2.42593554e-02 6.37702910e-02 4.72264630e-02
 7.07553247e-01 3.74906875e-02 1.88809604e-01 2.43882163e-01
 2.38280468e-06 1.99427384e-07 3.00548694e-06 2.48730791e-07
 9.80525285e-06 3.78660200e-08 9.32784684e-01 4.98749098e-02
 8.51188584e-01 2.48352338e-02 1.82406056e+00 2.55784430e-02
 1.55535696e+00 1.92188151e-01 2.02532259e+00 3.79703071e-01
 4.39397466e+00 9.23906581e-01]
train  L_V                   = +0.0000 (0.0%)
 train    L_V_attractive      = +0.0000 (0.0%)
 train      L_V_attractive_charged      = +0.0000 (0.0%)
 train      L_V_attractive_neutral      = +0.0000 (0.0%)
 train    L_V_repulsive       = +0.0000 (0.0%)
 train      L_V_repulsive_charged       = +0.0000 (0.0%)
 train      L_V_repulsive_neutral       = +0.0000 (0.0%)
 train    L_charged_cluster   = +0.0000 (0.0%)
 train  L_beta              = -0.3337 (-15.7%)
 train    L_beta_noise        = +0.0000 (0.0%)
 train    L_beta_sig          = -0.9956 (-46.8%)
 train    L_beta_suppress     = +0.0000 (0.0%)
 train    L_beta_track        = +0.6619 (31.1%)
 train      L_beta_norms_term   = -0.9956 (-46.8%)
 train      L_beta_logbeta_term = +0.0000 (0.0%)
 train  L_E   = +2.4607 (115.7%)
 train    L_E_charge = +0.0000 (0.0%)
 train    L_E_cond = +1.2653 (59.5%)
 train    L_E_cluster = +1.1955 (56.2%)
 train    L_E_w_photon   = +0.0000 (0.0%)
 train    L_E_w_charged_hadron   = +0.0000 (0.0%)
 train    L_E_w_neutral_hadron   = +0.0000 (0.0%)
 train    L_E_w_muon     = +0.0000 (0.0%)
 train    L_E_w_electron = +0.0000 (0.0%)
learning rate :  [0.00039890465297888624, 0.00039563061276672447, 0.000390213750433216, 0.00038271341425563806, 0.0003732117794866986, 0.00036181294802527074, 0.000348641807854205, 0.0003338426647414537, 0.00031760148556057003, 0.00030002500000000004, 0.0002813769917830063, 0.00026183794802527076, 0.00024162194257901096, 0.00022095046623036733, 0.00020005, 0.00017914953376963274, 0.00015847805742098906, 0.0001382620519747293, 0.00011872300821699378, 0.00010007500000000005, 8.252233880412002e-05, 6.625733525854636e-05, 5.1458192145795003e-05, 3.8287051974729284e-05, 2.688822051330148e-05, 1.7386585744361935e-05, 9.886249566784053e-06, 4.469387233275552e-06, 1.1953470211137557e-06, 1.0000216881466588e-07, 0.0003990946109184883, 0.0003963866430176782, 0.0003919006200742188, 0.0003856771682065637, 0.00037777264795855195, 0.0003682586438895947, 0.00035722131629382036, 0.00034476062091910877, 0.0003309894037523598, 0.00031603237906876113, 0.00030002500000000004, 0.0002831122318497272, 0.00026544723926531853, 0.00024718999915511003, 0.00022850585191274341, 0.00020956400406895733, 0.00019053599593104275, 0.00017159414808725666, 0.00015291000084489, 0.00013465276073468155, 0.00011698776815027284, 0.00010007500000000005, 8.406762093123896e-05, 6.911059624764027e-05]
train loss :  3.127072334289551
test   L_V                   = +0.0000 (0.0%)
    L_V_attractive      = +0.0000 (0.0%)
      L_V_attractive_charged      = +0.0000 (0.0%)
      L_V_attractive_neutral      = +0.0000 (0.0%)
    L_V_repulsive       = +0.0000 (0.0%)
      L_V_repulsive_charged       = +0.0000 (0.0%)
      L_V_repulsive_neutral       = +0.0000 (0.0%)
    L_charged_cluster   = +0.0000 (0.0%)
  L_beta              = -0.3584 (-17.9%)
    L_beta_noise        = +0.0000 (0.0%)
    L_beta_sig          = -0.9954 (-49.6%)
    L_beta_suppress     = +0.0000 (0.0%)
    L_beta_track        = +0.6370 (31.7%)
      L_beta_norms_term   = -0.9954 (-49.6%)
      L_beta_logbeta_term = +0.0000 (0.0%)
  L_E   = +2.3649 (117.9%)
    L_E_charge = +0.0000 (0.0%)
    L_E_cond = +1.2293 (61.3%)
    L_E_cluster = +1.1356 (56.6%)
    L_E_w_photon   = +0.0000 (0.0%)
    L_E_w_charged_hadron   = +0.0000 (0.0%)
    L_E_w_neutral_hadron   = +0.0000 (0.0%)
    L_E_w_muon     = +0.0000 (0.0%)
    L_E_w_electron = +0.0000 (0.0%)
Epoch 53
Pretraining energy response (E_pred / E_true) by true-energy bin:
  1-50 GeV: n=22369 Mean=2.010116 Std=2.927837 RMS90=0.704160
  50-150 GeV: n=21867 Mean=0.870378 Std=0.223226 RMS90=0.189721
  >150 GeV: n=70 Mean=0.858151 Std=0.167332 RMS90=0.132574
Pretraining energy response by particle species:
  Neutron: n=11095 Mean=0.959737 Std=0.125484 RMS90=0.079954
  K0: n=11257 Mean=1.012901 Std=0.145637 RMS90=0.080308
  Photon: n=6167 Mean=1.006908 Std=0.072290 RMS90=0.038306
  Pion: n=13008 Mean=2.094785 Std=2.873268 RMS90=1.080477
  Electron: n=782 Mean=3.552532 Std=4.957060 RMS90=2.183250
  Muon: n=1998 Mean=2.888825 Std=5.532344 RMS90=1.033509
Returning 3.0064167976379395
Training epoch 54
[4.94437047e-01 2.60937379e-01 4.16637366e+00 6.23351240e-02
 2.26757878e-01 6.79579958e-08 1.75272562e+00 5.26806888e-02
 2.70835250e+00 1.74712789e-08 2.54350713e-01 1.41844450e-01
 2.21209221e+00 1.29582793e-01 2.18111777e-01 1.31647173e-01
 2.03000786e+00 1.30172403e-01 3.88074920e+00 9.48321987e-02
 2.89853784e-01 3.67112312e-02 1.93151563e-01 8.48036653e-09
 2.85402073e-01 8.00728165e-03 2.10970228e-01 3.63597307e-09
 1.75630500e-02 6.13996237e-02 8.01181860e-02 2.03212308e-02
 2.64984304e-02 4.55999019e-02 1.56486224e-01 2.04109935e-02
 1.70968989e-01 1.00441584e-02 3.01256714e-02 1.70553088e-02
 3.03027101e-03 6.33697700e-10 3.37694078e-02 1.63175984e-03
 2.68592802e-02 7.20459809e-10 1.40635020e-03 7.68717520e-03
 2.67310521e-03 1.19295925e-03 1.91842479e-04 1.18872588e-03
 9.58530795e-04 3.00105560e-04 1.11290722e-02 6.47587138e-04
 2.37108464e-02 1.46039441e-02 2.71123450e-04 1.60002652e-11
 8.91488692e-04 1.54506737e-04 1.31756565e-03 5.21444459e-11
 6.53687430e-04 2.50096046e-04 6.14204013e-03 2.62080347e-04
 1.15553792e-03 8.65271605e-04 1.29254441e-02 8.64719249e-04
 6.54021560e-02 1.63541797e-03 2.47370164e-02 1.38686236e-02
 1.92651359e-06 9.18234569e-08 1.85039869e-07 1.39093737e-07
 1.27053819e-06 5.21002100e-08 9.34198113e-08 9.82084146e-08
 5.20206314e-07 2.79803079e-08 4.25517191e-08 7.28162176e-08
 5.16817814e-07 2.14717191e-08 1.71818735e-07 1.93457194e-07
 1.57541924e+00 2.99564792e-02 8.32162401e-02 4.91670423e-02
 6.89679406e-01 4.15852258e-02 6.09129209e-02 5.87931546e-02
 6.25358114e-01 4.31762083e-02 8.61523560e-02 1.11318860e-01
 9.98330171e-01 5.96519591e-02 2.02080232e-01 1.96293969e-01
 1.06341963e+00 3.47934629e-02 6.44220298e-02 2.96748481e-02
 6.53874275e-01 3.01349200e-02 4.98948957e-02 2.61439723e-02
 5.55620451e-01 2.45502810e-02 6.48880543e-02 4.61294221e-02
 7.20710790e-01 3.74339016e-02 1.77228179e-01 2.25417233e-01
 1.99152470e-06 1.92485715e-07 2.74075183e-06 2.72103785e-07
 8.43051647e-06 6.39724862e-08 9.70300230e-01 5.19948513e-02
 8.83144959e-01 2.51605672e-02 1.88899468e+00 2.59552450e-02
 1.51990003e+00 1.78911137e-01 1.90714855e+00 3.50602447e-01
 4.02669572e+00 8.44309238e-01]
train  L_V                   = +0.0000 (0.0%)
 train    L_V_attractive      = +0.0000 (0.0%)
 train      L_V_attractive_charged      = +0.0000 (0.0%)
 train      L_V_attractive_neutral      = +0.0000 (0.0%)
 train    L_V_repulsive       = +0.0000 (0.0%)
 train      L_V_repulsive_charged       = +0.0000 (0.0%)
 train      L_V_repulsive_neutral       = +0.0000 (0.0%)
 train    L_charged_cluster   = +0.0000 (0.0%)
 train  L_beta              = -0.3331 (-15.6%)
 train    L_beta_noise        = +0.0000 (0.0%)
 train    L_beta_sig          = -0.9956 (-46.6%)
 train    L_beta_suppress     = +0.0000 (0.0%)
 train    L_beta_track        = +0.6625 (31.0%)
 train      L_beta_norms_term   = -0.9956 (-46.6%)
 train      L_beta_logbeta_term = +0.0000 (0.0%)
 train  L_E   = +2.4677 (115.6%)
 train    L_E_charge = +0.0000 (0.0%)
 train    L_E_cond = +1.2743 (59.7%)
 train    L_E_cluster = +1.1935 (55.9%)
 train    L_E_w_photon   = +0.0000 (0.0%)
 train    L_E_w_charged_hadron   = +0.0000 (0.0%)
 train    L_E_w_neutral_hadron   = +0.0000 (0.0%)
 train    L_E_w_muon     = +0.0000 (0.0%)
 train    L_E_w_electron = +0.0000 (0.0%)
learning rate :  [0.00039890465297888624, 0.00039563061276672447, 0.000390213750433216, 0.00038271341425563806, 0.0003732117794866986, 0.00036181294802527074, 0.000348641807854205, 0.0003338426647414537, 0.00031760148556057003, 0.00030002500000000004, 0.0002813769917830063, 0.00026183794802527076, 0.00024162194257901096, 0.00022095046623036733, 0.00020005, 0.00017914953376963274, 0.00015847805742098906, 0.0001382620519747293, 0.00011872300821699378, 0.00010007500000000005, 8.252233880412002e-05, 6.625733525854636e-05, 5.1458192145795003e-05, 3.8287051974729284e-05, 2.688822051330148e-05, 1.7386585744361935e-05, 9.886249566784053e-06, 4.469387233275552e-06, 1.1953470211137557e-06, 1.0000216881466588e-07, 0.0003990946109184883, 0.0003963866430176782, 0.0003919006200742188, 0.0003856771682065637, 0.00037777264795855195, 0.0003682586438895947, 0.00035722131629382036, 0.00034476062091910877, 0.0003309894037523598, 0.00031603237906876113, 0.00030002500000000004, 0.0002831122318497272, 0.00026544723926531853, 0.00024718999915511003, 0.00022850585191274341, 0.00020956400406895733, 0.00019053599593104275, 0.00017159414808725666, 0.00015291000084489, 0.00013465276073468155, 0.00011698776815027284, 0.00010007500000000005, 8.406762093123896e-05, 6.911059624764027e-05, 5.5339379080891216e-05]
train loss :  3.1346466541290283
test   L_V                   = +0.0000 (0.0%)
    L_V_attractive      = +0.0000 (0.0%)
      L_V_attractive_charged      = +0.0000 (0.0%)
      L_V_attractive_neutral      = +0.0000 (0.0%)
    L_V_repulsive       = +0.0000 (0.0%)
      L_V_repulsive_charged       = +0.0000 (0.0%)
      L_V_repulsive_neutral       = +0.0000 (0.0%)
    L_charged_cluster   = +0.0000 (0.0%)
  L_beta              = -0.3584 (-15.1%)
    L_beta_noise        = +0.0000 (0.0%)
    L_beta_sig          = -0.9954 (-41.9%)
    L_beta_suppress     = +0.0000 (0.0%)
    L_beta_track        = +0.6370 (26.8%)
      L_beta_norms_term   = -0.9954 (-41.9%)
      L_beta_logbeta_term = +0.0000 (0.0%)
  L_E   = +2.7363 (115.1%)
    L_E_charge = +0.0000 (0.0%)
    L_E_cond = +1.4814 (62.3%)
    L_E_cluster = +1.2549 (52.8%)
    L_E_w_photon   = +0.0000 (0.0%)
    L_E_w_charged_hadron   = +0.0000 (0.0%)
    L_E_w_neutral_hadron   = +0.0000 (0.0%)
    L_E_w_muon     = +0.0000 (0.0%)
    L_E_w_electron = +0.0000 (0.0%)
Epoch 54
Pretraining energy response (E_pred / E_true) by true-energy bin:
  1-50 GeV: n=22369 Mean=2.061858 Std=3.197194 RMS90=0.652343
  50-150 GeV: n=21867 Mean=0.846582 Std=0.235349 RMS90=0.194673
  >150 GeV: n=70 Mean=0.905448 Std=0.100436 RMS90=0.087828
Pretraining energy response by particle species:
  Neutron: n=11095 Mean=0.955600 Std=0.125072 RMS90=0.077416
  K0: n=11257 Mean=1.007169 Std=0.153678 RMS90=0.082933
  Photon: n=6167 Mean=0.988590 Std=0.085171 RMS90=0.042858
  Pion: n=13008 Mean=2.124551 Std=3.230421 RMS90=1.071151
  Electron: n=782 Mean=3.885150 Std=5.793876 RMS90=2.800855
  Muon: n=1998 Mean=2.997274 Std=5.578336 RMS90=1.097856
Returning 3.37787127494812
Training epoch 55
[4.90609438e-01 2.69340404e-01 4.25179798e+00 6.42105362e-02
 2.16129093e-01 6.96342195e-08 1.74847208e+00 5.40001482e-02
 2.73259016e+00 1.74157682e-08 2.59486030e-01 1.45971094e-01
 2.22396731e+00 1.32850660e-01 2.22304343e-01 1.35017570e-01
 2.04504431e+00 1.31748508e-01 3.88643245e+00 9.32258388e-02
 2.91439404e-01 3.79080819e-02 1.97889708e-01 7.99558303e-09
 2.88876788e-01 9.05128379e-03 2.22921187e-01 3.56527770e-09
 1.86387380e-02 5.96791002e-02 8.65158007e-02 1.97329088e-02
 2.63563033e-02 4.61205191e-02 1.56925423e-01 2.04583221e-02
 1.77891120e-01 1.03772383e-02 2.92679851e-02 1.78600029e-02
 3.36172465e-03 6.41369051e-10 3.29649159e-02 2.34370331e-03
 2.65286513e-02 7.49571420e-10 1.38200632e-03 7.81713319e-03
 2.62930198e-03 1.21196473e-03 1.90453902e-04 1.21229939e-03
 9.69985545e-04 3.05592250e-04 1.14679859e-02 6.66219245e-04
 2.37346747e-02 1.45671111e-02 2.67486293e-04 1.53801412e-11
 8.40653624e-04 1.45466228e-04 1.32340358e-03 4.53506228e-11
 5.71329748e-04 2.32995350e-04 5.23667251e-03 2.47395726e-04
 1.03378754e-03 8.11337242e-04 1.15602742e-02 8.10409012e-04
 5.83214522e-02 1.56834578e-03 2.51007649e-02 1.39214438e-02
 3.25028592e-06 1.51790274e-07 1.73855134e-07 1.35630151e-07
 1.03895912e-06 4.68624395e-08 9.03448880e-08 5.35460041e-08
 4.85820317e-07 2.28362042e-08 5.27547407e-08 8.73448750e-08
 8.19151094e-07 4.02962941e-08 2.47271713e-07 2.41038271e-07
 1.58236210e+00 2.99495719e-02 8.35076635e-02 4.93616755e-02
 6.89382887e-01 4.17974343e-02 6.10968853e-02 6.07612534e-02
 6.20465555e-01 4.39329357e-02 8.70574076e-02 1.15955933e-01
 9.82702397e-01 6.02082935e-02 2.04161732e-01 1.95514404e-01
 1.04654820e+00 3.44844573e-02 6.33394939e-02 2.92475877e-02
 6.46154381e-01 2.98814616e-02 4.97900697e-02 2.60044452e-02
 5.49252667e-01 2.45303254e-02 6.43772582e-02 4.62487522e-02
 7.11736677e-01 3.71104639e-02 1.72468863e-01 2.22511495e-01
 3.12510984e-06 2.98511082e-07 4.90664479e-06 4.81585339e-07
 1.98411162e-05 7.88497064e-08 9.73781084e-01 5.19583892e-02
 8.93904780e-01 2.64136939e-02 1.92382336e+00 2.73574876e-02
 1.47963300e+00 1.75762406e-01 1.85216510e+00 3.43799850e-01
 3.92304271e+00 8.28551816e-01]
train  L_V                   = +0.0000 (0.0%)
 train    L_V_attractive      = +0.0000 (0.0%)
 train      L_V_attractive_charged      = +0.0000 (0.0%)
 train      L_V_attractive_neutral      = +0.0000 (0.0%)
 train    L_V_repulsive       = +0.0000 (0.0%)
 train      L_V_repulsive_charged       = +0.0000 (0.0%)
 train      L_V_repulsive_neutral       = +0.0000 (0.0%)
 train    L_charged_cluster   = +0.0000 (0.0%)
 train  L_beta              = -0.3335 (-15.8%)
 train    L_beta_noise        = +0.0000 (0.0%)
 train    L_beta_sig          = -0.9956 (-47.3%)
 train    L_beta_suppress     = +0.0000 (0.0%)
 train    L_beta_track        = +0.6621 (31.4%)
 train      L_beta_norms_term   = -0.9956 (-47.3%)
 train      L_beta_logbeta_term = +0.0000 (0.0%)
 train  L_E   = +2.4394 (115.8%)
 train    L_E_charge = +0.0000 (0.0%)
 train    L_E_cond = +1.2555 (59.6%)
 train    L_E_cluster = +1.1839 (56.2%)
 train    L_E_w_photon   = +0.0000 (0.0%)
 train    L_E_w_charged_hadron   = +0.0000 (0.0%)
 train    L_E_w_neutral_hadron   = +0.0000 (0.0%)
 train    L_E_w_muon     = +0.0000 (0.0%)
 train    L_E_w_electron = +0.0000 (0.0%)
learning rate :  [0.00039890465297888624, 0.00039563061276672447, 0.000390213750433216, 0.00038271341425563806, 0.0003732117794866986, 0.00036181294802527074, 0.000348641807854205, 0.0003338426647414537, 0.00031760148556057003, 0.00030002500000000004, 0.0002813769917830063, 0.00026183794802527076, 0.00024162194257901096, 0.00022095046623036733, 0.00020005, 0.00017914953376963274, 0.00015847805742098906, 0.0001382620519747293, 0.00011872300821699378, 0.00010007500000000005, 8.252233880412002e-05, 6.625733525854636e-05, 5.1458192145795003e-05, 3.8287051974729284e-05, 2.688822051330148e-05, 1.7386585744361935e-05, 9.886249566784053e-06, 4.469387233275552e-06, 1.1953470211137557e-06, 1.0000216881466588e-07, 0.0003990946109184883, 0.0003963866430176782, 0.0003919006200742188, 0.0003856771682065637, 0.00037777264795855195, 0.0003682586438895947, 0.00035722131629382036, 0.00034476062091910877, 0.0003309894037523598, 0.00031603237906876113, 0.00030002500000000004, 0.0002831122318497272, 0.00026544723926531853, 0.00024718999915511003, 0.00022850585191274341, 0.00020956400406895733, 0.00019053599593104275, 0.00017159414808725666, 0.00015291000084489, 0.00013465276073468155, 0.00011698776815027284, 0.00010007500000000005, 8.406762093123896e-05, 6.911059624764027e-05, 5.5339379080891216e-05, 4.287868370617969e-05]
train loss :  3.1058998107910156
test   L_V                   = +0.0000 (0.0%)
    L_V_attractive      = +0.0000 (0.0%)
      L_V_attractive_charged      = +0.0000 (0.0%)
      L_V_attractive_neutral      = +0.0000 (0.0%)
    L_V_repulsive       = +0.0000 (0.0%)
      L_V_repulsive_charged       = +0.0000 (0.0%)
      L_V_repulsive_neutral       = +0.0000 (0.0%)
    L_charged_cluster   = +0.0000 (0.0%)
  L_beta              = -0.3584 (-13.4%)
    L_beta_noise        = +0.0000 (0.0%)
    L_beta_sig          = -0.9954 (-37.3%)
    L_beta_suppress     = +0.0000 (0.0%)
    L_beta_track        = +0.6370 (23.9%)
      L_beta_norms_term   = -0.9954 (-37.3%)
      L_beta_logbeta_term = +0.0000 (0.0%)
  L_E   = +3.0288 (113.4%)
    L_E_charge = +0.0000 (0.0%)
    L_E_cond = +1.8123 (67.9%)
    L_E_cluster = +1.2165 (45.6%)
    L_E_w_photon   = +0.0000 (0.0%)
    L_E_w_charged_hadron   = +0.0000 (0.0%)
    L_E_w_neutral_hadron   = +0.0000 (0.0%)
    L_E_w_muon     = +0.0000 (0.0%)
    L_E_w_electron = +0.0000 (0.0%)
Epoch 55
Pretraining energy response (E_pred / E_true) by true-energy bin:
  1-50 GeV: n=22369 Mean=2.033598 Std=2.801262 RMS90=0.717403
  50-150 GeV: n=21867 Mean=0.837339 Std=0.237384 RMS90=0.213110
  >150 GeV: n=70 Mean=0.769771 Std=0.230699 RMS90=0.202802
Pretraining energy response by particle species:
  Neutron: n=11095 Mean=0.958939 Std=0.125683 RMS90=0.076882
  K0: n=11257 Mean=1.011906 Std=0.153068 RMS90=0.082663
  Photon: n=6167 Mean=0.999593 Std=0.079576 RMS90=0.041580
  Pion: n=13008 Mean=2.098280 Std=2.820464 RMS90=1.130663
  Electron: n=782 Mean=3.584037 Std=4.622042 RMS90=2.448172
  Muon: n=1998 Mean=2.784670 Std=5.164432 RMS90=1.062305
Returning 3.670332908630371
Training epoch 56
[4.90842732e-01 2.65719443e-01 4.25176438e+00 6.33076588e-02
 2.19184756e-01 6.95862099e-08 1.76946773e+00 5.34899517e-02
 2.76293023e+00 1.76808933e-08 2.62638066e-01 1.46210743e-01
 2.28125607e+00 1.33603204e-01 2.27205229e-01 1.34101061e-01
 2.08101247e+00 1.32806567e-01 3.85469084e+00 9.30254325e-02
 2.93235106e-01 3.79641649e-02 1.68234779e-01 7.04970438e-09
 2.95855892e-01 9.46489785e-03 2.39593473e-01 3.40957328e-09
 1.97095902e-02 6.22534280e-02 9.55788047e-02 2.17743598e-02
 2.76555269e-02 5.14329259e-02 1.63618877e-01 2.26244394e-02
 1.89185781e-01 1.11784207e-02 3.19739859e-02 1.84054636e-02
 2.85456630e-03 6.53482536e-10 4.22614289e-02 2.30463542e-03
 3.07742079e-02 8.84360433e-10 1.67930897e-03 9.79983335e-03
 3.19920354e-03 1.51194567e-03 2.28555997e-04 1.53730489e-03
 1.02243710e-03 3.72245668e-04 1.12007573e-02 6.69979577e-04
 2.29986480e-02 1.49477086e-02 3.56656156e-04 2.21371104e-11
 7.80896326e-04 1.63954087e-04 1.48714040e-03 7.16818207e-11
 6.66476529e-04 2.79568318e-04 6.62920917e-03 2.94680112e-04
 1.44252131e-03 1.01956269e-03 1.77913935e-02 1.06061701e-03
 9.57398433e-02 1.78366956e-03 2.42985565e-02 1.41416180e-02
 4.40020879e-06 1.91439952e-07 3.71261029e-07 2.64419576e-07
 2.48836571e-06 9.07711734e-08 1.54674951e-07 1.86569786e-07
 8.44441350e-07 5.13799369e-08 7.53537686e-08 1.19325879e-07
 1.05463955e-06 5.09983849e-08 1.80694900e-07 2.05456624e-07
 1.53789414e+00 3.07938869e-02 8.33988076e-02 4.99446443e-02
 6.87251930e-01 4.25459678e-02 6.16345007e-02 6.11540755e-02
 6.33322622e-01 4.44676044e-02 8.73915958e-02 1.16063873e-01
 9.79202381e-01 6.08063252e-02 2.00191622e-01 1.97148760e-01
 1.05275874e+00 3.51173814e-02 6.49030095e-02 2.99151562e-02
 6.57918828e-01 3.06810766e-02 5.09471959e-02 2.64422764e-02
 5.61504856e-01 2.48821508e-02 6.62336629e-02 4.71948911e-02
 7.28728646e-01 3.75354003e-02 1.75490018e-01 2.21489855e-01
 2.76712083e-06 2.69273074e-07 5.52317102e-06 7.33653428e-07
 2.42768495e-05 2.11280753e-07 9.57585378e-01 5.18958619e-02
 8.79161332e-01 2.59156312e-02 1.89452244e+00 2.67726259e-02
 1.50819509e+00 1.75402715e-01 1.87134163e+00 3.41805606e-01
 3.94841518e+00 8.23641628e-01]
train  L_V                   = +0.0000 (0.0%)
 train    L_V_attractive      = +0.0000 (0.0%)
 train      L_V_attractive_charged      = +0.0000 (0.0%)
 train      L_V_attractive_neutral      = +0.0000 (0.0%)
 train    L_V_repulsive       = +0.0000 (0.0%)
 train      L_V_repulsive_charged       = +0.0000 (0.0%)
 train      L_V_repulsive_neutral       = +0.0000 (0.0%)
 train    L_charged_cluster   = +0.0000 (0.0%)
 train  L_beta              = -0.3332 (-16.0%)
 train    L_beta_noise        = +0.0000 (0.0%)
 train    L_beta_sig          = -0.9956 (-47.8%)
 train    L_beta_suppress     = +0.0000 (0.0%)
 train    L_beta_track        = +0.6624 (31.8%)
 train      L_beta_norms_term   = -0.9956 (-47.8%)
 train      L_beta_logbeta_term = +0.0000 (0.0%)
 train  L_E   = +2.4181 (116.0%)
 train    L_E_charge = +0.0000 (0.0%)
 train    L_E_cond = +1.2454 (59.7%)
 train    L_E_cluster = +1.1727 (56.2%)
 train    L_E_w_photon   = +0.0000 (0.0%)
 train    L_E_w_charged_hadron   = +0.0000 (0.0%)
 train    L_E_w_neutral_hadron   = +0.0000 (0.0%)
 train    L_E_w_muon     = +0.0000 (0.0%)
 train    L_E_w_electron = +0.0000 (0.0%)
learning rate :  [0.00039890465297888624, 0.00039563061276672447, 0.000390213750433216, 0.00038271341425563806, 0.0003732117794866986, 0.00036181294802527074, 0.000348641807854205, 0.0003338426647414537, 0.00031760148556057003, 0.00030002500000000004, 0.0002813769917830063, 0.00026183794802527076, 0.00024162194257901096, 0.00022095046623036733, 0.00020005, 0.00017914953376963274, 0.00015847805742098906, 0.0001382620519747293, 0.00011872300821699378, 0.00010007500000000005, 8.252233880412002e-05, 6.625733525854636e-05, 5.1458192145795003e-05, 3.8287051974729284e-05, 2.688822051330148e-05, 1.7386585744361935e-05, 9.886249566784053e-06, 4.469387233275552e-06, 1.1953470211137557e-06, 1.0000216881466588e-07, 0.0003990946109184883, 0.0003963866430176782, 0.0003919006200742188, 0.0003856771682065637, 0.00037777264795855195, 0.0003682586438895947, 0.00035722131629382036, 0.00034476062091910877, 0.0003309894037523598, 0.00031603237906876113, 0.00030002500000000004, 0.0002831122318497272, 0.00026544723926531853, 0.00024718999915511003, 0.00022850585191274341, 0.00020956400406895733, 0.00019053599593104275, 0.00017159414808725666, 0.00015291000084489, 0.00013465276073468155, 0.00011698776815027284, 0.00010007500000000005, 8.406762093123896e-05, 6.911059624764027e-05, 5.5339379080891216e-05, 4.287868370617969e-05, 3.18413561104053e-05]
train loss :  3.0849199295043945
test   L_V                   = +0.0000 (0.0%)
    L_V_attractive      = +0.0000 (0.0%)
      L_V_attractive_charged      = +0.0000 (0.0%)
      L_V_attractive_neutral      = +0.0000 (0.0%)
    L_V_repulsive       = +0.0000 (0.0%)
      L_V_repulsive_charged       = +0.0000 (0.0%)
      L_V_repulsive_neutral       = +0.0000 (0.0%)
    L_charged_cluster   = +0.0000 (0.0%)
  L_beta              = -0.3584 (-15.0%)
    L_beta_noise        = +0.0000 (0.0%)
    L_beta_sig          = -0.9954 (-41.8%)
    L_beta_suppress     = +0.0000 (0.0%)
    L_beta_track        = +0.6370 (26.7%)
      L_beta_norms_term   = -0.9954 (-41.8%)
      L_beta_logbeta_term = +0.0000 (0.0%)
  L_E   = +2.7418 (115.0%)
    L_E_charge = +0.0000 (0.0%)
    L_E_cond = +1.5725 (66.0%)
    L_E_cluster = +1.1693 (49.1%)
    L_E_w_photon   = +0.0000 (0.0%)
    L_E_w_charged_hadron   = +0.0000 (0.0%)
    L_E_w_neutral_hadron   = +0.0000 (0.0%)
    L_E_w_muon     = +0.0000 (0.0%)
    L_E_w_electron = +0.0000 (0.0%)
Epoch 56
Pretraining energy response (E_pred / E_true) by true-energy bin:
  1-50 GeV: n=22369 Mean=1.907356 Std=2.481214 RMS90=0.659089
  50-150 GeV: n=21867 Mean=0.857813 Std=0.222200 RMS90=0.192402
  >150 GeV: n=70 Mean=0.787375 Std=0.225835 RMS90=0.208293
Pretraining energy response by particle species:
  Neutron: n=11095 Mean=0.957633 Std=0.122672 RMS90=0.076705
  K0: n=11257 Mean=1.011411 Std=0.149821 RMS90=0.081211
  Photon: n=6167 Mean=1.011768 Std=0.084017 RMS90=0.043634
  Pion: n=13008 Mean=1.969373 Std=2.466630 RMS90=1.014356
  Electron: n=782 Mean=3.367367 Std=4.256581 RMS90=2.026230
  Muon: n=1998 Mean=2.492567 Std=4.628577 RMS90=0.890534
Returning 3.3833401203155518
Training epoch 57
[4.87419935e-01 2.56863395e-01 4.33443438e+00 6.24015069e-02
 2.12973856e-01 6.55887697e-08 1.76673414e+00 5.38493716e-02
 2.75303384e+00 2.06477168e-08 2.59745305e-01 1.46885556e-01
 2.28050320e+00 1.32817717e-01 2.32045040e-01 1.34955545e-01
 2.09603323e+00 1.33356315e-01 3.90561300e+00 9.24677953e-02
 3.03476402e-01 3.72390095e-02 1.95596599e-01 7.51236902e-09
 2.98667168e-01 9.68417220e-03 2.40013485e-01 3.52677372e-09
 1.99496792e-02 6.09443972e-02 9.49278832e-02 2.12766271e-02
 2.67484502e-02 4.91222023e-02 1.58052218e-01 2.16705057e-02
 1.86264532e-01 1.09710878e-02 3.35457606e-02 1.79034760e-02
 3.48886623e-03 7.79060310e-10 4.99195303e-02 2.71777385e-03
 3.63848636e-02 9.92139252e-10 1.91359274e-03 1.11473111e-02
 3.64274283e-03 1.72136716e-03 2.50341763e-04 1.72034684e-03
 1.04380968e-03 3.96870176e-04 1.11262101e-02 6.69155584e-04
 2.24401346e-02 1.40396511e-02 2.38754040e-04 1.41505278e-11
 7.42281117e-04 1.26722280e-04 1.23378140e-03 4.63149063e-11
 5.27505285e-04 2.22834540e-04 4.91521579e-03 2.23730539e-04
 1.08742128e-03 8.41224122e-04 1.20698809e-02 8.21940430e-04
 6.22130555e-02 1.62373558e-03 2.38231561e-02 1.34131737e-02
 2.82538796e-04 2.46909384e-06 1.33469443e-05 6.09516309e-06
 6.89552580e-05 2.01558362e-06 5.57150291e-06 5.26527118e-06
 1.63734387e-05 1.31769648e-06 1.24469035e-06 2.89628309e-06
 1.10536171e-05 7.37204230e-07 2.27575614e-06 3.59022764e-06
 1.55795747e+00 2.90439163e-02 8.12418619e-02 4.63835808e-02
 6.72450602e-01 4.00737609e-02 6.04899250e-02 5.95513718e-02
 6.25994702e-01 4.29361603e-02 8.63006018e-02 1.15669601e-01
 9.86789394e-01 5.99941036e-02 2.05732704e-01 1.83986075e-01
 1.03308445e+00 3.34972720e-02 6.31247297e-02 2.80926757e-02
 6.37530902e-01 2.91173866e-02 4.98435151e-02 2.56029311e-02
 5.49909205e-01 2.41488672e-02 6.45519086e-02 4.49080111e-02
 7.11405999e-01 3.57348156e-02 1.69174056e-01 2.12805379e-01
 2.68628200e-05 3.69047553e-06 4.78654226e-05 2.71061754e-06
 1.27399895e-04 2.60592124e-07 9.77425008e-01 4.94911450e-02
 9.24387927e-01 2.53878049e-02 2.02610812e+00 2.63814242e-02
 1.45146066e+00 1.70426069e-01 1.80160361e+00 3.35806607e-01
 3.79698033e+00 8.08399628e-01]
train  L_V                   = +0.0000 (0.0%)
 train    L_V_attractive      = +0.0000 (0.0%)
 train      L_V_attractive_charged      = +0.0000 (0.0%)
 train      L_V_attractive_neutral      = +0.0000 (0.0%)
 train    L_V_repulsive       = +0.0000 (0.0%)
 train      L_V_repulsive_charged       = +0.0000 (0.0%)
 train      L_V_repulsive_neutral       = +0.0000 (0.0%)
 train    L_charged_cluster   = +0.0000 (0.0%)
 train  L_beta              = -0.3338 (-15.8%)
 train    L_beta_noise        = +0.0000 (0.0%)
 train    L_beta_sig          = -0.9956 (-47.1%)
 train    L_beta_suppress     = +0.0000 (0.0%)
 train    L_beta_track        = +0.6618 (31.3%)
 train      L_beta_norms_term   = -0.9956 (-47.1%)
 train      L_beta_logbeta_term = +0.0000 (0.0%)
 train  L_E   = +2.4464 (115.8%)
 train    L_E_charge = +0.0000 (0.0%)
 train    L_E_cond = +1.2574 (59.5%)
 train    L_E_cluster = +1.1890 (56.3%)
 train    L_E_w_photon   = +0.0000 (0.0%)
 train    L_E_w_charged_hadron   = +0.0000 (0.0%)
 train    L_E_w_neutral_hadron   = +0.0000 (0.0%)
 train    L_E_w_muon     = +0.0000 (0.0%)
 train    L_E_w_electron = +0.0000 (0.0%)
learning rate :  [0.00039890465297888624, 0.00039563061276672447, 0.000390213750433216, 0.00038271341425563806, 0.0003732117794866986, 0.00036181294802527074, 0.000348641807854205, 0.0003338426647414537, 0.00031760148556057003, 0.00030002500000000004, 0.0002813769917830063, 0.00026183794802527076, 0.00024162194257901096, 0.00022095046623036733, 0.00020005, 0.00017914953376963274, 0.00015847805742098906, 0.0001382620519747293, 0.00011872300821699378, 0.00010007500000000005, 8.252233880412002e-05, 6.625733525854636e-05, 5.1458192145795003e-05, 3.8287051974729284e-05, 2.688822051330148e-05, 1.7386585744361935e-05, 9.886249566784053e-06, 4.469387233275552e-06, 1.1953470211137557e-06, 1.0000216881466588e-07, 0.0003990946109184883, 0.0003963866430176782, 0.0003919006200742188, 0.0003856771682065637, 0.00037777264795855195, 0.0003682586438895947, 0.00035722131629382036, 0.00034476062091910877, 0.0003309894037523598, 0.00031603237906876113, 0.00030002500000000004, 0.0002831122318497272, 0.00026544723926531853, 0.00024718999915511003, 0.00022850585191274341, 0.00020956400406895733, 0.00019053599593104275, 0.00017159414808725666, 0.00015291000084489, 0.00013465276073468155, 0.00011698776815027284, 0.00010007500000000005, 8.406762093123896e-05, 6.911059624764027e-05, 5.5339379080891216e-05, 4.287868370617969e-05, 3.18413561104053e-05, 2.2327352041448074e-05]
train loss :  3.1126246452331543
test   L_V                   = +0.0000 (0.0%)
    L_V_attractive      = +0.0000 (0.0%)
      L_V_attractive_charged      = +0.0000 (0.0%)
      L_V_attractive_neutral      = +0.0000 (0.0%)
    L_V_repulsive       = +0.0000 (0.0%)
      L_V_repulsive_charged       = +0.0000 (0.0%)
      L_V_repulsive_neutral       = +0.0000 (0.0%)
    L_charged_cluster   = +0.0000 (0.0%)
  L_beta              = -0.3584 (-12.7%)
    L_beta_noise        = +0.0000 (0.0%)
    L_beta_sig          = -0.9954 (-35.3%)
    L_beta_suppress     = +0.0000 (0.0%)
    L_beta_track        = +0.6370 (22.6%)
      L_beta_norms_term   = -0.9954 (-35.3%)
      L_beta_logbeta_term = +0.0000 (0.0%)
  L_E   = +3.1757 (112.7%)
    L_E_charge = +0.0000 (0.0%)
    L_E_cond = +1.7352 (61.6%)
    L_E_cluster = +1.4404 (51.1%)
    L_E_w_photon   = +0.0000 (0.0%)
    L_E_w_charged_hadron   = +0.0000 (0.0%)
    L_E_w_neutral_hadron   = +0.0000 (0.0%)
    L_E_w_muon     = +0.0000 (0.0%)
    L_E_w_electron = +0.0000 (0.0%)
Epoch 57
Pretraining energy response (E_pred / E_true) by true-energy bin:
  1-50 GeV: n=22369 Mean=1.909566 Std=2.892413 RMS90=0.460259
  50-150 GeV: n=21867 Mean=0.848551 Std=0.244141 RMS90=0.192089
  >150 GeV: n=70 Mean=0.933402 Std=0.098202 RMS90=0.074719
Pretraining energy response by particle species:
  Neutron: n=11095 Mean=0.950534 Std=0.125325 RMS90=0.078209
  K0: n=11257 Mean=1.004443 Std=0.157915 RMS90=0.087559
  Photon: n=6167 Mean=1.019202 Std=0.123696 RMS90=0.059510
  Pion: n=13008 Mean=1.920225 Std=2.992063 RMS90=0.822347
  Electron: n=782 Mean=3.246731 Std=4.965663 RMS90=2.391109
  Muon: n=1998 Mean=2.844080 Std=4.971539 RMS90=0.949056
Returning 3.817227602005005
Training epoch 58
[4.82390178e-01 2.62072822e-01 4.31201017e+00 6.26672354e-02
 2.10293314e-01 6.44201069e-08 1.75714519e+00 5.29335486e-02
 2.74656116e+00 1.80453839e-08 2.58999880e-01 1.45843500e-01
 2.29020630e+00 1.32927702e-01 2.27314463e-01 1.28493424e-01
 2.08430555e+00 1.31435494e-01 3.90639114e+00 9.52667603e-02
 2.97886115e-01 3.81173110e-02 2.00299578e-01 7.68282470e-09
 2.73793213e-01 9.10016266e-03 2.26820701e-01 3.42945767e-09
 1.88087214e-02 5.84637024e-02 9.79365496e-02 2.14060403e-02
 2.99453344e-02 5.17218503e-02 1.75348789e-01 2.28980480e-02
 1.96884787e-01 1.14809736e-02 3.51841405e-02 1.88285038e-02
 3.53272506e-03 8.46305191e-10 4.72111789e-02 2.36377097e-03
 3.51605773e-02 9.98058606e-10 1.81760577e-03 1.03557991e-02
 3.44724871e-03 1.59916077e-03 2.35582382e-04 1.59371738e-03
 1.04393802e-03 3.78518859e-04 1.15649356e-02 6.90904859e-04
 2.44722521e-02 1.49294915e-02 2.82675051e-04 1.77500497e-11
 8.65636510e-04 1.55454561e-04 1.52523271e-03 5.48352812e-11
 6.67800378e-04 2.62679710e-04 6.20350607e-03 2.71440396e-04
 1.29534664e-03 1.00387477e-03 1.41823558e-02 9.69148339e-04
 7.32048009e-02 1.88118420e-03 2.54848102e-02 1.43218014e-02
 3.43600196e-06 1.79460768e-07 4.08436806e-07 2.74974841e-07
 2.79778419e-06 9.37571520e-08 2.17161039e-07 2.62204803e-07
 1.03190265e-06 6.69756876e-08 1.09189465e-07 1.43023217e-07
 1.59966709e-06 5.71594415e-08 3.12559808e-07 3.14934374e-07
 1.64001861e+00 3.15665590e-02 8.68840633e-02 5.17255763e-02
 7.25480852e-01 4.42542562e-02 6.36626226e-02 6.16779388e-02
 6.61856529e-01 4.60895709e-02 9.10077457e-02 1.18689968e-01
 1.02860387e+00 6.30233131e-02 2.06788332e-01 1.97609605e-01
 1.07140214e+00 3.48884117e-02 6.52058399e-02 2.87447844e-02
 6.62129001e-01 3.02115771e-02 5.15159403e-02 2.57281291e-02
 5.69707327e-01 2.49234295e-02 6.60584535e-02 4.45725660e-02
 7.27373425e-01 3.63395907e-02 1.69517676e-01 2.11648870e-01
 5.07755323e-06 3.86113346e-07 9.62355720e-06 1.11065271e-06
 4.50117448e-05 7.06631871e-08 9.89857499e-01 5.24589116e-02
 9.11519047e-01 2.67345736e-02 1.98265731e+00 2.76811854e-02
 1.45248343e+00 1.68923244e-01 1.79777383e+00 3.34576878e-01
 3.80338782e+00 8.08402110e-01]
train  L_V                   = +0.0000 (0.0%)
 train    L_V_attractive      = +0.0000 (0.0%)
 train      L_V_attractive_charged      = +0.0000 (0.0%)
 train      L_V_attractive_neutral      = +0.0000 (0.0%)
 train    L_V_repulsive       = +0.0000 (0.0%)
 train      L_V_repulsive_charged       = +0.0000 (0.0%)
 train      L_V_repulsive_neutral       = +0.0000 (0.0%)
 train    L_charged_cluster   = +0.0000 (0.0%)
 train  L_beta              = -0.3327 (-16.1%)
 train    L_beta_noise        = +0.0000 (0.0%)
 train    L_beta_sig          = -0.9956 (-48.1%)
 train    L_beta_suppress     = +0.0000 (0.0%)
 train    L_beta_track        = +0.6628 (32.0%)
 train      L_beta_norms_term   = -0.9956 (-48.1%)
 train      L_beta_logbeta_term = +0.0000 (0.0%)
 train  L_E   = +2.4034 (116.1%)
 train    L_E_charge = +0.0000 (0.0%)
 train    L_E_cond = +1.2357 (59.7%)
 train    L_E_cluster = +1.1676 (56.4%)
 train    L_E_w_photon   = +0.0000 (0.0%)
 train    L_E_w_charged_hadron   = +0.0000 (0.0%)
 train    L_E_w_neutral_hadron   = +0.0000 (0.0%)
 train    L_E_w_muon     = +0.0000 (0.0%)
 train    L_E_w_electron = +0.0000 (0.0%)
learning rate :  [0.00039890465297888624, 0.00039563061276672447, 0.000390213750433216, 0.00038271341425563806, 0.0003732117794866986, 0.00036181294802527074, 0.000348641807854205, 0.0003338426647414537, 0.00031760148556057003, 0.00030002500000000004, 0.0002813769917830063, 0.00026183794802527076, 0.00024162194257901096, 0.00022095046623036733, 0.00020005, 0.00017914953376963274, 0.00015847805742098906, 0.0001382620519747293, 0.00011872300821699378, 0.00010007500000000005, 8.252233880412002e-05, 6.625733525854636e-05, 5.1458192145795003e-05, 3.8287051974729284e-05, 2.688822051330148e-05, 1.7386585744361935e-05, 9.886249566784053e-06, 4.469387233275552e-06, 1.1953470211137557e-06, 1.0000216881466588e-07, 0.0003990946109184883, 0.0003963866430176782, 0.0003919006200742188, 0.0003856771682065637, 0.00037777264795855195, 0.0003682586438895947, 0.00035722131629382036, 0.00034476062091910877, 0.0003309894037523598, 0.00031603237906876113, 0.00030002500000000004, 0.0002831122318497272, 0.00026544723926531853, 0.00024718999915511003, 0.00022850585191274341, 0.00020956400406895733, 0.00019053599593104275, 0.00017159414808725666, 0.00015291000084489, 0.00013465276073468155, 0.00011698776815027284, 0.00010007500000000005, 8.406762093123896e-05, 6.911059624764027e-05, 5.5339379080891216e-05, 4.287868370617969e-05, 3.18413561104053e-05, 2.2327352041448074e-05, 1.4422831793436292e-05]
train loss :  3.0706117153167725
test   L_V                   = +0.0000 (0.0%)
    L_V_attractive      = +0.0000 (0.0%)
      L_V_attractive_charged      = +0.0000 (0.0%)
      L_V_attractive_neutral      = +0.0000 (0.0%)
    L_V_repulsive       = +0.0000 (0.0%)
      L_V_repulsive_charged       = +0.0000 (0.0%)
      L_V_repulsive_neutral       = +0.0000 (0.0%)
    L_charged_cluster   = +0.0000 (0.0%)
  L_beta              = -0.3584 (-12.7%)
    L_beta_noise        = +0.0000 (0.0%)
    L_beta_sig          = -0.9954 (-35.3%)
    L_beta_suppress     = +0.0000 (0.0%)
    L_beta_track        = +0.6370 (22.6%)
      L_beta_norms_term   = -0.9954 (-35.3%)
      L_beta_logbeta_term = +0.0000 (0.0%)
  L_E   = +3.1821 (112.7%)
    L_E_charge = +0.0000 (0.0%)
    L_E_cond = +1.8960 (67.1%)
    L_E_cluster = +1.2862 (45.5%)
    L_E_w_photon   = +0.0000 (0.0%)
    L_E_w_charged_hadron   = +0.0000 (0.0%)
    L_E_w_neutral_hadron   = +0.0000 (0.0%)
    L_E_w_muon     = +0.0000 (0.0%)
    L_E_w_electron = +0.0000 (0.0%)
Epoch 58
Pretraining energy response (E_pred / E_true) by true-energy bin:
  1-50 GeV: n=22369 Mean=2.052442 Std=3.016300 RMS90=0.661502
  50-150 GeV: n=21867 Mean=0.840429 Std=0.251816 RMS90=0.225232
  >150 GeV: n=70 Mean=0.770190 Std=0.250493 RMS90=0.221693
Pretraining energy response by particle species:
  Neutron: n=11095 Mean=0.966763 Std=0.124818 RMS90=0.077448
  K0: n=11257 Mean=1.019841 Std=0.151290 RMS90=0.082434
  Photon: n=6167 Mean=1.011894 Std=0.076483 RMS90=0.043023
  Pion: n=13008 Mean=2.102664 Std=3.027467 RMS90=1.095701
  Electron: n=782 Mean=3.542165 Std=5.029970 RMS90=2.210975
  Muon: n=1998 Mean=2.890965 Std=5.603459 RMS90=1.115792
Returning 3.823700189590454
Training epoch 59
[4.70012364e-01 2.66472387e-01 4.40693138e+00 6.32265294e-02
 2.05529960e-01 7.03070694e-08 1.79273893e+00 5.33620759e-02
 2.78864781e+00 1.77328935e-08 2.63482192e-01 1.48134092e-01
 2.31510734e+00 1.35262128e-01 2.30512134e-01 1.35861048e-01
 2.10702865e+00 1.35264564e-01 3.93625676e+00 9.61984722e-02
 3.03227386e-01 3.69312261e-02 1.98202721e-01 7.57092452e-09
 2.84584257e-01 7.98958959e-03 2.20856393e-01 3.49073461e-09
 1.89644938e-02 5.93814588e-02 9.90074028e-02 2.17491185e-02
 2.85368070e-02 5.11704418e-02 1.70414523e-01 2.26834304e-02
 1.92653066e-01 1.12575367e-02 3.51603060e-02 1.85139172e-02
 3.11739025e-03 7.93558005e-10 4.77715762e-02 2.44905810e-03
 3.65883888e-02 9.89140937e-10 1.83924695e-03 1.00447546e-02
 3.50748637e-03 1.54979357e-03 2.38005577e-04 1.54028697e-03
 1.09348302e-03 3.75667017e-04 1.22268499e-02 7.23995703e-04
 2.43569508e-02 1.48820102e-02 2.87516472e-04 1.80682913e-11
 8.04745492e-04 1.36420435e-04 1.36129460e-03 5.57442876e-11
 6.35585330e-04 2.34800871e-04 6.00773380e-03 2.37968485e-04
 1.25676594e-03 9.23500451e-04 1.40090955e-02 9.22585463e-04
 7.13927197e-02 1.84802289e-03 2.55863867e-02 1.42856533e-02
 1.69263222e-05 9.39719928e-07 2.13265373e-06 1.43760880e-06
 1.21092023e-05 4.97267172e-07 8.19536034e-07 9.84171827e-07
 3.39579777e-06 2.37535511e-07 3.23875377e-07 7.36091625e-07
 3.30525627e-06 2.01828792e-07 5.78647737e-07 8.03331541e-07
 1.62925719e+00 3.15762957e-02 8.60079443e-02 4.93637735e-02
 7.21810998e-01 4.33199083e-02 6.33783085e-02 6.16182964e-02
 6.65606251e-01 4.57455629e-02 9.12605713e-02 1.17223597e-01
 1.02672805e+00 6.24547010e-02 2.04741541e-01 1.91130024e-01
 1.09425412e+00 3.49349872e-02 6.62195194e-02 2.85426131e-02
 6.69939566e-01 3.05300783e-02 5.21806064e-02 2.58111310e-02
 5.74006620e-01 2.49774394e-02 6.61304880e-02 4.42441436e-02
 7.32961922e-01 3.70568685e-02 1.65443052e-01 2.04075857e-01
 7.10067018e-06 7.85811170e-07 1.30268377e-05 1.42780239e-06
 6.54530086e-05 2.44868896e-07 9.81774270e-01 5.10681723e-02
 8.96843977e-01 2.59887545e-02 1.91401690e+00 2.68388393e-02
 1.45664502e+00 1.63503680e-01 1.75297813e+00 3.20109960e-01
 3.63436075e+00 7.67235650e-01]
train  L_V                   = +0.0000 (0.0%)
 train    L_V_attractive      = +0.0000 (0.0%)
 train      L_V_attractive_charged      = +0.0000 (0.0%)
 train      L_V_attractive_neutral      = +0.0000 (0.0%)
 train    L_V_repulsive       = +0.0000 (0.0%)
 train      L_V_repulsive_charged       = +0.0000 (0.0%)
 train      L_V_repulsive_neutral       = +0.0000 (0.0%)
 train    L_charged_cluster   = +0.0000 (0.0%)
 train  L_beta              = -0.3331 (-16.2%)
 train    L_beta_noise        = +0.0000 (0.0%)
 train    L_beta_sig          = -0.9956 (-48.4%)
 train    L_beta_suppress     = +0.0000 (0.0%)
 train    L_beta_track        = +0.6624 (32.2%)
 train      L_beta_norms_term   = -0.9956 (-48.4%)
 train      L_beta_logbeta_term = +0.0000 (0.0%)
 train  L_E   = +2.3912 (116.2%)
 train    L_E_charge = +0.0000 (0.0%)
 train    L_E_cond = +1.2313 (59.8%)
 train    L_E_cluster = +1.1599 (56.4%)
 train    L_E_w_photon   = +0.0000 (0.0%)
 train    L_E_w_charged_hadron   = +0.0000 (0.0%)
 train    L_E_w_neutral_hadron   = +0.0000 (0.0%)
 train    L_E_w_muon     = +0.0000 (0.0%)
 train    L_E_w_electron = +0.0000 (0.0%)
learning rate :  [0.00039890465297888624, 0.00039563061276672447, 0.000390213750433216, 0.00038271341425563806, 0.0003732117794866986, 0.00036181294802527074, 0.000348641807854205, 0.0003338426647414537, 0.00031760148556057003, 0.00030002500000000004, 0.0002813769917830063, 0.00026183794802527076, 0.00024162194257901096, 0.00022095046623036733, 0.00020005, 0.00017914953376963274, 0.00015847805742098906, 0.0001382620519747293, 0.00011872300821699378, 0.00010007500000000005, 8.252233880412002e-05, 6.625733525854636e-05, 5.1458192145795003e-05, 3.8287051974729284e-05, 2.688822051330148e-05, 1.7386585744361935e-05, 9.886249566784053e-06, 4.469387233275552e-06, 1.1953470211137557e-06, 1.0000216881466588e-07, 0.0003990946109184883, 0.0003963866430176782, 0.0003919006200742188, 0.0003856771682065637, 0.00037777264795855195, 0.0003682586438895947, 0.00035722131629382036, 0.00034476062091910877, 0.0003309894037523598, 0.00031603237906876113, 0.00030002500000000004, 0.0002831122318497272, 0.00026544723926531853, 0.00024718999915511003, 0.00022850585191274341, 0.00020956400406895733, 0.00019053599593104275, 0.00017159414808725666, 0.00015291000084489, 0.00013465276073468155, 0.00011698776815027284, 0.00010007500000000005, 8.406762093123896e-05, 6.911059624764027e-05, 5.5339379080891216e-05, 4.287868370617969e-05, 3.18413561104053e-05, 2.2327352041448074e-05, 1.4422831793436292e-05, 8.199379925781274e-06]
train loss :  3.0580813884735107
test   L_V                   = +0.0000 (0.0%)
    L_V_attractive      = +0.0000 (0.0%)
      L_V_attractive_charged      = +0.0000 (0.0%)
      L_V_attractive_neutral      = +0.0000 (0.0%)
    L_V_repulsive       = +0.0000 (0.0%)
      L_V_repulsive_charged       = +0.0000 (0.0%)
      L_V_repulsive_neutral       = +0.0000 (0.0%)
    L_charged_cluster   = +0.0000 (0.0%)
  L_beta              = -0.3584 (-17.5%)
    L_beta_noise        = +0.0000 (0.0%)
    L_beta_sig          = -0.9954 (-48.7%)
    L_beta_suppress     = +0.0000 (0.0%)
    L_beta_track        = +0.6370 (31.2%)
      L_beta_norms_term   = -0.9954 (-48.7%)
      L_beta_logbeta_term = +0.0000 (0.0%)
  L_E   = +2.4029 (117.5%)
    L_E_charge = +0.0000 (0.0%)
    L_E_cond = +1.2812 (62.7%)
    L_E_cluster = +1.1216 (54.9%)
    L_E_w_photon   = +0.0000 (0.0%)
    L_E_w_charged_hadron   = +0.0000 (0.0%)
    L_E_w_neutral_hadron   = +0.0000 (0.0%)
    L_E_w_muon     = +0.0000 (0.0%)
    L_E_w_electron = +0.0000 (0.0%)
Epoch 59
Pretraining energy response (E_pred / E_true) by true-energy bin:
  1-50 GeV: n=22369 Mean=1.523339 Std=1.407940 RMS90=0.463019
  50-150 GeV: n=21867 Mean=0.868105 Std=0.225282 RMS90=0.186924
  >150 GeV: n=70 Mean=0.812007 Std=0.209555 RMS90=0.181213
Pretraining energy response by particle species:
  Neutron: n=11095 Mean=0.950893 Std=0.122752 RMS90=0.077256
  K0: n=11257 Mean=1.004594 Std=0.147495 RMS90=0.079204
  Photon: n=6167 Mean=1.000057 Std=0.076000 RMS90=0.037334
  Pion: n=13008 Mean=1.527683 Std=1.457016 RMS90=0.735747
  Electron: n=782 Mean=2.259926 Std=2.419057 RMS90=1.165441
  Muon: n=1998 Mean=1.727735 Std=2.587697 RMS90=0.542353
Returning 3.0444188117980957
Training epoch 60
[4.76662350e-01 2.58210632e-01 4.45991540e+00 6.19275117e-02
 2.22441342e-01 6.89527680e-08 1.79265897e+00 5.25108419e-02
 2.80609913e+00 1.83104609e-08 2.66341401e-01 1.49857846e-01
 2.34523539e+00 1.36219163e-01 2.32557148e-01 1.36058572e-01
 2.14204846e+00 1.35834724e-01 3.95408159e+00 9.50082838e-02
 3.08113140e-01 3.85077263e-02 2.00776511e-01 7.65180566e-09
 3.00688987e-01 9.49737000e-03 2.42021967e-01 3.68771220e-09
 2.05004767e-02 6.43666971e-02 1.05128185e-01 2.33605782e-02
 3.03914404e-02 5.47406588e-02 1.80708255e-01 2.42241953e-02
 2.04179575e-01 1.19740888e-02 3.63680496e-02 1.88153401e-02
 3.55632691e-03 7.77139367e-10 5.09357317e-02 2.85256250e-03
 3.97835801e-02 1.05509139e-09 1.99259584e-03 1.09875042e-02
 3.79113845e-03 1.69323724e-03 2.55467862e-04 1.68463586e-03
 1.13460044e-03 3.95718387e-04 1.26573067e-02 7.48011256e-04
 2.49484290e-02 1.49017011e-02 3.32205591e-04 2.13156432e-11
 8.46878398e-04 1.45169875e-04 1.37822044e-03 6.22078327e-11
 6.61296503e-04 2.29425842e-04 6.41874133e-03 2.44129654e-04
 1.34814166e-03 9.41787949e-04 1.51564632e-02 9.54035651e-04
 7.59482409e-02 1.89879302e-03 2.62404569e-02 1.43051070e-02
 5.98982277e-06 3.59127153e-07 6.29320396e-07 1.79161976e-07
 2.38299981e-06 6.83705711e-08 1.87419797e-07 1.38857593e-07
 7.00201079e-07 3.95077694e-08 6.96803617e-08 6.56157757e-08
 8.96067419e-07 4.88657023e-08 1.64562629e-07 1.28868108e-07
 1.64530656e+00 3.13503755e-02 8.67623633e-02 5.05035375e-02
 7.29546967e-01 4.42585382e-02 6.39853104e-02 6.27772722e-02
 6.70366902e-01 4.60911083e-02 9.11684183e-02 1.19327967e-01
 1.02590856e+00 6.24661244e-02 2.05105216e-01 1.93827801e-01
 1.11158533e+00 3.51182065e-02 6.66667662e-02 2.79724922e-02
 6.72376550e-01 3.02580200e-02 5.21592162e-02 2.52191368e-02
 5.76005173e-01 2.46896173e-02 6.56858851e-02 4.43832674e-02
 7.31618316e-01 3.66484636e-02 1.61864972e-01 1.96552940e-01
 2.15454834e-06 1.77918481e-07 4.39335525e-06 2.79514518e-07
 2.10633783e-05 4.55654239e-08 9.76144044e-01 5.10513092e-02
 9.10175735e-01 2.54787687e-02 1.96059879e+00 2.64189485e-02
 1.44666179e+00 1.58969803e-01 1.71725139e+00 3.13089061e-01
 3.51054062e+00 7.49277239e-01]
train  L_V                   = +0.0000 (0.0%)
 train    L_V_attractive      = +0.0000 (0.0%)
 train      L_V_attractive_charged      = +0.0000 (0.0%)
 train      L_V_attractive_neutral      = +0.0000 (0.0%)
 train    L_V_repulsive       = +0.0000 (0.0%)
 train      L_V_repulsive_charged       = +0.0000 (0.0%)
 train      L_V_repulsive_neutral       = +0.0000 (0.0%)
 train    L_charged_cluster   = +0.0000 (0.0%)
 train  L_beta              = -0.3330 (-16.3%)
 train    L_beta_noise        = +0.0000 (0.0%)
 train    L_beta_sig          = -0.9956 (-48.7%)
 train    L_beta_suppress     = +0.0000 (0.0%)
 train    L_beta_track        = +0.6626 (32.4%)
 train      L_beta_norms_term   = -0.9956 (-48.7%)
 train      L_beta_logbeta_term = +0.0000 (0.0%)
 train  L_E   = +2.3778 (116.3%)
 train    L_E_charge = +0.0000 (0.0%)
 train    L_E_cond = +1.2216 (59.7%)
 train    L_E_cluster = +1.1562 (56.5%)
 train    L_E_w_photon   = +0.0000 (0.0%)
 train    L_E_w_charged_hadron   = +0.0000 (0.0%)
 train    L_E_w_neutral_hadron   = +0.0000 (0.0%)
 train    L_E_w_muon     = +0.0000 (0.0%)
 train    L_E_w_electron = +0.0000 (0.0%)
learning rate :  [0.00039890465297888624, 0.00039563061276672447, 0.000390213750433216, 0.00038271341425563806, 0.0003732117794866986, 0.00036181294802527074, 0.000348641807854205, 0.0003338426647414537, 0.00031760148556057003, 0.00030002500000000004, 0.0002813769917830063, 0.00026183794802527076, 0.00024162194257901096, 0.00022095046623036733, 0.00020005, 0.00017914953376963274, 0.00015847805742098906, 0.0001382620519747293, 0.00011872300821699378, 0.00010007500000000005, 8.252233880412002e-05, 6.625733525854636e-05, 5.1458192145795003e-05, 3.8287051974729284e-05, 2.688822051330148e-05, 1.7386585744361935e-05, 9.886249566784053e-06, 4.469387233275552e-06, 1.1953470211137557e-06, 1.0000216881466588e-07, 0.0003990946109184883, 0.0003963866430176782, 0.0003919006200742188, 0.0003856771682065637, 0.00037777264795855195, 0.0003682586438895947, 0.00035722131629382036, 0.00034476062091910877, 0.0003309894037523598, 0.00031603237906876113, 0.00030002500000000004, 0.0002831122318497272, 0.00026544723926531853, 0.00024718999915511003, 0.00022850585191274341, 0.00020956400406895733, 0.00019053599593104275, 0.00017159414808725666, 0.00015291000084489, 0.00013465276073468155, 0.00011698776815027284, 0.00010007500000000005, 8.406762093123896e-05, 6.911059624764027e-05, 5.5339379080891216e-05, 4.287868370617969e-05, 3.18413561104053e-05, 2.2327352041448074e-05, 1.4422831793436292e-05, 8.199379925781274e-06, 3.713356982321794e-06]
train loss :  3.0447545051574707
test   L_V                   = +0.0000 (0.0%)
    L_V_attractive      = +0.0000 (0.0%)
      L_V_attractive_charged      = +0.0000 (0.0%)
      L_V_attractive_neutral      = +0.0000 (0.0%)
    L_V_repulsive       = +0.0000 (0.0%)
      L_V_repulsive_charged       = +0.0000 (0.0%)
      L_V_repulsive_neutral       = +0.0000 (0.0%)
    L_charged_cluster   = +0.0000 (0.0%)
  L_beta              = -0.3584 (-15.8%)
    L_beta_noise        = +0.0000 (0.0%)
    L_beta_sig          = -0.9954 (-43.8%)
    L_beta_suppress     = +0.0000 (0.0%)
    L_beta_track        = +0.6370 (28.0%)
      L_beta_norms_term   = -0.9954 (-43.8%)
      L_beta_logbeta_term = +0.0000 (0.0%)
  L_E   = +2.6302 (115.8%)
    L_E_charge = +0.0000 (0.0%)
    L_E_cond = +1.4824 (65.3%)
    L_E_cluster = +1.1478 (50.5%)
    L_E_w_photon   = +0.0000 (0.0%)
    L_E_w_charged_hadron   = +0.0000 (0.0%)
    L_E_w_neutral_hadron   = +0.0000 (0.0%)
    L_E_w_muon     = +0.0000 (0.0%)
    L_E_w_electron = +0.0000 (0.0%)
Epoch 60
Pretraining energy response (E_pred / E_true) by true-energy bin:
  1-50 GeV: n=22369 Mean=1.709796 Std=2.242889 RMS90=0.476597
  50-150 GeV: n=21867 Mean=0.851344 Std=0.218849 RMS90=0.186143
  >150 GeV: n=70 Mean=0.813074 Std=0.183062 RMS90=0.158846
Pretraining energy response by particle species:
  Neutron: n=11095 Mean=0.939433 Std=0.121977 RMS90=0.076943
  K0: n=11257 Mean=0.991539 Std=0.142838 RMS90=0.078290
  Photon: n=6167 Mean=0.987287 Std=0.068934 RMS90=0.038492
  Pion: n=13008 Mean=1.704882 Std=2.142743 RMS90=0.775811
  Electron: n=782 Mean=2.991204 Std=4.195038 RMS90=1.746240
  Muon: n=1998 Mean=2.368289 Std=4.365494 RMS90=0.713685
Returning 3.271848201751709
Training epoch 61
[4.76591185e-01 2.67647737e-01 4.39684263e+00 6.35867581e-02
 2.25827684e-01 6.83003752e-08 1.79555470e+00 5.37610849e-02
 2.77627834e+00 1.82905663e-08 2.59621709e-01 1.48544209e-01
 2.30194637e+00 1.36476148e-01 2.32438621e-01 1.36023628e-01
 2.13042782e+00 1.36347034e-01 3.96826387e+00 9.45702637e-02
 3.04297969e-01 3.85669678e-02 2.10884666e-01 7.74525126e-09
 2.94824413e-01 9.13708930e-03 2.32041611e-01 3.66741605e-09
 2.00191680e-02 6.54461455e-02 1.05458286e-01 2.33817003e-02
 2.97219549e-02 5.44321346e-02 1.77650006e-01 2.40989200e-02
 2.02985233e-01 1.19244127e-02 3.58217709e-02 1.94226064e-02
 3.82190104e-03 8.17825710e-10 5.05444781e-02 2.90480150e-03
 3.86024235e-02 1.07122906e-09 1.94395193e-03 1.13313907e-02
 3.69392357e-03 1.74226772e-03 2.49823249e-04 1.73368230e-03
 1.12044222e-03 4.03637780e-04 1.23985585e-02 7.35917781e-04
 2.40625001e-02 1.49420871e-02 3.49142599e-04 2.15137084e-11
 8.43289837e-04 1.43944386e-04 1.40663775e-03 6.31802833e-11
 6.73362387e-04 2.39964847e-04 6.56576919e-03 2.48880788e-04
 1.38251835e-03 9.78861658e-04 1.56670974e-02 9.80535131e-04
 7.98679187e-02 1.92382508e-03 2.51204530e-02 1.43870951e-02
 6.47612413e-06 3.15286959e-07 7.39612807e-07 3.44822982e-07
 3.80957267e-06 1.21289405e-07 2.78420509e-07 3.12984163e-07
 1.09903735e-06 7.71621283e-08 1.11939501e-07 1.97147107e-07
 1.32398678e-06 7.56488529e-08 2.53093711e-07 2.59857993e-07
 1.65086808e+00 3.16236316e-02 8.75160404e-02 5.08441733e-02
 7.29562735e-01 4.45116703e-02 6.36390633e-02 6.22698684e-02
 6.64474599e-01 4.64702559e-02 9.02143369e-02 1.18347585e-01
 1.01558289e+00 6.26048662e-02 2.03763588e-01 1.93792152e-01
 1.05522653e+00 3.48001301e-02 6.33977934e-02 2.79345930e-02
 6.44019472e-01 2.95975902e-02 4.99056051e-02 2.48256315e-02
 5.51839225e-01 2.41569590e-02 6.27107190e-02 4.32628624e-02
 6.99485982e-01 3.55870913e-02 1.60996519e-01 1.99567794e-01
 3.09975089e-06 3.01635768e-07 5.84389508e-06 6.41122958e-07
 2.82273735e-05 5.74721245e-08 9.71430258e-01 5.13100388e-02
 9.01777232e-01 2.60847438e-02 1.94928859e+00 2.70546092e-02
 1.39678896e+00 1.59739252e-01 1.70895236e+00 3.14940417e-01
 3.59073576e+00 7.58569887e-01]
train  L_V                   = +0.0000 (0.0%)
 train    L_V_attractive      = +0.0000 (0.0%)
 train      L_V_attractive_charged      = +0.0000 (0.0%)
 train      L_V_attractive_neutral      = +0.0000 (0.0%)
 train    L_V_repulsive       = +0.0000 (0.0%)
 train      L_V_repulsive_charged       = +0.0000 (0.0%)
 train      L_V_repulsive_neutral       = +0.0000 (0.0%)
 train    L_charged_cluster   = +0.0000 (0.0%)
 train  L_beta              = -0.3335 (-16.2%)
 train    L_beta_noise        = +0.0000 (0.0%)
 train    L_beta_sig          = -0.9956 (-48.4%)
 train    L_beta_suppress     = +0.0000 (0.0%)
 train    L_beta_track        = +0.6621 (32.2%)
 train      L_beta_norms_term   = -0.9956 (-48.4%)
 train      L_beta_logbeta_term = +0.0000 (0.0%)
 train  L_E   = +2.3918 (116.2%)
 train    L_E_charge = +0.0000 (0.0%)
 train    L_E_cond = +1.2321 (59.9%)
 train    L_E_cluster = +1.1598 (56.3%)
 train    L_E_w_photon   = +0.0000 (0.0%)
 train    L_E_w_charged_hadron   = +0.0000 (0.0%)
 train    L_E_w_neutral_hadron   = +0.0000 (0.0%)
 train    L_E_w_muon     = +0.0000 (0.0%)
 train    L_E_w_electron = +0.0000 (0.0%)
learning rate :  [0.00039890465297888624, 0.00039563061276672447, 0.000390213750433216, 0.00038271341425563806, 0.0003732117794866986, 0.00036181294802527074, 0.000348641807854205, 0.0003338426647414537, 0.00031760148556057003, 0.00030002500000000004, 0.0002813769917830063, 0.00026183794802527076, 0.00024162194257901096, 0.00022095046623036733, 0.00020005, 0.00017914953376963274, 0.00015847805742098906, 0.0001382620519747293, 0.00011872300821699378, 0.00010007500000000005, 8.252233880412002e-05, 6.625733525854636e-05, 5.1458192145795003e-05, 3.8287051974729284e-05, 2.688822051330148e-05, 1.7386585744361935e-05, 9.886249566784053e-06, 4.469387233275552e-06, 1.1953470211137557e-06, 1.0000216881466588e-07, 0.0003990946109184883, 0.0003963866430176782, 0.0003919006200742188, 0.0003856771682065637, 0.00037777264795855195, 0.0003682586438895947, 0.00035722131629382036, 0.00034476062091910877, 0.0003309894037523598, 0.00031603237906876113, 0.00030002500000000004, 0.0002831122318497272, 0.00026544723926531853, 0.00024718999915511003, 0.00022850585191274341, 0.00020956400406895733, 0.00019053599593104275, 0.00017159414808725666, 0.00015291000084489, 0.00013465276073468155, 0.00011698776815027284, 0.00010007500000000005, 8.406762093123896e-05, 6.911059624764027e-05, 5.5339379080891216e-05, 4.287868370617969e-05, 3.18413561104053e-05, 2.2327352041448074e-05, 1.4422831793436292e-05, 8.199379925781274e-06, 3.713356982321794e-06, 1.0053890815117365e-06]
train loss :  3.058363914489746
test   L_V                   = +0.0000 (0.0%)
    L_V_attractive      = +0.0000 (0.0%)
      L_V_attractive_charged      = +0.0000 (0.0%)
      L_V_attractive_neutral      = +0.0000 (0.0%)
    L_V_repulsive       = +0.0000 (0.0%)
      L_V_repulsive_charged       = +0.0000 (0.0%)
      L_V_repulsive_neutral       = +0.0000 (0.0%)
    L_charged_cluster   = +0.0000 (0.0%)
  L_beta              = -0.3584 (-12.6%)
    L_beta_noise        = +0.0000 (0.0%)
    L_beta_sig          = -0.9954 (-34.9%)
    L_beta_suppress     = +0.0000 (0.0%)
    L_beta_track        = +0.6370 (22.3%)
      L_beta_norms_term   = -0.9954 (-34.9%)
      L_beta_logbeta_term = +0.0000 (0.0%)
  L_E   = +3.2131 (112.6%)
    L_E_charge = +0.0000 (0.0%)
    L_E_cond = +1.7104 (59.9%)
    L_E_cluster = +1.5027 (52.6%)
    L_E_w_photon   = +0.0000 (0.0%)
    L_E_w_charged_hadron   = +0.0000 (0.0%)
    L_E_w_neutral_hadron   = +0.0000 (0.0%)
    L_E_w_muon     = +0.0000 (0.0%)
    L_E_w_electron = +0.0000 (0.0%)
Epoch 61
Pretraining energy response (E_pred / E_true) by true-energy bin:
  1-50 GeV: n=22369 Mean=2.199657 Std=3.023168 RMS90=0.842436
  50-150 GeV: n=21867 Mean=0.829478 Std=0.267143 RMS90=0.237134
  >150 GeV: n=70 Mean=0.757623 Std=0.256388 RMS90=0.225990
Pretraining energy response by particle species:
  Neutron: n=11095 Mean=0.966968 Std=0.127177 RMS90=0.078762
  K0: n=11257 Mean=1.024120 Std=0.162190 RMS90=0.088409
  Photon: n=6167 Mean=1.059875 Std=0.125674 RMS90=0.058860
  Pion: n=13008 Mean=2.294213 Std=3.057276 RMS90=1.342823
  Electron: n=782 Mean=3.972233 Std=5.231953 RMS90=2.846405
  Muon: n=1998 Mean=2.830649 Std=5.472987 RMS90=1.128316
Returning 3.854644775390625
Training epoch 62
[4.86397384e-01 2.51239172e-01 4.38911244e+00 6.12601078e-02
 2.10439159e-01 6.87962084e-08 1.79553967e+00 5.23695966e-02
 2.77342613e+00 1.77709610e-08 2.61482556e-01 1.46125118e-01
 2.31125485e+00 1.35089723e-01 2.32450576e-01 1.38327322e-01
 2.13230991e+00 1.37376681e-01 3.95860735e+00 9.61799007e-02
 3.03880660e-01 3.80311269e-02 2.19828716e-01 8.19555650e-09
 3.01540944e-01 9.53310340e-03 2.47675996e-01 3.77872101e-09
 2.06689829e-02 6.34258369e-02 1.07354340e-01 2.34620229e-02
 3.00746082e-02 5.43044544e-02 1.79202396e-01 2.41986634e-02
 2.05595868e-01 1.20610980e-02 3.64454088e-02 1.88492450e-02
 3.76892705e-03 9.33288839e-10 5.32078013e-02 2.64113348e-03
 3.95647659e-02 1.11564077e-09 1.99622941e-03 1.15465703e-02
 3.79795363e-03 1.77877148e-03 2.54047964e-04 1.76971430e-03
 1.14537589e-03 4.18529167e-04 1.29199002e-02 7.72618904e-04
 2.47183964e-02 1.47550580e-02 3.66114719e-04 2.26017140e-11
 8.74234446e-04 1.46025148e-04 1.43775377e-03 6.48115644e-11
 6.98290552e-04 2.45774716e-04 6.76760214e-03 2.55163560e-04
 1.44015038e-03 9.66715794e-04 1.62750256e-02 9.80899819e-04
 8.18510226e-02 1.89243023e-03 2.60123751e-02 1.42536724e-02
 1.32393560e-05 8.07759108e-07 1.69533852e-06 5.44250797e-07
 7.37501070e-06 2.21368005e-07 5.55852323e-07 5.58522511e-07
 1.93238523e-06 1.34383493e-07 1.91286429e-07 2.60975735e-07
 1.95123328e-06 1.06460316e-07 3.73575336e-07 4.41121364e-07
 1.61784164e+00 3.13057342e-02 8.78005628e-02 5.05875056e-02
 7.34439577e-01 4.42545279e-02 6.38167405e-02 5.92724416e-02
 6.67715228e-01 4.51053978e-02 8.94442550e-02 1.13507271e-01
 1.00788288e+00 6.18032192e-02 2.02579773e-01 1.88708258e-01
 1.07676467e+00 3.43716730e-02 6.50251128e-02 2.77801183e-02
 6.57535447e-01 2.97641367e-02 5.16301890e-02 2.53130909e-02
 5.64937863e-01 2.45492618e-02 6.42072028e-02 4.40139535e-02
 7.15035580e-01 3.61026242e-02 1.63513352e-01 1.97738924e-01
 4.35249676e-06 4.80672259e-07 6.50651327e-06 8.40534902e-07
 3.09458111e-05 3.00090261e-07 9.55035562e-01 5.04921471e-02
 8.74707548e-01 2.58830043e-02 1.93764500e+00 2.68705579e-02
 1.42450481e+00 1.59594801e-01 1.72687495e+00 3.17802638e-01
 3.60098393e+00 7.65606931e-01]
train  L_V                   = +0.0000 (0.0%)
 train    L_V_attractive      = +0.0000 (0.0%)
 train      L_V_attractive_charged      = +0.0000 (0.0%)
 train      L_V_attractive_neutral      = +0.0000 (0.0%)
 train    L_V_repulsive       = +0.0000 (0.0%)
 train      L_V_repulsive_charged       = +0.0000 (0.0%)
 train      L_V_repulsive_neutral       = +0.0000 (0.0%)
 train    L_charged_cluster   = +0.0000 (0.0%)
 train  L_beta              = -0.3333 (-16.3%)
 train    L_beta_noise        = +0.0000 (0.0%)
 train    L_beta_sig          = -0.9956 (-48.8%)
 train    L_beta_suppress     = +0.0000 (0.0%)
 train    L_beta_track        = +0.6623 (32.4%)
 train      L_beta_norms_term   = -0.9956 (-48.8%)
 train      L_beta_logbeta_term = +0.0000 (0.0%)
 train  L_E   = +2.3748 (116.3%)
 train    L_E_charge = +0.0000 (0.0%)
 train    L_E_cond = +1.2204 (59.8%)
 train    L_E_cluster = +1.1543 (56.5%)
 train    L_E_w_photon   = +0.0000 (0.0%)
 train    L_E_w_charged_hadron   = +0.0000 (0.0%)
 train    L_E_w_neutral_hadron   = +0.0000 (0.0%)
 train    L_E_w_muon     = +0.0000 (0.0%)
 train    L_E_w_electron = +0.0000 (0.0%)
learning rate :  [0.00039890465297888624, 0.00039563061276672447, 0.000390213750433216, 0.00038271341425563806, 0.0003732117794866986, 0.00036181294802527074, 0.000348641807854205, 0.0003338426647414537, 0.00031760148556057003, 0.00030002500000000004, 0.0002813769917830063, 0.00026183794802527076, 0.00024162194257901096, 0.00022095046623036733, 0.00020005, 0.00017914953376963274, 0.00015847805742098906, 0.0001382620519747293, 0.00011872300821699378, 0.00010007500000000005, 8.252233880412002e-05, 6.625733525854636e-05, 5.1458192145795003e-05, 3.8287051974729284e-05, 2.688822051330148e-05, 1.7386585744361935e-05, 9.886249566784053e-06, 4.469387233275552e-06, 1.1953470211137557e-06, 1.0000216881466588e-07, 0.0003990946109184883, 0.0003963866430176782, 0.0003919006200742188, 0.0003856771682065637, 0.00037777264795855195, 0.0003682586438895947, 0.00035722131629382036, 0.00034476062091910877, 0.0003309894037523598, 0.00031603237906876113, 0.00030002500000000004, 0.0002831122318497272, 0.00026544723926531853, 0.00024718999915511003, 0.00022850585191274341, 0.00020956400406895733, 0.00019053599593104275, 0.00017159414808725666, 0.00015291000084489, 0.00013465276073468155, 0.00011698776815027284, 0.00010007500000000005, 8.406762093123896e-05, 6.911059624764027e-05, 5.5339379080891216e-05, 4.287868370617969e-05, 3.18413561104053e-05, 2.2327352041448074e-05, 1.4422831793436292e-05, 8.199379925781274e-06, 3.713356982321794e-06, 1.0053890815117365e-06, 1e-07]
train loss :  3.0415091514587402
test   L_V                   = +0.0000 (0.0%)
    L_V_attractive      = +0.0000 (0.0%)
      L_V_attractive_charged      = +0.0000 (0.0%)
      L_V_attractive_neutral      = +0.0000 (0.0%)
    L_V_repulsive       = +0.0000 (0.0%)
      L_V_repulsive_charged       = +0.0000 (0.0%)
      L_V_repulsive_neutral       = +0.0000 (0.0%)
    L_charged_cluster   = +0.0000 (0.0%)
  L_beta              = -0.3584 (-17.7%)
    L_beta_noise        = +0.0000 (0.0%)
    L_beta_sig          = -0.9954 (-49.2%)
    L_beta_suppress     = +0.0000 (0.0%)
    L_beta_track        = +0.6370 (31.5%)
      L_beta_norms_term   = -0.9954 (-49.2%)
      L_beta_logbeta_term = +0.0000 (0.0%)
  L_E   = +2.3821 (117.7%)
    L_E_charge = +0.0000 (0.0%)
    L_E_cond = +1.2694 (62.7%)
    L_E_cluster = +1.1127 (55.0%)
    L_E_w_photon   = +0.0000 (0.0%)
    L_E_w_charged_hadron   = +0.0000 (0.0%)
    L_E_w_neutral_hadron   = +0.0000 (0.0%)
    L_E_w_muon     = +0.0000 (0.0%)
    L_E_w_electron = +0.0000 (0.0%)
Epoch 62
Pretraining energy response (E_pred / E_true) by true-energy bin:
  1-50 GeV: n=22369 Mean=1.733463 Std=2.509185 RMS90=0.399285
  50-150 GeV: n=21867 Mean=0.841886 Std=0.253956 RMS90=0.228846
  >150 GeV: n=70 Mean=0.840249 Std=0.175992 RMS90=0.138459
Pretraining energy response by particle species:
  Neutron: n=11095 Mean=0.957862 Std=0.125520 RMS90=0.077734
  K0: n=11257 Mean=1.011950 Std=0.150422 RMS90=0.080232
  Photon: n=6167 Mean=1.002050 Std=0.069226 RMS90=0.037135
  Pion: n=13008 Mean=1.674213 Std=2.504695 RMS90=0.718866
  Electron: n=782 Mean=2.528442 Std=3.716728 RMS90=1.489451
  Muon: n=1998 Mean=2.648722 Std=4.940671 RMS90=0.875251
Returning 3.023632764816284
Training epoch 63
[4.73528540e-01 2.84327861e-01 3.79000655e+00 6.75518990e-02
 2.26380863e-01 4.89554196e-08 1.72972390e+00 5.65750566e-02
 2.65988567e+00 1.39473151e-08 2.41803579e-01 1.37941633e-01
 2.06912076e+00 1.26010274e-01 2.08622206e-01 1.24760579e-01
 1.92299492e+00 1.24390859e-01 3.48339653e+00 1.00418010e-01
 2.65883240e-01 4.71382582e-02 3.00590468e-01 1.22213836e-08
 2.89862483e-01 1.48304481e-02 2.45131167e-01 3.66110092e-09
 1.82410371e-02 5.37905656e-02 7.48675425e-02 1.51093573e-02
 1.95093055e-02 3.06705463e-02 1.13073566e-01 1.38771462e-02
 1.68689561e-01 9.70806245e-03 3.38826648e-02 1.86264461e-02
 7.66053579e-03 1.29177144e-09 4.75327372e-02 3.33686747e-03
 3.40821987e-02 1.02624044e-09 1.84352949e-03 1.13365932e-02
 3.55552280e-03 1.76120643e-03 2.32009542e-04 1.77654188e-03
 1.00300760e-03 3.82583417e-04 9.92050444e-03 5.86423308e-04
 2.47963966e-02 1.37622975e-02 3.22358176e-04 2.31255736e-11
 1.62306241e-03 1.39199050e-04 2.04698019e-03 4.69914757e-11
 4.31910988e-04 4.13991855e-04 3.71537239e-03 2.19159525e-04
 6.26711996e-04 5.52510932e-04 7.52993689e-03 5.22453148e-04
 3.78981632e-02 1.18781574e-03 2.61523376e-02 1.29478630e-02
 8.65707627e-04 1.18184125e-05 3.04006719e-05 2.21600558e-05
 1.28657733e-04 7.13347041e-06 9.84219210e-06 1.47184740e-05
 3.81391463e-05 3.86325185e-06 5.95810990e-06 6.33029554e-06
 7.64812944e-05 3.16171032e-06 1.25132612e-05 1.24395319e-05
 1.36543624e+00 2.80684982e-02 7.60388393e-02 4.32582566e-02
 6.45524590e-01 3.54409783e-02 5.66615600e-02 4.84032015e-02
 5.93072946e-01 3.64371637e-02 8.47540756e-02 9.29164685e-02
 9.30416812e-01 5.18907631e-02 1.82298015e-01 1.87081740e-01
 1.00307816e+00 3.37997533e-02 6.27510147e-02 3.13112472e-02
 6.36971527e-01 2.98251565e-02 5.05348645e-02 2.89516819e-02
 5.49990136e-01 2.57223467e-02 6.78715958e-02 5.06575089e-02
 7.50991610e-01 4.19962577e-02 2.00951844e-01 2.65380256e-01
 1.79105612e-04 1.65292160e-05 3.36966508e-04 3.56077979e-05
 7.68625121e-04 5.07778812e-06 8.91443621e-01 5.09778835e-02
 7.44187019e-01 2.41534696e-02 1.56863446e+00 2.44797675e-02
 1.72006032e+00 2.05860926e-01 2.24562021e+00 3.98765222e-01
 4.70694648e+00 9.63873267e-01]
train  L_V                   = +0.0000 (0.0%)
 train    L_V_attractive      = +0.0000 (0.0%)
 train      L_V_attractive_charged      = +0.0000 (0.0%)
 train      L_V_attractive_neutral      = +0.0000 (0.0%)
 train    L_V_repulsive       = +0.0000 (0.0%)
 train      L_V_repulsive_charged       = +0.0000 (0.0%)
 train      L_V_repulsive_neutral       = +0.0000 (0.0%)
 train    L_charged_cluster   = +0.0000 (0.0%)
 train  L_beta              = -0.3336 (-14.1%)
 train    L_beta_noise        = +0.0000 (0.0%)
 train    L_beta_sig          = -0.9956 (-42.1%)
 train    L_beta_suppress     = +0.0000 (0.0%)
 train    L_beta_track        = +0.6619 (28.0%)
 train      L_beta_norms_term   = -0.9956 (-42.1%)
 train      L_beta_logbeta_term = +0.0000 (0.0%)
 train  L_E   = +2.6956 (114.1%)
 train    L_E_charge = +0.0000 (0.0%)
 train    L_E_cond = +1.4012 (59.3%)
 train    L_E_cluster = +1.2944 (54.8%)
 train    L_E_w_photon   = +0.0000 (0.0%)
 train    L_E_w_charged_hadron   = +0.0000 (0.0%)
 train    L_E_w_neutral_hadron   = +0.0000 (0.0%)
 train    L_E_w_muon     = +0.0000 (0.0%)
 train    L_E_w_electron = +0.0000 (0.0%)
learning rate :  [0.00039890465297888624, 0.00039563061276672447, 0.000390213750433216, 0.00038271341425563806, 0.0003732117794866986, 0.00036181294802527074, 0.000348641807854205, 0.0003338426647414537, 0.00031760148556057003, 0.00030002500000000004, 0.0002813769917830063, 0.00026183794802527076, 0.00024162194257901096, 0.00022095046623036733, 0.00020005, 0.00017914953376963274, 0.00015847805742098906, 0.0001382620519747293, 0.00011872300821699378, 0.00010007500000000005, 8.252233880412002e-05, 6.625733525854636e-05, 5.1458192145795003e-05, 3.8287051974729284e-05, 2.688822051330148e-05, 1.7386585744361935e-05, 9.886249566784053e-06, 4.469387233275552e-06, 1.1953470211137557e-06, 1.0000216881466588e-07, 0.0003990946109184883, 0.0003963866430176782, 0.0003919006200742188, 0.0003856771682065637, 0.00037777264795855195, 0.0003682586438895947, 0.00035722131629382036, 0.00034476062091910877, 0.0003309894037523598, 0.00031603237906876113, 0.00030002500000000004, 0.0002831122318497272, 0.00026544723926531853, 0.00024718999915511003, 0.00022850585191274341, 0.00020956400406895733, 0.00019053599593104275, 0.00017159414808725666, 0.00015291000084489, 0.00013465276073468155, 0.00011698776815027284, 0.00010007500000000005, 8.406762093123896e-05, 6.911059624764027e-05, 5.5339379080891216e-05, 4.287868370617969e-05, 3.18413561104053e-05, 2.2327352041448074e-05, 1.4422831793436292e-05, 8.199379925781274e-06, 3.713356982321794e-06, 1.0053890815117365e-06, 1e-07, 0.0003992796778340782]
train loss :  3.3620388507843018
test   L_V                   = +0.0000 (0.0%)
    L_V_attractive      = +0.0000 (0.0%)
      L_V_attractive_charged      = +0.0000 (0.0%)
      L_V_attractive_neutral      = +0.0000 (0.0%)
    L_V_repulsive       = +0.0000 (0.0%)
      L_V_repulsive_charged       = +0.0000 (0.0%)
      L_V_repulsive_neutral       = +0.0000 (0.0%)
    L_charged_cluster   = +0.0000 (0.0%)
  L_beta              = -0.3584 (-15.6%)
    L_beta_noise        = +0.0000 (0.0%)
    L_beta_sig          = -0.9954 (-43.4%)
    L_beta_suppress     = +0.0000 (0.0%)
    L_beta_track        = +0.6370 (27.8%)
      L_beta_norms_term   = -0.9954 (-43.4%)
      L_beta_logbeta_term = +0.0000 (0.0%)
  L_E   = +2.6497 (115.6%)
    L_E_charge = +0.0000 (0.0%)
    L_E_cond = +1.3399 (58.5%)
    L_E_cluster = +1.3098 (57.2%)
    L_E_w_photon   = +0.0000 (0.0%)
    L_E_w_charged_hadron   = +0.0000 (0.0%)
    L_E_w_neutral_hadron   = +0.0000 (0.0%)
    L_E_w_muon     = +0.0000 (0.0%)
    L_E_w_electron = +0.0000 (0.0%)
Epoch 63
Pretraining energy response (E_pred / E_true) by true-energy bin:
  1-50 GeV: n=22369 Mean=1.251722 Std=1.019387 RMS90=0.247841
  50-150 GeV: n=21867 Mean=0.840481 Std=0.227173 RMS90=0.192438
  >150 GeV: n=70 Mean=0.813151 Std=0.183958 RMS90=0.142048
Pretraining energy response by particle species:
  Neutron: n=11095 Mean=0.908005 Std=0.125456 RMS90=0.076532
  K0: n=11257 Mean=0.960168 Std=0.150873 RMS90=0.080389
  Photon: n=6167 Mean=0.982809 Std=0.067266 RMS90=0.038525
  Pion: n=13008 Mean=1.161444 Std=1.070089 RMS90=0.440780
  Electron: n=782 Mean=1.524205 Std=1.730298 RMS90=0.640863
  Muon: n=1998 Mean=1.598346 Std=1.908110 RMS90=0.519895
Returning 3.2912750244140625
Training epoch 64
[4.65665667e-01 2.66134870e-01 3.58124677e+00 6.46157124e-02
 2.34959434e-01 4.85005200e-08 1.63462977e+00 5.45475089e-02
 2.47525015e+00 1.27316685e-08 2.25722976e-01 1.32343506e-01
 1.91068941e+00 1.18439773e-01 1.95806786e-01 1.23811908e-01
 1.75642945e+00 1.18642821e-01 3.25837824e+00 9.84230435e-02
 2.58656116e-01 4.11710453e-02 1.80009712e-01 7.56322392e-09
 2.25680972e-01 1.19548449e-02 2.00732262e-01 2.86269831e-09
 1.35759866e-02 4.92283596e-02 4.20392365e-02 1.20526103e-02
 6.85942904e-03 1.80022539e-02 4.32204037e-02 7.67323299e-03
 1.13334303e-01 6.42821070e-03 2.59850992e-02 1.53046269e-02
 7.66389065e-03 1.28336298e-09 3.47688252e-02 1.38013967e-03
 2.25361941e-02 6.97890495e-10 1.47383783e-03 8.65270562e-03
 2.64271359e-03 1.37072938e-03 1.98892598e-04 1.42875698e-03
 7.93459091e-04 3.09803758e-04 6.36364879e-03 3.87115263e-04
 1.81483602e-02 1.26690620e-02 1.12573359e-04 8.75454457e-12
 4.60768358e-04 7.73657696e-05 7.17145891e-04 1.87390544e-11
 2.09837624e-04 1.34234032e-04 1.95545043e-03 1.14329171e-04
 3.90495056e-04 3.53182833e-04 4.49633254e-03 3.41505513e-04
 2.77520620e-02 9.87379284e-04 1.95500143e-02 1.16817628e-02
 5.39198228e-05 1.09739462e-06 3.01288480e-06 1.52203389e-06
 1.84507657e-05 7.97394955e-07 1.89176900e-06 1.80143331e-06
 8.27263768e-06 5.33079457e-07 1.17218562e-06 1.22089081e-06
 1.86608540e-05 8.70188528e-07 2.66131819e-06 1.67088195e-06
 1.13669581e+00 2.35525196e-02 6.64823965e-02 3.85945911e-02
 5.48293677e-01 3.14880346e-02 5.22926799e-02 4.59786418e-02
 5.13029166e-01 3.24350239e-02 7.72391388e-02 8.79507647e-02
 8.24167609e-01 4.81983331e-02 1.73948353e-01 1.70451883e-01
 8.71718905e-01 3.26704598e-02 5.86780708e-02 2.96761395e-02
 5.91642894e-01 2.78388493e-02 4.57464272e-02 2.71188384e-02
 5.17376392e-01 2.37845604e-02 6.68998412e-02 4.94942613e-02
 7.26740556e-01 4.09999542e-02 2.20429282e-01 3.01097164e-01
 4.80195886e-05 2.26877099e-06 6.05317596e-05 1.76412315e-06
 1.18553096e-04 3.67163374e-07 8.56608199e-01 4.60873418e-02
 7.42304740e-01 2.22957862e-02 1.58075289e+00 2.28768663e-02
 1.76479255e+00 2.26255579e-01 2.43008170e+00 4.35049429e-01
 5.29150097e+00 1.06120854e+00]
train  L_V                   = +0.0000 (0.0%)
 train    L_V_attractive      = +0.0000 (0.0%)
 train      L_V_attractive_charged      = +0.0000 (0.0%)
 train      L_V_attractive_neutral      = +0.0000 (0.0%)
 train    L_V_repulsive       = +0.0000 (0.0%)
 train      L_V_repulsive_charged       = +0.0000 (0.0%)
 train      L_V_repulsive_neutral       = +0.0000 (0.0%)
 train    L_charged_cluster   = +0.0000 (0.0%)
 train  L_beta              = -0.3335 (-14.2%)
 train    L_beta_noise        = +0.0000 (0.0%)
 train    L_beta_sig          = -0.9956 (-42.4%)
 train    L_beta_suppress     = +0.0000 (0.0%)
 train    L_beta_track        = +0.6620 (28.2%)
 train      L_beta_norms_term   = -0.9956 (-42.4%)
 train      L_beta_logbeta_term = +0.0000 (0.0%)
 train  L_E   = +2.6797 (114.2%)
 train    L_E_charge = +0.0000 (0.0%)
 train    L_E_cond = +1.3812 (58.9%)
 train    L_E_cluster = +1.2985 (55.3%)
 train    L_E_w_photon   = +0.0000 (0.0%)
 train    L_E_w_charged_hadron   = +0.0000 (0.0%)
 train    L_E_w_neutral_hadron   = +0.0000 (0.0%)
 train    L_E_w_muon     = +0.0000 (0.0%)
 train    L_E_w_electron = +0.0000 (0.0%)
learning rate :  [0.00039890465297888624, 0.00039563061276672447, 0.000390213750433216, 0.00038271341425563806, 0.0003732117794866986, 0.00036181294802527074, 0.000348641807854205, 0.0003338426647414537, 0.00031760148556057003, 0.00030002500000000004, 0.0002813769917830063, 0.00026183794802527076, 0.00024162194257901096, 0.00022095046623036733, 0.00020005, 0.00017914953376963274, 0.00015847805742098906, 0.0001382620519747293, 0.00011872300821699378, 0.00010007500000000005, 8.252233880412002e-05, 6.625733525854636e-05, 5.1458192145795003e-05, 3.8287051974729284e-05, 2.688822051330148e-05, 1.7386585744361935e-05, 9.886249566784053e-06, 4.469387233275552e-06, 1.1953470211137557e-06, 1.0000216881466588e-07, 0.0003990946109184883, 0.0003963866430176782, 0.0003919006200742188, 0.0003856771682065637, 0.00037777264795855195, 0.0003682586438895947, 0.00035722131629382036, 0.00034476062091910877, 0.0003309894037523598, 0.00031603237906876113, 0.00030002500000000004, 0.0002831122318497272, 0.00026544723926531853, 0.00024718999915511003, 0.00022850585191274341, 0.00020956400406895733, 0.00019053599593104275, 0.00017159414808725666, 0.00015291000084489, 0.00013465276073468155, 0.00011698776815027284, 0.00010007500000000005, 8.406762093123896e-05, 6.911059624764027e-05, 5.5339379080891216e-05, 4.287868370617969e-05, 3.18413561104053e-05, 2.2327352041448074e-05, 1.4422831793436292e-05, 8.199379925781274e-06, 3.713356982321794e-06, 1.0053890815117365e-06, 1e-07, 0.0003992796778340782, 0.0003971239012740243]
train loss :  3.3462116718292236
test   L_V                   = +0.0000 (0.0%)
    L_V_attractive      = +0.0000 (0.0%)
      L_V_attractive_charged      = +0.0000 (0.0%)
      L_V_attractive_neutral      = +0.0000 (0.0%)
    L_V_repulsive       = +0.0000 (0.0%)
      L_V_repulsive_charged       = +0.0000 (0.0%)
      L_V_repulsive_neutral       = +0.0000 (0.0%)
    L_charged_cluster   = +0.0000 (0.0%)
  L_beta              = -0.3584 (-14.4%)
    L_beta_noise        = +0.0000 (0.0%)
    L_beta_sig          = -0.9954 (-40.1%)
    L_beta_suppress     = +0.0000 (0.0%)
    L_beta_track        = +0.6370 (25.6%)
      L_beta_norms_term   = -0.9954 (-40.1%)
      L_beta_logbeta_term = +0.0000 (0.0%)
  L_E   = +2.8428 (114.4%)
    L_E_charge = +0.0000 (0.0%)
    L_E_cond = +1.5080 (60.7%)
    L_E_cluster = +1.3349 (53.7%)
    L_E_w_photon   = +0.0000 (0.0%)
    L_E_w_charged_hadron   = +0.0000 (0.0%)
    L_E_w_neutral_hadron   = +0.0000 (0.0%)
    L_E_w_muon     = +0.0000 (0.0%)
    L_E_w_electron = +0.0000 (0.0%)
Epoch 64
Pretraining energy response (E_pred / E_true) by true-energy bin:
  1-50 GeV: n=22369 Mean=1.734457 Std=2.209358 RMS90=0.367353
  50-150 GeV: n=21867 Mean=0.854154 Std=0.247846 RMS90=0.213203
  >150 GeV: n=70 Mean=0.822030 Std=0.177852 RMS90=0.144425
Pretraining energy response by particle species:
  Neutron: n=11095 Mean=0.961418 Std=0.128922 RMS90=0.078430
  K0: n=11257 Mean=1.013740 Std=0.161232 RMS90=0.084558
  Photon: n=6167 Mean=1.005607 Std=0.081696 RMS90=0.046083
  Pion: n=13008 Mean=1.732341 Std=2.313437 RMS90=0.670012
  Electron: n=782 Mean=2.846314 Std=3.863619 RMS90=1.912453
  Muon: n=1998 Mean=2.249396 Std=3.775353 RMS90=0.669751
Returning 3.4843783378601074
Training epoch 65
[4.84796681e-01 2.64000894e-01 3.76622903e+00 6.28734258e-02
 2.27864764e-01 4.49421034e-08 1.61438525e+00 5.18914986e-02
 2.39834942e+00 1.21016975e-08 2.22052344e-01 1.32640106e-01
 1.88602981e+00 1.19486782e-01 1.98069672e-01 1.32982917e-01
 1.74219478e+00 1.23858655e-01 3.36438894e+00 1.07163194e-01
 2.54987276e-01 4.58556373e-02 3.17250535e-01 1.03128771e-08
 2.47149683e-01 1.41800882e-02 2.04277464e-01 3.38325502e-09
 1.39672913e-02 5.37049562e-02 4.69369924e-02 1.44626378e-02
 8.48317438e-03 2.32521000e-02 5.65333406e-02 9.49883915e-03
 1.14029823e-01 6.66020894e-03 2.92664491e-02 1.79108654e-02
 2.99936451e-03 5.37007021e-10 3.44689828e-02 3.29094826e-03
 3.70794971e-02 1.02216535e-09 2.22993694e-03 8.20294329e-03
 4.08330068e-03 1.33493745e-03 2.86624060e-04 1.39982339e-03
 9.44282101e-04 2.87117754e-04 5.00242560e-03 3.09777757e-04
 1.84182427e-02 1.19934141e-02 7.59430858e-05 6.11721266e-12
 5.60170671e-04 8.13810143e-05 7.83187921e-04 2.04268678e-11
 2.08021228e-04 1.61118330e-04 1.47614076e-03 1.05712586e-04
 2.59837121e-04 2.88918626e-04 3.23106614e-03 2.69330191e-04
 1.99091366e-02 7.26025459e-04 1.92891979e-02 1.12973214e-02
 8.41693121e-04 9.17307799e-06 3.47943555e-05 1.54282976e-05
 2.14522416e-04 8.09852884e-06 1.04679991e-05 1.04096116e-05
 3.58787079e-05 2.71136940e-06 1.47754435e-05 1.55504098e-05
 1.14925656e-04 6.42034284e-06 2.16042765e-05 1.50510294e-05
 1.12918556e+00 2.38591343e-02 6.26386321e-02 3.99464411e-02
 5.39737989e-01 3.08491303e-02 5.20940886e-02 4.99251854e-02
 5.02395404e-01 3.23429403e-02 7.81187645e-02 9.87308093e-02
 8.12893113e-01 4.99274379e-02 1.81559209e-01 1.93199678e-01
 8.46572503e-01 2.98874769e-02 5.54403302e-02 2.77324060e-02
 5.51183271e-01 2.53532540e-02 4.48287796e-02 2.66555442e-02
 4.83939261e-01 2.22470129e-02 6.27564989e-02 4.96436629e-02
 6.71495317e-01 3.89310769e-02 2.07242510e-01 2.81439894e-01
 2.79756352e-04 2.28735347e-05 7.92440337e-04 4.77786822e-05
 2.37566299e-03 3.50697704e-06 8.70101777e-01 5.17989304e-02
 7.82220799e-01 2.51213344e-02 1.64006682e+00 2.56368358e-02
 1.66867489e+00 2.11606186e-01 2.32493445e+00 4.24279763e-01
 5.07058425e+00 1.04946446e+00]
train  L_V                   = +0.0002 (0.0%)
 train    L_V_attractive      = +0.0002 (0.0%)
 train      L_V_attractive_charged      = +0.0002 (0.0%)
 train      L_V_attractive_neutral      = +0.0000 (0.0%)
 train    L_V_repulsive       = +0.0000 (0.0%)
 train      L_V_repulsive_charged       = +0.0000 (0.0%)
 train      L_V_repulsive_neutral       = +0.0000 (0.0%)
 train    L_charged_cluster   = +0.0000 (0.0%)
 train  L_beta              = -0.3331 (-14.2%)
 train    L_beta_noise        = +0.0000 (0.0%)
 train    L_beta_sig          = -0.9956 (-42.4%)
 train    L_beta_suppress     = +0.0000 (0.0%)
 train    L_beta_track        = +0.6625 (28.2%)
 train      L_beta_norms_term   = -0.9956 (-42.4%)
 train      L_beta_logbeta_term = +0.0000 (0.0%)
 train  L_E   = +2.6796 (114.2%)
 train    L_E_charge = +0.0000 (0.0%)
 train    L_E_cond = +1.3985 (59.6%)
 train    L_E_cluster = +1.2811 (54.6%)
 train    L_E_w_photon   = +0.0000 (0.0%)
 train    L_E_w_charged_hadron   = +0.0000 (0.0%)
 train    L_E_w_neutral_hadron   = +0.0000 (0.0%)
 train    L_E_w_muon     = +0.0000 (0.0%)
 train    L_E_w_electron = +0.0000 (0.0%)
learning rate :  [0.00039890465297888624, 0.00039563061276672447, 0.000390213750433216, 0.00038271341425563806, 0.0003732117794866986, 0.00036181294802527074, 0.000348641807854205, 0.0003338426647414537, 0.00031760148556057003, 0.00030002500000000004, 0.0002813769917830063, 0.00026183794802527076, 0.00024162194257901096, 0.00022095046623036733, 0.00020005, 0.00017914953376963274, 0.00015847805742098906, 0.0001382620519747293, 0.00011872300821699378, 0.00010007500000000005, 8.252233880412002e-05, 6.625733525854636e-05, 5.1458192145795003e-05, 3.8287051974729284e-05, 2.688822051330148e-05, 1.7386585744361935e-05, 9.886249566784053e-06, 4.469387233275552e-06, 1.1953470211137557e-06, 1.0000216881466588e-07, 0.0003990946109184883, 0.0003963866430176782, 0.0003919006200742188, 0.0003856771682065637, 0.00037777264795855195, 0.0003682586438895947, 0.00035722131629382036, 0.00034476062091910877, 0.0003309894037523598, 0.00031603237906876113, 0.00030002500000000004, 0.0002831122318497272, 0.00026544723926531853, 0.00024718999915511003, 0.00022850585191274341, 0.00020956400406895733, 0.00019053599593104275, 0.00017159414808725666, 0.00015291000084489, 0.00013465276073468155, 0.00011698776815027284, 0.00010007500000000005, 8.406762093123896e-05, 6.911059624764027e-05, 5.5339379080891216e-05, 4.287868370617969e-05, 3.18413561104053e-05, 2.2327352041448074e-05, 1.4422831793436292e-05, 8.199379925781274e-06, 3.713356982321794e-06, 1.0053890815117365e-06, 1e-07, 0.0003992796778340782, 0.0003971239012740243, 0.00039354820273935316]
train loss :  3.3466951847076416
test   L_V                   = +0.0001 (0.0%)
    L_V_attractive      = +0.0001 (0.0%)
      L_V_attractive_charged      = +0.0001 (0.0%)
      L_V_attractive_neutral      = +0.0000 (0.0%)
    L_V_repulsive       = +0.0000 (0.0%)
      L_V_repulsive_charged       = +0.0000 (0.0%)
      L_V_repulsive_neutral       = +0.0000 (0.0%)
    L_charged_cluster   = +0.0000 (0.0%)
  L_beta              = -0.3584 (-13.4%)
    L_beta_noise        = +0.0000 (0.0%)
    L_beta_sig          = -0.9954 (-37.3%)
    L_beta_suppress     = +0.0000 (0.0%)
    L_beta_track        = +0.6370 (23.9%)
      L_beta_norms_term   = -0.9954 (-37.3%)
      L_beta_logbeta_term = +0.0000 (0.0%)
  L_E   = +3.0249 (113.4%)
    L_E_charge = +0.0000 (0.0%)
    L_E_cond = +1.6241 (60.9%)
    L_E_cluster = +1.4008 (52.5%)
    L_E_w_photon   = +0.0000 (0.0%)
    L_E_w_charged_hadron   = +0.0000 (0.0%)
    L_E_w_neutral_hadron   = +0.0000 (0.0%)
    L_E_w_muon     = +0.0000 (0.0%)
    L_E_w_electron = +0.0000 (0.0%)
Epoch 65
Pretraining energy response (E_pred / E_true) by true-energy bin:
  1-50 GeV: n=22369 Mean=1.992052 Std=2.213790 RMS90=0.706540
  50-150 GeV: n=21867 Mean=0.866878 Std=0.216468 RMS90=0.166738
  >150 GeV: n=70 Mean=0.827508 Std=0.160694 RMS90=0.123038
Pretraining energy response by particle species:
  Neutron: n=11095 Mean=0.996155 Std=0.158036 RMS90=0.102432
  K0: n=11257 Mean=1.054515 Std=0.201705 RMS90=0.124574
  Photon: n=6167 Mean=1.080111 Std=0.116571 RMS90=0.073039
  Pion: n=13008 Mean=2.050610 Std=2.330376 RMS90=1.137905
  Electron: n=782 Mean=3.736293 Std=4.477690 RMS90=2.797365
  Muon: n=1998 Mean=2.200130 Std=3.374779 RMS90=0.800737
Returning 3.6665539741516113
Training epoch 66
[4.66205862e-01 2.76459460e-01 3.59429853e+00 6.38830123e-02
 2.20967424e-01 3.47095682e-08 1.54549325e+00 5.22267444e-02
 2.31649554e+00 1.07107132e-08 2.08476551e-01 1.22229377e-01
 1.77625332e+00 1.11961896e-01 1.88145379e-01 1.16958722e-01
 1.62786535e+00 1.09950454e-01 3.03415645e+00 8.56329259e-02
 2.20745200e-01 4.50632958e-02 2.14091074e-01 5.58452034e-09
 1.62772462e-01 8.34090136e-03 1.99605566e-01 3.02810990e-09
 2.61134340e-02 3.47859349e-02 1.90194166e-01 1.56359514e-02
 3.64161771e-02 3.42460955e-02 1.52911153e-01 1.23109127e-02
 1.12475453e-01 6.63818481e-03 3.98193578e-02 1.65299684e-02
 7.16831555e-03 1.21064846e-09 6.57441615e-02 1.98959652e-03
 5.48680176e-02 1.02377191e-09 4.43586265e-03 1.69049344e-02
 1.38672564e-02 2.74421567e-03 1.23428960e-03 3.67257709e-03
 3.27104479e-03 7.00981882e-04 7.66815155e-03 4.94220644e-04
 1.83724365e-02 1.25511195e-02 7.57624996e-05 7.02344563e-12
 1.69171122e-03 1.41941800e-04 1.50722580e-03 5.76844954e-11
 2.06693155e-04 6.21677125e-04 1.07147907e-03 1.79898821e-04
 1.60159149e-04 3.88404911e-04 1.39859895e-03 1.97673117e-04
 5.53102304e-03 2.82227794e-04 1.88768759e-02 1.22040735e-02
 8.15507958e-04 2.46514283e-05 5.44751373e-05 5.79823659e-05
 2.57620754e-04 1.78944569e-05 3.09713412e-05 4.82002351e-05
 1.23254161e-04 1.04748382e-05 2.14632187e-05 1.36727019e-05
 2.23730557e-04 6.28821998e-06 3.42903604e-05 3.84581607e-05
 1.15610815e+00 2.72280140e-02 5.94541616e-02 3.28502066e-02
 5.02493605e-01 2.54553358e-02 5.17138375e-02 4.83592630e-02
 4.92332800e-01 2.95784421e-02 7.32805131e-02 1.06195297e-01
 7.42333494e-01 4.83161408e-02 1.91228143e-01 1.96634999e-01
 8.65620512e-01 3.02468208e-02 5.14137218e-02 3.03674607e-02
 5.49475610e-01 2.46574125e-02 4.10278410e-02 2.77192317e-02
 4.87102349e-01 2.15573297e-02 6.07816888e-02 5.10863446e-02
 6.80956614e-01 3.79140572e-02 2.14806561e-01 2.85678143e-01
 4.25819856e-04 3.81933289e-05 5.64335302e-04 4.80652648e-05
 1.43969516e-03 9.46754810e-06 8.94032323e-01 5.33634413e-02
 8.14802697e-01 2.74861333e-02 1.77080779e+00 2.83405041e-02
 1.79475337e+00 2.13512807e-01 2.53854696e+00 4.37686327e-01
 5.32364891e+00 1.07455355e+00]
train  L_V                   = +0.0004 (0.0%)
 train    L_V_attractive      = +0.0004 (0.0%)
 train      L_V_attractive_charged      = +0.0001 (0.0%)
 train      L_V_attractive_neutral      = +0.0002 (0.0%)
 train    L_V_repulsive       = +0.0000 (0.0%)
 train      L_V_repulsive_charged       = +0.0000 (0.0%)
 train      L_V_repulsive_neutral       = +0.0000 (0.0%)
 train    L_charged_cluster   = +0.0000 (0.0%)
 train  L_beta              = -0.3334 (-14.0%)
 train    L_beta_noise        = +0.0000 (0.0%)
 train    L_beta_sig          = -0.9955 (-41.8%)
 train    L_beta_suppress     = +0.0000 (0.0%)
 train    L_beta_track        = +0.6621 (27.8%)
 train      L_beta_norms_term   = -0.9955 (-41.8%)
 train      L_beta_logbeta_term = +0.0000 (0.0%)
 train  L_E   = +2.7128 (114.0%)
 train    L_E_charge = +0.0000 (0.0%)
 train    L_E_cond = +1.4113 (59.3%)
 train    L_E_cluster = +1.3015 (54.7%)
 train    L_E_w_photon   = +0.0000 (0.0%)
 train    L_E_w_charged_hadron   = +0.0000 (0.0%)
 train    L_E_w_neutral_hadron   = +0.0000 (0.0%)
 train    L_E_w_muon     = +0.0000 (0.0%)
 train    L_E_w_electron = +0.0000 (0.0%)
learning rate :  [0.00039890465297888624, 0.00039563061276672447, 0.000390213750433216, 0.00038271341425563806, 0.0003732117794866986, 0.00036181294802527074, 0.000348641807854205, 0.0003338426647414537, 0.00031760148556057003, 0.00030002500000000004, 0.0002813769917830063, 0.00026183794802527076, 0.00024162194257901096, 0.00022095046623036733, 0.00020005, 0.00017914953376963274, 0.00015847805742098906, 0.0001382620519747293, 0.00011872300821699378, 0.00010007500000000005, 8.252233880412002e-05, 6.625733525854636e-05, 5.1458192145795003e-05, 3.8287051974729284e-05, 2.688822051330148e-05, 1.7386585744361935e-05, 9.886249566784053e-06, 4.469387233275552e-06, 1.1953470211137557e-06, 1.0000216881466588e-07, 0.0003990946109184883, 0.0003963866430176782, 0.0003919006200742188, 0.0003856771682065637, 0.00037777264795855195, 0.0003682586438895947, 0.00035722131629382036, 0.00034476062091910877, 0.0003309894037523598, 0.00031603237906876113, 0.00030002500000000004, 0.0002831122318497272, 0.00026544723926531853, 0.00024718999915511003, 0.00022850585191274341, 0.00020956400406895733, 0.00019053599593104275, 0.00017159414808725666, 0.00015291000084489, 0.00013465276073468155, 0.00011698776815027284, 0.00010007500000000005, 8.406762093123896e-05, 6.911059624764027e-05, 5.5339379080891216e-05, 4.287868370617969e-05, 3.18413561104053e-05, 2.2327352041448074e-05, 1.4422831793436292e-05, 8.199379925781274e-06, 3.713356982321794e-06, 1.0053890815117365e-06, 1e-07, 0.0003992796778340782, 0.0003971239012740243, 0.00039354820273935316, 0.0003885783452199438]
train loss :  3.3797764778137207
test   L_V                   = +0.0000 (0.0%)
    L_V_attractive      = +0.0000 (0.0%)
      L_V_attractive_charged      = +0.0000 (0.0%)
      L_V_attractive_neutral      = +0.0000 (0.0%)
    L_V_repulsive       = +0.0000 (0.0%)
      L_V_repulsive_charged       = +0.0000 (0.0%)
      L_V_repulsive_neutral       = +0.0000 (0.0%)
    L_charged_cluster   = +0.0000 (0.0%)
  L_beta              = -0.3584 (-15.8%)
    L_beta_noise        = +0.0000 (0.0%)
    L_beta_sig          = -0.9954 (-44.0%)
    L_beta_suppress     = +0.0000 (0.0%)
    L_beta_track        = +0.6370 (28.1%)
      L_beta_norms_term   = -0.9954 (-44.0%)
      L_beta_logbeta_term = +0.0000 (0.0%)
  L_E   = +2.6217 (115.8%)
    L_E_charge = +0.0000 (0.0%)
    L_E_cond = +1.3889 (61.4%)
    L_E_cluster = +1.2328 (54.5%)
    L_E_w_photon   = +0.0000 (0.0%)
    L_E_w_charged_hadron   = +0.0000 (0.0%)
    L_E_w_neutral_hadron   = +0.0000 (0.0%)
    L_E_w_muon     = +0.0000 (0.0%)
    L_E_w_electron = +0.0000 (0.0%)
Epoch 66
Pretraining energy response (E_pred / E_true) by true-energy bin:
  1-50 GeV: n=22369 Mean=1.174942 Std=0.925875 RMS90=0.213508
  50-150 GeV: n=21867 Mean=0.867961 Std=0.230254 RMS90=0.182183
  >150 GeV: n=70 Mean=0.840285 Std=0.144576 RMS90=0.113118
Pretraining energy response by particle species:
  Neutron: n=11095 Mean=0.949809 Std=0.128511 RMS90=0.079778
  K0: n=11257 Mean=1.000927 Std=0.153188 RMS90=0.086267
  Photon: n=6167 Mean=0.977716 Std=0.067739 RMS90=0.041045
  Pion: n=13008 Mean=1.051491 Std=1.070793 RMS90=0.385280
  Electron: n=782 Mean=1.394294 Std=1.955741 RMS90=0.472619
  Muon: n=1998 Mean=1.360794 Std=1.135322 RMS90=0.354396
Returning 3.263266086578369
Training epoch 67
[4.40100213e-01 2.82045362e-01 3.71821634e+00 6.59216804e-02
 2.17934933e-01 3.35060701e-08 1.56543970e+00 5.34976445e-02
 2.34804853e+00 1.09205460e-08 2.14362779e-01 1.25363815e-01
 1.79241247e+00 1.13379670e-01 1.86905945e-01 1.17263515e-01
 1.60708276e+00 1.09015285e-01 3.04867648e+00 8.20624388e-02
 2.25157467e-01 4.25848619e-02 1.37120610e-01 4.07282127e-09
 1.40530890e-01 3.33918774e-03 1.36875898e-01 2.14697073e-09
 2.30565315e-02 2.41279852e-02 1.61603368e-01 1.18248067e-02
 2.46727776e-02 3.09540289e-02 9.64053423e-02 1.00356968e-02
 7.12463544e-02 4.37395230e-03 2.98296898e-02 1.56295741e-02
 2.80720194e-03 6.08846132e-10 3.02254282e-02 4.68102781e-04
 2.66169413e-02 4.76745900e-10 2.44348817e-03 1.07667413e-02
 6.67709833e-03 1.65838374e-03 5.02532162e-04 1.69638325e-03
 1.27627775e-03 3.10818463e-04 4.09497850e-03 2.65728385e-04
 1.95458484e-02 1.25444061e-02 7.30323688e-05 4.57850776e-12
 3.23037485e-04 4.74259976e-05 4.25506984e-04 5.86982854e-12
 8.95397313e-05 1.18700805e-04 7.64272490e-04 5.89236820e-05
 1.32220875e-04 1.25618790e-04 1.57713861e-03 1.15139616e-04
 8.42920023e-03 3.14161196e-04 2.05773685e-02 1.18601273e-02
 9.22555140e-06 3.75578085e-07 1.29225190e-06 1.00637289e-06
 7.59886659e-06 2.94107152e-07 6.19727640e-07 8.36621199e-07
 2.34271839e-06 1.79483434e-07 8.69819699e-07 4.87687585e-07
 7.59547845e-06 2.72268810e-07 1.49604976e-06 1.21925305e-06
 1.22592198e+00 2.72066343e-02 5.93925294e-02 3.51734477e-02
 5.03070794e-01 2.57007150e-02 5.29508045e-02 5.56635106e-02
 4.91696568e-01 3.07136395e-02 7.46413456e-02 1.16148255e-01
 7.49191264e-01 4.95245474e-02 2.02965560e-01 2.09982264e-01
 8.05812641e-01 2.85727146e-02 4.93403538e-02 2.90337745e-02
 5.20453310e-01 2.38451675e-02 4.01973625e-02 2.65881803e-02
 4.65210458e-01 2.01956056e-02 5.94586880e-02 5.04300161e-02
 6.56231707e-01 3.73980534e-02 2.12140713e-01 2.80584200e-01
 2.12752209e-05 1.61144167e-06 2.69020008e-05 3.55236069e-06
 7.17475822e-05 9.03232291e-07 9.75025566e-01 5.61825779e-02
 9.10811004e-01 2.89612813e-02 1.88417224e+00 2.97175472e-02
 1.76298953e+00 2.08856808e-01 2.52426650e+00 4.31238660e-01
 5.29704679e+00 1.06374444e+00]
train  L_V                   = +0.0000 (0.0%)
 train    L_V_attractive      = +0.0000 (0.0%)
 train      L_V_attractive_charged      = +0.0000 (0.0%)
 train      L_V_attractive_neutral      = +0.0000 (0.0%)
 train    L_V_repulsive       = +0.0000 (0.0%)
 train      L_V_repulsive_charged       = +0.0000 (0.0%)
 train      L_V_repulsive_neutral       = +0.0000 (0.0%)
 train    L_charged_cluster   = +0.0000 (0.0%)
 train  L_beta              = -0.3332 (-14.5%)
 train    L_beta_noise        = +0.0000 (0.0%)
 train    L_beta_sig          = -0.9956 (-43.2%)
 train    L_beta_suppress     = +0.0000 (0.0%)
 train    L_beta_track        = +0.6624 (28.7%)
 train      L_beta_norms_term   = -0.9956 (-43.2%)
 train      L_beta_logbeta_term = +0.0000 (0.0%)
 train  L_E   = +2.6386 (114.5%)
 train    L_E_charge = +0.0000 (0.0%)
 train    L_E_cond = +1.3827 (60.0%)
 train    L_E_cluster = +1.2559 (54.5%)
 train    L_E_w_photon   = +0.0000 (0.0%)
 train    L_E_w_charged_hadron   = +0.0000 (0.0%)
 train    L_E_w_neutral_hadron   = +0.0000 (0.0%)
 train    L_E_w_muon     = +0.0000 (0.0%)
 train    L_E_w_electron = +0.0000 (0.0%)
learning rate :  [0.00039890465297888624, 0.00039563061276672447, 0.000390213750433216, 0.00038271341425563806, 0.0003732117794866986, 0.00036181294802527074, 0.000348641807854205, 0.0003338426647414537, 0.00031760148556057003, 0.00030002500000000004, 0.0002813769917830063, 0.00026183794802527076, 0.00024162194257901096, 0.00022095046623036733, 0.00020005, 0.00017914953376963274, 0.00015847805742098906, 0.0001382620519747293, 0.00011872300821699378, 0.00010007500000000005, 8.252233880412002e-05, 6.625733525854636e-05, 5.1458192145795003e-05, 3.8287051974729284e-05, 2.688822051330148e-05, 1.7386585744361935e-05, 9.886249566784053e-06, 4.469387233275552e-06, 1.1953470211137557e-06, 1.0000216881466588e-07, 0.0003990946109184883, 0.0003963866430176782, 0.0003919006200742188, 0.0003856771682065637, 0.00037777264795855195, 0.0003682586438895947, 0.00035722131629382036, 0.00034476062091910877, 0.0003309894037523598, 0.00031603237906876113, 0.00030002500000000004, 0.0002831122318497272, 0.00026544723926531853, 0.00024718999915511003, 0.00022850585191274341, 0.00020956400406895733, 0.00019053599593104275, 0.00017159414808725666, 0.00015291000084489, 0.00013465276073468155, 0.00011698776815027284, 0.00010007500000000005, 8.406762093123896e-05, 6.911059624764027e-05, 5.5339379080891216e-05, 4.287868370617969e-05, 3.18413561104053e-05, 2.2327352041448074e-05, 1.4422831793436292e-05, 8.199379925781274e-06, 3.713356982321794e-06, 1.0053890815117365e-06, 1e-07, 0.0003992796778340782, 0.0003971239012740243, 0.00039354820273935316, 0.0003885783452199438, 0.00038225013665310777]
train loss :  3.3053910732269287
test   L_V                   = +0.0000 (0.0%)
    L_V_attractive      = +0.0000 (0.0%)
      L_V_attractive_charged      = +0.0000 (0.0%)
      L_V_attractive_neutral      = +0.0000 (0.0%)
    L_V_repulsive       = +0.0000 (0.0%)
      L_V_repulsive_charged       = +0.0000 (0.0%)
      L_V_repulsive_neutral       = +0.0000 (0.0%)
    L_charged_cluster   = +0.0000 (0.0%)
  L_beta              = -0.3584 (-14.8%)
    L_beta_noise        = +0.0000 (0.0%)
    L_beta_sig          = -0.9954 (-41.1%)
    L_beta_suppress     = +0.0000 (0.0%)
    L_beta_track        = +0.6370 (26.3%)
      L_beta_norms_term   = -0.9954 (-41.1%)
      L_beta_logbeta_term = +0.0000 (0.0%)
  L_E   = +2.7818 (114.8%)
    L_E_charge = +0.0000 (0.0%)
    L_E_cond = +1.4424 (59.5%)
    L_E_cluster = +1.3394 (55.3%)
    L_E_w_photon   = +0.0000 (0.0%)
    L_E_w_charged_hadron   = +0.0000 (0.0%)
    L_E_w_neutral_hadron   = +0.0000 (0.0%)
    L_E_w_muon     = +0.0000 (0.0%)
    L_E_w_electron = +0.0000 (0.0%)
Epoch 67
Pretraining energy response (E_pred / E_true) by true-energy bin:
  1-50 GeV: n=22369 Mean=1.680950 Std=2.179306 RMS90=0.382246
  50-150 GeV: n=21867 Mean=0.867043 Std=0.206290 RMS90=0.167806
  >150 GeV: n=70 Mean=0.836437 Std=0.135769 RMS90=0.101408
Pretraining energy response by particle species:
  Neutron: n=11095 Mean=0.950574 Std=0.135131 RMS90=0.083305
  K0: n=11257 Mean=1.001605 Std=0.167035 RMS90=0.097164
  Photon: n=6167 Mean=0.986853 Std=0.089885 RMS90=0.060092
  Pion: n=13008 Mean=1.694986 Std=2.208170 RMS90=0.644261
  Electron: n=782 Mean=2.952058 Std=4.222250 RMS90=1.642094
  Muon: n=1998 Mean=2.180198 Std=3.738364 RMS90=0.452928
Returning 3.4234042167663574
Training epoch 68
[4.50730560e-01 2.78249892e-01 3.71996699e+00 6.58949776e-02
 2.06912695e-01 3.68789897e-08 1.60496889e+00 5.39799226e-02
 2.33433055e+00 1.11440702e-08 2.11655800e-01 1.23066948e-01
 1.76531898e+00 1.12022470e-01 1.87545619e-01 1.16430754e-01
 1.63492177e+00 1.10962041e-01 3.12864690e+00 8.56251325e-02
 2.27963831e-01 3.95471771e-02 1.88923435e-01 5.02205881e-09
 2.00805457e-01 7.61374238e-03 1.96504510e-01 2.73986686e-09
 2.95161973e-02 3.67973887e-02 1.82376005e-01 1.66516745e-02
 2.94436273e-02 3.72298933e-02 1.13489802e-01 1.17281664e-02
 7.59956353e-02 4.52052739e-03 2.41872135e-02 1.43107862e-02
 3.26613624e-03 4.74709639e-10 1.44951539e-02 1.61599646e-03
 1.60378871e-02 3.33156679e-10 1.54361988e-03 5.99479482e-03
 3.94579922e-03 9.24062440e-04 2.73001922e-04 9.55934978e-04
 6.93400300e-04 1.74587711e-04 3.72525576e-03 2.18935004e-04
 1.81647556e-02 1.05970450e-02 4.48074618e-05 3.35621204e-12
 3.13900222e-04 5.06592865e-05 5.34738612e-04 8.92811145e-12
 1.08678675e-04 1.60223540e-04 9.47655657e-04 6.74493156e-05
 1.52178288e-04 1.50861717e-04 1.76599762e-03 1.31655067e-04
 9.72566437e-03 3.56998393e-04 1.92557175e-02 9.93017926e-03
 6.45307621e-05 1.38036290e-06 4.78594662e-06 3.88787390e-06
 2.06117457e-05 9.94723592e-07 1.56259649e-06 2.82934881e-06
 5.94872312e-06 5.37598013e-07 1.41509552e-06 1.78613754e-06
 1.56657148e-05 7.27498883e-07 3.33114610e-06 3.09213980e-06
 1.15893918e+00 2.25499371e-02 5.41870770e-02 3.45100579e-02
 4.53167301e-01 2.39955502e-02 5.03971755e-02 5.62733851e-02
 4.57750521e-01 2.96487220e-02 7.08355165e-02 1.13366813e-01
 7.04066631e-01 4.77107750e-02 1.96280139e-01 1.96743666e-01
 7.74204940e-01 2.52727184e-02 4.82635846e-02 2.72032775e-02
 4.81869645e-01 2.23036943e-02 3.81687450e-02 2.54134290e-02
 4.20755050e-01 1.89212923e-02 5.48089892e-02 4.83652575e-02
 5.90015329e-01 3.56571640e-02 2.07170701e-01 2.83408283e-01
 5.07663468e-05 4.04796226e-06 1.21403421e-04 1.01500182e-05
 3.67502407e-04 1.44244817e-06 9.36175736e-01 5.42692236e-02
 8.56914717e-01 2.84664069e-02 1.79413098e+00 2.94580240e-02
 1.62197134e+00 2.06092408e-01 2.44066792e+00 4.21050552e-01
 5.29256664e+00 1.05146573e+00]
train  L_V                   = +0.0000 (0.0%)
 train    L_V_attractive      = +0.0000 (0.0%)
 train      L_V_attractive_charged      = +0.0000 (0.0%)
 train      L_V_attractive_neutral      = +0.0000 (0.0%)
 train    L_V_repulsive       = +0.0000 (0.0%)
 train      L_V_repulsive_charged       = +0.0000 (0.0%)
 train      L_V_repulsive_neutral       = +0.0000 (0.0%)
 train    L_charged_cluster   = +0.0000 (0.0%)
 train  L_beta              = -0.3332 (-14.4%)
 train    L_beta_noise        = +0.0000 (0.0%)
 train    L_beta_sig          = -0.9956 (-43.2%)
 train    L_beta_suppress     = +0.0000 (0.0%)
 train    L_beta_track        = +0.6624 (28.7%)
 train      L_beta_norms_term   = -0.9956 (-43.2%)
 train      L_beta_logbeta_term = +0.0000 (0.0%)
 train  L_E   = +2.6402 (114.4%)
 train    L_E_charge = +0.0000 (0.0%)
 train    L_E_cond = +1.3754 (59.6%)
 train    L_E_cluster = +1.2647 (54.8%)
 train    L_E_w_photon   = +0.0000 (0.0%)
 train    L_E_w_charged_hadron   = +0.0000 (0.0%)
 train    L_E_w_neutral_hadron   = +0.0000 (0.0%)
 train    L_E_w_muon     = +0.0000 (0.0%)
 train    L_E_w_electron = +0.0000 (0.0%)
learning rate :  [0.00039890465297888624, 0.00039563061276672447, 0.000390213750433216, 0.00038271341425563806, 0.0003732117794866986, 0.00036181294802527074, 0.000348641807854205, 0.0003338426647414537, 0.00031760148556057003, 0.00030002500000000004, 0.0002813769917830063, 0.00026183794802527076, 0.00024162194257901096, 0.00022095046623036733, 0.00020005, 0.00017914953376963274, 0.00015847805742098906, 0.0001382620519747293, 0.00011872300821699378, 0.00010007500000000005, 8.252233880412002e-05, 6.625733525854636e-05, 5.1458192145795003e-05, 3.8287051974729284e-05, 2.688822051330148e-05, 1.7386585744361935e-05, 9.886249566784053e-06, 4.469387233275552e-06, 1.1953470211137557e-06, 1.0000216881466588e-07, 0.0003990946109184883, 0.0003963866430176782, 0.0003919006200742188, 0.0003856771682065637, 0.00037777264795855195, 0.0003682586438895947, 0.00035722131629382036, 0.00034476062091910877, 0.0003309894037523598, 0.00031603237906876113, 0.00030002500000000004, 0.0002831122318497272, 0.00026544723926531853, 0.00024718999915511003, 0.00022850585191274341, 0.00020956400406895733, 0.00019053599593104275, 0.00017159414808725666, 0.00015291000084489, 0.00013465276073468155, 0.00011698776815027284, 0.00010007500000000005, 8.406762093123896e-05, 6.911059624764027e-05, 5.5339379080891216e-05, 4.287868370617969e-05, 3.18413561104053e-05, 2.2327352041448074e-05, 1.4422831793436292e-05, 8.199379925781274e-06, 3.713356982321794e-06, 1.0053890815117365e-06, 1e-07, 0.0003992796778340782, 0.0003971239012740243, 0.00039354820273935316, 0.0003885783452199438, 0.00038225013665310777, 0.0003746091719265796]
train loss :  3.307034730911255
test   L_V                   = +0.0000 (0.0%)
    L_V_attractive      = +0.0000 (0.0%)
      L_V_attractive_charged      = +0.0000 (0.0%)
      L_V_attractive_neutral      = +0.0000 (0.0%)
    L_V_repulsive       = +0.0000 (0.0%)
      L_V_repulsive_charged       = +0.0000 (0.0%)
      L_V_repulsive_neutral       = +0.0000 (0.0%)
    L_charged_cluster   = +0.0000 (0.0%)
  L_beta              = -0.3584 (-14.5%)
    L_beta_noise        = +0.0000 (0.0%)
    L_beta_sig          = -0.9954 (-40.2%)
    L_beta_suppress     = +0.0000 (0.0%)
    L_beta_track        = +0.6370 (25.7%)
      L_beta_norms_term   = -0.9954 (-40.2%)
      L_beta_logbeta_term = +0.0000 (0.0%)
  L_E   = +2.8340 (114.5%)
    L_E_charge = +0.0000 (0.0%)
    L_E_cond = +1.5109 (61.0%)
    L_E_cluster = +1.3230 (53.4%)
    L_E_w_photon   = +0.0000 (0.0%)
    L_E_w_charged_hadron   = +0.0000 (0.0%)
    L_E_w_neutral_hadron   = +0.0000 (0.0%)
    L_E_w_muon     = +0.0000 (0.0%)
    L_E_w_electron = +0.0000 (0.0%)
Epoch 68
Pretraining energy response (E_pred / E_true) by true-energy bin:
  1-50 GeV: n=22369 Mean=1.478487 Std=1.557775 RMS90=0.463989
  50-150 GeV: n=21867 Mean=0.938649 Std=0.211104 RMS90=0.143549
  >150 GeV: n=70 Mean=0.794068 Std=0.203120 RMS90=0.171227
Pretraining energy response by particle species:
  Neutron: n=11095 Mean=0.895018 Std=0.124442 RMS90=0.080335
  K0: n=11257 Mean=0.946337 Std=0.135330 RMS90=0.076857
  Photon: n=6167 Mean=0.971446 Std=0.074171 RMS90=0.046914
  Pion: n=13008 Mean=1.656300 Std=1.566801 RMS90=0.617540
  Electron: n=782 Mean=2.817214 Std=3.087212 RMS90=1.375097
  Muon: n=1998 Mean=1.667963 Std=2.392006 RMS90=0.394192
Returning 3.4755196571350098
Training epoch 69
[4.33468604e-01 2.90131340e-01 3.68023181e+00 7.00759070e-02
 1.99629987e-01 3.47292465e-08 1.61701719e+00 5.65423481e-02
 2.28964858e+00 1.07820707e-08 2.06864445e-01 1.19076314e-01
 1.73281668e+00 1.08379183e-01 1.81906303e-01 1.12228792e-01
 1.59419808e+00 1.08093898e-01 3.02188301e+00 8.23331035e-02
 2.21103656e-01 3.62782760e-02 9.12255941e-02 3.66970248e-09
 1.65324298e-01 3.90205130e-03 1.23784347e-01 1.94541349e-09
 1.73599853e-02 3.31194763e-02 1.22195629e-01 1.41396079e-02
 2.55621312e-02 3.47772167e-02 9.58758137e-02 1.04178564e-02
 6.08662896e-02 3.76464011e-03 2.27028380e-02 1.25064735e-02
 1.43188664e-03 3.22014887e-10 1.31423947e-02 4.40267549e-04
 1.05880736e-02 2.08399666e-10 1.11362527e-03 5.03144762e-03
 2.55780324e-03 7.71588031e-04 1.94112073e-04 8.14543027e-04
 5.07925165e-04 1.55588291e-04 2.61483287e-03 1.62692092e-04
 1.76752155e-02 1.04038062e-02 8.05609400e-06 6.51101358e-13
 6.44866372e-05 8.29027103e-06 1.08616299e-04 2.33712947e-12
 1.43481139e-05 5.48919393e-05 6.40281388e-05 1.28209358e-05
 1.33359626e-05 2.15939982e-05 1.60549622e-04 1.76574507e-05
 6.93862054e-04 3.82499748e-05 1.89784425e-02 9.68565397e-03
 3.96044018e-05 1.42401861e-06 5.25556641e-06 4.53125390e-06
 2.44713339e-05 1.30498433e-06 1.91111449e-06 3.50704381e-06
 7.50594126e-06 7.29327765e-07 2.36503329e-06 2.95009982e-06
 2.69981379e-05 1.33407487e-06 6.42232672e-06 5.59894137e-06
 1.14491876e+00 2.12997264e-02 5.39171910e-02 3.33182942e-02
 4.46068850e-01 2.32086724e-02 5.15315053e-02 5.71329359e-02
 4.57800261e-01 2.81233177e-02 7.21532051e-02 1.13820805e-01
 6.89903153e-01 4.68493538e-02 1.94723103e-01 1.98727339e-01
 7.51952985e-01 2.45586049e-02 4.73624996e-02 2.70554931e-02
 4.77748216e-01 2.18729311e-02 3.86781132e-02 2.56240113e-02
 4.24341867e-01 1.89213227e-02 5.64025007e-02 4.99151137e-02
 5.98077743e-01 3.59342855e-02 2.10799847e-01 2.91520192e-01
 9.28313300e-05 6.85656233e-06 1.70756006e-04 1.20459199e-05
 5.18466596e-04 2.34407780e-06 9.16246695e-01 5.33910009e-02
 8.31286576e-01 2.73720146e-02 1.75294899e+00 2.83961019e-02
 1.63898674e+00 2.11702970e-01 2.49950870e+00 4.34990003e-01
 5.44083542e+00 1.09203319e+00]
train  L_V                   = +0.0000 (0.0%)
 train    L_V_attractive      = +0.0000 (0.0%)
 train      L_V_attractive_charged      = +0.0000 (0.0%)
 train      L_V_attractive_neutral      = +0.0000 (0.0%)
 train    L_V_repulsive       = +0.0000 (0.0%)
 train      L_V_repulsive_charged       = +0.0000 (0.0%)
 train      L_V_repulsive_neutral       = +0.0000 (0.0%)
 train    L_charged_cluster   = +0.0000 (0.0%)
 train  L_beta              = -0.3333 (-14.6%)
 train    L_beta_noise        = +0.0000 (0.0%)
 train    L_beta_sig          = -0.9956 (-43.6%)
 train    L_beta_suppress     = +0.0000 (0.0%)
 train    L_beta_track        = +0.6622 (29.0%)
 train      L_beta_norms_term   = -0.9956 (-43.6%)
 train      L_beta_logbeta_term = +0.0000 (0.0%)
 train  L_E   = +2.6172 (114.6%)
 train    L_E_charge = +0.0000 (0.0%)
 train    L_E_cond = +1.3664 (59.8%)
 train    L_E_cluster = +1.2508 (54.8%)
 train    L_E_w_photon   = +0.0000 (0.0%)
 train    L_E_w_charged_hadron   = +0.0000 (0.0%)
 train    L_E_w_neutral_hadron   = +0.0000 (0.0%)
 train    L_E_w_muon     = +0.0000 (0.0%)
 train    L_E_w_electron = +0.0000 (0.0%)
learning rate :  [0.00039890465297888624, 0.00039563061276672447, 0.000390213750433216, 0.00038271341425563806, 0.0003732117794866986, 0.00036181294802527074, 0.000348641807854205, 0.0003338426647414537, 0.00031760148556057003, 0.00030002500000000004, 0.0002813769917830063, 0.00026183794802527076, 0.00024162194257901096, 0.00022095046623036733, 0.00020005, 0.00017914953376963274, 0.00015847805742098906, 0.0001382620519747293, 0.00011872300821699378, 0.00010007500000000005, 8.252233880412002e-05, 6.625733525854636e-05, 5.1458192145795003e-05, 3.8287051974729284e-05, 2.688822051330148e-05, 1.7386585744361935e-05, 9.886249566784053e-06, 4.469387233275552e-06, 1.1953470211137557e-06, 1.0000216881466588e-07, 0.0003990946109184883, 0.0003963866430176782, 0.0003919006200742188, 0.0003856771682065637, 0.00037777264795855195, 0.0003682586438895947, 0.00035722131629382036, 0.00034476062091910877, 0.0003309894037523598, 0.00031603237906876113, 0.00030002500000000004, 0.0002831122318497272, 0.00026544723926531853, 0.00024718999915511003, 0.00022850585191274341, 0.00020956400406895733, 0.00019053599593104275, 0.00017159414808725666, 0.00015291000084489, 0.00013465276073468155, 0.00011698776815027284, 0.00010007500000000005, 8.406762093123896e-05, 6.911059624764027e-05, 5.5339379080891216e-05, 4.287868370617969e-05, 3.18413561104053e-05, 2.2327352041448074e-05, 1.4422831793436292e-05, 8.199379925781274e-06, 3.713356982321794e-06, 1.0053890815117365e-06, 1e-07, 0.0003992796778340782, 0.0003971239012740243, 0.00039354820273935316, 0.0003885783452199438, 0.00038225013665310777, 0.0003746091719265796, 0.00036571050436630625]
train loss :  3.2838990688323975
test   L_V                   = +0.0000 (0.0%)
    L_V_attractive      = +0.0000 (0.0%)
      L_V_attractive_charged      = +0.0000 (0.0%)
      L_V_attractive_neutral      = +0.0000 (0.0%)
    L_V_repulsive       = +0.0000 (0.0%)
      L_V_repulsive_charged       = +0.0000 (0.0%)
      L_V_repulsive_neutral       = +0.0000 (0.0%)
    L_charged_cluster   = +0.0000 (0.0%)
  L_beta              = -0.3584 (-14.2%)
    L_beta_noise        = +0.0000 (0.0%)
    L_beta_sig          = -0.9954 (-39.4%)
    L_beta_suppress     = +0.0000 (0.0%)
    L_beta_track        = +0.6370 (25.2%)
      L_beta_norms_term   = -0.9954 (-39.4%)
      L_beta_logbeta_term = +0.0000 (0.0%)
  L_E   = +2.8855 (114.2%)
    L_E_charge = +0.0000 (0.0%)
    L_E_cond = +1.5971 (63.2%)
    L_E_cluster = +1.2884 (51.0%)
    L_E_w_photon   = +0.0000 (0.0%)
    L_E_w_charged_hadron   = +0.0000 (0.0%)
    L_E_w_neutral_hadron   = +0.0000 (0.0%)
    L_E_w_muon     = +0.0000 (0.0%)
    L_E_w_electron = +0.0000 (0.0%)
Epoch 69
Pretraining energy response (E_pred / E_true) by true-energy bin:
  1-50 GeV: n=22369 Mean=1.654664 Std=2.033823 RMS90=0.352525
  50-150 GeV: n=21867 Mean=0.919685 Std=0.224552 RMS90=0.165388
  >150 GeV: n=70 Mean=0.881965 Std=0.166619 RMS90=0.131550
Pretraining energy response by particle species:
  Neutron: n=11095 Mean=1.004350 Std=0.129427 RMS90=0.079867
  K0: n=11257 Mean=1.061687 Std=0.170625 RMS90=0.087398
  Photon: n=6167 Mean=1.057697 Std=0.101616 RMS90=0.049230
  Pion: n=13008 Mean=1.650617 Std=2.121314 RMS90=0.628860
  Electron: n=782 Mean=2.738632 Std=3.822367 RMS90=1.520654
  Muon: n=1998 Mean=1.980830 Std=3.390589 RMS90=0.403422
Returning 3.5270936489105225
Training epoch 70
[4.31821258e-01 2.79914194e-01 3.59008438e+00 6.90902874e-02
 2.16936665e-01 3.36174345e-08 1.56891965e+00 5.58804489e-02
 2.28320258e+00 1.08406548e-08 2.10985351e-01 1.24311950e-01
 1.76824456e+00 1.11740253e-01 1.86974396e-01 1.13823314e-01
 1.59438899e+00 1.07331995e-01 3.01193403e+00 8.15850845e-02
 2.21445228e-01 4.24602909e-02 1.03687810e-01 4.39169743e-09
 1.43059313e-01 4.54957884e-03 1.11369530e-01 1.83206330e-09
 1.63688521e-02 2.88545264e-02 1.20530720e-01 1.36648372e-02
 2.50495602e-02 3.65055769e-02 1.05729019e-01 1.15730049e-02
 8.32306426e-02 4.99430271e-03 2.99197269e-02 1.44361244e-02
 3.27323487e-03 5.32915615e-10 4.10881336e-02 4.79043965e-04
 3.05382202e-02 4.38718253e-10 4.52316063e-03 1.03693329e-02
 1.12358037e-02 1.87626333e-03 1.26823730e-03 2.04878330e-03
 3.61638987e-03 4.18650569e-04 5.12088185e-03 3.13904989e-04
 1.65982437e-02 1.13081591e-02 3.34883801e-05 2.76950356e-12
 5.14458576e-04 3.77827062e-05 7.81584465e-04 1.12288360e-11
 5.53769010e-05 3.08279679e-04 1.98879045e-04 6.05419759e-05
 2.91526501e-05 7.35728969e-05 2.89915770e-04 3.62522807e-05
 1.14975892e-03 6.06213086e-05 1.73880630e-02 1.03407602e-02
 4.76838807e-05 1.40985783e-06 4.17223725e-06 3.58138671e-06
 1.72201422e-05 1.14720246e-06 1.21894033e-06 1.38097963e-06
 7.89164663e-06 4.04623829e-07 1.78012084e-06 1.33723012e-06
 2.22858400e-05 9.09292476e-07 4.59762731e-06 4.20440507e-06
 1.15556942e+00 2.37962724e-02 5.51261671e-02 3.65377017e-02
 4.56689229e-01 2.39764296e-02 5.26351861e-02 5.76496890e-02
 4.62912044e-01 2.84842060e-02 7.19152335e-02 1.14001363e-01
 6.93055955e-01 4.81414091e-02 2.04298092e-01 2.07498201e-01
 7.18686704e-01 2.51103747e-02 4.55943666e-02 2.74990899e-02
 4.67467689e-01 2.13860003e-02 3.83324673e-02 2.50722449e-02
 4.22720745e-01 1.83657636e-02 5.66400030e-02 4.84475211e-02
 5.93269642e-01 3.44041021e-02 2.13003878e-01 2.84392721e-01
 7.42627827e-05 6.11747536e-06 1.31177054e-04 1.28361161e-05
 2.83153700e-04 1.24133746e-06 9.51605429e-01 5.61727670e-02
 8.70978675e-01 2.89136494e-02 1.91465368e+00 3.02252928e-02
 1.68842112e+00 2.06002326e-01 2.51362351e+00 4.30580922e-01
 5.38854628e+00 1.07639214e+00]
train  L_V                   = +0.0000 (0.0%)
 train    L_V_attractive      = +0.0000 (0.0%)
 train      L_V_attractive_charged      = +0.0000 (0.0%)
 train      L_V_attractive_neutral      = +0.0000 (0.0%)
 train    L_V_repulsive       = +0.0000 (0.0%)
 train      L_V_repulsive_charged       = +0.0000 (0.0%)
 train      L_V_repulsive_neutral       = +0.0000 (0.0%)
 train    L_charged_cluster   = +0.0000 (0.0%)
 train  L_beta              = -0.3333 (-14.8%)
 train    L_beta_noise        = +0.0000 (0.0%)
 train    L_beta_sig          = -0.9956 (-44.2%)
 train    L_beta_suppress     = +0.0000 (0.0%)
 train    L_beta_track        = +0.6623 (29.4%)
 train      L_beta_norms_term   = -0.9956 (-44.2%)
 train      L_beta_logbeta_term = +0.0000 (0.0%)
 train  L_E   = +2.5871 (114.8%)
 train    L_E_charge = +0.0000 (0.0%)
 train    L_E_cond = +1.3463 (59.7%)
 train    L_E_cluster = +1.2407 (55.1%)
 train    L_E_w_photon   = +0.0000 (0.0%)
 train    L_E_w_charged_hadron   = +0.0000 (0.0%)
 train    L_E_w_neutral_hadron   = +0.0000 (0.0%)
 train    L_E_w_muon     = +0.0000 (0.0%)
 train    L_E_w_electron = +0.0000 (0.0%)
learning rate :  [0.00039890465297888624, 0.00039563061276672447, 0.000390213750433216, 0.00038271341425563806, 0.0003732117794866986, 0.00036181294802527074, 0.000348641807854205, 0.0003338426647414537, 0.00031760148556057003, 0.00030002500000000004, 0.0002813769917830063, 0.00026183794802527076, 0.00024162194257901096, 0.00022095046623036733, 0.00020005, 0.00017914953376963274, 0.00015847805742098906, 0.0001382620519747293, 0.00011872300821699378, 0.00010007500000000005, 8.252233880412002e-05, 6.625733525854636e-05, 5.1458192145795003e-05, 3.8287051974729284e-05, 2.688822051330148e-05, 1.7386585744361935e-05, 9.886249566784053e-06, 4.469387233275552e-06, 1.1953470211137557e-06, 1.0000216881466588e-07, 0.0003990946109184883, 0.0003963866430176782, 0.0003919006200742188, 0.0003856771682065637, 0.00037777264795855195, 0.0003682586438895947, 0.00035722131629382036, 0.00034476062091910877, 0.0003309894037523598, 0.00031603237906876113, 0.00030002500000000004, 0.0002831122318497272, 0.00026544723926531853, 0.00024718999915511003, 0.00022850585191274341, 0.00020956400406895733, 0.00019053599593104275, 0.00017159414808725666, 0.00015291000084489, 0.00013465276073468155, 0.00011698776815027284, 0.00010007500000000005, 8.406762093123896e-05, 6.911059624764027e-05, 5.5339379080891216e-05, 4.287868370617969e-05, 3.18413561104053e-05, 2.2327352041448074e-05, 1.4422831793436292e-05, 8.199379925781274e-06, 3.713356982321794e-06, 1.0053890815117365e-06, 1e-07, 0.0003992796778340782, 0.0003971239012740243, 0.00039354820273935316, 0.0003885783452199438, 0.00038225013665310777, 0.0003746091719265796, 0.00036571050436630625, 0.00035563324889749745]
train loss :  3.2537808418273926
test   L_V                   = +0.0000 (0.0%)
    L_V_attractive      = +0.0000 (0.0%)
      L_V_attractive_charged      = +0.0000 (0.0%)
      L_V_attractive_neutral      = +0.0000 (0.0%)
    L_V_repulsive       = +0.0000 (0.0%)
      L_V_repulsive_charged       = +0.0000 (0.0%)
      L_V_repulsive_neutral       = +0.0000 (0.0%)
    L_charged_cluster   = +0.0000 (0.0%)
  L_beta              = -0.3584 (-15.0%)
    L_beta_noise        = +0.0000 (0.0%)
    L_beta_sig          = -0.9954 (-41.7%)
    L_beta_suppress     = +0.0000 (0.0%)
    L_beta_track        = +0.6370 (26.7%)
      L_beta_norms_term   = -0.9954 (-41.7%)
      L_beta_logbeta_term = +0.0000 (0.0%)
  L_E   = +2.7467 (115.0%)
    L_E_charge = +0.0000 (0.0%)
    L_E_cond = +1.4526 (60.8%)
    L_E_cluster = +1.2941 (54.2%)
    L_E_w_photon   = +0.0000 (0.0%)
    L_E_w_charged_hadron   = +0.0000 (0.0%)
    L_E_w_neutral_hadron   = +0.0000 (0.0%)
    L_E_w_muon     = +0.0000 (0.0%)
    L_E_w_electron = +0.0000 (0.0%)
Epoch 70
Pretraining energy response (E_pred / E_true) by true-energy bin:
  1-50 GeV: n=22369 Mean=1.352561 Std=0.949801 RMS90=0.332490
  50-150 GeV: n=21867 Mean=0.931791 Std=0.203829 RMS90=0.149010
  >150 GeV: n=70 Mean=0.828465 Std=0.213765 RMS90=0.181126
Pretraining energy response by particle species:
  Neutron: n=11095 Mean=0.967837 Std=0.131226 RMS90=0.084133
  K0: n=11257 Mean=1.022496 Std=0.144477 RMS90=0.083550
  Photon: n=6167 Mean=1.064170 Std=0.085231 RMS90=0.044155
  Pion: n=13008 Mean=1.366457 Std=1.151718 RMS90=0.515199
  Electron: n=782 Mean=1.622491 Std=1.409734 RMS90=0.651914
  Muon: n=1998 Mean=1.419579 Std=1.061963 RMS90=0.454242
Returning 3.3883047103881836
Training epoch 71
[4.37741417e-01 2.78154889e-01 3.62177746e+00 6.74266000e-02
 2.05829834e-01 3.54370072e-08 1.57065160e+00 5.48090544e-02
 2.26160952e+00 1.18173213e-08 2.10949369e-01 1.21970399e-01
 1.74728160e+00 1.09831411e-01 1.86479015e-01 1.15370595e-01
 1.60022732e+00 1.07010402e-01 3.01873383e+00 7.94436435e-02
 2.27061694e-01 4.29723929e-02 1.24131346e-01 5.04947550e-09
 1.38929237e-01 6.73516033e-03 1.17663720e-01 1.71376395e-09
 1.73815142e-02 2.65930400e-02 1.09984038e-01 1.12876307e-02
 1.72539489e-02 2.62494120e-02 7.28353443e-02 8.37111320e-03
 6.85804270e-02 4.04714737e-03 2.32423010e-02 1.35572551e-02
 5.27208625e-03 7.23617531e-10 2.59227924e-02 6.58691858e-04
 2.08882877e-02 2.72123298e-10 3.00819117e-03 5.56423625e-03
 7.01934401e-03 9.95569832e-04 7.02967395e-04 1.02561319e-03
 2.02852653e-03 2.14238878e-04 4.92624405e-03 2.83859016e-04
 1.46752081e-02 1.10471856e-02 7.49090416e-05 8.51369222e-12
 8.09505940e-04 3.86644803e-05 1.21938497e-03 1.81717056e-11
 7.58016583e-05 4.64164678e-04 2.53767050e-04 9.15947769e-05
 3.94974468e-05 1.13265332e-04 3.85618947e-04 4.89103534e-05
 1.60635957e-03 6.45215366e-05 1.50213796e-02 1.00684608e-02
 5.66416967e-05 1.72134366e-06 4.43557142e-06 3.55031890e-06
 1.77211504e-05 9.61657266e-07 1.69728283e-06 2.11049631e-06
 9.22836836e-06 4.93868833e-07 1.80431440e-06 1.49700689e-06
 2.27124261e-05 9.72717477e-07 4.00824642e-06 2.49242281e-06
 1.09903284e+00 2.23027602e-02 5.22316896e-02 3.40138043e-02
 4.28329409e-01 2.30403241e-02 5.43051698e-02 6.06750576e-02
 4.62254268e-01 2.99488405e-02 7.30101256e-02 1.17620977e-01
 6.85509136e-01 4.79309637e-02 1.97490733e-01 1.99335257e-01
 6.96090160e-01 2.49680264e-02 4.42185764e-02 2.79576784e-02
 4.59031562e-01 2.13515920e-02 3.83836968e-02 2.59583463e-02
 4.21795704e-01 1.86142862e-02 5.89668192e-02 4.92022224e-02
 6.00275092e-01 3.48070648e-02 2.16905253e-01 2.83811262e-01
 6.62196058e-05 3.37767518e-06 1.36686029e-04 7.33820412e-06
 4.86393568e-04 5.37109714e-07 9.53601452e-01 5.27659798e-02
 8.68286388e-01 2.72245048e-02 1.82123793e+00 2.82870395e-02
 1.74452240e+00 2.05137900e-01 2.55685643e+00 4.29083605e-01
 5.39701990e+00 1.07181413e+00]
train  L_V                   = +0.0000 (0.0%)
 train    L_V_attractive      = +0.0000 (0.0%)
 train      L_V_attractive_charged      = +0.0000 (0.0%)
 train      L_V_attractive_neutral      = +0.0000 (0.0%)
 train    L_V_repulsive       = +0.0000 (0.0%)
 train      L_V_repulsive_charged       = +0.0000 (0.0%)
 train      L_V_repulsive_neutral       = +0.0000 (0.0%)
 train    L_charged_cluster   = +0.0000 (0.0%)
 train  L_beta              = -0.3328 (-14.9%)
 train    L_beta_noise        = +0.0000 (0.0%)
 train    L_beta_sig          = -0.9956 (-44.4%)
 train    L_beta_suppress     = +0.0000 (0.0%)
 train    L_beta_track        = +0.6628 (29.6%)
 train      L_beta_norms_term   = -0.9956 (-44.4%)
 train      L_beta_logbeta_term = +0.0000 (0.0%)
 train  L_E   = +2.5734 (114.9%)
 train    L_E_charge = +0.0000 (0.0%)
 train    L_E_cond = +1.3396 (59.8%)
 train    L_E_cluster = +1.2339 (55.1%)
 train    L_E_w_photon   = +0.0000 (0.0%)
 train    L_E_w_charged_hadron   = +0.0000 (0.0%)
 train    L_E_w_neutral_hadron   = +0.0000 (0.0%)
 train    L_E_w_muon     = +0.0000 (0.0%)
 train    L_E_w_electron = +0.0000 (0.0%)
learning rate :  [0.00039890465297888624, 0.00039563061276672447, 0.000390213750433216, 0.00038271341425563806, 0.0003732117794866986, 0.00036181294802527074, 0.000348641807854205, 0.0003338426647414537, 0.00031760148556057003, 0.00030002500000000004, 0.0002813769917830063, 0.00026183794802527076, 0.00024162194257901096, 0.00022095046623036733, 0.00020005, 0.00017914953376963274, 0.00015847805742098906, 0.0001382620519747293, 0.00011872300821699378, 0.00010007500000000005, 8.252233880412002e-05, 6.625733525854636e-05, 5.1458192145795003e-05, 3.8287051974729284e-05, 2.688822051330148e-05, 1.7386585744361935e-05, 9.886249566784053e-06, 4.469387233275552e-06, 1.1953470211137557e-06, 1.0000216881466588e-07, 0.0003990946109184883, 0.0003963866430176782, 0.0003919006200742188, 0.0003856771682065637, 0.00037777264795855195, 0.0003682586438895947, 0.00035722131629382036, 0.00034476062091910877, 0.0003309894037523598, 0.00031603237906876113, 0.00030002500000000004, 0.0002831122318497272, 0.00026544723926531853, 0.00024718999915511003, 0.00022850585191274341, 0.00020956400406895733, 0.00019053599593104275, 0.00017159414808725666, 0.00015291000084489, 0.00013465276073468155, 0.00011698776815027284, 0.00010007500000000005, 8.406762093123896e-05, 6.911059624764027e-05, 5.5339379080891216e-05, 4.287868370617969e-05, 3.18413561104053e-05, 2.2327352041448074e-05, 1.4422831793436292e-05, 8.199379925781274e-06, 3.713356982321794e-06, 1.0053890815117365e-06, 1e-07, 0.0003992796778340782, 0.0003971239012740243, 0.00039354820273935316, 0.0003885783452199438, 0.00038225013665310777, 0.0003746091719265796, 0.00036571050436630625, 0.00035563324889749745, 0.00034440512098620716]
train loss :  3.24061918258667
test   L_V                   = +0.0000 (0.0%)
    L_V_attractive      = +0.0000 (0.0%)
      L_V_attractive_charged      = +0.0000 (0.0%)
      L_V_attractive_neutral      = +0.0000 (0.0%)
    L_V_repulsive       = +0.0000 (0.0%)
      L_V_repulsive_charged       = +0.0000 (0.0%)
      L_V_repulsive_neutral       = +0.0000 (0.0%)
    L_charged_cluster   = +0.0000 (0.0%)
  L_beta              = -0.3584 (-14.1%)
    L_beta_noise        = +0.0000 (0.0%)
    L_beta_sig          = -0.9954 (-39.1%)
    L_beta_suppress     = +0.0000 (0.0%)
    L_beta_track        = +0.6370 (25.0%)
      L_beta_norms_term   = -0.9954 (-39.1%)
      L_beta_logbeta_term = +0.0000 (0.0%)
  L_E   = +2.9017 (114.1%)
    L_E_charge = +0.0000 (0.0%)
    L_E_cond = +1.6538 (65.0%)
    L_E_cluster = +1.2479 (49.1%)
    L_E_w_photon   = +0.0000 (0.0%)
    L_E_w_charged_hadron   = +0.0000 (0.0%)
    L_E_w_neutral_hadron   = +0.0000 (0.0%)
    L_E_w_muon     = +0.0000 (0.0%)
    L_E_w_electron = +0.0000 (0.0%)
Epoch 71
Pretraining energy response (E_pred / E_true) by true-energy bin:
  1-50 GeV: n=22369 Mean=1.607054 Std=1.736283 RMS90=0.450380
  50-150 GeV: n=21867 Mean=0.924329 Std=0.200391 RMS90=0.142753
  >150 GeV: n=70 Mean=0.877124 Std=0.163858 RMS90=0.121177
Pretraining energy response by particle species:
  Neutron: n=11095 Mean=0.970338 Std=0.128958 RMS90=0.078496
  K0: n=11257 Mean=1.024785 Std=0.161539 RMS90=0.081157
  Photon: n=6167 Mean=1.029207 Std=0.084605 RMS90=0.040291
  Pion: n=13008 Mean=1.741737 Std=2.033254 RMS90=0.721948
  Electron: n=782 Mean=2.324416 Std=2.886331 RMS90=0.997555
  Muon: n=1998 Mean=1.552204 Std=1.833166 RMS90=0.389460
Returning 3.5432982444763184
Training epoch 72
[4.58181356e-01 2.69984999e-01 3.61294196e+00 6.72654935e-02
 1.88590804e-01 3.39318231e-08 1.54488165e+00 5.45052921e-02
 2.21975824e+00 1.11610608e-08 2.09844315e-01 1.27679740e-01
 1.72497890e+00 1.10263949e-01 1.83433478e-01 1.11366848e-01
 1.55531744e+00 1.03549307e-01 3.02056732e+00 7.60050700e-02
 2.21636616e-01 4.38117210e-02 7.30528203e-02 2.97916195e-09
 4.77483063e-02 4.63597554e-03 5.96191980e-02 8.83868934e-10
 8.10868625e-03 1.54196388e-02 3.47977837e-02 4.58663367e-03
 5.66220416e-03 1.00815203e-02 3.36219347e-02 4.12719638e-03
 5.49223124e-02 3.14091743e-03 1.94613800e-02 1.46273041e-02
 3.77977606e-03 4.83401273e-10 1.58446428e-02 8.34324855e-04
 1.30599613e-02 2.72586643e-10 1.44011527e-03 3.22609477e-03
 3.79492664e-03 6.13371267e-04 3.71306849e-04 6.76491460e-04
 1.08616709e-03 1.41443011e-04 3.18952530e-03 1.82422178e-04
 1.07484792e-02 1.11969035e-02 1.40338569e-05 1.29034206e-12
 2.21758413e-04 5.11540439e-06 2.71639470e-04 2.92166452e-12
 1.64837909e-05 5.91091577e-05 7.18883309e-05 1.25069693e-05
 7.55325205e-06 1.87033663e-05 6.59473567e-05 9.28035738e-06
 2.74287306e-04 1.60417358e-05 1.05690111e-02 1.03145904e-02
 6.42003811e-06 1.79989088e-07 4.40775465e-07 3.18022809e-07
 2.86828222e-06 1.28210890e-07 3.16164191e-07 3.47932373e-07
 2.91917182e-06 1.18767576e-07 3.87762020e-07 2.87305974e-07
 6.14382176e-06 2.50936573e-07 1.22243437e-06 1.05620815e-06
 1.02813380e+00 2.42048312e-02 5.35471093e-02 4.16767797e-02
 4.39949182e-01 2.70720348e-02 5.83161720e-02 6.42154005e-02
 4.98133128e-01 3.18395427e-02 7.96078321e-02 1.24298016e-01
 7.39589086e-01 5.03174134e-02 2.11109515e-01 2.19431753e-01
 6.71589311e-01 2.37578515e-02 4.02571402e-02 2.67692814e-02
 4.34699472e-01 2.02001633e-02 3.62348252e-02 2.56863425e-02
 3.97290885e-01 1.81129965e-02 5.63122276e-02 4.85232619e-02
 5.66897900e-01 3.38791565e-02 2.16775042e-01 2.85124968e-01
 2.09989241e-05 1.06787254e-06 2.66842471e-05 1.29352923e-06
 8.01497832e-05 2.15317657e-07 1.02543606e+00 5.86027323e-02
 9.05665269e-01 3.01721079e-02 1.94565537e+00 3.13033780e-02
 1.67858283e+00 2.03953214e-01 2.52408909e+00 4.35545123e-01
 5.48773611e+00 1.10642674e+00]
train  L_V                   = +0.0000 (0.0%)
 train    L_V_attractive      = +0.0000 (0.0%)
 train      L_V_attractive_charged      = +0.0000 (0.0%)
 train      L_V_attractive_neutral      = +0.0000 (0.0%)
 train    L_V_repulsive       = +0.0000 (0.0%)
 train      L_V_repulsive_charged       = +0.0000 (0.0%)
 train      L_V_repulsive_neutral       = +0.0000 (0.0%)
 train    L_charged_cluster   = +0.0000 (0.0%)
 train  L_beta              = -0.3335 (-15.2%)
 train    L_beta_noise        = +0.0000 (0.0%)
 train    L_beta_sig          = -0.9956 (-45.4%)
 train    L_beta_suppress     = +0.0000 (0.0%)
 train    L_beta_track        = +0.6621 (30.2%)
 train      L_beta_norms_term   = -0.9956 (-45.4%)
 train      L_beta_logbeta_term = +0.0000 (0.0%)
 train  L_E   = +2.5254 (115.2%)
 train    L_E_charge = +0.0000 (0.0%)
 train    L_E_cond = +1.3138 (59.9%)
 train    L_E_cluster = +1.2116 (55.3%)
 train    L_E_w_photon   = +0.0000 (0.0%)
 train    L_E_w_charged_hadron   = +0.0000 (0.0%)
 train    L_E_w_neutral_hadron   = +0.0000 (0.0%)
 train    L_E_w_muon     = +0.0000 (0.0%)
 train    L_E_w_electron = +0.0000 (0.0%)
learning rate :  [0.00039890465297888624, 0.00039563061276672447, 0.000390213750433216, 0.00038271341425563806, 0.0003732117794866986, 0.00036181294802527074, 0.000348641807854205, 0.0003338426647414537, 0.00031760148556057003, 0.00030002500000000004, 0.0002813769917830063, 0.00026183794802527076, 0.00024162194257901096, 0.00022095046623036733, 0.00020005, 0.00017914953376963274, 0.00015847805742098906, 0.0001382620519747293, 0.00011872300821699378, 0.00010007500000000005, 8.252233880412002e-05, 6.625733525854636e-05, 5.1458192145795003e-05, 3.8287051974729284e-05, 2.688822051330148e-05, 1.7386585744361935e-05, 9.886249566784053e-06, 4.469387233275552e-06, 1.1953470211137557e-06, 1.0000216881466588e-07, 0.0003990946109184883, 0.0003963866430176782, 0.0003919006200742188, 0.0003856771682065637, 0.00037777264795855195, 0.0003682586438895947, 0.00035722131629382036, 0.00034476062091910877, 0.0003309894037523598, 0.00031603237906876113, 0.00030002500000000004, 0.0002831122318497272, 0.00026544723926531853, 0.00024718999915511003, 0.00022850585191274341, 0.00020956400406895733, 0.00019053599593104275, 0.00017159414808725666, 0.00015291000084489, 0.00013465276073468155, 0.00011698776815027284, 0.00010007500000000005, 8.406762093123896e-05, 6.911059624764027e-05, 5.5339379080891216e-05, 4.287868370617969e-05, 3.18413561104053e-05, 2.2327352041448074e-05, 1.4422831793436292e-05, 8.199379925781274e-06, 3.713356982321794e-06, 1.0053890815117365e-06, 1e-07, 0.0003992796778340782, 0.0003971239012740243, 0.00039354820273935316, 0.0003885783452199438, 0.00038225013665310777, 0.0003746091719265796, 0.00036571050436630625, 0.00035563324889749745, 0.00034440512098620716, 0.0003321519109418468]
train loss :  3.1919405460357666
test   L_V                   = +0.0000 (0.0%)
    L_V_attractive      = +0.0000 (0.0%)
      L_V_attractive_charged      = +0.0000 (0.0%)
      L_V_attractive_neutral      = +0.0000 (0.0%)
    L_V_repulsive       = +0.0000 (0.0%)
      L_V_repulsive_charged       = +0.0000 (0.0%)
      L_V_repulsive_neutral       = +0.0000 (0.0%)
    L_charged_cluster   = +0.0000 (0.0%)
  L_beta              = -0.3584 (-14.3%)
    L_beta_noise        = +0.0000 (0.0%)
    L_beta_sig          = -0.9954 (-39.8%)
    L_beta_suppress     = +0.0000 (0.0%)
    L_beta_track        = +0.6370 (25.4%)
      L_beta_norms_term   = -0.9954 (-39.8%)
      L_beta_logbeta_term = +0.0000 (0.0%)
  L_E   = +2.8617 (114.3%)
    L_E_charge = +0.0000 (0.0%)
    L_E_cond = +1.6387 (65.5%)
    L_E_cluster = +1.2230 (48.9%)
    L_E_w_photon   = +0.0000 (0.0%)
    L_E_w_charged_hadron   = +0.0000 (0.0%)
    L_E_w_neutral_hadron   = +0.0000 (0.0%)
    L_E_w_muon     = +0.0000 (0.0%)
    L_E_w_electron = +0.0000 (0.0%)
Epoch 72
Pretraining energy response (E_pred / E_true) by true-energy bin:
  1-50 GeV: n=22369 Mean=1.456828 Std=1.102877 RMS90=0.481813
  50-150 GeV: n=21867 Mean=0.900183 Std=0.192676 RMS90=0.135432
  >150 GeV: n=70 Mean=0.849023 Std=0.168481 RMS90=0.143950
Pretraining energy response by particle species:
  Neutron: n=11095 Mean=0.956408 Std=0.128711 RMS90=0.079964
  K0: n=11257 Mean=1.006702 Std=0.149536 RMS90=0.081418
  Photon: n=6167 Mean=0.984854 Std=0.069235 RMS90=0.042086
  Pion: n=13008 Mean=1.553132 Std=1.341578 RMS90=0.725827
  Electron: n=782 Mean=1.825783 Std=1.515191 RMS90=0.909471
  Muon: n=1998 Mean=1.343676 Std=1.110782 RMS90=0.391446
Returning 3.5032262802124023
Training epoch 73
[4.95150011e-01 2.64326498e-01 3.80507639e+00 6.71536037e-02
 1.87052291e-01 3.41133292e-08 1.55785350e+00 5.42936601e-02
 2.26219690e+00 1.16166868e-08 2.23630080e-01 1.29981565e-01
 1.75669606e+00 1.11069347e-01 1.87209749e-01 1.14572008e-01
 1.59258738e+00 1.05640727e-01 3.08104841e+00 7.52725494e-02
 2.30350216e-01 4.13869278e-02 7.88813419e-02 3.24372130e-09
 5.39372808e-02 4.44008490e-03 6.81996718e-02 9.24744622e-10
 7.53243375e-03 1.59230256e-02 2.76494252e-02 3.94098587e-03
 4.09580301e-03 8.08511616e-03 2.59427605e-02 3.39383444e-03
 5.46875503e-02 3.10572847e-03 2.05804401e-02 1.41377508e-02
 4.37135069e-03 2.61488446e-10 2.42121988e-02 6.30751798e-04
 1.57603685e-02 3.92497565e-10 2.10560910e-03 5.80809750e-03
 5.20568570e-03 1.08663126e-03 4.71058975e-04 1.52642288e-03
 1.22728832e-03 3.02514340e-04 4.57473064e-03 3.01620195e-04
 1.05346142e-02 1.09942189e-02 5.51089796e-05 4.50536835e-12
 1.63437246e-04 8.70873808e-06 1.98992744e-04 5.33077036e-12
 1.44210650e-05 5.02379318e-05 7.90499641e-05 1.37993378e-05
 1.10330826e-05 2.70078385e-05 1.35918053e-04 2.05700260e-05
 6.41312176e-04 3.61794174e-05 9.99488767e-03 1.02693482e-02
 3.67391686e-05 7.84836377e-07 2.16880043e-06 1.95354078e-06
 1.35855911e-05 6.46559253e-07 1.23068404e-06 8.23785392e-07
 1.52799088e-05 3.43456903e-07 1.43387068e-06 1.22566361e-06
 2.51739439e-05 9.16937254e-07 4.93129699e-06 2.48889354e-06
 1.03128990e+00 2.28626685e-02 5.46320281e-02 4.09875541e-02
 4.56349786e-01 2.71465386e-02 6.07320156e-02 6.30829144e-02
 5.14191479e-01 3.21763636e-02 8.25863833e-02 1.25457610e-01
 7.55816206e-01 5.08738077e-02 2.07806898e-01 2.20788420e-01
 6.67596796e-01 2.35441363e-02 4.02591654e-02 2.75296704e-02
 4.25441823e-01 2.03725872e-02 3.56799062e-02 2.71115977e-02
 3.82445233e-01 1.82199629e-02 5.36044888e-02 4.92841665e-02
 5.49342003e-01 3.32470588e-02 2.11364774e-01 2.79328652e-01
 7.51575975e-05 2.99797077e-06 1.00002022e-04 3.12702174e-06
 2.72201787e-04 1.57833911e-07 9.81948194e-01 5.93055653e-02
 8.49828963e-01 3.06510620e-02 1.88081492e+00 3.19513657e-02
 1.65214204e+00 1.98235060e-01 2.47052399e+00 4.23107079e-01
 5.33630581e+00 1.07998494e+00]
train  L_V                   = +0.0000 (0.0%)
 train    L_V_attractive      = +0.0000 (0.0%)
 train      L_V_attractive_charged      = +0.0000 (0.0%)
 train      L_V_attractive_neutral      = +0.0000 (0.0%)
 train    L_V_repulsive       = +0.0000 (0.0%)
 train      L_V_repulsive_charged       = +0.0000 (0.0%)
 train      L_V_repulsive_neutral       = +0.0000 (0.0%)
 train    L_charged_cluster   = +0.0000 (0.0%)
 train  L_beta              = -0.3334 (-15.2%)
 train    L_beta_noise        = +0.0000 (0.0%)
 train    L_beta_sig          = -0.9956 (-45.3%)
 train    L_beta_suppress     = +0.0000 (0.0%)
 train    L_beta_track        = +0.6622 (30.2%)
 train      L_beta_norms_term   = -0.9956 (-45.3%)
 train      L_beta_logbeta_term = +0.0000 (0.0%)
 train  L_E   = +2.5288 (115.2%)
 train    L_E_charge = +0.0000 (0.0%)
 train    L_E_cond = +1.3180 (60.0%)
 train    L_E_cluster = +1.2108 (55.1%)
 train    L_E_w_photon   = +0.0000 (0.0%)
 train    L_E_w_charged_hadron   = +0.0000 (0.0%)
 train    L_E_w_neutral_hadron   = +0.0000 (0.0%)
 train    L_E_w_muon     = +0.0000 (0.0%)
 train    L_E_w_electron = +0.0000 (0.0%)
learning rate :  [0.00039890465297888624, 0.00039563061276672447, 0.000390213750433216, 0.00038271341425563806, 0.0003732117794866986, 0.00036181294802527074, 0.000348641807854205, 0.0003338426647414537, 0.00031760148556057003, 0.00030002500000000004, 0.0002813769917830063, 0.00026183794802527076, 0.00024162194257901096, 0.00022095046623036733, 0.00020005, 0.00017914953376963274, 0.00015847805742098906, 0.0001382620519747293, 0.00011872300821699378, 0.00010007500000000005, 8.252233880412002e-05, 6.625733525854636e-05, 5.1458192145795003e-05, 3.8287051974729284e-05, 2.688822051330148e-05, 1.7386585744361935e-05, 9.886249566784053e-06, 4.469387233275552e-06, 1.1953470211137557e-06, 1.0000216881466588e-07, 0.0003990946109184883, 0.0003963866430176782, 0.0003919006200742188, 0.0003856771682065637, 0.00037777264795855195, 0.0003682586438895947, 0.00035722131629382036, 0.00034476062091910877, 0.0003309894037523598, 0.00031603237906876113, 0.00030002500000000004, 0.0002831122318497272, 0.00026544723926531853, 0.00024718999915511003, 0.00022850585191274341, 0.00020956400406895733, 0.00019053599593104275, 0.00017159414808725666, 0.00015291000084489, 0.00013465276073468155, 0.00011698776815027284, 0.00010007500000000005, 8.406762093123896e-05, 6.911059624764027e-05, 5.5339379080891216e-05, 4.287868370617969e-05, 3.18413561104053e-05, 2.2327352041448074e-05, 1.4422831793436292e-05, 8.199379925781274e-06, 3.713356982321794e-06, 1.0053890815117365e-06, 1e-07, 0.0003992796778340782, 0.0003971239012740243, 0.00039354820273935316, 0.0003885783452199438, 0.00038225013665310777, 0.0003746091719265796, 0.00036571050436630625, 0.00035563324889749745, 0.00034440512098620716, 0.0003321519109418468, 0.0003189469036020421]
train loss :  3.1954517364501953
test   L_V                   = +0.0000 (0.0%)
    L_V_attractive      = +0.0000 (0.0%)
      L_V_attractive_charged      = +0.0000 (0.0%)
      L_V_attractive_neutral      = +0.0000 (0.0%)
    L_V_repulsive       = +0.0000 (0.0%)
      L_V_repulsive_charged       = +0.0000 (0.0%)
      L_V_repulsive_neutral       = +0.0000 (0.0%)
    L_charged_cluster   = +0.0000 (0.0%)
  L_beta              = -0.3584 (-15.9%)
    L_beta_noise        = +0.0000 (0.0%)
    L_beta_sig          = -0.9954 (-44.2%)
    L_beta_suppress     = +0.0000 (0.0%)
    L_beta_track        = +0.6370 (28.3%)
      L_beta_norms_term   = -0.9954 (-44.2%)
      L_beta_logbeta_term = +0.0000 (0.0%)
  L_E   = +2.6111 (115.9%)
    L_E_charge = +0.0000 (0.0%)
    L_E_cond = +1.4619 (64.9%)
    L_E_cluster = +1.1492 (51.0%)
    L_E_w_photon   = +0.0000 (0.0%)
    L_E_w_charged_hadron   = +0.0000 (0.0%)
    L_E_w_neutral_hadron   = +0.0000 (0.0%)
    L_E_w_muon     = +0.0000 (0.0%)
    L_E_w_electron = +0.0000 (0.0%)
Epoch 73
Pretraining energy response (E_pred / E_true) by true-energy bin:
  1-50 GeV: n=22369 Mean=1.408350 Std=1.543399 RMS90=0.373484
  50-150 GeV: n=21867 Mean=0.983235 Std=0.252555 RMS90=0.161812
  >150 GeV: n=70 Mean=0.844349 Std=0.177708 RMS90=0.169174
Pretraining energy response by particle species:
  Neutron: n=11095 Mean=0.951223 Std=0.126294 RMS90=0.078967
  K0: n=11257 Mean=1.003263 Std=0.154278 RMS90=0.080385
  Photon: n=6167 Mean=0.991292 Std=0.073889 RMS90=0.040018
  Pion: n=13008 Mean=1.586880 Std=1.787219 RMS90=0.561659
  Electron: n=782 Mean=2.018514 Std=2.232377 RMS90=0.873034
  Muon: n=1998 Mean=1.443361 Std=1.842812 RMS90=0.351996
Returning 3.252652645111084
Training epoch 74
[6.09078462e-01 2.59580633e-01 3.84414276e+00 6.67146077e-02
 2.03443096e-01 4.22185652e-08 1.60612377e+00 5.49495356e-02
 2.30489695e+00 1.20616970e-08 2.38185363e-01 1.38180762e-01
 1.82718015e+00 1.17073864e-01 1.96192445e-01 1.23298522e-01
 1.70243009e+00 1.12547458e-01 3.14360598e+00 7.97392271e-02
 2.21284689e-01 4.92404080e-02 1.07272159e-01 4.54036991e-09
 9.66287951e-02 5.29249203e-03 1.07127742e-01 1.35410978e-09
 1.05151991e-02 1.91707414e-02 3.24615068e-02 4.31695053e-03
 4.57804859e-03 8.52072768e-03 3.03825268e-02 3.70516922e-03
 8.39377980e-02 4.69488503e-03 2.67524390e-02 1.81972494e-02
 5.74220925e-03 4.04356788e-10 4.15131306e-02 1.14375921e-03
 2.64704822e-02 6.19301884e-10 3.75011329e-03 9.65990221e-03
 9.94357992e-03 1.78485527e-03 1.04252165e-03 2.55265069e-03
 2.93219508e-03 5.11763356e-04 8.13160849e-03 5.14591216e-04
 1.10012194e-02 1.26206371e-02 7.12247468e-05 6.38897472e-12
 1.05486285e-03 3.74163557e-05 1.38568022e-03 4.23621663e-11
 1.10743779e-04 5.14418083e-04 6.19142465e-04 1.08036479e-04
 8.38688223e-05 2.30887569e-04 5.54973871e-04 7.85002284e-05
 1.56279519e-03 8.61767117e-05 1.05423385e-02 1.20824749e-02
 1.15684685e-04 2.07096202e-06 6.74944854e-06 6.77665619e-06
 4.22302169e-05 2.02941767e-06 3.70183413e-06 3.26672973e-06
 2.85344829e-05 8.36597083e-07 3.10418389e-06 2.03704783e-06
 3.47859335e-05 1.11392774e-06 5.94612752e-06 3.82809527e-06
 1.01816041e+00 2.79544594e-02 6.02790365e-02 4.04692421e-02
 5.26519076e-01 2.86859077e-02 6.55913859e-02 5.76528535e-02
 5.90514404e-01 3.21808356e-02 9.07677607e-02 1.12494804e-01
 8.41889625e-01 5.12805246e-02 1.98060309e-01 2.21095471e-01
 6.58582576e-01 2.46000973e-02 3.97537015e-02 2.77053344e-02
 4.11519679e-01 2.06055545e-02 3.62360884e-02 2.83731489e-02
 3.65653257e-01 1.85857421e-02 5.07261273e-02 5.09412819e-02
 5.11109065e-01 3.31512467e-02 2.06336896e-01 2.76965562e-01
 8.86522390e-05 4.15445002e-06 1.89869621e-04 6.67876492e-06
 5.75590424e-04 6.00787250e-07 9.08542393e-01 5.93194039e-02
 6.75460408e-01 2.84079601e-02 1.56083585e+00 2.90448154e-02
 1.55180526e+00 1.93538788e-01 2.39639409e+00 4.14575258e-01
 5.31981339e+00 1.06908374e+00]
train  L_V                   = +0.0000 (0.0%)
 train    L_V_attractive      = +0.0000 (0.0%)
 train      L_V_attractive_charged      = +0.0000 (0.0%)
 train      L_V_attractive_neutral      = +0.0000 (0.0%)
 train    L_V_repulsive       = +0.0000 (0.0%)
 train      L_V_repulsive_charged       = +0.0000 (0.0%)
 train      L_V_repulsive_neutral       = +0.0000 (0.0%)
 train    L_charged_cluster   = +0.0000 (0.0%)
 train  L_beta              = -0.3334 (-15.1%)
 train    L_beta_noise        = +0.0000 (0.0%)
 train    L_beta_sig          = -0.9956 (-45.2%)
 train    L_beta_suppress     = +0.0000 (0.0%)
 train    L_beta_track        = +0.6622 (30.0%)
 train      L_beta_norms_term   = -0.9956 (-45.2%)
 train      L_beta_logbeta_term = +0.0000 (0.0%)
 train  L_E   = +2.5382 (115.1%)
 train    L_E_charge = +0.0000 (0.0%)
 train    L_E_cond = +1.3201 (59.9%)
 train    L_E_cluster = +1.2181 (55.2%)
 train    L_E_w_photon   = +0.0000 (0.0%)
 train    L_E_w_charged_hadron   = +0.0000 (0.0%)
 train    L_E_w_neutral_hadron   = +0.0000 (0.0%)
 train    L_E_w_muon     = +0.0000 (0.0%)
 train    L_E_w_electron = +0.0000 (0.0%)
learning rate :  [0.00039890465297888624, 0.00039563061276672447, 0.000390213750433216, 0.00038271341425563806, 0.0003732117794866986, 0.00036181294802527074, 0.000348641807854205, 0.0003338426647414537, 0.00031760148556057003, 0.00030002500000000004, 0.0002813769917830063, 0.00026183794802527076, 0.00024162194257901096, 0.00022095046623036733, 0.00020005, 0.00017914953376963274, 0.00015847805742098906, 0.0001382620519747293, 0.00011872300821699378, 0.00010007500000000005, 8.252233880412002e-05, 6.625733525854636e-05, 5.1458192145795003e-05, 3.8287051974729284e-05, 2.688822051330148e-05, 1.7386585744361935e-05, 9.886249566784053e-06, 4.469387233275552e-06, 1.1953470211137557e-06, 1.0000216881466588e-07, 0.0003990946109184883, 0.0003963866430176782, 0.0003919006200742188, 0.0003856771682065637, 0.00037777264795855195, 0.0003682586438895947, 0.00035722131629382036, 0.00034476062091910877, 0.0003309894037523598, 0.00031603237906876113, 0.00030002500000000004, 0.0002831122318497272, 0.00026544723926531853, 0.00024718999915511003, 0.00022850585191274341, 0.00020956400406895733, 0.00019053599593104275, 0.00017159414808725666, 0.00015291000084489, 0.00013465276073468155, 0.00011698776815027284, 0.00010007500000000005, 8.406762093123896e-05, 6.911059624764027e-05, 5.5339379080891216e-05, 4.287868370617969e-05, 3.18413561104053e-05, 2.2327352041448074e-05, 1.4422831793436292e-05, 8.199379925781274e-06, 3.713356982321794e-06, 1.0053890815117365e-06, 1e-07, 0.0003992796778340782, 0.0003971239012740243, 0.00039354820273935316, 0.0003885783452199438, 0.00038225013665310777, 0.0003746091719265796, 0.00036571050436630625, 0.00035563324889749745, 0.00034440512098620716, 0.0003321519109418468, 0.0003189469036020421, 0.0003048852413472685]
train loss :  3.204826593399048
test   L_V                   = +0.0000 (0.0%)
    L_V_attractive      = +0.0000 (0.0%)
      L_V_attractive_charged      = +0.0000 (0.0%)
      L_V_attractive_neutral      = +0.0000 (0.0%)
    L_V_repulsive       = +0.0000 (0.0%)
      L_V_repulsive_charged       = +0.0000 (0.0%)
      L_V_repulsive_neutral       = +0.0000 (0.0%)
    L_charged_cluster   = +0.0000 (0.0%)
  L_beta              = -0.3584 (-17.3%)
    L_beta_noise        = +0.0000 (0.0%)
    L_beta_sig          = -0.9954 (-48.0%)
    L_beta_suppress     = +0.0000 (0.0%)
    L_beta_track        = +0.6370 (30.7%)
      L_beta_norms_term   = -0.9954 (-48.0%)
      L_beta_logbeta_term = +0.0000 (0.0%)
  L_E   = +2.4301 (117.3%)
    L_E_charge = +0.0000 (0.0%)
    L_E_cond = +1.2341 (59.6%)
    L_E_cluster = +1.1960 (57.7%)
    L_E_w_photon   = +0.0000 (0.0%)
    L_E_w_charged_hadron   = +0.0000 (0.0%)
    L_E_w_neutral_hadron   = +0.0000 (0.0%)
    L_E_w_muon     = +0.0000 (0.0%)
    L_E_w_electron = +0.0000 (0.0%)
Epoch 74
Pretraining energy response (E_pred / E_true) by true-energy bin:
  1-50 GeV: n=22369 Mean=1.337959 Std=1.536790 RMS90=0.350962
  50-150 GeV: n=21867 Mean=1.032899 Std=0.288498 RMS90=0.162517
  >150 GeV: n=70 Mean=0.894405 Std=0.091565 RMS90=0.075255
Pretraining energy response by particle species:
  Neutron: n=11095 Mean=0.957493 Std=0.125848 RMS90=0.075251
  K0: n=11257 Mean=1.009960 Std=0.177376 RMS90=0.081315
  Photon: n=6167 Mean=1.008846 Std=0.120787 RMS90=0.039667
  Pion: n=13008 Mean=1.565960 Std=1.901191 RMS90=0.500606
  Electron: n=782 Mean=1.577107 Std=0.840867 RMS90=0.596724
  Muon: n=1998 Mean=1.383573 Std=1.467800 RMS90=0.382113
Returning 3.071666717529297
Training epoch 75
[4.59204144e-01 2.54583024e-01 3.49580228e+00 6.59161542e-02
 1.92697658e-01 3.10419577e-08 1.50977825e+00 5.40438611e-02
 2.13964866e+00 1.09672465e-08 2.13671037e-01 1.29093014e-01
 1.66979221e+00 1.07984958e-01 1.79309543e-01 1.05347875e-01
 1.54377343e+00 1.00754104e-01 3.02394755e+00 7.40417139e-02
 2.22229032e-01 3.98230214e-02 3.95665587e-02 2.42083795e-09
 4.96994014e-02 2.91865675e-03 6.21183777e-02 8.43574664e-10
 5.94727670e-03 1.20645440e-02 2.06231016e-02 3.05574245e-03
 3.25282759e-03 5.92591459e-03 1.90301840e-02 2.32349301e-03
 4.73218099e-02 2.63385931e-03 1.59910355e-02 1.33761812e-02
 1.68540972e-03 1.52020906e-10 8.60850242e-03 1.95265585e-04
 6.97424563e-03 7.43816475e-11 9.57333681e-04 2.09065154e-03
 2.65912550e-03 3.54919598e-04 3.13903682e-04 3.27008683e-04
 9.16406490e-04 7.49194432e-05 1.45655425e-03 8.48533642e-05
 8.78186567e-03 1.07963727e-02 1.80160183e-06 1.54957057e-13
 2.00830033e-05 1.46423678e-06 3.20165438e-05 6.27499561e-13
 2.77663451e-06 9.57630809e-06 2.00561759e-05 2.99524797e-06
 5.08071186e-06 6.49330179e-06 5.69708312e-05 5.16159022e-06
 1.85199403e-04 1.02544205e-05 8.97878850e-03 1.01147552e-02
 1.45043568e-05 2.39615274e-07 8.17324135e-07 5.31475531e-07
 7.59853953e-06 1.90130860e-07 5.28415107e-07 3.70912063e-07
 6.00346409e-06 1.28351567e-07 6.17358525e-07 5.57022412e-07
 1.01078806e-05 3.98240186e-07 2.12679897e-06 9.15923591e-07
 9.53141590e-01 2.25191569e-02 5.93638939e-02 4.13309660e-02
 4.73011364e-01 2.85751799e-02 6.28728531e-02 6.30286790e-02
 5.31695822e-01 3.21301523e-02 8.47957920e-02 1.23088180e-01
 7.84894077e-01 5.11093016e-02 2.07033093e-01 2.15891199e-01
 6.25899994e-01 2.30281346e-02 3.91344738e-02 2.92228267e-02
 4.16809269e-01 2.08823727e-02 3.60187747e-02 2.80810843e-02
 3.77574092e-01 1.83016516e-02 5.36431391e-02 5.11809400e-02
 5.40741144e-01 3.47256374e-02 2.22219098e-01 2.95583683e-01
 3.30250196e-05 1.33130455e-06 3.72441146e-05 5.73093556e-07
 1.27698088e-04 8.79074223e-08 9.94806351e-01 5.75272475e-02
 8.17331335e-01 2.85243079e-02 1.75861195e+00 2.90173975e-02
 1.66004900e+00 2.07709395e-01 2.59354879e+00 4.51234575e-01
 5.76133302e+00 1.16808786e+00]
train  L_V                   = +0.0000 (0.0%)
 train    L_V_attractive      = +0.0000 (0.0%)
 train      L_V_attractive_charged      = +0.0000 (0.0%)
 train      L_V_attractive_neutral      = +0.0000 (0.0%)
 train    L_V_repulsive       = +0.0000 (0.0%)
 train      L_V_repulsive_charged       = +0.0000 (0.0%)
 train      L_V_repulsive_neutral       = +0.0000 (0.0%)
 train    L_charged_cluster   = +0.0000 (0.0%)
 train  L_beta              = -0.3334 (-15.4%)
 train    L_beta_noise        = +0.0000 (0.0%)
 train    L_beta_sig          = -0.9956 (-45.9%)
 train    L_beta_suppress     = +0.0000 (0.0%)
 train    L_beta_track        = +0.6622 (30.5%)
 train      L_beta_norms_term   = -0.9956 (-45.9%)
 train      L_beta_logbeta_term = +0.0000 (0.0%)
 train  L_E   = +2.5010 (115.4%)
 train    L_E_charge = +0.0000 (0.0%)
 train    L_E_cond = +1.2976 (59.9%)
 train    L_E_cluster = +1.2034 (55.5%)
 train    L_E_w_photon   = +0.0000 (0.0%)
 train    L_E_w_charged_hadron   = +0.0000 (0.0%)
 train    L_E_w_neutral_hadron   = +0.0000 (0.0%)
 train    L_E_w_muon     = +0.0000 (0.0%)
 train    L_E_w_electron = +0.0000 (0.0%)
learning rate :  [0.00039890465297888624, 0.00039563061276672447, 0.000390213750433216, 0.00038271341425563806, 0.0003732117794866986, 0.00036181294802527074, 0.000348641807854205, 0.0003338426647414537, 0.00031760148556057003, 0.00030002500000000004, 0.0002813769917830063, 0.00026183794802527076, 0.00024162194257901096, 0.00022095046623036733, 0.00020005, 0.00017914953376963274, 0.00015847805742098906, 0.0001382620519747293, 0.00011872300821699378, 0.00010007500000000005, 8.252233880412002e-05, 6.625733525854636e-05, 5.1458192145795003e-05, 3.8287051974729284e-05, 2.688822051330148e-05, 1.7386585744361935e-05, 9.886249566784053e-06, 4.469387233275552e-06, 1.1953470211137557e-06, 1.0000216881466588e-07, 0.0003990946109184883, 0.0003963866430176782, 0.0003919006200742188, 0.0003856771682065637, 0.00037777264795855195, 0.0003682586438895947, 0.00035722131629382036, 0.00034476062091910877, 0.0003309894037523598, 0.00031603237906876113, 0.00030002500000000004, 0.0002831122318497272, 0.00026544723926531853, 0.00024718999915511003, 0.00022850585191274341, 0.00020956400406895733, 0.00019053599593104275, 0.00017159414808725666, 0.00015291000084489, 0.00013465276073468155, 0.00011698776815027284, 0.00010007500000000005, 8.406762093123896e-05, 6.911059624764027e-05, 5.5339379080891216e-05, 4.287868370617969e-05, 3.18413561104053e-05, 2.2327352041448074e-05, 1.4422831793436292e-05, 8.199379925781274e-06, 3.713356982321794e-06, 1.0053890815117365e-06, 1e-07, 0.0003992796778340782, 0.0003971239012740243, 0.00039354820273935316, 0.0003885783452199438, 0.00038225013665310777, 0.0003746091719265796, 0.00036571050436630625, 0.00035563324889749745, 0.00034440512098620716, 0.0003321519109418468, 0.0003189469036020421, 0.0003048852413472685, 0.00029006823877629376]
train loss :  3.1676251888275146
test   L_V                   = +0.0000 (0.0%)
    L_V_attractive      = +0.0000 (0.0%)
      L_V_attractive_charged      = +0.0000 (0.0%)
      L_V_attractive_neutral      = +0.0000 (0.0%)
    L_V_repulsive       = +0.0000 (0.0%)
      L_V_repulsive_charged       = +0.0000 (0.0%)
      L_V_repulsive_neutral       = +0.0000 (0.0%)
    L_charged_cluster   = +0.0000 (0.0%)
  L_beta              = -0.3584 (-15.2%)
    L_beta_noise        = +0.0000 (0.0%)
    L_beta_sig          = -0.9954 (-42.1%)
    L_beta_suppress     = +0.0000 (0.0%)
    L_beta_track        = +0.6370 (26.9%)
      L_beta_norms_term   = -0.9954 (-42.1%)
      L_beta_logbeta_term = +0.0000 (0.0%)
  L_E   = +2.7243 (115.2%)
    L_E_charge = +0.0000 (0.0%)
    L_E_cond = +1.5281 (64.6%)
    L_E_cluster = +1.1961 (50.6%)
    L_E_w_photon   = +0.0000 (0.0%)
    L_E_w_charged_hadron   = +0.0000 (0.0%)
    L_E_w_neutral_hadron   = +0.0000 (0.0%)
    L_E_w_muon     = +0.0000 (0.0%)
    L_E_w_electron = +0.0000 (0.0%)
Epoch 75
Pretraining energy response (E_pred / E_true) by true-energy bin:
  1-50 GeV: n=22369 Mean=1.288371 Std=0.922856 RMS90=0.291997
  50-150 GeV: n=21867 Mean=0.955776 Std=0.229695 RMS90=0.147166
  >150 GeV: n=70 Mean=0.858616 Std=0.171544 RMS90=0.140539
Pretraining energy response by particle species:
  Neutron: n=11095 Mean=0.971506 Std=0.127731 RMS90=0.077032
  K0: n=11257 Mean=1.028027 Std=0.163788 RMS90=0.081860
  Photon: n=6167 Mean=1.044799 Std=0.095590 RMS90=0.052508
  Pion: n=13008 Mean=1.327602 Std=1.180619 RMS90=0.477815
  Electron: n=782 Mean=1.455742 Std=0.875649 RMS90=0.560035
  Muon: n=1998 Mean=1.291109 Std=0.736847 RMS90=0.330572
Returning 3.365816831588745
